accuracy_difference,activation_policy,aggregation,candidate,ci95_high,ci95_low,clusters,comparator,corpus,dlogppl,draw,effect,family,form,json_pointer,k,map_sha256,matrix_id,mean_nll,method,model,p_adjusted,p_raw,policy,raw_ppl,raw_ppl_comparator,raw_ppl_method,reason,record_type,resolution,run_id,scope,selected_tiles,selected_weights,selector,source_path,source_sha256,stage,status,stream_label,tokens,type_block,windows
,four_over_six_rows,,,,,,,wiki,,,,,,,,,P01_ANCHOR_REPRO,1.9279499304938719,,llama8b,,,four_over_six,6.8754007343996815,,,,raw_ppl,,P01_anchor_llama8b_full_attempt1,,,,,runs/P01_anchor_llama8b_full_attempt1/ppl/ppl_report.json,fca39b33b2db74ce2cd51743fa96228d7eff819c519e3d32b86bc5a237167cff,,complete,,288627,null,
,four_over_six_rows,,,,,,,wiki,,,,,,,,0920f55ddc053a5f5a8b0d046d0b74a62d4abafcad5e36051d7682da961e1f2b,P01_ANCHOR_REPRO,1.92326091483662,,llama8b,,,n16_k3,6.843237338969587,,,,raw_ppl,,P01_anchor_llama8b_full_attempt1,,1781,1823744,,runs/P01_anchor_llama8b_full_attempt1/ppl/ppl_report.json,fca39b33b2db74ce2cd51743fa96228d7eff819c519e3d32b86bc5a237167cff,,complete,,288627,"[16, 64]",
,four_over_six_rows,,,,,,,wiki,,,,,,,,,P01_ANCHOR_REPRO,2.0610900399817313,,llama8b,,,four_over_six,7.854526894041561,,,,raw_ppl,,P01_anchor_llama8b_subset_attempt1,,,,,runs/P01_anchor_llama8b_subset_attempt1/ppl/ppl_report.json,690e6f0e2738d54284215021ae6923163c51d22ef9a37f460cfbbb55d3db1544,,complete,,8188,null,
,four_over_six_rows,,,,,,,wiki,,,,,,,,0920f55ddc053a5f5a8b0d046d0b74a62d4abafcad5e36051d7682da961e1f2b,P01_ANCHOR_REPRO,2.0593648955835695,,llama8b,,,n16_k3,7.840988382271653,,,,raw_ppl,,P01_anchor_llama8b_subset_attempt1,,1781,1823744,,runs/P01_anchor_llama8b_subset_attempt1/ppl/ppl_report.json,690e6f0e2738d54284215021ae6923163c51d22ef9a37f460cfbbb55d3db1544,,complete,,8188,"[16, 64]",
,four_over_six_rows,,,,,,,wiki,,,,,,,,,P01_ANCHOR_REPRO,1.708977147744794,,mistral7b,,,four_over_six,5.5233090581954585,,,,raw_ppl,,P01_anchor_mistral7b_full_attempt1,,,,,runs/P01_anchor_mistral7b_full_attempt1/ppl/ppl_report.json,6f5dd8bffb11aafd59aa16c15d495ada201ea031df43737ab93a13047ecde737,,complete,,333661,null,
,four_over_six_rows,,,,,,,wiki,,,,,,,,0c3d822a18d0480ca2aeff0abd78cf6e4ca3155bb207156a400fde124e1cf13d,P01_ANCHOR_REPRO,1.7050881772071924,,mistral7b,,,n16_k3,5.50187078542319,,,,raw_ppl,,P01_anchor_mistral7b_full_attempt1,,4179,4279296,,runs/P01_anchor_mistral7b_full_attempt1/ppl/ppl_report.json,6f5dd8bffb11aafd59aa16c15d495ada201ea031df43737ab93a13047ecde737,,complete,,333661,"[16, 64]",
,four_over_six_rows,,,,,,,wiki,,,,,,,,,P01_ANCHOR_REPRO,1.8626170782621378,,mistral7b,,,four_over_six,6.440570210901774,,,,raw_ppl,,P01_anchor_mistral7b_subset_attempt1,,,,,runs/P01_anchor_mistral7b_subset_attempt1/ppl/ppl_report.json,6c7c8fe4e643dc6b685a1dff94b8b47b6b1776867dbbdfff773ccc11bb86fc5e,,complete,,8188,null,
,four_over_six_rows,,,,,,,wiki,,,,,,,,0c3d822a18d0480ca2aeff0abd78cf6e4ca3155bb207156a400fde124e1cf13d,P01_ANCHOR_REPRO,1.86099980597986,,mistral7b,,,n16_k3,6.4301624735586955,,,,raw_ppl,,P01_anchor_mistral7b_subset_attempt1,,4179,4279296,,runs/P01_anchor_mistral7b_subset_attempt1/ppl/ppl_report.json,6c7c8fe4e643dc6b685a1dff94b8b47b6b1776867dbbdfff773ccc11bb86fc5e,,complete,,8188,"[16, 64]",
,four_over_six_rows,,,,,,,c4,,,,,,,,,P10_K2_BREADTH,2.3114703707758784,,olmo2_13b,,,four_over_six,10.089248690353495,,,,raw_ppl,,P10_k2_breadth_olmo2_13b_attempt1,,,,,runs/P10_k2_breadth_olmo2_13b_attempt1/ppl/ppl_report.json,d08c63035e994de621fb481c6aa60260a33df45cd87bb8bec83bebbea69ef8c3,,complete,,524032,null,
,four_over_six_rows,,,,,,,wiki,,,,,,,,,P10_K2_BREADTH,1.6763852778660542,,olmo2_13b,,,four_over_six,5.346195988750768,,,,raw_ppl,,P10_k2_breadth_olmo2_13b_attempt1,,,,,runs/P10_k2_breadth_olmo2_13b_attempt1/ppl/ppl_report.json,d08c63035e994de621fb481c6aa60260a33df45cd87bb8bec83bebbea69ef8c3,,complete,,288627,null,
,four_over_six_rows,,,,,,,c4,,,,,,,,67ce93a19713b660d102c8ff15bbd7a7cc26af9c0f33c504c011f691b9b86872,P10_K2_BREADTH,2.309973859766121,,olmo2_13b,,,n16_k2,10.074161310638862,,,,raw_ppl,,P10_k2_breadth_olmo2_13b_attempt1,,43519,44563456,,runs/P10_k2_breadth_olmo2_13b_attempt1/ppl/ppl_report.json,d08c63035e994de621fb481c6aa60260a33df45cd87bb8bec83bebbea69ef8c3,,complete,,524032,"[16, 64]",
,four_over_six_rows,,,,,,,wiki,,,,,,,,67ce93a19713b660d102c8ff15bbd7a7cc26af9c0f33c504c011f691b9b86872,P10_K2_BREADTH,1.6709759712282088,,olmo2_13b,,,n16_k2,5.3173548509065,,,,raw_ppl,,P10_k2_breadth_olmo2_13b_attempt1,,43519,44563456,,runs/P10_k2_breadth_olmo2_13b_attempt1/ppl/ppl_report.json,d08c63035e994de621fb481c6aa60260a33df45cd87bb8bec83bebbea69ef8c3,,complete,,288627,"[16, 64]",
,four_over_six_rows,,,,,,,c4,,,,,,,,4fa3e47a0c3a57b99f7afa92e57a3a21d75d3f7bfa60190015410693d36211b2,P10_K2_BREADTH,2.3103015754654916,,olmo2_13b,,,n8_k2,10.077463312487724,,,,raw_ppl,,P10_k2_breadth_olmo2_13b_attempt1,,83633,42820096,,runs/P10_k2_breadth_olmo2_13b_attempt1/ppl/ppl_report.json,d08c63035e994de621fb481c6aa60260a33df45cd87bb8bec83bebbea69ef8c3,,complete,,524032,"[8, 64]",
,four_over_six_rows,,,,,,,wiki,,,,,,,,4fa3e47a0c3a57b99f7afa92e57a3a21d75d3f7bfa60190015410693d36211b2,P10_K2_BREADTH,1.671059681027098,,olmo2_13b,,,n8_k2,5.317799984242442,,,,raw_ppl,,P10_k2_breadth_olmo2_13b_attempt1,,83633,42820096,,runs/P10_k2_breadth_olmo2_13b_attempt1/ppl/ppl_report.json,d08c63035e994de621fb481c6aa60260a33df45cd87bb8bec83bebbea69ef8c3,,complete,,288627,"[8, 64]",
,four_over_six_rows,,,,,,,c4,,,,,,,,,P10_K2_BREADTH,2.355984315913481,,phi4,,,four_over_six,10.548506816387418,,,,raw_ppl,,P10_k2_breadth_phi4_attempt2,,,,,runs/P10_k2_breadth_phi4_attempt2/ppl/ppl_report.json,64af9fb8402530d63c22f63bc9baf366e91d3f4005fddd0ee27eae174d9067f6,,complete,,524032,null,
,four_over_six_rows,,,,,,,wiki,,,,,,,,,P10_K2_BREADTH,1.8967367009464007,,phi4,,,four_over_six,6.6641119300295,,,,raw_ppl,,P10_k2_breadth_phi4_attempt2,,,,,runs/P10_k2_breadth_phi4_attempt2/ppl/ppl_report.json,64af9fb8402530d63c22f63bc9baf366e91d3f4005fddd0ee27eae174d9067f6,,complete,,288627,null,
,four_over_six_rows,,,,,,,c4,,,,,,,,64f8687117386572f021e0a773fc7819a626e31a94df3c092095f6dfdfc94307,P10_K2_BREADTH,2.348142806993092,,phi4,,,n16_k2,10.466114070006459,,,,raw_ppl,,P10_k2_breadth_phi4_attempt2,,54839,56155136,,runs/P10_k2_breadth_phi4_attempt2/ppl/ppl_report.json,64af9fb8402530d63c22f63bc9baf366e91d3f4005fddd0ee27eae174d9067f6,,complete,,524032,"[16, 64]",
,four_over_six_rows,,,,,,,wiki,,,,,,,,64f8687117386572f021e0a773fc7819a626e31a94df3c092095f6dfdfc94307,P10_K2_BREADTH,1.8849391854941897,,phi4,,,n16_k2,6.585953908303838,,,,raw_ppl,,P10_k2_breadth_phi4_attempt2,,54839,56155136,,runs/P10_k2_breadth_phi4_attempt2/ppl/ppl_report.json,64af9fb8402530d63c22f63bc9baf366e91d3f4005fddd0ee27eae174d9067f6,,complete,,288627,"[16, 64]",
,four_over_six_rows,,,,,,,c4,,,,,,,,776f35b4d5f3036863723aac5d391d77fe3f6ffabd470bcf2888a2d634fb842a,P10_K2_BREADTH,2.3476354997163704,,phi4,,,n8_k2,10.46080588073511,,,,raw_ppl,,P10_k2_breadth_phi4_attempt2,,106482,54518784,,runs/P10_k2_breadth_phi4_attempt2/ppl/ppl_report.json,64af9fb8402530d63c22f63bc9baf366e91d3f4005fddd0ee27eae174d9067f6,,complete,,524032,"[8, 64]",
,four_over_six_rows,,,,,,,wiki,,,,,,,,776f35b4d5f3036863723aac5d391d77fe3f6ffabd470bcf2888a2d634fb842a,P10_K2_BREADTH,1.885293528925543,,phi4,,,n8_k2,6.588288011323056,,,,raw_ppl,,P10_k2_breadth_phi4_attempt2,,106482,54518784,,runs/P10_k2_breadth_phi4_attempt2/ppl/ppl_report.json,64af9fb8402530d63c22f63bc9baf366e91d3f4005fddd0ee27eae174d9067f6,,complete,,288627,"[8, 64]",
,four_over_six_rows,,,,,,,c4,,,,,,,,,P10_K2_BREADTH,2.321344709932775,,qwen27b,,,four_over_six,10.189366840565677,,,,raw_ppl,,P10_k2_breadth_qwen27b_attempt1,,,,,runs/P10_k2_breadth_qwen27b_attempt1/ppl/ppl_report.json,98ade61a1e4eed95f8168dfcb2f04ad302840d25494fddd9cf7c52ff0207e7bb,,complete,,524032,null,
,four_over_six_rows,,,,,,,wiki,,,,,,,,,P10_K2_BREADTH,1.9856613166161625,,qwen27b,,,four_over_six,7.2838627324982586,,,,raw_ppl,,P10_k2_breadth_qwen27b_attempt1,,,,,runs/P10_k2_breadth_qwen27b_attempt1/ppl/ppl_report.json,98ade61a1e4eed95f8168dfcb2f04ad302840d25494fddd9cf7c52ff0207e7bb,,complete,,296815,null,
,four_over_six_rows,,,,,,,c4,,,,,,,,1f8f6df29c5ae4f12114541ba15d10832a9d4cde47167a99c9c4e93355ba4e97,P10_K2_BREADTH,2.3142747979060254,,qwen27b,,,n16_k2,10.117582965237812,,,,raw_ppl,,P10_k2_breadth_qwen27b_attempt1,,76633,78472192,,runs/P10_k2_breadth_qwen27b_attempt1/ppl/ppl_report.json,98ade61a1e4eed95f8168dfcb2f04ad302840d25494fddd9cf7c52ff0207e7bb,,complete,,524032,"[16, 64]",
,four_over_six_rows,,,,,,,wiki,,,,,,,,1f8f6df29c5ae4f12114541ba15d10832a9d4cde47167a99c9c4e93355ba4e97,P10_K2_BREADTH,1.965798824797951,,qwen27b,,,n16_k2,7.140614412341945,,,,raw_ppl,,P10_k2_breadth_qwen27b_attempt1,,76633,78472192,,runs/P10_k2_breadth_qwen27b_attempt1/ppl/ppl_report.json,98ade61a1e4eed95f8168dfcb2f04ad302840d25494fddd9cf7c52ff0207e7bb,,complete,,296815,"[16, 64]",
,four_over_six_rows,,,,,,,c4,,,,,,,,18bcb6a68eac443571892bd4cea4c83f78d2050e24294a5ca1b0eef5fd0c1aae,P10_K2_BREADTH,2.312863398246924,,qwen27b,,,n8_k2,10.10331308471086,,,,raw_ppl,,P10_k2_breadth_qwen27b_attempt1,,147597,75569664,,runs/P10_k2_breadth_qwen27b_attempt1/ppl/ppl_report.json,98ade61a1e4eed95f8168dfcb2f04ad302840d25494fddd9cf7c52ff0207e7bb,,complete,,524032,"[8, 64]",
,four_over_six_rows,,,,,,,wiki,,,,,,,,18bcb6a68eac443571892bd4cea4c83f78d2050e24294a5ca1b0eef5fd0c1aae,P10_K2_BREADTH,1.9616423379371248,,qwen27b,,,n8_k2,7.110996138982223,,,,raw_ppl,,P10_k2_breadth_qwen27b_attempt1,,147597,75569664,,runs/P10_k2_breadth_qwen27b_attempt1/ppl/ppl_report.json,98ade61a1e4eed95f8168dfcb2f04ad302840d25494fddd9cf7c52ff0207e7bb,,complete,,296815,"[8, 64]",
,four_over_six_rows,,,,,,,c4,,,,,,,,,P11_BASELINE_COMPLETION,2.3114703707758784,,olmo2_13b,,,four_over_six,10.089248690353495,,,,raw_ppl,,P11_baseline_completion_olmo2_13b_attempt1,,,,,runs/P11_baseline_completion_olmo2_13b_attempt1/ppl/ppl_report.json,7fbfcd4f7105e58a5282218748955772e8fb6776a402fe8941b72d262f75ecf4,,complete,,524032,null,
,four_over_six_rows,,,,,,,wiki,,,,,,,,,P11_BASELINE_COMPLETION,1.6763852778660542,,olmo2_13b,,,four_over_six,5.346195988750768,,,,raw_ppl,,P11_baseline_completion_olmo2_13b_attempt1,,,,,runs/P11_baseline_completion_olmo2_13b_attempt1/ppl/ppl_report.json,7fbfcd4f7105e58a5282218748955772e8fb6776a402fe8941b72d262f75ecf4,,complete,,288627,null,
,nover6_rows,,,,,,,c4,,,,,,,,,P11_BASELINE_COMPLETION,2.3102580018417442,,olmo2_13b,,,nover6_native_rows,10.07702421045972,,,,raw_ppl,,P11_baseline_completion_olmo2_13b_attempt1,,,,,runs/P11_baseline_completion_olmo2_13b_attempt1/ppl/ppl_report.json,7fbfcd4f7105e58a5282218748955772e8fb6776a402fe8941b72d262f75ecf4,,complete,,524032,null,
,nover6_rows,,,,,,,wiki,,,,,,,,,P11_BASELINE_COMPLETION,1.6730611283634895,,olmo2_13b,,,nover6_native_rows,5.328453938964558,,,,raw_ppl,,P11_baseline_completion_olmo2_13b_attempt1,,,,,runs/P11_baseline_completion_olmo2_13b_attempt1/ppl/ppl_report.json,7fbfcd4f7105e58a5282218748955772e8fb6776a402fe8941b72d262f75ecf4,,complete,,288627,null,
,four_over_six_rows,,,,,,,c4,,,,,,,,,P11_BASELINE_COMPLETION,2.3103894118328134,,olmo2_13b,,,nover6_wonly_shared_act,10.07834851913301,,,,raw_ppl,,P11_baseline_completion_olmo2_13b_attempt1,,,,,runs/P11_baseline_completion_olmo2_13b_attempt1/ppl/ppl_report.json,7fbfcd4f7105e58a5282218748955772e8fb6776a402fe8941b72d262f75ecf4,,complete,,524032,null,
,four_over_six_rows,,,,,,,wiki,,,,,,,,,P11_BASELINE_COMPLETION,1.6750845160821364,,olmo2_13b,,,nover6_wonly_shared_act,5.339246382190463,,,,raw_ppl,,P11_baseline_completion_olmo2_13b_attempt1,,,,,runs/P11_baseline_completion_olmo2_13b_attempt1/ppl/ppl_report.json,7fbfcd4f7105e58a5282218748955772e8fb6776a402fe8941b72d262f75ecf4,,complete,,288627,null,
,razer_e4m3_rows,,,,,,,c4,,,,,,,,,P11_BASELINE_COMPLETION,2.30723196260922,,olmo2_13b,,,razer_native_rows,10.046576830568478,,,,raw_ppl,,P11_baseline_completion_olmo2_13b_attempt1,,,,,runs/P11_baseline_completion_olmo2_13b_attempt1/ppl/ppl_report.json,7fbfcd4f7105e58a5282218748955772e8fb6776a402fe8941b72d262f75ecf4,,complete,,524032,null,
,razer_e4m3_rows,,,,,,,wiki,,,,,,,,,P11_BASELINE_COMPLETION,1.666947845498981,,olmo2_13b,,,razer_native_rows,5.295978958314995,,,,raw_ppl,,P11_baseline_completion_olmo2_13b_attempt1,,,,,runs/P11_baseline_completion_olmo2_13b_attempt1/ppl/ppl_report.json,7fbfcd4f7105e58a5282218748955772e8fb6776a402fe8941b72d262f75ecf4,,complete,,288627,null,
,four_over_six_rows,,,,,,,c4,,,,,,,,,P11_BASELINE_COMPLETION,2.3079652440666805,,olmo2_13b,,,razer_wonly_shared_act,10.05394650076031,,,,raw_ppl,,P11_baseline_completion_olmo2_13b_attempt1,,,,,runs/P11_baseline_completion_olmo2_13b_attempt1/ppl/ppl_report.json,7fbfcd4f7105e58a5282218748955772e8fb6776a402fe8941b72d262f75ecf4,,complete,,524032,null,
,four_over_six_rows,,,,,,,wiki,,,,,,,,,P11_BASELINE_COMPLETION,1.6677661148089953,,olmo2_13b,,,razer_wonly_shared_act,5.300314268846948,,,,raw_ppl,,P11_baseline_completion_olmo2_13b_attempt1,,,,,runs/P11_baseline_completion_olmo2_13b_attempt1/ppl/ppl_report.json,7fbfcd4f7105e58a5282218748955772e8fb6776a402fe8941b72d262f75ecf4,,complete,,288627,null,
,four_over_six_rows,,,,,,,c4,,,,,,,,,P11_BASELINE_COMPLETION,2.355984315913481,,phi4,,,four_over_six,10.548506816387418,,,,raw_ppl,,P11_baseline_completion_phi4_attempt1,,,,,runs/P11_baseline_completion_phi4_attempt1/ppl/ppl_report.json,9bb62d75cabdfd06d385cf51e37e0a4cdcffd521cbe649f5d9025f22c92fde15,,complete,,524032,null,
,four_over_six_rows,,,,,,,wiki,,,,,,,,,P11_BASELINE_COMPLETION,1.8967367009464007,,phi4,,,four_over_six,6.6641119300295,,,,raw_ppl,,P11_baseline_completion_phi4_attempt1,,,,,runs/P11_baseline_completion_phi4_attempt1/ppl/ppl_report.json,9bb62d75cabdfd06d385cf51e37e0a4cdcffd521cbe649f5d9025f22c92fde15,,complete,,288627,null,
,nover6_rows,,,,,,,c4,,,,,,,,,P11_BASELINE_COMPLETION,2.3536798417840505,,phi4,,,nover6_native_rows,10.524226043277126,,,,raw_ppl,,P11_baseline_completion_phi4_attempt1,,,,,runs/P11_baseline_completion_phi4_attempt1/ppl/ppl_report.json,9bb62d75cabdfd06d385cf51e37e0a4cdcffd521cbe649f5d9025f22c92fde15,,complete,,524032,null,
,nover6_rows,,,,,,,wiki,,,,,,,,,P11_BASELINE_COMPLETION,1.8935103686714483,,phi4,,,nover6_native_rows,6.642645937458423,,,,raw_ppl,,P11_baseline_completion_phi4_attempt1,,,,,runs/P11_baseline_completion_phi4_attempt1/ppl/ppl_report.json,9bb62d75cabdfd06d385cf51e37e0a4cdcffd521cbe649f5d9025f22c92fde15,,complete,,288627,null,
,four_over_six_rows,,,,,,,c4,,,,,,,,,P11_BASELINE_COMPLETION,2.3547190556453543,,phi4,,,nover6_wonly_shared_act,10.535168649730144,,,,raw_ppl,,P11_baseline_completion_phi4_attempt1,,,,,runs/P11_baseline_completion_phi4_attempt1/ppl/ppl_report.json,9bb62d75cabdfd06d385cf51e37e0a4cdcffd521cbe649f5d9025f22c92fde15,,complete,,524032,null,
,four_over_six_rows,,,,,,,wiki,,,,,,,,,P11_BASELINE_COMPLETION,1.8950208955688235,,phi4,,,nover6_wonly_shared_act,6.652687414868256,,,,raw_ppl,,P11_baseline_completion_phi4_attempt1,,,,,runs/P11_baseline_completion_phi4_attempt1/ppl/ppl_report.json,9bb62d75cabdfd06d385cf51e37e0a4cdcffd521cbe649f5d9025f22c92fde15,,complete,,288627,null,
,razer_e4m3_rows,,,,,,,c4,,,,,,,,,P11_BASELINE_COMPLETION,2.35294906348881,,phi4,,,razer_native_rows,10.516537976788698,,,,raw_ppl,,P11_baseline_completion_phi4_attempt1,,,,,runs/P11_baseline_completion_phi4_attempt1/ppl/ppl_report.json,9bb62d75cabdfd06d385cf51e37e0a4cdcffd521cbe649f5d9025f22c92fde15,,complete,,524032,null,
,razer_e4m3_rows,,,,,,,wiki,,,,,,,,,P11_BASELINE_COMPLETION,1.8922095372141587,,phi4,,,razer_native_rows,6.63401059244526,,,,raw_ppl,,P11_baseline_completion_phi4_attempt1,,,,,runs/P11_baseline_completion_phi4_attempt1/ppl/ppl_report.json,9bb62d75cabdfd06d385cf51e37e0a4cdcffd521cbe649f5d9025f22c92fde15,,complete,,288627,null,
,four_over_six_rows,,,,,,,c4,,,,,,,,,P11_BASELINE_COMPLETION,2.352837844911331,,phi4,,,razer_wonly_shared_act,10.515368407435044,,,,raw_ppl,,P11_baseline_completion_phi4_attempt1,,,,,runs/P11_baseline_completion_phi4_attempt1/ppl/ppl_report.json,9bb62d75cabdfd06d385cf51e37e0a4cdcffd521cbe649f5d9025f22c92fde15,,complete,,524032,null,
,four_over_six_rows,,,,,,,wiki,,,,,,,,,P11_BASELINE_COMPLETION,1.8931123383737865,,phi4,,,razer_wonly_shared_act,6.640002489239815,,,,raw_ppl,,P11_baseline_completion_phi4_attempt1,,,,,runs/P11_baseline_completion_phi4_attempt1/ppl/ppl_report.json,9bb62d75cabdfd06d385cf51e37e0a4cdcffd521cbe649f5d9025f22c92fde15,,complete,,288627,null,
,four_over_six_rows,,,,,,,c4,,,,,,,,,P11_BASELINE_COMPLETION,2.321344709932775,,qwen27b,,,four_over_six,10.189366840565677,,,,raw_ppl,,P11_baseline_completion_qwen27b_attempt1,,,,,runs/P11_baseline_completion_qwen27b_attempt1/ppl/ppl_report.json,315eb9c176dcf1bebd20637da77a1f0b07144a232dbd52a79b1a60f4f41a0e85,,complete,,524032,null,
,four_over_six_rows,,,,,,,wiki,,,,,,,,,P11_BASELINE_COMPLETION,1.9856613166161625,,qwen27b,,,four_over_six,7.2838627324982586,,,,raw_ppl,,P11_baseline_completion_qwen27b_attempt1,,,,,runs/P11_baseline_completion_qwen27b_attempt1/ppl/ppl_report.json,315eb9c176dcf1bebd20637da77a1f0b07144a232dbd52a79b1a60f4f41a0e85,,complete,,296815,null,
,nover6_rows,,,,,,,c4,,,,,,,,,P11_BASELINE_COMPLETION,2.3187748556926424,,qwen27b,,,nover6_native_rows,10.163215270240533,,,,raw_ppl,,P11_baseline_completion_qwen27b_attempt1,,,,,runs/P11_baseline_completion_qwen27b_attempt1/ppl/ppl_report.json,315eb9c176dcf1bebd20637da77a1f0b07144a232dbd52a79b1a60f4f41a0e85,,complete,,524032,null,
,nover6_rows,,,,,,,wiki,,,,,,,,,P11_BASELINE_COMPLETION,1.981654280589479,,qwen27b,,,nover6_native_rows,7.2547344301686145,,,,raw_ppl,,P11_baseline_completion_qwen27b_attempt1,,,,,runs/P11_baseline_completion_qwen27b_attempt1/ppl/ppl_report.json,315eb9c176dcf1bebd20637da77a1f0b07144a232dbd52a79b1a60f4f41a0e85,,complete,,296815,null,
,four_over_six_rows,,,,,,,c4,,,,,,,,,P11_BASELINE_COMPLETION,2.3194508906878726,,qwen27b,,,nover6_wonly_shared_act,10.17008828236387,,,,raw_ppl,,P11_baseline_completion_qwen27b_attempt1,,,,,runs/P11_baseline_completion_qwen27b_attempt1/ppl/ppl_report.json,315eb9c176dcf1bebd20637da77a1f0b07144a232dbd52a79b1a60f4f41a0e85,,complete,,524032,null,
,four_over_six_rows,,,,,,,wiki,,,,,,,,,P11_BASELINE_COMPLETION,1.9821286978423547,,qwen27b,,,nover6_wonly_shared_act,7.258177017894254,,,,raw_ppl,,P11_baseline_completion_qwen27b_attempt1,,,,,runs/P11_baseline_completion_qwen27b_attempt1/ppl/ppl_report.json,315eb9c176dcf1bebd20637da77a1f0b07144a232dbd52a79b1a60f4f41a0e85,,complete,,296815,null,
,razer_e4m3_rows,,,,,,,c4,,,,,,,,,P11_BASELINE_COMPLETION,2.3148632640059157,,qwen27b,,,razer_native_rows,10.123538571990156,,,,raw_ppl,,P11_baseline_completion_qwen27b_attempt1,,,,,runs/P11_baseline_completion_qwen27b_attempt1/ppl/ppl_report.json,315eb9c176dcf1bebd20637da77a1f0b07144a232dbd52a79b1a60f4f41a0e85,,complete,,524032,null,
,razer_e4m3_rows,,,,,,,wiki,,,,,,,,,P11_BASELINE_COMPLETION,2.026044423612111,,qwen27b,,,razer_native_rows,7.584027747323574,,,,raw_ppl,,P11_baseline_completion_qwen27b_attempt1,,,,,runs/P11_baseline_completion_qwen27b_attempt1/ppl/ppl_report.json,315eb9c176dcf1bebd20637da77a1f0b07144a232dbd52a79b1a60f4f41a0e85,,complete,,296815,null,
,four_over_six_rows,,,,,,,c4,,,,,,,,,P11_BASELINE_COMPLETION,2.3160780722132523,,qwen27b,,,razer_wonly_shared_act,10.135844202711953,,,,raw_ppl,,P11_baseline_completion_qwen27b_attempt1,,,,,runs/P11_baseline_completion_qwen27b_attempt1/ppl/ppl_report.json,315eb9c176dcf1bebd20637da77a1f0b07144a232dbd52a79b1a60f4f41a0e85,,complete,,524032,null,
,four_over_six_rows,,,,,,,wiki,,,,,,,,,P11_BASELINE_COMPLETION,2.0265677174262136,,qwen27b,,,razer_wonly_shared_act,7.587997460702372,,,,raw_ppl,,P11_baseline_completion_qwen27b_attempt1,,,,,runs/P11_baseline_completion_qwen27b_attempt1/ppl/ppl_report.json,315eb9c176dcf1bebd20637da77a1f0b07144a232dbd52a79b1a60f4f41a0e85,,complete,,296815,null,
,four_over_six_rows,,,,,,,c4,,,,,,,,01aa98ae6a750c0012a24216a2f0322092c3ae149f19bba22b20ceb76816265c,P20_K2_DENSITY_DEV,2.2797524041100763,,llama8b,,,n16_k2_reference,9.77426004329114,,,,raw_ppl,,P20_quality_llama8b_attempt1,,50119,51321856,,runs/P20_quality_llama8b_attempt1/ppl/ppl_report.json,e431419762efe4d5d5d3cb89772e15d069d32cf5dc01cc24532521694a9dff12,,complete,,524032,"[16, 64]",
,four_over_six_rows,,,,,,,wiki,,,,,,,,01aa98ae6a750c0012a24216a2f0322092c3ae149f19bba22b20ceb76816265c,P20_K2_DENSITY_DEV,1.9226005517589846,,llama8b,,,n16_k2_reference,6.8387198094684445,,,,raw_ppl,,P20_quality_llama8b_attempt1,,50119,51321856,,runs/P20_quality_llama8b_attempt1/ppl/ppl_report.json,e431419762efe4d5d5d3cb89772e15d069d32cf5dc01cc24532521694a9dff12,,complete,,288627,"[16, 64]",
,four_over_six_rows,,,,,,,c4,,,,,,,,e0ac02c0032ccd43b3f8a148d69c4cdc6f7439288dea4b3257f534625ab00c6e,P20_K2_DENSITY_DEV,2.2830013134865346,,llama8b,,,p20_global_activation_weighted,9.806067369976402,,,,raw_ppl,,P20_quality_llama8b_attempt1,,50119,51321856,,runs/P20_quality_llama8b_attempt1/ppl/ppl_report.json,e431419762efe4d5d5d3cb89772e15d069d32cf5dc01cc24532521694a9dff12,,complete,,524032,"[16, 64]",
,four_over_six_rows,,,,,,,wiki,,,,,,,,e0ac02c0032ccd43b3f8a148d69c4cdc6f7439288dea4b3257f534625ab00c6e,P20_K2_DENSITY_DEV,1.928015346308388,,llama8b,,,p20_global_activation_weighted,6.875850509049874,,,,raw_ppl,,P20_quality_llama8b_attempt1,,50119,51321856,,runs/P20_quality_llama8b_attempt1/ppl/ppl_report.json,e431419762efe4d5d5d3cb89772e15d069d32cf5dc01cc24532521694a9dff12,,complete,,288627,"[16, 64]",
,four_over_six_rows,,,,,,,c4,,,,,,,,52b9b1c5c0caebf3fa0175dd5669b05d170898ffefa8d4f0a9a9d57b6647b4ea,P20_K2_DENSITY_DEV,2.284596789621662,,llama8b,,,p20_global_change_norm,9.82172520397341,,,,raw_ppl,,P20_quality_llama8b_attempt1,,50119,51321856,,runs/P20_quality_llama8b_attempt1/ppl/ppl_report.json,e431419762efe4d5d5d3cb89772e15d069d32cf5dc01cc24532521694a9dff12,,complete,,524032,"[16, 64]",
,four_over_six_rows,,,,,,,wiki,,,,,,,,52b9b1c5c0caebf3fa0175dd5669b05d170898ffefa8d4f0a9a9d57b6647b4ea,P20_K2_DENSITY_DEV,1.92873635650788,,llama8b,,,p20_global_change_norm,6.88080985505176,,,,raw_ppl,,P20_quality_llama8b_attempt1,,50119,51321856,,runs/P20_quality_llama8b_attempt1/ppl/ppl_report.json,e431419762efe4d5d5d3cb89772e15d069d32cf5dc01cc24532521694a9dff12,,complete,,288627,"[16, 64]",
,four_over_six_rows,,,,,,,c4,,,,,,,,c9876e3cc15b96fcfabb2742db7cdb65ef3ac1fd53a6a4685f99c5efe649ac6b,P20_K2_DENSITY_DEV,2.2842426202863693,,llama8b,,,p20_global_magnitude,9.818247266012333,,,,raw_ppl,,P20_quality_llama8b_attempt1,,50119,51321856,,runs/P20_quality_llama8b_attempt1/ppl/ppl_report.json,e431419762efe4d5d5d3cb89772e15d069d32cf5dc01cc24532521694a9dff12,,complete,,524032,"[16, 64]",
,four_over_six_rows,,,,,,,wiki,,,,,,,,c9876e3cc15b96fcfabb2742db7cdb65ef3ac1fd53a6a4685f99c5efe649ac6b,P20_K2_DENSITY_DEV,1.9271702649907434,,llama8b,,,p20_global_magnitude,6.870042310787346,,,,raw_ppl,,P20_quality_llama8b_attempt1,,50119,51321856,,runs/P20_quality_llama8b_attempt1/ppl/ppl_report.json,e431419762efe4d5d5d3cb89772e15d069d32cf5dc01cc24532521694a9dff12,,complete,,288627,"[16, 64]",
,four_over_six_rows,,,,,,,c4,,,,,,,,3ce8b38ad170008dcacc3b1fb400ece46a06e1864d58e7a85b2479da6450c51f,P20_K2_DENSITY_DEV,2.282402368039793,,llama8b,,,p20_global_n8_u2_matched,9.800195829116573,,,,raw_ppl,,P20_quality_llama8b_attempt1,,100238,51321856,,runs/P20_quality_llama8b_attempt1/ppl/ppl_report.json,e431419762efe4d5d5d3cb89772e15d069d32cf5dc01cc24532521694a9dff12,,complete,,524032,"[8, 64]",
,four_over_six_rows,,,,,,,wiki,,,,,,,,3ce8b38ad170008dcacc3b1fb400ece46a06e1864d58e7a85b2479da6450c51f,P20_K2_DENSITY_DEV,1.928739593743717,,llama8b,,,p20_global_n8_u2_matched,6.880832129892066,,,,raw_ppl,,P20_quality_llama8b_attempt1,,100238,51321856,,runs/P20_quality_llama8b_attempt1/ppl/ppl_report.json,e431419762efe4d5d5d3cb89772e15d069d32cf5dc01cc24532521694a9dff12,,complete,,288627,"[8, 64]",
,four_over_six_rows,,,,,,,c4,,,,,,,,a8e5e492a8f3d22e63d244c4461d2747e3c15f964e30e381e3720b0af7ae8952,P20_K2_DENSITY_DEV,2.2839448153644213,,llama8b,,,p20_global_random_2026091401,9.815323778987631,,,,raw_ppl,,P20_quality_llama8b_attempt1,,50119,51321856,,runs/P20_quality_llama8b_attempt1/ppl/ppl_report.json,e431419762efe4d5d5d3cb89772e15d069d32cf5dc01cc24532521694a9dff12,,complete,,524032,"[16, 64]",
,four_over_six_rows,,,,,,,wiki,,,,,,,,a8e5e492a8f3d22e63d244c4461d2747e3c15f964e30e381e3720b0af7ae8952,P20_K2_DENSITY_DEV,1.9276304177187236,,llama8b,,,p20_global_random_2026091401,6.873204306942778,,,,raw_ppl,,P20_quality_llama8b_attempt1,,50119,51321856,,runs/P20_quality_llama8b_attempt1/ppl/ppl_report.json,e431419762efe4d5d5d3cb89772e15d069d32cf5dc01cc24532521694a9dff12,,complete,,288627,"[16, 64]",
,four_over_six_rows,,,,,,,c4,,,,,,,,91eb23ed711cb36302ca8c2e7843033ea59b9121e92b4963f8a4bb99415f437f,P20_K2_DENSITY_DEV,2.284342992992353,,llama8b,,,p20_global_random_2026091402,9.819232799517945,,,,raw_ppl,,P20_quality_llama8b_attempt1,,50119,51321856,,runs/P20_quality_llama8b_attempt1/ppl/ppl_report.json,e431419762efe4d5d5d3cb89772e15d069d32cf5dc01cc24532521694a9dff12,,complete,,524032,"[16, 64]",
,four_over_six_rows,,,,,,,wiki,,,,,,,,91eb23ed711cb36302ca8c2e7843033ea59b9121e92b4963f8a4bb99415f437f,P20_K2_DENSITY_DEV,1.928185599200874,,llama8b,,,p20_global_random_2026091402,6.8770212421448615,,,,raw_ppl,,P20_quality_llama8b_attempt1,,50119,51321856,,runs/P20_quality_llama8b_attempt1/ppl/ppl_report.json,e431419762efe4d5d5d3cb89772e15d069d32cf5dc01cc24532521694a9dff12,,complete,,288627,"[16, 64]",
,four_over_six_rows,,,,,,,c4,,,,,,,,e84b9a280efba53b03224dde71708b5d596a9b1e2b74ec3be297bda54498ede9,P20_K2_DENSITY_DEV,2.2850736629735766,,llama8b,,,p20_global_random_2026091403,9.826410039940948,,,,raw_ppl,,P20_quality_llama8b_attempt1,,50119,51321856,,runs/P20_quality_llama8b_attempt1/ppl/ppl_report.json,e431419762efe4d5d5d3cb89772e15d069d32cf5dc01cc24532521694a9dff12,,complete,,524032,"[16, 64]",
,four_over_six_rows,,,,,,,wiki,,,,,,,,e84b9a280efba53b03224dde71708b5d596a9b1e2b74ec3be297bda54498ede9,P20_K2_DENSITY_DEV,1.9283053871687104,,llama8b,,,p20_global_random_2026091403,6.877845075885925,,,,raw_ppl,,P20_quality_llama8b_attempt1,,50119,51321856,,runs/P20_quality_llama8b_attempt1/ppl/ppl_report.json,e431419762efe4d5d5d3cb89772e15d069d32cf5dc01cc24532521694a9dff12,,complete,,288627,"[16, 64]",
,four_over_six_rows,,,,,,,c4,,,,,,,,2a967ad46b2207f8cc890b5aca70f9aae9d67c0eceed5863466137c844867bba,P20_K2_DENSITY_DEV,2.2847802319071406,,llama8b,,,p20_global_random_2026091404,9.823527088958066,,,,raw_ppl,,P20_quality_llama8b_attempt1,,50119,51321856,,runs/P20_quality_llama8b_attempt1/ppl/ppl_report.json,e431419762efe4d5d5d3cb89772e15d069d32cf5dc01cc24532521694a9dff12,,complete,,524032,"[16, 64]",
,four_over_six_rows,,,,,,,wiki,,,,,,,,2a967ad46b2207f8cc890b5aca70f9aae9d67c0eceed5863466137c844867bba,P20_K2_DENSITY_DEV,1.927806353369958,,llama8b,,,p20_global_random_2026091404,6.874413654999188,,,,raw_ppl,,P20_quality_llama8b_attempt1,,50119,51321856,,runs/P20_quality_llama8b_attempt1/ppl/ppl_report.json,e431419762efe4d5d5d3cb89772e15d069d32cf5dc01cc24532521694a9dff12,,complete,,288627,"[16, 64]",
,four_over_six_rows,,,,,,,c4,,,,,,,,4d7521786f84697af6eb1726775de90989ee828792e17a5cb47666a3b0b1efed,P20_K2_DENSITY_DEV,2.2842702504766192,,llama8b,,,p20_global_random_2026091405,9.81851854980001,,,,raw_ppl,,P20_quality_llama8b_attempt1,,50119,51321856,,runs/P20_quality_llama8b_attempt1/ppl/ppl_report.json,e431419762efe4d5d5d3cb89772e15d069d32cf5dc01cc24532521694a9dff12,,complete,,524032,"[16, 64]",
,four_over_six_rows,,,,,,,wiki,,,,,,,,4d7521786f84697af6eb1726775de90989ee828792e17a5cb47666a3b0b1efed,P20_K2_DENSITY_DEV,1.9288655484484076,,llama8b,,,p20_global_random_2026091405,6.881698857654086,,,,raw_ppl,,P20_quality_llama8b_attempt1,,50119,51321856,,runs/P20_quality_llama8b_attempt1/ppl/ppl_report.json,e431419762efe4d5d5d3cb89772e15d069d32cf5dc01cc24532521694a9dff12,,complete,,288627,"[16, 64]",
,four_over_six_rows,,,,,,,c4,,,,,,,,7754fee2fe77efb6e4f6c9abad7877fbb51244cd2e7c6b7af4b1233aef083488,P20_K2_DENSITY_DEV,2.283928296522633,,llama8b,,,p20_global_weight_mse,9.815161642546183,,,,raw_ppl,,P20_quality_llama8b_attempt1,,50119,51321856,,runs/P20_quality_llama8b_attempt1/ppl/ppl_report.json,e431419762efe4d5d5d3cb89772e15d069d32cf5dc01cc24532521694a9dff12,,complete,,524032,"[16, 64]",
,four_over_six_rows,,,,,,,wiki,,,,,,,,7754fee2fe77efb6e4f6c9abad7877fbb51244cd2e7c6b7af4b1233aef083488,P20_K2_DENSITY_DEV,1.9288571976413478,,llama8b,,,p20_global_weight_mse,6.881641390154632,,,,raw_ppl,,P20_quality_llama8b_attempt1,,50119,51321856,,runs/P20_quality_llama8b_attempt1/ppl/ppl_report.json,e431419762efe4d5d5d3cb89772e15d069d32cf5dc01cc24532521694a9dff12,,complete,,288627,"[16, 64]",
,four_over_six_rows,,,,,,,c4,,,,,,,,6135ce88e33411bf0aad28d7777ed02e5040eaf7869d4069f377d6d4e1736077,P20_K2_DENSITY_DEV,2.282188201920355,,llama8b,,,p20_per_module_activation_weighted,9.798097183943488,,,,raw_ppl,,P20_quality_llama8b_attempt1,,50119,51321856,,runs/P20_quality_llama8b_attempt1/ppl/ppl_report.json,e431419762efe4d5d5d3cb89772e15d069d32cf5dc01cc24532521694a9dff12,,complete,,524032,"[16, 64]",
,four_over_six_rows,,,,,,,wiki,,,,,,,,6135ce88e33411bf0aad28d7777ed02e5040eaf7869d4069f377d6d4e1736077,P20_K2_DENSITY_DEV,1.9264361603458962,,llama8b,,,p20_per_module_activation_weighted,6.865000831529778,,,,raw_ppl,,P20_quality_llama8b_attempt1,,50119,51321856,,runs/P20_quality_llama8b_attempt1/ppl/ppl_report.json,e431419762efe4d5d5d3cb89772e15d069d32cf5dc01cc24532521694a9dff12,,complete,,288627,"[16, 64]",
,four_over_six_rows,,,,,,,c4,,,,,,,,5d3fa9920c456818e623a5a33073fbb581ba22c7c53716590d94de2f2ea959c6,P20_K2_DENSITY_DEV,2.2828547816102085,,llama8b,,,p20_per_module_change_norm,9.80463057379609,,,,raw_ppl,,P20_quality_llama8b_attempt1,,50119,51321856,,runs/P20_quality_llama8b_attempt1/ppl/ppl_report.json,e431419762efe4d5d5d3cb89772e15d069d32cf5dc01cc24532521694a9dff12,,complete,,524032,"[16, 64]",
,four_over_six_rows,,,,,,,wiki,,,,,,,,5d3fa9920c456818e623a5a33073fbb581ba22c7c53716590d94de2f2ea959c6,P20_K2_DENSITY_DEV,1.9260513071192582,,llama8b,,,p20_per_module_change_norm,6.862359322138201,,,,raw_ppl,,P20_quality_llama8b_attempt1,,50119,51321856,,runs/P20_quality_llama8b_attempt1/ppl/ppl_report.json,e431419762efe4d5d5d3cb89772e15d069d32cf5dc01cc24532521694a9dff12,,complete,,288627,"[16, 64]",
,four_over_six_rows,,,,,,,c4,,,,,,,,9ac49ffe6d40929594091ec641d86d9e4ed7d9bb6be666a3be6b8645ff4a5446,P20_K2_DENSITY_DEV,2.282871968534899,,llama8b,,,p20_per_module_magnitude,9.804799086691485,,,,raw_ppl,,P20_quality_llama8b_attempt1,,50119,51321856,,runs/P20_quality_llama8b_attempt1/ppl/ppl_report.json,e431419762efe4d5d5d3cb89772e15d069d32cf5dc01cc24532521694a9dff12,,complete,,524032,"[16, 64]",
,four_over_six_rows,,,,,,,wiki,,,,,,,,9ac49ffe6d40929594091ec641d86d9e4ed7d9bb6be666a3be6b8645ff4a5446,P20_K2_DENSITY_DEV,1.9270325689633652,,llama8b,,,p20_per_module_magnitude,6.869096398378915,,,,raw_ppl,,P20_quality_llama8b_attempt1,,50119,51321856,,runs/P20_quality_llama8b_attempt1/ppl/ppl_report.json,e431419762efe4d5d5d3cb89772e15d069d32cf5dc01cc24532521694a9dff12,,complete,,288627,"[16, 64]",
,four_over_six_rows,,,,,,,c4,,,,,,,,cf20dfe3ab0ac7741c7518988870af03178ff34a34673db5e50bfa8095e1c652,P20_K2_DENSITY_DEV,2.2831996638874514,,llama8b,,,p20_per_module_n8_u2_matched,9.808012600282883,,,,raw_ppl,,P20_quality_llama8b_attempt1,,100238,51321856,,runs/P20_quality_llama8b_attempt1/ppl/ppl_report.json,e431419762efe4d5d5d3cb89772e15d069d32cf5dc01cc24532521694a9dff12,,complete,,524032,"[8, 64]",
,four_over_six_rows,,,,,,,wiki,,,,,,,,cf20dfe3ab0ac7741c7518988870af03178ff34a34673db5e50bfa8095e1c652,P20_K2_DENSITY_DEV,1.9279603197898085,,llama8b,,,p20_per_module_n8_u2_matched,6.875472165343652,,,,raw_ppl,,P20_quality_llama8b_attempt1,,100238,51321856,,runs/P20_quality_llama8b_attempt1/ppl/ppl_report.json,e431419762efe4d5d5d3cb89772e15d069d32cf5dc01cc24532521694a9dff12,,complete,,288627,"[8, 64]",
,four_over_six_rows,,,,,,,c4,,,,,,,,30599b15f20c700c6413d1837d209e57920f8b562998400d5af49ff45a9bde2b,P20_K2_DENSITY_DEV,2.2854293310781753,,llama8b,,,p20_per_module_random_2026091401,9.82990560216801,,,,raw_ppl,,P20_quality_llama8b_attempt1,,50119,51321856,,runs/P20_quality_llama8b_attempt1/ppl/ppl_report.json,e431419762efe4d5d5d3cb89772e15d069d32cf5dc01cc24532521694a9dff12,,complete,,524032,"[16, 64]",
,four_over_six_rows,,,,,,,wiki,,,,,,,,30599b15f20c700c6413d1837d209e57920f8b562998400d5af49ff45a9bde2b,P20_K2_DENSITY_DEV,1.928401344638563,,llama8b,,,p20_per_module_random_2026091401,6.878505088163493,,,,raw_ppl,,P20_quality_llama8b_attempt1,,50119,51321856,,runs/P20_quality_llama8b_attempt1/ppl/ppl_report.json,e431419762efe4d5d5d3cb89772e15d069d32cf5dc01cc24532521694a9dff12,,complete,,288627,"[16, 64]",
,four_over_six_rows,,,,,,,c4,,,,,,,,0a08723bde505ba889487e1fa9507d1f327e6e28ab9cc7ff546ca054cd3e2bc9,P20_K2_DENSITY_DEV,2.2843948556955294,,llama8b,,,p20_per_module_random_2026091402,9.819742064679867,,,,raw_ppl,,P20_quality_llama8b_attempt1,,50119,51321856,,runs/P20_quality_llama8b_attempt1/ppl/ppl_report.json,e431419762efe4d5d5d3cb89772e15d069d32cf5dc01cc24532521694a9dff12,,complete,,524032,"[16, 64]",
,four_over_six_rows,,,,,,,wiki,,,,,,,,0a08723bde505ba889487e1fa9507d1f327e6e28ab9cc7ff546ca054cd3e2bc9,P20_K2_DENSITY_DEV,1.9271869108658752,,llama8b,,,p20_per_module_random_2026091402,6.8701566696056,,,,raw_ppl,,P20_quality_llama8b_attempt1,,50119,51321856,,runs/P20_quality_llama8b_attempt1/ppl/ppl_report.json,e431419762efe4d5d5d3cb89772e15d069d32cf5dc01cc24532521694a9dff12,,complete,,288627,"[16, 64]",
,four_over_six_rows,,,,,,,c4,,,,,,,,c07adf06da1ccafc4b227e4eb80853f19553e7aec2ec65f5b632f6e16e69626e,P20_K2_DENSITY_DEV,2.283886776145369,,llama8b,,,p20_per_module_random_2026091403,9.814754121792145,,,,raw_ppl,,P20_quality_llama8b_attempt1,,50119,51321856,,runs/P20_quality_llama8b_attempt1/ppl/ppl_report.json,e431419762efe4d5d5d3cb89772e15d069d32cf5dc01cc24532521694a9dff12,,complete,,524032,"[16, 64]",
,four_over_six_rows,,,,,,,wiki,,,,,,,,c07adf06da1ccafc4b227e4eb80853f19553e7aec2ec65f5b632f6e16e69626e,P20_K2_DENSITY_DEV,1.9272261842843181,,llama8b,,,p20_per_module_random_2026091403,6.870426489441593,,,,raw_ppl,,P20_quality_llama8b_attempt1,,50119,51321856,,runs/P20_quality_llama8b_attempt1/ppl/ppl_report.json,e431419762efe4d5d5d3cb89772e15d069d32cf5dc01cc24532521694a9dff12,,complete,,288627,"[16, 64]",
,four_over_six_rows,,,,,,,c4,,,,,,,,fdb420cc3442865a304797499b2a85c1a60366d42ac59dbeed1ddc25cfe50b2d,P20_K2_DENSITY_DEV,2.2840084343136606,,llama8b,,,p20_per_module_random_2026091404,9.815948239436443,,,,raw_ppl,,P20_quality_llama8b_attempt1,,50119,51321856,,runs/P20_quality_llama8b_attempt1/ppl/ppl_report.json,e431419762efe4d5d5d3cb89772e15d069d32cf5dc01cc24532521694a9dff12,,complete,,524032,"[16, 64]",
,four_over_six_rows,,,,,,,wiki,,,,,,,,fdb420cc3442865a304797499b2a85c1a60366d42ac59dbeed1ddc25cfe50b2d,P20_K2_DENSITY_DEV,1.9289613397758107,,llama8b,,,p20_per_module_random_2026091404,6.882358096296617,,,,raw_ppl,,P20_quality_llama8b_attempt1,,50119,51321856,,runs/P20_quality_llama8b_attempt1/ppl/ppl_report.json,e431419762efe4d5d5d3cb89772e15d069d32cf5dc01cc24532521694a9dff12,,complete,,288627,"[16, 64]",
,four_over_six_rows,,,,,,,c4,,,,,,,,ef29f1cb1bb4d46c7b0cb7e819281d78d7a036bcc41a260818a4eb45f52e1d45,P20_K2_DENSITY_DEV,2.2838865649171733,,llama8b,,,p20_per_module_random_2026091405,9.814752048639559,,,,raw_ppl,,P20_quality_llama8b_attempt1,,50119,51321856,,runs/P20_quality_llama8b_attempt1/ppl/ppl_report.json,e431419762efe4d5d5d3cb89772e15d069d32cf5dc01cc24532521694a9dff12,,complete,,524032,"[16, 64]",
,four_over_six_rows,,,,,,,wiki,,,,,,,,ef29f1cb1bb4d46c7b0cb7e819281d78d7a036bcc41a260818a4eb45f52e1d45,P20_K2_DENSITY_DEV,1.9278903776881657,,llama8b,,,p20_per_module_random_2026091405,6.874991297187282,,,,raw_ppl,,P20_quality_llama8b_attempt1,,50119,51321856,,runs/P20_quality_llama8b_attempt1/ppl/ppl_report.json,e431419762efe4d5d5d3cb89772e15d069d32cf5dc01cc24532521694a9dff12,,complete,,288627,"[16, 64]",
,four_over_six_rows,,,,,,,c4,,,,,,,,75810154647d6e7c65345b291235536825a4cf47033cd0436a4573523f746f17,P20_K2_DENSITY_DEV,2.284464656812581,,llama8b,,,p20_per_module_weight_mse,9.82042751756755,,,,raw_ppl,,P20_quality_llama8b_attempt1,,50119,51321856,,runs/P20_quality_llama8b_attempt1/ppl/ppl_report.json,e431419762efe4d5d5d3cb89772e15d069d32cf5dc01cc24532521694a9dff12,,complete,,524032,"[16, 64]",
,four_over_six_rows,,,,,,,wiki,,,,,,,,75810154647d6e7c65345b291235536825a4cf47033cd0436a4573523f746f17,P20_K2_DENSITY_DEV,1.9274678469964575,,llama8b,,,p20_per_module_weight_mse,6.872087015976176,,,,raw_ppl,,P20_quality_llama8b_attempt1,,50119,51321856,,runs/P20_quality_llama8b_attempt1/ppl/ppl_report.json,e431419762efe4d5d5d3cb89772e15d069d32cf5dc01cc24532521694a9dff12,,complete,,288627,"[16, 64]",
,four_over_six_rows,,,,,,,c4,,,,,,,,22755fa7928820e74c77663d57f5668a8cc0c9a87aa66c9dc6507f27e043626b,P20_K2_DENSITY_DEV,2.0854406243286387,,mistral7b,,,n16_k2_reference,8.048136905461106,,,,raw_ppl,,P20_quality_mistral7b_attempt1,,30611,31345664,,runs/P20_quality_mistral7b_attempt1/ppl/ppl_report.json,0e0cba671128aaf22cf844c02e5dfad7fcdd2ead68d4ed16eb3d262ddbd77f71,,complete,,524032,"[16, 64]",
,four_over_six_rows,,,,,,,wiki,,,,,,,,22755fa7928820e74c77663d57f5668a8cc0c9a87aa66c9dc6507f27e043626b,P20_K2_DENSITY_DEV,1.7041639903317374,,mistral7b,,,n16_k2_reference,5.496788377561922,,,,raw_ppl,,P20_quality_mistral7b_attempt1,,30611,31345664,,runs/P20_quality_mistral7b_attempt1/ppl/ppl_report.json,0e0cba671128aaf22cf844c02e5dfad7fcdd2ead68d4ed16eb3d262ddbd77f71,,complete,,333661,"[16, 64]",
,four_over_six_rows,,,,,,,c4,,,,,,,,98cb2ffdc46e80eda8f7219e19f3c755ab04a4c4d565c1a4376c1a5a880ee0bd,P20_K2_DENSITY_DEV,2.087687661331893,,mistral7b,,,p20_global_activation_weighted,8.066241700349105,,,,raw_ppl,,P20_quality_mistral7b_attempt1,,30611,31345664,,runs/P20_quality_mistral7b_attempt1/ppl/ppl_report.json,0e0cba671128aaf22cf844c02e5dfad7fcdd2ead68d4ed16eb3d262ddbd77f71,,complete,,524032,"[16, 64]",
,four_over_six_rows,,,,,,,wiki,,,,,,,,98cb2ffdc46e80eda8f7219e19f3c755ab04a4c4d565c1a4376c1a5a880ee0bd,P20_K2_DENSITY_DEV,1.7084019497018987,,mistral7b,,,p20_global_activation_weighted,5.52013297516082,,,,raw_ppl,,P20_quality_mistral7b_attempt1,,30611,31345664,,runs/P20_quality_mistral7b_attempt1/ppl/ppl_report.json,0e0cba671128aaf22cf844c02e5dfad7fcdd2ead68d4ed16eb3d262ddbd77f71,,complete,,333661,"[16, 64]",
,four_over_six_rows,,,,,,,c4,,,,,,,,2479954abd8400803952a5f0cd86ba423f1339e0d36d9f41858693c979dbb6de,P20_K2_DENSITY_DEV,2.0871729899153544,,mistral7b,,,p20_global_change_norm,8.062091304443728,,,,raw_ppl,,P20_quality_mistral7b_attempt1,,30611,31345664,,runs/P20_quality_mistral7b_attempt1/ppl/ppl_report.json,0e0cba671128aaf22cf844c02e5dfad7fcdd2ead68d4ed16eb3d262ddbd77f71,,complete,,524032,"[16, 64]",
,four_over_six_rows,,,,,,,wiki,,,,,,,,2479954abd8400803952a5f0cd86ba423f1339e0d36d9f41858693c979dbb6de,P20_K2_DENSITY_DEV,1.708025158967317,,mistral7b,,,p20_global_change_norm,5.51805343200302,,,,raw_ppl,,P20_quality_mistral7b_attempt1,,30611,31345664,,runs/P20_quality_mistral7b_attempt1/ppl/ppl_report.json,0e0cba671128aaf22cf844c02e5dfad7fcdd2ead68d4ed16eb3d262ddbd77f71,,complete,,333661,"[16, 64]",
,four_over_six_rows,,,,,,,c4,,,,,,,,512deda52fe1589c8d0f500cdc2655e7c26997809df0d61b9f00ea608894e0ec,P20_K2_DENSITY_DEV,2.0875765958080814,,mistral7b,,,p20_global_magnitude,8.065345868738387,,,,raw_ppl,,P20_quality_mistral7b_attempt1,,30611,31345664,,runs/P20_quality_mistral7b_attempt1/ppl/ppl_report.json,0e0cba671128aaf22cf844c02e5dfad7fcdd2ead68d4ed16eb3d262ddbd77f71,,complete,,524032,"[16, 64]",
,four_over_six_rows,,,,,,,wiki,,,,,,,,512deda52fe1589c8d0f500cdc2655e7c26997809df0d61b9f00ea608894e0ec,P20_K2_DENSITY_DEV,1.708319998247428,,mistral7b,,,p20_global_magnitude,5.5196806107708465,,,,raw_ppl,,P20_quality_mistral7b_attempt1,,30611,31345664,,runs/P20_quality_mistral7b_attempt1/ppl/ppl_report.json,0e0cba671128aaf22cf844c02e5dfad7fcdd2ead68d4ed16eb3d262ddbd77f71,,complete,,333661,"[16, 64]",
,four_over_six_rows,,,,,,,c4,,,,,,,,f9c35df223eed7212ed7fab13603b3624be0360ad5c559a12d11ef1c0f57571e,P20_K2_DENSITY_DEV,2.085103040076032,,mistral7b,,,p20_global_n8_u2_matched,8.045420439722827,,,,raw_ppl,,P20_quality_mistral7b_attempt1,,61222,31345664,,runs/P20_quality_mistral7b_attempt1/ppl/ppl_report.json,0e0cba671128aaf22cf844c02e5dfad7fcdd2ead68d4ed16eb3d262ddbd77f71,,complete,,524032,"[8, 64]",
,four_over_six_rows,,,,,,,wiki,,,,,,,,f9c35df223eed7212ed7fab13603b3624be0360ad5c559a12d11ef1c0f57571e,P20_K2_DENSITY_DEV,1.704091274683806,,mistral7b,,,p20_global_n8_u2_matched,5.4963886895654674,,,,raw_ppl,,P20_quality_mistral7b_attempt1,,61222,31345664,,runs/P20_quality_mistral7b_attempt1/ppl/ppl_report.json,0e0cba671128aaf22cf844c02e5dfad7fcdd2ead68d4ed16eb3d262ddbd77f71,,complete,,333661,"[8, 64]",
,four_over_six_rows,,,,,,,c4,,,,,,,,84a578b3c40fcc3d1fc457627b868f842ca36807cc8bc53993e016e15da86796,P20_K2_DENSITY_DEV,2.087990289166132,,mistral7b,,,p20_global_random_2026091401,8.068683139010341,,,,raw_ppl,,P20_quality_mistral7b_attempt1,,30611,31345664,,runs/P20_quality_mistral7b_attempt1/ppl/ppl_report.json,0e0cba671128aaf22cf844c02e5dfad7fcdd2ead68d4ed16eb3d262ddbd77f71,,complete,,524032,"[16, 64]",
,four_over_six_rows,,,,,,,wiki,,,,,,,,84a578b3c40fcc3d1fc457627b868f842ca36807cc8bc53993e016e15da86796,P20_K2_DENSITY_DEV,1.7088494925197828,,mistral7b,,,p20_global_random_2026091401,5.522604023936439,,,,raw_ppl,,P20_quality_mistral7b_attempt1,,30611,31345664,,runs/P20_quality_mistral7b_attempt1/ppl/ppl_report.json,0e0cba671128aaf22cf844c02e5dfad7fcdd2ead68d4ed16eb3d262ddbd77f71,,complete,,333661,"[16, 64]",
,four_over_six_rows,,,,,,,c4,,,,,,,,73690ce855fa7388464e38ae09fec9189c2148b27c99be27552de290574cd83d,P20_K2_DENSITY_DEV,2.0875033855293914,,mistral7b,,,p20_global_random_2026091402,8.064755424133176,,,,raw_ppl,,P20_quality_mistral7b_attempt1,,30611,31345664,,runs/P20_quality_mistral7b_attempt1/ppl/ppl_report.json,0e0cba671128aaf22cf844c02e5dfad7fcdd2ead68d4ed16eb3d262ddbd77f71,,complete,,524032,"[16, 64]",
,four_over_six_rows,,,,,,,wiki,,,,,,,,73690ce855fa7388464e38ae09fec9189c2148b27c99be27552de290574cd83d,P20_K2_DENSITY_DEV,1.708426399707106,,mistral7b,,,p20_global_random_2026091402,5.520267944090796,,,,raw_ppl,,P20_quality_mistral7b_attempt1,,30611,31345664,,runs/P20_quality_mistral7b_attempt1/ppl/ppl_report.json,0e0cba671128aaf22cf844c02e5dfad7fcdd2ead68d4ed16eb3d262ddbd77f71,,complete,,333661,"[16, 64]",
,four_over_six_rows,,,,,,,c4,,,,,,,,e0366864b0814c9f70fd45a4ebd7cee584526b7ec52edfe78554fea8c61a7e27,P20_K2_DENSITY_DEV,2.0871936193157077,,mistral7b,,,p20_global_random_2026091403,8.062257622268444,,,,raw_ppl,,P20_quality_mistral7b_attempt1,,30611,31345664,,runs/P20_quality_mistral7b_attempt1/ppl/ppl_report.json,0e0cba671128aaf22cf844c02e5dfad7fcdd2ead68d4ed16eb3d262ddbd77f71,,complete,,524032,"[16, 64]",
,four_over_six_rows,,,,,,,wiki,,,,,,,,e0366864b0814c9f70fd45a4ebd7cee584526b7ec52edfe78554fea8c61a7e27,P20_K2_DENSITY_DEV,1.7091120961948953,,mistral7b,,,p20_global_random_2026091403,5.524054470487278,,,,raw_ppl,,P20_quality_mistral7b_attempt1,,30611,31345664,,runs/P20_quality_mistral7b_attempt1/ppl/ppl_report.json,0e0cba671128aaf22cf844c02e5dfad7fcdd2ead68d4ed16eb3d262ddbd77f71,,complete,,333661,"[16, 64]",
,four_over_six_rows,,,,,,,c4,,,,,,,,03feb0d0f1558eb70c5e36ff4f7151306d500e6ae7ab4a0ba5618519883e844c,P20_K2_DENSITY_DEV,2.0872323956003656,,mistral7b,,,p20_global_random_2026091404,8.062570252726275,,,,raw_ppl,,P20_quality_mistral7b_attempt1,,30611,31345664,,runs/P20_quality_mistral7b_attempt1/ppl/ppl_report.json,0e0cba671128aaf22cf844c02e5dfad7fcdd2ead68d4ed16eb3d262ddbd77f71,,complete,,524032,"[16, 64]",
,four_over_six_rows,,,,,,,wiki,,,,,,,,03feb0d0f1558eb70c5e36ff4f7151306d500e6ae7ab4a0ba5618519883e844c,P20_K2_DENSITY_DEV,1.7086824658934705,,mistral7b,,,p20_global_random_2026091404,5.5216816790480845,,,,raw_ppl,,P20_quality_mistral7b_attempt1,,30611,31345664,,runs/P20_quality_mistral7b_attempt1/ppl/ppl_report.json,0e0cba671128aaf22cf844c02e5dfad7fcdd2ead68d4ed16eb3d262ddbd77f71,,complete,,333661,"[16, 64]",
,four_over_six_rows,,,,,,,c4,,,,,,,,861af7b5a7a315ab17598c7036b375db33500b5af50d2a6df72f2b173af0145b,P20_K2_DENSITY_DEV,2.0874471730902036,,mistral7b,,,p20_global_random_2026091405,8.064302097300756,,,,raw_ppl,,P20_quality_mistral7b_attempt1,,30611,31345664,,runs/P20_quality_mistral7b_attempt1/ppl/ppl_report.json,0e0cba671128aaf22cf844c02e5dfad7fcdd2ead68d4ed16eb3d262ddbd77f71,,complete,,524032,"[16, 64]",
,four_over_six_rows,,,,,,,wiki,,,,,,,,861af7b5a7a315ab17598c7036b375db33500b5af50d2a6df72f2b173af0145b,P20_K2_DENSITY_DEV,1.7088817624321606,,mistral7b,,,p20_global_random_2026091405,5.522782240759894,,,,raw_ppl,,P20_quality_mistral7b_attempt1,,30611,31345664,,runs/P20_quality_mistral7b_attempt1/ppl/ppl_report.json,0e0cba671128aaf22cf844c02e5dfad7fcdd2ead68d4ed16eb3d262ddbd77f71,,complete,,333661,"[16, 64]",
,four_over_six_rows,,,,,,,c4,,,,,,,,dd3752a7ace40d2fee21eb33c7becf798ffb6923ba5b69f09f35d942dd9a1940,P20_K2_DENSITY_DEV,2.087437647696845,,mistral7b,,,p20_global_weight_mse,8.064225282016965,,,,raw_ppl,,P20_quality_mistral7b_attempt1,,30611,31345664,,runs/P20_quality_mistral7b_attempt1/ppl/ppl_report.json,0e0cba671128aaf22cf844c02e5dfad7fcdd2ead68d4ed16eb3d262ddbd77f71,,complete,,524032,"[16, 64]",
,four_over_six_rows,,,,,,,wiki,,,,,,,,dd3752a7ace40d2fee21eb33c7becf798ffb6923ba5b69f09f35d942dd9a1940,P20_K2_DENSITY_DEV,1.7089408222095883,,mistral7b,,,p20_global_weight_mse,5.523108424681896,,,,raw_ppl,,P20_quality_mistral7b_attempt1,,30611,31345664,,runs/P20_quality_mistral7b_attempt1/ppl/ppl_report.json,0e0cba671128aaf22cf844c02e5dfad7fcdd2ead68d4ed16eb3d262ddbd77f71,,complete,,333661,"[16, 64]",
,four_over_six_rows,,,,,,,c4,,,,,,,,a412425026ee69b0ef8b99de487fdd531d8b31fbda88c669d1ab7b91e39a323a,P20_K2_DENSITY_DEV,2.087637694340963,,mistral7b,,,p20_per_module_activation_weighted,8.065838664592548,,,,raw_ppl,,P20_quality_mistral7b_attempt1,,30611,31345664,,runs/P20_quality_mistral7b_attempt1/ppl/ppl_report.json,0e0cba671128aaf22cf844c02e5dfad7fcdd2ead68d4ed16eb3d262ddbd77f71,,complete,,524032,"[16, 64]",
,four_over_six_rows,,,,,,,wiki,,,,,,,,a412425026ee69b0ef8b99de487fdd531d8b31fbda88c669d1ab7b91e39a323a,P20_K2_DENSITY_DEV,1.708728222872911,,mistral7b,,,p20_per_module_activation_weighted,5.521934340303614,,,,raw_ppl,,P20_quality_mistral7b_attempt1,,30611,31345664,,runs/P20_quality_mistral7b_attempt1/ppl/ppl_report.json,0e0cba671128aaf22cf844c02e5dfad7fcdd2ead68d4ed16eb3d262ddbd77f71,,complete,,333661,"[16, 64]",
,four_over_six_rows,,,,,,,c4,,,,,,,,efdd38f40a5687b311afd4428ff1d4eac49b1d0e75c2888ca81a5440ffaa0417,P20_K2_DENSITY_DEV,2.087651945313937,,mistral7b,,,p20_per_module_change_norm,8.06595361146042,,,,raw_ppl,,P20_quality_mistral7b_attempt1,,30611,31345664,,runs/P20_quality_mistral7b_attempt1/ppl/ppl_report.json,0e0cba671128aaf22cf844c02e5dfad7fcdd2ead68d4ed16eb3d262ddbd77f71,,complete,,524032,"[16, 64]",
,four_over_six_rows,,,,,,,wiki,,,,,,,,efdd38f40a5687b311afd4428ff1d4eac49b1d0e75c2888ca81a5440ffaa0417,P20_K2_DENSITY_DEV,1.7087484443533805,,mistral7b,,,p20_per_module_change_norm,5.522046003120019,,,,raw_ppl,,P20_quality_mistral7b_attempt1,,30611,31345664,,runs/P20_quality_mistral7b_attempt1/ppl/ppl_report.json,0e0cba671128aaf22cf844c02e5dfad7fcdd2ead68d4ed16eb3d262ddbd77f71,,complete,,333661,"[16, 64]",
,four_over_six_rows,,,,,,,c4,,,,,,,,3d6f1ade4de68809f1d93dabc65236b047f6acc0c476ab4aed6b3c084bf17418,P20_K2_DENSITY_DEV,2.0878963008888114,,mistral7b,,,p20_per_module_magnitude,8.067924813019296,,,,raw_ppl,,P20_quality_mistral7b_attempt1,,30611,31345664,,runs/P20_quality_mistral7b_attempt1/ppl/ppl_report.json,0e0cba671128aaf22cf844c02e5dfad7fcdd2ead68d4ed16eb3d262ddbd77f71,,complete,,524032,"[16, 64]",
,four_over_six_rows,,,,,,,wiki,,,,,,,,3d6f1ade4de68809f1d93dabc65236b047f6acc0c476ab4aed6b3c084bf17418,P20_K2_DENSITY_DEV,1.7077566090976999,,mistral7b,,,p20_per_module_magnitude,5.516571758433842,,,,raw_ppl,,P20_quality_mistral7b_attempt1,,30611,31345664,,runs/P20_quality_mistral7b_attempt1/ppl/ppl_report.json,0e0cba671128aaf22cf844c02e5dfad7fcdd2ead68d4ed16eb3d262ddbd77f71,,complete,,333661,"[16, 64]",
,four_over_six_rows,,,,,,,c4,,,,,,,,10a96f7b39dd35e8e65fb53ce4da223937bd2a9f20796b06e7bbbfe67115faff,P20_K2_DENSITY_DEV,2.084978281966082,,mistral7b,,,p20_per_module_n8_u2_matched,8.04441677088423,,,,raw_ppl,,P20_quality_mistral7b_attempt1,,61222,31345664,,runs/P20_quality_mistral7b_attempt1/ppl/ppl_report.json,0e0cba671128aaf22cf844c02e5dfad7fcdd2ead68d4ed16eb3d262ddbd77f71,,complete,,524032,"[8, 64]",
,four_over_six_rows,,,,,,,wiki,,,,,,,,10a96f7b39dd35e8e65fb53ce4da223937bd2a9f20796b06e7bbbfe67115faff,P20_K2_DENSITY_DEV,1.7037495501024973,,mistral7b,,,p20_per_module_n8_u2_matched,5.494510759327553,,,,raw_ppl,,P20_quality_mistral7b_attempt1,,61222,31345664,,runs/P20_quality_mistral7b_attempt1/ppl/ppl_report.json,0e0cba671128aaf22cf844c02e5dfad7fcdd2ead68d4ed16eb3d262ddbd77f71,,complete,,333661,"[8, 64]",
,four_over_six_rows,,,,,,,c4,,,,,,,,31c0ad5d3e20a4972180670a516baa54746cec6d1f99980be6fc90417d0dbc07,P20_K2_DENSITY_DEV,2.0878430944446564,,mistral7b,,,p20_per_module_random_2026091401,8.06749555884793,,,,raw_ppl,,P20_quality_mistral7b_attempt1,,30611,31345664,,runs/P20_quality_mistral7b_attempt1/ppl/ppl_report.json,0e0cba671128aaf22cf844c02e5dfad7fcdd2ead68d4ed16eb3d262ddbd77f71,,complete,,524032,"[16, 64]",
,four_over_six_rows,,,,,,,wiki,,,,,,,,31c0ad5d3e20a4972180670a516baa54746cec6d1f99980be6fc90417d0dbc07,P20_K2_DENSITY_DEV,1.7088854360793797,,mistral7b,,,p20_per_module_random_2026091401,5.522802529550781,,,,raw_ppl,,P20_quality_mistral7b_attempt1,,30611,31345664,,runs/P20_quality_mistral7b_attempt1/ppl/ppl_report.json,0e0cba671128aaf22cf844c02e5dfad7fcdd2ead68d4ed16eb3d262ddbd77f71,,complete,,333661,"[16, 64]",
,four_over_six_rows,,,,,,,c4,,,,,,,,7867f2c91a3bbfb7c4e71bcc7ca93cb33fd66b4c09b11c678ca48a7808712f54,P20_K2_DENSITY_DEV,2.0876282882792223,,mistral7b,,,p20_per_module_random_2026091402,8.065762797172885,,,,raw_ppl,,P20_quality_mistral7b_attempt1,,30611,31345664,,runs/P20_quality_mistral7b_attempt1/ppl/ppl_report.json,0e0cba671128aaf22cf844c02e5dfad7fcdd2ead68d4ed16eb3d262ddbd77f71,,complete,,524032,"[16, 64]",
,four_over_six_rows,,,,,,,wiki,,,,,,,,7867f2c91a3bbfb7c4e71bcc7ca93cb33fd66b4c09b11c678ca48a7808712f54,P20_K2_DENSITY_DEV,1.7085976062546417,,mistral7b,,,p20_per_module_random_2026091402,5.521213131015762,,,,raw_ppl,,P20_quality_mistral7b_attempt1,,30611,31345664,,runs/P20_quality_mistral7b_attempt1/ppl/ppl_report.json,0e0cba671128aaf22cf844c02e5dfad7fcdd2ead68d4ed16eb3d262ddbd77f71,,complete,,333661,"[16, 64]",
,four_over_six_rows,,,,,,,c4,,,,,,,,fb80d964f411618a47c93f81746ed8c0170e3c2c631097f4e43b1ccd7d45eba0,P20_K2_DENSITY_DEV,2.0876165056357174,,mistral7b,,,p20_per_module_random_2026091403,8.065667761725138,,,,raw_ppl,,P20_quality_mistral7b_attempt1,,30611,31345664,,runs/P20_quality_mistral7b_attempt1/ppl/ppl_report.json,0e0cba671128aaf22cf844c02e5dfad7fcdd2ead68d4ed16eb3d262ddbd77f71,,complete,,524032,"[16, 64]",
,four_over_six_rows,,,,,,,wiki,,,,,,,,fb80d964f411618a47c93f81746ed8c0170e3c2c631097f4e43b1ccd7d45eba0,P20_K2_DENSITY_DEV,1.7092799840100574,,mistral7b,,,p20_per_module_random_2026091403,5.524981969778901,,,,raw_ppl,,P20_quality_mistral7b_attempt1,,30611,31345664,,runs/P20_quality_mistral7b_attempt1/ppl/ppl_report.json,0e0cba671128aaf22cf844c02e5dfad7fcdd2ead68d4ed16eb3d262ddbd77f71,,complete,,333661,"[16, 64]",
,four_over_six_rows,,,,,,,c4,,,,,,,,efcffe46902b2dfeb5704fbe11ab94ae9e421f5cf9e6aadcbef490845bc85e99,P20_K2_DENSITY_DEV,2.0878933037752527,,mistral7b,,,p20_per_module_random_2026091404,8.067900632568684,,,,raw_ppl,,P20_quality_mistral7b_attempt1,,30611,31345664,,runs/P20_quality_mistral7b_attempt1/ppl/ppl_report.json,0e0cba671128aaf22cf844c02e5dfad7fcdd2ead68d4ed16eb3d262ddbd77f71,,complete,,524032,"[16, 64]",
,four_over_six_rows,,,,,,,wiki,,,,,,,,efcffe46902b2dfeb5704fbe11ab94ae9e421f5cf9e6aadcbef490845bc85e99,P20_K2_DENSITY_DEV,1.7086184115052303,,mistral7b,,,p20_per_module_random_2026091404,5.521328002433466,,,,raw_ppl,,P20_quality_mistral7b_attempt1,,30611,31345664,,runs/P20_quality_mistral7b_attempt1/ppl/ppl_report.json,0e0cba671128aaf22cf844c02e5dfad7fcdd2ead68d4ed16eb3d262ddbd77f71,,complete,,333661,"[16, 64]",
,four_over_six_rows,,,,,,,c4,,,,,,,,abd97db2961754354864ca5870a6d744cdb9bee75bf5fd6a3bafa83736506b76,P20_K2_DENSITY_DEV,2.087585552420236,,mistral7b,,,p20_per_module_random_2026091405,8.065418107236733,,,,raw_ppl,,P20_quality_mistral7b_attempt1,,30611,31345664,,runs/P20_quality_mistral7b_attempt1/ppl/ppl_report.json,0e0cba671128aaf22cf844c02e5dfad7fcdd2ead68d4ed16eb3d262ddbd77f71,,complete,,524032,"[16, 64]",
,four_over_six_rows,,,,,,,wiki,,,,,,,,abd97db2961754354864ca5870a6d744cdb9bee75bf5fd6a3bafa83736506b76,P20_K2_DENSITY_DEV,1.708832741744011,,mistral7b,,,p20_per_module_random_2026091405,5.522511516809543,,,,raw_ppl,,P20_quality_mistral7b_attempt1,,30611,31345664,,runs/P20_quality_mistral7b_attempt1/ppl/ppl_report.json,0e0cba671128aaf22cf844c02e5dfad7fcdd2ead68d4ed16eb3d262ddbd77f71,,complete,,333661,"[16, 64]",
,four_over_six_rows,,,,,,,c4,,,,,,,,9b1a6dafa5cd27f9b6652463e0351b46f1b238a16e154dddd88e7503c2baaa15,P20_K2_DENSITY_DEV,2.087156076083694,,mistral7b,,,p20_per_module_weight_mse,8.061954944741757,,,,raw_ppl,,P20_quality_mistral7b_attempt1,,30611,31345664,,runs/P20_quality_mistral7b_attempt1/ppl/ppl_report.json,0e0cba671128aaf22cf844c02e5dfad7fcdd2ead68d4ed16eb3d262ddbd77f71,,complete,,524032,"[16, 64]",
,four_over_six_rows,,,,,,,wiki,,,,,,,,9b1a6dafa5cd27f9b6652463e0351b46f1b238a16e154dddd88e7503c2baaa15,P20_K2_DENSITY_DEV,1.7082761576366705,,mistral7b,,,p20_per_module_weight_mse,5.519438629906017,,,,raw_ppl,,P20_quality_mistral7b_attempt1,,30611,31345664,,runs/P20_quality_mistral7b_attempt1/ppl/ppl_report.json,0e0cba671128aaf22cf844c02e5dfad7fcdd2ead68d4ed16eb3d262ddbd77f71,,complete,,333661,"[16, 64]",
,four_over_six_rows,,,,,,,c4,,,,,,,,8129f0cb532101d20b13a82436d06ccbc13ca3d9008edd0d18504036358899b4,P20_K2_DENSITY_DEV,2.7320897910283586,,qwen4b,,,n16_k2_reference,15.364963054070836,,,,raw_ppl,,P20_quality_qwen4b_attempt1,,32532,33312768,,runs/P20_quality_qwen4b_attempt1/ppl/ppl_report.json,9ae2320347f74f1cffba7b0a0ce157b7ab7f92d34b4fa3ab76033ba693ff462b,,complete,,524032,"[16, 64]",
,four_over_six_rows,,,,,,,wiki,,,,,,,,8129f0cb532101d20b13a82436d06ccbc13ca3d9008edd0d18504036358899b4,P20_K2_DENSITY_DEV,2.412878510379226,,qwen4b,,,n16_k2_reference,11.16605653908429,,,,raw_ppl,,P20_quality_qwen4b_attempt1,,32532,33312768,,runs/P20_quality_qwen4b_attempt1/ppl/ppl_report.json,9ae2320347f74f1cffba7b0a0ce157b7ab7f92d34b4fa3ab76033ba693ff462b,,complete,,298862,"[16, 64]",
,four_over_six_rows,,,,,,,c4,,,,,,,,68c7cbe4904e216db93ded017b598d381246669b7ac7728798b4e46f96d444e8,P20_K2_DENSITY_DEV,2.850656336955398,,qwen4b,,,p20_global_activation_weighted,17.299132175081006,,,,raw_ppl,,P20_quality_qwen4b_attempt1,,32532,33312768,,runs/P20_quality_qwen4b_attempt1/ppl/ppl_report.json,9ae2320347f74f1cffba7b0a0ce157b7ab7f92d34b4fa3ab76033ba693ff462b,,complete,,524032,"[16, 64]",
,four_over_six_rows,,,,,,,wiki,,,,,,,,68c7cbe4904e216db93ded017b598d381246669b7ac7728798b4e46f96d444e8,P20_K2_DENSITY_DEV,2.6508099936125182,,qwen4b,,,p20_global_activation_weighted,14.165507970682937,,,,raw_ppl,,P20_quality_qwen4b_attempt1,,32532,33312768,,runs/P20_quality_qwen4b_attempt1/ppl/ppl_report.json,9ae2320347f74f1cffba7b0a0ce157b7ab7f92d34b4fa3ab76033ba693ff462b,,complete,,298862,"[16, 64]",
,four_over_six_rows,,,,,,,c4,,,,,,,,b49eef755fbb3d47243c3ec2a6395b12ed79123e4029db20348e5ec4ced570a7,P20_K2_DENSITY_DEV,2.850378227223744,,qwen4b,,,p20_global_change_norm,17.294321787012816,,,,raw_ppl,,P20_quality_qwen4b_attempt1,,32532,33312768,,runs/P20_quality_qwen4b_attempt1/ppl/ppl_report.json,9ae2320347f74f1cffba7b0a0ce157b7ab7f92d34b4fa3ab76033ba693ff462b,,complete,,524032,"[16, 64]",
,four_over_six_rows,,,,,,,wiki,,,,,,,,b49eef755fbb3d47243c3ec2a6395b12ed79123e4029db20348e5ec4ced570a7,P20_K2_DENSITY_DEV,2.6681057202552365,,qwen4b,,,p20_global_change_norm,14.412641742735097,,,,raw_ppl,,P20_quality_qwen4b_attempt1,,32532,33312768,,runs/P20_quality_qwen4b_attempt1/ppl/ppl_report.json,9ae2320347f74f1cffba7b0a0ce157b7ab7f92d34b4fa3ab76033ba693ff462b,,complete,,298862,"[16, 64]",
,four_over_six_rows,,,,,,,c4,,,,,,,,a0e42d7d86d3fdb24463f462006f1b43531f389d1a7299c72a6473c5638ad482,P20_K2_DENSITY_DEV,2.8535732384185177,,qwen4b,,,p20_global_magnitude,17.349665703865636,,,,raw_ppl,,P20_quality_qwen4b_attempt1,,32532,33312768,,runs/P20_quality_qwen4b_attempt1/ppl/ppl_report.json,9ae2320347f74f1cffba7b0a0ce157b7ab7f92d34b4fa3ab76033ba693ff462b,,complete,,524032,"[16, 64]",
,four_over_six_rows,,,,,,,wiki,,,,,,,,a0e42d7d86d3fdb24463f462006f1b43531f389d1a7299c72a6473c5638ad482,P20_K2_DENSITY_DEV,2.6672573003358333,,qwen4b,,,p20_global_magnitude,14.400418956150322,,,,raw_ppl,,P20_quality_qwen4b_attempt1,,32532,33312768,,runs/P20_quality_qwen4b_attempt1/ppl/ppl_report.json,9ae2320347f74f1cffba7b0a0ce157b7ab7f92d34b4fa3ab76033ba693ff462b,,complete,,298862,"[16, 64]",
,four_over_six_rows,,,,,,,c4,,,,,,,,89d0ec3f2995a9f2fe35be1d0086532f6b5d93ec842c2e10856880c4a20a16d6,P20_K2_DENSITY_DEV,2.7200881464017725,,qwen4b,,,p20_global_n8_u2_matched,15.181660394713212,,,,raw_ppl,,P20_quality_qwen4b_attempt1,,65064,33312768,,runs/P20_quality_qwen4b_attempt1/ppl/ppl_report.json,9ae2320347f74f1cffba7b0a0ce157b7ab7f92d34b4fa3ab76033ba693ff462b,,complete,,524032,"[8, 64]",
,four_over_six_rows,,,,,,,wiki,,,,,,,,89d0ec3f2995a9f2fe35be1d0086532f6b5d93ec842c2e10856880c4a20a16d6,P20_K2_DENSITY_DEV,2.385580168602433,,qwen4b,,,p20_global_n8_u2_matched,10.865364580040433,,,,raw_ppl,,P20_quality_qwen4b_attempt1,,65064,33312768,,runs/P20_quality_qwen4b_attempt1/ppl/ppl_report.json,9ae2320347f74f1cffba7b0a0ce157b7ab7f92d34b4fa3ab76033ba693ff462b,,complete,,298862,"[8, 64]",
,four_over_six_rows,,,,,,,c4,,,,,,,,58a9d28faaef65adc981e05171546ae9c7f7ff07f22c7682294abd0af785a7aa,P20_K2_DENSITY_DEV,2.852403484653606,,qwen4b,,,p20_global_random_2026091401,17.329382732442475,,,,raw_ppl,,P20_quality_qwen4b_attempt1,,32532,33312768,,runs/P20_quality_qwen4b_attempt1/ppl/ppl_report.json,9ae2320347f74f1cffba7b0a0ce157b7ab7f92d34b4fa3ab76033ba693ff462b,,complete,,524032,"[16, 64]",
,four_over_six_rows,,,,,,,wiki,,,,,,,,58a9d28faaef65adc981e05171546ae9c7f7ff07f22c7682294abd0af785a7aa,P20_K2_DENSITY_DEV,2.657312730700773,,qwen4b,,,p20_global_random_2026091401,14.257922693409661,,,,raw_ppl,,P20_quality_qwen4b_attempt1,,32532,33312768,,runs/P20_quality_qwen4b_attempt1/ppl/ppl_report.json,9ae2320347f74f1cffba7b0a0ce157b7ab7f92d34b4fa3ab76033ba693ff462b,,complete,,298862,"[16, 64]",
,four_over_six_rows,,,,,,,c4,,,,,,,,4d53993011360aa4d5c840cd75300b69b7d0531919efcbe32ff1884b084bf4cd,P20_K2_DENSITY_DEV,2.849905089922671,,qwen4b,,,p20_global_random_2026091402,17.286141133717347,,,,raw_ppl,,P20_quality_qwen4b_attempt1,,32532,33312768,,runs/P20_quality_qwen4b_attempt1/ppl/ppl_report.json,9ae2320347f74f1cffba7b0a0ce157b7ab7f92d34b4fa3ab76033ba693ff462b,,complete,,524032,"[16, 64]",
,four_over_six_rows,,,,,,,wiki,,,,,,,,4d53993011360aa4d5c840cd75300b69b7d0531919efcbe32ff1884b084bf4cd,P20_K2_DENSITY_DEV,2.6496016131924582,,qwen4b,,,p20_global_random_2026091402,14.14840098616514,,,,raw_ppl,,P20_quality_qwen4b_attempt1,,32532,33312768,,runs/P20_quality_qwen4b_attempt1/ppl/ppl_report.json,9ae2320347f74f1cffba7b0a0ce157b7ab7f92d34b4fa3ab76033ba693ff462b,,complete,,298862,"[16, 64]",
,four_over_six_rows,,,,,,,c4,,,,,,,,053d23c902c332683089b1da3774987ec6f84a1bcdd8e73f7445e0fb84a652f2,P20_K2_DENSITY_DEV,2.8514179321109,,qwen4b,,,p20_global_random_2026091403,17.31231212859725,,,,raw_ppl,,P20_quality_qwen4b_attempt1,,32532,33312768,,runs/P20_quality_qwen4b_attempt1/ppl/ppl_report.json,9ae2320347f74f1cffba7b0a0ce157b7ab7f92d34b4fa3ab76033ba693ff462b,,complete,,524032,"[16, 64]",
,four_over_six_rows,,,,,,,wiki,,,,,,,,053d23c902c332683089b1da3774987ec6f84a1bcdd8e73f7445e0fb84a652f2,P20_K2_DENSITY_DEV,2.650826724427185,,qwen4b,,,p20_global_random_2026091403,14.16574497315407,,,,raw_ppl,,P20_quality_qwen4b_attempt1,,32532,33312768,,runs/P20_quality_qwen4b_attempt1/ppl/ppl_report.json,9ae2320347f74f1cffba7b0a0ce157b7ab7f92d34b4fa3ab76033ba693ff462b,,complete,,298862,"[16, 64]",
,four_over_six_rows,,,,,,,c4,,,,,,,,19649fcc9a8676fd56641b0e152e2e0980d8be43fbe4a8dcbb434ed328f64817,P20_K2_DENSITY_DEV,2.849004380855422,,qwen4b,,,p20_global_random_2026091404,17.270578359478538,,,,raw_ppl,,P20_quality_qwen4b_attempt1,,32532,33312768,,runs/P20_quality_qwen4b_attempt1/ppl/ppl_report.json,9ae2320347f74f1cffba7b0a0ce157b7ab7f92d34b4fa3ab76033ba693ff462b,,complete,,524032,"[16, 64]",
,four_over_six_rows,,,,,,,wiki,,,,,,,,19649fcc9a8676fd56641b0e152e2e0980d8be43fbe4a8dcbb434ed328f64817,P20_K2_DENSITY_DEV,2.6522688272736894,,qwen4b,,,p20_global_random_2026091404,14.186188171356964,,,,raw_ppl,,P20_quality_qwen4b_attempt1,,32532,33312768,,runs/P20_quality_qwen4b_attempt1/ppl/ppl_report.json,9ae2320347f74f1cffba7b0a0ce157b7ab7f92d34b4fa3ab76033ba693ff462b,,complete,,298862,"[16, 64]",
,four_over_six_rows,,,,,,,c4,,,,,,,,dce62c6a779284087a5b6118d9aee2d6603b113674ecaac81b5ac6b32bbc57b5,P20_K2_DENSITY_DEV,2.8520567112392823,,qwen4b,,,p20_global_random_2026091405,17.323374405048536,,,,raw_ppl,,P20_quality_qwen4b_attempt1,,32532,33312768,,runs/P20_quality_qwen4b_attempt1/ppl/ppl_report.json,9ae2320347f74f1cffba7b0a0ce157b7ab7f92d34b4fa3ab76033ba693ff462b,,complete,,524032,"[16, 64]",
,four_over_six_rows,,,,,,,wiki,,,,,,,,dce62c6a779284087a5b6118d9aee2d6603b113674ecaac81b5ac6b32bbc57b5,P20_K2_DENSITY_DEV,2.655583387427571,,qwen4b,,,p20_global_random_2026091405,14.233287158497914,,,,raw_ppl,,P20_quality_qwen4b_attempt1,,32532,33312768,,runs/P20_quality_qwen4b_attempt1/ppl/ppl_report.json,9ae2320347f74f1cffba7b0a0ce157b7ab7f92d34b4fa3ab76033ba693ff462b,,complete,,298862,"[16, 64]",
,four_over_six_rows,,,,,,,c4,,,,,,,,978bc473e94e6c7a4eb5eec0d8b5df2d7460c2cb651a19f3809fdec8d82966b9,P20_K2_DENSITY_DEV,2.849760082628099,,qwen4b,,,p20_global_weight_mse,17.283634698888008,,,,raw_ppl,,P20_quality_qwen4b_attempt1,,32532,33312768,,runs/P20_quality_qwen4b_attempt1/ppl/ppl_report.json,9ae2320347f74f1cffba7b0a0ce157b7ab7f92d34b4fa3ab76033ba693ff462b,,complete,,524032,"[16, 64]",
,four_over_six_rows,,,,,,,wiki,,,,,,,,978bc473e94e6c7a4eb5eec0d8b5df2d7460c2cb651a19f3809fdec8d82966b9,P20_K2_DENSITY_DEV,2.6561928407006805,,qwen4b,,,p20_global_weight_mse,14.241964325839206,,,,raw_ppl,,P20_quality_qwen4b_attempt1,,32532,33312768,,runs/P20_quality_qwen4b_attempt1/ppl/ppl_report.json,9ae2320347f74f1cffba7b0a0ce157b7ab7f92d34b4fa3ab76033ba693ff462b,,complete,,298862,"[16, 64]",
,four_over_six_rows,,,,,,,c4,,,,,,,,a5b993f0d14e67b22fcdf4745332b584d764aac1e137b9fc4a33e3023f6b087e,P20_K2_DENSITY_DEV,2.852983118259585,,qwen4b,,,p20_per_module_activation_weighted,17.33943033672831,,,,raw_ppl,,P20_quality_qwen4b_attempt1,,32532,33312768,,runs/P20_quality_qwen4b_attempt1/ppl/ppl_report.json,9ae2320347f74f1cffba7b0a0ce157b7ab7f92d34b4fa3ab76033ba693ff462b,,complete,,524032,"[16, 64]",
,four_over_six_rows,,,,,,,wiki,,,,,,,,a5b993f0d14e67b22fcdf4745332b584d764aac1e137b9fc4a33e3023f6b087e,P20_K2_DENSITY_DEV,2.6540684015504565,,qwen4b,,,p20_per_module_activation_weighted,14.211740255216132,,,,raw_ppl,,P20_quality_qwen4b_attempt1,,32532,33312768,,runs/P20_quality_qwen4b_attempt1/ppl/ppl_report.json,9ae2320347f74f1cffba7b0a0ce157b7ab7f92d34b4fa3ab76033ba693ff462b,,complete,,298862,"[16, 64]",
,four_over_six_rows,,,,,,,c4,,,,,,,,a34ae383a7d7af4bfe96aa3c2863ff27eaada55e9021fb44a73fa2732f888904,P20_K2_DENSITY_DEV,2.8489795560440703,,qwen4b,,,p20_per_module_change_norm,17.270149625950463,,,,raw_ppl,,P20_quality_qwen4b_attempt1,,32532,33312768,,runs/P20_quality_qwen4b_attempt1/ppl/ppl_report.json,9ae2320347f74f1cffba7b0a0ce157b7ab7f92d34b4fa3ab76033ba693ff462b,,complete,,524032,"[16, 64]",
,four_over_six_rows,,,,,,,wiki,,,,,,,,a34ae383a7d7af4bfe96aa3c2863ff27eaada55e9021fb44a73fa2732f888904,P20_K2_DENSITY_DEV,2.65519848220811,,qwen4b,,,p20_per_module_change_norm,14.227809746190436,,,,raw_ppl,,P20_quality_qwen4b_attempt1,,32532,33312768,,runs/P20_quality_qwen4b_attempt1/ppl/ppl_report.json,9ae2320347f74f1cffba7b0a0ce157b7ab7f92d34b4fa3ab76033ba693ff462b,,complete,,298862,"[16, 64]",
,four_over_six_rows,,,,,,,c4,,,,,,,,59596a56154e66ca7c609605a7e00cc35ac168251a478b004948fe627e230481,P20_K2_DENSITY_DEV,2.846397352507204,,qwen4b,,,p20_per_module_magnitude,17.22561211171469,,,,raw_ppl,,P20_quality_qwen4b_attempt1,,32532,33312768,,runs/P20_quality_qwen4b_attempt1/ppl/ppl_report.json,9ae2320347f74f1cffba7b0a0ce157b7ab7f92d34b4fa3ab76033ba693ff462b,,complete,,524032,"[16, 64]",
,four_over_six_rows,,,,,,,wiki,,,,,,,,59596a56154e66ca7c609605a7e00cc35ac168251a478b004948fe627e230481,P20_K2_DENSITY_DEV,2.662820027523448,,qwen4b,,,p20_per_module_magnitude,14.336661926906851,,,,raw_ppl,,P20_quality_qwen4b_attempt1,,32532,33312768,,runs/P20_quality_qwen4b_attempt1/ppl/ppl_report.json,9ae2320347f74f1cffba7b0a0ce157b7ab7f92d34b4fa3ab76033ba693ff462b,,complete,,298862,"[16, 64]",
,four_over_six_rows,,,,,,,c4,,,,,,,,5b174ce357020613c1bda275351d0cc944743a3966e529f0d3b6feca7378030f,P20_K2_DENSITY_DEV,2.7192694192785223,,qwen4b,,,p20_per_module_n8_u2_matched,15.169235844424275,,,,raw_ppl,,P20_quality_qwen4b_attempt1,,65064,33312768,,runs/P20_quality_qwen4b_attempt1/ppl/ppl_report.json,9ae2320347f74f1cffba7b0a0ce157b7ab7f92d34b4fa3ab76033ba693ff462b,,complete,,524032,"[8, 64]",
,four_over_six_rows,,,,,,,wiki,,,,,,,,5b174ce357020613c1bda275351d0cc944743a3966e529f0d3b6feca7378030f,P20_K2_DENSITY_DEV,2.3844282617638357,,qwen4b,,,p20_per_module_n8_u2_matched,10.852855898078115,,,,raw_ppl,,P20_quality_qwen4b_attempt1,,65064,33312768,,runs/P20_quality_qwen4b_attempt1/ppl/ppl_report.json,9ae2320347f74f1cffba7b0a0ce157b7ab7f92d34b4fa3ab76033ba693ff462b,,complete,,298862,"[8, 64]",
,four_over_six_rows,,,,,,,c4,,,,,,,,1e24b80fedefc1b225a82a252746d6e0c61f1d88f4e7fe99fc465932775f32a2,P20_K2_DENSITY_DEV,2.8519181054042346,,qwen4b,,,p20_per_module_random_2026091401,17.32097345067027,,,,raw_ppl,,P20_quality_qwen4b_attempt1,,32532,33312768,,runs/P20_quality_qwen4b_attempt1/ppl/ppl_report.json,9ae2320347f74f1cffba7b0a0ce157b7ab7f92d34b4fa3ab76033ba693ff462b,,complete,,524032,"[16, 64]",
,four_over_six_rows,,,,,,,wiki,,,,,,,,1e24b80fedefc1b225a82a252746d6e0c61f1d88f4e7fe99fc465932775f32a2,P20_K2_DENSITY_DEV,2.6561480539566884,,qwen4b,,,p20_per_module_random_2026091401,14.241326488912426,,,,raw_ppl,,P20_quality_qwen4b_attempt1,,32532,33312768,,runs/P20_quality_qwen4b_attempt1/ppl/ppl_report.json,9ae2320347f74f1cffba7b0a0ce157b7ab7f92d34b4fa3ab76033ba693ff462b,,complete,,298862,"[16, 64]",
,four_over_six_rows,,,,,,,c4,,,,,,,,a407c4b1d070791303fd358e1d8b8d1755fb02748cb817b171b4248567458be7,P20_K2_DENSITY_DEV,2.8493492892773022,,qwen4b,,,p20_per_module_random_2026091402,17.276536154793288,,,,raw_ppl,,P20_quality_qwen4b_attempt1,,32532,33312768,,runs/P20_quality_qwen4b_attempt1/ppl/ppl_report.json,9ae2320347f74f1cffba7b0a0ce157b7ab7f92d34b4fa3ab76033ba693ff462b,,complete,,524032,"[16, 64]",
,four_over_six_rows,,,,,,,wiki,,,,,,,,a407c4b1d070791303fd358e1d8b8d1755fb02748cb817b171b4248567458be7,P20_K2_DENSITY_DEV,2.6455428663243317,,qwen4b,,,p20_per_module_random_2026091402,14.091092586788905,,,,raw_ppl,,P20_quality_qwen4b_attempt1,,32532,33312768,,runs/P20_quality_qwen4b_attempt1/ppl/ppl_report.json,9ae2320347f74f1cffba7b0a0ce157b7ab7f92d34b4fa3ab76033ba693ff462b,,complete,,298862,"[16, 64]",
,four_over_six_rows,,,,,,,c4,,,,,,,,196ef56a1ab6fddee43dde2873a62adff93f2f0a9d78da8de1a8e07c697ccd05,P20_K2_DENSITY_DEV,2.8529217308667394,,qwen4b,,,p20_per_module_random_2026091403,17.338365946976904,,,,raw_ppl,,P20_quality_qwen4b_attempt1,,32532,33312768,,runs/P20_quality_qwen4b_attempt1/ppl/ppl_report.json,9ae2320347f74f1cffba7b0a0ce157b7ab7f92d34b4fa3ab76033ba693ff462b,,complete,,524032,"[16, 64]",
,four_over_six_rows,,,,,,,wiki,,,,,,,,196ef56a1ab6fddee43dde2873a62adff93f2f0a9d78da8de1a8e07c697ccd05,P20_K2_DENSITY_DEV,2.6562188137902747,,qwen4b,,,p20_per_module_random_2026091403,14.242334238458504,,,,raw_ppl,,P20_quality_qwen4b_attempt1,,32532,33312768,,runs/P20_quality_qwen4b_attempt1/ppl/ppl_report.json,9ae2320347f74f1cffba7b0a0ce157b7ab7f92d34b4fa3ab76033ba693ff462b,,complete,,298862,"[16, 64]",
,four_over_six_rows,,,,,,,c4,,,,,,,,3eb3cf47e774065b2a57cdf34069ee23fe3a2ea1eaa67a5e3acc211b694ec30e,P20_K2_DENSITY_DEV,2.852338007734313,,qwen4b,,,p20_per_module_random_2026091404,17.328248094994592,,,,raw_ppl,,P20_quality_qwen4b_attempt1,,32532,33312768,,runs/P20_quality_qwen4b_attempt1/ppl/ppl_report.json,9ae2320347f74f1cffba7b0a0ce157b7ab7f92d34b4fa3ab76033ba693ff462b,,complete,,524032,"[16, 64]",
,four_over_six_rows,,,,,,,wiki,,,,,,,,3eb3cf47e774065b2a57cdf34069ee23fe3a2ea1eaa67a5e3acc211b694ec30e,P20_K2_DENSITY_DEV,2.6502085966583118,,qwen4b,,,p20_per_module_random_2026091404,14.156991438499526,,,,raw_ppl,,P20_quality_qwen4b_attempt1,,32532,33312768,,runs/P20_quality_qwen4b_attempt1/ppl/ppl_report.json,9ae2320347f74f1cffba7b0a0ce157b7ab7f92d34b4fa3ab76033ba693ff462b,,complete,,298862,"[16, 64]",
,four_over_six_rows,,,,,,,c4,,,,,,,,bbc941a3a5dc6829ec5fd825f4d78d25807b011ed3c3f8a4fa1b67c028e25d62,P20_K2_DENSITY_DEV,2.8513494819588026,,qwen4b,,,p20_per_module_random_2026091405,17.31112713875572,,,,raw_ppl,,P20_quality_qwen4b_attempt1,,32532,33312768,,runs/P20_quality_qwen4b_attempt1/ppl/ppl_report.json,9ae2320347f74f1cffba7b0a0ce157b7ab7f92d34b4fa3ab76033ba693ff462b,,complete,,524032,"[16, 64]",
,four_over_six_rows,,,,,,,wiki,,,,,,,,bbc941a3a5dc6829ec5fd825f4d78d25807b011ed3c3f8a4fa1b67c028e25d62,P20_K2_DENSITY_DEV,2.65846186957944,,qwen4b,,,p20_per_module_random_2026091405,14.274316444249894,,,,raw_ppl,,P20_quality_qwen4b_attempt1,,32532,33312768,,runs/P20_quality_qwen4b_attempt1/ppl/ppl_report.json,9ae2320347f74f1cffba7b0a0ce157b7ab7f92d34b4fa3ab76033ba693ff462b,,complete,,298862,"[16, 64]",
,four_over_six_rows,,,,,,,c4,,,,,,,,8d76cee3d8def436217d128a356ea84a3c4cacb3be48a4d38d7c714e82440a0e,P20_K2_DENSITY_DEV,2.8478158045499598,,qwen4b,,,p20_per_module_weight_mse,17.2500631536178,,,,raw_ppl,,P20_quality_qwen4b_attempt1,,32532,33312768,,runs/P20_quality_qwen4b_attempt1/ppl/ppl_report.json,9ae2320347f74f1cffba7b0a0ce157b7ab7f92d34b4fa3ab76033ba693ff462b,,complete,,524032,"[16, 64]",
,four_over_six_rows,,,,,,,wiki,,,,,,,,8d76cee3d8def436217d128a356ea84a3c4cacb3be48a4d38d7c714e82440a0e,P20_K2_DENSITY_DEV,2.652772002108387,,qwen4b,,,p20_per_module_weight_mse,14.19332810041074,,,,raw_ppl,,P20_quality_qwen4b_attempt1,,32532,33312768,,runs/P20_quality_qwen4b_attempt1/ppl/ppl_report.json,9ae2320347f74f1cffba7b0a0ce157b7ab7f92d34b4fa3ab76033ba693ff462b,,complete,,298862,"[16, 64]",
,four_over_six_rows,,,,,,,c4,,,,,,,,67ce93a19713b660d102c8ff15bbd7a7cc26af9c0f33c504c011f691b9b86872,P21_K2_DENSITY_BREADTH,2.309973859766121,,olmo2_13b,,,n16_k2_reference,10.074161310638862,,,,raw_ppl,,P21_quality_olmo2_13b_attempt1,,43519,44563456,,runs/P21_quality_olmo2_13b_attempt1/ppl/ppl_report.json,906adbb1243986f53d8e28e46f3368f59f5f00ae8d61d1d61750ba1961c28ee9,,complete,,524032,"[16, 64]",
,four_over_six_rows,,,,,,,wiki,,,,,,,,67ce93a19713b660d102c8ff15bbd7a7cc26af9c0f33c504c011f691b9b86872,P21_K2_DENSITY_BREADTH,1.6709759712282088,,olmo2_13b,,,n16_k2_reference,5.3173548509065,,,,raw_ppl,,P21_quality_olmo2_13b_attempt1,,43519,44563456,,runs/P21_quality_olmo2_13b_attempt1/ppl/ppl_report.json,906adbb1243986f53d8e28e46f3368f59f5f00ae8d61d1d61750ba1961c28ee9,,complete,,288627,"[16, 64]",
,four_over_six_rows,,,,,,,c4,,,,,,,,626c75cc97738540ad9bd4c2e70205b21d5992c2634618927b4a2b37d479aec5,P21_K2_DENSITY_BREADTH,2.311747896220638,,olmo2_13b,,,p21_frozen_strongest_control,10.092049102158368,,,,raw_ppl,,P21_quality_olmo2_13b_attempt1,,43519,44563456,,runs/P21_quality_olmo2_13b_attempt1/ppl/ppl_report.json,906adbb1243986f53d8e28e46f3368f59f5f00ae8d61d1d61750ba1961c28ee9,,complete,,524032,"[16, 64]",
,four_over_six_rows,,,,,,,wiki,,,,,,,,626c75cc97738540ad9bd4c2e70205b21d5992c2634618927b4a2b37d479aec5,P21_K2_DENSITY_BREADTH,1.6775098852476589,,olmo2_13b,,,p21_frozen_strongest_control,5.352211742269598,,,,raw_ppl,,P21_quality_olmo2_13b_attempt1,,43519,44563456,,runs/P21_quality_olmo2_13b_attempt1/ppl/ppl_report.json,906adbb1243986f53d8e28e46f3368f59f5f00ae8d61d1d61750ba1961c28ee9,,complete,,288627,"[16, 64]",
,four_over_six_rows,,,,,,,c4,,,,,,,,9de9c940b589b53026760bf094e92bd1718488dd91c3fc0acfa2bf41c393ce37,P21_K2_DENSITY_BREADTH,2.3096160018613032,,olmo2_13b,,,p21_n8_u2_matched,10.070556837362536,,,,raw_ppl,,P21_quality_olmo2_13b_attempt1,,87038,44563456,,runs/P21_quality_olmo2_13b_attempt1/ppl/ppl_report.json,906adbb1243986f53d8e28e46f3368f59f5f00ae8d61d1d61750ba1961c28ee9,,complete,,524032,"[8, 64]",
,four_over_six_rows,,,,,,,wiki,,,,,,,,9de9c940b589b53026760bf094e92bd1718488dd91c3fc0acfa2bf41c393ce37,P21_K2_DENSITY_BREADTH,1.6710468420884657,,olmo2_13b,,,p21_n8_u2_matched,5.3177317097730725,,,,raw_ppl,,P21_quality_olmo2_13b_attempt1,,87038,44563456,,runs/P21_quality_olmo2_13b_attempt1/ppl/ppl_report.json,906adbb1243986f53d8e28e46f3368f59f5f00ae8d61d1d61750ba1961c28ee9,,complete,,288627,"[8, 64]",
,four_over_six_rows,,,,,,,c4,,,,,,,,64f8687117386572f021e0a773fc7819a626e31a94df3c092095f6dfdfc94307,P21_K2_DENSITY_BREADTH,2.348142806993092,,phi4,,,n16_k2_reference,10.466114070006459,,,,raw_ppl,,P21_quality_phi4_attempt1,,54839,56155136,,runs/P21_quality_phi4_attempt1/ppl/ppl_report.json,2d5384a6eb3dea1961b325edd124be45c05a8a40434ae214aa2e65682c0078cd,,complete,,524032,"[16, 64]",
,four_over_six_rows,,,,,,,wiki,,,,,,,,64f8687117386572f021e0a773fc7819a626e31a94df3c092095f6dfdfc94307,P21_K2_DENSITY_BREADTH,1.8849391854941897,,phi4,,,n16_k2_reference,6.585953908303838,,,,raw_ppl,,P21_quality_phi4_attempt1,,54839,56155136,,runs/P21_quality_phi4_attempt1/ppl/ppl_report.json,2d5384a6eb3dea1961b325edd124be45c05a8a40434ae214aa2e65682c0078cd,,complete,,288627,"[16, 64]",
,four_over_six_rows,,,,,,,c4,,,,,,,,9e35af5171a2eaad939e095ab795adb3c5f664c872a91ee6199b5b6152aece04,P21_K2_DENSITY_BREADTH,2.3556608488105883,,phi4,,,p21_frozen_strongest_control,10.545095273238413,,,,raw_ppl,,P21_quality_phi4_attempt1,,54839,56155136,,runs/P21_quality_phi4_attempt1/ppl/ppl_report.json,2d5384a6eb3dea1961b325edd124be45c05a8a40434ae214aa2e65682c0078cd,,complete,,524032,"[16, 64]",
,four_over_six_rows,,,,,,,wiki,,,,,,,,9e35af5171a2eaad939e095ab795adb3c5f664c872a91ee6199b5b6152aece04,P21_K2_DENSITY_BREADTH,1.8968826098616698,,phi4,,,p21_frozen_strongest_control,6.665084354313403,,,,raw_ppl,,P21_quality_phi4_attempt1,,54839,56155136,,runs/P21_quality_phi4_attempt1/ppl/ppl_report.json,2d5384a6eb3dea1961b325edd124be45c05a8a40434ae214aa2e65682c0078cd,,complete,,288627,"[16, 64]",
,four_over_six_rows,,,,,,,c4,,,,,,,,29ec0270d84b097e021b961d394322bc6cbbedc7ed0e612acb7e12e4d0636ecc,P21_K2_DENSITY_BREADTH,2.347513466948505,,phi4,,,p21_n8_u2_matched,10.459529397527355,,,,raw_ppl,,P21_quality_phi4_attempt1,,109678,56155136,,runs/P21_quality_phi4_attempt1/ppl/ppl_report.json,2d5384a6eb3dea1961b325edd124be45c05a8a40434ae214aa2e65682c0078cd,,complete,,524032,"[8, 64]",
,four_over_six_rows,,,,,,,wiki,,,,,,,,29ec0270d84b097e021b961d394322bc6cbbedc7ed0e612acb7e12e4d0636ecc,P21_K2_DENSITY_BREADTH,1.8851415796887943,,phi4,,,p21_n8_u2_matched,6.587287002041479,,,,raw_ppl,,P21_quality_phi4_attempt1,,109678,56155136,,runs/P21_quality_phi4_attempt1/ppl/ppl_report.json,2d5384a6eb3dea1961b325edd124be45c05a8a40434ae214aa2e65682c0078cd,,complete,,288627,"[8, 64]",
,four_over_six_rows,,,,,,,c4,,,,,,,,1f8f6df29c5ae4f12114541ba15d10832a9d4cde47167a99c9c4e93355ba4e97,P21_K2_DENSITY_BREADTH,2.3142747979060254,,qwen27b,,,n16_k2_reference,10.117582965237812,,,,raw_ppl,,P21_quality_qwen27b_attempt1,,76633,78472192,,runs/P21_quality_qwen27b_attempt1/ppl/ppl_report.json,5044454b209d92175ab378211fa99be34aa5cfdacdcba70192cca1f59b3b533b,,complete,,524032,"[16, 64]",
,four_over_six_rows,,,,,,,wiki,,,,,,,,1f8f6df29c5ae4f12114541ba15d10832a9d4cde47167a99c9c4e93355ba4e97,P21_K2_DENSITY_BREADTH,1.965798824797951,,qwen27b,,,n16_k2_reference,7.140614412341945,,,,raw_ppl,,P21_quality_qwen27b_attempt1,,76633,78472192,,runs/P21_quality_qwen27b_attempt1/ppl/ppl_report.json,5044454b209d92175ab378211fa99be34aa5cfdacdcba70192cca1f59b3b533b,,complete,,296815,"[16, 64]",
,four_over_six_rows,,,,,,,c4,,,,,,,,068d4264239c90ddbd13e8816f8d373b9dd86ad346df5c3dc1a91c006fa74f5b,P21_K2_DENSITY_BREADTH,2.3214662448035006,,qwen27b,,,p21_frozen_strongest_control,10.190605279202636,,,,raw_ppl,,P21_quality_qwen27b_attempt1,,76633,78472192,,runs/P21_quality_qwen27b_attempt1/ppl/ppl_report.json,5044454b209d92175ab378211fa99be34aa5cfdacdcba70192cca1f59b3b533b,,complete,,524032,"[16, 64]",
,four_over_six_rows,,,,,,,wiki,,,,,,,,068d4264239c90ddbd13e8816f8d373b9dd86ad346df5c3dc1a91c006fa74f5b,P21_K2_DENSITY_BREADTH,1.9995798140899397,,qwen27b,,,p21_frozen_strongest_control,7.385951973869712,,,,raw_ppl,,P21_quality_qwen27b_attempt1,,76633,78472192,,runs/P21_quality_qwen27b_attempt1/ppl/ppl_report.json,5044454b209d92175ab378211fa99be34aa5cfdacdcba70192cca1f59b3b533b,,complete,,296815,"[16, 64]",
,four_over_six_rows,,,,,,,c4,,,,,,,,a8c30e59c4b19adab2d86276ad305e91919575519af9fc41e08e366440cfadf2,P21_K2_DENSITY_BREADTH,2.3131260601613297,,qwen27b,,,p21_n8_u2_matched,10.105967188818305,,,,raw_ppl,,P21_quality_qwen27b_attempt1,,153266,78472192,,runs/P21_quality_qwen27b_attempt1/ppl/ppl_report.json,5044454b209d92175ab378211fa99be34aa5cfdacdcba70192cca1f59b3b533b,,complete,,524032,"[8, 64]",
,four_over_six_rows,,,,,,,wiki,,,,,,,,a8c30e59c4b19adab2d86276ad305e91919575519af9fc41e08e366440cfadf2,P21_K2_DENSITY_BREADTH,1.9638847440551315,,qwen27b,,,p21_n8_u2_matched,7.126959772014313,,,,raw_ppl,,P21_quality_qwen27b_attempt1,,153266,78472192,,runs/P21_quality_qwen27b_attempt1/ppl/ppl_report.json,5044454b209d92175ab378211fa99be34aa5cfdacdcba70192cca1f59b3b533b,,complete,,296815,"[8, 64]",
,four_over_six_rows,,,,,,,c4,,,,,,,,,P30_K2_DRAWS,2.284967573126498,,llama8b,,,four_over_six,9.825367612898917,,,,raw_ppl,,P30_draw_quality_llama8b_attempt2,,,,,runs/P30_draw_quality_llama8b_attempt2/ppl/ppl_report.json,d1e8c76714d57c3a2367e7c12da03565968beadf71bf0e6423feca4edb7076b0,,complete,,524032,null,
,four_over_six_rows,,,,,,,wiki,,,,,,,,,P30_K2_DRAWS,1.9279499304938719,,llama8b,,,four_over_six,6.8754007343996815,,,,raw_ppl,,P30_draw_quality_llama8b_attempt2,,,,,runs/P30_draw_quality_llama8b_attempt2/ppl/ppl_report.json,d1e8c76714d57c3a2367e7c12da03565968beadf71bf0e6423feca4edb7076b0,,complete,,288627,null,
,four_over_six_rows,,,,,,,c4,,,,,,,,c781ae9b22ac4ad6e7501d9bd357716f4e5b2e701f4b39f7d380fdaf13f02ac3,P30_K2_DRAWS,2.281222575552493,,llama8b,,,n16_k2_draw1,9.788640449518667,,,,raw_ppl,,P30_draw_quality_llama8b_attempt2,,71051,72756224,,runs/P30_draw_quality_llama8b_attempt2/ppl/ppl_report.json,d1e8c76714d57c3a2367e7c12da03565968beadf71bf0e6423feca4edb7076b0,,complete,,524032,"[16, 64]",
,four_over_six_rows,,,,,,,wiki,,,,,,,,c781ae9b22ac4ad6e7501d9bd357716f4e5b2e701f4b39f7d380fdaf13f02ac3,P30_K2_DRAWS,1.9277516246192075,,llama8b,,,n16_k2_draw1,6.874037437222765,,,,raw_ppl,,P30_draw_quality_llama8b_attempt2,,71051,72756224,,runs/P30_draw_quality_llama8b_attempt2/ppl/ppl_report.json,d1e8c76714d57c3a2367e7c12da03565968beadf71bf0e6423feca4edb7076b0,,complete,,288627,"[16, 64]",
,four_over_six_rows,,,,,,,c4,,,,,,,,76a91be905c7ac897cb355aab2b80c9887c0b9d2e6560c9ebe6664a91e20df0d,P30_K2_DRAWS,2.2793918805151234,,llama8b,,,n16_k2_draw2,9.77073682706178,,,,raw_ppl,,P30_draw_quality_llama8b_attempt2,,59186,60606464,,runs/P30_draw_quality_llama8b_attempt2/ppl/ppl_report.json,d1e8c76714d57c3a2367e7c12da03565968beadf71bf0e6423feca4edb7076b0,,complete,,524032,"[16, 64]",
,four_over_six_rows,,,,,,,wiki,,,,,,,,76a91be905c7ac897cb355aab2b80c9887c0b9d2e6560c9ebe6664a91e20df0d,P30_K2_DRAWS,1.923954114420079,,llama8b,,,n16_k2_draw2,6.847982712798029,,,,raw_ppl,,P30_draw_quality_llama8b_attempt2,,59186,60606464,,runs/P30_draw_quality_llama8b_attempt2/ppl/ppl_report.json,d1e8c76714d57c3a2367e7c12da03565968beadf71bf0e6423feca4edb7076b0,,complete,,288627,"[16, 64]",
,four_over_six_rows,,,,,,,c4,,,,,,,,fce5311f33da18375c8f77434e8149acf30a631acffa1c50af55b34129110d5f,P30_K2_DRAWS,2.2810021861018637,,llama8b,,,n16_k2_draw3,9.78648337413465,,,,raw_ppl,,P30_draw_quality_llama8b_attempt2,,47826,48973824,,runs/P30_draw_quality_llama8b_attempt2/ppl/ppl_report.json,d1e8c76714d57c3a2367e7c12da03565968beadf71bf0e6423feca4edb7076b0,,complete,,524032,"[16, 64]",
,four_over_six_rows,,,,,,,wiki,,,,,,,,fce5311f33da18375c8f77434e8149acf30a631acffa1c50af55b34129110d5f,P30_K2_DRAWS,1.926103974854898,,llama8b,,,n16_k2_draw3,6.862720756582728,,,,raw_ppl,,P30_draw_quality_llama8b_attempt2,,47826,48973824,,runs/P30_draw_quality_llama8b_attempt2/ppl/ppl_report.json,d1e8c76714d57c3a2367e7c12da03565968beadf71bf0e6423feca4edb7076b0,,complete,,288627,"[16, 64]",
,four_over_six_rows,,,,,,,c4,,,,,,,,80edbef09ff72f03de83470de16dc90affd161b3ca660836b716adbf8f52e8f0,P30_K2_DRAWS,2.282709073263485,,llama8b,,,n16_k2_draw4,9.803202061360569,,,,raw_ppl,,P30_draw_quality_llama8b_attempt2,,60867,62327808,,runs/P30_draw_quality_llama8b_attempt2/ppl/ppl_report.json,d1e8c76714d57c3a2367e7c12da03565968beadf71bf0e6423feca4edb7076b0,,complete,,524032,"[16, 64]",
,four_over_six_rows,,,,,,,wiki,,,,,,,,80edbef09ff72f03de83470de16dc90affd161b3ca660836b716adbf8f52e8f0,P30_K2_DRAWS,1.9298368673544057,,llama8b,,,n16_k2_draw4,6.888386429216469,,,,raw_ppl,,P30_draw_quality_llama8b_attempt2,,60867,62327808,,runs/P30_draw_quality_llama8b_attempt2/ppl/ppl_report.json,d1e8c76714d57c3a2367e7c12da03565968beadf71bf0e6423feca4edb7076b0,,complete,,288627,"[16, 64]",
,four_over_six_rows,,,,,,,c4,,,,,,,,eed92be692271673e6ea85c1f2a6c39455e8c0d3ed3a1e2464a113e66f5687ca,P30_K2_DRAWS,2.2874637618028673,,llama8b,,,n8_k2_draw1,9.849924220487368,,,,raw_ppl,,P30_draw_quality_llama8b_attempt2,,137010,70149120,,runs/P30_draw_quality_llama8b_attempt2/ppl/ppl_report.json,d1e8c76714d57c3a2367e7c12da03565968beadf71bf0e6423feca4edb7076b0,,complete,,524032,"[8, 64]",
,four_over_six_rows,,,,,,,wiki,,,,,,,,eed92be692271673e6ea85c1f2a6c39455e8c0d3ed3a1e2464a113e66f5687ca,P30_K2_DRAWS,1.9342836983874476,,llama8b,,,n8_k2_draw1,6.919086127353933,,,,raw_ppl,,P30_draw_quality_llama8b_attempt2,,137010,70149120,,runs/P30_draw_quality_llama8b_attempt2/ppl/ppl_report.json,d1e8c76714d57c3a2367e7c12da03565968beadf71bf0e6423feca4edb7076b0,,complete,,288627,"[8, 64]",
,four_over_six_rows,,,,,,,c4,,,,,,,,03d1193bd69bd86d3d715616060c35f91e9ca2c001092d70ff9bbbff4b9e7f61,P30_K2_DRAWS,2.2831645645773597,,llama8b,,,n8_k2_draw2,9.807668351848717,,,,raw_ppl,,P30_draw_quality_llama8b_attempt2,,114352,58548224,,runs/P30_draw_quality_llama8b_attempt2/ppl/ppl_report.json,d1e8c76714d57c3a2367e7c12da03565968beadf71bf0e6423feca4edb7076b0,,complete,,524032,"[8, 64]",
,four_over_six_rows,,,,,,,wiki,,,,,,,,03d1193bd69bd86d3d715616060c35f91e9ca2c001092d70ff9bbbff4b9e7f61,P30_K2_DRAWS,1.9292219381226294,,llama8b,,,n8_k2_draw2,6.8841518611546535,,,,raw_ppl,,P30_draw_quality_llama8b_attempt2,,114352,58548224,,runs/P30_draw_quality_llama8b_attempt2/ppl/ppl_report.json,d1e8c76714d57c3a2367e7c12da03565968beadf71bf0e6423feca4edb7076b0,,complete,,288627,"[8, 64]",
,four_over_six_rows,,,,,,,c4,,,,,,,,4ebf680a1963fe46702e36723cf0106d4d1a24d75575f5c38e6afe0d6a4ba5ba,P30_K2_DRAWS,2.2846356859441985,,llama8b,,,n8_k2_draw3,9.822107240394667,,,,raw_ppl,,P30_draw_quality_llama8b_attempt2,,92241,47227392,,runs/P30_draw_quality_llama8b_attempt2/ppl/ppl_report.json,d1e8c76714d57c3a2367e7c12da03565968beadf71bf0e6423feca4edb7076b0,,complete,,524032,"[8, 64]",
,four_over_six_rows,,,,,,,wiki,,,,,,,,4ebf680a1963fe46702e36723cf0106d4d1a24d75575f5c38e6afe0d6a4ba5ba,P30_K2_DRAWS,1.930018795963695,,llama8b,,,n8_k2_draw3,6.8896397377826695,,,,raw_ppl,,P30_draw_quality_llama8b_attempt2,,92241,47227392,,runs/P30_draw_quality_llama8b_attempt2/ppl/ppl_report.json,d1e8c76714d57c3a2367e7c12da03565968beadf71bf0e6423feca4edb7076b0,,complete,,288627,"[8, 64]",
,four_over_six_rows,,,,,,,c4,,,,,,,,7329961112f67090c9c2d1ad166899980ca94b2fdd67b98bc28d9af5d058c346,P30_K2_DRAWS,2.289854930308599,,llama8b,,,n8_k2_draw4,9.873505230916242,,,,raw_ppl,,P30_draw_quality_llama8b_attempt2,,117263,60038656,,runs/P30_draw_quality_llama8b_attempt2/ppl/ppl_report.json,d1e8c76714d57c3a2367e7c12da03565968beadf71bf0e6423feca4edb7076b0,,complete,,524032,"[8, 64]",
,four_over_six_rows,,,,,,,wiki,,,,,,,,7329961112f67090c9c2d1ad166899980ca94b2fdd67b98bc28d9af5d058c346,P30_K2_DRAWS,1.9399907703092971,,llama8b,,,n8_k2_draw4,6.958686743814532,,,,raw_ppl,,P30_draw_quality_llama8b_attempt2,,117263,60038656,,runs/P30_draw_quality_llama8b_attempt2/ppl/ppl_report.json,d1e8c76714d57c3a2367e7c12da03565968beadf71bf0e6423feca4edb7076b0,,complete,,288627,"[8, 64]",
,four_over_six_rows,,,,,,,c4,,,,,,,,,P30_K2_DRAWS,2.0878324865549156,,mistral7b,,,four_over_six,8.067409980198462,,,,raw_ppl,,P30_draw_quality_mistral7b_attempt1,,,,,runs/P30_draw_quality_mistral7b_attempt1/ppl/ppl_report.json,fee28a555947e2e558eb85e5420b0b2d5e0682d8cafd919fead9775e14f4b730,,complete,,524032,null,
,four_over_six_rows,,,,,,,wiki,,,,,,,,,P30_K2_DRAWS,1.708977147744794,,mistral7b,,,four_over_six,5.5233090581954585,,,,raw_ppl,,P30_draw_quality_mistral7b_attempt1,,,,,runs/P30_draw_quality_mistral7b_attempt1/ppl/ppl_report.json,fee28a555947e2e558eb85e5420b0b2d5e0682d8cafd919fead9775e14f4b730,,complete,,333661,null,
,four_over_six_rows,,,,,,,c4,,,,,,,,43cc4e7167698c91d41b6b864290bcd143329972a8b9ef30f1dd7aadf3f345c3,P30_K2_DRAWS,2.0850669626144236,,mistral7b,,,n16_k2_draw1,8.045130186611617,,,,raw_ppl,,P30_draw_quality_mistral7b_attempt1,,28502,29186048,,runs/P30_draw_quality_mistral7b_attempt1/ppl/ppl_report.json,fee28a555947e2e558eb85e5420b0b2d5e0682d8cafd919fead9775e14f4b730,,complete,,524032,"[16, 64]",
,four_over_six_rows,,,,,,,wiki,,,,,,,,43cc4e7167698c91d41b6b864290bcd143329972a8b9ef30f1dd7aadf3f345c3,P30_K2_DRAWS,1.7038948741988966,,mistral7b,,,n16_k2_draw1,5.495309302161162,,,,raw_ppl,,P30_draw_quality_mistral7b_attempt1,,28502,29186048,,runs/P30_draw_quality_mistral7b_attempt1/ppl/ppl_report.json,fee28a555947e2e558eb85e5420b0b2d5e0682d8cafd919fead9775e14f4b730,,complete,,333661,"[16, 64]",
,four_over_six_rows,,,,,,,c4,,,,,,,,f4a79a59a764d939f212e6e49e0a3563afaee16e8e1157d7a30208d60e60c959,P30_K2_DRAWS,2.0854183462773848,,mistral7b,,,n16_k2_draw2,8.047957610651805,,,,raw_ppl,,P30_draw_quality_mistral7b_attempt1,,29689,30401536,,runs/P30_draw_quality_mistral7b_attempt1/ppl/ppl_report.json,fee28a555947e2e558eb85e5420b0b2d5e0682d8cafd919fead9775e14f4b730,,complete,,524032,"[16, 64]",
,four_over_six_rows,,,,,,,wiki,,,,,,,,f4a79a59a764d939f212e6e49e0a3563afaee16e8e1157d7a30208d60e60c959,P30_K2_DRAWS,1.704657884742398,,mistral7b,,,n16_k2_draw2,5.499503881149007,,,,raw_ppl,,P30_draw_quality_mistral7b_attempt1,,29689,30401536,,runs/P30_draw_quality_mistral7b_attempt1/ppl/ppl_report.json,fee28a555947e2e558eb85e5420b0b2d5e0682d8cafd919fead9775e14f4b730,,complete,,333661,"[16, 64]",
,four_over_six_rows,,,,,,,c4,,,,,,,,2939e38cd2786b72d44bf91c4354e950e22c11c7cb038b5b113156da23be8bbc,P30_K2_DRAWS,2.0850759794271165,,mistral7b,,,n16_k2_draw3,8.045202728370649,,,,raw_ppl,,P30_draw_quality_mistral7b_attempt1,,23776,24346624,,runs/P30_draw_quality_mistral7b_attempt1/ppl/ppl_report.json,fee28a555947e2e558eb85e5420b0b2d5e0682d8cafd919fead9775e14f4b730,,complete,,524032,"[16, 64]",
,four_over_six_rows,,,,,,,wiki,,,,,,,,2939e38cd2786b72d44bf91c4354e950e22c11c7cb038b5b113156da23be8bbc,P30_K2_DRAWS,1.703374284965615,,mistral7b,,,n16_k2_draw3,5.492449247826244,,,,raw_ppl,,P30_draw_quality_mistral7b_attempt1,,23776,24346624,,runs/P30_draw_quality_mistral7b_attempt1/ppl/ppl_report.json,fee28a555947e2e558eb85e5420b0b2d5e0682d8cafd919fead9775e14f4b730,,complete,,333661,"[16, 64]",
,four_over_six_rows,,,,,,,c4,,,,,,,,4899a548904195c9b5d4e13b13f4018fc880f28b5e4daeb1cd8c0a2005a931fc,P30_K2_DRAWS,2.0856302658176227,,mistral7b,,,n16_k2_draw4,8.049663310857726,,,,raw_ppl,,P30_draw_quality_mistral7b_attempt1,,26784,27426816,,runs/P30_draw_quality_mistral7b_attempt1/ppl/ppl_report.json,fee28a555947e2e558eb85e5420b0b2d5e0682d8cafd919fead9775e14f4b730,,complete,,524032,"[16, 64]",
,four_over_six_rows,,,,,,,wiki,,,,,,,,4899a548904195c9b5d4e13b13f4018fc880f28b5e4daeb1cd8c0a2005a931fc,P30_K2_DRAWS,1.7042346063659954,,mistral7b,,,n16_k2_draw4,5.497176552663833,,,,raw_ppl,,P30_draw_quality_mistral7b_attempt1,,26784,27426816,,runs/P30_draw_quality_mistral7b_attempt1/ppl/ppl_report.json,fee28a555947e2e558eb85e5420b0b2d5e0682d8cafd919fead9775e14f4b730,,complete,,333661,"[16, 64]",
,four_over_six_rows,,,,,,,c4,,,,,,,,68b6b8b34e4408c71a1041733dca66713337df64a292b3d40f2975637cad326e,P30_K2_DRAWS,2.0848745508354978,,mistral7b,,,n8_k2_draw1,8.043582357715753,,,,raw_ppl,,P30_draw_quality_mistral7b_attempt1,,54284,27793408,,runs/P30_draw_quality_mistral7b_attempt1/ppl/ppl_report.json,fee28a555947e2e558eb85e5420b0b2d5e0682d8cafd919fead9775e14f4b730,,complete,,524032,"[8, 64]",
,four_over_six_rows,,,,,,,wiki,,,,,,,,68b6b8b34e4408c71a1041733dca66713337df64a292b3d40f2975637cad326e,P30_K2_DRAWS,1.7043697808045881,,mistral7b,,,n8_k2_draw1,5.497919680643006,,,,raw_ppl,,P30_draw_quality_mistral7b_attempt1,,54284,27793408,,runs/P30_draw_quality_mistral7b_attempt1/ppl/ppl_report.json,fee28a555947e2e558eb85e5420b0b2d5e0682d8cafd919fead9775e14f4b730,,complete,,333661,"[8, 64]",
,four_over_six_rows,,,,,,,c4,,,,,,,,bc776560e553f93872038f27c848e94f5aa02ea44c2ea0e460fa6dec9d4977e2,P30_K2_DRAWS,2.084977955263934,,mistral7b,,,n8_k2_draw2,8.04441414275642,,,,raw_ppl,,P30_draw_quality_mistral7b_attempt1,,56073,28709376,,runs/P30_draw_quality_mistral7b_attempt1/ppl/ppl_report.json,fee28a555947e2e558eb85e5420b0b2d5e0682d8cafd919fead9775e14f4b730,,complete,,524032,"[8, 64]",
,four_over_six_rows,,,,,,,wiki,,,,,,,,bc776560e553f93872038f27c848e94f5aa02ea44c2ea0e460fa6dec9d4977e2,P30_K2_DRAWS,1.7052777111051647,,mistral7b,,,n8_k2_draw2,5.502913675267657,,,,raw_ppl,,P30_draw_quality_mistral7b_attempt1,,56073,28709376,,runs/P30_draw_quality_mistral7b_attempt1/ppl/ppl_report.json,fee28a555947e2e558eb85e5420b0b2d5e0682d8cafd919fead9775e14f4b730,,complete,,333661,"[8, 64]",
,four_over_six_rows,,,,,,,c4,,,,,,,,25dee5b84c5d2bfeeb2419adc58cea729aaf1f8306896f2dfccc4703e8e71128,P30_K2_DRAWS,2.0841714758304537,,mistral7b,,,n8_k2_draw3,8.037929103572747,,,,raw_ppl,,P30_draw_quality_mistral7b_attempt1,,45280,23183360,,runs/P30_draw_quality_mistral7b_attempt1/ppl/ppl_report.json,fee28a555947e2e558eb85e5420b0b2d5e0682d8cafd919fead9775e14f4b730,,complete,,524032,"[8, 64]",
,four_over_six_rows,,,,,,,wiki,,,,,,,,25dee5b84c5d2bfeeb2419adc58cea729aaf1f8306896f2dfccc4703e8e71128,P30_K2_DRAWS,1.7031344914037514,,mistral7b,,,n8_k2_draw3,5.491132351755661,,,,raw_ppl,,P30_draw_quality_mistral7b_attempt1,,45280,23183360,,runs/P30_draw_quality_mistral7b_attempt1/ppl/ppl_report.json,fee28a555947e2e558eb85e5420b0b2d5e0682d8cafd919fead9775e14f4b730,,complete,,333661,"[8, 64]",
,four_over_six_rows,,,,,,,c4,,,,,,,,150cbe23cb333074c2528f413745ff6d3590610fdab4b84cc295b8eea379328d,P30_K2_DRAWS,2.0855009599387113,,mistral7b,,,n8_k2_draw4,8.048622509360703,,,,raw_ppl,,P30_draw_quality_mistral7b_attempt1,,50640,25927680,,runs/P30_draw_quality_mistral7b_attempt1/ppl/ppl_report.json,fee28a555947e2e558eb85e5420b0b2d5e0682d8cafd919fead9775e14f4b730,,complete,,524032,"[8, 64]",
,four_over_six_rows,,,,,,,wiki,,,,,,,,150cbe23cb333074c2528f413745ff6d3590610fdab4b84cc295b8eea379328d,P30_K2_DRAWS,1.7042641826355478,,mistral7b,,,n8_k2_draw4,5.497339141043699,,,,raw_ppl,,P30_draw_quality_mistral7b_attempt1,,50640,25927680,,runs/P30_draw_quality_mistral7b_attempt1/ppl/ppl_report.json,fee28a555947e2e558eb85e5420b0b2d5e0682d8cafd919fead9775e14f4b730,,complete,,333661,"[8, 64]",
,four_over_six_rows,,,,,,,c4,,,,,,,,,P30_K2_DRAWS,2.3114703707758784,,olmo2_13b,,,four_over_six,10.089248690353495,,,,raw_ppl,,P30_draw_quality_olmo2_13b_attempt1,,,,,runs/P30_draw_quality_olmo2_13b_attempt1/ppl/ppl_report.json,42086c38b2409fbacc26f0c45f7760116833a216893464ba3aa2e0f802746448,,complete,,524032,null,
,four_over_six_rows,,,,,,,wiki,,,,,,,,,P30_K2_DRAWS,1.6763852778660542,,olmo2_13b,,,four_over_six,5.346195988750768,,,,raw_ppl,,P30_draw_quality_olmo2_13b_attempt1,,,,,runs/P30_draw_quality_olmo2_13b_attempt1/ppl/ppl_report.json,42086c38b2409fbacc26f0c45f7760116833a216893464ba3aa2e0f802746448,,complete,,288627,null,
,four_over_six_rows,,,,,,,c4,,,,,,,,bf6b1b4d3e0aaacebbac5385d9c8761d2a0386dc9c231e11eadb9485f1b39e20,P30_K2_DRAWS,2.3106885434303037,,olmo2_13b,,,n16_k2_draw1,10.08136372257443,,,,raw_ppl,,P30_draw_quality_olmo2_13b_attempt1,,47679,48823296,,runs/P30_draw_quality_olmo2_13b_attempt1/ppl/ppl_report.json,42086c38b2409fbacc26f0c45f7760116833a216893464ba3aa2e0f802746448,,complete,,524032,"[16, 64]",
,four_over_six_rows,,,,,,,wiki,,,,,,,,bf6b1b4d3e0aaacebbac5385d9c8761d2a0386dc9c231e11eadb9485f1b39e20,P30_K2_DRAWS,1.6717645541902426,,olmo2_13b,,,n16_k2_draw1,5.321549680113049,,,,raw_ppl,,P30_draw_quality_olmo2_13b_attempt1,,47679,48823296,,runs/P30_draw_quality_olmo2_13b_attempt1/ppl/ppl_report.json,42086c38b2409fbacc26f0c45f7760116833a216893464ba3aa2e0f802746448,,complete,,288627,"[16, 64]",
,four_over_six_rows,,,,,,,c4,,,,,,,,44a466fcf95e1e803e5dd0c72e759d11b2f106207a6157c5e75b323712ead5fe,P30_K2_DRAWS,2.3103144984205244,,olmo2_13b,,,n16_k2_draw2,10.07759354393444,,,,raw_ppl,,P30_draw_quality_olmo2_13b_attempt1,,37848,38756352,,runs/P30_draw_quality_olmo2_13b_attempt1/ppl/ppl_report.json,42086c38b2409fbacc26f0c45f7760116833a216893464ba3aa2e0f802746448,,complete,,524032,"[16, 64]",
,four_over_six_rows,,,,,,,wiki,,,,,,,,44a466fcf95e1e803e5dd0c72e759d11b2f106207a6157c5e75b323712ead5fe,P30_K2_DRAWS,1.6719672490485933,,olmo2_13b,,,n16_k2_draw2,5.3226284401975335,,,,raw_ppl,,P30_draw_quality_olmo2_13b_attempt1,,37848,38756352,,runs/P30_draw_quality_olmo2_13b_attempt1/ppl/ppl_report.json,42086c38b2409fbacc26f0c45f7760116833a216893464ba3aa2e0f802746448,,complete,,288627,"[16, 64]",
,four_over_six_rows,,,,,,,c4,,,,,,,,bf65bf019ea959f4b5bd178f2f2a3c0b62450ea3e23d9115c87a487f13745c5a,P30_K2_DRAWS,2.310243672174746,,olmo2_13b,,,n16_k2_draw3,10.07687981109305,,,,raw_ppl,,P30_draw_quality_olmo2_13b_attempt1,,32395,33172480,,runs/P30_draw_quality_olmo2_13b_attempt1/ppl/ppl_report.json,42086c38b2409fbacc26f0c45f7760116833a216893464ba3aa2e0f802746448,,complete,,524032,"[16, 64]",
,four_over_six_rows,,,,,,,wiki,,,,,,,,bf65bf019ea959f4b5bd178f2f2a3c0b62450ea3e23d9115c87a487f13745c5a,P30_K2_DRAWS,1.6721820117696233,,olmo2_13b,,,n16_k2_draw3,5.323771665121035,,,,raw_ppl,,P30_draw_quality_olmo2_13b_attempt1,,32395,33172480,,runs/P30_draw_quality_olmo2_13b_attempt1/ppl/ppl_report.json,42086c38b2409fbacc26f0c45f7760116833a216893464ba3aa2e0f802746448,,complete,,288627,"[16, 64]",
,four_over_six_rows,,,,,,,c4,,,,,,,,aab8e1c9ef9155b57286f3d85bf77605873175d0ee13d7c579914222fae13d3c,P30_K2_DRAWS,2.30966660736656,,olmo2_13b,,,n16_k2_draw4,10.071066475874659,,,,raw_ppl,,P30_draw_quality_olmo2_13b_attempt1,,41448,42442752,,runs/P30_draw_quality_olmo2_13b_attempt1/ppl/ppl_report.json,42086c38b2409fbacc26f0c45f7760116833a216893464ba3aa2e0f802746448,,complete,,524032,"[16, 64]",
,four_over_six_rows,,,,,,,wiki,,,,,,,,aab8e1c9ef9155b57286f3d85bf77605873175d0ee13d7c579914222fae13d3c,P30_K2_DRAWS,1.6712693464646862,,olmo2_13b,,,n16_k2_draw4,5.318915059995484,,,,raw_ppl,,P30_draw_quality_olmo2_13b_attempt1,,41448,42442752,,runs/P30_draw_quality_olmo2_13b_attempt1/ppl/ppl_report.json,42086c38b2409fbacc26f0c45f7760116833a216893464ba3aa2e0f802746448,,complete,,288627,"[16, 64]",
,four_over_six_rows,,,,,,,c4,,,,,,,,fd26882bf386b24409aa2bd79abcac0575429cde10435920d074e2ca5af24093,P30_K2_DRAWS,2.312391181353874,,olmo2_13b,,,n8_k2_draw1,10.098543255881996,,,,raw_ppl,,P30_draw_quality_olmo2_13b_attempt1,,91212,46700544,,runs/P30_draw_quality_olmo2_13b_attempt1/ppl/ppl_report.json,42086c38b2409fbacc26f0c45f7760116833a216893464ba3aa2e0f802746448,,complete,,524032,"[8, 64]",
,four_over_six_rows,,,,,,,wiki,,,,,,,,fd26882bf386b24409aa2bd79abcac0575429cde10435920d074e2ca5af24093,P30_K2_DRAWS,1.6741549567602816,,olmo2_13b,,,n8_k2_draw1,5.334285541999055,,,,raw_ppl,,P30_draw_quality_olmo2_13b_attempt1,,91212,46700544,,runs/P30_draw_quality_olmo2_13b_attempt1/ppl/ppl_report.json,42086c38b2409fbacc26f0c45f7760116833a216893464ba3aa2e0f802746448,,complete,,288627,"[8, 64]",
,four_over_six_rows,,,,,,,c4,,,,,,,,aa219305b0b3eba2b93384955a798645ac96dcd0bd52ee934f7b00e9be8c53b5,P30_K2_DRAWS,2.311678648365476,,olmo2_13b,,,n8_k2_draw2,10.091350273600323,,,,raw_ppl,,P30_draw_quality_olmo2_13b_attempt1,,73104,37429248,,runs/P30_draw_quality_olmo2_13b_attempt1/ppl/ppl_report.json,42086c38b2409fbacc26f0c45f7760116833a216893464ba3aa2e0f802746448,,complete,,524032,"[8, 64]",
,four_over_six_rows,,,,,,,wiki,,,,,,,,aa219305b0b3eba2b93384955a798645ac96dcd0bd52ee934f7b00e9be8c53b5,P30_K2_DRAWS,1.6734690278740558,,olmo2_13b,,,n8_k2_draw2,5.3306278560580544,,,,raw_ppl,,P30_draw_quality_olmo2_13b_attempt1,,73104,37429248,,runs/P30_draw_quality_olmo2_13b_attempt1/ppl/ppl_report.json,42086c38b2409fbacc26f0c45f7760116833a216893464ba3aa2e0f802746448,,complete,,288627,"[8, 64]",
,four_over_six_rows,,,,,,,c4,,,,,,,,324804ec1427731c26c3c977ce5a4ef360ee172f5f36b1dc002bd2d9578eba8a,P30_K2_DRAWS,2.3113696101891024,,olmo2_13b,,,n8_k2_draw3,10.088232142950142,,,,raw_ppl,,P30_draw_quality_olmo2_13b_attempt1,,61519,31497728,,runs/P30_draw_quality_olmo2_13b_attempt1/ppl/ppl_report.json,42086c38b2409fbacc26f0c45f7760116833a216893464ba3aa2e0f802746448,,complete,,524032,"[8, 64]",
,four_over_six_rows,,,,,,,wiki,,,,,,,,324804ec1427731c26c3c977ce5a4ef360ee172f5f36b1dc002bd2d9578eba8a,P30_K2_DRAWS,1.6732457426491087,,olmo2_13b,,,n8_k2_draw3,5.329437738490884,,,,raw_ppl,,P30_draw_quality_olmo2_13b_attempt1,,61519,31497728,,runs/P30_draw_quality_olmo2_13b_attempt1/ppl/ppl_report.json,42086c38b2409fbacc26f0c45f7760116833a216893464ba3aa2e0f802746448,,complete,,288627,"[8, 64]",
,four_over_six_rows,,,,,,,c4,,,,,,,,9e9084335d8c0c4ae756977deeb3bfdb0cbf746ef084080fdbb273dbcadf0969,P30_K2_DRAWS,2.3100812095479752,,olmo2_13b,,,n8_k2_draw4,10.075242827707198,,,,raw_ppl,,P30_draw_quality_olmo2_13b_attempt1,,78967,40431104,,runs/P30_draw_quality_olmo2_13b_attempt1/ppl/ppl_report.json,42086c38b2409fbacc26f0c45f7760116833a216893464ba3aa2e0f802746448,,complete,,524032,"[8, 64]",
,four_over_six_rows,,,,,,,wiki,,,,,,,,9e9084335d8c0c4ae756977deeb3bfdb0cbf746ef084080fdbb273dbcadf0969,P30_K2_DRAWS,1.6717603628273965,,olmo2_13b,,,n8_k2_draw4,5.3215273756141785,,,,raw_ppl,,P30_draw_quality_olmo2_13b_attempt1,,78967,40431104,,runs/P30_draw_quality_olmo2_13b_attempt1/ppl/ppl_report.json,42086c38b2409fbacc26f0c45f7760116833a216893464ba3aa2e0f802746448,,complete,,288627,"[8, 64]",
,four_over_six_rows,,,,,,,c4,,,,,,,,,P30_K2_DRAWS,2.355984315913481,,phi4,,,four_over_six,10.548506816387418,,,,raw_ppl,,P30_draw_quality_phi4_attempt1,,,,,runs/P30_draw_quality_phi4_attempt1/ppl/ppl_report.json,4682669660c84b5bdbc31d6701c5e4ccf91bda45fcb67b66991d140e80e7cbd7,,complete,,524032,null,
,four_over_six_rows,,,,,,,wiki,,,,,,,,,P30_K2_DRAWS,1.8967367009464007,,phi4,,,four_over_six,6.6641119300295,,,,raw_ppl,,P30_draw_quality_phi4_attempt1,,,,,runs/P30_draw_quality_phi4_attempt1/ppl/ppl_report.json,4682669660c84b5bdbc31d6701c5e4ccf91bda45fcb67b66991d140e80e7cbd7,,complete,,288627,null,
,four_over_six_rows,,,,,,,c4,,,,,,,,ce75181d42e16505916f82f38b0597485f9357962d3fb04f44da0d6e1e11505b,P30_K2_DRAWS,2.3485922917919813,,phi4,,,n16_k2_draw1,10.470819486611763,,,,raw_ppl,,P30_draw_quality_phi4_attempt1,,54178,55478272,,runs/P30_draw_quality_phi4_attempt1/ppl/ppl_report.json,4682669660c84b5bdbc31d6701c5e4ccf91bda45fcb67b66991d140e80e7cbd7,,complete,,524032,"[16, 64]",
,four_over_six_rows,,,,,,,wiki,,,,,,,,ce75181d42e16505916f82f38b0597485f9357962d3fb04f44da0d6e1e11505b,P30_K2_DRAWS,1.884664585938088,,phi4,,,n16_k2_draw1,6.584145656568037,,,,raw_ppl,,P30_draw_quality_phi4_attempt1,,54178,55478272,,runs/P30_draw_quality_phi4_attempt1/ppl/ppl_report.json,4682669660c84b5bdbc31d6701c5e4ccf91bda45fcb67b66991d140e80e7cbd7,,complete,,288627,"[16, 64]",
,four_over_six_rows,,,,,,,c4,,,,,,,,6967ed951bb729a347fc18100c66a8b44f4e5d263e13bdce3a610694611b3076,P30_K2_DRAWS,2.3475846299705947,,phi4,,,n16_k2_draw2,10.460273755733995,,,,raw_ppl,,P30_draw_quality_phi4_attempt1,,71890,73615360,,runs/P30_draw_quality_phi4_attempt1/ppl/ppl_report.json,4682669660c84b5bdbc31d6701c5e4ccf91bda45fcb67b66991d140e80e7cbd7,,complete,,524032,"[16, 64]",
,four_over_six_rows,,,,,,,wiki,,,,,,,,6967ed951bb729a347fc18100c66a8b44f4e5d263e13bdce3a610694611b3076,P30_K2_DRAWS,1.8854084890660585,,phi4,,,n16_k2_draw2,6.589045445375122,,,,raw_ppl,,P30_draw_quality_phi4_attempt1,,71890,73615360,,runs/P30_draw_quality_phi4_attempt1/ppl/ppl_report.json,4682669660c84b5bdbc31d6701c5e4ccf91bda45fcb67b66991d140e80e7cbd7,,complete,,288627,"[16, 64]",
,four_over_six_rows,,,,,,,c4,,,,,,,,5a0352a9506bb900432ab156e5a6ed23f5086e6fcd468f09cac3b55b54b73237,P30_K2_DRAWS,2.3474924242522763,,phi4,,,n16_k2_draw3,10.459309303143247,,,,raw_ppl,,P30_draw_quality_phi4_attempt1,,67712,69337088,,runs/P30_draw_quality_phi4_attempt1/ppl/ppl_report.json,4682669660c84b5bdbc31d6701c5e4ccf91bda45fcb67b66991d140e80e7cbd7,,complete,,524032,"[16, 64]",
,four_over_six_rows,,,,,,,wiki,,,,,,,,5a0352a9506bb900432ab156e5a6ed23f5086e6fcd468f09cac3b55b54b73237,P30_K2_DRAWS,1.885124263583148,,phi4,,,n16_k2_draw3,6.587172936871414,,,,raw_ppl,,P30_draw_quality_phi4_attempt1,,67712,69337088,,runs/P30_draw_quality_phi4_attempt1/ppl/ppl_report.json,4682669660c84b5bdbc31d6701c5e4ccf91bda45fcb67b66991d140e80e7cbd7,,complete,,288627,"[16, 64]",
,four_over_six_rows,,,,,,,c4,,,,,,,,afed70bfe634d4dc21ea33f545774c33509642b13b9958fd416cf03e9103be88,P30_K2_DRAWS,2.348477748145565,,phi4,,,n16_k2_draw4,10.469620189454046,,,,raw_ppl,,P30_draw_quality_phi4_attempt1,,51420,52654080,,runs/P30_draw_quality_phi4_attempt1/ppl/ppl_report.json,4682669660c84b5bdbc31d6701c5e4ccf91bda45fcb67b66991d140e80e7cbd7,,complete,,524032,"[16, 64]",
,four_over_six_rows,,,,,,,wiki,,,,,,,,afed70bfe634d4dc21ea33f545774c33509642b13b9958fd416cf03e9103be88,P30_K2_DRAWS,1.8861992041508768,,phi4,,,n16_k2_draw4,6.594257563381936,,,,raw_ppl,,P30_draw_quality_phi4_attempt1,,51420,52654080,,runs/P30_draw_quality_phi4_attempt1/ppl/ppl_report.json,4682669660c84b5bdbc31d6701c5e4ccf91bda45fcb67b66991d140e80e7cbd7,,complete,,288627,"[16, 64]",
,four_over_six_rows,,,,,,,c4,,,,,,,,bb2733ec1526a99c494334f5bf32c344e9aeb9f356353af0e94598c0cc7b366f,P30_K2_DRAWS,2.347749890695355,,phi4,,,n8_k2_draw1,10.462002571004758,,,,raw_ppl,,P30_draw_quality_phi4_attempt1,,103796,53143552,,runs/P30_draw_quality_phi4_attempt1/ppl/ppl_report.json,4682669660c84b5bdbc31d6701c5e4ccf91bda45fcb67b66991d140e80e7cbd7,,complete,,524032,"[8, 64]",
,four_over_six_rows,,,,,,,wiki,,,,,,,,bb2733ec1526a99c494334f5bf32c344e9aeb9f356353af0e94598c0cc7b366f,P30_K2_DRAWS,1.8853492484951315,,phi4,,,n8_k2_draw1,6.5886551181227935,,,,raw_ppl,,P30_draw_quality_phi4_attempt1,,103796,53143552,,runs/P30_draw_quality_phi4_attempt1/ppl/ppl_report.json,4682669660c84b5bdbc31d6701c5e4ccf91bda45fcb67b66991d140e80e7cbd7,,complete,,288627,"[8, 64]",
,four_over_six_rows,,,,,,,c4,,,,,,,,e9a498faf04c894ed86c125bcff0e46a791bbf637f04d5b0b1d0b3f9f0cf205f,P30_K2_DRAWS,2.347748806506784,,phi4,,,n8_k2_draw2,10.46199122822729,,,,raw_ppl,,P30_draw_quality_phi4_attempt1,,136777,70029824,,runs/P30_draw_quality_phi4_attempt1/ppl/ppl_report.json,4682669660c84b5bdbc31d6701c5e4ccf91bda45fcb67b66991d140e80e7cbd7,,complete,,524032,"[8, 64]",
,four_over_six_rows,,,,,,,wiki,,,,,,,,e9a498faf04c894ed86c125bcff0e46a791bbf637f04d5b0b1d0b3f9f0cf205f,P30_K2_DRAWS,1.8862385287800756,,phi4,,,n8_k2_draw2,6.594516885214291,,,,raw_ppl,,P30_draw_quality_phi4_attempt1,,136777,70029824,,runs/P30_draw_quality_phi4_attempt1/ppl/ppl_report.json,4682669660c84b5bdbc31d6701c5e4ccf91bda45fcb67b66991d140e80e7cbd7,,complete,,288627,"[8, 64]",
,four_over_six_rows,,,,,,,c4,,,,,,,,728860143c0a40f70ea16dfa8d92bdf9208ff4eff67b64f16f970224d2230dab,P30_K2_DRAWS,2.3469575493359853,,phi4,,,n8_k2_draw3,10.453716376846598,,,,raw_ppl,,P30_draw_quality_phi4_attempt1,,129773,66443776,,runs/P30_draw_quality_phi4_attempt1/ppl/ppl_report.json,4682669660c84b5bdbc31d6701c5e4ccf91bda45fcb67b66991d140e80e7cbd7,,complete,,524032,"[8, 64]",
,four_over_six_rows,,,,,,,wiki,,,,,,,,728860143c0a40f70ea16dfa8d92bdf9208ff4eff67b64f16f970224d2230dab,P30_K2_DRAWS,1.885538782977051,,phi4,,,n8_k2_draw3,6.5899040138078115,,,,raw_ppl,,P30_draw_quality_phi4_attempt1,,129773,66443776,,runs/P30_draw_quality_phi4_attempt1/ppl/ppl_report.json,4682669660c84b5bdbc31d6701c5e4ccf91bda45fcb67b66991d140e80e7cbd7,,complete,,288627,"[8, 64]",
,four_over_six_rows,,,,,,,c4,,,,,,,,2fe9df02789ae7176074b8e66e6ffcc16d9f9270e64e5b1eba6590d135171cb4,P30_K2_DRAWS,2.347841721658315,,phi4,,,n8_k2_draw4,10.46296335088934,,,,raw_ppl,,P30_draw_quality_phi4_attempt1,,99164,50771968,,runs/P30_draw_quality_phi4_attempt1/ppl/ppl_report.json,4682669660c84b5bdbc31d6701c5e4ccf91bda45fcb67b66991d140e80e7cbd7,,complete,,524032,"[8, 64]",
,four_over_six_rows,,,,,,,wiki,,,,,,,,2fe9df02789ae7176074b8e66e6ffcc16d9f9270e64e5b1eba6590d135171cb4,P30_K2_DRAWS,1.8853540593589597,,phi4,,,n8_k2_draw4,6.588686815321623,,,,raw_ppl,,P30_draw_quality_phi4_attempt1,,99164,50771968,,runs/P30_draw_quality_phi4_attempt1/ppl/ppl_report.json,4682669660c84b5bdbc31d6701c5e4ccf91bda45fcb67b66991d140e80e7cbd7,,complete,,288627,"[8, 64]",
,four_over_six_rows,,,,,,,c4,,,,,,,,,P30_K2_DRAWS,2.321344709932775,,qwen27b,,,four_over_six,10.189366840565677,,,,raw_ppl,,P30_draw_quality_qwen27b_attempt2,,,,,runs/P30_draw_quality_qwen27b_attempt2/ppl/ppl_report.json,b0ceee039d697351e19bc1f594cc1283f641e6d603f414234d9fefc369813d91,,complete,,524032,null,
,four_over_six_rows,,,,,,,wiki,,,,,,,,,P30_K2_DRAWS,1.9856613166161625,,qwen27b,,,four_over_six,7.2838627324982586,,,,raw_ppl,,P30_draw_quality_qwen27b_attempt2,,,,,runs/P30_draw_quality_qwen27b_attempt2/ppl/ppl_report.json,b0ceee039d697351e19bc1f594cc1283f641e6d603f414234d9fefc369813d91,,complete,,296815,null,
,four_over_six_rows,,,,,,,c4,,,,,,,,62e79c948e669727f965b0ab2324ef36a96bd73c2bc124090215c31306bc601b,P30_K2_DRAWS,2.3146131080331807,,qwen27b,,,n16_k2_draw1,10.121006425080202,,,,raw_ppl,,P30_draw_quality_qwen27b_attempt2,,65691,67267584,,runs/P30_draw_quality_qwen27b_attempt2/ppl/ppl_report.json,b0ceee039d697351e19bc1f594cc1283f641e6d603f414234d9fefc369813d91,,complete,,524032,"[16, 64]",
,four_over_six_rows,,,,,,,wiki,,,,,,,,62e79c948e669727f965b0ab2324ef36a96bd73c2bc124090215c31306bc601b,P30_K2_DRAWS,1.966353817084034,,qwen27b,,,n16_k2_draw1,7.144578498175466,,,,raw_ppl,,P30_draw_quality_qwen27b_attempt2,,65691,67267584,,runs/P30_draw_quality_qwen27b_attempt2/ppl/ppl_report.json,b0ceee039d697351e19bc1f594cc1283f641e6d603f414234d9fefc369813d91,,complete,,296815,"[16, 64]",
,four_over_six_rows,,,,,,,c4,,,,,,,,292633b4aba2bf8946e43f0a49bb32b603e0ccac035a0e053f990093b101d7b0,P30_K2_DRAWS,2.314424907140541,,qwen27b,,,n16_k2_draw2,10.119101821866225,,,,raw_ppl,,P30_draw_quality_qwen27b_attempt2,,63960,65495040,,runs/P30_draw_quality_qwen27b_attempt2/ppl/ppl_report.json,b0ceee039d697351e19bc1f594cc1283f641e6d603f414234d9fefc369813d91,,complete,,524032,"[16, 64]",
,four_over_six_rows,,,,,,,wiki,,,,,,,,292633b4aba2bf8946e43f0a49bb32b603e0ccac035a0e053f990093b101d7b0,P30_K2_DRAWS,1.96437650291077,,qwen27b,,,n16_k2_draw2,7.130465379482094,,,,raw_ppl,,P30_draw_quality_qwen27b_attempt2,,63960,65495040,,runs/P30_draw_quality_qwen27b_attempt2/ppl/ppl_report.json,b0ceee039d697351e19bc1f594cc1283f641e6d603f414234d9fefc369813d91,,complete,,296815,"[16, 64]",
,four_over_six_rows,,,,,,,c4,,,,,,,,7265ccd6e7729009d5de4a67bbd1740ab400fb021edf10b8c7a3481fdb2a79a5,P30_K2_DRAWS,2.3148012486094554,,qwen27b,,,n16_k2_draw3,10.122910776198736,,,,raw_ppl,,P30_draw_quality_qwen27b_attempt2,,56252,57602048,,runs/P30_draw_quality_qwen27b_attempt2/ppl/ppl_report.json,b0ceee039d697351e19bc1f594cc1283f641e6d603f414234d9fefc369813d91,,complete,,524032,"[16, 64]",
,four_over_six_rows,,,,,,,wiki,,,,,,,,7265ccd6e7729009d5de4a67bbd1740ab400fb021edf10b8c7a3481fdb2a79a5,P30_K2_DRAWS,1.969144910765318,,qwen27b,,,n16_k2_draw3,7.164547540848,,,,raw_ppl,,P30_draw_quality_qwen27b_attempt2,,56252,57602048,,runs/P30_draw_quality_qwen27b_attempt2/ppl/ppl_report.json,b0ceee039d697351e19bc1f594cc1283f641e6d603f414234d9fefc369813d91,,complete,,296815,"[16, 64]",
,four_over_six_rows,,,,,,,c4,,,,,,,,5c27c3f96c291200ef26824538989218fe9bfd2652d921bd8ac5fe472c23c35e,P30_K2_DRAWS,2.31406836236551,,qwen27b,,,n16_k2_draw4,10.115494552098436,,,,raw_ppl,,P30_draw_quality_qwen27b_attempt2,,57586,58968064,,runs/P30_draw_quality_qwen27b_attempt2/ppl/ppl_report.json,b0ceee039d697351e19bc1f594cc1283f641e6d603f414234d9fefc369813d91,,complete,,524032,"[16, 64]",
,four_over_six_rows,,,,,,,wiki,,,,,,,,5c27c3f96c291200ef26824538989218fe9bfd2652d921bd8ac5fe472c23c35e,P30_K2_DRAWS,1.9655284677479636,,qwen27b,,,n16_k2_draw4,7.138684157835041,,,,raw_ppl,,P30_draw_quality_qwen27b_attempt2,,57586,58968064,,runs/P30_draw_quality_qwen27b_attempt2/ppl/ppl_report.json,b0ceee039d697351e19bc1f594cc1283f641e6d603f414234d9fefc369813d91,,complete,,296815,"[16, 64]",
,four_over_six_rows,,,,,,,c4,,,,,,,,28e66b7c37ba3e783c6d4f8bea3978f277642c18b1f84ab9f52fd1e2d13ec71d,P30_K2_DRAWS,2.3131938440701663,,qwen27b,,,n8_k2_draw1,10.106652233994193,,,,raw_ppl,,P30_draw_quality_qwen27b_attempt2,,126226,64627712,,runs/P30_draw_quality_qwen27b_attempt2/ppl/ppl_report.json,b0ceee039d697351e19bc1f594cc1283f641e6d603f414234d9fefc369813d91,,complete,,524032,"[8, 64]",
,four_over_six_rows,,,,,,,wiki,,,,,,,,28e66b7c37ba3e783c6d4f8bea3978f277642c18b1f84ab9f52fd1e2d13ec71d,P30_K2_DRAWS,1.9617825903045545,,qwen27b,,,n8_k2_draw1,7.111993542967999,,,,raw_ppl,,P30_draw_quality_qwen27b_attempt2,,126226,64627712,,runs/P30_draw_quality_qwen27b_attempt2/ppl/ppl_report.json,b0ceee039d697351e19bc1f594cc1283f641e6d603f414234d9fefc369813d91,,complete,,296815,"[8, 64]",
,four_over_six_rows,,,,,,,c4,,,,,,,,6d62f575bf58cc972b8a26085892d9822c949bcc44449f0bb5fbf20aa03be7e3,P30_K2_DRAWS,2.3133461995467908,,qwen27b,,,n8_k2_draw2,10.108192155117111,,,,raw_ppl,,P30_draw_quality_qwen27b_attempt2,,123465,63214080,,runs/P30_draw_quality_qwen27b_attempt2/ppl/ppl_report.json,b0ceee039d697351e19bc1f594cc1283f641e6d603f414234d9fefc369813d91,,complete,,524032,"[8, 64]",
,four_over_six_rows,,,,,,,wiki,,,,,,,,6d62f575bf58cc972b8a26085892d9822c949bcc44449f0bb5fbf20aa03be7e3,P30_K2_DRAWS,1.95852313214345,,qwen27b,,,n8_k2_draw2,7.088850035709299,,,,raw_ppl,,P30_draw_quality_qwen27b_attempt2,,123465,63214080,,runs/P30_draw_quality_qwen27b_attempt2/ppl/ppl_report.json,b0ceee039d697351e19bc1f594cc1283f641e6d603f414234d9fefc369813d91,,complete,,296815,"[8, 64]",
,four_over_six_rows,,,,,,,c4,,,,,,,,46368a3a93ec71b39dd4afd081e9254e954afcd5194a109f1dfd29d014302177,P30_K2_DRAWS,2.3134353398880063,,qwen27b,,,n8_k2_draw3,10.109093242975934,,,,raw_ppl,,P30_draw_quality_qwen27b_attempt2,,108150,55372800,,runs/P30_draw_quality_qwen27b_attempt2/ppl/ppl_report.json,b0ceee039d697351e19bc1f594cc1283f641e6d603f414234d9fefc369813d91,,complete,,524032,"[8, 64]",
,four_over_six_rows,,,,,,,wiki,,,,,,,,46368a3a93ec71b39dd4afd081e9254e954afcd5194a109f1dfd29d014302177,P30_K2_DRAWS,1.962186589986433,,qwen27b,,,n8_k2_draw3,7.114867366569703,,,,raw_ppl,,P30_draw_quality_qwen27b_attempt2,,108150,55372800,,runs/P30_draw_quality_qwen27b_attempt2/ppl/ppl_report.json,b0ceee039d697351e19bc1f594cc1283f641e6d603f414234d9fefc369813d91,,complete,,296815,"[8, 64]",
,four_over_six_rows,,,,,,,c4,,,,,,,,f61f5cc122e7ed77319044d6e11b45d41d1197c48db6c800b2d114262d97cd24,P30_K2_DRAWS,2.3136175036984943,,qwen27b,,,n8_k2_draw4,10.110934921660164,,,,raw_ppl,,P30_draw_quality_qwen27b_attempt2,,111024,56844288,,runs/P30_draw_quality_qwen27b_attempt2/ppl/ppl_report.json,b0ceee039d697351e19bc1f594cc1283f641e6d603f414234d9fefc369813d91,,complete,,524032,"[8, 64]",
,four_over_six_rows,,,,,,,wiki,,,,,,,,f61f5cc122e7ed77319044d6e11b45d41d1197c48db6c800b2d114262d97cd24,P30_K2_DRAWS,1.959629244546767,,qwen27b,,,n8_k2_draw4,7.096695438807996,,,,raw_ppl,,P30_draw_quality_qwen27b_attempt2,,111024,56844288,,runs/P30_draw_quality_qwen27b_attempt2/ppl/ppl_report.json,b0ceee039d697351e19bc1f594cc1283f641e6d603f414234d9fefc369813d91,,complete,,296815,"[8, 64]",
,four_over_six_rows,,,,,,,c4,,,,,,,,,P30_K2_DRAWS,2.850845458550162,,qwen4b,,,four_over_six,17.302404123934327,,,,raw_ppl,,P30_draw_quality_qwen4b_attempt1,,,,,runs/P30_draw_quality_qwen4b_attempt1/ppl/ppl_report.json,6a79ac336bec647edbd338043449b87b82732f856a3ef005346c01556b71e62d,,complete,,524032,null,
,four_over_six_rows,,,,,,,wiki,,,,,,,,,P30_K2_DRAWS,2.6536793755458965,,qwen4b,,,four_over_six,14.206212593958501,,,,raw_ppl,,P30_draw_quality_qwen4b_attempt1,,,,,runs/P30_draw_quality_qwen4b_attempt1/ppl/ppl_report.json,6a79ac336bec647edbd338043449b87b82732f856a3ef005346c01556b71e62d,,complete,,298862,null,
,four_over_six_rows,,,,,,,c4,,,,,,,,cec2307da32f6b76a583fa80a61ff26af0b6696b53274fe2539ed63ae8d70aeb,P30_K2_DRAWS,2.724738327352172,,qwen4b,,,n16_k2_draw1,15.252422262907968,,,,raw_ppl,,P30_draw_quality_qwen4b_attempt1,,30247,30972928,,runs/P30_draw_quality_qwen4b_attempt1/ppl/ppl_report.json,6a79ac336bec647edbd338043449b87b82732f856a3ef005346c01556b71e62d,,complete,,524032,"[16, 64]",
,four_over_six_rows,,,,,,,wiki,,,,,,,,cec2307da32f6b76a583fa80a61ff26af0b6696b53274fe2539ed63ae8d70aeb,P30_K2_DRAWS,2.405245289594541,,qwen4b,,,n16_k2_draw1,11.08114803916362,,,,raw_ppl,,P30_draw_quality_qwen4b_attempt1,,30247,30972928,,runs/P30_draw_quality_qwen4b_attempt1/ppl/ppl_report.json,6a79ac336bec647edbd338043449b87b82732f856a3ef005346c01556b71e62d,,complete,,298862,"[16, 64]",
,four_over_six_rows,,,,,,,c4,,,,,,,,d1388a97567b0795681333c88ff215f65d2c2dc8b90bdfbf9f86fb623d397c6f,P30_K2_DRAWS,2.7293637151437227,,qwen4b,,,n16_k2_draw2,15.323134039259411,,,,raw_ppl,,P30_draw_quality_qwen4b_attempt1,,32784,33570816,,runs/P30_draw_quality_qwen4b_attempt1/ppl/ppl_report.json,6a79ac336bec647edbd338043449b87b82732f856a3ef005346c01556b71e62d,,complete,,524032,"[16, 64]",
,four_over_six_rows,,,,,,,wiki,,,,,,,,d1388a97567b0795681333c88ff215f65d2c2dc8b90bdfbf9f86fb623d397c6f,P30_K2_DRAWS,2.407222603002414,,qwen4b,,,n16_k2_draw2,11.103080618401643,,,,raw_ppl,,P30_draw_quality_qwen4b_attempt1,,32784,33570816,,runs/P30_draw_quality_qwen4b_attempt1/ppl/ppl_report.json,6a79ac336bec647edbd338043449b87b82732f856a3ef005346c01556b71e62d,,complete,,298862,"[16, 64]",
,four_over_six_rows,,,,,,,c4,,,,,,,,ba4cc048a166dc14983f338d1fc512a7718d0c0b08037c6121bdeab7aa2d03d3,P30_K2_DRAWS,2.7344768939152444,,qwen4b,,,n16_k2_draw3,15.40168461336679,,,,raw_ppl,,P30_draw_quality_qwen4b_attempt1,,29885,30602240,,runs/P30_draw_quality_qwen4b_attempt1/ppl/ppl_report.json,6a79ac336bec647edbd338043449b87b82732f856a3ef005346c01556b71e62d,,complete,,524032,"[16, 64]",
,four_over_six_rows,,,,,,,wiki,,,,,,,,ba4cc048a166dc14983f338d1fc512a7718d0c0b08037c6121bdeab7aa2d03d3,P30_K2_DRAWS,2.4209034285652744,,qwen4b,,,n16_k2_draw3,11.256023736150894,,,,raw_ppl,,P30_draw_quality_qwen4b_attempt1,,29885,30602240,,runs/P30_draw_quality_qwen4b_attempt1/ppl/ppl_report.json,6a79ac336bec647edbd338043449b87b82732f856a3ef005346c01556b71e62d,,complete,,298862,"[16, 64]",
,four_over_six_rows,,,,,,,c4,,,,,,,,96e3f2e74ea7af23c112e5605c7e0a1c6cc70239112fd653b4bf935bffd4ef85,P30_K2_DRAWS,2.742089728146822,,qwen4b,,,n16_k2_draw4,15.519382524123666,,,,raw_ppl,,P30_draw_quality_qwen4b_attempt1,,25879,26500096,,runs/P30_draw_quality_qwen4b_attempt1/ppl/ppl_report.json,6a79ac336bec647edbd338043449b87b82732f856a3ef005346c01556b71e62d,,complete,,524032,"[16, 64]",
,four_over_six_rows,,,,,,,wiki,,,,,,,,96e3f2e74ea7af23c112e5605c7e0a1c6cc70239112fd653b4bf935bffd4ef85,P30_K2_DRAWS,2.435935653983767,,qwen4b,,,n16_k2_draw4,11.426504968162893,,,,raw_ppl,,P30_draw_quality_qwen4b_attempt1,,25879,26500096,,runs/P30_draw_quality_qwen4b_attempt1/ppl/ppl_report.json,6a79ac336bec647edbd338043449b87b82732f856a3ef005346c01556b71e62d,,complete,,298862,"[16, 64]",
,four_over_six_rows,,,,,,,c4,,,,,,,,4da8e99ab8f56be491b09d9e06725a7a431d2f0b598251126bede9ed575807dc,P30_K2_DRAWS,2.7167250403885927,,qwen4b,,,n8_k2_draw1,15.130688621131752,,,,raw_ppl,,P30_draw_quality_qwen4b_attempt1,,58116,29755392,,runs/P30_draw_quality_qwen4b_attempt1/ppl/ppl_report.json,6a79ac336bec647edbd338043449b87b82732f856a3ef005346c01556b71e62d,,complete,,524032,"[8, 64]",
,four_over_six_rows,,,,,,,wiki,,,,,,,,4da8e99ab8f56be491b09d9e06725a7a431d2f0b598251126bede9ed575807dc,P30_K2_DRAWS,2.383258437646526,,qwen4b,,,n8_k2_draw1,10.840167388616052,,,,raw_ppl,,P30_draw_quality_qwen4b_attempt1,,58116,29755392,,runs/P30_draw_quality_qwen4b_attempt1/ppl/ppl_report.json,6a79ac336bec647edbd338043449b87b82732f856a3ef005346c01556b71e62d,,complete,,298862,"[8, 64]",
,four_over_six_rows,,,,,,,c4,,,,,,,,8c80eecd30b60f3045ebd6245ce1b29ea283be74f4f2febc1a5ead5ee837abf4,P30_K2_DRAWS,2.7177253587032904,,qwen4b,,,n8_k2_draw2,15.145831698759675,,,,raw_ppl,,P30_draw_quality_qwen4b_attempt1,,62879,32194048,,runs/P30_draw_quality_qwen4b_attempt1/ppl/ppl_report.json,6a79ac336bec647edbd338043449b87b82732f856a3ef005346c01556b71e62d,,complete,,524032,"[8, 64]",
,four_over_six_rows,,,,,,,wiki,,,,,,,,8c80eecd30b60f3045ebd6245ce1b29ea283be74f4f2febc1a5ead5ee837abf4,P30_K2_DRAWS,2.3795213028334214,,qwen4b,,,n8_k2_draw2,10.799731825324649,,,,raw_ppl,,P30_draw_quality_qwen4b_attempt1,,62879,32194048,,runs/P30_draw_quality_qwen4b_attempt1/ppl/ppl_report.json,6a79ac336bec647edbd338043449b87b82732f856a3ef005346c01556b71e62d,,complete,,298862,"[8, 64]",
,four_over_six_rows,,,,,,,c4,,,,,,,,804957b0d3b073a69b7a4152dc63563ff096d0f54790a062a8cee4e97e8e3491,P30_K2_DRAWS,2.724538795520752,,qwen4b,,,n8_k2_draw3,15.249379222762041,,,,raw_ppl,,P30_draw_quality_qwen4b_attempt1,,56951,29158912,,runs/P30_draw_quality_qwen4b_attempt1/ppl/ppl_report.json,6a79ac336bec647edbd338043449b87b82732f856a3ef005346c01556b71e62d,,complete,,524032,"[8, 64]",
,four_over_six_rows,,,,,,,wiki,,,,,,,,804957b0d3b073a69b7a4152dc63563ff096d0f54790a062a8cee4e97e8e3491,P30_K2_DRAWS,2.393513822088395,,qwen4b,,,n8_k2_draw3,10.95190947226196,,,,raw_ppl,,P30_draw_quality_qwen4b_attempt1,,56951,29158912,,runs/P30_draw_quality_qwen4b_attempt1/ppl/ppl_report.json,6a79ac336bec647edbd338043449b87b82732f856a3ef005346c01556b71e62d,,complete,,298862,"[8, 64]",
,four_over_six_rows,,,,,,,c4,,,,,,,,38a737c0057b0f4b117190d4b3a27a3c1bb08fd8a3d13d7d87f91d8a9084ecd7,P30_K2_DRAWS,2.7329750944251265,,qwen4b,,,n8_k2_draw4,15.378571731068975,,,,raw_ppl,,P30_draw_quality_qwen4b_attempt1,,49309,25246208,,runs/P30_draw_quality_qwen4b_attempt1/ppl/ppl_report.json,6a79ac336bec647edbd338043449b87b82732f856a3ef005346c01556b71e62d,,complete,,524032,"[8, 64]",
,four_over_six_rows,,,,,,,wiki,,,,,,,,38a737c0057b0f4b117190d4b3a27a3c1bb08fd8a3d13d7d87f91d8a9084ecd7,P30_K2_DRAWS,2.4122042379865762,,qwen4b,,,n8_k2_draw4,11.158530113140985,,,,raw_ppl,,P30_draw_quality_qwen4b_attempt1,,49309,25246208,,runs/P30_draw_quality_qwen4b_attempt1/ppl/ppl_report.json,6a79ac336bec647edbd338043449b87b82732f856a3ef005346c01556b71e62d,,complete,,298862,"[8, 64]",
,four_over_six_rows,,,,,,,c4,,,,,,,,,P31_CAL_SIZE_128,2.284967573126498,,llama8b,,,four_over_six,9.825367612898917,,,,raw_ppl,,P31_quality_llama8b_attempt1,,,,,runs/P31_quality_llama8b_attempt1/ppl/ppl_report.json,37b7f3a150df1a098c14776bf261496607035aafed8be22f2954f203095cfb23,,complete,,524032,null,
,four_over_six_rows,,,,,,,wiki,,,,,,,,,P31_CAL_SIZE_128,1.9279499304938719,,llama8b,,,four_over_six,6.8754007343996815,,,,raw_ppl,,P31_quality_llama8b_attempt1,,,,,runs/P31_quality_llama8b_attempt1/ppl/ppl_report.json,37b7f3a150df1a098c14776bf261496607035aafed8be22f2954f203095cfb23,,complete,,288627,null,
,four_over_six_rows,,,,,,,c4,,,,,,,,82bc121a2e18704f818586feccdc2c09d7af880e9794fbe4147968cba378ebbd,P31_CAL_SIZE_128,2.2874315169786357,,llama8b,,,n16_k2,9.849606616532753,,,,raw_ppl,,P31_quality_llama8b_attempt1,,67132,68743168,,runs/P31_quality_llama8b_attempt1/ppl/ppl_report.json,37b7f3a150df1a098c14776bf261496607035aafed8be22f2954f203095cfb23,,complete,,524032,"[16, 64]",
,four_over_six_rows,,,,,,,wiki,,,,,,,,82bc121a2e18704f818586feccdc2c09d7af880e9794fbe4147968cba378ebbd,P31_CAL_SIZE_128,1.9348045140141232,,llama8b,,,n16_k2,6.922690634091614,,,,raw_ppl,,P31_quality_llama8b_attempt1,,67132,68743168,,runs/P31_quality_llama8b_attempt1/ppl/ppl_report.json,37b7f3a150df1a098c14776bf261496607035aafed8be22f2954f203095cfb23,,complete,,288627,"[16, 64]",
,four_over_six_rows,,,,,,,c4,,,,,,,,0e4e4ad4b80d3895a6aa75401ad383baaa1e6713242e88afd7ae33c29f4b0626,P31_CAL_SIZE_128,2.301761463752844,,llama8b,,,n8_k2,9.991767098482608,,,,raw_ppl,,P31_quality_llama8b_attempt1,,128104,65589248,,runs/P31_quality_llama8b_attempt1/ppl/ppl_report.json,37b7f3a150df1a098c14776bf261496607035aafed8be22f2954f203095cfb23,,complete,,524032,"[8, 64]",
,four_over_six_rows,,,,,,,wiki,,,,,,,,0e4e4ad4b80d3895a6aa75401ad383baaa1e6713242e88afd7ae33c29f4b0626,P31_CAL_SIZE_128,1.9508106768157372,,llama8b,,,n8_k2,7.034387884896024,,,,raw_ppl,,P31_quality_llama8b_attempt1,,128104,65589248,,runs/P31_quality_llama8b_attempt1/ppl/ppl_report.json,37b7f3a150df1a098c14776bf261496607035aafed8be22f2954f203095cfb23,,complete,,288627,"[8, 64]",
,four_over_six_rows,,,,,,,c4,,,,,,,,,P31_CAL_SIZE_128,2.0878324865549156,,mistral7b,,,four_over_six,8.067409980198462,,,,raw_ppl,,P31_quality_mistral7b_attempt1,,,,,runs/P31_quality_mistral7b_attempt1/ppl/ppl_report.json,2dc2a7e6c4589fc2d5091b2c6ceef65b94b7e0f60fa73760c35b780af2b96ad1,,complete,,524032,null,
,four_over_six_rows,,,,,,,wiki,,,,,,,,,P31_CAL_SIZE_128,1.708977147744794,,mistral7b,,,four_over_six,5.5233090581954585,,,,raw_ppl,,P31_quality_mistral7b_attempt1,,,,,runs/P31_quality_mistral7b_attempt1/ppl/ppl_report.json,2dc2a7e6c4589fc2d5091b2c6ceef65b94b7e0f60fa73760c35b780af2b96ad1,,complete,,333661,null,
,four_over_six_rows,,,,,,,c4,,,,,,,,176013d9cac96a450fc604b4122f66d7254528841509ca71028a1767a46bdfab,P31_CAL_SIZE_128,2.085185670005176,,mistral7b,,,n16_k2,8.04608525971033,,,,raw_ppl,,P31_quality_mistral7b_attempt1,,42111,43121664,,runs/P31_quality_mistral7b_attempt1/ppl/ppl_report.json,2dc2a7e6c4589fc2d5091b2c6ceef65b94b7e0f60fa73760c35b780af2b96ad1,,complete,,524032,"[16, 64]",
,four_over_six_rows,,,,,,,wiki,,,,,,,,176013d9cac96a450fc604b4122f66d7254528841509ca71028a1767a46bdfab,P31_CAL_SIZE_128,1.703346643903659,,mistral7b,,,n16_k2,5.4922974327944685,,,,raw_ppl,,P31_quality_mistral7b_attempt1,,42111,43121664,,runs/P31_quality_mistral7b_attempt1/ppl/ppl_report.json,2dc2a7e6c4589fc2d5091b2c6ceef65b94b7e0f60fa73760c35b780af2b96ad1,,complete,,333661,"[16, 64]",
,four_over_six_rows,,,,,,,c4,,,,,,,,8e02456f2b170c7d27f8188d2a125304e255253717bd3014d644bcdeb55a76b6,P31_CAL_SIZE_128,2.085117578269091,,mistral7b,,,n8_k2,8.045537406448661,,,,raw_ppl,,P31_quality_mistral7b_attempt1,,79614,40762368,,runs/P31_quality_mistral7b_attempt1/ppl/ppl_report.json,2dc2a7e6c4589fc2d5091b2c6ceef65b94b7e0f60fa73760c35b780af2b96ad1,,complete,,524032,"[8, 64]",
,four_over_six_rows,,,,,,,wiki,,,,,,,,8e02456f2b170c7d27f8188d2a125304e255253717bd3014d644bcdeb55a76b6,P31_CAL_SIZE_128,1.7028745229917008,,mistral7b,,,n8_k2,5.4897050163369165,,,,raw_ppl,,P31_quality_mistral7b_attempt1,,79614,40762368,,runs/P31_quality_mistral7b_attempt1/ppl/ppl_report.json,2dc2a7e6c4589fc2d5091b2c6ceef65b94b7e0f60fa73760c35b780af2b96ad1,,complete,,333661,"[8, 64]",
,four_over_six_rows,,,,,,,c4,,,,,,,,,P31_CAL_SIZE_128,2.850845458550162,,qwen4b,,,four_over_six,17.302404123934327,,,,raw_ppl,,P31_quality_qwen4b_attempt1,,,,,runs/P31_quality_qwen4b_attempt1/ppl/ppl_report.json,01ba22cbe81b320ba363373ac60807ea6789097848bed591be39d4132bd4e6a9,,complete,,524032,null,
,four_over_six_rows,,,,,,,wiki,,,,,,,,,P31_CAL_SIZE_128,2.6536793755458965,,qwen4b,,,four_over_six,14.206212593958501,,,,raw_ppl,,P31_quality_qwen4b_attempt1,,,,,runs/P31_quality_qwen4b_attempt1/ppl/ppl_report.json,01ba22cbe81b320ba363373ac60807ea6789097848bed591be39d4132bd4e6a9,,complete,,298862,null,
,four_over_six_rows,,,,,,,c4,,,,,,,,4b7cde6f13ec4970c7c2f727f3e87500f4a17bd55880232c8eae3db5bb5e320d,P31_CAL_SIZE_128,2.714347734723592,,qwen4b,,,n16_k2,15.094761071661436,,,,raw_ppl,,P31_quality_qwen4b_attempt1,,50676,51892224,,runs/P31_quality_qwen4b_attempt1/ppl/ppl_report.json,01ba22cbe81b320ba363373ac60807ea6789097848bed591be39d4132bd4e6a9,,complete,,524032,"[16, 64]",
,four_over_six_rows,,,,,,,wiki,,,,,,,,4b7cde6f13ec4970c7c2f727f3e87500f4a17bd55880232c8eae3db5bb5e320d,P31_CAL_SIZE_128,2.3726042779591205,,qwen4b,,,n16_k2,10.725287574835928,,,,raw_ppl,,P31_quality_qwen4b_attempt1,,50676,51892224,,runs/P31_quality_qwen4b_attempt1/ppl/ppl_report.json,01ba22cbe81b320ba363373ac60807ea6789097848bed591be39d4132bd4e6a9,,complete,,298862,"[16, 64]",
,four_over_six_rows,,,,,,,c4,,,,,,,,d2c2bc069a5c4752bcdc0e47e698fd393cfec006f13c2e6ff50d74368578d548,P31_CAL_SIZE_128,2.7117891770181672,,qwen4b,,,n8_k2,15.056189619095004,,,,raw_ppl,,P31_quality_qwen4b_attempt1,,96307,49309184,,runs/P31_quality_qwen4b_attempt1/ppl/ppl_report.json,01ba22cbe81b320ba363373ac60807ea6789097848bed591be39d4132bd4e6a9,,complete,,524032,"[8, 64]",
,four_over_six_rows,,,,,,,wiki,,,,,,,,d2c2bc069a5c4752bcdc0e47e698fd393cfec006f13c2e6ff50d74368578d548,P31_CAL_SIZE_128,2.3578874970846866,,qwen4b,,,n8_k2,10.568601651935571,,,,raw_ppl,,P31_quality_qwen4b_attempt1,,96307,49309184,,runs/P31_quality_qwen4b_attempt1/ppl/ppl_report.json,01ba22cbe81b320ba363373ac60807ea6789097848bed591be39d4132bd4e6a9,,complete,,298862,"[8, 64]",
,four_over_six_rows,,,,,,,c4,,,,,,,,,P40_LOWER_K_SEARCH,2.290783149657805,,llama8b,,,all_e0m3,9.882674264294833,,,,raw_ppl,,P40_quality_llama8b_attempt1,,,,,runs/P40_quality_llama8b_attempt1/ppl/ppl_report.json,68f436d43eab910a80fdc2a58e0cdc358a28b1a24fdf4f3ba4a3c1036ff9c342,,complete,,524032,null,
,four_over_six_rows,,,,,,,wiki,,,,,,,,,P40_LOWER_K_SEARCH,1.9348862902963784,,llama8b,,,all_e0m3,6.923256769142767,,,,raw_ppl,,P40_quality_llama8b_attempt1,,,,,runs/P40_quality_llama8b_attempt1/ppl/ppl_report.json,68f436d43eab910a80fdc2a58e0cdc358a28b1a24fdf4f3ba4a3c1036ff9c342,,complete,,288627,null,
,four_over_six_rows,,,,,,,c4,,,,,,,,,P40_LOWER_K_SEARCH,2.2844326279631595,,llama8b,,,four_over_six,9.820112985610411,,,,raw_ppl,,P40_quality_llama8b_attempt1,,,,,runs/P40_quality_llama8b_attempt1/ppl/ppl_report.json,68f436d43eab910a80fdc2a58e0cdc358a28b1a24fdf4f3ba4a3c1036ff9c342,,complete,,524032,null,
,four_over_six_rows,,,,,,,wiki,,,,,,,,,P40_LOWER_K_SEARCH,1.929455922434699,,llama8b,,,four_over_six,6.885762833155805,,,,raw_ppl,,P40_quality_llama8b_attempt1,,,,,runs/P40_quality_llama8b_attempt1/ppl/ppl_report.json,68f436d43eab910a80fdc2a58e0cdc358a28b1a24fdf4f3ba4a3c1036ff9c342,,complete,,288627,null,
,four_over_six_rows,,,,,,,c4,,,,,,,,5ff78ec4c90cce589c602afe2b6943803bf974afc00f3d4ede44675a50f7a3cf,P40_LOWER_K_SEARCH,2.3957084076270063,,llama8b,,,p40_n16_k0p5_seed0,10.975970767037731,,,,raw_ppl,,P40_quality_llama8b_attempt1,,1418127,1452162048,,runs/P40_quality_llama8b_attempt1/ppl/ppl_report.json,68f436d43eab910a80fdc2a58e0cdc358a28b1a24fdf4f3ba4a3c1036ff9c342,,complete,,524032,"[16, 64]",
,four_over_six_rows,,,,,,,wiki,,,,,,,,5ff78ec4c90cce589c602afe2b6943803bf974afc00f3d4ede44675a50f7a3cf,P40_LOWER_K_SEARCH,2.0618482893971892,,llama8b,,,p40_n16_k0p5_seed0,7.860484842987863,,,,raw_ppl,,P40_quality_llama8b_attempt1,,1418127,1452162048,,runs/P40_quality_llama8b_attempt1/ppl/ppl_report.json,68f436d43eab910a80fdc2a58e0cdc358a28b1a24fdf4f3ba4a3c1036ff9c342,,complete,,288627,"[16, 64]",
,four_over_six_rows,,,,,,,c4,,,,,,,,0fc96b79b8dccce8dc285462f1ec4cffff8bf8ec8e384db1ad8f019af02802c1,P40_LOWER_K_SEARCH,2.329158526922038,,llama8b,,,p40_n16_k1p0_seed0,10.269296559712792,,,,raw_ppl,,P40_quality_llama8b_attempt1,,628185,643261440,,runs/P40_quality_llama8b_attempt1/ppl/ppl_report.json,68f436d43eab910a80fdc2a58e0cdc358a28b1a24fdf4f3ba4a3c1036ff9c342,,complete,,524032,"[16, 64]",
,four_over_six_rows,,,,,,,wiki,,,,,,,,0fc96b79b8dccce8dc285462f1ec4cffff8bf8ec8e384db1ad8f019af02802c1,P40_LOWER_K_SEARCH,1.9841305567300902,,llama8b,,,p40_n16_k1p0_seed0,7.2727214171265695,,,,raw_ppl,,P40_quality_llama8b_attempt1,,628185,643261440,,runs/P40_quality_llama8b_attempt1/ppl/ppl_report.json,68f436d43eab910a80fdc2a58e0cdc358a28b1a24fdf4f3ba4a3c1036ff9c342,,complete,,288627,"[16, 64]",
,four_over_six_rows,,,,,,,c4,,,,,,,,247065b6317a89b3c77212b7713fcc22ada34043487695317e4c342d61b0d9ce,P40_LOWER_K_SEARCH,2.2901852519300765,,llama8b,,,p40_n16_k1p5_seed0,9.876767201893896,,,,raw_ppl,,P40_quality_llama8b_attempt1,,207090,212060160,,runs/P40_quality_llama8b_attempt1/ppl/ppl_report.json,68f436d43eab910a80fdc2a58e0cdc358a28b1a24fdf4f3ba4a3c1036ff9c342,,complete,,524032,"[16, 64]",
,four_over_six_rows,,,,,,,wiki,,,,,,,,247065b6317a89b3c77212b7713fcc22ada34043487695317e4c342d61b0d9ce,P40_LOWER_K_SEARCH,1.9390471116072379,,llama8b,,,p40_n16_k1p5_seed0,6.952123215866023,,,,raw_ppl,,P40_quality_llama8b_attempt1,,207090,212060160,,runs/P40_quality_llama8b_attempt1/ppl/ppl_report.json,68f436d43eab910a80fdc2a58e0cdc358a28b1a24fdf4f3ba4a3c1036ff9c342,,complete,,288627,"[16, 64]",
,four_over_six_rows,,,,,,,c4,,,,,,,,7a9c2e1e8045b27380bbb878c70fe367d550bd513aa9820e3f1751aab77b7a63,P40_LOWER_K_SEARCH,2.2797524041100763,,llama8b,,,p40_n16_k2p0_seed0,9.77426004329114,,,,raw_ppl,,P40_quality_llama8b_attempt1,,50119,51321856,,runs/P40_quality_llama8b_attempt1/ppl/ppl_report.json,68f436d43eab910a80fdc2a58e0cdc358a28b1a24fdf4f3ba4a3c1036ff9c342,,complete,,524032,"[16, 64]",
,four_over_six_rows,,,,,,,wiki,,,,,,,,7a9c2e1e8045b27380bbb878c70fe367d550bd513aa9820e3f1751aab77b7a63,P40_LOWER_K_SEARCH,1.9226005517589846,,llama8b,,,p40_n16_k2p0_seed0,6.8387198094684445,,,,raw_ppl,,P40_quality_llama8b_attempt1,,50119,51321856,,runs/P40_quality_llama8b_attempt1/ppl/ppl_report.json,68f436d43eab910a80fdc2a58e0cdc358a28b1a24fdf4f3ba4a3c1036ff9c342,,complete,,288627,"[16, 64]",
,four_over_six_rows,,,,,,,c4,,,,,,,,a2b04df8d91e51f77f9907c712ff2c8df58b4df2ea75348d8f7214666302f306,P40_LOWER_K_SEARCH,2.2790633312692314,,llama8b,,,p40_n16_k2p5_seed0,9.767527186136864,,,,raw_ppl,,P40_quality_llama8b_attempt1,,9498,9725952,,runs/P40_quality_llama8b_attempt1/ppl/ppl_report.json,68f436d43eab910a80fdc2a58e0cdc358a28b1a24fdf4f3ba4a3c1036ff9c342,,complete,,524032,"[16, 64]",
,four_over_six_rows,,,,,,,wiki,,,,,,,,a2b04df8d91e51f77f9907c712ff2c8df58b4df2ea75348d8f7214666302f306,P40_LOWER_K_SEARCH,1.9207389031300008,,llama8b,,,p40_n16_k2p5_seed0,6.826000359358094,,,,raw_ppl,,P40_quality_llama8b_attempt1,,9498,9725952,,runs/P40_quality_llama8b_attempt1/ppl/ppl_report.json,68f436d43eab910a80fdc2a58e0cdc358a28b1a24fdf4f3ba4a3c1036ff9c342,,complete,,288627,"[16, 64]",
,four_over_six_rows,,,,,,,c4,,,,,,,,83a548fa522a4209e7a9cd28f26afe62f1501c97023c2187eff7573fd9137af1,P40_LOWER_K_SEARCH,2.2798749067282733,,llama8b,,,p40_n16_k3p0_seed0,9.775457489081006,,,,raw_ppl,,P40_quality_llama8b_attempt1,,1781,1823744,,runs/P40_quality_llama8b_attempt1/ppl/ppl_report.json,68f436d43eab910a80fdc2a58e0cdc358a28b1a24fdf4f3ba4a3c1036ff9c342,,complete,,524032,"[16, 64]",
,four_over_six_rows,,,,,,,wiki,,,,,,,,83a548fa522a4209e7a9cd28f26afe62f1501c97023c2187eff7573fd9137af1,P40_LOWER_K_SEARCH,1.9232751705929498,,llama8b,,,p40_n16_k3p0_seed0,6.843334895188965,,,,raw_ppl,,P40_quality_llama8b_attempt1,,1781,1823744,,runs/P40_quality_llama8b_attempt1/ppl/ppl_report.json,68f436d43eab910a80fdc2a58e0cdc358a28b1a24fdf4f3ba4a3c1036ff9c342,,complete,,288627,"[16, 64]",
,four_over_six_rows,,,,,,,c4,,,,,,,,,P40_LOWER_K_SEARCH,2.0906442538040304,,mistral7b,,,all_e0m3,8.090125579889737,,,,raw_ppl,,P40_quality_mistral7b_attempt1,,,,,runs/P40_quality_mistral7b_attempt1/ppl/ppl_report.json,1b93790c7bf5f718fa7a737ca519e9b262472faa76452d3621a7a748ebef9394,,complete,,524032,null,
,four_over_six_rows,,,,,,,wiki,,,,,,,,,P40_LOWER_K_SEARCH,1.7110983372188393,,mistral7b,,,all_e0m3,5.535037477934236,,,,raw_ppl,,P40_quality_mistral7b_attempt1,,,,,runs/P40_quality_mistral7b_attempt1/ppl/ppl_report.json,1b93790c7bf5f718fa7a737ca519e9b262472faa76452d3621a7a748ebef9394,,complete,,333661,null,
,four_over_six_rows,,,,,,,c4,,,,,,,,,P40_LOWER_K_SEARCH,2.087058865155449,,mistral7b,,,four_over_six,8.06117127270947,,,,raw_ppl,,P40_quality_mistral7b_attempt1,,,,,runs/P40_quality_mistral7b_attempt1/ppl/ppl_report.json,1b93790c7bf5f718fa7a737ca519e9b262472faa76452d3621a7a748ebef9394,,complete,,524032,null,
,four_over_six_rows,,,,,,,wiki,,,,,,,,,P40_LOWER_K_SEARCH,1.7089427673979911,,mistral7b,,,four_over_six,5.523119168178799,,,,raw_ppl,,P40_quality_mistral7b_attempt1,,,,,runs/P40_quality_mistral7b_attempt1/ppl/ppl_report.json,1b93790c7bf5f718fa7a737ca519e9b262472faa76452d3621a7a748ebef9394,,complete,,333661,null,
,four_over_six_rows,,,,,,,c4,,,,,,,,8ef04b2ea7364862c7782813f1dcb3d1f7fd2b7aba3f5b6be0c979a9181185c5,P40_LOWER_K_SEARCH,2.0946169890559334,,mistral7b,,,p40_n16_k0p5_seed0,8.12232943331005,,,,raw_ppl,,P40_quality_mistral7b_attempt1,,1038054,1062967296,,runs/P40_quality_mistral7b_attempt1/ppl/ppl_report.json,1b93790c7bf5f718fa7a737ca519e9b262472faa76452d3621a7a748ebef9394,,complete,,524032,"[16, 64]",
,four_over_six_rows,,,,,,,wiki,,,,,,,,8ef04b2ea7364862c7782813f1dcb3d1f7fd2b7aba3f5b6be0c979a9181185c5,P40_LOWER_K_SEARCH,1.7074646299316798,,mistral7b,,,p40_n16_k0p5_seed0,5.514961269538568,,,,raw_ppl,,P40_quality_mistral7b_attempt1,,1038054,1062967296,,runs/P40_quality_mistral7b_attempt1/ppl/ppl_report.json,1b93790c7bf5f718fa7a737ca519e9b262472faa76452d3621a7a748ebef9394,,complete,,333661,"[16, 64]",
,four_over_six_rows,,,,,,,c4,,,,,,,,96c57e14dea6cf4885b2ebc6d8994c50ce6415a67cbdfb1b225e257832539cf4,P40_LOWER_K_SEARCH,2.0864932614480014,,mistral7b,,,p40_n16_k1p0_seed0,8.056613133522983,,,,raw_ppl,,P40_quality_mistral7b_attempt1,,395468,404959232,,runs/P40_quality_mistral7b_attempt1/ppl/ppl_report.json,1b93790c7bf5f718fa7a737ca519e9b262472faa76452d3621a7a748ebef9394,,complete,,524032,"[16, 64]",
,four_over_six_rows,,,,,,,wiki,,,,,,,,96c57e14dea6cf4885b2ebc6d8994c50ce6415a67cbdfb1b225e257832539cf4,P40_LOWER_K_SEARCH,1.703847711374529,,mistral7b,,,p40_n16_k1p0_seed0,5.4950501339652975,,,,raw_ppl,,P40_quality_mistral7b_attempt1,,395468,404959232,,runs/P40_quality_mistral7b_attempt1/ppl/ppl_report.json,1b93790c7bf5f718fa7a737ca519e9b262472faa76452d3621a7a748ebef9394,,complete,,333661,"[16, 64]",
,four_over_six_rows,,,,,,,c4,,,,,,,,3721e611f5ca9795636a48fc6634ee9119da45d811f3a70ad94610e212c4664f,P40_LOWER_K_SEARCH,2.0854674846855885,,mistral7b,,,p40_n16_k1p5_seed0,8.048353084194474,,,,raw_ppl,,P40_quality_mistral7b_attempt1,,118449,121291776,,runs/P40_quality_mistral7b_attempt1/ppl/ppl_report.json,1b93790c7bf5f718fa7a737ca519e9b262472faa76452d3621a7a748ebef9394,,complete,,524032,"[16, 64]",
,four_over_six_rows,,,,,,,wiki,,,,,,,,3721e611f5ca9795636a48fc6634ee9119da45d811f3a70ad94610e212c4664f,P40_LOWER_K_SEARCH,1.703046062086301,,mistral7b,,,p40_n16_k1p5_seed0,5.490646796138758,,,,raw_ppl,,P40_quality_mistral7b_attempt1,,118449,121291776,,runs/P40_quality_mistral7b_attempt1/ppl/ppl_report.json,1b93790c7bf5f718fa7a737ca519e9b262472faa76452d3621a7a748ebef9394,,complete,,333661,"[16, 64]",
,four_over_six_rows,,,,,,,c4,,,,,,,,e7902815802df571637c6ff822cf0341e42c5cd0824475d5e1d4cb8a79939d6d,P40_LOWER_K_SEARCH,2.0854406243286387,,mistral7b,,,p40_n16_k2p0_seed0,8.048136905461106,,,,raw_ppl,,P40_quality_mistral7b_attempt1,,30611,31345664,,runs/P40_quality_mistral7b_attempt1/ppl/ppl_report.json,1b93790c7bf5f718fa7a737ca519e9b262472faa76452d3621a7a748ebef9394,,complete,,524032,"[16, 64]",
,four_over_six_rows,,,,,,,wiki,,,,,,,,e7902815802df571637c6ff822cf0341e42c5cd0824475d5e1d4cb8a79939d6d,P40_LOWER_K_SEARCH,1.7041639903317374,,mistral7b,,,p40_n16_k2p0_seed0,5.496788377561922,,,,raw_ppl,,P40_quality_mistral7b_attempt1,,30611,31345664,,runs/P40_quality_mistral7b_attempt1/ppl/ppl_report.json,1b93790c7bf5f718fa7a737ca519e9b262472faa76452d3621a7a748ebef9394,,complete,,333661,"[16, 64]",
,four_over_six_rows,,,,,,,c4,,,,,,,,58735afe2d02eae7549f733e5a0ba4bdd18c3e300e9f45d9fd4e1d8c8b6a5cd5,P40_LOWER_K_SEARCH,2.085105153336815,,mistral7b,,,p40_n16_k2p5_seed0,8.045437441812288,,,,raw_ppl,,P40_quality_mistral7b_attempt1,,9171,9391104,,runs/P40_quality_mistral7b_attempt1/ppl/ppl_report.json,1b93790c7bf5f718fa7a737ca519e9b262472faa76452d3621a7a748ebef9394,,complete,,524032,"[16, 64]",
,four_over_six_rows,,,,,,,wiki,,,,,,,,58735afe2d02eae7549f733e5a0ba4bdd18c3e300e9f45d9fd4e1d8c8b6a5cd5,P40_LOWER_K_SEARCH,1.7046185484870817,,mistral7b,,,p40_n16_k2p5_seed0,5.4992875555149725,,,,raw_ppl,,P40_quality_mistral7b_attempt1,,9171,9391104,,runs/P40_quality_mistral7b_attempt1/ppl/ppl_report.json,1b93790c7bf5f718fa7a737ca519e9b262472faa76452d3621a7a748ebef9394,,complete,,333661,"[16, 64]",
,four_over_six_rows,,,,,,,c4,,,,,,,,3b4610264b7eb044d00739039c92da309c1403bfd2083fd123c27b59f4dddfda,P40_LOWER_K_SEARCH,2.085281681968844,,mistral7b,,,p40_n16_k3p0_seed0,8.046857817242742,,,,raw_ppl,,P40_quality_mistral7b_attempt1,,4179,4279296,,runs/P40_quality_mistral7b_attempt1/ppl/ppl_report.json,1b93790c7bf5f718fa7a737ca519e9b262472faa76452d3621a7a748ebef9394,,complete,,524032,"[16, 64]",
,four_over_six_rows,,,,,,,wiki,,,,,,,,3b4610264b7eb044d00739039c92da309c1403bfd2083fd123c27b59f4dddfda,P40_LOWER_K_SEARCH,1.7048049229121427,,mistral7b,,,p40_n16_k3p0_seed0,5.500312577587359,,,,raw_ppl,,P40_quality_mistral7b_attempt1,,4179,4279296,,runs/P40_quality_mistral7b_attempt1/ppl/ppl_report.json,1b93790c7bf5f718fa7a737ca519e9b262472faa76452d3621a7a748ebef9394,,complete,,333661,"[16, 64]",
,four_over_six_rows,,,,,,,c4,,,,,,,,,P40_LOWER_K_SEARCH,2.889945886402726,,qwen4b,,,all_e0m3,17.992335945185168,,,,raw_ppl,,P40_quality_qwen4b_attempt1,,,,,runs/P40_quality_qwen4b_attempt1/ppl/ppl_report.json,a5a4bbefcbc65cf788b3b60d1e23a5d176bc0f4fff4009b2f5462acd9a26c50b,,complete,,524032,null,
,four_over_six_rows,,,,,,,wiki,,,,,,,,,P40_LOWER_K_SEARCH,2.725984448364988,,qwen4b,,,all_e0m3,15.271440473821265,,,,raw_ppl,,P40_quality_qwen4b_attempt1,,,,,runs/P40_quality_qwen4b_attempt1/ppl/ppl_report.json,a5a4bbefcbc65cf788b3b60d1e23a5d176bc0f4fff4009b2f5462acd9a26c50b,,complete,,298862,null,
,four_over_six_rows,,,,,,,c4,,,,,,,,,P40_LOWER_K_SEARCH,2.8513400025426616,,qwen4b,,,four_over_six,17.31096304015548,,,,raw_ppl,,P40_quality_qwen4b_attempt1,,,,,runs/P40_quality_qwen4b_attempt1/ppl/ppl_report.json,a5a4bbefcbc65cf788b3b60d1e23a5d176bc0f4fff4009b2f5462acd9a26c50b,,complete,,524032,null,
,four_over_six_rows,,,,,,,wiki,,,,,,,,,P40_LOWER_K_SEARCH,2.6538793727267787,,qwen4b,,,four_over_six,14.209054080563488,,,,raw_ppl,,P40_quality_qwen4b_attempt1,,,,,runs/P40_quality_qwen4b_attempt1/ppl/ppl_report.json,a5a4bbefcbc65cf788b3b60d1e23a5d176bc0f4fff4009b2f5462acd9a26c50b,,complete,,298862,null,
,four_over_six_rows,,,,,,,c4,,,,,,,,5998c70b313cf387fc9c168305cd365db29f8f54670f24a6c6609e09761020f8,P40_LOWER_K_SEARCH,2.700891851587201,,qwen4b,,,p40_n16_k0p5_seed0,14.893008156652161,,,,raw_ppl,,P40_quality_qwen4b_attempt1,,635681,650937344,,runs/P40_quality_qwen4b_attempt1/ppl/ppl_report.json,a5a4bbefcbc65cf788b3b60d1e23a5d176bc0f4fff4009b2f5462acd9a26c50b,,complete,,524032,"[16, 64]",
,four_over_six_rows,,,,,,,wiki,,,,,,,,5998c70b313cf387fc9c168305cd365db29f8f54670f24a6c6609e09761020f8,P40_LOWER_K_SEARCH,2.331277433846602,,qwen4b,,,p40_n16_k0p5_seed0,10.291079312966964,,,,raw_ppl,,P40_quality_qwen4b_attempt1,,635681,650937344,,runs/P40_quality_qwen4b_attempt1/ppl/ppl_report.json,a5a4bbefcbc65cf788b3b60d1e23a5d176bc0f4fff4009b2f5462acd9a26c50b,,complete,,298862,"[16, 64]",
,four_over_six_rows,,,,,,,c4,,,,,,,,a4bdfcec747749d780cf2973b0bc8d70aa547ed693cc2eeda4e69df2ad566380,P40_LOWER_K_SEARCH,2.6954294852873724,,qwen4b,,,p40_n16_k1p0_seed0,14.811878871455004,,,,raw_ppl,,P40_quality_qwen4b_attempt1,,281695,288455680,,runs/P40_quality_qwen4b_attempt1/ppl/ppl_report.json,a5a4bbefcbc65cf788b3b60d1e23a5d176bc0f4fff4009b2f5462acd9a26c50b,,complete,,524032,"[16, 64]",
,four_over_six_rows,,,,,,,wiki,,,,,,,,a4bdfcec747749d780cf2973b0bc8d70aa547ed693cc2eeda4e69df2ad566380,P40_LOWER_K_SEARCH,2.333601789215735,,qwen4b,,,p40_n16_k1p0_seed0,10.315027259409359,,,,raw_ppl,,P40_quality_qwen4b_attempt1,,281695,288455680,,runs/P40_quality_qwen4b_attempt1/ppl/ppl_report.json,a5a4bbefcbc65cf788b3b60d1e23a5d176bc0f4fff4009b2f5462acd9a26c50b,,complete,,298862,"[16, 64]",
,four_over_six_rows,,,,,,,c4,,,,,,,,6924389ae2183c214caea7168724d51b3dc9981e7f458e631bba50fc6de2da9d,P40_LOWER_K_SEARCH,2.7095076287976885,,qwen4b,,,p40_n16_k1p5_seed0,15.021877353890442,,,,raw_ppl,,P40_quality_qwen4b_attempt1,,101774,104216576,,runs/P40_quality_qwen4b_attempt1/ppl/ppl_report.json,a5a4bbefcbc65cf788b3b60d1e23a5d176bc0f4fff4009b2f5462acd9a26c50b,,complete,,524032,"[16, 64]",
,four_over_six_rows,,,,,,,wiki,,,,,,,,6924389ae2183c214caea7168724d51b3dc9981e7f458e631bba50fc6de2da9d,P40_LOWER_K_SEARCH,2.3665816364115257,,qwen4b,,,p40_n16_k1p5_seed0,10.660887137315239,,,,raw_ppl,,P40_quality_qwen4b_attempt1,,101774,104216576,,runs/P40_quality_qwen4b_attempt1/ppl/ppl_report.json,a5a4bbefcbc65cf788b3b60d1e23a5d176bc0f4fff4009b2f5462acd9a26c50b,,complete,,298862,"[16, 64]",
,four_over_six_rows,,,,,,,c4,,,,,,,,af8048eed5d49dd54151429c50373f3671cdb5aa620248eabe1de34a97887c47,P40_LOWER_K_SEARCH,2.7320897910283586,,qwen4b,,,p40_n16_k2p0_seed0,15.364963054070836,,,,raw_ppl,,P40_quality_qwen4b_attempt1,,32532,33312768,,runs/P40_quality_qwen4b_attempt1/ppl/ppl_report.json,a5a4bbefcbc65cf788b3b60d1e23a5d176bc0f4fff4009b2f5462acd9a26c50b,,complete,,524032,"[16, 64]",
,four_over_six_rows,,,,,,,wiki,,,,,,,,af8048eed5d49dd54151429c50373f3671cdb5aa620248eabe1de34a97887c47,P40_LOWER_K_SEARCH,2.412878510379226,,qwen4b,,,p40_n16_k2p0_seed0,11.16605653908429,,,,raw_ppl,,P40_quality_qwen4b_attempt1,,32532,33312768,,runs/P40_quality_qwen4b_attempt1/ppl/ppl_report.json,a5a4bbefcbc65cf788b3b60d1e23a5d176bc0f4fff4009b2f5462acd9a26c50b,,complete,,298862,"[16, 64]",
,four_over_six_rows,,,,,,,c4,,,,,,,,d94ceefd7c34320fd7272a6a044c7a6ca19bd716ce216fa289867958bc53f5bf,P40_LOWER_K_SEARCH,2.756525789207603,,qwen4b,,,p40_n16_k2p5_seed0,15.745046206204716,,,,raw_ppl,,P40_quality_qwen4b_attempt1,,10593,10847232,,runs/P40_quality_qwen4b_attempt1/ppl/ppl_report.json,a5a4bbefcbc65cf788b3b60d1e23a5d176bc0f4fff4009b2f5462acd9a26c50b,,complete,,524032,"[16, 64]",
,four_over_six_rows,,,,,,,wiki,,,,,,,,d94ceefd7c34320fd7272a6a044c7a6ca19bd716ce216fa289867958bc53f5bf,P40_LOWER_K_SEARCH,2.4655385310370437,,qwen4b,,,p40_n16_k2p5_seed0,11.769818858326293,,,,raw_ppl,,P40_quality_qwen4b_attempt1,,10593,10847232,,runs/P40_quality_qwen4b_attempt1/ppl/ppl_report.json,a5a4bbefcbc65cf788b3b60d1e23a5d176bc0f4fff4009b2f5462acd9a26c50b,,complete,,298862,"[16, 64]",
,four_over_six_rows,,,,,,,c4,,,,,,,,cf1f95afa013ce8eeb63eaace7c25ed20f6a8c42770c6a561421b69ce475551c,P40_LOWER_K_SEARCH,2.7757891526704146,,qwen4b,,,p40_n16_k3p0_seed0,16.05128891641625,,,,raw_ppl,,P40_quality_qwen4b_attempt1,,4077,4174848,,runs/P40_quality_qwen4b_attempt1/ppl/ppl_report.json,a5a4bbefcbc65cf788b3b60d1e23a5d176bc0f4fff4009b2f5462acd9a26c50b,,complete,,524032,"[16, 64]",
,four_over_six_rows,,,,,,,wiki,,,,,,,,cf1f95afa013ce8eeb63eaace7c25ed20f6a8c42770c6a561421b69ce475551c,P40_LOWER_K_SEARCH,2.5022845608200472,,qwen4b,,,p40_n16_k3p0_seed0,12.210357424867038,,,,raw_ppl,,P40_quality_qwen4b_attempt1,,4077,4174848,,runs/P40_quality_qwen4b_attempt1/ppl/ppl_report.json,a5a4bbefcbc65cf788b3b60d1e23a5d176bc0f4fff4009b2f5462acd9a26c50b,,complete,,298862,"[16, 64]",
,four_over_six_rows,,,,,,,c4,,,,,,,,01aa98ae6a750c0012a24216a2f0322092c3ae149f19bba22b20ceb76816265c,P41_DRAW_AGG_DEV,2.2797524041100763,,llama8b,,,n16_k2_reference,9.77426004329114,,,,raw_ppl,,P41_quality_llama8b_attempt1,,50119,51321856,,runs/P41_quality_llama8b_attempt1/ppl/ppl_report.json,eeb8dc6ef2f8b421931206179f006d801dee7209dc301eba71760c9b25450889,,complete,,524032,"[16, 64]",
,four_over_six_rows,,,,,,,wiki,,,,,,,,01aa98ae6a750c0012a24216a2f0322092c3ae149f19bba22b20ceb76816265c,P41_DRAW_AGG_DEV,1.9226005517589846,,llama8b,,,n16_k2_reference,6.8387198094684445,,,,raw_ppl,,P41_quality_llama8b_attempt1,,50119,51321856,,runs/P41_quality_llama8b_attempt1/ppl/ppl_report.json,eeb8dc6ef2f8b421931206179f006d801dee7209dc301eba71760c9b25450889,,complete,,288627,"[16, 64]",
,four_over_six_rows,,,,,,,c4,,,,,,,,ba2e6437f7f18ab378cfe57bfb436e979d3f5673f1e1c164eec09a27da3b3461,P41_DRAW_AGG_DEV,2.287519807641036,,llama8b,,,p41_consensus_3_of_5_fixed_k2p0,9.850476283216468,,,,raw_ppl,,P41_quality_llama8b_attempt1,,50119,51321856,,runs/P41_quality_llama8b_attempt1/ppl/ppl_report.json,eeb8dc6ef2f8b421931206179f006d801dee7209dc301eba71760c9b25450889,,complete,,524032,"[16, 64]",
,four_over_six_rows,,,,,,,wiki,,,,,,,,ba2e6437f7f18ab378cfe57bfb436e979d3f5673f1e1c164eec09a27da3b3461,P41_DRAW_AGG_DEV,1.9340283043870612,,llama8b,,,p41_consensus_3_of_5_fixed_k2p0,6.9173192599021265,,,,raw_ppl,,P41_quality_llama8b_attempt1,,50119,51321856,,runs/P41_quality_llama8b_attempt1/ppl/ppl_report.json,eeb8dc6ef2f8b421931206179f006d801dee7209dc301eba71760c9b25450889,,complete,,288627,"[16, 64]",
,four_over_six_rows,,,,,,,c4,,,,,,,,c6a343bad998161ec314fa2ff906133553d7aa156f571e3777cb16fcbc57a4d9,P41_DRAW_AGG_DEV,2.2795435020128565,,llama8b,,,p41_consensus_3_of_5_natural_k2p0,9.772218393129249,,,,raw_ppl,,P41_quality_llama8b_attempt1,,2739,2804736,,runs/P41_quality_llama8b_attempt1/ppl/ppl_report.json,eeb8dc6ef2f8b421931206179f006d801dee7209dc301eba71760c9b25450889,,complete,,524032,"[16, 64]",
,four_over_six_rows,,,,,,,wiki,,,,,,,,c6a343bad998161ec314fa2ff906133553d7aa156f571e3777cb16fcbc57a4d9,P41_DRAW_AGG_DEV,1.9243511816324397,,llama8b,,,p41_consensus_3_of_5_natural_k2p0,6.850702362110147,,,,raw_ppl,,P41_quality_llama8b_attempt1,,2739,2804736,,runs/P41_quality_llama8b_attempt1/ppl/ppl_report.json,eeb8dc6ef2f8b421931206179f006d801dee7209dc301eba71760c9b25450889,,complete,,288627,"[16, 64]",
,four_over_six_rows,,,,,,,c4,,,,,,,,f90ed88d3e77ac160aa396021844e8e39cd54ccd101f6fac6b61d31f951638fc,P41_DRAW_AGG_DEV,2.279894818788726,,llama8b,,,p41_draw_mean_fixed_k2p0,9.775652140519428,,,,raw_ppl,,P41_quality_llama8b_attempt1,,50119,51321856,,runs/P41_quality_llama8b_attempt1/ppl/ppl_report.json,eeb8dc6ef2f8b421931206179f006d801dee7209dc301eba71760c9b25450889,,complete,,524032,"[16, 64]",
,four_over_six_rows,,,,,,,wiki,,,,,,,,f90ed88d3e77ac160aa396021844e8e39cd54ccd101f6fac6b61d31f951638fc,P41_DRAW_AGG_DEV,1.9263728851512272,,llama8b,,,p41_draw_mean_fixed_k2p0,6.864566461008345,,,,raw_ppl,,P41_quality_llama8b_attempt1,,50119,51321856,,runs/P41_quality_llama8b_attempt1/ppl/ppl_report.json,eeb8dc6ef2f8b421931206179f006d801dee7209dc301eba71760c9b25450889,,complete,,288627,"[16, 64]",
,four_over_six_rows,,,,,,,c4,,,,,,,,16d0e16bc51ae4533e7cf31d20338208e10cdf8df69bb6d8f5e38218fba19c5f,P41_DRAW_AGG_DEV,2.2789217696351223,,llama8b,,,p41_draw_mean_natural_k2p0,9.76614457689171,,,,raw_ppl,,P41_quality_llama8b_attempt1,,1954,2000896,,runs/P41_quality_llama8b_attempt1/ppl/ppl_report.json,eeb8dc6ef2f8b421931206179f006d801dee7209dc301eba71760c9b25450889,,complete,,524032,"[16, 64]",
,four_over_six_rows,,,,,,,wiki,,,,,,,,16d0e16bc51ae4533e7cf31d20338208e10cdf8df69bb6d8f5e38218fba19c5f,P41_DRAW_AGG_DEV,1.9251891784498039,,llama8b,,,p41_draw_mean_natural_k2p0,6.856445634972399,,,,raw_ppl,,P41_quality_llama8b_attempt1,,1954,2000896,,runs/P41_quality_llama8b_attempt1/ppl/ppl_report.json,eeb8dc6ef2f8b421931206179f006d801dee7209dc301eba71760c9b25450889,,complete,,288627,"[16, 64]",
,four_over_six_rows,,,,,,,c4,,,,,,,,ac3d3e096dd83461c079bfa2be84bb5b06a4e4b45caa03302191c608019d8464,P41_DRAW_AGG_DEV,2.279829883003593,,llama8b,,,p41_draw_median_fixed_k2p0,9.775017371482333,,,,raw_ppl,,P41_quality_llama8b_attempt1,,50119,51321856,,runs/P41_quality_llama8b_attempt1/ppl/ppl_report.json,eeb8dc6ef2f8b421931206179f006d801dee7209dc301eba71760c9b25450889,,complete,,524032,"[16, 64]",
,four_over_six_rows,,,,,,,wiki,,,,,,,,ac3d3e096dd83461c079bfa2be84bb5b06a4e4b45caa03302191c608019d8464,P41_DRAW_AGG_DEV,1.926955273136442,,llama8b,,,p41_draw_median_fixed_k2p0,6.868565466412265,,,,raw_ppl,,P41_quality_llama8b_attempt1,,50119,51321856,,runs/P41_quality_llama8b_attempt1/ppl/ppl_report.json,eeb8dc6ef2f8b421931206179f006d801dee7209dc301eba71760c9b25450889,,complete,,288627,"[16, 64]",
,four_over_six_rows,,,,,,,c4,,,,,,,,78c6bc161380da6f3f74808c33ff636ee81e376f090fa6b339bbb30663ee682b,P41_DRAW_AGG_DEV,2.2795435020128565,,llama8b,,,p41_draw_median_natural_k2p0,9.772218393129249,,,,raw_ppl,,P41_quality_llama8b_attempt1,,2739,2804736,,runs/P41_quality_llama8b_attempt1/ppl/ppl_report.json,eeb8dc6ef2f8b421931206179f006d801dee7209dc301eba71760c9b25450889,,complete,,524032,"[16, 64]",
,four_over_six_rows,,,,,,,wiki,,,,,,,,78c6bc161380da6f3f74808c33ff636ee81e376f090fa6b339bbb30663ee682b,P41_DRAW_AGG_DEV,1.9243511816324397,,llama8b,,,p41_draw_median_natural_k2p0,6.850702362110147,,,,raw_ppl,,P41_quality_llama8b_attempt1,,2739,2804736,,runs/P41_quality_llama8b_attempt1/ppl/ppl_report.json,eeb8dc6ef2f8b421931206179f006d801dee7209dc301eba71760c9b25450889,,complete,,288627,"[16, 64]",
,four_over_six_rows,,,,,,,c4,,,,,,,,3c6e7c01da0c065da489480259b859a89085d4207e1bb29d9e1b46257edebc14,P41_DRAW_AGG_DEV,2.3102836211046194,,llama8b,,,p41_pooled_per_sequence_moments_fixed_k2p0,10.077282379699005,,,,raw_ppl,,P41_quality_llama8b_attempt1,,50119,51321856,,runs/P41_quality_llama8b_attempt1/ppl/ppl_report.json,eeb8dc6ef2f8b421931206179f006d801dee7209dc301eba71760c9b25450889,,complete,,524032,"[16, 64]",
,four_over_six_rows,,,,,,,wiki,,,,,,,,3c6e7c01da0c065da489480259b859a89085d4207e1bb29d9e1b46257edebc14,P41_DRAW_AGG_DEV,1.9590305261092613,,llama8b,,,p41_pooled_per_sequence_moments_fixed_k2p0,7.092447788103701,,,,raw_ppl,,P41_quality_llama8b_attempt1,,50119,51321856,,runs/P41_quality_llama8b_attempt1/ppl/ppl_report.json,eeb8dc6ef2f8b421931206179f006d801dee7209dc301eba71760c9b25450889,,complete,,288627,"[16, 64]",
,four_over_six_rows,,,,,,,c4,,,,,,,,56ffa28ad112734b62e4119b9bfc143fa424b9a1cbc2c0195dde8f24490ab29e,P41_DRAW_AGG_DEV,2.3305127787480497,,llama8b,,,p41_pooled_per_sequence_moments_natural_k2p0,10.283213194517764,,,,raw_ppl,,P41_quality_llama8b_attempt1,,131258,134408192,,runs/P41_quality_llama8b_attempt1/ppl/ppl_report.json,eeb8dc6ef2f8b421931206179f006d801dee7209dc301eba71760c9b25450889,,complete,,524032,"[16, 64]",
,four_over_six_rows,,,,,,,wiki,,,,,,,,56ffa28ad112734b62e4119b9bfc143fa424b9a1cbc2c0195dde8f24490ab29e,P41_DRAW_AGG_DEV,1.9810258265385186,,llama8b,,,p41_pooled_per_sequence_moments_natural_k2p0,7.250176595272246,,,,raw_ppl,,P41_quality_llama8b_attempt1,,131258,134408192,,runs/P41_quality_llama8b_attempt1/ppl/ppl_report.json,eeb8dc6ef2f8b421931206179f006d801dee7209dc301eba71760c9b25450889,,complete,,288627,"[16, 64]",
,four_over_six_rows,,,,,,,c4,,,,,,,,14c5d56538a59a99de9ae1b3a43a863f7f3ff29fec20a246a8053095db4c0775,P41_DRAW_AGG_DEV,2.2797524041100763,,llama8b,,,p41_seed0_fixed_k2p0,9.77426004329114,,,,raw_ppl,,P41_quality_llama8b_attempt1,,50119,51321856,,runs/P41_quality_llama8b_attempt1/ppl/ppl_report.json,eeb8dc6ef2f8b421931206179f006d801dee7209dc301eba71760c9b25450889,,complete,,524032,"[16, 64]",
,four_over_six_rows,,,,,,,wiki,,,,,,,,14c5d56538a59a99de9ae1b3a43a863f7f3ff29fec20a246a8053095db4c0775,P41_DRAW_AGG_DEV,1.9226005517589846,,llama8b,,,p41_seed0_fixed_k2p0,6.8387198094684445,,,,raw_ppl,,P41_quality_llama8b_attempt1,,50119,51321856,,runs/P41_quality_llama8b_attempt1/ppl/ppl_report.json,eeb8dc6ef2f8b421931206179f006d801dee7209dc301eba71760c9b25450889,,complete,,288627,"[16, 64]",
,four_over_six_rows,,,,,,,c4,,,,,,,,37974c673602cc7a1c28e0c7f7eb1d811ae3c97911e82649b376e8babab58ae2,P41_DRAW_AGG_DEV,2.2797524041100763,,llama8b,,,p41_seed0_natural_k2p0,9.77426004329114,,,,raw_ppl,,P41_quality_llama8b_attempt1,,50119,51321856,,runs/P41_quality_llama8b_attempt1/ppl/ppl_report.json,eeb8dc6ef2f8b421931206179f006d801dee7209dc301eba71760c9b25450889,,complete,,524032,"[16, 64]",
,four_over_six_rows,,,,,,,wiki,,,,,,,,37974c673602cc7a1c28e0c7f7eb1d811ae3c97911e82649b376e8babab58ae2,P41_DRAW_AGG_DEV,1.9226005517589846,,llama8b,,,p41_seed0_natural_k2p0,6.8387198094684445,,,,raw_ppl,,P41_quality_llama8b_attempt1,,50119,51321856,,runs/P41_quality_llama8b_attempt1/ppl/ppl_report.json,eeb8dc6ef2f8b421931206179f006d801dee7209dc301eba71760c9b25450889,,complete,,288627,"[16, 64]",
,four_over_six_rows,,,,,,,c4,,,,,,,,22755fa7928820e74c77663d57f5668a8cc0c9a87aa66c9dc6507f27e043626b,P41_DRAW_AGG_DEV,2.0854406243286387,,mistral7b,,,n16_k2_reference,8.048136905461106,,,,raw_ppl,,P41_quality_mistral7b_attempt1,,30611,31345664,,runs/P41_quality_mistral7b_attempt1/ppl/ppl_report.json,f905f4c00d0a5e90676df4a6a0d1f8b522763e60050f34953c85acf50d9646be,,complete,,524032,"[16, 64]",
,four_over_six_rows,,,,,,,wiki,,,,,,,,22755fa7928820e74c77663d57f5668a8cc0c9a87aa66c9dc6507f27e043626b,P41_DRAW_AGG_DEV,1.7041639903317374,,mistral7b,,,n16_k2_reference,5.496788377561922,,,,raw_ppl,,P41_quality_mistral7b_attempt1,,30611,31345664,,runs/P41_quality_mistral7b_attempt1/ppl/ppl_report.json,f905f4c00d0a5e90676df4a6a0d1f8b522763e60050f34953c85acf50d9646be,,complete,,333661,"[16, 64]",
,four_over_six_rows,,,,,,,c4,,,,,,,,e7eec14829bf800ad77cb9781dfc871dbbc42570e1b3d1250d8d93cb187b77ab,P41_DRAW_AGG_DEV,2.0853118782192617,,mistral7b,,,p41_consensus_3_of_5_fixed_k2p0,8.047100805845124,,,,raw_ppl,,P41_quality_mistral7b_attempt1,,30611,31345664,,runs/P41_quality_mistral7b_attempt1/ppl/ppl_report.json,f905f4c00d0a5e90676df4a6a0d1f8b522763e60050f34953c85acf50d9646be,,complete,,524032,"[16, 64]",
,four_over_six_rows,,,,,,,wiki,,,,,,,,e7eec14829bf800ad77cb9781dfc871dbbc42570e1b3d1250d8d93cb187b77ab,P41_DRAW_AGG_DEV,1.7038470078357673,,mistral7b,,,p41_consensus_3_of_5_fixed_k2p0,5.495046267985891,,,,raw_ppl,,P41_quality_mistral7b_attempt1,,30611,31345664,,runs/P41_quality_mistral7b_attempt1/ppl/ppl_report.json,f905f4c00d0a5e90676df4a6a0d1f8b522763e60050f34953c85acf50d9646be,,complete,,333661,"[16, 64]",
,four_over_six_rows,,,,,,,c4,,,,,,,,f3470e8cdcb0e8997ef94ef7b063d0ce0902e01f71e9bc19eccd17c863d9f0b1,P41_DRAW_AGG_DEV,2.084816462271016,,mistral7b,,,p41_consensus_3_of_5_natural_k2p0,8.043115131133696,,,,raw_ppl,,P41_quality_mistral7b_attempt1,,6031,6175744,,runs/P41_quality_mistral7b_attempt1/ppl/ppl_report.json,f905f4c00d0a5e90676df4a6a0d1f8b522763e60050f34953c85acf50d9646be,,complete,,524032,"[16, 64]",
,four_over_six_rows,,,,,,,wiki,,,,,,,,f3470e8cdcb0e8997ef94ef7b063d0ce0902e01f71e9bc19eccd17c863d9f0b1,P41_DRAW_AGG_DEV,1.7044668072972557,,mistral7b,,,p41_consensus_3_of_5_natural_k2p0,5.498453150386518,,,,raw_ppl,,P41_quality_mistral7b_attempt1,,6031,6175744,,runs/P41_quality_mistral7b_attempt1/ppl/ppl_report.json,f905f4c00d0a5e90676df4a6a0d1f8b522763e60050f34953c85acf50d9646be,,complete,,333661,"[16, 64]",
,four_over_six_rows,,,,,,,c4,,,,,,,,4fb2f1eb04c041ba191274593121999cedf65a69e12f3d177ad1923ab65bcd6d,P41_DRAW_AGG_DEV,2.085230877781156,,mistral7b,,,p41_draw_mean_fixed_k2p0,8.046449013552456,,,,raw_ppl,,P41_quality_mistral7b_attempt1,,30611,31345664,,runs/P41_quality_mistral7b_attempt1/ppl/ppl_report.json,f905f4c00d0a5e90676df4a6a0d1f8b522763e60050f34953c85acf50d9646be,,complete,,524032,"[16, 64]",
,four_over_six_rows,,,,,,,wiki,,,,,,,,4fb2f1eb04c041ba191274593121999cedf65a69e12f3d177ad1923ab65bcd6d,P41_DRAW_AGG_DEV,1.704667339833204,,mistral7b,,,p41_draw_mean_fixed_k2p0,5.499555879703415,,,,raw_ppl,,P41_quality_mistral7b_attempt1,,30611,31345664,,runs/P41_quality_mistral7b_attempt1/ppl/ppl_report.json,f905f4c00d0a5e90676df4a6a0d1f8b522763e60050f34953c85acf50d9646be,,complete,,333661,"[16, 64]",
,four_over_six_rows,,,,,,,c4,,,,,,,,c3bb0b6bee9511b96684b83472cfa7c9fe6a4b4c4fca266129ae2ac348aa6f61,P41_DRAW_AGG_DEV,2.0859130475871868,,mistral7b,,,p41_draw_mean_natural_k2p0,8.051939930771299,,,,raw_ppl,,P41_quality_mistral7b_attempt1,,5263,5389312,,runs/P41_quality_mistral7b_attempt1/ppl/ppl_report.json,f905f4c00d0a5e90676df4a6a0d1f8b522763e60050f34953c85acf50d9646be,,complete,,524032,"[16, 64]",
,four_over_six_rows,,,,,,,wiki,,,,,,,,c3bb0b6bee9511b96684b83472cfa7c9fe6a4b4c4fca266129ae2ac348aa6f61,P41_DRAW_AGG_DEV,1.705239633734647,,mistral7b,,,p41_draw_mean_natural_k2p0,5.502704142773966,,,,raw_ppl,,P41_quality_mistral7b_attempt1,,5263,5389312,,runs/P41_quality_mistral7b_attempt1/ppl/ppl_report.json,f905f4c00d0a5e90676df4a6a0d1f8b522763e60050f34953c85acf50d9646be,,complete,,333661,"[16, 64]",
,four_over_six_rows,,,,,,,c4,,,,,,,,c1e971d7417e342a3e4f4352c8c198924ebba407897fb808d51fa93e451b71fb,P41_DRAW_AGG_DEV,2.085418015044808,,mistral7b,,,p41_draw_median_fixed_k2p0,8.047954944906508,,,,raw_ppl,,P41_quality_mistral7b_attempt1,,30611,31345664,,runs/P41_quality_mistral7b_attempt1/ppl/ppl_report.json,f905f4c00d0a5e90676df4a6a0d1f8b522763e60050f34953c85acf50d9646be,,complete,,524032,"[16, 64]",
,four_over_six_rows,,,,,,,wiki,,,,,,,,c1e971d7417e342a3e4f4352c8c198924ebba407897fb808d51fa93e451b71fb,P41_DRAW_AGG_DEV,1.7045004555769994,,mistral7b,,,p41_draw_median_fixed_k2p0,5.498638166989007,,,,raw_ppl,,P41_quality_mistral7b_attempt1,,30611,31345664,,runs/P41_quality_mistral7b_attempt1/ppl/ppl_report.json,f905f4c00d0a5e90676df4a6a0d1f8b522763e60050f34953c85acf50d9646be,,complete,,333661,"[16, 64]",
,four_over_six_rows,,,,,,,c4,,,,,,,,a7a26d3905e63f50a5101bcfb25b4eedc85de04baa4f5d163b4b54ab53a90edd,P41_DRAW_AGG_DEV,2.084816462271016,,mistral7b,,,p41_draw_median_natural_k2p0,8.043115131133696,,,,raw_ppl,,P41_quality_mistral7b_attempt1,,6031,6175744,,runs/P41_quality_mistral7b_attempt1/ppl/ppl_report.json,f905f4c00d0a5e90676df4a6a0d1f8b522763e60050f34953c85acf50d9646be,,complete,,524032,"[16, 64]",
,four_over_six_rows,,,,,,,wiki,,,,,,,,a7a26d3905e63f50a5101bcfb25b4eedc85de04baa4f5d163b4b54ab53a90edd,P41_DRAW_AGG_DEV,1.7044668072972557,,mistral7b,,,p41_draw_median_natural_k2p0,5.498453150386518,,,,raw_ppl,,P41_quality_mistral7b_attempt1,,6031,6175744,,runs/P41_quality_mistral7b_attempt1/ppl/ppl_report.json,f905f4c00d0a5e90676df4a6a0d1f8b522763e60050f34953c85acf50d9646be,,complete,,333661,"[16, 64]",
,four_over_six_rows,,,,,,,c4,,,,,,,,f90f7bbad5a2f396732edc43e63aa50a51acc881098594bf217e666d56b44b31,P41_DRAW_AGG_DEV,2.084395509118945,,mistral7b,,,p41_pooled_per_sequence_moments_fixed_k2p0,8.03973006899305,,,,raw_ppl,,P41_quality_mistral7b_attempt1,,30611,31345664,,runs/P41_quality_mistral7b_attempt1/ppl/ppl_report.json,f905f4c00d0a5e90676df4a6a0d1f8b522763e60050f34953c85acf50d9646be,,complete,,524032,"[16, 64]",
,four_over_six_rows,,,,,,,wiki,,,,,,,,f90f7bbad5a2f396732edc43e63aa50a51acc881098594bf217e666d56b44b31,P41_DRAW_AGG_DEV,1.7024661928297316,,mistral7b,,,p41_pooled_per_sequence_moments_fixed_k2p0,5.48746386179507,,,,raw_ppl,,P41_quality_mistral7b_attempt1,,30611,31345664,,runs/P41_quality_mistral7b_attempt1/ppl/ppl_report.json,f905f4c00d0a5e90676df4a6a0d1f8b522763e60050f34953c85acf50d9646be,,complete,,333661,"[16, 64]",
,four_over_six_rows,,,,,,,c4,,,,,,,,aa2f0dae3bbafda3210a52d2d9ee0ff0eefee3f3c72e7e0d50cbed26c11bfb5f,P41_DRAW_AGG_DEV,2.0853391946299786,,mistral7b,,,p41_pooled_per_sequence_moments_natural_k2p0,8.047320626758163,,,,raw_ppl,,P41_quality_mistral7b_attempt1,,67233,68846592,,runs/P41_quality_mistral7b_attempt1/ppl/ppl_report.json,f905f4c00d0a5e90676df4a6a0d1f8b522763e60050f34953c85acf50d9646be,,complete,,524032,"[16, 64]",
,four_over_six_rows,,,,,,,wiki,,,,,,,,aa2f0dae3bbafda3210a52d2d9ee0ff0eefee3f3c72e7e0d50cbed26c11bfb5f,P41_DRAW_AGG_DEV,1.7020911795190212,,mistral7b,,,p41_pooled_per_sequence_moments_natural_k2p0,5.485406375621318,,,,raw_ppl,,P41_quality_mistral7b_attempt1,,67233,68846592,,runs/P41_quality_mistral7b_attempt1/ppl/ppl_report.json,f905f4c00d0a5e90676df4a6a0d1f8b522763e60050f34953c85acf50d9646be,,complete,,333661,"[16, 64]",
,four_over_six_rows,,,,,,,c4,,,,,,,,0f2a583a14f89b47d30cc38008473674fad3dc4e947114878913c2015f0b8b54,P41_DRAW_AGG_DEV,2.0854406243286387,,mistral7b,,,p41_seed0_fixed_k2p0,8.048136905461106,,,,raw_ppl,,P41_quality_mistral7b_attempt1,,30611,31345664,,runs/P41_quality_mistral7b_attempt1/ppl/ppl_report.json,f905f4c00d0a5e90676df4a6a0d1f8b522763e60050f34953c85acf50d9646be,,complete,,524032,"[16, 64]",
,four_over_six_rows,,,,,,,wiki,,,,,,,,0f2a583a14f89b47d30cc38008473674fad3dc4e947114878913c2015f0b8b54,P41_DRAW_AGG_DEV,1.7041639903317374,,mistral7b,,,p41_seed0_fixed_k2p0,5.496788377561922,,,,raw_ppl,,P41_quality_mistral7b_attempt1,,30611,31345664,,runs/P41_quality_mistral7b_attempt1/ppl/ppl_report.json,f905f4c00d0a5e90676df4a6a0d1f8b522763e60050f34953c85acf50d9646be,,complete,,333661,"[16, 64]",
,four_over_six_rows,,,,,,,c4,,,,,,,,cf311db6e931ead32fa8356a47e71c33f48579968661be5f79dd174ca1111ec2,P41_DRAW_AGG_DEV,2.0854406243286387,,mistral7b,,,p41_seed0_natural_k2p0,8.048136905461106,,,,raw_ppl,,P41_quality_mistral7b_attempt1,,30611,31345664,,runs/P41_quality_mistral7b_attempt1/ppl/ppl_report.json,f905f4c00d0a5e90676df4a6a0d1f8b522763e60050f34953c85acf50d9646be,,complete,,524032,"[16, 64]",
,four_over_six_rows,,,,,,,wiki,,,,,,,,cf311db6e931ead32fa8356a47e71c33f48579968661be5f79dd174ca1111ec2,P41_DRAW_AGG_DEV,1.7041639903317374,,mistral7b,,,p41_seed0_natural_k2p0,5.496788377561922,,,,raw_ppl,,P41_quality_mistral7b_attempt1,,30611,31345664,,runs/P41_quality_mistral7b_attempt1/ppl/ppl_report.json,f905f4c00d0a5e90676df4a6a0d1f8b522763e60050f34953c85acf50d9646be,,complete,,333661,"[16, 64]",
,four_over_six_rows,,,,,,,c4,,,,,,,,8129f0cb532101d20b13a82436d06ccbc13ca3d9008edd0d18504036358899b4,P41_DRAW_AGG_DEV,2.7320897910283586,,qwen4b,,,n16_k2_reference,15.364963054070836,,,,raw_ppl,,P41_quality_qwen4b_attempt1,,32532,33312768,,runs/P41_quality_qwen4b_attempt1/ppl/ppl_report.json,14bf14b1cf4481948e61a76af4c12180f94c216553a185778f9409c3ba2b79c6,,complete,,524032,"[16, 64]",
,four_over_six_rows,,,,,,,wiki,,,,,,,,8129f0cb532101d20b13a82436d06ccbc13ca3d9008edd0d18504036358899b4,P41_DRAW_AGG_DEV,2.412878510379226,,qwen4b,,,n16_k2_reference,11.16605653908429,,,,raw_ppl,,P41_quality_qwen4b_attempt1,,32532,33312768,,runs/P41_quality_qwen4b_attempt1/ppl/ppl_report.json,14bf14b1cf4481948e61a76af4c12180f94c216553a185778f9409c3ba2b79c6,,complete,,298862,"[16, 64]",
,four_over_six_rows,,,,,,,c4,,,,,,,,1dca6be1902dd38261954e622fa66beeae9feb3705b7b618469e9af10050547b,P41_DRAW_AGG_DEV,2.7186974714652554,,qwen4b,,,p41_consensus_3_of_5_fixed_k2p0,15.160562313794008,,,,raw_ppl,,P41_quality_qwen4b_attempt1,,32532,33312768,,runs/P41_quality_qwen4b_attempt1/ppl/ppl_report.json,14bf14b1cf4481948e61a76af4c12180f94c216553a185778f9409c3ba2b79c6,,complete,,524032,"[16, 64]",
,four_over_six_rows,,,,,,,wiki,,,,,,,,1dca6be1902dd38261954e622fa66beeae9feb3705b7b618469e9af10050547b,P41_DRAW_AGG_DEV,2.38641288040033,,qwen4b,,,p41_consensus_3_of_5_fixed_k2p0,10.874416065430989,,,,raw_ppl,,P41_quality_qwen4b_attempt1,,32532,33312768,,runs/P41_quality_qwen4b_attempt1/ppl/ppl_report.json,14bf14b1cf4481948e61a76af4c12180f94c216553a185778f9409c3ba2b79c6,,complete,,298862,"[16, 64]",
,four_over_six_rows,,,,,,,c4,,,,,,,,aa93d5bac6c37ae5ffca059a7302ac76304c962ee4a848ddbbc96a3e36753dbc,P41_DRAW_AGG_DEV,2.7493231729412413,,qwen4b,,,p41_consensus_3_of_5_natural_k2p0,15.632048109755242,,,,raw_ppl,,P41_quality_qwen4b_attempt1,,6736,6897664,,runs/P41_quality_qwen4b_attempt1/ppl/ppl_report.json,14bf14b1cf4481948e61a76af4c12180f94c216553a185778f9409c3ba2b79c6,,complete,,524032,"[16, 64]",
,four_over_six_rows,,,,,,,wiki,,,,,,,,aa93d5bac6c37ae5ffca059a7302ac76304c962ee4a848ddbbc96a3e36753dbc,P41_DRAW_AGG_DEV,2.4520327752138766,,qwen4b,,,p41_consensus_3_of_5_natural_k2p0,11.611927181974258,,,,raw_ppl,,P41_quality_qwen4b_attempt1,,6736,6897664,,runs/P41_quality_qwen4b_attempt1/ppl/ppl_report.json,14bf14b1cf4481948e61a76af4c12180f94c216553a185778f9409c3ba2b79c6,,complete,,298862,"[16, 64]",
,four_over_six_rows,,,,,,,c4,,,,,,,,ef92b990e9b60d008e356d6e45496d3dc3ab9b9d1e07d9a297da41dbc4145e47,P41_DRAW_AGG_DEV,2.753181214934443,,qwen4b,,,p41_draw_mean_fixed_k2p0,15.69247369507493,,,,raw_ppl,,P41_quality_qwen4b_attempt1,,32532,33312768,,runs/P41_quality_qwen4b_attempt1/ppl/ppl_report.json,14bf14b1cf4481948e61a76af4c12180f94c216553a185778f9409c3ba2b79c6,,complete,,524032,"[16, 64]",
,four_over_six_rows,,,,,,,wiki,,,,,,,,ef92b990e9b60d008e356d6e45496d3dc3ab9b9d1e07d9a297da41dbc4145e47,P41_DRAW_AGG_DEV,2.4553445102598803,,qwen4b,,,p41_draw_mean_fixed_k2p0,11.650446555949435,,,,raw_ppl,,P41_quality_qwen4b_attempt1,,32532,33312768,,runs/P41_quality_qwen4b_attempt1/ppl/ppl_report.json,14bf14b1cf4481948e61a76af4c12180f94c216553a185778f9409c3ba2b79c6,,complete,,298862,"[16, 64]",
,four_over_six_rows,,,,,,,c4,,,,,,,,5c2d19db8d0d11032f3e990e3f49a9ea54d4533ab8cda0ea82fea0aeaa9a4f65,P41_DRAW_AGG_DEV,2.7524888741438227,,qwen4b,,,p41_draw_mean_natural_k2p0,15.681612915544271,,,,raw_ppl,,P41_quality_qwen4b_attempt1,,5279,5405696,,runs/P41_quality_qwen4b_attempt1/ppl/ppl_report.json,14bf14b1cf4481948e61a76af4c12180f94c216553a185778f9409c3ba2b79c6,,complete,,524032,"[16, 64]",
,four_over_six_rows,,,,,,,wiki,,,,,,,,5c2d19db8d0d11032f3e990e3f49a9ea54d4533ab8cda0ea82fea0aeaa9a4f65,P41_DRAW_AGG_DEV,2.4566310882332014,,qwen4b,,,p41_draw_mean_natural_k2p0,11.665445410396607,,,,raw_ppl,,P41_quality_qwen4b_attempt1,,5279,5405696,,runs/P41_quality_qwen4b_attempt1/ppl/ppl_report.json,14bf14b1cf4481948e61a76af4c12180f94c216553a185778f9409c3ba2b79c6,,complete,,298862,"[16, 64]",
,four_over_six_rows,,,,,,,c4,,,,,,,,70aba3e49731f170ee59c56597515231f0aedf01065c270f26f1834d68833106,P41_DRAW_AGG_DEV,2.75010255787508,,qwen4b,,,p41_draw_median_fixed_k2p0,15.644236241543206,,,,raw_ppl,,P41_quality_qwen4b_attempt1,,32532,33312768,,runs/P41_quality_qwen4b_attempt1/ppl/ppl_report.json,14bf14b1cf4481948e61a76af4c12180f94c216553a185778f9409c3ba2b79c6,,complete,,524032,"[16, 64]",
,four_over_six_rows,,,,,,,wiki,,,,,,,,70aba3e49731f170ee59c56597515231f0aedf01065c270f26f1834d68833106,P41_DRAW_AGG_DEV,2.452028532338868,,qwen4b,,,p41_draw_median_fixed_k2p0,11.611877914123134,,,,raw_ppl,,P41_quality_qwen4b_attempt1,,32532,33312768,,runs/P41_quality_qwen4b_attempt1/ppl/ppl_report.json,14bf14b1cf4481948e61a76af4c12180f94c216553a185778f9409c3ba2b79c6,,complete,,298862,"[16, 64]",
,four_over_six_rows,,,,,,,c4,,,,,,,,70e7e3c82a61944279c3f5eba0b7ed95f81dfcdc4001baebb8cd7398432dbc6c,P41_DRAW_AGG_DEV,2.7493231729412413,,qwen4b,,,p41_draw_median_natural_k2p0,15.632048109755242,,,,raw_ppl,,P41_quality_qwen4b_attempt1,,6736,6897664,,runs/P41_quality_qwen4b_attempt1/ppl/ppl_report.json,14bf14b1cf4481948e61a76af4c12180f94c216553a185778f9409c3ba2b79c6,,complete,,524032,"[16, 64]",
,four_over_six_rows,,,,,,,wiki,,,,,,,,70e7e3c82a61944279c3f5eba0b7ed95f81dfcdc4001baebb8cd7398432dbc6c,P41_DRAW_AGG_DEV,2.4520327752138766,,qwen4b,,,p41_draw_median_natural_k2p0,11.611927181974258,,,,raw_ppl,,P41_quality_qwen4b_attempt1,,6736,6897664,,runs/P41_quality_qwen4b_attempt1/ppl/ppl_report.json,14bf14b1cf4481948e61a76af4c12180f94c216553a185778f9409c3ba2b79c6,,complete,,298862,"[16, 64]",
,four_over_six_rows,,,,,,,c4,,,,,,,,789d5e72cbf569af10295e040c19dd2baad1a8299f4e0f357ec18554e623bad4,P41_DRAW_AGG_DEV,2.710949198591034,,qwen4b,,,p41_pooled_per_sequence_moments_fixed_k2p0,15.04354805468412,,,,raw_ppl,,P41_quality_qwen4b_attempt1,,32532,33312768,,runs/P41_quality_qwen4b_attempt1/ppl/ppl_report.json,14bf14b1cf4481948e61a76af4c12180f94c216553a185778f9409c3ba2b79c6,,complete,,524032,"[16, 64]",
,four_over_six_rows,,,,,,,wiki,,,,,,,,789d5e72cbf569af10295e040c19dd2baad1a8299f4e0f357ec18554e623bad4,P41_DRAW_AGG_DEV,2.3650496162301344,,qwen4b,,,p41_pooled_per_sequence_moments_fixed_k2p0,10.644566947691343,,,,raw_ppl,,P41_quality_qwen4b_attempt1,,32532,33312768,,runs/P41_quality_qwen4b_attempt1/ppl/ppl_report.json,14bf14b1cf4481948e61a76af4c12180f94c216553a185778f9409c3ba2b79c6,,complete,,298862,"[16, 64]",
,four_over_six_rows,,,,,,,c4,,,,,,,,77420dc93a557c8b832bfff9320f1d064c680f1806046b859c8db21e3c13bcab,P41_DRAW_AGG_DEV,2.7050022253514867,,qwen4b,,,p41_pooled_per_sequence_moments_natural_k2p0,14.95434996917396,,,,raw_ppl,,P41_quality_qwen4b_attempt1,,77278,79132672,,runs/P41_quality_qwen4b_attempt1/ppl/ppl_report.json,14bf14b1cf4481948e61a76af4c12180f94c216553a185778f9409c3ba2b79c6,,complete,,524032,"[16, 64]",
,four_over_six_rows,,,,,,,wiki,,,,,,,,77420dc93a557c8b832bfff9320f1d064c680f1806046b859c8db21e3c13bcab,P41_DRAW_AGG_DEV,2.350705215959589,,qwen4b,,,p41_pooled_per_sequence_moments_natural_k2p0,10.492966923847701,,,,raw_ppl,,P41_quality_qwen4b_attempt1,,77278,79132672,,runs/P41_quality_qwen4b_attempt1/ppl/ppl_report.json,14bf14b1cf4481948e61a76af4c12180f94c216553a185778f9409c3ba2b79c6,,complete,,298862,"[16, 64]",
,four_over_six_rows,,,,,,,c4,,,,,,,,78effdf7bd8805046978e17564fe4e8748f42f09058e674675692785dde9e5a4,P41_DRAW_AGG_DEV,2.7320897910283586,,qwen4b,,,p41_seed0_fixed_k2p0,15.364963054070836,,,,raw_ppl,,P41_quality_qwen4b_attempt1,,32532,33312768,,runs/P41_quality_qwen4b_attempt1/ppl/ppl_report.json,14bf14b1cf4481948e61a76af4c12180f94c216553a185778f9409c3ba2b79c6,,complete,,524032,"[16, 64]",
,four_over_six_rows,,,,,,,wiki,,,,,,,,78effdf7bd8805046978e17564fe4e8748f42f09058e674675692785dde9e5a4,P41_DRAW_AGG_DEV,2.412878510379226,,qwen4b,,,p41_seed0_fixed_k2p0,11.16605653908429,,,,raw_ppl,,P41_quality_qwen4b_attempt1,,32532,33312768,,runs/P41_quality_qwen4b_attempt1/ppl/ppl_report.json,14bf14b1cf4481948e61a76af4c12180f94c216553a185778f9409c3ba2b79c6,,complete,,298862,"[16, 64]",
,four_over_six_rows,,,,,,,c4,,,,,,,,7308d8ae8f7b1cb3d472cdd566a2977f2111e4d39ea35936fa1841ee4aaf7706,P41_DRAW_AGG_DEV,2.7320897910283586,,qwen4b,,,p41_seed0_natural_k2p0,15.364963054070836,,,,raw_ppl,,P41_quality_qwen4b_attempt1,,32532,33312768,,runs/P41_quality_qwen4b_attempt1/ppl/ppl_report.json,14bf14b1cf4481948e61a76af4c12180f94c216553a185778f9409c3ba2b79c6,,complete,,524032,"[16, 64]",
,four_over_six_rows,,,,,,,wiki,,,,,,,,7308d8ae8f7b1cb3d472cdd566a2977f2111e4d39ea35936fa1841ee4aaf7706,P41_DRAW_AGG_DEV,2.412878510379226,,qwen4b,,,p41_seed0_natural_k2p0,11.16605653908429,,,,raw_ppl,,P41_quality_qwen4b_attempt1,,32532,33312768,,runs/P41_quality_qwen4b_attempt1/ppl/ppl_report.json,14bf14b1cf4481948e61a76af4c12180f94c216553a185778f9409c3ba2b79c6,,complete,,298862,"[16, 64]",
,four_over_six_rows,,,,,,,c4,,,,,,,,2d6fdd9b788c8352b7db9726fcbf26f1486ea32f689f325470bad50aaf643221,P42_DRAW_AGG_BREADTH,2.309973859766121,,olmo2_13b,,,p42_frozen_aggregation,10.074161310638862,,,,raw_ppl,,P42_quality_olmo2_13b_attempt1,,43519,44563456,,runs/P42_quality_olmo2_13b_attempt1/ppl/ppl_report.json,6add86fd7a9f0dfb4d9e9ab0e9fdbcb3876356bbad4d8869749f177ccf148c9b,,complete,,524032,"[16, 64]",
,four_over_six_rows,,,,,,,wiki,,,,,,,,2d6fdd9b788c8352b7db9726fcbf26f1486ea32f689f325470bad50aaf643221,P42_DRAW_AGG_BREADTH,1.6709759712282088,,olmo2_13b,,,p42_frozen_aggregation,5.3173548509065,,,,raw_ppl,,P42_quality_olmo2_13b_attempt1,,43519,44563456,,runs/P42_quality_olmo2_13b_attempt1/ppl/ppl_report.json,6add86fd7a9f0dfb4d9e9ab0e9fdbcb3876356bbad4d8869749f177ccf148c9b,,complete,,288627,"[16, 64]",
,four_over_six_rows,,,,,,,c4,,,,,,,,2b90373417ba1999921a194d28058ecb61b53a98b55c8f39d021d5d879818d0a,P42_DRAW_AGG_BREADTH,2.311747896220638,,olmo2_13b,,,p42_strong_control_budget_matched,10.092049102158368,,,,raw_ppl,,P42_quality_olmo2_13b_attempt1,,43519,44563456,,runs/P42_quality_olmo2_13b_attempt1/ppl/ppl_report.json,6add86fd7a9f0dfb4d9e9ab0e9fdbcb3876356bbad4d8869749f177ccf148c9b,,complete,,524032,"[16, 64]",
,four_over_six_rows,,,,,,,wiki,,,,,,,,2b90373417ba1999921a194d28058ecb61b53a98b55c8f39d021d5d879818d0a,P42_DRAW_AGG_BREADTH,1.6775098852476589,,olmo2_13b,,,p42_strong_control_budget_matched,5.352211742269598,,,,raw_ppl,,P42_quality_olmo2_13b_attempt1,,43519,44563456,,runs/P42_quality_olmo2_13b_attempt1/ppl/ppl_report.json,6add86fd7a9f0dfb4d9e9ab0e9fdbcb3876356bbad4d8869749f177ccf148c9b,,complete,,288627,"[16, 64]",
,four_over_six_rows,,,,,,,c4,,,,,,,,67ce93a19713b660d102c8ff15bbd7a7cc26af9c0f33c504c011f691b9b86872,P42_DRAW_AGG_BREADTH,2.309973859766121,,olmo2_13b,,,seed0_n16_k2_reference,10.074161310638862,,,,raw_ppl,,P42_quality_olmo2_13b_attempt1,,43519,44563456,,runs/P42_quality_olmo2_13b_attempt1/ppl/ppl_report.json,6add86fd7a9f0dfb4d9e9ab0e9fdbcb3876356bbad4d8869749f177ccf148c9b,,complete,,524032,"[16, 64]",
,four_over_six_rows,,,,,,,wiki,,,,,,,,67ce93a19713b660d102c8ff15bbd7a7cc26af9c0f33c504c011f691b9b86872,P42_DRAW_AGG_BREADTH,1.6709759712282088,,olmo2_13b,,,seed0_n16_k2_reference,5.3173548509065,,,,raw_ppl,,P42_quality_olmo2_13b_attempt1,,43519,44563456,,runs/P42_quality_olmo2_13b_attempt1/ppl/ppl_report.json,6add86fd7a9f0dfb4d9e9ab0e9fdbcb3876356bbad4d8869749f177ccf148c9b,,complete,,288627,"[16, 64]",
,four_over_six_rows,,,,,,,c4,,,,,,,,fcdffa8421e97301afc2d97bc4ba1d27f628e997c736244beb054779694a181b,P42_DRAW_AGG_BREADTH,2.348142806993092,,phi4,,,p42_frozen_aggregation,10.466114070006459,,,,raw_ppl,,P42_quality_phi4_attempt1,,54839,56155136,,runs/P42_quality_phi4_attempt1/ppl/ppl_report.json,85f11929fc8193930e05a89e5b067ab2bd2964a54602c82d271077f99ab41cac,,complete,,524032,"[16, 64]",
,four_over_six_rows,,,,,,,wiki,,,,,,,,fcdffa8421e97301afc2d97bc4ba1d27f628e997c736244beb054779694a181b,P42_DRAW_AGG_BREADTH,1.8849391854941897,,phi4,,,p42_frozen_aggregation,6.585953908303838,,,,raw_ppl,,P42_quality_phi4_attempt1,,54839,56155136,,runs/P42_quality_phi4_attempt1/ppl/ppl_report.json,85f11929fc8193930e05a89e5b067ab2bd2964a54602c82d271077f99ab41cac,,complete,,288627,"[16, 64]",
,four_over_six_rows,,,,,,,c4,,,,,,,,1e254ba0095c9e2d277efafa049cc0499895c43858bbe15b79ea6f3809bda96d,P42_DRAW_AGG_BREADTH,2.3556608488105883,,phi4,,,p42_strong_control_budget_matched,10.545095273238413,,,,raw_ppl,,P42_quality_phi4_attempt1,,54839,56155136,,runs/P42_quality_phi4_attempt1/ppl/ppl_report.json,85f11929fc8193930e05a89e5b067ab2bd2964a54602c82d271077f99ab41cac,,complete,,524032,"[16, 64]",
,four_over_six_rows,,,,,,,wiki,,,,,,,,1e254ba0095c9e2d277efafa049cc0499895c43858bbe15b79ea6f3809bda96d,P42_DRAW_AGG_BREADTH,1.8968826098616698,,phi4,,,p42_strong_control_budget_matched,6.665084354313403,,,,raw_ppl,,P42_quality_phi4_attempt1,,54839,56155136,,runs/P42_quality_phi4_attempt1/ppl/ppl_report.json,85f11929fc8193930e05a89e5b067ab2bd2964a54602c82d271077f99ab41cac,,complete,,288627,"[16, 64]",
,four_over_six_rows,,,,,,,c4,,,,,,,,64f8687117386572f021e0a773fc7819a626e31a94df3c092095f6dfdfc94307,P42_DRAW_AGG_BREADTH,2.348142806993092,,phi4,,,seed0_n16_k2_reference,10.466114070006459,,,,raw_ppl,,P42_quality_phi4_attempt1,,54839,56155136,,runs/P42_quality_phi4_attempt1/ppl/ppl_report.json,85f11929fc8193930e05a89e5b067ab2bd2964a54602c82d271077f99ab41cac,,complete,,524032,"[16, 64]",
,four_over_six_rows,,,,,,,wiki,,,,,,,,64f8687117386572f021e0a773fc7819a626e31a94df3c092095f6dfdfc94307,P42_DRAW_AGG_BREADTH,1.8849391854941897,,phi4,,,seed0_n16_k2_reference,6.585953908303838,,,,raw_ppl,,P42_quality_phi4_attempt1,,54839,56155136,,runs/P42_quality_phi4_attempt1/ppl/ppl_report.json,85f11929fc8193930e05a89e5b067ab2bd2964a54602c82d271077f99ab41cac,,complete,,288627,"[16, 64]",
,four_over_six_rows,,,,,,,c4,,,,,,,,81b5edeb09dc41da4fc7f0e26980e47779211d38fba1a86903257236fd3155f1,P42_DRAW_AGG_BREADTH,2.3142747979060254,,qwen27b,,,p42_frozen_aggregation,10.117582965237812,,,,raw_ppl,,P42_quality_qwen27b_attempt1,,76633,78472192,,runs/P42_quality_qwen27b_attempt1/ppl/ppl_report.json,d1916d812c6f2648e2125f64614184dba01e1f7fd00dd7850a73439790c8151b,,complete,,524032,"[16, 64]",
,four_over_six_rows,,,,,,,wiki,,,,,,,,81b5edeb09dc41da4fc7f0e26980e47779211d38fba1a86903257236fd3155f1,P42_DRAW_AGG_BREADTH,1.965798824797951,,qwen27b,,,p42_frozen_aggregation,7.140614412341945,,,,raw_ppl,,P42_quality_qwen27b_attempt1,,76633,78472192,,runs/P42_quality_qwen27b_attempt1/ppl/ppl_report.json,d1916d812c6f2648e2125f64614184dba01e1f7fd00dd7850a73439790c8151b,,complete,,296815,"[16, 64]",
,four_over_six_rows,,,,,,,c4,,,,,,,,8a55225e856f0d9d1f7bce0d5ba58a703f4d9db7069fb113f02124e7ca110a1f,P42_DRAW_AGG_BREADTH,2.3214662448035006,,qwen27b,,,p42_strong_control_budget_matched,10.190605279202636,,,,raw_ppl,,P42_quality_qwen27b_attempt1,,76633,78472192,,runs/P42_quality_qwen27b_attempt1/ppl/ppl_report.json,d1916d812c6f2648e2125f64614184dba01e1f7fd00dd7850a73439790c8151b,,complete,,524032,"[16, 64]",
,four_over_six_rows,,,,,,,wiki,,,,,,,,8a55225e856f0d9d1f7bce0d5ba58a703f4d9db7069fb113f02124e7ca110a1f,P42_DRAW_AGG_BREADTH,1.9995798140899397,,qwen27b,,,p42_strong_control_budget_matched,7.385951973869712,,,,raw_ppl,,P42_quality_qwen27b_attempt1,,76633,78472192,,runs/P42_quality_qwen27b_attempt1/ppl/ppl_report.json,d1916d812c6f2648e2125f64614184dba01e1f7fd00dd7850a73439790c8151b,,complete,,296815,"[16, 64]",
,four_over_six_rows,,,,,,,c4,,,,,,,,1f8f6df29c5ae4f12114541ba15d10832a9d4cde47167a99c9c4e93355ba4e97,P42_DRAW_AGG_BREADTH,2.3142747979060254,,qwen27b,,,seed0_n16_k2_reference,10.117582965237812,,,,raw_ppl,,P42_quality_qwen27b_attempt1,,76633,78472192,,runs/P42_quality_qwen27b_attempt1/ppl/ppl_report.json,d1916d812c6f2648e2125f64614184dba01e1f7fd00dd7850a73439790c8151b,,complete,,524032,"[16, 64]",
,four_over_six_rows,,,,,,,wiki,,,,,,,,1f8f6df29c5ae4f12114541ba15d10832a9d4cde47167a99c9c4e93355ba4e97,P42_DRAW_AGG_BREADTH,1.965798824797951,,qwen27b,,,seed0_n16_k2_reference,7.140614412341945,,,,raw_ppl,,P42_quality_qwen27b_attempt1,,76633,78472192,,runs/P42_quality_qwen27b_attempt1/ppl/ppl_report.json,d1916d812c6f2648e2125f64614184dba01e1f7fd00dd7850a73439790c8151b,,complete,,296815,"[16, 64]",
,four_over_six_rows,,,,,,,c4,,,,,,,,c6fe6129a8c518d6f1be030b4e2a828eb18ba45a4d7b95e0759a13c21e74b349,P50_SELECTOR_DEV,2.2830013134865346,,llama8b,,,p50_activation_weighted_error,9.806067369976402,,,,raw_ppl,,P50_quality_llama8b_attempt1,,50119,51321856,,runs/P50_quality_llama8b_attempt1/ppl/ppl_report.json,a49b6a23e61446f446e87ed5411e74c5a21744b1f2d34b20f29c03e83ed546af,,complete,,524032,"[16, 64]",
,four_over_six_rows,,,,,,,wiki,,,,,,,,c6fe6129a8c518d6f1be030b4e2a828eb18ba45a4d7b95e0759a13c21e74b349,P50_SELECTOR_DEV,1.928015346308388,,llama8b,,,p50_activation_weighted_error,6.875850509049874,,,,raw_ppl,,P50_quality_llama8b_attempt1,,50119,51321856,,runs/P50_quality_llama8b_attempt1/ppl/ppl_report.json,a49b6a23e61446f446e87ed5411e74c5a21744b1f2d34b20f29c03e83ed546af,,complete,,288627,"[16, 64]",
,four_over_six_rows,,,,,,,c4,,,,,,,,232dba72501ab9331c78c1c0bc5cea24c7ba49605f8a34bcafe2d6903f9897f0,P50_SELECTOR_DEV,2.2839478817313505,,llama8b,,,p50_diagonal_hessian_gptq_proxy,9.815353876418012,,,,raw_ppl,,P50_quality_llama8b_attempt1,,50119,51321856,,runs/P50_quality_llama8b_attempt1/ppl/ppl_report.json,a49b6a23e61446f446e87ed5411e74c5a21744b1f2d34b20f29c03e83ed546af,,complete,,524032,"[16, 64]",
,four_over_six_rows,,,,,,,wiki,,,,,,,,232dba72501ab9331c78c1c0bc5cea24c7ba49605f8a34bcafe2d6903f9897f0,P50_SELECTOR_DEV,1.9279224051467008,,llama8b,,,p50_diagonal_hessian_gptq_proxy,6.875211489212059,,,,raw_ppl,,P50_quality_llama8b_attempt1,,50119,51321856,,runs/P50_quality_llama8b_attempt1/ppl/ppl_report.json,a49b6a23e61446f446e87ed5411e74c5a21744b1f2d34b20f29c03e83ed546af,,complete,,288627,"[16, 64]",
,four_over_six_rows,,,,,,,c4,,,,,,,,4fde41829e6fbf72b72a21b7aa32bc2181fa22090e2afdf1fb16be7c730c50da,P50_SELECTOR_DEV,2.2839265703700553,,llama8b,,,p50_layer_output_reconstruction,9.815144700094235,,,,raw_ppl,,P50_quality_llama8b_attempt1,,50119,51321856,,runs/P50_quality_llama8b_attempt1/ppl/ppl_report.json,a49b6a23e61446f446e87ed5411e74c5a21744b1f2d34b20f29c03e83ed546af,,complete,,524032,"[16, 64]",
,four_over_six_rows,,,,,,,wiki,,,,,,,,4fde41829e6fbf72b72a21b7aa32bc2181fa22090e2afdf1fb16be7c730c50da,P50_SELECTOR_DEV,1.9285270671282386,,llama8b,,,p50_layer_output_reconstruction,6.879369925312024,,,,raw_ppl,,P50_quality_llama8b_attempt1,,50119,51321856,,runs/P50_quality_llama8b_attempt1/ppl/ppl_report.json,a49b6a23e61446f446e87ed5411e74c5a21744b1f2d34b20f29c03e83ed546af,,complete,,288627,"[16, 64]",
,four_over_six_rows,,,,,,,c4,,,,,,,,01aa98ae6a750c0012a24216a2f0322092c3ae149f19bba22b20ceb76816265c,P50_SELECTOR_DEV,2.2797524041100763,,llama8b,,,p50_old_first_order_ce_kl,9.77426004329114,,,,raw_ppl,,P50_quality_llama8b_attempt1,,50119,51321856,,runs/P50_quality_llama8b_attempt1/ppl/ppl_report.json,a49b6a23e61446f446e87ed5411e74c5a21744b1f2d34b20f29c03e83ed546af,,complete,,524032,"[16, 64]",
,four_over_six_rows,,,,,,,wiki,,,,,,,,01aa98ae6a750c0012a24216a2f0322092c3ae149f19bba22b20ceb76816265c,P50_SELECTOR_DEV,1.9226005517589846,,llama8b,,,p50_old_first_order_ce_kl,6.8387198094684445,,,,raw_ppl,,P50_quality_llama8b_attempt1,,50119,51321856,,runs/P50_quality_llama8b_attempt1/ppl/ppl_report.json,a49b6a23e61446f446e87ed5411e74c5a21744b1f2d34b20f29c03e83ed546af,,complete,,288627,"[16, 64]",
,four_over_six_rows,,,,,,,c4,,,,,,,,83a8439edc5aafde4f7298f16777e06748b072606a54ecaaab6ddf0a8bf3216c,P50_SELECTOR_DEV,2.284596789621662,,llama8b,,,p50_strongest_p20_selector_global_rerank,9.82172520397341,,,,raw_ppl,,P50_quality_llama8b_attempt1,,50119,51321856,,runs/P50_quality_llama8b_attempt1/ppl/ppl_report.json,a49b6a23e61446f446e87ed5411e74c5a21744b1f2d34b20f29c03e83ed546af,,complete,,524032,"[16, 64]",
,four_over_six_rows,,,,,,,wiki,,,,,,,,83a8439edc5aafde4f7298f16777e06748b072606a54ecaaab6ddf0a8bf3216c,P50_SELECTOR_DEV,1.92873635650788,,llama8b,,,p50_strongest_p20_selector_global_rerank,6.88080985505176,,,,raw_ppl,,P50_quality_llama8b_attempt1,,50119,51321856,,runs/P50_quality_llama8b_attempt1/ppl/ppl_report.json,a49b6a23e61446f446e87ed5411e74c5a21744b1f2d34b20f29c03e83ed546af,,complete,,288627,"[16, 64]",
,four_over_six_rows,,,,,,,c4,,,,,,,,11bd544ee6dd8379b2c661b1f68d9fcdb28f0a2ef99d40f8b861f0c9d800c853,P50_SELECTOR_DEV,2.087687661331893,,mistral7b,,,p50_activation_weighted_error,8.066241700349105,,,,raw_ppl,,P50_quality_mistral7b_attempt1,,30611,31345664,,runs/P50_quality_mistral7b_attempt1/ppl/ppl_report.json,e3aa558862cab0c3866343f6aefd64facf4f52ffebbb93b245bdc3433a7ec90f,,complete,,524032,"[16, 64]",
,four_over_six_rows,,,,,,,wiki,,,,,,,,11bd544ee6dd8379b2c661b1f68d9fcdb28f0a2ef99d40f8b861f0c9d800c853,P50_SELECTOR_DEV,1.7084019497018987,,mistral7b,,,p50_activation_weighted_error,5.52013297516082,,,,raw_ppl,,P50_quality_mistral7b_attempt1,,30611,31345664,,runs/P50_quality_mistral7b_attempt1/ppl/ppl_report.json,e3aa558862cab0c3866343f6aefd64facf4f52ffebbb93b245bdc3433a7ec90f,,complete,,333661,"[16, 64]",
,four_over_six_rows,,,,,,,c4,,,,,,,,eb35cff55e9953f490072e13c94eff422744a27148a6702fdbf0c1dc9f10254a,P50_SELECTOR_DEV,2.0874263194735807,,mistral7b,,,p50_diagonal_hessian_gptq_proxy,8.06413392918995,,,,raw_ppl,,P50_quality_mistral7b_attempt1,,30611,31345664,,runs/P50_quality_mistral7b_attempt1/ppl/ppl_report.json,e3aa558862cab0c3866343f6aefd64facf4f52ffebbb93b245bdc3433a7ec90f,,complete,,524032,"[16, 64]",
,four_over_six_rows,,,,,,,wiki,,,,,,,,eb35cff55e9953f490072e13c94eff422744a27148a6702fdbf0c1dc9f10254a,P50_SELECTOR_DEV,1.7081606502351045,,mistral7b,,,p50_diagonal_hessian_gptq_proxy,5.51880113071042,,,,raw_ppl,,P50_quality_mistral7b_attempt1,,30611,31345664,,runs/P50_quality_mistral7b_attempt1/ppl/ppl_report.json,e3aa558862cab0c3866343f6aefd64facf4f52ffebbb93b245bdc3433a7ec90f,,complete,,333661,"[16, 64]",
,four_over_six_rows,,,,,,,c4,,,,,,,,1e64c27a135802ded79ec29dcc50b916a33e226b9b44ff5121f95b2f116e5bad,P50_SELECTOR_DEV,2.0875051382035825,,mistral7b,,,p50_layer_output_reconstruction,8.064769559034254,,,,raw_ppl,,P50_quality_mistral7b_attempt1,,30611,31345664,,runs/P50_quality_mistral7b_attempt1/ppl/ppl_report.json,e3aa558862cab0c3866343f6aefd64facf4f52ffebbb93b245bdc3433a7ec90f,,complete,,524032,"[16, 64]",
,four_over_six_rows,,,,,,,wiki,,,,,,,,1e64c27a135802ded79ec29dcc50b916a33e226b9b44ff5121f95b2f116e5bad,P50_SELECTOR_DEV,1.708582883594326,,mistral7b,,,p50_layer_output_reconstruction,5.52113184466868,,,,raw_ppl,,P50_quality_mistral7b_attempt1,,30611,31345664,,runs/P50_quality_mistral7b_attempt1/ppl/ppl_report.json,e3aa558862cab0c3866343f6aefd64facf4f52ffebbb93b245bdc3433a7ec90f,,complete,,333661,"[16, 64]",
,four_over_six_rows,,,,,,,c4,,,,,,,,22755fa7928820e74c77663d57f5668a8cc0c9a87aa66c9dc6507f27e043626b,P50_SELECTOR_DEV,2.0854406243286387,,mistral7b,,,p50_old_first_order_ce_kl,8.048136905461106,,,,raw_ppl,,P50_quality_mistral7b_attempt1,,30611,31345664,,runs/P50_quality_mistral7b_attempt1/ppl/ppl_report.json,e3aa558862cab0c3866343f6aefd64facf4f52ffebbb93b245bdc3433a7ec90f,,complete,,524032,"[16, 64]",
,four_over_six_rows,,,,,,,wiki,,,,,,,,22755fa7928820e74c77663d57f5668a8cc0c9a87aa66c9dc6507f27e043626b,P50_SELECTOR_DEV,1.7041639903317374,,mistral7b,,,p50_old_first_order_ce_kl,5.496788377561922,,,,raw_ppl,,P50_quality_mistral7b_attempt1,,30611,31345664,,runs/P50_quality_mistral7b_attempt1/ppl/ppl_report.json,e3aa558862cab0c3866343f6aefd64facf4f52ffebbb93b245bdc3433a7ec90f,,complete,,333661,"[16, 64]",
,four_over_six_rows,,,,,,,c4,,,,,,,,c3d587e85e7f12658713c41a8c2668edbdea5ef779e56baebdb7e3c858d3a62d,P50_SELECTOR_DEV,2.0871729899153544,,mistral7b,,,p50_strongest_p20_selector_global_rerank,8.062091304443728,,,,raw_ppl,,P50_quality_mistral7b_attempt1,,30611,31345664,,runs/P50_quality_mistral7b_attempt1/ppl/ppl_report.json,e3aa558862cab0c3866343f6aefd64facf4f52ffebbb93b245bdc3433a7ec90f,,complete,,524032,"[16, 64]",
,four_over_six_rows,,,,,,,wiki,,,,,,,,c3d587e85e7f12658713c41a8c2668edbdea5ef779e56baebdb7e3c858d3a62d,P50_SELECTOR_DEV,1.708025158967317,,mistral7b,,,p50_strongest_p20_selector_global_rerank,5.51805343200302,,,,raw_ppl,,P50_quality_mistral7b_attempt1,,30611,31345664,,runs/P50_quality_mistral7b_attempt1/ppl/ppl_report.json,e3aa558862cab0c3866343f6aefd64facf4f52ffebbb93b245bdc3433a7ec90f,,complete,,333661,"[16, 64]",
,four_over_six_rows,,,,,,,c4,,,,,,,,587e5068f63d134961befc4c90c88018546efd7e7bafbae1e0d8df664a4bbac1,P50_SELECTOR_DEV,2.850656336955398,,qwen4b,,,p50_activation_weighted_error,17.299132175081006,,,,raw_ppl,,P50_quality_qwen4b_attempt1,,32532,33312768,,runs/P50_quality_qwen4b_attempt1/ppl/ppl_report.json,0c403735fdb77ae9b64983690ad1e0a9786dd227ba3dae56ab6293c4741b5c9a,,complete,,524032,"[16, 64]",
,four_over_six_rows,,,,,,,wiki,,,,,,,,587e5068f63d134961befc4c90c88018546efd7e7bafbae1e0d8df664a4bbac1,P50_SELECTOR_DEV,2.6508099936125182,,qwen4b,,,p50_activation_weighted_error,14.165507970682937,,,,raw_ppl,,P50_quality_qwen4b_attempt1,,32532,33312768,,runs/P50_quality_qwen4b_attempt1/ppl/ppl_report.json,0c403735fdb77ae9b64983690ad1e0a9786dd227ba3dae56ab6293c4741b5c9a,,complete,,298862,"[16, 64]",
,four_over_six_rows,,,,,,,c4,,,,,,,,0c39a77d809aecc996ef76132977a80889c9c77c9378cb23e87f7f0707a0a0b3,P50_SELECTOR_DEV,2.8617419437418232,,qwen4b,,,p50_diagonal_hessian_gptq_proxy,17.491970441888554,,,,raw_ppl,,P50_quality_qwen4b_attempt1,,32532,33312768,,runs/P50_quality_qwen4b_attempt1/ppl/ppl_report.json,0c403735fdb77ae9b64983690ad1e0a9786dd227ba3dae56ab6293c4741b5c9a,,complete,,524032,"[16, 64]",
,four_over_six_rows,,,,,,,wiki,,,,,,,,0c39a77d809aecc996ef76132977a80889c9c77c9378cb23e87f7f0707a0a0b3,P50_SELECTOR_DEV,2.6596913681398204,,qwen4b,,,p50_diagonal_hessian_gptq_proxy,14.29187748919605,,,,raw_ppl,,P50_quality_qwen4b_attempt1,,32532,33312768,,runs/P50_quality_qwen4b_attempt1/ppl/ppl_report.json,0c403735fdb77ae9b64983690ad1e0a9786dd227ba3dae56ab6293c4741b5c9a,,complete,,298862,"[16, 64]",
,four_over_six_rows,,,,,,,c4,,,,,,,,0e90ef8c81cc5c8bb4aff8b16d0f24a7975db7e31fde4146bb8cebd3fc82d8f1,P50_SELECTOR_DEV,2.8416106701493633,,qwen4b,,,p50_layer_output_reconstruction,17.14335560306321,,,,raw_ppl,,P50_quality_qwen4b_attempt1,,32532,33312768,,runs/P50_quality_qwen4b_attempt1/ppl/ppl_report.json,0c403735fdb77ae9b64983690ad1e0a9786dd227ba3dae56ab6293c4741b5c9a,,complete,,524032,"[16, 64]",
,four_over_six_rows,,,,,,,wiki,,,,,,,,0e90ef8c81cc5c8bb4aff8b16d0f24a7975db7e31fde4146bb8cebd3fc82d8f1,P50_SELECTOR_DEV,2.643536879593168,,qwen4b,,,p50_layer_output_reconstruction,14.062854374241224,,,,raw_ppl,,P50_quality_qwen4b_attempt1,,32532,33312768,,runs/P50_quality_qwen4b_attempt1/ppl/ppl_report.json,0c403735fdb77ae9b64983690ad1e0a9786dd227ba3dae56ab6293c4741b5c9a,,complete,,298862,"[16, 64]",
,four_over_six_rows,,,,,,,c4,,,,,,,,8129f0cb532101d20b13a82436d06ccbc13ca3d9008edd0d18504036358899b4,P50_SELECTOR_DEV,2.7320897910283586,,qwen4b,,,p50_old_first_order_ce_kl,15.364963054070836,,,,raw_ppl,,P50_quality_qwen4b_attempt1,,32532,33312768,,runs/P50_quality_qwen4b_attempt1/ppl/ppl_report.json,0c403735fdb77ae9b64983690ad1e0a9786dd227ba3dae56ab6293c4741b5c9a,,complete,,524032,"[16, 64]",
,four_over_six_rows,,,,,,,wiki,,,,,,,,8129f0cb532101d20b13a82436d06ccbc13ca3d9008edd0d18504036358899b4,P50_SELECTOR_DEV,2.412878510379226,,qwen4b,,,p50_old_first_order_ce_kl,11.16605653908429,,,,raw_ppl,,P50_quality_qwen4b_attempt1,,32532,33312768,,runs/P50_quality_qwen4b_attempt1/ppl/ppl_report.json,0c403735fdb77ae9b64983690ad1e0a9786dd227ba3dae56ab6293c4741b5c9a,,complete,,298862,"[16, 64]",
,four_over_six_rows,,,,,,,c4,,,,,,,,92d5b955a96b7b9605f4f0e210510aad48a688aa63f5ded66d164c417eac9323,P50_SELECTOR_DEV,2.850378227223744,,qwen4b,,,p50_strongest_p20_selector_global_rerank,17.294321787012816,,,,raw_ppl,,P50_quality_qwen4b_attempt1,,32532,33312768,,runs/P50_quality_qwen4b_attempt1/ppl/ppl_report.json,0c403735fdb77ae9b64983690ad1e0a9786dd227ba3dae56ab6293c4741b5c9a,,complete,,524032,"[16, 64]",
,four_over_six_rows,,,,,,,wiki,,,,,,,,92d5b955a96b7b9605f4f0e210510aad48a688aa63f5ded66d164c417eac9323,P50_SELECTOR_DEV,2.6681057202552365,,qwen4b,,,p50_strongest_p20_selector_global_rerank,14.412641742735097,,,,raw_ppl,,P50_quality_qwen4b_attempt1,,32532,33312768,,runs/P50_quality_qwen4b_attempt1/ppl/ppl_report.json,0c403735fdb77ae9b64983690ad1e0a9786dd227ba3dae56ab6293c4741b5c9a,,complete,,298862,"[16, 64]",
,four_over_six_rows,,,,,,,c4,,,,,,,,,P60_WEIGHT_SCALE,2.3029838987598983,,llama8b,,,p60_fos_s0p95,10.003988852994445,,,,raw_ppl,,P60_quality_llama8b_attempt1,,,,,runs/P60_quality_llama8b_attempt1/ppl/ppl_report.json,738968ef746e8f127752a8af9bfd4a84980eaacef3b3fffd3e373f7c1b1c9294,,complete,,524032,null,
,four_over_six_rows,,,,,,,wiki,,,,,,,,,P60_WEIGHT_SCALE,1.9496078677541797,,llama8b,,,p60_fos_s0p95,7.025931945865075,,,,raw_ppl,,P60_quality_llama8b_attempt1,,,,,runs/P60_quality_llama8b_attempt1/ppl/ppl_report.json,738968ef746e8f127752a8af9bfd4a84980eaacef3b3fffd3e373f7c1b1c9294,,complete,,288627,null,
,four_over_six_rows,,,,,,,c4,,,,,,,,,P60_WEIGHT_SCALE,2.2844326279631595,,llama8b,,,p60_fos_s1p0,9.820112985610411,,,,raw_ppl,,P60_quality_llama8b_attempt1,,,,,runs/P60_quality_llama8b_attempt1/ppl/ppl_report.json,738968ef746e8f127752a8af9bfd4a84980eaacef3b3fffd3e373f7c1b1c9294,,complete,,524032,null,
,four_over_six_rows,,,,,,,wiki,,,,,,,,,P60_WEIGHT_SCALE,1.929455922434699,,llama8b,,,p60_fos_s1p0,6.885762833155805,,,,raw_ppl,,P60_quality_llama8b_attempt1,,,,,runs/P60_quality_llama8b_attempt1/ppl/ppl_report.json,738968ef746e8f127752a8af9bfd4a84980eaacef3b3fffd3e373f7c1b1c9294,,complete,,288627,null,
,four_over_six_rows,,,,,,,c4,,,,,,,,,P60_WEIGHT_SCALE,2.302729041357607,,llama8b,,,p60_fos_s1p05,10.00143958724624,,,,raw_ppl,,P60_quality_llama8b_attempt1,,,,,runs/P60_quality_llama8b_attempt1/ppl/ppl_report.json,738968ef746e8f127752a8af9bfd4a84980eaacef3b3fffd3e373f7c1b1c9294,,complete,,524032,null,
,four_over_six_rows,,,,,,,wiki,,,,,,,,,P60_WEIGHT_SCALE,1.9475671603516787,,llama8b,,,p60_fos_s1p05,7.011608694287189,,,,raw_ppl,,P60_quality_llama8b_attempt1,,,,,runs/P60_quality_llama8b_attempt1/ppl/ppl_report.json,738968ef746e8f127752a8af9bfd4a84980eaacef3b3fffd3e373f7c1b1c9294,,complete,,288627,null,
,four_over_six_rows,,,,,,,c4,,,,,,,,01aa98ae6a750c0012a24216a2f0322092c3ae149f19bba22b20ceb76816265c,P60_WEIGHT_SCALE,2.2956396012564837,,llama8b,,,p60_winner_s0p95,9.930785724454173,,,,raw_ppl,,P60_quality_llama8b_attempt1,,50119,51321856,,runs/P60_quality_llama8b_attempt1/ppl/ppl_report.json,738968ef746e8f127752a8af9bfd4a84980eaacef3b3fffd3e373f7c1b1c9294,,complete,,524032,"[16, 64]",
,four_over_six_rows,,,,,,,wiki,,,,,,,,01aa98ae6a750c0012a24216a2f0322092c3ae149f19bba22b20ceb76816265c,P60_WEIGHT_SCALE,1.943252322870717,,llama8b,,,p60_winner_s0p95,6.981419918958314,,,,raw_ppl,,P60_quality_llama8b_attempt1,,50119,51321856,,runs/P60_quality_llama8b_attempt1/ppl/ppl_report.json,738968ef746e8f127752a8af9bfd4a84980eaacef3b3fffd3e373f7c1b1c9294,,complete,,288627,"[16, 64]",
,four_over_six_rows,,,,,,,c4,,,,,,,,01aa98ae6a750c0012a24216a2f0322092c3ae149f19bba22b20ceb76816265c,P60_WEIGHT_SCALE,2.2797524041100763,,llama8b,,,p60_winner_s1p0,9.77426004329114,,,,raw_ppl,,P60_quality_llama8b_attempt1,,50119,51321856,,runs/P60_quality_llama8b_attempt1/ppl/ppl_report.json,738968ef746e8f127752a8af9bfd4a84980eaacef3b3fffd3e373f7c1b1c9294,,complete,,524032,"[16, 64]",
,four_over_six_rows,,,,,,,wiki,,,,,,,,01aa98ae6a750c0012a24216a2f0322092c3ae149f19bba22b20ceb76816265c,P60_WEIGHT_SCALE,1.9226005517589846,,llama8b,,,p60_winner_s1p0,6.8387198094684445,,,,raw_ppl,,P60_quality_llama8b_attempt1,,50119,51321856,,runs/P60_quality_llama8b_attempt1/ppl/ppl_report.json,738968ef746e8f127752a8af9bfd4a84980eaacef3b3fffd3e373f7c1b1c9294,,complete,,288627,"[16, 64]",
,four_over_six_rows,,,,,,,c4,,,,,,,,01aa98ae6a750c0012a24216a2f0322092c3ae149f19bba22b20ceb76816265c,P60_WEIGHT_SCALE,2.3009992670742765,,llama8b,,,p60_winner_s1p05,9.98415430837734,,,,raw_ppl,,P60_quality_llama8b_attempt1,,50119,51321856,,runs/P60_quality_llama8b_attempt1/ppl/ppl_report.json,738968ef746e8f127752a8af9bfd4a84980eaacef3b3fffd3e373f7c1b1c9294,,complete,,524032,"[16, 64]",
,four_over_six_rows,,,,,,,wiki,,,,,,,,01aa98ae6a750c0012a24216a2f0322092c3ae149f19bba22b20ceb76816265c,P60_WEIGHT_SCALE,1.9452126438649786,,llama8b,,,p60_winner_s1p05,6.99511916606904,,,,raw_ppl,,P60_quality_llama8b_attempt1,,50119,51321856,,runs/P60_quality_llama8b_attempt1/ppl/ppl_report.json,738968ef746e8f127752a8af9bfd4a84980eaacef3b3fffd3e373f7c1b1c9294,,complete,,288627,"[16, 64]",
,four_over_six_rows,,,,,,,c4,,,,,,,,,P60_WEIGHT_SCALE,2.097021940474069,,mistral7b,,,p60_fos_s0p95,8.141886748769744,,,,raw_ppl,,P60_quality_mistral7b_attempt1,,,,,runs/P60_quality_mistral7b_attempt1/ppl/ppl_report.json,69ce7e23e111f732711c4e336a7809c75128549ce7ef7add797681641cab8f94,,complete,,524032,null,
,four_over_six_rows,,,,,,,wiki,,,,,,,,,P60_WEIGHT_SCALE,1.7236758415041187,,mistral7b,,,p60_fos_s0p95,5.605094080602443,,,,raw_ppl,,P60_quality_mistral7b_attempt1,,,,,runs/P60_quality_mistral7b_attempt1/ppl/ppl_report.json,69ce7e23e111f732711c4e336a7809c75128549ce7ef7add797681641cab8f94,,complete,,333661,null,
,four_over_six_rows,,,,,,,c4,,,,,,,,,P60_WEIGHT_SCALE,2.087058865155449,,mistral7b,,,p60_fos_s1p0,8.06117127270947,,,,raw_ppl,,P60_quality_mistral7b_attempt1,,,,,runs/P60_quality_mistral7b_attempt1/ppl/ppl_report.json,69ce7e23e111f732711c4e336a7809c75128549ce7ef7add797681641cab8f94,,complete,,524032,null,
,four_over_six_rows,,,,,,,wiki,,,,,,,,,P60_WEIGHT_SCALE,1.7089427673979911,,mistral7b,,,p60_fos_s1p0,5.523119168178799,,,,raw_ppl,,P60_quality_mistral7b_attempt1,,,,,runs/P60_quality_mistral7b_attempt1/ppl/ppl_report.json,69ce7e23e111f732711c4e336a7809c75128549ce7ef7add797681641cab8f94,,complete,,333661,null,
,four_over_six_rows,,,,,,,c4,,,,,,,,,P60_WEIGHT_SCALE,2.0930821169297302,,mistral7b,,,p60_fos_s1p05,8.109872258793576,,,,raw_ppl,,P60_quality_mistral7b_attempt1,,,,,runs/P60_quality_mistral7b_attempt1/ppl/ppl_report.json,69ce7e23e111f732711c4e336a7809c75128549ce7ef7add797681641cab8f94,,complete,,524032,null,
,four_over_six_rows,,,,,,,wiki,,,,,,,,,P60_WEIGHT_SCALE,1.7138896414229527,,mistral7b,,,p60_fos_s1p05,5.550509034180922,,,,raw_ppl,,P60_quality_mistral7b_attempt1,,,,,runs/P60_quality_mistral7b_attempt1/ppl/ppl_report.json,69ce7e23e111f732711c4e336a7809c75128549ce7ef7add797681641cab8f94,,complete,,333661,null,
,four_over_six_rows,,,,,,,c4,,,,,,,,22755fa7928820e74c77663d57f5668a8cc0c9a87aa66c9dc6507f27e043626b,P60_WEIGHT_SCALE,2.0943484435277084,,mistral7b,,,p60_winner_s0p95,8.12014851091355,,,,raw_ppl,,P60_quality_mistral7b_attempt1,,30611,31345664,,runs/P60_quality_mistral7b_attempt1/ppl/ppl_report.json,69ce7e23e111f732711c4e336a7809c75128549ce7ef7add797681641cab8f94,,complete,,524032,"[16, 64]",
,four_over_six_rows,,,,,,,wiki,,,,,,,,22755fa7928820e74c77663d57f5668a8cc0c9a87aa66c9dc6507f27e043626b,P60_WEIGHT_SCALE,1.7205680855940637,,mistral7b,,,p60_winner_s0p95,5.587701855739892,,,,raw_ppl,,P60_quality_mistral7b_attempt1,,30611,31345664,,runs/P60_quality_mistral7b_attempt1/ppl/ppl_report.json,69ce7e23e111f732711c4e336a7809c75128549ce7ef7add797681641cab8f94,,complete,,333661,"[16, 64]",
,four_over_six_rows,,,,,,,c4,,,,,,,,22755fa7928820e74c77663d57f5668a8cc0c9a87aa66c9dc6507f27e043626b,P60_WEIGHT_SCALE,2.0854406243286387,,mistral7b,,,p60_winner_s1p0,8.048136905461106,,,,raw_ppl,,P60_quality_mistral7b_attempt1,,30611,31345664,,runs/P60_quality_mistral7b_attempt1/ppl/ppl_report.json,69ce7e23e111f732711c4e336a7809c75128549ce7ef7add797681641cab8f94,,complete,,524032,"[16, 64]",
,four_over_six_rows,,,,,,,wiki,,,,,,,,22755fa7928820e74c77663d57f5668a8cc0c9a87aa66c9dc6507f27e043626b,P60_WEIGHT_SCALE,1.7041639903317374,,mistral7b,,,p60_winner_s1p0,5.496788377561922,,,,raw_ppl,,P60_quality_mistral7b_attempt1,,30611,31345664,,runs/P60_quality_mistral7b_attempt1/ppl/ppl_report.json,69ce7e23e111f732711c4e336a7809c75128549ce7ef7add797681641cab8f94,,complete,,333661,"[16, 64]",
,four_over_six_rows,,,,,,,c4,,,,,,,,22755fa7928820e74c77663d57f5668a8cc0c9a87aa66c9dc6507f27e043626b,P60_WEIGHT_SCALE,2.0899977008593833,,mistral7b,,,p60_winner_s1p05,8.084896575969593,,,,raw_ppl,,P60_quality_mistral7b_attempt1,,30611,31345664,,runs/P60_quality_mistral7b_attempt1/ppl/ppl_report.json,69ce7e23e111f732711c4e336a7809c75128549ce7ef7add797681641cab8f94,,complete,,524032,"[16, 64]",
,four_over_six_rows,,,,,,,wiki,,,,,,,,22755fa7928820e74c77663d57f5668a8cc0c9a87aa66c9dc6507f27e043626b,P60_WEIGHT_SCALE,1.7090058511008699,,mistral7b,,,p60_winner_s1p05,5.523467597977374,,,,raw_ppl,,P60_quality_mistral7b_attempt1,,30611,31345664,,runs/P60_quality_mistral7b_attempt1/ppl/ppl_report.json,69ce7e23e111f732711c4e336a7809c75128549ce7ef7add797681641cab8f94,,complete,,333661,"[16, 64]",
,four_over_six_rows,,,,,,,c4,,,,,,,,,P60_WEIGHT_SCALE,2.870694716032273,,qwen4b,,,p60_fos_s0p95,17.649275176208267,,,,raw_ppl,,P60_quality_qwen4b_attempt1,,,,,runs/P60_quality_qwen4b_attempt1/ppl/ppl_report.json,a91b221b855a525315f5aff8a01f220bee602d7aa638e4a30b4244a774680311,,complete,,524032,null,
,four_over_six_rows,,,,,,,wiki,,,,,,,,,P60_WEIGHT_SCALE,2.6731818543856813,,qwen4b,,,p60_fos_s0p95,14.485988246246125,,,,raw_ppl,,P60_quality_qwen4b_attempt1,,,,,runs/P60_quality_qwen4b_attempt1/ppl/ppl_report.json,a91b221b855a525315f5aff8a01f220bee602d7aa638e4a30b4244a774680311,,complete,,298862,null,
,four_over_six_rows,,,,,,,c4,,,,,,,,,P60_WEIGHT_SCALE,2.8513400025426616,,qwen4b,,,p60_fos_s1p0,17.31096304015548,,,,raw_ppl,,P60_quality_qwen4b_attempt1,,,,,runs/P60_quality_qwen4b_attempt1/ppl/ppl_report.json,a91b221b855a525315f5aff8a01f220bee602d7aa638e4a30b4244a774680311,,complete,,524032,null,
,four_over_six_rows,,,,,,,wiki,,,,,,,,,P60_WEIGHT_SCALE,2.6538793727267787,,qwen4b,,,p60_fos_s1p0,14.209054080563488,,,,raw_ppl,,P60_quality_qwen4b_attempt1,,,,,runs/P60_quality_qwen4b_attempt1/ppl/ppl_report.json,a91b221b855a525315f5aff8a01f220bee602d7aa638e4a30b4244a774680311,,complete,,298862,null,
,four_over_six_rows,,,,,,,c4,,,,,,,,,P60_WEIGHT_SCALE,2.860082578668937,,qwen4b,,,p60_fos_s1p05,17.4629689457708,,,,raw_ppl,,P60_quality_qwen4b_attempt1,,,,,runs/P60_quality_qwen4b_attempt1/ppl/ppl_report.json,a91b221b855a525315f5aff8a01f220bee602d7aa638e4a30b4244a774680311,,complete,,524032,null,
,four_over_six_rows,,,,,,,wiki,,,,,,,,,P60_WEIGHT_SCALE,2.6799542354038843,,qwen4b,,,p60_fos_s1p05,14.584425830250058,,,,raw_ppl,,P60_quality_qwen4b_attempt1,,,,,runs/P60_quality_qwen4b_attempt1/ppl/ppl_report.json,a91b221b855a525315f5aff8a01f220bee602d7aa638e4a30b4244a774680311,,complete,,298862,null,
,four_over_six_rows,,,,,,,c4,,,,,,,,8129f0cb532101d20b13a82436d06ccbc13ca3d9008edd0d18504036358899b4,P60_WEIGHT_SCALE,2.783923724977687,,qwen4b,,,p60_winner_s0p95,16.182391796725366,,,,raw_ppl,,P60_quality_qwen4b_attempt1,,32532,33312768,,runs/P60_quality_qwen4b_attempt1/ppl/ppl_report.json,a91b221b855a525315f5aff8a01f220bee602d7aa638e4a30b4244a774680311,,complete,,524032,"[16, 64]",
,four_over_six_rows,,,,,,,wiki,,,,,,,,8129f0cb532101d20b13a82436d06ccbc13ca3d9008edd0d18504036358899b4,P60_WEIGHT_SCALE,2.497653496840778,,qwen4b,,,p60_winner_s0p95,12.1539412127952,,,,raw_ppl,,P60_quality_qwen4b_attempt1,,32532,33312768,,runs/P60_quality_qwen4b_attempt1/ppl/ppl_report.json,a91b221b855a525315f5aff8a01f220bee602d7aa638e4a30b4244a774680311,,complete,,298862,"[16, 64]",
,four_over_six_rows,,,,,,,c4,,,,,,,,8129f0cb532101d20b13a82436d06ccbc13ca3d9008edd0d18504036358899b4,P60_WEIGHT_SCALE,2.7320897910283586,,qwen4b,,,p60_winner_s1p0,15.364963054070836,,,,raw_ppl,,P60_quality_qwen4b_attempt1,,32532,33312768,,runs/P60_quality_qwen4b_attempt1/ppl/ppl_report.json,a91b221b855a525315f5aff8a01f220bee602d7aa638e4a30b4244a774680311,,complete,,524032,"[16, 64]",
,four_over_six_rows,,,,,,,wiki,,,,,,,,8129f0cb532101d20b13a82436d06ccbc13ca3d9008edd0d18504036358899b4,P60_WEIGHT_SCALE,2.412878510379226,,qwen4b,,,p60_winner_s1p0,11.16605653908429,,,,raw_ppl,,P60_quality_qwen4b_attempt1,,32532,33312768,,runs/P60_quality_qwen4b_attempt1/ppl/ppl_report.json,a91b221b855a525315f5aff8a01f220bee602d7aa638e4a30b4244a774680311,,complete,,298862,"[16, 64]",
,four_over_six_rows,,,,,,,c4,,,,,,,,8129f0cb532101d20b13a82436d06ccbc13ca3d9008edd0d18504036358899b4,P60_WEIGHT_SCALE,2.7669937845983736,,qwen4b,,,p60_winner_s1p05,15.910730957967267,,,,raw_ppl,,P60_quality_qwen4b_attempt1,,32532,33312768,,runs/P60_quality_qwen4b_attempt1/ppl/ppl_report.json,a91b221b855a525315f5aff8a01f220bee602d7aa638e4a30b4244a774680311,,complete,,524032,"[16, 64]",
,four_over_six_rows,,,,,,,wiki,,,,,,,,8129f0cb532101d20b13a82436d06ccbc13ca3d9008edd0d18504036358899b4,P60_WEIGHT_SCALE,2.49298152506437,,qwen4b,,,p60_winner_s1p05,12.097290780132052,,,,raw_ppl,,P60_quality_qwen4b_attempt1,,32532,33312768,,runs/P60_quality_qwen4b_attempt1/ppl/ppl_report.json,a91b221b855a525315f5aff8a01f220bee602d7aa638e4a30b4244a774680311,,complete,,298862,"[16, 64]",
,four_over_six_rows,,,,,,,c4,,,,,,,,,P61_ACT_SCALE_CLIP,2.2844326279631595,,llama8b,,,p61_fos_baseline_absmax,9.820112985610411,,,,raw_ppl,,P61_quality_llama8b_attempt1,,,,,runs/P61_quality_llama8b_attempt1/ppl/ppl_report.json,3a1830aa1689a0e164bc34a474125447aa3d160c3b35b22f589d9f50db245616,,complete,,524032,null,
,four_over_six_rows,,,,,,,wiki,,,,,,,,,P61_ACT_SCALE_CLIP,1.929455922434699,,llama8b,,,p61_fos_baseline_absmax,6.885762833155805,,,,raw_ppl,,P61_quality_llama8b_attempt1,,,,,runs/P61_quality_llama8b_attempt1/ppl/ppl_report.json,3a1830aa1689a0e164bc34a474125447aa3d160c3b35b22f589d9f50db245616,,complete,,288627,null,
,four_over_six_rows_mse_grid,,,,,,,c4,,,,,,,,,P61_ACT_SCALE_CLIP,2.28390445445768,,llama8b,,,p61_fos_mse_grid,9.814927631614442,,,,raw_ppl,,P61_quality_llama8b_attempt1,,,,,runs/P61_quality_llama8b_attempt1/ppl/ppl_report.json,3a1830aa1689a0e164bc34a474125447aa3d160c3b35b22f589d9f50db245616,,complete,,524032,null,
,four_over_six_rows_mse_grid,,,,,,,wiki,,,,,,,,,P61_ACT_SCALE_CLIP,1.9278212309608849,,llama8b,,,p61_fos_mse_grid,6.874515930474213,,,,raw_ppl,,P61_quality_llama8b_attempt1,,,,,runs/P61_quality_llama8b_attempt1/ppl/ppl_report.json,3a1830aa1689a0e164bc34a474125447aa3d160c3b35b22f589d9f50db245616,,complete,,288627,null,
,four_over_six_rows_percentile_100,,,,,,,c4,,,,,,,,,P61_ACT_SCALE_CLIP,2.2844326279631595,,llama8b,,,p61_fos_percentile_100_anchor,9.820112985610411,,,,raw_ppl,,P61_quality_llama8b_attempt1,,,,,runs/P61_quality_llama8b_attempt1/ppl/ppl_report.json,3a1830aa1689a0e164bc34a474125447aa3d160c3b35b22f589d9f50db245616,,complete,,524032,null,
,four_over_six_rows_percentile_100,,,,,,,wiki,,,,,,,,,P61_ACT_SCALE_CLIP,1.929455922434699,,llama8b,,,p61_fos_percentile_100_anchor,6.885762833155805,,,,raw_ppl,,P61_quality_llama8b_attempt1,,,,,runs/P61_quality_llama8b_attempt1/ppl/ppl_report.json,3a1830aa1689a0e164bc34a474125447aa3d160c3b35b22f589d9f50db245616,,complete,,288627,null,
,four_over_six_rows_percentile_999,,,,,,,c4,,,,,,,,,P61_ACT_SCALE_CLIP,6.5292710651867605,,llama8b,,,p61_fos_percentile_999,684.8987829220703,,,,raw_ppl,,P61_quality_llama8b_attempt1,,,,,runs/P61_quality_llama8b_attempt1/ppl/ppl_report.json,3a1830aa1689a0e164bc34a474125447aa3d160c3b35b22f589d9f50db245616,,complete,,524032,null,
,four_over_six_rows_percentile_999,,,,,,,wiki,,,,,,,,,P61_ACT_SCALE_CLIP,6.612704107357913,,llama8b,,,p61_fos_percentile_999,744.4934895500668,,,,raw_ppl,,P61_quality_llama8b_attempt1,,,,,runs/P61_quality_llama8b_attempt1/ppl/ppl_report.json,3a1830aa1689a0e164bc34a474125447aa3d160c3b35b22f589d9f50db245616,,complete,,288627,null,
,four_over_six_rows_percentile_9999,,,,,,,c4,,,,,,,,,P61_ACT_SCALE_CLIP,2.5385812080569976,,llama8b,,,p61_fos_percentile_9999,12.661693911689479,,,,raw_ppl,,P61_quality_llama8b_attempt1,,,,,runs/P61_quality_llama8b_attempt1/ppl/ppl_report.json,3a1830aa1689a0e164bc34a474125447aa3d160c3b35b22f589d9f50db245616,,complete,,524032,null,
,four_over_six_rows_percentile_9999,,,,,,,wiki,,,,,,,,,P61_ACT_SCALE_CLIP,2.1965488810278626,,llama8b,,,p61_fos_percentile_9999,8.993920787306873,,,,raw_ppl,,P61_quality_llama8b_attempt1,,,,,runs/P61_quality_llama8b_attempt1/ppl/ppl_report.json,3a1830aa1689a0e164bc34a474125447aa3d160c3b35b22f589d9f50db245616,,complete,,288627,null,
,four_over_six_rows,,,,,,,c4,,,,,,,,01aa98ae6a750c0012a24216a2f0322092c3ae149f19bba22b20ceb76816265c,P61_ACT_SCALE_CLIP,2.2797524041100763,,llama8b,,,p61_winner_baseline_absmax,9.77426004329114,,,,raw_ppl,,P61_quality_llama8b_attempt1,,50119,51321856,,runs/P61_quality_llama8b_attempt1/ppl/ppl_report.json,3a1830aa1689a0e164bc34a474125447aa3d160c3b35b22f589d9f50db245616,,complete,,524032,"[16, 64]",
,four_over_six_rows,,,,,,,wiki,,,,,,,,01aa98ae6a750c0012a24216a2f0322092c3ae149f19bba22b20ceb76816265c,P61_ACT_SCALE_CLIP,1.9226005517589846,,llama8b,,,p61_winner_baseline_absmax,6.8387198094684445,,,,raw_ppl,,P61_quality_llama8b_attempt1,,50119,51321856,,runs/P61_quality_llama8b_attempt1/ppl/ppl_report.json,3a1830aa1689a0e164bc34a474125447aa3d160c3b35b22f589d9f50db245616,,complete,,288627,"[16, 64]",
,four_over_six_rows_mse_grid,,,,,,,c4,,,,,,,,01aa98ae6a750c0012a24216a2f0322092c3ae149f19bba22b20ceb76816265c,P61_ACT_SCALE_CLIP,2.2782912467940153,,llama8b,,,p61_winner_mse_grid,9.759988740568073,,,,raw_ppl,,P61_quality_llama8b_attempt1,,50119,51321856,,runs/P61_quality_llama8b_attempt1/ppl/ppl_report.json,3a1830aa1689a0e164bc34a474125447aa3d160c3b35b22f589d9f50db245616,,complete,,524032,"[16, 64]",
,four_over_six_rows_mse_grid,,,,,,,wiki,,,,,,,,01aa98ae6a750c0012a24216a2f0322092c3ae149f19bba22b20ceb76816265c,P61_ACT_SCALE_CLIP,1.9226569139067409,,llama8b,,,p61_winner_mse_grid,6.839105265267266,,,,raw_ppl,,P61_quality_llama8b_attempt1,,50119,51321856,,runs/P61_quality_llama8b_attempt1/ppl/ppl_report.json,3a1830aa1689a0e164bc34a474125447aa3d160c3b35b22f589d9f50db245616,,complete,,288627,"[16, 64]",
,four_over_six_rows_percentile_100,,,,,,,c4,,,,,,,,01aa98ae6a750c0012a24216a2f0322092c3ae149f19bba22b20ceb76816265c,P61_ACT_SCALE_CLIP,2.2797524041100763,,llama8b,,,p61_winner_percentile_100_anchor,9.77426004329114,,,,raw_ppl,,P61_quality_llama8b_attempt1,,50119,51321856,,runs/P61_quality_llama8b_attempt1/ppl/ppl_report.json,3a1830aa1689a0e164bc34a474125447aa3d160c3b35b22f589d9f50db245616,,complete,,524032,"[16, 64]",
,four_over_six_rows_percentile_100,,,,,,,wiki,,,,,,,,01aa98ae6a750c0012a24216a2f0322092c3ae149f19bba22b20ceb76816265c,P61_ACT_SCALE_CLIP,1.9226005517589846,,llama8b,,,p61_winner_percentile_100_anchor,6.8387198094684445,,,,raw_ppl,,P61_quality_llama8b_attempt1,,50119,51321856,,runs/P61_quality_llama8b_attempt1/ppl/ppl_report.json,3a1830aa1689a0e164bc34a474125447aa3d160c3b35b22f589d9f50db245616,,complete,,288627,"[16, 64]",
,four_over_six_rows_percentile_999,,,,,,,c4,,,,,,,,01aa98ae6a750c0012a24216a2f0322092c3ae149f19bba22b20ceb76816265c,P61_ACT_SCALE_CLIP,6.5065908716350025,,llama8b,,,p61_winner_percentile_999,669.5399746976404,,,,raw_ppl,,P61_quality_llama8b_attempt1,,50119,51321856,,runs/P61_quality_llama8b_attempt1/ppl/ppl_report.json,3a1830aa1689a0e164bc34a474125447aa3d160c3b35b22f589d9f50db245616,,complete,,524032,"[16, 64]",
,four_over_six_rows_percentile_999,,,,,,,wiki,,,,,,,,01aa98ae6a750c0012a24216a2f0322092c3ae149f19bba22b20ceb76816265c,P61_ACT_SCALE_CLIP,6.565409973373205,,llama8b,,,p61_winner_percentile_999,710.1029598344486,,,,raw_ppl,,P61_quality_llama8b_attempt1,,50119,51321856,,runs/P61_quality_llama8b_attempt1/ppl/ppl_report.json,3a1830aa1689a0e164bc34a474125447aa3d160c3b35b22f589d9f50db245616,,complete,,288627,"[16, 64]",
,four_over_six_rows_percentile_9999,,,,,,,c4,,,,,,,,01aa98ae6a750c0012a24216a2f0322092c3ae149f19bba22b20ceb76816265c,P61_ACT_SCALE_CLIP,2.5334051226094223,,llama8b,,,p61_winner_percentile_9999,12.596325224991167,,,,raw_ppl,,P61_quality_llama8b_attempt1,,50119,51321856,,runs/P61_quality_llama8b_attempt1/ppl/ppl_report.json,3a1830aa1689a0e164bc34a474125447aa3d160c3b35b22f589d9f50db245616,,complete,,524032,"[16, 64]",
,four_over_six_rows_percentile_9999,,,,,,,wiki,,,,,,,,01aa98ae6a750c0012a24216a2f0322092c3ae149f19bba22b20ceb76816265c,P61_ACT_SCALE_CLIP,2.193723766862293,,llama8b,,,p61_winner_percentile_9999,8.968547791966646,,,,raw_ppl,,P61_quality_llama8b_attempt1,,50119,51321856,,runs/P61_quality_llama8b_attempt1/ppl/ppl_report.json,3a1830aa1689a0e164bc34a474125447aa3d160c3b35b22f589d9f50db245616,,complete,,288627,"[16, 64]",
,four_over_six_rows,,,,,,,c4,,,,,,,,,P61_ACT_SCALE_CLIP,2.087058865155449,,mistral7b,,,p61_fos_baseline_absmax,8.06117127270947,,,,raw_ppl,,P61_quality_mistral7b_attempt1,,,,,runs/P61_quality_mistral7b_attempt1/ppl/ppl_report.json,ef9e465b64f0725aab8e770b68eeddc8bf087a96c0df03157f7a2c2ebfe8cb3c,,complete,,524032,null,
,four_over_six_rows,,,,,,,wiki,,,,,,,,,P61_ACT_SCALE_CLIP,1.7089427673979911,,mistral7b,,,p61_fos_baseline_absmax,5.523119168178799,,,,raw_ppl,,P61_quality_mistral7b_attempt1,,,,,runs/P61_quality_mistral7b_attempt1/ppl/ppl_report.json,ef9e465b64f0725aab8e770b68eeddc8bf087a96c0df03157f7a2c2ebfe8cb3c,,complete,,333661,null,
,four_over_six_rows_mse_grid,,,,,,,c4,,,,,,,,,P61_ACT_SCALE_CLIP,2.08778057225731,,mistral7b,,,p61_fos_mse_grid,8.066991177146871,,,,raw_ppl,,P61_quality_mistral7b_attempt1,,,,,runs/P61_quality_mistral7b_attempt1/ppl/ppl_report.json,ef9e465b64f0725aab8e770b68eeddc8bf087a96c0df03157f7a2c2ebfe8cb3c,,complete,,524032,null,
,four_over_six_rows_mse_grid,,,,,,,wiki,,,,,,,,,P61_ACT_SCALE_CLIP,1.7087791919698094,,mistral7b,,,p61_fos_mse_grid,5.522215795482768,,,,raw_ppl,,P61_quality_mistral7b_attempt1,,,,,runs/P61_quality_mistral7b_attempt1/ppl/ppl_report.json,ef9e465b64f0725aab8e770b68eeddc8bf087a96c0df03157f7a2c2ebfe8cb3c,,complete,,333661,null,
,four_over_six_rows_percentile_100,,,,,,,c4,,,,,,,,,P61_ACT_SCALE_CLIP,2.087058865155449,,mistral7b,,,p61_fos_percentile_100_anchor,8.06117127270947,,,,raw_ppl,,P61_quality_mistral7b_attempt1,,,,,runs/P61_quality_mistral7b_attempt1/ppl/ppl_report.json,ef9e465b64f0725aab8e770b68eeddc8bf087a96c0df03157f7a2c2ebfe8cb3c,,complete,,524032,null,
,four_over_six_rows_percentile_100,,,,,,,wiki,,,,,,,,,P61_ACT_SCALE_CLIP,1.7089427673979911,,mistral7b,,,p61_fos_percentile_100_anchor,5.523119168178799,,,,raw_ppl,,P61_quality_mistral7b_attempt1,,,,,runs/P61_quality_mistral7b_attempt1/ppl/ppl_report.json,ef9e465b64f0725aab8e770b68eeddc8bf087a96c0df03157f7a2c2ebfe8cb3c,,complete,,333661,null,
,four_over_six_rows_percentile_999,,,,,,,c4,,,,,,,,,P61_ACT_SCALE_CLIP,11.70731058482041,,mistral7b,,,p61_fos_percentile_999,121456.39455821317,,,,raw_ppl,,P61_quality_mistral7b_attempt1,,,,,runs/P61_quality_mistral7b_attempt1/ppl/ppl_report.json,ef9e465b64f0725aab8e770b68eeddc8bf087a96c0df03157f7a2c2ebfe8cb3c,,complete,,524032,null,
,four_over_six_rows_percentile_999,,,,,,,wiki,,,,,,,,,P61_ACT_SCALE_CLIP,11.580608082388832,,mistral7b,,,p61_fos_percentile_999,107002.5647078289,,,,raw_ppl,,P61_quality_mistral7b_attempt1,,,,,runs/P61_quality_mistral7b_attempt1/ppl/ppl_report.json,ef9e465b64f0725aab8e770b68eeddc8bf087a96c0df03157f7a2c2ebfe8cb3c,,complete,,333661,null,
,four_over_six_rows_percentile_9999,,,,,,,c4,,,,,,,,,P61_ACT_SCALE_CLIP,2.4323545428485085,,mistral7b,,,p61_fos_percentile_9999,11.385658565390615,,,,raw_ppl,,P61_quality_mistral7b_attempt1,,,,,runs/P61_quality_mistral7b_attempt1/ppl/ppl_report.json,ef9e465b64f0725aab8e770b68eeddc8bf087a96c0df03157f7a2c2ebfe8cb3c,,complete,,524032,null,
,four_over_six_rows_percentile_9999,,,,,,,wiki,,,,,,,,,P61_ACT_SCALE_CLIP,2.108494950746193,,mistral7b,,,p61_fos_percentile_9999,8.235836612398916,,,,raw_ppl,,P61_quality_mistral7b_attempt1,,,,,runs/P61_quality_mistral7b_attempt1/ppl/ppl_report.json,ef9e465b64f0725aab8e770b68eeddc8bf087a96c0df03157f7a2c2ebfe8cb3c,,complete,,333661,null,
,four_over_six_rows,,,,,,,c4,,,,,,,,22755fa7928820e74c77663d57f5668a8cc0c9a87aa66c9dc6507f27e043626b,P61_ACT_SCALE_CLIP,2.0854406243286387,,mistral7b,,,p61_winner_baseline_absmax,8.048136905461106,,,,raw_ppl,,P61_quality_mistral7b_attempt1,,30611,31345664,,runs/P61_quality_mistral7b_attempt1/ppl/ppl_report.json,ef9e465b64f0725aab8e770b68eeddc8bf087a96c0df03157f7a2c2ebfe8cb3c,,complete,,524032,"[16, 64]",
,four_over_six_rows,,,,,,,wiki,,,,,,,,22755fa7928820e74c77663d57f5668a8cc0c9a87aa66c9dc6507f27e043626b,P61_ACT_SCALE_CLIP,1.7041639903317374,,mistral7b,,,p61_winner_baseline_absmax,5.496788377561922,,,,raw_ppl,,P61_quality_mistral7b_attempt1,,30611,31345664,,runs/P61_quality_mistral7b_attempt1/ppl/ppl_report.json,ef9e465b64f0725aab8e770b68eeddc8bf087a96c0df03157f7a2c2ebfe8cb3c,,complete,,333661,"[16, 64]",
,four_over_six_rows_mse_grid,,,,,,,c4,,,,,,,,22755fa7928820e74c77663d57f5668a8cc0c9a87aa66c9dc6507f27e043626b,P61_ACT_SCALE_CLIP,2.085429979356092,,mistral7b,,,p61_winner_mse_grid,8.048051233720685,,,,raw_ppl,,P61_quality_mistral7b_attempt1,,30611,31345664,,runs/P61_quality_mistral7b_attempt1/ppl/ppl_report.json,ef9e465b64f0725aab8e770b68eeddc8bf087a96c0df03157f7a2c2ebfe8cb3c,,complete,,524032,"[16, 64]",
,four_over_six_rows_mse_grid,,,,,,,wiki,,,,,,,,22755fa7928820e74c77663d57f5668a8cc0c9a87aa66c9dc6507f27e043626b,P61_ACT_SCALE_CLIP,1.7044741241053905,,mistral7b,,,p61_winner_mse_grid,5.498493381660439,,,,raw_ppl,,P61_quality_mistral7b_attempt1,,30611,31345664,,runs/P61_quality_mistral7b_attempt1/ppl/ppl_report.json,ef9e465b64f0725aab8e770b68eeddc8bf087a96c0df03157f7a2c2ebfe8cb3c,,complete,,333661,"[16, 64]",
,four_over_six_rows_percentile_100,,,,,,,c4,,,,,,,,22755fa7928820e74c77663d57f5668a8cc0c9a87aa66c9dc6507f27e043626b,P61_ACT_SCALE_CLIP,2.0854406243286387,,mistral7b,,,p61_winner_percentile_100_anchor,8.048136905461106,,,,raw_ppl,,P61_quality_mistral7b_attempt1,,30611,31345664,,runs/P61_quality_mistral7b_attempt1/ppl/ppl_report.json,ef9e465b64f0725aab8e770b68eeddc8bf087a96c0df03157f7a2c2ebfe8cb3c,,complete,,524032,"[16, 64]",
,four_over_six_rows_percentile_100,,,,,,,wiki,,,,,,,,22755fa7928820e74c77663d57f5668a8cc0c9a87aa66c9dc6507f27e043626b,P61_ACT_SCALE_CLIP,1.7041639903317374,,mistral7b,,,p61_winner_percentile_100_anchor,5.496788377561922,,,,raw_ppl,,P61_quality_mistral7b_attempt1,,30611,31345664,,runs/P61_quality_mistral7b_attempt1/ppl/ppl_report.json,ef9e465b64f0725aab8e770b68eeddc8bf087a96c0df03157f7a2c2ebfe8cb3c,,complete,,333661,"[16, 64]",
,four_over_six_rows_percentile_999,,,,,,,c4,,,,,,,,22755fa7928820e74c77663d57f5668a8cc0c9a87aa66c9dc6507f27e043626b,P61_ACT_SCALE_CLIP,11.654872591332863,,mistral7b,,,p61_winner_percentile_999,115251.57092283099,,,,raw_ppl,,P61_quality_mistral7b_attempt1,,30611,31345664,,runs/P61_quality_mistral7b_attempt1/ppl/ppl_report.json,ef9e465b64f0725aab8e770b68eeddc8bf087a96c0df03157f7a2c2ebfe8cb3c,,complete,,524032,"[16, 64]",
,four_over_six_rows_percentile_999,,,,,,,wiki,,,,,,,,22755fa7928820e74c77663d57f5668a8cc0c9a87aa66c9dc6507f27e043626b,P61_ACT_SCALE_CLIP,11.552135639591103,,mistral7b,,,p61_winner_percentile_999,103998.90399840489,,,,raw_ppl,,P61_quality_mistral7b_attempt1,,30611,31345664,,runs/P61_quality_mistral7b_attempt1/ppl/ppl_report.json,ef9e465b64f0725aab8e770b68eeddc8bf087a96c0df03157f7a2c2ebfe8cb3c,,complete,,333661,"[16, 64]",
,four_over_six_rows_percentile_9999,,,,,,,c4,,,,,,,,22755fa7928820e74c77663d57f5668a8cc0c9a87aa66c9dc6507f27e043626b,P61_ACT_SCALE_CLIP,2.441880555761872,,mistral7b,,,p61_winner_percentile_9999,11.494636735539682,,,,raw_ppl,,P61_quality_mistral7b_attempt1,,30611,31345664,,runs/P61_quality_mistral7b_attempt1/ppl/ppl_report.json,ef9e465b64f0725aab8e770b68eeddc8bf087a96c0df03157f7a2c2ebfe8cb3c,,complete,,524032,"[16, 64]",
,four_over_six_rows_percentile_9999,,,,,,,wiki,,,,,,,,22755fa7928820e74c77663d57f5668a8cc0c9a87aa66c9dc6507f27e043626b,P61_ACT_SCALE_CLIP,2.1100506112146133,,mistral7b,,,p61_winner_percentile_9999,8.248658748700592,,,,raw_ppl,,P61_quality_mistral7b_attempt1,,30611,31345664,,runs/P61_quality_mistral7b_attempt1/ppl/ppl_report.json,ef9e465b64f0725aab8e770b68eeddc8bf087a96c0df03157f7a2c2ebfe8cb3c,,complete,,333661,"[16, 64]",
,four_over_six_rows,,,,,,,c4,,,,,,,,,P61_ACT_SCALE_CLIP,2.8513400025426616,,qwen4b,,,p61_fos_baseline_absmax,17.31096304015548,,,,raw_ppl,,P61_quality_qwen4b_attempt2,,,,,runs/P61_quality_qwen4b_attempt2/ppl/ppl_report.json,754d570c7d2abb43d1fc1a542852f2089fc06233745d662ac19c5b5d7b108aa9,,complete,,524032,null,
,four_over_six_rows,,,,,,,wiki,,,,,,,,,P61_ACT_SCALE_CLIP,2.6538793727267787,,qwen4b,,,p61_fos_baseline_absmax,14.209054080563488,,,,raw_ppl,,P61_quality_qwen4b_attempt2,,,,,runs/P61_quality_qwen4b_attempt2/ppl/ppl_report.json,754d570c7d2abb43d1fc1a542852f2089fc06233745d662ac19c5b5d7b108aa9,,complete,,298862,null,
,four_over_six_rows_mse_grid,,,,,,,c4,,,,,,,,,P61_ACT_SCALE_CLIP,2.8528690096352265,,qwen4b,,,p61_fos_mse_grid,17.33745187106757,,,,raw_ppl,,P61_quality_qwen4b_attempt2,,,,,runs/P61_quality_qwen4b_attempt2/ppl/ppl_report.json,754d570c7d2abb43d1fc1a542852f2089fc06233745d662ac19c5b5d7b108aa9,,complete,,524032,null,
,four_over_six_rows_mse_grid,,,,,,,wiki,,,,,,,,,P61_ACT_SCALE_CLIP,2.6620583674804146,,qwen4b,,,p61_fos_mse_grid,14.325746421846373,,,,raw_ppl,,P61_quality_qwen4b_attempt2,,,,,runs/P61_quality_qwen4b_attempt2/ppl/ppl_report.json,754d570c7d2abb43d1fc1a542852f2089fc06233745d662ac19c5b5d7b108aa9,,complete,,298862,null,
,four_over_six_rows_percentile_100,,,,,,,c4,,,,,,,,,P61_ACT_SCALE_CLIP,2.8513400025426616,,qwen4b,,,p61_fos_percentile_100_anchor,17.31096304015548,,,,raw_ppl,,P61_quality_qwen4b_attempt2,,,,,runs/P61_quality_qwen4b_attempt2/ppl/ppl_report.json,754d570c7d2abb43d1fc1a542852f2089fc06233745d662ac19c5b5d7b108aa9,,complete,,524032,null,
,four_over_six_rows_percentile_100,,,,,,,wiki,,,,,,,,,P61_ACT_SCALE_CLIP,2.6538793727267787,,qwen4b,,,p61_fos_percentile_100_anchor,14.209054080563488,,,,raw_ppl,,P61_quality_qwen4b_attempt2,,,,,runs/P61_quality_qwen4b_attempt2/ppl/ppl_report.json,754d570c7d2abb43d1fc1a542852f2089fc06233745d662ac19c5b5d7b108aa9,,complete,,298862,null,
,four_over_six_rows_percentile_999,,,,,,,c4,,,,,,,,,P61_ACT_SCALE_CLIP,6.643204726658086,,qwen4b,,,p61_fos_percentile_999,767.5508464076903,,,,raw_ppl,,P61_quality_qwen4b_attempt2,,,,,runs/P61_quality_qwen4b_attempt2/ppl/ppl_report.json,754d570c7d2abb43d1fc1a542852f2089fc06233745d662ac19c5b5d7b108aa9,,complete,,524032,null,
,four_over_six_rows_percentile_999,,,,,,,wiki,,,,,,,,,P61_ACT_SCALE_CLIP,6.633906495447476,,qwen4b,,,p61_fos_percentile_999,760.4470586832608,,,,raw_ppl,,P61_quality_qwen4b_attempt2,,,,,runs/P61_quality_qwen4b_attempt2/ppl/ppl_report.json,754d570c7d2abb43d1fc1a542852f2089fc06233745d662ac19c5b5d7b108aa9,,complete,,298862,null,
,four_over_six_rows_percentile_9999,,,,,,,c4,,,,,,,,,P61_ACT_SCALE_CLIP,3.0099236643600285,,qwen4b,,,p61_fos_percentile_9999,20.285851332691433,,,,raw_ppl,,P61_quality_qwen4b_attempt2,,,,,runs/P61_quality_qwen4b_attempt2/ppl/ppl_report.json,754d570c7d2abb43d1fc1a542852f2089fc06233745d662ac19c5b5d7b108aa9,,complete,,524032,null,
,four_over_six_rows_percentile_9999,,,,,,,wiki,,,,,,,,,P61_ACT_SCALE_CLIP,2.9088582904746016,,qwen4b,,,p61_fos_percentile_9999,18.335852394735628,,,,raw_ppl,,P61_quality_qwen4b_attempt2,,,,,runs/P61_quality_qwen4b_attempt2/ppl/ppl_report.json,754d570c7d2abb43d1fc1a542852f2089fc06233745d662ac19c5b5d7b108aa9,,complete,,298862,null,
,four_over_six_rows,,,,,,,c4,,,,,,,,8129f0cb532101d20b13a82436d06ccbc13ca3d9008edd0d18504036358899b4,P61_ACT_SCALE_CLIP,2.7320897910283586,,qwen4b,,,p61_winner_baseline_absmax,15.364963054070836,,,,raw_ppl,,P61_quality_qwen4b_attempt2,,32532,33312768,,runs/P61_quality_qwen4b_attempt2/ppl/ppl_report.json,754d570c7d2abb43d1fc1a542852f2089fc06233745d662ac19c5b5d7b108aa9,,complete,,524032,"[16, 64]",
,four_over_six_rows,,,,,,,wiki,,,,,,,,8129f0cb532101d20b13a82436d06ccbc13ca3d9008edd0d18504036358899b4,P61_ACT_SCALE_CLIP,2.412878510379226,,qwen4b,,,p61_winner_baseline_absmax,11.16605653908429,,,,raw_ppl,,P61_quality_qwen4b_attempt2,,32532,33312768,,runs/P61_quality_qwen4b_attempt2/ppl/ppl_report.json,754d570c7d2abb43d1fc1a542852f2089fc06233745d662ac19c5b5d7b108aa9,,complete,,298862,"[16, 64]",
,four_over_six_rows_mse_grid,,,,,,,c4,,,,,,,,8129f0cb532101d20b13a82436d06ccbc13ca3d9008edd0d18504036358899b4,P61_ACT_SCALE_CLIP,2.7321112827392264,,qwen4b,,,p61_winner_mse_grid,15.365293276962804,,,,raw_ppl,,P61_quality_qwen4b_attempt2,,32532,33312768,,runs/P61_quality_qwen4b_attempt2/ppl/ppl_report.json,754d570c7d2abb43d1fc1a542852f2089fc06233745d662ac19c5b5d7b108aa9,,complete,,524032,"[16, 64]",
,four_over_six_rows_mse_grid,,,,,,,wiki,,,,,,,,8129f0cb532101d20b13a82436d06ccbc13ca3d9008edd0d18504036358899b4,P61_ACT_SCALE_CLIP,2.414570853149618,,qwen4b,,,p61_winner_mse_grid,11.184969333093209,,,,raw_ppl,,P61_quality_qwen4b_attempt2,,32532,33312768,,runs/P61_quality_qwen4b_attempt2/ppl/ppl_report.json,754d570c7d2abb43d1fc1a542852f2089fc06233745d662ac19c5b5d7b108aa9,,complete,,298862,"[16, 64]",
,four_over_six_rows_percentile_100,,,,,,,c4,,,,,,,,8129f0cb532101d20b13a82436d06ccbc13ca3d9008edd0d18504036358899b4,P61_ACT_SCALE_CLIP,2.7320897910283586,,qwen4b,,,p61_winner_percentile_100_anchor,15.364963054070836,,,,raw_ppl,,P61_quality_qwen4b_attempt2,,32532,33312768,,runs/P61_quality_qwen4b_attempt2/ppl/ppl_report.json,754d570c7d2abb43d1fc1a542852f2089fc06233745d662ac19c5b5d7b108aa9,,complete,,524032,"[16, 64]",
,four_over_six_rows_percentile_100,,,,,,,wiki,,,,,,,,8129f0cb532101d20b13a82436d06ccbc13ca3d9008edd0d18504036358899b4,P61_ACT_SCALE_CLIP,2.412878510379226,,qwen4b,,,p61_winner_percentile_100_anchor,11.16605653908429,,,,raw_ppl,,P61_quality_qwen4b_attempt2,,32532,33312768,,runs/P61_quality_qwen4b_attempt2/ppl/ppl_report.json,754d570c7d2abb43d1fc1a542852f2089fc06233745d662ac19c5b5d7b108aa9,,complete,,298862,"[16, 64]",
,four_over_six_rows_percentile_999,,,,,,,c4,,,,,,,,8129f0cb532101d20b13a82436d06ccbc13ca3d9008edd0d18504036358899b4,P61_ACT_SCALE_CLIP,6.460313828905969,,qwen4b,,,p61_winner_percentile_999,639.2616438751844,,,,raw_ppl,,P61_quality_qwen4b_attempt2,,32532,33312768,,runs/P61_quality_qwen4b_attempt2/ppl/ppl_report.json,754d570c7d2abb43d1fc1a542852f2089fc06233745d662ac19c5b5d7b108aa9,,complete,,524032,"[16, 64]",
,four_over_six_rows_percentile_999,,,,,,,wiki,,,,,,,,8129f0cb532101d20b13a82436d06ccbc13ca3d9008edd0d18504036358899b4,P61_ACT_SCALE_CLIP,6.408199133189281,,qwen4b,,,p61_winner_percentile_999,606.7999306518074,,,,raw_ppl,,P61_quality_qwen4b_attempt2,,32532,33312768,,runs/P61_quality_qwen4b_attempt2/ppl/ppl_report.json,754d570c7d2abb43d1fc1a542852f2089fc06233745d662ac19c5b5d7b108aa9,,complete,,298862,"[16, 64]",
,four_over_six_rows_percentile_9999,,,,,,,c4,,,,,,,,8129f0cb532101d20b13a82436d06ccbc13ca3d9008edd0d18504036358899b4,P61_ACT_SCALE_CLIP,2.8726468912876615,,qwen4b,,,p61_winner_percentile_9999,17.68376330696772,,,,raw_ppl,,P61_quality_qwen4b_attempt2,,32532,33312768,,runs/P61_quality_qwen4b_attempt2/ppl/ppl_report.json,754d570c7d2abb43d1fc1a542852f2089fc06233745d662ac19c5b5d7b108aa9,,complete,,524032,"[16, 64]",
,four_over_six_rows_percentile_9999,,,,,,,wiki,,,,,,,,8129f0cb532101d20b13a82436d06ccbc13ca3d9008edd0d18504036358899b4,P61_ACT_SCALE_CLIP,2.5650807937069926,,qwen4b,,,p61_winner_percentile_9999,13.001708783486508,,,,raw_ppl,,P61_quality_qwen4b_attempt2,,32532,33312768,,runs/P61_quality_qwen4b_attempt2/ppl/ppl_report.json,754d570c7d2abb43d1fc1a542852f2089fc06233745d662ac19c5b5d7b108aa9,,complete,,298862,"[16, 64]",
,four_over_six_rows,,,,,,,c4,,,,,,,,,P71_HELDOUT_PPL,2.343053876173117,,falcon3_10b,,,all_e0m3,10.412988031568732,,,,raw_ppl,,P71_quality_falcon3_10b_attempt2,,,,,runs/P71_quality_falcon3_10b_attempt2/ppl/ppl_report.json,13583f46ce22e6af9d916bc39ffc540d22c2cd4895c4111b72ba0b8d04a94521,,complete,,524032,null,
,four_over_six_rows,,,,,,,wiki,,,,,,,,,P71_HELDOUT_PPL,1.7281122026158344,,falcon3_10b,,,all_e0m3,5.630015541435096,,,,raw_ppl,,P71_quality_falcon3_10b_attempt2,,,,,runs/P71_quality_falcon3_10b_attempt2/ppl/ppl_report.json,13583f46ce22e6af9d916bc39ffc540d22c2cd4895c4111b72ba0b8d04a94521,,complete,,333661,null,
,four_over_six_rows,,,,,,,c4,,,,,,,,,P71_HELDOUT_PPL,2.3382671134657715,,falcon3_10b,,,four_over_six,10.363262635569638,,,,raw_ppl,,P71_quality_falcon3_10b_attempt2,,,,,runs/P71_quality_falcon3_10b_attempt2/ppl/ppl_report.json,13583f46ce22e6af9d916bc39ffc540d22c2cd4895c4111b72ba0b8d04a94521,,complete,,524032,null,
,four_over_six_rows,,,,,,,wiki,,,,,,,,,P71_HELDOUT_PPL,1.7234207195676876,,falcon3_10b,,,four_over_six,5.603664280541157,,,,raw_ppl,,P71_quality_falcon3_10b_attempt2,,,,,runs/P71_quality_falcon3_10b_attempt2/ppl/ppl_report.json,13583f46ce22e6af9d916bc39ffc540d22c2cd4895c4111b72ba0b8d04a94521,,complete,,333661,null,
,four_over_six_rows,,,,,,,c4,,,,,,,,1d17c4c78e4c6470c62b9b62e44baf53c0bf58798fe90d6c339b733576800e1d,P71_HELDOUT_PPL,2.333972832624645,,falcon3_10b,,,frozen_winner,10.318855292425983,,,,raw_ppl,,P71_quality_falcon3_10b_attempt2,,31108,31854592,,runs/P71_quality_falcon3_10b_attempt2/ppl/ppl_report.json,13583f46ce22e6af9d916bc39ffc540d22c2cd4895c4111b72ba0b8d04a94521,,complete,,524032,"[16, 64]",
,four_over_six_rows,,,,,,,wiki,,,,,,,,1d17c4c78e4c6470c62b9b62e44baf53c0bf58798fe90d6c339b733576800e1d,P71_HELDOUT_PPL,1.720695419875116,,falcon3_10b,,,frozen_winner,5.588413407039903,,,,raw_ppl,,P71_quality_falcon3_10b_attempt2,,31108,31854592,,runs/P71_quality_falcon3_10b_attempt2/ppl/ppl_report.json,13583f46ce22e6af9d916bc39ffc540d22c2cd4895c4111b72ba0b8d04a94521,,complete,,333661,"[16, 64]",
,four_over_six_rows,,,,,,,c4,,,,,,,,b2452791d43c04361850579807967abde0867154d268dd0c09d5f2469d44300e,P71_HELDOUT_PPL,2.333972832624645,,falcon3_10b,,,n16_k2,10.318855292425983,,,,raw_ppl,,P71_quality_falcon3_10b_attempt2,,31108,31854592,,runs/P71_quality_falcon3_10b_attempt2/ppl/ppl_report.json,13583f46ce22e6af9d916bc39ffc540d22c2cd4895c4111b72ba0b8d04a94521,,complete,,524032,"[16, 64]",
,four_over_six_rows,,,,,,,wiki,,,,,,,,b2452791d43c04361850579807967abde0867154d268dd0c09d5f2469d44300e,P71_HELDOUT_PPL,1.720695419875116,,falcon3_10b,,,n16_k2,5.588413407039903,,,,raw_ppl,,P71_quality_falcon3_10b_attempt2,,31108,31854592,,runs/P71_quality_falcon3_10b_attempt2/ppl/ppl_report.json,13583f46ce22e6af9d916bc39ffc540d22c2cd4895c4111b72ba0b8d04a94521,,complete,,333661,"[16, 64]",
,four_over_six_rows,,,,,,,c4,,,,,,,,144078a42f921705e19754057300cbd958854a7693c2a92c3fdf15da1160c91c,P71_HELDOUT_PPL,2.3357648160204754,,falcon3_10b,,,n16_k3,10.337363087652164,,,,raw_ppl,,P71_quality_falcon3_10b_attempt2,,2131,2182144,,runs/P71_quality_falcon3_10b_attempt2/ppl/ppl_report.json,13583f46ce22e6af9d916bc39ffc540d22c2cd4895c4111b72ba0b8d04a94521,,complete,,524032,"[16, 64]",
,four_over_six_rows,,,,,,,wiki,,,,,,,,144078a42f921705e19754057300cbd958854a7693c2a92c3fdf15da1160c91c,P71_HELDOUT_PPL,1.7213746276577202,,falcon3_10b,,,n16_k3,5.592210390242674,,,,raw_ppl,,P71_quality_falcon3_10b_attempt2,,2131,2182144,,runs/P71_quality_falcon3_10b_attempt2/ppl/ppl_report.json,13583f46ce22e6af9d916bc39ffc540d22c2cd4895c4111b72ba0b8d04a94521,,complete,,333661,"[16, 64]",
,four_over_six_rows,,,,,,,c4,,,,,,,,5231060d9ba870d334b7f66112d1e63c285192227d9a7513bb1ca144b484730b,P71_HELDOUT_PPL,2.3335962353215116,,falcon3_10b,,,n8_k2,10.314969970998138,,,,raw_ppl,,P71_quality_falcon3_10b_attempt2,,58786,30098432,,runs/P71_quality_falcon3_10b_attempt2/ppl/ppl_report.json,13583f46ce22e6af9d916bc39ffc540d22c2cd4895c4111b72ba0b8d04a94521,,complete,,524032,"[8, 64]",
,four_over_six_rows,,,,,,,wiki,,,,,,,,5231060d9ba870d334b7f66112d1e63c285192227d9a7513bb1ca144b484730b,P71_HELDOUT_PPL,1.720947907690161,,falcon3_10b,,,n8_k2,5.589824591476555,,,,raw_ppl,,P71_quality_falcon3_10b_attempt2,,58786,30098432,,runs/P71_quality_falcon3_10b_attempt2/ppl/ppl_report.json,13583f46ce22e6af9d916bc39ffc540d22c2cd4895c4111b72ba0b8d04a94521,,complete,,333661,"[8, 64]",
,nover6_rows,,,,,,,c4,,,,,,,,,P71_HELDOUT_PPL,2.3360298420351997,,falcon3_10b,,,nover6_native_rows,10.340103120868047,,,,raw_ppl,,P71_quality_falcon3_10b_attempt2,,,,,runs/P71_quality_falcon3_10b_attempt2/ppl/ppl_report.json,13583f46ce22e6af9d916bc39ffc540d22c2cd4895c4111b72ba0b8d04a94521,,complete,,524032,null,
,nover6_rows,,,,,,,wiki,,,,,,,,,P71_HELDOUT_PPL,1.72090727948411,,falcon3_10b,,,nover6_native_rows,5.589597491544626,,,,raw_ppl,,P71_quality_falcon3_10b_attempt2,,,,,runs/P71_quality_falcon3_10b_attempt2/ppl/ppl_report.json,13583f46ce22e6af9d916bc39ffc540d22c2cd4895c4111b72ba0b8d04a94521,,complete,,333661,null,
,four_over_six_rows,,,,,,,c4,,,,,,,,,P71_HELDOUT_PPL,2.3365312524835886,,falcon3_10b,,,nover6_wonly_shared_act,10.345289056642809,,,,raw_ppl,,P71_quality_falcon3_10b_attempt2,,,,,runs/P71_quality_falcon3_10b_attempt2/ppl/ppl_report.json,13583f46ce22e6af9d916bc39ffc540d22c2cd4895c4111b72ba0b8d04a94521,,complete,,524032,null,
,four_over_six_rows,,,,,,,wiki,,,,,,,,,P71_HELDOUT_PPL,1.7224703580384626,,falcon3_10b,,,nover6_wonly_shared_act,5.59834130336324,,,,raw_ppl,,P71_quality_falcon3_10b_attempt2,,,,,runs/P71_quality_falcon3_10b_attempt2/ppl/ppl_report.json,13583f46ce22e6af9d916bc39ffc540d22c2cd4895c4111b72ba0b8d04a94521,,complete,,333661,null,
,nvfp4_rows,,,,,,,c4,,,,,,,,,P71_HELDOUT_PPL,2.340459993269652,,falcon3_10b,,,nvfp4,10.386012960152478,,,,raw_ppl,,P71_quality_falcon3_10b_attempt2,,,,,runs/P71_quality_falcon3_10b_attempt2/ppl/ppl_report.json,13583f46ce22e6af9d916bc39ffc540d22c2cd4895c4111b72ba0b8d04a94521,,complete,,524032,null,
,nvfp4_rows,,,,,,,wiki,,,,,,,,,P71_HELDOUT_PPL,1.7281923712696556,,falcon3_10b,,,nvfp4,5.63046691029462,,,,raw_ppl,,P71_quality_falcon3_10b_attempt2,,,,,runs/P71_quality_falcon3_10b_attempt2/ppl/ppl_report.json,13583f46ce22e6af9d916bc39ffc540d22c2cd4895c4111b72ba0b8d04a94521,,complete,,333661,null,
,razer_e4m3_rows,,,,,,,c4,,,,,,,,,P71_HELDOUT_PPL,2.3336655578382945,,falcon3_10b,,,razer_native_rows,10.31568505546251,,,,raw_ppl,,P71_quality_falcon3_10b_attempt2,,,,,runs/P71_quality_falcon3_10b_attempt2/ppl/ppl_report.json,13583f46ce22e6af9d916bc39ffc540d22c2cd4895c4111b72ba0b8d04a94521,,complete,,524032,null,
,razer_e4m3_rows,,,,,,,wiki,,,,,,,,,P71_HELDOUT_PPL,1.7182903192841459,,falcon3_10b,,,razer_native_rows,5.5749888608152744,,,,raw_ppl,,P71_quality_falcon3_10b_attempt2,,,,,runs/P71_quality_falcon3_10b_attempt2/ppl/ppl_report.json,13583f46ce22e6af9d916bc39ffc540d22c2cd4895c4111b72ba0b8d04a94521,,complete,,333661,null,
,four_over_six_rows,,,,,,,c4,,,,,,,,,P71_HELDOUT_PPL,2.334801310440207,,falcon3_10b,,,razer_wonly_shared_act,10.327407777400603,,,,raw_ppl,,P71_quality_falcon3_10b_attempt2,,,,,runs/P71_quality_falcon3_10b_attempt2/ppl/ppl_report.json,13583f46ce22e6af9d916bc39ffc540d22c2cd4895c4111b72ba0b8d04a94521,,complete,,524032,null,
,four_over_six_rows,,,,,,,wiki,,,,,,,,,P71_HELDOUT_PPL,1.7187721515861571,,falcon3_10b,,,razer_wonly_shared_act,5.5776757177870255,,,,raw_ppl,,P71_quality_falcon3_10b_attempt2,,,,,runs/P71_quality_falcon3_10b_attempt2/ppl/ppl_report.json,13583f46ce22e6af9d916bc39ffc540d22c2cd4895c4111b72ba0b8d04a94521,,complete,,333661,null,
,four_over_six_rows,,,,,,,c4,,,,,,,,,P71_HELDOUT_PPL,1.9970054731751408,,granite8b,,,all_e0m3,7.36696246872598,,,,raw_ppl,,P71_quality_granite8b_attempt1,,,,,runs/P71_quality_granite8b_attempt1/ppl/ppl_report.json,d65d5fb188cc44431f30bc6240ca55e94d40cbdaaa9b8d63576fdd4668e9ddb3,,complete,,524032,null,
,four_over_six_rows,,,,,,,wiki,,,,,,,,,P71_HELDOUT_PPL,1.6395949998210397,,granite8b,,,all_e0m3,5.153082090391298,,,,raw_ppl,,P71_quality_granite8b_attempt1,,,,,runs/P71_quality_granite8b_attempt1/ppl/ppl_report.json,d65d5fb188cc44431f30bc6240ca55e94d40cbdaaa9b8d63576fdd4668e9ddb3,,complete,,354131,null,
,four_over_six_rows,,,,,,,c4,,,,,,,,,P71_HELDOUT_PPL,1.9876547354609473,,granite8b,,,four_over_six,7.29839700336384,,,,raw_ppl,,P71_quality_granite8b_attempt1,,,,,runs/P71_quality_granite8b_attempt1/ppl/ppl_report.json,d65d5fb188cc44431f30bc6240ca55e94d40cbdaaa9b8d63576fdd4668e9ddb3,,complete,,524032,null,
,four_over_six_rows,,,,,,,wiki,,,,,,,,,P71_HELDOUT_PPL,1.628228979385482,,granite8b,,,four_over_six,5.094843650660476,,,,raw_ppl,,P71_quality_granite8b_attempt1,,,,,runs/P71_quality_granite8b_attempt1/ppl/ppl_report.json,d65d5fb188cc44431f30bc6240ca55e94d40cbdaaa9b8d63576fdd4668e9ddb3,,complete,,354131,null,
,four_over_six_rows,,,,,,,c4,,,,,,,,516e01ac2dbae27f1c466d18774c0ecd7cd76e7837b62dd556eb74c40ea7d0bf,P71_HELDOUT_PPL,1.9953071387702224,,granite8b,,,frozen_winner,7.354461521304898,,,,raw_ppl,,P71_quality_granite8b_attempt1,,61609,63087616,,runs/P71_quality_granite8b_attempt1/ppl/ppl_report.json,d65d5fb188cc44431f30bc6240ca55e94d40cbdaaa9b8d63576fdd4668e9ddb3,,complete,,524032,"[16, 64]",
,four_over_six_rows,,,,,,,wiki,,,,,,,,516e01ac2dbae27f1c466d18774c0ecd7cd76e7837b62dd556eb74c40ea7d0bf,P71_HELDOUT_PPL,1.6342833362811084,,granite8b,,,frozen_winner,5.125783217530966,,,,raw_ppl,,P71_quality_granite8b_attempt1,,61609,63087616,,runs/P71_quality_granite8b_attempt1/ppl/ppl_report.json,d65d5fb188cc44431f30bc6240ca55e94d40cbdaaa9b8d63576fdd4668e9ddb3,,complete,,354131,"[16, 64]",
,four_over_six_rows,,,,,,,c4,,,,,,,,b008f399a6888b3089e2f93bf72abbe31826814306d0b64753ad1bf7ee3182ae,P71_HELDOUT_PPL,1.9953071387702224,,granite8b,,,n16_k2,7.354461521304898,,,,raw_ppl,,P71_quality_granite8b_attempt1,,61609,63087616,,runs/P71_quality_granite8b_attempt1/ppl/ppl_report.json,d65d5fb188cc44431f30bc6240ca55e94d40cbdaaa9b8d63576fdd4668e9ddb3,,complete,,524032,"[16, 64]",
,four_over_six_rows,,,,,,,wiki,,,,,,,,b008f399a6888b3089e2f93bf72abbe31826814306d0b64753ad1bf7ee3182ae,P71_HELDOUT_PPL,1.6342833362811084,,granite8b,,,n16_k2,5.125783217530966,,,,raw_ppl,,P71_quality_granite8b_attempt1,,61609,63087616,,runs/P71_quality_granite8b_attempt1/ppl/ppl_report.json,d65d5fb188cc44431f30bc6240ca55e94d40cbdaaa9b8d63576fdd4668e9ddb3,,complete,,354131,"[16, 64]",
,four_over_six_rows,,,,,,,c4,,,,,,,,ae21c5dcc8652ad5d4ea812b7cc16a05afc9447f7ab963f797b8c0114bce6a57,P71_HELDOUT_PPL,1.9868340843632482,,granite8b,,,n16_k3,7.292410022798676,,,,raw_ppl,,P71_quality_granite8b_attempt1,,1911,1956864,,runs/P71_quality_granite8b_attempt1/ppl/ppl_report.json,d65d5fb188cc44431f30bc6240ca55e94d40cbdaaa9b8d63576fdd4668e9ddb3,,complete,,524032,"[16, 64]",
,four_over_six_rows,,,,,,,wiki,,,,,,,,ae21c5dcc8652ad5d4ea812b7cc16a05afc9447f7ab963f797b8c0114bce6a57,P71_HELDOUT_PPL,1.6261556883706176,,granite8b,,,n16_k3,5.0842914997171915,,,,raw_ppl,,P71_quality_granite8b_attempt1,,1911,1956864,,runs/P71_quality_granite8b_attempt1/ppl/ppl_report.json,d65d5fb188cc44431f30bc6240ca55e94d40cbdaaa9b8d63576fdd4668e9ddb3,,complete,,354131,"[16, 64]",
,four_over_six_rows,,,,,,,c4,,,,,,,,374a0f6a534d4a86a6d94edbdf792092e844420c21ac90b8bcd1a6d59c7f6e12,P71_HELDOUT_PPL,2.001704438130775,,granite8b,,,n8_k2,7.401661027004567,,,,raw_ppl,,P71_quality_granite8b_attempt1,,118317,60578304,,runs/P71_quality_granite8b_attempt1/ppl/ppl_report.json,d65d5fb188cc44431f30bc6240ca55e94d40cbdaaa9b8d63576fdd4668e9ddb3,,complete,,524032,"[8, 64]",
,four_over_six_rows,,,,,,,wiki,,,,,,,,374a0f6a534d4a86a6d94edbdf792092e844420c21ac90b8bcd1a6d59c7f6e12,P71_HELDOUT_PPL,1.6416305151286466,,granite8b,,,n8_k2,5.163581950555331,,,,raw_ppl,,P71_quality_granite8b_attempt1,,118317,60578304,,runs/P71_quality_granite8b_attempt1/ppl/ppl_report.json,d65d5fb188cc44431f30bc6240ca55e94d40cbdaaa9b8d63576fdd4668e9ddb3,,complete,,354131,"[8, 64]",
,nover6_rows,,,,,,,c4,,,,,,,,,P71_HELDOUT_PPL,1.9855094113488998,,granite8b,,,nover6_native_rows,7.282756359417251,,,,raw_ppl,,P71_quality_granite8b_attempt1,,,,,runs/P71_quality_granite8b_attempt1/ppl/ppl_report.json,d65d5fb188cc44431f30bc6240ca55e94d40cbdaaa9b8d63576fdd4668e9ddb3,,complete,,524032,null,
,nover6_rows,,,,,,,wiki,,,,,,,,,P71_HELDOUT_PPL,1.6263234916515947,,granite8b,,,nover6_native_rows,5.085144732097882,,,,raw_ppl,,P71_quality_granite8b_attempt1,,,,,runs/P71_quality_granite8b_attempt1/ppl/ppl_report.json,d65d5fb188cc44431f30bc6240ca55e94d40cbdaaa9b8d63576fdd4668e9ddb3,,complete,,354131,null,
,four_over_six_rows,,,,,,,c4,,,,,,,,,P71_HELDOUT_PPL,1.9867531554788234,,granite8b,,,nover6_wonly_shared_act,7.2918198800708804,,,,raw_ppl,,P71_quality_granite8b_attempt1,,,,,runs/P71_quality_granite8b_attempt1/ppl/ppl_report.json,d65d5fb188cc44431f30bc6240ca55e94d40cbdaaa9b8d63576fdd4668e9ddb3,,complete,,524032,null,
,four_over_six_rows,,,,,,,wiki,,,,,,,,,P71_HELDOUT_PPL,1.627700563222741,,granite8b,,,nover6_wonly_shared_act,5.092152164103955,,,,raw_ppl,,P71_quality_granite8b_attempt1,,,,,runs/P71_quality_granite8b_attempt1/ppl/ppl_report.json,d65d5fb188cc44431f30bc6240ca55e94d40cbdaaa9b8d63576fdd4668e9ddb3,,complete,,354131,null,
,nvfp4_rows,,,,,,,c4,,,,,,,,,P71_HELDOUT_PPL,1.9945629672003249,,granite8b,,,nvfp4,7.34899057604228,,,,raw_ppl,,P71_quality_granite8b_attempt1,,,,,runs/P71_quality_granite8b_attempt1/ppl/ppl_report.json,d65d5fb188cc44431f30bc6240ca55e94d40cbdaaa9b8d63576fdd4668e9ddb3,,complete,,524032,null,
,nvfp4_rows,,,,,,,wiki,,,,,,,,,P71_HELDOUT_PPL,1.6398967559413897,,granite8b,,,nvfp4,5.15463729908581,,,,raw_ppl,,P71_quality_granite8b_attempt1,,,,,runs/P71_quality_granite8b_attempt1/ppl/ppl_report.json,d65d5fb188cc44431f30bc6240ca55e94d40cbdaaa9b8d63576fdd4668e9ddb3,,complete,,354131,null,
,razer_e4m3_rows,,,,,,,c4,,,,,,,,,P71_HELDOUT_PPL,1.9790545482356197,,granite8b,,,razer_native_rows,7.235898557074885,,,,raw_ppl,,P71_quality_granite8b_attempt1,,,,,runs/P71_quality_granite8b_attempt1/ppl/ppl_report.json,d65d5fb188cc44431f30bc6240ca55e94d40cbdaaa9b8d63576fdd4668e9ddb3,,complete,,524032,null,
,razer_e4m3_rows,,,,,,,wiki,,,,,,,,,P71_HELDOUT_PPL,1.6180210634282721,,granite8b,,,razer_native_rows,5.043100459243355,,,,raw_ppl,,P71_quality_granite8b_attempt1,,,,,runs/P71_quality_granite8b_attempt1/ppl/ppl_report.json,d65d5fb188cc44431f30bc6240ca55e94d40cbdaaa9b8d63576fdd4668e9ddb3,,complete,,354131,null,
,four_over_six_rows,,,,,,,c4,,,,,,,,,P71_HELDOUT_PPL,1.9797111430012657,,granite8b,,,razer_wonly_shared_act,7.240651170291942,,,,raw_ppl,,P71_quality_granite8b_attempt1,,,,,runs/P71_quality_granite8b_attempt1/ppl/ppl_report.json,d65d5fb188cc44431f30bc6240ca55e94d40cbdaaa9b8d63576fdd4668e9ddb3,,complete,,524032,null,
,four_over_six_rows,,,,,,,wiki,,,,,,,,,P71_HELDOUT_PPL,1.6188245955422258,,granite8b,,,razer_wonly_shared_act,5.047154380926259,,,,raw_ppl,,P71_quality_granite8b_attempt1,,,,,runs/P71_quality_granite8b_attempt1/ppl/ppl_report.json,d65d5fb188cc44431f30bc6240ca55e94d40cbdaaa9b8d63576fdd4668e9ddb3,,complete,,354131,null,
,four_over_six_rows,,,,,,,c4,,,,,,,,,P75_PORTABILITY,1.777320447393187,,granite8b,,,four_over_six,5.913988325556122,,,,raw_ppl,,P75_a6000_granite8b_attempt1,,,,,runs/P75_a6000_granite8b_attempt1/ppl/ppl_report.json,8cb12903729d3b2d8bdff05e10be0694d7fe1d39230b9cc045d23b4859f15f49,,complete,,32752,null,
,four_over_six_rows,,,,,,,wiki,,,,,,,,,P75_PORTABILITY,1.6184518252599187,,granite8b,,,four_over_six,5.045273302389705,,,,raw_ppl,,P75_a6000_granite8b_attempt1,,,,,runs/P75_a6000_granite8b_attempt1/ppl/ppl_report.json,8cb12903729d3b2d8bdff05e10be0694d7fe1d39230b9cc045d23b4859f15f49,,complete,,32752,null,
,four_over_six_rows,,,,,,,c4,,,,,,,,516e01ac2dbae27f1c466d18774c0ecd7cd76e7837b62dd556eb74c40ea7d0bf,P75_PORTABILITY,1.7844362820827626,,granite8b,,,frozen_winner,5.9562213723203925,,,,raw_ppl,,P75_a6000_granite8b_attempt1,,61609,63087616,,runs/P75_a6000_granite8b_attempt1/ppl/ppl_report.json,8cb12903729d3b2d8bdff05e10be0694d7fe1d39230b9cc045d23b4859f15f49,,complete,,32752,"[16, 64]",
,four_over_six_rows,,,,,,,wiki,,,,,,,,516e01ac2dbae27f1c466d18774c0ecd7cd76e7837b62dd556eb74c40ea7d0bf,P75_PORTABILITY,1.6237934372606873,,granite8b,,,frozen_winner,5.072295301074017,,,,raw_ppl,,P75_a6000_granite8b_attempt1,,61609,63087616,,runs/P75_a6000_granite8b_attempt1/ppl/ppl_report.json,8cb12903729d3b2d8bdff05e10be0694d7fe1d39230b9cc045d23b4859f15f49,,complete,,32752,"[16, 64]",
,four_over_six_rows,,,,,,,c4,,,,,,,,,P75_PORTABILITY,1.9853040585178832,,llama8b,,,four_over_six,7.2812609783268645,,,,raw_ppl,,P75_a6000_llama8b_attempt1,,,,,runs/P75_a6000_llama8b_attempt1/ppl/ppl_report.json,9c31efbeaaf283f1d3af17c525d8dc123587c91168ce29d0b7ef0d0d88898817,,complete,,32752,null,
,four_over_six_rows,,,,,,,wiki,,,,,,,,,P75_PORTABILITY,1.9499028832680423,,llama8b,,,four_over_six,7.028005010566536,,,,raw_ppl,,P75_a6000_llama8b_attempt1,,,,,runs/P75_a6000_llama8b_attempt1/ppl/ppl_report.json,9c31efbeaaf283f1d3af17c525d8dc123587c91168ce29d0b7ef0d0d88898817,,complete,,32752,null,
,four_over_six_rows,,,,,,,c4,,,,,,,,01aa98ae6a750c0012a24216a2f0322092c3ae149f19bba22b20ceb76816265c,P75_PORTABILITY,1.9823300183558812,,llama8b,,,frozen_winner,7.259638384915407,,,,raw_ppl,,P75_a6000_llama8b_attempt1,,50119,51321856,,runs/P75_a6000_llama8b_attempt1/ppl/ppl_report.json,9c31efbeaaf283f1d3af17c525d8dc123587c91168ce29d0b7ef0d0d88898817,,complete,,32752,"[16, 64]",
,four_over_six_rows,,,,,,,wiki,,,,,,,,01aa98ae6a750c0012a24216a2f0322092c3ae149f19bba22b20ceb76816265c,P75_PORTABILITY,1.9452435412927738,,llama8b,,,frozen_winner,6.995335300597375,,,,raw_ppl,,P75_a6000_llama8b_attempt1,,50119,51321856,,runs/P75_a6000_llama8b_attempt1/ppl/ppl_report.json,9c31efbeaaf283f1d3af17c525d8dc123587c91168ce29d0b7ef0d0d88898817,,complete,,32752,"[16, 64]",
,four_over_six_rows,,,,,,,c4,,,,,,,,,P75_PORTABILITY,1.7815253133162139,,granite8b,,,four_over_six,5.938908209203061,,,,raw_ppl,,P75_ada_granite8b_attempt1,,,,,runs/P75_ada_granite8b_attempt1/ppl/ppl_report.json,ae354601cdb6025c8d0202124ee2aeb4a7641ac50a4fb068ad97dc5cf0023a81,,complete,,32752,null,
,four_over_six_rows,,,,,,,wiki,,,,,,,,,P75_PORTABILITY,1.6233674011444357,,granite8b,,,four_over_six,5.070134780346075,,,,raw_ppl,,P75_ada_granite8b_attempt1,,,,,runs/P75_ada_granite8b_attempt1/ppl/ppl_report.json,ae354601cdb6025c8d0202124ee2aeb4a7641ac50a4fb068ad97dc5cf0023a81,,complete,,32752,null,
,four_over_six_rows,,,,,,,c4,,,,,,,,516e01ac2dbae27f1c466d18774c0ecd7cd76e7837b62dd556eb74c40ea7d0bf,P75_PORTABILITY,1.7859247262320177,,granite8b,,,frozen_winner,5.965093476351372,,,,raw_ppl,,P75_ada_granite8b_attempt1,,61609,63087616,,runs/P75_ada_granite8b_attempt1/ppl/ppl_report.json,ae354601cdb6025c8d0202124ee2aeb4a7641ac50a4fb068ad97dc5cf0023a81,,complete,,32752,"[16, 64]",
,four_over_six_rows,,,,,,,wiki,,,,,,,,516e01ac2dbae27f1c466d18774c0ecd7cd76e7837b62dd556eb74c40ea7d0bf,P75_PORTABILITY,1.6243704995613641,,granite8b,,,frozen_winner,5.075223176172088,,,,raw_ppl,,P75_ada_granite8b_attempt1,,61609,63087616,,runs/P75_ada_granite8b_attempt1/ppl/ppl_report.json,ae354601cdb6025c8d0202124ee2aeb4a7641ac50a4fb068ad97dc5cf0023a81,,complete,,32752,"[16, 64]",
,four_over_six_rows,,,,,,,c4,,,,,,,,,P75_PORTABILITY,1.9884296240756563,,llama8b,,,four_over_six,7.304054639843325,,,,raw_ppl,,P75_ada_llama8b_attempt1,,,,,runs/P75_ada_llama8b_attempt1/ppl/ppl_report.json,bdeade78c475b264e640943d96f34f78c38fdccfc5293071387dc1c5a1ae7769,,complete,,32752,null,
,four_over_six_rows,,,,,,,wiki,,,,,,,,,P75_PORTABILITY,1.9534815765175815,,llama8b,,,four_over_six,7.053201142378332,,,,raw_ppl,,P75_ada_llama8b_attempt1,,,,,runs/P75_ada_llama8b_attempt1/ppl/ppl_report.json,bdeade78c475b264e640943d96f34f78c38fdccfc5293071387dc1c5a1ae7769,,complete,,32752,null,
,four_over_six_rows,,,,,,,c4,,,,,,,,01aa98ae6a750c0012a24216a2f0322092c3ae149f19bba22b20ceb76816265c,P75_PORTABILITY,1.9822002795304405,,llama8b,,,frozen_winner,7.258696589053289,,,,raw_ppl,,P75_ada_llama8b_attempt1,,50119,51321856,,runs/P75_ada_llama8b_attempt1/ppl/ppl_report.json,bdeade78c475b264e640943d96f34f78c38fdccfc5293071387dc1c5a1ae7769,,complete,,32752,"[16, 64]",
,four_over_six_rows,,,,,,,wiki,,,,,,,,01aa98ae6a750c0012a24216a2f0322092c3ae149f19bba22b20ceb76816265c,P75_PORTABILITY,1.9441427966931641,,llama8b,,,frozen_winner,6.987639459397652,,,,raw_ppl,,P75_ada_llama8b_attempt1,,50119,51321856,,runs/P75_ada_llama8b_attempt1/ppl/ppl_report.json,bdeade78c475b264e640943d96f34f78c38fdccfc5293071387dc1c5a1ae7769,,complete,,32752,"[16, 64]",
,,,,,,,,wikitext,,,,,,,,,P12_EXISTING_K2_PROVENANCE,,,Llama-3.1-8B,,,bf16,,,,,raw_ppl,,parent_handoff_table,,,,,handoff/agent_handoff/EXISTING_PRIMARY_PPL.csv,d92aa19e8fa7de5519206eab8e5599021781fe3409f84b91b896dd6c60546af0,,not_run,,,,
,,,,,,,,wikitext,,,,,,,,,P12_EXISTING_K2_PROVENANCE,1.9361050933634838,,Llama-3.1-8B,,,nvfp4,6.9317,,,,raw_ppl,,parent_handoff_table,,,,,handoff/agent_handoff/EXISTING_PRIMARY_PPL.csv,d92aa19e8fa7de5519206eab8e5599021781fe3409f84b91b896dd6c60546af0,,complete_parent_reuse,,,,
,,,,,,,,wikitext,,,,,,,,,P12_EXISTING_K2_PROVENANCE,1.927949969124393,,Llama-3.1-8B,,,four_over_six,6.875401,,,,raw_ppl,,parent_handoff_table,,,,,handoff/agent_handoff/EXISTING_PRIMARY_PPL.csv,d92aa19e8fa7de5519206eab8e5599021781fe3409f84b91b896dd6c60546af0,,complete_parent_reuse,,,,
,,,,,,,,wikitext,,,,,,,,,P12_EXISTING_K2_PROVENANCE,1.9110820599019358,,Llama-3.1-8B,,,razer_native_rows,6.7604,,,,raw_ppl,,parent_handoff_table,,,,,handoff/agent_handoff/EXISTING_PRIMARY_PPL.csv,d92aa19e8fa7de5519206eab8e5599021781fe3409f84b91b896dd6c60546af0,,complete_parent_reuse,,,,
,,,,,,,,wikitext,,,,,,,,,P12_EXISTING_K2_PROVENANCE,1.922990342686401,,Llama-3.1-8B,,,n8_k3,6.841386,,,,raw_ppl,,parent_handoff_table,,,,,handoff/agent_handoff/EXISTING_PRIMARY_PPL.csv,d92aa19e8fa7de5519206eab8e5599021781fe3409f84b91b896dd6c60546af0,,complete_parent_reuse,,,,
,,,,,,,,wikitext,,,,,,,,,P12_EXISTING_K2_PROVENANCE,1.9232608653031056,,Llama-3.1-8B,,,n16_k3,6.843237,,,,raw_ppl,,parent_handoff_table,,,,,handoff/agent_handoff/EXISTING_PRIMARY_PPL.csv,d92aa19e8fa7de5519206eab8e5599021781fe3409f84b91b896dd6c60546af0,,complete_parent_reuse,,,,
,,,,,,,,c4,,,,,,,,,P12_EXISTING_K2_PROVENANCE,,,Llama-3.1-8B,,,bf16,,,,,raw_ppl,,parent_handoff_table,,,,,handoff/agent_handoff/EXISTING_PRIMARY_PPL.csv,d92aa19e8fa7de5519206eab8e5599021781fe3409f84b91b896dd6c60546af0,,not_run,,,,
,,,,,,,,c4,,,,,,,,,P12_EXISTING_K2_PROVENANCE,2.2963557307427047,,Llama-3.1-8B,,,nvfp4,9.9379,,,,raw_ppl,,parent_handoff_table,,,,,handoff/agent_handoff/EXISTING_PRIMARY_PPL.csv,d92aa19e8fa7de5519206eab8e5599021781fe3409f84b91b896dd6c60546af0,,complete_parent_reuse,,,,
,,,,,,,,c4,,,,,,,,,P12_EXISTING_K2_PROVENANCE,2.2849676125246243,,Llama-3.1-8B,,,four_over_six,9.825368,,,,raw_ppl,,parent_handoff_table,,,,,handoff/agent_handoff/EXISTING_PRIMARY_PPL.csv,d92aa19e8fa7de5519206eab8e5599021781fe3409f84b91b896dd6c60546af0,,complete_parent_reuse,,,,
,,,,,,,,c4,,,,,,,,,P12_EXISTING_K2_PROVENANCE,2.2689559180135674,,Llama-3.1-8B,,,razer_native_rows,9.6693,,,,raw_ppl,,parent_handoff_table,,,,,handoff/agent_handoff/EXISTING_PRIMARY_PPL.csv,d92aa19e8fa7de5519206eab8e5599021781fe3409f84b91b896dd6c60546af0,,complete_parent_reuse,,,,
,,,,,,,,c4,,,,,,,,,P12_EXISTING_K2_PROVENANCE,2.279957611551703,,Llama-3.1-8B,,,n8_k3,9.776266,,,,raw_ppl,,parent_handoff_table,,,,,handoff/agent_handoff/EXISTING_PRIMARY_PPL.csv,d92aa19e8fa7de5519206eab8e5599021781fe3409f84b91b896dd6c60546af0,,complete_parent_reuse,,,,
,,,,,,,,c4,,,,,,,,,P12_EXISTING_K2_PROVENANCE,2.2799469734867013,,Llama-3.1-8B,,,n16_k3,9.776162,,,,raw_ppl,,parent_handoff_table,,,,,handoff/agent_handoff/EXISTING_PRIMARY_PPL.csv,d92aa19e8fa7de5519206eab8e5599021781fe3409f84b91b896dd6c60546af0,,complete_parent_reuse,,,,
,,,,,,,,wikitext,,,,,,,,,P12_EXISTING_K2_PROVENANCE,,,Qwen3.8-27B,,,bf16,,,,,raw_ppl,,parent_handoff_table,,,,,handoff/agent_handoff/EXISTING_PRIMARY_PPL.csv,d92aa19e8fa7de5519206eab8e5599021781fe3409f84b91b896dd6c60546af0,,not_run,,,,
,,,,,,,,wikitext,,,,,,,,,P12_EXISTING_K2_PROVENANCE,2.025104145026589,,Qwen3.8-27B,,,nvfp4,7.5769,,,,raw_ppl,,parent_handoff_table,,,,,handoff/agent_handoff/EXISTING_PRIMARY_PPL.csv,d92aa19e8fa7de5519206eab8e5599021781fe3409f84b91b896dd6c60546af0,,complete_parent_reuse,,,,
,,,,,,,,wikitext,,,,,,,,,P12_EXISTING_K2_PROVENANCE,1.9856664330506386,,Qwen3.8-27B,,,four_over_six,7.2839,,,,raw_ppl,,parent_handoff_table,,,,,handoff/agent_handoff/EXISTING_PRIMARY_PPL.csv,d92aa19e8fa7de5519206eab8e5599021781fe3409f84b91b896dd6c60546af0,,complete_parent_reuse,,,,
,,,,,,,,wikitext,,,,,,,,,P12_EXISTING_K2_PROVENANCE,,,Qwen3.8-27B,,,razer_native_rows,,,,,raw_ppl,,parent_handoff_table,,,,,handoff/agent_handoff/EXISTING_PRIMARY_PPL.csv,d92aa19e8fa7de5519206eab8e5599021781fe3409f84b91b896dd6c60546af0,,not_run,,,,
,,,,,,,,wikitext,,,,,,,,,P12_EXISTING_K2_PROVENANCE,1.977602595787803,,Qwen3.8-27B,,,n8_k3,7.2254,,,,raw_ppl,,parent_handoff_table,,,,,handoff/agent_handoff/EXISTING_PRIMARY_PPL.csv,d92aa19e8fa7de5519206eab8e5599021781fe3409f84b91b896dd6c60546af0,,complete_parent_reuse,,,,
,,,,,,,,wikitext,,,,,,,,,P12_EXISTING_K2_PROVENANCE,1.9803943880786017,,Qwen3.8-27B,,,n16_k3,7.2456,,,,raw_ppl,,parent_handoff_table,,,,,handoff/agent_handoff/EXISTING_PRIMARY_PPL.csv,d92aa19e8fa7de5519206eab8e5599021781fe3409f84b91b896dd6c60546af0,,complete_parent_reuse,,,,
,,,,,,,,c4,,,,,,,,,P12_EXISTING_K2_PROVENANCE,,,Qwen3.8-27B,,,bf16,,,,,raw_ppl,,parent_handoff_table,,,,,handoff/agent_handoff/EXISTING_PRIMARY_PPL.csv,d92aa19e8fa7de5519206eab8e5599021781fe3409f84b91b896dd6c60546af0,,not_run,,,,
,,,,,,,,c4,,,,,,,,,P12_EXISTING_K2_PROVENANCE,2.324708554481668,,Qwen3.8-27B,,,nvfp4,10.2237,,,,raw_ppl,,parent_handoff_table,,,,,handoff/agent_handoff/EXISTING_PRIMARY_PPL.csv,d92aa19e8fa7de5519206eab8e5599021781fe3409f84b91b896dd6c60546af0,,complete_parent_reuse,,,,
,,,,,,,,c4,,,,,,,,,P12_EXISTING_K2_PROVENANCE,2.321347964244931,,Qwen3.8-27B,,,four_over_six,10.1894,,,,raw_ppl,,parent_handoff_table,,,,,handoff/agent_handoff/EXISTING_PRIMARY_PPL.csv,d92aa19e8fa7de5519206eab8e5599021781fe3409f84b91b896dd6c60546af0,,complete_parent_reuse,,,,
,,,,,,,,c4,,,,,,,,,P12_EXISTING_K2_PROVENANCE,,,Qwen3.8-27B,,,razer_native_rows,,,,,raw_ppl,,parent_handoff_table,,,,,handoff/agent_handoff/EXISTING_PRIMARY_PPL.csv,d92aa19e8fa7de5519206eab8e5599021781fe3409f84b91b896dd6c60546af0,,not_run,,,,
,,,,,,,,c4,,,,,,,,,P12_EXISTING_K2_PROVENANCE,2.317385031605645,,Qwen3.8-27B,,,n8_k3,10.1491,,,,raw_ppl,,parent_handoff_table,,,,,handoff/agent_handoff/EXISTING_PRIMARY_PPL.csv,d92aa19e8fa7de5519206eab8e5599021781fe3409f84b91b896dd6c60546af0,,complete_parent_reuse,,,,
,,,,,,,,c4,,,,,,,,,P12_EXISTING_K2_PROVENANCE,2.318104048651716,,Qwen3.8-27B,,,n16_k3,10.1564,,,,raw_ppl,,parent_handoff_table,,,,,handoff/agent_handoff/EXISTING_PRIMARY_PPL.csv,d92aa19e8fa7de5519206eab8e5599021781fe3409f84b91b896dd6c60546af0,,complete_parent_reuse,,,,
,,,,,,,,wikitext,,,,,,,,,P12_EXISTING_K2_PROVENANCE,,,Qwen3-4B,,,bf16,,,,,raw_ppl,,parent_handoff_table,,,,,handoff/agent_handoff/EXISTING_PRIMARY_PPL.csv,d92aa19e8fa7de5519206eab8e5599021781fe3409f84b91b896dd6c60546af0,,not_run,,,,
,,,,,,,,wikitext,,,,,,,,,P12_EXISTING_K2_PROVENANCE,2.6358880269627862,,Qwen3-4B,,,nvfp4,13.9557,,,,raw_ppl,,parent_handoff_table,,,,,handoff/agent_handoff/EXISTING_PRIMARY_PPL.csv,d92aa19e8fa7de5519206eab8e5599021781fe3409f84b91b896dd6c60546af0,,complete_parent_reuse,,,,
,,,,,,,,wikitext,,,,,,,,,P12_EXISTING_K2_PROVENANCE,2.653679404127863,,Qwen3-4B,,,four_over_six,14.206213,,,,raw_ppl,,parent_handoff_table,,,,,handoff/agent_handoff/EXISTING_PRIMARY_PPL.csv,d92aa19e8fa7de5519206eab8e5599021781fe3409f84b91b896dd6c60546af0,,complete_parent_reuse,,,,
,,,,,,,,wikitext,,,,,,,,,P12_EXISTING_K2_PROVENANCE,2.6458485030211545,,Qwen3-4B,,,razer_native_rows,14.0954,,,,raw_ppl,,parent_handoff_table,,,,,handoff/agent_handoff/EXISTING_PRIMARY_PPL.csv,d92aa19e8fa7de5519206eab8e5599021781fe3409f84b91b896dd6c60546af0,,complete_parent_reuse,,,,
,,,,,,,,wikitext,,,,,,,,,P12_EXISTING_K2_PROVENANCE,2.475198174685372,,Qwen3-4B,,,n8_k3,11.884062,,,,raw_ppl,,parent_handoff_table,,,,,handoff/agent_handoff/EXISTING_PRIMARY_PPL.csv,d92aa19e8fa7de5519206eab8e5599021781fe3409f84b91b896dd6c60546af0,,complete_parent_reuse,,,,
,,,,,,,,wikitext,,,,,,,,,P12_EXISTING_K2_PROVENANCE,2.5011714085540264,,Qwen3-4B,,,n16_k3,12.196773,,,,raw_ppl,,parent_handoff_table,,,,,handoff/agent_handoff/EXISTING_PRIMARY_PPL.csv,d92aa19e8fa7de5519206eab8e5599021781fe3409f84b91b896dd6c60546af0,,complete_parent_reuse,,,,
,,,,,,,,c4,,,,,,,,,P12_EXISTING_K2_PROVENANCE,,,Qwen3-4B,,,bf16,,,,,raw_ppl,,parent_handoff_table,,,,,handoff/agent_handoff/EXISTING_PRIMARY_PPL.csv,d92aa19e8fa7de5519206eab8e5599021781fe3409f84b91b896dd6c60546af0,,not_run,,,,
,,,,,,,,c4,,,,,,,,,P12_EXISTING_K2_PROVENANCE,2.8485133468521724,,Qwen3-4B,,,nvfp4,17.2621,,,,raw_ppl,,parent_handoff_table,,,,,handoff/agent_handoff/EXISTING_PRIMARY_PPL.csv,d92aa19e8fa7de5519206eab8e5599021781fe3409f84b91b896dd6c60546af0,,complete_parent_reuse,,,,
,,,,,,,,c4,,,,,,,,,P12_EXISTING_K2_PROVENANCE,2.850845451387323,,Qwen3-4B,,,four_over_six,17.302404,,,,raw_ppl,,parent_handoff_table,,,,,handoff/agent_handoff/EXISTING_PRIMARY_PPL.csv,d92aa19e8fa7de5519206eab8e5599021781fe3409f84b91b896dd6c60546af0,,complete_parent_reuse,,,,
,,,,,,,,c4,,,,,,,,,P12_EXISTING_K2_PROVENANCE,2.8505272946957074,,Qwen3-4B,,,razer_native_rows,17.2969,,,,raw_ppl,,parent_handoff_table,,,,,handoff/agent_handoff/EXISTING_PRIMARY_PPL.csv,d92aa19e8fa7de5519206eab8e5599021781fe3409f84b91b896dd6c60546af0,,complete_parent_reuse,,,,
,,,,,,,,c4,,,,,,,,,P12_EXISTING_K2_PROVENANCE,2.7630610401830262,,Qwen3-4B,,,n8_k3,15.848281,,,,raw_ppl,,parent_handoff_table,,,,,handoff/agent_handoff/EXISTING_PRIMARY_PPL.csv,d92aa19e8fa7de5519206eab8e5599021781fe3409f84b91b896dd6c60546af0,,complete_parent_reuse,,,,
,,,,,,,,c4,,,,,,,,,P12_EXISTING_K2_PROVENANCE,2.7756165088641547,,Qwen3-4B,,,n16_k3,16.048518,,,,raw_ppl,,parent_handoff_table,,,,,handoff/agent_handoff/EXISTING_PRIMARY_PPL.csv,d92aa19e8fa7de5519206eab8e5599021781fe3409f84b91b896dd6c60546af0,,complete_parent_reuse,,,,
,,,,,,,,wikitext,,,,,,,,,P12_EXISTING_K2_PROVENANCE,,,Mistral-7B-v0.3,,,bf16,,,,,raw_ppl,,parent_handoff_table,,,,,handoff/agent_handoff/EXISTING_PRIMARY_PPL.csv,d92aa19e8fa7de5519206eab8e5599021781fe3409f84b91b896dd6c60546af0,,not_run,,,,
,,,,,,,,wikitext,,,,,,,,,P12_EXISTING_K2_PROVENANCE,1.7135636660869862,,Mistral-7B-v0.3,,,nvfp4,5.5487,,,,raw_ppl,,parent_handoff_table,,,,,handoff/agent_handoff/EXISTING_PRIMARY_PPL.csv,d92aa19e8fa7de5519206eab8e5599021781fe3409f84b91b896dd6c60546af0,,complete_parent_reuse,,,,
,,,,,,,,wikitext,,,,,,,,,P12_EXISTING_K2_PROVENANCE,1.7089771372084546,,Mistral-7B-v0.3,,,four_over_six,5.523309,,,,raw_ppl,,parent_handoff_table,,,,,handoff/agent_handoff/EXISTING_PRIMARY_PPL.csv,d92aa19e8fa7de5519206eab8e5599021781fe3409f84b91b896dd6c60546af0,,complete_parent_reuse,,,,
,,,,,,,,wikitext,,,,,,,,,P12_EXISTING_K2_PROVENANCE,1.7038385878555846,,Mistral-7B-v0.3,,,razer_native_rows,5.495,,,,raw_ppl,,parent_handoff_table,,,,,handoff/agent_handoff/EXISTING_PRIMARY_PPL.csv,d92aa19e8fa7de5519206eab8e5599021781fe3409f84b91b896dd6c60546af0,,complete_parent_reuse,,,,
,,,,,,,,wikitext,,,,,,,,,P12_EXISTING_K2_PROVENANCE,1.7045142467168741,,Mistral-7B-v0.3,,,n8_k3,5.498714,,,,raw_ppl,,parent_handoff_table,,,,,handoff/agent_handoff/EXISTING_PRIMARY_PPL.csv,d92aa19e8fa7de5519206eab8e5599021781fe3409f84b91b896dd6c60546af0,,complete_parent_reuse,,,,
,,,,,,,,wikitext,,,,,,,,,P12_EXISTING_K2_PROVENANCE,1.7050882162078915,,Mistral-7B-v0.3,,,n16_k3,5.501871,,,,raw_ppl,,parent_handoff_table,,,,,handoff/agent_handoff/EXISTING_PRIMARY_PPL.csv,d92aa19e8fa7de5519206eab8e5599021781fe3409f84b91b896dd6c60546af0,,complete_parent_reuse,,,,
,,,,,,,,c4,,,,,,,,,P12_EXISTING_K2_PROVENANCE,,,Mistral-7B-v0.3,,,bf16,,,,,raw_ppl,,parent_handoff_table,,,,,handoff/agent_handoff/EXISTING_PRIMARY_PPL.csv,d92aa19e8fa7de5519206eab8e5599021781fe3409f84b91b896dd6c60546af0,,not_run,,,,
,,,,,,,,c4,,,,,,,,,P12_EXISTING_K2_PROVENANCE,2.0910983364869073,,Mistral-7B-v0.3,,,nvfp4,8.0938,,,,raw_ppl,,parent_handoff_table,,,,,handoff/agent_handoff/EXISTING_PRIMARY_PPL.csv,d92aa19e8fa7de5519206eab8e5599021781fe3409f84b91b896dd6c60546af0,,complete_parent_reuse,,,,
,,,,,,,,c4,,,,,,,,,P12_EXISTING_K2_PROVENANCE,2.0878324890094255,,Mistral-7B-v0.3,,,four_over_six,8.06741,,,,raw_ppl,,parent_handoff_table,,,,,handoff/agent_handoff/EXISTING_PRIMARY_PPL.csv,d92aa19e8fa7de5519206eab8e5599021781fe3409f84b91b896dd6c60546af0,,complete_parent_reuse,,,,
,,,,,,,,c4,,,,,,,,,P12_EXISTING_K2_PROVENANCE,2.083010166556861,,Mistral-7B-v0.3,,,razer_native_rows,8.0286,,,,raw_ppl,,parent_handoff_table,,,,,handoff/agent_handoff/EXISTING_PRIMARY_PPL.csv,d92aa19e8fa7de5519206eab8e5599021781fe3409f84b91b896dd6c60546af0,,complete_parent_reuse,,,,
,,,,,,,,c4,,,,,,,,,P12_EXISTING_K2_PROVENANCE,2.0851212565189603,,Mistral-7B-v0.3,,,n8_k3,8.045567,,,,raw_ppl,,parent_handoff_table,,,,,handoff/agent_handoff/EXISTING_PRIMARY_PPL.csv,d92aa19e8fa7de5519206eab8e5599021781fe3409f84b91b896dd6c60546af0,,complete_parent_reuse,,,,
,,,,,,,,c4,,,,,,,,,P12_EXISTING_K2_PROVENANCE,2.0853622297637076,,Mistral-7B-v0.3,,,n16_k3,8.047506,,,,raw_ppl,,parent_handoff_table,,,,,handoff/agent_handoff/EXISTING_PRIMARY_PPL.csv,d92aa19e8fa7de5519206eab8e5599021781fe3409f84b91b896dd6c60546af0,,complete_parent_reuse,,,,
,,,,,,,,wikitext,,,,,,,,,P12_EXISTING_K2_PROVENANCE,,,OLMo-2-13B,,,bf16,,,,,raw_ppl,,parent_handoff_table,,,,,handoff/agent_handoff/EXISTING_PRIMARY_PPL.csv,d92aa19e8fa7de5519206eab8e5599021781fe3409f84b91b896dd6c60546af0,,not_run,,,,
,,,,,,,,wikitext,,,,,,,,,P12_EXISTING_K2_PROVENANCE,1.6868988286118798,,OLMo-2-13B,,,nvfp4,5.4027,,,,raw_ppl,,parent_handoff_table,,,,,handoff/agent_handoff/EXISTING_PRIMARY_PPL.csv,d92aa19e8fa7de5519206eab8e5599021781fe3409f84b91b896dd6c60546af0,,complete_parent_reuse,,,,
,,,,,,,,wikitext,,,,,,,,,P12_EXISTING_K2_PROVENANCE,1.6763860281654699,,OLMo-2-13B,,,four_over_six,5.3462,,,,raw_ppl,,parent_handoff_table,,,,,handoff/agent_handoff/EXISTING_PRIMARY_PPL.csv,d92aa19e8fa7de5519206eab8e5599021781fe3409f84b91b896dd6c60546af0,,complete_parent_reuse,,,,
,,,,,,,,wikitext,,,,,,,,,P12_EXISTING_K2_PROVENANCE,,,OLMo-2-13B,,,razer_native_rows,,,,,raw_ppl,,parent_handoff_table,,,,,handoff/agent_handoff/EXISTING_PRIMARY_PPL.csv,d92aa19e8fa7de5519206eab8e5599021781fe3409f84b91b896dd6c60546af0,,not_run,,,,
,,,,,,,,wikitext,,,,,,,,,P12_EXISTING_K2_PROVENANCE,1.673351238177753,,OLMo-2-13B,,,n8_k3,5.33,,,,raw_ppl,,parent_handoff_table,,,,,handoff/agent_handoff/EXISTING_PRIMARY_PPL.csv,d92aa19e8fa7de5519206eab8e5599021781fe3409f84b91b896dd6c60546af0,,complete_parent_reuse,,,,
,,,,,,,,wikitext,,,,,,,,,P12_EXISTING_K2_PROVENANCE,1.6746824342945015,,OLMo-2-13B,,,n16_k3,5.3371,,,,raw_ppl,,parent_handoff_table,,,,,handoff/agent_handoff/EXISTING_PRIMARY_PPL.csv,d92aa19e8fa7de5519206eab8e5599021781fe3409f84b91b896dd6c60546af0,,complete_parent_reuse,,,,
,,,,,,,,c4,,,,,,,,,P12_EXISTING_K2_PROVENANCE,,,OLMo-2-13B,,,bf16,,,,,raw_ppl,,parent_handoff_table,,,,,handoff/agent_handoff/EXISTING_PRIMARY_PPL.csv,d92aa19e8fa7de5519206eab8e5599021781fe3409f84b91b896dd6c60546af0,,not_run,,,,
,,,,,,,,c4,,,,,,,,,P12_EXISTING_K2_PROVENANCE,2.3147705478578473,,OLMo-2-13B,,,nvfp4,10.1226,,,,raw_ppl,,parent_handoff_table,,,,,handoff/agent_handoff/EXISTING_PRIMARY_PPL.csv,d92aa19e8fa7de5519206eab8e5599021781fe3409f84b91b896dd6c60546af0,,complete_parent_reuse,,,,
,,,,,,,,c4,,,,,,,,,P12_EXISTING_K2_PROVENANCE,2.311465544799983,,OLMo-2-13B,,,four_over_six,10.0892,,,,raw_ppl,,parent_handoff_table,,,,,handoff/agent_handoff/EXISTING_PRIMARY_PPL.csv,d92aa19e8fa7de5519206eab8e5599021781fe3409f84b91b896dd6c60546af0,,complete_parent_reuse,,,,
,,,,,,,,c4,,,,,,,,,P12_EXISTING_K2_PROVENANCE,,,OLMo-2-13B,,,razer_native_rows,,,,,raw_ppl,,parent_handoff_table,,,,,handoff/agent_handoff/EXISTING_PRIMARY_PPL.csv,d92aa19e8fa7de5519206eab8e5599021781fe3409f84b91b896dd6c60546af0,,not_run,,,,
,,,,,,,,c4,,,,,,,,,P12_EXISTING_K2_PROVENANCE,2.3102853696202335,,OLMo-2-13B,,,n8_k3,10.0773,,,,raw_ppl,,parent_handoff_table,,,,,handoff/agent_handoff/EXISTING_PRIMARY_PPL.csv,d92aa19e8fa7de5519206eab8e5599021781fe3409f84b91b896dd6c60546af0,,complete_parent_reuse,,,,
,,,,,,,,c4,,,,,,,,,P12_EXISTING_K2_PROVENANCE,2.3105235002955666,,OLMo-2-13B,,,n16_k3,10.0797,,,,raw_ppl,,parent_handoff_table,,,,,handoff/agent_handoff/EXISTING_PRIMARY_PPL.csv,d92aa19e8fa7de5519206eab8e5599021781fe3409f84b91b896dd6c60546af0,,complete_parent_reuse,,,,
,,,,,,,,wikitext,,,,,,,,,P12_EXISTING_K2_PROVENANCE,,,Phi-4,,,bf16,,,,,raw_ppl,,parent_handoff_table,,,,,handoff/agent_handoff/EXISTING_PRIMARY_PPL.csv,d92aa19e8fa7de5519206eab8e5599021781fe3409f84b91b896dd6c60546af0,,not_run,,,,
,,,,,,,,wikitext,,,,,,,,,P12_EXISTING_K2_PROVENANCE,1.9023015374263097,,Phi-4,,,nvfp4,6.7013,,,,raw_ppl,,parent_handoff_table,,,,,handoff/agent_handoff/EXISTING_PRIMARY_PPL.csv,d92aa19e8fa7de5519206eab8e5599021781fe3409f84b91b896dd6c60546af0,,complete_parent_reuse,,,,
,,,,,,,,wikitext,,,,,,,,,P12_EXISTING_K2_PROVENANCE,1.8967349107543536,,Phi-4,,,four_over_six,6.6641,,,,raw_ppl,,parent_handoff_table,,,,,handoff/agent_handoff/EXISTING_PRIMARY_PPL.csv,d92aa19e8fa7de5519206eab8e5599021781fe3409f84b91b896dd6c60546af0,,complete_parent_reuse,,,,
,,,,,,,,wikitext,,,,,,,,,P12_EXISTING_K2_PROVENANCE,,,Phi-4,,,razer_native_rows,,,,,raw_ppl,,parent_handoff_table,,,,,handoff/agent_handoff/EXISTING_PRIMARY_PPL.csv,d92aa19e8fa7de5519206eab8e5599021781fe3409f84b91b896dd6c60546af0,,not_run,,,,
,,,,,,,,wikitext,,,,,,,,,P12_EXISTING_K2_PROVENANCE,1.88937003142582,,Phi-4,,,n8_k3,6.6152,,,,raw_ppl,,parent_handoff_table,,,,,handoff/agent_handoff/EXISTING_PRIMARY_PPL.csv,d92aa19e8fa7de5519206eab8e5599021781fe3409f84b91b896dd6c60546af0,,complete_parent_reuse,,,,
,,,,,,,,wikitext,,,,,,,,,P12_EXISTING_K2_PROVENANCE,1.8914237923410002,,Phi-4,,,n16_k3,6.6288,,,,raw_ppl,,parent_handoff_table,,,,,handoff/agent_handoff/EXISTING_PRIMARY_PPL.csv,d92aa19e8fa7de5519206eab8e5599021781fe3409f84b91b896dd6c60546af0,,complete_parent_reuse,,,,
,,,,,,,,c4,,,,,,,,,P12_EXISTING_K2_PROVENANCE,,,Phi-4,,,bf16,,,,,raw_ppl,,parent_handoff_table,,,,,handoff/agent_handoff/EXISTING_PRIMARY_PPL.csv,d92aa19e8fa7de5519206eab8e5599021781fe3409f84b91b896dd6c60546af0,,not_run,,,,
,,,,,,,,c4,,,,,,,,,P12_EXISTING_K2_PROVENANCE,2.3593245301866466,,Phi-4,,,nvfp4,10.5838,,,,raw_ppl,,parent_handoff_table,,,,,handoff/agent_handoff/EXISTING_PRIMARY_PPL.csv,d92aa19e8fa7de5519206eab8e5599021781fe3409f84b91b896dd6c60546af0,,complete_parent_reuse,,,,
,,,,,,,,c4,,,,,,,,,P12_EXISTING_K2_PROVENANCE,2.355983669718741,,Phi-4,,,four_over_six,10.5485,,,,raw_ppl,,parent_handoff_table,,,,,handoff/agent_handoff/EXISTING_PRIMARY_PPL.csv,d92aa19e8fa7de5519206eab8e5599021781fe3409f84b91b896dd6c60546af0,,complete_parent_reuse,,,,
,,,,,,,,c4,,,,,,,,,P12_EXISTING_K2_PROVENANCE,,,Phi-4,,,razer_native_rows,,,,,raw_ppl,,parent_handoff_table,,,,,handoff/agent_handoff/EXISTING_PRIMARY_PPL.csv,d92aa19e8fa7de5519206eab8e5599021781fe3409f84b91b896dd6c60546af0,,not_run,,,,
,,,,,,,,c4,,,,,,,,,P12_EXISTING_K2_PROVENANCE,2.3513752571634776,,Phi-4,,,n8_k3,10.5,,,,raw_ppl,,parent_handoff_table,,,,,handoff/agent_handoff/EXISTING_PRIMARY_PPL.csv,d92aa19e8fa7de5519206eab8e5599021781fe3409f84b91b896dd6c60546af0,,complete_parent_reuse,,,,
,,,,,,,,c4,,,,,,,,,P12_EXISTING_K2_PROVENANCE,2.352070253692669,,Phi-4,,,n16_k3,10.5073,,,,raw_ppl,,parent_handoff_table,,,,,handoff/agent_handoff/EXISTING_PRIMARY_PPL.csv,d92aa19e8fa7de5519206eab8e5599021781fe3409f84b91b896dd6c60546af0,,complete_parent_reuse,,,,
,,,,,,,,wikitext,,,,,,,,,P12_EXISTING_K2_PROVENANCE,1.9281631703222686,,Llama-3.1-8B,,,n8_k2,6.876867,,,,raw_ppl,,parent_handoff_table,,96537,,,handoff/agent_handoff/EXISTING_K_SWEEP.csv,57c5ca3dd69924a5ca62c22ed84d607bf5638c9f4e73920db04f3a5d397d6684,,complete_parent_reuse,,,,
,,,,,,,,wikitext,,,,,,,,,P12_EXISTING_K2_PROVENANCE,1.922990342686401,,Llama-3.1-8B,,,n8_k3,6.841386,,,,raw_ppl,,parent_handoff_table,,3130,,,handoff/agent_handoff/EXISTING_K_SWEEP.csv,57c5ca3dd69924a5ca62c22ed84d607bf5638c9f4e73920db04f3a5d397d6684,,complete_parent_reuse,,,,
,,,,,,,,wikitext,,,,,,,,,P12_EXISTING_K2_PROVENANCE,1.9249999028614486,,Llama-3.1-8B,,,n8_k4,6.855148,,,,raw_ppl,,parent_handoff_table,,549,,,handoff/agent_handoff/EXISTING_K_SWEEP.csv,57c5ca3dd69924a5ca62c22ed84d607bf5638c9f4e73920db04f3a5d397d6684,,complete_parent_reuse,,,,
,,,,,,,,wikitext,,,,,,,,,P12_EXISTING_K2_PROVENANCE,1.9250408931129952,,Llama-3.1-8B,,,n8_k5,6.855429,,,,raw_ppl,,parent_handoff_table,,282,,,handoff/agent_handoff/EXISTING_K_SWEEP.csv,57c5ca3dd69924a5ca62c22ed84d607bf5638c9f4e73920db04f3a5d397d6684,,complete_parent_reuse,,,,
,,,,,,,,wikitext,,,,,,,,,P12_EXISTING_K2_PROVENANCE,1.9255934410708686,,Llama-3.1-8B,,,n8_k6,6.859218,,,,raw_ppl,,parent_handoff_table,,149,,,handoff/agent_handoff/EXISTING_K_SWEEP.csv,57c5ca3dd69924a5ca62c22ed84d607bf5638c9f4e73920db04f3a5d397d6684,,complete_parent_reuse,,,,
,,,,,,,,c4,,,,,,,,,P12_EXISTING_K2_PROVENANCE,2.283076226545923,,Llama-3.1-8B,,,n8_k2,9.806802,,,,raw_ppl,,parent_handoff_table,,96537,,,handoff/agent_handoff/EXISTING_K_SWEEP.csv,57c5ca3dd69924a5ca62c22ed84d607bf5638c9f4e73920db04f3a5d397d6684,,complete_parent_reuse,,,,
,,,,,,,,c4,,,,,,,,,P12_EXISTING_K2_PROVENANCE,2.279957611551703,,Llama-3.1-8B,,,n8_k3,9.776266,,,,raw_ppl,,parent_handoff_table,,3130,,,handoff/agent_handoff/EXISTING_K_SWEEP.csv,57c5ca3dd69924a5ca62c22ed84d607bf5638c9f4e73920db04f3a5d397d6684,,complete_parent_reuse,,,,
,,,,,,,,c4,,,,,,,,,P12_EXISTING_K2_PROVENANCE,2.281452565772848,,Llama-3.1-8B,,,n8_k4,9.790892,,,,raw_ppl,,parent_handoff_table,,549,,,handoff/agent_handoff/EXISTING_K_SWEEP.csv,57c5ca3dd69924a5ca62c22ed84d607bf5638c9f4e73920db04f3a5d397d6684,,complete_parent_reuse,,,,
,,,,,,,,c4,,,,,,,,,P12_EXISTING_K2_PROVENANCE,2.281545198598505,,Llama-3.1-8B,,,n8_k5,9.791799,,,,raw_ppl,,parent_handoff_table,,282,,,handoff/agent_handoff/EXISTING_K_SWEEP.csv,57c5ca3dd69924a5ca62c22ed84d607bf5638c9f4e73920db04f3a5d397d6684,,complete_parent_reuse,,,,
,,,,,,,,c4,,,,,,,,,P12_EXISTING_K2_PROVENANCE,2.281058141905714,,Llama-3.1-8B,,,n8_k6,9.787031,,,,raw_ppl,,parent_handoff_table,,149,,,handoff/agent_handoff/EXISTING_K_SWEEP.csv,57c5ca3dd69924a5ca62c22ed84d607bf5638c9f4e73920db04f3a5d397d6684,,complete_parent_reuse,,,,
,,,,,,,,wikitext,,,,,,,,,P12_EXISTING_K2_PROVENANCE,2.3854407636518022,,Qwen3-4B,,,n8_k2,10.86385,,,,raw_ppl,,parent_handoff_table,,62649,,,handoff/agent_handoff/EXISTING_K_SWEEP.csv,57c5ca3dd69924a5ca62c22ed84d607bf5638c9f4e73920db04f3a5d397d6684,,complete_parent_reuse,,,,
,,,,,,,,wikitext,,,,,,,,,P12_EXISTING_K2_PROVENANCE,2.475198174685372,,Qwen3-4B,,,n8_k3,11.884062,,,,raw_ppl,,parent_handoff_table,,7349,,,handoff/agent_handoff/EXISTING_K_SWEEP.csv,57c5ca3dd69924a5ca62c22ed84d607bf5638c9f4e73920db04f3a5d397d6684,,complete_parent_reuse,,,,
,,,,,,,,wikitext,,,,,,,,,P12_EXISTING_K2_PROVENANCE,2.550804871114162,,Qwen3-4B,,,n8_k4,12.817416,,,,raw_ppl,,parent_handoff_table,,1699,,,handoff/agent_handoff/EXISTING_K_SWEEP.csv,57c5ca3dd69924a5ca62c22ed84d607bf5638c9f4e73920db04f3a5d397d6684,,complete_parent_reuse,,,,
,,,,,,,,wikitext,,,,,,,,,P12_EXISTING_K2_PROVENANCE,2.598942079340063,,Qwen3-4B,,,n8_k5,13.449502,,,,raw_ppl,,parent_handoff_table,,544,,,handoff/agent_handoff/EXISTING_K_SWEEP.csv,57c5ca3dd69924a5ca62c22ed84d607bf5638c9f4e73920db04f3a5d397d6684,,complete_parent_reuse,,,,
,,,,,,,,wikitext,,,,,,,,,P12_EXISTING_K2_PROVENANCE,2.618772111605196,,Qwen3-4B,,,n8_k6,13.718868,,,,raw_ppl,,parent_handoff_table,,216,,,handoff/agent_handoff/EXISTING_K_SWEEP.csv,57c5ca3dd69924a5ca62c22ed84d607bf5638c9f4e73920db04f3a5d397d6684,,complete_parent_reuse,,,,
,,,,,,,,c4,,,,,,,,,P12_EXISTING_K2_PROVENANCE,2.719450305608014,,Qwen3-4B,,,n8_k2,15.17198,,,,raw_ppl,,parent_handoff_table,,62649,,,handoff/agent_handoff/EXISTING_K_SWEEP.csv,57c5ca3dd69924a5ca62c22ed84d607bf5638c9f4e73920db04f3a5d397d6684,,complete_parent_reuse,,,,
,,,,,,,,c4,,,,,,,,,P12_EXISTING_K2_PROVENANCE,2.7630610401830262,,Qwen3-4B,,,n8_k3,15.848281,,,,raw_ppl,,parent_handoff_table,,7349,,,handoff/agent_handoff/EXISTING_K_SWEEP.csv,57c5ca3dd69924a5ca62c22ed84d607bf5638c9f4e73920db04f3a5d397d6684,,complete_parent_reuse,,,,
,,,,,,,,c4,,,,,,,,,P12_EXISTING_K2_PROVENANCE,2.7980938095612014,,Qwen3-4B,,,n8_k4,16.41333,,,,raw_ppl,,parent_handoff_table,,1699,,,handoff/agent_handoff/EXISTING_K_SWEEP.csv,57c5ca3dd69924a5ca62c22ed84d607bf5638c9f4e73920db04f3a5d397d6684,,complete_parent_reuse,,,,
,,,,,,,,c4,,,,,,,,,P12_EXISTING_K2_PROVENANCE,2.8213631124752814,,Qwen3-4B,,,n8_k5,16.799735,,,,raw_ppl,,parent_handoff_table,,544,,,handoff/agent_handoff/EXISTING_K_SWEEP.csv,57c5ca3dd69924a5ca62c22ed84d607bf5638c9f4e73920db04f3a5d397d6684,,complete_parent_reuse,,,,
,,,,,,,,c4,,,,,,,,,P12_EXISTING_K2_PROVENANCE,2.8313237363421275,,Qwen3-4B,,,n8_k6,16.967907,,,,raw_ppl,,parent_handoff_table,,216,,,handoff/agent_handoff/EXISTING_K_SWEEP.csv,57c5ca3dd69924a5ca62c22ed84d607bf5638c9f4e73920db04f3a5d397d6684,,complete_parent_reuse,,,,
,,,,,,,,wikitext,,,,,,,,,P12_EXISTING_K2_PROVENANCE,1.7038187514441037,,Mistral-7B-v0.3,,,n8_k2,5.494891,,,,raw_ppl,,parent_handoff_table,,58151,,,handoff/agent_handoff/EXISTING_K_SWEEP.csv,57c5ca3dd69924a5ca62c22ed84d607bf5638c9f4e73920db04f3a5d397d6684,,complete_parent_reuse,,,,
,,,,,,,,wikitext,,,,,,,,,P12_EXISTING_K2_PROVENANCE,1.7045142467168741,,Mistral-7B-v0.3,,,n8_k3,5.498714,,,,raw_ppl,,parent_handoff_table,,7501,,,handoff/agent_handoff/EXISTING_K_SWEEP.csv,57c5ca3dd69924a5ca62c22ed84d607bf5638c9f4e73920db04f3a5d397d6684,,complete_parent_reuse,,,,
,,,,,,,,wikitext,,,,,,,,,P12_EXISTING_K2_PROVENANCE,1.7053887960348149,,Mistral-7B-v0.3,,,n8_k4,5.503525,,,,raw_ppl,,parent_handoff_table,,3194,,,handoff/agent_handoff/EXISTING_K_SWEEP.csv,57c5ca3dd69924a5ca62c22ed84d607bf5638c9f4e73920db04f3a5d397d6684,,complete_parent_reuse,,,,
,,,,,,,,wikitext,,,,,,,,,P12_EXISTING_K2_PROVENANCE,1.7062437005312874,,Mistral-7B-v0.3,,,n8_k5,5.508232,,,,raw_ppl,,parent_handoff_table,,1624,,,handoff/agent_handoff/EXISTING_K_SWEEP.csv,57c5ca3dd69924a5ca62c22ed84d607bf5638c9f4e73920db04f3a5d397d6684,,complete_parent_reuse,,,,
,,,,,,,,wikitext,,,,,,,,,P12_EXISTING_K2_PROVENANCE,1.7069765165465118,,Mistral-7B-v0.3,,,n8_k6,5.51227,,,,raw_ppl,,parent_handoff_table,,854,,,handoff/agent_handoff/EXISTING_K_SWEEP.csv,57c5ca3dd69924a5ca62c22ed84d607bf5638c9f4e73920db04f3a5d397d6684,,complete_parent_reuse,,,,
,,,,,,,,c4,,,,,,,,,P12_EXISTING_K2_PROVENANCE,2.0850724085510417,,Mistral-7B-v0.3,,,n8_k2,8.045174,,,,raw_ppl,,parent_handoff_table,,58151,,,handoff/agent_handoff/EXISTING_K_SWEEP.csv,57c5ca3dd69924a5ca62c22ed84d607bf5638c9f4e73920db04f3a5d397d6684,,complete_parent_reuse,,,,
,,,,,,,,c4,,,,,,,,,P12_EXISTING_K2_PROVENANCE,2.0851212565189603,,Mistral-7B-v0.3,,,n8_k3,8.045567,,,,raw_ppl,,parent_handoff_table,,7501,,,handoff/agent_handoff/EXISTING_K_SWEEP.csv,57c5ca3dd69924a5ca62c22ed84d607bf5638c9f4e73920db04f3a5d397d6684,,complete_parent_reuse,,,,
,,,,,,,,c4,,,,,,,,,P12_EXISTING_K2_PROVENANCE,2.0852604539243464,,Mistral-7B-v0.3,,,n8_k4,8.046687,,,,raw_ppl,,parent_handoff_table,,3194,,,handoff/agent_handoff/EXISTING_K_SWEEP.csv,57c5ca3dd69924a5ca62c22ed84d607bf5638c9f4e73920db04f3a5d397d6684,,complete_parent_reuse,,,,
,,,,,,,,c4,,,,,,,,,P12_EXISTING_K2_PROVENANCE,2.085939633277712,,Mistral-7B-v0.3,,,n8_k5,8.052154,,,,raw_ppl,,parent_handoff_table,,1624,,,handoff/agent_handoff/EXISTING_K_SWEEP.csv,57c5ca3dd69924a5ca62c22ed84d607bf5638c9f4e73920db04f3a5d397d6684,,complete_parent_reuse,,,,
,,,,,,,,c4,,,,,,,,,P12_EXISTING_K2_PROVENANCE,2.086195432724394,,Mistral-7B-v0.3,,,n8_k6,8.054214,,,,raw_ppl,,parent_handoff_table,,854,,,handoff/agent_handoff/EXISTING_K_SWEEP.csv,57c5ca3dd69924a5ca62c22ed84d607bf5638c9f4e73920db04f3a5d397d6684,,complete_parent_reuse,,,,
,,,,,,,,wikitext,,,,,,,,,P12_EXISTING_K2_PROVENANCE,1.9227522046875951,,Llama-3.1-8B,,,n16_k2,6.839757,,,,raw_ppl,,parent_handoff_table,,50119,,,handoff/agent_handoff/EXISTING_K_SWEEP.csv,57c5ca3dd69924a5ca62c22ed84d607bf5638c9f4e73920db04f3a5d397d6684,,complete_parent_reuse,,,,
,,,,,,,,wikitext,,,,,,,,,P12_EXISTING_K2_PROVENANCE,1.9232608653031056,,Llama-3.1-8B,,,n16_k3,6.843237,,,,raw_ppl,,parent_handoff_table,,1781,,,handoff/agent_handoff/EXISTING_K_SWEEP.csv,57c5ca3dd69924a5ca62c22ed84d607bf5638c9f4e73920db04f3a5d397d6684,,complete_parent_reuse,,,,
,,,,,,,,wikitext,,,,,,,,,P12_EXISTING_K2_PROVENANCE,1.9251516021563964,,Llama-3.1-8B,,,n16_k4,6.856188,,,,raw_ppl,,parent_handoff_table,,307,,,handoff/agent_handoff/EXISTING_K_SWEEP.csv,57c5ca3dd69924a5ca62c22ed84d607bf5638c9f4e73920db04f3a5d397d6684,,complete_parent_reuse,,,,
,,,,,,,,wikitext,,,,,,,,,P12_EXISTING_K2_PROVENANCE,1.925472282894785,,Llama-3.1-8B,,,n16_k5,6.858387,,,,raw_ppl,,parent_handoff_table,,168,,,handoff/agent_handoff/EXISTING_K_SWEEP.csv,57c5ca3dd69924a5ca62c22ed84d607bf5638c9f4e73920db04f3a5d397d6684,,complete_parent_reuse,,,,
,,,,,,,,wikitext,,,,,,,,,P12_EXISTING_K2_PROVENANCE,1.9260352305747603,,Llama-3.1-8B,,,n16_k6,6.862249,,,,raw_ppl,,parent_handoff_table,,86,,,handoff/agent_handoff/EXISTING_K_SWEEP.csv,57c5ca3dd69924a5ca62c22ed84d607bf5638c9f4e73920db04f3a5d397d6684,,complete_parent_reuse,,,,
,,,,,,,,c4,,,,,,,,,P12_EXISTING_K2_PROVENANCE,2.2795878724141025,,Llama-3.1-8B,,,n16_k2,9.772652,,,,raw_ppl,,parent_handoff_table,,50119,,,handoff/agent_handoff/EXISTING_K_SWEEP.csv,57c5ca3dd69924a5ca62c22ed84d607bf5638c9f4e73920db04f3a5d397d6684,,complete_parent_reuse,,,,
,,,,,,,,c4,,,,,,,,,P12_EXISTING_K2_PROVENANCE,2.2799469734867013,,Llama-3.1-8B,,,n16_k3,9.776162,,,,raw_ppl,,parent_handoff_table,,1781,,,handoff/agent_handoff/EXISTING_K_SWEEP.csv,57c5ca3dd69924a5ca62c22ed84d607bf5638c9f4e73920db04f3a5d397d6684,,complete_parent_reuse,,,,
,,,,,,,,c4,,,,,,,,,P12_EXISTING_K2_PROVENANCE,2.281884098286676,,Llama-3.1-8B,,,n16_k4,9.795118,,,,raw_ppl,,parent_handoff_table,,307,,,handoff/agent_handoff/EXISTING_K_SWEEP.csv,57c5ca3dd69924a5ca62c22ed84d607bf5638c9f4e73920db04f3a5d397d6684,,complete_parent_reuse,,,,
,,,,,,,,c4,,,,,,,,,P12_EXISTING_K2_PROVENANCE,2.2818041573102317,,Llama-3.1-8B,,,n16_k5,9.794335,,,,raw_ppl,,parent_handoff_table,,168,,,handoff/agent_handoff/EXISTING_K_SWEEP.csv,57c5ca3dd69924a5ca62c22ed84d607bf5638c9f4e73920db04f3a5d397d6684,,complete_parent_reuse,,,,
,,,,,,,,c4,,,,,,,,,P12_EXISTING_K2_PROVENANCE,2.282226455152647,,Llama-3.1-8B,,,n16_k6,9.798472,,,,raw_ppl,,parent_handoff_table,,86,,,handoff/agent_handoff/EXISTING_K_SWEEP.csv,57c5ca3dd69924a5ca62c22ed84d607bf5638c9f4e73920db04f3a5d397d6684,,complete_parent_reuse,,,,
,,,,,,,,wikitext,,,,,,,,,P12_EXISTING_K2_PROVENANCE,2.4142098274009185,,Qwen3-4B,,,n16_k2,11.180932,,,,raw_ppl,,parent_handoff_table,,32532,,,handoff/agent_handoff/EXISTING_K_SWEEP.csv,57c5ca3dd69924a5ca62c22ed84d607bf5638c9f4e73920db04f3a5d397d6684,,complete_parent_reuse,,,,
,,,,,,,,wikitext,,,,,,,,,P12_EXISTING_K2_PROVENANCE,2.5011714085540264,,Qwen3-4B,,,n16_k3,12.196773,,,,raw_ppl,,parent_handoff_table,,4077,,,handoff/agent_handoff/EXISTING_K_SWEEP.csv,57c5ca3dd69924a5ca62c22ed84d607bf5638c9f4e73920db04f3a5d397d6684,,complete_parent_reuse,,,,
,,,,,,,,wikitext,,,,,,,,,P12_EXISTING_K2_PROVENANCE,2.562126299457368,,Qwen3-4B,,,n16_k4,12.963352,,,,raw_ppl,,parent_handoff_table,,972,,,handoff/agent_handoff/EXISTING_K_SWEEP.csv,57c5ca3dd69924a5ca62c22ed84d607bf5638c9f4e73920db04f3a5d397d6684,,complete_parent_reuse,,,,
,,,,,,,,wikitext,,,,,,,,,P12_EXISTING_K2_PROVENANCE,2.601762737442279,,Qwen3-4B,,,n16_k5,13.487492,,,,raw_ppl,,parent_handoff_table,,307,,,handoff/agent_handoff/EXISTING_K_SWEEP.csv,57c5ca3dd69924a5ca62c22ed84d607bf5638c9f4e73920db04f3a5d397d6684,,complete_parent_reuse,,,,
,,,,,,,,wikitext,,,,,,,,,P12_EXISTING_K2_PROVENANCE,2.6266850360339054,,Qwen3-4B,,,n16_k6,13.827855,,,,raw_ppl,,parent_handoff_table,,120,,,handoff/agent_handoff/EXISTING_K_SWEEP.csv,57c5ca3dd69924a5ca62c22ed84d607bf5638c9f4e73920db04f3a5d397d6684,,complete_parent_reuse,,,,
,,,,,,,,c4,,,,,,,,,P12_EXISTING_K2_PROVENANCE,2.7320319269261075,,Qwen3-4B,,,n16_k2,15.364074,,,,raw_ppl,,parent_handoff_table,,32532,,,handoff/agent_handoff/EXISTING_K_SWEEP.csv,57c5ca3dd69924a5ca62c22ed84d607bf5638c9f4e73920db04f3a5d397d6684,,complete_parent_reuse,,,,
,,,,,,,,c4,,,,,,,,,P12_EXISTING_K2_PROVENANCE,2.7756165088641547,,Qwen3-4B,,,n16_k3,16.048518,,,,raw_ppl,,parent_handoff_table,,4077,,,handoff/agent_handoff/EXISTING_K_SWEEP.csv,57c5ca3dd69924a5ca62c22ed84d607bf5638c9f4e73920db04f3a5d397d6684,,complete_parent_reuse,,,,
,,,,,,,,c4,,,,,,,,,P12_EXISTING_K2_PROVENANCE,2.804169205235083,,Qwen3-4B,,,n16_k4,16.513351,,,,raw_ppl,,parent_handoff_table,,972,,,handoff/agent_handoff/EXISTING_K_SWEEP.csv,57c5ca3dd69924a5ca62c22ed84d607bf5638c9f4e73920db04f3a5d397d6684,,complete_parent_reuse,,,,
,,,,,,,,c4,,,,,,,,,P12_EXISTING_K2_PROVENANCE,2.8233964925295805,,Qwen3-4B,,,n16_k5,16.83393,,,,raw_ppl,,parent_handoff_table,,307,,,handoff/agent_handoff/EXISTING_K_SWEEP.csv,57c5ca3dd69924a5ca62c22ed84d607bf5638c9f4e73920db04f3a5d397d6684,,complete_parent_reuse,,,,
,,,,,,,,c4,,,,,,,,,P12_EXISTING_K2_PROVENANCE,2.835226434077189,,Qwen3-4B,,,n16_k6,17.034257,,,,raw_ppl,,parent_handoff_table,,120,,,handoff/agent_handoff/EXISTING_K_SWEEP.csv,57c5ca3dd69924a5ca62c22ed84d607bf5638c9f4e73920db04f3a5d397d6684,,complete_parent_reuse,,,,
,,,,,,,,wikitext,,,,,,,,,P12_EXISTING_K2_PROVENANCE,1.704197577096404,,Mistral-7B-v0.3,,,n16_k2,5.496973,,,,raw_ppl,,parent_handoff_table,,30611,,,handoff/agent_handoff/EXISTING_K_SWEEP.csv,57c5ca3dd69924a5ca62c22ed84d607bf5638c9f4e73920db04f3a5d397d6684,,complete_parent_reuse,,,,
,,,,,,,,wikitext,,,,,,,,,P12_EXISTING_K2_PROVENANCE,1.7050882162078915,,Mistral-7B-v0.3,,,n16_k3,5.501871,,,,raw_ppl,,parent_handoff_table,,4179,,,handoff/agent_handoff/EXISTING_K_SWEEP.csv,57c5ca3dd69924a5ca62c22ed84d607bf5638c9f4e73920db04f3a5d397d6684,,complete_parent_reuse,,,,
,,,,,,,,wikitext,,,,,,,,,P12_EXISTING_K2_PROVENANCE,1.7054273160591455,,Mistral-7B-v0.3,,,n16_k4,5.503737,,,,raw_ppl,,parent_handoff_table,,1818,,,handoff/agent_handoff/EXISTING_K_SWEEP.csv,57c5ca3dd69924a5ca62c22ed84d607bf5638c9f4e73920db04f3a5d397d6684,,complete_parent_reuse,,,,
,,,,,,,,wikitext,,,,,,,,,P12_EXISTING_K2_PROVENANCE,1.7067384737506637,,Mistral-7B-v0.3,,,n16_k5,5.510958,,,,raw_ppl,,parent_handoff_table,,937,,,handoff/agent_handoff/EXISTING_K_SWEEP.csv,57c5ca3dd69924a5ca62c22ed84d607bf5638c9f4e73920db04f3a5d397d6684,,complete_parent_reuse,,,,
,,,,,,,,wikitext,,,,,,,,,P12_EXISTING_K2_PROVENANCE,1.7069086656088277,,Mistral-7B-v0.3,,,n16_k6,5.511896,,,,raw_ppl,,parent_handoff_table,,501,,,handoff/agent_handoff/EXISTING_K_SWEEP.csv,57c5ca3dd69924a5ca62c22ed84d607bf5638c9f4e73920db04f3a5d397d6684,,complete_parent_reuse,,,,
,,,,,,,,c4,,,,,,,,,P12_EXISTING_K2_PROVENANCE,2.084998075512893,,Mistral-7B-v0.3,,,n16_k2,8.044576,,,,raw_ppl,,parent_handoff_table,,30611,,,handoff/agent_handoff/EXISTING_K_SWEEP.csv,57c5ca3dd69924a5ca62c22ed84d607bf5638c9f4e73920db04f3a5d397d6684,,complete_parent_reuse,,,,
,,,,,,,,c4,,,,,,,,,P12_EXISTING_K2_PROVENANCE,2.0853622297637076,,Mistral-7B-v0.3,,,n16_k3,8.047506,,,,raw_ppl,,parent_handoff_table,,4179,,,handoff/agent_handoff/EXISTING_K_SWEEP.csv,57c5ca3dd69924a5ca62c22ed84d607bf5638c9f4e73920db04f3a5d397d6684,,complete_parent_reuse,,,,
,,,,,,,,c4,,,,,,,,,P12_EXISTING_K2_PROVENANCE,2.0860198570399584,,Mistral-7B-v0.3,,,n16_k4,8.0528,,,,raw_ppl,,parent_handoff_table,,1818,,,handoff/agent_handoff/EXISTING_K_SWEEP.csv,57c5ca3dd69924a5ca62c22ed84d607bf5638c9f4e73920db04f3a5d397d6684,,complete_parent_reuse,,,,
,,,,,,,,c4,,,,,,,,,P12_EXISTING_K2_PROVENANCE,2.0859352866052476,,Mistral-7B-v0.3,,,n16_k5,8.052119,,,,raw_ppl,,parent_handoff_table,,937,,,handoff/agent_handoff/EXISTING_K_SWEEP.csv,57c5ca3dd69924a5ca62c22ed84d607bf5638c9f4e73920db04f3a5d397d6684,,complete_parent_reuse,,,,
,,,,,,,,c4,,,,,,,,,P12_EXISTING_K2_PROVENANCE,2.0867970484910456,,Mistral-7B-v0.3,,,n16_k6,8.059061,,,,raw_ppl,,parent_handoff_table,,501,,,handoff/agent_handoff/EXISTING_K_SWEEP.csv,57c5ca3dd69924a5ca62c22ed84d607bf5638c9f4e73920db04f3a5d397d6684,,complete_parent_reuse,,,,
,,,,,,,,wiki,,,,,,,,,P10_K2_BREADTH+P11_BASELINE_COMPLETION,1.952938953012846,,qwen27b,,,bf16,7.049374947840278,,,,raw_ppl,,V31_ppl_primary_qwen27b_attempt1,,,,,runs/P10_P11_analysis_attempt1/analysis_breadth/P10_P11_BREADTH_ANALYSIS.json,b0eb97b5cd4a5d2b00fbaa348e61764f18b42db7bf1703607fd3214cf4406992,,complete,,,,
,,,,,,,,wiki,,,,,,,,,P10_K2_BREADTH+P11_BASELINE_COMPLETION,2.0251016656050944,,qwen27b,,,nvfp4,7.576881213694566,,,,raw_ppl,,V31_ppl_primary_qwen27b_attempt1,,,,,runs/P10_P11_analysis_attempt1/analysis_breadth/P10_P11_BREADTH_ANALYSIS.json,b0eb97b5cd4a5d2b00fbaa348e61764f18b42db7bf1703607fd3214cf4406992,,complete,,,,
,,,,,,,,wiki,,,,,,,,,P10_K2_BREADTH+P11_BASELINE_COMPLETION,1.9856613166161625,,qwen27b,,,four_over_six,7.2838627324982586,,,,raw_ppl,,V31_ppl_primary_qwen27b_attempt1,,,,,runs/P10_P11_analysis_attempt1/analysis_breadth/P10_P11_BREADTH_ANALYSIS.json,b0eb97b5cd4a5d2b00fbaa348e61764f18b42db7bf1703607fd3214cf4406992,,complete,,,,
,,,,,,,,wiki,,,,,,,,,P10_K2_BREADTH+P11_BASELINE_COMPLETION,1.9828993189974837,,qwen27b,,,all_e0m3,7.263772478365112,,,,raw_ppl,,V31_ppl_primary_qwen27b_attempt1,,,,,runs/P10_P11_analysis_attempt1/analysis_breadth/P10_P11_BREADTH_ANALYSIS.json,b0eb97b5cd4a5d2b00fbaa348e61764f18b42db7bf1703607fd3214cf4406992,,complete,,,,
,,,,,,,,wiki,,,,,,,,,P10_K2_BREADTH+P11_BASELINE_COMPLETION,1.977601725183718,,qwen27b,,,n8_k3,7.225393709539982,,,,raw_ppl,,V31_ppl_primary_qwen27b_attempt1,,,,,runs/P10_P11_analysis_attempt1/analysis_breadth/P10_P11_BREADTH_ANALYSIS.json,b0eb97b5cd4a5d2b00fbaa348e61764f18b42db7bf1703607fd3214cf4406992,,complete,,,,
,,,,,,,,wiki,,,,,,,,,P10_K2_BREADTH+P11_BASELINE_COMPLETION,1.9803997072165505,,qwen27b,,,n16_k3,7.2456385404484225,,,,raw_ppl,,V31_ppl_primary_qwen27b_attempt1,,,,,runs/P10_P11_analysis_attempt1/analysis_breadth/P10_P11_BREADTH_ANALYSIS.json,b0eb97b5cd4a5d2b00fbaa348e61764f18b42db7bf1703607fd3214cf4406992,,complete,,,,
,,,,,,,,wiki,,,,,,,,,P10_K2_BREADTH+P11_BASELINE_COMPLETION,1.9616423379371248,,qwen27b,,,n8_k2,7.110996138982223,,,,raw_ppl,,P10_k2_breadth_qwen27b_attempt1,,,,,runs/P10_P11_analysis_attempt1/analysis_breadth/P10_P11_BREADTH_ANALYSIS.json,b0eb97b5cd4a5d2b00fbaa348e61764f18b42db7bf1703607fd3214cf4406992,,complete,,,,
,,,,,,,,wiki,,,,,,,,,P10_K2_BREADTH+P11_BASELINE_COMPLETION,1.965798824797951,,qwen27b,,,n16_k2,7.140614412341945,,,,raw_ppl,,P10_k2_breadth_qwen27b_attempt1,,,,,runs/P10_P11_analysis_attempt1/analysis_breadth/P10_P11_BREADTH_ANALYSIS.json,b0eb97b5cd4a5d2b00fbaa348e61764f18b42db7bf1703607fd3214cf4406992,,complete,,,,
,,,,,,,,wiki,,,,,,,,,P10_K2_BREADTH+P11_BASELINE_COMPLETION,2.0265677174262136,,qwen27b,,,razer_wonly_shared_act,7.587997460702372,,,,raw_ppl,,P11_baseline_completion_qwen27b_attempt1,,,,,runs/P10_P11_analysis_attempt1/analysis_breadth/P10_P11_BREADTH_ANALYSIS.json,b0eb97b5cd4a5d2b00fbaa348e61764f18b42db7bf1703607fd3214cf4406992,,complete,,,,
,,,,,,,,wiki,,,,,,,,,P10_K2_BREADTH+P11_BASELINE_COMPLETION,2.026044423612111,,qwen27b,,,razer_native_rows,7.584027747323574,,,,raw_ppl,,P11_baseline_completion_qwen27b_attempt1,,,,,runs/P10_P11_analysis_attempt1/analysis_breadth/P10_P11_BREADTH_ANALYSIS.json,b0eb97b5cd4a5d2b00fbaa348e61764f18b42db7bf1703607fd3214cf4406992,,complete,,,,
,,,,,,,,wiki,,,,,,,,,P10_K2_BREADTH+P11_BASELINE_COMPLETION,1.9821286978423547,,qwen27b,,,nover6_wonly_shared_act,7.258177017894254,,,,raw_ppl,,P11_baseline_completion_qwen27b_attempt1,,,,,runs/P10_P11_analysis_attempt1/analysis_breadth/P10_P11_BREADTH_ANALYSIS.json,b0eb97b5cd4a5d2b00fbaa348e61764f18b42db7bf1703607fd3214cf4406992,,complete,,,,
,,,,,,,,wiki,,,,,,,,,P10_K2_BREADTH+P11_BASELINE_COMPLETION,1.981654280589479,,qwen27b,,,nover6_native_rows,7.2547344301686145,,,,raw_ppl,,P11_baseline_completion_qwen27b_attempt1,,,,,runs/P10_P11_analysis_attempt1/analysis_breadth/P10_P11_BREADTH_ANALYSIS.json,b0eb97b5cd4a5d2b00fbaa348e61764f18b42db7bf1703607fd3214cf4406992,,complete,,,,
,,,,,,,,c4,,,,,,,,,P10_K2_BREADTH+P11_BASELINE_COMPLETION,2.2918301171155977,,qwen27b,,,bf16,9.893026520937797,,,,raw_ppl,,V31_ppl_primary_qwen27b_attempt1,,,,,runs/P10_P11_analysis_attempt1/analysis_breadth/P10_P11_BREADTH_ANALYSIS.json,b0eb97b5cd4a5d2b00fbaa348e61764f18b42db7bf1703607fd3214cf4406992,,complete,,,,
,,,,,,,,c4,,,,,,,,,P10_K2_BREADTH+P11_BASELINE_COMPLETION,2.32470518797672,,qwen27b,,,nvfp4,10.223665581921297,,,,raw_ppl,,V31_ppl_primary_qwen27b_attempt1,,,,,runs/P10_P11_analysis_attempt1/analysis_breadth/P10_P11_BREADTH_ANALYSIS.json,b0eb97b5cd4a5d2b00fbaa348e61764f18b42db7bf1703607fd3214cf4406992,,complete,,,,
,,,,,,,,c4,,,,,,,,,P10_K2_BREADTH+P11_BASELINE_COMPLETION,2.321344709932775,,qwen27b,,,four_over_six,10.189366840565677,,,,raw_ppl,,V31_ppl_primary_qwen27b_attempt1,,,,,runs/P10_P11_analysis_attempt1/analysis_breadth/P10_P11_BREADTH_ANALYSIS.json,b0eb97b5cd4a5d2b00fbaa348e61764f18b42db7bf1703607fd3214cf4406992,,complete,,,,
,,,,,,,,c4,,,,,,,,,P10_K2_BREADTH+P11_BASELINE_COMPLETION,2.325652958202114,,qwen27b,,,all_e0m3,10.23335986100309,,,,raw_ppl,,V31_ppl_primary_qwen27b_attempt1,,,,,runs/P10_P11_analysis_attempt1/analysis_breadth/P10_P11_BREADTH_ANALYSIS.json,b0eb97b5cd4a5d2b00fbaa348e61764f18b42db7bf1703607fd3214cf4406992,,complete,,,,
,,,,,,,,c4,,,,,,,,,P10_K2_BREADTH+P11_BASELINE_COMPLETION,2.317387672317054,,qwen27b,,,n8_k3,10.14912680087955,,,,raw_ppl,,V31_ppl_primary_qwen27b_attempt1,,,,,runs/P10_P11_analysis_attempt1/analysis_breadth/P10_P11_BREADTH_ANALYSIS.json,b0eb97b5cd4a5d2b00fbaa348e61764f18b42db7bf1703607fd3214cf4406992,,complete,,,,
,,,,,,,,c4,,,,,,,,,P10_K2_BREADTH+P11_BASELINE_COMPLETION,2.31810380181038,,qwen27b,,,n16_k3,10.156397492980965,,,,raw_ppl,,V31_ppl_primary_qwen27b_attempt1,,,,,runs/P10_P11_analysis_attempt1/analysis_breadth/P10_P11_BREADTH_ANALYSIS.json,b0eb97b5cd4a5d2b00fbaa348e61764f18b42db7bf1703607fd3214cf4406992,,complete,,,,
,,,,,,,,c4,,,,,,,,,P10_K2_BREADTH+P11_BASELINE_COMPLETION,2.312863398246924,,qwen27b,,,n8_k2,10.10331308471086,,,,raw_ppl,,P10_k2_breadth_qwen27b_attempt1,,,,,runs/P10_P11_analysis_attempt1/analysis_breadth/P10_P11_BREADTH_ANALYSIS.json,b0eb97b5cd4a5d2b00fbaa348e61764f18b42db7bf1703607fd3214cf4406992,,complete,,,,
,,,,,,,,c4,,,,,,,,,P10_K2_BREADTH+P11_BASELINE_COMPLETION,2.3142747979060254,,qwen27b,,,n16_k2,10.117582965237812,,,,raw_ppl,,P10_k2_breadth_qwen27b_attempt1,,,,,runs/P10_P11_analysis_attempt1/analysis_breadth/P10_P11_BREADTH_ANALYSIS.json,b0eb97b5cd4a5d2b00fbaa348e61764f18b42db7bf1703607fd3214cf4406992,,complete,,,,
,,,,,,,,c4,,,,,,,,,P10_K2_BREADTH+P11_BASELINE_COMPLETION,2.3160780722132523,,qwen27b,,,razer_wonly_shared_act,10.135844202711953,,,,raw_ppl,,P11_baseline_completion_qwen27b_attempt1,,,,,runs/P10_P11_analysis_attempt1/analysis_breadth/P10_P11_BREADTH_ANALYSIS.json,b0eb97b5cd4a5d2b00fbaa348e61764f18b42db7bf1703607fd3214cf4406992,,complete,,,,
,,,,,,,,c4,,,,,,,,,P10_K2_BREADTH+P11_BASELINE_COMPLETION,2.3148632640059157,,qwen27b,,,razer_native_rows,10.123538571990156,,,,raw_ppl,,P11_baseline_completion_qwen27b_attempt1,,,,,runs/P10_P11_analysis_attempt1/analysis_breadth/P10_P11_BREADTH_ANALYSIS.json,b0eb97b5cd4a5d2b00fbaa348e61764f18b42db7bf1703607fd3214cf4406992,,complete,,,,
,,,,,,,,c4,,,,,,,,,P10_K2_BREADTH+P11_BASELINE_COMPLETION,2.3194508906878726,,qwen27b,,,nover6_wonly_shared_act,10.17008828236387,,,,raw_ppl,,P11_baseline_completion_qwen27b_attempt1,,,,,runs/P10_P11_analysis_attempt1/analysis_breadth/P10_P11_BREADTH_ANALYSIS.json,b0eb97b5cd4a5d2b00fbaa348e61764f18b42db7bf1703607fd3214cf4406992,,complete,,,,
,,,,,,,,c4,,,,,,,,,P10_K2_BREADTH+P11_BASELINE_COMPLETION,2.3187748556926424,,qwen27b,,,nover6_native_rows,10.163215270240533,,,,raw_ppl,,P11_baseline_completion_qwen27b_attempt1,,,,,runs/P10_P11_analysis_attempt1/analysis_breadth/P10_P11_BREADTH_ANALYSIS.json,b0eb97b5cd4a5d2b00fbaa348e61764f18b42db7bf1703607fd3214cf4406992,,complete,,,,
,,,,,,,,wiki,,,,,,,,,P10_K2_BREADTH+P11_BASELINE_COMPLETION,1.865742684276749,,phi4,,,bf16,6.460732388988658,,,,raw_ppl,,V62_ppl_primary_phi4_attempt3,,,,,runs/P10_P11_analysis_attempt1/analysis_breadth/P10_P11_BREADTH_ANALYSIS.json,b0eb97b5cd4a5d2b00fbaa348e61764f18b42db7bf1703607fd3214cf4406992,,complete,,,,
,,,,,,,,wiki,,,,,,,,,P10_K2_BREADTH+P11_BASELINE_COMPLETION,1.902301306453346,,phi4,,,nvfp4,6.7012984521810575,,,,raw_ppl,,V62_ppl_primary_phi4_attempt3,,,,,runs/P10_P11_analysis_attempt1/analysis_breadth/P10_P11_BREADTH_ANALYSIS.json,b0eb97b5cd4a5d2b00fbaa348e61764f18b42db7bf1703607fd3214cf4406992,,complete,,,,
,,,,,,,,wiki,,,,,,,,,P10_K2_BREADTH+P11_BASELINE_COMPLETION,1.8967367009464007,,phi4,,,four_over_six,6.6641119300295,,,,raw_ppl,,V62_ppl_primary_phi4_attempt3,,,,,runs/P10_P11_analysis_attempt1/analysis_breadth/P10_P11_BREADTH_ANALYSIS.json,b0eb97b5cd4a5d2b00fbaa348e61764f18b42db7bf1703607fd3214cf4406992,,complete,,,,
,,,,,,,,wiki,,,,,,,,,P10_K2_BREADTH+P11_BASELINE_COMPLETION,1.900516072813198,,phi4,,,all_e0m3,6.689345741116993,,,,raw_ppl,,V62_ppl_primary_phi4_attempt3,,,,,runs/P10_P11_analysis_attempt1/analysis_breadth/P10_P11_BREADTH_ANALYSIS.json,b0eb97b5cd4a5d2b00fbaa348e61764f18b42db7bf1703607fd3214cf4406992,,complete,,,,
,,,,,,,,wiki,,,,,,,,,P10_K2_BREADTH+P11_BASELINE_COMPLETION,1.8893644028079992,,phi4,,,n8_k3,6.615162765672181,,,,raw_ppl,,V62_ppl_primary_phi4_attempt3,,,,,runs/P10_P11_analysis_attempt1/analysis_breadth/P10_P11_BREADTH_ANALYSIS.json,b0eb97b5cd4a5d2b00fbaa348e61764f18b42db7bf1703607fd3214cf4406992,,complete,,,,
,,,,,,,,wiki,,,,,,,,,P10_K2_BREADTH+P11_BASELINE_COMPLETION,1.891419533736456,,phi4,,,n16_k3,6.628771770622306,,,,raw_ppl,,V62_ppl_primary_phi4_attempt3,,,,,runs/P10_P11_analysis_attempt1/analysis_breadth/P10_P11_BREADTH_ANALYSIS.json,b0eb97b5cd4a5d2b00fbaa348e61764f18b42db7bf1703607fd3214cf4406992,,complete,,,,
,,,,,,,,wiki,,,,,,,,,P10_K2_BREADTH+P11_BASELINE_COMPLETION,1.885293528925543,,phi4,,,n8_k2,6.588288011323056,,,,raw_ppl,,P10_k2_breadth_phi4_attempt2,,,,,runs/P10_P11_analysis_attempt1/analysis_breadth/P10_P11_BREADTH_ANALYSIS.json,b0eb97b5cd4a5d2b00fbaa348e61764f18b42db7bf1703607fd3214cf4406992,,complete,,,,
,,,,,,,,wiki,,,,,,,,,P10_K2_BREADTH+P11_BASELINE_COMPLETION,1.8849391854941897,,phi4,,,n16_k2,6.585953908303838,,,,raw_ppl,,P10_k2_breadth_phi4_attempt2,,,,,runs/P10_P11_analysis_attempt1/analysis_breadth/P10_P11_BREADTH_ANALYSIS.json,b0eb97b5cd4a5d2b00fbaa348e61764f18b42db7bf1703607fd3214cf4406992,,complete,,,,
,,,,,,,,wiki,,,,,,,,,P10_K2_BREADTH+P11_BASELINE_COMPLETION,1.8931123383737865,,phi4,,,razer_wonly_shared_act,6.640002489239815,,,,raw_ppl,,P11_baseline_completion_phi4_attempt1,,,,,runs/P10_P11_analysis_attempt1/analysis_breadth/P10_P11_BREADTH_ANALYSIS.json,b0eb97b5cd4a5d2b00fbaa348e61764f18b42db7bf1703607fd3214cf4406992,,complete,,,,
,,,,,,,,wiki,,,,,,,,,P10_K2_BREADTH+P11_BASELINE_COMPLETION,1.8922095372141587,,phi4,,,razer_native_rows,6.63401059244526,,,,raw_ppl,,P11_baseline_completion_phi4_attempt1,,,,,runs/P10_P11_analysis_attempt1/analysis_breadth/P10_P11_BREADTH_ANALYSIS.json,b0eb97b5cd4a5d2b00fbaa348e61764f18b42db7bf1703607fd3214cf4406992,,complete,,,,
,,,,,,,,wiki,,,,,,,,,P10_K2_BREADTH+P11_BASELINE_COMPLETION,1.8950208955688235,,phi4,,,nover6_wonly_shared_act,6.652687414868256,,,,raw_ppl,,P11_baseline_completion_phi4_attempt1,,,,,runs/P10_P11_analysis_attempt1/analysis_breadth/P10_P11_BREADTH_ANALYSIS.json,b0eb97b5cd4a5d2b00fbaa348e61764f18b42db7bf1703607fd3214cf4406992,,complete,,,,
,,,,,,,,wiki,,,,,,,,,P10_K2_BREADTH+P11_BASELINE_COMPLETION,1.8935103686714483,,phi4,,,nover6_native_rows,6.642645937458423,,,,raw_ppl,,P11_baseline_completion_phi4_attempt1,,,,,runs/P10_P11_analysis_attempt1/analysis_breadth/P10_P11_BREADTH_ANALYSIS.json,b0eb97b5cd4a5d2b00fbaa348e61764f18b42db7bf1703607fd3214cf4406992,,complete,,,,
,,,,,,,,c4,,,,,,,,,P10_K2_BREADTH+P11_BASELINE_COMPLETION,2.3330588107319525,,phi4,,,bf16,10.309427941839923,,,,raw_ppl,,V62_ppl_primary_phi4_attempt3,,,,,runs/P10_P11_analysis_attempt1/analysis_breadth/P10_P11_BREADTH_ANALYSIS.json,b0eb97b5cd4a5d2b00fbaa348e61764f18b42db7bf1703607fd3214cf4406992,,complete,,,,
,,,,,,,,c4,,,,,,,,,P10_K2_BREADTH+P11_BASELINE_COMPLETION,2.359327280057442,,phi4,,,nvfp4,10.583829104122541,,,,raw_ppl,,V62_ppl_primary_phi4_attempt3,,,,,runs/P10_P11_analysis_attempt1/analysis_breadth/P10_P11_BREADTH_ANALYSIS.json,b0eb97b5cd4a5d2b00fbaa348e61764f18b42db7bf1703607fd3214cf4406992,,complete,,,,
,,,,,,,,c4,,,,,,,,,P10_K2_BREADTH+P11_BASELINE_COMPLETION,2.355984315913481,,phi4,,,four_over_six,10.548506816387418,,,,raw_ppl,,V62_ppl_primary_phi4_attempt3,,,,,runs/P10_P11_analysis_attempt1/analysis_breadth/P10_P11_BREADTH_ANALYSIS.json,b0eb97b5cd4a5d2b00fbaa348e61764f18b42db7bf1703607fd3214cf4406992,,complete,,,,
,,,,,,,,c4,,,,,,,,,P10_K2_BREADTH+P11_BASELINE_COMPLETION,2.3572990850650553,,phi4,,,all_e0m3,10.562384788910713,,,,raw_ppl,,V62_ppl_primary_phi4_attempt3,,,,,runs/P10_P11_analysis_attempt1/analysis_breadth/P10_P11_BREADTH_ANALYSIS.json,b0eb97b5cd4a5d2b00fbaa348e61764f18b42db7bf1703607fd3214cf4406992,,complete,,,,
,,,,,,,,c4,,,,,,,,,P10_K2_BREADTH+P11_BASELINE_COMPLETION,2.351371453468786,,phi4,,,n8_k3,10.499960061281694,,,,raw_ppl,,V62_ppl_primary_phi4_attempt3,,,,,runs/P10_P11_analysis_attempt1/analysis_breadth/P10_P11_BREADTH_ANALYSIS.json,b0eb97b5cd4a5d2b00fbaa348e61764f18b42db7bf1703607fd3214cf4406992,,complete,,,,
,,,,,,,,c4,,,,,,,,,P10_K2_BREADTH+P11_BASELINE_COMPLETION,2.3520721270550298,,phi4,,,n16_k3,10.507319683998775,,,,raw_ppl,,V62_ppl_primary_phi4_attempt3,,,,,runs/P10_P11_analysis_attempt1/analysis_breadth/P10_P11_BREADTH_ANALYSIS.json,b0eb97b5cd4a5d2b00fbaa348e61764f18b42db7bf1703607fd3214cf4406992,,complete,,,,
,,,,,,,,c4,,,,,,,,,P10_K2_BREADTH+P11_BASELINE_COMPLETION,2.3476354997163704,,phi4,,,n8_k2,10.46080588073511,,,,raw_ppl,,P10_k2_breadth_phi4_attempt2,,,,,runs/P10_P11_analysis_attempt1/analysis_breadth/P10_P11_BREADTH_ANALYSIS.json,b0eb97b5cd4a5d2b00fbaa348e61764f18b42db7bf1703607fd3214cf4406992,,complete,,,,
,,,,,,,,c4,,,,,,,,,P10_K2_BREADTH+P11_BASELINE_COMPLETION,2.348142806993092,,phi4,,,n16_k2,10.466114070006459,,,,raw_ppl,,P10_k2_breadth_phi4_attempt2,,,,,runs/P10_P11_analysis_attempt1/analysis_breadth/P10_P11_BREADTH_ANALYSIS.json,b0eb97b5cd4a5d2b00fbaa348e61764f18b42db7bf1703607fd3214cf4406992,,complete,,,,
,,,,,,,,c4,,,,,,,,,P10_K2_BREADTH+P11_BASELINE_COMPLETION,2.352837844911331,,phi4,,,razer_wonly_shared_act,10.515368407435044,,,,raw_ppl,,P11_baseline_completion_phi4_attempt1,,,,,runs/P10_P11_analysis_attempt1/analysis_breadth/P10_P11_BREADTH_ANALYSIS.json,b0eb97b5cd4a5d2b00fbaa348e61764f18b42db7bf1703607fd3214cf4406992,,complete,,,,
,,,,,,,,c4,,,,,,,,,P10_K2_BREADTH+P11_BASELINE_COMPLETION,2.35294906348881,,phi4,,,razer_native_rows,10.516537976788698,,,,raw_ppl,,P11_baseline_completion_phi4_attempt1,,,,,runs/P10_P11_analysis_attempt1/analysis_breadth/P10_P11_BREADTH_ANALYSIS.json,b0eb97b5cd4a5d2b00fbaa348e61764f18b42db7bf1703607fd3214cf4406992,,complete,,,,
,,,,,,,,c4,,,,,,,,,P10_K2_BREADTH+P11_BASELINE_COMPLETION,2.3547190556453543,,phi4,,,nover6_wonly_shared_act,10.535168649730144,,,,raw_ppl,,P11_baseline_completion_phi4_attempt1,,,,,runs/P10_P11_analysis_attempt1/analysis_breadth/P10_P11_BREADTH_ANALYSIS.json,b0eb97b5cd4a5d2b00fbaa348e61764f18b42db7bf1703607fd3214cf4406992,,complete,,,,
,,,,,,,,c4,,,,,,,,,P10_K2_BREADTH+P11_BASELINE_COMPLETION,2.3536798417840505,,phi4,,,nover6_native_rows,10.524226043277126,,,,raw_ppl,,P11_baseline_completion_phi4_attempt1,,,,,runs/P10_P11_analysis_attempt1/analysis_breadth/P10_P11_BREADTH_ANALYSIS.json,b0eb97b5cd4a5d2b00fbaa348e61764f18b42db7bf1703607fd3214cf4406992,,complete,,,,
,,,,,,,,wiki,,,,,,,,,P10_K2_BREADTH+P11_BASELINE_COMPLETION,1.6100236336526785,,olmo2_13b,,,bf16,5.002929463933732,,,,raw_ppl,,V62_ppl_primary_olmo2_13b_attempt3,,,,,runs/P10_P11_analysis_attempt1/analysis_breadth/P10_P11_BREADTH_ANALYSIS.json,b0eb97b5cd4a5d2b00fbaa348e61764f18b42db7bf1703607fd3214cf4406992,,complete,,,,
,,,,,,,,wiki,,,,,,,,,P10_K2_BREADTH+P11_BASELINE_COMPLETION,1.6868994807612467,,olmo2_13b,,,nvfp4,5.402703523368534,,,,raw_ppl,,V62_ppl_primary_olmo2_13b_attempt3,,,,,runs/P10_P11_analysis_attempt1/analysis_breadth/P10_P11_BREADTH_ANALYSIS.json,b0eb97b5cd4a5d2b00fbaa348e61764f18b42db7bf1703607fd3214cf4406992,,complete,,,,
,,,,,,,,wiki,,,,,,,,,P10_K2_BREADTH+P11_BASELINE_COMPLETION,1.6763852778660542,,olmo2_13b,,,four_over_six,5.346195988750768,,,,raw_ppl,,V62_ppl_primary_olmo2_13b_attempt3,,,,,runs/P10_P11_analysis_attempt1/analysis_breadth/P10_P11_BREADTH_ANALYSIS.json,b0eb97b5cd4a5d2b00fbaa348e61764f18b42db7bf1703607fd3214cf4406992,,complete,,,,
,,,,,,,,wiki,,,,,,,,,P10_K2_BREADTH+P11_BASELINE_COMPLETION,1.684450295018477,,olmo2_13b,,,all_e0m3,5.389487489793567,,,,raw_ppl,,V62_ppl_primary_olmo2_13b_attempt3,,,,,runs/P10_P11_analysis_attempt1/analysis_breadth/P10_P11_BREADTH_ANALYSIS.json,b0eb97b5cd4a5d2b00fbaa348e61764f18b42db7bf1703607fd3214cf4406992,,complete,,,,
,,,,,,,,wiki,,,,,,,,,P10_K2_BREADTH+P11_BASELINE_COMPLETION,1.6733477237304597,,olmo2_13b,,,n8_k3,5.329981268028842,,,,raw_ppl,,V62_ppl_primary_olmo2_13b_attempt3,,,,,runs/P10_P11_analysis_attempt1/analysis_breadth/P10_P11_BREADTH_ANALYSIS.json,b0eb97b5cd4a5d2b00fbaa348e61764f18b42db7bf1703607fd3214cf4406992,,complete,,,,
,,,,,,,,wiki,,,,,,,,,P10_K2_BREADTH+P11_BASELINE_COMPLETION,1.6746899685825718,,olmo2_13b,,,n16_k3,5.337140211400342,,,,raw_ppl,,V62_ppl_primary_olmo2_13b_attempt3,,,,,runs/P10_P11_analysis_attempt1/analysis_breadth/P10_P11_BREADTH_ANALYSIS.json,b0eb97b5cd4a5d2b00fbaa348e61764f18b42db7bf1703607fd3214cf4406992,,complete,,,,
,,,,,,,,wiki,,,,,,,,,P10_K2_BREADTH+P11_BASELINE_COMPLETION,1.671059681027098,,olmo2_13b,,,n8_k2,5.317799984242442,,,,raw_ppl,,P10_k2_breadth_olmo2_13b_attempt1,,,,,runs/P10_P11_analysis_attempt1/analysis_breadth/P10_P11_BREADTH_ANALYSIS.json,b0eb97b5cd4a5d2b00fbaa348e61764f18b42db7bf1703607fd3214cf4406992,,complete,,,,
,,,,,,,,wiki,,,,,,,,,P10_K2_BREADTH+P11_BASELINE_COMPLETION,1.6709759712282088,,olmo2_13b,,,n16_k2,5.3173548509065,,,,raw_ppl,,P10_k2_breadth_olmo2_13b_attempt1,,,,,runs/P10_P11_analysis_attempt1/analysis_breadth/P10_P11_BREADTH_ANALYSIS.json,b0eb97b5cd4a5d2b00fbaa348e61764f18b42db7bf1703607fd3214cf4406992,,complete,,,,
,,,,,,,,wiki,,,,,,,,,P10_K2_BREADTH+P11_BASELINE_COMPLETION,1.6677661148089953,,olmo2_13b,,,razer_wonly_shared_act,5.300314268846948,,,,raw_ppl,,P11_baseline_completion_olmo2_13b_attempt1,,,,,runs/P10_P11_analysis_attempt1/analysis_breadth/P10_P11_BREADTH_ANALYSIS.json,b0eb97b5cd4a5d2b00fbaa348e61764f18b42db7bf1703607fd3214cf4406992,,complete,,,,
,,,,,,,,wiki,,,,,,,,,P10_K2_BREADTH+P11_BASELINE_COMPLETION,1.666947845498981,,olmo2_13b,,,razer_native_rows,5.295978958314995,,,,raw_ppl,,P11_baseline_completion_olmo2_13b_attempt1,,,,,runs/P10_P11_analysis_attempt1/analysis_breadth/P10_P11_BREADTH_ANALYSIS.json,b0eb97b5cd4a5d2b00fbaa348e61764f18b42db7bf1703607fd3214cf4406992,,complete,,,,
,,,,,,,,wiki,,,,,,,,,P10_K2_BREADTH+P11_BASELINE_COMPLETION,1.6750845160821364,,olmo2_13b,,,nover6_wonly_shared_act,5.339246382190463,,,,raw_ppl,,P11_baseline_completion_olmo2_13b_attempt1,,,,,runs/P10_P11_analysis_attempt1/analysis_breadth/P10_P11_BREADTH_ANALYSIS.json,b0eb97b5cd4a5d2b00fbaa348e61764f18b42db7bf1703607fd3214cf4406992,,complete,,,,
,,,,,,,,wiki,,,,,,,,,P10_K2_BREADTH+P11_BASELINE_COMPLETION,1.6730611283634895,,olmo2_13b,,,nover6_native_rows,5.328453938964558,,,,raw_ppl,,P11_baseline_completion_olmo2_13b_attempt1,,,,,runs/P10_P11_analysis_attempt1/analysis_breadth/P10_P11_BREADTH_ANALYSIS.json,b0eb97b5cd4a5d2b00fbaa348e61764f18b42db7bf1703607fd3214cf4406992,,complete,,,,
,,,,,,,,c4,,,,,,,,,P10_K2_BREADTH+P11_BASELINE_COMPLETION,2.2871891914698472,,olmo2_13b,,,bf16,9.847220094767264,,,,raw_ppl,,V62_ppl_primary_olmo2_13b_attempt3,,,,,runs/P10_P11_analysis_attempt1/analysis_breadth/P10_P11_BREADTH_ANALYSIS.json,b0eb97b5cd4a5d2b00fbaa348e61764f18b42db7bf1703607fd3214cf4406992,,complete,,,,
,,,,,,,,c4,,,,,,,,,P10_K2_BREADTH+P11_BASELINE_COMPLETION,2.314767742798315,,olmo2_13b,,,nvfp4,10.122571605544206,,,,raw_ppl,,V62_ppl_primary_olmo2_13b_attempt3,,,,,runs/P10_P11_analysis_attempt1/analysis_breadth/P10_P11_BREADTH_ANALYSIS.json,b0eb97b5cd4a5d2b00fbaa348e61764f18b42db7bf1703607fd3214cf4406992,,complete,,,,
,,,,,,,,c4,,,,,,,,,P10_K2_BREADTH+P11_BASELINE_COMPLETION,2.3114703707758784,,olmo2_13b,,,four_over_six,10.089248690353495,,,,raw_ppl,,V62_ppl_primary_olmo2_13b_attempt3,,,,,runs/P10_P11_analysis_attempt1/analysis_breadth/P10_P11_BREADTH_ANALYSIS.json,b0eb97b5cd4a5d2b00fbaa348e61764f18b42db7bf1703607fd3214cf4406992,,complete,,,,
,,,,,,,,c4,,,,,,,,,P10_K2_BREADTH+P11_BASELINE_COMPLETION,2.3137499279149107,,olmo2_13b,,,all_e0m3,10.112273942951868,,,,raw_ppl,,V62_ppl_primary_olmo2_13b_attempt3,,,,,runs/P10_P11_analysis_attempt1/analysis_breadth/P10_P11_BREADTH_ANALYSIS.json,b0eb97b5cd4a5d2b00fbaa348e61764f18b42db7bf1703607fd3214cf4406992,,complete,,,,
,,,,,,,,c4,,,,,,,,,P10_K2_BREADTH+P11_BASELINE_COMPLETION,2.3102842527175538,,olmo2_13b,,,n8_k3,10.07728874464291,,,,raw_ppl,,V62_ppl_primary_olmo2_13b_attempt3,,,,,runs/P10_P11_analysis_attempt1/analysis_breadth/P10_P11_BREADTH_ANALYSIS.json,b0eb97b5cd4a5d2b00fbaa348e61764f18b42db7bf1703607fd3214cf4406992,,complete,,,,
,,,,,,,,c4,,,,,,,,,P10_K2_BREADTH+P11_BASELINE_COMPLETION,2.310519291054024,,olmo2_13b,,,n16_k3,10.079657572197322,,,,raw_ppl,,V62_ppl_primary_olmo2_13b_attempt3,,,,,runs/P10_P11_analysis_attempt1/analysis_breadth/P10_P11_BREADTH_ANALYSIS.json,b0eb97b5cd4a5d2b00fbaa348e61764f18b42db7bf1703607fd3214cf4406992,,complete,,,,
,,,,,,,,c4,,,,,,,,,P10_K2_BREADTH+P11_BASELINE_COMPLETION,2.3103015754654916,,olmo2_13b,,,n8_k2,10.077463312487724,,,,raw_ppl,,P10_k2_breadth_olmo2_13b_attempt1,,,,,runs/P10_P11_analysis_attempt1/analysis_breadth/P10_P11_BREADTH_ANALYSIS.json,b0eb97b5cd4a5d2b00fbaa348e61764f18b42db7bf1703607fd3214cf4406992,,complete,,,,
,,,,,,,,c4,,,,,,,,,P10_K2_BREADTH+P11_BASELINE_COMPLETION,2.309973859766121,,olmo2_13b,,,n16_k2,10.074161310638862,,,,raw_ppl,,P10_k2_breadth_olmo2_13b_attempt1,,,,,runs/P10_P11_analysis_attempt1/analysis_breadth/P10_P11_BREADTH_ANALYSIS.json,b0eb97b5cd4a5d2b00fbaa348e61764f18b42db7bf1703607fd3214cf4406992,,complete,,,,
,,,,,,,,c4,,,,,,,,,P10_K2_BREADTH+P11_BASELINE_COMPLETION,2.3079652440666805,,olmo2_13b,,,razer_wonly_shared_act,10.05394650076031,,,,raw_ppl,,P11_baseline_completion_olmo2_13b_attempt1,,,,,runs/P10_P11_analysis_attempt1/analysis_breadth/P10_P11_BREADTH_ANALYSIS.json,b0eb97b5cd4a5d2b00fbaa348e61764f18b42db7bf1703607fd3214cf4406992,,complete,,,,
,,,,,,,,c4,,,,,,,,,P10_K2_BREADTH+P11_BASELINE_COMPLETION,2.30723196260922,,olmo2_13b,,,razer_native_rows,10.046576830568478,,,,raw_ppl,,P11_baseline_completion_olmo2_13b_attempt1,,,,,runs/P10_P11_analysis_attempt1/analysis_breadth/P10_P11_BREADTH_ANALYSIS.json,b0eb97b5cd4a5d2b00fbaa348e61764f18b42db7bf1703607fd3214cf4406992,,complete,,,,
,,,,,,,,c4,,,,,,,,,P10_K2_BREADTH+P11_BASELINE_COMPLETION,2.3103894118328134,,olmo2_13b,,,nover6_wonly_shared_act,10.07834851913301,,,,raw_ppl,,P11_baseline_completion_olmo2_13b_attempt1,,,,,runs/P10_P11_analysis_attempt1/analysis_breadth/P10_P11_BREADTH_ANALYSIS.json,b0eb97b5cd4a5d2b00fbaa348e61764f18b42db7bf1703607fd3214cf4406992,,complete,,,,
,,,,,,,,c4,,,,,,,,,P10_K2_BREADTH+P11_BASELINE_COMPLETION,2.3102580018417442,,olmo2_13b,,,nover6_native_rows,10.07702421045972,,,,raw_ppl,,P11_baseline_completion_olmo2_13b_attempt1,,,,,runs/P10_P11_analysis_attempt1/analysis_breadth/P10_P11_BREADTH_ANALYSIS.json,b0eb97b5cd4a5d2b00fbaa348e61764f18b42db7bf1703607fd3214cf4406992,,complete,,,,
,,,,-0.016152734540852455,-0.023436409297485018,54,four_over_six,wiki,-0.019862491818212268,,-0.019862491818212268,Qwen,,/families/breadth_quality/rows/0,,,P10_K2_BREADTH+P11_BASELINE_COMPLETION,,n16_k2,qwen27b,0.0011998800119988001,0.00019998000199980003,,,7.2838627324982586,7.140614412341945,,paired_dlogppl,,P10_P11_analysis_attempt1,,,,,runs/P10_P11_analysis_attempt1/analysis_breadth/P10_P11_BREADTH_ANALYSIS.json,b0eb97b5cd4a5d2b00fbaa348e61764f18b42db7bf1703607fd3214cf4406992,,,P10:Qwen:qwen27b:wiki:n16_k2:four_over_six,,,145
,,,,-0.006197434569368682,-0.007943499795843622,233,four_over_six,c4,-0.007069912026747789,,-0.007069912026747789,Qwen,,/families/breadth_quality/rows/1,,,P10_K2_BREADTH+P11_BASELINE_COMPLETION,,n16_k2,qwen27b,0.0011998800119988001,0.00019998000199980003,,,10.189366840565677,10.117582965237812,,paired_dlogppl,,P10_P11_analysis_attempt1,,,,,runs/P10_P11_analysis_attempt1/analysis_breadth/P10_P11_BREADTH_ANALYSIS.json,b0eb97b5cd4a5d2b00fbaa348e61764f18b42db7bf1703607fd3214cf4406992,,,P10:Qwen:qwen27b:c4:n16_k2:four_over_six,,,256
,,,,-0.010205681552384365,-0.013475420124027946,54,four_over_six,wiki,-0.011797515452209915,,-0.011797515452209915,Phi,,/families/breadth_quality/rows/2,,,P10_K2_BREADTH+P11_BASELINE_COMPLETION,,n16_k2,phi4,0.0011998800119988001,0.00019998000199980003,,,6.6641119300295,6.585953908303838,,paired_dlogppl,,P10_P11_analysis_attempt1,,,,,runs/P10_P11_analysis_attempt1/analysis_breadth/P10_P11_BREADTH_ANALYSIS.json,b0eb97b5cd4a5d2b00fbaa348e61764f18b42db7bf1703607fd3214cf4406992,,,P10:Phi:phi4:wiki:n16_k2:four_over_six,,,141
,,,,-0.006829590198847132,-0.008983476967253596,231,four_over_six,c4,-0.00784150892038997,,-0.00784150892038997,Phi,,/families/breadth_quality/rows/3,,,P10_K2_BREADTH+P11_BASELINE_COMPLETION,,n16_k2,phi4,0.0011998800119988001,0.00019998000199980003,,,10.548506816387418,10.466114070006459,,paired_dlogppl,,P10_P11_analysis_attempt1,,,,,runs/P10_P11_analysis_attempt1/analysis_breadth/P10_P11_BREADTH_ANALYSIS.json,b0eb97b5cd4a5d2b00fbaa348e61764f18b42db7bf1703607fd3214cf4406992,,,P10:Phi:phi4:c4:n16_k2:four_over_six,,,256
,,,,-0.0035290135671733384,-0.00715513577571923,54,four_over_six,wiki,-0.005409306637845444,,-0.005409306637845444,OLMo,,/families/breadth_quality/rows/4,,,P10_K2_BREADTH+P11_BASELINE_COMPLETION,,n16_k2,olmo2_13b,0.0011998800119988001,0.00019998000199980003,,,5.346195988750768,5.3173548509065,,paired_dlogppl,,P10_P11_analysis_attempt1,,,,,runs/P10_P11_analysis_attempt1/analysis_breadth/P10_P11_BREADTH_ANALYSIS.json,b0eb97b5cd4a5d2b00fbaa348e61764f18b42db7bf1703607fd3214cf4406992,,,P10:OLMo:olmo2_13b:wiki:n16_k2:four_over_six,,,141
,,,,-0.0006960081068579725,-0.0022823377602792807,231,four_over_six,c4,-0.001496511009756602,,-0.001496511009756602,OLMo,,/families/breadth_quality/rows/5,,,P10_K2_BREADTH+P11_BASELINE_COMPLETION,,n16_k2,olmo2_13b,0.0011998800119988001,0.00019998000199980003,,,10.089248690353495,10.074161310638862,,paired_dlogppl,,P10_P11_analysis_attempt1,,,,,runs/P10_P11_analysis_attempt1/analysis_breadth/P10_P11_BREADTH_ANALYSIS.json,b0eb97b5cd4a5d2b00fbaa348e61764f18b42db7bf1703607fd3214cf4406992,,,P10:OLMo:olmo2_13b:c4:n16_k2:four_over_six,,,256
,,,,0.0072232808465496675,0.0014998910937733861,54,n8_k2,wiki,0.004156486860824795,,0.004156486860824795,Qwen,,/families/natural_tile_shape/rows/0,,,P10_K2_BREADTH+P11_BASELINE_COMPLETION,,n16_k2,qwen27b,0.003999600039996,0.0007999200079992001,,,7.110996138982223,7.140614412341945,,paired_dlogppl,,P10_P11_analysis_attempt1,,,,,runs/P10_P11_analysis_attempt1/analysis_breadth/P10_P11_BREADTH_ANALYSIS.json,b0eb97b5cd4a5d2b00fbaa348e61764f18b42db7bf1703607fd3214cf4406992,,,P10:Qwen:qwen27b:wiki:n16_k2:n8_k2,,,145
,,,,0.002138991700668827,0.0006685468976740113,233,n8_k2,c4,0.0014113996591023125,,0.0014113996591023125,Qwen,,/families/natural_tile_shape/rows/1,,,P10_K2_BREADTH+P11_BASELINE_COMPLETION,,n16_k2,qwen27b,0.0023997600239976003,0.00039996000399960006,,,10.10331308471086,10.117582965237812,,paired_dlogppl,,P10_P11_analysis_attempt1,,,,,runs/P10_P11_analysis_attempt1/analysis_breadth/P10_P11_BREADTH_ANALYSIS.json,b0eb97b5cd4a5d2b00fbaa348e61764f18b42db7bf1703607fd3214cf4406992,,,P10:Qwen:qwen27b:c4:n16_k2:n8_k2,,,256
,,,,0.0007176607145005024,-0.0013873151742566211,54,n8_k2,wiki,-0.0003543434313537004,,-0.0003543434313537004,Phi,,/families/natural_tile_shape/rows/2,,,P10_K2_BREADTH+P11_BASELINE_COMPLETION,,n16_k2,phi4,1.0,0.5337466253374663,,,6.588288011323056,6.585953908303838,,paired_dlogppl,,P10_P11_analysis_attempt1,,,,,runs/P10_P11_analysis_attempt1/analysis_breadth/P10_P11_BREADTH_ANALYSIS.json,b0eb97b5cd4a5d2b00fbaa348e61764f18b42db7bf1703607fd3214cf4406992,,,P10:Phi:phi4:wiki:n16_k2:n8_k2,,,141
,,,,0.00117849082573762,-0.00014161681306667438,231,n8_k2,c4,0.0005073072767203413,,0.0005073072767203413,Phi,,/families/natural_tile_shape/rows/3,,,P10_K2_BREADTH+P11_BASELINE_COMPLETION,,n16_k2,phi4,0.5143485651434857,0.12858714128587143,,,10.46080588073511,10.466114070006459,,paired_dlogppl,,P10_P11_analysis_attempt1,,,,,runs/P10_P11_analysis_attempt1/analysis_breadth/P10_P11_BREADTH_ANALYSIS.json,b0eb97b5cd4a5d2b00fbaa348e61764f18b42db7bf1703607fd3214cf4406992,,,P10:Phi:phi4:c4:n16_k2:n8_k2,,,256
,,,,0.0012835911556939852,-0.0013997580281591398,54,n8_k2,wiki,-8.370979888932032e-05,,-8.370979888932032e-05,OLMo,,/families/natural_tile_shape/rows/4,,,P10_K2_BREADTH+P11_BASELINE_COMPLETION,,n16_k2,olmo2_13b,1.0,0.8925107489251075,,,5.317799984242442,5.3173548509065,,paired_dlogppl,,P10_P11_analysis_attempt1,,,,,runs/P10_P11_analysis_attempt1/analysis_breadth/P10_P11_BREADTH_ANALYSIS.json,b0eb97b5cd4a5d2b00fbaa348e61764f18b42db7bf1703607fd3214cf4406992,,,P10:OLMo:olmo2_13b:wiki:n16_k2:n8_k2,,,141
,,,,0.0003514514031014595,-0.0009956974889983425,231,n8_k2,c4,-0.00032771569937073956,,-0.00032771569937073956,OLMo,,/families/natural_tile_shape/rows/5,,,P10_K2_BREADTH+P11_BASELINE_COMPLETION,,n16_k2,olmo2_13b,1.0,0.33636636336366366,,,10.077463312487724,10.074161310638862,,paired_dlogppl,,P10_P11_analysis_attempt1,,,,,runs/P10_P11_analysis_attempt1/analysis_breadth/P10_P11_BREADTH_ANALYSIS.json,b0eb97b5cd4a5d2b00fbaa348e61764f18b42db7bf1703607fd3214cf4406992,,,P10:OLMo:olmo2_13b:c4:n16_k2:n8_k2,,,256
,,,,-0.010751305963141177,-0.01914730721386959,54,n16_k3,wiki,-0.014600882418600745,,-0.014600882418600745,Qwen,,/families/threshold_improvement/rows/0,,,P10_K2_BREADTH+P11_BASELINE_COMPLETION,,n16_k2,qwen27b,0.0011998800119988001,0.00019998000199980003,,,7.2456385404484225,7.140614412341945,,paired_dlogppl,,P10_P11_analysis_attempt1,,,,,runs/P10_P11_analysis_attempt1/analysis_breadth/P10_P11_BREADTH_ANALYSIS.json,b0eb97b5cd4a5d2b00fbaa348e61764f18b42db7bf1703607fd3214cf4406992,,,P10:Qwen:qwen27b:wiki:n16_k2:n16_k3,,,145
,,,,-0.0030731953158409297,-0.004586760738853713,233,n16_k3,c4,-0.0038290039043527902,,-0.0038290039043527902,Qwen,,/families/threshold_improvement/rows/1,,,P10_K2_BREADTH+P11_BASELINE_COMPLETION,,n16_k2,qwen27b,0.0011998800119988001,0.00019998000199980003,,,10.156397492980965,10.117582965237812,,paired_dlogppl,,P10_P11_analysis_attempt1,,,,,runs/P10_P11_analysis_attempt1/analysis_breadth/P10_P11_BREADTH_ANALYSIS.json,b0eb97b5cd4a5d2b00fbaa348e61764f18b42db7bf1703607fd3214cf4406992,,,P10:Qwen:qwen27b:c4:n16_k2:n16_k3,,,256
,,,,-0.0050601088056596395,-0.007922154269207117,54,n16_k3,wiki,-0.006480348242266038,,-0.006480348242266038,Phi,,/families/threshold_improvement/rows/2,,,P10_K2_BREADTH+P11_BASELINE_COMPLETION,,n16_k2,phi4,0.0011998800119988001,0.00019998000199980003,,,6.628771770622306,6.585953908303838,,paired_dlogppl,,P10_P11_analysis_attempt1,,,,,runs/P10_P11_analysis_attempt1/analysis_breadth/P10_P11_BREADTH_ANALYSIS.json,b0eb97b5cd4a5d2b00fbaa348e61764f18b42db7bf1703607fd3214cf4406992,,,P10:Phi:phi4:wiki:n16_k2:n16_k3,,,141
,,,,-0.0031233113785433357,-0.0047537488132734515,231,n16_k3,c4,-0.00392932006193939,,-0.00392932006193939,Phi,,/families/threshold_improvement/rows/3,,,P10_K2_BREADTH+P11_BASELINE_COMPLETION,,n16_k2,phi4,0.0011998800119988001,0.00019998000199980003,,,10.507319683998775,10.466114070006459,,paired_dlogppl,,P10_P11_analysis_attempt1,,,,,runs/P10_P11_analysis_attempt1/analysis_breadth/P10_P11_BREADTH_ANALYSIS.json,b0eb97b5cd4a5d2b00fbaa348e61764f18b42db7bf1703607fd3214cf4406992,,,P10:Phi:phi4:c4:n16_k2:n16_k3,,,256
,,,,-0.0012329759155375783,-0.005755534033381094,54,n16_k3,wiki,-0.0037139973543626366,,-0.0037139973543626366,OLMo,,/families/threshold_improvement/rows/4,,,P10_K2_BREADTH+P11_BASELINE_COMPLETION,,n16_k2,olmo2_13b,0.008399160083991601,0.004199580041995801,,,5.337140211400342,5.3173548509065,,paired_dlogppl,,P10_P11_analysis_attempt1,,,,,runs/P10_P11_analysis_attempt1/analysis_breadth/P10_P11_BREADTH_ANALYSIS.json,b0eb97b5cd4a5d2b00fbaa348e61764f18b42db7bf1703607fd3214cf4406992,,,P10:OLMo:olmo2_13b:wiki:n16_k2:n16_k3,,,141
,,,,0.00024113222154775925,-0.0012816857705872317,231,n16_k3,c4,-0.0005454312879054132,,-0.0005454312879054132,OLMo,,/families/threshold_improvement/rows/5,,,P10_K2_BREADTH+P11_BASELINE_COMPLETION,,n16_k2,olmo2_13b,0.16978302169783022,0.16978302169783022,,,10.079657572197322,10.074161310638862,,paired_dlogppl,,P10_P11_analysis_attempt1,,,,,runs/P10_P11_analysis_attempt1/analysis_breadth/P10_P11_BREADTH_ANALYSIS.json,b0eb97b5cd4a5d2b00fbaa348e61764f18b42db7bf1703607fd3214cf4406992,,,P10:OLMo:olmo2_13b:c4:n16_k2:n16_k3,,,256
,,,,-0.0006960081068579725,-0.0022823377602792807,231,four_over_six,c4,-0.001496511009756602,,-0.001496511009756602,OLMo,,/models/olmo2_13b/contrasts/c4/n16_k2_vs_four_over_six,,,P10_K2_BREADTH+P11_BASELINE_COMPLETION,,n16_k2,olmo2_13b,0.0011998800119988001,0.00019998000199980003,,,10.089248690353495,10.074161310638862,,paired_dlogppl,,P10_P11_analysis_attempt1,,,,,runs/P10_P11_analysis_attempt1/analysis_breadth/P10_P11_BREADTH_ANALYSIS.json,b0eb97b5cd4a5d2b00fbaa348e61764f18b42db7bf1703607fd3214cf4406992,,,P10:OLMo:olmo2_13b:c4:n16_k2:four_over_six,,,256
,,,,0.00024113222154775925,-0.0012816857705872317,231,n16_k3,c4,-0.0005454312879054132,,-0.0005454312879054132,OLMo,,/models/olmo2_13b/contrasts/c4/n16_k2_vs_n16_k3,,,P10_K2_BREADTH+P11_BASELINE_COMPLETION,,n16_k2,olmo2_13b,0.16978302169783022,0.16978302169783022,,,10.079657572197322,10.074161310638862,,paired_dlogppl,,P10_P11_analysis_attempt1,,,,,runs/P10_P11_analysis_attempt1/analysis_breadth/P10_P11_BREADTH_ANALYSIS.json,b0eb97b5cd4a5d2b00fbaa348e61764f18b42db7bf1703607fd3214cf4406992,,,P10:OLMo:olmo2_13b:c4:n16_k2:n16_k3,,,256
,,,,0.0003514514031014595,-0.0009956974889983425,231,n8_k2,c4,-0.00032771569937073956,,-0.00032771569937073956,OLMo,,/models/olmo2_13b/contrasts/c4/n16_k2_vs_n8_k2,,,P10_K2_BREADTH+P11_BASELINE_COMPLETION,,n16_k2,olmo2_13b,1.0,0.33636636336366366,,,10.077463312487724,10.074161310638862,,paired_dlogppl,,P10_P11_analysis_attempt1,,,,,runs/P10_P11_analysis_attempt1/analysis_breadth/P10_P11_BREADTH_ANALYSIS.json,b0eb97b5cd4a5d2b00fbaa348e61764f18b42db7bf1703607fd3214cf4406992,,,P10:OLMo:olmo2_13b:c4:n16_k2:n8_k2,,,256
,,,,-0.0035290135671733384,-0.00715513577571923,54,four_over_six,wiki,-0.005409306637845444,,-0.005409306637845444,OLMo,,/models/olmo2_13b/contrasts/wiki/n16_k2_vs_four_over_six,,,P10_K2_BREADTH+P11_BASELINE_COMPLETION,,n16_k2,olmo2_13b,0.0011998800119988001,0.00019998000199980003,,,5.346195988750768,5.3173548509065,,paired_dlogppl,,P10_P11_analysis_attempt1,,,,,runs/P10_P11_analysis_attempt1/analysis_breadth/P10_P11_BREADTH_ANALYSIS.json,b0eb97b5cd4a5d2b00fbaa348e61764f18b42db7bf1703607fd3214cf4406992,,,P10:OLMo:olmo2_13b:wiki:n16_k2:four_over_six,,,141
,,,,-0.0012329759155375783,-0.005755534033381094,54,n16_k3,wiki,-0.0037139973543626366,,-0.0037139973543626366,OLMo,,/models/olmo2_13b/contrasts/wiki/n16_k2_vs_n16_k3,,,P10_K2_BREADTH+P11_BASELINE_COMPLETION,,n16_k2,olmo2_13b,0.008399160083991601,0.004199580041995801,,,5.337140211400342,5.3173548509065,,paired_dlogppl,,P10_P11_analysis_attempt1,,,,,runs/P10_P11_analysis_attempt1/analysis_breadth/P10_P11_BREADTH_ANALYSIS.json,b0eb97b5cd4a5d2b00fbaa348e61764f18b42db7bf1703607fd3214cf4406992,,,P10:OLMo:olmo2_13b:wiki:n16_k2:n16_k3,,,141
,,,,0.0012835911556939852,-0.0013997580281591398,54,n8_k2,wiki,-8.370979888932032e-05,,-8.370979888932032e-05,OLMo,,/models/olmo2_13b/contrasts/wiki/n16_k2_vs_n8_k2,,,P10_K2_BREADTH+P11_BASELINE_COMPLETION,,n16_k2,olmo2_13b,1.0,0.8925107489251075,,,5.317799984242442,5.3173548509065,,paired_dlogppl,,P10_P11_analysis_attempt1,,,,,runs/P10_P11_analysis_attempt1/analysis_breadth/P10_P11_BREADTH_ANALYSIS.json,b0eb97b5cd4a5d2b00fbaa348e61764f18b42db7bf1703607fd3214cf4406992,,,P10:OLMo:olmo2_13b:wiki:n16_k2:n8_k2,,,141
,,,,-0.006829590198847132,-0.008983476967253596,231,four_over_six,c4,-0.00784150892038997,,-0.00784150892038997,Phi,,/models/phi4/contrasts/c4/n16_k2_vs_four_over_six,,,P10_K2_BREADTH+P11_BASELINE_COMPLETION,,n16_k2,phi4,0.0011998800119988001,0.00019998000199980003,,,10.548506816387418,10.466114070006459,,paired_dlogppl,,P10_P11_analysis_attempt1,,,,,runs/P10_P11_analysis_attempt1/analysis_breadth/P10_P11_BREADTH_ANALYSIS.json,b0eb97b5cd4a5d2b00fbaa348e61764f18b42db7bf1703607fd3214cf4406992,,,P10:Phi:phi4:c4:n16_k2:four_over_six,,,256
,,,,-0.0031233113785433357,-0.0047537488132734515,231,n16_k3,c4,-0.00392932006193939,,-0.00392932006193939,Phi,,/models/phi4/contrasts/c4/n16_k2_vs_n16_k3,,,P10_K2_BREADTH+P11_BASELINE_COMPLETION,,n16_k2,phi4,0.0011998800119988001,0.00019998000199980003,,,10.507319683998775,10.466114070006459,,paired_dlogppl,,P10_P11_analysis_attempt1,,,,,runs/P10_P11_analysis_attempt1/analysis_breadth/P10_P11_BREADTH_ANALYSIS.json,b0eb97b5cd4a5d2b00fbaa348e61764f18b42db7bf1703607fd3214cf4406992,,,P10:Phi:phi4:c4:n16_k2:n16_k3,,,256
,,,,0.00117849082573762,-0.00014161681306667438,231,n8_k2,c4,0.0005073072767203413,,0.0005073072767203413,Phi,,/models/phi4/contrasts/c4/n16_k2_vs_n8_k2,,,P10_K2_BREADTH+P11_BASELINE_COMPLETION,,n16_k2,phi4,0.5143485651434857,0.12858714128587143,,,10.46080588073511,10.466114070006459,,paired_dlogppl,,P10_P11_analysis_attempt1,,,,,runs/P10_P11_analysis_attempt1/analysis_breadth/P10_P11_BREADTH_ANALYSIS.json,b0eb97b5cd4a5d2b00fbaa348e61764f18b42db7bf1703607fd3214cf4406992,,,P10:Phi:phi4:c4:n16_k2:n8_k2,,,256
,,,,-0.010205681552384365,-0.013475420124027946,54,four_over_six,wiki,-0.011797515452209915,,-0.011797515452209915,Phi,,/models/phi4/contrasts/wiki/n16_k2_vs_four_over_six,,,P10_K2_BREADTH+P11_BASELINE_COMPLETION,,n16_k2,phi4,0.0011998800119988001,0.00019998000199980003,,,6.6641119300295,6.585953908303838,,paired_dlogppl,,P10_P11_analysis_attempt1,,,,,runs/P10_P11_analysis_attempt1/analysis_breadth/P10_P11_BREADTH_ANALYSIS.json,b0eb97b5cd4a5d2b00fbaa348e61764f18b42db7bf1703607fd3214cf4406992,,,P10:Phi:phi4:wiki:n16_k2:four_over_six,,,141
,,,,-0.0050601088056596395,-0.007922154269207117,54,n16_k3,wiki,-0.006480348242266038,,-0.006480348242266038,Phi,,/models/phi4/contrasts/wiki/n16_k2_vs_n16_k3,,,P10_K2_BREADTH+P11_BASELINE_COMPLETION,,n16_k2,phi4,0.0011998800119988001,0.00019998000199980003,,,6.628771770622306,6.585953908303838,,paired_dlogppl,,P10_P11_analysis_attempt1,,,,,runs/P10_P11_analysis_attempt1/analysis_breadth/P10_P11_BREADTH_ANALYSIS.json,b0eb97b5cd4a5d2b00fbaa348e61764f18b42db7bf1703607fd3214cf4406992,,,P10:Phi:phi4:wiki:n16_k2:n16_k3,,,141
,,,,0.0007176607145005024,-0.0013873151742566211,54,n8_k2,wiki,-0.0003543434313537004,,-0.0003543434313537004,Phi,,/models/phi4/contrasts/wiki/n16_k2_vs_n8_k2,,,P10_K2_BREADTH+P11_BASELINE_COMPLETION,,n16_k2,phi4,1.0,0.5337466253374663,,,6.588288011323056,6.585953908303838,,paired_dlogppl,,P10_P11_analysis_attempt1,,,,,runs/P10_P11_analysis_attempt1/analysis_breadth/P10_P11_BREADTH_ANALYSIS.json,b0eb97b5cd4a5d2b00fbaa348e61764f18b42db7bf1703607fd3214cf4406992,,,P10:Phi:phi4:wiki:n16_k2:n8_k2,,,141
,,,,-0.006197434569368682,-0.007943499795843622,233,four_over_six,c4,-0.007069912026747789,,-0.007069912026747789,Qwen,,/models/qwen27b/contrasts/c4/n16_k2_vs_four_over_six,,,P10_K2_BREADTH+P11_BASELINE_COMPLETION,,n16_k2,qwen27b,0.0011998800119988001,0.00019998000199980003,,,10.189366840565677,10.117582965237812,,paired_dlogppl,,P10_P11_analysis_attempt1,,,,,runs/P10_P11_analysis_attempt1/analysis_breadth/P10_P11_BREADTH_ANALYSIS.json,b0eb97b5cd4a5d2b00fbaa348e61764f18b42db7bf1703607fd3214cf4406992,,,P10:Qwen:qwen27b:c4:n16_k2:four_over_six,,,256
,,,,-0.0030731953158409297,-0.004586760738853713,233,n16_k3,c4,-0.0038290039043527902,,-0.0038290039043527902,Qwen,,/models/qwen27b/contrasts/c4/n16_k2_vs_n16_k3,,,P10_K2_BREADTH+P11_BASELINE_COMPLETION,,n16_k2,qwen27b,0.0011998800119988001,0.00019998000199980003,,,10.156397492980965,10.117582965237812,,paired_dlogppl,,P10_P11_analysis_attempt1,,,,,runs/P10_P11_analysis_attempt1/analysis_breadth/P10_P11_BREADTH_ANALYSIS.json,b0eb97b5cd4a5d2b00fbaa348e61764f18b42db7bf1703607fd3214cf4406992,,,P10:Qwen:qwen27b:c4:n16_k2:n16_k3,,,256
,,,,0.002138991700668827,0.0006685468976740113,233,n8_k2,c4,0.0014113996591023125,,0.0014113996591023125,Qwen,,/models/qwen27b/contrasts/c4/n16_k2_vs_n8_k2,,,P10_K2_BREADTH+P11_BASELINE_COMPLETION,,n16_k2,qwen27b,0.0023997600239976003,0.00039996000399960006,,,10.10331308471086,10.117582965237812,,paired_dlogppl,,P10_P11_analysis_attempt1,,,,,runs/P10_P11_analysis_attempt1/analysis_breadth/P10_P11_BREADTH_ANALYSIS.json,b0eb97b5cd4a5d2b00fbaa348e61764f18b42db7bf1703607fd3214cf4406992,,,P10:Qwen:qwen27b:c4:n16_k2:n8_k2,,,256
,,,,-0.016152734540852455,-0.023436409297485018,54,four_over_six,wiki,-0.019862491818212268,,-0.019862491818212268,Qwen,,/models/qwen27b/contrasts/wiki/n16_k2_vs_four_over_six,,,P10_K2_BREADTH+P11_BASELINE_COMPLETION,,n16_k2,qwen27b,0.0011998800119988001,0.00019998000199980003,,,7.2838627324982586,7.140614412341945,,paired_dlogppl,,P10_P11_analysis_attempt1,,,,,runs/P10_P11_analysis_attempt1/analysis_breadth/P10_P11_BREADTH_ANALYSIS.json,b0eb97b5cd4a5d2b00fbaa348e61764f18b42db7bf1703607fd3214cf4406992,,,P10:Qwen:qwen27b:wiki:n16_k2:four_over_six,,,145
,,,,-0.010751305963141177,-0.01914730721386959,54,n16_k3,wiki,-0.014600882418600745,,-0.014600882418600745,Qwen,,/models/qwen27b/contrasts/wiki/n16_k2_vs_n16_k3,,,P10_K2_BREADTH+P11_BASELINE_COMPLETION,,n16_k2,qwen27b,0.0011998800119988001,0.00019998000199980003,,,7.2456385404484225,7.140614412341945,,paired_dlogppl,,P10_P11_analysis_attempt1,,,,,runs/P10_P11_analysis_attempt1/analysis_breadth/P10_P11_BREADTH_ANALYSIS.json,b0eb97b5cd4a5d2b00fbaa348e61764f18b42db7bf1703607fd3214cf4406992,,,P10:Qwen:qwen27b:wiki:n16_k2:n16_k3,,,145
,,,,0.0072232808465496675,0.0014998910937733861,54,n8_k2,wiki,0.004156486860824795,,0.004156486860824795,Qwen,,/models/qwen27b/contrasts/wiki/n16_k2_vs_n8_k2,,,P10_K2_BREADTH+P11_BASELINE_COMPLETION,,n16_k2,qwen27b,0.003999600039996,0.0007999200079992001,,,7.110996138982223,7.140614412341945,,paired_dlogppl,,P10_P11_analysis_attempt1,,,,,runs/P10_P11_analysis_attempt1/analysis_breadth/P10_P11_BREADTH_ANALYSIS.json,b0eb97b5cd4a5d2b00fbaa348e61764f18b42db7bf1703607fd3214cf4406992,,,P10:Qwen:qwen27b:wiki:n16_k2:n8_k2,,,145
,,,,-0.004640148667769615,-0.008030501161525507,53,p20_global_weight_mse,wiki,-0.006256645882362674,,-0.006256645882362674,,,/scopes/global/deterministic_contrasts/0,,,P20_K2_DENSITY_DEV,,n16_k2_reference,llama8b,0.0047995200479952005,0.00019998000199980003,,,6.881641390154632,6.8387198094684445,,paired_dlogppl,,P20_analysis_attempt1,global,,,weight_mse,runs/P20_analysis_attempt1/analysis_p20/P20_DENSITY_CONTROL_ANALYSIS.json,317bcc26ef06c21f37fb42fbfb1f874edce3edcc4c3e27ac691a0595067641b0,,,P20:global:deterministic:llama8b:wiki:n16_k2_reference:p20_global_weight_mse,,,141
,,,,-0.002959681464501106,-0.006331731975688258,53,p20_global_magnitude,wiki,-0.0045697132317588955,,-0.0045697132317588955,,,/scopes/global/deterministic_contrasts/1,,,P20_K2_DENSITY_DEV,,n16_k2_reference,llama8b,0.0047995200479952005,0.00019998000199980003,,,6.870042310787346,6.8387198094684445,,paired_dlogppl,,P20_analysis_attempt1,global,,,magnitude,runs/P20_analysis_attempt1/analysis_p20/P20_DENSITY_CONTROL_ANALYSIS.json,317bcc26ef06c21f37fb42fbfb1f874edce3edcc4c3e27ac691a0595067641b0,,,P20:global:deterministic:llama8b:wiki:n16_k2_reference:p20_global_magnitude,,,141
,,,,-0.004330160754656688,-0.008080006314079454,53,p20_global_change_norm,wiki,-0.006135804748895254,,-0.006135804748895254,,,/scopes/global/deterministic_contrasts/2,,,P20_K2_DENSITY_DEV,,n16_k2_reference,llama8b,0.0047995200479952005,0.00019998000199980003,,,6.88080985505176,6.8387198094684445,,paired_dlogppl,,P20_analysis_attempt1,global,,,change_norm,runs/P20_analysis_attempt1/analysis_p20/P20_DENSITY_CONTROL_ANALYSIS.json,317bcc26ef06c21f37fb42fbfb1f874edce3edcc4c3e27ac691a0595067641b0,,,P20:global:deterministic:llama8b:wiki:n16_k2_reference:p20_global_change_norm,,,141
,,,,-0.004084378469069519,-0.00685790164536146,53,p20_global_activation_weighted,wiki,-0.005414794549401863,,-0.005414794549401863,,,/scopes/global/deterministic_contrasts/3,,,P20_K2_DENSITY_DEV,,n16_k2_reference,llama8b,0.0047995200479952005,0.00019998000199980003,,,6.875850509049874,6.8387198094684445,,paired_dlogppl,,P20_analysis_attempt1,global,,,activation_weighted,runs/P20_analysis_attempt1/analysis_p20/P20_DENSITY_CONTROL_ANALYSIS.json,317bcc26ef06c21f37fb42fbfb1f874edce3edcc4c3e27ac691a0595067641b0,,,P20:global:deterministic:llama8b:wiki:n16_k2_reference:p20_global_activation_weighted,,,141
,,,,-0.0021679641485177754,-0.006489964486610369,231,p20_global_weight_mse,c4,-0.004175892412555748,,-0.004175892412555748,,,/scopes/global/deterministic_contrasts/4,,,P20_K2_DENSITY_DEV,,n16_k2_reference,llama8b,0.0047995200479952005,0.00019998000199980003,,,9.815161642546183,9.77426004329114,,paired_dlogppl,,P20_analysis_attempt1,global,,,weight_mse,runs/P20_analysis_attempt1/analysis_p20/P20_DENSITY_CONTROL_ANALYSIS.json,317bcc26ef06c21f37fb42fbfb1f874edce3edcc4c3e27ac691a0595067641b0,,,P20:global:deterministic:llama8b:c4:n16_k2_reference:p20_global_weight_mse,,,256
,,,,-0.0026718831399474108,-0.006531133693676394,231,p20_global_magnitude,c4,-0.00449021617629208,,-0.00449021617629208,,,/scopes/global/deterministic_contrasts/5,,,P20_K2_DENSITY_DEV,,n16_k2_reference,llama8b,0.0047995200479952005,0.00019998000199980003,,,9.818247266012333,9.77426004329114,,paired_dlogppl,,P20_analysis_attempt1,global,,,magnitude,runs/P20_analysis_attempt1/analysis_p20/P20_DENSITY_CONTROL_ANALYSIS.json,317bcc26ef06c21f37fb42fbfb1f874edce3edcc4c3e27ac691a0595067641b0,,,P20:global:deterministic:llama8b:c4:n16_k2_reference:p20_global_magnitude,,,256
,,,,-0.002904276865561954,-0.007053533832623279,231,p20_global_change_norm,c4,-0.004844385511583312,,-0.004844385511583312,,,/scopes/global/deterministic_contrasts/6,,,P20_K2_DENSITY_DEV,,n16_k2_reference,llama8b,0.0047995200479952005,0.00019998000199980003,,,9.82172520397341,9.77426004329114,,paired_dlogppl,,P20_analysis_attempt1,global,,,change_norm,runs/P20_analysis_attempt1/analysis_p20/P20_DENSITY_CONTROL_ANALYSIS.json,317bcc26ef06c21f37fb42fbfb1f874edce3edcc4c3e27ac691a0595067641b0,,,P20:global:deterministic:llama8b:c4:n16_k2_reference:p20_global_change_norm,,,256
,,,,-0.0014307421801493172,-0.0052502966043274256,231,p20_global_activation_weighted,c4,-0.0032489093764589507,,-0.0032489093764589507,,,/scopes/global/deterministic_contrasts/7,,,P20_K2_DENSITY_DEV,,n16_k2_reference,llama8b,0.0047995200479952005,0.00039996000399960006,,,9.806067369976402,9.77426004329114,,paired_dlogppl,,P20_analysis_attempt1,global,,,activation_weighted,runs/P20_analysis_attempt1/analysis_p20/P20_DENSITY_CONTROL_ANALYSIS.json,317bcc26ef06c21f37fb42fbfb1f874edce3edcc4c3e27ac691a0595067641b0,,,P20:global:deterministic:llama8b:c4:n16_k2_reference:p20_global_activation_weighted,,,256
,,,,-0.23190124055279138,-0.2560184345023081,53,p20_global_weight_mse,wiki,-0.24331433032145228,,-0.24331433032145228,,,/scopes/global/deterministic_contrasts/8,,,P20_K2_DENSITY_DEV,,n16_k2_reference,qwen4b,0.0047995200479952005,0.00019998000199980003,,,14.241964325839206,11.16605653908429,,paired_dlogppl,,P20_analysis_attempt1,global,,,weight_mse,runs/P20_analysis_attempt1/analysis_p20/P20_DENSITY_CONTROL_ANALYSIS.json,317bcc26ef06c21f37fb42fbfb1f874edce3edcc4c3e27ac691a0595067641b0,,,P20:global:deterministic:qwen4b:wiki:n16_k2_reference:p20_global_weight_mse,,,146
,,,,-0.24345660173357092,-0.2671169860486137,53,p20_global_magnitude,wiki,-0.25437878995660534,,-0.25437878995660534,,,/scopes/global/deterministic_contrasts/9,,,P20_K2_DENSITY_DEV,,n16_k2_reference,qwen4b,0.0047995200479952005,0.00019998000199980003,,,14.400418956150322,11.16605653908429,,paired_dlogppl,,P20_analysis_attempt1,global,,,magnitude,runs/P20_analysis_attempt1/analysis_p20/P20_DENSITY_CONTROL_ANALYSIS.json,317bcc26ef06c21f37fb42fbfb1f874edce3edcc4c3e27ac691a0595067641b0,,,P20:global:deterministic:qwen4b:wiki:n16_k2_reference:p20_global_magnitude,,,146
,,,,-0.2435215930048402,-0.26844003749612333,53,p20_global_change_norm,wiki,-0.25522720987600933,,-0.25522720987600933,,,/scopes/global/deterministic_contrasts/10,,,P20_K2_DENSITY_DEV,,n16_k2_reference,qwen4b,0.0047995200479952005,0.00019998000199980003,,,14.412641742735097,11.16605653908429,,paired_dlogppl,,P20_analysis_attempt1,global,,,change_norm,runs/P20_analysis_attempt1/analysis_p20/P20_DENSITY_CONTROL_ANALYSIS.json,317bcc26ef06c21f37fb42fbfb1f874edce3edcc4c3e27ac691a0595067641b0,,,P20:global:deterministic:qwen4b:wiki:n16_k2_reference:p20_global_change_norm,,,146
,,,,-0.22634015708498148,-0.250658445846642,53,p20_global_activation_weighted,wiki,-0.2379314832332903,,-0.2379314832332903,,,/scopes/global/deterministic_contrasts/11,,,P20_K2_DENSITY_DEV,,n16_k2_reference,qwen4b,0.0047995200479952005,0.00019998000199980003,,,14.165507970682937,11.16605653908429,,paired_dlogppl,,P20_analysis_attempt1,global,,,activation_weighted,runs/P20_analysis_attempt1/analysis_p20/P20_DENSITY_CONTROL_ANALYSIS.json,317bcc26ef06c21f37fb42fbfb1f874edce3edcc4c3e27ac691a0595067641b0,,,P20:global:deterministic:qwen4b:wiki:n16_k2_reference:p20_global_activation_weighted,,,146
,,,,-0.11290258102391716,-0.12230061562889337,231,p20_global_weight_mse,c4,-0.11767029159974053,,-0.11767029159974053,,,/scopes/global/deterministic_contrasts/12,,,P20_K2_DENSITY_DEV,,n16_k2_reference,qwen4b,0.0047995200479952005,0.00019998000199980003,,,17.283634698888008,15.364963054070836,,paired_dlogppl,,P20_analysis_attempt1,global,,,weight_mse,runs/P20_analysis_attempt1/analysis_p20/P20_DENSITY_CONTROL_ANALYSIS.json,317bcc26ef06c21f37fb42fbfb1f874edce3edcc4c3e27ac691a0595067641b0,,,P20:global:deterministic:qwen4b:c4:n16_k2_reference:p20_global_weight_mse,,,256
,,,,-0.11670462471313857,-0.1264750322628331,231,p20_global_magnitude,c4,-0.12148344739016138,,-0.12148344739016138,,,/scopes/global/deterministic_contrasts/13,,,P20_K2_DENSITY_DEV,,n16_k2_reference,qwen4b,0.0047995200479952005,0.00019998000199980003,,,17.349665703865636,15.364963054070836,,paired_dlogppl,,P20_analysis_attempt1,global,,,magnitude,runs/P20_analysis_attempt1/analysis_p20/P20_DENSITY_CONTROL_ANALYSIS.json,317bcc26ef06c21f37fb42fbfb1f874edce3edcc4c3e27ac691a0595067641b0,,,P20:global:deterministic:qwen4b:c4:n16_k2_reference:p20_global_magnitude,,,256
,,,,-0.1132587838822558,-0.12311575034280857,231,p20_global_change_norm,c4,-0.11828843619538588,,-0.11828843619538588,,,/scopes/global/deterministic_contrasts/14,,,P20_K2_DENSITY_DEV,,n16_k2_reference,qwen4b,0.0047995200479952005,0.00019998000199980003,,,17.294321787012816,15.364963054070836,,paired_dlogppl,,P20_analysis_attempt1,global,,,change_norm,runs/P20_analysis_attempt1/analysis_p20/P20_DENSITY_CONTROL_ANALYSIS.json,317bcc26ef06c21f37fb42fbfb1f874edce3edcc4c3e27ac691a0595067641b0,,,P20:global:deterministic:qwen4b:c4:n16_k2_reference:p20_global_change_norm,,,256
,,,,-0.1135343572300873,-0.12357025391614548,231,p20_global_activation_weighted,c4,-0.11856654592704212,,-0.11856654592704212,,,/scopes/global/deterministic_contrasts/15,,,P20_K2_DENSITY_DEV,,n16_k2_reference,qwen4b,0.0047995200479952005,0.00019998000199980003,,,17.299132175081006,15.364963054070836,,paired_dlogppl,,P20_analysis_attempt1,global,,,activation_weighted,runs/P20_analysis_attempt1/analysis_p20/P20_DENSITY_CONTROL_ANALYSIS.json,317bcc26ef06c21f37fb42fbfb1f874edce3edcc4c3e27ac691a0595067641b0,,,P20:global:deterministic:qwen4b:c4:n16_k2_reference:p20_global_activation_weighted,,,256
,,,,-0.003819992154764914,-0.005740296232681818,57,p20_global_weight_mse,wiki,-0.004776831877849716,,-0.004776831877849716,,,/scopes/global/deterministic_contrasts/16,,,P20_K2_DENSITY_DEV,,n16_k2_reference,mistral7b,0.0047995200479952005,0.00019998000199980003,,,5.523108424681896,5.496788377561922,,paired_dlogppl,,P20_analysis_attempt1,global,,,weight_mse,runs/P20_analysis_attempt1/analysis_p20/P20_DENSITY_CONTROL_ANALYSIS.json,317bcc26ef06c21f37fb42fbfb1f874edce3edcc4c3e27ac691a0595067641b0,,,P20:global:deterministic:mistral7b:wiki:n16_k2_reference:p20_global_weight_mse,,,163
,,,,-0.003289879406994825,-0.005033699040633707,57,p20_global_magnitude,wiki,-0.004156007915690295,,-0.004156007915690295,,,/scopes/global/deterministic_contrasts/17,,,P20_K2_DENSITY_DEV,,n16_k2_reference,mistral7b,0.0047995200479952005,0.00019998000199980003,,,5.5196806107708465,5.496788377561922,,paired_dlogppl,,P20_analysis_attempt1,global,,,magnitude,runs/P20_analysis_attempt1/analysis_p20/P20_DENSITY_CONTROL_ANALYSIS.json,317bcc26ef06c21f37fb42fbfb1f874edce3edcc4c3e27ac691a0595067641b0,,,P20:global:deterministic:mistral7b:wiki:n16_k2_reference:p20_global_magnitude,,,163
,,,,-0.002994602760286106,-0.004706166837109453,57,p20_global_change_norm,wiki,-0.0038611686355800694,,-0.0038611686355800694,,,/scopes/global/deterministic_contrasts/18,,,P20_K2_DENSITY_DEV,,n16_k2_reference,mistral7b,0.0047995200479952005,0.00019998000199980003,,,5.51805343200302,5.496788377561922,,paired_dlogppl,,P20_analysis_attempt1,global,,,change_norm,runs/P20_analysis_attempt1/analysis_p20/P20_DENSITY_CONTROL_ANALYSIS.json,317bcc26ef06c21f37fb42fbfb1f874edce3edcc4c3e27ac691a0595067641b0,,,P20:global:deterministic:mistral7b:wiki:n16_k2_reference:p20_global_change_norm,,,163
,,,,-0.0034170592059771703,-0.005009310661980715,57,p20_global_activation_weighted,wiki,-0.004237959370162841,,-0.004237959370162841,,,/scopes/global/deterministic_contrasts/19,,,P20_K2_DENSITY_DEV,,n16_k2_reference,mistral7b,0.0047995200479952005,0.00019998000199980003,,,5.52013297516082,5.496788377561922,,paired_dlogppl,,P20_analysis_attempt1,global,,,activation_weighted,runs/P20_analysis_attempt1/analysis_p20/P20_DENSITY_CONTROL_ANALYSIS.json,317bcc26ef06c21f37fb42fbfb1f874edce3edcc4c3e27ac691a0595067641b0,,,P20:global:deterministic:mistral7b:wiki:n16_k2_reference:p20_global_activation_weighted,,,163
,,,,-0.0011797157948580251,-0.002787347967082474,235,p20_global_weight_mse,c4,-0.001997023368206569,,-0.001997023368206569,,,/scopes/global/deterministic_contrasts/20,,,P20_K2_DENSITY_DEV,,n16_k2_reference,mistral7b,0.0047995200479952005,0.00019998000199980003,,,8.064225282016965,8.048136905461106,,paired_dlogppl,,P20_analysis_attempt1,global,,,weight_mse,runs/P20_analysis_attempt1/analysis_p20/P20_DENSITY_CONTROL_ANALYSIS.json,317bcc26ef06c21f37fb42fbfb1f874edce3edcc4c3e27ac691a0595067641b0,,,P20:global:deterministic:mistral7b:c4:n16_k2_reference:p20_global_weight_mse,,,256
,,,,-0.0012446418937842472,-0.0029658423750675822,235,p20_global_magnitude,c4,-0.0021359714794433804,,-0.0021359714794433804,,,/scopes/global/deterministic_contrasts/21,,,P20_K2_DENSITY_DEV,,n16_k2_reference,mistral7b,0.0047995200479952005,0.00019998000199980003,,,8.065345868738387,8.048136905461106,,paired_dlogppl,,P20_analysis_attempt1,global,,,magnitude,runs/P20_analysis_attempt1/analysis_p20/P20_DENSITY_CONTROL_ANALYSIS.json,317bcc26ef06c21f37fb42fbfb1f874edce3edcc4c3e27ac691a0595067641b0,,,P20:global:deterministic:mistral7b:c4:n16_k2_reference:p20_global_magnitude,,,256
,,,,-0.000910559118711129,-0.0025021372772433895,235,p20_global_change_norm,c4,-0.0017323655867154217,,-0.0017323655867154217,,,/scopes/global/deterministic_contrasts/22,,,P20_K2_DENSITY_DEV,,n16_k2_reference,mistral7b,0.0047995200479952005,0.00019998000199980003,,,8.062091304443728,8.048136905461106,,paired_dlogppl,,P20_analysis_attempt1,global,,,change_norm,runs/P20_analysis_attempt1/analysis_p20/P20_DENSITY_CONTROL_ANALYSIS.json,317bcc26ef06c21f37fb42fbfb1f874edce3edcc4c3e27ac691a0595067641b0,,,P20:global:deterministic:mistral7b:c4:n16_k2_reference:p20_global_change_norm,,,256
,,,,-0.001561445928655422,-0.0029494705466468407,235,p20_global_activation_weighted,c4,-0.0022470370032560043,,-0.0022470370032560043,,,/scopes/global/deterministic_contrasts/23,,,P20_K2_DENSITY_DEV,,n16_k2_reference,mistral7b,0.0047995200479952005,0.00019998000199980003,,,8.066241700349105,8.048136905461106,,paired_dlogppl,,P20_analysis_attempt1,global,,,activation_weighted,runs/P20_analysis_attempt1/analysis_p20/P20_DENSITY_CONTROL_ANALYSIS.json,317bcc26ef06c21f37fb42fbfb1f874edce3edcc4c3e27ac691a0595067641b0,,,P20:global:deterministic:mistral7b:c4:n16_k2_reference:p20_global_activation_weighted,,,256
,,,,-0.004793245997104542,-0.007420409828555705,53,p20_global_n8_u2_matched,wiki,-0.006139041984730559,,-0.006139041984730559,,,/scopes/global/matched_n8_contrasts/0,,,P20_K2_DENSITY_DEV,,n16_k2_reference,llama8b,0.0011998800119988001,0.00019998000199980003,,,6.880832129892066,6.8387198094684445,,paired_dlogppl,,P20_analysis_attempt1,global,,,,runs/P20_analysis_attempt1/analysis_p20/P20_DENSITY_CONTROL_ANALYSIS.json,317bcc26ef06c21f37fb42fbfb1f874edce3edcc4c3e27ac691a0595067641b0,,,P20:global:matched_n8:llama8b:wiki:n16_k2_reference:p20_global_n8_u2_matched,,,141
,,,,-0.0009751889958121265,-0.004029756156673061,231,p20_global_n8_u2_matched,c4,-0.0026499639297139443,,-0.0026499639297139443,,,/scopes/global/matched_n8_contrasts/1,,,P20_K2_DENSITY_DEV,,n16_k2_reference,llama8b,0.013198680131986803,0.004399560043995601,,,9.800195829116573,9.77426004329114,,paired_dlogppl,,P20_analysis_attempt1,global,,,,runs/P20_analysis_attempt1/analysis_p20/P20_DENSITY_CONTROL_ANALYSIS.json,317bcc26ef06c21f37fb42fbfb1f874edce3edcc4c3e27ac691a0595067641b0,,,P20:global:matched_n8:llama8b:c4:n16_k2_reference:p20_global_n8_u2_matched,,,256
,,,,0.02965386493951957,0.025084599937494838,53,p20_global_n8_u2_matched,wiki,0.027298341776795063,,0.027298341776795063,,,/scopes/global/matched_n8_contrasts/2,,,P20_K2_DENSITY_DEV,,n16_k2_reference,qwen4b,0.0011998800119988001,0.00019998000199980003,,,10.865364580040433,11.16605653908429,,paired_dlogppl,,P20_analysis_attempt1,global,,,,runs/P20_analysis_attempt1/analysis_p20/P20_DENSITY_CONTROL_ANALYSIS.json,317bcc26ef06c21f37fb42fbfb1f874edce3edcc4c3e27ac691a0595067641b0,,,P20:global:matched_n8:qwen4b:wiki:n16_k2_reference:p20_global_n8_u2_matched,,,146
,,,,0.013489370394036535,0.010486673144819065,231,p20_global_n8_u2_matched,c4,0.012001644626585078,,0.012001644626585078,,,/scopes/global/matched_n8_contrasts/3,,,P20_K2_DENSITY_DEV,,n16_k2_reference,qwen4b,0.0011998800119988001,0.00019998000199980003,,,15.181660394713212,15.364963054070836,,paired_dlogppl,,P20_analysis_attempt1,global,,,,runs/P20_analysis_attempt1/analysis_p20/P20_DENSITY_CONTROL_ANALYSIS.json,317bcc26ef06c21f37fb42fbfb1f874edce3edcc4c3e27ac691a0595067641b0,,,P20:global:matched_n8:qwen4b:c4:n16_k2_reference:p20_global_n8_u2_matched,,,256
,,,,0.0008833286566156406,-0.0006818662996944538,57,p20_global_n8_u2_matched,wiki,7.271564793177452e-05,,7.271564793177452e-05,,,/scopes/global/matched_n8_contrasts/4,,,P20_K2_DENSITY_DEV,,n16_k2_reference,mistral7b,0.8643135686431357,0.8563143685631437,,,5.4963886895654674,5.496788377561922,,paired_dlogppl,,P20_analysis_attempt1,global,,,,runs/P20_analysis_attempt1/analysis_p20/P20_DENSITY_CONTROL_ANALYSIS.json,317bcc26ef06c21f37fb42fbfb1f874edce3edcc4c3e27ac691a0595067641b0,,,P20:global:matched_n8:mistral7b:wiki:n16_k2_reference:p20_global_n8_u2_matched,,,163
,,,,0.0011563977388646019,-0.0006082047398223289,235,p20_global_n8_u2_matched,c4,0.000337584252608287,,0.000337584252608287,,,/scopes/global/matched_n8_contrasts/5,,,P20_K2_DENSITY_DEV,,n16_k2_reference,mistral7b,0.8643135686431357,0.43215678432156784,,,8.045420439722827,8.048136905461106,,paired_dlogppl,,P20_analysis_attempt1,global,,,,runs/P20_analysis_attempt1/analysis_p20/P20_DENSITY_CONTROL_ANALYSIS.json,317bcc26ef06c21f37fb42fbfb1f874edce3edcc4c3e27ac691a0595067641b0,,,P20:global:matched_n8:mistral7b:c4:n16_k2_reference:p20_global_n8_u2_matched,,,256
,,,,-0.00409404438364893,-0.007205706064587463,53,p20_global_random_2026091402,wiki,-0.005585047441888466,,-0.005585047441888466,,,/scopes/global/median_random_contrasts/0,,,P20_K2_DENSITY_DEV,,n16_k2_reference,llama8b,0.0011998800119988001,0.00019998000199980003,,,6.8770212421448615,6.8387198094684445,,paired_dlogppl,,P20_analysis_attempt1,global,,,,runs/P20_analysis_attempt1/analysis_p20/P20_DENSITY_CONTROL_ANALYSIS.json,317bcc26ef06c21f37fb42fbfb1f874edce3edcc4c3e27ac691a0595067641b0,,,P20:global:median_random:llama8b:wiki:n16_k2_reference:p20_global_random_2026091402,,,141
,,,,-0.0029157710876072944,-0.006518234269520436,231,p20_global_random_2026091402,c4,-0.0045905888822774105,,-0.0045905888822774105,,,/scopes/global/median_random_contrasts/1,,,P20_K2_DENSITY_DEV,,n16_k2_reference,llama8b,0.0011998800119988001,0.00019998000199980003,,,9.819232799517945,9.77426004329114,,paired_dlogppl,,P20_analysis_attempt1,global,,,,runs/P20_analysis_attempt1/analysis_p20/P20_DENSITY_CONTROL_ANALYSIS.json,317bcc26ef06c21f37fb42fbfb1f874edce3edcc4c3e27ac691a0595067641b0,,,P20:global:median_random:llama8b:c4:n16_k2_reference:p20_global_random_2026091402,,,256
,,,,-0.22864583960424725,-0.25175724550717066,53,p20_global_random_2026091404,wiki,-0.23939031689446258,,-0.23939031689446258,,,/scopes/global/median_random_contrasts/2,,,P20_K2_DENSITY_DEV,,n16_k2_reference,qwen4b,0.0011998800119988001,0.00019998000199980003,,,14.186188171356964,11.16605653908429,,paired_dlogppl,,P20_analysis_attempt1,global,,,,runs/P20_analysis_attempt1/analysis_p20/P20_DENSITY_CONTROL_ANALYSIS.json,317bcc26ef06c21f37fb42fbfb1f874edce3edcc4c3e27ac691a0595067641b0,,,P20:global:median_random:qwen4b:wiki:n16_k2_reference:p20_global_random_2026091404,,,146
,,,,-0.11450365534810486,-0.12426883933136693,231,p20_global_random_2026091403,c4,-0.11932814108254299,,-0.11932814108254299,,,/scopes/global/median_random_contrasts/3,,,P20_K2_DENSITY_DEV,,n16_k2_reference,qwen4b,0.0011998800119988001,0.00019998000199980003,,,17.31231212859725,15.364963054070836,,paired_dlogppl,,P20_analysis_attempt1,global,,,,runs/P20_analysis_attempt1/analysis_p20/P20_DENSITY_CONTROL_ANALYSIS.json,317bcc26ef06c21f37fb42fbfb1f874edce3edcc4c3e27ac691a0595067641b0,,,P20:global:median_random:qwen4b:c4:n16_k2_reference:p20_global_random_2026091403,,,256
,,,,-0.003826124715563425,-0.005542280974572588,57,p20_global_random_2026091401,wiki,-0.004685502188044434,,-0.004685502188044434,,,/scopes/global/median_random_contrasts/4,,,P20_K2_DENSITY_DEV,,n16_k2_reference,mistral7b,0.0011998800119988001,0.00019998000199980003,,,5.522604023936439,5.496788377561922,,paired_dlogppl,,P20_analysis_attempt1,global,,,,runs/P20_analysis_attempt1/analysis_p20/P20_DENSITY_CONTROL_ANALYSIS.json,317bcc26ef06c21f37fb42fbfb1f874edce3edcc4c3e27ac691a0595067641b0,,,P20:global:median_random:mistral7b:wiki:n16_k2_reference:p20_global_random_2026091401,,,163
,,,,-0.0010419084913843625,-0.00284247391680719,235,p20_global_random_2026091405,c4,-0.002006548761565905,,-0.002006548761565905,,,/scopes/global/median_random_contrasts/5,,,P20_K2_DENSITY_DEV,,n16_k2_reference,mistral7b,0.0011998800119988001,0.0005999400059994001,,,8.064302097300756,8.048136905461106,,paired_dlogppl,,P20_analysis_attempt1,global,,,,runs/P20_analysis_attempt1/analysis_p20/P20_DENSITY_CONTROL_ANALYSIS.json,317bcc26ef06c21f37fb42fbfb1f874edce3edcc4c3e27ac691a0595067641b0,,,P20:global:median_random:mistral7b:c4:n16_k2_reference:p20_global_random_2026091405,,,256
,,,,-0.00321170407447372,-0.006582126890737231,53,p20_per_module_weight_mse,wiki,-0.00486729523747213,,-0.00486729523747213,,,/scopes/per_module/deterministic_contrasts/0,,,P20_K2_DENSITY_DEV,,n16_k2_reference,llama8b,0.0047995200479952005,0.00019998000199980003,,,6.872087015976176,6.8387198094684445,,paired_dlogppl,,P20_analysis_attempt1,per_module,,,weight_mse,runs/P20_analysis_attempt1/analysis_p20/P20_DENSITY_CONTROL_ANALYSIS.json,317bcc26ef06c21f37fb42fbfb1f874edce3edcc4c3e27ac691a0595067641b0,,,P20:per_module:deterministic:llama8b:wiki:n16_k2_reference:p20_per_module_weight_mse,,,141
,,,,-0.002737528526106676,-0.006335356003662611,53,p20_per_module_magnitude,wiki,-0.004432017204379852,,-0.004432017204379852,,,/scopes/per_module/deterministic_contrasts/1,,,P20_K2_DENSITY_DEV,,n16_k2_reference,llama8b,0.0047995200479952005,0.00019998000199980003,,,6.869096398378915,6.8387198094684445,,paired_dlogppl,,P20_analysis_attempt1,per_module,,,magnitude,runs/P20_analysis_attempt1/analysis_p20/P20_DENSITY_CONTROL_ANALYSIS.json,317bcc26ef06c21f37fb42fbfb1f874edce3edcc4c3e27ac691a0595067641b0,,,P20:per_module:deterministic:llama8b:wiki:n16_k2_reference:p20_per_module_magnitude,,,141
,,,,-0.0021386466449209783,-0.004866700150812428,53,p20_per_module_change_norm,wiki,-0.003450755360273207,,-0.003450755360273207,,,/scopes/per_module/deterministic_contrasts/2,,,P20_K2_DENSITY_DEV,,n16_k2_reference,llama8b,0.0047995200479952005,0.00019998000199980003,,,6.862359322138201,6.8387198094684445,,paired_dlogppl,,P20_analysis_attempt1,per_module,,,change_norm,runs/P20_analysis_attempt1/analysis_p20/P20_DENSITY_CONTROL_ANALYSIS.json,317bcc26ef06c21f37fb42fbfb1f874edce3edcc4c3e27ac691a0595067641b0,,,P20:per_module:deterministic:llama8b:wiki:n16_k2_reference:p20_per_module_change_norm,,,141
,,,,-0.0021756664635877027,-0.005628262803541117,53,p20_per_module_activation_weighted,wiki,-0.0038356085869108384,,-0.0038356085869108384,,,/scopes/per_module/deterministic_contrasts/3,,,P20_K2_DENSITY_DEV,,n16_k2_reference,llama8b,0.0047995200479952005,0.00019998000199980003,,,6.865000831529778,6.8387198094684445,,paired_dlogppl,,P20_analysis_attempt1,per_module,,,activation_weighted,runs/P20_analysis_attempt1/analysis_p20/P20_DENSITY_CONTROL_ANALYSIS.json,317bcc26ef06c21f37fb42fbfb1f874edce3edcc4c3e27ac691a0595067641b0,,,P20:per_module:deterministic:llama8b:wiki:n16_k2_reference:p20_per_module_activation_weighted,,,141
,,,,-0.0028502774658016186,-0.00680760270573124,231,p20_per_module_weight_mse,c4,-0.004712252702504461,,-0.004712252702504461,,,/scopes/per_module/deterministic_contrasts/4,,,P20_K2_DENSITY_DEV,,n16_k2_reference,llama8b,0.0047995200479952005,0.00019998000199980003,,,9.82042751756755,9.77426004329114,,paired_dlogppl,,P20_analysis_attempt1,per_module,,,weight_mse,runs/P20_analysis_attempt1/analysis_p20/P20_DENSITY_CONTROL_ANALYSIS.json,317bcc26ef06c21f37fb42fbfb1f874edce3edcc4c3e27ac691a0595067641b0,,,P20:per_module:deterministic:llama8b:c4:n16_k2_reference:p20_per_module_weight_mse,,,256
,,,,-0.0010573711654308187,-0.005498294145062571,231,p20_per_module_magnitude,c4,-0.003119564424822596,,-0.003119564424822596,,,/scopes/per_module/deterministic_contrasts/5,,,P20_K2_DENSITY_DEV,,n16_k2_reference,llama8b,0.008999100089991,0.0029997000299970002,,,9.804799086691485,9.77426004329114,,paired_dlogppl,,P20_analysis_attempt1,per_module,,,magnitude,runs/P20_analysis_attempt1/analysis_p20/P20_DENSITY_CONTROL_ANALYSIS.json,317bcc26ef06c21f37fb42fbfb1f874edce3edcc4c3e27ac691a0595067641b0,,,P20:per_module:deterministic:llama8b:c4:n16_k2_reference:p20_per_module_magnitude,,,256
,,,,-0.0014008721431062847,-0.005130018218266633,231,p20_per_module_change_norm,c4,-0.0031023775001306603,,-0.0031023775001306603,,,/scopes/per_module/deterministic_contrasts/6,,,P20_K2_DENSITY_DEV,,n16_k2_reference,llama8b,0.0047995200479952005,0.00019998000199980003,,,9.80463057379609,9.77426004329114,,paired_dlogppl,,P20_analysis_attempt1,per_module,,,change_norm,runs/P20_analysis_attempt1/analysis_p20/P20_DENSITY_CONTROL_ANALYSIS.json,317bcc26ef06c21f37fb42fbfb1f874edce3edcc4c3e27ac691a0595067641b0,,,P20:per_module:deterministic:llama8b:c4:n16_k2_reference:p20_per_module_change_norm,,,256
,,,,-0.0006702884306758948,-0.004403020359144717,231,p20_per_module_activation_weighted,c4,-0.0024357978102769453,,-0.0024357978102769453,,,/scopes/per_module/deterministic_contrasts/7,,,P20_K2_DENSITY_DEV,,n16_k2_reference,llama8b,0.008999100089991,0.0045995400459954,,,9.798097183943488,9.77426004329114,,paired_dlogppl,,P20_analysis_attempt1,per_module,,,activation_weighted,runs/P20_analysis_attempt1/analysis_p20/P20_DENSITY_CONTROL_ANALYSIS.json,317bcc26ef06c21f37fb42fbfb1f874edce3edcc4c3e27ac691a0595067641b0,,,P20:per_module:deterministic:llama8b:c4:n16_k2_reference:p20_per_module_activation_weighted,,,256
,,,,-0.22887666879534255,-0.2522316347099652,53,p20_per_module_weight_mse,wiki,-0.23989349172916088,,-0.23989349172916088,,,/scopes/per_module/deterministic_contrasts/8,,,P20_K2_DENSITY_DEV,,n16_k2_reference,qwen4b,0.0047995200479952005,0.00019998000199980003,,,14.19332810041074,11.16605653908429,,paired_dlogppl,,P20_analysis_attempt1,per_module,,,weight_mse,runs/P20_analysis_attempt1/analysis_p20/P20_DENSITY_CONTROL_ANALYSIS.json,317bcc26ef06c21f37fb42fbfb1f874edce3edcc4c3e27ac691a0595067641b0,,,P20:per_module:deterministic:qwen4b:wiki:n16_k2_reference:p20_per_module_weight_mse,,,146
,,,,-0.23719998198628972,-0.2640978689458568,53,p20_per_module_magnitude,wiki,-0.24994151714422083,,-0.24994151714422083,,,/scopes/per_module/deterministic_contrasts/9,,,P20_K2_DENSITY_DEV,,n16_k2_reference,qwen4b,0.0047995200479952005,0.00019998000199980003,,,14.336661926906851,11.16605653908429,,paired_dlogppl,,P20_analysis_attempt1,per_module,,,magnitude,runs/P20_analysis_attempt1/analysis_p20/P20_DENSITY_CONTROL_ANALYSIS.json,317bcc26ef06c21f37fb42fbfb1f874edce3edcc4c3e27ac691a0595067641b0,,,P20:per_module:deterministic:qwen4b:wiki:n16_k2_reference:p20_per_module_magnitude,,,146
,,,,-0.2314560304144593,-0.2547064364809877,53,p20_per_module_change_norm,wiki,-0.24231997182888315,,-0.24231997182888315,,,/scopes/per_module/deterministic_contrasts/10,,,P20_K2_DENSITY_DEV,,n16_k2_reference,qwen4b,0.0047995200479952005,0.00019998000199980003,,,14.227809746190436,11.16605653908429,,paired_dlogppl,,P20_analysis_attempt1,per_module,,,change_norm,runs/P20_analysis_attempt1/analysis_p20/P20_DENSITY_CONTROL_ANALYSIS.json,317bcc26ef06c21f37fb42fbfb1f874edce3edcc4c3e27ac691a0595067641b0,,,P20:per_module:deterministic:qwen4b:wiki:n16_k2_reference:p20_per_module_change_norm,,,146
,,,,-0.2303973724154405,-0.25379736300666045,53,p20_per_module_activation_weighted,wiki,-0.24118989117122994,,-0.24118989117122994,,,/scopes/per_module/deterministic_contrasts/11,,,P20_K2_DENSITY_DEV,,n16_k2_reference,qwen4b,0.0047995200479952005,0.00019998000199980003,,,14.211740255216132,11.16605653908429,,paired_dlogppl,,P20_analysis_attempt1,per_module,,,activation_weighted,runs/P20_analysis_attempt1/analysis_p20/P20_DENSITY_CONTROL_ANALYSIS.json,317bcc26ef06c21f37fb42fbfb1f874edce3edcc4c3e27ac691a0595067641b0,,,P20:per_module:deterministic:qwen4b:wiki:n16_k2_reference:p20_per_module_activation_weighted,,,146
,,,,-0.11075757054069564,-0.12045339421560255,231,p20_per_module_weight_mse,c4,-0.11572601352159971,,-0.11572601352159971,,,/scopes/per_module/deterministic_contrasts/12,,,P20_K2_DENSITY_DEV,,n16_k2_reference,qwen4b,0.0047995200479952005,0.00019998000199980003,,,17.2500631536178,15.364963054070836,,paired_dlogppl,,P20_analysis_attempt1,per_module,,,weight_mse,runs/P20_analysis_attempt1/analysis_p20/P20_DENSITY_CONTROL_ANALYSIS.json,317bcc26ef06c21f37fb42fbfb1f874edce3edcc4c3e27ac691a0595067641b0,,,P20:per_module:deterministic:qwen4b:c4:n16_k2_reference:p20_per_module_weight_mse,,,256
,,,,-0.10951841295086975,-0.11897910325172521,231,p20_per_module_magnitude,c4,-0.11430756147884723,,-0.11430756147884723,,,/scopes/per_module/deterministic_contrasts/13,,,P20_K2_DENSITY_DEV,,n16_k2_reference,qwen4b,0.0047995200479952005,0.00019998000199980003,,,17.22561211171469,15.364963054070836,,paired_dlogppl,,P20_analysis_attempt1,per_module,,,magnitude,runs/P20_analysis_attempt1/analysis_p20/P20_DENSITY_CONTROL_ANALYSIS.json,317bcc26ef06c21f37fb42fbfb1f874edce3edcc4c3e27ac691a0595067641b0,,,P20:per_module:deterministic:qwen4b:c4:n16_k2_reference:p20_per_module_magnitude,,,256
,,,,-0.11217428102067212,-0.1215986906049162,231,p20_per_module_change_norm,c4,-0.11688976501571226,,-0.11688976501571226,,,/scopes/per_module/deterministic_contrasts/14,,,P20_K2_DENSITY_DEV,,n16_k2_reference,qwen4b,0.0047995200479952005,0.00019998000199980003,,,17.270149625950463,15.364963054070836,,paired_dlogppl,,P20_analysis_attempt1,per_module,,,change_norm,runs/P20_analysis_attempt1/analysis_p20/P20_DENSITY_CONTROL_ANALYSIS.json,317bcc26ef06c21f37fb42fbfb1f874edce3edcc4c3e27ac691a0595067641b0,,,P20:per_module:deterministic:qwen4b:c4:n16_k2_reference:p20_per_module_change_norm,,,256
,,,,-0.11571926862688414,-0.12599551073976223,231,p20_per_module_activation_weighted,c4,-0.12089332723122931,,-0.12089332723122931,,,/scopes/per_module/deterministic_contrasts/15,,,P20_K2_DENSITY_DEV,,n16_k2_reference,qwen4b,0.0047995200479952005,0.00019998000199980003,,,17.33943033672831,15.364963054070836,,paired_dlogppl,,P20_analysis_attempt1,per_module,,,activation_weighted,runs/P20_analysis_attempt1/analysis_p20/P20_DENSITY_CONTROL_ANALYSIS.json,317bcc26ef06c21f37fb42fbfb1f874edce3edcc4c3e27ac691a0595067641b0,,,P20:per_module:deterministic:qwen4b:c4:n16_k2_reference:p20_per_module_activation_weighted,,,256
,,,,-0.0032457676831336457,-0.004918319572310327,57,p20_per_module_weight_mse,wiki,-0.004112167304933393,,-0.004112167304933393,,,/scopes/per_module/deterministic_contrasts/16,,,P20_K2_DENSITY_DEV,,n16_k2_reference,mistral7b,0.0047995200479952005,0.00019998000199980003,,,5.519438629906017,5.496788377561922,,paired_dlogppl,,P20_analysis_attempt1,per_module,,,weight_mse,runs/P20_analysis_attempt1/analysis_p20/P20_DENSITY_CONTROL_ANALYSIS.json,317bcc26ef06c21f37fb42fbfb1f874edce3edcc4c3e27ac691a0595067641b0,,,P20:per_module:deterministic:mistral7b:wiki:n16_k2_reference:p20_per_module_weight_mse,,,163
,,,,-0.0026941277425994313,-0.004421545891583191,57,p20_per_module_magnitude,wiki,-0.003592618765961558,,-0.003592618765961558,,,/scopes/per_module/deterministic_contrasts/17,,,P20_K2_DENSITY_DEV,,n16_k2_reference,mistral7b,0.0047995200479952005,0.00019998000199980003,,,5.516571758433842,5.496788377561922,,paired_dlogppl,,P20_analysis_attempt1,per_module,,,magnitude,runs/P20_analysis_attempt1/analysis_p20/P20_DENSITY_CONTROL_ANALYSIS.json,317bcc26ef06c21f37fb42fbfb1f874edce3edcc4c3e27ac691a0595067641b0,,,P20:per_module:deterministic:mistral7b:wiki:n16_k2_reference:p20_per_module_magnitude,,,163
,,,,-0.0037371808433930525,-0.005447971722900871,57,p20_per_module_change_norm,wiki,-0.004584454021642138,,-0.004584454021642138,,,/scopes/per_module/deterministic_contrasts/18,,,P20_K2_DENSITY_DEV,,n16_k2_reference,mistral7b,0.0047995200479952005,0.00019998000199980003,,,5.522046003120019,5.496788377561922,,paired_dlogppl,,P20_analysis_attempt1,per_module,,,change_norm,runs/P20_analysis_attempt1/analysis_p20/P20_DENSITY_CONTROL_ANALYSIS.json,317bcc26ef06c21f37fb42fbfb1f874edce3edcc4c3e27ac691a0595067641b0,,,P20:per_module:deterministic:mistral7b:wiki:n16_k2_reference:p20_per_module_change_norm,,,163
,,,,-0.003576985455925036,-0.005496740681084065,57,p20_per_module_activation_weighted,wiki,-0.004564232541174124,,-0.004564232541174124,,,/scopes/per_module/deterministic_contrasts/19,,,P20_K2_DENSITY_DEV,,n16_k2_reference,mistral7b,0.0047995200479952005,0.00019998000199980003,,,5.521934340303614,5.496788377561922,,paired_dlogppl,,P20_analysis_attempt1,per_module,,,activation_weighted,runs/P20_analysis_attempt1/analysis_p20/P20_DENSITY_CONTROL_ANALYSIS.json,317bcc26ef06c21f37fb42fbfb1f874edce3edcc4c3e27ac691a0595067641b0,,,P20:per_module:deterministic:mistral7b:wiki:n16_k2_reference:p20_per_module_activation_weighted,,,163
,,,,-0.0006466973744154569,-0.0026409387181798023,235,p20_per_module_weight_mse,c4,-0.0017154517550561352,,-0.0017154517550561352,,,/scopes/per_module/deterministic_contrasts/20,,,P20_K2_DENSITY_DEV,,n16_k2_reference,mistral7b,0.008999100089991,0.003999600039996,,,8.061954944741757,8.048136905461106,,paired_dlogppl,,P20_analysis_attempt1,per_module,,,weight_mse,runs/P20_analysis_attempt1/analysis_p20/P20_DENSITY_CONTROL_ANALYSIS.json,317bcc26ef06c21f37fb42fbfb1f874edce3edcc4c3e27ac691a0595067641b0,,,P20:per_module:deterministic:mistral7b:c4:n16_k2_reference:p20_per_module_weight_mse,,,256
,,,,-0.0017513839881322308,-0.0031366097838387203,235,p20_per_module_magnitude,c4,-0.002455676560174165,,-0.002455676560174165,,,/scopes/per_module/deterministic_contrasts/21,,,P20_K2_DENSITY_DEV,,n16_k2_reference,mistral7b,0.0047995200479952005,0.00019998000199980003,,,8.067924813019296,8.048136905461106,,paired_dlogppl,,P20_analysis_attempt1,per_module,,,magnitude,runs/P20_analysis_attempt1/analysis_p20/P20_DENSITY_CONTROL_ANALYSIS.json,317bcc26ef06c21f37fb42fbfb1f874edce3edcc4c3e27ac691a0595067641b0,,,P20:per_module:deterministic:mistral7b:c4:n16_k2_reference:p20_per_module_magnitude,,,256
,,,,-0.001363967728503623,-0.0030646421499954555,235,p20_per_module_change_norm,c4,-0.0022113209852983946,,-0.0022113209852983946,,,/scopes/per_module/deterministic_contrasts/22,,,P20_K2_DENSITY_DEV,,n16_k2_reference,mistral7b,0.0047995200479952005,0.00019998000199980003,,,8.06595361146042,8.048136905461106,,paired_dlogppl,,P20_analysis_attempt1,per_module,,,change_norm,runs/P20_analysis_attempt1/analysis_p20/P20_DENSITY_CONTROL_ANALYSIS.json,317bcc26ef06c21f37fb42fbfb1f874edce3edcc4c3e27ac691a0595067641b0,,,P20:per_module:deterministic:mistral7b:c4:n16_k2_reference:p20_per_module_change_norm,,,256
,,,,-0.0012723297207534125,-0.0030217602488313887,235,p20_per_module_activation_weighted,c4,-0.002197070012324847,,-0.002197070012324847,,,/scopes/per_module/deterministic_contrasts/23,,,P20_K2_DENSITY_DEV,,n16_k2_reference,mistral7b,0.0047995200479952005,0.00039996000399960006,,,8.065838664592548,8.048136905461106,,paired_dlogppl,,P20_analysis_attempt1,per_module,,,activation_weighted,runs/P20_analysis_attempt1/analysis_p20/P20_DENSITY_CONTROL_ANALYSIS.json,317bcc26ef06c21f37fb42fbfb1f874edce3edcc4c3e27ac691a0595067641b0,,,P20:per_module:deterministic:mistral7b:c4:n16_k2_reference:p20_per_module_activation_weighted,,,256
,,,,-0.004039001011527945,-0.006821941689750463,53,p20_per_module_n8_u2_matched,wiki,-0.005359768030823057,,-0.005359768030823057,,,/scopes/per_module/matched_n8_contrasts/0,,,P20_K2_DENSITY_DEV,,n16_k2_reference,llama8b,0.0011998800119988001,0.00019998000199980003,,,6.875472165343652,6.8387198094684445,,paired_dlogppl,,P20_analysis_attempt1,per_module,,,,runs/P20_analysis_attempt1/analysis_p20/P20_DENSITY_CONTROL_ANALYSIS.json,317bcc26ef06c21f37fb42fbfb1f874edce3edcc4c3e27ac691a0595067641b0,,,P20:per_module:matched_n8:llama8b:wiki:n16_k2_reference:p20_per_module_n8_u2_matched,,,141
,,,,-0.0019808145856119994,-0.004846837019313648,231,p20_per_module_n8_u2_matched,c4,-0.003447259777372888,,-0.003447259777372888,,,/scopes/per_module/matched_n8_contrasts/1,,,P20_K2_DENSITY_DEV,,n16_k2_reference,llama8b,0.0011998800119988001,0.00019998000199980003,,,9.808012600282883,9.77426004329114,,paired_dlogppl,,P20_analysis_attempt1,per_module,,,,runs/P20_analysis_attempt1/analysis_p20/P20_DENSITY_CONTROL_ANALYSIS.json,317bcc26ef06c21f37fb42fbfb1f874edce3edcc4c3e27ac691a0595067641b0,,,P20:per_module:matched_n8:llama8b:c4:n16_k2_reference:p20_per_module_n8_u2_matched,,,256
,,,,0.030661405298900764,0.026383460307668312,53,p20_per_module_n8_u2_matched,wiki,0.02845024861539111,,0.02845024861539111,,,/scopes/per_module/matched_n8_contrasts/2,,,P20_K2_DENSITY_DEV,,n16_k2_reference,qwen4b,0.0011998800119988001,0.00019998000199980003,,,10.852855898078115,11.16605653908429,,paired_dlogppl,,P20_analysis_attempt1,per_module,,,,runs/P20_analysis_attempt1/analysis_p20/P20_DENSITY_CONTROL_ANALYSIS.json,317bcc26ef06c21f37fb42fbfb1f874edce3edcc4c3e27ac691a0595067641b0,,,P20:per_module:matched_n8:qwen4b:wiki:n16_k2_reference:p20_per_module_n8_u2_matched,,,146
,,,,0.014258882381670474,0.011383278253982198,231,p20_per_module_n8_u2_matched,c4,0.012820371749832391,,0.012820371749832391,,,/scopes/per_module/matched_n8_contrasts/3,,,P20_K2_DENSITY_DEV,,n16_k2_reference,qwen4b,0.0011998800119988001,0.00019998000199980003,,,15.169235844424275,15.364963054070836,,paired_dlogppl,,P20_analysis_attempt1,per_module,,,,runs/P20_analysis_attempt1/analysis_p20/P20_DENSITY_CONTROL_ANALYSIS.json,317bcc26ef06c21f37fb42fbfb1f874edce3edcc4c3e27ac691a0595067641b0,,,P20:per_module:matched_n8:qwen4b:c4:n16_k2_reference:p20_per_module_n8_u2_matched,,,256
,,,,0.0012851873392673734,-0.0004559296250043732,57,p20_per_module_n8_u2_matched,wiki,0.00041444022924042804,,0.00041444022924042804,,,/scopes/per_module/matched_n8_contrasts/4,,,P20_K2_DENSITY_DEV,,n16_k2_reference,mistral7b,0.4667533246675332,0.3575642435756424,,,5.494510759327553,5.496788377561922,,paired_dlogppl,,P20_analysis_attempt1,per_module,,,,runs/P20_analysis_attempt1/analysis_p20/P20_DENSITY_CONTROL_ANALYSIS.json,317bcc26ef06c21f37fb42fbfb1f874edce3edcc4c3e27ac691a0595067641b0,,,P20:per_module:matched_n8:mistral7b:wiki:n16_k2_reference:p20_per_module_n8_u2_matched,,,163
,,,,0.0012099711954951728,-0.00032320197211344596,235,p20_per_module_n8_u2_matched,c4,0.0004623423625564239,,0.0004623423625564239,,,/scopes/per_module/matched_n8_contrasts/5,,,P20_K2_DENSITY_DEV,,n16_k2_reference,mistral7b,0.4667533246675332,0.2333766623337666,,,8.04441677088423,8.048136905461106,,paired_dlogppl,,P20_analysis_attempt1,per_module,,,,runs/P20_analysis_attempt1/analysis_p20/P20_DENSITY_CONTROL_ANALYSIS.json,317bcc26ef06c21f37fb42fbfb1f874edce3edcc4c3e27ac691a0595067641b0,,,P20:per_module:matched_n8:mistral7b:c4:n16_k2_reference:p20_per_module_n8_u2_matched,,,256
,,,,-0.003378784835386819,-0.0073052854519643495,53,p20_per_module_random_2026091405,wiki,-0.005289825929180524,,-0.005289825929180524,,,/scopes/per_module/median_random_contrasts/0,,,P20_K2_DENSITY_DEV,,n16_k2_reference,llama8b,0.0011998800119988001,0.00019998000199980003,,,6.874991297187282,6.8387198094684445,,paired_dlogppl,,P20_analysis_attempt1,per_module,,,,runs/P20_analysis_attempt1/analysis_p20/P20_DENSITY_CONTROL_ANALYSIS.json,317bcc26ef06c21f37fb42fbfb1f874edce3edcc4c3e27ac691a0595067641b0,,,P20:per_module:median_random:llama8b:wiki:n16_k2_reference:p20_per_module_random_2026091405,,,141
,,,,-0.002607515624624494,-0.006036894047195666,231,p20_per_module_random_2026091404,c4,-0.004256030203584456,,-0.004256030203584456,,,/scopes/per_module/median_random_contrasts/1,,,P20_K2_DENSITY_DEV,,n16_k2_reference,llama8b,0.0011998800119988001,0.00019998000199980003,,,9.815948239436443,9.77426004329114,,paired_dlogppl,,P20_analysis_attempt1,per_module,,,,runs/P20_analysis_attempt1/analysis_p20/P20_DENSITY_CONTROL_ANALYSIS.json,317bcc26ef06c21f37fb42fbfb1f874edce3edcc4c3e27ac691a0595067641b0,,,P20:per_module:median_random:llama8b:c4:n16_k2_reference:p20_per_module_random_2026091404,,,256
,,,,-0.23153885685099745,-0.25698248436398324,53,p20_per_module_random_2026091401,wiki,-0.24326954357746094,,-0.24326954357746094,,,/scopes/per_module/median_random_contrasts/2,,,P20_K2_DENSITY_DEV,,n16_k2_reference,qwen4b,0.0011998800119988001,0.00019998000199980003,,,14.241326488912426,11.16605653908429,,paired_dlogppl,,P20_analysis_attempt1,per_module,,,,runs/P20_analysis_attempt1/analysis_p20/P20_DENSITY_CONTROL_ANALYSIS.json,317bcc26ef06c21f37fb42fbfb1f874edce3edcc4c3e27ac691a0595067641b0,,,P20:per_module:median_random:qwen4b:wiki:n16_k2_reference:p20_per_module_random_2026091401,,,146
,,,,-0.11491626574415839,-0.1246607293178106,231,p20_per_module_random_2026091401,c4,-0.11982831437587688,,-0.11982831437587688,,,/scopes/per_module/median_random_contrasts/3,,,P20_K2_DENSITY_DEV,,n16_k2_reference,qwen4b,0.0011998800119988001,0.00019998000199980003,,,17.32097345067027,15.364963054070836,,paired_dlogppl,,P20_analysis_attempt1,per_module,,,,runs/P20_analysis_attempt1/analysis_p20/P20_DENSITY_CONTROL_ANALYSIS.json,317bcc26ef06c21f37fb42fbfb1f874edce3edcc4c3e27ac691a0595067641b0,,,P20:per_module:median_random:qwen4b:c4:n16_k2_reference:p20_per_module_random_2026091401,,,256
,,,,-0.0038024886158208393,-0.005498015429515764,57,p20_per_module_random_2026091405,wiki,-0.004668751412273479,,-0.004668751412273479,,,/scopes/per_module/median_random_contrasts/4,,,P20_K2_DENSITY_DEV,,n16_k2_reference,mistral7b,0.0011998800119988001,0.00019998000199980003,,,5.522511516809543,5.496788377561922,,paired_dlogppl,,P20_analysis_attempt1,per_module,,,,runs/P20_analysis_attempt1/analysis_p20/P20_DENSITY_CONTROL_ANALYSIS.json,317bcc26ef06c21f37fb42fbfb1f874edce3edcc4c3e27ac691a0595067641b0,,,P20:per_module:median_random:mistral7b:wiki:n16_k2_reference:p20_per_module_random_2026091405,,,163
,,,,-0.0014427914217770546,-0.0029049549266521933,235,p20_per_module_random_2026091402,c4,-0.0021876639505832023,,-0.0021876639505832023,,,/scopes/per_module/median_random_contrasts/5,,,P20_K2_DENSITY_DEV,,n16_k2_reference,mistral7b,0.0011998800119988001,0.00019998000199980003,,,8.065762797172885,8.048136905461106,,paired_dlogppl,,P20_analysis_attempt1,per_module,,,,runs/P20_analysis_attempt1/analysis_p20/P20_DENSITY_CONTROL_ANALYSIS.json,317bcc26ef06c21f37fb42fbfb1f874edce3edcc4c3e27ac691a0595067641b0,,,P20:per_module:median_random:mistral7b:c4:n16_k2_reference:p20_per_module_random_2026091402,,,256
,,,,0.005060053331299804,-0.0012983943474770838,54,p21_n8_u2_matched,wiki,0.0019140807428179153,,0.0019140807428179153,matched_n16_vs_n8,,/families/matched_n16_vs_n8/rows/0,,,P21_K2_DENSITY_BREADTH,,n16_k2_reference,qwen27b,0.9743025697430256,0.2435756424357564,,,7.126959772014313,7.140614412341945,,paired_dlogppl,,P21_analysis_attempt1,,,,,runs/P21_analysis_attempt1/analysis_p21/P21_BREADTH_ANALYSIS.json,e55a758de2c9832e96a8a00ff2bc9ebd2592feb195aa3cf8773b039a4b7245f9,,,P21:matched_n16_vs_n8:qwen27b:wiki:n16_k2_reference:p21_n8_u2_matched,,,145
,,,,0.0018306370695411517,0.0004361031103469368,233,p21_n8_u2_matched,c4,0.0011487377446980271,,0.0011487377446980271,matched_n16_vs_n8,,/families/matched_n16_vs_n8/rows/1,,,P21_K2_DENSITY_BREADTH,,n16_k2_reference,qwen27b,0.010798920107989201,0.0017998200179982,,,10.105967188818305,10.117582965237812,,paired_dlogppl,,P21_analysis_attempt1,,,,,runs/P21_analysis_attempt1/analysis_p21/P21_BREADTH_ANALYSIS.json,e55a758de2c9832e96a8a00ff2bc9ebd2592feb195aa3cf8773b039a4b7245f9,,,P21:matched_n16_vs_n8:qwen27b:c4:n16_k2_reference:p21_n8_u2_matched,,,256
,,,,0.0009393240384613998,-0.0014415240666798802,54,p21_n8_u2_matched,wiki,-0.00020239419460321026,,-0.00020239419460321026,matched_n16_vs_n8,,/families/matched_n16_vs_n8/rows/2,,,P21_K2_DENSITY_BREADTH,,n16_k2_reference,phi4,1.0,0.7565243475652434,,,6.587287002041479,6.585953908303838,,paired_dlogppl,,P21_analysis_attempt1,,,,,runs/P21_analysis_attempt1/analysis_p21/P21_BREADTH_ANALYSIS.json,e55a758de2c9832e96a8a00ff2bc9ebd2592feb195aa3cf8773b039a4b7245f9,,,P21:matched_n16_vs_n8:phi4:wiki:n16_k2_reference:p21_n8_u2_matched,,,141
,,,,0.0012703499776201073,-3.2193318518375304e-06,231,p21_n8_u2_matched,c4,0.0006293400445843304,,0.0006293400445843304,matched_n16_vs_n8,,/families/matched_n16_vs_n8/rows/3,,,P21_K2_DENSITY_BREADTH,,n16_k2_reference,phi4,0.252974702529747,0.050594940505949405,,,10.459529397527355,10.466114070006459,,paired_dlogppl,,P21_analysis_attempt1,,,,,runs/P21_analysis_attempt1/analysis_p21/P21_BREADTH_ANALYSIS.json,e55a758de2c9832e96a8a00ff2bc9ebd2592feb195aa3cf8773b039a4b7245f9,,,P21:matched_n16_vs_n8:phi4:c4:n16_k2_reference:p21_n8_u2_matched,,,256
,,,,0.0012524109334121685,-0.0013104281855250426,54,p21_n8_u2_matched,wiki,-7.08708602557135e-05,,-7.08708602557135e-05,matched_n16_vs_n8,,/families/matched_n16_vs_n8/rows/4,,,P21_K2_DENSITY_BREADTH,,n16_k2_reference,olmo2_13b,1.0,0.8991100889911009,,,5.3177317097730725,5.3173548509065,,paired_dlogppl,,P21_analysis_attempt1,,,,,runs/P21_analysis_attempt1/analysis_p21/P21_BREADTH_ANALYSIS.json,e55a758de2c9832e96a8a00ff2bc9ebd2592feb195aa3cf8773b039a4b7245f9,,,P21:matched_n16_vs_n8:olmo2_13b:wiki:n16_k2_reference:p21_n8_u2_matched,,,141
,,,,0.0009968524338116393,-0.00028374089494366696,231,p21_n8_u2_matched,c4,0.00035785790481474396,,0.00035785790481474396,matched_n16_vs_n8,,/families/matched_n16_vs_n8/rows/5,,,P21_K2_DENSITY_BREADTH,,n16_k2_reference,olmo2_13b,0.9743025697430256,0.26417358264173585,,,10.070556837362536,10.074161310638862,,paired_dlogppl,,P21_analysis_attempt1,,,,,runs/P21_analysis_attempt1/analysis_p21/P21_BREADTH_ANALYSIS.json,e55a758de2c9832e96a8a00ff2bc9ebd2592feb195aa3cf8773b039a4b7245f9,,,P21:matched_n16_vs_n8:olmo2_13b:c4:n16_k2_reference:p21_n8_u2_matched,,,256
,,,,-0.02770457171794919,-0.04093268628911454,54,p21_frozen_strongest_control,wiki,-0.033780989291988556,,-0.033780989291988556,natural_vs_strong_control,,/families/natural_vs_strong_control/rows/0,,,P21_K2_DENSITY_BREADTH,,n16_k2_reference,qwen27b,0.0011998800119988001,0.00019998000199980003,,,7.385951973869712,7.140614412341945,,paired_dlogppl,,P21_analysis_attempt1,,,,,runs/P21_analysis_attempt1/analysis_p21/P21_BREADTH_ANALYSIS.json,e55a758de2c9832e96a8a00ff2bc9ebd2592feb195aa3cf8773b039a4b7245f9,,,P21:natural_vs_strong_control:qwen27b:wiki:n16_k2_reference:p21_frozen_strongest_control,,,145
,,,,-0.006311784039197688,-0.008094385587746332,233,p21_frozen_strongest_control,c4,-0.007191446897473641,,-0.007191446897473641,natural_vs_strong_control,,/families/natural_vs_strong_control/rows/1,,,P21_K2_DENSITY_BREADTH,,n16_k2_reference,qwen27b,0.0011998800119988001,0.00019998000199980003,,,10.190605279202636,10.117582965237812,,paired_dlogppl,,P21_analysis_attempt1,,,,,runs/P21_analysis_attempt1/analysis_p21/P21_BREADTH_ANALYSIS.json,e55a758de2c9832e96a8a00ff2bc9ebd2592feb195aa3cf8773b039a4b7245f9,,,P21:natural_vs_strong_control:qwen27b:c4:n16_k2_reference:p21_frozen_strongest_control,,,256
,,,,-0.010339191478815695,-0.013678886972639595,54,p21_frozen_strongest_control,wiki,-0.011943424367479395,,-0.011943424367479395,natural_vs_strong_control,,/families/natural_vs_strong_control/rows/2,,,P21_K2_DENSITY_BREADTH,,n16_k2_reference,phi4,0.0011998800119988001,0.00019998000199980003,,,6.665084354313403,6.585953908303838,,paired_dlogppl,,P21_analysis_attempt1,,,,,runs/P21_analysis_attempt1/analysis_p21/P21_BREADTH_ANALYSIS.json,e55a758de2c9832e96a8a00ff2bc9ebd2592feb195aa3cf8773b039a4b7245f9,,,P21:natural_vs_strong_control:phi4:wiki:n16_k2_reference:p21_frozen_strongest_control,,,141
,,,,-0.006516587146283147,-0.008571346788271367,231,p21_frozen_strongest_control,c4,-0.007518041817498884,,-0.007518041817498884,natural_vs_strong_control,,/families/natural_vs_strong_control/rows/3,,,P21_K2_DENSITY_BREADTH,,n16_k2_reference,phi4,0.0011998800119988001,0.00019998000199980003,,,10.545095273238413,10.466114070006459,,paired_dlogppl,,P21_analysis_attempt1,,,,,runs/P21_analysis_attempt1/analysis_p21/P21_BREADTH_ANALYSIS.json,e55a758de2c9832e96a8a00ff2bc9ebd2592feb195aa3cf8773b039a4b7245f9,,,P21:natural_vs_strong_control:phi4:c4:n16_k2_reference:p21_frozen_strongest_control,,,256
,,,,-0.004906151611124034,-0.008247750370888022,54,p21_frozen_strongest_control,wiki,-0.006533914019449775,,-0.006533914019449775,natural_vs_strong_control,,/families/natural_vs_strong_control/rows/4,,,P21_K2_DENSITY_BREADTH,,n16_k2_reference,olmo2_13b,0.0011998800119988001,0.00019998000199980003,,,5.352211742269598,5.3173548509065,,paired_dlogppl,,P21_analysis_attempt1,,,,,runs/P21_analysis_attempt1/analysis_p21/P21_BREADTH_ANALYSIS.json,e55a758de2c9832e96a8a00ff2bc9ebd2592feb195aa3cf8773b039a4b7245f9,,,P21:natural_vs_strong_control:olmo2_13b:wiki:n16_k2_reference:p21_frozen_strongest_control,,,141
,,,,-0.000991212577841117,-0.00257915784225278,231,p21_frozen_strongest_control,c4,-0.0017740364545173676,,-0.0017740364545173676,natural_vs_strong_control,,/families/natural_vs_strong_control/rows/5,,,P21_K2_DENSITY_BREADTH,,n16_k2_reference,olmo2_13b,0.0011998800119988001,0.00019998000199980003,,,10.092049102158368,10.074161310638862,,paired_dlogppl,,P21_analysis_attempt1,,,,,runs/P21_analysis_attempt1/analysis_p21/P21_BREADTH_ANALYSIS.json,e55a758de2c9832e96a8a00ff2bc9ebd2592feb195aa3cf8773b039a4b7245f9,,,P21:natural_vs_strong_control:olmo2_13b:c4:n16_k2_reference:p21_frozen_strongest_control,,,256
,,,,-0.002860894349778319,-0.008361345777844881,231,four_over_six,c4,-0.005379700575890179,seed0,-0.005379700575890179,,,/models/llama8b/quality/n16_c4/per_draw/0,,,P30_K2_DRAWS,,n16_k2,llama8b,,0.00019998000199980003,,,9.825367612898917,9.772652001334022,,paired_dlogppl,n16,P30_analysis_attempt1,,,,,runs/P30_analysis_attempt1/analysis_draws/P30_FIVE_DRAW_ANALYSIS.json,82ee1420d7a98f797e0ace23fc489e854bb2a6b6cef0d9554022cfcfc0b1a7e4,,,P30:llama8b:seed0:n16:c4,,,256
,,,,-0.0013386822774080697,-0.007102411540160281,231,four_over_six,c4,-0.0037449975740044376,draw1,-0.0037449975740044376,,,/models/llama8b/quality/n16_c4/per_draw/1,,,P30_K2_DRAWS,,n16_k2_draw1,llama8b,,0.0005999400059994001,,,9.825367612898917,9.788640449518667,,paired_dlogppl,n16,P30_analysis_attempt1,,,,,runs/P30_analysis_attempt1/analysis_draws/P30_FIVE_DRAW_ANALYSIS.json,82ee1420d7a98f797e0ace23fc489e854bb2a6b6cef0d9554022cfcfc0b1a7e4,,,P30:llama8b:draw1:n16:c4,,,256
,,,,-0.0031507906974104255,-0.00853639923247111,231,four_over_six,c4,-0.005575692611375007,draw2,-0.005575692611375007,,,/models/llama8b/quality/n16_c4/per_draw/2,,,P30_K2_DRAWS,,n16_k2_draw2,llama8b,,0.00019998000199980003,,,9.825367612898917,9.77073682706178,,paired_dlogppl,n16,P30_analysis_attempt1,,,,,runs/P30_analysis_attempt1/analysis_draws/P30_FIVE_DRAW_ANALYSIS.json,82ee1420d7a98f797e0ace23fc489e854bb2a6b6cef0d9554022cfcfc0b1a7e4,,,P30:llama8b:draw2:n16:c4,,,256
,,,,-0.0012877947726181878,-0.007138229656252262,231,four_over_six,c4,-0.003965387024632542,draw3,-0.003965387024632542,,,/models/llama8b/quality/n16_c4/per_draw/3,,,P30_K2_DRAWS,,n16_k2_draw3,llama8b,,0.0017998200179982,,,9.825367612898917,9.78648337413465,,paired_dlogppl,n16,P30_analysis_attempt1,,,,,runs/P30_analysis_attempt1/analysis_draws/P30_FIVE_DRAW_ANALYSIS.json,82ee1420d7a98f797e0ace23fc489e854bb2a6b6cef0d9554022cfcfc0b1a7e4,,,P30:llama8b:draw3:n16:c4,,,256
,,,,0.0005100449942976706,-0.005796630734557021,231,four_over_six,c4,-0.0022584998630126563,draw4,-0.0022584998630126563,,,/models/llama8b/quality/n16_c4/per_draw/4,,,P30_K2_DRAWS,,n16_k2_draw4,llama8b,,0.1361863813618638,,,9.825367612898917,9.803202061360569,,paired_dlogppl,n16,P30_analysis_attempt1,,,,,runs/P30_analysis_attempt1/analysis_draws/P30_FIVE_DRAW_ANALYSIS.json,82ee1420d7a98f797e0ace23fc489e854bb2a6b6cef0d9554022cfcfc0b1a7e4,,,P30:llama8b:draw4:n16:c4,,,256
,,,,-0.003046769167602287,-0.007264406963768373,53,four_over_six,wiki,-0.005197712847595678,seed0,-0.005197712847595678,,,/models/llama8b/quality/n16_wiki/per_draw/0,,,P30_K2_DRAWS,,n16_k2,llama8b,,0.00019998000199980003,,,6.8754007343996815,6.839757088634219,,paired_dlogppl,n16,P30_analysis_attempt1,,,,,runs/P30_analysis_attempt1/analysis_draws/P30_FIVE_DRAW_ANALYSIS.json,82ee1420d7a98f797e0ace23fc489e854bb2a6b6cef0d9554022cfcfc0b1a7e4,,,P30:llama8b:seed0:n16:wiki,,,141
,,,,0.0017766003978644212,-0.0021472238217107643,53,four_over_six,wiki,-0.00019830587466435268,draw1,-0.00019830587466435268,,,/models/llama8b/quality/n16_wiki/per_draw/1,,,P30_K2_DRAWS,,n16_k2_draw1,llama8b,,0.8363163683631637,,,6.8754007343996815,6.874037437222765,,paired_dlogppl,n16,P30_analysis_attempt1,,,,,runs/P30_analysis_attempt1/analysis_draws/P30_FIVE_DRAW_ANALYSIS.json,82ee1420d7a98f797e0ace23fc489e854bb2a6b6cef0d9554022cfcfc0b1a7e4,,,P30:llama8b:draw1:n16:wiki,,,141
,,,,-0.002084572911827362,-0.00592156124910049,53,four_over_six,wiki,-0.0039958160737927845,draw2,-0.0039958160737927845,,,/models/llama8b/quality/n16_wiki/per_draw/2,,,P30_K2_DRAWS,,n16_k2_draw2,llama8b,,0.00019998000199980003,,,6.8754007343996815,6.847982712798029,,paired_dlogppl,n16,P30_analysis_attempt1,,,,,runs/P30_analysis_attempt1/analysis_draws/P30_FIVE_DRAW_ANALYSIS.json,82ee1420d7a98f797e0ace23fc489e854bb2a6b6cef0d9554022cfcfc0b1a7e4,,,P30:llama8b:draw2:n16:wiki,,,141
,,,,-7.742637097782002e-05,-0.003701004664190016,53,four_over_six,wiki,-0.001845955638972626,draw3,-0.001845955638972626,,,/models/llama8b/quality/n16_wiki/per_draw/3,,,P30_K2_DRAWS,,n16_k2_draw3,llama8b,,0.040195980401959805,,,6.8754007343996815,6.862720756582728,,paired_dlogppl,n16,P30_analysis_attempt1,,,,,runs/P30_analysis_attempt1/analysis_draws/P30_FIVE_DRAW_ANALYSIS.json,82ee1420d7a98f797e0ace23fc489e854bb2a6b6cef0d9554022cfcfc0b1a7e4,,,P30:llama8b:draw3:n16:wiki,,,141
,,,,0.0037459278509146625,3.348560855492394e-05,53,four_over_six,wiki,0.0018869368605356717,draw4,0.0018869368605356717,,,/models/llama8b/quality/n16_wiki/per_draw/4,,,P30_K2_DRAWS,,n16_k2_draw4,llama8b,,0.047795220477952205,,,6.8754007343996815,6.888386429216469,,paired_dlogppl,n16,P30_analysis_attempt1,,,,,runs/P30_analysis_attempt1/analysis_draws/P30_FIVE_DRAW_ANALYSIS.json,82ee1420d7a98f797e0ace23fc489e854bb2a6b6cef0d9554022cfcfc0b1a7e4,,,P30:llama8b:draw4:n16:wiki,,,141
,,,,0.0009895062173699409,-0.005491208566325926,231,four_over_six,c4,-0.001891376311111268,seed0,-0.001891376311111268,,,/models/llama8b/quality/n8_c4/per_draw/0,,,P30_K2_DRAWS,,n8_k2,llama8b,,0.24137586241375864,,,9.825367612898917,9.806801708438497,,paired_dlogppl,n8,P30_analysis_attempt1,,,,,runs/P30_analysis_attempt1/analysis_draws/P30_FIVE_DRAW_ANALYSIS.json,82ee1420d7a98f797e0ace23fc489e854bb2a6b6cef0d9554022cfcfc0b1a7e4,,,P30:llama8b:seed0:n8:c4,,,256
,,,,0.004742006260702987,-0.0003323736378500794,231,four_over_six,c4,0.0024961886763693163,draw1,0.0024961886763693163,,,/models/llama8b/quality/n8_c4/per_draw/1,,,P30_K2_DRAWS,,n8_k2_draw1,llama8b,,0.0805919408059194,,,9.825367612898917,9.849924220487368,,paired_dlogppl,n8,P30_analysis_attempt1,,,,,runs/P30_analysis_attempt1/analysis_draws/P30_FIVE_DRAW_ANALYSIS.json,82ee1420d7a98f797e0ace23fc489e854bb2a6b6cef0d9554022cfcfc0b1a7e4,,,P30:llama8b:draw1:n8:c4,,,256
,,,,0.0005812535451058656,-0.00487602427692499,231,four_over_six,c4,-0.0018030085491362838,draw2,-0.0018030085491362838,,,/models/llama8b/quality/n8_c4/per_draw/2,,,P30_K2_DRAWS,,n8_k2_draw2,llama8b,,0.16678332166783322,,,9.825367612898917,9.807668351848717,,paired_dlogppl,n8,P30_analysis_attempt1,,,,,runs/P30_analysis_attempt1/analysis_draws/P30_FIVE_DRAW_ANALYSIS.json,82ee1420d7a98f797e0ace23fc489e854bb2a6b6cef0d9554022cfcfc0b1a7e4,,,P30:llama8b:draw2:n8:c4,,,256
,,,,0.002798426817946056,-0.00418125812028884,231,four_over_six,c4,-0.00033188718229970756,draw3,-0.00033188718229970756,,,/models/llama8b/quality/n8_c4/per_draw/3,,,P30_K2_DRAWS,,n8_k2_draw3,llama8b,,0.9113088691130887,,,9.825367612898917,9.822107240394667,,paired_dlogppl,n8,P30_analysis_attempt1,,,,,runs/P30_analysis_attempt1/analysis_draws/P30_FIVE_DRAW_ANALYSIS.json,82ee1420d7a98f797e0ace23fc489e854bb2a6b6cef0d9554022cfcfc0b1a7e4,,,P30:llama8b:draw3:n8:c4,,,256
,,,,0.008365358351104909,0.0014325260564154471,231,four_over_six,c4,0.004887357182101682,draw4,0.004887357182101682,,,/models/llama8b/quality/n8_c4/per_draw/4,,,P30_K2_DRAWS,,n8_k2_draw4,llama8b,,0.0059994000599940004,,,9.825367612898917,9.873505230916242,,paired_dlogppl,n8,P30_analysis_attempt1,,,,,runs/P30_analysis_attempt1/analysis_draws/P30_FIVE_DRAW_ANALYSIS.json,82ee1420d7a98f797e0ace23fc489e854bb2a6b6cef0d9554022cfcfc0b1a7e4,,,P30:llama8b:draw4:n8:c4,,,256
,,,,0.0024611112283341877,-0.0019975764210547835,53,four_over_six,wiki,0.0002131673450379573,seed0,0.0002131673450379573,,,/models/llama8b/quality/n8_wiki/per_draw/0,,,P30_K2_DRAWS,,n8_k2,llama8b,,0.8477152284771523,,,6.8754007343996815,6.876866501541597,,paired_dlogppl,n8,P30_analysis_attempt1,,,,,runs/P30_analysis_attempt1/analysis_draws/P30_FIVE_DRAW_ANALYSIS.json,82ee1420d7a98f797e0ace23fc489e854bb2a6b6cef0d9554022cfcfc0b1a7e4,,,P30:llama8b:seed0:n8:wiki,,,141
,,,,0.008770133411705027,0.004189103202165716,53,four_over_six,wiki,0.006333767893577266,draw1,0.006333767893577266,,,/models/llama8b/quality/n8_wiki/per_draw/1,,,P30_K2_DRAWS,,n8_k2_draw1,llama8b,,0.00019998000199980003,,,6.8754007343996815,6.919086127353933,,paired_dlogppl,n8,P30_analysis_attempt1,,,,,runs/P30_analysis_attempt1/analysis_draws/P30_FIVE_DRAW_ANALYSIS.json,82ee1420d7a98f797e0ace23fc489e854bb2a6b6cef0d9554022cfcfc0b1a7e4,,,P30:llama8b:draw1:n8:wiki,,,141
,,,,0.003591178867046328,-0.0009641642268412217,53,four_over_six,wiki,0.0012720076287580707,draw2,0.0012720076287580707,,,/models/llama8b/quality/n8_wiki/per_draw/2,,,P30_K2_DRAWS,,n8_k2_draw2,llama8b,,0.26417358264173585,,,6.8754007343996815,6.8841518611546535,,paired_dlogppl,n8,P30_analysis_attempt1,,,,,runs/P30_analysis_attempt1/analysis_draws/P30_FIVE_DRAW_ANALYSIS.json,82ee1420d7a98f797e0ace23fc489e854bb2a6b6cef0d9554022cfcfc0b1a7e4,,,P30:llama8b:draw2:n8:wiki,,,141
,,,,0.00416371570244684,-7.155881782664187e-05,53,four_over_six,wiki,0.0020688654698228855,draw3,0.0020688654698228855,,,/models/llama8b/quality/n8_wiki/per_draw/3,,,P30_K2_DRAWS,,n8_k2_draw3,llama8b,,0.05679432056794321,,,6.8754007343996815,6.8896397377826695,,paired_dlogppl,n8,P30_analysis_attempt1,,,,,runs/P30_analysis_attempt1/analysis_draws/P30_FIVE_DRAW_ANALYSIS.json,82ee1420d7a98f797e0ace23fc489e854bb2a6b6cef0d9554022cfcfc0b1a7e4,,,P30:llama8b:draw3:n8:wiki,,,141
,,,,0.014621726862089042,0.009654330782843376,53,four_over_six,wiki,0.012040839815425766,draw4,0.012040839815425766,,,/models/llama8b/quality/n8_wiki/per_draw/4,,,P30_K2_DRAWS,,n8_k2_draw4,llama8b,,0.00019998000199980003,,,6.8754007343996815,6.958686743814532,,paired_dlogppl,n8,P30_analysis_attempt1,,,,,runs/P30_analysis_attempt1/analysis_draws/P30_FIVE_DRAW_ANALYSIS.json,82ee1420d7a98f797e0ace23fc489e854bb2a6b6cef0d9554022cfcfc0b1a7e4,,,P30:llama8b:draw4:n8:wiki,,,141
,,,,-0.0020426236923459812,-0.0036103668449918684,235,four_over_six,c4,-0.0028344097823077663,seed0,-0.0028344097823077663,,,/models/mistral7b/quality/n16_c4/per_draw/0,,,P30_K2_DRAWS,,n16_k2,mistral7b,,0.00019998000199980003,,,8.067409980198462,8.044576010133863,,paired_dlogppl,n16,P30_analysis_attempt1,,,,,runs/P30_analysis_attempt1/analysis_draws/P30_FIVE_DRAW_ANALYSIS.json,82ee1420d7a98f797e0ace23fc489e854bb2a6b6cef0d9554022cfcfc0b1a7e4,,,P30:mistral7b:seed0:n16:c4,,,256
,,,,-0.002087265906514158,-0.003441872324254128,235,four_over_six,c4,-0.0027655239404919055,draw1,-0.0027655239404919055,,,/models/mistral7b/quality/n16_c4/per_draw/1,,,P30_K2_DRAWS,,n16_k2_draw1,mistral7b,,0.00019998000199980003,,,8.067409980198462,8.045130186611617,,paired_dlogppl,n16,P30_analysis_attempt1,,,,,runs/P30_analysis_attempt1/analysis_draws/P30_FIVE_DRAW_ANALYSIS.json,82ee1420d7a98f797e0ace23fc489e854bb2a6b6cef0d9554022cfcfc0b1a7e4,,,P30:mistral7b:draw1:n16:c4,,,256
,,,,-0.0017423863993758586,-0.003080874366808634,235,four_over_six,c4,-0.0024141402775294404,draw2,-0.0024141402775294404,,,/models/mistral7b/quality/n16_c4/per_draw/2,,,P30_K2_DRAWS,,n16_k2_draw2,mistral7b,,0.00019998000199980003,,,8.067409980198462,8.047957610651805,,paired_dlogppl,n16,P30_analysis_attempt1,,,,,runs/P30_analysis_attempt1/analysis_draws/P30_FIVE_DRAW_ANALYSIS.json,82ee1420d7a98f797e0ace23fc489e854bb2a6b6cef0d9554022cfcfc0b1a7e4,,,P30:mistral7b:draw2:n16:c4,,,256
,,,,-0.0020512087204051233,-0.003463772201283264,235,four_over_six,c4,-0.0027565071277992096,draw3,-0.0027565071277992096,,,/models/mistral7b/quality/n16_c4/per_draw/3,,,P30_K2_DRAWS,,n16_k2_draw3,mistral7b,,0.00019998000199980003,,,8.067409980198462,8.045202728370649,,paired_dlogppl,n16,P30_analysis_attempt1,,,,,runs/P30_analysis_attempt1/analysis_draws/P30_FIVE_DRAW_ANALYSIS.json,82ee1420d7a98f797e0ace23fc489e854bb2a6b6cef0d9554022cfcfc0b1a7e4,,,P30:mistral7b:draw3:n16:c4,,,256
,,,,-0.0014644866399665417,-0.002898611970308221,235,four_over_six,c4,-0.002202220737294594,draw4,-0.002202220737294594,,,/models/mistral7b/quality/n16_c4/per_draw/4,,,P30_K2_DRAWS,,n16_k2_draw4,mistral7b,,0.00019998000199980003,,,8.067409980198462,8.049663310857726,,paired_dlogppl,n16,P30_analysis_attempt1,,,,,runs/P30_analysis_attempt1/analysis_draws/P30_FIVE_DRAW_ANALYSIS.json,82ee1420d7a98f797e0ace23fc489e854bb2a6b6cef0d9554022cfcfc0b1a7e4,,,P30:mistral7b:draw4:n16:c4,,,256
,,,,-0.0038864095907190114,-0.005664069950298105,57,four_over_six,wiki,-0.0047794860627591315,seed0,-0.0047794860627591315,,,/models/mistral7b/quality/n16_wiki/per_draw/0,,,P30_K2_DRAWS,,n16_k2,mistral7b,,0.00019998000199980003,,,5.5233090581954585,5.496973464964951,,paired_dlogppl,n16,P30_analysis_attempt1,,,,,runs/P30_analysis_attempt1/analysis_draws/P30_FIVE_DRAW_ANALYSIS.json,82ee1420d7a98f797e0ace23fc489e854bb2a6b6cef0d9554022cfcfc0b1a7e4,,,P30:mistral7b:seed0:n16:wiki,,,163
,,,,-0.004081308054150761,-0.006029862331690111,57,four_over_six,wiki,-0.005082273545897498,draw1,-0.005082273545897498,,,/models/mistral7b/quality/n16_wiki/per_draw/1,,,P30_K2_DRAWS,,n16_k2_draw1,mistral7b,,0.00019998000199980003,,,5.5233090581954585,5.495309302161162,,paired_dlogppl,n16,P30_analysis_attempt1,,,,,runs/P30_analysis_attempt1/analysis_draws/P30_FIVE_DRAW_ANALYSIS.json,82ee1420d7a98f797e0ace23fc489e854bb2a6b6cef0d9554022cfcfc0b1a7e4,,,P30:mistral7b:draw1:n16:wiki,,,163
,,,,-0.003274536131033152,-0.005287581386222636,57,four_over_six,wiki,-0.0043192630023960584,draw2,-0.0043192630023960584,,,/models/mistral7b/quality/n16_wiki/per_draw/2,,,P30_K2_DRAWS,,n16_k2_draw2,mistral7b,,0.00019998000199980003,,,5.5233090581954585,5.499503881149007,,paired_dlogppl,n16,P30_analysis_attempt1,,,,,runs/P30_analysis_attempt1/analysis_draws/P30_FIVE_DRAW_ANALYSIS.json,82ee1420d7a98f797e0ace23fc489e854bb2a6b6cef0d9554022cfcfc0b1a7e4,,,P30:mistral7b:draw2:n16:wiki,,,163
,,,,-0.004438604406445259,-0.006721300594348782,57,four_over_six,wiki,-0.005602862779178535,draw3,-0.005602862779178535,,,/models/mistral7b/quality/n16_wiki/per_draw/3,,,P30_K2_DRAWS,,n16_k2_draw3,mistral7b,,0.00019998000199980003,,,5.5233090581954585,5.492449247826244,,paired_dlogppl,n16,P30_analysis_attempt1,,,,,runs/P30_analysis_attempt1/analysis_draws/P30_FIVE_DRAW_ANALYSIS.json,82ee1420d7a98f797e0ace23fc489e854bb2a6b6cef0d9554022cfcfc0b1a7e4,,,P30:mistral7b:draw3:n16:wiki,,,163
,,,,-0.00382681945283918,-0.005638850110209958,57,four_over_six,wiki,-0.0047425413787984035,draw4,-0.0047425413787984035,,,/models/mistral7b/quality/n16_wiki/per_draw/4,,,P30_K2_DRAWS,,n16_k2_draw4,mistral7b,,0.00019998000199980003,,,5.5233090581954585,5.497176552663833,,paired_dlogppl,n16,P30_analysis_attempt1,,,,,runs/P30_analysis_attempt1/analysis_draws/P30_FIVE_DRAW_ANALYSIS.json,82ee1420d7a98f797e0ace23fc489e854bb2a6b6cef0d9554022cfcfc0b1a7e4,,,P30:mistral7b:draw4:n16:wiki,,,163
,,,,-0.002034432599712208,-0.0035018739576803187,235,four_over_six,c4,-0.002760080284881555,seed0,-0.002760080284881555,,,/models/mistral7b/quality/n8_c4/per_draw/0,,,P30_K2_DRAWS,,n8_k2,mistral7b,,0.00019998000199980003,,,8.067409980198462,8.0451739816489,,paired_dlogppl,n8,P30_analysis_attempt1,,,,,runs/P30_analysis_attempt1/analysis_draws/P30_FIVE_DRAW_ANALYSIS.json,82ee1420d7a98f797e0ace23fc489e854bb2a6b6cef0d9554022cfcfc0b1a7e4,,,P30:mistral7b:seed0:n8:c4,,,256
,,,,-0.002248236572023609,-0.0036599235496595807,235,four_over_six,c4,-0.002957935719417403,draw1,-0.002957935719417403,,,/models/mistral7b/quality/n8_c4/per_draw/1,,,P30_K2_DRAWS,,n8_k2_draw1,mistral7b,,0.00019998000199980003,,,8.067409980198462,8.043582357715753,,paired_dlogppl,n8,P30_analysis_attempt1,,,,,runs/P30_analysis_attempt1/analysis_draws/P30_FIVE_DRAW_ANALYSIS.json,82ee1420d7a98f797e0ace23fc489e854bb2a6b6cef0d9554022cfcfc0b1a7e4,,,P30:mistral7b:draw1:n8:c4,,,256
,,,,-0.0018761202404590628,-0.003707257579042822,235,four_over_six,c4,-0.0028545312909805734,draw2,-0.0028545312909805734,,,/models/mistral7b/quality/n8_c4/per_draw/2,,,P30_K2_DRAWS,,n8_k2_draw2,mistral7b,,0.00019998000199980003,,,8.067409980198462,8.04441414275642,,paired_dlogppl,n8,P30_analysis_attempt1,,,,,runs/P30_analysis_attempt1/analysis_draws/P30_FIVE_DRAW_ANALYSIS.json,82ee1420d7a98f797e0ace23fc489e854bb2a6b6cef0d9554022cfcfc0b1a7e4,,,P30:mistral7b:draw2:n8:c4,,,256
,,,,-0.00286946779319676,-0.004462884013996384,235,four_over_six,c4,-0.003661010724461942,draw3,-0.003661010724461942,,,/models/mistral7b/quality/n8_c4/per_draw/3,,,P30_K2_DRAWS,,n8_k2_draw3,mistral7b,,0.00019998000199980003,,,8.067409980198462,8.037929103572747,,paired_dlogppl,n8,P30_analysis_attempt1,,,,,runs/P30_analysis_attempt1/analysis_draws/P30_FIVE_DRAW_ANALYSIS.json,82ee1420d7a98f797e0ace23fc489e854bb2a6b6cef0d9554022cfcfc0b1a7e4,,,P30:mistral7b:draw3:n8:c4,,,256
,,,,-0.0013002009648401156,-0.0032150960892961405,235,four_over_six,c4,-0.0023315266162029307,draw4,-0.0023315266162029307,,,/models/mistral7b/quality/n8_c4/per_draw/4,,,P30_K2_DRAWS,,n8_k2_draw4,mistral7b,,0.00039996000399960006,,,8.067409980198462,8.048622509360703,,paired_dlogppl,n8,P30_analysis_attempt1,,,,,runs/P30_analysis_attempt1/analysis_draws/P30_FIVE_DRAW_ANALYSIS.json,82ee1420d7a98f797e0ace23fc489e854bb2a6b6cef0d9554022cfcfc0b1a7e4,,,P30:mistral7b:draw4:n8:c4,,,256
,,,,-0.004281630566963696,-0.0060187867398676055,57,four_over_six,wiki,-0.00515842020374354,seed0,-0.00515842020374354,,,/models/mistral7b/quality/n8_wiki/per_draw/0,,,P30_K2_DRAWS,,n8_k2,mistral7b,,0.00019998000199980003,,,5.5233090581954585,5.494890868655329,,paired_dlogppl,n8,P30_analysis_attempt1,,,,,runs/P30_analysis_attempt1/analysis_draws/P30_FIVE_DRAW_ANALYSIS.json,82ee1420d7a98f797e0ace23fc489e854bb2a6b6cef0d9554022cfcfc0b1a7e4,,,P30:mistral7b:seed0:n8:wiki,,,163
,,,,-0.0035810780054370537,-0.005660564748446099,57,four_over_six,wiki,-0.004607366940206119,draw1,-0.004607366940206119,,,/models/mistral7b/quality/n8_wiki/per_draw/1,,,P30_K2_DRAWS,,n8_k2_draw1,mistral7b,,0.00019998000199980003,,,5.5233090581954585,5.497919680643006,,paired_dlogppl,n8,P30_analysis_attempt1,,,,,runs/P30_analysis_attempt1/analysis_draws/P30_FIVE_DRAW_ANALYSIS.json,82ee1420d7a98f797e0ace23fc489e854bb2a6b6cef0d9554022cfcfc0b1a7e4,,,P30:mistral7b:draw1:n8:wiki,,,163
,,,,-0.002898982545074395,-0.004486981167191315,57,four_over_six,wiki,-0.003699436639628346,draw2,-0.003699436639628346,,,/models/mistral7b/quality/n8_wiki/per_draw/2,,,P30_K2_DRAWS,,n8_k2_draw2,mistral7b,,0.00019998000199980003,,,5.5233090581954585,5.502913675267657,,paired_dlogppl,n8,P30_analysis_attempt1,,,,,runs/P30_analysis_attempt1/analysis_draws/P30_FIVE_DRAW_ANALYSIS.json,82ee1420d7a98f797e0ace23fc489e854bb2a6b6cef0d9554022cfcfc0b1a7e4,,,P30:mistral7b:draw2:n8:wiki,,,163
,,,,-0.004936832583114541,-0.006754452633065285,57,four_over_six,wiki,-0.005842656341042547,draw3,-0.005842656341042547,,,/models/mistral7b/quality/n8_wiki/per_draw/3,,,P30_K2_DRAWS,,n8_k2_draw3,mistral7b,,0.00019998000199980003,,,5.5233090581954585,5.491132351755661,,paired_dlogppl,n8,P30_analysis_attempt1,,,,,runs/P30_analysis_attempt1/analysis_draws/P30_FIVE_DRAW_ANALYSIS.json,82ee1420d7a98f797e0ace23fc489e854bb2a6b6cef0d9554022cfcfc0b1a7e4,,,P30:mistral7b:draw3:n8:wiki,,,163
,,,,-0.0038339714519346983,-0.0056026025526746395,57,four_over_six,wiki,-0.004712965109246339,draw4,-0.004712965109246339,,,/models/mistral7b/quality/n8_wiki/per_draw/4,,,P30_K2_DRAWS,,n8_k2_draw4,mistral7b,,0.00019998000199980003,,,5.5233090581954585,5.497339141043699,,paired_dlogppl,n8,P30_analysis_attempt1,,,,,runs/P30_analysis_attempt1/analysis_draws/P30_FIVE_DRAW_ANALYSIS.json,82ee1420d7a98f797e0ace23fc489e854bb2a6b6cef0d9554022cfcfc0b1a7e4,,,P30:mistral7b:draw4:n8:wiki,,,163
,,,,-0.0006895835593968194,-0.002316062374512164,231,four_over_six,c4,-0.001496511009756602,seed0,-0.001496511009756602,,,/models/olmo2_13b/quality/n16_c4/per_draw/0,,,P30_K2_DRAWS,,n16_k2,olmo2_13b,,0.0007999200079992001,,,10.089248690353495,10.074161310638862,,paired_dlogppl,n16,P30_analysis_attempt1,,,,,runs/P30_analysis_attempt1/analysis_draws/P30_FIVE_DRAW_ANALYSIS.json,82ee1420d7a98f797e0ace23fc489e854bb2a6b6cef0d9554022cfcfc0b1a7e4,,,P30:olmo2_13b:seed0:n16:c4,,,256
,,,,8.734233437250534e-05,-0.0016324763076757765,231,four_over_six,c4,-0.0007818273455723846,draw1,-0.0007818273455723846,,,/models/olmo2_13b/quality/n16_c4/per_draw/1,,,P30_K2_DRAWS,,n16_k2_draw1,olmo2_13b,,0.07899210078992101,,,10.089248690353495,10.08136372257443,,paired_dlogppl,n16,P30_analysis_attempt1,,,,,runs/P30_analysis_attempt1/analysis_draws/P30_FIVE_DRAW_ANALYSIS.json,82ee1420d7a98f797e0ace23fc489e854bb2a6b6cef0d9554022cfcfc0b1a7e4,,,P30:olmo2_13b:draw1:n16:c4,,,256
,,,,-0.0003424882546023573,-0.0019655750599139768,231,four_over_six,c4,-0.0011558723553532018,draw2,-0.0011558723553532018,,,/models/olmo2_13b/quality/n16_c4/per_draw/2,,,P30_K2_DRAWS,,n16_k2_draw2,olmo2_13b,,0.004399560043995601,,,10.089248690353495,10.07759354393444,,paired_dlogppl,n16,P30_analysis_attempt1,,,,,runs/P30_analysis_attempt1/analysis_draws/P30_FIVE_DRAW_ANALYSIS.json,82ee1420d7a98f797e0ace23fc489e854bb2a6b6cef0d9554022cfcfc0b1a7e4,,,P30:olmo2_13b:draw2:n16:c4,,,256
,,,,-0.0004292998624212533,-0.0020172277682919274,231,four_over_six,c4,-0.0012266986011317633,draw3,-0.0012266986011317633,,,/models/olmo2_13b/quality/n16_c4/per_draw/3,,,P30_K2_DRAWS,,n16_k2_draw3,olmo2_13b,,0.0027997200279972004,,,10.089248690353495,10.07687981109305,,paired_dlogppl,n16,P30_analysis_attempt1,,,,,runs/P30_analysis_attempt1/analysis_draws/P30_FIVE_DRAW_ANALYSIS.json,82ee1420d7a98f797e0ace23fc489e854bb2a6b6cef0d9554022cfcfc0b1a7e4,,,P30:olmo2_13b:draw3:n16:c4,,,256
,,,,-0.001112167558013889,-0.002501629242971923,231,four_over_six,c4,-0.0018037634093158498,draw4,-0.0018037634093158498,,,/models/olmo2_13b/quality/n16_c4/per_draw/4,,,P30_K2_DRAWS,,n16_k2_draw4,olmo2_13b,,0.00019998000199980003,,,10.089248690353495,10.071066475874659,,paired_dlogppl,n16,P30_analysis_attempt1,,,,,runs/P30_analysis_attempt1/analysis_draws/P30_FIVE_DRAW_ANALYSIS.json,82ee1420d7a98f797e0ace23fc489e854bb2a6b6cef0d9554022cfcfc0b1a7e4,,,P30:olmo2_13b:draw4:n16:c4,,,256
,,,,-0.0034747317081334785,-0.0071604427165886326,54,four_over_six,wiki,-0.005409306637845444,seed0,-0.005409306637845444,,,/models/olmo2_13b/quality/n16_wiki/per_draw/0,,,P30_K2_DRAWS,,n16_k2,olmo2_13b,,0.00019998000199980003,,,5.346195988750768,5.3173548509065,,paired_dlogppl,n16,P30_analysis_attempt1,,,,,runs/P30_analysis_attempt1/analysis_draws/P30_FIVE_DRAW_ANALYSIS.json,82ee1420d7a98f797e0ace23fc489e854bb2a6b6cef0d9554022cfcfc0b1a7e4,,,P30:olmo2_13b:seed0:n16:wiki,,,141
,,,,-0.0025276198092151004,-0.006703806455013086,54,four_over_six,wiki,-0.004620723675812388,draw1,-0.004620723675812388,,,/models/olmo2_13b/quality/n16_wiki/per_draw/1,,,P30_K2_DRAWS,,n16_k2_draw1,olmo2_13b,,0.00019998000199980003,,,5.346195988750768,5.321549680113049,,paired_dlogppl,n16,P30_analysis_attempt1,,,,,runs/P30_analysis_attempt1/analysis_draws/P30_FIVE_DRAW_ANALYSIS.json,82ee1420d7a98f797e0ace23fc489e854bb2a6b6cef0d9554022cfcfc0b1a7e4,,,P30:olmo2_13b:draw1:n16:wiki,,,141
,,,,-0.0027370822205237413,-0.006201014226642299,54,four_over_six,wiki,-0.004418028817461229,draw2,-0.004418028817461229,,,/models/olmo2_13b/quality/n16_wiki/per_draw/2,,,P30_K2_DRAWS,,n16_k2_draw2,olmo2_13b,,0.00019998000199980003,,,5.346195988750768,5.3226284401975335,,paired_dlogppl,n16,P30_analysis_attempt1,,,,,runs/P30_analysis_attempt1/analysis_draws/P30_FIVE_DRAW_ANALYSIS.json,82ee1420d7a98f797e0ace23fc489e854bb2a6b6cef0d9554022cfcfc0b1a7e4,,,P30:olmo2_13b:draw2:n16:wiki,,,141
,,,,-0.0020929087303237707,-0.006252505717085066,54,four_over_six,wiki,-0.00420326609643162,draw3,-0.00420326609643162,,,/models/olmo2_13b/quality/n16_wiki/per_draw/3,,,P30_K2_DRAWS,,n16_k2_draw3,olmo2_13b,,0.00039996000399960006,,,5.346195988750768,5.323771665121035,,paired_dlogppl,n16,P30_analysis_attempt1,,,,,runs/P30_analysis_attempt1/analysis_draws/P30_FIVE_DRAW_ANALYSIS.json,82ee1420d7a98f797e0ace23fc489e854bb2a6b6cef0d9554022cfcfc0b1a7e4,,,P30:olmo2_13b:draw3:n16:wiki,,,141
,,,,-0.0030020150666091533,-0.007000140859444408,54,four_over_six,wiki,-0.005115931401368354,draw4,-0.005115931401368354,,,/models/olmo2_13b/quality/n16_wiki/per_draw/4,,,P30_K2_DRAWS,,n16_k2_draw4,olmo2_13b,,0.00019998000199980003,,,5.346195988750768,5.318915059995484,,paired_dlogppl,n16,P30_analysis_attempt1,,,,,runs/P30_analysis_attempt1/analysis_draws/P30_FIVE_DRAW_ANALYSIS.json,82ee1420d7a98f797e0ace23fc489e854bb2a6b6cef0d9554022cfcfc0b1a7e4,,,P30:olmo2_13b:draw4:n16:wiki,,,141
,,,,-0.00031914870598167693,-0.002001621157273618,231,four_over_six,c4,-0.0011687953103858624,seed0,-0.0011687953103858624,,,/models/olmo2_13b/quality/n8_c4/per_draw/0,,,P30_K2_DRAWS,,n8_k2,olmo2_13b,,0.0071992800719928,,,10.089248690353495,10.077463312487724,,paired_dlogppl,n8,P30_analysis_attempt1,,,,,runs/P30_analysis_attempt1/analysis_draws/P30_FIVE_DRAW_ANALYSIS.json,82ee1420d7a98f797e0ace23fc489e854bb2a6b6cef0d9554022cfcfc0b1a7e4,,,P30:olmo2_13b:seed0:n8:c4,,,256
,,,,0.0018808113177129345,-3.9525951475778156e-05,231,four_over_six,c4,0.0009208105779956355,draw1,0.0009208105779956355,,,/models/olmo2_13b/quality/n8_c4/per_draw/1,,,P30_K2_DRAWS,,n8_k2_draw1,olmo2_13b,,0.06059394060593941,,,10.089248690353495,10.098543255881996,,paired_dlogppl,n8,P30_analysis_attempt1,,,,,runs/P30_analysis_attempt1/analysis_draws/P30_FIVE_DRAW_ANALYSIS.json,82ee1420d7a98f797e0ace23fc489e854bb2a6b6cef0d9554022cfcfc0b1a7e4,,,P30:olmo2_13b:draw1:n8:c4,,,256
,,,,0.0011215826599967518,-0.000718026217402353,231,four_over_six,c4,0.0002082775895993341,draw2,0.0002082775895993341,,,/models/olmo2_13b/quality/n8_c4/per_draw/2,,,P30_K2_DRAWS,,n8_k2_draw2,olmo2_13b,,0.654934506549345,,,10.089248690353495,10.091350273600323,,paired_dlogppl,n8,P30_analysis_attempt1,,,,,runs/P30_analysis_attempt1/analysis_draws/P30_FIVE_DRAW_ANALYSIS.json,82ee1420d7a98f797e0ace23fc489e854bb2a6b6cef0d9554022cfcfc0b1a7e4,,,P30:olmo2_13b:draw2:n8:c4,,,256
,,,,0.0007301910090003268,-0.0009269696090604681,231,four_over_six,c4,-0.0001007605867746641,draw3,-0.0001007605867746641,,,/models/olmo2_13b/quality/n8_c4/per_draw/3,,,P30_K2_DRAWS,,n8_k2_draw3,olmo2_13b,,0.8189181081891811,,,10.089248690353495,10.088232142950142,,paired_dlogppl,n8,P30_analysis_attempt1,,,,,runs/P30_analysis_attempt1/analysis_draws/P30_FIVE_DRAW_ANALYSIS.json,82ee1420d7a98f797e0ace23fc489e854bb2a6b6cef0d9554022cfcfc0b1a7e4,,,P30:olmo2_13b:draw3:n8:c4,,,256
,,,,-0.000531764237255778,-0.002264708271242853,231,four_over_six,c4,-0.0013891612279029648,draw4,-0.0013891612279029648,,,/models/olmo2_13b/quality/n8_c4/per_draw/4,,,P30_K2_DRAWS,,n8_k2_draw4,olmo2_13b,,0.0025997400259974,,,10.089248690353495,10.075242827707198,,paired_dlogppl,n8,P30_analysis_attempt1,,,,,runs/P30_analysis_attempt1/analysis_draws/P30_FIVE_DRAW_ANALYSIS.json,82ee1420d7a98f797e0ace23fc489e854bb2a6b6cef0d9554022cfcfc0b1a7e4,,,P30:olmo2_13b:draw4:n8:c4,,,256
,,,,-0.0033506594832686696,-0.0073546212525825464,54,four_over_six,wiki,-0.005325596838956124,seed0,-0.005325596838956124,,,/models/olmo2_13b/quality/n8_wiki/per_draw/0,,,P30_K2_DRAWS,,n8_k2,olmo2_13b,,0.00019998000199980003,,,5.346195988750768,5.317799984242442,,paired_dlogppl,n8,P30_analysis_attempt1,,,,,runs/P30_analysis_attempt1/analysis_draws/P30_FIVE_DRAW_ANALYSIS.json,82ee1420d7a98f797e0ace23fc489e854bb2a6b6cef0d9554022cfcfc0b1a7e4,,,P30:olmo2_13b:seed0:n8:wiki,,,141
,,,,-7.446434324510309e-05,-0.004429769575549517,54,four_over_six,wiki,-0.0022303211057729307,draw1,-0.0022303211057729307,,,/models/olmo2_13b/quality/n8_wiki/per_draw/1,,,P30_K2_DRAWS,,n8_k2_draw1,olmo2_13b,,0.0433956604339566,,,5.346195988750768,5.334285541999055,,paired_dlogppl,n8,P30_analysis_attempt1,,,,,runs/P30_analysis_attempt1/analysis_draws/P30_FIVE_DRAW_ANALYSIS.json,82ee1420d7a98f797e0ace23fc489e854bb2a6b6cef0d9554022cfcfc0b1a7e4,,,P30:olmo2_13b:draw1:n8:wiki,,,141
,,,,-0.0004237918474140425,-0.005479934243931348,54,four_over_six,wiki,-0.002916249991998425,draw2,-0.002916249991998425,,,/models/olmo2_13b/quality/n8_wiki/per_draw/2,,,P30_K2_DRAWS,,n8_k2_draw2,olmo2_13b,,0.0221977802219778,,,5.346195988750768,5.3306278560580544,,paired_dlogppl,n8,P30_analysis_attempt1,,,,,runs/P30_analysis_attempt1/analysis_draws/P30_FIVE_DRAW_ANALYSIS.json,82ee1420d7a98f797e0ace23fc489e854bb2a6b6cef0d9554022cfcfc0b1a7e4,,,P30:olmo2_13b:draw2:n8:wiki,,,141
,,,,-0.0007749162250926919,-0.005656118661985176,54,four_over_six,wiki,-0.003139535216945633,draw3,-0.003139535216945633,,,/models/olmo2_13b/quality/n8_wiki/per_draw/3,,,P30_K2_DRAWS,,n8_k2_draw3,olmo2_13b,,0.0071992800719928,,,5.346195988750768,5.329437738490884,,paired_dlogppl,n8,P30_analysis_attempt1,,,,,runs/P30_analysis_attempt1/analysis_draws/P30_FIVE_DRAW_ANALYSIS.json,82ee1420d7a98f797e0ace23fc489e854bb2a6b6cef0d9554022cfcfc0b1a7e4,,,P30:olmo2_13b:draw3:n8:wiki,,,141
,,,,-0.002721243835640264,-0.006479859170766091,54,four_over_six,wiki,-0.004624915038658284,draw4,-0.004624915038658284,,,/models/olmo2_13b/quality/n8_wiki/per_draw/4,,,P30_K2_DRAWS,,n8_k2_draw4,olmo2_13b,,0.00019998000199980003,,,5.346195988750768,5.3215273756141785,,paired_dlogppl,n8,P30_analysis_attempt1,,,,,runs/P30_analysis_attempt1/analysis_draws/P30_FIVE_DRAW_ANALYSIS.json,82ee1420d7a98f797e0ace23fc489e854bb2a6b6cef0d9554022cfcfc0b1a7e4,,,P30:olmo2_13b:draw4:n8:wiki,,,141
,,,,-0.006822285201829369,-0.008910465912657248,231,four_over_six,c4,-0.00784150892038997,seed0,-0.00784150892038997,,,/models/phi4/quality/n16_c4/per_draw/0,,,P30_K2_DRAWS,,n16_k2,phi4,,0.00019998000199980003,,,10.548506816387418,10.466114070006459,,paired_dlogppl,n16,P30_analysis_attempt1,,,,,runs/P30_analysis_attempt1/analysis_draws/P30_FIVE_DRAW_ANALYSIS.json,82ee1420d7a98f797e0ace23fc489e854bb2a6b6cef0d9554022cfcfc0b1a7e4,,,P30:phi4:seed0:n16:c4,,,256
,,,,-0.006446487690824919,-0.008388189455829191,231,four_over_six,c4,-0.0073920241215001655,draw1,-0.0073920241215001655,,,/models/phi4/quality/n16_c4/per_draw/1,,,P30_K2_DRAWS,,n16_k2_draw1,phi4,,0.00019998000199980003,,,10.548506816387418,10.470819486611763,,paired_dlogppl,n16,P30_analysis_attempt1,,,,,runs/P30_analysis_attempt1/analysis_draws/P30_FIVE_DRAW_ANALYSIS.json,82ee1420d7a98f797e0ace23fc489e854bb2a6b6cef0d9554022cfcfc0b1a7e4,,,P30:phi4:draw1:n16:c4,,,256
,,,,-0.00736036300737445,-0.00949294379235245,231,four_over_six,c4,-0.008399685942885779,draw2,-0.008399685942885779,,,/models/phi4/quality/n16_c4/per_draw/2,,,P30_K2_DRAWS,,n16_k2_draw2,phi4,,0.00019998000199980003,,,10.548506816387418,10.460273755733995,,paired_dlogppl,n16,P30_analysis_attempt1,,,,,runs/P30_analysis_attempt1/analysis_draws/P30_FIVE_DRAW_ANALYSIS.json,82ee1420d7a98f797e0ace23fc489e854bb2a6b6cef0d9554022cfcfc0b1a7e4,,,P30:phi4:draw2:n16:c4,,,256
,,,,-0.007417627796121728,-0.00965591611534837,231,four_over_six,c4,-0.008491891661202974,draw3,-0.008491891661202974,,,/models/phi4/quality/n16_c4/per_draw/3,,,P30_K2_DRAWS,,n16_k2_draw3,phi4,,0.00019998000199980003,,,10.548506816387418,10.459309303143247,,paired_dlogppl,n16,P30_analysis_attempt1,,,,,runs/P30_analysis_attempt1/analysis_draws/P30_FIVE_DRAW_ANALYSIS.json,82ee1420d7a98f797e0ace23fc489e854bb2a6b6cef0d9554022cfcfc0b1a7e4,,,P30:phi4:draw3:n16:c4,,,256
,,,,-0.00654329561968633,-0.008543385760216956,231,four_over_six,c4,-0.007506567767914897,draw4,-0.007506567767914897,,,/models/phi4/quality/n16_c4/per_draw/4,,,P30_K2_DRAWS,,n16_k2_draw4,phi4,,0.00019998000199980003,,,10.548506816387418,10.469620189454046,,paired_dlogppl,n16,P30_analysis_attempt1,,,,,runs/P30_analysis_attempt1/analysis_draws/P30_FIVE_DRAW_ANALYSIS.json,82ee1420d7a98f797e0ace23fc489e854bb2a6b6cef0d9554022cfcfc0b1a7e4,,,P30:phi4:draw4:n16:c4,,,256
,,,,-0.01023566484924255,-0.013511222347427113,54,four_over_six,wiki,-0.011797515452209915,seed0,-0.011797515452209915,,,/models/phi4/quality/n16_wiki/per_draw/0,,,P30_K2_DRAWS,,n16_k2,phi4,,0.00019998000199980003,,,6.6641119300295,6.585953908303838,,paired_dlogppl,n16,P30_analysis_attempt1,,,,,runs/P30_analysis_attempt1/analysis_draws/P30_FIVE_DRAW_ANALYSIS.json,82ee1420d7a98f797e0ace23fc489e854bb2a6b6cef0d9554022cfcfc0b1a7e4,,,P30:phi4:seed0:n16:wiki,,,141
,,,,-0.010400984789414138,-0.013958564594717065,54,four_over_six,wiki,-0.012072115008312123,draw1,-0.012072115008312123,,,/models/phi4/quality/n16_wiki/per_draw/1,,,P30_K2_DRAWS,,n16_k2_draw1,phi4,,0.00019998000199980003,,,6.6641119300295,6.584145656568037,,paired_dlogppl,n16,P30_analysis_attempt1,,,,,runs/P30_analysis_attempt1/analysis_draws/P30_FIVE_DRAW_ANALYSIS.json,82ee1420d7a98f797e0ace23fc489e854bb2a6b6cef0d9554022cfcfc0b1a7e4,,,P30:phi4:draw1:n16:wiki,,,141
,,,,-0.009361810776943839,-0.013450860091209105,54,four_over_six,wiki,-0.01132821188034213,draw2,-0.01132821188034213,,,/models/phi4/quality/n16_wiki/per_draw/2,,,P30_K2_DRAWS,,n16_k2_draw2,phi4,,0.00019998000199980003,,,6.6641119300295,6.589045445375122,,paired_dlogppl,n16,P30_analysis_attempt1,,,,,runs/P30_analysis_attempt1/analysis_draws/P30_FIVE_DRAW_ANALYSIS.json,82ee1420d7a98f797e0ace23fc489e854bb2a6b6cef0d9554022cfcfc0b1a7e4,,,P30:phi4:draw2:n16:wiki,,,141
,,,,-0.009652833939495576,-0.013783555566425867,54,four_over_six,wiki,-0.0116124373632539,draw3,-0.0116124373632539,,,/models/phi4/quality/n16_wiki/per_draw/3,,,P30_K2_DRAWS,,n16_k2_draw3,phi4,,0.00019998000199980003,,,6.6641119300295,6.587172936871414,,paired_dlogppl,n16,P30_analysis_attempt1,,,,,runs/P30_analysis_attempt1/analysis_draws/P30_FIVE_DRAW_ANALYSIS.json,82ee1420d7a98f797e0ace23fc489e854bb2a6b6cef0d9554022cfcfc0b1a7e4,,,P30:phi4:draw3:n16:wiki,,,141
,,,,-0.008842520045020768,-0.012370865563327225,54,four_over_six,wiki,-0.010537496795523219,draw4,-0.010537496795523219,,,/models/phi4/quality/n16_wiki/per_draw/4,,,P30_K2_DRAWS,,n16_k2_draw4,phi4,,0.00019998000199980003,,,6.6641119300295,6.594257563381936,,paired_dlogppl,n16,P30_analysis_attempt1,,,,,runs/P30_analysis_attempt1/analysis_draws/P30_FIVE_DRAW_ANALYSIS.json,82ee1420d7a98f797e0ace23fc489e854bb2a6b6cef0d9554022cfcfc0b1a7e4,,,P30:phi4:draw4:n16:wiki,,,141
,,,,-0.007342541535482283,-0.009485412598636203,231,four_over_six,c4,-0.008348816197110311,seed0,-0.008348816197110311,,,/models/phi4/quality/n8_c4/per_draw/0,,,P30_K2_DRAWS,,n8_k2,phi4,,0.00019998000199980003,,,10.548506816387418,10.46080588073511,,paired_dlogppl,n8,P30_analysis_attempt1,,,,,runs/P30_analysis_attempt1/analysis_draws/P30_FIVE_DRAW_ANALYSIS.json,82ee1420d7a98f797e0ace23fc489e854bb2a6b6cef0d9554022cfcfc0b1a7e4,,,P30:phi4:seed0:n8:c4,,,256
,,,,-0.00714410917113998,-0.00944382460130261,231,four_over_six,c4,-0.008234425218127072,draw1,-0.008234425218127072,,,/models/phi4/quality/n8_c4/per_draw/1,,,P30_K2_DRAWS,,n8_k2_draw1,phi4,,0.00019998000199980003,,,10.548506816387418,10.462002571004758,,paired_dlogppl,n8,P30_analysis_attempt1,,,,,runs/P30_analysis_attempt1/analysis_draws/P30_FIVE_DRAW_ANALYSIS.json,82ee1420d7a98f797e0ace23fc489e854bb2a6b6cef0d9554022cfcfc0b1a7e4,,,P30:phi4:draw1:n8:c4,,,256
,,,,-0.007122967017261172,-0.009472445398613003,231,four_over_six,c4,-0.008235509406695155,draw2,-0.008235509406695155,,,/models/phi4/quality/n8_c4/per_draw/2,,,P30_K2_DRAWS,,n8_k2_draw2,phi4,,0.00019998000199980003,,,10.548506816387418,10.46199122822729,,paired_dlogppl,n8,P30_analysis_attempt1,,,,,runs/P30_analysis_attempt1/analysis_draws/P30_FIVE_DRAW_ANALYSIS.json,82ee1420d7a98f797e0ace23fc489e854bb2a6b6cef0d9554022cfcfc0b1a7e4,,,P30:phi4:draw2:n8:c4,,,256
,,,,-0.00786090420205947,-0.010287800593658525,231,four_over_six,c4,-0.009026766577496957,draw3,-0.009026766577496957,,,/models/phi4/quality/n8_c4/per_draw/3,,,P30_K2_DRAWS,,n8_k2_draw3,phi4,,0.00019998000199980003,,,10.548506816387418,10.453716376846598,,paired_dlogppl,n8,P30_analysis_attempt1,,,,,runs/P30_analysis_attempt1/analysis_draws/P30_FIVE_DRAW_ANALYSIS.json,82ee1420d7a98f797e0ace23fc489e854bb2a6b6cef0d9554022cfcfc0b1a7e4,,,P30:phi4:draw3:n8:c4,,,256
,,,,-0.007027285685014665,-0.009315946580368769,231,four_over_six,c4,-0.008142594255163145,draw4,-0.008142594255163145,,,/models/phi4/quality/n8_c4/per_draw/4,,,P30_K2_DRAWS,,n8_k2_draw4,phi4,,0.00019998000199980003,,,10.548506816387418,10.46296335088934,,paired_dlogppl,n8,P30_analysis_attempt1,,,,,runs/P30_analysis_attempt1/analysis_draws/P30_FIVE_DRAW_ANALYSIS.json,82ee1420d7a98f797e0ace23fc489e854bb2a6b6cef0d9554022cfcfc0b1a7e4,,,P30:phi4:draw4:n8:c4,,,256
,,,,-0.009611757695403332,-0.013521624142415175,54,four_over_six,wiki,-0.011443172020856214,seed0,-0.011443172020856214,,,/models/phi4/quality/n8_wiki/per_draw/0,,,P30_K2_DRAWS,,n8_k2,phi4,,0.00019998000199980003,,,6.6641119300295,6.588288011323056,,paired_dlogppl,n8,P30_analysis_attempt1,,,,,runs/P30_analysis_attempt1/analysis_draws/P30_FIVE_DRAW_ANALYSIS.json,82ee1420d7a98f797e0ace23fc489e854bb2a6b6cef0d9554022cfcfc0b1a7e4,,,P30:phi4:seed0:n8:wiki,,,141
,,,,-0.009457555890862905,-0.0134657285356758,54,four_over_six,wiki,-0.011387452451269266,draw1,-0.011387452451269266,,,/models/phi4/quality/n8_wiki/per_draw/1,,,P30_K2_DRAWS,,n8_k2_draw1,phi4,,0.00019998000199980003,,,6.6641119300295,6.5886551181227935,,paired_dlogppl,n8,P30_analysis_attempt1,,,,,runs/P30_analysis_attempt1/analysis_draws/P30_FIVE_DRAW_ANALYSIS.json,82ee1420d7a98f797e0ace23fc489e854bb2a6b6cef0d9554022cfcfc0b1a7e4,,,P30:phi4:draw1:n8:wiki,,,141
,,,,-0.008145642446074887,-0.013107950801357848,54,four_over_six,wiki,-0.010498172166324786,draw2,-0.010498172166324786,,,/models/phi4/quality/n8_wiki/per_draw/2,,,P30_K2_DRAWS,,n8_k2_draw2,phi4,,0.00019998000199980003,,,6.6641119300295,6.594516885214291,,paired_dlogppl,n8,P30_analysis_attempt1,,,,,runs/P30_analysis_attempt1/analysis_draws/P30_FIVE_DRAW_ANALYSIS.json,82ee1420d7a98f797e0ace23fc489e854bb2a6b6cef0d9554022cfcfc0b1a7e4,,,P30:phi4:draw2:n8:wiki,,,141
,,,,-0.00898869328406088,-0.01371812968452669,54,four_over_six,wiki,-0.011197917969349882,draw3,-0.011197917969349882,,,/models/phi4/quality/n8_wiki/per_draw/3,,,P30_K2_DRAWS,,n8_k2_draw3,phi4,,0.00019998000199980003,,,6.6641119300295,6.5899040138078115,,paired_dlogppl,n8,P30_analysis_attempt1,,,,,runs/P30_analysis_attempt1/analysis_draws/P30_FIVE_DRAW_ANALYSIS.json,82ee1420d7a98f797e0ace23fc489e854bb2a6b6cef0d9554022cfcfc0b1a7e4,,,P30:phi4:draw3:n8:wiki,,,141
,,,,-0.009484739118472417,-0.013518981934382895,54,four_over_six,wiki,-0.01138264158744186,draw4,-0.01138264158744186,,,/models/phi4/quality/n8_wiki/per_draw/4,,,P30_K2_DRAWS,,n8_k2_draw4,phi4,,0.00019998000199980003,,,6.6641119300295,6.588686815321623,,paired_dlogppl,n8,P30_analysis_attempt1,,,,,runs/P30_analysis_attempt1/analysis_draws/P30_FIVE_DRAW_ANALYSIS.json,82ee1420d7a98f797e0ace23fc489e854bb2a6b6cef0d9554022cfcfc0b1a7e4,,,P30:phi4:draw4:n8:wiki,,,141
,,,,-0.006221085207266572,-0.007951849998426781,233,four_over_six,c4,-0.007069912026747789,seed0,-0.007069912026747789,,,/models/qwen27b/quality/n16_c4/per_draw/0,,,P30_K2_DRAWS,,n16_k2,qwen27b,,0.00019998000199980003,,,10.189366840565677,10.117582965237812,,paired_dlogppl,n16,P30_analysis_attempt1,,,,,runs/P30_analysis_attempt1/analysis_draws/P30_FIVE_DRAW_ANALYSIS.json,82ee1420d7a98f797e0ace23fc489e854bb2a6b6cef0d9554022cfcfc0b1a7e4,,,P30:qwen27b:seed0:n16:c4,,,256
,,,,-0.005914462416131333,-0.007567807184786999,233,four_over_six,c4,-0.006731601899592278,draw1,-0.006731601899592278,,,/models/qwen27b/quality/n16_c4/per_draw/1,,,P30_K2_DRAWS,,n16_k2_draw1,qwen27b,,0.00019998000199980003,,,10.189366840565677,10.121006425080202,,paired_dlogppl,n16,P30_analysis_attempt1,,,,,runs/P30_analysis_attempt1/analysis_draws/P30_FIVE_DRAW_ANALYSIS.json,82ee1420d7a98f797e0ace23fc489e854bb2a6b6cef0d9554022cfcfc0b1a7e4,,,P30:qwen27b:draw1:n16:c4,,,256
,,,,-0.006130834255512184,-0.007691709352413858,233,four_over_six,c4,-0.00691980279223186,draw2,-0.00691980279223186,,,/models/qwen27b/quality/n16_c4/per_draw/2,,,P30_K2_DRAWS,,n16_k2_draw2,qwen27b,,0.00019998000199980003,,,10.189366840565677,10.119101821866225,,paired_dlogppl,n16,P30_analysis_attempt1,,,,,runs/P30_analysis_attempt1/analysis_draws/P30_FIVE_DRAW_ANALYSIS.json,82ee1420d7a98f797e0ace23fc489e854bb2a6b6cef0d9554022cfcfc0b1a7e4,,,P30:qwen27b:draw2:n16:c4,,,256
,,,,-0.005786485673046087,-0.007314787823782168,233,four_over_six,c4,-0.006543461323318664,draw3,-0.006543461323318664,,,/models/qwen27b/quality/n16_c4/per_draw/3,,,P30_K2_DRAWS,,n16_k2_draw3,qwen27b,,0.00019998000199980003,,,10.189366840565677,10.122910776198736,,paired_dlogppl,n16,P30_analysis_attempt1,,,,,runs/P30_analysis_attempt1/analysis_draws/P30_FIVE_DRAW_ANALYSIS.json,82ee1420d7a98f797e0ace23fc489e854bb2a6b6cef0d9554022cfcfc0b1a7e4,,,P30:qwen27b:draw3:n16:c4,,,256
,,,,-0.006495938386112714,-0.008079358564628322,233,four_over_six,c4,-0.007276347567265117,draw4,-0.007276347567265117,,,/models/qwen27b/quality/n16_c4/per_draw/4,,,P30_K2_DRAWS,,n16_k2_draw4,qwen27b,,0.00019998000199980003,,,10.189366840565677,10.115494552098436,,paired_dlogppl,n16,P30_analysis_attempt1,,,,,runs/P30_analysis_attempt1/analysis_draws/P30_FIVE_DRAW_ANALYSIS.json,82ee1420d7a98f797e0ace23fc489e854bb2a6b6cef0d9554022cfcfc0b1a7e4,,,P30:qwen27b:draw4:n16:c4,,,256
,,,,-0.0162148517584365,-0.023441666778368415,54,four_over_six,wiki,-0.019862491818212268,seed0,-0.019862491818212268,,,/models/qwen27b/quality/n16_wiki/per_draw/0,,,P30_K2_DRAWS,,n16_k2,qwen27b,,0.00019998000199980003,,,7.2838627324982586,7.140614412341945,,paired_dlogppl,n16,P30_analysis_attempt1,,,,,runs/P30_analysis_attempt1/analysis_draws/P30_FIVE_DRAW_ANALYSIS.json,82ee1420d7a98f797e0ace23fc489e854bb2a6b6cef0d9554022cfcfc0b1a7e4,,,P30:qwen27b:seed0:n16:wiki,,,145
,,,,-0.014918401370921357,-0.02405825632509076,54,four_over_six,wiki,-0.01930749953212772,draw1,-0.01930749953212772,,,/models/qwen27b/quality/n16_wiki/per_draw/1,,,P30_K2_DRAWS,,n16_k2_draw1,qwen27b,,0.00019998000199980003,,,7.2838627324982586,7.144578498175466,,paired_dlogppl,n16,P30_analysis_attempt1,,,,,runs/P30_analysis_attempt1/analysis_draws/P30_FIVE_DRAW_ANALYSIS.json,82ee1420d7a98f797e0ace23fc489e854bb2a6b6cef0d9554022cfcfc0b1a7e4,,,P30:qwen27b:draw1:n16:wiki,,,145
,,,,-0.017070596111144698,-0.0257992715237899,54,four_over_six,wiki,-0.021284813705391623,draw2,-0.021284813705391623,,,/models/qwen27b/quality/n16_wiki/per_draw/2,,,P30_K2_DRAWS,,n16_k2_draw2,qwen27b,,0.00019998000199980003,,,7.2838627324982586,7.130465379482094,,paired_dlogppl,n16,P30_analysis_attempt1,,,,,runs/P30_analysis_attempt1/analysis_draws/P30_FIVE_DRAW_ANALYSIS.json,82ee1420d7a98f797e0ace23fc489e854bb2a6b6cef0d9554022cfcfc0b1a7e4,,,P30:qwen27b:draw2:n16:wiki,,,145
,,,,-0.012564140544169825,-0.020758223468436972,54,four_over_six,wiki,-0.016516405850844445,draw3,-0.016516405850844445,,,/models/qwen27b/quality/n16_wiki/per_draw/3,,,P30_K2_DRAWS,,n16_k2_draw3,qwen27b,,0.00019998000199980003,,,7.2838627324982586,7.164547540848,,paired_dlogppl,n16,P30_analysis_attempt1,,,,,runs/P30_analysis_attempt1/analysis_draws/P30_FIVE_DRAW_ANALYSIS.json,82ee1420d7a98f797e0ace23fc489e854bb2a6b6cef0d9554022cfcfc0b1a7e4,,,P30:qwen27b:draw3:n16:wiki,,,145
,,,,-0.01556036971591924,-0.024796612465063504,54,four_over_six,wiki,-0.020132848868199042,draw4,-0.020132848868199042,,,/models/qwen27b/quality/n16_wiki/per_draw/4,,,P30_K2_DRAWS,,n16_k2_draw4,qwen27b,,0.00019998000199980003,,,7.2838627324982586,7.138684157835041,,paired_dlogppl,n16,P30_analysis_attempt1,,,,,runs/P30_analysis_attempt1/analysis_draws/P30_FIVE_DRAW_ANALYSIS.json,82ee1420d7a98f797e0ace23fc489e854bb2a6b6cef0d9554022cfcfc0b1a7e4,,,P30:qwen27b:draw4:n16:wiki,,,145
,,,,-0.007592840641712325,-0.009387924436841555,233,four_over_six,c4,-0.0084813116858501,seed0,-0.0084813116858501,,,/models/qwen27b/quality/n8_c4/per_draw/0,,,P30_K2_DRAWS,,n8_k2,qwen27b,,0.00019998000199980003,,,10.189366840565677,10.10331308471086,,paired_dlogppl,n8,P30_analysis_attempt1,,,,,runs/P30_analysis_attempt1/analysis_draws/P30_FIVE_DRAW_ANALYSIS.json,82ee1420d7a98f797e0ace23fc489e854bb2a6b6cef0d9554022cfcfc0b1a7e4,,,P30:qwen27b:seed0:n8:c4,,,256
,,,,-0.00725020930063078,-0.009014860382511551,233,four_over_six,c4,-0.008150865862608167,draw1,-0.008150865862608167,,,/models/qwen27b/quality/n8_c4/per_draw/1,,,P30_K2_DRAWS,,n8_k2_draw1,qwen27b,,0.00019998000199980003,,,10.189366840565677,10.106652233994193,,paired_dlogppl,n8,P30_analysis_attempt1,,,,,runs/P30_analysis_attempt1/analysis_draws/P30_FIVE_DRAW_ANALYSIS.json,82ee1420d7a98f797e0ace23fc489e854bb2a6b6cef0d9554022cfcfc0b1a7e4,,,P30:qwen27b:draw1:n8:c4,,,256
,,,,-0.00712878489672038,-0.008899951575835622,233,four_over_six,c4,-0.00799851038598344,draw2,-0.00799851038598344,,,/models/qwen27b/quality/n8_c4/per_draw/2,,,P30_K2_DRAWS,,n8_k2_draw2,qwen27b,,0.00019998000199980003,,,10.189366840565677,10.108192155117111,,paired_dlogppl,n8,P30_analysis_attempt1,,,,,runs/P30_analysis_attempt1/analysis_draws/P30_FIVE_DRAW_ANALYSIS.json,82ee1420d7a98f797e0ace23fc489e854bb2a6b6cef0d9554022cfcfc0b1a7e4,,,P30:qwen27b:draw2:n8:c4,,,256
,,,,-0.007092109095163466,-0.008756549733185938,233,four_over_six,c4,-0.007909370044768715,draw3,-0.007909370044768715,,,/models/qwen27b/quality/n8_c4/per_draw/3,,,P30_K2_DRAWS,,n8_k2_draw3,qwen27b,,0.00019998000199980003,,,10.189366840565677,10.109093242975934,,paired_dlogppl,n8,P30_analysis_attempt1,,,,,runs/P30_analysis_attempt1/analysis_draws/P30_FIVE_DRAW_ANALYSIS.json,82ee1420d7a98f797e0ace23fc489e854bb2a6b6cef0d9554022cfcfc0b1a7e4,,,P30:qwen27b:draw3:n8:c4,,,256
,,,,-0.006859220764674294,-0.008644438582063154,233,four_over_six,c4,-0.007727206234280294,draw4,-0.007727206234280294,,,/models/qwen27b/quality/n8_c4/per_draw/4,,,P30_K2_DRAWS,,n8_k2_draw4,qwen27b,,0.00019998000199980003,,,10.189366840565677,10.110934921660164,,paired_dlogppl,n8,P30_analysis_attempt1,,,,,runs/P30_analysis_attempt1/analysis_draws/P30_FIVE_DRAW_ANALYSIS.json,82ee1420d7a98f797e0ace23fc489e854bb2a6b6cef0d9554022cfcfc0b1a7e4,,,P30:qwen27b:draw4:n8:c4,,,256
,,,,-0.01922602582835721,-0.029334979173851833,54,four_over_six,wiki,-0.02401897867903706,seed0,-0.02401897867903706,,,/models/qwen27b/quality/n8_wiki/per_draw/0,,,P30_K2_DRAWS,,n8_k2,qwen27b,,0.00019998000199980003,,,7.2838627324982586,7.110996138982223,,paired_dlogppl,n8,P30_analysis_attempt1,,,,,runs/P30_analysis_attempt1/analysis_draws/P30_FIVE_DRAW_ANALYSIS.json,82ee1420d7a98f797e0ace23fc489e854bb2a6b6cef0d9554022cfcfc0b1a7e4,,,P30:qwen27b:seed0:n8:wiki,,,145
,,,,-0.018751729816864952,-0.02945167081475817,54,four_over_six,wiki,-0.02387872631160759,draw1,-0.02387872631160759,,,/models/qwen27b/quality/n8_wiki/per_draw/1,,,P30_K2_DRAWS,,n8_k2_draw1,qwen27b,,0.00019998000199980003,,,7.2838627324982586,7.111993542967999,,paired_dlogppl,n8,P30_analysis_attempt1,,,,,runs/P30_analysis_attempt1/analysis_draws/P30_FIVE_DRAW_ANALYSIS.json,82ee1420d7a98f797e0ace23fc489e854bb2a6b6cef0d9554022cfcfc0b1a7e4,,,P30:qwen27b:draw1:n8:wiki,,,145
,,,,-0.02277623047174118,-0.03135230090849484,54,four_over_six,wiki,-0.027138184472712594,draw2,-0.027138184472712594,,,/models/qwen27b/quality/n8_wiki/per_draw/2,,,P30_K2_DRAWS,,n8_k2_draw2,qwen27b,,0.00019998000199980003,,,7.2838627324982586,7.088850035709299,,paired_dlogppl,n8,P30_analysis_attempt1,,,,,runs/P30_analysis_attempt1/analysis_draws/P30_FIVE_DRAW_ANALYSIS.json,82ee1420d7a98f797e0ace23fc489e854bb2a6b6cef0d9554022cfcfc0b1a7e4,,,P30:qwen27b:draw2:n8:wiki,,,145
,,,,-0.01913986299886037,-0.0283637114718205,54,four_over_six,wiki,-0.023474726629730273,draw3,-0.023474726629730273,,,/models/qwen27b/quality/n8_wiki/per_draw/3,,,P30_K2_DRAWS,,n8_k2_draw3,qwen27b,,0.00019998000199980003,,,7.2838627324982586,7.114867366569703,,paired_dlogppl,n8,P30_analysis_attempt1,,,,,runs/P30_analysis_attempt1/analysis_draws/P30_FIVE_DRAW_ANALYSIS.json,82ee1420d7a98f797e0ace23fc489e854bb2a6b6cef0d9554022cfcfc0b1a7e4,,,P30:qwen27b:draw3:n8:wiki,,,145
,,,,-0.021234352661033493,-0.03145498139639265,54,four_over_six,wiki,-0.02603207206939608,draw4,-0.02603207206939608,,,/models/qwen27b/quality/n8_wiki/per_draw/4,,,P30_K2_DRAWS,,n8_k2_draw4,qwen27b,,0.00019998000199980003,,,7.2838627324982586,7.096695438807996,,paired_dlogppl,n8,P30_analysis_attempt1,,,,,runs/P30_analysis_attempt1/analysis_draws/P30_FIVE_DRAW_ANALYSIS.json,82ee1420d7a98f797e0ace23fc489e854bb2a6b6cef0d9554022cfcfc0b1a7e4,,,P30:qwen27b:draw4:n8:wiki,,,145
,,,,-0.11388774879753553,-0.12368072244622577,231,four_over_six,c4,-0.1188135291905551,seed0,-0.1188135291905551,,,/models/qwen4b/quality/n16_c4/per_draw/0,,,P30_K2_DRAWS,,n16_k2,qwen4b,,0.00019998000199980003,,,17.302404123934327,15.364074037388411,,paired_dlogppl,n16,P30_analysis_attempt1,,,,,runs/P30_analysis_attempt1/analysis_draws/P30_FIVE_DRAW_ANALYSIS.json,82ee1420d7a98f797e0ace23fc489e854bb2a6b6cef0d9554022cfcfc0b1a7e4,,,P30:qwen4b:seed0:n16:c4,,,256
,,,,-0.12103846285943161,-0.1312355811006732,231,four_over_six,c4,-0.12610713119798792,draw1,-0.12610713119798792,,,/models/qwen4b/quality/n16_c4/per_draw/1,,,P30_K2_DRAWS,,n16_k2_draw1,qwen4b,,0.00019998000199980003,,,17.302404123934327,15.252422262907968,,paired_dlogppl,n16,P30_analysis_attempt1,,,,,runs/P30_analysis_attempt1/analysis_draws/P30_FIVE_DRAW_ANALYSIS.json,82ee1420d7a98f797e0ace23fc489e854bb2a6b6cef0d9554022cfcfc0b1a7e4,,,P30:qwen4b:draw1:n16:c4,,,256
,,,,-0.11641598245792503,-0.1264882231420201,231,four_over_six,c4,-0.12148174340643601,draw2,-0.12148174340643601,,,/models/qwen4b/quality/n16_c4/per_draw/2,,,P30_K2_DRAWS,,n16_k2_draw2,qwen4b,,0.00019998000199980003,,,17.302404123934327,15.323134039259411,,paired_dlogppl,n16,P30_analysis_attempt1,,,,,runs/P30_analysis_attempt1/analysis_draws/P30_FIVE_DRAW_ANALYSIS.json,82ee1420d7a98f797e0ace23fc489e854bb2a6b6cef0d9554022cfcfc0b1a7e4,,,P30:qwen4b:draw2:n16:c4,,,256
,,,,-0.11164251845660311,-0.12117371515868594,231,four_over_six,c4,-0.11636856463491504,draw3,-0.11636856463491504,,,/models/qwen4b/quality/n16_c4/per_draw/3,,,P30_K2_DRAWS,,n16_k2_draw3,qwen4b,,0.00019998000199980003,,,17.302404123934327,15.40168461336679,,paired_dlogppl,n16,P30_analysis_attempt1,,,,,runs/P30_analysis_attempt1/analysis_draws/P30_FIVE_DRAW_ANALYSIS.json,82ee1420d7a98f797e0ace23fc489e854bb2a6b6cef0d9554022cfcfc0b1a7e4,,,P30:qwen4b:draw3:n16:c4,,,256
,,,,-0.10436326204774513,-0.11319405010047624,231,four_over_six,c4,-0.10875573040333553,draw4,-0.10875573040333553,,,/models/qwen4b/quality/n16_c4/per_draw/4,,,P30_K2_DRAWS,,n16_k2_draw4,qwen4b,,0.00019998000199980003,,,17.302404123934327,15.519382524123666,,paired_dlogppl,n16,P30_analysis_attempt1,,,,,runs/P30_analysis_attempt1/analysis_draws/P30_FIVE_DRAW_ANALYSIS.json,82ee1420d7a98f797e0ace23fc489e854bb2a6b6cef0d9554022cfcfc0b1a7e4,,,P30:qwen4b:draw4:n16:c4,,,256
,,,,-0.22868196621023457,-0.25144998839311283,53,four_over_six,wiki,-0.23946953247132297,seed0,-0.23946953247132297,,,/models/qwen4b/quality/n16_wiki/per_draw/0,,,P30_K2_DRAWS,,n16_k2,qwen4b,,0.00019998000199980003,,,14.206212593958501,11.180932175246072,,paired_dlogppl,n16,P30_analysis_attempt1,,,,,runs/P30_analysis_attempt1/analysis_draws/P30_FIVE_DRAW_ANALYSIS.json,82ee1420d7a98f797e0ace23fc489e854bb2a6b6cef0d9554022cfcfc0b1a7e4,,,P30:qwen4b:seed0:n16:wiki,,,146
,,,,-0.23720046103273526,-0.261301924584143,53,four_over_six,wiki,-0.24843408595135685,draw1,-0.24843408595135685,,,/models/qwen4b/quality/n16_wiki/per_draw/1,,,P30_K2_DRAWS,,n16_k2_draw1,qwen4b,,0.00019998000199980003,,,14.206212593958501,11.08114803916362,,paired_dlogppl,n16,P30_analysis_attempt1,,,,,runs/P30_analysis_attempt1/analysis_draws/P30_FIVE_DRAW_ANALYSIS.json,82ee1420d7a98f797e0ace23fc489e854bb2a6b6cef0d9554022cfcfc0b1a7e4,,,P30:qwen4b:draw1:n16:wiki,,,146
,,,,-0.23579726816782431,-0.25852318563600246,53,four_over_six,wiki,-0.24645677254348447,draw2,-0.24645677254348447,,,/models/qwen4b/quality/n16_wiki/per_draw/2,,,P30_K2_DRAWS,,n16_k2_draw2,qwen4b,,0.00019998000199980003,,,14.206212593958501,11.103080618401643,,paired_dlogppl,n16,P30_analysis_attempt1,,,,,runs/P30_analysis_attempt1/analysis_draws/P30_FIVE_DRAW_ANALYSIS.json,82ee1420d7a98f797e0ace23fc489e854bb2a6b6cef0d9554022cfcfc0b1a7e4,,,P30:qwen4b:draw2:n16:wiki,,,146
,,,,-0.22211168257581493,-0.24512807578985057,53,four_over_six,wiki,-0.23277594698062287,draw3,-0.23277594698062287,,,/models/qwen4b/quality/n16_wiki/per_draw/3,,,P30_K2_DRAWS,,n16_k2_draw3,qwen4b,,0.00019998000199980003,,,14.206212593958501,11.256023736150894,,paired_dlogppl,n16,P30_analysis_attempt1,,,,,runs/P30_analysis_attempt1/analysis_draws/P30_FIVE_DRAW_ANALYSIS.json,82ee1420d7a98f797e0ace23fc489e854bb2a6b6cef0d9554022cfcfc0b1a7e4,,,P30:qwen4b:draw3:n16:wiki,,,146
,,,,-0.20779931414961353,-0.22899994512503116,53,four_over_six,wiki,-0.21774372156213173,draw4,-0.21774372156213173,,,/models/qwen4b/quality/n16_wiki/per_draw/4,,,P30_K2_DRAWS,,n16_k2_draw4,qwen4b,,0.00019998000199980003,,,14.206212593958501,11.426504968162893,,paired_dlogppl,n16,P30_analysis_attempt1,,,,,runs/P30_analysis_attempt1/analysis_draws/P30_FIVE_DRAW_ANALYSIS.json,82ee1420d7a98f797e0ace23fc489e854bb2a6b6cef0d9554022cfcfc0b1a7e4,,,P30:qwen4b:draw4:n16:wiki,,,146
,,,,-0.1255586345608261,-0.1370534649843402,231,four_over_six,c4,-0.1313951498915617,seed0,-0.1313951498915617,,,/models/qwen4b/quality/n8_c4/per_draw/0,,,P30_K2_DRAWS,,n8_k2,qwen4b,,0.00019998000199980003,,,17.302404123934327,15.171980046283425,,paired_dlogppl,n8,P30_analysis_attempt1,,,,,runs/P30_analysis_attempt1/analysis_draws/P30_FIVE_DRAW_ANALYSIS.json,82ee1420d7a98f797e0ace23fc489e854bb2a6b6cef0d9554022cfcfc0b1a7e4,,,P30:qwen4b:seed0:n8:c4,,,256
,,,,-0.12829744206604948,-0.13982569801837313,231,four_over_six,c4,-0.13412041816156775,draw1,-0.13412041816156775,,,/models/qwen4b/quality/n8_c4/per_draw/1,,,P30_K2_DRAWS,,n8_k2_draw1,qwen4b,,0.00019998000199980003,,,17.302404123934327,15.130688621131752,,paired_dlogppl,n8,P30_analysis_attempt1,,,,,runs/P30_analysis_attempt1/analysis_draws/P30_FIVE_DRAW_ANALYSIS.json,82ee1420d7a98f797e0ace23fc489e854bb2a6b6cef0d9554022cfcfc0b1a7e4,,,P30:qwen4b:draw1:n8:c4,,,256
,,,,-0.127356144728945,-0.13882019905207557,231,four_over_six,c4,-0.13312009984686915,draw2,-0.13312009984686915,,,/models/qwen4b/quality/n8_c4/per_draw/2,,,P30_K2_DRAWS,,n8_k2_draw2,qwen4b,,0.00019998000199980003,,,17.302404123934327,15.145831698759675,,paired_dlogppl,n8,P30_analysis_attempt1,,,,,runs/P30_analysis_attempt1/analysis_draws/P30_FIVE_DRAW_ANALYSIS.json,82ee1420d7a98f797e0ace23fc489e854bb2a6b6cef0d9554022cfcfc0b1a7e4,,,P30:qwen4b:draw2:n8:c4,,,256
,,,,-0.12065388648390284,-0.1318920194506068,231,four_over_six,c4,-0.12630666302940788,draw3,-0.12630666302940788,,,/models/qwen4b/quality/n8_c4/per_draw/3,,,P30_K2_DRAWS,,n8_k2_draw3,qwen4b,,0.00019998000199980003,,,17.302404123934327,15.249379222762041,,paired_dlogppl,n8,P30_analysis_attempt1,,,,,runs/P30_analysis_attempt1/analysis_draws/P30_FIVE_DRAW_ANALYSIS.json,82ee1420d7a98f797e0ace23fc489e854bb2a6b6cef0d9554022cfcfc0b1a7e4,,,P30:qwen4b:draw3:n8:c4,,,256
,,,,-0.11288702131714366,-0.12276015870942023,231,four_over_six,c4,-0.11787036412503242,draw4,-0.11787036412503242,,,/models/qwen4b/quality/n8_c4/per_draw/4,,,P30_K2_DRAWS,,n8_k2_draw4,qwen4b,,0.00019998000199980003,,,17.302404123934327,15.378571731068975,,paired_dlogppl,n8,P30_analysis_attempt1,,,,,runs/P30_analysis_attempt1/analysis_draws/P30_FIVE_DRAW_ANALYSIS.json,82ee1420d7a98f797e0ace23fc489e854bb2a6b6cef0d9554022cfcfc0b1a7e4,,,P30:qwen4b:draw4:n8:c4,,,256
,,,,-0.2566148315149253,-0.28147404603668846,53,four_over_six,wiki,-0.26823864595318775,seed0,-0.26823864595318775,,,/models/qwen4b/quality/n8_wiki/per_draw/0,,,P30_K2_DRAWS,,n8_k2,qwen4b,,0.00019998000199980003,,,14.206212593958501,10.863849629987147,,paired_dlogppl,n8,P30_analysis_attempt1,,,,,runs/P30_analysis_attempt1/analysis_draws/P30_FIVE_DRAW_ANALYSIS.json,82ee1420d7a98f797e0ace23fc489e854bb2a6b6cef0d9554022cfcfc0b1a7e4,,,P30:qwen4b:seed0:n8:wiki,,,146
,,,,-0.2582692429011957,-0.28420724421327975,53,four_over_six,wiki,-0.2704209378993713,draw1,-0.2704209378993713,,,/models/qwen4b/quality/n8_wiki/per_draw/1,,,P30_K2_DRAWS,,n8_k2_draw1,qwen4b,,0.00019998000199980003,,,14.206212593958501,10.840167388616052,,paired_dlogppl,n8,P30_analysis_attempt1,,,,,runs/P30_analysis_attempt1/analysis_draws/P30_FIVE_DRAW_ANALYSIS.json,82ee1420d7a98f797e0ace23fc489e854bb2a6b6cef0d9554022cfcfc0b1a7e4,,,P30:qwen4b:draw1:n8:wiki,,,146
,,,,-0.2620127720497366,-0.2877247493251369,53,four_over_six,wiki,-0.274158072712477,draw2,-0.274158072712477,,,/models/qwen4b/quality/n8_wiki/per_draw/2,,,P30_K2_DRAWS,,n8_k2_draw2,qwen4b,,0.00019998000199980003,,,14.206212593958501,10.799731825324649,,paired_dlogppl,n8,P30_analysis_attempt1,,,,,runs/P30_analysis_attempt1/analysis_draws/P30_FIVE_DRAW_ANALYSIS.json,82ee1420d7a98f797e0ace23fc489e854bb2a6b6cef0d9554022cfcfc0b1a7e4,,,P30:qwen4b:draw2:n8:wiki,,,146
,,,,-0.2485446020171211,-0.2731501208250736,53,four_over_six,wiki,-0.2601655534575019,draw3,-0.2601655534575019,,,/models/qwen4b/quality/n8_wiki/per_draw/3,,,P30_K2_DRAWS,,n8_k2_draw3,qwen4b,,0.00019998000199980003,,,14.206212593958501,10.95190947226196,,paired_dlogppl,n8,P30_analysis_attempt1,,,,,runs/P30_analysis_attempt1/analysis_draws/P30_FIVE_DRAW_ANALYSIS.json,82ee1420d7a98f797e0ace23fc489e854bb2a6b6cef0d9554022cfcfc0b1a7e4,,,P30:qwen4b:draw3:n8:wiki,,,146
,,,,-0.2308851779524446,-0.2534861767865173,53,four_over_six,wiki,-0.24147513755932143,draw4,-0.24147513755932143,,,/models/qwen4b/quality/n8_wiki/per_draw/4,,,P30_K2_DRAWS,,n8_k2_draw4,qwen4b,,0.00019998000199980003,,,14.206212593958501,11.158530113140985,,paired_dlogppl,n8,P30_analysis_attempt1,,,,,runs/P30_analysis_attempt1/analysis_draws/P30_FIVE_DRAW_ANALYSIS.json,82ee1420d7a98f797e0ace23fc489e854bb2a6b6cef0d9554022cfcfc0b1a7e4,,,P30:qwen4b:draw4:n8:wiki,,,146
,,,,0.01371615537023807,0.010272614338425952,53,,wiki,0.012052296367848419,,0.012052296367848419,,,/contrasts/n16_k2/0,,,P31_CAL_SIZE_128,,,llama8b,0.0011998800119988001,0.00019998000199980003,n16_k2,,6.839757088634219,6.922690634091614,,paired_dlogppl,,P31_analysis_attempt1,,,,,runs/P31_analysis_attempt1/analysis_p31/P31_CALIBRATION_SIZE_ANALYSIS.json,a3c4796c6d4c505166e130151d3b2e448a9a48d4685b76beb2b0a13e84607f1b,,,P31:llama8b:wiki:n16_k2:128minus64,,,141
,,,,0.009366831653752884,0.00621176958243195,231,,c4,0.007843644428028061,,0.007843644428028061,,,/contrasts/n16_k2/1,,,P31_CAL_SIZE_128,,,llama8b,0.0011998800119988001,0.00019998000199980003,n16_k2,,9.772652001334022,9.849606616532753,,paired_dlogppl,,P31_analysis_attempt1,,,,,runs/P31_analysis_attempt1/analysis_p31/P31_CALIBRATION_SIZE_ANALYSIS.json,a3c4796c6d4c505166e130151d3b2e448a9a48d4685b76beb2b0a13e84607f1b,,,P31:llama8b:c4:n16_k2:128minus64,,,256
,,,,-0.03928806206609315,-0.044157024930694996,53,,wiki,-0.04160556511545491,,-0.04160556511545491,,,/contrasts/n16_k2/2,,,P31_CAL_SIZE_128,,,qwen4b,0.0011998800119988001,0.00019998000199980003,n16_k2,,11.180932175246072,10.725287574835928,,paired_dlogppl,,P31_analysis_attempt1,,,,,runs/P31_analysis_attempt1/analysis_p31/P31_CALIBRATION_SIZE_ANALYSIS.json,a3c4796c6d4c505166e130151d3b2e448a9a48d4685b76beb2b0a13e84607f1b,,,P31:qwen4b:wiki:n16_k2:128minus64,,,146
,,,,-0.01625398090358086,-0.019119952160162306,231,,c4,-0.017684194636012115,,-0.017684194636012115,,,/contrasts/n16_k2/3,,,P31_CAL_SIZE_128,,,qwen4b,0.0011998800119988001,0.00019998000199980003,n16_k2,,15.364074037388411,15.094761071661436,,paired_dlogppl,,P31_analysis_attempt1,,,,,runs/P31_analysis_attempt1/analysis_p31/P31_CALIBRATION_SIZE_ANALYSIS.json,a3c4796c6d4c505166e130151d3b2e448a9a48d4685b76beb2b0a13e84607f1b,,,P31:qwen4b:c4:n16_k2:128minus64,,,256
,,,,-0.0001048918999714962,-0.0015418586494571642,57,,wiki,-0.0008510177783765748,,-0.0008510177783765748,,,/contrasts/n16_k2/4,,,P31_CAL_SIZE_128,,,mistral7b,0.0527947205279472,0.0263973602639736,n16_k2,,5.496973464964951,5.4922974327944685,,paired_dlogppl,,P31_analysis_attempt1,,,,,runs/P31_analysis_attempt1/analysis_p31/P31_CALIBRATION_SIZE_ANALYSIS.json,a3c4796c6d4c505166e130151d3b2e448a9a48d4685b76beb2b0a13e84607f1b,,,P31:mistral7b:wiki:n16_k2:128minus64,,,163
,,,,0.0013159319024679634,-0.0007447462348895821,235,,c4,0.0001875932325687174,,0.0001875932325687174,,,/contrasts/n16_k2/5,,,P31_CAL_SIZE_128,,,mistral7b,0.7751224877512248,0.7751224877512248,n16_k2,,8.044576010133863,8.04608525971033,,paired_dlogppl,,P31_analysis_attempt1,,,,,runs/P31_analysis_attempt1/analysis_p31/P31_CALIBRATION_SIZE_ANALYSIS.json,a3c4796c6d4c505166e130151d3b2e448a9a48d4685b76beb2b0a13e84607f1b,,,P31:mistral7b:c4:n16_k2:128minus64,,,256
,,,,0.024675148981756014,0.020759977404603624,53,,wiki,0.022647578976828002,,0.022647578976828002,,,/contrasts/n8_k2/0,,,P31_CAL_SIZE_128,,,llama8b,0.0011998800119988001,0.00019998000199980003,n8_k2,,6.876866501541597,7.034387884896024,,paired_dlogppl,,P31_analysis_attempt1,,,,,runs/P31_analysis_attempt1/analysis_p31/P31_CALIBRATION_SIZE_ANALYSIS.json,a3c4796c6d4c505166e130151d3b2e448a9a48d4685b76beb2b0a13e84607f1b,,,P31:llama8b:wiki:n8_k2:128minus64,,,141
,,,,0.021704677778758324,0.016185219289669393,231,,c4,0.018685266937455834,,0.018685266937455834,,,/contrasts/n8_k2/1,,,P31_CAL_SIZE_128,,,llama8b,0.0011998800119988001,0.00019998000199980003,n8_k2,,9.806801708438497,9.991767098482608,,paired_dlogppl,,P31_analysis_attempt1,,,,,runs/P31_analysis_attempt1/analysis_p31/P31_CALIBRATION_SIZE_ANALYSIS.json,a3c4796c6d4c505166e130151d3b2e448a9a48d4685b76beb2b0a13e84607f1b,,,P31:llama8b:c4:n8_k2:128minus64,,,256
,,,,-0.02549285399247135,-0.029690387720652453,53,,wiki,-0.027553232508022555,,-0.027553232508022555,,,/contrasts/n8_k2/2,,,P31_CAL_SIZE_128,,,qwen4b,0.0011998800119988001,0.00019998000199980003,n8_k2,,10.863849629987147,10.568601651935571,,paired_dlogppl,,P31_analysis_attempt1,,,,,runs/P31_analysis_attempt1/analysis_p31/P31_CALIBRATION_SIZE_ANALYSIS.json,a3c4796c6d4c505166e130151d3b2e448a9a48d4685b76beb2b0a13e84607f1b,,,P31:qwen4b:wiki:n8_k2:128minus64,,,146
,,,,-0.006290976134896777,-0.009033723392908177,231,,c4,-0.007661131640432648,,-0.007661131640432648,,,/contrasts/n8_k2/3,,,P31_CAL_SIZE_128,,,qwen4b,0.0011998800119988001,0.00019998000199980003,n8_k2,,15.171980046283425,15.056189619095004,,paired_dlogppl,,P31_analysis_attempt1,,,,,runs/P31_analysis_attempt1/analysis_p31/P31_CALIBRATION_SIZE_ANALYSIS.json,a3c4796c6d4c505166e130151d3b2e448a9a48d4685b76beb2b0a13e84607f1b,,,P31:qwen4b:c4:n8_k2:128minus64,,,256
,,,,-0.00010604200700778205,-0.001807793932033989,57,,wiki,-0.0009442045493497037,,-0.0009442045493497037,,,/contrasts/n8_k2/4,,,P31_CAL_SIZE_128,,,mistral7b,0.056394360563943605,0.028197180281971802,n8_k2,,5.494890868655329,5.4897050163369165,,paired_dlogppl,,P31_analysis_attempt1,,,,,runs/P31_analysis_attempt1/analysis_p31/P31_CALIBRATION_SIZE_ANALYSIS.json,a3c4796c6d4c505166e130151d3b2e448a9a48d4685b76beb2b0a13e84607f1b,,,P31:mistral7b:wiki:n8_k2:128minus64,,,163
,,,,0.0010456399137778556,-0.0008206268424801714,235,,c4,4.5171999058392965e-05,,4.5171999058392965e-05,,,/contrasts/n8_k2/5,,,P31_CAL_SIZE_128,,,mistral7b,0.9539046095390461,0.9539046095390461,n8_k2,,8.0451739816489,8.045537406448661,,paired_dlogppl,,P31_analysis_attempt1,,,,,runs/P31_analysis_attempt1/analysis_p31/P31_CALIBRATION_SIZE_ANALYSIS.json,a3c4796c6d4c505166e130151d3b2e448a9a48d4685b76beb2b0a13e84607f1b,,,P31:mistral7b:c4:n8_k2:128minus64,,,256
,,,,0.1453881049342947,0.1334612996809271,53,p40_n16_k2p0_seed0,wiki,0.13924773763820408,,0.13924773763820408,,,/candidate_summaries/0/cells/0,0.5,,P40_LOWER_K_SEARCH,,p40_n16_k0p5_seed0,llama8b,,0.00019998000199980003,,,6.8387198094684445,7.860484842987863,,paired_dlogppl,,P40_analysis_attempt1,,,,,runs/P40_analysis_attempt1/analysis_p40/P40_LOWER_K_ANALYSIS.json,77745cb1b848051cf34972c54eef716b2c9896dc3e082d1d46a978413a9f2d0c,,,P40:llama8b:wiki:p40_n16_k0p5_seed0:p40_n16_k2p0_seed0,,,141
,,,,0.12948909924722132,0.10471364614900514,231,p40_n16_k2p0_seed0,c4,0.11595600351693074,,0.11595600351693074,,,/candidate_summaries/0/cells/1,0.5,,P40_LOWER_K_SEARCH,,p40_n16_k0p5_seed0,llama8b,,0.00019998000199980003,,,9.77426004329114,10.975970767037731,,paired_dlogppl,,P40_analysis_attempt1,,,,,runs/P40_analysis_attempt1/analysis_p40/P40_LOWER_K_ANALYSIS.json,77745cb1b848051cf34972c54eef716b2c9896dc3e082d1d46a978413a9f2d0c,,,P40:llama8b:c4:p40_n16_k0p5_seed0:p40_n16_k2p0_seed0,,,256
,,,,-0.07770290540078555,-0.08578896023894707,53,p40_n16_k2p0_seed0,wiki,-0.08160107653262534,,-0.08160107653262534,,,/candidate_summaries/0/cells/2,0.5,,P40_LOWER_K_SEARCH,,p40_n16_k0p5_seed0,qwen4b,,0.00019998000199980003,,,11.16605653908429,10.291079312966964,,paired_dlogppl,,P40_analysis_attempt1,,,,,runs/P40_analysis_attempt1/analysis_p40/P40_LOWER_K_ANALYSIS.json,77745cb1b848051cf34972c54eef716b2c9896dc3e082d1d46a978413a9f2d0c,,,P40:qwen4b:wiki:p40_n16_k0p5_seed0:p40_n16_k2p0_seed0,,,146
,,,,-0.027283273673538732,-0.035010980827273566,231,p40_n16_k2p0_seed0,c4,-0.031197939441155557,,-0.031197939441155557,,,/candidate_summaries/0/cells/3,0.5,,P40_LOWER_K_SEARCH,,p40_n16_k0p5_seed0,qwen4b,,0.00019998000199980003,,,15.364963054070836,14.893008156652161,,paired_dlogppl,,P40_analysis_attempt1,,,,,runs/P40_analysis_attempt1/analysis_p40/P40_LOWER_K_ANALYSIS.json,77745cb1b848051cf34972c54eef716b2c9896dc3e082d1d46a978413a9f2d0c,,,P40:qwen4b:c4:p40_n16_k0p5_seed0:p40_n16_k2p0_seed0,,,256
,,,,0.004595578891915304,0.0021536930628542,57,p40_n16_k2p0_seed0,wiki,0.003300639599941655,,0.003300639599941655,,,/candidate_summaries/0/cells/4,0.5,,P40_LOWER_K_SEARCH,,p40_n16_k0p5_seed0,mistral7b,,0.00019998000199980003,,,5.496788377561922,5.514961269538568,,paired_dlogppl,,P40_analysis_attempt1,,,,,runs/P40_analysis_attempt1/analysis_p40/P40_LOWER_K_ANALYSIS.json,77745cb1b848051cf34972c54eef716b2c9896dc3e082d1d46a978413a9f2d0c,,,P40:mistral7b:wiki:p40_n16_k0p5_seed0:p40_n16_k2p0_seed0,,,163
,,,,0.011233545043329364,0.007588252807124172,235,p40_n16_k2p0_seed0,c4,0.009176364727295251,,0.009176364727295251,,,/candidate_summaries/0/cells/5,0.5,,P40_LOWER_K_SEARCH,,p40_n16_k0p5_seed0,mistral7b,,0.00019998000199980003,,,8.048136905461106,8.12232943331005,,paired_dlogppl,,P40_analysis_attempt1,,,,,runs/P40_analysis_attempt1/analysis_p40/P40_LOWER_K_ANALYSIS.json,77745cb1b848051cf34972c54eef716b2c9896dc3e082d1d46a978413a9f2d0c,,,P40:mistral7b:c4:p40_n16_k0p5_seed0:p40_n16_k2p0_seed0,,,256
,,,,0.06562657661519457,0.05785173605673462,53,p40_n16_k2p0_seed0,wiki,0.061530004971105313,,0.061530004971105313,,,/candidate_summaries/1/cells/0,1.0,,P40_LOWER_K_SEARCH,,p40_n16_k1p0_seed0,llama8b,,0.00019998000199980003,,,6.8387198094684445,7.2727214171265695,,paired_dlogppl,,P40_analysis_attempt1,,,,,runs/P40_analysis_attempt1/analysis_p40/P40_LOWER_K_ANALYSIS.json,77745cb1b848051cf34972c54eef716b2c9896dc3e082d1d46a978413a9f2d0c,,,P40:llama8b:wiki:p40_n16_k1p0_seed0:p40_n16_k2p0_seed0,,,141
,,,,0.055464162743027554,0.04442637309502715,231,p40_n16_k2p0_seed0,c4,0.0494061228119615,,0.0494061228119615,,,/candidate_summaries/1/cells/1,1.0,,P40_LOWER_K_SEARCH,,p40_n16_k1p0_seed0,llama8b,,0.00019998000199980003,,,9.77426004329114,10.269296559712792,,paired_dlogppl,,P40_analysis_attempt1,,,,,runs/P40_analysis_attempt1/analysis_p40/P40_LOWER_K_ANALYSIS.json,77745cb1b848051cf34972c54eef716b2c9896dc3e082d1d46a978413a9f2d0c,,,P40:llama8b:c4:p40_n16_k1p0_seed0:p40_n16_k2p0_seed0,,,256
,,,,-0.0763275335021987,-0.0824785557162314,53,p40_n16_k2p0_seed0,wiki,-0.0792767211634925,,-0.0792767211634925,,,/candidate_summaries/1/cells/2,1.0,,P40_LOWER_K_SEARCH,,p40_n16_k1p0_seed0,qwen4b,,0.00019998000199980003,,,11.16605653908429,10.315027259409359,,paired_dlogppl,,P40_analysis_attempt1,,,,,runs/P40_analysis_attempt1/analysis_p40/P40_LOWER_K_ANALYSIS.json,77745cb1b848051cf34972c54eef716b2c9896dc3e082d1d46a978413a9f2d0c,,,P40:qwen4b:wiki:p40_n16_k1p0_seed0:p40_n16_k2p0_seed0,,,146
,,,,-0.034044747799106725,-0.0392422806416913,231,p40_n16_k2p0_seed0,c4,-0.036660305740986,,-0.036660305740986,,,/candidate_summaries/1/cells/3,1.0,,P40_LOWER_K_SEARCH,,p40_n16_k1p0_seed0,qwen4b,,0.00019998000199980003,,,15.364963054070836,14.811878871455004,,paired_dlogppl,,P40_analysis_attempt1,,,,,runs/P40_analysis_attempt1/analysis_p40/P40_LOWER_K_ANALYSIS.json,77745cb1b848051cf34972c54eef716b2c9896dc3e082d1d46a978413a9f2d0c,,,P40:qwen4b:c4:p40_n16_k1p0_seed0:p40_n16_k2p0_seed0,,,256
,,,,0.0005481688515808766,-0.0011531730208459176,57,p40_n16_k2p0_seed0,wiki,-0.00031627895720762856,,-0.00031627895720762856,,,/candidate_summaries/1/cells/4,1.0,,P40_LOWER_K_SEARCH,,p40_n16_k1p0_seed0,mistral7b,,0.46035396460353967,,,5.496788377561922,5.4950501339652975,,paired_dlogppl,,P40_analysis_attempt1,,,,,runs/P40_analysis_attempt1/analysis_p40/P40_LOWER_K_ANALYSIS.json,77745cb1b848051cf34972c54eef716b2c9896dc3e082d1d46a978413a9f2d0c,,,P40:mistral7b:wiki:p40_n16_k1p0_seed0:p40_n16_k2p0_seed0,,,163
,,,,0.0019969492954428933,0.00017950628175095762,235,p40_n16_k2p0_seed0,c4,0.0010526371193623847,,0.0010526371193623847,,,/candidate_summaries/1/cells/5,1.0,,P40_LOWER_K_SEARCH,,p40_n16_k1p0_seed0,mistral7b,,0.0165983401659834,,,8.048136905461106,8.056613133522983,,paired_dlogppl,,P40_analysis_attempt1,,,,,runs/P40_analysis_attempt1/analysis_p40/P40_LOWER_K_ANALYSIS.json,77745cb1b848051cf34972c54eef716b2c9896dc3e082d1d46a978413a9f2d0c,,,P40:mistral7b:c4:p40_n16_k1p0_seed0:p40_n16_k2p0_seed0,,,256
,,,,0.018935111554846458,0.014231699450477303,53,p40_n16_k2p0_seed0,wiki,0.016446559848253547,,0.016446559848253547,,,/candidate_summaries/2/cells/0,1.5,,P40_LOWER_K_SEARCH,,p40_n16_k1p5_seed0,llama8b,,0.00019998000199980003,,,6.8387198094684445,6.952123215866023,,paired_dlogppl,,P40_analysis_attempt1,,,,,runs/P40_analysis_attempt1/analysis_p40/P40_LOWER_K_ANALYSIS.json,77745cb1b848051cf34972c54eef716b2c9896dc3e082d1d46a978413a9f2d0c,,,P40:llama8b:wiki:p40_n16_k1p5_seed0:p40_n16_k2p0_seed0,,,141
,,,,0.012806552471377864,0.008135351117144706,231,p40_n16_k2p0_seed0,c4,0.010432847820000358,,0.010432847820000358,,,/candidate_summaries/2/cells/1,1.5,,P40_LOWER_K_SEARCH,,p40_n16_k1p5_seed0,llama8b,,0.00019998000199980003,,,9.77426004329114,9.876767201893896,,paired_dlogppl,,P40_analysis_attempt1,,,,,runs/P40_analysis_attempt1/analysis_p40/P40_LOWER_K_ANALYSIS.json,77745cb1b848051cf34972c54eef716b2c9896dc3e082d1d46a978413a9f2d0c,,,P40:llama8b:c4:p40_n16_k1p5_seed0:p40_n16_k2p0_seed0,,,256
,,,,-0.04402687388698586,-0.048691933216078766,53,p40_n16_k2p0_seed0,wiki,-0.04629687396770206,,-0.04629687396770206,,,/candidate_summaries/2/cells/2,1.5,,P40_LOWER_K_SEARCH,,p40_n16_k1p5_seed0,qwen4b,,0.00019998000199980003,,,11.16605653908429,10.660887137315239,,paired_dlogppl,,P40_analysis_attempt1,,,,,runs/P40_analysis_attempt1/analysis_p40/P40_LOWER_K_ANALYSIS.json,77745cb1b848051cf34972c54eef716b2c9896dc3e082d1d46a978413a9f2d0c,,,P40:qwen4b:wiki:p40_n16_k1p5_seed0:p40_n16_k2p0_seed0,,,146
,,,,-0.02101966626216953,-0.024161329975161547,231,p40_n16_k2p0_seed0,c4,-0.022582162230670322,,-0.022582162230670322,,,/candidate_summaries/2/cells/3,1.5,,P40_LOWER_K_SEARCH,,p40_n16_k1p5_seed0,qwen4b,,0.00019998000199980003,,,15.364963054070836,15.021877353890442,,paired_dlogppl,,P40_analysis_attempt1,,,,,runs/P40_analysis_attempt1/analysis_p40/P40_LOWER_K_ANALYSIS.json,77745cb1b848051cf34972c54eef716b2c9896dc3e082d1d46a978413a9f2d0c,,,P40:qwen4b:c4:p40_n16_k1p5_seed0:p40_n16_k2p0_seed0,,,256
,,,,-0.00029770437437019086,-0.0019340216930556365,57,p40_n16_k2p0_seed0,wiki,-0.001117928245435656,,-0.001117928245435656,,,/candidate_summaries/2/cells/4,1.5,,P40_LOWER_K_SEARCH,,p40_n16_k1p5_seed0,mistral7b,,0.007599240075992401,,,5.496788377561922,5.490646796138758,,paired_dlogppl,,P40_analysis_attempt1,,,,,runs/P40_analysis_attempt1/analysis_p40/P40_LOWER_K_ANALYSIS.json,77745cb1b848051cf34972c54eef716b2c9896dc3e082d1d46a978413a9f2d0c,,,P40:mistral7b:wiki:p40_n16_k1p5_seed0:p40_n16_k2p0_seed0,,,163
,,,,0.0008890993577692685,-0.0007906540802622359,235,p40_n16_k2p0_seed0,c4,2.686035694824699e-05,,2.686035694824699e-05,,,/candidate_summaries/2/cells/5,1.5,,P40_LOWER_K_SEARCH,,p40_n16_k1p5_seed0,mistral7b,,0.9809019098090191,,,8.048136905461106,8.048353084194474,,paired_dlogppl,,P40_analysis_attempt1,,,,,runs/P40_analysis_attempt1/analysis_p40/P40_LOWER_K_ANALYSIS.json,77745cb1b848051cf34972c54eef716b2c9896dc3e082d1d46a978413a9f2d0c,,,P40:mistral7b:c4:p40_n16_k1p5_seed0:p40_n16_k2p0_seed0,,,256
,,,,0.0,0.0,53,p40_n16_k2p0_seed0,wiki,0.0,,0.0,,,/candidate_summaries/3/cells/0,2.0,,P40_LOWER_K_SEARCH,,p40_n16_k2p0_seed0,llama8b,,1.0,,,6.8387198094684445,6.8387198094684445,,paired_dlogppl,,P40_analysis_attempt1,,,,,runs/P40_analysis_attempt1/analysis_p40/P40_LOWER_K_ANALYSIS.json,77745cb1b848051cf34972c54eef716b2c9896dc3e082d1d46a978413a9f2d0c,,,P40:llama8b:wiki:p40_n16_k2p0_seed0:p40_n16_k2p0_seed0,,,141
,,,,0.0,0.0,231,p40_n16_k2p0_seed0,c4,0.0,,0.0,,,/candidate_summaries/3/cells/1,2.0,,P40_LOWER_K_SEARCH,,p40_n16_k2p0_seed0,llama8b,,1.0,,,9.77426004329114,9.77426004329114,,paired_dlogppl,,P40_analysis_attempt1,,,,,runs/P40_analysis_attempt1/analysis_p40/P40_LOWER_K_ANALYSIS.json,77745cb1b848051cf34972c54eef716b2c9896dc3e082d1d46a978413a9f2d0c,,,P40:llama8b:c4:p40_n16_k2p0_seed0:p40_n16_k2p0_seed0,,,256
,,,,0.0,0.0,53,p40_n16_k2p0_seed0,wiki,0.0,,0.0,,,/candidate_summaries/3/cells/2,2.0,,P40_LOWER_K_SEARCH,,p40_n16_k2p0_seed0,qwen4b,,1.0,,,11.16605653908429,11.16605653908429,,paired_dlogppl,,P40_analysis_attempt1,,,,,runs/P40_analysis_attempt1/analysis_p40/P40_LOWER_K_ANALYSIS.json,77745cb1b848051cf34972c54eef716b2c9896dc3e082d1d46a978413a9f2d0c,,,P40:qwen4b:wiki:p40_n16_k2p0_seed0:p40_n16_k2p0_seed0,,,146
,,,,0.0,0.0,231,p40_n16_k2p0_seed0,c4,0.0,,0.0,,,/candidate_summaries/3/cells/3,2.0,,P40_LOWER_K_SEARCH,,p40_n16_k2p0_seed0,qwen4b,,1.0,,,15.364963054070836,15.364963054070836,,paired_dlogppl,,P40_analysis_attempt1,,,,,runs/P40_analysis_attempt1/analysis_p40/P40_LOWER_K_ANALYSIS.json,77745cb1b848051cf34972c54eef716b2c9896dc3e082d1d46a978413a9f2d0c,,,P40:qwen4b:c4:p40_n16_k2p0_seed0:p40_n16_k2p0_seed0,,,256
,,,,0.0,0.0,57,p40_n16_k2p0_seed0,wiki,0.0,,0.0,,,/candidate_summaries/3/cells/4,2.0,,P40_LOWER_K_SEARCH,,p40_n16_k2p0_seed0,mistral7b,,1.0,,,5.496788377561922,5.496788377561922,,paired_dlogppl,,P40_analysis_attempt1,,,,,runs/P40_analysis_attempt1/analysis_p40/P40_LOWER_K_ANALYSIS.json,77745cb1b848051cf34972c54eef716b2c9896dc3e082d1d46a978413a9f2d0c,,,P40:mistral7b:wiki:p40_n16_k2p0_seed0:p40_n16_k2p0_seed0,,,163
,,,,0.0,0.0,235,p40_n16_k2p0_seed0,c4,0.0,,0.0,,,/candidate_summaries/3/cells/5,2.0,,P40_LOWER_K_SEARCH,,p40_n16_k2p0_seed0,mistral7b,,1.0,,,8.048136905461106,8.048136905461106,,paired_dlogppl,,P40_analysis_attempt1,,,,,runs/P40_analysis_attempt1/analysis_p40/P40_LOWER_K_ANALYSIS.json,77745cb1b848051cf34972c54eef716b2c9896dc3e082d1d46a978413a9f2d0c,,,P40:mistral7b:c4:p40_n16_k2p0_seed0:p40_n16_k2p0_seed0,,,256
,,,,-0.0003917760043298598,-0.003267489734945333,53,p40_n16_k2p0_seed0,wiki,-0.0018616486289848772,,-0.0018616486289848772,,,/candidate_summaries/4/cells/0,2.5,,P40_LOWER_K_SEARCH,,p40_n16_k2p5_seed0,llama8b,,0.011998800119988001,,,6.8387198094684445,6.826000359358094,,paired_dlogppl,,P40_analysis_attempt1,,,,,runs/P40_analysis_attempt1/analysis_p40/P40_LOWER_K_ANALYSIS.json,77745cb1b848051cf34972c54eef716b2c9896dc3e082d1d46a978413a9f2d0c,,,P40:llama8b:wiki:p40_n16_k2p5_seed0:p40_n16_k2p0_seed0,,,141
,,,,0.0006060361589559584,-0.0019441441204639867,231,p40_n16_k2p0_seed0,c4,-0.0006890728408450718,,-0.0006890728408450718,,,/candidate_summaries/4/cells/1,2.5,,P40_LOWER_K_SEARCH,,p40_n16_k2p5_seed0,llama8b,,0.286971302869713,,,9.77426004329114,9.767527186136864,,paired_dlogppl,,P40_analysis_attempt1,,,,,runs/P40_analysis_attempt1/analysis_p40/P40_LOWER_K_ANALYSIS.json,77745cb1b848051cf34972c54eef716b2c9896dc3e082d1d46a978413a9f2d0c,,,P40:llama8b:c4:p40_n16_k2p5_seed0:p40_n16_k2p0_seed0,,,256
,,,,0.05548294362235495,0.04988561337332427,53,p40_n16_k2p0_seed0,wiki,0.05266002065781585,,0.05266002065781585,,,/candidate_summaries/4/cells/2,2.5,,P40_LOWER_K_SEARCH,,p40_n16_k2p5_seed0,qwen4b,,0.00019998000199980003,,,11.16605653908429,11.769818858326293,,paired_dlogppl,,P40_analysis_attempt1,,,,,runs/P40_analysis_attempt1/analysis_p40/P40_LOWER_K_ANALYSIS.json,77745cb1b848051cf34972c54eef716b2c9896dc3e082d1d46a978413a9f2d0c,,,P40:qwen4b:wiki:p40_n16_k2p5_seed0:p40_n16_k2p0_seed0,,,146
,,,,0.025908053293131828,0.02289509145407315,231,p40_n16_k2p0_seed0,c4,0.024435998179245924,,0.024435998179245924,,,/candidate_summaries/4/cells/3,2.5,,P40_LOWER_K_SEARCH,,p40_n16_k2p5_seed0,qwen4b,,0.00019998000199980003,,,15.364963054070836,15.745046206204716,,paired_dlogppl,,P40_analysis_attempt1,,,,,runs/P40_analysis_attempt1/analysis_p40/P40_LOWER_K_ANALYSIS.json,77745cb1b848051cf34972c54eef716b2c9896dc3e082d1d46a978413a9f2d0c,,,P40:qwen4b:c4:p40_n16_k2p5_seed0:p40_n16_k2p0_seed0,,,256
,,,,0.0013629717930277096,-0.0004649813557229742,57,p40_n16_k2p0_seed0,wiki,0.0004545581553435618,,0.0004545581553435618,,,/candidate_summaries/4/cells/4,2.5,,P40_LOWER_K_SEARCH,,p40_n16_k2p5_seed0,mistral7b,,0.3347665233476652,,,5.496788377561922,5.4992875555149725,,paired_dlogppl,,P40_analysis_attempt1,,,,,runs/P40_analysis_attempt1/analysis_p40/P40_LOWER_K_ANALYSIS.json,77745cb1b848051cf34972c54eef716b2c9896dc3e082d1d46a978413a9f2d0c,,,P40:mistral7b:wiki:p40_n16_k2p5_seed0:p40_n16_k2p0_seed0,,,163
,,,,0.00035940337955517977,-0.0010322707883228105,235,p40_n16_k2p0_seed0,c4,-0.00033547099182317804,,-0.00033547099182317804,,,/candidate_summaries/4/cells/5,2.5,,P40_LOWER_K_SEARCH,,p40_n16_k2p5_seed0,mistral7b,,0.34996500349965004,,,8.048136905461106,8.045437441812288,,paired_dlogppl,,P40_analysis_attempt1,,,,,runs/P40_analysis_attempt1/analysis_p40/P40_LOWER_K_ANALYSIS.json,77745cb1b848051cf34972c54eef716b2c9896dc3e082d1d46a978413a9f2d0c,,,P40:mistral7b:c4:p40_n16_k2p5_seed0:p40_n16_k2p0_seed0,,,256
,,,,0.0,0.0,53,p40_n16_k2p0_seed0,wiki,0.0,,0.0,,,/selected_summary/cells/0,2.0,,P40_LOWER_K_SEARCH,,p40_n16_k2p0_seed0,llama8b,,1.0,,,6.8387198094684445,6.8387198094684445,,paired_dlogppl,,P40_analysis_attempt1,,,,,runs/P40_analysis_attempt1/analysis_p40/P40_LOWER_K_ANALYSIS.json,77745cb1b848051cf34972c54eef716b2c9896dc3e082d1d46a978413a9f2d0c,,,P40:llama8b:wiki:p40_n16_k2p0_seed0:p40_n16_k2p0_seed0,,,141
,,,,0.0,0.0,231,p40_n16_k2p0_seed0,c4,0.0,,0.0,,,/selected_summary/cells/1,2.0,,P40_LOWER_K_SEARCH,,p40_n16_k2p0_seed0,llama8b,,1.0,,,9.77426004329114,9.77426004329114,,paired_dlogppl,,P40_analysis_attempt1,,,,,runs/P40_analysis_attempt1/analysis_p40/P40_LOWER_K_ANALYSIS.json,77745cb1b848051cf34972c54eef716b2c9896dc3e082d1d46a978413a9f2d0c,,,P40:llama8b:c4:p40_n16_k2p0_seed0:p40_n16_k2p0_seed0,,,256
,,,,0.0,0.0,53,p40_n16_k2p0_seed0,wiki,0.0,,0.0,,,/selected_summary/cells/2,2.0,,P40_LOWER_K_SEARCH,,p40_n16_k2p0_seed0,qwen4b,,1.0,,,11.16605653908429,11.16605653908429,,paired_dlogppl,,P40_analysis_attempt1,,,,,runs/P40_analysis_attempt1/analysis_p40/P40_LOWER_K_ANALYSIS.json,77745cb1b848051cf34972c54eef716b2c9896dc3e082d1d46a978413a9f2d0c,,,P40:qwen4b:wiki:p40_n16_k2p0_seed0:p40_n16_k2p0_seed0,,,146
,,,,0.0,0.0,231,p40_n16_k2p0_seed0,c4,0.0,,0.0,,,/selected_summary/cells/3,2.0,,P40_LOWER_K_SEARCH,,p40_n16_k2p0_seed0,qwen4b,,1.0,,,15.364963054070836,15.364963054070836,,paired_dlogppl,,P40_analysis_attempt1,,,,,runs/P40_analysis_attempt1/analysis_p40/P40_LOWER_K_ANALYSIS.json,77745cb1b848051cf34972c54eef716b2c9896dc3e082d1d46a978413a9f2d0c,,,P40:qwen4b:c4:p40_n16_k2p0_seed0:p40_n16_k2p0_seed0,,,256
,,,,0.0,0.0,57,p40_n16_k2p0_seed0,wiki,0.0,,0.0,,,/selected_summary/cells/4,2.0,,P40_LOWER_K_SEARCH,,p40_n16_k2p0_seed0,mistral7b,,1.0,,,5.496788377561922,5.496788377561922,,paired_dlogppl,,P40_analysis_attempt1,,,,,runs/P40_analysis_attempt1/analysis_p40/P40_LOWER_K_ANALYSIS.json,77745cb1b848051cf34972c54eef716b2c9896dc3e082d1d46a978413a9f2d0c,,,P40:mistral7b:wiki:p40_n16_k2p0_seed0:p40_n16_k2p0_seed0,,,163
,,,,0.0,0.0,235,p40_n16_k2p0_seed0,c4,0.0,,0.0,,,/selected_summary/cells/5,2.0,,P40_LOWER_K_SEARCH,,p40_n16_k2p0_seed0,mistral7b,,1.0,,,8.048136905461106,8.048136905461106,,paired_dlogppl,,P40_analysis_attempt1,,,,,runs/P40_analysis_attempt1/analysis_p40/P40_LOWER_K_ANALYSIS.json,77745cb1b848051cf34972c54eef716b2c9896dc3e082d1d46a978413a9f2d0c,,,P40:mistral7b:c4:p40_n16_k2p0_seed0:p40_n16_k2p0_seed0,,,256
,,seed0,,0.0,0.0,53,n16_k2_reference,wiki,0.0,,0.0,,natural,/candidate_summaries/0/cells/0,,,P41_DRAW_AGG_DEV,,p41_seed0_natural_k2p0,llama8b,,1.0,,,6.8387198094684445,6.8387198094684445,,paired_dlogppl,,P41_analysis_attempt1,,,,,runs/P41_analysis_attempt1/analysis_p41/P41_DRAW_AGGREGATION_ANALYSIS.json,eece23ab8e779b41252369c5b42ddf49658c24a3f6655b96fcc4f829b6ccf75f,,,P41:llama8b:wiki:p41_seed0_natural_k2p0:n16_k2_reference,,,141
,,seed0,,0.0,0.0,231,n16_k2_reference,c4,0.0,,0.0,,natural,/candidate_summaries/0/cells/1,,,P41_DRAW_AGG_DEV,,p41_seed0_natural_k2p0,llama8b,,1.0,,,9.77426004329114,9.77426004329114,,paired_dlogppl,,P41_analysis_attempt1,,,,,runs/P41_analysis_attempt1/analysis_p41/P41_DRAW_AGGREGATION_ANALYSIS.json,eece23ab8e779b41252369c5b42ddf49658c24a3f6655b96fcc4f829b6ccf75f,,,P41:llama8b:c4:p41_seed0_natural_k2p0:n16_k2_reference,,,256
,,seed0,,0.0,0.0,53,n16_k2_reference,wiki,0.0,,0.0,,natural,/candidate_summaries/0/cells/2,,,P41_DRAW_AGG_DEV,,p41_seed0_natural_k2p0,qwen4b,,1.0,,,11.16605653908429,11.16605653908429,,paired_dlogppl,,P41_analysis_attempt1,,,,,runs/P41_analysis_attempt1/analysis_p41/P41_DRAW_AGGREGATION_ANALYSIS.json,eece23ab8e779b41252369c5b42ddf49658c24a3f6655b96fcc4f829b6ccf75f,,,P41:qwen4b:wiki:p41_seed0_natural_k2p0:n16_k2_reference,,,146
,,seed0,,0.0,0.0,231,n16_k2_reference,c4,0.0,,0.0,,natural,/candidate_summaries/0/cells/3,,,P41_DRAW_AGG_DEV,,p41_seed0_natural_k2p0,qwen4b,,1.0,,,15.364963054070836,15.364963054070836,,paired_dlogppl,,P41_analysis_attempt1,,,,,runs/P41_analysis_attempt1/analysis_p41/P41_DRAW_AGGREGATION_ANALYSIS.json,eece23ab8e779b41252369c5b42ddf49658c24a3f6655b96fcc4f829b6ccf75f,,,P41:qwen4b:c4:p41_seed0_natural_k2p0:n16_k2_reference,,,256
,,seed0,,0.0,0.0,57,n16_k2_reference,wiki,0.0,,0.0,,natural,/candidate_summaries/0/cells/4,,,P41_DRAW_AGG_DEV,,p41_seed0_natural_k2p0,mistral7b,,1.0,,,5.496788377561922,5.496788377561922,,paired_dlogppl,,P41_analysis_attempt1,,,,,runs/P41_analysis_attempt1/analysis_p41/P41_DRAW_AGGREGATION_ANALYSIS.json,eece23ab8e779b41252369c5b42ddf49658c24a3f6655b96fcc4f829b6ccf75f,,,P41:mistral7b:wiki:p41_seed0_natural_k2p0:n16_k2_reference,,,163
,,seed0,,0.0,0.0,235,n16_k2_reference,c4,0.0,,0.0,,natural,/candidate_summaries/0/cells/5,,,P41_DRAW_AGG_DEV,,p41_seed0_natural_k2p0,mistral7b,,1.0,,,8.048136905461106,8.048136905461106,,paired_dlogppl,,P41_analysis_attempt1,,,,,runs/P41_analysis_attempt1/analysis_p41/P41_DRAW_AGGREGATION_ANALYSIS.json,eece23ab8e779b41252369c5b42ddf49658c24a3f6655b96fcc4f829b6ccf75f,,,P41:mistral7b:c4:p41_seed0_natural_k2p0:n16_k2_reference,,,256
,,seed0,,0.0,0.0,53,n16_k2_reference,wiki,0.0,,0.0,,fixed,/candidate_summaries/1/cells/0,,,P41_DRAW_AGG_DEV,,p41_seed0_fixed_k2p0,llama8b,,1.0,,,6.8387198094684445,6.8387198094684445,,paired_dlogppl,,P41_analysis_attempt1,,,,,runs/P41_analysis_attempt1/analysis_p41/P41_DRAW_AGGREGATION_ANALYSIS.json,eece23ab8e779b41252369c5b42ddf49658c24a3f6655b96fcc4f829b6ccf75f,,,P41:llama8b:wiki:p41_seed0_fixed_k2p0:n16_k2_reference,,,141
,,seed0,,0.0,0.0,231,n16_k2_reference,c4,0.0,,0.0,,fixed,/candidate_summaries/1/cells/1,,,P41_DRAW_AGG_DEV,,p41_seed0_fixed_k2p0,llama8b,,1.0,,,9.77426004329114,9.77426004329114,,paired_dlogppl,,P41_analysis_attempt1,,,,,runs/P41_analysis_attempt1/analysis_p41/P41_DRAW_AGGREGATION_ANALYSIS.json,eece23ab8e779b41252369c5b42ddf49658c24a3f6655b96fcc4f829b6ccf75f,,,P41:llama8b:c4:p41_seed0_fixed_k2p0:n16_k2_reference,,,256
,,seed0,,0.0,0.0,53,n16_k2_reference,wiki,0.0,,0.0,,fixed,/candidate_summaries/1/cells/2,,,P41_DRAW_AGG_DEV,,p41_seed0_fixed_k2p0,qwen4b,,1.0,,,11.16605653908429,11.16605653908429,,paired_dlogppl,,P41_analysis_attempt1,,,,,runs/P41_analysis_attempt1/analysis_p41/P41_DRAW_AGGREGATION_ANALYSIS.json,eece23ab8e779b41252369c5b42ddf49658c24a3f6655b96fcc4f829b6ccf75f,,,P41:qwen4b:wiki:p41_seed0_fixed_k2p0:n16_k2_reference,,,146
,,seed0,,0.0,0.0,231,n16_k2_reference,c4,0.0,,0.0,,fixed,/candidate_summaries/1/cells/3,,,P41_DRAW_AGG_DEV,,p41_seed0_fixed_k2p0,qwen4b,,1.0,,,15.364963054070836,15.364963054070836,,paired_dlogppl,,P41_analysis_attempt1,,,,,runs/P41_analysis_attempt1/analysis_p41/P41_DRAW_AGGREGATION_ANALYSIS.json,eece23ab8e779b41252369c5b42ddf49658c24a3f6655b96fcc4f829b6ccf75f,,,P41:qwen4b:c4:p41_seed0_fixed_k2p0:n16_k2_reference,,,256
,,seed0,,0.0,0.0,57,n16_k2_reference,wiki,0.0,,0.0,,fixed,/candidate_summaries/1/cells/4,,,P41_DRAW_AGG_DEV,,p41_seed0_fixed_k2p0,mistral7b,,1.0,,,5.496788377561922,5.496788377561922,,paired_dlogppl,,P41_analysis_attempt1,,,,,runs/P41_analysis_attempt1/analysis_p41/P41_DRAW_AGGREGATION_ANALYSIS.json,eece23ab8e779b41252369c5b42ddf49658c24a3f6655b96fcc4f829b6ccf75f,,,P41:mistral7b:wiki:p41_seed0_fixed_k2p0:n16_k2_reference,,,163
,,seed0,,0.0,0.0,235,n16_k2_reference,c4,0.0,,0.0,,fixed,/candidate_summaries/1/cells/5,,,P41_DRAW_AGG_DEV,,p41_seed0_fixed_k2p0,mistral7b,,1.0,,,8.048136905461106,8.048136905461106,,paired_dlogppl,,P41_analysis_attempt1,,,,,runs/P41_analysis_attempt1/analysis_p41/P41_DRAW_AGGREGATION_ANALYSIS.json,eece23ab8e779b41252369c5b42ddf49658c24a3f6655b96fcc4f829b6ccf75f,,,P41:mistral7b:c4:p41_seed0_fixed_k2p0:n16_k2_reference,,,256
,,pooled_per_sequence_moments,,0.062194783856790926,0.05517569879063004,53,n16_k2_reference,wiki,0.05842527477953444,,0.05842527477953444,,natural,/candidate_summaries/2/cells/0,,,P41_DRAW_AGG_DEV,,p41_pooled_per_sequence_moments_natural_k2p0,llama8b,,0.00019998000199980003,,,6.8387198094684445,7.250176595272246,,paired_dlogppl,,P41_analysis_attempt1,,,,,runs/P41_analysis_attempt1/analysis_p41/P41_DRAW_AGGREGATION_ANALYSIS.json,eece23ab8e779b41252369c5b42ddf49658c24a3f6655b96fcc4f829b6ccf75f,,,P41:llama8b:wiki:p41_pooled_per_sequence_moments_natural_k2p0:n16_k2_reference,,,141
,,pooled_per_sequence_moments,,0.057681175853060734,0.04499167392698795,231,n16_k2_reference,c4,0.05076037463797223,,0.05076037463797223,,natural,/candidate_summaries/2/cells/1,,,P41_DRAW_AGG_DEV,,p41_pooled_per_sequence_moments_natural_k2p0,llama8b,,0.00019998000199980003,,,9.77426004329114,10.283213194517764,,paired_dlogppl,,P41_analysis_attempt1,,,,,runs/P41_analysis_attempt1/analysis_p41/P41_DRAW_AGGREGATION_ANALYSIS.json,eece23ab8e779b41252369c5b42ddf49658c24a3f6655b96fcc4f829b6ccf75f,,,P41:llama8b:c4:p41_pooled_per_sequence_moments_natural_k2p0:n16_k2_reference,,,256
,,pooled_per_sequence_moments,,-0.05914213536461078,-0.06553619246416632,53,n16_k2_reference,wiki,-0.06217329441963842,,-0.06217329441963842,,natural,/candidate_summaries/2/cells/2,,,P41_DRAW_AGG_DEV,,p41_pooled_per_sequence_moments_natural_k2p0,qwen4b,,0.00019998000199980003,,,11.16605653908429,10.492966923847701,,paired_dlogppl,,P41_analysis_attempt1,,,,,runs/P41_analysis_attempt1/analysis_p41/P41_DRAW_AGGREGATION_ANALYSIS.json,eece23ab8e779b41252369c5b42ddf49658c24a3f6655b96fcc4f829b6ccf75f,,,P41:qwen4b:wiki:p41_pooled_per_sequence_moments_natural_k2p0:n16_k2_reference,,,146
,,pooled_per_sequence_moments,,-0.02516078795444319,-0.02901409375551326,231,n16_k2_reference,c4,-0.027087565676871067,,-0.027087565676871067,,natural,/candidate_summaries/2/cells/3,,,P41_DRAW_AGG_DEV,,p41_pooled_per_sequence_moments_natural_k2p0,qwen4b,,0.00019998000199980003,,,15.364963054070836,14.95434996917396,,paired_dlogppl,,P41_analysis_attempt1,,,,,runs/P41_analysis_attempt1/analysis_p41/P41_DRAW_AGGREGATION_ANALYSIS.json,eece23ab8e779b41252369c5b42ddf49658c24a3f6655b96fcc4f829b6ccf75f,,,P41:qwen4b:c4:p41_pooled_per_sequence_moments_natural_k2p0:n16_k2_reference,,,256
,,pooled_per_sequence_moments,,-0.0012698151606529064,-0.002887107379421218,57,n16_k2_reference,wiki,-0.0020728108127169706,,-0.0020728108127169706,,natural,/candidate_summaries/2/cells/4,,,P41_DRAW_AGG_DEV,,p41_pooled_per_sequence_moments_natural_k2p0,mistral7b,,0.00019998000199980003,,,5.496788377561922,5.485406375621318,,paired_dlogppl,,P41_analysis_attempt1,,,,,runs/P41_analysis_attempt1/analysis_p41/P41_DRAW_AGGREGATION_ANALYSIS.json,eece23ab8e779b41252369c5b42ddf49658c24a3f6655b96fcc4f829b6ccf75f,,,P41:mistral7b:wiki:p41_pooled_per_sequence_moments_natural_k2p0:n16_k2_reference,,,163
,,pooled_per_sequence_moments,,0.0015550551064539245,-0.0012868406515204381,235,n16_k2_reference,c4,-0.00010142969866053923,,-0.00010142969866053923,,natural,/candidate_summaries/2/cells/5,,,P41_DRAW_AGG_DEV,,p41_pooled_per_sequence_moments_natural_k2p0,mistral7b,,0.7985201479852014,,,8.048136905461106,8.047320626758163,,paired_dlogppl,,P41_analysis_attempt1,,,,,runs/P41_analysis_attempt1/analysis_p41/P41_DRAW_AGGREGATION_ANALYSIS.json,eece23ab8e779b41252369c5b42ddf49658c24a3f6655b96fcc4f829b6ccf75f,,,P41:mistral7b:c4:p41_pooled_per_sequence_moments_natural_k2p0:n16_k2_reference,,,256
,,pooled_per_sequence_moments,,0.03972534995476783,0.033616852814970156,53,n16_k2_reference,wiki,0.03642997435027545,,0.03642997435027545,,fixed,/candidate_summaries/3/cells/0,,,P41_DRAW_AGG_DEV,,p41_pooled_per_sequence_moments_fixed_k2p0,llama8b,,0.00019998000199980003,,,6.8387198094684445,7.092447788103701,,paired_dlogppl,,P41_analysis_attempt1,,,,,runs/P41_analysis_attempt1/analysis_p41/P41_DRAW_AGGREGATION_ANALYSIS.json,eece23ab8e779b41252369c5b42ddf49658c24a3f6655b96fcc4f829b6ccf75f,,,P41:llama8b:wiki:p41_pooled_per_sequence_moments_fixed_k2p0:n16_k2_reference,,,141
,,pooled_per_sequence_moments,,0.0345253680565918,0.02713348991991696,231,n16_k2_reference,c4,0.03053121699454152,,0.03053121699454152,,fixed,/candidate_summaries/3/cells/1,,,P41_DRAW_AGG_DEV,,p41_pooled_per_sequence_moments_fixed_k2p0,llama8b,,0.00019998000199980003,,,9.77426004329114,10.077282379699005,,paired_dlogppl,,P41_analysis_attempt1,,,,,runs/P41_analysis_attempt1/analysis_p41/P41_DRAW_AGGREGATION_ANALYSIS.json,eece23ab8e779b41252369c5b42ddf49658c24a3f6655b96fcc4f829b6ccf75f,,,P41:llama8b:c4:p41_pooled_per_sequence_moments_fixed_k2p0:n16_k2_reference,,,256
,,pooled_per_sequence_moments,,-0.044716454547147254,-0.05109902032203831,53,n16_k2_reference,wiki,-0.04782889414909307,,-0.04782889414909307,,fixed,/candidate_summaries/3/cells/2,,,P41_DRAW_AGG_DEV,,p41_pooled_per_sequence_moments_fixed_k2p0,qwen4b,,0.00019998000199980003,,,11.16605653908429,10.644566947691343,,paired_dlogppl,,P41_analysis_attempt1,,,,,runs/P41_analysis_attempt1/analysis_p41/P41_DRAW_AGGREGATION_ANALYSIS.json,eece23ab8e779b41252369c5b42ddf49658c24a3f6655b96fcc4f829b6ccf75f,,,P41:qwen4b:wiki:p41_pooled_per_sequence_moments_fixed_k2p0:n16_k2_reference,,,146
,,pooled_per_sequence_moments,,-0.019565578686481806,-0.022764801662444156,231,n16_k2_reference,c4,-0.021140592437323653,,-0.021140592437323653,,fixed,/candidate_summaries/3/cells/3,,,P41_DRAW_AGG_DEV,,p41_pooled_per_sequence_moments_fixed_k2p0,qwen4b,,0.00019998000199980003,,,15.364963054070836,15.04354805468412,,paired_dlogppl,,P41_analysis_attempt1,,,,,runs/P41_analysis_attempt1/analysis_p41/P41_DRAW_AGGREGATION_ANALYSIS.json,eece23ab8e779b41252369c5b42ddf49658c24a3f6655b96fcc4f829b6ccf75f,,,P41:qwen4b:c4:p41_pooled_per_sequence_moments_fixed_k2p0:n16_k2_reference,,,256
,,pooled_per_sequence_moments,,-0.000936962984307926,-0.002537172636180149,57,n16_k2_reference,wiki,-0.001697797502006061,,-0.001697797502006061,,fixed,/candidate_summaries/3/cells/4,,,P41_DRAW_AGG_DEV,,p41_pooled_per_sequence_moments_fixed_k2p0,mistral7b,,0.00019998000199980003,,,5.496788377561922,5.48746386179507,,paired_dlogppl,,P41_analysis_attempt1,,,,,runs/P41_analysis_attempt1/analysis_p41/P41_DRAW_AGGREGATION_ANALYSIS.json,eece23ab8e779b41252369c5b42ddf49658c24a3f6655b96fcc4f829b6ccf75f,,,P41:mistral7b:wiki:p41_pooled_per_sequence_moments_fixed_k2p0:n16_k2_reference,,,163
,,pooled_per_sequence_moments,,-0.0002926274196786705,-0.0018008434293043563,235,n16_k2_reference,c4,-0.001045115209692962,,-0.001045115209692962,,fixed,/candidate_summaries/3/cells/5,,,P41_DRAW_AGG_DEV,,p41_pooled_per_sequence_moments_fixed_k2p0,mistral7b,,0.008399160083991601,,,8.048136905461106,8.03973006899305,,paired_dlogppl,,P41_analysis_attempt1,,,,,runs/P41_analysis_attempt1/analysis_p41/P41_DRAW_AGGREGATION_ANALYSIS.json,eece23ab8e779b41252369c5b42ddf49658c24a3f6655b96fcc4f829b6ccf75f,,,P41:mistral7b:c4:p41_pooled_per_sequence_moments_fixed_k2p0:n16_k2_reference,,,256
,,draw_mean,,0.003985725140800566,0.0013454554060232712,53,n16_k2_reference,wiki,0.0025886266908186554,,0.0025886266908186554,,natural,/candidate_summaries/4/cells/0,,,P41_DRAW_AGG_DEV,,p41_draw_mean_natural_k2p0,llama8b,,0.00019998000199980003,,,6.8387198094684445,6.856445634972399,,paired_dlogppl,,P41_analysis_attempt1,,,,,runs/P41_analysis_attempt1/analysis_p41/P41_DRAW_AGGREGATION_ANALYSIS.json,eece23ab8e779b41252369c5b42ddf49658c24a3f6655b96fcc4f829b6ccf75f,,,P41:llama8b:wiki:p41_draw_mean_natural_k2p0:n16_k2_reference,,,141
,,draw_mean,,0.0005110907049790184,-0.002280869171781649,231,n16_k2_reference,c4,-0.0008306344749560332,,-0.0008306344749560332,,natural,/candidate_summaries/4/cells/1,,,P41_DRAW_AGG_DEV,,p41_draw_mean_natural_k2p0,llama8b,,0.24117588241175883,,,9.77426004329114,9.76614457689171,,paired_dlogppl,,P41_analysis_attempt1,,,,,runs/P41_analysis_attempt1/analysis_p41/P41_DRAW_AGGREGATION_ANALYSIS.json,eece23ab8e779b41252369c5b42ddf49658c24a3f6655b96fcc4f829b6ccf75f,,,P41:llama8b:c4:p41_draw_mean_natural_k2p0:n16_k2_reference,,,256
,,draw_mean,,0.04618061556834074,0.0412866018991241,53,n16_k2_reference,wiki,0.043752577853974545,,0.043752577853974545,,natural,/candidate_summaries/4/cells/2,,,P41_DRAW_AGG_DEV,,p41_draw_mean_natural_k2p0,qwen4b,,0.00019998000199980003,,,11.16605653908429,11.665445410396607,,paired_dlogppl,,P41_analysis_attempt1,,,,,runs/P41_analysis_attempt1/analysis_p41/P41_DRAW_AGGREGATION_ANALYSIS.json,eece23ab8e779b41252369c5b42ddf49658c24a3f6655b96fcc4f829b6ccf75f,,,P41:qwen4b:wiki:p41_draw_mean_natural_k2p0:n16_k2_reference,,,146
,,draw_mean,,0.02189211875939715,0.018902311951145848,231,n16_k2_reference,c4,0.020399083115465025,,0.020399083115465025,,natural,/candidate_summaries/4/cells/3,,,P41_DRAW_AGG_DEV,,p41_draw_mean_natural_k2p0,qwen4b,,0.00019998000199980003,,,15.364963054070836,15.681612915544271,,paired_dlogppl,,P41_analysis_attempt1,,,,,runs/P41_analysis_attempt1/analysis_p41/P41_DRAW_AGGREGATION_ANALYSIS.json,eece23ab8e779b41252369c5b42ddf49658c24a3f6655b96fcc4f829b6ccf75f,,,P41:qwen4b:c4:p41_draw_mean_natural_k2p0:n16_k2_reference,,,256
,,draw_mean,,0.001766569536696689,0.0003879046211776212,57,n16_k2_reference,wiki,0.0010756434029099557,,0.0010756434029099557,,natural,/candidate_summaries/4/cells/4,,,P41_DRAW_AGG_DEV,,p41_draw_mean_natural_k2p0,mistral7b,,0.0035996400359964,,,5.496788377561922,5.502704142773966,,paired_dlogppl,,P41_analysis_attempt1,,,,,runs/P41_analysis_attempt1/analysis_p41/P41_DRAW_AGGREGATION_ANALYSIS.json,eece23ab8e779b41252369c5b42ddf49658c24a3f6655b96fcc4f829b6ccf75f,,,P41:mistral7b:wiki:p41_draw_mean_natural_k2p0:n16_k2_reference,,,163
,,draw_mean,,0.0012617644156595346,-0.00027939349130332464,235,n16_k2_reference,c4,0.000472423258547404,,0.000472423258547404,,natural,/candidate_summaries/4/cells/5,,,P41_DRAW_AGG_DEV,,p41_draw_mean_natural_k2p0,mistral7b,,0.23377662233776622,,,8.048136905461106,8.051939930771299,,paired_dlogppl,,P41_analysis_attempt1,,,,,runs/P41_analysis_attempt1/analysis_p41/P41_DRAW_AGGREGATION_ANALYSIS.json,eece23ab8e779b41252369c5b42ddf49658c24a3f6655b96fcc4f829b6ccf75f,,,P41:mistral7b:c4:p41_draw_mean_natural_k2p0:n16_k2_reference,,,256
,,draw_mean,,0.0052865900531321505,0.0023027172191840625,53,n16_k2_reference,wiki,0.0037723333922410904,,0.0037723333922410904,,fixed,/candidate_summaries/5/cells/0,,,P41_DRAW_AGG_DEV,,p41_draw_mean_fixed_k2p0,llama8b,,0.00019998000199980003,,,6.8387198094684445,6.864566461008345,,paired_dlogppl,,P41_analysis_attempt1,,,,,runs/P41_analysis_attempt1/analysis_p41/P41_DRAW_AGGREGATION_ANALYSIS.json,eece23ab8e779b41252369c5b42ddf49658c24a3f6655b96fcc4f829b6ccf75f,,,P41:llama8b:wiki:p41_draw_mean_fixed_k2p0:n16_k2_reference,,,141
,,draw_mean,,0.0016586447189301733,-0.0014851518512787787,231,n16_k2_reference,c4,0.0001424146786488714,,0.0001424146786488714,,fixed,/candidate_summaries/5/cells/1,,,P41_DRAW_AGG_DEV,,p41_draw_mean_fixed_k2p0,llama8b,,0.8273172682731726,,,9.77426004329114,9.775652140519428,,paired_dlogppl,,P41_analysis_attempt1,,,,,runs/P41_analysis_attempt1/analysis_p41/P41_DRAW_AGGREGATION_ANALYSIS.json,eece23ab8e779b41252369c5b42ddf49658c24a3f6655b96fcc4f829b6ccf75f,,,P41:llama8b:c4:p41_draw_mean_fixed_k2p0:n16_k2_reference,,,256
,,draw_mean,,0.04482812918467776,0.04026106090497664,53,n16_k2_reference,wiki,0.04246599988065407,,0.04246599988065407,,fixed,/candidate_summaries/5/cells/2,,,P41_DRAW_AGG_DEV,,p41_draw_mean_fixed_k2p0,qwen4b,,0.00019998000199980003,,,11.16605653908429,11.650446555949435,,paired_dlogppl,,P41_analysis_attempt1,,,,,runs/P41_analysis_attempt1/analysis_p41/P41_DRAW_AGGREGATION_ANALYSIS.json,eece23ab8e779b41252369c5b42ddf49658c24a3f6655b96fcc4f829b6ccf75f,,,P41:qwen4b:wiki:p41_draw_mean_fixed_k2p0:n16_k2_reference,,,146
,,draw_mean,,0.02260201602862184,0.01956025521966106,231,n16_k2_reference,c4,0.02109142390608344,,0.02109142390608344,,fixed,/candidate_summaries/5/cells/3,,,P41_DRAW_AGG_DEV,,p41_draw_mean_fixed_k2p0,qwen4b,,0.00019998000199980003,,,15.364963054070836,15.69247369507493,,paired_dlogppl,,P41_analysis_attempt1,,,,,runs/P41_analysis_attempt1/analysis_p41/P41_DRAW_AGGREGATION_ANALYSIS.json,eece23ab8e779b41252369c5b42ddf49658c24a3f6655b96fcc4f829b6ccf75f,,,P41:qwen4b:c4:p41_draw_mean_fixed_k2p0:n16_k2_reference,,,256
,,draw_mean,,0.001351280585376534,-0.0003554767962643602,57,n16_k2_reference,wiki,0.0005033495014666278,,0.0005033495014666278,,fixed,/candidate_summaries/5/cells/4,,,P41_DRAW_AGG_DEV,,p41_draw_mean_fixed_k2p0,mistral7b,,0.2405759424057594,,,5.496788377561922,5.499555879703415,,paired_dlogppl,,P41_analysis_attempt1,,,,,runs/P41_analysis_attempt1/analysis_p41/P41_DRAW_AGGREGATION_ANALYSIS.json,eece23ab8e779b41252369c5b42ddf49658c24a3f6655b96fcc4f829b6ccf75f,,,P41:mistral7b:wiki:p41_draw_mean_fixed_k2p0:n16_k2_reference,,,163
,,draw_mean,,0.0004493146715098251,-0.0008905327559898268,235,n16_k2_reference,c4,-0.0002097465474828722,,-0.0002097465474828722,,fixed,/candidate_summaries/5/cells/5,,,P41_DRAW_AGG_DEV,,p41_draw_mean_fixed_k2p0,mistral7b,,0.5481451854814519,,,8.048136905461106,8.046449013552456,,paired_dlogppl,,P41_analysis_attempt1,,,,,runs/P41_analysis_attempt1/analysis_p41/P41_DRAW_AGGREGATION_ANALYSIS.json,eece23ab8e779b41252369c5b42ddf49658c24a3f6655b96fcc4f829b6ccf75f,,,P41:mistral7b:c4:p41_draw_mean_fixed_k2p0:n16_k2_reference,,,256
,,draw_median,,0.003420650175189328,0.000157514700795164,53,n16_k2_reference,wiki,0.0017506298734542836,,0.0017506298734542836,,natural,/candidate_summaries/6/cells/0,,,P41_DRAW_AGG_DEV,,p41_draw_median_natural_k2p0,llama8b,,0.0327967203279672,,,6.8387198094684445,6.850702362110147,,paired_dlogppl,,P41_analysis_attempt1,,,,,runs/P41_analysis_attempt1/analysis_p41/P41_DRAW_AGGREGATION_ANALYSIS.json,eece23ab8e779b41252369c5b42ddf49658c24a3f6655b96fcc4f829b6ccf75f,,,P41:llama8b:wiki:p41_draw_median_natural_k2p0:n16_k2_reference,,,141
,,draw_median,,0.0014417683202059756,-0.002001696052888457,231,n16_k2_reference,c4,-0.00020890209721936923,,-0.00020890209721936923,,natural,/candidate_summaries/6/cells/1,,,P41_DRAW_AGG_DEV,,p41_draw_median_natural_k2p0,llama8b,,0.8231176882311769,,,9.77426004329114,9.772218393129249,,paired_dlogppl,,P41_analysis_attempt1,,,,,runs/P41_analysis_attempt1/analysis_p41/P41_DRAW_AGGREGATION_ANALYSIS.json,eece23ab8e779b41252369c5b42ddf49658c24a3f6655b96fcc4f829b6ccf75f,,,P41:llama8b:c4:p41_draw_median_natural_k2p0:n16_k2_reference,,,256
,,draw_median,,0.042019962120473764,0.036601440352832866,53,n16_k2_reference,wiki,0.03915426483464812,,0.03915426483464812,,natural,/candidate_summaries/6/cells/2,,,P41_DRAW_AGG_DEV,,p41_draw_median_natural_k2p0,qwen4b,,0.00019998000199980003,,,11.16605653908429,11.611927181974258,,paired_dlogppl,,P41_analysis_attempt1,,,,,runs/P41_analysis_attempt1/analysis_p41/P41_DRAW_AGGREGATION_ANALYSIS.json,eece23ab8e779b41252369c5b42ddf49658c24a3f6655b96fcc4f829b6ccf75f,,,P41:qwen4b:wiki:p41_draw_median_natural_k2p0:n16_k2_reference,,,146
,,draw_median,,0.018689917566020613,0.015746627521755825,231,n16_k2_reference,c4,0.017233381912885336,,0.017233381912885336,,natural,/candidate_summaries/6/cells/3,,,P41_DRAW_AGG_DEV,,p41_draw_median_natural_k2p0,qwen4b,,0.00019998000199980003,,,15.364963054070836,15.632048109755242,,paired_dlogppl,,P41_analysis_attempt1,,,,,runs/P41_analysis_attempt1/analysis_p41/P41_DRAW_AGGREGATION_ANALYSIS.json,eece23ab8e779b41252369c5b42ddf49658c24a3f6655b96fcc4f829b6ccf75f,,,P41:qwen4b:c4:p41_draw_median_natural_k2p0:n16_k2_reference,,,256
,,draw_median,,0.0009602322945844072,-0.0004124536719992017,57,n16_k2_reference,wiki,0.00030281696551798275,,0.00030281696551798275,,natural,/candidate_summaries/6/cells/4,,,P41_DRAW_AGG_DEV,,p41_draw_median_natural_k2p0,mistral7b,,0.38176182381761825,,,5.496788377561922,5.498453150386518,,paired_dlogppl,,P41_analysis_attempt1,,,,,runs/P41_analysis_attempt1/analysis_p41/P41_DRAW_AGGREGATION_ANALYSIS.json,eece23ab8e779b41252369c5b42ddf49658c24a3f6655b96fcc4f829b6ccf75f,,,P41:mistral7b:wiki:p41_draw_median_natural_k2p0:n16_k2_reference,,,163
,,draw_median,,0.0001852408228829692,-0.001489693841128212,235,n16_k2_reference,c4,-0.0006241620576228409,,-0.0006241620576228409,,natural,/candidate_summaries/6/cells/5,,,P41_DRAW_AGG_DEV,,p41_draw_median_natural_k2p0,mistral7b,,0.13938606139386062,,,8.048136905461106,8.043115131133696,,paired_dlogppl,,P41_analysis_attempt1,,,,,runs/P41_analysis_attempt1/analysis_p41/P41_DRAW_AGGREGATION_ANALYSIS.json,eece23ab8e779b41252369c5b42ddf49658c24a3f6655b96fcc4f829b6ccf75f,,,P41:mistral7b:c4:p41_draw_median_natural_k2p0:n16_k2_reference,,,256
,,draw_median,,0.006140354997621239,0.002659210066559945,53,n16_k2_reference,wiki,0.004354721377456762,,0.004354721377456762,,fixed,/candidate_summaries/7/cells/0,,,P41_DRAW_AGG_DEV,,p41_draw_median_fixed_k2p0,llama8b,,0.00019998000199980003,,,6.8387198094684445,6.868565466412265,,paired_dlogppl,,P41_analysis_attempt1,,,,,runs/P41_analysis_attempt1/analysis_p41/P41_DRAW_AGGREGATION_ANALYSIS.json,eece23ab8e779b41252369c5b42ddf49658c24a3f6655b96fcc4f829b6ccf75f,,,P41:llama8b:wiki:p41_draw_median_fixed_k2p0:n16_k2_reference,,,141
,,draw_median,,0.0017067884374658022,-0.0017401049338844066,231,n16_k2_reference,c4,7.747889351713317e-05,,7.747889351713317e-05,,fixed,/candidate_summaries/7/cells/1,,,P41_DRAW_AGG_DEV,,p41_draw_median_fixed_k2p0,llama8b,,0.9031096890310969,,,9.77426004329114,9.775017371482333,,paired_dlogppl,,P41_analysis_attempt1,,,,,runs/P41_analysis_attempt1/analysis_p41/P41_DRAW_AGGREGATION_ANALYSIS.json,eece23ab8e779b41252369c5b42ddf49658c24a3f6655b96fcc4f829b6ccf75f,,,P41:llama8b:c4:p41_draw_median_fixed_k2p0:n16_k2_reference,,,256
,,draw_median,,0.042177786226255946,0.036201292769067,53,n16_k2_reference,wiki,0.039150021959641165,,0.039150021959641165,,fixed,/candidate_summaries/7/cells/2,,,P41_DRAW_AGG_DEV,,p41_draw_median_fixed_k2p0,qwen4b,,0.00019998000199980003,,,11.16605653908429,11.611877914123134,,paired_dlogppl,,P41_analysis_attempt1,,,,,runs/P41_analysis_attempt1/analysis_p41/P41_DRAW_AGGREGATION_ANALYSIS.json,eece23ab8e779b41252369c5b42ddf49658c24a3f6655b96fcc4f829b6ccf75f,,,P41:qwen4b:wiki:p41_draw_median_fixed_k2p0:n16_k2_reference,,,146
,,draw_median,,0.019416787509725177,0.016607439040314437,231,n16_k2_reference,c4,0.018012766846721595,,0.018012766846721595,,fixed,/candidate_summaries/7/cells/3,,,P41_DRAW_AGG_DEV,,p41_draw_median_fixed_k2p0,qwen4b,,0.00019998000199980003,,,15.364963054070836,15.644236241543206,,paired_dlogppl,,P41_analysis_attempt1,,,,,runs/P41_analysis_attempt1/analysis_p41/P41_DRAW_AGGREGATION_ANALYSIS.json,eece23ab8e779b41252369c5b42ddf49658c24a3f6655b96fcc4f829b6ccf75f,,,P41:qwen4b:c4:p41_draw_median_fixed_k2p0:n16_k2_reference,,,256
,,draw_median,,0.0011855858638635357,-0.0004991190118809078,57,n16_k2_reference,wiki,0.0003364652452608169,,0.0003364652452608169,,fixed,/candidate_summaries/7/cells/4,,,P41_DRAW_AGG_DEV,,p41_draw_median_fixed_k2p0,mistral7b,,0.44255574442555745,,,5.496788377561922,5.498638166989007,,paired_dlogppl,,P41_analysis_attempt1,,,,,runs/P41_analysis_attempt1/analysis_p41/P41_DRAW_AGGREGATION_ANALYSIS.json,eece23ab8e779b41252369c5b42ddf49658c24a3f6655b96fcc4f829b6ccf75f,,,P41:mistral7b:wiki:p41_draw_median_fixed_k2p0:n16_k2_reference,,,163
,,draw_median,,0.0006314348155789565,-0.0006821147927126445,235,n16_k2_reference,c4,-2.2609283830560922e-05,,-2.2609283830560922e-05,,fixed,/candidate_summaries/7/cells/5,,,P41_DRAW_AGG_DEV,,p41_draw_median_fixed_k2p0,mistral7b,,0.9747025297470253,,,8.048136905461106,8.047954944906508,,paired_dlogppl,,P41_analysis_attempt1,,,,,runs/P41_analysis_attempt1/analysis_p41/P41_DRAW_AGGREGATION_ANALYSIS.json,eece23ab8e779b41252369c5b42ddf49658c24a3f6655b96fcc4f829b6ccf75f,,,P41:mistral7b:c4:p41_draw_median_fixed_k2p0:n16_k2_reference,,,256
,,consensus_3_of_5,,0.003409938388386003,0.00014284206118661265,53,n16_k2_reference,wiki,0.0017506298734542836,,0.0017506298734542836,,natural,/candidate_summaries/8/cells/0,,,P41_DRAW_AGG_DEV,,p41_consensus_3_of_5_natural_k2p0,llama8b,,0.0375962403759624,,,6.8387198094684445,6.850702362110147,,paired_dlogppl,,P41_analysis_attempt1,,,,,runs/P41_analysis_attempt1/analysis_p41/P41_DRAW_AGGREGATION_ANALYSIS.json,eece23ab8e779b41252369c5b42ddf49658c24a3f6655b96fcc4f829b6ccf75f,,,P41:llama8b:wiki:p41_consensus_3_of_5_natural_k2p0:n16_k2_reference,,,141
,,consensus_3_of_5,,0.0014847389236156646,-0.0020301798399099793,231,n16_k2_reference,c4,-0.00020890209721936923,,-0.00020890209721936923,,natural,/candidate_summaries/8/cells/1,,,P41_DRAW_AGG_DEV,,p41_consensus_3_of_5_natural_k2p0,llama8b,,0.8321167883211679,,,9.77426004329114,9.772218393129249,,paired_dlogppl,,P41_analysis_attempt1,,,,,runs/P41_analysis_attempt1/analysis_p41/P41_DRAW_AGGREGATION_ANALYSIS.json,eece23ab8e779b41252369c5b42ddf49658c24a3f6655b96fcc4f829b6ccf75f,,,P41:llama8b:c4:p41_consensus_3_of_5_natural_k2p0:n16_k2_reference,,,256
,,consensus_3_of_5,,0.041993020595695464,0.036582243873878977,53,n16_k2_reference,wiki,0.03915426483464812,,0.03915426483464812,,natural,/candidate_summaries/8/cells/2,,,P41_DRAW_AGG_DEV,,p41_consensus_3_of_5_natural_k2p0,qwen4b,,0.00019998000199980003,,,11.16605653908429,11.611927181974258,,paired_dlogppl,,P41_analysis_attempt1,,,,,runs/P41_analysis_attempt1/analysis_p41/P41_DRAW_AGGREGATION_ANALYSIS.json,eece23ab8e779b41252369c5b42ddf49658c24a3f6655b96fcc4f829b6ccf75f,,,P41:qwen4b:wiki:p41_consensus_3_of_5_natural_k2p0:n16_k2_reference,,,146
,,consensus_3_of_5,,0.018717883975056995,0.015738232725390728,231,n16_k2_reference,c4,0.017233381912885336,,0.017233381912885336,,natural,/candidate_summaries/8/cells/3,,,P41_DRAW_AGG_DEV,,p41_consensus_3_of_5_natural_k2p0,qwen4b,,0.00019998000199980003,,,15.364963054070836,15.632048109755242,,paired_dlogppl,,P41_analysis_attempt1,,,,,runs/P41_analysis_attempt1/analysis_p41/P41_DRAW_AGGREGATION_ANALYSIS.json,eece23ab8e779b41252369c5b42ddf49658c24a3f6655b96fcc4f829b6ccf75f,,,P41:qwen4b:c4:p41_consensus_3_of_5_natural_k2p0:n16_k2_reference,,,256
,,consensus_3_of_5,,0.0009538575738120662,-0.0004203267726372753,57,n16_k2_reference,wiki,0.00030281696551798275,,0.00030281696551798275,,natural,/candidate_summaries/8/cells/4,,,P41_DRAW_AGG_DEV,,p41_consensus_3_of_5_natural_k2p0,mistral7b,,0.39276072392760725,,,5.496788377561922,5.498453150386518,,paired_dlogppl,,P41_analysis_attempt1,,,,,runs/P41_analysis_attempt1/analysis_p41/P41_DRAW_AGGREGATION_ANALYSIS.json,eece23ab8e779b41252369c5b42ddf49658c24a3f6655b96fcc4f829b6ccf75f,,,P41:mistral7b:wiki:p41_consensus_3_of_5_natural_k2p0:n16_k2_reference,,,163
,,consensus_3_of_5,,0.00018633510103922824,-0.0015029481919190668,235,n16_k2_reference,c4,-0.0006241620576228409,,-0.0006241620576228409,,natural,/candidate_summaries/8/cells/5,,,P41_DRAW_AGG_DEV,,p41_consensus_3_of_5_natural_k2p0,mistral7b,,0.13658634136586342,,,8.048136905461106,8.043115131133696,,paired_dlogppl,,P41_analysis_attempt1,,,,,runs/P41_analysis_attempt1/analysis_p41/P41_DRAW_AGGREGATION_ANALYSIS.json,eece23ab8e779b41252369c5b42ddf49658c24a3f6655b96fcc4f829b6ccf75f,,,P41:mistral7b:c4:p41_consensus_3_of_5_natural_k2p0:n16_k2_reference,,,256
,,consensus_3_of_5,,0.013467252800502991,0.00960658322203294,53,n16_k2_reference,wiki,0.011427752628075116,,0.011427752628075116,,fixed,/candidate_summaries/9/cells/0,,,P41_DRAW_AGG_DEV,,p41_consensus_3_of_5_fixed_k2p0,llama8b,,0.00019998000199980003,,,6.8387198094684445,6.9173192599021265,,paired_dlogppl,,P41_analysis_attempt1,,,,,runs/P41_analysis_attempt1/analysis_p41/P41_DRAW_AGGREGATION_ANALYSIS.json,eece23ab8e779b41252369c5b42ddf49658c24a3f6655b96fcc4f829b6ccf75f,,,P41:llama8b:wiki:p41_consensus_3_of_5_fixed_k2p0:n16_k2_reference,,,141
,,consensus_3_of_5,,0.00993003795148277,0.005763781405473333,231,n16_k2_reference,c4,0.007767403530958531,,0.007767403530958531,,fixed,/candidate_summaries/9/cells/1,,,P41_DRAW_AGG_DEV,,p41_consensus_3_of_5_fixed_k2p0,llama8b,,0.00019998000199980003,,,9.77426004329114,9.850476283216468,,paired_dlogppl,,P41_analysis_attempt1,,,,,runs/P41_analysis_attempt1/analysis_p41/P41_DRAW_AGGREGATION_ANALYSIS.json,eece23ab8e779b41252369c5b42ddf49658c24a3f6655b96fcc4f829b6ccf75f,,,P41:llama8b:c4:p41_consensus_3_of_5_fixed_k2p0:n16_k2_reference,,,256
,,consensus_3_of_5,,-0.024535797283705817,-0.02843574830816794,53,n16_k2_reference,wiki,-0.026465629978899452,,-0.026465629978899452,,fixed,/candidate_summaries/9/cells/2,,,P41_DRAW_AGG_DEV,,p41_consensus_3_of_5_fixed_k2p0,qwen4b,,0.00019998000199980003,,,11.16605653908429,10.874416065430989,,paired_dlogppl,,P41_analysis_attempt1,,,,,runs/P41_analysis_attempt1/analysis_p41/P41_DRAW_AGGREGATION_ANALYSIS.json,eece23ab8e779b41252369c5b42ddf49658c24a3f6655b96fcc4f829b6ccf75f,,,P41:qwen4b:wiki:p41_consensus_3_of_5_fixed_k2p0:n16_k2_reference,,,146
,,consensus_3_of_5,,-0.01207801754580631,-0.01470356835715685,231,n16_k2_reference,c4,-0.013392319563101253,,-0.013392319563101253,,fixed,/candidate_summaries/9/cells/3,,,P41_DRAW_AGG_DEV,,p41_consensus_3_of_5_fixed_k2p0,qwen4b,,0.00019998000199980003,,,15.364963054070836,15.160562313794008,,paired_dlogppl,,P41_analysis_attempt1,,,,,runs/P41_analysis_attempt1/analysis_p41/P41_DRAW_AGGREGATION_ANALYSIS.json,eece23ab8e779b41252369c5b42ddf49658c24a3f6655b96fcc4f829b6ccf75f,,,P41:qwen4b:c4:p41_consensus_3_of_5_fixed_k2p0:n16_k2_reference,,,256
,,consensus_3_of_5,,0.00034920127748378806,-0.0009839439147126968,57,n16_k2_reference,wiki,-0.00031698249597085726,,-0.00031698249597085726,,fixed,/candidate_summaries/9/cells/4,,,P41_DRAW_AGG_DEV,,p41_consensus_3_of_5_fixed_k2p0,mistral7b,,0.34156584341565843,,,5.496788377561922,5.495046267985891,,paired_dlogppl,,P41_analysis_attempt1,,,,,runs/P41_analysis_attempt1/analysis_p41/P41_DRAW_AGGREGATION_ANALYSIS.json,eece23ab8e779b41252369c5b42ddf49658c24a3f6655b96fcc4f829b6ccf75f,,,P41:mistral7b:wiki:p41_consensus_3_of_5_fixed_k2p0:n16_k2_reference,,,163
,,consensus_3_of_5,,0.0010128838303170111,-0.0010174680003162617,235,n16_k2_reference,c4,-0.00012874610937654033,,-0.00012874610937654033,,fixed,/candidate_summaries/9/cells/5,,,P41_DRAW_AGG_DEV,,p41_consensus_3_of_5_fixed_k2p0,mistral7b,,0.7431256874312568,,,8.048136905461106,8.047100805845124,,paired_dlogppl,,P41_analysis_attempt1,,,,,runs/P41_analysis_attempt1/analysis_p41/P41_DRAW_AGGREGATION_ANALYSIS.json,eece23ab8e779b41252369c5b42ddf49658c24a3f6655b96fcc4f829b6ccf75f,,,P41:mistral7b:c4:p41_consensus_3_of_5_fixed_k2p0:n16_k2_reference,,,256
,,,,0.0,0.0,54,seed0_n16_k2_reference,wiki,0.0,,0.0,aggregation_vs_seed0,,/families/aggregation_vs_seed0/rows/0,,,P42_DRAW_AGG_BREADTH,,p42_frozen_aggregation,qwen27b,1.0,1.0,,,7.140614412341945,7.140614412341945,,paired_dlogppl,,P42_analysis_attempt1,,,,,runs/P42_analysis_attempt1/analysis_p42/P42_BREADTH_ANALYSIS.json,2fe5c03fc225bfc9f22d88611141cee838560f0f04038a8452914cffdfd447d2,,,P42:aggregation_vs_seed0:qwen27b:wiki:p42_frozen_aggregation:seed0_n16_k2_reference,,,145
,,,,0.0,0.0,233,seed0_n16_k2_reference,c4,0.0,,0.0,aggregation_vs_seed0,,/families/aggregation_vs_seed0/rows/1,,,P42_DRAW_AGG_BREADTH,,p42_frozen_aggregation,qwen27b,1.0,1.0,,,10.117582965237812,10.117582965237812,,paired_dlogppl,,P42_analysis_attempt1,,,,,runs/P42_analysis_attempt1/analysis_p42/P42_BREADTH_ANALYSIS.json,2fe5c03fc225bfc9f22d88611141cee838560f0f04038a8452914cffdfd447d2,,,P42:aggregation_vs_seed0:qwen27b:c4:p42_frozen_aggregation:seed0_n16_k2_reference,,,256
,,,,0.0,0.0,54,seed0_n16_k2_reference,wiki,0.0,,0.0,aggregation_vs_seed0,,/families/aggregation_vs_seed0/rows/2,,,P42_DRAW_AGG_BREADTH,,p42_frozen_aggregation,phi4,1.0,1.0,,,6.585953908303838,6.585953908303838,,paired_dlogppl,,P42_analysis_attempt1,,,,,runs/P42_analysis_attempt1/analysis_p42/P42_BREADTH_ANALYSIS.json,2fe5c03fc225bfc9f22d88611141cee838560f0f04038a8452914cffdfd447d2,,,P42:aggregation_vs_seed0:phi4:wiki:p42_frozen_aggregation:seed0_n16_k2_reference,,,141
,,,,0.0,0.0,231,seed0_n16_k2_reference,c4,0.0,,0.0,aggregation_vs_seed0,,/families/aggregation_vs_seed0/rows/3,,,P42_DRAW_AGG_BREADTH,,p42_frozen_aggregation,phi4,1.0,1.0,,,10.466114070006459,10.466114070006459,,paired_dlogppl,,P42_analysis_attempt1,,,,,runs/P42_analysis_attempt1/analysis_p42/P42_BREADTH_ANALYSIS.json,2fe5c03fc225bfc9f22d88611141cee838560f0f04038a8452914cffdfd447d2,,,P42:aggregation_vs_seed0:phi4:c4:p42_frozen_aggregation:seed0_n16_k2_reference,,,256
,,,,0.0,0.0,54,seed0_n16_k2_reference,wiki,0.0,,0.0,aggregation_vs_seed0,,/families/aggregation_vs_seed0/rows/4,,,P42_DRAW_AGG_BREADTH,,p42_frozen_aggregation,olmo2_13b,1.0,1.0,,,5.3173548509065,5.3173548509065,,paired_dlogppl,,P42_analysis_attempt1,,,,,runs/P42_analysis_attempt1/analysis_p42/P42_BREADTH_ANALYSIS.json,2fe5c03fc225bfc9f22d88611141cee838560f0f04038a8452914cffdfd447d2,,,P42:aggregation_vs_seed0:olmo2_13b:wiki:p42_frozen_aggregation:seed0_n16_k2_reference,,,141
,,,,0.0,0.0,231,seed0_n16_k2_reference,c4,0.0,,0.0,aggregation_vs_seed0,,/families/aggregation_vs_seed0/rows/5,,,P42_DRAW_AGG_BREADTH,,p42_frozen_aggregation,olmo2_13b,1.0,1.0,,,10.074161310638862,10.074161310638862,,paired_dlogppl,,P42_analysis_attempt1,,,,,runs/P42_analysis_attempt1/analysis_p42/P42_BREADTH_ANALYSIS.json,2fe5c03fc225bfc9f22d88611141cee838560f0f04038a8452914cffdfd447d2,,,P42:aggregation_vs_seed0:olmo2_13b:c4:p42_frozen_aggregation:seed0_n16_k2_reference,,,256
,,,,-0.027622078842725717,-0.04084977265058754,54,p42_strong_control_budget_matched,wiki,-0.033780989291988556,,-0.033780989291988556,aggregation_vs_strong_control,,/families/aggregation_vs_strong_control/rows/0,,,P42_DRAW_AGG_BREADTH,,p42_frozen_aggregation,qwen27b,0.0011998800119988001,0.00019998000199980003,,,7.385951973869712,7.140614412341945,,paired_dlogppl,,P42_analysis_attempt1,,,,,runs/P42_analysis_attempt1/analysis_p42/P42_BREADTH_ANALYSIS.json,2fe5c03fc225bfc9f22d88611141cee838560f0f04038a8452914cffdfd447d2,,,P42:aggregation_vs_strong_control:qwen27b:wiki:p42_frozen_aggregation:p42_strong_control_budget_matched,,,145
,,,,-0.006306137761626979,-0.008082108821194292,233,p42_strong_control_budget_matched,c4,-0.007191446897473641,,-0.007191446897473641,aggregation_vs_strong_control,,/families/aggregation_vs_strong_control/rows/1,,,P42_DRAW_AGG_BREADTH,,p42_frozen_aggregation,qwen27b,0.0011998800119988001,0.00019998000199980003,,,10.190605279202636,10.117582965237812,,paired_dlogppl,,P42_analysis_attempt1,,,,,runs/P42_analysis_attempt1/analysis_p42/P42_BREADTH_ANALYSIS.json,2fe5c03fc225bfc9f22d88611141cee838560f0f04038a8452914cffdfd447d2,,,P42:aggregation_vs_strong_control:qwen27b:c4:p42_frozen_aggregation:p42_strong_control_budget_matched,,,256
,,,,-0.010306246043909397,-0.01369044526317581,54,p42_strong_control_budget_matched,wiki,-0.011943424367479395,,-0.011943424367479395,aggregation_vs_strong_control,,/families/aggregation_vs_strong_control/rows/2,,,P42_DRAW_AGG_BREADTH,,p42_frozen_aggregation,phi4,0.0011998800119988001,0.00019998000199980003,,,6.665084354313403,6.585953908303838,,paired_dlogppl,,P42_analysis_attempt1,,,,,runs/P42_analysis_attempt1/analysis_p42/P42_BREADTH_ANALYSIS.json,2fe5c03fc225bfc9f22d88611141cee838560f0f04038a8452914cffdfd447d2,,,P42:aggregation_vs_strong_control:phi4:wiki:p42_frozen_aggregation:p42_strong_control_budget_matched,,,141
,,,,-0.0065293524089605655,-0.00855258010416551,231,p42_strong_control_budget_matched,c4,-0.007518041817498884,,-0.007518041817498884,aggregation_vs_strong_control,,/families/aggregation_vs_strong_control/rows/3,,,P42_DRAW_AGG_BREADTH,,p42_frozen_aggregation,phi4,0.0011998800119988001,0.00019998000199980003,,,10.545095273238413,10.466114070006459,,paired_dlogppl,,P42_analysis_attempt1,,,,,runs/P42_analysis_attempt1/analysis_p42/P42_BREADTH_ANALYSIS.json,2fe5c03fc225bfc9f22d88611141cee838560f0f04038a8452914cffdfd447d2,,,P42:aggregation_vs_strong_control:phi4:c4:p42_frozen_aggregation:p42_strong_control_budget_matched,,,256
,,,,-0.004918789043112077,-0.00833106290597887,54,p42_strong_control_budget_matched,wiki,-0.006533914019449775,,-0.006533914019449775,aggregation_vs_strong_control,,/families/aggregation_vs_strong_control/rows/4,,,P42_DRAW_AGG_BREADTH,,p42_frozen_aggregation,olmo2_13b,0.0011998800119988001,0.00019998000199980003,,,5.352211742269598,5.3173548509065,,paired_dlogppl,,P42_analysis_attempt1,,,,,runs/P42_analysis_attempt1/analysis_p42/P42_BREADTH_ANALYSIS.json,2fe5c03fc225bfc9f22d88611141cee838560f0f04038a8452914cffdfd447d2,,,P42:aggregation_vs_strong_control:olmo2_13b:wiki:p42_frozen_aggregation:p42_strong_control_budget_matched,,,141
,,,,-0.000985197447852467,-0.0025604215930993923,231,p42_strong_control_budget_matched,c4,-0.0017740364545173676,,-0.0017740364545173676,aggregation_vs_strong_control,,/families/aggregation_vs_strong_control/rows/5,,,P42_DRAW_AGG_BREADTH,,p42_frozen_aggregation,olmo2_13b,0.0011998800119988001,0.00019998000199980003,,,10.092049102158368,10.074161310638862,,paired_dlogppl,,P42_analysis_attempt1,,,,,runs/P42_analysis_attempt1/analysis_p42/P42_BREADTH_ANALYSIS.json,2fe5c03fc225bfc9f22d88611141cee838560f0f04038a8452914cffdfd447d2,,,P42:aggregation_vs_strong_control:olmo2_13b:c4:p42_frozen_aggregation:p42_strong_control_budget_matched,,,256
,,,,0.006826884962142061,0.004081623595323493,53,p50_old_first_order_ce_kl,wiki,0.005414794549401863,,0.005414794549401863,,,/P51_audit_candidate/candidate_minus_old/0,,,P50_SELECTOR_DEV,,p50_activation_weighted_error,llama8b,,0.00019998000199980003,,,6.8387198094684445,6.875850509049874,,paired_dlogppl,,P50_analysis_attempt2,,,,,runs/P50_analysis_attempt2/analysis_p50/P50_SELECTOR_ANALYSIS.json,234c5fa2ccd0c8c9124696e921050b8af03d7b5e08bf136be32456f7606079a0,,,P50:llama8b:wiki:p50_activation_weighted_error:p50_old_first_order_ce_kl,,,141
,,,,0.005157458887687075,0.001441211411322254,231,p50_old_first_order_ce_kl,c4,0.0032489093764589507,,0.0032489093764589507,,,/P51_audit_candidate/candidate_minus_old/1,,,P50_SELECTOR_DEV,,p50_activation_weighted_error,llama8b,,0.00039996000399960006,,,9.77426004329114,9.806067369976402,,paired_dlogppl,,P50_analysis_attempt2,,,,,runs/P50_analysis_attempt2/analysis_p50/P50_SELECTOR_ANALYSIS.json,234c5fa2ccd0c8c9124696e921050b8af03d7b5e08bf136be32456f7606079a0,,,P50:llama8b:c4:p50_activation_weighted_error:p50_old_first_order_ce_kl,,,256
,,,,0.250842826231967,0.2263555914583044,53,p50_old_first_order_ce_kl,wiki,0.2379314832332903,,0.2379314832332903,,,/P51_audit_candidate/candidate_minus_old/2,,,P50_SELECTOR_DEV,,p50_activation_weighted_error,qwen4b,,0.00019998000199980003,,,11.16605653908429,14.165507970682937,,paired_dlogppl,,P50_analysis_attempt2,,,,,runs/P50_analysis_attempt2/analysis_p50/P50_SELECTOR_ANALYSIS.json,234c5fa2ccd0c8c9124696e921050b8af03d7b5e08bf136be32456f7606079a0,,,P50:qwen4b:wiki:p50_activation_weighted_error:p50_old_first_order_ce_kl,,,146
,,,,0.1236634986383147,0.11363147117537079,231,p50_old_first_order_ce_kl,c4,0.11856654592704212,,0.11856654592704212,,,/P51_audit_candidate/candidate_minus_old/3,,,P50_SELECTOR_DEV,,p50_activation_weighted_error,qwen4b,,0.00019998000199980003,,,15.364963054070836,17.299132175081006,,paired_dlogppl,,P50_analysis_attempt2,,,,,runs/P50_analysis_attempt2/analysis_p50/P50_SELECTOR_ANALYSIS.json,234c5fa2ccd0c8c9124696e921050b8af03d7b5e08bf136be32456f7606079a0,,,P50:qwen4b:c4:p50_activation_weighted_error:p50_old_first_order_ce_kl,,,256
,,,,0.005009467842140605,0.0034447021958234295,57,p50_old_first_order_ce_kl,wiki,0.004237959370162841,,0.004237959370162841,,,/P51_audit_candidate/candidate_minus_old/4,,,P50_SELECTOR_DEV,,p50_activation_weighted_error,mistral7b,,0.00019998000199980003,,,5.496788377561922,5.52013297516082,,paired_dlogppl,,P50_analysis_attempt2,,,,,runs/P50_analysis_attempt2/analysis_p50/P50_SELECTOR_ANALYSIS.json,234c5fa2ccd0c8c9124696e921050b8af03d7b5e08bf136be32456f7606079a0,,,P50:mistral7b:wiki:p50_activation_weighted_error:p50_old_first_order_ce_kl,,,163
,,,,0.0029250792024198874,0.0015581271752138281,235,p50_old_first_order_ce_kl,c4,0.0022470370032560043,,0.0022470370032560043,,,/P51_audit_candidate/candidate_minus_old/5,,,P50_SELECTOR_DEV,,p50_activation_weighted_error,mistral7b,,0.00019998000199980003,,,8.048136905461106,8.066241700349105,,paired_dlogppl,,P50_analysis_attempt2,,,,,runs/P50_analysis_attempt2/analysis_p50/P50_SELECTOR_ANALYSIS.json,234c5fa2ccd0c8c9124696e921050b8af03d7b5e08bf136be32456f7606079a0,,,P50:mistral7b:c4:p50_activation_weighted_error:p50_old_first_order_ce_kl,,,256
,,,,0.0006663401801559493,-0.002151429113217248,53,p50_strongest_p20_selector_global_rerank,wiki,-0.0007210101994933914,,-0.0007210101994933914,,,/P51_audit_candidate/candidate_minus_strong_control/0,,,P50_SELECTOR_DEV,,p50_activation_weighted_error,llama8b,,0.3033696630336966,,,6.88080985505176,6.875850509049874,,paired_dlogppl,,P50_analysis_attempt2,,,,,runs/P50_analysis_attempt2/analysis_p50/P50_SELECTOR_ANALYSIS.json,234c5fa2ccd0c8c9124696e921050b8af03d7b5e08bf136be32456f7606079a0,,,P50:llama8b:wiki:p50_activation_weighted_error:p50_strongest_p20_selector_global_rerank,,,141
,,,,-0.00013336890437654598,-0.0033660333398742625,231,p50_strongest_p20_selector_global_rerank,c4,-0.0015954761351243605,,-0.0015954761351243605,,,/P51_audit_candidate/candidate_minus_strong_control/1,,,P50_SELECTOR_DEV,,p50_activation_weighted_error,llama8b,,0.032396760323967606,,,9.82172520397341,9.806067369976402,,paired_dlogppl,,P50_analysis_attempt2,,,,,runs/P50_analysis_attempt2/analysis_p50/P50_SELECTOR_ANALYSIS.json,234c5fa2ccd0c8c9124696e921050b8af03d7b5e08bf136be32456f7606079a0,,,P50:llama8b:c4:p50_activation_weighted_error:p50_strongest_p20_selector_global_rerank,,,256
,,,,-0.013009929885157626,-0.022136775893064443,53,p50_strongest_p20_selector_global_rerank,wiki,-0.01729572664271906,,-0.01729572664271906,,,/P51_audit_candidate/candidate_minus_strong_control/2,,,P50_SELECTOR_DEV,,p50_activation_weighted_error,qwen4b,,0.00019998000199980003,,,14.412641742735097,14.165507970682937,,paired_dlogppl,,P50_analysis_attempt2,,,,,runs/P50_analysis_attempt2/analysis_p50/P50_SELECTOR_ANALYSIS.json,234c5fa2ccd0c8c9124696e921050b8af03d7b5e08bf136be32456f7606079a0,,,P50:qwen4b:wiki:p50_activation_weighted_error:p50_strongest_p20_selector_global_rerank,,,146
,,,,0.0020035069100251173,-0.0014301915012389726,231,p50_strongest_p20_selector_global_rerank,c4,0.0002781097316562523,,0.0002781097316562523,,,/P51_audit_candidate/candidate_minus_strong_control/3,,,P50_SELECTOR_DEV,,p50_activation_weighted_error,qwen4b,,0.7607239276072393,,,17.294321787012816,17.299132175081006,,paired_dlogppl,,P50_analysis_attempt2,,,,,runs/P50_analysis_attempt2/analysis_p50/P50_SELECTOR_ANALYSIS.json,234c5fa2ccd0c8c9124696e921050b8af03d7b5e08bf136be32456f7606079a0,,,P50:qwen4b:c4:p50_activation_weighted_error:p50_strongest_p20_selector_global_rerank,,,256
,,,,0.001257049263459729,-0.000635266168261139,57,p50_strongest_p20_selector_global_rerank,wiki,0.00037679073458277205,,0.00037679073458277205,,,/P51_audit_candidate/candidate_minus_strong_control/4,,,P50_SELECTOR_DEV,,p50_activation_weighted_error,mistral7b,,0.45215478452154784,,,5.51805343200302,5.52013297516082,,paired_dlogppl,,P50_analysis_attempt2,,,,,runs/P50_analysis_attempt2/analysis_p50/P50_SELECTOR_ANALYSIS.json,234c5fa2ccd0c8c9124696e921050b8af03d7b5e08bf136be32456f7606079a0,,,P50:mistral7b:wiki:p50_activation_weighted_error:p50_strongest_p20_selector_global_rerank,,,163
,,,,0.0013955808390905362,-0.0002294471802346271,235,p50_strongest_p20_selector_global_rerank,c4,0.0005146714165405826,,0.0005146714165405826,,,/P51_audit_candidate/candidate_minus_strong_control/5,,,P50_SELECTOR_DEV,,p50_activation_weighted_error,mistral7b,,0.18958104189581043,,,8.062091304443728,8.066241700349105,,paired_dlogppl,,P50_analysis_attempt2,,,,,runs/P50_analysis_attempt2/analysis_p50/P50_SELECTOR_ANALYSIS.json,234c5fa2ccd0c8c9124696e921050b8af03d7b5e08bf136be32456f7606079a0,,,P50:mistral7b:c4:p50_activation_weighted_error:p50_strongest_p20_selector_global_rerank,,,256
,,,,0.006826884962142061,0.004081623595323493,53,p50_old_first_order_ce_kl,wiki,0.005414794549401863,,0.005414794549401863,,,/candidate_summaries/0/candidate_minus_old/0,,,P50_SELECTOR_DEV,,p50_activation_weighted_error,llama8b,,0.00019998000199980003,,,6.8387198094684445,6.875850509049874,,paired_dlogppl,,P50_analysis_attempt2,,,,,runs/P50_analysis_attempt2/analysis_p50/P50_SELECTOR_ANALYSIS.json,234c5fa2ccd0c8c9124696e921050b8af03d7b5e08bf136be32456f7606079a0,,,P50:llama8b:wiki:p50_activation_weighted_error:p50_old_first_order_ce_kl,,,141
,,,,0.005157458887687075,0.001441211411322254,231,p50_old_first_order_ce_kl,c4,0.0032489093764589507,,0.0032489093764589507,,,/candidate_summaries/0/candidate_minus_old/1,,,P50_SELECTOR_DEV,,p50_activation_weighted_error,llama8b,,0.00039996000399960006,,,9.77426004329114,9.806067369976402,,paired_dlogppl,,P50_analysis_attempt2,,,,,runs/P50_analysis_attempt2/analysis_p50/P50_SELECTOR_ANALYSIS.json,234c5fa2ccd0c8c9124696e921050b8af03d7b5e08bf136be32456f7606079a0,,,P50:llama8b:c4:p50_activation_weighted_error:p50_old_first_order_ce_kl,,,256
,,,,0.250842826231967,0.2263555914583044,53,p50_old_first_order_ce_kl,wiki,0.2379314832332903,,0.2379314832332903,,,/candidate_summaries/0/candidate_minus_old/2,,,P50_SELECTOR_DEV,,p50_activation_weighted_error,qwen4b,,0.00019998000199980003,,,11.16605653908429,14.165507970682937,,paired_dlogppl,,P50_analysis_attempt2,,,,,runs/P50_analysis_attempt2/analysis_p50/P50_SELECTOR_ANALYSIS.json,234c5fa2ccd0c8c9124696e921050b8af03d7b5e08bf136be32456f7606079a0,,,P50:qwen4b:wiki:p50_activation_weighted_error:p50_old_first_order_ce_kl,,,146
,,,,0.1236634986383147,0.11363147117537079,231,p50_old_first_order_ce_kl,c4,0.11856654592704212,,0.11856654592704212,,,/candidate_summaries/0/candidate_minus_old/3,,,P50_SELECTOR_DEV,,p50_activation_weighted_error,qwen4b,,0.00019998000199980003,,,15.364963054070836,17.299132175081006,,paired_dlogppl,,P50_analysis_attempt2,,,,,runs/P50_analysis_attempt2/analysis_p50/P50_SELECTOR_ANALYSIS.json,234c5fa2ccd0c8c9124696e921050b8af03d7b5e08bf136be32456f7606079a0,,,P50:qwen4b:c4:p50_activation_weighted_error:p50_old_first_order_ce_kl,,,256
,,,,0.005009467842140605,0.0034447021958234295,57,p50_old_first_order_ce_kl,wiki,0.004237959370162841,,0.004237959370162841,,,/candidate_summaries/0/candidate_minus_old/4,,,P50_SELECTOR_DEV,,p50_activation_weighted_error,mistral7b,,0.00019998000199980003,,,5.496788377561922,5.52013297516082,,paired_dlogppl,,P50_analysis_attempt2,,,,,runs/P50_analysis_attempt2/analysis_p50/P50_SELECTOR_ANALYSIS.json,234c5fa2ccd0c8c9124696e921050b8af03d7b5e08bf136be32456f7606079a0,,,P50:mistral7b:wiki:p50_activation_weighted_error:p50_old_first_order_ce_kl,,,163
,,,,0.0029250792024198874,0.0015581271752138281,235,p50_old_first_order_ce_kl,c4,0.0022470370032560043,,0.0022470370032560043,,,/candidate_summaries/0/candidate_minus_old/5,,,P50_SELECTOR_DEV,,p50_activation_weighted_error,mistral7b,,0.00019998000199980003,,,8.048136905461106,8.066241700349105,,paired_dlogppl,,P50_analysis_attempt2,,,,,runs/P50_analysis_attempt2/analysis_p50/P50_SELECTOR_ANALYSIS.json,234c5fa2ccd0c8c9124696e921050b8af03d7b5e08bf136be32456f7606079a0,,,P50:mistral7b:c4:p50_activation_weighted_error:p50_old_first_order_ce_kl,,,256
,,,,0.0006663401801559493,-0.002151429113217248,53,p50_strongest_p20_selector_global_rerank,wiki,-0.0007210101994933914,,-0.0007210101994933914,,,/candidate_summaries/0/candidate_minus_strong_control/0,,,P50_SELECTOR_DEV,,p50_activation_weighted_error,llama8b,,0.3033696630336966,,,6.88080985505176,6.875850509049874,,paired_dlogppl,,P50_analysis_attempt2,,,,,runs/P50_analysis_attempt2/analysis_p50/P50_SELECTOR_ANALYSIS.json,234c5fa2ccd0c8c9124696e921050b8af03d7b5e08bf136be32456f7606079a0,,,P50:llama8b:wiki:p50_activation_weighted_error:p50_strongest_p20_selector_global_rerank,,,141
,,,,-0.00013336890437654598,-0.0033660333398742625,231,p50_strongest_p20_selector_global_rerank,c4,-0.0015954761351243605,,-0.0015954761351243605,,,/candidate_summaries/0/candidate_minus_strong_control/1,,,P50_SELECTOR_DEV,,p50_activation_weighted_error,llama8b,,0.032396760323967606,,,9.82172520397341,9.806067369976402,,paired_dlogppl,,P50_analysis_attempt2,,,,,runs/P50_analysis_attempt2/analysis_p50/P50_SELECTOR_ANALYSIS.json,234c5fa2ccd0c8c9124696e921050b8af03d7b5e08bf136be32456f7606079a0,,,P50:llama8b:c4:p50_activation_weighted_error:p50_strongest_p20_selector_global_rerank,,,256
,,,,-0.013009929885157626,-0.022136775893064443,53,p50_strongest_p20_selector_global_rerank,wiki,-0.01729572664271906,,-0.01729572664271906,,,/candidate_summaries/0/candidate_minus_strong_control/2,,,P50_SELECTOR_DEV,,p50_activation_weighted_error,qwen4b,,0.00019998000199980003,,,14.412641742735097,14.165507970682937,,paired_dlogppl,,P50_analysis_attempt2,,,,,runs/P50_analysis_attempt2/analysis_p50/P50_SELECTOR_ANALYSIS.json,234c5fa2ccd0c8c9124696e921050b8af03d7b5e08bf136be32456f7606079a0,,,P50:qwen4b:wiki:p50_activation_weighted_error:p50_strongest_p20_selector_global_rerank,,,146
,,,,0.0020035069100251173,-0.0014301915012389726,231,p50_strongest_p20_selector_global_rerank,c4,0.0002781097316562523,,0.0002781097316562523,,,/candidate_summaries/0/candidate_minus_strong_control/3,,,P50_SELECTOR_DEV,,p50_activation_weighted_error,qwen4b,,0.7607239276072393,,,17.294321787012816,17.299132175081006,,paired_dlogppl,,P50_analysis_attempt2,,,,,runs/P50_analysis_attempt2/analysis_p50/P50_SELECTOR_ANALYSIS.json,234c5fa2ccd0c8c9124696e921050b8af03d7b5e08bf136be32456f7606079a0,,,P50:qwen4b:c4:p50_activation_weighted_error:p50_strongest_p20_selector_global_rerank,,,256
,,,,0.001257049263459729,-0.000635266168261139,57,p50_strongest_p20_selector_global_rerank,wiki,0.00037679073458277205,,0.00037679073458277205,,,/candidate_summaries/0/candidate_minus_strong_control/4,,,P50_SELECTOR_DEV,,p50_activation_weighted_error,mistral7b,,0.45215478452154784,,,5.51805343200302,5.52013297516082,,paired_dlogppl,,P50_analysis_attempt2,,,,,runs/P50_analysis_attempt2/analysis_p50/P50_SELECTOR_ANALYSIS.json,234c5fa2ccd0c8c9124696e921050b8af03d7b5e08bf136be32456f7606079a0,,,P50:mistral7b:wiki:p50_activation_weighted_error:p50_strongest_p20_selector_global_rerank,,,163
,,,,0.0013955808390905362,-0.0002294471802346271,235,p50_strongest_p20_selector_global_rerank,c4,0.0005146714165405826,,0.0005146714165405826,,,/candidate_summaries/0/candidate_minus_strong_control/5,,,P50_SELECTOR_DEV,,p50_activation_weighted_error,mistral7b,,0.18958104189581043,,,8.062091304443728,8.066241700349105,,paired_dlogppl,,P50_analysis_attempt2,,,,,runs/P50_analysis_attempt2/analysis_p50/P50_SELECTOR_ANALYSIS.json,234c5fa2ccd0c8c9124696e921050b8af03d7b5e08bf136be32456f7606079a0,,,P50:mistral7b:c4:p50_activation_weighted_error:p50_strongest_p20_selector_global_rerank,,,256
,,,,0.007740269548292283,0.004101763121622,53,p50_old_first_order_ce_kl,wiki,0.0059265153692532775,,0.0059265153692532775,,,/candidate_summaries/1/candidate_minus_old/0,,,P50_SELECTOR_DEV,,p50_layer_output_reconstruction,llama8b,,0.00019998000199980003,,,6.8387198094684445,6.879369925312024,,paired_dlogppl,,P50_analysis_attempt2,,,,,runs/P50_analysis_attempt2/analysis_p50/P50_SELECTOR_ANALYSIS.json,234c5fa2ccd0c8c9124696e921050b8af03d7b5e08bf136be32456f7606079a0,,,P50:llama8b:wiki:p50_layer_output_reconstruction:p50_old_first_order_ce_kl,,,141
,,,,0.006282756312332469,0.002354064592947212,231,p50_old_first_order_ce_kl,c4,0.004174166259977,,0.004174166259977,,,/candidate_summaries/1/candidate_minus_old/1,,,P50_SELECTOR_DEV,,p50_layer_output_reconstruction,llama8b,,0.00019998000199980003,,,9.77426004329114,9.815144700094235,,paired_dlogppl,,P50_analysis_attempt2,,,,,runs/P50_analysis_attempt2/analysis_p50/P50_SELECTOR_ANALYSIS.json,234c5fa2ccd0c8c9124696e921050b8af03d7b5e08bf136be32456f7606079a0,,,P50:llama8b:c4:p50_layer_output_reconstruction:p50_old_first_order_ce_kl,,,256
,,,,0.2420704138380074,0.22009380624259392,53,p50_old_first_order_ce_kl,wiki,0.23065836921394003,,0.23065836921394003,,,/candidate_summaries/1/candidate_minus_old/2,,,P50_SELECTOR_DEV,,p50_layer_output_reconstruction,qwen4b,,0.00019998000199980003,,,11.16605653908429,14.062854374241224,,paired_dlogppl,,P50_analysis_attempt2,,,,,runs/P50_analysis_attempt2/analysis_p50/P50_SELECTOR_ANALYSIS.json,234c5fa2ccd0c8c9124696e921050b8af03d7b5e08bf136be32456f7606079a0,,,P50:qwen4b:wiki:p50_layer_output_reconstruction:p50_old_first_order_ce_kl,,,146
,,,,0.11400981980950156,0.10514995646115223,231,p50_old_first_order_ce_kl,c4,0.10952087912100662,,0.10952087912100662,,,/candidate_summaries/1/candidate_minus_old/3,,,P50_SELECTOR_DEV,,p50_layer_output_reconstruction,qwen4b,,0.00019998000199980003,,,15.364963054070836,17.14335560306321,,paired_dlogppl,,P50_analysis_attempt2,,,,,runs/P50_analysis_attempt2/analysis_p50/P50_SELECTOR_ANALYSIS.json,234c5fa2ccd0c8c9124696e921050b8af03d7b5e08bf136be32456f7606079a0,,,P50:qwen4b:c4:p50_layer_output_reconstruction:p50_old_first_order_ce_kl,,,256
,,,,0.005209260691259118,0.003574409478746136,57,p50_old_first_order_ce_kl,wiki,0.004418893262588428,,0.004418893262588428,,,/candidate_summaries/1/candidate_minus_old/4,,,P50_SELECTOR_DEV,,p50_layer_output_reconstruction,mistral7b,,0.00019998000199980003,,,5.496788377561922,5.52113184466868,,paired_dlogppl,,P50_analysis_attempt2,,,,,runs/P50_analysis_attempt2/analysis_p50/P50_SELECTOR_ANALYSIS.json,234c5fa2ccd0c8c9124696e921050b8af03d7b5e08bf136be32456f7606079a0,,,P50:mistral7b:wiki:p50_layer_output_reconstruction:p50_old_first_order_ce_kl,,,163
,,,,0.0027807342777397487,0.0013141322148867618,235,p50_old_first_order_ce_kl,c4,0.0020645138749445023,,0.0020645138749445023,,,/candidate_summaries/1/candidate_minus_old/5,,,P50_SELECTOR_DEV,,p50_layer_output_reconstruction,mistral7b,,0.00019998000199980003,,,8.048136905461106,8.064769559034254,,paired_dlogppl,,P50_analysis_attempt2,,,,,runs/P50_analysis_attempt2/analysis_p50/P50_SELECTOR_ANALYSIS.json,234c5fa2ccd0c8c9124696e921050b8af03d7b5e08bf136be32456f7606079a0,,,P50:mistral7b:c4:p50_layer_output_reconstruction:p50_old_first_order_ce_kl,,,256
,,,,0.0015978787672610128,-0.0019684790526903364,53,p50_strongest_p20_selector_global_rerank,wiki,-0.0002092893796419763,,-0.0002092893796419763,,,/candidate_summaries/1/candidate_minus_strong_control/0,,,P50_SELECTOR_DEV,,p50_layer_output_reconstruction,llama8b,,0.8015198480151985,,,6.88080985505176,6.879369925312024,,paired_dlogppl,,P50_analysis_attempt2,,,,,runs/P50_analysis_attempt2/analysis_p50/P50_SELECTOR_ANALYSIS.json,234c5fa2ccd0c8c9124696e921050b8af03d7b5e08bf136be32456f7606079a0,,,P50:llama8b:wiki:p50_layer_output_reconstruction:p50_strongest_p20_selector_global_rerank,,,141
,,,,0.0006254339835004115,-0.0019692685272901848,231,p50_strongest_p20_selector_global_rerank,c4,-0.0006702192516063117,,-0.0006702192516063117,,,/candidate_summaries/1/candidate_minus_strong_control/1,,,P50_SELECTOR_DEV,,p50_layer_output_reconstruction,llama8b,,0.31696830316968305,,,9.82172520397341,9.815144700094235,,paired_dlogppl,,P50_analysis_attempt2,,,,,runs/P50_analysis_attempt2/analysis_p50/P50_SELECTOR_ANALYSIS.json,234c5fa2ccd0c8c9124696e921050b8af03d7b5e08bf136be32456f7606079a0,,,P50:llama8b:c4:p50_layer_output_reconstruction:p50_strongest_p20_selector_global_rerank,,,256
,,,,-0.02000395597696699,-0.02914468343936206,53,p50_strongest_p20_selector_global_rerank,wiki,-0.024568840662069373,,-0.024568840662069373,,,/candidate_summaries/1/candidate_minus_strong_control/2,,,P50_SELECTOR_DEV,,p50_layer_output_reconstruction,qwen4b,,0.00019998000199980003,,,14.412641742735097,14.062854374241224,,paired_dlogppl,,P50_analysis_attempt2,,,,,runs/P50_analysis_attempt2/analysis_p50/P50_SELECTOR_ANALYSIS.json,234c5fa2ccd0c8c9124696e921050b8af03d7b5e08bf136be32456f7606079a0,,,P50:qwen4b:wiki:p50_layer_output_reconstruction:p50_strongest_p20_selector_global_rerank,,,146
,,,,-0.00680449122391723,-0.010791346205965674,231,p50_strongest_p20_selector_global_rerank,c4,-0.008767557074379219,,-0.008767557074379219,,,/candidate_summaries/1/candidate_minus_strong_control/3,,,P50_SELECTOR_DEV,,p50_layer_output_reconstruction,qwen4b,,0.00019998000199980003,,,17.294321787012816,17.14335560306321,,paired_dlogppl,,P50_analysis_attempt2,,,,,runs/P50_analysis_attempt2/analysis_p50/P50_SELECTOR_ANALYSIS.json,234c5fa2ccd0c8c9124696e921050b8af03d7b5e08bf136be32456f7606079a0,,,P50:qwen4b:c4:p50_layer_output_reconstruction:p50_strongest_p20_selector_global_rerank,,,256
,,,,0.0014881744339830536,-0.0004230326832607686,57,p50_strongest_p20_selector_global_rerank,wiki,0.0005577246270083589,,0.0005577246270083589,,,/candidate_summaries/1/candidate_minus_strong_control/4,,,P50_SELECTOR_DEV,,p50_layer_output_reconstruction,mistral7b,,0.25577442255774424,,,5.51805343200302,5.52113184466868,,paired_dlogppl,,P50_analysis_attempt2,,,,,runs/P50_analysis_attempt2/analysis_p50/P50_SELECTOR_ANALYSIS.json,234c5fa2ccd0c8c9124696e921050b8af03d7b5e08bf136be32456f7606079a0,,,P50:mistral7b:wiki:p50_layer_output_reconstruction:p50_strongest_p20_selector_global_rerank,,,163
,,,,0.0009860024018811676,-0.00031702157281956247,235,p50_strongest_p20_selector_global_rerank,c4,0.0003321482882290809,,0.0003321482882290809,,,/candidate_summaries/1/candidate_minus_strong_control/5,,,P50_SELECTOR_DEV,,p50_layer_output_reconstruction,mistral7b,,0.32056794320567944,,,8.062091304443728,8.064769559034254,,paired_dlogppl,,P50_analysis_attempt2,,,,,runs/P50_analysis_attempt2/analysis_p50/P50_SELECTOR_ANALYSIS.json,234c5fa2ccd0c8c9124696e921050b8af03d7b5e08bf136be32456f7606079a0,,,P50:mistral7b:c4:p50_layer_output_reconstruction:p50_strongest_p20_selector_global_rerank,,,256
,,,,0.007075287229200448,0.0037381776651518217,53,p50_old_first_order_ce_kl,wiki,0.005321853387715175,,0.005321853387715175,,,/candidate_summaries/2/candidate_minus_old/0,,,P50_SELECTOR_DEV,,p50_diagonal_hessian_gptq_proxy,llama8b,,0.00019998000199980003,,,6.8387198094684445,6.875211489212059,,paired_dlogppl,,P50_analysis_attempt2,,,,,runs/P50_analysis_attempt2/analysis_p50/P50_SELECTOR_ANALYSIS.json,234c5fa2ccd0c8c9124696e921050b8af03d7b5e08bf136be32456f7606079a0,,,P50:llama8b:wiki:p50_diagonal_hessian_gptq_proxy:p50_old_first_order_ce_kl,,,141
,,,,0.006180547440553089,0.002531304611937654,231,p50_old_first_order_ce_kl,c4,0.0041954776212728825,,0.0041954776212728825,,,/candidate_summaries/2/candidate_minus_old/1,,,P50_SELECTOR_DEV,,p50_diagonal_hessian_gptq_proxy,llama8b,,0.00019998000199980003,,,9.77426004329114,9.815353876418012,,paired_dlogppl,,P50_analysis_attempt2,,,,,runs/P50_analysis_attempt2/analysis_p50/P50_SELECTOR_ANALYSIS.json,234c5fa2ccd0c8c9124696e921050b8af03d7b5e08bf136be32456f7606079a0,,,P50:llama8b:c4:p50_diagonal_hessian_gptq_proxy:p50_old_first_order_ce_kl,,,256
,,,,0.2593728513747039,0.23563873008429367,53,p50_old_first_order_ce_kl,wiki,0.2468128577605938,,0.2468128577605938,,,/candidate_summaries/2/candidate_minus_old/2,,,P50_SELECTOR_DEV,,p50_diagonal_hessian_gptq_proxy,qwen4b,,0.00019998000199980003,,,11.16605653908429,14.29187748919605,,paired_dlogppl,,P50_analysis_attempt2,,,,,runs/P50_analysis_attempt2/analysis_p50/P50_SELECTOR_ANALYSIS.json,234c5fa2ccd0c8c9124696e921050b8af03d7b5e08bf136be32456f7606079a0,,,P50:qwen4b:wiki:p50_diagonal_hessian_gptq_proxy:p50_old_first_order_ce_kl,,,146
,,,,0.13484896009270494,0.12435134015477575,231,p50_old_first_order_ce_kl,c4,0.12965215271346858,,0.12965215271346858,,,/candidate_summaries/2/candidate_minus_old/3,,,P50_SELECTOR_DEV,,p50_diagonal_hessian_gptq_proxy,qwen4b,,0.00019998000199980003,,,15.364963054070836,17.491970441888554,,paired_dlogppl,,P50_analysis_attempt2,,,,,runs/P50_analysis_attempt2/analysis_p50/P50_SELECTOR_ANALYSIS.json,234c5fa2ccd0c8c9124696e921050b8af03d7b5e08bf136be32456f7606079a0,,,P50:qwen4b:c4:p50_diagonal_hessian_gptq_proxy:p50_old_first_order_ce_kl,,,256
,,,,0.004762060129392318,0.003188294776855187,57,p50_old_first_order_ce_kl,wiki,0.003996659903366364,,0.003996659903366364,,,/candidate_summaries/2/candidate_minus_old/4,,,P50_SELECTOR_DEV,,p50_diagonal_hessian_gptq_proxy,mistral7b,,0.00019998000199980003,,,5.496788377561922,5.51880113071042,,paired_dlogppl,,P50_analysis_attempt2,,,,,runs/P50_analysis_attempt2/analysis_p50/P50_SELECTOR_ANALYSIS.json,234c5fa2ccd0c8c9124696e921050b8af03d7b5e08bf136be32456f7606079a0,,,P50:mistral7b:wiki:p50_diagonal_hessian_gptq_proxy:p50_old_first_order_ce_kl,,,163
,,,,0.002660830933911615,0.0012968638421965964,235,p50_old_first_order_ce_kl,c4,0.001985695144942994,,0.001985695144942994,,,/candidate_summaries/2/candidate_minus_old/5,,,P50_SELECTOR_DEV,,p50_diagonal_hessian_gptq_proxy,mistral7b,,0.00019998000199980003,,,8.048136905461106,8.06413392918995,,paired_dlogppl,,P50_analysis_attempt2,,,,,runs/P50_analysis_attempt2/analysis_p50/P50_SELECTOR_ANALYSIS.json,234c5fa2ccd0c8c9124696e921050b8af03d7b5e08bf136be32456f7606079a0,,,P50:mistral7b:c4:p50_diagonal_hessian_gptq_proxy:p50_old_first_order_ce_kl,,,256
,,,,0.0007305537877296877,-0.002302304890843015,53,p50_strongest_p20_selector_global_rerank,wiki,-0.0008139513611800796,,-0.0008139513611800796,,,/candidate_summaries/2/candidate_minus_strong_control/0,,,P50_SELECTOR_DEV,,p50_diagonal_hessian_gptq_proxy,llama8b,,0.292970702929707,,,6.88080985505176,6.875211489212059,,paired_dlogppl,,P50_analysis_attempt2,,,,,runs/P50_analysis_attempt2/analysis_p50/P50_SELECTOR_ANALYSIS.json,234c5fa2ccd0c8c9124696e921050b8af03d7b5e08bf136be32456f7606079a0,,,P50:llama8b:wiki:p50_diagonal_hessian_gptq_proxy:p50_strongest_p20_selector_global_rerank,,,141
,,,,0.0006610065204912145,-0.002069332366629701,231,p50_strongest_p20_selector_global_rerank,c4,-0.0006489078903104293,,-0.0006489078903104293,,,/candidate_summaries/2/candidate_minus_strong_control/1,,,P50_SELECTOR_DEV,,p50_diagonal_hessian_gptq_proxy,llama8b,,0.34136586341365865,,,9.82172520397341,9.815353876418012,,paired_dlogppl,,P50_analysis_attempt2,,,,,runs/P50_analysis_attempt2/analysis_p50/P50_SELECTOR_ANALYSIS.json,234c5fa2ccd0c8c9124696e921050b8af03d7b5e08bf136be32456f7606079a0,,,P50:llama8b:c4:p50_diagonal_hessian_gptq_proxy:p50_strongest_p20_selector_global_rerank,,,256
,,,,-0.003518388265128166,-0.013381685009372528,53,p50_strongest_p20_selector_global_rerank,wiki,-0.008414352115415562,,-0.008414352115415562,,,/candidate_summaries/2/candidate_minus_strong_control/2,,,P50_SELECTOR_DEV,,p50_diagonal_hessian_gptq_proxy,qwen4b,,0.0017998200179982,,,14.412641742735097,14.29187748919605,,paired_dlogppl,,P50_analysis_attempt2,,,,,runs/P50_analysis_attempt2/analysis_p50/P50_SELECTOR_ANALYSIS.json,234c5fa2ccd0c8c9124696e921050b8af03d7b5e08bf136be32456f7606079a0,,,P50:qwen4b:wiki:p50_diagonal_hessian_gptq_proxy:p50_strongest_p20_selector_global_rerank,,,146
,,,,0.013369091704736753,0.009368251464451085,231,p50_strongest_p20_selector_global_rerank,c4,0.011363716518082757,,0.011363716518082757,,,/candidate_summaries/2/candidate_minus_strong_control/3,,,P50_SELECTOR_DEV,,p50_diagonal_hessian_gptq_proxy,qwen4b,,0.00019998000199980003,,,17.294321787012816,17.491970441888554,,paired_dlogppl,,P50_analysis_attempt2,,,,,runs/P50_analysis_attempt2/analysis_p50/P50_SELECTOR_ANALYSIS.json,234c5fa2ccd0c8c9124696e921050b8af03d7b5e08bf136be32456f7606079a0,,,P50:qwen4b:c4:p50_diagonal_hessian_gptq_proxy:p50_strongest_p20_selector_global_rerank,,,256
,,,,0.0009196402618971658,-0.0007080313496335392,57,p50_strongest_p20_selector_global_rerank,wiki,0.0001354912677862949,,0.0001354912677862949,,,/candidate_summaries/2/candidate_minus_strong_control/4,,,P50_SELECTOR_DEV,,p50_diagonal_hessian_gptq_proxy,mistral7b,,0.7311268873112688,,,5.51805343200302,5.51880113071042,,paired_dlogppl,,P50_analysis_attempt2,,,,,runs/P50_analysis_attempt2/analysis_p50/P50_SELECTOR_ANALYSIS.json,234c5fa2ccd0c8c9124696e921050b8af03d7b5e08bf136be32456f7606079a0,,,P50:mistral7b:wiki:p50_diagonal_hessian_gptq_proxy:p50_strongest_p20_selector_global_rerank,,,163
,,,,0.0009707538641110572,-0.00041982163498527326,235,p50_strongest_p20_selector_global_rerank,c4,0.00025332955822757224,,0.00025332955822757224,,,/candidate_summaries/2/candidate_minus_strong_control/5,,,P50_SELECTOR_DEV,,p50_diagonal_hessian_gptq_proxy,mistral7b,,0.48295170482951705,,,8.062091304443728,8.06413392918995,,paired_dlogppl,,P50_analysis_attempt2,,,,,runs/P50_analysis_attempt2/analysis_p50/P50_SELECTOR_ANALYSIS.json,234c5fa2ccd0c8c9124696e921050b8af03d7b5e08bf136be32456f7606079a0,,,P50:mistral7b:c4:p50_diagonal_hessian_gptq_proxy:p50_strongest_p20_selector_global_rerank,,,256
,,,,-0.004324778912730816,-0.00810557701663282,53,p50_strongest_p20_selector_global_rerank,wiki,-0.006135804748895254,,-0.006135804748895254,,,/old_minus_strong_control/0,,,P50_SELECTOR_DEV,,p50_old_first_order_ce_kl,llama8b,,0.00019998000199980003,,,6.88080985505176,6.8387198094684445,,paired_dlogppl,,P50_analysis_attempt2,,,,,runs/P50_analysis_attempt2/analysis_p50/P50_SELECTOR_ANALYSIS.json,234c5fa2ccd0c8c9124696e921050b8af03d7b5e08bf136be32456f7606079a0,,,P50:llama8b:wiki:p50_old_first_order_ce_kl:p50_strongest_p20_selector_global_rerank,,,141
,,,,-0.0028471582582519006,-0.0070707516079055585,231,p50_strongest_p20_selector_global_rerank,c4,-0.004844385511583312,,-0.004844385511583312,,,/old_minus_strong_control/1,,,P50_SELECTOR_DEV,,p50_old_first_order_ce_kl,llama8b,,0.00019998000199980003,,,9.82172520397341,9.77426004329114,,paired_dlogppl,,P50_analysis_attempt2,,,,,runs/P50_analysis_attempt2/analysis_p50/P50_SELECTOR_ANALYSIS.json,234c5fa2ccd0c8c9124696e921050b8af03d7b5e08bf136be32456f7606079a0,,,P50:llama8b:c4:p50_old_first_order_ce_kl:p50_strongest_p20_selector_global_rerank,,,256
,,,,-0.2435478508565313,-0.26789472109681317,53,p50_strongest_p20_selector_global_rerank,wiki,-0.25522720987600933,,-0.25522720987600933,,,/old_minus_strong_control/2,,,P50_SELECTOR_DEV,,p50_old_first_order_ce_kl,qwen4b,,0.00019998000199980003,,,14.412641742735097,11.16605653908429,,paired_dlogppl,,P50_analysis_attempt2,,,,,runs/P50_analysis_attempt2/analysis_p50/P50_SELECTOR_ANALYSIS.json,234c5fa2ccd0c8c9124696e921050b8af03d7b5e08bf136be32456f7606079a0,,,P50:qwen4b:wiki:p50_old_first_order_ce_kl:p50_strongest_p20_selector_global_rerank,,,146
,,,,-0.11337135098466997,-0.12325567769381905,231,p50_strongest_p20_selector_global_rerank,c4,-0.11828843619538588,,-0.11828843619538588,,,/old_minus_strong_control/3,,,P50_SELECTOR_DEV,,p50_old_first_order_ce_kl,qwen4b,,0.00019998000199980003,,,17.294321787012816,15.364963054070836,,paired_dlogppl,,P50_analysis_attempt2,,,,,runs/P50_analysis_attempt2/analysis_p50/P50_SELECTOR_ANALYSIS.json,234c5fa2ccd0c8c9124696e921050b8af03d7b5e08bf136be32456f7606079a0,,,P50:qwen4b:c4:p50_old_first_order_ce_kl:p50_strongest_p20_selector_global_rerank,,,256
,,,,-0.003039378415707762,-0.004701774902495588,57,p50_strongest_p20_selector_global_rerank,wiki,-0.0038611686355800694,,-0.0038611686355800694,,,/old_minus_strong_control/4,,,P50_SELECTOR_DEV,,p50_old_first_order_ce_kl,mistral7b,,0.00019998000199980003,,,5.51805343200302,5.496788377561922,,paired_dlogppl,,P50_analysis_attempt2,,,,,runs/P50_analysis_attempt2/analysis_p50/P50_SELECTOR_ANALYSIS.json,234c5fa2ccd0c8c9124696e921050b8af03d7b5e08bf136be32456f7606079a0,,,P50:mistral7b:wiki:p50_old_first_order_ce_kl:p50_strongest_p20_selector_global_rerank,,,163
,,,,-0.0009184389110075883,-0.0025108060599206695,235,p50_strongest_p20_selector_global_rerank,c4,-0.0017323655867154217,,-0.0017323655867154217,,,/old_minus_strong_control/5,,,P50_SELECTOR_DEV,,p50_old_first_order_ce_kl,mistral7b,,0.00019998000199980003,,,8.062091304443728,8.048136905461106,,paired_dlogppl,,P50_analysis_attempt2,,,,,runs/P50_analysis_attempt2/analysis_p50/P50_SELECTOR_ANALYSIS.json,234c5fa2ccd0c8c9124696e921050b8af03d7b5e08bf136be32456f7606079a0,,,P50:mistral7b:c4:p50_old_first_order_ce_kl:p50_strongest_p20_selector_global_rerank,,,256
,,,s0p95,0.02249776109884297,0.017787844635882122,53,p60_fos_s1p0,wiki,0.02015194531948219,,0.02015194531948219,,,/candidate_summaries/0/four_over_six_contrasts/0,,,P60_WEIGHT_SCALE,,p60_fos_s0p95,llama8b,,0.00019998000199980003,,,6.885762833155805,7.025931945865075,,paired_dlogppl,,P60_analysis_attempt1,,,,,runs/P60_analysis_attempt1/analysis_p60/P60_ANALYSIS.json,a88d03fc163f40b6d1e16a8621c70bbd3ba286a602443c44486c0afda8c7d858,P60,,P60:llama8b:wiki:p60_fos_s0p95:p60_fos_s1p0,,,141
,,,s0p95,0.021888164248850896,0.015651862819948008,231,p60_fos_s1p0,c4,0.018551270796738167,,0.018551270796738167,,,/candidate_summaries/0/four_over_six_contrasts/1,,,P60_WEIGHT_SCALE,,p60_fos_s0p95,llama8b,,0.00019998000199980003,,,9.820112985610411,10.003988852994445,,paired_dlogppl,,P60_analysis_attempt1,,,,,runs/P60_analysis_attempt1/analysis_p60/P60_ANALYSIS.json,a88d03fc163f40b6d1e16a8621c70bbd3ba286a602443c44486c0afda8c7d858,P60,,P60:llama8b:c4:p60_fos_s0p95:p60_fos_s1p0,,,256
,,,s0p95,0.02565545125315423,0.01259092709240059,53,p60_fos_s1p0,wiki,0.01930248165890191,,0.01930248165890191,,,/candidate_summaries/0/four_over_six_contrasts/2,,,P60_WEIGHT_SCALE,,p60_fos_s0p95,qwen4b,,0.00019998000199980003,,,14.209054080563488,14.485988246246125,,paired_dlogppl,,P60_analysis_attempt1,,,,,runs/P60_analysis_attempt1/analysis_p60/P60_ANALYSIS.json,a88d03fc163f40b6d1e16a8621c70bbd3ba286a602443c44486c0afda8c7d858,P60,,P60:qwen4b:wiki:p60_fos_s0p95:p60_fos_s1p0,,,146
,,,s0p95,0.02183938166913766,0.01693466581068689,231,p60_fos_s1p0,c4,0.019354713489613144,,0.019354713489613144,,,/candidate_summaries/0/four_over_six_contrasts/3,,,P60_WEIGHT_SCALE,,p60_fos_s0p95,qwen4b,,0.00019998000199980003,,,17.31096304015548,17.649275176208267,,paired_dlogppl,,P60_analysis_attempt1,,,,,runs/P60_analysis_attempt1/analysis_p60/P60_ANALYSIS.json,a88d03fc163f40b6d1e16a8621c70bbd3ba286a602443c44486c0afda8c7d858,P60,,P60:qwen4b:c4:p60_fos_s0p95:p60_fos_s1p0,,,256
,,,s0p95,0.016007503174845415,0.013384704801916756,57,p60_fos_s1p0,wiki,0.014733074106125215,,0.014733074106125215,,,/candidate_summaries/0/four_over_six_contrasts/4,,,P60_WEIGHT_SCALE,,p60_fos_s0p95,mistral7b,,0.00019998000199980003,,,5.523119168178799,5.605094080602443,,paired_dlogppl,,P60_analysis_attempt1,,,,,runs/P60_analysis_attempt1/analysis_p60/P60_ANALYSIS.json,a88d03fc163f40b6d1e16a8621c70bbd3ba286a602443c44486c0afda8c7d858,P60,,P60:mistral7b:wiki:p60_fos_s0p95:p60_fos_s1p0,,,163
,,,s0p95,0.010951641820669857,0.008988872808468374,235,p60_fos_s1p0,c4,0.009963075318618666,,0.009963075318618666,,,/candidate_summaries/0/four_over_six_contrasts/5,,,P60_WEIGHT_SCALE,,p60_fos_s0p95,mistral7b,,0.00019998000199980003,,,8.06117127270947,8.141886748769744,,paired_dlogppl,,P60_analysis_attempt1,,,,,runs/P60_analysis_attempt1/analysis_p60/P60_ANALYSIS.json,a88d03fc163f40b6d1e16a8621c70bbd3ba286a602443c44486c0afda8c7d858,P60,,P60:mistral7b:c4:p60_fos_s0p95:p60_fos_s1p0,,,256
,,,s0p95,0.023508867508527848,0.017912115610627874,53,p60_winner_s1p0,wiki,0.02065177111173199,,0.02065177111173199,,,/candidate_summaries/0/winner_contrasts/0,,,P60_WEIGHT_SCALE,,p60_winner_s0p95,llama8b,,0.00019998000199980003,,,6.8387198094684445,6.981419918958314,,paired_dlogppl,,P60_analysis_attempt1,,,,,runs/P60_analysis_attempt1/analysis_p60/P60_ANALYSIS.json,a88d03fc163f40b6d1e16a8621c70bbd3ba286a602443c44486c0afda8c7d858,P60,,P60:llama8b:wiki:p60_winner_s0p95:p60_winner_s1p0,,,141
,,,s0p95,0.01864073362775193,0.013407607476280394,231,p60_winner_s1p0,c4,0.015887197146407912,,0.015887197146407912,,,/candidate_summaries/0/winner_contrasts/1,,,P60_WEIGHT_SCALE,,p60_winner_s0p95,llama8b,,0.00019998000199980003,,,9.77426004329114,9.930785724454173,,paired_dlogppl,,P60_analysis_attempt1,,,,,runs/P60_analysis_attempt1/analysis_p60/P60_ANALYSIS.json,a88d03fc163f40b6d1e16a8621c70bbd3ba286a602443c44486c0afda8c7d858,P60,,P60:llama8b:c4:p60_winner_s0p95:p60_winner_s1p0,,,256
,,,s0p95,0.08893642715880307,0.08053792152532895,53,p60_winner_s1p0,wiki,0.08477498646155021,,0.08477498646155021,,,/candidate_summaries/0/winner_contrasts/2,,,P60_WEIGHT_SCALE,,p60_winner_s0p95,qwen4b,,0.00019998000199980003,,,11.16605653908429,12.1539412127952,,paired_dlogppl,,P60_analysis_attempt1,,,,,runs/P60_analysis_attempt1/analysis_p60/P60_ANALYSIS.json,a88d03fc163f40b6d1e16a8621c70bbd3ba286a602443c44486c0afda8c7d858,P60,,P60:qwen4b:wiki:p60_winner_s0p95:p60_winner_s1p0,,,146
,,,s0p95,0.05413995269878575,0.04956638998329489,231,p60_winner_s1p0,c4,0.051833933949330016,,0.051833933949330016,,,/candidate_summaries/0/winner_contrasts/3,,,P60_WEIGHT_SCALE,,p60_winner_s0p95,qwen4b,,0.00019998000199980003,,,15.364963054070836,16.182391796725366,,paired_dlogppl,,P60_analysis_attempt1,,,,,runs/P60_analysis_attempt1/analysis_p60/P60_ANALYSIS.json,a88d03fc163f40b6d1e16a8621c70bbd3ba286a602443c44486c0afda8c7d858,P60,,P60:qwen4b:c4:p60_winner_s0p95:p60_winner_s1p0,,,256
,,,s0p95,0.017736472690162434,0.015017020894779397,57,p60_winner_s1p0,wiki,0.016404095262327265,,0.016404095262327265,,,/candidate_summaries/0/winner_contrasts/4,,,P60_WEIGHT_SCALE,,p60_winner_s0p95,mistral7b,,0.00019998000199980003,,,5.496788377561922,5.587701855739892,,paired_dlogppl,,P60_analysis_attempt1,,,,,runs/P60_analysis_attempt1/analysis_p60/P60_ANALYSIS.json,a88d03fc163f40b6d1e16a8621c70bbd3ba286a602443c44486c0afda8c7d858,P60,,P60:mistral7b:wiki:p60_winner_s0p95:p60_winner_s1p0,,,163
,,,s0p95,0.010270661249696193,0.007301883424199016,235,p60_winner_s1p0,c4,0.008907819199071057,,0.008907819199071057,,,/candidate_summaries/0/winner_contrasts/5,,,P60_WEIGHT_SCALE,,p60_winner_s0p95,mistral7b,,0.00019998000199980003,,,8.048136905461106,8.12014851091355,,paired_dlogppl,,P60_analysis_attempt1,,,,,runs/P60_analysis_attempt1/analysis_p60/P60_ANALYSIS.json,a88d03fc163f40b6d1e16a8621c70bbd3ba286a602443c44486c0afda8c7d858,P60,,P60:mistral7b:c4:p60_winner_s0p95:p60_winner_s1p0,,,256
,,,s1p05,0.020378516406195812,0.01580358909359859,53,p60_fos_s1p0,wiki,0.018111237916980275,,0.018111237916980275,,,/candidate_summaries/1/four_over_six_contrasts/0,,,P60_WEIGHT_SCALE,,p60_fos_s1p05,llama8b,,0.00019998000199980003,,,6.885762833155805,7.011608694287189,,paired_dlogppl,,P60_analysis_attempt1,,,,,runs/P60_analysis_attempt1/analysis_p60/P60_ANALYSIS.json,a88d03fc163f40b6d1e16a8621c70bbd3ba286a602443c44486c0afda8c7d858,P60,,P60:llama8b:wiki:p60_fos_s1p05:p60_fos_s1p0,,,141
,,,s1p05,0.0208926871707268,0.01596984363030413,231,p60_fos_s1p0,c4,0.018296413394447843,,0.018296413394447843,,,/candidate_summaries/1/four_over_six_contrasts/1,,,P60_WEIGHT_SCALE,,p60_fos_s1p05,llama8b,,0.00019998000199980003,,,9.820112985610411,10.00143958724624,,paired_dlogppl,,P60_analysis_attempt1,,,,,runs/P60_analysis_attempt1/analysis_p60/P60_ANALYSIS.json,a88d03fc163f40b6d1e16a8621c70bbd3ba286a602443c44486c0afda8c7d858,P60,,P60:llama8b:c4:p60_fos_s1p05:p60_fos_s1p0,,,256
,,,s1p05,0.03164878770986513,0.0206602804254812,53,p60_fos_s1p0,wiki,0.026074862677106635,,0.026074862677106635,,,/candidate_summaries/1/four_over_six_contrasts/2,,,P60_WEIGHT_SCALE,,p60_fos_s1p05,qwen4b,,0.00019998000199980003,,,14.209054080563488,14.584425830250058,,paired_dlogppl,,P60_analysis_attempt1,,,,,runs/P60_analysis_attempt1/analysis_p60/P60_ANALYSIS.json,a88d03fc163f40b6d1e16a8621c70bbd3ba286a602443c44486c0afda8c7d858,P60,,P60:qwen4b:wiki:p60_fos_s1p05:p60_fos_s1p0,,,146
,,,s1p05,0.011152416172934262,0.006293227111861304,231,p60_fos_s1p0,c4,0.008742576126275943,,0.008742576126275943,,,/candidate_summaries/1/four_over_six_contrasts/3,,,P60_WEIGHT_SCALE,,p60_fos_s1p05,qwen4b,,0.00019998000199980003,,,17.31096304015548,17.4629689457708,,paired_dlogppl,,P60_analysis_attempt1,,,,,runs/P60_analysis_attempt1/analysis_p60/P60_ANALYSIS.json,a88d03fc163f40b6d1e16a8621c70bbd3ba286a602443c44486c0afda8c7d858,P60,,P60:qwen4b:c4:p60_fos_s1p05:p60_fos_s1p0,,,256
,,,s1p05,0.005882140867730815,0.003905491370637993,57,p60_fos_s1p0,wiki,0.004946874024959631,,0.004946874024959631,,,/candidate_summaries/1/four_over_six_contrasts/4,,,P60_WEIGHT_SCALE,,p60_fos_s1p05,mistral7b,,0.00019998000199980003,,,5.523119168178799,5.550509034180922,,paired_dlogppl,,P60_analysis_attempt1,,,,,runs/P60_analysis_attempt1/analysis_p60/P60_ANALYSIS.json,a88d03fc163f40b6d1e16a8621c70bbd3ba286a602443c44486c0afda8c7d858,P60,,P60:mistral7b:wiki:p60_fos_s1p05:p60_fos_s1p0,,,163
,,,s1p05,0.007568039048996658,0.004742781901195752,235,p60_fos_s1p0,c4,0.006023251774279538,,0.006023251774279538,,,/candidate_summaries/1/four_over_six_contrasts/5,,,P60_WEIGHT_SCALE,,p60_fos_s1p05,mistral7b,,0.00019998000199980003,,,8.06117127270947,8.109872258793576,,paired_dlogppl,,P60_analysis_attempt1,,,,,runs/P60_analysis_attempt1/analysis_p60/P60_ANALYSIS.json,a88d03fc163f40b6d1e16a8621c70bbd3ba286a602443c44486c0afda8c7d858,P60,,P60:mistral7b:c4:p60_fos_s1p05:p60_fos_s1p0,,,256
,,,s1p05,0.025066269963182192,0.020277439443367823,53,p60_winner_s1p0,wiki,0.022612092105994554,,0.022612092105994554,,,/candidate_summaries/1/winner_contrasts/0,,,P60_WEIGHT_SCALE,,p60_winner_s1p05,llama8b,,0.00019998000199980003,,,6.8387198094684445,6.99511916606904,,paired_dlogppl,,P60_analysis_attempt1,,,,,runs/P60_analysis_attempt1/analysis_p60/P60_ANALYSIS.json,a88d03fc163f40b6d1e16a8621c70bbd3ba286a602443c44486c0afda8c7d858,P60,,P60:llama8b:wiki:p60_winner_s1p05:p60_winner_s1p0,,,141
,,,s1p05,0.024394555774713795,0.01862861683506847,231,p60_winner_s1p0,c4,0.021246862964200947,,0.021246862964200947,,,/candidate_summaries/1/winner_contrasts/1,,,P60_WEIGHT_SCALE,,p60_winner_s1p05,llama8b,,0.00019998000199980003,,,9.77426004329114,9.98415430837734,,paired_dlogppl,,P60_analysis_attempt1,,,,,runs/P60_analysis_attempt1/analysis_p60/P60_ANALYSIS.json,a88d03fc163f40b6d1e16a8621c70bbd3ba286a602443c44486c0afda8c7d858,P60,,P60:llama8b:c4:p60_winner_s1p05:p60_winner_s1p0,,,256
,,,s1p05,0.0841590041992635,0.07624631565480633,53,p60_winner_s1p0,wiki,0.08010301468514498,,0.08010301468514498,,,/candidate_summaries/1/winner_contrasts/2,,,P60_WEIGHT_SCALE,,p60_winner_s1p05,qwen4b,,0.00019998000199980003,,,11.16605653908429,12.097290780132052,,paired_dlogppl,,P60_analysis_attempt1,,,,,runs/P60_analysis_attempt1/analysis_p60/P60_ANALYSIS.json,a88d03fc163f40b6d1e16a8621c70bbd3ba286a602443c44486c0afda8c7d858,P60,,P60:qwen4b:wiki:p60_winner_s1p05:p60_winner_s1p0,,,146
,,,s1p05,0.03724219636001211,0.03253378818440251,231,p60_winner_s1p0,c4,0.03490399357001411,,0.03490399357001411,,,/candidate_summaries/1/winner_contrasts/3,,,P60_WEIGHT_SCALE,,p60_winner_s1p05,qwen4b,,0.00019998000199980003,,,15.364963054070836,15.910730957967267,,paired_dlogppl,,P60_analysis_attempt1,,,,,runs/P60_analysis_attempt1/analysis_p60/P60_ANALYSIS.json,a88d03fc163f40b6d1e16a8621c70bbd3ba286a602443c44486c0afda8c7d858,P60,,P60:qwen4b:c4:p60_winner_s1p05:p60_winner_s1p0,,,256
,,,s1p05,0.005776029428123394,0.0039685961653644995,57,p60_winner_s1p0,wiki,0.004841860769132619,,0.004841860769132619,,,/candidate_summaries/1/winner_contrasts/4,,,P60_WEIGHT_SCALE,,p60_winner_s1p05,mistral7b,,0.00019998000199980003,,,5.496788377561922,5.523467597977374,,paired_dlogppl,,P60_analysis_attempt1,,,,,runs/P60_analysis_attempt1/analysis_p60/P60_ANALYSIS.json,a88d03fc163f40b6d1e16a8621c70bbd3ba286a602443c44486c0afda8c7d858,P60,,P60:mistral7b:wiki:p60_winner_s1p05:p60_winner_s1p0,,,163
,,,s1p05,0.005650595845536339,0.0035219306653853197,235,p60_winner_s1p0,c4,0.004557076530744955,,0.004557076530744955,,,/candidate_summaries/1/winner_contrasts/5,,,P60_WEIGHT_SCALE,,p60_winner_s1p05,mistral7b,,0.00019998000199980003,,,8.048136905461106,8.084896575969593,,paired_dlogppl,,P60_analysis_attempt1,,,,,runs/P60_analysis_attempt1/analysis_p60/P60_ANALYSIS.json,a88d03fc163f40b6d1e16a8621c70bbd3ba286a602443c44486c0afda8c7d858,P60,,P60:mistral7b:c4:p60_winner_s1p05:p60_winner_s1p0,,,256
,,,mse_grid,-4.1802245210457087e-05,-0.0033542735484330018,53,p61_fos_baseline_absmax,wiki,-0.0016346914738140234,,-0.0016346914738140234,,,/candidate_summaries/0/four_over_six_contrasts/0,,,P61_ACT_SCALE_CLIP,,p61_fos_mse_grid,llama8b,,0.041995800419958006,,,6.885762833155805,6.874515930474213,,paired_dlogppl,,P61_analysis_attempt1,,,,,runs/P61_analysis_attempt1/analysis_p61/P61_ANALYSIS.json,b30d556711fec0ae589a7ac7989a90f9497134d31b31c96b782c461cc45184e7,P61,,P61:llama8b:wiki:p61_fos_mse_grid:p61_fos_baseline_absmax,,,141
,,,mse_grid,0.0008016623763049441,-0.0018090834795897138,231,p61_fos_baseline_absmax,c4,-0.0005281735054795356,,-0.0005281735054795356,,,/candidate_summaries/0/four_over_six_contrasts/1,,,P61_ACT_SCALE_CLIP,,p61_fos_mse_grid,llama8b,,0.42895710428957107,,,9.820112985610411,9.814927631614442,,paired_dlogppl,,P61_analysis_attempt1,,,,,runs/P61_analysis_attempt1/analysis_p61/P61_ANALYSIS.json,b30d556711fec0ae589a7ac7989a90f9497134d31b31c96b782c461cc45184e7,P61,,P61:llama8b:c4:p61_fos_mse_grid:p61_fos_baseline_absmax,,,256
,,,mse_grid,0.012605886498022932,0.004390838890743761,53,p61_fos_baseline_absmax,wiki,0.008178994753636502,,0.008178994753636502,,,/candidate_summaries/0/four_over_six_contrasts/2,,,P61_ACT_SCALE_CLIP,,p61_fos_mse_grid,qwen4b,,0.00019998000199980003,,,14.209054080563488,14.325746421846373,,paired_dlogppl,,P61_analysis_attempt1,,,,,runs/P61_analysis_attempt1/analysis_p61/P61_ANALYSIS.json,b30d556711fec0ae589a7ac7989a90f9497134d31b31c96b782c461cc45184e7,P61,,P61:qwen4b:wiki:p61_fos_mse_grid:p61_fos_baseline_absmax,,,146
,,,mse_grid,0.0030705347791525578,-9.806429788842068e-05,231,p61_fos_baseline_absmax,c4,0.0015290070925662283,,0.0015290070925662283,,,/candidate_summaries/0/four_over_six_contrasts/3,,,P61_ACT_SCALE_CLIP,,p61_fos_mse_grid,qwen4b,,0.064993500649935,,,17.31096304015548,17.33745187106757,,paired_dlogppl,,P61_analysis_attempt1,,,,,runs/P61_analysis_attempt1/analysis_p61/P61_ANALYSIS.json,b30d556711fec0ae589a7ac7989a90f9497134d31b31c96b782c461cc45184e7,P61,,P61:qwen4b:c4:p61_fos_mse_grid:p61_fos_baseline_absmax,,,256
,,,mse_grid,0.0007913211026411126,-0.0011881449979094512,57,p61_fos_baseline_absmax,wiki,-0.00016357542818260524,,-0.00016357542818260524,,,/candidate_summaries/0/four_over_six_contrasts/4,,,P61_ACT_SCALE_CLIP,,p61_fos_mse_grid,mistral7b,,0.7411258874112588,,,5.523119168178799,5.522215795482768,,paired_dlogppl,,P61_analysis_attempt1,,,,,runs/P61_analysis_attempt1/analysis_p61/P61_ANALYSIS.json,b30d556711fec0ae589a7ac7989a90f9497134d31b31c96b782c461cc45184e7,P61,,P61:mistral7b:wiki:p61_fos_mse_grid:p61_fos_baseline_absmax,,,163
,,,mse_grid,0.0016577530143928657,-6.585682124254086e-05,235,p61_fos_baseline_absmax,c4,0.0007217071018603124,,0.0007217071018603124,,,/candidate_summaries/0/four_over_six_contrasts/5,,,P61_ACT_SCALE_CLIP,,p61_fos_mse_grid,mistral7b,,0.0795920407959204,,,8.06117127270947,8.066991177146871,,paired_dlogppl,,P61_analysis_attempt1,,,,,runs/P61_analysis_attempt1/analysis_p61/P61_ANALYSIS.json,b30d556711fec0ae589a7ac7989a90f9497134d31b31c96b782c461cc45184e7,P61,,P61:mistral7b:c4:p61_fos_mse_grid:p61_fos_baseline_absmax,,,256
,,,mse_grid,0.00137143280488602,-0.0011490837646122227,53,p61_winner_baseline_absmax,wiki,5.636214775606861e-05,,5.636214775606861e-05,,,/candidate_summaries/0/winner_contrasts/0,,,P61_ACT_SCALE_CLIP,,p61_winner_mse_grid,llama8b,,0.9205079492050795,,,6.8387198094684445,6.839105265267266,,paired_dlogppl,,P61_analysis_attempt1,,,,,runs/P61_analysis_attempt1/analysis_p61/P61_ANALYSIS.json,b30d556711fec0ae589a7ac7989a90f9497134d31b31c96b782c461cc45184e7,P61,,P61:llama8b:wiki:p61_winner_mse_grid:p61_winner_baseline_absmax,,,141
,,,mse_grid,0.0001834838768183823,-0.0035315882289298915,231,p61_winner_baseline_absmax,c4,-0.0014611573160622962,,-0.0014611573160622962,,,/candidate_summaries/0/winner_contrasts/1,,,P61_ACT_SCALE_CLIP,,p61_winner_mse_grid,llama8b,,0.09119088091190881,,,9.77426004329114,9.759988740568073,,paired_dlogppl,,P61_analysis_attempt1,,,,,runs/P61_analysis_attempt1/analysis_p61/P61_ANALYSIS.json,b30d556711fec0ae589a7ac7989a90f9497134d31b31c96b782c461cc45184e7,P61,,P61:llama8b:c4:p61_winner_mse_grid:p61_winner_baseline_absmax,,,256
,,,mse_grid,0.0036245535376170763,-0.0003457038378632155,53,p61_winner_baseline_absmax,wiki,0.0016923427703914803,,0.0016923427703914803,,,/candidate_summaries/0/winner_contrasts/2,,,P61_ACT_SCALE_CLIP,,p61_winner_mse_grid,qwen4b,,0.10358964103589641,,,11.16605653908429,11.184969333093209,,paired_dlogppl,,P61_analysis_attempt1,,,,,runs/P61_analysis_attempt1/analysis_p61/P61_ANALYSIS.json,b30d556711fec0ae589a7ac7989a90f9497134d31b31c96b782c461cc45184e7,P61,,P61:qwen4b:wiki:p61_winner_mse_grid:p61_winner_baseline_absmax,,,146
,,,mse_grid,0.0010141534130003592,-0.0009699238103010192,231,p61_winner_baseline_absmax,c4,2.1491710866676367e-05,,2.1491710866676367e-05,,,/candidate_summaries/0/winner_contrasts/3,,,P61_ACT_SCALE_CLIP,,p61_winner_mse_grid,qwen4b,,0.948905109489051,,,15.364963054070836,15.365293276962804,,paired_dlogppl,,P61_analysis_attempt1,,,,,runs/P61_analysis_attempt1/analysis_p61/P61_ANALYSIS.json,b30d556711fec0ae589a7ac7989a90f9497134d31b31c96b782c461cc45184e7,P61,,P61:qwen4b:c4:p61_winner_mse_grid:p61_winner_baseline_absmax,,,256
,,,mse_grid,0.001243610760858005,-0.0006334745856289291,57,p61_winner_baseline_absmax,wiki,0.00031013377365299045,,0.00031013377365299045,,,/candidate_summaries/0/winner_contrasts/4,,,P61_ACT_SCALE_CLIP,,p61_winner_mse_grid,mistral7b,,0.5269473052694731,,,5.496788377561922,5.498493381660439,,paired_dlogppl,,P61_analysis_attempt1,,,,,runs/P61_analysis_attempt1/analysis_p61/P61_ANALYSIS.json,b30d556711fec0ae589a7ac7989a90f9497134d31b31c96b782c461cc45184e7,P61,,P61:mistral7b:wiki:p61_winner_mse_grid:p61_winner_baseline_absmax,,,163
,,,mse_grid,0.0006568840770138033,-0.0006658921956148612,235,p61_winner_baseline_absmax,c4,-1.06449725464809e-05,,-1.06449725464809e-05,,,/candidate_summaries/0/winner_contrasts/5,,,P61_ACT_SCALE_CLIP,,p61_winner_mse_grid,mistral7b,,0.9823017698230176,,,8.048136905461106,8.048051233720685,,paired_dlogppl,,P61_analysis_attempt1,,,,,runs/P61_analysis_attempt1/analysis_p61/P61_ANALYSIS.json,b30d556711fec0ae589a7ac7989a90f9497134d31b31c96b782c461cc45184e7,P61,,P61:mistral7b:c4:p61_winner_mse_grid:p61_winner_baseline_absmax,,,256
,,,percentile_999,4.764908245601505,4.603825339189942,53,p61_fos_baseline_absmax,wiki,4.683248184923214,,4.683248184923214,,,/candidate_summaries/1/four_over_six_contrasts/0,,,P61_ACT_SCALE_CLIP,,p61_fos_percentile_999,llama8b,,0.00019998000199980003,,,6.885762833155805,744.4934895500668,,paired_dlogppl,,P61_analysis_attempt1,,,,,runs/P61_analysis_attempt1/analysis_p61/P61_ANALYSIS.json,b30d556711fec0ae589a7ac7989a90f9497134d31b31c96b782c461cc45184e7,P61,,P61:llama8b:wiki:p61_fos_percentile_999:p61_fos_baseline_absmax,,,141
,,,percentile_999,4.326988664908837,4.16210314409948,231,p61_fos_baseline_absmax,c4,4.2448384372236,,4.2448384372236,,,/candidate_summaries/1/four_over_six_contrasts/1,,,P61_ACT_SCALE_CLIP,,p61_fos_percentile_999,llama8b,,0.00019998000199980003,,,9.820112985610411,684.8987829220703,,paired_dlogppl,,P61_analysis_attempt1,,,,,runs/P61_analysis_attempt1/analysis_p61/P61_ANALYSIS.json,b30d556711fec0ae589a7ac7989a90f9497134d31b31c96b782c461cc45184e7,P61,,P61:llama8b:c4:p61_fos_percentile_999:p61_fos_baseline_absmax,,,256
,,,percentile_999,4.044620379671743,3.914769736342612,53,p61_fos_baseline_absmax,wiki,3.9800271227206956,,3.9800271227206956,,,/candidate_summaries/1/four_over_six_contrasts/2,,,P61_ACT_SCALE_CLIP,,p61_fos_percentile_999,qwen4b,,0.00019998000199980003,,,14.209054080563488,760.4470586832608,,paired_dlogppl,,P61_analysis_attempt1,,,,,runs/P61_analysis_attempt1/analysis_p61/P61_ANALYSIS.json,b30d556711fec0ae589a7ac7989a90f9497134d31b31c96b782c461cc45184e7,P61,,P61:qwen4b:wiki:p61_fos_percentile_999:p61_fos_baseline_absmax,,,146
,,,percentile_999,3.8567081989270484,3.7197709014822187,231,p61_fos_baseline_absmax,c4,3.791864724115426,,3.791864724115426,,,/candidate_summaries/1/four_over_six_contrasts/3,,,P61_ACT_SCALE_CLIP,,p61_fos_percentile_999,qwen4b,,0.00019998000199980003,,,17.31096304015548,767.5508464076903,,paired_dlogppl,,P61_analysis_attempt1,,,,,runs/P61_analysis_attempt1/analysis_p61/P61_ANALYSIS.json,b30d556711fec0ae589a7ac7989a90f9497134d31b31c96b782c461cc45184e7,P61,,P61:qwen4b:c4:p61_fos_percentile_999:p61_fos_baseline_absmax,,,256
,,,percentile_999,9.958673304324092,9.782644141102363,57,p61_fos_baseline_absmax,wiki,9.87166531499084,,9.87166531499084,,,/candidate_summaries/1/four_over_six_contrasts/4,,,P61_ACT_SCALE_CLIP,,p61_fos_percentile_999,mistral7b,,0.00019998000199980003,,,5.523119168178799,107002.5647078289,,paired_dlogppl,,P61_analysis_attempt1,,,,,runs/P61_analysis_attempt1/analysis_p61/P61_ANALYSIS.json,b30d556711fec0ae589a7ac7989a90f9497134d31b31c96b782c461cc45184e7,P61,,P61:mistral7b:wiki:p61_fos_percentile_999:p61_fos_baseline_absmax,,,163
,,,percentile_999,9.715634329299679,9.519438595753748,235,p61_fos_baseline_absmax,c4,9.62025171966496,,9.62025171966496,,,/candidate_summaries/1/four_over_six_contrasts/5,,,P61_ACT_SCALE_CLIP,,p61_fos_percentile_999,mistral7b,,0.00019998000199980003,,,8.06117127270947,121456.39455821317,,paired_dlogppl,,P61_analysis_attempt1,,,,,runs/P61_analysis_attempt1/analysis_p61/P61_ANALYSIS.json,b30d556711fec0ae589a7ac7989a90f9497134d31b31c96b782c461cc45184e7,P61,,P61:mistral7b:c4:p61_fos_percentile_999:p61_fos_baseline_absmax,,,256
,,,percentile_999,4.726587560005943,4.560297113533521,53,p61_winner_baseline_absmax,wiki,4.64280942161422,,4.64280942161422,,,/candidate_summaries/1/winner_contrasts/0,,,P61_ACT_SCALE_CLIP,,p61_winner_percentile_999,llama8b,,0.00019998000199980003,,,6.8387198094684445,710.1029598344486,,paired_dlogppl,,P61_analysis_attempt1,,,,,runs/P61_analysis_attempt1/analysis_p61/P61_ANALYSIS.json,b30d556711fec0ae589a7ac7989a90f9497134d31b31c96b782c461cc45184e7,P61,,P61:llama8b:wiki:p61_winner_percentile_999:p61_winner_baseline_absmax,,,141
,,,percentile_999,4.30879927062723,4.146507153922949,231,p61_winner_baseline_absmax,c4,4.226838467524925,,4.226838467524925,,,/candidate_summaries/1/winner_contrasts/1,,,P61_ACT_SCALE_CLIP,,p61_winner_percentile_999,llama8b,,0.00019998000199980003,,,9.77426004329114,669.5399746976404,,paired_dlogppl,,P61_analysis_attempt1,,,,,runs/P61_analysis_attempt1/analysis_p61/P61_ANALYSIS.json,b30d556711fec0ae589a7ac7989a90f9497134d31b31c96b782c461cc45184e7,P61,,P61:llama8b:c4:p61_winner_percentile_999:p61_winner_baseline_absmax,,,256
,,,percentile_999,4.058997386782709,3.9301705329239858,53,p61_winner_baseline_absmax,wiki,3.9953206228100546,,3.9953206228100546,,,/candidate_summaries/1/winner_contrasts/2,,,P61_ACT_SCALE_CLIP,,p61_winner_percentile_999,qwen4b,,0.00019998000199980003,,,11.16605653908429,606.7999306518074,,paired_dlogppl,,P61_analysis_attempt1,,,,,runs/P61_analysis_attempt1/analysis_p61/P61_ANALYSIS.json,b30d556711fec0ae589a7ac7989a90f9497134d31b31c96b782c461cc45184e7,P61,,P61:qwen4b:wiki:p61_winner_percentile_999:p61_winner_baseline_absmax,,,146
,,,percentile_999,3.7947989596430403,3.6572779860488227,231,p61_winner_baseline_absmax,c4,3.7282240378776104,,3.7282240378776104,,,/candidate_summaries/1/winner_contrasts/3,,,P61_ACT_SCALE_CLIP,,p61_winner_percentile_999,qwen4b,,0.00019998000199980003,,,15.364963054070836,639.2616438751844,,paired_dlogppl,,P61_analysis_attempt1,,,,,runs/P61_analysis_attempt1/analysis_p61/P61_ANALYSIS.json,b30d556711fec0ae589a7ac7989a90f9497134d31b31c96b782c461cc45184e7,P61,,P61:qwen4b:c4:p61_winner_percentile_999:p61_winner_baseline_absmax,,,256
,,,percentile_999,9.934088983870142,9.760861050583216,57,p61_winner_baseline_absmax,wiki,9.847971649259367,,9.847971649259367,,,/candidate_summaries/1/winner_contrasts/4,,,P61_ACT_SCALE_CLIP,,p61_winner_percentile_999,mistral7b,,0.00019998000199980003,,,5.496788377561922,103998.90399840489,,paired_dlogppl,,P61_analysis_attempt1,,,,,runs/P61_analysis_attempt1/analysis_p61/P61_ANALYSIS.json,b30d556711fec0ae589a7ac7989a90f9497134d31b31c96b782c461cc45184e7,P61,,P61:mistral7b:wiki:p61_winner_percentile_999:p61_winner_baseline_absmax,,,163
,,,percentile_999,9.662113754320535,9.47037802906786,235,p61_winner_baseline_absmax,c4,9.569431967004222,,9.569431967004222,,,/candidate_summaries/1/winner_contrasts/5,,,P61_ACT_SCALE_CLIP,,p61_winner_percentile_999,mistral7b,,0.00019998000199980003,,,8.048136905461106,115251.57092283099,,paired_dlogppl,,P61_analysis_attempt1,,,,,runs/P61_analysis_attempt1/analysis_p61/P61_ANALYSIS.json,b30d556711fec0ae589a7ac7989a90f9497134d31b31c96b782c461cc45184e7,P61,,P61:mistral7b:c4:p61_winner_percentile_999:p61_winner_baseline_absmax,,,256
,,,percentile_9999,0.2823566406367546,0.252750333291301,53,p61_fos_baseline_absmax,wiki,0.267092958593165,,0.267092958593165,,,/candidate_summaries/2/four_over_six_contrasts/0,,,P61_ACT_SCALE_CLIP,,p61_fos_percentile_9999,llama8b,,0.00019998000199980003,,,6.885762833155805,8.993920787306873,,paired_dlogppl,,P61_analysis_attempt1,,,,,runs/P61_analysis_attempt1/analysis_p61/P61_ANALYSIS.json,b30d556711fec0ae589a7ac7989a90f9497134d31b31c96b782c461cc45184e7,P61,,P61:llama8b:wiki:p61_fos_percentile_9999:p61_fos_baseline_absmax,,,141
,,,percentile_9999,0.28172338246151213,0.23117681157908862,231,p61_fos_baseline_absmax,c4,0.25414858009383984,,0.25414858009383984,,,/candidate_summaries/2/four_over_six_contrasts/1,,,P61_ACT_SCALE_CLIP,,p61_fos_percentile_9999,llama8b,,0.00019998000199980003,,,9.820112985610411,12.661693911689479,,paired_dlogppl,,P61_analysis_attempt1,,,,,runs/P61_analysis_attempt1/analysis_p61/P61_ANALYSIS.json,b30d556711fec0ae589a7ac7989a90f9497134d31b31c96b782c461cc45184e7,P61,,P61:llama8b:c4:p61_fos_percentile_9999:p61_fos_baseline_absmax,,,256
,,,percentile_9999,0.2788958594020206,0.23412675675551112,53,p61_fos_baseline_absmax,wiki,0.2549789177478232,,0.2549789177478232,,,/candidate_summaries/2/four_over_six_contrasts/2,,,P61_ACT_SCALE_CLIP,,p61_fos_percentile_9999,qwen4b,,0.00019998000199980003,,,14.209054080563488,18.335852394735628,,paired_dlogppl,,P61_analysis_attempt1,,,,,runs/P61_analysis_attempt1/analysis_p61/P61_ANALYSIS.json,b30d556711fec0ae589a7ac7989a90f9497134d31b31c96b782c461cc45184e7,P61,,P61:qwen4b:wiki:p61_fos_percentile_9999:p61_fos_baseline_absmax,,,146
,,,percentile_9999,0.16849138152229923,0.14906063195461403,231,p61_fos_baseline_absmax,c4,0.15858366181736605,,0.15858366181736605,,,/candidate_summaries/2/four_over_six_contrasts/3,,,P61_ACT_SCALE_CLIP,,p61_fos_percentile_9999,qwen4b,,0.00019998000199980003,,,17.31096304015548,20.285851332691433,,paired_dlogppl,,P61_analysis_attempt1,,,,,runs/P61_analysis_attempt1/analysis_p61/P61_ANALYSIS.json,b30d556711fec0ae589a7ac7989a90f9497134d31b31c96b782c461cc45184e7,P61,,P61:qwen4b:c4:p61_fos_percentile_9999:p61_fos_baseline_absmax,,,256
,,,percentile_9999,0.4138369245841239,0.38494164530928293,57,p61_fos_baseline_absmax,wiki,0.3995521833482007,,0.3995521833482007,,,/candidate_summaries/2/four_over_six_contrasts/4,,,P61_ACT_SCALE_CLIP,,p61_fos_percentile_9999,mistral7b,,0.00019998000199980003,,,5.523119168178799,8.235836612398916,,paired_dlogppl,,P61_analysis_attempt1,,,,,runs/P61_analysis_attempt1/analysis_p61/P61_ANALYSIS.json,b30d556711fec0ae589a7ac7989a90f9497134d31b31c96b782c461cc45184e7,P61,,P61:mistral7b:wiki:p61_fos_percentile_9999:p61_fos_baseline_absmax,,,163
,,,percentile_9999,0.3605029763404657,0.3306667049543209,235,p61_fos_baseline_absmax,c4,0.34529567769305836,,0.34529567769305836,,,/candidate_summaries/2/four_over_six_contrasts/5,,,P61_ACT_SCALE_CLIP,,p61_fos_percentile_9999,mistral7b,,0.00019998000199980003,,,8.06117127270947,11.385658565390615,,paired_dlogppl,,P61_analysis_attempt1,,,,,runs/P61_analysis_attempt1/analysis_p61/P61_ANALYSIS.json,b30d556711fec0ae589a7ac7989a90f9497134d31b31c96b782c461cc45184e7,P61,,P61:mistral7b:c4:p61_fos_percentile_9999:p61_fos_baseline_absmax,,,256
,,,percentile_9999,0.285791261868602,0.2573355726820123,53,p61_winner_baseline_absmax,wiki,0.2711232151033083,,0.2711232151033083,,,/candidate_summaries/2/winner_contrasts/0,,,P61_ACT_SCALE_CLIP,,p61_winner_percentile_9999,llama8b,,0.00019998000199980003,,,6.8387198094684445,8.968547791966646,,paired_dlogppl,,P61_analysis_attempt1,,,,,runs/P61_analysis_attempt1/analysis_p61/P61_ANALYSIS.json,b30d556711fec0ae589a7ac7989a90f9497134d31b31c96b782c461cc45184e7,P61,,P61:llama8b:wiki:p61_winner_percentile_9999:p61_winner_baseline_absmax,,,141
,,,percentile_9999,0.28022154178351155,0.23120154310452692,231,p61_winner_baseline_absmax,c4,0.25365271849934545,,0.25365271849934545,,,/candidate_summaries/2/winner_contrasts/1,,,P61_ACT_SCALE_CLIP,,p61_winner_percentile_9999,llama8b,,0.00019998000199980003,,,9.77426004329114,12.596325224991167,,paired_dlogppl,,P61_analysis_attempt1,,,,,runs/P61_analysis_attempt1/analysis_p61/P61_ANALYSIS.json,b30d556711fec0ae589a7ac7989a90f9497134d31b31c96b782c461cc45184e7,P61,,P61:llama8b:c4:p61_winner_percentile_9999:p61_winner_baseline_absmax,,,256
,,,percentile_9999,0.1626353232205465,0.1433315531246468,53,p61_winner_baseline_absmax,wiki,0.15220228332776553,,0.15220228332776553,,,/candidate_summaries/2/winner_contrasts/2,,,P61_ACT_SCALE_CLIP,,p61_winner_percentile_9999,qwen4b,,0.00019998000199980003,,,11.16605653908429,13.001708783486508,,paired_dlogppl,,P61_analysis_attempt1,,,,,runs/P61_analysis_attempt1/analysis_p61/P61_ANALYSIS.json,b30d556711fec0ae589a7ac7989a90f9497134d31b31c96b782c461cc45184e7,P61,,P61:qwen4b:wiki:p61_winner_percentile_9999:p61_winner_baseline_absmax,,,146
,,,percentile_9999,0.14824930072832462,0.1330874443908911,231,p61_winner_baseline_absmax,c4,0.1405571002593051,,0.1405571002593051,,,/candidate_summaries/2/winner_contrasts/3,,,P61_ACT_SCALE_CLIP,,p61_winner_percentile_9999,qwen4b,,0.00019998000199980003,,,15.364963054070836,17.68376330696772,,paired_dlogppl,,P61_analysis_attempt1,,,,,runs/P61_analysis_attempt1/analysis_p61/P61_ANALYSIS.json,b30d556711fec0ae589a7ac7989a90f9497134d31b31c96b782c461cc45184e7,P61,,P61:qwen4b:c4:p61_winner_percentile_9999:p61_winner_baseline_absmax,,,256
,,,percentile_9999,0.4202930517591844,0.3912866265876381,57,p61_winner_baseline_absmax,wiki,0.4058866208828767,,0.4058866208828767,,,/candidate_summaries/2/winner_contrasts/4,,,P61_ACT_SCALE_CLIP,,p61_winner_percentile_9999,mistral7b,,0.00019998000199980003,,,5.496788377561922,8.248658748700592,,paired_dlogppl,,P61_analysis_attempt1,,,,,runs/P61_analysis_attempt1/analysis_p61/P61_ANALYSIS.json,b30d556711fec0ae589a7ac7989a90f9497134d31b31c96b782c461cc45184e7,P61,,P61:mistral7b:wiki:p61_winner_percentile_9999:p61_winner_baseline_absmax,,,163
,,,percentile_9999,0.3726418626364445,0.34104647878860145,235,p61_winner_baseline_absmax,c4,0.3564399314332326,,0.3564399314332326,,,/candidate_summaries/2/winner_contrasts/5,,,P61_ACT_SCALE_CLIP,,p61_winner_percentile_9999,mistral7b,,0.00019998000199980003,,,8.048136905461106,11.494636735539682,,paired_dlogppl,,P61_analysis_attempt1,,,,,runs/P61_analysis_attempt1/analysis_p61/P61_ANALYSIS.json,b30d556711fec0ae589a7ac7989a90f9497134d31b31c96b782c461cc45184e7,P61,,P61:mistral7b:c4:p61_winner_percentile_9999:p61_winner_baseline_absmax,,,256
,,,,0.010343211709219738,0.0025398867879785135,58,four_over_six,wiki,0.006054356895627088,,0.006054356895627088,heldout_quality,,/contrasts/winner_vs_four_over_six/0,,,P71_HELDOUT_PPL,,frozen_winner,granite8b,0.0007999200079992001,0.00019998000199980003,,,5.094843650660476,5.125783217530966,,paired_dlogppl,,P71_analysis_attempt1,,,,,runs/P71_analysis_attempt1/analysis_p71/P71_HELDOUT_PPL_ANALYSIS.json,50e52997b9af72793eec18361a5c9351099498dd70da275d4f5a6f76fdd48022,,,P71:heldout_quality:granite8b:wiki:frozen_winner:four_over_six,,,173
,,,,0.009009648298651418,0.006371044534397827,239,four_over_six,c4,0.0076524033092745065,,0.0076524033092745065,heldout_quality,,/contrasts/winner_vs_four_over_six/1,,,P71_HELDOUT_PPL,,frozen_winner,granite8b,0.0007999200079992001,0.00019998000199980003,,,7.29839700336384,7.354461521304898,,paired_dlogppl,,P71_analysis_attempt1,,,,,runs/P71_analysis_attempt1/analysis_p71/P71_HELDOUT_PPL_ANALYSIS.json,50e52997b9af72793eec18361a5c9351099498dd70da275d4f5a6f76fdd48022,,,P71:heldout_quality:granite8b:c4:frozen_winner:four_over_six,,,256
,,,,-0.0007869835452180225,-0.004746884229865042,55,four_over_six,wiki,-0.0027252996925726924,,-0.0027252996925726924,heldout_quality,,/contrasts/winner_vs_four_over_six/2,,,P71_HELDOUT_PPL,,frozen_winner,falcon3_10b,0.0045995400459954,0.0045995400459954,,,5.603664280541157,5.588413407039903,,paired_dlogppl,,P71_analysis_attempt1,,,,,runs/P71_analysis_attempt1/analysis_p71/P71_HELDOUT_PPL_ANALYSIS.json,50e52997b9af72793eec18361a5c9351099498dd70da275d4f5a6f76fdd48022,,,P71:heldout_quality:falcon3_10b:wiki:frozen_winner:four_over_six,,,163
,,,,-0.003375673766086971,-0.005240837449256174,234,four_over_six,c4,-0.00429428084112637,,-0.00429428084112637,heldout_quality,,/contrasts/winner_vs_four_over_six/3,,,P71_HELDOUT_PPL,,frozen_winner,falcon3_10b,0.0007999200079992001,0.00019998000199980003,,,10.363262635569638,10.318855292425983,,paired_dlogppl,,P71_analysis_attempt1,,,,,runs/P71_analysis_attempt1/analysis_p71/P71_HELDOUT_PPL_ANALYSIS.json,50e52997b9af72793eec18361a5c9351099498dd70da275d4f5a6f76fdd48022,,,P71:heldout_quality:falcon3_10b:c4:frozen_winner:four_over_six,,,256
,,,,0.02377893376206097,0.010573212506851557,58,razer_native_rows,wiki,0.01626227285283636,,0.01626227285283636,heldout_strongest_all_system,,/contrasts/winner_vs_strongest_all_system/0,,,P71_HELDOUT_PPL,,frozen_winner,granite8b,0.0007999200079992001,0.00019998000199980003,,,5.043100459243355,5.125783217530966,,paired_dlogppl,,P71_analysis_attempt1,,,,,runs/P71_analysis_attempt1/analysis_p71/P71_HELDOUT_PPL_ANALYSIS.json,50e52997b9af72793eec18361a5c9351099498dd70da275d4f5a6f76fdd48022,,,P71:heldout_strongest_all_system:granite8b:wiki:frozen_winner:razer_native_rows,,,173
,,,,0.01817861786098735,0.014454906173835826,239,razer_native_rows,c4,0.016252590534601038,,0.016252590534601038,heldout_strongest_all_system,,/contrasts/winner_vs_strongest_all_system/1,,,P71_HELDOUT_PPL,,frozen_winner,granite8b,0.0007999200079992001,0.00019998000199980003,,,7.235898557074885,7.354461521304898,,paired_dlogppl,,P71_analysis_attempt1,,,,,runs/P71_analysis_attempt1/analysis_p71/P71_HELDOUT_PPL_ANALYSIS.json,50e52997b9af72793eec18361a5c9351099498dd70da275d4f5a6f76fdd48022,,,P71:heldout_strongest_all_system:granite8b:c4:frozen_winner:razer_native_rows,,,256
,,,,0.004553744385347692,0.00031304271950871983,55,razer_native_rows,wiki,0.0024051005909690986,,0.0024051005909690986,heldout_strongest_all_system,,/contrasts/winner_vs_strongest_all_system/2,,,P71_HELDOUT_PPL,,frozen_winner,falcon3_10b,0.04839516048395161,0.024197580241975804,,,5.5749888608152744,5.588413407039903,,paired_dlogppl,,P71_analysis_attempt1,,,,,runs/P71_analysis_attempt1/analysis_p71/P71_HELDOUT_PPL_ANALYSIS.json,50e52997b9af72793eec18361a5c9351099498dd70da275d4f5a6f76fdd48022,,,P71:heldout_strongest_all_system:falcon3_10b:wiki:frozen_winner:razer_native_rows,,,163
,,,,0.0013624691592848443,-0.000759195456099016,234,razer_native_rows,c4,0.0003072747863502198,,0.0003072747863502198,heldout_strongest_all_system,,/contrasts/winner_vs_strongest_all_system/3,,,P71_HELDOUT_PPL,,frozen_winner,falcon3_10b,0.563943605639436,0.563943605639436,,,10.31568505546251,10.318855292425983,,paired_dlogppl,,P71_analysis_attempt1,,,,,runs/P71_analysis_attempt1/analysis_p71/P71_HELDOUT_PPL_ANALYSIS.json,50e52997b9af72793eec18361a5c9351099498dd70da275d4f5a6f76fdd48022,,,P71:heldout_strongest_all_system:falcon3_10b:c4:frozen_winner:razer_native_rows,,,256
,,,,0.02229035138703326,0.010256253813211231,58,razer_wonly_shared_act,wiki,0.015458740738882964,,0.015458740738882964,heldout_strongest_shared_activation,,/contrasts/winner_vs_strongest_shared_activation/0,,,P71_HELDOUT_PPL,,frozen_winner,granite8b,0.0007999200079992001,0.00019998000199980003,,,5.047154380926259,5.125783217530966,,paired_dlogppl,,P71_analysis_attempt1,,,,,runs/P71_analysis_attempt1/analysis_p71/P71_HELDOUT_PPL_ANALYSIS.json,50e52997b9af72793eec18361a5c9351099498dd70da275d4f5a6f76fdd48022,,,P71:heldout_strongest_shared_activation:granite8b:wiki:frozen_winner:razer_wonly_shared_act,,,173
,,,,0.017602088592783473,0.013758649876639752,239,razer_wonly_shared_act,c4,0.01559599576895446,,0.01559599576895446,heldout_strongest_shared_activation,,/contrasts/winner_vs_strongest_shared_activation/1,,,P71_HELDOUT_PPL,,frozen_winner,granite8b,0.0007999200079992001,0.00019998000199980003,,,7.240651170291942,7.354461521304898,,paired_dlogppl,,P71_analysis_attempt1,,,,,runs/P71_analysis_attempt1/analysis_p71/P71_HELDOUT_PPL_ANALYSIS.json,50e52997b9af72793eec18361a5c9351099498dd70da275d4f5a6f76fdd48022,,,P71:heldout_strongest_shared_activation:granite8b:c4:frozen_winner:razer_wonly_shared_act,,,256
,,,,0.004406403947398333,-0.0006634735213762319,55,razer_wonly_shared_act,wiki,0.0019232682889600294,,0.0019232682889600294,heldout_strongest_shared_activation,,/contrasts/winner_vs_strongest_shared_activation/2,,,P71_HELDOUT_PPL,,frozen_winner,falcon3_10b,0.2783721627837216,0.14438556144385561,,,5.5776757177870255,5.588413407039903,,paired_dlogppl,,P71_analysis_attempt1,,,,,runs/P71_analysis_attempt1/analysis_p71/P71_HELDOUT_PPL_ANALYSIS.json,50e52997b9af72793eec18361a5c9351099498dd70da275d4f5a6f76fdd48022,,,P71:heldout_strongest_shared_activation:falcon3_10b:wiki:frozen_winner:razer_wonly_shared_act,,,163
,,,,0.0002884220244486259,-0.0019482443348016144,234,razer_wonly_shared_act,c4,-0.0008284778155623422,,-0.0008284778155623422,heldout_strongest_shared_activation,,/contrasts/winner_vs_strongest_shared_activation/3,,,P71_HELDOUT_PPL,,frozen_winner,falcon3_10b,0.2783721627837216,0.1391860813918608,,,10.327407777400603,10.318855292425983,,paired_dlogppl,,P71_analysis_attempt1,,,,,runs/P71_analysis_attempt1/analysis_p71/P71_HELDOUT_PPL_ANALYSIS.json,50e52997b9af72793eec18361a5c9351099498dd70da275d4f5a6f76fdd48022,,,P71:heldout_strongest_shared_activation:falcon3_10b:c4:frozen_winner:razer_wonly_shared_act,,,256
