2026-09-28T17:46:19+00:00 REUSE llama8b_8x64 /home/dev/n16k64_campaign/tm_opt/runs/tc_llama8b_8x64/map.pt sha256=8b412c67d9ea412933ecfe7c8801eeefd72c5ef2d13cc32a59c73b07a2ce195d
2026-09-28T17:46:19+00:00 REUSE llama8b_16x64 /home/dev/n16k64_campaign/tm_opt/runs/tc_llama8b_16x64/map.pt sha256=54070819a774fed61ff7698a25625e9d7762b5560aaf9f18ae4bd8cc11fb5845
2026-09-28T17:46:19+00:00 REUSE llama8b_256x64 /home/dev/n16k64_campaign/tm_opt/runs/tc_llama8b_256x64/map.pt sha256=d498cfbcfa841f3c88c2a367aa2b12fa577eead65e2d2cd7f9f59c9c03b299c6
2026-09-28T17:46:19+00:00 REUSE mistral7b_8x64 /home/dev/n16k64_campaign/tm_opt/runs/tc_mistral7b_8x64/map.pt sha256=8aacdd7706ca96d6fc23702f8da7eb03ae36eb55247fbf0524d5f7d232ab132c
2026-09-28T17:46:19+00:00 REUSE mistral7b_16x64 /home/dev/n16k64_campaign/tm_opt/runs/tc_mistral7b_16x64/map.pt sha256=1216b946ec9f22990c84135f32e24309ae35a1e6706572d4be1392f1b33b673a
2026-09-28T17:46:19+00:00 REUSE mistral7b_256x64 /home/dev/n16k64_campaign/tm_opt/runs/tc_mistral7b_256x64/map.pt sha256=c2fda7115a1f7016087f994912b5ad18fdd353fb2814ecc1d6a769b6fa833757
2026-09-28T17:46:19+00:00 REUSE phi4_8x64 /home/dev/n16k64_campaign/tm_opt/runs/tc_phi4_8x64/map.pt sha256=b361f4059023f8d51beefcf37530e58ff5a88405504f0a3dd496929ace6a99ea
2026-09-28T17:46:19+00:00 REUSE phi4_16x64 /home/dev/n16k64_campaign/tm_opt/runs/tc_phi4_16x64/map.pt sha256=110243a64cd15ee01083870195b5ea10d498be4a86ba1b19f433510f31fa66eb
2026-09-28T17:46:19+00:00 REUSE phi4_256x64 /home/dev/n16k64_campaign/tm_opt/runs/tc_phi4_256x64/map.pt sha256=1bbb6d994f94f213befbe00ea990d96010eb5e32b2b9ea27ea06b694f4fdac7c
2026-09-28T17:46:19+00:00 START 02_export_llama8b_nvfp4 /home/dev/.conda/envs/n16k64/bin/python export_map_artifact.py --model llama8b --data-root /home/dev/n16k64_campaign/cost_comparison/data --kind nvfp4 --ownership --out /home/dev/n16k64_campaign/paper/artifacts/llama8b_nvfp4
2026-09-28T17:47:15+00:00 END 02_export_llama8b_nvfp4 rc=0
2026-09-28T17:47:15+00:00 START 02_ownership_wB_llama8b_nvfp4 /home/dev/.conda/envs/n16k64/bin/python /home/dev/NVFP4-RaZeR/experiments/paper/ownership_wb.py --artifact /home/dev/n16k64_campaign/paper/artifacts/llama8b_nvfp4 --out /home/dev/n16k64_campaign/paper/artifacts/llama8b_nvfp4/ownership_stock_wB.json
2026-09-28T17:47:26+00:00 END 02_ownership_wB_llama8b_nvfp4 rc=0
2026-09-28T17:47:26+00:00 START 02_export_llama8b_fo6 /home/dev/.conda/envs/n16k64/bin/python export_map_artifact.py --model llama8b --data-root /home/dev/n16k64_campaign/cost_comparison/data --kind four_over_six --ownership --out /home/dev/n16k64_campaign/paper/artifacts/llama8b_fo6
2026-09-28T17:48:29+00:00 END 02_export_llama8b_fo6 rc=0
2026-09-28T17:48:29+00:00 START 02_ownership_wB_llama8b_fo6 /home/dev/.conda/envs/n16k64/bin/python /home/dev/NVFP4-RaZeR/experiments/paper/ownership_wb.py --artifact /home/dev/n16k64_campaign/paper/artifacts/llama8b_fo6 --out /home/dev/n16k64_campaign/paper/artifacts/llama8b_fo6/ownership_stock_wB.json
2026-09-28T17:48:40+00:00 END 02_ownership_wB_llama8b_fo6 rc=0
2026-09-28T17:48:40+00:00 START 02_export_llama8b_tc_8x64 /home/dev/.conda/envs/n16k64/bin/python export_map_artifact.py --model llama8b --data-root /home/dev/n16k64_campaign/cost_comparison/data --map /home/dev/n16k64_campaign/paper/maps/llama8b_8x64/map.pt --unit 8x64 --ownership --out /home/dev/n16k64_campaign/paper/artifacts/llama8b_tc_8x64
2026-09-28T17:49:54+00:00 END 02_export_llama8b_tc_8x64 rc=0
2026-09-28T17:49:54+00:00 START 02_export_llama8b_tc_16x64 /home/dev/.conda/envs/n16k64/bin/python export_map_artifact.py --model llama8b --data-root /home/dev/n16k64_campaign/cost_comparison/data --map /home/dev/n16k64_campaign/paper/maps/llama8b_16x64/map.pt --unit 16x64 --ownership --out /home/dev/n16k64_campaign/paper/artifacts/llama8b_tc_16x64
2026-09-28T17:51:09+00:00 END 02_export_llama8b_tc_16x64 rc=0
2026-09-28T17:51:09+00:00 START 02_export_llama8b_tc_256x64 /home/dev/.conda/envs/n16k64/bin/python export_map_artifact.py --model llama8b --data-root /home/dev/n16k64_campaign/cost_comparison/data --map /home/dev/n16k64_campaign/paper/maps/llama8b_256x64/map.pt --unit 256x64 --ownership --out /home/dev/n16k64_campaign/paper/artifacts/llama8b_tc_256x64
2026-09-28T17:52:22+00:00 END 02_export_llama8b_tc_256x64 rc=0
2026-09-28T17:52:22+00:00 START 02_export_mistral7b_nvfp4 /home/dev/.conda/envs/n16k64/bin/python export_map_artifact.py --model mistral7b --data-root /home/dev/n16k64_campaign/multimodel/data --kind nvfp4 --ownership --out /home/dev/n16k64_campaign/paper/artifacts/mistral7b_nvfp4
2026-09-28T17:53:18+00:00 END 02_export_mistral7b_nvfp4 rc=0
2026-09-28T17:53:18+00:00 START 02_ownership_wB_mistral7b_nvfp4 /home/dev/.conda/envs/n16k64/bin/python /home/dev/NVFP4-RaZeR/experiments/paper/ownership_wb.py --artifact /home/dev/n16k64_campaign/paper/artifacts/mistral7b_nvfp4 --out /home/dev/n16k64_campaign/paper/artifacts/mistral7b_nvfp4/ownership_stock_wB.json
2026-09-28T17:53:28+00:00 END 02_ownership_wB_mistral7b_nvfp4 rc=0
2026-09-28T17:53:28+00:00 START 02_export_mistral7b_fo6 /home/dev/.conda/envs/n16k64/bin/python export_map_artifact.py --model mistral7b --data-root /home/dev/n16k64_campaign/multimodel/data --kind four_over_six --ownership --out /home/dev/n16k64_campaign/paper/artifacts/mistral7b_fo6
2026-09-28T17:54:29+00:00 END 02_export_mistral7b_fo6 rc=0
2026-09-28T17:54:29+00:00 START 02_ownership_wB_mistral7b_fo6 /home/dev/.conda/envs/n16k64/bin/python /home/dev/NVFP4-RaZeR/experiments/paper/ownership_wb.py --artifact /home/dev/n16k64_campaign/paper/artifacts/mistral7b_fo6 --out /home/dev/n16k64_campaign/paper/artifacts/mistral7b_fo6/ownership_stock_wB.json
2026-09-28T17:54:39+00:00 END 02_ownership_wB_mistral7b_fo6 rc=0
2026-09-28T17:54:39+00:00 START 02_export_mistral7b_tc_8x64 /home/dev/.conda/envs/n16k64/bin/python export_map_artifact.py --model mistral7b --data-root /home/dev/n16k64_campaign/multimodel/data --map /home/dev/n16k64_campaign/paper/maps/mistral7b_8x64/map.pt --unit 8x64 --ownership --out /home/dev/n16k64_campaign/paper/artifacts/mistral7b_tc_8x64
2026-09-28T17:55:53+00:00 END 02_export_mistral7b_tc_8x64 rc=0
2026-09-28T17:55:53+00:00 START 02_export_mistral7b_tc_16x64 /home/dev/.conda/envs/n16k64/bin/python export_map_artifact.py --model mistral7b --data-root /home/dev/n16k64_campaign/multimodel/data --map /home/dev/n16k64_campaign/paper/maps/mistral7b_16x64/map.pt --unit 16x64 --ownership --out /home/dev/n16k64_campaign/paper/artifacts/mistral7b_tc_16x64
2026-09-28T17:57:08+00:00 END 02_export_mistral7b_tc_16x64 rc=0
2026-09-28T17:57:08+00:00 START 02_export_mistral7b_tc_256x64 /home/dev/.conda/envs/n16k64/bin/python export_map_artifact.py --model mistral7b --data-root /home/dev/n16k64_campaign/multimodel/data --map /home/dev/n16k64_campaign/paper/maps/mistral7b_256x64/map.pt --unit 256x64 --ownership --out /home/dev/n16k64_campaign/paper/artifacts/mistral7b_tc_256x64
2026-09-28T17:58:22+00:00 END 02_export_mistral7b_tc_256x64 rc=0
2026-09-28T17:58:22+00:00 START 02_export_phi4_nvfp4 /home/dev/.conda/envs/n16k64/bin/python export_map_artifact.py --model phi4 --data-root /home/dev/n16k64_campaign/multimodel/data --kind nvfp4 --ownership --out /home/dev/n16k64_campaign/paper/artifacts/phi4_nvfp4
2026-09-28T18:00:09+00:00 END 02_export_phi4_nvfp4 rc=0
2026-09-28T18:00:09+00:00 START 02_ownership_wB_phi4_nvfp4 /home/dev/.conda/envs/n16k64/bin/python /home/dev/NVFP4-RaZeR/experiments/paper/ownership_wb.py --artifact /home/dev/n16k64_campaign/paper/artifacts/phi4_nvfp4 --out /home/dev/n16k64_campaign/paper/artifacts/phi4_nvfp4/ownership_stock_wB.json
2026-09-28T18:00:28+00:00 END 02_ownership_wB_phi4_nvfp4 rc=0
2026-09-28T18:00:28+00:00 START 02_export_phi4_fo6 /home/dev/.conda/envs/n16k64/bin/python export_map_artifact.py --model phi4 --data-root /home/dev/n16k64_campaign/multimodel/data --kind four_over_six --ownership --out /home/dev/n16k64_campaign/paper/artifacts/phi4_fo6
2026-09-28T18:02:36+00:00 END 02_export_phi4_fo6 rc=0
2026-09-28T18:02:36+00:00 START 02_ownership_wB_phi4_fo6 /home/dev/.conda/envs/n16k64/bin/python /home/dev/NVFP4-RaZeR/experiments/paper/ownership_wb.py --artifact /home/dev/n16k64_campaign/paper/artifacts/phi4_fo6 --out /home/dev/n16k64_campaign/paper/artifacts/phi4_fo6/ownership_stock_wB.json
2026-09-28T18:02:56+00:00 END 02_ownership_wB_phi4_fo6 rc=0
2026-09-28T18:02:56+00:00 START 02_export_phi4_tc_8x64 /home/dev/.conda/envs/n16k64/bin/python export_map_artifact.py --model phi4 --data-root /home/dev/n16k64_campaign/multimodel/data --map /home/dev/n16k64_campaign/paper/maps/phi4_8x64/map.pt --unit 8x64 --ownership --out /home/dev/n16k64_campaign/paper/artifacts/phi4_tc_8x64
2026-09-28T18:05:23+00:00 END 02_export_phi4_tc_8x64 rc=0
2026-09-28T18:05:23+00:00 START 02_export_phi4_tc_16x64 /home/dev/.conda/envs/n16k64/bin/python export_map_artifact.py --model phi4 --data-root /home/dev/n16k64_campaign/multimodel/data --map /home/dev/n16k64_campaign/paper/maps/phi4_16x64/map.pt --unit 16x64 --ownership --out /home/dev/n16k64_campaign/paper/artifacts/phi4_tc_16x64
2026-09-28T18:07:47+00:00 END 02_export_phi4_tc_16x64 rc=0
2026-09-28T18:07:47+00:00 START 02_export_phi4_tc_256x64 /home/dev/.conda/envs/n16k64/bin/python export_map_artifact.py --model phi4 --data-root /home/dev/n16k64_campaign/multimodel/data --map /home/dev/n16k64_campaign/paper/maps/phi4_256x64/map.pt --unit 256x64 --ownership --out /home/dev/n16k64_campaign/paper/artifacts/phi4_tc_256x64
2026-09-28T18:10:14+00:00 END 02_export_phi4_tc_256x64 rc=0
2026-09-28T18:10:14+00:00 START 03_ppl_llama8b_bf16 /home/dev/.conda/envs/n16k64/bin/python run_ppl_deploy.py --model llama8b --data-root /home/dev/n16k64_campaign/cost_comparison/data --transformers-deviation --evaluate bf16=bf16 --out /home/dev/n16k64_campaign/paper/ppl/llama8b/bf16
2026-09-28T18:12:31+00:00 END 03_ppl_llama8b_bf16 rc=0
2026-09-28T18:12:31+00:00 START 03_ppl_llama8b_nvfp4 /home/dev/.conda/envs/n16k64/bin/python run_ppl_deploy.py --model llama8b --data-root /home/dev/n16k64_campaign/cost_comparison/data --transformers-deviation --evaluate nvfp4=native:/home/dev/n16k64_campaign/paper/artifacts/llama8b_nvfp4:auto_stock --out /home/dev/n16k64_campaign/paper/ppl/llama8b/nvfp4
2026-09-28T18:14:02+00:00 END 03_ppl_llama8b_nvfp4 rc=0
2026-09-28T18:14:02+00:00 START 03_ppl_llama8b_fo6 /home/dev/.conda/envs/n16k64/bin/python run_ppl_deploy.py --model llama8b --data-root /home/dev/n16k64_campaign/cost_comparison/data --transformers-deviation --evaluate fo6=native:/home/dev/n16k64_campaign/paper/artifacts/llama8b_fo6:auto_stock --out /home/dev/n16k64_campaign/paper/ppl/llama8b/fo6
2026-09-28T18:15:34+00:00 END 03_ppl_llama8b_fo6 rc=0
2026-09-28T18:15:34+00:00 START 03_ppl_llama8b_ours-8x64 /home/dev/.conda/envs/n16k64/bin/python run_ppl_deploy.py --model llama8b --data-root /home/dev/n16k64_campaign/cost_comparison/data --transformers-deviation --evaluate ours-8x64=native:/home/dev/n16k64_campaign/paper/artifacts/llama8b_tc_8x64:n8k64_wB --out /home/dev/n16k64_campaign/paper/ppl/llama8b/ours-8x64
2026-09-28T18:17:06+00:00 END 03_ppl_llama8b_ours-8x64 rc=0
2026-09-28T18:17:06+00:00 START 03_ppl_llama8b_ours-16x64 /home/dev/.conda/envs/n16k64/bin/python run_ppl_deploy.py --model llama8b --data-root /home/dev/n16k64_campaign/cost_comparison/data --transformers-deviation --evaluate ours-16x64=native:/home/dev/n16k64_campaign/paper/artifacts/llama8b_tc_16x64:auto --out /home/dev/n16k64_campaign/paper/ppl/llama8b/ours-16x64
2026-09-28T18:18:35+00:00 END 03_ppl_llama8b_ours-16x64 rc=0
2026-09-28T18:18:35+00:00 START 03_ppl_llama8b_ours-256x64 /home/dev/.conda/envs/n16k64/bin/python run_ppl_deploy.py --model llama8b --data-root /home/dev/n16k64_campaign/cost_comparison/data --transformers-deviation --evaluate ours-256x64=native:/home/dev/n16k64_campaign/paper/artifacts/llama8b_tc_256x64:auto --out /home/dev/n16k64_campaign/paper/ppl/llama8b/ours-256x64
2026-09-28T18:20:07+00:00 END 03_ppl_llama8b_ours-256x64 rc=0
2026-09-28T18:20:07+00:00 START 03_ppl_mistral7b_bf16 /home/dev/.conda/envs/n16k64/bin/python run_ppl_deploy.py --model mistral7b --data-root /home/dev/n16k64_campaign/multimodel/data --evaluate bf16=bf16 --out /home/dev/n16k64_campaign/paper/ppl/mistral7b/bf16
2026-09-28T18:22:17+00:00 END 03_ppl_mistral7b_bf16 rc=0
2026-09-28T18:22:17+00:00 START 03_ppl_mistral7b_nvfp4 /home/dev/.conda/envs/n16k64/bin/python run_ppl_deploy.py --model mistral7b --data-root /home/dev/n16k64_campaign/multimodel/data --evaluate nvfp4=native:/home/dev/n16k64_campaign/paper/artifacts/mistral7b_nvfp4:auto_stock --out /home/dev/n16k64_campaign/paper/ppl/mistral7b/nvfp4
2026-09-28T18:23:42+00:00 END 03_ppl_mistral7b_nvfp4 rc=0
2026-09-28T18:23:42+00:00 START 03_ppl_mistral7b_fo6 /home/dev/.conda/envs/n16k64/bin/python run_ppl_deploy.py --model mistral7b --data-root /home/dev/n16k64_campaign/multimodel/data --evaluate fo6=native:/home/dev/n16k64_campaign/paper/artifacts/mistral7b_fo6:auto_stock --out /home/dev/n16k64_campaign/paper/ppl/mistral7b/fo6
2026-09-28T18:25:04+00:00 END 03_ppl_mistral7b_fo6 rc=0
2026-09-28T18:25:04+00:00 START 03_ppl_mistral7b_ours-8x64 /home/dev/.conda/envs/n16k64/bin/python run_ppl_deploy.py --model mistral7b --data-root /home/dev/n16k64_campaign/multimodel/data --evaluate ours-8x64=native:/home/dev/n16k64_campaign/paper/artifacts/mistral7b_tc_8x64:n8k64_wB --out /home/dev/n16k64_campaign/paper/ppl/mistral7b/ours-8x64
2026-09-28T18:26:28+00:00 END 03_ppl_mistral7b_ours-8x64 rc=0
2026-09-28T18:26:28+00:00 START 03_ppl_mistral7b_ours-16x64 /home/dev/.conda/envs/n16k64/bin/python run_ppl_deploy.py --model mistral7b --data-root /home/dev/n16k64_campaign/multimodel/data --evaluate ours-16x64=native:/home/dev/n16k64_campaign/paper/artifacts/mistral7b_tc_16x64:auto --out /home/dev/n16k64_campaign/paper/ppl/mistral7b/ours-16x64
2026-09-28T18:27:51+00:00 END 03_ppl_mistral7b_ours-16x64 rc=0
2026-09-28T18:27:51+00:00 START 03_ppl_mistral7b_ours-256x64 /home/dev/.conda/envs/n16k64/bin/python run_ppl_deploy.py --model mistral7b --data-root /home/dev/n16k64_campaign/multimodel/data --evaluate ours-256x64=native:/home/dev/n16k64_campaign/paper/artifacts/mistral7b_tc_256x64:auto --out /home/dev/n16k64_campaign/paper/ppl/mistral7b/ours-256x64
2026-09-28T18:29:14+00:00 END 03_ppl_mistral7b_ours-256x64 rc=0
2026-09-28T18:29:14+00:00 START 03_ppl_phi4_bf16 /home/dev/.conda/envs/n16k64/bin/python run_ppl_deploy.py --model phi4 --data-root /home/dev/n16k64_campaign/multimodel/data --evaluate bf16=bf16 --out /home/dev/n16k64_campaign/paper/ppl/phi4/bf16
2026-09-28T18:33:13+00:00 END 03_ppl_phi4_bf16 rc=0
2026-09-28T18:33:13+00:00 START 03_ppl_phi4_nvfp4 /home/dev/.conda/envs/n16k64/bin/python run_ppl_deploy.py --model phi4 --data-root /home/dev/n16k64_campaign/multimodel/data --evaluate nvfp4=native:/home/dev/n16k64_campaign/paper/artifacts/phi4_nvfp4:auto_stock --out /home/dev/n16k64_campaign/paper/ppl/phi4/nvfp4
2026-09-28T18:35:45+00:00 END 03_ppl_phi4_nvfp4 rc=0
2026-09-28T18:35:45+00:00 START 03_ppl_phi4_fo6 /home/dev/.conda/envs/n16k64/bin/python run_ppl_deploy.py --model phi4 --data-root /home/dev/n16k64_campaign/multimodel/data --evaluate fo6=native:/home/dev/n16k64_campaign/paper/artifacts/phi4_fo6:auto_stock --out /home/dev/n16k64_campaign/paper/ppl/phi4/fo6
2026-09-28T18:38:17+00:00 END 03_ppl_phi4_fo6 rc=0
2026-09-28T18:38:17+00:00 START 03_ppl_phi4_ours-8x64 /home/dev/.conda/envs/n16k64/bin/python run_ppl_deploy.py --model phi4 --data-root /home/dev/n16k64_campaign/multimodel/data --evaluate ours-8x64=native:/home/dev/n16k64_campaign/paper/artifacts/phi4_tc_8x64:n8k64_wB --out /home/dev/n16k64_campaign/paper/ppl/phi4/ours-8x64
2026-09-28T18:40:53+00:00 END 03_ppl_phi4_ours-8x64 rc=0
2026-09-28T18:40:53+00:00 START 03_ppl_phi4_ours-16x64 /home/dev/.conda/envs/n16k64/bin/python run_ppl_deploy.py --model phi4 --data-root /home/dev/n16k64_campaign/multimodel/data --evaluate ours-16x64=native:/home/dev/n16k64_campaign/paper/artifacts/phi4_tc_16x64:auto --out /home/dev/n16k64_campaign/paper/ppl/phi4/ours-16x64
2026-09-28T18:43:27+00:00 END 03_ppl_phi4_ours-16x64 rc=0
2026-09-28T18:43:27+00:00 START 03_ppl_phi4_ours-256x64 /home/dev/.conda/envs/n16k64/bin/python run_ppl_deploy.py --model phi4 --data-root /home/dev/n16k64_campaign/multimodel/data --evaluate ours-256x64=native:/home/dev/n16k64_campaign/paper/artifacts/phi4_tc_256x64:auto --out /home/dev/n16k64_campaign/paper/ppl/phi4/ours-256x64
2026-09-28T18:46:01+00:00 END 03_ppl_phi4_ours-256x64 rc=0
2026-09-28T18:46:01+00:00 START 04_lmeval_llama8b_bf16 /home/dev/.conda/envs/n16k64/bin/python run_lmeval_deploy.py --model llama8b --data-root /home/dev/n16k64_campaign/cost_comparison/data --transformers-deviation --evaluate bf16=bf16 --tasks mmlu,arc_challenge,arc_easy,hellaswag,piqa --batch-size 16 --num-fewshot mmlu=5 --out /home/dev/n16k64_campaign/paper/lmeval/llama8b/bf16
2026-09-28T19:08:13+00:00 END 04_lmeval_llama8b_bf16 rc=0
2026-09-28T19:08:13+00:00 START 04_lmeval_llama8b_nvfp4 /home/dev/.conda/envs/n16k64/bin/python run_lmeval_deploy.py --model llama8b --data-root /home/dev/n16k64_campaign/cost_comparison/data --transformers-deviation --evaluate nvfp4=native:/home/dev/n16k64_campaign/paper/artifacts/llama8b_nvfp4:auto_stock --tasks mmlu,arc_challenge,arc_easy,hellaswag,piqa --batch-size 16 --num-fewshot mmlu=5 --out /home/dev/n16k64_campaign/paper/lmeval/llama8b/nvfp4
2026-09-28T19:22:29+00:00 END 04_lmeval_llama8b_nvfp4 rc=0
2026-09-28T19:22:29+00:00 START 04_lmeval_llama8b_fo6 /home/dev/.conda/envs/n16k64/bin/python run_lmeval_deploy.py --model llama8b --data-root /home/dev/n16k64_campaign/cost_comparison/data --transformers-deviation --evaluate fo6=native:/home/dev/n16k64_campaign/paper/artifacts/llama8b_fo6:auto_stock --tasks mmlu,arc_challenge,arc_easy,hellaswag,piqa --batch-size 16 --num-fewshot mmlu=5 --out /home/dev/n16k64_campaign/paper/lmeval/llama8b/fo6
2026-09-28T19:36:43+00:00 END 04_lmeval_llama8b_fo6 rc=0
2026-09-28T19:36:43+00:00 START 04_lmeval_llama8b_ours-8x64 /home/dev/.conda/envs/n16k64/bin/python run_lmeval_deploy.py --model llama8b --data-root /home/dev/n16k64_campaign/cost_comparison/data --transformers-deviation --evaluate ours-8x64=native:/home/dev/n16k64_campaign/paper/artifacts/llama8b_tc_8x64:n8k64_wB --tasks mmlu,arc_challenge,arc_easy,hellaswag,piqa --batch-size 16 --num-fewshot mmlu=5 --out /home/dev/n16k64_campaign/paper/lmeval/llama8b/ours-8x64
2026-09-28T19:51:20+00:00 END 04_lmeval_llama8b_ours-8x64 rc=0
2026-09-28T19:51:21+00:00 START 04_lmeval_llama8b_ours-16x64 /home/dev/.conda/envs/n16k64/bin/python run_lmeval_deploy.py --model llama8b --data-root /home/dev/n16k64_campaign/cost_comparison/data --transformers-deviation --evaluate ours-16x64=native:/home/dev/n16k64_campaign/paper/artifacts/llama8b_tc_16x64:auto --tasks mmlu,arc_challenge,arc_easy,hellaswag,piqa --batch-size 16 --num-fewshot mmlu=5 --out /home/dev/n16k64_campaign/paper/lmeval/llama8b/ours-16x64
2026-09-28T20:05:38+00:00 END 04_lmeval_llama8b_ours-16x64 rc=0
2026-09-28T20:05:38+00:00 START 04_lmeval_llama8b_ours-256x64 /home/dev/.conda/envs/n16k64/bin/python run_lmeval_deploy.py --model llama8b --data-root /home/dev/n16k64_campaign/cost_comparison/data --transformers-deviation --evaluate ours-256x64=native:/home/dev/n16k64_campaign/paper/artifacts/llama8b_tc_256x64:auto --tasks mmlu,arc_challenge,arc_easy,hellaswag,piqa --batch-size 16 --num-fewshot mmlu=5 --out /home/dev/n16k64_campaign/paper/lmeval/llama8b/ours-256x64
2026-09-28T20:20:05+00:00 END 04_lmeval_llama8b_ours-256x64 rc=0
2026-09-28T20:20:05+00:00 START 04_lmeval_mistral7b_bf16 /home/dev/.conda/envs/n16k64/bin/python run_lmeval_deploy.py --model mistral7b --data-root /home/dev/n16k64_campaign/multimodel/data --evaluate bf16=bf16 --tasks mmlu,arc_challenge,arc_easy,hellaswag,piqa --batch-size 16 --num-fewshot mmlu=5 --out /home/dev/n16k64_campaign/paper/lmeval/mistral7b/bf16
2026-09-28T20:43:05+00:00 END 04_lmeval_mistral7b_bf16 rc=0
2026-09-28T20:43:05+00:00 START 04_lmeval_mistral7b_nvfp4 /home/dev/.conda/envs/n16k64/bin/python run_lmeval_deploy.py --model mistral7b --data-root /home/dev/n16k64_campaign/multimodel/data --evaluate nvfp4=native:/home/dev/n16k64_campaign/paper/artifacts/mistral7b_nvfp4:auto_stock --tasks mmlu,arc_challenge,arc_easy,hellaswag,piqa --batch-size 16 --num-fewshot mmlu=5 --out /home/dev/n16k64_campaign/paper/lmeval/mistral7b/nvfp4
2026-09-28T20:57:03+00:00 END 04_lmeval_mistral7b_nvfp4 rc=0
2026-09-28T20:57:04+00:00 START 04_lmeval_mistral7b_fo6 /home/dev/.conda/envs/n16k64/bin/python run_lmeval_deploy.py --model mistral7b --data-root /home/dev/n16k64_campaign/multimodel/data --evaluate fo6=native:/home/dev/n16k64_campaign/paper/artifacts/mistral7b_fo6:auto_stock --tasks mmlu,arc_challenge,arc_easy,hellaswag,piqa --batch-size 16 --num-fewshot mmlu=5 --out /home/dev/n16k64_campaign/paper/lmeval/mistral7b/fo6
2026-09-28T21:11:05+00:00 END 04_lmeval_mistral7b_fo6 rc=0
2026-09-28T21:11:05+00:00 START 04_lmeval_mistral7b_ours-8x64 /home/dev/.conda/envs/n16k64/bin/python run_lmeval_deploy.py --model mistral7b --data-root /home/dev/n16k64_campaign/multimodel/data --evaluate ours-8x64=native:/home/dev/n16k64_campaign/paper/artifacts/mistral7b_tc_8x64:n8k64_wB --tasks mmlu,arc_challenge,arc_easy,hellaswag,piqa --batch-size 16 --num-fewshot mmlu=5 --out /home/dev/n16k64_campaign/paper/lmeval/mistral7b/ours-8x64
2026-09-28T21:25:31+00:00 END 04_lmeval_mistral7b_ours-8x64 rc=0
2026-09-28T21:25:31+00:00 START 04_lmeval_mistral7b_ours-16x64 /home/dev/.conda/envs/n16k64/bin/python run_lmeval_deploy.py --model mistral7b --data-root /home/dev/n16k64_campaign/multimodel/data --evaluate ours-16x64=native:/home/dev/n16k64_campaign/paper/artifacts/mistral7b_tc_16x64:auto --tasks mmlu,arc_challenge,arc_easy,hellaswag,piqa --batch-size 16 --num-fewshot mmlu=5 --out /home/dev/n16k64_campaign/paper/lmeval/mistral7b/ours-16x64
2026-09-28T21:39:37+00:00 END 04_lmeval_mistral7b_ours-16x64 rc=0
2026-09-28T21:39:37+00:00 START 04_lmeval_mistral7b_ours-256x64 /home/dev/.conda/envs/n16k64/bin/python run_lmeval_deploy.py --model mistral7b --data-root /home/dev/n16k64_campaign/multimodel/data --evaluate ours-256x64=native:/home/dev/n16k64_campaign/paper/artifacts/mistral7b_tc_256x64:auto --tasks mmlu,arc_challenge,arc_easy,hellaswag,piqa --batch-size 16 --num-fewshot mmlu=5 --out /home/dev/n16k64_campaign/paper/lmeval/mistral7b/ours-256x64
2026-09-28T21:53:43+00:00 END 04_lmeval_mistral7b_ours-256x64 rc=0
2026-09-28T21:53:43+00:00 START 04_lmeval_phi4_bf16 /home/dev/.conda/envs/n16k64/bin/python run_lmeval_deploy.py --model phi4 --data-root /home/dev/n16k64_campaign/multimodel/data --evaluate bf16=bf16 --tasks mmlu,arc_challenge,arc_easy,hellaswag,piqa --batch-size 16 --num-fewshot mmlu=5 --out /home/dev/n16k64_campaign/paper/lmeval/phi4/bf16
2026-09-28T22:29:46+00:00 END 04_lmeval_phi4_bf16 rc=0
2026-09-28T22:29:46+00:00 START 04_lmeval_phi4_nvfp4 /home/dev/.conda/envs/n16k64/bin/python run_lmeval_deploy.py --model phi4 --data-root /home/dev/n16k64_campaign/multimodel/data --evaluate nvfp4=native:/home/dev/n16k64_campaign/paper/artifacts/phi4_nvfp4:auto_stock --tasks mmlu,arc_challenge,arc_easy,hellaswag,piqa --batch-size 16 --num-fewshot mmlu=5 --out /home/dev/n16k64_campaign/paper/lmeval/phi4/nvfp4
2026-09-28T22:50:18+00:00 END 04_lmeval_phi4_nvfp4 rc=0
2026-09-28T22:50:18+00:00 START 04_lmeval_phi4_fo6 /home/dev/.conda/envs/n16k64/bin/python run_lmeval_deploy.py --model phi4 --data-root /home/dev/n16k64_campaign/multimodel/data --evaluate fo6=native:/home/dev/n16k64_campaign/paper/artifacts/phi4_fo6:auto_stock --tasks mmlu,arc_challenge,arc_easy,hellaswag,piqa --batch-size 16 --num-fewshot mmlu=5 --out /home/dev/n16k64_campaign/paper/lmeval/phi4/fo6
2026-09-28T23:10:52+00:00 END 04_lmeval_phi4_fo6 rc=0
2026-09-28T23:10:52+00:00 START 04_lmeval_phi4_ours-8x64 /home/dev/.conda/envs/n16k64/bin/python run_lmeval_deploy.py --model phi4 --data-root /home/dev/n16k64_campaign/multimodel/data --evaluate ours-8x64=native:/home/dev/n16k64_campaign/paper/artifacts/phi4_tc_8x64:n8k64_wB --tasks mmlu,arc_challenge,arc_easy,hellaswag,piqa --batch-size 16 --num-fewshot mmlu=5 --out /home/dev/n16k64_campaign/paper/lmeval/phi4/ours-8x64
2026-09-28T23:32:10+00:00 END 04_lmeval_phi4_ours-8x64 rc=0
2026-09-28T23:32:10+00:00 START 04_lmeval_phi4_ours-16x64 /home/dev/.conda/envs/n16k64/bin/python run_lmeval_deploy.py --model phi4 --data-root /home/dev/n16k64_campaign/multimodel/data --evaluate ours-16x64=native:/home/dev/n16k64_campaign/paper/artifacts/phi4_tc_16x64:auto --tasks mmlu,arc_challenge,arc_easy,hellaswag,piqa --batch-size 16 --num-fewshot mmlu=5 --out /home/dev/n16k64_campaign/paper/lmeval/phi4/ours-16x64
2026-09-28T23:52:54+00:00 END 04_lmeval_phi4_ours-16x64 rc=0
2026-09-28T23:52:54+00:00 START 04_lmeval_phi4_ours-256x64 /home/dev/.conda/envs/n16k64/bin/python run_lmeval_deploy.py --model phi4 --data-root /home/dev/n16k64_campaign/multimodel/data --evaluate ours-256x64=native:/home/dev/n16k64_campaign/paper/artifacts/phi4_tc_256x64:auto --tasks mmlu,arc_challenge,arc_easy,hellaswag,piqa --batch-size 16 --num-fewshot mmlu=5 --out /home/dev/n16k64_campaign/paper/lmeval/phi4/ours-256x64
2026-09-29T00:13:41+00:00 END 04_lmeval_phi4_ours-256x64 rc=0
2026-09-29T00:13:41+00:00 05 llama8b round 1 order ours-8x64,bf16,ours-256x64,fo6,ours-256x64-nvfp4act,nvfp4-wB,nvfp4,ours-16x64,fo6-wB,ours-16x64-nvfp4act,ours-8x64-nvfp4act (seed 20260929)
2026-09-29T00:13:41+00:00 START 05_prefill_llama8b_ours-8x64_r1 /home/dev/.conda/envs/n16k64/bin/python /home/dev/NVFP4-RaZeR/experiments/paper/bench_prefill.py --model llama8b --label ours-8x64 --round 1 --shapes 1x128,1x256,1x512,1x1024,1x2048,1x4096,1x8192,4x2048 --reps 7 --out /home/dev/n16k64_campaign/paper/latency/llama8b/ours-8x64/round1.json --artifact /home/dev/n16k64_campaign/paper/artifacts/llama8b_tc_8x64 --kernel n8k64_wB
2026-09-29T00:14:19+00:00 END 05_prefill_llama8b_ours-8x64_r1 rc=0
2026-09-29T00:14:19+00:00 START 05_prefill_llama8b_bf16_r1 /home/dev/.conda/envs/n16k64/bin/python /home/dev/NVFP4-RaZeR/experiments/paper/bench_prefill.py --model llama8b --label bf16 --round 1 --shapes 1x128,1x256,1x512,1x1024,1x2048,1x4096,1x8192,4x2048 --reps 7 --out /home/dev/n16k64_campaign/paper/latency/llama8b/bf16/round1.json
2026-09-29T00:15:10+00:00 END 05_prefill_llama8b_bf16_r1 rc=0
2026-09-29T00:15:10+00:00 START 05_prefill_llama8b_ours-256x64_r1 /home/dev/.conda/envs/n16k64/bin/python /home/dev/NVFP4-RaZeR/experiments/paper/bench_prefill.py --model llama8b --label ours-256x64 --round 1 --shapes 1x128,1x256,1x512,1x1024,1x2048,1x4096,1x8192,4x2048 --reps 7 --out /home/dev/n16k64_campaign/paper/latency/llama8b/ours-256x64/round1.json --artifact /home/dev/n16k64_campaign/paper/artifacts/llama8b_tc_256x64 --kernel auto
2026-09-29T00:15:47+00:00 END 05_prefill_llama8b_ours-256x64_r1 rc=0
2026-09-29T00:15:47+00:00 START 05_prefill_llama8b_fo6_r1 /home/dev/.conda/envs/n16k64/bin/python /home/dev/NVFP4-RaZeR/experiments/paper/bench_prefill.py --model llama8b --label fo6 --round 1 --shapes 1x128,1x256,1x512,1x1024,1x2048,1x4096,1x8192,4x2048 --reps 7 --out /home/dev/n16k64_campaign/paper/latency/llama8b/fo6/round1.json --artifact /home/dev/n16k64_campaign/paper/artifacts/llama8b_fo6 --kernel auto_stock
2026-09-29T00:16:23+00:00 END 05_prefill_llama8b_fo6_r1 rc=0
2026-09-29T00:16:23+00:00 START 05_prefill_llama8b_ours-256x64-nvfp4act_r1 /home/dev/.conda/envs/n16k64/bin/python /home/dev/NVFP4-RaZeR/experiments/paper/bench_prefill.py --model llama8b --label ours-256x64-nvfp4act --round 1 --shapes 1x128,1x256,1x512,1x1024,1x2048,1x4096,1x8192,4x2048 --reps 7 --out /home/dev/n16k64_campaign/paper/latency/llama8b/ours-256x64-nvfp4act/round1.json --artifact /home/dev/n16k64_campaign/paper/artifacts/llama8b_tc_256x64 --kernel auto --act-override nvfp4_rows
2026-09-29T00:17:00+00:00 END 05_prefill_llama8b_ours-256x64-nvfp4act_r1 rc=0
2026-09-29T00:17:00+00:00 START 05_prefill_llama8b_nvfp4-wB_r1 /home/dev/.conda/envs/n16k64/bin/python /home/dev/NVFP4-RaZeR/experiments/paper/bench_prefill.py --model llama8b --label nvfp4-wB --round 1 --shapes 1x128,1x256,1x512,1x1024,1x2048,1x4096,1x8192,4x2048 --reps 7 --out /home/dev/n16k64_campaign/paper/latency/llama8b/nvfp4-wB/round1.json --artifact /home/dev/n16k64_campaign/paper/artifacts/llama8b_nvfp4 --kernel stock_wB
2026-09-29T00:17:36+00:00 END 05_prefill_llama8b_nvfp4-wB_r1 rc=0
2026-09-29T00:17:36+00:00 START 05_prefill_llama8b_nvfp4_r1 /home/dev/.conda/envs/n16k64/bin/python /home/dev/NVFP4-RaZeR/experiments/paper/bench_prefill.py --model llama8b --label nvfp4 --round 1 --shapes 1x128,1x256,1x512,1x1024,1x2048,1x4096,1x8192,4x2048 --reps 7 --out /home/dev/n16k64_campaign/paper/latency/llama8b/nvfp4/round1.json --artifact /home/dev/n16k64_campaign/paper/artifacts/llama8b_nvfp4 --kernel auto_stock
2026-09-29T00:18:12+00:00 END 05_prefill_llama8b_nvfp4_r1 rc=0
2026-09-29T00:18:12+00:00 START 05_prefill_llama8b_ours-16x64_r1 /home/dev/.conda/envs/n16k64/bin/python /home/dev/NVFP4-RaZeR/experiments/paper/bench_prefill.py --model llama8b --label ours-16x64 --round 1 --shapes 1x128,1x256,1x512,1x1024,1x2048,1x4096,1x8192,4x2048 --reps 7 --out /home/dev/n16k64_campaign/paper/latency/llama8b/ours-16x64/round1.json --artifact /home/dev/n16k64_campaign/paper/artifacts/llama8b_tc_16x64 --kernel auto
2026-09-29T00:18:49+00:00 END 05_prefill_llama8b_ours-16x64_r1 rc=0
2026-09-29T00:18:49+00:00 START 05_prefill_llama8b_fo6-wB_r1 /home/dev/.conda/envs/n16k64/bin/python /home/dev/NVFP4-RaZeR/experiments/paper/bench_prefill.py --model llama8b --label fo6-wB --round 1 --shapes 1x128,1x256,1x512,1x1024,1x2048,1x4096,1x8192,4x2048 --reps 7 --out /home/dev/n16k64_campaign/paper/latency/llama8b/fo6-wB/round1.json --artifact /home/dev/n16k64_campaign/paper/artifacts/llama8b_fo6 --kernel stock_wB
2026-09-29T00:19:25+00:00 END 05_prefill_llama8b_fo6-wB_r1 rc=0
2026-09-29T00:19:25+00:00 START 05_prefill_llama8b_ours-16x64-nvfp4act_r1 /home/dev/.conda/envs/n16k64/bin/python /home/dev/NVFP4-RaZeR/experiments/paper/bench_prefill.py --model llama8b --label ours-16x64-nvfp4act --round 1 --shapes 1x128,1x256,1x512,1x1024,1x2048,1x4096,1x8192,4x2048 --reps 7 --out /home/dev/n16k64_campaign/paper/latency/llama8b/ours-16x64-nvfp4act/round1.json --artifact /home/dev/n16k64_campaign/paper/artifacts/llama8b_tc_16x64 --kernel auto --act-override nvfp4_rows
2026-09-29T00:20:01+00:00 END 05_prefill_llama8b_ours-16x64-nvfp4act_r1 rc=0
2026-09-29T00:20:01+00:00 START 05_prefill_llama8b_ours-8x64-nvfp4act_r1 /home/dev/.conda/envs/n16k64/bin/python /home/dev/NVFP4-RaZeR/experiments/paper/bench_prefill.py --model llama8b --label ours-8x64-nvfp4act --round 1 --shapes 1x128,1x256,1x512,1x1024,1x2048,1x4096,1x8192,4x2048 --reps 7 --out /home/dev/n16k64_campaign/paper/latency/llama8b/ours-8x64-nvfp4act/round1.json --artifact /home/dev/n16k64_campaign/paper/artifacts/llama8b_tc_8x64 --kernel n8k64_wB --act-override nvfp4_rows
2026-09-29T00:20:39+00:00 END 05_prefill_llama8b_ours-8x64-nvfp4act_r1 rc=0
2026-09-29T00:20:39+00:00 05 llama8b round 2 order fo6,nvfp4,ours-256x64,bf16,ours-16x64-nvfp4act,ours-256x64-nvfp4act,ours-8x64,fo6-wB,nvfp4-wB,ours-8x64-nvfp4act,ours-16x64 (seed 20260930)
2026-09-29T00:20:39+00:00 START 05_prefill_llama8b_fo6_r2 /home/dev/.conda/envs/n16k64/bin/python /home/dev/NVFP4-RaZeR/experiments/paper/bench_prefill.py --model llama8b --label fo6 --round 2 --shapes 1x128,1x256,1x512,1x1024,1x2048,1x4096,1x8192,4x2048 --reps 7 --out /home/dev/n16k64_campaign/paper/latency/llama8b/fo6/round2.json --artifact /home/dev/n16k64_campaign/paper/artifacts/llama8b_fo6 --kernel auto_stock
2026-09-29T00:21:15+00:00 END 05_prefill_llama8b_fo6_r2 rc=0
2026-09-29T00:21:15+00:00 START 05_prefill_llama8b_nvfp4_r2 /home/dev/.conda/envs/n16k64/bin/python /home/dev/NVFP4-RaZeR/experiments/paper/bench_prefill.py --model llama8b --label nvfp4 --round 2 --shapes 1x128,1x256,1x512,1x1024,1x2048,1x4096,1x8192,4x2048 --reps 7 --out /home/dev/n16k64_campaign/paper/latency/llama8b/nvfp4/round2.json --artifact /home/dev/n16k64_campaign/paper/artifacts/llama8b_nvfp4 --kernel auto_stock
2026-09-29T00:21:51+00:00 END 05_prefill_llama8b_nvfp4_r2 rc=0
2026-09-29T00:21:51+00:00 START 05_prefill_llama8b_ours-256x64_r2 /home/dev/.conda/envs/n16k64/bin/python /home/dev/NVFP4-RaZeR/experiments/paper/bench_prefill.py --model llama8b --label ours-256x64 --round 2 --shapes 1x128,1x256,1x512,1x1024,1x2048,1x4096,1x8192,4x2048 --reps 7 --out /home/dev/n16k64_campaign/paper/latency/llama8b/ours-256x64/round2.json --artifact /home/dev/n16k64_campaign/paper/artifacts/llama8b_tc_256x64 --kernel auto
2026-09-29T00:22:28+00:00 END 05_prefill_llama8b_ours-256x64_r2 rc=0
2026-09-29T00:22:28+00:00 START 05_prefill_llama8b_bf16_r2 /home/dev/.conda/envs/n16k64/bin/python /home/dev/NVFP4-RaZeR/experiments/paper/bench_prefill.py --model llama8b --label bf16 --round 2 --shapes 1x128,1x256,1x512,1x1024,1x2048,1x4096,1x8192,4x2048 --reps 7 --out /home/dev/n16k64_campaign/paper/latency/llama8b/bf16/round2.json
2026-09-29T00:23:20+00:00 END 05_prefill_llama8b_bf16_r2 rc=0
2026-09-29T00:23:20+00:00 START 05_prefill_llama8b_ours-16x64-nvfp4act_r2 /home/dev/.conda/envs/n16k64/bin/python /home/dev/NVFP4-RaZeR/experiments/paper/bench_prefill.py --model llama8b --label ours-16x64-nvfp4act --round 2 --shapes 1x128,1x256,1x512,1x1024,1x2048,1x4096,1x8192,4x2048 --reps 7 --out /home/dev/n16k64_campaign/paper/latency/llama8b/ours-16x64-nvfp4act/round2.json --artifact /home/dev/n16k64_campaign/paper/artifacts/llama8b_tc_16x64 --kernel auto --act-override nvfp4_rows
2026-09-29T00:23:56+00:00 END 05_prefill_llama8b_ours-16x64-nvfp4act_r2 rc=0
2026-09-29T00:23:56+00:00 START 05_prefill_llama8b_ours-256x64-nvfp4act_r2 /home/dev/.conda/envs/n16k64/bin/python /home/dev/NVFP4-RaZeR/experiments/paper/bench_prefill.py --model llama8b --label ours-256x64-nvfp4act --round 2 --shapes 1x128,1x256,1x512,1x1024,1x2048,1x4096,1x8192,4x2048 --reps 7 --out /home/dev/n16k64_campaign/paper/latency/llama8b/ours-256x64-nvfp4act/round2.json --artifact /home/dev/n16k64_campaign/paper/artifacts/llama8b_tc_256x64 --kernel auto --act-override nvfp4_rows
2026-09-29T00:24:33+00:00 END 05_prefill_llama8b_ours-256x64-nvfp4act_r2 rc=0
2026-09-29T00:24:33+00:00 START 05_prefill_llama8b_ours-8x64_r2 /home/dev/.conda/envs/n16k64/bin/python /home/dev/NVFP4-RaZeR/experiments/paper/bench_prefill.py --model llama8b --label ours-8x64 --round 2 --shapes 1x128,1x256,1x512,1x1024,1x2048,1x4096,1x8192,4x2048 --reps 7 --out /home/dev/n16k64_campaign/paper/latency/llama8b/ours-8x64/round2.json --artifact /home/dev/n16k64_campaign/paper/artifacts/llama8b_tc_8x64 --kernel n8k64_wB
2026-09-29T00:25:11+00:00 END 05_prefill_llama8b_ours-8x64_r2 rc=0
2026-09-29T00:25:11+00:00 START 05_prefill_llama8b_fo6-wB_r2 /home/dev/.conda/envs/n16k64/bin/python /home/dev/NVFP4-RaZeR/experiments/paper/bench_prefill.py --model llama8b --label fo6-wB --round 2 --shapes 1x128,1x256,1x512,1x1024,1x2048,1x4096,1x8192,4x2048 --reps 7 --out /home/dev/n16k64_campaign/paper/latency/llama8b/fo6-wB/round2.json --artifact /home/dev/n16k64_campaign/paper/artifacts/llama8b_fo6 --kernel stock_wB
2026-09-29T00:25:47+00:00 END 05_prefill_llama8b_fo6-wB_r2 rc=0
2026-09-29T00:25:47+00:00 START 05_prefill_llama8b_nvfp4-wB_r2 /home/dev/.conda/envs/n16k64/bin/python /home/dev/NVFP4-RaZeR/experiments/paper/bench_prefill.py --model llama8b --label nvfp4-wB --round 2 --shapes 1x128,1x256,1x512,1x1024,1x2048,1x4096,1x8192,4x2048 --reps 7 --out /home/dev/n16k64_campaign/paper/latency/llama8b/nvfp4-wB/round2.json --artifact /home/dev/n16k64_campaign/paper/artifacts/llama8b_nvfp4 --kernel stock_wB
2026-09-29T00:26:23+00:00 END 05_prefill_llama8b_nvfp4-wB_r2 rc=0
2026-09-29T00:26:23+00:00 START 05_prefill_llama8b_ours-8x64-nvfp4act_r2 /home/dev/.conda/envs/n16k64/bin/python /home/dev/NVFP4-RaZeR/experiments/paper/bench_prefill.py --model llama8b --label ours-8x64-nvfp4act --round 2 --shapes 1x128,1x256,1x512,1x1024,1x2048,1x4096,1x8192,4x2048 --reps 7 --out /home/dev/n16k64_campaign/paper/latency/llama8b/ours-8x64-nvfp4act/round2.json --artifact /home/dev/n16k64_campaign/paper/artifacts/llama8b_tc_8x64 --kernel n8k64_wB --act-override nvfp4_rows
2026-09-29T00:27:00+00:00 END 05_prefill_llama8b_ours-8x64-nvfp4act_r2 rc=0
2026-09-29T00:27:00+00:00 START 05_prefill_llama8b_ours-16x64_r2 /home/dev/.conda/envs/n16k64/bin/python /home/dev/NVFP4-RaZeR/experiments/paper/bench_prefill.py --model llama8b --label ours-16x64 --round 2 --shapes 1x128,1x256,1x512,1x1024,1x2048,1x4096,1x8192,4x2048 --reps 7 --out /home/dev/n16k64_campaign/paper/latency/llama8b/ours-16x64/round2.json --artifact /home/dev/n16k64_campaign/paper/artifacts/llama8b_tc_16x64 --kernel auto
2026-09-29T00:27:37+00:00 END 05_prefill_llama8b_ours-16x64_r2 rc=0
2026-09-29T00:27:37+00:00 05 llama8b round 3 order ours-8x64-nvfp4act,ours-16x64-nvfp4act,ours-256x64,nvfp4-wB,ours-16x64,ours-8x64,bf16,nvfp4,fo6-wB,ours-256x64-nvfp4act,fo6 (seed 20260931)
2026-09-29T00:27:37+00:00 START 05_prefill_llama8b_ours-8x64-nvfp4act_r3 /home/dev/.conda/envs/n16k64/bin/python /home/dev/NVFP4-RaZeR/experiments/paper/bench_prefill.py --model llama8b --label ours-8x64-nvfp4act --round 3 --shapes 1x128,1x256,1x512,1x1024,1x2048,1x4096,1x8192,4x2048 --reps 7 --out /home/dev/n16k64_campaign/paper/latency/llama8b/ours-8x64-nvfp4act/round3.json --artifact /home/dev/n16k64_campaign/paper/artifacts/llama8b_tc_8x64 --kernel n8k64_wB --act-override nvfp4_rows
2026-09-29T00:28:14+00:00 END 05_prefill_llama8b_ours-8x64-nvfp4act_r3 rc=0
2026-09-29T00:28:14+00:00 START 05_prefill_llama8b_ours-16x64-nvfp4act_r3 /home/dev/.conda/envs/n16k64/bin/python /home/dev/NVFP4-RaZeR/experiments/paper/bench_prefill.py --model llama8b --label ours-16x64-nvfp4act --round 3 --shapes 1x128,1x256,1x512,1x1024,1x2048,1x4096,1x8192,4x2048 --reps 7 --out /home/dev/n16k64_campaign/paper/latency/llama8b/ours-16x64-nvfp4act/round3.json --artifact /home/dev/n16k64_campaign/paper/artifacts/llama8b_tc_16x64 --kernel auto --act-override nvfp4_rows
2026-09-29T00:28:50+00:00 END 05_prefill_llama8b_ours-16x64-nvfp4act_r3 rc=0
2026-09-29T00:28:50+00:00 START 05_prefill_llama8b_ours-256x64_r3 /home/dev/.conda/envs/n16k64/bin/python /home/dev/NVFP4-RaZeR/experiments/paper/bench_prefill.py --model llama8b --label ours-256x64 --round 3 --shapes 1x128,1x256,1x512,1x1024,1x2048,1x4096,1x8192,4x2048 --reps 7 --out /home/dev/n16k64_campaign/paper/latency/llama8b/ours-256x64/round3.json --artifact /home/dev/n16k64_campaign/paper/artifacts/llama8b_tc_256x64 --kernel auto
2026-09-29T00:29:27+00:00 END 05_prefill_llama8b_ours-256x64_r3 rc=0
2026-09-29T00:29:27+00:00 START 05_prefill_llama8b_nvfp4-wB_r3 /home/dev/.conda/envs/n16k64/bin/python /home/dev/NVFP4-RaZeR/experiments/paper/bench_prefill.py --model llama8b --label nvfp4-wB --round 3 --shapes 1x128,1x256,1x512,1x1024,1x2048,1x4096,1x8192,4x2048 --reps 7 --out /home/dev/n16k64_campaign/paper/latency/llama8b/nvfp4-wB/round3.json --artifact /home/dev/n16k64_campaign/paper/artifacts/llama8b_nvfp4 --kernel stock_wB
2026-09-29T00:30:03+00:00 END 05_prefill_llama8b_nvfp4-wB_r3 rc=0
2026-09-29T00:30:03+00:00 START 05_prefill_llama8b_ours-16x64_r3 /home/dev/.conda/envs/n16k64/bin/python /home/dev/NVFP4-RaZeR/experiments/paper/bench_prefill.py --model llama8b --label ours-16x64 --round 3 --shapes 1x128,1x256,1x512,1x1024,1x2048,1x4096,1x8192,4x2048 --reps 7 --out /home/dev/n16k64_campaign/paper/latency/llama8b/ours-16x64/round3.json --artifact /home/dev/n16k64_campaign/paper/artifacts/llama8b_tc_16x64 --kernel auto
2026-09-29T00:30:39+00:00 END 05_prefill_llama8b_ours-16x64_r3 rc=0
2026-09-29T00:30:39+00:00 START 05_prefill_llama8b_ours-8x64_r3 /home/dev/.conda/envs/n16k64/bin/python /home/dev/NVFP4-RaZeR/experiments/paper/bench_prefill.py --model llama8b --label ours-8x64 --round 3 --shapes 1x128,1x256,1x512,1x1024,1x2048,1x4096,1x8192,4x2048 --reps 7 --out /home/dev/n16k64_campaign/paper/latency/llama8b/ours-8x64/round3.json --artifact /home/dev/n16k64_campaign/paper/artifacts/llama8b_tc_8x64 --kernel n8k64_wB
2026-09-29T00:31:17+00:00 END 05_prefill_llama8b_ours-8x64_r3 rc=0
2026-09-29T00:31:17+00:00 START 05_prefill_llama8b_bf16_r3 /home/dev/.conda/envs/n16k64/bin/python /home/dev/NVFP4-RaZeR/experiments/paper/bench_prefill.py --model llama8b --label bf16 --round 3 --shapes 1x128,1x256,1x512,1x1024,1x2048,1x4096,1x8192,4x2048 --reps 7 --out /home/dev/n16k64_campaign/paper/latency/llama8b/bf16/round3.json
2026-09-29T00:32:08+00:00 END 05_prefill_llama8b_bf16_r3 rc=0
2026-09-29T00:32:08+00:00 START 05_prefill_llama8b_nvfp4_r3 /home/dev/.conda/envs/n16k64/bin/python /home/dev/NVFP4-RaZeR/experiments/paper/bench_prefill.py --model llama8b --label nvfp4 --round 3 --shapes 1x128,1x256,1x512,1x1024,1x2048,1x4096,1x8192,4x2048 --reps 7 --out /home/dev/n16k64_campaign/paper/latency/llama8b/nvfp4/round3.json --artifact /home/dev/n16k64_campaign/paper/artifacts/llama8b_nvfp4 --kernel auto_stock
2026-09-29T00:32:45+00:00 END 05_prefill_llama8b_nvfp4_r3 rc=0
2026-09-29T00:32:45+00:00 START 05_prefill_llama8b_fo6-wB_r3 /home/dev/.conda/envs/n16k64/bin/python /home/dev/NVFP4-RaZeR/experiments/paper/bench_prefill.py --model llama8b --label fo6-wB --round 3 --shapes 1x128,1x256,1x512,1x1024,1x2048,1x4096,1x8192,4x2048 --reps 7 --out /home/dev/n16k64_campaign/paper/latency/llama8b/fo6-wB/round3.json --artifact /home/dev/n16k64_campaign/paper/artifacts/llama8b_fo6 --kernel stock_wB
2026-09-29T00:33:21+00:00 END 05_prefill_llama8b_fo6-wB_r3 rc=0
2026-09-29T00:33:21+00:00 START 05_prefill_llama8b_ours-256x64-nvfp4act_r3 /home/dev/.conda/envs/n16k64/bin/python /home/dev/NVFP4-RaZeR/experiments/paper/bench_prefill.py --model llama8b --label ours-256x64-nvfp4act --round 3 --shapes 1x128,1x256,1x512,1x1024,1x2048,1x4096,1x8192,4x2048 --reps 7 --out /home/dev/n16k64_campaign/paper/latency/llama8b/ours-256x64-nvfp4act/round3.json --artifact /home/dev/n16k64_campaign/paper/artifacts/llama8b_tc_256x64 --kernel auto --act-override nvfp4_rows
2026-09-29T00:33:57+00:00 END 05_prefill_llama8b_ours-256x64-nvfp4act_r3 rc=0
2026-09-29T00:33:57+00:00 START 05_prefill_llama8b_fo6_r3 /home/dev/.conda/envs/n16k64/bin/python /home/dev/NVFP4-RaZeR/experiments/paper/bench_prefill.py --model llama8b --label fo6 --round 3 --shapes 1x128,1x256,1x512,1x1024,1x2048,1x4096,1x8192,4x2048 --reps 7 --out /home/dev/n16k64_campaign/paper/latency/llama8b/fo6/round3.json --artifact /home/dev/n16k64_campaign/paper/artifacts/llama8b_fo6 --kernel auto_stock
2026-09-29T00:34:34+00:00 END 05_prefill_llama8b_fo6_r3 rc=0
2026-09-29T00:34:34+00:00 05 llama8b round 4 order ours-16x64-nvfp4act,nvfp4,ours-256x64,fo6,ours-8x64,ours-16x64,nvfp4-wB,ours-256x64-nvfp4act,bf16,ours-8x64-nvfp4act,fo6-wB (seed 20260932)
2026-09-29T00:34:34+00:00 START 05_prefill_llama8b_ours-16x64-nvfp4act_r4 /home/dev/.conda/envs/n16k64/bin/python /home/dev/NVFP4-RaZeR/experiments/paper/bench_prefill.py --model llama8b --label ours-16x64-nvfp4act --round 4 --shapes 1x128,1x256,1x512,1x1024,1x2048,1x4096,1x8192,4x2048 --reps 7 --out /home/dev/n16k64_campaign/paper/latency/llama8b/ours-16x64-nvfp4act/round4.json --artifact /home/dev/n16k64_campaign/paper/artifacts/llama8b_tc_16x64 --kernel auto --act-override nvfp4_rows
2026-09-29T00:35:11+00:00 END 05_prefill_llama8b_ours-16x64-nvfp4act_r4 rc=0
2026-09-29T00:35:11+00:00 START 05_prefill_llama8b_nvfp4_r4 /home/dev/.conda/envs/n16k64/bin/python /home/dev/NVFP4-RaZeR/experiments/paper/bench_prefill.py --model llama8b --label nvfp4 --round 4 --shapes 1x128,1x256,1x512,1x1024,1x2048,1x4096,1x8192,4x2048 --reps 7 --out /home/dev/n16k64_campaign/paper/latency/llama8b/nvfp4/round4.json --artifact /home/dev/n16k64_campaign/paper/artifacts/llama8b_nvfp4 --kernel auto_stock
2026-09-29T00:35:47+00:00 END 05_prefill_llama8b_nvfp4_r4 rc=0
2026-09-29T00:35:47+00:00 START 05_prefill_llama8b_ours-256x64_r4 /home/dev/.conda/envs/n16k64/bin/python /home/dev/NVFP4-RaZeR/experiments/paper/bench_prefill.py --model llama8b --label ours-256x64 --round 4 --shapes 1x128,1x256,1x512,1x1024,1x2048,1x4096,1x8192,4x2048 --reps 7 --out /home/dev/n16k64_campaign/paper/latency/llama8b/ours-256x64/round4.json --artifact /home/dev/n16k64_campaign/paper/artifacts/llama8b_tc_256x64 --kernel auto
2026-09-29T00:36:23+00:00 END 05_prefill_llama8b_ours-256x64_r4 rc=0
2026-09-29T00:36:23+00:00 START 05_prefill_llama8b_fo6_r4 /home/dev/.conda/envs/n16k64/bin/python /home/dev/NVFP4-RaZeR/experiments/paper/bench_prefill.py --model llama8b --label fo6 --round 4 --shapes 1x128,1x256,1x512,1x1024,1x2048,1x4096,1x8192,4x2048 --reps 7 --out /home/dev/n16k64_campaign/paper/latency/llama8b/fo6/round4.json --artifact /home/dev/n16k64_campaign/paper/artifacts/llama8b_fo6 --kernel auto_stock
2026-09-29T00:36:59+00:00 END 05_prefill_llama8b_fo6_r4 rc=0
2026-09-29T00:36:59+00:00 START 05_prefill_llama8b_ours-8x64_r4 /home/dev/.conda/envs/n16k64/bin/python /home/dev/NVFP4-RaZeR/experiments/paper/bench_prefill.py --model llama8b --label ours-8x64 --round 4 --shapes 1x128,1x256,1x512,1x1024,1x2048,1x4096,1x8192,4x2048 --reps 7 --out /home/dev/n16k64_campaign/paper/latency/llama8b/ours-8x64/round4.json --artifact /home/dev/n16k64_campaign/paper/artifacts/llama8b_tc_8x64 --kernel n8k64_wB
2026-09-29T00:37:37+00:00 END 05_prefill_llama8b_ours-8x64_r4 rc=0
2026-09-29T00:37:37+00:00 START 05_prefill_llama8b_ours-16x64_r4 /home/dev/.conda/envs/n16k64/bin/python /home/dev/NVFP4-RaZeR/experiments/paper/bench_prefill.py --model llama8b --label ours-16x64 --round 4 --shapes 1x128,1x256,1x512,1x1024,1x2048,1x4096,1x8192,4x2048 --reps 7 --out /home/dev/n16k64_campaign/paper/latency/llama8b/ours-16x64/round4.json --artifact /home/dev/n16k64_campaign/paper/artifacts/llama8b_tc_16x64 --kernel auto
2026-09-29T00:38:14+00:00 END 05_prefill_llama8b_ours-16x64_r4 rc=0
2026-09-29T00:38:14+00:00 START 05_prefill_llama8b_nvfp4-wB_r4 /home/dev/.conda/envs/n16k64/bin/python /home/dev/NVFP4-RaZeR/experiments/paper/bench_prefill.py --model llama8b --label nvfp4-wB --round 4 --shapes 1x128,1x256,1x512,1x1024,1x2048,1x4096,1x8192,4x2048 --reps 7 --out /home/dev/n16k64_campaign/paper/latency/llama8b/nvfp4-wB/round4.json --artifact /home/dev/n16k64_campaign/paper/artifacts/llama8b_nvfp4 --kernel stock_wB
2026-09-29T00:38:50+00:00 END 05_prefill_llama8b_nvfp4-wB_r4 rc=0
2026-09-29T00:38:50+00:00 START 05_prefill_llama8b_ours-256x64-nvfp4act_r4 /home/dev/.conda/envs/n16k64/bin/python /home/dev/NVFP4-RaZeR/experiments/paper/bench_prefill.py --model llama8b --label ours-256x64-nvfp4act --round 4 --shapes 1x128,1x256,1x512,1x1024,1x2048,1x4096,1x8192,4x2048 --reps 7 --out /home/dev/n16k64_campaign/paper/latency/llama8b/ours-256x64-nvfp4act/round4.json --artifact /home/dev/n16k64_campaign/paper/artifacts/llama8b_tc_256x64 --kernel auto --act-override nvfp4_rows
2026-09-29T00:39:26+00:00 END 05_prefill_llama8b_ours-256x64-nvfp4act_r4 rc=0
2026-09-29T00:39:26+00:00 START 05_prefill_llama8b_bf16_r4 /home/dev/.conda/envs/n16k64/bin/python /home/dev/NVFP4-RaZeR/experiments/paper/bench_prefill.py --model llama8b --label bf16 --round 4 --shapes 1x128,1x256,1x512,1x1024,1x2048,1x4096,1x8192,4x2048 --reps 7 --out /home/dev/n16k64_campaign/paper/latency/llama8b/bf16/round4.json
2026-09-29T00:40:18+00:00 END 05_prefill_llama8b_bf16_r4 rc=0
2026-09-29T00:40:18+00:00 START 05_prefill_llama8b_ours-8x64-nvfp4act_r4 /home/dev/.conda/envs/n16k64/bin/python /home/dev/NVFP4-RaZeR/experiments/paper/bench_prefill.py --model llama8b --label ours-8x64-nvfp4act --round 4 --shapes 1x128,1x256,1x512,1x1024,1x2048,1x4096,1x8192,4x2048 --reps 7 --out /home/dev/n16k64_campaign/paper/latency/llama8b/ours-8x64-nvfp4act/round4.json --artifact /home/dev/n16k64_campaign/paper/artifacts/llama8b_tc_8x64 --kernel n8k64_wB --act-override nvfp4_rows
2026-09-29T00:40:55+00:00 END 05_prefill_llama8b_ours-8x64-nvfp4act_r4 rc=0
2026-09-29T00:40:55+00:00 START 05_prefill_llama8b_fo6-wB_r4 /home/dev/.conda/envs/n16k64/bin/python /home/dev/NVFP4-RaZeR/experiments/paper/bench_prefill.py --model llama8b --label fo6-wB --round 4 --shapes 1x128,1x256,1x512,1x1024,1x2048,1x4096,1x8192,4x2048 --reps 7 --out /home/dev/n16k64_campaign/paper/latency/llama8b/fo6-wB/round4.json --artifact /home/dev/n16k64_campaign/paper/artifacts/llama8b_fo6 --kernel stock_wB
2026-09-29T00:41:31+00:00 END 05_prefill_llama8b_fo6-wB_r4 rc=0
2026-09-29T00:41:31+00:00 05 llama8b round 5 order fo6,ours-16x64,ours-256x64-nvfp4act,ours-8x64-nvfp4act,nvfp4-wB,fo6-wB,bf16,ours-16x64-nvfp4act,ours-256x64,ours-8x64,nvfp4 (seed 20260933)
2026-09-29T00:41:31+00:00 START 05_prefill_llama8b_fo6_r5 /home/dev/.conda/envs/n16k64/bin/python /home/dev/NVFP4-RaZeR/experiments/paper/bench_prefill.py --model llama8b --label fo6 --round 5 --shapes 1x128,1x256,1x512,1x1024,1x2048,1x4096,1x8192,4x2048 --reps 7 --out /home/dev/n16k64_campaign/paper/latency/llama8b/fo6/round5.json --artifact /home/dev/n16k64_campaign/paper/artifacts/llama8b_fo6 --kernel auto_stock
2026-09-29T00:42:07+00:00 END 05_prefill_llama8b_fo6_r5 rc=0
2026-09-29T00:42:07+00:00 START 05_prefill_llama8b_ours-16x64_r5 /home/dev/.conda/envs/n16k64/bin/python /home/dev/NVFP4-RaZeR/experiments/paper/bench_prefill.py --model llama8b --label ours-16x64 --round 5 --shapes 1x128,1x256,1x512,1x1024,1x2048,1x4096,1x8192,4x2048 --reps 7 --out /home/dev/n16k64_campaign/paper/latency/llama8b/ours-16x64/round5.json --artifact /home/dev/n16k64_campaign/paper/artifacts/llama8b_tc_16x64 --kernel auto
2026-09-29T00:42:43+00:00 END 05_prefill_llama8b_ours-16x64_r5 rc=0
2026-09-29T00:42:43+00:00 START 05_prefill_llama8b_ours-256x64-nvfp4act_r5 /home/dev/.conda/envs/n16k64/bin/python /home/dev/NVFP4-RaZeR/experiments/paper/bench_prefill.py --model llama8b --label ours-256x64-nvfp4act --round 5 --shapes 1x128,1x256,1x512,1x1024,1x2048,1x4096,1x8192,4x2048 --reps 7 --out /home/dev/n16k64_campaign/paper/latency/llama8b/ours-256x64-nvfp4act/round5.json --artifact /home/dev/n16k64_campaign/paper/artifacts/llama8b_tc_256x64 --kernel auto --act-override nvfp4_rows
2026-09-29T00:43:20+00:00 END 05_prefill_llama8b_ours-256x64-nvfp4act_r5 rc=0
2026-09-29T00:43:20+00:00 START 05_prefill_llama8b_ours-8x64-nvfp4act_r5 /home/dev/.conda/envs/n16k64/bin/python /home/dev/NVFP4-RaZeR/experiments/paper/bench_prefill.py --model llama8b --label ours-8x64-nvfp4act --round 5 --shapes 1x128,1x256,1x512,1x1024,1x2048,1x4096,1x8192,4x2048 --reps 7 --out /home/dev/n16k64_campaign/paper/latency/llama8b/ours-8x64-nvfp4act/round5.json --artifact /home/dev/n16k64_campaign/paper/artifacts/llama8b_tc_8x64 --kernel n8k64_wB --act-override nvfp4_rows
2026-09-29T00:43:57+00:00 END 05_prefill_llama8b_ours-8x64-nvfp4act_r5 rc=0
2026-09-29T00:43:57+00:00 START 05_prefill_llama8b_nvfp4-wB_r5 /home/dev/.conda/envs/n16k64/bin/python /home/dev/NVFP4-RaZeR/experiments/paper/bench_prefill.py --model llama8b --label nvfp4-wB --round 5 --shapes 1x128,1x256,1x512,1x1024,1x2048,1x4096,1x8192,4x2048 --reps 7 --out /home/dev/n16k64_campaign/paper/latency/llama8b/nvfp4-wB/round5.json --artifact /home/dev/n16k64_campaign/paper/artifacts/llama8b_nvfp4 --kernel stock_wB
2026-09-29T00:44:33+00:00 END 05_prefill_llama8b_nvfp4-wB_r5 rc=0
2026-09-29T00:44:33+00:00 START 05_prefill_llama8b_fo6-wB_r5 /home/dev/.conda/envs/n16k64/bin/python /home/dev/NVFP4-RaZeR/experiments/paper/bench_prefill.py --model llama8b --label fo6-wB --round 5 --shapes 1x128,1x256,1x512,1x1024,1x2048,1x4096,1x8192,4x2048 --reps 7 --out /home/dev/n16k64_campaign/paper/latency/llama8b/fo6-wB/round5.json --artifact /home/dev/n16k64_campaign/paper/artifacts/llama8b_fo6 --kernel stock_wB
2026-09-29T00:45:09+00:00 END 05_prefill_llama8b_fo6-wB_r5 rc=0
2026-09-29T00:45:09+00:00 START 05_prefill_llama8b_bf16_r5 /home/dev/.conda/envs/n16k64/bin/python /home/dev/NVFP4-RaZeR/experiments/paper/bench_prefill.py --model llama8b --label bf16 --round 5 --shapes 1x128,1x256,1x512,1x1024,1x2048,1x4096,1x8192,4x2048 --reps 7 --out /home/dev/n16k64_campaign/paper/latency/llama8b/bf16/round5.json
2026-09-29T00:46:00+00:00 END 05_prefill_llama8b_bf16_r5 rc=0
2026-09-29T00:46:00+00:00 START 05_prefill_llama8b_ours-16x64-nvfp4act_r5 /home/dev/.conda/envs/n16k64/bin/python /home/dev/NVFP4-RaZeR/experiments/paper/bench_prefill.py --model llama8b --label ours-16x64-nvfp4act --round 5 --shapes 1x128,1x256,1x512,1x1024,1x2048,1x4096,1x8192,4x2048 --reps 7 --out /home/dev/n16k64_campaign/paper/latency/llama8b/ours-16x64-nvfp4act/round5.json --artifact /home/dev/n16k64_campaign/paper/artifacts/llama8b_tc_16x64 --kernel auto --act-override nvfp4_rows
2026-09-29T00:46:37+00:00 END 05_prefill_llama8b_ours-16x64-nvfp4act_r5 rc=0
2026-09-29T00:46:37+00:00 START 05_prefill_llama8b_ours-256x64_r5 /home/dev/.conda/envs/n16k64/bin/python /home/dev/NVFP4-RaZeR/experiments/paper/bench_prefill.py --model llama8b --label ours-256x64 --round 5 --shapes 1x128,1x256,1x512,1x1024,1x2048,1x4096,1x8192,4x2048 --reps 7 --out /home/dev/n16k64_campaign/paper/latency/llama8b/ours-256x64/round5.json --artifact /home/dev/n16k64_campaign/paper/artifacts/llama8b_tc_256x64 --kernel auto
2026-09-29T00:47:13+00:00 END 05_prefill_llama8b_ours-256x64_r5 rc=0
2026-09-29T00:47:13+00:00 START 05_prefill_llama8b_ours-8x64_r5 /home/dev/.conda/envs/n16k64/bin/python /home/dev/NVFP4-RaZeR/experiments/paper/bench_prefill.py --model llama8b --label ours-8x64 --round 5 --shapes 1x128,1x256,1x512,1x1024,1x2048,1x4096,1x8192,4x2048 --reps 7 --out /home/dev/n16k64_campaign/paper/latency/llama8b/ours-8x64/round5.json --artifact /home/dev/n16k64_campaign/paper/artifacts/llama8b_tc_8x64 --kernel n8k64_wB
2026-09-29T00:47:50+00:00 END 05_prefill_llama8b_ours-8x64_r5 rc=0
2026-09-29T00:47:50+00:00 START 05_prefill_llama8b_nvfp4_r5 /home/dev/.conda/envs/n16k64/bin/python /home/dev/NVFP4-RaZeR/experiments/paper/bench_prefill.py --model llama8b --label nvfp4 --round 5 --shapes 1x128,1x256,1x512,1x1024,1x2048,1x4096,1x8192,4x2048 --reps 7 --out /home/dev/n16k64_campaign/paper/latency/llama8b/nvfp4/round5.json --artifact /home/dev/n16k64_campaign/paper/artifacts/llama8b_nvfp4 --kernel auto_stock
2026-09-29T00:48:27+00:00 END 05_prefill_llama8b_nvfp4_r5 rc=0
2026-09-29T00:48:27+00:00 05 mistral7b round 1 order ours-8x64,bf16,ours-256x64,fo6,ours-256x64-nvfp4act,nvfp4-wB,nvfp4,ours-16x64,fo6-wB,ours-16x64-nvfp4act,ours-8x64-nvfp4act (seed 20260929)
2026-09-29T00:48:27+00:00 START 05_prefill_mistral7b_ours-8x64_r1 /home/dev/.conda/envs/n16k64/bin/python /home/dev/NVFP4-RaZeR/experiments/paper/bench_prefill.py --model mistral7b --label ours-8x64 --round 1 --shapes 1x128,1x256,1x512,1x1024,1x2048,1x4096,1x8192,4x2048 --reps 7 --out /home/dev/n16k64_campaign/paper/latency/mistral7b/ours-8x64/round1.json --artifact /home/dev/n16k64_campaign/paper/artifacts/mistral7b_tc_8x64 --kernel n8k64_wB
2026-09-29T00:49:02+00:00 END 05_prefill_mistral7b_ours-8x64_r1 rc=0
2026-09-29T00:49:02+00:00 START 05_prefill_mistral7b_bf16_r1 /home/dev/.conda/envs/n16k64/bin/python /home/dev/NVFP4-RaZeR/experiments/paper/bench_prefill.py --model mistral7b --label bf16 --round 1 --shapes 1x128,1x256,1x512,1x1024,1x2048,1x4096,1x8192,4x2048 --reps 7 --out /home/dev/n16k64_campaign/paper/latency/mistral7b/bf16/round1.json
2026-09-29T00:49:51+00:00 END 05_prefill_mistral7b_bf16_r1 rc=0
2026-09-29T00:49:51+00:00 START 05_prefill_mistral7b_ours-256x64_r1 /home/dev/.conda/envs/n16k64/bin/python /home/dev/NVFP4-RaZeR/experiments/paper/bench_prefill.py --model mistral7b --label ours-256x64 --round 1 --shapes 1x128,1x256,1x512,1x1024,1x2048,1x4096,1x8192,4x2048 --reps 7 --out /home/dev/n16k64_campaign/paper/latency/mistral7b/ours-256x64/round1.json --artifact /home/dev/n16k64_campaign/paper/artifacts/mistral7b_tc_256x64 --kernel auto
2026-09-29T00:50:27+00:00 END 05_prefill_mistral7b_ours-256x64_r1 rc=0
2026-09-29T00:50:27+00:00 START 05_prefill_mistral7b_fo6_r1 /home/dev/.conda/envs/n16k64/bin/python /home/dev/NVFP4-RaZeR/experiments/paper/bench_prefill.py --model mistral7b --label fo6 --round 1 --shapes 1x128,1x256,1x512,1x1024,1x2048,1x4096,1x8192,4x2048 --reps 7 --out /home/dev/n16k64_campaign/paper/latency/mistral7b/fo6/round1.json --artifact /home/dev/n16k64_campaign/paper/artifacts/mistral7b_fo6 --kernel auto_stock
2026-09-29T00:51:01+00:00 END 05_prefill_mistral7b_fo6_r1 rc=0
2026-09-29T00:51:01+00:00 START 05_prefill_mistral7b_ours-256x64-nvfp4act_r1 /home/dev/.conda/envs/n16k64/bin/python /home/dev/NVFP4-RaZeR/experiments/paper/bench_prefill.py --model mistral7b --label ours-256x64-nvfp4act --round 1 --shapes 1x128,1x256,1x512,1x1024,1x2048,1x4096,1x8192,4x2048 --reps 7 --out /home/dev/n16k64_campaign/paper/latency/mistral7b/ours-256x64-nvfp4act/round1.json --artifact /home/dev/n16k64_campaign/paper/artifacts/mistral7b_tc_256x64 --kernel auto --act-override nvfp4_rows
2026-09-29T00:51:36+00:00 END 05_prefill_mistral7b_ours-256x64-nvfp4act_r1 rc=0
2026-09-29T00:51:36+00:00 START 05_prefill_mistral7b_nvfp4-wB_r1 /home/dev/.conda/envs/n16k64/bin/python /home/dev/NVFP4-RaZeR/experiments/paper/bench_prefill.py --model mistral7b --label nvfp4-wB --round 1 --shapes 1x128,1x256,1x512,1x1024,1x2048,1x4096,1x8192,4x2048 --reps 7 --out /home/dev/n16k64_campaign/paper/latency/mistral7b/nvfp4-wB/round1.json --artifact /home/dev/n16k64_campaign/paper/artifacts/mistral7b_nvfp4 --kernel stock_wB
2026-09-29T00:52:10+00:00 END 05_prefill_mistral7b_nvfp4-wB_r1 rc=0
2026-09-29T00:52:10+00:00 START 05_prefill_mistral7b_nvfp4_r1 /home/dev/.conda/envs/n16k64/bin/python /home/dev/NVFP4-RaZeR/experiments/paper/bench_prefill.py --model mistral7b --label nvfp4 --round 1 --shapes 1x128,1x256,1x512,1x1024,1x2048,1x4096,1x8192,4x2048 --reps 7 --out /home/dev/n16k64_campaign/paper/latency/mistral7b/nvfp4/round1.json --artifact /home/dev/n16k64_campaign/paper/artifacts/mistral7b_nvfp4 --kernel auto_stock
2026-09-29T00:52:44+00:00 END 05_prefill_mistral7b_nvfp4_r1 rc=0
2026-09-29T00:52:44+00:00 START 05_prefill_mistral7b_ours-16x64_r1 /home/dev/.conda/envs/n16k64/bin/python /home/dev/NVFP4-RaZeR/experiments/paper/bench_prefill.py --model mistral7b --label ours-16x64 --round 1 --shapes 1x128,1x256,1x512,1x1024,1x2048,1x4096,1x8192,4x2048 --reps 7 --out /home/dev/n16k64_campaign/paper/latency/mistral7b/ours-16x64/round1.json --artifact /home/dev/n16k64_campaign/paper/artifacts/mistral7b_tc_16x64 --kernel auto
2026-09-29T00:53:19+00:00 END 05_prefill_mistral7b_ours-16x64_r1 rc=0
2026-09-29T00:53:19+00:00 START 05_prefill_mistral7b_fo6-wB_r1 /home/dev/.conda/envs/n16k64/bin/python /home/dev/NVFP4-RaZeR/experiments/paper/bench_prefill.py --model mistral7b --label fo6-wB --round 1 --shapes 1x128,1x256,1x512,1x1024,1x2048,1x4096,1x8192,4x2048 --reps 7 --out /home/dev/n16k64_campaign/paper/latency/mistral7b/fo6-wB/round1.json --artifact /home/dev/n16k64_campaign/paper/artifacts/mistral7b_fo6 --kernel stock_wB
2026-09-29T00:53:54+00:00 END 05_prefill_mistral7b_fo6-wB_r1 rc=0
2026-09-29T00:53:54+00:00 START 05_prefill_mistral7b_ours-16x64-nvfp4act_r1 /home/dev/.conda/envs/n16k64/bin/python /home/dev/NVFP4-RaZeR/experiments/paper/bench_prefill.py --model mistral7b --label ours-16x64-nvfp4act --round 1 --shapes 1x128,1x256,1x512,1x1024,1x2048,1x4096,1x8192,4x2048 --reps 7 --out /home/dev/n16k64_campaign/paper/latency/mistral7b/ours-16x64-nvfp4act/round1.json --artifact /home/dev/n16k64_campaign/paper/artifacts/mistral7b_tc_16x64 --kernel auto --act-override nvfp4_rows
2026-09-29T00:54:28+00:00 END 05_prefill_mistral7b_ours-16x64-nvfp4act_r1 rc=0
2026-09-29T00:54:28+00:00 START 05_prefill_mistral7b_ours-8x64-nvfp4act_r1 /home/dev/.conda/envs/n16k64/bin/python /home/dev/NVFP4-RaZeR/experiments/paper/bench_prefill.py --model mistral7b --label ours-8x64-nvfp4act --round 1 --shapes 1x128,1x256,1x512,1x1024,1x2048,1x4096,1x8192,4x2048 --reps 7 --out /home/dev/n16k64_campaign/paper/latency/mistral7b/ours-8x64-nvfp4act/round1.json --artifact /home/dev/n16k64_campaign/paper/artifacts/mistral7b_tc_8x64 --kernel n8k64_wB --act-override nvfp4_rows
2026-09-29T00:55:04+00:00 END 05_prefill_mistral7b_ours-8x64-nvfp4act_r1 rc=0
2026-09-29T00:55:04+00:00 05 mistral7b round 2 order fo6,nvfp4,ours-256x64,bf16,ours-16x64-nvfp4act,ours-256x64-nvfp4act,ours-8x64,fo6-wB,nvfp4-wB,ours-8x64-nvfp4act,ours-16x64 (seed 20260930)
2026-09-29T00:55:04+00:00 START 05_prefill_mistral7b_fo6_r2 /home/dev/.conda/envs/n16k64/bin/python /home/dev/NVFP4-RaZeR/experiments/paper/bench_prefill.py --model mistral7b --label fo6 --round 2 --shapes 1x128,1x256,1x512,1x1024,1x2048,1x4096,1x8192,4x2048 --reps 7 --out /home/dev/n16k64_campaign/paper/latency/mistral7b/fo6/round2.json --artifact /home/dev/n16k64_campaign/paper/artifacts/mistral7b_fo6 --kernel auto_stock
2026-09-29T00:55:38+00:00 END 05_prefill_mistral7b_fo6_r2 rc=0
2026-09-29T00:55:38+00:00 START 05_prefill_mistral7b_nvfp4_r2 /home/dev/.conda/envs/n16k64/bin/python /home/dev/NVFP4-RaZeR/experiments/paper/bench_prefill.py --model mistral7b --label nvfp4 --round 2 --shapes 1x128,1x256,1x512,1x1024,1x2048,1x4096,1x8192,4x2048 --reps 7 --out /home/dev/n16k64_campaign/paper/latency/mistral7b/nvfp4/round2.json --artifact /home/dev/n16k64_campaign/paper/artifacts/mistral7b_nvfp4 --kernel auto_stock
2026-09-29T00:56:12+00:00 END 05_prefill_mistral7b_nvfp4_r2 rc=0
2026-09-29T00:56:12+00:00 START 05_prefill_mistral7b_ours-256x64_r2 /home/dev/.conda/envs/n16k64/bin/python /home/dev/NVFP4-RaZeR/experiments/paper/bench_prefill.py --model mistral7b --label ours-256x64 --round 2 --shapes 1x128,1x256,1x512,1x1024,1x2048,1x4096,1x8192,4x2048 --reps 7 --out /home/dev/n16k64_campaign/paper/latency/mistral7b/ours-256x64/round2.json --artifact /home/dev/n16k64_campaign/paper/artifacts/mistral7b_tc_256x64 --kernel auto
2026-09-29T00:56:46+00:00 END 05_prefill_mistral7b_ours-256x64_r2 rc=0
2026-09-29T00:56:46+00:00 START 05_prefill_mistral7b_bf16_r2 /home/dev/.conda/envs/n16k64/bin/python /home/dev/NVFP4-RaZeR/experiments/paper/bench_prefill.py --model mistral7b --label bf16 --round 2 --shapes 1x128,1x256,1x512,1x1024,1x2048,1x4096,1x8192,4x2048 --reps 7 --out /home/dev/n16k64_campaign/paper/latency/mistral7b/bf16/round2.json
2026-09-29T00:57:36+00:00 END 05_prefill_mistral7b_bf16_r2 rc=0
2026-09-29T00:57:36+00:00 START 05_prefill_mistral7b_ours-16x64-nvfp4act_r2 /home/dev/.conda/envs/n16k64/bin/python /home/dev/NVFP4-RaZeR/experiments/paper/bench_prefill.py --model mistral7b --label ours-16x64-nvfp4act --round 2 --shapes 1x128,1x256,1x512,1x1024,1x2048,1x4096,1x8192,4x2048 --reps 7 --out /home/dev/n16k64_campaign/paper/latency/mistral7b/ours-16x64-nvfp4act/round2.json --artifact /home/dev/n16k64_campaign/paper/artifacts/mistral7b_tc_16x64 --kernel auto --act-override nvfp4_rows
2026-09-29T00:58:11+00:00 END 05_prefill_mistral7b_ours-16x64-nvfp4act_r2 rc=0
2026-09-29T00:58:11+00:00 START 05_prefill_mistral7b_ours-256x64-nvfp4act_r2 /home/dev/.conda/envs/n16k64/bin/python /home/dev/NVFP4-RaZeR/experiments/paper/bench_prefill.py --model mistral7b --label ours-256x64-nvfp4act --round 2 --shapes 1x128,1x256,1x512,1x1024,1x2048,1x4096,1x8192,4x2048 --reps 7 --out /home/dev/n16k64_campaign/paper/latency/mistral7b/ours-256x64-nvfp4act/round2.json --artifact /home/dev/n16k64_campaign/paper/artifacts/mistral7b_tc_256x64 --kernel auto --act-override nvfp4_rows
2026-09-29T00:58:46+00:00 END 05_prefill_mistral7b_ours-256x64-nvfp4act_r2 rc=0
2026-09-29T00:58:46+00:00 START 05_prefill_mistral7b_ours-8x64_r2 /home/dev/.conda/envs/n16k64/bin/python /home/dev/NVFP4-RaZeR/experiments/paper/bench_prefill.py --model mistral7b --label ours-8x64 --round 2 --shapes 1x128,1x256,1x512,1x1024,1x2048,1x4096,1x8192,4x2048 --reps 7 --out /home/dev/n16k64_campaign/paper/latency/mistral7b/ours-8x64/round2.json --artifact /home/dev/n16k64_campaign/paper/artifacts/mistral7b_tc_8x64 --kernel n8k64_wB
2026-09-29T00:59:21+00:00 END 05_prefill_mistral7b_ours-8x64_r2 rc=0
2026-09-29T00:59:21+00:00 START 05_prefill_mistral7b_fo6-wB_r2 /home/dev/.conda/envs/n16k64/bin/python /home/dev/NVFP4-RaZeR/experiments/paper/bench_prefill.py --model mistral7b --label fo6-wB --round 2 --shapes 1x128,1x256,1x512,1x1024,1x2048,1x4096,1x8192,4x2048 --reps 7 --out /home/dev/n16k64_campaign/paper/latency/mistral7b/fo6-wB/round2.json --artifact /home/dev/n16k64_campaign/paper/artifacts/mistral7b_fo6 --kernel stock_wB
2026-09-29T00:59:55+00:00 END 05_prefill_mistral7b_fo6-wB_r2 rc=0
2026-09-29T00:59:55+00:00 START 05_prefill_mistral7b_nvfp4-wB_r2 /home/dev/.conda/envs/n16k64/bin/python /home/dev/NVFP4-RaZeR/experiments/paper/bench_prefill.py --model mistral7b --label nvfp4-wB --round 2 --shapes 1x128,1x256,1x512,1x1024,1x2048,1x4096,1x8192,4x2048 --reps 7 --out /home/dev/n16k64_campaign/paper/latency/mistral7b/nvfp4-wB/round2.json --artifact /home/dev/n16k64_campaign/paper/artifacts/mistral7b_nvfp4 --kernel stock_wB
2026-09-29T01:00:30+00:00 END 05_prefill_mistral7b_nvfp4-wB_r2 rc=0
2026-09-29T01:00:30+00:00 START 05_prefill_mistral7b_ours-8x64-nvfp4act_r2 /home/dev/.conda/envs/n16k64/bin/python /home/dev/NVFP4-RaZeR/experiments/paper/bench_prefill.py --model mistral7b --label ours-8x64-nvfp4act --round 2 --shapes 1x128,1x256,1x512,1x1024,1x2048,1x4096,1x8192,4x2048 --reps 7 --out /home/dev/n16k64_campaign/paper/latency/mistral7b/ours-8x64-nvfp4act/round2.json --artifact /home/dev/n16k64_campaign/paper/artifacts/mistral7b_tc_8x64 --kernel n8k64_wB --act-override nvfp4_rows
2026-09-29T01:01:05+00:00 END 05_prefill_mistral7b_ours-8x64-nvfp4act_r2 rc=0
2026-09-29T01:01:05+00:00 START 05_prefill_mistral7b_ours-16x64_r2 /home/dev/.conda/envs/n16k64/bin/python /home/dev/NVFP4-RaZeR/experiments/paper/bench_prefill.py --model mistral7b --label ours-16x64 --round 2 --shapes 1x128,1x256,1x512,1x1024,1x2048,1x4096,1x8192,4x2048 --reps 7 --out /home/dev/n16k64_campaign/paper/latency/mistral7b/ours-16x64/round2.json --artifact /home/dev/n16k64_campaign/paper/artifacts/mistral7b_tc_16x64 --kernel auto
2026-09-29T01:01:40+00:00 END 05_prefill_mistral7b_ours-16x64_r2 rc=0
2026-09-29T01:01:40+00:00 05 mistral7b round 3 order ours-8x64-nvfp4act,ours-16x64-nvfp4act,ours-256x64,nvfp4-wB,ours-16x64,ours-8x64,bf16,nvfp4,fo6-wB,ours-256x64-nvfp4act,fo6 (seed 20260931)
2026-09-29T01:01:40+00:00 START 05_prefill_mistral7b_ours-8x64-nvfp4act_r3 /home/dev/.conda/envs/n16k64/bin/python /home/dev/NVFP4-RaZeR/experiments/paper/bench_prefill.py --model mistral7b --label ours-8x64-nvfp4act --round 3 --shapes 1x128,1x256,1x512,1x1024,1x2048,1x4096,1x8192,4x2048 --reps 7 --out /home/dev/n16k64_campaign/paper/latency/mistral7b/ours-8x64-nvfp4act/round3.json --artifact /home/dev/n16k64_campaign/paper/artifacts/mistral7b_tc_8x64 --kernel n8k64_wB --act-override nvfp4_rows
2026-09-29T01:02:15+00:00 END 05_prefill_mistral7b_ours-8x64-nvfp4act_r3 rc=0
2026-09-29T01:02:15+00:00 START 05_prefill_mistral7b_ours-16x64-nvfp4act_r3 /home/dev/.conda/envs/n16k64/bin/python /home/dev/NVFP4-RaZeR/experiments/paper/bench_prefill.py --model mistral7b --label ours-16x64-nvfp4act --round 3 --shapes 1x128,1x256,1x512,1x1024,1x2048,1x4096,1x8192,4x2048 --reps 7 --out /home/dev/n16k64_campaign/paper/latency/mistral7b/ours-16x64-nvfp4act/round3.json --artifact /home/dev/n16k64_campaign/paper/artifacts/mistral7b_tc_16x64 --kernel auto --act-override nvfp4_rows
2026-09-29T01:02:50+00:00 END 05_prefill_mistral7b_ours-16x64-nvfp4act_r3 rc=0
2026-09-29T01:02:50+00:00 START 05_prefill_mistral7b_ours-256x64_r3 /home/dev/.conda/envs/n16k64/bin/python /home/dev/NVFP4-RaZeR/experiments/paper/bench_prefill.py --model mistral7b --label ours-256x64 --round 3 --shapes 1x128,1x256,1x512,1x1024,1x2048,1x4096,1x8192,4x2048 --reps 7 --out /home/dev/n16k64_campaign/paper/latency/mistral7b/ours-256x64/round3.json --artifact /home/dev/n16k64_campaign/paper/artifacts/mistral7b_tc_256x64 --kernel auto
2026-09-29T01:03:24+00:00 END 05_prefill_mistral7b_ours-256x64_r3 rc=0
2026-09-29T01:03:24+00:00 START 05_prefill_mistral7b_nvfp4-wB_r3 /home/dev/.conda/envs/n16k64/bin/python /home/dev/NVFP4-RaZeR/experiments/paper/bench_prefill.py --model mistral7b --label nvfp4-wB --round 3 --shapes 1x128,1x256,1x512,1x1024,1x2048,1x4096,1x8192,4x2048 --reps 7 --out /home/dev/n16k64_campaign/paper/latency/mistral7b/nvfp4-wB/round3.json --artifact /home/dev/n16k64_campaign/paper/artifacts/mistral7b_nvfp4 --kernel stock_wB
2026-09-29T01:03:59+00:00 END 05_prefill_mistral7b_nvfp4-wB_r3 rc=0
2026-09-29T01:03:59+00:00 START 05_prefill_mistral7b_ours-16x64_r3 /home/dev/.conda/envs/n16k64/bin/python /home/dev/NVFP4-RaZeR/experiments/paper/bench_prefill.py --model mistral7b --label ours-16x64 --round 3 --shapes 1x128,1x256,1x512,1x1024,1x2048,1x4096,1x8192,4x2048 --reps 7 --out /home/dev/n16k64_campaign/paper/latency/mistral7b/ours-16x64/round3.json --artifact /home/dev/n16k64_campaign/paper/artifacts/mistral7b_tc_16x64 --kernel auto
2026-09-29T01:04:33+00:00 END 05_prefill_mistral7b_ours-16x64_r3 rc=0
2026-09-29T01:04:33+00:00 START 05_prefill_mistral7b_ours-8x64_r3 /home/dev/.conda/envs/n16k64/bin/python /home/dev/NVFP4-RaZeR/experiments/paper/bench_prefill.py --model mistral7b --label ours-8x64 --round 3 --shapes 1x128,1x256,1x512,1x1024,1x2048,1x4096,1x8192,4x2048 --reps 7 --out /home/dev/n16k64_campaign/paper/latency/mistral7b/ours-8x64/round3.json --artifact /home/dev/n16k64_campaign/paper/artifacts/mistral7b_tc_8x64 --kernel n8k64_wB
2026-09-29T01:05:08+00:00 END 05_prefill_mistral7b_ours-8x64_r3 rc=0
2026-09-29T01:05:08+00:00 START 05_prefill_mistral7b_bf16_r3 /home/dev/.conda/envs/n16k64/bin/python /home/dev/NVFP4-RaZeR/experiments/paper/bench_prefill.py --model mistral7b --label bf16 --round 3 --shapes 1x128,1x256,1x512,1x1024,1x2048,1x4096,1x8192,4x2048 --reps 7 --out /home/dev/n16k64_campaign/paper/latency/mistral7b/bf16/round3.json
2026-09-29T01:05:57+00:00 END 05_prefill_mistral7b_bf16_r3 rc=0
2026-09-29T01:05:57+00:00 START 05_prefill_mistral7b_nvfp4_r3 /home/dev/.conda/envs/n16k64/bin/python /home/dev/NVFP4-RaZeR/experiments/paper/bench_prefill.py --model mistral7b --label nvfp4 --round 3 --shapes 1x128,1x256,1x512,1x1024,1x2048,1x4096,1x8192,4x2048 --reps 7 --out /home/dev/n16k64_campaign/paper/latency/mistral7b/nvfp4/round3.json --artifact /home/dev/n16k64_campaign/paper/artifacts/mistral7b_nvfp4 --kernel auto_stock
2026-09-29T01:06:32+00:00 END 05_prefill_mistral7b_nvfp4_r3 rc=0
2026-09-29T01:06:32+00:00 START 05_prefill_mistral7b_fo6-wB_r3 /home/dev/.conda/envs/n16k64/bin/python /home/dev/NVFP4-RaZeR/experiments/paper/bench_prefill.py --model mistral7b --label fo6-wB --round 3 --shapes 1x128,1x256,1x512,1x1024,1x2048,1x4096,1x8192,4x2048 --reps 7 --out /home/dev/n16k64_campaign/paper/latency/mistral7b/fo6-wB/round3.json --artifact /home/dev/n16k64_campaign/paper/artifacts/mistral7b_fo6 --kernel stock_wB
2026-09-29T01:07:06+00:00 END 05_prefill_mistral7b_fo6-wB_r3 rc=0
2026-09-29T01:07:06+00:00 START 05_prefill_mistral7b_ours-256x64-nvfp4act_r3 /home/dev/.conda/envs/n16k64/bin/python /home/dev/NVFP4-RaZeR/experiments/paper/bench_prefill.py --model mistral7b --label ours-256x64-nvfp4act --round 3 --shapes 1x128,1x256,1x512,1x1024,1x2048,1x4096,1x8192,4x2048 --reps 7 --out /home/dev/n16k64_campaign/paper/latency/mistral7b/ours-256x64-nvfp4act/round3.json --artifact /home/dev/n16k64_campaign/paper/artifacts/mistral7b_tc_256x64 --kernel auto --act-override nvfp4_rows
2026-09-29T01:07:41+00:00 END 05_prefill_mistral7b_ours-256x64-nvfp4act_r3 rc=0
2026-09-29T01:07:41+00:00 START 05_prefill_mistral7b_fo6_r3 /home/dev/.conda/envs/n16k64/bin/python /home/dev/NVFP4-RaZeR/experiments/paper/bench_prefill.py --model mistral7b --label fo6 --round 3 --shapes 1x128,1x256,1x512,1x1024,1x2048,1x4096,1x8192,4x2048 --reps 7 --out /home/dev/n16k64_campaign/paper/latency/mistral7b/fo6/round3.json --artifact /home/dev/n16k64_campaign/paper/artifacts/mistral7b_fo6 --kernel auto_stock
2026-09-29T01:08:15+00:00 END 05_prefill_mistral7b_fo6_r3 rc=0
2026-09-29T01:08:15+00:00 05 mistral7b round 4 order ours-16x64-nvfp4act,nvfp4,ours-256x64,fo6,ours-8x64,ours-16x64,nvfp4-wB,ours-256x64-nvfp4act,bf16,ours-8x64-nvfp4act,fo6-wB (seed 20260932)
2026-09-29T01:08:15+00:00 START 05_prefill_mistral7b_ours-16x64-nvfp4act_r4 /home/dev/.conda/envs/n16k64/bin/python /home/dev/NVFP4-RaZeR/experiments/paper/bench_prefill.py --model mistral7b --label ours-16x64-nvfp4act --round 4 --shapes 1x128,1x256,1x512,1x1024,1x2048,1x4096,1x8192,4x2048 --reps 7 --out /home/dev/n16k64_campaign/paper/latency/mistral7b/ours-16x64-nvfp4act/round4.json --artifact /home/dev/n16k64_campaign/paper/artifacts/mistral7b_tc_16x64 --kernel auto --act-override nvfp4_rows
2026-09-29T01:08:49+00:00 END 05_prefill_mistral7b_ours-16x64-nvfp4act_r4 rc=0
2026-09-29T01:08:49+00:00 START 05_prefill_mistral7b_nvfp4_r4 /home/dev/.conda/envs/n16k64/bin/python /home/dev/NVFP4-RaZeR/experiments/paper/bench_prefill.py --model mistral7b --label nvfp4 --round 4 --shapes 1x128,1x256,1x512,1x1024,1x2048,1x4096,1x8192,4x2048 --reps 7 --out /home/dev/n16k64_campaign/paper/latency/mistral7b/nvfp4/round4.json --artifact /home/dev/n16k64_campaign/paper/artifacts/mistral7b_nvfp4 --kernel auto_stock
2026-09-29T01:09:23+00:00 END 05_prefill_mistral7b_nvfp4_r4 rc=0
2026-09-29T01:09:23+00:00 START 05_prefill_mistral7b_ours-256x64_r4 /home/dev/.conda/envs/n16k64/bin/python /home/dev/NVFP4-RaZeR/experiments/paper/bench_prefill.py --model mistral7b --label ours-256x64 --round 4 --shapes 1x128,1x256,1x512,1x1024,1x2048,1x4096,1x8192,4x2048 --reps 7 --out /home/dev/n16k64_campaign/paper/latency/mistral7b/ours-256x64/round4.json --artifact /home/dev/n16k64_campaign/paper/artifacts/mistral7b_tc_256x64 --kernel auto
2026-09-29T01:09:57+00:00 END 05_prefill_mistral7b_ours-256x64_r4 rc=0
2026-09-29T01:09:57+00:00 START 05_prefill_mistral7b_fo6_r4 /home/dev/.conda/envs/n16k64/bin/python /home/dev/NVFP4-RaZeR/experiments/paper/bench_prefill.py --model mistral7b --label fo6 --round 4 --shapes 1x128,1x256,1x512,1x1024,1x2048,1x4096,1x8192,4x2048 --reps 7 --out /home/dev/n16k64_campaign/paper/latency/mistral7b/fo6/round4.json --artifact /home/dev/n16k64_campaign/paper/artifacts/mistral7b_fo6 --kernel auto_stock
2026-09-29T01:10:32+00:00 END 05_prefill_mistral7b_fo6_r4 rc=0
2026-09-29T01:10:32+00:00 START 05_prefill_mistral7b_ours-8x64_r4 /home/dev/.conda/envs/n16k64/bin/python /home/dev/NVFP4-RaZeR/experiments/paper/bench_prefill.py --model mistral7b --label ours-8x64 --round 4 --shapes 1x128,1x256,1x512,1x1024,1x2048,1x4096,1x8192,4x2048 --reps 7 --out /home/dev/n16k64_campaign/paper/latency/mistral7b/ours-8x64/round4.json --artifact /home/dev/n16k64_campaign/paper/artifacts/mistral7b_tc_8x64 --kernel n8k64_wB
2026-09-29T01:11:07+00:00 END 05_prefill_mistral7b_ours-8x64_r4 rc=0
2026-09-29T01:11:07+00:00 START 05_prefill_mistral7b_ours-16x64_r4 /home/dev/.conda/envs/n16k64/bin/python /home/dev/NVFP4-RaZeR/experiments/paper/bench_prefill.py --model mistral7b --label ours-16x64 --round 4 --shapes 1x128,1x256,1x512,1x1024,1x2048,1x4096,1x8192,4x2048 --reps 7 --out /home/dev/n16k64_campaign/paper/latency/mistral7b/ours-16x64/round4.json --artifact /home/dev/n16k64_campaign/paper/artifacts/mistral7b_tc_16x64 --kernel auto
2026-09-29T01:11:41+00:00 END 05_prefill_mistral7b_ours-16x64_r4 rc=0
2026-09-29T01:11:41+00:00 START 05_prefill_mistral7b_nvfp4-wB_r4 /home/dev/.conda/envs/n16k64/bin/python /home/dev/NVFP4-RaZeR/experiments/paper/bench_prefill.py --model mistral7b --label nvfp4-wB --round 4 --shapes 1x128,1x256,1x512,1x1024,1x2048,1x4096,1x8192,4x2048 --reps 7 --out /home/dev/n16k64_campaign/paper/latency/mistral7b/nvfp4-wB/round4.json --artifact /home/dev/n16k64_campaign/paper/artifacts/mistral7b_nvfp4 --kernel stock_wB
2026-09-29T01:12:16+00:00 END 05_prefill_mistral7b_nvfp4-wB_r4 rc=0
2026-09-29T01:12:16+00:00 START 05_prefill_mistral7b_ours-256x64-nvfp4act_r4 /home/dev/.conda/envs/n16k64/bin/python /home/dev/NVFP4-RaZeR/experiments/paper/bench_prefill.py --model mistral7b --label ours-256x64-nvfp4act --round 4 --shapes 1x128,1x256,1x512,1x1024,1x2048,1x4096,1x8192,4x2048 --reps 7 --out /home/dev/n16k64_campaign/paper/latency/mistral7b/ours-256x64-nvfp4act/round4.json --artifact /home/dev/n16k64_campaign/paper/artifacts/mistral7b_tc_256x64 --kernel auto --act-override nvfp4_rows
2026-09-29T01:12:50+00:00 END 05_prefill_mistral7b_ours-256x64-nvfp4act_r4 rc=0
2026-09-29T01:12:50+00:00 START 05_prefill_mistral7b_bf16_r4 /home/dev/.conda/envs/n16k64/bin/python /home/dev/NVFP4-RaZeR/experiments/paper/bench_prefill.py --model mistral7b --label bf16 --round 4 --shapes 1x128,1x256,1x512,1x1024,1x2048,1x4096,1x8192,4x2048 --reps 7 --out /home/dev/n16k64_campaign/paper/latency/mistral7b/bf16/round4.json
2026-09-29T01:13:39+00:00 END 05_prefill_mistral7b_bf16_r4 rc=0
2026-09-29T01:13:39+00:00 START 05_prefill_mistral7b_ours-8x64-nvfp4act_r4 /home/dev/.conda/envs/n16k64/bin/python /home/dev/NVFP4-RaZeR/experiments/paper/bench_prefill.py --model mistral7b --label ours-8x64-nvfp4act --round 4 --shapes 1x128,1x256,1x512,1x1024,1x2048,1x4096,1x8192,4x2048 --reps 7 --out /home/dev/n16k64_campaign/paper/latency/mistral7b/ours-8x64-nvfp4act/round4.json --artifact /home/dev/n16k64_campaign/paper/artifacts/mistral7b_tc_8x64 --kernel n8k64_wB --act-override nvfp4_rows
2026-09-29T01:14:14+00:00 END 05_prefill_mistral7b_ours-8x64-nvfp4act_r4 rc=0
2026-09-29T01:14:14+00:00 START 05_prefill_mistral7b_fo6-wB_r4 /home/dev/.conda/envs/n16k64/bin/python /home/dev/NVFP4-RaZeR/experiments/paper/bench_prefill.py --model mistral7b --label fo6-wB --round 4 --shapes 1x128,1x256,1x512,1x1024,1x2048,1x4096,1x8192,4x2048 --reps 7 --out /home/dev/n16k64_campaign/paper/latency/mistral7b/fo6-wB/round4.json --artifact /home/dev/n16k64_campaign/paper/artifacts/mistral7b_fo6 --kernel stock_wB
2026-09-29T01:14:48+00:00 END 05_prefill_mistral7b_fo6-wB_r4 rc=0
2026-09-29T01:14:48+00:00 05 mistral7b round 5 order fo6,ours-16x64,ours-256x64-nvfp4act,ours-8x64-nvfp4act,nvfp4-wB,fo6-wB,bf16,ours-16x64-nvfp4act,ours-256x64,ours-8x64,nvfp4 (seed 20260933)
2026-09-29T01:14:48+00:00 START 05_prefill_mistral7b_fo6_r5 /home/dev/.conda/envs/n16k64/bin/python /home/dev/NVFP4-RaZeR/experiments/paper/bench_prefill.py --model mistral7b --label fo6 --round 5 --shapes 1x128,1x256,1x512,1x1024,1x2048,1x4096,1x8192,4x2048 --reps 7 --out /home/dev/n16k64_campaign/paper/latency/mistral7b/fo6/round5.json --artifact /home/dev/n16k64_campaign/paper/artifacts/mistral7b_fo6 --kernel auto_stock
2026-09-29T01:15:22+00:00 END 05_prefill_mistral7b_fo6_r5 rc=0
2026-09-29T01:15:22+00:00 START 05_prefill_mistral7b_ours-16x64_r5 /home/dev/.conda/envs/n16k64/bin/python /home/dev/NVFP4-RaZeR/experiments/paper/bench_prefill.py --model mistral7b --label ours-16x64 --round 5 --shapes 1x128,1x256,1x512,1x1024,1x2048,1x4096,1x8192,4x2048 --reps 7 --out /home/dev/n16k64_campaign/paper/latency/mistral7b/ours-16x64/round5.json --artifact /home/dev/n16k64_campaign/paper/artifacts/mistral7b_tc_16x64 --kernel auto
2026-09-29T01:15:57+00:00 END 05_prefill_mistral7b_ours-16x64_r5 rc=0
2026-09-29T01:15:57+00:00 START 05_prefill_mistral7b_ours-256x64-nvfp4act_r5 /home/dev/.conda/envs/n16k64/bin/python /home/dev/NVFP4-RaZeR/experiments/paper/bench_prefill.py --model mistral7b --label ours-256x64-nvfp4act --round 5 --shapes 1x128,1x256,1x512,1x1024,1x2048,1x4096,1x8192,4x2048 --reps 7 --out /home/dev/n16k64_campaign/paper/latency/mistral7b/ours-256x64-nvfp4act/round5.json --artifact /home/dev/n16k64_campaign/paper/artifacts/mistral7b_tc_256x64 --kernel auto --act-override nvfp4_rows
2026-09-29T01:16:32+00:00 END 05_prefill_mistral7b_ours-256x64-nvfp4act_r5 rc=0
2026-09-29T01:16:32+00:00 START 05_prefill_mistral7b_ours-8x64-nvfp4act_r5 /home/dev/.conda/envs/n16k64/bin/python /home/dev/NVFP4-RaZeR/experiments/paper/bench_prefill.py --model mistral7b --label ours-8x64-nvfp4act --round 5 --shapes 1x128,1x256,1x512,1x1024,1x2048,1x4096,1x8192,4x2048 --reps 7 --out /home/dev/n16k64_campaign/paper/latency/mistral7b/ours-8x64-nvfp4act/round5.json --artifact /home/dev/n16k64_campaign/paper/artifacts/mistral7b_tc_8x64 --kernel n8k64_wB --act-override nvfp4_rows
2026-09-29T01:17:07+00:00 END 05_prefill_mistral7b_ours-8x64-nvfp4act_r5 rc=0
2026-09-29T01:17:07+00:00 START 05_prefill_mistral7b_nvfp4-wB_r5 /home/dev/.conda/envs/n16k64/bin/python /home/dev/NVFP4-RaZeR/experiments/paper/bench_prefill.py --model mistral7b --label nvfp4-wB --round 5 --shapes 1x128,1x256,1x512,1x1024,1x2048,1x4096,1x8192,4x2048 --reps 7 --out /home/dev/n16k64_campaign/paper/latency/mistral7b/nvfp4-wB/round5.json --artifact /home/dev/n16k64_campaign/paper/artifacts/mistral7b_nvfp4 --kernel stock_wB
2026-09-29T01:17:41+00:00 END 05_prefill_mistral7b_nvfp4-wB_r5 rc=0
2026-09-29T01:17:41+00:00 START 05_prefill_mistral7b_fo6-wB_r5 /home/dev/.conda/envs/n16k64/bin/python /home/dev/NVFP4-RaZeR/experiments/paper/bench_prefill.py --model mistral7b --label fo6-wB --round 5 --shapes 1x128,1x256,1x512,1x1024,1x2048,1x4096,1x8192,4x2048 --reps 7 --out /home/dev/n16k64_campaign/paper/latency/mistral7b/fo6-wB/round5.json --artifact /home/dev/n16k64_campaign/paper/artifacts/mistral7b_fo6 --kernel stock_wB
2026-09-29T01:18:16+00:00 END 05_prefill_mistral7b_fo6-wB_r5 rc=0
2026-09-29T01:18:16+00:00 START 05_prefill_mistral7b_bf16_r5 /home/dev/.conda/envs/n16k64/bin/python /home/dev/NVFP4-RaZeR/experiments/paper/bench_prefill.py --model mistral7b --label bf16 --round 5 --shapes 1x128,1x256,1x512,1x1024,1x2048,1x4096,1x8192,4x2048 --reps 7 --out /home/dev/n16k64_campaign/paper/latency/mistral7b/bf16/round5.json
2026-09-29T01:19:05+00:00 END 05_prefill_mistral7b_bf16_r5 rc=0
2026-09-29T01:19:05+00:00 START 05_prefill_mistral7b_ours-16x64-nvfp4act_r5 /home/dev/.conda/envs/n16k64/bin/python /home/dev/NVFP4-RaZeR/experiments/paper/bench_prefill.py --model mistral7b --label ours-16x64-nvfp4act --round 5 --shapes 1x128,1x256,1x512,1x1024,1x2048,1x4096,1x8192,4x2048 --reps 7 --out /home/dev/n16k64_campaign/paper/latency/mistral7b/ours-16x64-nvfp4act/round5.json --artifact /home/dev/n16k64_campaign/paper/artifacts/mistral7b_tc_16x64 --kernel auto --act-override nvfp4_rows
2026-09-29T01:19:40+00:00 END 05_prefill_mistral7b_ours-16x64-nvfp4act_r5 rc=0
2026-09-29T01:19:40+00:00 START 05_prefill_mistral7b_ours-256x64_r5 /home/dev/.conda/envs/n16k64/bin/python /home/dev/NVFP4-RaZeR/experiments/paper/bench_prefill.py --model mistral7b --label ours-256x64 --round 5 --shapes 1x128,1x256,1x512,1x1024,1x2048,1x4096,1x8192,4x2048 --reps 7 --out /home/dev/n16k64_campaign/paper/latency/mistral7b/ours-256x64/round5.json --artifact /home/dev/n16k64_campaign/paper/artifacts/mistral7b_tc_256x64 --kernel auto
2026-09-29T01:20:14+00:00 END 05_prefill_mistral7b_ours-256x64_r5 rc=0
2026-09-29T01:20:14+00:00 START 05_prefill_mistral7b_ours-8x64_r5 /home/dev/.conda/envs/n16k64/bin/python /home/dev/NVFP4-RaZeR/experiments/paper/bench_prefill.py --model mistral7b --label ours-8x64 --round 5 --shapes 1x128,1x256,1x512,1x1024,1x2048,1x4096,1x8192,4x2048 --reps 7 --out /home/dev/n16k64_campaign/paper/latency/mistral7b/ours-8x64/round5.json --artifact /home/dev/n16k64_campaign/paper/artifacts/mistral7b_tc_8x64 --kernel n8k64_wB
2026-09-29T01:20:49+00:00 END 05_prefill_mistral7b_ours-8x64_r5 rc=0
2026-09-29T01:20:49+00:00 START 05_prefill_mistral7b_nvfp4_r5 /home/dev/.conda/envs/n16k64/bin/python /home/dev/NVFP4-RaZeR/experiments/paper/bench_prefill.py --model mistral7b --label nvfp4 --round 5 --shapes 1x128,1x256,1x512,1x1024,1x2048,1x4096,1x8192,4x2048 --reps 7 --out /home/dev/n16k64_campaign/paper/latency/mistral7b/nvfp4/round5.json --artifact /home/dev/n16k64_campaign/paper/artifacts/mistral7b_nvfp4 --kernel auto_stock
2026-09-29T01:21:24+00:00 END 05_prefill_mistral7b_nvfp4_r5 rc=0
2026-09-29T01:21:24+00:00 05 phi4 round 1 order ours-8x64,bf16,ours-256x64,fo6,ours-256x64-nvfp4act,nvfp4-wB,nvfp4,ours-16x64,fo6-wB,ours-16x64-nvfp4act,ours-8x64-nvfp4act (seed 20260929)
2026-09-29T01:21:24+00:00 START 05_prefill_phi4_ours-8x64_r1 /home/dev/.conda/envs/n16k64/bin/python /home/dev/NVFP4-RaZeR/experiments/paper/bench_prefill.py --model phi4 --label ours-8x64 --round 1 --shapes 1x128,1x256,1x512,1x1024,1x2048,1x4096,1x8192,4x2048 --reps 7 --out /home/dev/n16k64_campaign/paper/latency/phi4/ours-8x64/round1.json --artifact /home/dev/n16k64_campaign/paper/artifacts/phi4_tc_8x64 --kernel n8k64_wB
2026-09-29T01:22:27+00:00 END 05_prefill_phi4_ours-8x64_r1 rc=0
2026-09-29T01:22:27+00:00 START 05_prefill_phi4_bf16_r1 /home/dev/.conda/envs/n16k64/bin/python /home/dev/NVFP4-RaZeR/experiments/paper/bench_prefill.py --model phi4 --label bf16 --round 1 --shapes 1x128,1x256,1x512,1x1024,1x2048,1x4096,1x8192,4x2048 --reps 7 --out /home/dev/n16k64_campaign/paper/latency/phi4/bf16/round1.json
2026-09-29T01:23:55+00:00 END 05_prefill_phi4_bf16_r1 rc=0
2026-09-29T01:23:55+00:00 START 05_prefill_phi4_ours-256x64_r1 /home/dev/.conda/envs/n16k64/bin/python /home/dev/NVFP4-RaZeR/experiments/paper/bench_prefill.py --model phi4 --label ours-256x64 --round 1 --shapes 1x128,1x256,1x512,1x1024,1x2048,1x4096,1x8192,4x2048 --reps 7 --out /home/dev/n16k64_campaign/paper/latency/phi4/ours-256x64/round1.json --artifact /home/dev/n16k64_campaign/paper/artifacts/phi4_tc_256x64 --kernel auto
2026-09-29T01:24:57+00:00 END 05_prefill_phi4_ours-256x64_r1 rc=0
2026-09-29T01:24:57+00:00 START 05_prefill_phi4_fo6_r1 /home/dev/.conda/envs/n16k64/bin/python /home/dev/NVFP4-RaZeR/experiments/paper/bench_prefill.py --model phi4 --label fo6 --round 1 --shapes 1x128,1x256,1x512,1x1024,1x2048,1x4096,1x8192,4x2048 --reps 7 --out /home/dev/n16k64_campaign/paper/latency/phi4/fo6/round1.json --artifact /home/dev/n16k64_campaign/paper/artifacts/phi4_fo6 --kernel auto_stock
2026-09-29T01:25:58+00:00 END 05_prefill_phi4_fo6_r1 rc=0
2026-09-29T01:25:58+00:00 START 05_prefill_phi4_ours-256x64-nvfp4act_r1 /home/dev/.conda/envs/n16k64/bin/python /home/dev/NVFP4-RaZeR/experiments/paper/bench_prefill.py --model phi4 --label ours-256x64-nvfp4act --round 1 --shapes 1x128,1x256,1x512,1x1024,1x2048,1x4096,1x8192,4x2048 --reps 7 --out /home/dev/n16k64_campaign/paper/latency/phi4/ours-256x64-nvfp4act/round1.json --artifact /home/dev/n16k64_campaign/paper/artifacts/phi4_tc_256x64 --kernel auto --act-override nvfp4_rows
2026-09-29T01:26:59+00:00 END 05_prefill_phi4_ours-256x64-nvfp4act_r1 rc=0
2026-09-29T01:26:59+00:00 START 05_prefill_phi4_nvfp4-wB_r1 /home/dev/.conda/envs/n16k64/bin/python /home/dev/NVFP4-RaZeR/experiments/paper/bench_prefill.py --model phi4 --label nvfp4-wB --round 1 --shapes 1x128,1x256,1x512,1x1024,1x2048,1x4096,1x8192,4x2048 --reps 7 --out /home/dev/n16k64_campaign/paper/latency/phi4/nvfp4-wB/round1.json --artifact /home/dev/n16k64_campaign/paper/artifacts/phi4_nvfp4 --kernel stock_wB
2026-09-29T01:28:00+00:00 END 05_prefill_phi4_nvfp4-wB_r1 rc=0
2026-09-29T01:28:00+00:00 START 05_prefill_phi4_nvfp4_r1 /home/dev/.conda/envs/n16k64/bin/python /home/dev/NVFP4-RaZeR/experiments/paper/bench_prefill.py --model phi4 --label nvfp4 --round 1 --shapes 1x128,1x256,1x512,1x1024,1x2048,1x4096,1x8192,4x2048 --reps 7 --out /home/dev/n16k64_campaign/paper/latency/phi4/nvfp4/round1.json --artifact /home/dev/n16k64_campaign/paper/artifacts/phi4_nvfp4 --kernel auto_stock
2026-09-29T01:29:01+00:00 END 05_prefill_phi4_nvfp4_r1 rc=0
2026-09-29T01:29:01+00:00 START 05_prefill_phi4_ours-16x64_r1 /home/dev/.conda/envs/n16k64/bin/python /home/dev/NVFP4-RaZeR/experiments/paper/bench_prefill.py --model phi4 --label ours-16x64 --round 1 --shapes 1x128,1x256,1x512,1x1024,1x2048,1x4096,1x8192,4x2048 --reps 7 --out /home/dev/n16k64_campaign/paper/latency/phi4/ours-16x64/round1.json --artifact /home/dev/n16k64_campaign/paper/artifacts/phi4_tc_16x64 --kernel auto
2026-09-29T01:30:02+00:00 END 05_prefill_phi4_ours-16x64_r1 rc=0
2026-09-29T01:30:02+00:00 START 05_prefill_phi4_fo6-wB_r1 /home/dev/.conda/envs/n16k64/bin/python /home/dev/NVFP4-RaZeR/experiments/paper/bench_prefill.py --model phi4 --label fo6-wB --round 1 --shapes 1x128,1x256,1x512,1x1024,1x2048,1x4096,1x8192,4x2048 --reps 7 --out /home/dev/n16k64_campaign/paper/latency/phi4/fo6-wB/round1.json --artifact /home/dev/n16k64_campaign/paper/artifacts/phi4_fo6 --kernel stock_wB
2026-09-29T01:31:03+00:00 END 05_prefill_phi4_fo6-wB_r1 rc=0
2026-09-29T01:31:03+00:00 START 05_prefill_phi4_ours-16x64-nvfp4act_r1 /home/dev/.conda/envs/n16k64/bin/python /home/dev/NVFP4-RaZeR/experiments/paper/bench_prefill.py --model phi4 --label ours-16x64-nvfp4act --round 1 --shapes 1x128,1x256,1x512,1x1024,1x2048,1x4096,1x8192,4x2048 --reps 7 --out /home/dev/n16k64_campaign/paper/latency/phi4/ours-16x64-nvfp4act/round1.json --artifact /home/dev/n16k64_campaign/paper/artifacts/phi4_tc_16x64 --kernel auto --act-override nvfp4_rows
2026-09-29T01:32:04+00:00 END 05_prefill_phi4_ours-16x64-nvfp4act_r1 rc=0
2026-09-29T01:32:04+00:00 START 05_prefill_phi4_ours-8x64-nvfp4act_r1 /home/dev/.conda/envs/n16k64/bin/python /home/dev/NVFP4-RaZeR/experiments/paper/bench_prefill.py --model phi4 --label ours-8x64-nvfp4act --round 1 --shapes 1x128,1x256,1x512,1x1024,1x2048,1x4096,1x8192,4x2048 --reps 7 --out /home/dev/n16k64_campaign/paper/latency/phi4/ours-8x64-nvfp4act/round1.json --artifact /home/dev/n16k64_campaign/paper/artifacts/phi4_tc_8x64 --kernel n8k64_wB --act-override nvfp4_rows
2026-09-29T01:33:07+00:00 END 05_prefill_phi4_ours-8x64-nvfp4act_r1 rc=0
2026-09-29T01:33:07+00:00 05 phi4 round 2 order fo6,nvfp4,ours-256x64,bf16,ours-16x64-nvfp4act,ours-256x64-nvfp4act,ours-8x64,fo6-wB,nvfp4-wB,ours-8x64-nvfp4act,ours-16x64 (seed 20260930)
2026-09-29T01:33:07+00:00 START 05_prefill_phi4_fo6_r2 /home/dev/.conda/envs/n16k64/bin/python /home/dev/NVFP4-RaZeR/experiments/paper/bench_prefill.py --model phi4 --label fo6 --round 2 --shapes 1x128,1x256,1x512,1x1024,1x2048,1x4096,1x8192,4x2048 --reps 7 --out /home/dev/n16k64_campaign/paper/latency/phi4/fo6/round2.json --artifact /home/dev/n16k64_campaign/paper/artifacts/phi4_fo6 --kernel auto_stock
2026-09-29T01:34:07+00:00 END 05_prefill_phi4_fo6_r2 rc=0
2026-09-29T01:34:07+00:00 START 05_prefill_phi4_nvfp4_r2 /home/dev/.conda/envs/n16k64/bin/python /home/dev/NVFP4-RaZeR/experiments/paper/bench_prefill.py --model phi4 --label nvfp4 --round 2 --shapes 1x128,1x256,1x512,1x1024,1x2048,1x4096,1x8192,4x2048 --reps 7 --out /home/dev/n16k64_campaign/paper/latency/phi4/nvfp4/round2.json --artifact /home/dev/n16k64_campaign/paper/artifacts/phi4_nvfp4 --kernel auto_stock
2026-09-29T01:35:07+00:00 END 05_prefill_phi4_nvfp4_r2 rc=0
2026-09-29T01:35:07+00:00 START 05_prefill_phi4_ours-256x64_r2 /home/dev/.conda/envs/n16k64/bin/python /home/dev/NVFP4-RaZeR/experiments/paper/bench_prefill.py --model phi4 --label ours-256x64 --round 2 --shapes 1x128,1x256,1x512,1x1024,1x2048,1x4096,1x8192,4x2048 --reps 7 --out /home/dev/n16k64_campaign/paper/latency/phi4/ours-256x64/round2.json --artifact /home/dev/n16k64_campaign/paper/artifacts/phi4_tc_256x64 --kernel auto
2026-09-29T01:36:09+00:00 END 05_prefill_phi4_ours-256x64_r2 rc=0
2026-09-29T01:36:09+00:00 START 05_prefill_phi4_bf16_r2 /home/dev/.conda/envs/n16k64/bin/python /home/dev/NVFP4-RaZeR/experiments/paper/bench_prefill.py --model phi4 --label bf16 --round 2 --shapes 1x128,1x256,1x512,1x1024,1x2048,1x4096,1x8192,4x2048 --reps 7 --out /home/dev/n16k64_campaign/paper/latency/phi4/bf16/round2.json
2026-09-29T01:37:37+00:00 END 05_prefill_phi4_bf16_r2 rc=0
2026-09-29T01:37:37+00:00 START 05_prefill_phi4_ours-16x64-nvfp4act_r2 /home/dev/.conda/envs/n16k64/bin/python /home/dev/NVFP4-RaZeR/experiments/paper/bench_prefill.py --model phi4 --label ours-16x64-nvfp4act --round 2 --shapes 1x128,1x256,1x512,1x1024,1x2048,1x4096,1x8192,4x2048 --reps 7 --out /home/dev/n16k64_campaign/paper/latency/phi4/ours-16x64-nvfp4act/round2.json --artifact /home/dev/n16k64_campaign/paper/artifacts/phi4_tc_16x64 --kernel auto --act-override nvfp4_rows
2026-09-29T01:38:39+00:00 END 05_prefill_phi4_ours-16x64-nvfp4act_r2 rc=0
2026-09-29T01:38:39+00:00 START 05_prefill_phi4_ours-256x64-nvfp4act_r2 /home/dev/.conda/envs/n16k64/bin/python /home/dev/NVFP4-RaZeR/experiments/paper/bench_prefill.py --model phi4 --label ours-256x64-nvfp4act --round 2 --shapes 1x128,1x256,1x512,1x1024,1x2048,1x4096,1x8192,4x2048 --reps 7 --out /home/dev/n16k64_campaign/paper/latency/phi4/ours-256x64-nvfp4act/round2.json --artifact /home/dev/n16k64_campaign/paper/artifacts/phi4_tc_256x64 --kernel auto --act-override nvfp4_rows
2026-09-29T01:39:40+00:00 END 05_prefill_phi4_ours-256x64-nvfp4act_r2 rc=0
2026-09-29T01:39:40+00:00 START 05_prefill_phi4_ours-8x64_r2 /home/dev/.conda/envs/n16k64/bin/python /home/dev/NVFP4-RaZeR/experiments/paper/bench_prefill.py --model phi4 --label ours-8x64 --round 2 --shapes 1x128,1x256,1x512,1x1024,1x2048,1x4096,1x8192,4x2048 --reps 7 --out /home/dev/n16k64_campaign/paper/latency/phi4/ours-8x64/round2.json --artifact /home/dev/n16k64_campaign/paper/artifacts/phi4_tc_8x64 --kernel n8k64_wB
2026-09-29T01:40:43+00:00 END 05_prefill_phi4_ours-8x64_r2 rc=0
2026-09-29T01:40:43+00:00 START 05_prefill_phi4_fo6-wB_r2 /home/dev/.conda/envs/n16k64/bin/python /home/dev/NVFP4-RaZeR/experiments/paper/bench_prefill.py --model phi4 --label fo6-wB --round 2 --shapes 1x128,1x256,1x512,1x1024,1x2048,1x4096,1x8192,4x2048 --reps 7 --out /home/dev/n16k64_campaign/paper/latency/phi4/fo6-wB/round2.json --artifact /home/dev/n16k64_campaign/paper/artifacts/phi4_fo6 --kernel stock_wB
2026-09-29T01:41:44+00:00 END 05_prefill_phi4_fo6-wB_r2 rc=0
2026-09-29T01:41:44+00:00 START 05_prefill_phi4_nvfp4-wB_r2 /home/dev/.conda/envs/n16k64/bin/python /home/dev/NVFP4-RaZeR/experiments/paper/bench_prefill.py --model phi4 --label nvfp4-wB --round 2 --shapes 1x128,1x256,1x512,1x1024,1x2048,1x4096,1x8192,4x2048 --reps 7 --out /home/dev/n16k64_campaign/paper/latency/phi4/nvfp4-wB/round2.json --artifact /home/dev/n16k64_campaign/paper/artifacts/phi4_nvfp4 --kernel stock_wB
2026-09-29T01:42:44+00:00 END 05_prefill_phi4_nvfp4-wB_r2 rc=0
2026-09-29T01:42:44+00:00 START 05_prefill_phi4_ours-8x64-nvfp4act_r2 /home/dev/.conda/envs/n16k64/bin/python /home/dev/NVFP4-RaZeR/experiments/paper/bench_prefill.py --model phi4 --label ours-8x64-nvfp4act --round 2 --shapes 1x128,1x256,1x512,1x1024,1x2048,1x4096,1x8192,4x2048 --reps 7 --out /home/dev/n16k64_campaign/paper/latency/phi4/ours-8x64-nvfp4act/round2.json --artifact /home/dev/n16k64_campaign/paper/artifacts/phi4_tc_8x64 --kernel n8k64_wB --act-override nvfp4_rows
2026-09-29T01:43:47+00:00 END 05_prefill_phi4_ours-8x64-nvfp4act_r2 rc=0
2026-09-29T01:43:47+00:00 START 05_prefill_phi4_ours-16x64_r2 /home/dev/.conda/envs/n16k64/bin/python /home/dev/NVFP4-RaZeR/experiments/paper/bench_prefill.py --model phi4 --label ours-16x64 --round 2 --shapes 1x128,1x256,1x512,1x1024,1x2048,1x4096,1x8192,4x2048 --reps 7 --out /home/dev/n16k64_campaign/paper/latency/phi4/ours-16x64/round2.json --artifact /home/dev/n16k64_campaign/paper/artifacts/phi4_tc_16x64 --kernel auto
2026-09-29T01:44:49+00:00 END 05_prefill_phi4_ours-16x64_r2 rc=0
2026-09-29T01:44:49+00:00 05 phi4 round 3 order ours-8x64-nvfp4act,ours-16x64-nvfp4act,ours-256x64,nvfp4-wB,ours-16x64,ours-8x64,bf16,nvfp4,fo6-wB,ours-256x64-nvfp4act,fo6 (seed 20260931)
2026-09-29T01:44:49+00:00 START 05_prefill_phi4_ours-8x64-nvfp4act_r3 /home/dev/.conda/envs/n16k64/bin/python /home/dev/NVFP4-RaZeR/experiments/paper/bench_prefill.py --model phi4 --label ours-8x64-nvfp4act --round 3 --shapes 1x128,1x256,1x512,1x1024,1x2048,1x4096,1x8192,4x2048 --reps 7 --out /home/dev/n16k64_campaign/paper/latency/phi4/ours-8x64-nvfp4act/round3.json --artifact /home/dev/n16k64_campaign/paper/artifacts/phi4_tc_8x64 --kernel n8k64_wB --act-override nvfp4_rows
2026-09-29T01:45:52+00:00 END 05_prefill_phi4_ours-8x64-nvfp4act_r3 rc=0
2026-09-29T01:45:52+00:00 START 05_prefill_phi4_ours-16x64-nvfp4act_r3 /home/dev/.conda/envs/n16k64/bin/python /home/dev/NVFP4-RaZeR/experiments/paper/bench_prefill.py --model phi4 --label ours-16x64-nvfp4act --round 3 --shapes 1x128,1x256,1x512,1x1024,1x2048,1x4096,1x8192,4x2048 --reps 7 --out /home/dev/n16k64_campaign/paper/latency/phi4/ours-16x64-nvfp4act/round3.json --artifact /home/dev/n16k64_campaign/paper/artifacts/phi4_tc_16x64 --kernel auto --act-override nvfp4_rows
2026-09-29T01:46:54+00:00 END 05_prefill_phi4_ours-16x64-nvfp4act_r3 rc=0
2026-09-29T01:46:54+00:00 START 05_prefill_phi4_ours-256x64_r3 /home/dev/.conda/envs/n16k64/bin/python /home/dev/NVFP4-RaZeR/experiments/paper/bench_prefill.py --model phi4 --label ours-256x64 --round 3 --shapes 1x128,1x256,1x512,1x1024,1x2048,1x4096,1x8192,4x2048 --reps 7 --out /home/dev/n16k64_campaign/paper/latency/phi4/ours-256x64/round3.json --artifact /home/dev/n16k64_campaign/paper/artifacts/phi4_tc_256x64 --kernel auto
2026-09-29T01:47:55+00:00 END 05_prefill_phi4_ours-256x64_r3 rc=0
2026-09-29T01:47:55+00:00 START 05_prefill_phi4_nvfp4-wB_r3 /home/dev/.conda/envs/n16k64/bin/python /home/dev/NVFP4-RaZeR/experiments/paper/bench_prefill.py --model phi4 --label nvfp4-wB --round 3 --shapes 1x128,1x256,1x512,1x1024,1x2048,1x4096,1x8192,4x2048 --reps 7 --out /home/dev/n16k64_campaign/paper/latency/phi4/nvfp4-wB/round3.json --artifact /home/dev/n16k64_campaign/paper/artifacts/phi4_nvfp4 --kernel stock_wB
2026-09-29T01:48:57+00:00 END 05_prefill_phi4_nvfp4-wB_r3 rc=0
2026-09-29T01:48:57+00:00 START 05_prefill_phi4_ours-16x64_r3 /home/dev/.conda/envs/n16k64/bin/python /home/dev/NVFP4-RaZeR/experiments/paper/bench_prefill.py --model phi4 --label ours-16x64 --round 3 --shapes 1x128,1x256,1x512,1x1024,1x2048,1x4096,1x8192,4x2048 --reps 7 --out /home/dev/n16k64_campaign/paper/latency/phi4/ours-16x64/round3.json --artifact /home/dev/n16k64_campaign/paper/artifacts/phi4_tc_16x64 --kernel auto
2026-09-29T01:49:58+00:00 END 05_prefill_phi4_ours-16x64_r3 rc=0
2026-09-29T01:49:58+00:00 START 05_prefill_phi4_ours-8x64_r3 /home/dev/.conda/envs/n16k64/bin/python /home/dev/NVFP4-RaZeR/experiments/paper/bench_prefill.py --model phi4 --label ours-8x64 --round 3 --shapes 1x128,1x256,1x512,1x1024,1x2048,1x4096,1x8192,4x2048 --reps 7 --out /home/dev/n16k64_campaign/paper/latency/phi4/ours-8x64/round3.json --artifact /home/dev/n16k64_campaign/paper/artifacts/phi4_tc_8x64 --kernel n8k64_wB
2026-09-29T01:51:00+00:00 END 05_prefill_phi4_ours-8x64_r3 rc=0
2026-09-29T01:51:00+00:00 START 05_prefill_phi4_bf16_r3 /home/dev/.conda/envs/n16k64/bin/python /home/dev/NVFP4-RaZeR/experiments/paper/bench_prefill.py --model phi4 --label bf16 --round 3 --shapes 1x128,1x256,1x512,1x1024,1x2048,1x4096,1x8192,4x2048 --reps 7 --out /home/dev/n16k64_campaign/paper/latency/phi4/bf16/round3.json
2026-09-29T01:52:29+00:00 END 05_prefill_phi4_bf16_r3 rc=0
2026-09-29T01:52:29+00:00 START 05_prefill_phi4_nvfp4_r3 /home/dev/.conda/envs/n16k64/bin/python /home/dev/NVFP4-RaZeR/experiments/paper/bench_prefill.py --model phi4 --label nvfp4 --round 3 --shapes 1x128,1x256,1x512,1x1024,1x2048,1x4096,1x8192,4x2048 --reps 7 --out /home/dev/n16k64_campaign/paper/latency/phi4/nvfp4/round3.json --artifact /home/dev/n16k64_campaign/paper/artifacts/phi4_nvfp4 --kernel auto_stock
2026-09-29T01:53:30+00:00 END 05_prefill_phi4_nvfp4_r3 rc=0
2026-09-29T01:53:30+00:00 START 05_prefill_phi4_fo6-wB_r3 /home/dev/.conda/envs/n16k64/bin/python /home/dev/NVFP4-RaZeR/experiments/paper/bench_prefill.py --model phi4 --label fo6-wB --round 3 --shapes 1x128,1x256,1x512,1x1024,1x2048,1x4096,1x8192,4x2048 --reps 7 --out /home/dev/n16k64_campaign/paper/latency/phi4/fo6-wB/round3.json --artifact /home/dev/n16k64_campaign/paper/artifacts/phi4_fo6 --kernel stock_wB
2026-09-29T01:54:31+00:00 END 05_prefill_phi4_fo6-wB_r3 rc=0
2026-09-29T01:54:31+00:00 START 05_prefill_phi4_ours-256x64-nvfp4act_r3 /home/dev/.conda/envs/n16k64/bin/python /home/dev/NVFP4-RaZeR/experiments/paper/bench_prefill.py --model phi4 --label ours-256x64-nvfp4act --round 3 --shapes 1x128,1x256,1x512,1x1024,1x2048,1x4096,1x8192,4x2048 --reps 7 --out /home/dev/n16k64_campaign/paper/latency/phi4/ours-256x64-nvfp4act/round3.json --artifact /home/dev/n16k64_campaign/paper/artifacts/phi4_tc_256x64 --kernel auto --act-override nvfp4_rows
2026-09-29T01:55:32+00:00 END 05_prefill_phi4_ours-256x64-nvfp4act_r3 rc=0
2026-09-29T01:55:32+00:00 START 05_prefill_phi4_fo6_r3 /home/dev/.conda/envs/n16k64/bin/python /home/dev/NVFP4-RaZeR/experiments/paper/bench_prefill.py --model phi4 --label fo6 --round 3 --shapes 1x128,1x256,1x512,1x1024,1x2048,1x4096,1x8192,4x2048 --reps 7 --out /home/dev/n16k64_campaign/paper/latency/phi4/fo6/round3.json --artifact /home/dev/n16k64_campaign/paper/artifacts/phi4_fo6 --kernel auto_stock
2026-09-29T01:56:33+00:00 END 05_prefill_phi4_fo6_r3 rc=0
2026-09-29T01:56:33+00:00 05 phi4 round 4 order ours-16x64-nvfp4act,nvfp4,ours-256x64,fo6,ours-8x64,ours-16x64,nvfp4-wB,ours-256x64-nvfp4act,bf16,ours-8x64-nvfp4act,fo6-wB (seed 20260932)
2026-09-29T01:56:33+00:00 START 05_prefill_phi4_ours-16x64-nvfp4act_r4 /home/dev/.conda/envs/n16k64/bin/python /home/dev/NVFP4-RaZeR/experiments/paper/bench_prefill.py --model phi4 --label ours-16x64-nvfp4act --round 4 --shapes 1x128,1x256,1x512,1x1024,1x2048,1x4096,1x8192,4x2048 --reps 7 --out /home/dev/n16k64_campaign/paper/latency/phi4/ours-16x64-nvfp4act/round4.json --artifact /home/dev/n16k64_campaign/paper/artifacts/phi4_tc_16x64 --kernel auto --act-override nvfp4_rows
2026-09-29T01:57:34+00:00 END 05_prefill_phi4_ours-16x64-nvfp4act_r4 rc=0
2026-09-29T01:57:34+00:00 START 05_prefill_phi4_nvfp4_r4 /home/dev/.conda/envs/n16k64/bin/python /home/dev/NVFP4-RaZeR/experiments/paper/bench_prefill.py --model phi4 --label nvfp4 --round 4 --shapes 1x128,1x256,1x512,1x1024,1x2048,1x4096,1x8192,4x2048 --reps 7 --out /home/dev/n16k64_campaign/paper/latency/phi4/nvfp4/round4.json --artifact /home/dev/n16k64_campaign/paper/artifacts/phi4_nvfp4 --kernel auto_stock
2026-09-29T01:58:35+00:00 END 05_prefill_phi4_nvfp4_r4 rc=0
2026-09-29T01:58:35+00:00 START 05_prefill_phi4_ours-256x64_r4 /home/dev/.conda/envs/n16k64/bin/python /home/dev/NVFP4-RaZeR/experiments/paper/bench_prefill.py --model phi4 --label ours-256x64 --round 4 --shapes 1x128,1x256,1x512,1x1024,1x2048,1x4096,1x8192,4x2048 --reps 7 --out /home/dev/n16k64_campaign/paper/latency/phi4/ours-256x64/round4.json --artifact /home/dev/n16k64_campaign/paper/artifacts/phi4_tc_256x64 --kernel auto
2026-09-29T01:59:36+00:00 END 05_prefill_phi4_ours-256x64_r4 rc=0
2026-09-29T01:59:36+00:00 START 05_prefill_phi4_fo6_r4 /home/dev/.conda/envs/n16k64/bin/python /home/dev/NVFP4-RaZeR/experiments/paper/bench_prefill.py --model phi4 --label fo6 --round 4 --shapes 1x128,1x256,1x512,1x1024,1x2048,1x4096,1x8192,4x2048 --reps 7 --out /home/dev/n16k64_campaign/paper/latency/phi4/fo6/round4.json --artifact /home/dev/n16k64_campaign/paper/artifacts/phi4_fo6 --kernel auto_stock
2026-09-29T02:00:37+00:00 END 05_prefill_phi4_fo6_r4 rc=0
2026-09-29T02:00:37+00:00 START 05_prefill_phi4_ours-8x64_r4 /home/dev/.conda/envs/n16k64/bin/python /home/dev/NVFP4-RaZeR/experiments/paper/bench_prefill.py --model phi4 --label ours-8x64 --round 4 --shapes 1x128,1x256,1x512,1x1024,1x2048,1x4096,1x8192,4x2048 --reps 7 --out /home/dev/n16k64_campaign/paper/latency/phi4/ours-8x64/round4.json --artifact /home/dev/n16k64_campaign/paper/artifacts/phi4_tc_8x64 --kernel n8k64_wB
2026-09-29T02:01:39+00:00 END 05_prefill_phi4_ours-8x64_r4 rc=0
2026-09-29T02:01:39+00:00 START 05_prefill_phi4_ours-16x64_r4 /home/dev/.conda/envs/n16k64/bin/python /home/dev/NVFP4-RaZeR/experiments/paper/bench_prefill.py --model phi4 --label ours-16x64 --round 4 --shapes 1x128,1x256,1x512,1x1024,1x2048,1x4096,1x8192,4x2048 --reps 7 --out /home/dev/n16k64_campaign/paper/latency/phi4/ours-16x64/round4.json --artifact /home/dev/n16k64_campaign/paper/artifacts/phi4_tc_16x64 --kernel auto
2026-09-29T02:02:41+00:00 END 05_prefill_phi4_ours-16x64_r4 rc=0
2026-09-29T02:02:41+00:00 START 05_prefill_phi4_nvfp4-wB_r4 /home/dev/.conda/envs/n16k64/bin/python /home/dev/NVFP4-RaZeR/experiments/paper/bench_prefill.py --model phi4 --label nvfp4-wB --round 4 --shapes 1x128,1x256,1x512,1x1024,1x2048,1x4096,1x8192,4x2048 --reps 7 --out /home/dev/n16k64_campaign/paper/latency/phi4/nvfp4-wB/round4.json --artifact /home/dev/n16k64_campaign/paper/artifacts/phi4_nvfp4 --kernel stock_wB
2026-09-29T02:03:41+00:00 END 05_prefill_phi4_nvfp4-wB_r4 rc=0
2026-09-29T02:03:41+00:00 START 05_prefill_phi4_ours-256x64-nvfp4act_r4 /home/dev/.conda/envs/n16k64/bin/python /home/dev/NVFP4-RaZeR/experiments/paper/bench_prefill.py --model phi4 --label ours-256x64-nvfp4act --round 4 --shapes 1x128,1x256,1x512,1x1024,1x2048,1x4096,1x8192,4x2048 --reps 7 --out /home/dev/n16k64_campaign/paper/latency/phi4/ours-256x64-nvfp4act/round4.json --artifact /home/dev/n16k64_campaign/paper/artifacts/phi4_tc_256x64 --kernel auto --act-override nvfp4_rows
2026-09-29T02:04:43+00:00 END 05_prefill_phi4_ours-256x64-nvfp4act_r4 rc=0
2026-09-29T02:04:43+00:00 START 05_prefill_phi4_bf16_r4 /home/dev/.conda/envs/n16k64/bin/python /home/dev/NVFP4-RaZeR/experiments/paper/bench_prefill.py --model phi4 --label bf16 --round 4 --shapes 1x128,1x256,1x512,1x1024,1x2048,1x4096,1x8192,4x2048 --reps 7 --out /home/dev/n16k64_campaign/paper/latency/phi4/bf16/round4.json
2026-09-29T02:06:12+00:00 END 05_prefill_phi4_bf16_r4 rc=0
2026-09-29T02:06:12+00:00 START 05_prefill_phi4_ours-8x64-nvfp4act_r4 /home/dev/.conda/envs/n16k64/bin/python /home/dev/NVFP4-RaZeR/experiments/paper/bench_prefill.py --model phi4 --label ours-8x64-nvfp4act --round 4 --shapes 1x128,1x256,1x512,1x1024,1x2048,1x4096,1x8192,4x2048 --reps 7 --out /home/dev/n16k64_campaign/paper/latency/phi4/ours-8x64-nvfp4act/round4.json --artifact /home/dev/n16k64_campaign/paper/artifacts/phi4_tc_8x64 --kernel n8k64_wB --act-override nvfp4_rows
2026-09-29T02:07:15+00:00 END 05_prefill_phi4_ours-8x64-nvfp4act_r4 rc=0
2026-09-29T02:07:15+00:00 START 05_prefill_phi4_fo6-wB_r4 /home/dev/.conda/envs/n16k64/bin/python /home/dev/NVFP4-RaZeR/experiments/paper/bench_prefill.py --model phi4 --label fo6-wB --round 4 --shapes 1x128,1x256,1x512,1x1024,1x2048,1x4096,1x8192,4x2048 --reps 7 --out /home/dev/n16k64_campaign/paper/latency/phi4/fo6-wB/round4.json --artifact /home/dev/n16k64_campaign/paper/artifacts/phi4_fo6 --kernel stock_wB
2026-09-29T02:08:17+00:00 END 05_prefill_phi4_fo6-wB_r4 rc=0
2026-09-29T02:08:17+00:00 05 phi4 round 5 order fo6,ours-16x64,ours-256x64-nvfp4act,ours-8x64-nvfp4act,nvfp4-wB,fo6-wB,bf16,ours-16x64-nvfp4act,ours-256x64,ours-8x64,nvfp4 (seed 20260933)
2026-09-29T02:08:17+00:00 START 05_prefill_phi4_fo6_r5 /home/dev/.conda/envs/n16k64/bin/python /home/dev/NVFP4-RaZeR/experiments/paper/bench_prefill.py --model phi4 --label fo6 --round 5 --shapes 1x128,1x256,1x512,1x1024,1x2048,1x4096,1x8192,4x2048 --reps 7 --out /home/dev/n16k64_campaign/paper/latency/phi4/fo6/round5.json --artifact /home/dev/n16k64_campaign/paper/artifacts/phi4_fo6 --kernel auto_stock
2026-09-29T02:09:18+00:00 END 05_prefill_phi4_fo6_r5 rc=0
2026-09-29T02:09:18+00:00 START 05_prefill_phi4_ours-16x64_r5 /home/dev/.conda/envs/n16k64/bin/python /home/dev/NVFP4-RaZeR/experiments/paper/bench_prefill.py --model phi4 --label ours-16x64 --round 5 --shapes 1x128,1x256,1x512,1x1024,1x2048,1x4096,1x8192,4x2048 --reps 7 --out /home/dev/n16k64_campaign/paper/latency/phi4/ours-16x64/round5.json --artifact /home/dev/n16k64_campaign/paper/artifacts/phi4_tc_16x64 --kernel auto
2026-09-29T02:10:19+00:00 END 05_prefill_phi4_ours-16x64_r5 rc=0
2026-09-29T02:10:19+00:00 START 05_prefill_phi4_ours-256x64-nvfp4act_r5 /home/dev/.conda/envs/n16k64/bin/python /home/dev/NVFP4-RaZeR/experiments/paper/bench_prefill.py --model phi4 --label ours-256x64-nvfp4act --round 5 --shapes 1x128,1x256,1x512,1x1024,1x2048,1x4096,1x8192,4x2048 --reps 7 --out /home/dev/n16k64_campaign/paper/latency/phi4/ours-256x64-nvfp4act/round5.json --artifact /home/dev/n16k64_campaign/paper/artifacts/phi4_tc_256x64 --kernel auto --act-override nvfp4_rows
2026-09-29T02:11:20+00:00 END 05_prefill_phi4_ours-256x64-nvfp4act_r5 rc=0
2026-09-29T02:11:20+00:00 START 05_prefill_phi4_ours-8x64-nvfp4act_r5 /home/dev/.conda/envs/n16k64/bin/python /home/dev/NVFP4-RaZeR/experiments/paper/bench_prefill.py --model phi4 --label ours-8x64-nvfp4act --round 5 --shapes 1x128,1x256,1x512,1x1024,1x2048,1x4096,1x8192,4x2048 --reps 7 --out /home/dev/n16k64_campaign/paper/latency/phi4/ours-8x64-nvfp4act/round5.json --artifact /home/dev/n16k64_campaign/paper/artifacts/phi4_tc_8x64 --kernel n8k64_wB --act-override nvfp4_rows
2026-09-29T02:12:23+00:00 END 05_prefill_phi4_ours-8x64-nvfp4act_r5 rc=0
2026-09-29T02:12:23+00:00 START 05_prefill_phi4_nvfp4-wB_r5 /home/dev/.conda/envs/n16k64/bin/python /home/dev/NVFP4-RaZeR/experiments/paper/bench_prefill.py --model phi4 --label nvfp4-wB --round 5 --shapes 1x128,1x256,1x512,1x1024,1x2048,1x4096,1x8192,4x2048 --reps 7 --out /home/dev/n16k64_campaign/paper/latency/phi4/nvfp4-wB/round5.json --artifact /home/dev/n16k64_campaign/paper/artifacts/phi4_nvfp4 --kernel stock_wB
2026-09-29T02:13:24+00:00 END 05_prefill_phi4_nvfp4-wB_r5 rc=0
2026-09-29T02:13:24+00:00 START 05_prefill_phi4_fo6-wB_r5 /home/dev/.conda/envs/n16k64/bin/python /home/dev/NVFP4-RaZeR/experiments/paper/bench_prefill.py --model phi4 --label fo6-wB --round 5 --shapes 1x128,1x256,1x512,1x1024,1x2048,1x4096,1x8192,4x2048 --reps 7 --out /home/dev/n16k64_campaign/paper/latency/phi4/fo6-wB/round5.json --artifact /home/dev/n16k64_campaign/paper/artifacts/phi4_fo6 --kernel stock_wB
2026-09-29T02:14:24+00:00 END 05_prefill_phi4_fo6-wB_r5 rc=0
2026-09-29T02:14:24+00:00 START 05_prefill_phi4_bf16_r5 /home/dev/.conda/envs/n16k64/bin/python /home/dev/NVFP4-RaZeR/experiments/paper/bench_prefill.py --model phi4 --label bf16 --round 5 --shapes 1x128,1x256,1x512,1x1024,1x2048,1x4096,1x8192,4x2048 --reps 7 --out /home/dev/n16k64_campaign/paper/latency/phi4/bf16/round5.json
2026-09-29T02:15:53+00:00 END 05_prefill_phi4_bf16_r5 rc=0
2026-09-29T02:15:53+00:00 START 05_prefill_phi4_ours-16x64-nvfp4act_r5 /home/dev/.conda/envs/n16k64/bin/python /home/dev/NVFP4-RaZeR/experiments/paper/bench_prefill.py --model phi4 --label ours-16x64-nvfp4act --round 5 --shapes 1x128,1x256,1x512,1x1024,1x2048,1x4096,1x8192,4x2048 --reps 7 --out /home/dev/n16k64_campaign/paper/latency/phi4/ours-16x64-nvfp4act/round5.json --artifact /home/dev/n16k64_campaign/paper/artifacts/phi4_tc_16x64 --kernel auto --act-override nvfp4_rows
2026-09-29T02:16:55+00:00 END 05_prefill_phi4_ours-16x64-nvfp4act_r5 rc=0
2026-09-29T02:16:55+00:00 START 05_prefill_phi4_ours-256x64_r5 /home/dev/.conda/envs/n16k64/bin/python /home/dev/NVFP4-RaZeR/experiments/paper/bench_prefill.py --model phi4 --label ours-256x64 --round 5 --shapes 1x128,1x256,1x512,1x1024,1x2048,1x4096,1x8192,4x2048 --reps 7 --out /home/dev/n16k64_campaign/paper/latency/phi4/ours-256x64/round5.json --artifact /home/dev/n16k64_campaign/paper/artifacts/phi4_tc_256x64 --kernel auto
2026-09-29T02:17:57+00:00 END 05_prefill_phi4_ours-256x64_r5 rc=0
2026-09-29T02:17:57+00:00 START 05_prefill_phi4_ours-8x64_r5 /home/dev/.conda/envs/n16k64/bin/python /home/dev/NVFP4-RaZeR/experiments/paper/bench_prefill.py --model phi4 --label ours-8x64 --round 5 --shapes 1x128,1x256,1x512,1x1024,1x2048,1x4096,1x8192,4x2048 --reps 7 --out /home/dev/n16k64_campaign/paper/latency/phi4/ours-8x64/round5.json --artifact /home/dev/n16k64_campaign/paper/artifacts/phi4_tc_8x64 --kernel n8k64_wB
2026-09-29T02:19:00+00:00 END 05_prefill_phi4_ours-8x64_r5 rc=0
2026-09-29T02:19:00+00:00 START 05_prefill_phi4_nvfp4_r5 /home/dev/.conda/envs/n16k64/bin/python /home/dev/NVFP4-RaZeR/experiments/paper/bench_prefill.py --model phi4 --label nvfp4 --round 5 --shapes 1x128,1x256,1x512,1x1024,1x2048,1x4096,1x8192,4x2048 --reps 7 --out /home/dev/n16k64_campaign/paper/latency/phi4/nvfp4/round5.json --artifact /home/dev/n16k64_campaign/paper/artifacts/phi4_nvfp4 --kernel auto_stock
2026-09-29T02:20:01+00:00 END 05_prefill_phi4_nvfp4_r5 rc=0
2026-09-29T02:20:01+00:00 START 06_gemm_llama8b /home/dev/.conda/envs/n16k64/bin/python /home/dev/NVFP4-RaZeR/experiments/paper/bench_gemm.py --model llama8b --tokens 128,256,512,1024,2048,4096,8192 --iters 20 --out /home/dev/n16k64_campaign/paper/gemm/llama8b.json --artifact fo6=/home/dev/n16k64_campaign/paper/artifacts/llama8b_fo6 --artifact nvfp4=/home/dev/n16k64_campaign/paper/artifacts/llama8b_nvfp4 --artifact tc_8x64=/home/dev/n16k64_campaign/paper/artifacts/llama8b_tc_8x64 --artifact tc_16x64=/home/dev/n16k64_campaign/paper/artifacts/llama8b_tc_16x64 --artifact tc_256x64=/home/dev/n16k64_campaign/paper/artifacts/llama8b_tc_256x64
2026-09-29T02:20:39+00:00 END 06_gemm_llama8b rc=0
2026-09-29T02:20:39+00:00 START 06_gemm_mistral7b /home/dev/.conda/envs/n16k64/bin/python /home/dev/NVFP4-RaZeR/experiments/paper/bench_gemm.py --model mistral7b --tokens 128,256,512,1024,2048,4096,8192 --iters 20 --out /home/dev/n16k64_campaign/paper/gemm/mistral7b.json --artifact fo6=/home/dev/n16k64_campaign/paper/artifacts/mistral7b_fo6 --artifact nvfp4=/home/dev/n16k64_campaign/paper/artifacts/mistral7b_nvfp4 --artifact tc_8x64=/home/dev/n16k64_campaign/paper/artifacts/mistral7b_tc_8x64 --artifact tc_16x64=/home/dev/n16k64_campaign/paper/artifacts/mistral7b_tc_16x64 --artifact tc_256x64=/home/dev/n16k64_campaign/paper/artifacts/mistral7b_tc_256x64
2026-09-29T02:21:19+00:00 END 06_gemm_mistral7b rc=0
2026-09-29T02:21:19+00:00 START 06_gemm_phi4 /home/dev/.conda/envs/n16k64/bin/python /home/dev/NVFP4-RaZeR/experiments/paper/bench_gemm.py --model phi4 --tokens 128,256,512,1024,2048,4096,8192 --iters 20 --out /home/dev/n16k64_campaign/paper/gemm/phi4.json --artifact fo6=/home/dev/n16k64_campaign/paper/artifacts/phi4_fo6 --artifact nvfp4=/home/dev/n16k64_campaign/paper/artifacts/phi4_nvfp4 --artifact tc_8x64=/home/dev/n16k64_campaign/paper/artifacts/phi4_tc_8x64 --artifact tc_16x64=/home/dev/n16k64_campaign/paper/artifacts/phi4_tc_16x64 --artifact tc_256x64=/home/dev/n16k64_campaign/paper/artifacts/phi4_tc_256x64
2026-09-29T02:22:35+00:00 END 06_gemm_phi4 rc=0
2026-09-29T02:24:15+00:00 REUSE qwen27b_8x64 /home/dev/n16k64_campaign/tm_opt/runs/q_tc_qwen27b_8x64/map.pt sha256=4f016267ce9bce86403b17887807042628ef6c24e447d8476c45824c5fcac00b
2026-09-29T02:24:15+00:00 REUSE qwen27b_16x64 /home/dev/n16k64_campaign/tm_opt/runs/q_tc_qwen27b_16x64/map.pt sha256=04d8c910d8fee60313ef00d6eafe103e8dc442bf6b2f77435418446c07ce6ae5
2026-09-29T02:24:15+00:00 REUSE qwen27b_256x64 /home/dev/n16k64_campaign/tm_opt/runs/q_tc_qwen27b_256x64/map.pt sha256=435fd9ae811645ea828dc34db0f89b286157c946e3b9e9052f5d6bb86560b016
2026-09-29T02:24:15+00:00 START 02_export_qwen27b_nvfp4 /home/dev/.conda/envs/n16k64/bin/python export_map_artifact.py --model qwen27b --data-root /home/dev/n16k64_campaign/multimodel/data --kind nvfp4 --ownership --out /home/dev/n16k64_campaign/paper/artifacts/qwen27b_nvfp4
2026-09-29T02:27:20+00:00 END 02_export_qwen27b_nvfp4 rc=0
2026-09-29T02:27:20+00:00 START 02_ownership_wB_qwen27b_nvfp4 /home/dev/.conda/envs/n16k64/bin/python /home/dev/NVFP4-RaZeR/experiments/paper/ownership_wb.py --artifact /home/dev/n16k64_campaign/paper/artifacts/qwen27b_nvfp4 --out /home/dev/n16k64_campaign/paper/artifacts/qwen27b_nvfp4/ownership_stock_wB.json
2026-09-29T02:27:54+00:00 END 02_ownership_wB_qwen27b_nvfp4 rc=0
2026-09-29T02:27:54+00:00 START 02_export_qwen27b_fo6 /home/dev/.conda/envs/n16k64/bin/python export_map_artifact.py --model qwen27b --data-root /home/dev/n16k64_campaign/multimodel/data --kind four_over_six --ownership --out /home/dev/n16k64_campaign/paper/artifacts/qwen27b_fo6
2026-09-29T02:31:28+00:00 END 02_export_qwen27b_fo6 rc=0
2026-09-29T02:31:28+00:00 START 02_ownership_wB_qwen27b_fo6 /home/dev/.conda/envs/n16k64/bin/python /home/dev/NVFP4-RaZeR/experiments/paper/ownership_wb.py --artifact /home/dev/n16k64_campaign/paper/artifacts/qwen27b_fo6 --out /home/dev/n16k64_campaign/paper/artifacts/qwen27b_fo6/ownership_stock_wB.json
2026-09-29T02:32:02+00:00 END 02_ownership_wB_qwen27b_fo6 rc=0
2026-09-29T02:32:02+00:00 START 02_export_qwen27b_tc_8x64 /home/dev/.conda/envs/n16k64/bin/python export_map_artifact.py --model qwen27b --data-root /home/dev/n16k64_campaign/multimodel/data --map /home/dev/n16k64_campaign/paper/maps/qwen27b_8x64/map.pt --unit 8x64 --ownership --out /home/dev/n16k64_campaign/paper/artifacts/qwen27b_tc_8x64
2026-09-29T02:36:26+00:00 END 02_export_qwen27b_tc_8x64 rc=0
2026-09-29T02:36:26+00:00 START 02_export_qwen27b_tc_16x64 /home/dev/.conda/envs/n16k64/bin/python export_map_artifact.py --model qwen27b --data-root /home/dev/n16k64_campaign/multimodel/data --map /home/dev/n16k64_campaign/paper/maps/qwen27b_16x64/map.pt --unit 16x64 --ownership --out /home/dev/n16k64_campaign/paper/artifacts/qwen27b_tc_16x64
2026-09-29T02:40:50+00:00 END 02_export_qwen27b_tc_16x64 rc=0
2026-09-29T02:40:50+00:00 START 02_export_qwen27b_tc_256x64 /home/dev/.conda/envs/n16k64/bin/python export_map_artifact.py --model qwen27b --data-root /home/dev/n16k64_campaign/multimodel/data --map /home/dev/n16k64_campaign/paper/maps/qwen27b_256x64/map.pt --unit 256x64 --ownership --out /home/dev/n16k64_campaign/paper/artifacts/qwen27b_tc_256x64
2026-09-29T02:45:09+00:00 END 02_export_qwen27b_tc_256x64 rc=0
2026-09-29T02:45:09+00:00 START 03_ppl_qwen27b_bf16 /home/dev/.conda/envs/n16k64/bin/python run_ppl_deploy.py --model qwen27b --data-root /home/dev/n16k64_campaign/multimodel/data --evaluate bf16=bf16 --out /home/dev/n16k64_campaign/paper/ppl/qwen27b/bf16
2026-09-29T02:56:57+00:00 END 03_ppl_qwen27b_bf16 rc=0
2026-09-29T02:56:57+00:00 START 03_ppl_qwen27b_nvfp4 /home/dev/.conda/envs/n16k64/bin/python run_ppl_deploy.py --model qwen27b --data-root /home/dev/n16k64_campaign/multimodel/data --evaluate nvfp4=native:/home/dev/n16k64_campaign/paper/artifacts/qwen27b_nvfp4:auto_stock --out /home/dev/n16k64_campaign/paper/ppl/qwen27b/nvfp4
2026-09-29T03:08:05+00:00 END 03_ppl_qwen27b_nvfp4 rc=0
2026-09-29T03:08:05+00:00 START 03_ppl_qwen27b_fo6 /home/dev/.conda/envs/n16k64/bin/python run_ppl_deploy.py --model qwen27b --data-root /home/dev/n16k64_campaign/multimodel/data --evaluate fo6=native:/home/dev/n16k64_campaign/paper/artifacts/qwen27b_fo6:auto_stock --out /home/dev/n16k64_campaign/paper/ppl/qwen27b/fo6
2026-09-29T03:19:16+00:00 END 03_ppl_qwen27b_fo6 rc=0
2026-09-29T03:19:16+00:00 START 03_ppl_qwen27b_ours-8x64 /home/dev/.conda/envs/n16k64/bin/python run_ppl_deploy.py --model qwen27b --data-root /home/dev/n16k64_campaign/multimodel/data --evaluate ours-8x64=native:/home/dev/n16k64_campaign/paper/artifacts/qwen27b_tc_8x64:n8k64_wB --out /home/dev/n16k64_campaign/paper/ppl/qwen27b/ours-8x64
2026-09-29T03:30:28+00:00 END 03_ppl_qwen27b_ours-8x64 rc=0
2026-09-29T03:30:28+00:00 START 03_ppl_qwen27b_ours-16x64 /home/dev/.conda/envs/n16k64/bin/python run_ppl_deploy.py --model qwen27b --data-root /home/dev/n16k64_campaign/multimodel/data --evaluate ours-16x64=native:/home/dev/n16k64_campaign/paper/artifacts/qwen27b_tc_16x64:auto --out /home/dev/n16k64_campaign/paper/ppl/qwen27b/ours-16x64
2026-09-29T03:41:46+00:00 END 03_ppl_qwen27b_ours-16x64 rc=0
2026-09-29T03:41:46+00:00 START 03_ppl_qwen27b_ours-256x64 /home/dev/.conda/envs/n16k64/bin/python run_ppl_deploy.py --model qwen27b --data-root /home/dev/n16k64_campaign/multimodel/data --evaluate ours-256x64=native:/home/dev/n16k64_campaign/paper/artifacts/qwen27b_tc_256x64:auto --out /home/dev/n16k64_campaign/paper/ppl/qwen27b/ours-256x64
2026-09-29T03:53:02+00:00 END 03_ppl_qwen27b_ours-256x64 rc=0
2026-09-29T03:53:02+00:00 START 04_lmeval_qwen27b_bf16 /home/dev/.conda/envs/n16k64/bin/python run_lmeval_deploy.py --model qwen27b --data-root /home/dev/n16k64_campaign/multimodel/data --evaluate bf16=bf16 --tasks mmlu,arc_challenge,arc_easy,hellaswag,piqa --batch-size 8 --num-fewshot mmlu=5 --out /home/dev/n16k64_campaign/paper/lmeval/qwen27b/bf16
2026-09-29T05:44:15+00:00 END 04_lmeval_qwen27b_bf16 rc=0
2026-09-29T05:44:15+00:00 START 04_lmeval_qwen27b_nvfp4 /home/dev/.conda/envs/n16k64/bin/python run_lmeval_deploy.py --model qwen27b --data-root /home/dev/n16k64_campaign/multimodel/data --evaluate nvfp4=native:/home/dev/n16k64_campaign/paper/artifacts/qwen27b_nvfp4:auto_stock --tasks mmlu,arc_challenge,arc_easy,hellaswag,piqa --batch-size 8 --num-fewshot mmlu=5 --out /home/dev/n16k64_campaign/paper/lmeval/qwen27b/nvfp4
2026-09-29T07:15:11+00:00 END 04_lmeval_qwen27b_nvfp4 rc=0
2026-09-29T07:15:11+00:00 START 04_lmeval_qwen27b_fo6 /home/dev/.conda/envs/n16k64/bin/python run_lmeval_deploy.py --model qwen27b --data-root /home/dev/n16k64_campaign/multimodel/data --evaluate fo6=native:/home/dev/n16k64_campaign/paper/artifacts/qwen27b_fo6:auto_stock --tasks mmlu,arc_challenge,arc_easy,hellaswag,piqa --batch-size 8 --num-fewshot mmlu=5 --out /home/dev/n16k64_campaign/paper/lmeval/qwen27b/fo6
2026-09-29T08:46:25+00:00 END 04_lmeval_qwen27b_fo6 rc=0
2026-09-29T08:46:25+00:00 START 04_lmeval_qwen27b_ours-8x64 /home/dev/.conda/envs/n16k64/bin/python run_lmeval_deploy.py --model qwen27b --data-root /home/dev/n16k64_campaign/multimodel/data --evaluate ours-8x64=native:/home/dev/n16k64_campaign/paper/artifacts/qwen27b_tc_8x64:n8k64_wB --tasks mmlu,arc_challenge,arc_easy,hellaswag,piqa --batch-size 8 --num-fewshot mmlu=5 --out /home/dev/n16k64_campaign/paper/lmeval/qwen27b/ours-8x64
2026-09-29T10:17:53+00:00 END 04_lmeval_qwen27b_ours-8x64 rc=0
2026-09-29T10:17:53+00:00 START 04_lmeval_qwen27b_ours-16x64 /home/dev/.conda/envs/n16k64/bin/python run_lmeval_deploy.py --model qwen27b --data-root /home/dev/n16k64_campaign/multimodel/data --evaluate ours-16x64=native:/home/dev/n16k64_campaign/paper/artifacts/qwen27b_tc_16x64:auto --tasks mmlu,arc_challenge,arc_easy,hellaswag,piqa --batch-size 8 --num-fewshot mmlu=5 --out /home/dev/n16k64_campaign/paper/lmeval/qwen27b/ours-16x64
2026-09-29T11:49:12+00:00 END 04_lmeval_qwen27b_ours-16x64 rc=0
2026-09-29T11:49:12+00:00 START 04_lmeval_qwen27b_ours-256x64 /home/dev/.conda/envs/n16k64/bin/python run_lmeval_deploy.py --model qwen27b --data-root /home/dev/n16k64_campaign/multimodel/data --evaluate ours-256x64=native:/home/dev/n16k64_campaign/paper/artifacts/qwen27b_tc_256x64:auto --tasks mmlu,arc_challenge,arc_easy,hellaswag,piqa --batch-size 8 --num-fewshot mmlu=5 --out /home/dev/n16k64_campaign/paper/lmeval/qwen27b/ours-256x64
2026-09-29T13:19:54+00:00 END 04_lmeval_qwen27b_ours-256x64 rc=0
2026-09-29T13:19:55+00:00 05 qwen27b round 1 order ours-8x64,bf16,ours-256x64,fo6,ours-256x64-nvfp4act,nvfp4-wB,nvfp4,ours-16x64,fo6-wB,ours-16x64-nvfp4act,ours-8x64-nvfp4act (seed 20260929)
2026-09-29T13:19:55+00:00 START 05_prefill_qwen27b_ours-8x64_r1 /home/dev/.conda/envs/n16k64/bin/python /home/dev/NVFP4-RaZeR/experiments/paper/bench_prefill.py --model qwen27b --label ours-8x64 --round 1 --shapes 1x128,1x256,1x512,1x1024,1x2048,1x4096,1x8192,4x2048 --reps 7 --out /home/dev/n16k64_campaign/paper/latency/qwen27b/ours-8x64/round1.json --artifact /home/dev/n16k64_campaign/paper/artifacts/qwen27b_tc_8x64 --kernel n8k64_wB
2026-09-29T13:24:14+00:00 END 05_prefill_qwen27b_ours-8x64_r1 rc=0
2026-09-29T13:24:14+00:00 START 05_prefill_qwen27b_bf16_r1 /home/dev/.conda/envs/n16k64/bin/python /home/dev/NVFP4-RaZeR/experiments/paper/bench_prefill.py --model qwen27b --label bf16 --round 1 --shapes 1x128,1x256,1x512,1x1024,1x2048,1x4096,1x8192,4x2048 --reps 7 --out /home/dev/n16k64_campaign/paper/latency/qwen27b/bf16/round1.json
2026-09-29T13:29:00+00:00 END 05_prefill_qwen27b_bf16_r1 rc=0
2026-09-29T13:29:00+00:00 START 05_prefill_qwen27b_ours-256x64_r1 /home/dev/.conda/envs/n16k64/bin/python /home/dev/NVFP4-RaZeR/experiments/paper/bench_prefill.py --model qwen27b --label ours-256x64 --round 1 --shapes 1x128,1x256,1x512,1x1024,1x2048,1x4096,1x8192,4x2048 --reps 7 --out /home/dev/n16k64_campaign/paper/latency/qwen27b/ours-256x64/round1.json --artifact /home/dev/n16k64_campaign/paper/artifacts/qwen27b_tc_256x64 --kernel auto
2026-09-29T13:33:22+00:00 END 05_prefill_qwen27b_ours-256x64_r1 rc=0
2026-09-29T13:33:22+00:00 START 05_prefill_qwen27b_fo6_r1 /home/dev/.conda/envs/n16k64/bin/python /home/dev/NVFP4-RaZeR/experiments/paper/bench_prefill.py --model qwen27b --label fo6 --round 1 --shapes 1x128,1x256,1x512,1x1024,1x2048,1x4096,1x8192,4x2048 --reps 7 --out /home/dev/n16k64_campaign/paper/latency/qwen27b/fo6/round1.json --artifact /home/dev/n16k64_campaign/paper/artifacts/qwen27b_fo6 --kernel auto_stock
2026-09-29T13:37:39+00:00 END 05_prefill_qwen27b_fo6_r1 rc=0
2026-09-29T13:37:39+00:00 START 05_prefill_qwen27b_ours-256x64-nvfp4act_r1 /home/dev/.conda/envs/n16k64/bin/python /home/dev/NVFP4-RaZeR/experiments/paper/bench_prefill.py --model qwen27b --label ours-256x64-nvfp4act --round 1 --shapes 1x128,1x256,1x512,1x1024,1x2048,1x4096,1x8192,4x2048 --reps 7 --out /home/dev/n16k64_campaign/paper/latency/qwen27b/ours-256x64-nvfp4act/round1.json --artifact /home/dev/n16k64_campaign/paper/artifacts/qwen27b_tc_256x64 --kernel auto --act-override nvfp4_rows
2026-09-29T13:41:57+00:00 END 05_prefill_qwen27b_ours-256x64-nvfp4act_r1 rc=0
2026-09-29T13:41:57+00:00 START 05_prefill_qwen27b_nvfp4-wB_r1 /home/dev/.conda/envs/n16k64/bin/python /home/dev/NVFP4-RaZeR/experiments/paper/bench_prefill.py --model qwen27b --label nvfp4-wB --round 1 --shapes 1x128,1x256,1x512,1x1024,1x2048,1x4096,1x8192,4x2048 --reps 7 --out /home/dev/n16k64_campaign/paper/latency/qwen27b/nvfp4-wB/round1.json --artifact /home/dev/n16k64_campaign/paper/artifacts/qwen27b_nvfp4 --kernel stock_wB
2026-09-29T13:46:17+00:00 END 05_prefill_qwen27b_nvfp4-wB_r1 rc=0
2026-09-29T13:46:17+00:00 START 05_prefill_qwen27b_nvfp4_r1 /home/dev/.conda/envs/n16k64/bin/python /home/dev/NVFP4-RaZeR/experiments/paper/bench_prefill.py --model qwen27b --label nvfp4 --round 1 --shapes 1x128,1x256,1x512,1x1024,1x2048,1x4096,1x8192,4x2048 --reps 7 --out /home/dev/n16k64_campaign/paper/latency/qwen27b/nvfp4/round1.json --artifact /home/dev/n16k64_campaign/paper/artifacts/qwen27b_nvfp4 --kernel auto_stock
2026-09-29T13:50:36+00:00 END 05_prefill_qwen27b_nvfp4_r1 rc=0
2026-09-29T13:50:36+00:00 START 05_prefill_qwen27b_ours-16x64_r1 /home/dev/.conda/envs/n16k64/bin/python /home/dev/NVFP4-RaZeR/experiments/paper/bench_prefill.py --model qwen27b --label ours-16x64 --round 1 --shapes 1x128,1x256,1x512,1x1024,1x2048,1x4096,1x8192,4x2048 --reps 7 --out /home/dev/n16k64_campaign/paper/latency/qwen27b/ours-16x64/round1.json --artifact /home/dev/n16k64_campaign/paper/artifacts/qwen27b_tc_16x64 --kernel auto
2026-09-29T13:54:56+00:00 END 05_prefill_qwen27b_ours-16x64_r1 rc=0
2026-09-29T13:54:56+00:00 START 05_prefill_qwen27b_fo6-wB_r1 /home/dev/.conda/envs/n16k64/bin/python /home/dev/NVFP4-RaZeR/experiments/paper/bench_prefill.py --model qwen27b --label fo6-wB --round 1 --shapes 1x128,1x256,1x512,1x1024,1x2048,1x4096,1x8192,4x2048 --reps 7 --out /home/dev/n16k64_campaign/paper/latency/qwen27b/fo6-wB/round1.json --artifact /home/dev/n16k64_campaign/paper/artifacts/qwen27b_fo6 --kernel stock_wB
2026-09-29T13:59:14+00:00 END 05_prefill_qwen27b_fo6-wB_r1 rc=0
2026-09-29T13:59:14+00:00 START 05_prefill_qwen27b_ours-16x64-nvfp4act_r1 /home/dev/.conda/envs/n16k64/bin/python /home/dev/NVFP4-RaZeR/experiments/paper/bench_prefill.py --model qwen27b --label ours-16x64-nvfp4act --round 1 --shapes 1x128,1x256,1x512,1x1024,1x2048,1x4096,1x8192,4x2048 --reps 7 --out /home/dev/n16k64_campaign/paper/latency/qwen27b/ours-16x64-nvfp4act/round1.json --artifact /home/dev/n16k64_campaign/paper/artifacts/qwen27b_tc_16x64 --kernel auto --act-override nvfp4_rows
2026-09-29T14:03:35+00:00 END 05_prefill_qwen27b_ours-16x64-nvfp4act_r1 rc=0
2026-09-29T14:03:35+00:00 START 05_prefill_qwen27b_ours-8x64-nvfp4act_r1 /home/dev/.conda/envs/n16k64/bin/python /home/dev/NVFP4-RaZeR/experiments/paper/bench_prefill.py --model qwen27b --label ours-8x64-nvfp4act --round 1 --shapes 1x128,1x256,1x512,1x1024,1x2048,1x4096,1x8192,4x2048 --reps 7 --out /home/dev/n16k64_campaign/paper/latency/qwen27b/ours-8x64-nvfp4act/round1.json --artifact /home/dev/n16k64_campaign/paper/artifacts/qwen27b_tc_8x64 --kernel n8k64_wB --act-override nvfp4_rows
2026-09-29T14:07:56+00:00 END 05_prefill_qwen27b_ours-8x64-nvfp4act_r1 rc=0
2026-09-29T14:07:56+00:00 05 qwen27b round 2 order fo6,nvfp4,ours-256x64,bf16,ours-16x64-nvfp4act,ours-256x64-nvfp4act,ours-8x64,fo6-wB,nvfp4-wB,ours-8x64-nvfp4act,ours-16x64 (seed 20260930)
2026-09-29T14:07:56+00:00 START 05_prefill_qwen27b_fo6_r2 /home/dev/.conda/envs/n16k64/bin/python /home/dev/NVFP4-RaZeR/experiments/paper/bench_prefill.py --model qwen27b --label fo6 --round 2 --shapes 1x128,1x256,1x512,1x1024,1x2048,1x4096,1x8192,4x2048 --reps 7 --out /home/dev/n16k64_campaign/paper/latency/qwen27b/fo6/round2.json --artifact /home/dev/n16k64_campaign/paper/artifacts/qwen27b_fo6 --kernel auto_stock
2026-09-29T14:12:15+00:00 END 05_prefill_qwen27b_fo6_r2 rc=0
2026-09-29T14:12:15+00:00 START 05_prefill_qwen27b_nvfp4_r2 /home/dev/.conda/envs/n16k64/bin/python /home/dev/NVFP4-RaZeR/experiments/paper/bench_prefill.py --model qwen27b --label nvfp4 --round 2 --shapes 1x128,1x256,1x512,1x1024,1x2048,1x4096,1x8192,4x2048 --reps 7 --out /home/dev/n16k64_campaign/paper/latency/qwen27b/nvfp4/round2.json --artifact /home/dev/n16k64_campaign/paper/artifacts/qwen27b_nvfp4 --kernel auto_stock
2026-09-29T14:16:34+00:00 END 05_prefill_qwen27b_nvfp4_r2 rc=0
2026-09-29T14:16:34+00:00 START 05_prefill_qwen27b_ours-256x64_r2 /home/dev/.conda/envs/n16k64/bin/python /home/dev/NVFP4-RaZeR/experiments/paper/bench_prefill.py --model qwen27b --label ours-256x64 --round 2 --shapes 1x128,1x256,1x512,1x1024,1x2048,1x4096,1x8192,4x2048 --reps 7 --out /home/dev/n16k64_campaign/paper/latency/qwen27b/ours-256x64/round2.json --artifact /home/dev/n16k64_campaign/paper/artifacts/qwen27b_tc_256x64 --kernel auto
2026-09-29T14:20:53+00:00 END 05_prefill_qwen27b_ours-256x64_r2 rc=0
2026-09-29T14:20:53+00:00 START 05_prefill_qwen27b_bf16_r2 /home/dev/.conda/envs/n16k64/bin/python /home/dev/NVFP4-RaZeR/experiments/paper/bench_prefill.py --model qwen27b --label bf16 --round 2 --shapes 1x128,1x256,1x512,1x1024,1x2048,1x4096,1x8192,4x2048 --reps 7 --out /home/dev/n16k64_campaign/paper/latency/qwen27b/bf16/round2.json
2026-09-29T14:25:42+00:00 END 05_prefill_qwen27b_bf16_r2 rc=0
2026-09-29T14:25:42+00:00 START 05_prefill_qwen27b_ours-16x64-nvfp4act_r2 /home/dev/.conda/envs/n16k64/bin/python /home/dev/NVFP4-RaZeR/experiments/paper/bench_prefill.py --model qwen27b --label ours-16x64-nvfp4act --round 2 --shapes 1x128,1x256,1x512,1x1024,1x2048,1x4096,1x8192,4x2048 --reps 7 --out /home/dev/n16k64_campaign/paper/latency/qwen27b/ours-16x64-nvfp4act/round2.json --artifact /home/dev/n16k64_campaign/paper/artifacts/qwen27b_tc_16x64 --kernel auto --act-override nvfp4_rows
2026-09-29T14:30:02+00:00 END 05_prefill_qwen27b_ours-16x64-nvfp4act_r2 rc=0
2026-09-29T14:30:02+00:00 START 05_prefill_qwen27b_ours-256x64-nvfp4act_r2 /home/dev/.conda/envs/n16k64/bin/python /home/dev/NVFP4-RaZeR/experiments/paper/bench_prefill.py --model qwen27b --label ours-256x64-nvfp4act --round 2 --shapes 1x128,1x256,1x512,1x1024,1x2048,1x4096,1x8192,4x2048 --reps 7 --out /home/dev/n16k64_campaign/paper/latency/qwen27b/ours-256x64-nvfp4act/round2.json --artifact /home/dev/n16k64_campaign/paper/artifacts/qwen27b_tc_256x64 --kernel auto --act-override nvfp4_rows
2026-09-29T14:34:21+00:00 END 05_prefill_qwen27b_ours-256x64-nvfp4act_r2 rc=0
2026-09-29T14:34:21+00:00 START 05_prefill_qwen27b_ours-8x64_r2 /home/dev/.conda/envs/n16k64/bin/python /home/dev/NVFP4-RaZeR/experiments/paper/bench_prefill.py --model qwen27b --label ours-8x64 --round 2 --shapes 1x128,1x256,1x512,1x1024,1x2048,1x4096,1x8192,4x2048 --reps 7 --out /home/dev/n16k64_campaign/paper/latency/qwen27b/ours-8x64/round2.json --artifact /home/dev/n16k64_campaign/paper/artifacts/qwen27b_tc_8x64 --kernel n8k64_wB
2026-09-29T14:38:41+00:00 END 05_prefill_qwen27b_ours-8x64_r2 rc=0
2026-09-29T14:38:41+00:00 START 05_prefill_qwen27b_fo6-wB_r2 /home/dev/.conda/envs/n16k64/bin/python /home/dev/NVFP4-RaZeR/experiments/paper/bench_prefill.py --model qwen27b --label fo6-wB --round 2 --shapes 1x128,1x256,1x512,1x1024,1x2048,1x4096,1x8192,4x2048 --reps 7 --out /home/dev/n16k64_campaign/paper/latency/qwen27b/fo6-wB/round2.json --artifact /home/dev/n16k64_campaign/paper/artifacts/qwen27b_fo6 --kernel stock_wB
2026-09-29T14:42:59+00:00 END 05_prefill_qwen27b_fo6-wB_r2 rc=0
2026-09-29T14:42:59+00:00 START 05_prefill_qwen27b_nvfp4-wB_r2 /home/dev/.conda/envs/n16k64/bin/python /home/dev/NVFP4-RaZeR/experiments/paper/bench_prefill.py --model qwen27b --label nvfp4-wB --round 2 --shapes 1x128,1x256,1x512,1x1024,1x2048,1x4096,1x8192,4x2048 --reps 7 --out /home/dev/n16k64_campaign/paper/latency/qwen27b/nvfp4-wB/round2.json --artifact /home/dev/n16k64_campaign/paper/artifacts/qwen27b_nvfp4 --kernel stock_wB
2026-09-29T14:47:17+00:00 END 05_prefill_qwen27b_nvfp4-wB_r2 rc=0
2026-09-29T14:47:17+00:00 START 05_prefill_qwen27b_ours-8x64-nvfp4act_r2 /home/dev/.conda/envs/n16k64/bin/python /home/dev/NVFP4-RaZeR/experiments/paper/bench_prefill.py --model qwen27b --label ours-8x64-nvfp4act --round 2 --shapes 1x128,1x256,1x512,1x1024,1x2048,1x4096,1x8192,4x2048 --reps 7 --out /home/dev/n16k64_campaign/paper/latency/qwen27b/ours-8x64-nvfp4act/round2.json --artifact /home/dev/n16k64_campaign/paper/artifacts/qwen27b_tc_8x64 --kernel n8k64_wB --act-override nvfp4_rows
2026-09-29T14:51:43+00:00 END 05_prefill_qwen27b_ours-8x64-nvfp4act_r2 rc=0
2026-09-29T14:51:43+00:00 START 05_prefill_qwen27b_ours-16x64_r2 /home/dev/.conda/envs/n16k64/bin/python /home/dev/NVFP4-RaZeR/experiments/paper/bench_prefill.py --model qwen27b --label ours-16x64 --round 2 --shapes 1x128,1x256,1x512,1x1024,1x2048,1x4096,1x8192,4x2048 --reps 7 --out /home/dev/n16k64_campaign/paper/latency/qwen27b/ours-16x64/round2.json --artifact /home/dev/n16k64_campaign/paper/artifacts/qwen27b_tc_16x64 --kernel auto
2026-09-29T14:56:01+00:00 END 05_prefill_qwen27b_ours-16x64_r2 rc=0
2026-09-29T14:56:01+00:00 05 qwen27b round 3 order ours-8x64-nvfp4act,ours-16x64-nvfp4act,ours-256x64,nvfp4-wB,ours-16x64,ours-8x64,bf16,nvfp4,fo6-wB,ours-256x64-nvfp4act,fo6 (seed 20260931)
2026-09-29T14:56:01+00:00 START 05_prefill_qwen27b_ours-8x64-nvfp4act_r3 /home/dev/.conda/envs/n16k64/bin/python /home/dev/NVFP4-RaZeR/experiments/paper/bench_prefill.py --model qwen27b --label ours-8x64-nvfp4act --round 3 --shapes 1x128,1x256,1x512,1x1024,1x2048,1x4096,1x8192,4x2048 --reps 7 --out /home/dev/n16k64_campaign/paper/latency/qwen27b/ours-8x64-nvfp4act/round3.json --artifact /home/dev/n16k64_campaign/paper/artifacts/qwen27b_tc_8x64 --kernel n8k64_wB --act-override nvfp4_rows
2026-09-29T15:00:20+00:00 END 05_prefill_qwen27b_ours-8x64-nvfp4act_r3 rc=0
2026-09-29T15:00:20+00:00 START 05_prefill_qwen27b_ours-16x64-nvfp4act_r3 /home/dev/.conda/envs/n16k64/bin/python /home/dev/NVFP4-RaZeR/experiments/paper/bench_prefill.py --model qwen27b --label ours-16x64-nvfp4act --round 3 --shapes 1x128,1x256,1x512,1x1024,1x2048,1x4096,1x8192,4x2048 --reps 7 --out /home/dev/n16k64_campaign/paper/latency/qwen27b/ours-16x64-nvfp4act/round3.json --artifact /home/dev/n16k64_campaign/paper/artifacts/qwen27b_tc_16x64 --kernel auto --act-override nvfp4_rows
2026-09-29T15:04:39+00:00 END 05_prefill_qwen27b_ours-16x64-nvfp4act_r3 rc=0
2026-09-29T15:04:39+00:00 START 05_prefill_qwen27b_ours-256x64_r3 /home/dev/.conda/envs/n16k64/bin/python /home/dev/NVFP4-RaZeR/experiments/paper/bench_prefill.py --model qwen27b --label ours-256x64 --round 3 --shapes 1x128,1x256,1x512,1x1024,1x2048,1x4096,1x8192,4x2048 --reps 7 --out /home/dev/n16k64_campaign/paper/latency/qwen27b/ours-256x64/round3.json --artifact /home/dev/n16k64_campaign/paper/artifacts/qwen27b_tc_256x64 --kernel auto
2026-09-29T15:09:00+00:00 END 05_prefill_qwen27b_ours-256x64_r3 rc=0
2026-09-29T15:09:00+00:00 START 05_prefill_qwen27b_nvfp4-wB_r3 /home/dev/.conda/envs/n16k64/bin/python /home/dev/NVFP4-RaZeR/experiments/paper/bench_prefill.py --model qwen27b --label nvfp4-wB --round 3 --shapes 1x128,1x256,1x512,1x1024,1x2048,1x4096,1x8192,4x2048 --reps 7 --out /home/dev/n16k64_campaign/paper/latency/qwen27b/nvfp4-wB/round3.json --artifact /home/dev/n16k64_campaign/paper/artifacts/qwen27b_nvfp4 --kernel stock_wB
2026-09-29T15:13:20+00:00 END 05_prefill_qwen27b_nvfp4-wB_r3 rc=0
2026-09-29T15:13:20+00:00 START 05_prefill_qwen27b_ours-16x64_r3 /home/dev/.conda/envs/n16k64/bin/python /home/dev/NVFP4-RaZeR/experiments/paper/bench_prefill.py --model qwen27b --label ours-16x64 --round 3 --shapes 1x128,1x256,1x512,1x1024,1x2048,1x4096,1x8192,4x2048 --reps 7 --out /home/dev/n16k64_campaign/paper/latency/qwen27b/ours-16x64/round3.json --artifact /home/dev/n16k64_campaign/paper/artifacts/qwen27b_tc_16x64 --kernel auto
2026-09-29T15:17:42+00:00 END 05_prefill_qwen27b_ours-16x64_r3 rc=0
2026-09-29T15:17:42+00:00 START 05_prefill_qwen27b_ours-8x64_r3 /home/dev/.conda/envs/n16k64/bin/python /home/dev/NVFP4-RaZeR/experiments/paper/bench_prefill.py --model qwen27b --label ours-8x64 --round 3 --shapes 1x128,1x256,1x512,1x1024,1x2048,1x4096,1x8192,4x2048 --reps 7 --out /home/dev/n16k64_campaign/paper/latency/qwen27b/ours-8x64/round3.json --artifact /home/dev/n16k64_campaign/paper/artifacts/qwen27b_tc_8x64 --kernel n8k64_wB
2026-09-29T15:22:04+00:00 END 05_prefill_qwen27b_ours-8x64_r3 rc=0
2026-09-29T15:22:04+00:00 START 05_prefill_qwen27b_bf16_r3 /home/dev/.conda/envs/n16k64/bin/python /home/dev/NVFP4-RaZeR/experiments/paper/bench_prefill.py --model qwen27b --label bf16 --round 3 --shapes 1x128,1x256,1x512,1x1024,1x2048,1x4096,1x8192,4x2048 --reps 7 --out /home/dev/n16k64_campaign/paper/latency/qwen27b/bf16/round3.json
2026-09-29T15:26:54+00:00 END 05_prefill_qwen27b_bf16_r3 rc=0
2026-09-29T15:26:54+00:00 START 05_prefill_qwen27b_nvfp4_r3 /home/dev/.conda/envs/n16k64/bin/python /home/dev/NVFP4-RaZeR/experiments/paper/bench_prefill.py --model qwen27b --label nvfp4 --round 3 --shapes 1x128,1x256,1x512,1x1024,1x2048,1x4096,1x8192,4x2048 --reps 7 --out /home/dev/n16k64_campaign/paper/latency/qwen27b/nvfp4/round3.json --artifact /home/dev/n16k64_campaign/paper/artifacts/qwen27b_nvfp4 --kernel auto_stock
2026-09-29T15:31:14+00:00 END 05_prefill_qwen27b_nvfp4_r3 rc=0
2026-09-29T15:31:14+00:00 START 05_prefill_qwen27b_fo6-wB_r3 /home/dev/.conda/envs/n16k64/bin/python /home/dev/NVFP4-RaZeR/experiments/paper/bench_prefill.py --model qwen27b --label fo6-wB --round 3 --shapes 1x128,1x256,1x512,1x1024,1x2048,1x4096,1x8192,4x2048 --reps 7 --out /home/dev/n16k64_campaign/paper/latency/qwen27b/fo6-wB/round3.json --artifact /home/dev/n16k64_campaign/paper/artifacts/qwen27b_fo6 --kernel stock_wB
2026-09-29T15:35:32+00:00 END 05_prefill_qwen27b_fo6-wB_r3 rc=0
2026-09-29T15:35:32+00:00 START 05_prefill_qwen27b_ours-256x64-nvfp4act_r3 /home/dev/.conda/envs/n16k64/bin/python /home/dev/NVFP4-RaZeR/experiments/paper/bench_prefill.py --model qwen27b --label ours-256x64-nvfp4act --round 3 --shapes 1x128,1x256,1x512,1x1024,1x2048,1x4096,1x8192,4x2048 --reps 7 --out /home/dev/n16k64_campaign/paper/latency/qwen27b/ours-256x64-nvfp4act/round3.json --artifact /home/dev/n16k64_campaign/paper/artifacts/qwen27b_tc_256x64 --kernel auto --act-override nvfp4_rows
2026-09-29T15:39:51+00:00 END 05_prefill_qwen27b_ours-256x64-nvfp4act_r3 rc=0
2026-09-29T15:39:51+00:00 START 05_prefill_qwen27b_fo6_r3 /home/dev/.conda/envs/n16k64/bin/python /home/dev/NVFP4-RaZeR/experiments/paper/bench_prefill.py --model qwen27b --label fo6 --round 3 --shapes 1x128,1x256,1x512,1x1024,1x2048,1x4096,1x8192,4x2048 --reps 7 --out /home/dev/n16k64_campaign/paper/latency/qwen27b/fo6/round3.json --artifact /home/dev/n16k64_campaign/paper/artifacts/qwen27b_fo6 --kernel auto_stock
2026-09-29T15:44:07+00:00 END 05_prefill_qwen27b_fo6_r3 rc=0
2026-09-29T15:44:07+00:00 05 qwen27b round 4 order ours-16x64-nvfp4act,nvfp4,ours-256x64,fo6,ours-8x64,ours-16x64,nvfp4-wB,ours-256x64-nvfp4act,bf16,ours-8x64-nvfp4act,fo6-wB (seed 20260932)
2026-09-29T15:44:07+00:00 START 05_prefill_qwen27b_ours-16x64-nvfp4act_r4 /home/dev/.conda/envs/n16k64/bin/python /home/dev/NVFP4-RaZeR/experiments/paper/bench_prefill.py --model qwen27b --label ours-16x64-nvfp4act --round 4 --shapes 1x128,1x256,1x512,1x1024,1x2048,1x4096,1x8192,4x2048 --reps 7 --out /home/dev/n16k64_campaign/paper/latency/qwen27b/ours-16x64-nvfp4act/round4.json --artifact /home/dev/n16k64_campaign/paper/artifacts/qwen27b_tc_16x64 --kernel auto --act-override nvfp4_rows
2026-09-29T15:48:31+00:00 END 05_prefill_qwen27b_ours-16x64-nvfp4act_r4 rc=0
2026-09-29T15:48:31+00:00 START 05_prefill_qwen27b_nvfp4_r4 /home/dev/.conda/envs/n16k64/bin/python /home/dev/NVFP4-RaZeR/experiments/paper/bench_prefill.py --model qwen27b --label nvfp4 --round 4 --shapes 1x128,1x256,1x512,1x1024,1x2048,1x4096,1x8192,4x2048 --reps 7 --out /home/dev/n16k64_campaign/paper/latency/qwen27b/nvfp4/round4.json --artifact /home/dev/n16k64_campaign/paper/artifacts/qwen27b_nvfp4 --kernel auto_stock
2026-09-29T15:52:51+00:00 END 05_prefill_qwen27b_nvfp4_r4 rc=0
2026-09-29T15:52:51+00:00 START 05_prefill_qwen27b_ours-256x64_r4 /home/dev/.conda/envs/n16k64/bin/python /home/dev/NVFP4-RaZeR/experiments/paper/bench_prefill.py --model qwen27b --label ours-256x64 --round 4 --shapes 1x128,1x256,1x512,1x1024,1x2048,1x4096,1x8192,4x2048 --reps 7 --out /home/dev/n16k64_campaign/paper/latency/qwen27b/ours-256x64/round4.json --artifact /home/dev/n16k64_campaign/paper/artifacts/qwen27b_tc_256x64 --kernel auto
2026-09-29T15:57:09+00:00 END 05_prefill_qwen27b_ours-256x64_r4 rc=0
2026-09-29T15:57:09+00:00 START 05_prefill_qwen27b_fo6_r4 /home/dev/.conda/envs/n16k64/bin/python /home/dev/NVFP4-RaZeR/experiments/paper/bench_prefill.py --model qwen27b --label fo6 --round 4 --shapes 1x128,1x256,1x512,1x1024,1x2048,1x4096,1x8192,4x2048 --reps 7 --out /home/dev/n16k64_campaign/paper/latency/qwen27b/fo6/round4.json --artifact /home/dev/n16k64_campaign/paper/artifacts/qwen27b_fo6 --kernel auto_stock
2026-09-29T16:01:31+00:00 END 05_prefill_qwen27b_fo6_r4 rc=0
2026-09-29T16:01:31+00:00 START 05_prefill_qwen27b_ours-8x64_r4 /home/dev/.conda/envs/n16k64/bin/python /home/dev/NVFP4-RaZeR/experiments/paper/bench_prefill.py --model qwen27b --label ours-8x64 --round 4 --shapes 1x128,1x256,1x512,1x1024,1x2048,1x4096,1x8192,4x2048 --reps 7 --out /home/dev/n16k64_campaign/paper/latency/qwen27b/ours-8x64/round4.json --artifact /home/dev/n16k64_campaign/paper/artifacts/qwen27b_tc_8x64 --kernel n8k64_wB
2026-09-29T16:05:51+00:00 END 05_prefill_qwen27b_ours-8x64_r4 rc=0
2026-09-29T16:05:51+00:00 START 05_prefill_qwen27b_ours-16x64_r4 /home/dev/.conda/envs/n16k64/bin/python /home/dev/NVFP4-RaZeR/experiments/paper/bench_prefill.py --model qwen27b --label ours-16x64 --round 4 --shapes 1x128,1x256,1x512,1x1024,1x2048,1x4096,1x8192,4x2048 --reps 7 --out /home/dev/n16k64_campaign/paper/latency/qwen27b/ours-16x64/round4.json --artifact /home/dev/n16k64_campaign/paper/artifacts/qwen27b_tc_16x64 --kernel auto
2026-09-29T16:10:10+00:00 END 05_prefill_qwen27b_ours-16x64_r4 rc=0
2026-09-29T16:10:10+00:00 START 05_prefill_qwen27b_nvfp4-wB_r4 /home/dev/.conda/envs/n16k64/bin/python /home/dev/NVFP4-RaZeR/experiments/paper/bench_prefill.py --model qwen27b --label nvfp4-wB --round 4 --shapes 1x128,1x256,1x512,1x1024,1x2048,1x4096,1x8192,4x2048 --reps 7 --out /home/dev/n16k64_campaign/paper/latency/qwen27b/nvfp4-wB/round4.json --artifact /home/dev/n16k64_campaign/paper/artifacts/qwen27b_nvfp4 --kernel stock_wB
2026-09-29T16:14:31+00:00 END 05_prefill_qwen27b_nvfp4-wB_r4 rc=0
2026-09-29T16:14:31+00:00 START 05_prefill_qwen27b_ours-256x64-nvfp4act_r4 /home/dev/.conda/envs/n16k64/bin/python /home/dev/NVFP4-RaZeR/experiments/paper/bench_prefill.py --model qwen27b --label ours-256x64-nvfp4act --round 4 --shapes 1x128,1x256,1x512,1x1024,1x2048,1x4096,1x8192,4x2048 --reps 7 --out /home/dev/n16k64_campaign/paper/latency/qwen27b/ours-256x64-nvfp4act/round4.json --artifact /home/dev/n16k64_campaign/paper/artifacts/qwen27b_tc_256x64 --kernel auto --act-override nvfp4_rows
2026-09-29T16:18:51+00:00 END 05_prefill_qwen27b_ours-256x64-nvfp4act_r4 rc=0
2026-09-29T16:18:51+00:00 START 05_prefill_qwen27b_bf16_r4 /home/dev/.conda/envs/n16k64/bin/python /home/dev/NVFP4-RaZeR/experiments/paper/bench_prefill.py --model qwen27b --label bf16 --round 4 --shapes 1x128,1x256,1x512,1x1024,1x2048,1x4096,1x8192,4x2048 --reps 7 --out /home/dev/n16k64_campaign/paper/latency/qwen27b/bf16/round4.json
2026-09-29T16:23:41+00:00 END 05_prefill_qwen27b_bf16_r4 rc=0
2026-09-29T16:23:41+00:00 START 05_prefill_qwen27b_ours-8x64-nvfp4act_r4 /home/dev/.conda/envs/n16k64/bin/python /home/dev/NVFP4-RaZeR/experiments/paper/bench_prefill.py --model qwen27b --label ours-8x64-nvfp4act --round 4 --shapes 1x128,1x256,1x512,1x1024,1x2048,1x4096,1x8192,4x2048 --reps 7 --out /home/dev/n16k64_campaign/paper/latency/qwen27b/ours-8x64-nvfp4act/round4.json --artifact /home/dev/n16k64_campaign/paper/artifacts/qwen27b_tc_8x64 --kernel n8k64_wB --act-override nvfp4_rows
2026-09-29T16:28:04+00:00 END 05_prefill_qwen27b_ours-8x64-nvfp4act_r4 rc=0
2026-09-29T16:28:04+00:00 START 05_prefill_qwen27b_fo6-wB_r4 /home/dev/.conda/envs/n16k64/bin/python /home/dev/NVFP4-RaZeR/experiments/paper/bench_prefill.py --model qwen27b --label fo6-wB --round 4 --shapes 1x128,1x256,1x512,1x1024,1x2048,1x4096,1x8192,4x2048 --reps 7 --out /home/dev/n16k64_campaign/paper/latency/qwen27b/fo6-wB/round4.json --artifact /home/dev/n16k64_campaign/paper/artifacts/qwen27b_fo6 --kernel stock_wB
2026-09-29T16:32:24+00:00 END 05_prefill_qwen27b_fo6-wB_r4 rc=0
2026-09-29T16:32:24+00:00 05 qwen27b round 5 order fo6,ours-16x64,ours-256x64-nvfp4act,ours-8x64-nvfp4act,nvfp4-wB,fo6-wB,bf16,ours-16x64-nvfp4act,ours-256x64,ours-8x64,nvfp4 (seed 20260933)
2026-09-29T16:32:24+00:00 START 05_prefill_qwen27b_fo6_r5 /home/dev/.conda/envs/n16k64/bin/python /home/dev/NVFP4-RaZeR/experiments/paper/bench_prefill.py --model qwen27b --label fo6 --round 5 --shapes 1x128,1x256,1x512,1x1024,1x2048,1x4096,1x8192,4x2048 --reps 7 --out /home/dev/n16k64_campaign/paper/latency/qwen27b/fo6/round5.json --artifact /home/dev/n16k64_campaign/paper/artifacts/qwen27b_fo6 --kernel auto_stock
2026-09-29T16:36:47+00:00 END 05_prefill_qwen27b_fo6_r5 rc=0
2026-09-29T16:36:47+00:00 START 05_prefill_qwen27b_ours-16x64_r5 /home/dev/.conda/envs/n16k64/bin/python /home/dev/NVFP4-RaZeR/experiments/paper/bench_prefill.py --model qwen27b --label ours-16x64 --round 5 --shapes 1x128,1x256,1x512,1x1024,1x2048,1x4096,1x8192,4x2048 --reps 7 --out /home/dev/n16k64_campaign/paper/latency/qwen27b/ours-16x64/round5.json --artifact /home/dev/n16k64_campaign/paper/artifacts/qwen27b_tc_16x64 --kernel auto
2026-09-29T16:41:08+00:00 END 05_prefill_qwen27b_ours-16x64_r5 rc=0
2026-09-29T16:41:08+00:00 START 05_prefill_qwen27b_ours-256x64-nvfp4act_r5 /home/dev/.conda/envs/n16k64/bin/python /home/dev/NVFP4-RaZeR/experiments/paper/bench_prefill.py --model qwen27b --label ours-256x64-nvfp4act --round 5 --shapes 1x128,1x256,1x512,1x1024,1x2048,1x4096,1x8192,4x2048 --reps 7 --out /home/dev/n16k64_campaign/paper/latency/qwen27b/ours-256x64-nvfp4act/round5.json --artifact /home/dev/n16k64_campaign/paper/artifacts/qwen27b_tc_256x64 --kernel auto --act-override nvfp4_rows
2026-09-29T16:45:30+00:00 END 05_prefill_qwen27b_ours-256x64-nvfp4act_r5 rc=0
2026-09-29T16:45:30+00:00 START 05_prefill_qwen27b_ours-8x64-nvfp4act_r5 /home/dev/.conda/envs/n16k64/bin/python /home/dev/NVFP4-RaZeR/experiments/paper/bench_prefill.py --model qwen27b --label ours-8x64-nvfp4act --round 5 --shapes 1x128,1x256,1x512,1x1024,1x2048,1x4096,1x8192,4x2048 --reps 7 --out /home/dev/n16k64_campaign/paper/latency/qwen27b/ours-8x64-nvfp4act/round5.json --artifact /home/dev/n16k64_campaign/paper/artifacts/qwen27b_tc_8x64 --kernel n8k64_wB --act-override nvfp4_rows
2026-09-29T16:49:52+00:00 END 05_prefill_qwen27b_ours-8x64-nvfp4act_r5 rc=0
2026-09-29T16:49:52+00:00 START 05_prefill_qwen27b_nvfp4-wB_r5 /home/dev/.conda/envs/n16k64/bin/python /home/dev/NVFP4-RaZeR/experiments/paper/bench_prefill.py --model qwen27b --label nvfp4-wB --round 5 --shapes 1x128,1x256,1x512,1x1024,1x2048,1x4096,1x8192,4x2048 --reps 7 --out /home/dev/n16k64_campaign/paper/latency/qwen27b/nvfp4-wB/round5.json --artifact /home/dev/n16k64_campaign/paper/artifacts/qwen27b_nvfp4 --kernel stock_wB
2026-09-29T16:54:13+00:00 END 05_prefill_qwen27b_nvfp4-wB_r5 rc=0
2026-09-29T16:54:13+00:00 START 05_prefill_qwen27b_fo6-wB_r5 /home/dev/.conda/envs/n16k64/bin/python /home/dev/NVFP4-RaZeR/experiments/paper/bench_prefill.py --model qwen27b --label fo6-wB --round 5 --shapes 1x128,1x256,1x512,1x1024,1x2048,1x4096,1x8192,4x2048 --reps 7 --out /home/dev/n16k64_campaign/paper/latency/qwen27b/fo6-wB/round5.json --artifact /home/dev/n16k64_campaign/paper/artifacts/qwen27b_fo6 --kernel stock_wB
2026-09-29T16:58:28+00:00 END 05_prefill_qwen27b_fo6-wB_r5 rc=0
2026-09-29T16:58:28+00:00 START 05_prefill_qwen27b_bf16_r5 /home/dev/.conda/envs/n16k64/bin/python /home/dev/NVFP4-RaZeR/experiments/paper/bench_prefill.py --model qwen27b --label bf16 --round 5 --shapes 1x128,1x256,1x512,1x1024,1x2048,1x4096,1x8192,4x2048 --reps 7 --out /home/dev/n16k64_campaign/paper/latency/qwen27b/bf16/round5.json
2026-09-29T17:03:16+00:00 END 05_prefill_qwen27b_bf16_r5 rc=0
2026-09-29T17:03:16+00:00 START 05_prefill_qwen27b_ours-16x64-nvfp4act_r5 /home/dev/.conda/envs/n16k64/bin/python /home/dev/NVFP4-RaZeR/experiments/paper/bench_prefill.py --model qwen27b --label ours-16x64-nvfp4act --round 5 --shapes 1x128,1x256,1x512,1x1024,1x2048,1x4096,1x8192,4x2048 --reps 7 --out /home/dev/n16k64_campaign/paper/latency/qwen27b/ours-16x64-nvfp4act/round5.json --artifact /home/dev/n16k64_campaign/paper/artifacts/qwen27b_tc_16x64 --kernel auto --act-override nvfp4_rows
2026-09-29T17:07:32+00:00 END 05_prefill_qwen27b_ours-16x64-nvfp4act_r5 rc=0
2026-09-29T17:07:32+00:00 START 05_prefill_qwen27b_ours-256x64_r5 /home/dev/.conda/envs/n16k64/bin/python /home/dev/NVFP4-RaZeR/experiments/paper/bench_prefill.py --model qwen27b --label ours-256x64 --round 5 --shapes 1x128,1x256,1x512,1x1024,1x2048,1x4096,1x8192,4x2048 --reps 7 --out /home/dev/n16k64_campaign/paper/latency/qwen27b/ours-256x64/round5.json --artifact /home/dev/n16k64_campaign/paper/artifacts/qwen27b_tc_256x64 --kernel auto
2026-09-29T17:11:50+00:00 END 05_prefill_qwen27b_ours-256x64_r5 rc=0
2026-09-29T17:11:50+00:00 START 05_prefill_qwen27b_ours-8x64_r5 /home/dev/.conda/envs/n16k64/bin/python /home/dev/NVFP4-RaZeR/experiments/paper/bench_prefill.py --model qwen27b --label ours-8x64 --round 5 --shapes 1x128,1x256,1x512,1x1024,1x2048,1x4096,1x8192,4x2048 --reps 7 --out /home/dev/n16k64_campaign/paper/latency/qwen27b/ours-8x64/round5.json --artifact /home/dev/n16k64_campaign/paper/artifacts/qwen27b_tc_8x64 --kernel n8k64_wB
2026-09-29T17:16:12+00:00 END 05_prefill_qwen27b_ours-8x64_r5 rc=0
2026-09-29T17:16:12+00:00 START 05_prefill_qwen27b_nvfp4_r5 /home/dev/.conda/envs/n16k64/bin/python /home/dev/NVFP4-RaZeR/experiments/paper/bench_prefill.py --model qwen27b --label nvfp4 --round 5 --shapes 1x128,1x256,1x512,1x1024,1x2048,1x4096,1x8192,4x2048 --reps 7 --out /home/dev/n16k64_campaign/paper/latency/qwen27b/nvfp4/round5.json --artifact /home/dev/n16k64_campaign/paper/artifacts/qwen27b_nvfp4 --kernel auto_stock
2026-09-29T17:20:31+00:00 END 05_prefill_qwen27b_nvfp4_r5 rc=0
2026-09-29T17:20:31+00:00 START 06_gemm_qwen27b /home/dev/.conda/envs/n16k64/bin/python /home/dev/NVFP4-RaZeR/experiments/paper/bench_gemm.py --model qwen27b --tokens 128,256,512,1024,2048,4096,8192 --iters 20 --out /home/dev/n16k64_campaign/paper/gemm/qwen27b.json --artifact fo6=/home/dev/n16k64_campaign/paper/artifacts/qwen27b_fo6 --artifact nvfp4=/home/dev/n16k64_campaign/paper/artifacts/qwen27b_nvfp4 --artifact tc_8x64=/home/dev/n16k64_campaign/paper/artifacts/qwen27b_tc_8x64 --artifact tc_16x64=/home/dev/n16k64_campaign/paper/artifacts/qwen27b_tc_16x64 --artifact tc_256x64=/home/dev/n16k64_campaign/paper/artifacts/qwen27b_tc_256x64
2026-09-29T17:22:38+00:00 END 06_gemm_qwen27b rc=0
2026-09-29T17:23:14Z DEVIATION 1: fixed-order GEMM records moved to gemm_superseded/ (llama8b mistral7b phi4 qwen27b)
2026-09-29T17:24:17+00:00 START 06_gemm_llama8b /home/dev/.conda/envs/n16k64/bin/python /home/dev/NVFP4-RaZeR/experiments/paper/bench_gemm.py --model llama8b --tokens 128,256,512,1024,2048,4096,8192 --iters 20 --rounds 3 --out /home/dev/n16k64_campaign/paper/gemm/llama8b.json --artifact fo6=/home/dev/n16k64_campaign/paper/artifacts/llama8b_fo6 --artifact nvfp4=/home/dev/n16k64_campaign/paper/artifacts/llama8b_nvfp4 --artifact tc_8x64=/home/dev/n16k64_campaign/paper/artifacts/llama8b_tc_8x64 --artifact tc_16x64=/home/dev/n16k64_campaign/paper/artifacts/llama8b_tc_16x64 --artifact tc_256x64=/home/dev/n16k64_campaign/paper/artifacts/llama8b_tc_256x64
2026-09-29T17:25:12+00:00 END 06_gemm_llama8b rc=0
2026-09-29T17:25:12+00:00 START 06_gemm_mistral7b /home/dev/.conda/envs/n16k64/bin/python /home/dev/NVFP4-RaZeR/experiments/paper/bench_gemm.py --model mistral7b --tokens 128,256,512,1024,2048,4096,8192 --iters 20 --rounds 3 --out /home/dev/n16k64_campaign/paper/gemm/mistral7b.json --artifact fo6=/home/dev/n16k64_campaign/paper/artifacts/mistral7b_fo6 --artifact nvfp4=/home/dev/n16k64_campaign/paper/artifacts/mistral7b_nvfp4 --artifact tc_8x64=/home/dev/n16k64_campaign/paper/artifacts/mistral7b_tc_8x64 --artifact tc_16x64=/home/dev/n16k64_campaign/paper/artifacts/mistral7b_tc_16x64 --artifact tc_256x64=/home/dev/n16k64_campaign/paper/artifacts/mistral7b_tc_256x64
2026-09-29T17:26:06+00:00 END 06_gemm_mistral7b rc=0
2026-09-29T17:26:06+00:00 START 06_gemm_phi4 /home/dev/.conda/envs/n16k64/bin/python /home/dev/NVFP4-RaZeR/experiments/paper/bench_gemm.py --model phi4 --tokens 128,256,512,1024,2048,4096,8192 --iters 20 --rounds 3 --out /home/dev/n16k64_campaign/paper/gemm/phi4.json --artifact fo6=/home/dev/n16k64_campaign/paper/artifacts/phi4_fo6 --artifact nvfp4=/home/dev/n16k64_campaign/paper/artifacts/phi4_nvfp4 --artifact tc_8x64=/home/dev/n16k64_campaign/paper/artifacts/phi4_tc_8x64 --artifact tc_16x64=/home/dev/n16k64_campaign/paper/artifacts/phi4_tc_16x64 --artifact tc_256x64=/home/dev/n16k64_campaign/paper/artifacts/phi4_tc_256x64
2026-09-29T17:27:33+00:00 END 06_gemm_phi4 rc=0
2026-09-29T17:27:33+00:00 START 06_gemm_qwen27b /home/dev/.conda/envs/n16k64/bin/python /home/dev/NVFP4-RaZeR/experiments/paper/bench_gemm.py --model qwen27b --tokens 128,256,512,1024,2048,4096,8192 --iters 20 --rounds 3 --out /home/dev/n16k64_campaign/paper/gemm/qwen27b.json --artifact fo6=/home/dev/n16k64_campaign/paper/artifacts/qwen27b_fo6 --artifact nvfp4=/home/dev/n16k64_campaign/paper/artifacts/qwen27b_nvfp4 --artifact tc_8x64=/home/dev/n16k64_campaign/paper/artifacts/qwen27b_tc_8x64 --artifact tc_16x64=/home/dev/n16k64_campaign/paper/artifacts/qwen27b_tc_16x64 --artifact tc_256x64=/home/dev/n16k64_campaign/paper/artifacts/qwen27b_tc_256x64
2026-09-29T17:30:11+00:00 END 06_gemm_qwen27b rc=0
2026-09-30T06:16:38+00:00 START 06b_l2_check /home/dev/.conda/envs/n16k64/bin/python /home/dev/NVFP4-RaZeR/experiments/paper/check_l2_cold.py --fo6 /home/dev/n16k64_campaign/paper/artifacts/llama8b_fo6 --tc16 /home/dev/n16k64_campaign/paper/artifacts/llama8b_tc_16x64 --reps 50 --out /home/dev/n16k64_campaign/paper/gemm_isolated/l2_check.json
2026-09-30T06:17:01+00:00 END 06b_l2_check rc=1
2026-09-30T06:17:01+00:00 CHECK FAILED cold-cache verification (step 1 of deviation 2)
2026-09-30T06:23:06+00:00 START 06b_l2_check /home/dev/.conda/envs/n16k64/bin/python /home/dev/NVFP4-RaZeR/experiments/paper/check_l2_cold.py --fo6 /home/dev/n16k64_campaign/paper/artifacts/llama8b_fo6 --tc16 /home/dev/n16k64_campaign/paper/artifacts/llama8b_tc_16x64 --reps 50 --out /home/dev/n16k64_campaign/paper/gemm_isolated/l2_check.json
2026-09-30T06:23:33+00:00 END 06b_l2_check rc=0
2026-09-30T06:23:33+00:00 START 06b_gemm_llama8b /home/dev/.conda/envs/n16k64/bin/python /home/dev/NVFP4-RaZeR/experiments/paper/bench_gemm_isolated.py --model llama8b --tokens 128,256,512,1024,2048,4096,8192 --reps 30 --rounds 3 --out /home/dev/n16k64_campaign/paper/gemm_isolated/llama8b.json --artifact fo6=/home/dev/n16k64_campaign/paper/artifacts/llama8b_fo6 --artifact nvfp4=/home/dev/n16k64_campaign/paper/artifacts/llama8b_nvfp4 --artifact tc_8x64=/home/dev/n16k64_campaign/paper/artifacts/llama8b_tc_8x64 --artifact tc_16x64=/home/dev/n16k64_campaign/paper/artifacts/llama8b_tc_16x64 --artifact tc_256x64=/home/dev/n16k64_campaign/paper/artifacts/llama8b_tc_256x64
2026-09-30T06:25:49+00:00 END 06b_gemm_llama8b rc=0
2026-09-30T06:25:49+00:00 START 06b_gemm_mistral7b /home/dev/.conda/envs/n16k64/bin/python /home/dev/NVFP4-RaZeR/experiments/paper/bench_gemm_isolated.py --model mistral7b --tokens 128,256,512,1024,2048,4096,8192 --reps 30 --rounds 3 --out /home/dev/n16k64_campaign/paper/gemm_isolated/mistral7b.json --artifact fo6=/home/dev/n16k64_campaign/paper/artifacts/mistral7b_fo6 --artifact nvfp4=/home/dev/n16k64_campaign/paper/artifacts/mistral7b_nvfp4 --artifact tc_8x64=/home/dev/n16k64_campaign/paper/artifacts/mistral7b_tc_8x64 --artifact tc_16x64=/home/dev/n16k64_campaign/paper/artifacts/mistral7b_tc_16x64 --artifact tc_256x64=/home/dev/n16k64_campaign/paper/artifacts/mistral7b_tc_256x64
2026-09-30T06:28:12+00:00 END 06b_gemm_mistral7b rc=0
2026-09-30T06:28:12+00:00 START 06b_gemm_phi4 /home/dev/.conda/envs/n16k64/bin/python /home/dev/NVFP4-RaZeR/experiments/paper/bench_gemm_isolated.py --model phi4 --tokens 128,256,512,1024,2048,4096,8192 --reps 30 --rounds 3 --out /home/dev/n16k64_campaign/paper/gemm_isolated/phi4.json --artifact fo6=/home/dev/n16k64_campaign/paper/artifacts/phi4_fo6 --artifact nvfp4=/home/dev/n16k64_campaign/paper/artifacts/phi4_nvfp4 --artifact tc_8x64=/home/dev/n16k64_campaign/paper/artifacts/phi4_tc_8x64 --artifact tc_16x64=/home/dev/n16k64_campaign/paper/artifacts/phi4_tc_16x64 --artifact tc_256x64=/home/dev/n16k64_campaign/paper/artifacts/phi4_tc_256x64
2026-09-30T06:30:34+00:00 END 06b_gemm_phi4 rc=0
2026-09-30T06:30:34+00:00 START 06b_gemm_qwen27b /home/dev/.conda/envs/n16k64/bin/python /home/dev/NVFP4-RaZeR/experiments/paper/bench_gemm_isolated.py --model qwen27b --tokens 128,256,512,1024,2048,4096,8192 --reps 30 --rounds 3 --out /home/dev/n16k64_campaign/paper/gemm_isolated/qwen27b.json --artifact fo6=/home/dev/n16k64_campaign/paper/artifacts/qwen27b_fo6 --artifact nvfp4=/home/dev/n16k64_campaign/paper/artifacts/qwen27b_nvfp4 --artifact tc_8x64=/home/dev/n16k64_campaign/paper/artifacts/qwen27b_tc_8x64 --artifact tc_16x64=/home/dev/n16k64_campaign/paper/artifacts/qwen27b_tc_16x64 --artifact tc_256x64=/home/dev/n16k64_campaign/paper/artifacts/qwen27b_tc_256x64
2026-09-30T06:35:57+00:00 END 06b_gemm_qwen27b rc=0
