timestamp, clocks.current.sm [MHz], clocks.current.memory [MHz], power.draw [W], temperature.gpu, clocks_event_reasons.active, clocks_event_reasons.sw_power_cap, clocks_event_reasons.hw_slowdown
2026/09/30 14:20:59.699, 180, 405, 15.24, 46, 0x0000000000000000, Not Active, Not Active
2026/09/30 14:20:59.884, 180, 405, 15.24, 46, 0x0000000000000000, Not Active, Not Active
2026/09/30 14:20:59.984, 180, 405, 15.24, 46, 0x0000000000000000, Not Active, Not Active
2026/09/30 14:21:00.084, 180, 405, 16.96, 46, 0x0000000000000000, Not Active, Not Active
2026/09/30 14:21:00.185, 180, 405, 16.96, 46, 0x0000000000000000, Not Active, Not Active
2026/09/30 14:21:00.285, 180, 405, 16.96, 46, 0x0000000000000000, Not Active, Not Active
2026/09/30 14:21:00.385, 180, 405, 16.96, 46, 0x0000000000000000, Not Active, Not Active
2026/09/30 14:21:00.485, 180, 405, 16.96, 46, 0x0000000000000000, Not Active, Not Active
2026/09/30 14:21:00.585, 180, 405, 17.23, 46, 0x0000000000000000, Not Active, Not Active
2026/09/30 14:21:00.685, 180, 405, 17.23, 46, 0x0000000000000000, Not Active, Not Active
2026/09/30 14:21:00.785, 180, 405, 17.23, 46, 0x0000000000000000, Not Active, Not Active
2026/09/30 14:21:00.885, 180, 405, 17.23, 46, 0x0000000000000000, Not Active, Not Active
2026/09/30 14:21:00.986, 180, 405, 17.23, 46, 0x0000000000000000, Not Active, Not Active
2026/09/30 14:21:01.086, 180, 405, 17.31, 46, 0x0000000000000000, Not Active, Not Active
2026/09/30 14:21:01.186, 180, 405, 17.31, 46, 0x0000000000000000, Not Active, Not Active
2026/09/30 14:21:01.286, 180, 405, 17.31, 46, 0x0000000000000000, Not Active, Not Active
2026/09/30 14:21:01.386, 180, 405, 17.31, 46, 0x0000000000000000, Not Active, Not Active
2026/09/30 14:21:01.486, 180, 405, 17.31, 46, 0x0000000000000000, Not Active, Not Active
2026/09/30 14:21:01.586, 180, 405, 17.31, 46, 0x0000000000000000, Not Active, Not Active
2026/09/30 14:21:01.687, 180, 405, 17.31, 46, 0x0000000000000000, Not Active, Not Active
2026/09/30 14:21:01.787, 180, 405, 17.31, 46, 0x0000000000000000, Not Active, Not Active
2026/09/30 14:21:01.887, 180, 405, 17.31, 46, 0x0000000000000000, Not Active, Not Active
2026/09/30 14:21:01.987, 180, 405, 17.31, 46, 0x0000000000000000, Not Active, Not Active
2026/09/30 14:21:02.087, 180, 405, 14.52, 46, 0x0000000000000000, Not Active, Not Active
2026/09/30 14:21:02.187, 180, 405, 14.52, 46, 0x0000000000000000, Not Active, Not Active
2026/09/30 14:21:02.287, 180, 405, 14.52, 46, 0x0000000000000000, Not Active, Not Active
2026/09/30 14:21:02.388, 180, 405, 14.52, 46, 0x0000000000000000, Not Active, Not Active
2026/09/30 14:21:02.488, 180, 405, 14.52, 46, 0x0000000000000000, Not Active, Not Active
2026/09/30 14:21:02.588, 180, 405, 14.52, 46, 0x0000000000000000, Not Active, Not Active
2026/09/30 14:21:02.688, 180, 405, 14.52, 46, 0x0000000000000000, Not Active, Not Active
2026/09/30 14:21:02.788, 180, 405, 14.52, 46, 0x0000000000000000, Not Active, Not Active
2026/09/30 14:21:02.888, 180, 405, 14.52, 46, 0x0000000000000000, Not Active, Not Active
2026/09/30 14:21:02.989, 180, 405, 14.52, 46, 0x0000000000000000, Not Active, Not Active
2026/09/30 14:21:03.089, 180, 405, 13.94, 46, 0x0000000000000000, Not Active, Not Active
2026/09/30 14:21:03.189, 180, 405, 13.94, 46, 0x0000000000000000, Not Active, Not Active
2026/09/30 14:21:03.289, 180, 405, 13.94, 46, 0x0000000000000000, Not Active, Not Active
2026/09/30 14:21:03.389, 180, 405, 13.94, 46, 0x0000000000000000, Not Active, Not Active
2026/09/30 14:21:03.489, 180, 405, 13.94, 46, 0x0000000000000000, Not Active, Not Active
2026/09/30 14:21:03.589, 180, 405, 13.94, 46, 0x0000000000000000, Not Active, Not Active
2026/09/30 14:21:03.690, 180, 405, 13.94, 46, 0x0000000000000000, Not Active, Not Active
2026/09/30 14:21:03.790, 180, 405, 13.94, 46, 0x0000000000000000, Not Active, Not Active
2026/09/30 14:21:03.890, 180, 405, 13.94, 46, 0x0000000000000000, Not Active, Not Active
2026/09/30 14:21:03.990, 180, 405, 13.94, 46, 0x0000000000000000, Not Active, Not Active
2026/09/30 14:21:04.090, 180, 405, 13.96, 46, 0x0000000000000000, Not Active, Not Active
2026/09/30 14:21:04.190, 180, 405, 13.96, 46, 0x0000000000000000, Not Active, Not Active
2026/09/30 14:21:04.291, 180, 405, 13.96, 46, 0x0000000000000000, Not Active, Not Active
2026/09/30 14:21:04.391, 180, 405, 13.96, 46, 0x0000000000000000, Not Active, Not Active
2026/09/30 14:21:04.491, 180, 405, 13.96, 46, 0x0000000000000000, Not Active, Not Active
2026/09/30 14:21:04.591, 180, 405, 13.96, 46, 0x0000000000000000, Not Active, Not Active
2026/09/30 14:21:04.691, 180, 405, 13.96, 46, 0x0000000000000000, Not Active, Not Active
2026/09/30 14:21:04.791, 180, 405, 13.96, 46, 0x0000000000000000, Not Active, Not Active
2026/09/30 14:21:04.891, 180, 405, 13.96, 46, 0x0000000000000000, Not Active, Not Active
2026/09/30 14:21:04.992, 180, 405, 13.96, 46, 0x0000000000000000, Not Active, Not Active
2026/09/30 14:21:05.092, 180, 405, 14.03, 46, 0x0000000000000000, Not Active, Not Active
2026/09/30 14:21:05.192, 180, 405, 14.03, 46, 0x0000000000000000, Not Active, Not Active
2026/09/30 14:21:05.292, 180, 405, 14.03, 46, 0x0000000000000000, Not Active, Not Active
2026/09/30 14:21:05.392, 180, 405, 14.03, 46, 0x0000000000000000, Not Active, Not Active
2026/09/30 14:21:05.492, 180, 405, 14.03, 46, 0x0000000000000000, Not Active, Not Active
2026/09/30 14:21:05.592, 180, 405, 14.03, 46, 0x0000000000000000, Not Active, Not Active
2026/09/30 14:21:05.692, 180, 405, 14.03, 46, 0x0000000000000000, Not Active, Not Active
2026/09/30 14:21:05.793, 180, 405, 14.03, 46, 0x0000000000000000, Not Active, Not Active
2026/09/30 14:21:05.893, 180, 405, 14.03, 46, 0x0000000000000000, Not Active, Not Active
2026/09/30 14:21:05.993, 180, 405, 14.03, 46, 0x0000000000000000, Not Active, Not Active
2026/09/30 14:21:06.093, 180, 405, 13.77, 46, 0x0000000000000000, Not Active, Not Active
2026/09/30 14:21:06.193, 180, 405, 13.77, 46, 0x0000000000000000, Not Active, Not Active
2026/09/30 14:21:06.293, 180, 405, 13.77, 46, 0x0000000000000000, Not Active, Not Active
2026/09/30 14:21:06.393, 180, 405, 13.77, 46, 0x0000000000000000, Not Active, Not Active
2026/09/30 14:21:06.494, 180, 405, 13.77, 46, 0x0000000000000000, Not Active, Not Active
2026/09/30 14:21:06.594, 180, 405, 13.77, 46, 0x0000000000000000, Not Active, Not Active
2026/09/30 14:21:06.694, 180, 405, 13.77, 46, 0x0000000000000000, Not Active, Not Active
2026/09/30 14:21:06.794, 180, 405, 13.77, 46, 0x0000000000000000, Not Active, Not Active
2026/09/30 14:21:06.894, 180, 405, 13.77, 46, 0x0000000000000000, Not Active, Not Active
2026/09/30 14:21:06.994, 180, 405, 13.77, 46, 0x0000000000000000, Not Active, Not Active
2026/09/30 14:21:07.094, 180, 405, 13.66, 46, 0x0000000000000000, Not Active, Not Active
2026/09/30 14:21:07.194, 180, 405, 13.66, 46, 0x0000000000000000, Not Active, Not Active
2026/09/30 14:21:07.295, 180, 405, 13.66, 46, 0x0000000000000000, Not Active, Not Active
2026/09/30 14:21:07.395, 180, 405, 13.66, 46, 0x0000000000000000, Not Active, Not Active
2026/09/30 14:21:07.495, 180, 405, 13.66, 46, 0x0000000000000000, Not Active, Not Active
2026/09/30 14:21:07.595, 180, 405, 13.66, 46, 0x0000000000000000, Not Active, Not Active
2026/09/30 14:21:07.695, 180, 405, 13.66, 46, 0x0000000000000000, Not Active, Not Active
2026/09/30 14:21:07.795, 180, 405, 13.66, 46, 0x0000000000000000, Not Active, Not Active
2026/09/30 14:21:07.896, 180, 405, 13.66, 46, 0x0000000000000000, Not Active, Not Active
2026/09/30 14:21:07.996, 180, 405, 13.66, 46, 0x0000000000000000, Not Active, Not Active
2026/09/30 14:21:08.096, 180, 405, 13.62, 46, 0x0000000000000000, Not Active, Not Active
2026/09/30 14:21:08.196, 180, 405, 13.62, 46, 0x0000000000000000, Not Active, Not Active
2026/09/30 14:21:08.296, 180, 405, 13.62, 46, 0x0000000000000000, Not Active, Not Active
2026/09/30 14:21:08.396, 180, 405, 13.62, 46, 0x0000000000000000, Not Active, Not Active
2026/09/30 14:21:08.496, 180, 405, 13.62, 46, 0x0000000000000000, Not Active, Not Active
2026/09/30 14:21:08.597, 180, 405, 13.62, 46, 0x0000000000000000, Not Active, Not Active
2026/09/30 14:21:08.697, 180, 405, 13.62, 46, 0x0000000000000000, Not Active, Not Active
2026/09/30 14:21:08.797, 180, 405, 13.62, 46, 0x0000000000000000, Not Active, Not Active
2026/09/30 14:21:08.897, 180, 405, 13.62, 46, 0x0000000000000000, Not Active, Not Active
2026/09/30 14:21:08.997, 180, 405, 13.62, 46, 0x0000000000000000, Not Active, Not Active
2026/09/30 14:21:09.097, 180, 405, 13.55, 46, 0x0000000000000000, Not Active, Not Active
2026/09/30 14:21:09.198, 180, 405, 13.55, 46, 0x0000000000000000, Not Active, Not Active
2026/09/30 14:21:09.298, 180, 405, 13.55, 46, 0x0000000000000000, Not Active, Not Active
2026/09/30 14:21:09.398, 180, 405, 13.55, 46, 0x0000000000000000, Not Active, Not Active
2026/09/30 14:21:09.498, 180, 405, 13.55, 46, 0x0000000000000000, Not Active, Not Active
2026/09/30 14:21:09.598, 180, 405, 13.55, 46, 0x0000000000000000, Not Active, Not Active
2026/09/30 14:21:09.698, 180, 405, 13.55, 46, 0x0000000000000000, Not Active, Not Active
2026/09/30 14:21:09.798, 180, 405, 13.55, 46, 0x0000000000000000, Not Active, Not Active
2026/09/30 14:21:09.899, 180, 405, 13.55, 46, 0x0000000000000000, Not Active, Not Active
2026/09/30 14:21:09.999, 180, 405, 13.55, 46, 0x0000000000000000, Not Active, Not Active
2026/09/30 14:21:10.099, 180, 14001, 14.18, 46, 0x0000000000000000, Not Active, Not Active
2026/09/30 14:21:10.199, 180, 14001, 14.18, 46, 0x0000000000000000, Not Active, Not Active
2026/09/30 14:21:10.299, 180, 14001, 14.18, 46, 0x0000000000000000, Not Active, Not Active
2026/09/30 14:21:10.399, 180, 14001, 14.18, 46, 0x0000000000000000, Not Active, Not Active
2026/09/30 14:21:10.500, 180, 14001, 14.18, 46, 0x0000000000000000, Not Active, Not Active
2026/09/30 14:21:10.600, 2745, 13365, 35.10, 47, 0x0000000000000000, Not Active, Not Active
2026/09/30 14:21:10.700, 2745, 13365, 35.10, 47, 0x0000000000000000, Not Active, Not Active
2026/09/30 14:21:10.800, 2745, 13365, 35.10, 47, 0x0000000000000000, Not Active, Not Active
2026/09/30 14:21:10.900, 2745, 13365, 35.10, 47, 0x0000000000000000, Not Active, Not Active
2026/09/30 14:21:11.000, 2745, 13365, 35.10, 47, 0x0000000000000000, Not Active, Not Active
2026/09/30 14:21:11.100, 2610, 13365, 70.62, 47, 0x0000000000000000, Not Active, Not Active
2026/09/30 14:21:11.201, 2610, 13365, 70.62, 47, 0x0000000000000000, Not Active, Not Active
2026/09/30 14:21:11.301, 2610, 13365, 70.62, 47, 0x0000000000000000, Not Active, Not Active
2026/09/30 14:21:11.401, 2610, 13365, 70.62, 47, 0x0000000000000000, Not Active, Not Active
2026/09/30 14:21:11.501, 2610, 13365, 70.62, 47, 0x0000000000000000, Not Active, Not Active
2026/09/30 14:21:11.601, 2662, 13365, 93.08, 48, 0x0000000000000000, Not Active, Not Active
2026/09/30 14:21:11.701, 2662, 13365, 93.08, 48, 0x0000000000000000, Not Active, Not Active
2026/09/30 14:21:11.801, 2662, 13365, 93.08, 48, 0x0000000000000000, Not Active, Not Active
2026/09/30 14:21:11.901, 2662, 13365, 93.08, 48, 0x0000000000000000, Not Active, Not Active
2026/09/30 14:21:12.002, 2662, 13365, 93.08, 48, 0x0000000000000000, Not Active, Not Active
2026/09/30 14:21:12.102, 2647, 13365, 111.11, 48, 0x0000000000000000, Not Active, Not Active
2026/09/30 14:21:12.202, 2647, 13365, 111.11, 48, 0x0000000000000000, Not Active, Not Active
2026/09/30 14:21:12.302, 2647, 13365, 111.11, 48, 0x0000000000000000, Not Active, Not Active
2026/09/30 14:21:12.402, 2647, 13365, 111.11, 48, 0x0000000000000000, Not Active, Not Active
2026/09/30 14:21:12.502, 2647, 13365, 111.11, 48, 0x0000000000000000, Not Active, Not Active
2026/09/30 14:21:12.602, 2677, 13365, 122.44, 48, 0x0000000000000000, Not Active, Not Active
2026/09/30 14:21:12.703, 2677, 13365, 122.44, 48, 0x0000000000000000, Not Active, Not Active
2026/09/30 14:21:12.803, 2677, 13365, 122.44, 48, 0x0000000000000000, Not Active, Not Active
2026/09/30 14:21:12.903, 2677, 13365, 122.44, 48, 0x0000000000000000, Not Active, Not Active
2026/09/30 14:21:13.003, 2677, 13365, 122.44, 48, 0x0000000000000000, Not Active, Not Active
2026/09/30 14:21:13.103, 2685, 13365, 123.89, 48, 0x0000000000000000, Not Active, Not Active
2026/09/30 14:21:13.203, 2685, 13365, 123.89, 48, 0x0000000000000000, Not Active, Not Active
2026/09/30 14:21:13.303, 2685, 13365, 123.89, 48, 0x0000000000000000, Not Active, Not Active
2026/09/30 14:21:13.404, 2685, 13365, 123.89, 48, 0x0000000000000000, Not Active, Not Active
2026/09/30 14:21:13.504, 2685, 13365, 123.89, 48, 0x0000000000000000, Not Active, Not Active
2026/09/30 14:21:13.604, 2685, 13365, 119.75, 48, 0x0000000000000000, Not Active, Not Active
2026/09/30 14:21:13.704, 2685, 13365, 119.75, 48, 0x0000000000000000, Not Active, Not Active
2026/09/30 14:21:13.804, 2685, 13365, 119.75, 48, 0x0000000000000000, Not Active, Not Active
2026/09/30 14:21:13.904, 2685, 13365, 119.75, 48, 0x0000000000000000, Not Active, Not Active
2026/09/30 14:21:14.004, 2685, 13365, 119.75, 48, 0x0000000000000000, Not Active, Not Active
2026/09/30 14:21:14.104, 2685, 13365, 120.47, 49, 0x0000000000000000, Not Active, Not Active
2026/09/30 14:21:14.205, 2685, 13365, 120.47, 49, 0x0000000000000000, Not Active, Not Active
2026/09/30 14:21:14.305, 2685, 13365, 120.47, 49, 0x0000000000000000, Not Active, Not Active
2026/09/30 14:21:14.405, 2685, 13365, 120.47, 49, 0x0000000000000000, Not Active, Not Active
2026/09/30 14:21:14.505, 2685, 13365, 120.47, 49, 0x0000000000000000, Not Active, Not Active
2026/09/30 14:21:14.605, 2662, 13365, 121.54, 48, 0x0000000000000000, Not Active, Not Active
2026/09/30 14:21:14.705, 2662, 13365, 121.54, 48, 0x0000000000000000, Not Active, Not Active
2026/09/30 14:21:14.805, 2662, 13365, 121.54, 48, 0x0000000000000000, Not Active, Not Active
2026/09/30 14:21:14.906, 2662, 13365, 121.54, 48, 0x0000000000000000, Not Active, Not Active
2026/09/30 14:21:15.006, 2662, 13365, 121.54, 48, 0x0000000000000000, Not Active, Not Active
2026/09/30 14:21:15.106, 2647, 13365, 120.33, 48, 0x0000000000000000, Not Active, Not Active
2026/09/30 14:21:15.206, 2647, 13365, 120.33, 48, 0x0000000000000000, Not Active, Not Active
2026/09/30 14:21:15.306, 2647, 13365, 120.33, 48, 0x0000000000000000, Not Active, Not Active
2026/09/30 14:21:15.406, 2647, 13365, 120.33, 48, 0x0000000000000000, Not Active, Not Active
2026/09/30 14:21:15.507, 2647, 13365, 120.33, 48, 0x0000000000000000, Not Active, Not Active
2026/09/30 14:21:15.607, 2670, 13365, 122.77, 48, 0x0000000000000000, Not Active, Not Active
2026/09/30 14:21:15.707, 2670, 13365, 122.77, 48, 0x0000000000000000, Not Active, Not Active
2026/09/30 14:21:15.807, 2670, 13365, 122.77, 48, 0x0000000000000000, Not Active, Not Active
2026/09/30 14:21:15.907, 2670, 13365, 122.77, 48, 0x0000000000000000, Not Active, Not Active
2026/09/30 14:21:16.007, 2670, 13365, 122.77, 48, 0x0000000000000000, Not Active, Not Active
2026/09/30 14:21:16.107, 2692, 13365, 123.07, 48, 0x0000000000000000, Not Active, Not Active
2026/09/30 14:21:16.208, 2692, 13365, 123.07, 48, 0x0000000000000000, Not Active, Not Active
2026/09/30 14:21:16.308, 2692, 13365, 123.07, 48, 0x0000000000000000, Not Active, Not Active
2026/09/30 14:21:16.408, 2692, 13365, 123.07, 48, 0x0000000000000000, Not Active, Not Active
2026/09/30 14:21:16.508, 2692, 13365, 123.07, 48, 0x0000000000000000, Not Active, Not Active
2026/09/30 14:21:16.608, 2685, 13365, 121.06, 49, 0x0000000000000000, Not Active, Not Active
2026/09/30 14:21:16.708, 2685, 13365, 121.06, 49, 0x0000000000000000, Not Active, Not Active
2026/09/30 14:21:16.808, 2685, 13365, 121.06, 49, 0x0000000000000000, Not Active, Not Active
2026/09/30 14:21:16.909, 2685, 13365, 121.06, 49, 0x0000000000000000, Not Active, Not Active
2026/09/30 14:21:17.009, 2685, 13365, 121.06, 49, 0x0000000000000000, Not Active, Not Active
2026/09/30 14:21:17.109, 2685, 13365, 120.67, 49, 0x0000000000000000, Not Active, Not Active
2026/09/30 14:21:17.209, 2685, 13365, 120.67, 49, 0x0000000000000000, Not Active, Not Active
2026/09/30 14:21:17.309, 2685, 13365, 120.67, 49, 0x0000000000000000, Not Active, Not Active
2026/09/30 14:21:17.409, 2685, 13365, 120.67, 49, 0x0000000000000000, Not Active, Not Active
2026/09/30 14:21:17.509, 2685, 13365, 120.67, 49, 0x0000000000000000, Not Active, Not Active
2026/09/30 14:21:17.610, 2662, 13365, 122.08, 49, 0x0000000000000000, Not Active, Not Active
2026/09/30 14:21:17.710, 2662, 13365, 122.08, 49, 0x0000000000000000, Not Active, Not Active
2026/09/30 14:21:17.810, 2662, 13365, 122.08, 49, 0x0000000000000000, Not Active, Not Active
2026/09/30 14:21:17.910, 2662, 13365, 122.08, 49, 0x0000000000000000, Not Active, Not Active
2026/09/30 14:21:18.010, 2662, 13365, 122.08, 49, 0x0000000000000000, Not Active, Not Active
2026/09/30 14:21:18.110, 2655, 13365, 122.84, 49, 0x0000000000000000, Not Active, Not Active
2026/09/30 14:21:18.210, 2655, 13365, 122.84, 49, 0x0000000000000000, Not Active, Not Active
2026/09/30 14:21:18.310, 2655, 13365, 122.84, 49, 0x0000000000000000, Not Active, Not Active
2026/09/30 14:21:18.411, 2655, 13365, 122.84, 49, 0x0000000000000000, Not Active, Not Active
2026/09/30 14:21:18.511, 2655, 13365, 122.84, 49, 0x0000000000000000, Not Active, Not Active
2026/09/30 14:21:18.611, 2662, 13365, 127.38, 49, 0x0000000000000000, Not Active, Not Active
2026/09/30 14:21:18.711, 2662, 13365, 127.38, 49, 0x0000000000000000, Not Active, Not Active
2026/09/30 14:21:18.811, 2662, 13365, 127.38, 49, 0x0000000000000000, Not Active, Not Active
2026/09/30 14:21:18.911, 2662, 13365, 127.38, 49, 0x0000000000000000, Not Active, Not Active
2026/09/30 14:21:19.011, 2662, 13365, 127.38, 49, 0x0000000000000000, Not Active, Not Active
2026/09/30 14:21:19.112, 2662, 13365, 128.12, 49, 0x0000000000000000, Not Active, Not Active
2026/09/30 14:21:19.212, 2662, 13365, 128.12, 49, 0x0000000000000000, Not Active, Not Active
2026/09/30 14:21:19.312, 2662, 13365, 128.12, 49, 0x0000000000000000, Not Active, Not Active
2026/09/30 14:21:19.412, 2662, 13365, 128.12, 49, 0x0000000000000000, Not Active, Not Active
2026/09/30 14:21:19.512, 2662, 13365, 128.12, 49, 0x0000000000000000, Not Active, Not Active
2026/09/30 14:21:19.612, 2647, 13365, 125.92, 48, 0x0000000000000000, Not Active, Not Active
2026/09/30 14:21:19.712, 2647, 13365, 125.92, 48, 0x0000000000000000, Not Active, Not Active
2026/09/30 14:21:19.813, 2647, 13365, 125.92, 48, 0x0000000000000000, Not Active, Not Active
2026/09/30 14:21:19.913, 2647, 13365, 125.92, 48, 0x0000000000000000, Not Active, Not Active
2026/09/30 14:21:20.013, 2647, 13365, 125.92, 48, 0x0000000000000000, Not Active, Not Active
2026/09/30 14:21:20.113, 2662, 13365, 127.34, 49, 0x0000000000000000, Not Active, Not Active
2026/09/30 14:21:20.213, 2662, 13365, 127.34, 49, 0x0000000000000000, Not Active, Not Active
2026/09/30 14:21:20.313, 2662, 13365, 127.34, 49, 0x0000000000000000, Not Active, Not Active
2026/09/30 14:21:20.413, 2662, 13365, 127.34, 49, 0x0000000000000000, Not Active, Not Active
2026/09/30 14:21:20.514, 2662, 13365, 127.34, 49, 0x0000000000000000, Not Active, Not Active
2026/09/30 14:21:20.614, 2685, 13365, 129.35, 49, 0x0000000000000000, Not Active, Not Active
2026/09/30 14:21:20.714, 2685, 13365, 129.35, 49, 0x0000000000000000, Not Active, Not Active
2026/09/30 14:21:20.814, 2685, 13365, 129.35, 49, 0x0000000000000000, Not Active, Not Active
2026/09/30 14:21:20.914, 2685, 13365, 129.35, 49, 0x0000000000000000, Not Active, Not Active
2026/09/30 14:21:21.014, 2685, 13365, 129.35, 49, 0x0000000000000000, Not Active, Not Active
2026/09/30 14:21:21.114, 2692, 13365, 125.78, 49, 0x0000000000000000, Not Active, Not Active
2026/09/30 14:21:21.214, 2692, 13365, 125.78, 49, 0x0000000000000000, Not Active, Not Active
2026/09/30 14:21:21.315, 2692, 13365, 125.78, 49, 0x0000000000000000, Not Active, Not Active
2026/09/30 14:21:21.415, 2692, 13365, 125.78, 49, 0x0000000000000000, Not Active, Not Active
2026/09/30 14:21:21.515, 2692, 13365, 125.78, 49, 0x0000000000000000, Not Active, Not Active
2026/09/30 14:21:21.615, 2692, 13365, 121.27, 49, 0x0000000000000000, Not Active, Not Active
2026/09/30 14:21:21.715, 2692, 13365, 121.27, 49, 0x0000000000000000, Not Active, Not Active
2026/09/30 14:21:21.815, 2692, 13365, 121.27, 49, 0x0000000000000000, Not Active, Not Active
2026/09/30 14:21:21.915, 2692, 13365, 121.27, 49, 0x0000000000000000, Not Active, Not Active
2026/09/30 14:21:22.015, 2692, 13365, 121.27, 49, 0x0000000000000000, Not Active, Not Active
2026/09/30 14:21:22.116, 2677, 13365, 123.90, 49, 0x0000000000000000, Not Active, Not Active
2026/09/30 14:21:22.216, 2677, 13365, 123.90, 49, 0x0000000000000000, Not Active, Not Active
2026/09/30 14:21:22.316, 2677, 13365, 123.90, 49, 0x0000000000000000, Not Active, Not Active
2026/09/30 14:21:22.416, 2677, 13365, 123.90, 49, 0x0000000000000000, Not Active, Not Active
2026/09/30 14:21:22.516, 2677, 13365, 123.90, 49, 0x0000000000000000, Not Active, Not Active
2026/09/30 14:21:22.616, 2677, 13365, 127.92, 49, 0x0000000000000000, Not Active, Not Active
2026/09/30 14:21:22.716, 2677, 13365, 127.92, 49, 0x0000000000000000, Not Active, Not Active
2026/09/30 14:21:22.817, 2677, 13365, 127.92, 49, 0x0000000000000000, Not Active, Not Active
2026/09/30 14:21:22.917, 2677, 13365, 127.92, 49, 0x0000000000000000, Not Active, Not Active
2026/09/30 14:21:23.017, 2677, 13365, 127.92, 49, 0x0000000000000000, Not Active, Not Active
2026/09/30 14:21:23.117, 2662, 13365, 129.19, 49, 0x0000000000000000, Not Active, Not Active
2026/09/30 14:21:23.217, 2662, 13365, 129.19, 49, 0x0000000000000000, Not Active, Not Active
2026/09/30 14:21:23.317, 2662, 13365, 129.19, 49, 0x0000000000000000, Not Active, Not Active
2026/09/30 14:21:23.417, 2662, 13365, 129.19, 49, 0x0000000000000000, Not Active, Not Active
2026/09/30 14:21:23.518, 2662, 13365, 129.19, 49, 0x0000000000000000, Not Active, Not Active
2026/09/30 14:21:23.618, 2662, 13365, 131.56, 49, 0x0000000000000000, Not Active, Not Active
2026/09/30 14:21:23.718, 2662, 13365, 131.56, 49, 0x0000000000000000, Not Active, Not Active
2026/09/30 14:21:23.818, 2662, 13365, 131.56, 49, 0x0000000000000000, Not Active, Not Active
2026/09/30 14:21:23.918, 2662, 13365, 131.56, 49, 0x0000000000000000, Not Active, Not Active
2026/09/30 14:21:24.018, 2662, 13365, 131.56, 49, 0x0000000000000000, Not Active, Not Active
2026/09/30 14:21:24.118, 2662, 13365, 135.49, 50, 0x0000000000000000, Not Active, Not Active
2026/09/30 14:21:24.219, 2662, 13365, 135.49, 50, 0x0000000000000000, Not Active, Not Active
2026/09/30 14:21:24.319, 2662, 13365, 135.49, 50, 0x0000000000000000, Not Active, Not Active
2026/09/30 14:21:24.419, 2662, 13365, 135.49, 50, 0x0000000000000000, Not Active, Not Active
2026/09/30 14:21:24.519, 2662, 13365, 135.49, 50, 0x0000000000000000, Not Active, Not Active
2026/09/30 14:21:24.619, 2662, 13365, 135.60, 50, 0x0000000000000000, Not Active, Not Active
2026/09/30 14:21:24.719, 2662, 13365, 135.60, 50, 0x0000000000000000, Not Active, Not Active
2026/09/30 14:21:24.819, 2662, 13365, 135.60, 50, 0x0000000000000000, Not Active, Not Active
2026/09/30 14:21:24.920, 2662, 13365, 135.60, 50, 0x0000000000000000, Not Active, Not Active
2026/09/30 14:21:25.020, 2662, 13365, 135.60, 50, 0x0000000000000000, Not Active, Not Active
2026/09/30 14:21:25.120, 2685, 13365, 139.43, 50, 0x0000000000000000, Not Active, Not Active
2026/09/30 14:21:25.220, 2685, 13365, 139.43, 50, 0x0000000000000000, Not Active, Not Active
2026/09/30 14:21:25.320, 2685, 13365, 139.43, 50, 0x0000000000000000, Not Active, Not Active
2026/09/30 14:21:25.420, 2685, 13365, 139.43, 50, 0x0000000000000000, Not Active, Not Active
2026/09/30 14:21:25.521, 2685, 13365, 139.43, 50, 0x0000000000000000, Not Active, Not Active
2026/09/30 14:21:25.621, 2677, 13365, 141.87, 50, 0x0000000000000000, Not Active, Not Active
2026/09/30 14:21:25.721, 2677, 13365, 141.87, 50, 0x0000000000000000, Not Active, Not Active
2026/09/30 14:21:25.821, 2677, 13365, 141.87, 50, 0x0000000000000000, Not Active, Not Active
2026/09/30 14:21:25.921, 2677, 13365, 141.87, 50, 0x0000000000000000, Not Active, Not Active
2026/09/30 14:21:26.021, 2677, 13365, 141.87, 50, 0x0000000000000000, Not Active, Not Active
2026/09/30 14:21:26.121, 2655, 13365, 138.46, 49, 0x0000000000000000, Not Active, Not Active
2026/09/30 14:21:26.222, 2655, 13365, 138.46, 49, 0x0000000000000000, Not Active, Not Active
2026/09/30 14:21:26.322, 2655, 13365, 138.46, 49, 0x0000000000000000, Not Active, Not Active
2026/09/30 14:21:26.422, 2655, 13365, 138.46, 49, 0x0000000000000000, Not Active, Not Active
2026/09/30 14:21:26.522, 2655, 13365, 138.46, 49, 0x0000000000000000, Not Active, Not Active
2026/09/30 14:21:26.622, 2647, 13365, 135.77, 50, 0x0000000000000000, Not Active, Not Active
2026/09/30 14:21:26.722, 2647, 13365, 135.77, 50, 0x0000000000000000, Not Active, Not Active
2026/09/30 14:21:26.822, 2647, 13365, 135.77, 50, 0x0000000000000000, Not Active, Not Active
2026/09/30 14:21:26.923, 2647, 13365, 135.77, 50, 0x0000000000000000, Not Active, Not Active
2026/09/30 14:21:27.023, 2647, 13365, 135.77, 50, 0x0000000000000000, Not Active, Not Active
2026/09/30 14:21:27.123, 2647, 13365, 146.63, 50, 0x0000000000000000, Not Active, Not Active
2026/09/30 14:21:27.223, 2647, 13365, 146.63, 50, 0x0000000000000000, Not Active, Not Active
2026/09/30 14:21:27.323, 2647, 13365, 146.63, 50, 0x0000000000000000, Not Active, Not Active
2026/09/30 14:21:27.423, 2647, 13365, 146.63, 50, 0x0000000000000000, Not Active, Not Active
2026/09/30 14:21:27.523, 2647, 13365, 146.63, 50, 0x0000000000000000, Not Active, Not Active
2026/09/30 14:21:27.624, 2647, 13365, 149.98, 49, 0x0000000000000000, Not Active, Not Active
2026/09/30 14:21:27.724, 2647, 13365, 149.98, 49, 0x0000000000000000, Not Active, Not Active
2026/09/30 14:21:27.824, 2647, 13365, 149.98, 49, 0x0000000000000000, Not Active, Not Active
2026/09/30 14:21:27.924, 2647, 13365, 149.98, 49, 0x0000000000000000, Not Active, Not Active
2026/09/30 14:21:28.024, 2647, 13365, 149.98, 49, 0x0000000000000000, Not Active, Not Active
2026/09/30 14:21:28.124, 2617, 13365, 141.18, 51, 0x0000000000000000, Not Active, Not Active
2026/09/30 14:21:28.224, 2617, 13365, 141.18, 51, 0x0000000000000000, Not Active, Not Active
2026/09/30 14:21:28.324, 2617, 13365, 141.18, 51, 0x0000000000000000, Not Active, Not Active
2026/09/30 14:21:28.425, 2617, 13365, 141.18, 51, 0x0000000000000000, Not Active, Not Active
2026/09/30 14:21:28.525, 2617, 13365, 141.18, 51, 0x0000000000000000, Not Active, Not Active
2026/09/30 14:21:28.625, 2647, 13365, 143.80, 50, 0x0000000000000000, Not Active, Not Active
2026/09/30 14:21:28.725, 2647, 13365, 143.80, 50, 0x0000000000000000, Not Active, Not Active
2026/09/30 14:21:28.825, 2647, 13365, 143.80, 50, 0x0000000000000000, Not Active, Not Active
2026/09/30 14:21:28.925, 2647, 13365, 143.80, 50, 0x0000000000000000, Not Active, Not Active
2026/09/30 14:21:29.025, 2647, 13365, 143.80, 50, 0x0000000000000000, Not Active, Not Active
2026/09/30 14:21:29.126, 2632, 13365, 168.10, 51, 0x0000000000000000, Not Active, Not Active
2026/09/30 14:21:29.226, 2632, 13365, 168.10, 51, 0x0000000000000000, Not Active, Not Active
2026/09/30 14:21:29.326, 2632, 13365, 168.10, 51, 0x0000000000000000, Not Active, Not Active
2026/09/30 14:21:29.426, 2632, 13365, 168.10, 51, 0x0000000000000000, Not Active, Not Active
2026/09/30 14:21:29.526, 2632, 13365, 168.10, 51, 0x0000000000000000, Not Active, Not Active
2026/09/30 14:21:29.626, 2632, 13365, 171.10, 50, 0x0000000000000000, Not Active, Not Active
2026/09/30 14:21:29.726, 2632, 13365, 171.10, 50, 0x0000000000000000, Not Active, Not Active
2026/09/30 14:21:29.827, 2632, 13365, 171.10, 50, 0x0000000000000000, Not Active, Not Active
2026/09/30 14:21:29.927, 2632, 13365, 171.10, 50, 0x0000000000000000, Not Active, Not Active
2026/09/30 14:21:30.027, 2632, 13365, 171.10, 50, 0x0000000000000000, Not Active, Not Active
2026/09/30 14:21:30.127, 2610, 13365, 145.92, 49, 0x0000000000000000, Not Active, Not Active
2026/09/30 14:21:30.227, 2610, 13365, 145.92, 49, 0x0000000000000000, Not Active, Not Active
2026/09/30 14:21:30.327, 2610, 13365, 145.92, 49, 0x0000000000000000, Not Active, Not Active
2026/09/30 14:21:30.427, 2610, 13365, 145.92, 49, 0x0000000000000000, Not Active, Not Active
2026/09/30 14:21:30.527, 2610, 13365, 145.92, 49, 0x0000000000000000, Not Active, Not Active
2026/09/30 14:21:30.628, 2595, 13365, 137.87, 53, 0x0000000000000000, Not Active, Not Active
2026/09/30 14:21:30.728, 2595, 13365, 137.87, 53, 0x0000000000000000, Not Active, Not Active
2026/09/30 14:21:30.828, 2595, 13365, 137.87, 53, 0x0000000000000000, Not Active, Not Active
2026/09/30 14:21:30.928, 2595, 13365, 137.87, 53, 0x0000000000000000, Not Active, Not Active
2026/09/30 14:21:31.028, 2595, 13365, 137.87, 53, 0x0000000000000000, Not Active, Not Active
2026/09/30 14:21:31.128, 2595, 13365, 172.88, 54, 0x0000000000000000, Not Active, Not Active
2026/09/30 14:21:31.228, 2595, 13365, 172.88, 54, 0x0000000000000000, Not Active, Not Active
2026/09/30 14:21:31.329, 2595, 13365, 172.88, 54, 0x0000000000000000, Not Active, Not Active
2026/09/30 14:21:31.429, 2595, 13365, 172.88, 54, 0x0000000000000000, Not Active, Not Active
2026/09/30 14:21:31.529, 2595, 13365, 172.88, 54, 0x0000000000000000, Not Active, Not Active
2026/09/30 14:21:31.629, 2602, 13365, 190.77, 51, 0x0000000000000000, Not Active, Not Active
2026/09/30 14:21:31.729, 2602, 13365, 190.77, 51, 0x0000000000000000, Not Active, Not Active
2026/09/30 14:21:31.829, 2602, 13365, 190.77, 51, 0x0000000000000000, Not Active, Not Active
2026/09/30 14:21:31.929, 2602, 13365, 190.77, 51, 0x0000000000000000, Not Active, Not Active
2026/09/30 14:21:32.030, 2602, 13365, 190.77, 51, 0x0000000000000000, Not Active, Not Active
2026/09/30 14:21:32.130, 2595, 13365, 198.09, 53, 0x0000000000000000, Not Active, Not Active
2026/09/30 14:21:32.230, 2595, 13365, 198.09, 53, 0x0000000000000000, Not Active, Not Active
2026/09/30 14:21:32.330, 2595, 13365, 198.09, 53, 0x0000000000000000, Not Active, Not Active
2026/09/30 14:21:32.430, 2595, 13365, 198.09, 53, 0x0000000000000000, Not Active, Not Active
2026/09/30 14:21:32.530, 2595, 13365, 198.09, 53, 0x0000000000000000, Not Active, Not Active
2026/09/30 14:21:32.630, 2692, 13365, 183.96, 51, 0x0000000000000000, Not Active, Not Active
2026/09/30 14:21:32.730, 2692, 13365, 183.96, 51, 0x0000000000000000, Not Active, Not Active
2026/09/30 14:21:32.831, 2692, 13365, 183.96, 51, 0x0000000000000000, Not Active, Not Active
2026/09/30 14:21:32.931, 2692, 13365, 183.96, 51, 0x0000000000000000, Not Active, Not Active
2026/09/30 14:21:33.031, 2692, 13365, 183.96, 51, 0x0000000000000000, Not Active, Not Active
2026/09/30 14:21:33.131, 2655, 13365, 148.17, 50, 0x0000000000000000, Not Active, Not Active
2026/09/30 14:21:33.231, 2655, 13365, 148.17, 50, 0x0000000000000000, Not Active, Not Active
2026/09/30 14:21:33.331, 2655, 13365, 148.17, 50, 0x0000000000000000, Not Active, Not Active
2026/09/30 14:21:33.431, 2655, 13365, 148.17, 50, 0x0000000000000000, Not Active, Not Active
2026/09/30 14:21:33.532, 2655, 13365, 148.17, 50, 0x0000000000000000, Not Active, Not Active
2026/09/30 14:21:33.632, 2662, 13365, 122.02, 50, 0x0000000000000000, Not Active, Not Active
2026/09/30 14:21:33.732, 2662, 13365, 122.02, 50, 0x0000000000000000, Not Active, Not Active
2026/09/30 14:21:33.832, 2662, 13365, 122.02, 50, 0x0000000000000000, Not Active, Not Active
2026/09/30 14:21:33.932, 2662, 13365, 122.02, 50, 0x0000000000000000, Not Active, Not Active
2026/09/30 14:21:34.032, 2662, 13365, 122.02, 50, 0x0000000000000000, Not Active, Not Active
2026/09/30 14:21:34.132, 2662, 13365, 124.05, 50, 0x0000000000000000, Not Active, Not Active
2026/09/30 14:21:34.233, 2662, 13365, 124.05, 50, 0x0000000000000000, Not Active, Not Active
2026/09/30 14:21:34.333, 2662, 13365, 124.05, 50, 0x0000000000000000, Not Active, Not Active
2026/09/30 14:21:34.433, 2662, 13365, 124.05, 50, 0x0000000000000000, Not Active, Not Active
2026/09/30 14:21:34.533, 2662, 13365, 124.05, 50, 0x0000000000000000, Not Active, Not Active
2026/09/30 14:21:34.633, 2677, 13365, 127.40, 50, 0x0000000000000000, Not Active, Not Active
2026/09/30 14:21:34.733, 2677, 13365, 127.40, 50, 0x0000000000000000, Not Active, Not Active
2026/09/30 14:21:34.833, 2677, 13365, 127.40, 50, 0x0000000000000000, Not Active, Not Active
2026/09/30 14:21:34.934, 2677, 13365, 127.40, 50, 0x0000000000000000, Not Active, Not Active
2026/09/30 14:21:35.034, 2677, 13365, 127.40, 50, 0x0000000000000000, Not Active, Not Active
2026/09/30 14:21:35.134, 2685, 13365, 126.00, 51, 0x0000000000000000, Not Active, Not Active
2026/09/30 14:21:35.234, 2685, 13365, 126.00, 51, 0x0000000000000000, Not Active, Not Active
2026/09/30 14:21:35.334, 2685, 13365, 126.00, 51, 0x0000000000000000, Not Active, Not Active
2026/09/30 14:21:35.434, 2685, 13365, 126.00, 51, 0x0000000000000000, Not Active, Not Active
2026/09/30 14:21:35.534, 2685, 13365, 126.00, 51, 0x0000000000000000, Not Active, Not Active
2026/09/30 14:21:35.635, 2692, 13365, 128.37, 51, 0x0000000000000000, Not Active, Not Active
2026/09/30 14:21:35.735, 2692, 13365, 128.37, 51, 0x0000000000000000, Not Active, Not Active
2026/09/30 14:21:35.835, 2692, 13365, 128.37, 51, 0x0000000000000000, Not Active, Not Active
2026/09/30 14:21:35.935, 2692, 13365, 128.37, 51, 0x0000000000000000, Not Active, Not Active
2026/09/30 14:21:36.035, 2692, 13365, 128.37, 51, 0x0000000000000000, Not Active, Not Active
2026/09/30 14:21:36.135, 2685, 13365, 124.69, 51, 0x0000000000000000, Not Active, Not Active
2026/09/30 14:21:36.235, 2685, 13365, 124.69, 51, 0x0000000000000000, Not Active, Not Active
2026/09/30 14:21:36.336, 2685, 13365, 124.69, 51, 0x0000000000000000, Not Active, Not Active
2026/09/30 14:21:36.436, 2685, 13365, 124.69, 51, 0x0000000000000000, Not Active, Not Active
2026/09/30 14:21:36.536, 2685, 13365, 124.69, 51, 0x0000000000000000, Not Active, Not Active
2026/09/30 14:21:36.636, 2692, 13365, 124.95, 51, 0x0000000000000000, Not Active, Not Active
2026/09/30 14:21:36.736, 2692, 13365, 124.95, 51, 0x0000000000000000, Not Active, Not Active
2026/09/30 14:21:36.836, 2692, 13365, 124.95, 51, 0x0000000000000000, Not Active, Not Active
2026/09/30 14:21:36.937, 2692, 13365, 124.95, 51, 0x0000000000000000, Not Active, Not Active
2026/09/30 14:21:37.037, 2692, 13365, 124.95, 51, 0x0000000000000000, Not Active, Not Active
2026/09/30 14:21:37.137, 2692, 13365, 128.02, 51, 0x0000000000000000, Not Active, Not Active
2026/09/30 14:21:37.237, 2692, 13365, 128.02, 51, 0x0000000000000000, Not Active, Not Active
2026/09/30 14:21:37.337, 2692, 13365, 128.02, 51, 0x0000000000000000, Not Active, Not Active
2026/09/30 14:21:37.437, 2692, 13365, 128.02, 51, 0x0000000000000000, Not Active, Not Active
2026/09/30 14:21:37.537, 2692, 13365, 128.02, 51, 0x0000000000000000, Not Active, Not Active
2026/09/30 14:21:37.638, 2692, 13365, 126.10, 51, 0x0000000000000000, Not Active, Not Active
2026/09/30 14:21:37.738, 2692, 13365, 126.10, 51, 0x0000000000000000, Not Active, Not Active
2026/09/30 14:21:37.838, 2692, 13365, 126.10, 51, 0x0000000000000000, Not Active, Not Active
2026/09/30 14:21:37.938, 2692, 13365, 126.10, 51, 0x0000000000000000, Not Active, Not Active
2026/09/30 14:21:38.038, 2692, 13365, 126.10, 51, 0x0000000000000000, Not Active, Not Active
2026/09/30 14:21:38.138, 2677, 13365, 124.21, 50, 0x0000000000000000, Not Active, Not Active
2026/09/30 14:21:38.238, 2677, 13365, 124.21, 50, 0x0000000000000000, Not Active, Not Active
2026/09/30 14:21:38.339, 2677, 13365, 124.21, 50, 0x0000000000000000, Not Active, Not Active
2026/09/30 14:21:38.439, 2677, 13365, 124.21, 50, 0x0000000000000000, Not Active, Not Active
2026/09/30 14:21:38.539, 2677, 13365, 124.21, 50, 0x0000000000000000, Not Active, Not Active
2026/09/30 14:21:38.639, 2662, 13365, 124.26, 51, 0x0000000000000000, Not Active, Not Active
2026/09/30 14:21:38.739, 2662, 13365, 124.26, 51, 0x0000000000000000, Not Active, Not Active
2026/09/30 14:21:38.839, 2662, 13365, 124.26, 51, 0x0000000000000000, Not Active, Not Active
2026/09/30 14:21:38.939, 2662, 13365, 124.26, 51, 0x0000000000000000, Not Active, Not Active
2026/09/30 14:21:39.040, 2662, 13365, 124.26, 51, 0x0000000000000000, Not Active, Not Active
2026/09/30 14:21:39.140, 2662, 13365, 122.97, 50, 0x0000000000000000, Not Active, Not Active
2026/09/30 14:21:39.240, 2662, 13365, 122.97, 50, 0x0000000000000000, Not Active, Not Active
2026/09/30 14:21:39.340, 2662, 13365, 122.97, 50, 0x0000000000000000, Not Active, Not Active
2026/09/30 14:21:39.440, 2662, 13365, 122.97, 50, 0x0000000000000000, Not Active, Not Active
2026/09/30 14:21:39.540, 2662, 13365, 122.97, 50, 0x0000000000000000, Not Active, Not Active
2026/09/30 14:21:39.641, 2655, 13365, 126.36, 51, 0x0000000000000000, Not Active, Not Active
2026/09/30 14:21:39.741, 2655, 13365, 126.36, 51, 0x0000000000000000, Not Active, Not Active
2026/09/30 14:21:39.841, 2655, 13365, 126.36, 51, 0x0000000000000000, Not Active, Not Active
2026/09/30 14:21:39.941, 2655, 13365, 126.36, 51, 0x0000000000000000, Not Active, Not Active
2026/09/30 14:21:40.041, 2655, 13365, 126.36, 51, 0x0000000000000000, Not Active, Not Active
2026/09/30 14:21:40.141, 2662, 13365, 128.11, 50, 0x0000000000000000, Not Active, Not Active
2026/09/30 14:21:40.242, 2662, 13365, 128.11, 50, 0x0000000000000000, Not Active, Not Active
2026/09/30 14:21:40.342, 2662, 13365, 128.11, 50, 0x0000000000000000, Not Active, Not Active
2026/09/30 14:21:40.442, 2662, 13365, 128.11, 50, 0x0000000000000000, Not Active, Not Active
2026/09/30 14:21:40.542, 2662, 13365, 128.11, 50, 0x0000000000000000, Not Active, Not Active
2026/09/30 14:21:40.642, 2647, 13365, 125.06, 50, 0x0000000000000000, Not Active, Not Active
2026/09/30 14:21:40.742, 2647, 13365, 125.06, 50, 0x0000000000000000, Not Active, Not Active
2026/09/30 14:21:40.842, 2647, 13365, 125.06, 50, 0x0000000000000000, Not Active, Not Active
2026/09/30 14:21:40.943, 2647, 13365, 125.06, 50, 0x0000000000000000, Not Active, Not Active
2026/09/30 14:21:41.043, 2647, 13365, 125.06, 50, 0x0000000000000000, Not Active, Not Active
2026/09/30 14:21:41.143, 2677, 13365, 129.03, 51, 0x0000000000000000, Not Active, Not Active
2026/09/30 14:21:41.243, 2677, 13365, 129.03, 51, 0x0000000000000000, Not Active, Not Active
2026/09/30 14:21:41.343, 2677, 13365, 129.03, 51, 0x0000000000000000, Not Active, Not Active
2026/09/30 14:21:41.443, 2677, 13365, 129.03, 51, 0x0000000000000000, Not Active, Not Active
2026/09/30 14:21:41.543, 2677, 13365, 129.03, 51, 0x0000000000000000, Not Active, Not Active
2026/09/30 14:21:41.644, 2685, 13365, 131.26, 51, 0x0000000000000000, Not Active, Not Active
2026/09/30 14:21:41.744, 2685, 13365, 131.26, 51, 0x0000000000000000, Not Active, Not Active
2026/09/30 14:21:41.844, 2685, 13365, 131.26, 51, 0x0000000000000000, Not Active, Not Active
2026/09/30 14:21:41.944, 2685, 13365, 131.26, 51, 0x0000000000000000, Not Active, Not Active
2026/09/30 14:21:42.044, 2685, 13365, 131.26, 51, 0x0000000000000000, Not Active, Not Active
2026/09/30 14:21:42.144, 2692, 13365, 126.94, 51, 0x0000000000000000, Not Active, Not Active
2026/09/30 14:21:42.244, 2692, 13365, 126.94, 51, 0x0000000000000000, Not Active, Not Active
2026/09/30 14:21:42.345, 2692, 13365, 126.94, 51, 0x0000000000000000, Not Active, Not Active
2026/09/30 14:21:42.445, 2692, 13365, 126.94, 51, 0x0000000000000000, Not Active, Not Active
2026/09/30 14:21:42.545, 2692, 13365, 126.94, 51, 0x0000000000000000, Not Active, Not Active
2026/09/30 14:21:42.645, 2685, 13365, 128.09, 51, 0x0000000000000000, Not Active, Not Active
2026/09/30 14:21:42.745, 2685, 13365, 128.09, 51, 0x0000000000000000, Not Active, Not Active
2026/09/30 14:21:42.845, 2685, 13365, 128.09, 51, 0x0000000000000000, Not Active, Not Active
2026/09/30 14:21:42.945, 2685, 13365, 128.09, 51, 0x0000000000000000, Not Active, Not Active
2026/09/30 14:21:43.045, 2685, 13365, 128.09, 51, 0x0000000000000000, Not Active, Not Active
2026/09/30 14:21:43.146, 2692, 13365, 131.74, 51, 0x0000000000000000, Not Active, Not Active
2026/09/30 14:21:43.246, 2692, 13365, 131.74, 51, 0x0000000000000000, Not Active, Not Active
2026/09/30 14:21:43.346, 2692, 13365, 131.74, 51, 0x0000000000000000, Not Active, Not Active
2026/09/30 14:21:43.446, 2692, 13365, 131.74, 51, 0x0000000000000000, Not Active, Not Active
2026/09/30 14:21:43.546, 2692, 13365, 131.74, 51, 0x0000000000000000, Not Active, Not Active
2026/09/30 14:21:43.646, 2662, 13365, 125.86, 50, 0x0000000000000000, Not Active, Not Active
2026/09/30 14:21:43.747, 2662, 13365, 125.86, 50, 0x0000000000000000, Not Active, Not Active
2026/09/30 14:21:43.847, 2662, 13365, 125.86, 50, 0x0000000000000000, Not Active, Not Active
2026/09/30 14:21:43.947, 2662, 13365, 125.86, 50, 0x0000000000000000, Not Active, Not Active
2026/09/30 14:21:44.047, 2662, 13365, 125.86, 50, 0x0000000000000000, Not Active, Not Active
2026/09/30 14:21:44.147, 2662, 13365, 122.05, 52, 0x0000000000000000, Not Active, Not Active
2026/09/30 14:21:44.247, 2662, 13365, 122.05, 52, 0x0000000000000000, Not Active, Not Active
2026/09/30 14:21:44.347, 2662, 13365, 122.05, 52, 0x0000000000000000, Not Active, Not Active
2026/09/30 14:21:44.448, 2662, 13365, 122.05, 52, 0x0000000000000000, Not Active, Not Active
2026/09/30 14:21:44.548, 2662, 13365, 122.05, 52, 0x0000000000000000, Not Active, Not Active
2026/09/30 14:21:44.648, 2655, 13365, 126.03, 51, 0x0000000000000000, Not Active, Not Active
2026/09/30 14:21:44.748, 2655, 13365, 126.03, 51, 0x0000000000000000, Not Active, Not Active
2026/09/30 14:21:44.848, 2655, 13365, 126.03, 51, 0x0000000000000000, Not Active, Not Active
2026/09/30 14:21:44.948, 2655, 13365, 126.03, 51, 0x0000000000000000, Not Active, Not Active
2026/09/30 14:21:45.048, 2655, 13365, 126.03, 51, 0x0000000000000000, Not Active, Not Active
2026/09/30 14:21:45.149, 2662, 13365, 127.75, 50, 0x0000000000000000, Not Active, Not Active
2026/09/30 14:21:45.249, 2662, 13365, 127.75, 50, 0x0000000000000000, Not Active, Not Active
2026/09/30 14:21:45.349, 2662, 13365, 127.75, 50, 0x0000000000000000, Not Active, Not Active
2026/09/30 14:21:45.449, 2662, 13365, 127.75, 50, 0x0000000000000000, Not Active, Not Active
2026/09/30 14:21:45.549, 2662, 13365, 127.75, 50, 0x0000000000000000, Not Active, Not Active
2026/09/30 14:21:45.649, 2685, 13365, 125.63, 51, 0x0000000000000000, Not Active, Not Active
2026/09/30 14:21:45.749, 2685, 13365, 125.63, 51, 0x0000000000000000, Not Active, Not Active
2026/09/30 14:21:45.849, 2685, 13365, 125.63, 51, 0x0000000000000000, Not Active, Not Active
2026/09/30 14:21:45.950, 2685, 13365, 125.63, 51, 0x0000000000000000, Not Active, Not Active
2026/09/30 14:21:46.050, 2685, 13365, 125.63, 51, 0x0000000000000000, Not Active, Not Active
2026/09/30 14:21:46.150, 2692, 13365, 125.97, 51, 0x0000000000000000, Not Active, Not Active
2026/09/30 14:21:46.250, 2692, 13365, 125.97, 51, 0x0000000000000000, Not Active, Not Active
2026/09/30 14:21:46.350, 2692, 13365, 125.97, 51, 0x0000000000000000, Not Active, Not Active
2026/09/30 14:21:46.450, 2692, 13365, 125.97, 51, 0x0000000000000000, Not Active, Not Active
2026/09/30 14:21:46.550, 2692, 13365, 125.97, 51, 0x0000000000000000, Not Active, Not Active
2026/09/30 14:21:46.651, 2692, 13365, 134.20, 52, 0x0000000000000000, Not Active, Not Active
2026/09/30 14:21:46.751, 2692, 13365, 134.20, 52, 0x0000000000000000, Not Active, Not Active
2026/09/30 14:21:46.851, 2692, 13365, 134.20, 52, 0x0000000000000000, Not Active, Not Active
2026/09/30 14:21:46.951, 2692, 13365, 134.20, 52, 0x0000000000000000, Not Active, Not Active
2026/09/30 14:21:47.051, 2692, 13365, 134.20, 52, 0x0000000000000000, Not Active, Not Active
2026/09/30 14:21:47.151, 2647, 13365, 130.75, 51, 0x0000000000000000, Not Active, Not Active
2026/09/30 14:21:47.251, 2647, 13365, 130.75, 51, 0x0000000000000000, Not Active, Not Active
2026/09/30 14:21:47.352, 2647, 13365, 130.75, 51, 0x0000000000000000, Not Active, Not Active
2026/09/30 14:21:47.452, 2647, 13365, 130.75, 51, 0x0000000000000000, Not Active, Not Active
2026/09/30 14:21:47.552, 2647, 13365, 130.75, 51, 0x0000000000000000, Not Active, Not Active
2026/09/30 14:21:47.652, 2662, 13365, 129.30, 51, 0x0000000000000000, Not Active, Not Active
2026/09/30 14:21:47.752, 2662, 13365, 129.30, 51, 0x0000000000000000, Not Active, Not Active
2026/09/30 14:21:47.852, 2662, 13365, 129.30, 51, 0x0000000000000000, Not Active, Not Active
2026/09/30 14:21:47.952, 2662, 13365, 129.30, 51, 0x0000000000000000, Not Active, Not Active
2026/09/30 14:21:48.053, 2662, 13365, 129.30, 51, 0x0000000000000000, Not Active, Not Active
2026/09/30 14:21:48.153, 2655, 13365, 134.93, 51, 0x0000000000000000, Not Active, Not Active
2026/09/30 14:21:48.253, 2655, 13365, 134.93, 51, 0x0000000000000000, Not Active, Not Active
2026/09/30 14:21:48.353, 2655, 13365, 134.93, 51, 0x0000000000000000, Not Active, Not Active
2026/09/30 14:21:48.453, 2655, 13365, 134.93, 51, 0x0000000000000000, Not Active, Not Active
2026/09/30 14:21:48.553, 2655, 13365, 134.93, 51, 0x0000000000000000, Not Active, Not Active
2026/09/30 14:21:48.653, 2677, 13365, 142.46, 52, 0x0000000000000000, Not Active, Not Active
2026/09/30 14:21:48.754, 2677, 13365, 142.46, 52, 0x0000000000000000, Not Active, Not Active
2026/09/30 14:21:48.854, 2677, 13365, 142.46, 52, 0x0000000000000000, Not Active, Not Active
2026/09/30 14:21:48.954, 2677, 13365, 142.46, 52, 0x0000000000000000, Not Active, Not Active
2026/09/30 14:21:49.054, 2677, 13365, 142.46, 52, 0x0000000000000000, Not Active, Not Active
2026/09/30 14:21:49.154, 2647, 13365, 130.59, 52, 0x0000000000000000, Not Active, Not Active
2026/09/30 14:21:49.254, 2647, 13365, 130.59, 52, 0x0000000000000000, Not Active, Not Active
2026/09/30 14:21:49.354, 2647, 13365, 130.59, 52, 0x0000000000000000, Not Active, Not Active
2026/09/30 14:21:49.455, 2647, 13365, 130.59, 52, 0x0000000000000000, Not Active, Not Active
2026/09/30 14:21:49.555, 2655, 13365, 124.84, 51, 0x0000000000000000, Not Active, Not Active
2026/09/30 14:21:49.655, 2655, 13365, 124.84, 51, 0x0000000000000000, Not Active, Not Active
2026/09/30 14:21:49.755, 2655, 13365, 124.84, 51, 0x0000000000000000, Not Active, Not Active
2026/09/30 14:21:49.855, 2655, 13365, 124.84, 51, 0x0000000000000000, Not Active, Not Active
2026/09/30 14:21:49.955, 2655, 13365, 124.84, 51, 0x0000000000000000, Not Active, Not Active
2026/09/30 14:21:50.055, 2647, 13365, 147.52, 51, 0x0000000000000000, Not Active, Not Active
2026/09/30 14:21:50.156, 2647, 13365, 147.52, 51, 0x0000000000000000, Not Active, Not Active
2026/09/30 14:21:50.256, 2647, 13365, 147.52, 51, 0x0000000000000000, Not Active, Not Active
2026/09/30 14:21:50.356, 2647, 13365, 147.52, 51, 0x0000000000000000, Not Active, Not Active
2026/09/30 14:21:50.456, 2647, 13365, 147.52, 51, 0x0000000000000000, Not Active, Not Active
2026/09/30 14:21:50.556, 2677, 13365, 152.17, 52, 0x0000000000000000, Not Active, Not Active
2026/09/30 14:21:50.656, 2677, 13365, 152.17, 52, 0x0000000000000000, Not Active, Not Active
2026/09/30 14:21:50.756, 2677, 13365, 152.17, 52, 0x0000000000000000, Not Active, Not Active
2026/09/30 14:21:50.857, 2677, 13365, 152.17, 52, 0x0000000000000000, Not Active, Not Active
2026/09/30 14:21:50.957, 2677, 13365, 152.17, 52, 0x0000000000000000, Not Active, Not Active
2026/09/30 14:21:51.057, 2610, 13365, 119.74, 50, 0x0000000000000000, Not Active, Not Active
2026/09/30 14:21:51.157, 2610, 13365, 119.74, 50, 0x0000000000000000, Not Active, Not Active
2026/09/30 14:21:51.257, 2610, 13365, 119.74, 50, 0x0000000000000000, Not Active, Not Active
2026/09/30 14:21:51.357, 2610, 13365, 119.74, 50, 0x0000000000000000, Not Active, Not Active
2026/09/30 14:21:51.457, 2610, 13365, 119.74, 50, 0x0000000000000000, Not Active, Not Active
2026/09/30 14:21:51.558, 2647, 13365, 120.38, 52, 0x0000000000000000, Not Active, Not Active
2026/09/30 14:21:51.658, 2647, 13365, 120.38, 52, 0x0000000000000000, Not Active, Not Active
2026/09/30 14:21:51.758, 2647, 13365, 120.38, 52, 0x0000000000000000, Not Active, Not Active
2026/09/30 14:21:51.858, 2647, 13365, 120.38, 52, 0x0000000000000000, Not Active, Not Active
2026/09/30 14:21:51.958, 2647, 13365, 120.38, 52, 0x0000000000000000, Not Active, Not Active
2026/09/30 14:21:52.058, 2640, 13365, 152.23, 53, 0x0000000000000000, Not Active, Not Active
2026/09/30 14:21:52.158, 2640, 13365, 152.23, 53, 0x0000000000000000, Not Active, Not Active
2026/09/30 14:21:52.258, 2640, 13365, 152.23, 53, 0x0000000000000000, Not Active, Not Active
2026/09/30 14:21:52.359, 2640, 13365, 152.23, 53, 0x0000000000000000, Not Active, Not Active
2026/09/30 14:21:52.459, 2640, 13365, 152.23, 53, 0x0000000000000000, Not Active, Not Active
2026/09/30 14:21:52.559, 2632, 13365, 162.24, 54, 0x0000000000000000, Not Active, Not Active
2026/09/30 14:21:52.659, 2632, 13365, 162.24, 54, 0x0000000000000000, Not Active, Not Active
2026/09/30 14:21:52.759, 2632, 13365, 162.24, 54, 0x0000000000000000, Not Active, Not Active
2026/09/30 14:21:52.859, 2632, 13365, 162.24, 54, 0x0000000000000000, Not Active, Not Active
2026/09/30 14:21:52.959, 2632, 13365, 162.24, 54, 0x0000000000000000, Not Active, Not Active
2026/09/30 14:21:53.060, 2647, 13365, 168.74, 52, 0x0000000000000000, Not Active, Not Active
2026/09/30 14:21:53.160, 2647, 13365, 168.74, 52, 0x0000000000000000, Not Active, Not Active
2026/09/30 14:21:53.260, 2647, 13365, 168.74, 52, 0x0000000000000000, Not Active, Not Active
2026/09/30 14:21:53.360, 2647, 13365, 168.74, 52, 0x0000000000000000, Not Active, Not Active
2026/09/30 14:21:53.460, 2647, 13365, 168.74, 52, 0x0000000000000000, Not Active, Not Active
2026/09/30 14:21:53.560, 2685, 13365, 146.01, 52, 0x0000000000000000, Not Active, Not Active
2026/09/30 14:21:53.660, 2685, 13365, 146.01, 52, 0x0000000000000000, Not Active, Not Active
2026/09/30 14:21:53.760, 2685, 13365, 146.01, 52, 0x0000000000000000, Not Active, Not Active
2026/09/30 14:21:53.861, 2685, 13365, 146.01, 52, 0x0000000000000000, Not Active, Not Active
2026/09/30 14:21:53.961, 2685, 13365, 146.01, 52, 0x0000000000000000, Not Active, Not Active
2026/09/30 14:21:54.061, 2685, 13365, 123.70, 52, 0x0000000000000000, Not Active, Not Active
2026/09/30 14:21:54.161, 2685, 13365, 123.70, 52, 0x0000000000000000, Not Active, Not Active
2026/09/30 14:21:54.261, 2685, 13365, 123.70, 52, 0x0000000000000000, Not Active, Not Active
2026/09/30 14:21:54.361, 2685, 13365, 123.70, 52, 0x0000000000000000, Not Active, Not Active
2026/09/30 14:21:54.461, 2685, 13365, 123.70, 52, 0x0000000000000000, Not Active, Not Active
2026/09/30 14:21:54.562, 2662, 13365, 123.13, 52, 0x0000000000000000, Not Active, Not Active
2026/09/30 14:21:54.662, 2662, 13365, 123.13, 52, 0x0000000000000000, Not Active, Not Active
2026/09/30 14:21:54.762, 2662, 13365, 123.13, 52, 0x0000000000000000, Not Active, Not Active
2026/09/30 14:21:54.862, 2662, 13365, 123.13, 52, 0x0000000000000000, Not Active, Not Active
2026/09/30 14:21:54.962, 2662, 13365, 123.13, 52, 0x0000000000000000, Not Active, Not Active
2026/09/30 14:21:55.062, 2647, 13365, 118.73, 52, 0x0000000000000000, Not Active, Not Active
2026/09/30 14:21:55.162, 2647, 13365, 118.73, 52, 0x0000000000000000, Not Active, Not Active
2026/09/30 14:21:55.262, 2647, 13365, 118.73, 52, 0x0000000000000000, Not Active, Not Active
2026/09/30 14:21:55.363, 2647, 13365, 118.73, 52, 0x0000000000000000, Not Active, Not Active
2026/09/30 14:21:55.463, 2647, 13365, 118.73, 52, 0x0000000000000000, Not Active, Not Active
2026/09/30 14:21:55.563, 2662, 13365, 121.57, 51, 0x0000000000000000, Not Active, Not Active
2026/09/30 14:21:55.663, 2662, 13365, 121.57, 51, 0x0000000000000000, Not Active, Not Active
2026/09/30 14:21:55.763, 2662, 13365, 121.57, 51, 0x0000000000000000, Not Active, Not Active
2026/09/30 14:21:55.863, 2662, 13365, 121.57, 51, 0x0000000000000000, Not Active, Not Active
2026/09/30 14:21:55.963, 2662, 13365, 121.57, 51, 0x0000000000000000, Not Active, Not Active
2026/09/30 14:21:56.064, 2662, 13365, 127.58, 51, 0x0000000000000000, Not Active, Not Active
2026/09/30 14:21:56.164, 2662, 13365, 127.58, 51, 0x0000000000000000, Not Active, Not Active
2026/09/30 14:21:56.264, 2662, 13365, 127.58, 51, 0x0000000000000000, Not Active, Not Active
2026/09/30 14:21:56.364, 2662, 13365, 127.58, 51, 0x0000000000000000, Not Active, Not Active
2026/09/30 14:21:56.464, 2662, 13365, 127.58, 51, 0x0000000000000000, Not Active, Not Active
2026/09/30 14:21:56.564, 2677, 13365, 123.56, 52, 0x0000000000000000, Not Active, Not Active
2026/09/30 14:21:56.664, 2677, 13365, 123.56, 52, 0x0000000000000000, Not Active, Not Active
2026/09/30 14:21:56.765, 2677, 13365, 123.56, 52, 0x0000000000000000, Not Active, Not Active
2026/09/30 14:21:56.865, 2677, 13365, 123.56, 52, 0x0000000000000000, Not Active, Not Active
2026/09/30 14:21:56.965, 2677, 13365, 123.56, 52, 0x0000000000000000, Not Active, Not Active
2026/09/30 14:21:57.065, 2685, 13365, 121.80, 52, 0x0000000000000000, Not Active, Not Active
2026/09/30 14:21:57.165, 2685, 13365, 121.80, 52, 0x0000000000000000, Not Active, Not Active
2026/09/30 14:21:57.265, 2685, 13365, 121.80, 52, 0x0000000000000000, Not Active, Not Active
2026/09/30 14:21:57.365, 2685, 13365, 121.80, 52, 0x0000000000000000, Not Active, Not Active
2026/09/30 14:21:57.466, 2685, 13365, 121.80, 52, 0x0000000000000000, Not Active, Not Active
2026/09/30 14:21:57.566, 2685, 13365, 119.93, 51, 0x0000000000000000, Not Active, Not Active
2026/09/30 14:21:57.666, 2685, 13365, 119.93, 51, 0x0000000000000000, Not Active, Not Active
2026/09/30 14:21:57.766, 2685, 13365, 119.93, 51, 0x0000000000000000, Not Active, Not Active
2026/09/30 14:21:57.866, 2685, 13365, 119.93, 51, 0x0000000000000000, Not Active, Not Active
2026/09/30 14:21:57.966, 2685, 13365, 119.93, 51, 0x0000000000000000, Not Active, Not Active
2026/09/30 14:21:58.066, 2662, 13365, 123.67, 52, 0x0000000000000000, Not Active, Not Active
2026/09/30 14:21:58.167, 2662, 13365, 123.67, 52, 0x0000000000000000, Not Active, Not Active
2026/09/30 14:21:58.267, 2662, 13365, 123.67, 52, 0x0000000000000000, Not Active, Not Active
2026/09/30 14:21:58.367, 2662, 13365, 123.67, 52, 0x0000000000000000, Not Active, Not Active
2026/09/30 14:21:58.467, 2662, 13365, 123.67, 52, 0x0000000000000000, Not Active, Not Active
2026/09/30 14:21:58.567, 2662, 13365, 123.79, 51, 0x0000000000000000, Not Active, Not Active
2026/09/30 14:21:58.667, 2662, 13365, 123.79, 51, 0x0000000000000000, Not Active, Not Active
2026/09/30 14:21:58.767, 2662, 13365, 123.79, 51, 0x0000000000000000, Not Active, Not Active
2026/09/30 14:21:58.868, 2662, 13365, 123.79, 51, 0x0000000000000000, Not Active, Not Active
2026/09/30 14:21:58.968, 2662, 13365, 123.79, 51, 0x0000000000000000, Not Active, Not Active
2026/09/30 14:21:59.068, 2662, 13365, 126.53, 52, 0x0000000000000000, Not Active, Not Active
2026/09/30 14:21:59.168, 2662, 13365, 126.53, 52, 0x0000000000000000, Not Active, Not Active
2026/09/30 14:21:59.268, 2662, 13365, 126.53, 52, 0x0000000000000000, Not Active, Not Active
2026/09/30 14:21:59.368, 2662, 13365, 126.53, 52, 0x0000000000000000, Not Active, Not Active
2026/09/30 14:21:59.468, 2662, 13365, 126.53, 52, 0x0000000000000000, Not Active, Not Active
2026/09/30 14:21:59.569, 2662, 13365, 126.81, 51, 0x0000000000000000, Not Active, Not Active
2026/09/30 14:21:59.669, 2662, 13365, 126.81, 51, 0x0000000000000000, Not Active, Not Active
2026/09/30 14:21:59.769, 2662, 13365, 126.81, 51, 0x0000000000000000, Not Active, Not Active
2026/09/30 14:21:59.869, 2662, 13365, 126.81, 51, 0x0000000000000000, Not Active, Not Active
2026/09/30 14:21:59.969, 2662, 13365, 126.81, 51, 0x0000000000000000, Not Active, Not Active
2026/09/30 14:22:00.069, 2662, 13365, 125.98, 51, 0x0000000000000000, Not Active, Not Active
2026/09/30 14:22:00.169, 2662, 13365, 125.98, 51, 0x0000000000000000, Not Active, Not Active
2026/09/30 14:22:00.269, 2662, 13365, 125.98, 51, 0x0000000000000000, Not Active, Not Active
2026/09/30 14:22:00.370, 2662, 13365, 125.98, 51, 0x0000000000000000, Not Active, Not Active
2026/09/30 14:22:00.470, 2662, 13365, 125.98, 51, 0x0000000000000000, Not Active, Not Active
2026/09/30 14:22:00.570, 2685, 13365, 124.63, 52, 0x0000000000000000, Not Active, Not Active
2026/09/30 14:22:00.670, 2685, 13365, 124.63, 52, 0x0000000000000000, Not Active, Not Active
2026/09/30 14:22:00.770, 2685, 13365, 124.63, 52, 0x0000000000000000, Not Active, Not Active
2026/09/30 14:22:00.870, 2685, 13365, 124.63, 52, 0x0000000000000000, Not Active, Not Active
2026/09/30 14:22:00.970, 2685, 13365, 124.63, 52, 0x0000000000000000, Not Active, Not Active
2026/09/30 14:22:01.071, 2692, 13365, 123.50, 51, 0x0000000000000000, Not Active, Not Active
2026/09/30 14:22:01.171, 2692, 13365, 123.50, 51, 0x0000000000000000, Not Active, Not Active
2026/09/30 14:22:01.271, 2692, 13365, 123.50, 51, 0x0000000000000000, Not Active, Not Active
2026/09/30 14:22:01.371, 2692, 13365, 123.50, 51, 0x0000000000000000, Not Active, Not Active
2026/09/30 14:22:01.471, 2692, 13365, 123.50, 51, 0x0000000000000000, Not Active, Not Active
2026/09/30 14:22:01.571, 2685, 13365, 117.68, 51, 0x0000000000000000, Not Active, Not Active
2026/09/30 14:22:01.671, 2685, 13365, 117.68, 51, 0x0000000000000000, Not Active, Not Active
2026/09/30 14:22:01.772, 2685, 13365, 117.68, 51, 0x0000000000000000, Not Active, Not Active
2026/09/30 14:22:01.872, 2685, 13365, 117.68, 51, 0x0000000000000000, Not Active, Not Active
2026/09/30 14:22:01.972, 2685, 13365, 117.68, 51, 0x0000000000000000, Not Active, Not Active
2026/09/30 14:22:02.072, 2662, 13365, 121.21, 51, 0x0000000000000000, Not Active, Not Active
2026/09/30 14:22:02.172, 2662, 13365, 121.21, 51, 0x0000000000000000, Not Active, Not Active
2026/09/30 14:22:02.272, 2662, 13365, 121.21, 51, 0x0000000000000000, Not Active, Not Active
2026/09/30 14:22:02.372, 2662, 13365, 121.21, 51, 0x0000000000000000, Not Active, Not Active
2026/09/30 14:22:02.473, 2662, 13365, 121.21, 51, 0x0000000000000000, Not Active, Not Active
2026/09/30 14:22:02.573, 2655, 13365, 126.97, 52, 0x0000000000000000, Not Active, Not Active
2026/09/30 14:22:02.673, 2655, 13365, 126.97, 52, 0x0000000000000000, Not Active, Not Active
2026/09/30 14:22:02.773, 2655, 13365, 126.97, 52, 0x0000000000000000, Not Active, Not Active
2026/09/30 14:22:02.873, 2655, 13365, 126.97, 52, 0x0000000000000000, Not Active, Not Active
2026/09/30 14:22:02.973, 2655, 13365, 126.97, 52, 0x0000000000000000, Not Active, Not Active
2026/09/30 14:22:03.073, 2662, 13365, 128.40, 52, 0x0000000000000000, Not Active, Not Active
2026/09/30 14:22:03.174, 2662, 13365, 128.40, 52, 0x0000000000000000, Not Active, Not Active
2026/09/30 14:22:03.274, 2662, 13365, 128.40, 52, 0x0000000000000000, Not Active, Not Active
2026/09/30 14:22:03.374, 2662, 13365, 128.40, 52, 0x0000000000000000, Not Active, Not Active
2026/09/30 14:22:03.474, 2662, 13365, 128.40, 52, 0x0000000000000000, Not Active, Not Active
2026/09/30 14:22:03.574, 2662, 13365, 126.98, 51, 0x0000000000000000, Not Active, Not Active
2026/09/30 14:22:03.674, 2662, 13365, 126.98, 51, 0x0000000000000000, Not Active, Not Active
2026/09/30 14:22:03.774, 2662, 13365, 126.98, 51, 0x0000000000000000, Not Active, Not Active
2026/09/30 14:22:03.875, 2662, 13365, 126.98, 51, 0x0000000000000000, Not Active, Not Active
2026/09/30 14:22:03.975, 2662, 13365, 126.98, 51, 0x0000000000000000, Not Active, Not Active
2026/09/30 14:22:04.075, 2662, 13365, 129.58, 51, 0x0000000000000000, Not Active, Not Active
2026/09/30 14:22:04.175, 2662, 13365, 129.58, 51, 0x0000000000000000, Not Active, Not Active
2026/09/30 14:22:04.275, 2662, 13365, 129.58, 51, 0x0000000000000000, Not Active, Not Active
2026/09/30 14:22:04.375, 2662, 13365, 129.58, 51, 0x0000000000000000, Not Active, Not Active
2026/09/30 14:22:04.475, 2662, 13365, 129.58, 51, 0x0000000000000000, Not Active, Not Active
2026/09/30 14:22:04.576, 2670, 13365, 131.51, 51, 0x0000000000000000, Not Active, Not Active
2026/09/30 14:22:04.676, 2670, 13365, 131.51, 51, 0x0000000000000000, Not Active, Not Active
2026/09/30 14:22:04.776, 2670, 13365, 131.51, 51, 0x0000000000000000, Not Active, Not Active
2026/09/30 14:22:04.876, 2670, 13365, 131.51, 51, 0x0000000000000000, Not Active, Not Active
2026/09/30 14:22:04.976, 2670, 13365, 131.51, 51, 0x0000000000000000, Not Active, Not Active
2026/09/30 14:22:05.076, 2685, 13365, 125.50, 52, 0x0000000000000000, Not Active, Not Active
2026/09/30 14:22:05.176, 2685, 13365, 125.50, 52, 0x0000000000000000, Not Active, Not Active
2026/09/30 14:22:05.277, 2685, 13365, 125.50, 52, 0x0000000000000000, Not Active, Not Active
2026/09/30 14:22:05.377, 2685, 13365, 125.50, 52, 0x0000000000000000, Not Active, Not Active
2026/09/30 14:22:05.477, 2685, 13365, 125.50, 52, 0x0000000000000000, Not Active, Not Active
2026/09/30 14:22:05.577, 2685, 13365, 123.83, 52, 0x0000000000000000, Not Active, Not Active
2026/09/30 14:22:05.677, 2685, 13365, 123.83, 52, 0x0000000000000000, Not Active, Not Active
2026/09/30 14:22:05.777, 2685, 13365, 123.83, 52, 0x0000000000000000, Not Active, Not Active
2026/09/30 14:22:05.877, 2685, 13365, 123.83, 52, 0x0000000000000000, Not Active, Not Active
2026/09/30 14:22:05.977, 2685, 13365, 123.83, 52, 0x0000000000000000, Not Active, Not Active
2026/09/30 14:22:06.078, 2662, 13365, 126.60, 51, 0x0000000000000000, Not Active, Not Active
2026/09/30 14:22:06.178, 2662, 13365, 126.60, 51, 0x0000000000000000, Not Active, Not Active
2026/09/30 14:22:06.278, 2662, 13365, 126.60, 51, 0x0000000000000000, Not Active, Not Active
2026/09/30 14:22:06.378, 2662, 13365, 126.60, 51, 0x0000000000000000, Not Active, Not Active
2026/09/30 14:22:06.478, 2662, 13365, 126.60, 51, 0x0000000000000000, Not Active, Not Active
2026/09/30 14:22:06.578, 2647, 13365, 126.57, 52, 0x0000000000000000, Not Active, Not Active
2026/09/30 14:22:06.678, 2647, 13365, 126.57, 52, 0x0000000000000000, Not Active, Not Active
2026/09/30 14:22:06.779, 2647, 13365, 126.57, 52, 0x0000000000000000, Not Active, Not Active
2026/09/30 14:22:06.879, 2647, 13365, 126.57, 52, 0x0000000000000000, Not Active, Not Active
2026/09/30 14:22:06.979, 2647, 13365, 126.57, 52, 0x0000000000000000, Not Active, Not Active
2026/09/30 14:22:07.079, 2685, 13365, 128.65, 52, 0x0000000000000000, Not Active, Not Active
2026/09/30 14:22:07.179, 2685, 13365, 128.65, 52, 0x0000000000000000, Not Active, Not Active
2026/09/30 14:22:07.279, 2685, 13365, 128.65, 52, 0x0000000000000000, Not Active, Not Active
2026/09/30 14:22:07.379, 2685, 13365, 128.65, 52, 0x0000000000000000, Not Active, Not Active
2026/09/30 14:22:07.479, 2685, 13365, 128.65, 52, 0x0000000000000000, Not Active, Not Active
2026/09/30 14:22:07.580, 2685, 13365, 130.19, 52, 0x0000000000000000, Not Active, Not Active
2026/09/30 14:22:07.680, 2685, 13365, 130.19, 52, 0x0000000000000000, Not Active, Not Active
2026/09/30 14:22:07.780, 2685, 13365, 130.19, 52, 0x0000000000000000, Not Active, Not Active
2026/09/30 14:22:07.880, 2685, 13365, 130.19, 52, 0x0000000000000000, Not Active, Not Active
2026/09/30 14:22:07.980, 2685, 13365, 130.19, 52, 0x0000000000000000, Not Active, Not Active
2026/09/30 14:22:08.080, 2685, 13365, 132.21, 53, 0x0000000000000000, Not Active, Not Active
2026/09/30 14:22:08.180, 2685, 13365, 132.21, 53, 0x0000000000000000, Not Active, Not Active
2026/09/30 14:22:08.280, 2685, 13365, 132.21, 53, 0x0000000000000000, Not Active, Not Active
2026/09/30 14:22:08.381, 2685, 13365, 132.21, 53, 0x0000000000000000, Not Active, Not Active
2026/09/30 14:22:08.481, 2685, 13365, 132.21, 53, 0x0000000000000000, Not Active, Not Active
2026/09/30 14:22:08.581, 2647, 13365, 126.93, 53, 0x0000000000000000, Not Active, Not Active
2026/09/30 14:22:08.681, 2647, 13365, 126.93, 53, 0x0000000000000000, Not Active, Not Active
2026/09/30 14:22:08.781, 2647, 13365, 126.93, 53, 0x0000000000000000, Not Active, Not Active
2026/09/30 14:22:08.881, 2647, 13365, 126.93, 53, 0x0000000000000000, Not Active, Not Active
2026/09/30 14:22:08.981, 2647, 13365, 126.93, 53, 0x0000000000000000, Not Active, Not Active
2026/09/30 14:22:09.082, 2662, 13365, 132.37, 51, 0x0000000000000000, Not Active, Not Active
2026/09/30 14:22:09.182, 2662, 13365, 132.37, 51, 0x0000000000000000, Not Active, Not Active
2026/09/30 14:22:09.282, 2662, 13365, 132.37, 51, 0x0000000000000000, Not Active, Not Active
2026/09/30 14:22:09.382, 2662, 13365, 132.37, 51, 0x0000000000000000, Not Active, Not Active
2026/09/30 14:22:09.482, 2662, 13365, 132.37, 51, 0x0000000000000000, Not Active, Not Active
2026/09/30 14:22:09.582, 2662, 13365, 144.06, 52, 0x0000000000000000, Not Active, Not Active
2026/09/30 14:22:09.682, 2662, 13365, 144.06, 52, 0x0000000000000000, Not Active, Not Active
2026/09/30 14:22:09.783, 2662, 13365, 144.06, 52, 0x0000000000000000, Not Active, Not Active
2026/09/30 14:22:09.883, 2662, 13365, 144.06, 52, 0x0000000000000000, Not Active, Not Active
2026/09/30 14:22:09.983, 2662, 13365, 144.06, 52, 0x0000000000000000, Not Active, Not Active
2026/09/30 14:22:10.083, 2647, 13365, 141.18, 52, 0x0000000000000000, Not Active, Not Active
2026/09/30 14:22:10.183, 2647, 13365, 141.18, 52, 0x0000000000000000, Not Active, Not Active
2026/09/30 14:22:10.283, 2647, 13365, 141.18, 52, 0x0000000000000000, Not Active, Not Active
2026/09/30 14:22:10.383, 2647, 13365, 141.18, 52, 0x0000000000000000, Not Active, Not Active
2026/09/30 14:22:10.483, 2647, 13365, 141.18, 52, 0x0000000000000000, Not Active, Not Active
2026/09/30 14:22:10.584, 2677, 13365, 130.67, 52, 0x0000000000000000, Not Active, Not Active
2026/09/30 14:22:10.684, 2677, 13365, 130.67, 52, 0x0000000000000000, Not Active, Not Active
2026/09/30 14:22:10.784, 2677, 13365, 130.67, 52, 0x0000000000000000, Not Active, Not Active
2026/09/30 14:22:10.884, 2677, 13365, 130.67, 52, 0x0000000000000000, Not Active, Not Active
2026/09/30 14:22:10.984, 2677, 13365, 130.67, 52, 0x0000000000000000, Not Active, Not Active
2026/09/30 14:22:11.084, 2662, 13365, 136.91, 52, 0x0000000000000000, Not Active, Not Active
2026/09/30 14:22:11.184, 2662, 13365, 136.91, 52, 0x0000000000000000, Not Active, Not Active
2026/09/30 14:22:11.285, 2662, 13365, 136.91, 52, 0x0000000000000000, Not Active, Not Active
2026/09/30 14:22:11.385, 2662, 13365, 136.91, 52, 0x0000000000000000, Not Active, Not Active
2026/09/30 14:22:11.485, 2662, 13365, 136.91, 52, 0x0000000000000000, Not Active, Not Active
2026/09/30 14:22:11.585, 2655, 13365, 150.71, 52, 0x0000000000000000, Not Active, Not Active
2026/09/30 14:22:11.685, 2655, 13365, 150.71, 52, 0x0000000000000000, Not Active, Not Active
2026/09/30 14:22:11.785, 2655, 13365, 150.71, 52, 0x0000000000000000, Not Active, Not Active
2026/09/30 14:22:11.885, 2655, 13365, 150.71, 52, 0x0000000000000000, Not Active, Not Active
2026/09/30 14:22:11.986, 2655, 13365, 150.71, 52, 0x0000000000000000, Not Active, Not Active
2026/09/30 14:22:12.086, 2625, 13365, 146.74, 52, 0x0000000000000000, Not Active, Not Active
2026/09/30 14:22:12.186, 2625, 13365, 146.74, 52, 0x0000000000000000, Not Active, Not Active
2026/09/30 14:22:12.286, 2625, 13365, 146.74, 52, 0x0000000000000000, Not Active, Not Active
2026/09/30 14:22:12.386, 2625, 13365, 146.74, 52, 0x0000000000000000, Not Active, Not Active
2026/09/30 14:22:12.486, 2625, 13365, 146.74, 52, 0x0000000000000000, Not Active, Not Active
2026/09/30 14:22:12.586, 2632, 13365, 122.17, 52, 0x0000000000000000, Not Active, Not Active
2026/09/30 14:22:12.687, 2632, 13365, 122.17, 52, 0x0000000000000000, Not Active, Not Active
2026/09/30 14:22:12.787, 2632, 13365, 122.17, 52, 0x0000000000000000, Not Active, Not Active
2026/09/30 14:22:12.887, 2632, 13365, 122.17, 52, 0x0000000000000000, Not Active, Not Active
2026/09/30 14:22:12.987, 2632, 13365, 122.17, 52, 0x0000000000000000, Not Active, Not Active
2026/09/30 14:22:13.087, 2647, 13365, 148.76, 55, 0x0000000000000000, Not Active, Not Active
2026/09/30 14:22:13.187, 2647, 13365, 148.76, 55, 0x0000000000000000, Not Active, Not Active
2026/09/30 14:22:13.287, 2647, 13365, 148.76, 55, 0x0000000000000000, Not Active, Not Active
2026/09/30 14:22:13.387, 2647, 13365, 148.76, 55, 0x0000000000000000, Not Active, Not Active
2026/09/30 14:22:13.488, 2647, 13365, 148.76, 55, 0x0000000000000000, Not Active, Not Active
2026/09/30 14:22:13.588, 2655, 13365, 172.61, 53, 0x0000000000000000, Not Active, Not Active
2026/09/30 14:22:13.688, 2655, 13365, 172.61, 53, 0x0000000000000000, Not Active, Not Active
2026/09/30 14:22:13.788, 2655, 13365, 172.61, 53, 0x0000000000000000, Not Active, Not Active
2026/09/30 14:22:13.888, 2655, 13365, 172.61, 53, 0x0000000000000000, Not Active, Not Active
2026/09/30 14:22:13.988, 2655, 13365, 172.61, 53, 0x0000000000000000, Not Active, Not Active
2026/09/30 14:22:14.088, 2647, 13365, 171.69, 53, 0x0000000000000000, Not Active, Not Active
2026/09/30 14:22:14.189, 2647, 13365, 171.69, 53, 0x0000000000000000, Not Active, Not Active
2026/09/30 14:22:14.289, 2647, 13365, 171.69, 53, 0x0000000000000000, Not Active, Not Active
2026/09/30 14:22:14.389, 2647, 13365, 171.69, 53, 0x0000000000000000, Not Active, Not Active
2026/09/30 14:22:14.489, 2647, 13365, 171.69, 53, 0x0000000000000000, Not Active, Not Active
2026/09/30 14:22:14.589, 2662, 13365, 151.75, 52, 0x0000000000000000, Not Active, Not Active
2026/09/30 14:22:14.689, 2662, 13365, 151.75, 52, 0x0000000000000000, Not Active, Not Active
2026/09/30 14:22:14.789, 2662, 13365, 151.75, 52, 0x0000000000000000, Not Active, Not Active
2026/09/30 14:22:14.889, 2662, 13365, 151.75, 52, 0x0000000000000000, Not Active, Not Active
2026/09/30 14:22:14.990, 2662, 13365, 151.75, 52, 0x0000000000000000, Not Active, Not Active
2026/09/30 14:22:15.090, 2662, 13365, 129.90, 52, 0x0000000000000000, Not Active, Not Active
2026/09/30 14:22:15.190, 2662, 13365, 129.90, 52, 0x0000000000000000, Not Active, Not Active
2026/09/30 14:22:15.290, 2662, 13365, 129.90, 52, 0x0000000000000000, Not Active, Not Active
2026/09/30 14:22:15.390, 2662, 13365, 129.90, 52, 0x0000000000000000, Not Active, Not Active
2026/09/30 14:22:15.490, 2662, 13365, 129.90, 52, 0x0000000000000000, Not Active, Not Active
2026/09/30 14:22:15.590, 2655, 13365, 128.27, 52, 0x0000000000000000, Not Active, Not Active
2026/09/30 14:22:15.690, 2655, 13365, 128.27, 52, 0x0000000000000000, Not Active, Not Active
2026/09/30 14:22:15.791, 2655, 13365, 128.27, 52, 0x0000000000000000, Not Active, Not Active
2026/09/30 14:22:15.891, 2655, 13365, 128.27, 52, 0x0000000000000000, Not Active, Not Active
2026/09/30 14:22:15.991, 2655, 13365, 128.27, 52, 0x0000000000000000, Not Active, Not Active
2026/09/30 14:22:16.091, 2685, 13365, 128.46, 52, 0x0000000000000000, Not Active, Not Active
2026/09/30 14:22:16.191, 2685, 13365, 128.46, 52, 0x0000000000000000, Not Active, Not Active
2026/09/30 14:22:16.291, 2685, 13365, 128.46, 52, 0x0000000000000000, Not Active, Not Active
2026/09/30 14:22:16.391, 2685, 13365, 128.46, 52, 0x0000000000000000, Not Active, Not Active
2026/09/30 14:22:16.492, 2685, 13365, 128.46, 52, 0x0000000000000000, Not Active, Not Active
2026/09/30 14:22:16.592, 2692, 13365, 123.40, 52, 0x0000000000000000, Not Active, Not Active
2026/09/30 14:22:16.692, 2692, 13365, 123.40, 52, 0x0000000000000000, Not Active, Not Active
2026/09/30 14:22:16.792, 2692, 13365, 123.40, 52, 0x0000000000000000, Not Active, Not Active
2026/09/30 14:22:16.892, 2692, 13365, 123.40, 52, 0x0000000000000000, Not Active, Not Active
2026/09/30 14:22:16.992, 2692, 13365, 123.40, 52, 0x0000000000000000, Not Active, Not Active
2026/09/30 14:22:17.092, 2692, 13365, 127.40, 53, 0x0000000000000000, Not Active, Not Active
2026/09/30 14:22:17.192, 2692, 13365, 127.40, 53, 0x0000000000000000, Not Active, Not Active
2026/09/30 14:22:17.293, 2692, 13365, 127.40, 53, 0x0000000000000000, Not Active, Not Active
2026/09/30 14:22:17.393, 2692, 13365, 127.40, 53, 0x0000000000000000, Not Active, Not Active
2026/09/30 14:22:17.493, 2692, 13365, 127.40, 53, 0x0000000000000000, Not Active, Not Active
2026/09/30 14:22:17.593, 2677, 13365, 126.11, 52, 0x0000000000000000, Not Active, Not Active
2026/09/30 14:22:17.693, 2677, 13365, 126.11, 52, 0x0000000000000000, Not Active, Not Active
2026/09/30 14:22:17.793, 2677, 13365, 126.11, 52, 0x0000000000000000, Not Active, Not Active
2026/09/30 14:22:17.893, 2677, 13365, 126.11, 52, 0x0000000000000000, Not Active, Not Active
2026/09/30 14:22:17.993, 2677, 13365, 126.11, 52, 0x0000000000000000, Not Active, Not Active
2026/09/30 14:22:18.094, 2692, 13365, 126.44, 52, 0x0000000000000000, Not Active, Not Active
2026/09/30 14:22:18.194, 2692, 13365, 126.44, 52, 0x0000000000000000, Not Active, Not Active
2026/09/30 14:22:18.294, 2692, 13365, 126.44, 52, 0x0000000000000000, Not Active, Not Active
2026/09/30 14:22:18.394, 2692, 13365, 126.44, 52, 0x0000000000000000, Not Active, Not Active
2026/09/30 14:22:18.494, 2692, 13365, 126.44, 52, 0x0000000000000000, Not Active, Not Active
2026/09/30 14:22:18.594, 2685, 13365, 129.05, 52, 0x0000000000000000, Not Active, Not Active
2026/09/30 14:22:18.694, 2685, 13365, 129.05, 52, 0x0000000000000000, Not Active, Not Active
2026/09/30 14:22:18.795, 2685, 13365, 129.05, 52, 0x0000000000000000, Not Active, Not Active
2026/09/30 14:22:18.895, 2685, 13365, 129.05, 52, 0x0000000000000000, Not Active, Not Active
2026/09/30 14:22:18.995, 2685, 13365, 129.05, 52, 0x0000000000000000, Not Active, Not Active
2026/09/30 14:22:19.095, 2670, 13365, 128.62, 52, 0x0000000000000000, Not Active, Not Active
2026/09/30 14:22:19.195, 2670, 13365, 128.62, 52, 0x0000000000000000, Not Active, Not Active
2026/09/30 14:22:19.295, 2670, 13365, 128.62, 52, 0x0000000000000000, Not Active, Not Active
2026/09/30 14:22:19.395, 2670, 13365, 128.62, 52, 0x0000000000000000, Not Active, Not Active
2026/09/30 14:22:19.496, 2670, 13365, 128.62, 52, 0x0000000000000000, Not Active, Not Active
2026/09/30 14:22:19.596, 2662, 13365, 128.23, 53, 0x0000000000000000, Not Active, Not Active
2026/09/30 14:22:19.696, 2662, 13365, 128.23, 53, 0x0000000000000000, Not Active, Not Active
2026/09/30 14:22:19.796, 2662, 13365, 128.23, 53, 0x0000000000000000, Not Active, Not Active
2026/09/30 14:22:19.896, 2662, 13365, 128.23, 53, 0x0000000000000000, Not Active, Not Active
2026/09/30 14:22:19.996, 2662, 13365, 128.23, 53, 0x0000000000000000, Not Active, Not Active
2026/09/30 14:22:20.096, 2662, 13365, 128.74, 52, 0x0000000000000000, Not Active, Not Active
2026/09/30 14:22:20.196, 2662, 13365, 128.74, 52, 0x0000000000000000, Not Active, Not Active
2026/09/30 14:22:20.297, 2662, 13365, 128.74, 52, 0x0000000000000000, Not Active, Not Active
2026/09/30 14:22:20.397, 2662, 13365, 128.74, 52, 0x0000000000000000, Not Active, Not Active
2026/09/30 14:22:20.497, 2662, 13365, 128.74, 52, 0x0000000000000000, Not Active, Not Active
2026/09/30 14:22:20.597, 2662, 13365, 129.47, 52, 0x0000000000000000, Not Active, Not Active
2026/09/30 14:22:20.697, 2662, 13365, 129.47, 52, 0x0000000000000000, Not Active, Not Active
2026/09/30 14:22:20.797, 2662, 13365, 129.47, 52, 0x0000000000000000, Not Active, Not Active
2026/09/30 14:22:20.897, 2662, 13365, 129.47, 52, 0x0000000000000000, Not Active, Not Active
2026/09/30 14:22:20.998, 2662, 13365, 129.47, 52, 0x0000000000000000, Not Active, Not Active
2026/09/30 14:22:21.098, 2670, 13365, 131.31, 52, 0x0000000000000000, Not Active, Not Active
2026/09/30 14:22:21.198, 2670, 13365, 131.31, 52, 0x0000000000000000, Not Active, Not Active
2026/09/30 14:22:21.298, 2670, 13365, 131.31, 52, 0x0000000000000000, Not Active, Not Active
2026/09/30 14:22:21.398, 2670, 13365, 131.31, 52, 0x0000000000000000, Not Active, Not Active
2026/09/30 14:22:21.498, 2670, 13365, 131.31, 52, 0x0000000000000000, Not Active, Not Active
2026/09/30 14:22:21.598, 2677, 13365, 130.55, 52, 0x0000000000000000, Not Active, Not Active
2026/09/30 14:22:21.699, 2677, 13365, 130.55, 52, 0x0000000000000000, Not Active, Not Active
2026/09/30 14:22:21.799, 2677, 13365, 130.55, 52, 0x0000000000000000, Not Active, Not Active
2026/09/30 14:22:21.899, 2677, 13365, 130.55, 52, 0x0000000000000000, Not Active, Not Active
2026/09/30 14:22:21.999, 2677, 13365, 130.55, 52, 0x0000000000000000, Not Active, Not Active
2026/09/30 14:22:22.099, 2677, 13365, 132.25, 53, 0x0000000000000000, Not Active, Not Active
2026/09/30 14:22:22.199, 2677, 13365, 132.25, 53, 0x0000000000000000, Not Active, Not Active
2026/09/30 14:22:22.299, 2677, 13365, 132.25, 53, 0x0000000000000000, Not Active, Not Active
2026/09/30 14:22:22.399, 2677, 13365, 132.25, 53, 0x0000000000000000, Not Active, Not Active
2026/09/30 14:22:22.500, 2677, 13365, 132.25, 53, 0x0000000000000000, Not Active, Not Active
2026/09/30 14:22:22.600, 2692, 13365, 129.37, 53, 0x0000000000000000, Not Active, Not Active
2026/09/30 14:22:22.700, 2692, 13365, 129.37, 53, 0x0000000000000000, Not Active, Not Active
2026/09/30 14:22:22.800, 2692, 13365, 129.37, 53, 0x0000000000000000, Not Active, Not Active
2026/09/30 14:22:22.900, 2692, 13365, 129.37, 53, 0x0000000000000000, Not Active, Not Active
2026/09/30 14:22:23.000, 2692, 13365, 129.37, 53, 0x0000000000000000, Not Active, Not Active
2026/09/30 14:22:23.100, 2692, 13365, 128.92, 52, 0x0000000000000000, Not Active, Not Active
2026/09/30 14:22:23.201, 2692, 13365, 128.92, 52, 0x0000000000000000, Not Active, Not Active
2026/09/30 14:22:23.301, 2692, 13365, 128.92, 52, 0x0000000000000000, Not Active, Not Active
2026/09/30 14:22:23.401, 2692, 13365, 128.92, 52, 0x0000000000000000, Not Active, Not Active
2026/09/30 14:22:23.501, 2692, 13365, 128.92, 52, 0x0000000000000000, Not Active, Not Active
2026/09/30 14:22:23.601, 2692, 13365, 131.71, 52, 0x0000000000000000, Not Active, Not Active
2026/09/30 14:22:23.701, 2692, 13365, 131.71, 52, 0x0000000000000000, Not Active, Not Active
2026/09/30 14:22:23.801, 2692, 13365, 131.71, 52, 0x0000000000000000, Not Active, Not Active
2026/09/30 14:22:23.902, 2692, 13365, 131.71, 52, 0x0000000000000000, Not Active, Not Active
2026/09/30 14:22:24.002, 2692, 13365, 131.71, 52, 0x0000000000000000, Not Active, Not Active
2026/09/30 14:22:24.102, 2685, 13365, 130.41, 53, 0x0000000000000000, Not Active, Not Active
2026/09/30 14:22:24.202, 2685, 13365, 130.41, 53, 0x0000000000000000, Not Active, Not Active
2026/09/30 14:22:24.302, 2685, 13365, 130.41, 53, 0x0000000000000000, Not Active, Not Active
2026/09/30 14:22:24.402, 2685, 13365, 130.41, 53, 0x0000000000000000, Not Active, Not Active
2026/09/30 14:22:24.502, 2685, 13365, 130.41, 53, 0x0000000000000000, Not Active, Not Active
2026/09/30 14:22:24.602, 2655, 13365, 129.12, 52, 0x0000000000000000, Not Active, Not Active
2026/09/30 14:22:24.703, 2655, 13365, 129.12, 52, 0x0000000000000000, Not Active, Not Active
2026/09/30 14:22:24.803, 2655, 13365, 129.12, 52, 0x0000000000000000, Not Active, Not Active
2026/09/30 14:22:24.903, 2655, 13365, 129.12, 52, 0x0000000000000000, Not Active, Not Active
2026/09/30 14:22:25.003, 2655, 13365, 129.12, 52, 0x0000000000000000, Not Active, Not Active
2026/09/30 14:22:25.103, 2662, 13365, 133.51, 53, 0x0000000000000000, Not Active, Not Active
2026/09/30 14:22:25.203, 2662, 13365, 133.51, 53, 0x0000000000000000, Not Active, Not Active
2026/09/30 14:22:25.303, 2662, 13365, 133.51, 53, 0x0000000000000000, Not Active, Not Active
2026/09/30 14:22:25.404, 2662, 13365, 133.51, 53, 0x0000000000000000, Not Active, Not Active
2026/09/30 14:22:25.504, 2662, 13365, 133.51, 53, 0x0000000000000000, Not Active, Not Active
2026/09/30 14:22:25.604, 2647, 13365, 132.85, 52, 0x0000000000000000, Not Active, Not Active
2026/09/30 14:22:25.704, 2647, 13365, 132.85, 52, 0x0000000000000000, Not Active, Not Active
2026/09/30 14:22:25.804, 2647, 13365, 132.85, 52, 0x0000000000000000, Not Active, Not Active
2026/09/30 14:22:25.904, 2647, 13365, 132.85, 52, 0x0000000000000000, Not Active, Not Active
2026/09/30 14:22:26.004, 2647, 13365, 132.85, 52, 0x0000000000000000, Not Active, Not Active
2026/09/30 14:22:26.104, 2662, 13365, 135.02, 52, 0x0000000000000000, Not Active, Not Active
2026/09/30 14:22:26.205, 2662, 13365, 135.02, 52, 0x0000000000000000, Not Active, Not Active
2026/09/30 14:22:26.305, 2662, 13365, 135.02, 52, 0x0000000000000000, Not Active, Not Active
2026/09/30 14:22:26.405, 2662, 13365, 135.02, 52, 0x0000000000000000, Not Active, Not Active
2026/09/30 14:22:26.505, 2662, 13365, 135.02, 52, 0x0000000000000000, Not Active, Not Active
2026/09/30 14:22:26.605, 2677, 13365, 141.02, 53, 0x0000000000000000, Not Active, Not Active
2026/09/30 14:22:26.705, 2677, 13365, 141.02, 53, 0x0000000000000000, Not Active, Not Active
2026/09/30 14:22:26.805, 2677, 13365, 141.02, 53, 0x0000000000000000, Not Active, Not Active
2026/09/30 14:22:26.906, 2677, 13365, 141.02, 53, 0x0000000000000000, Not Active, Not Active
2026/09/30 14:22:27.006, 2677, 13365, 141.02, 53, 0x0000000000000000, Not Active, Not Active
2026/09/30 14:22:27.106, 2662, 13365, 131.59, 52, 0x0000000000000000, Not Active, Not Active
2026/09/30 14:22:27.206, 2662, 13365, 131.59, 52, 0x0000000000000000, Not Active, Not Active
2026/09/30 14:22:27.306, 2662, 13365, 131.59, 52, 0x0000000000000000, Not Active, Not Active
2026/09/30 14:22:27.406, 2662, 13365, 131.59, 52, 0x0000000000000000, Not Active, Not Active
2026/09/30 14:22:27.507, 2662, 13365, 131.59, 52, 0x0000000000000000, Not Active, Not Active
2026/09/30 14:22:27.607, 2685, 13365, 136.82, 54, 0x0000000000000000, Not Active, Not Active
2026/09/30 14:22:27.707, 2685, 13365, 136.82, 54, 0x0000000000000000, Not Active, Not Active
2026/09/30 14:22:27.807, 2685, 13365, 136.82, 54, 0x0000000000000000, Not Active, Not Active
2026/09/30 14:22:27.907, 2685, 13365, 136.82, 54, 0x0000000000000000, Not Active, Not Active
2026/09/30 14:22:28.007, 2685, 13365, 136.82, 54, 0x0000000000000000, Not Active, Not Active
2026/09/30 14:22:28.108, 2685, 13365, 138.82, 53, 0x0000000000000000, Not Active, Not Active
2026/09/30 14:22:28.208, 2685, 13365, 138.82, 53, 0x0000000000000000, Not Active, Not Active
2026/09/30 14:22:28.308, 2685, 13365, 138.82, 53, 0x0000000000000000, Not Active, Not Active
2026/09/30 14:22:28.408, 2685, 13365, 138.82, 53, 0x0000000000000000, Not Active, Not Active
2026/09/30 14:22:28.508, 2685, 13365, 138.82, 53, 0x0000000000000000, Not Active, Not Active
2026/09/30 14:22:28.608, 2677, 13365, 141.36, 53, 0x0000000000000000, Not Active, Not Active
2026/09/30 14:22:28.708, 2677, 13365, 141.36, 53, 0x0000000000000000, Not Active, Not Active
2026/09/30 14:22:28.809, 2677, 13365, 141.36, 53, 0x0000000000000000, Not Active, Not Active
2026/09/30 14:22:28.909, 2677, 13365, 141.36, 53, 0x0000000000000000, Not Active, Not Active
2026/09/30 14:22:29.009, 2677, 13365, 141.36, 53, 0x0000000000000000, Not Active, Not Active
2026/09/30 14:22:29.109, 2640, 13365, 135.64, 52, 0x0000000000000000, Not Active, Not Active
2026/09/30 14:22:29.209, 2640, 13365, 135.64, 52, 0x0000000000000000, Not Active, Not Active
2026/09/30 14:22:29.310, 2640, 13365, 135.64, 52, 0x0000000000000000, Not Active, Not Active
2026/09/30 14:22:29.410, 2640, 13365, 135.64, 52, 0x0000000000000000, Not Active, Not Active
2026/09/30 14:22:29.510, 2640, 13365, 135.64, 52, 0x0000000000000000, Not Active, Not Active
2026/09/30 14:22:29.610, 2655, 13365, 146.23, 53, 0x0000000000000000, Not Active, Not Active
2026/09/30 14:22:29.710, 2655, 13365, 146.23, 53, 0x0000000000000000, Not Active, Not Active
2026/09/30 14:22:29.810, 2655, 13365, 146.23, 53, 0x0000000000000000, Not Active, Not Active
2026/09/30 14:22:29.910, 2655, 13365, 146.23, 53, 0x0000000000000000, Not Active, Not Active
2026/09/30 14:22:30.011, 2655, 13365, 146.23, 53, 0x0000000000000000, Not Active, Not Active
2026/09/30 14:22:30.111, 2662, 13365, 158.99, 53, 0x0000000000000000, Not Active, Not Active
2026/09/30 14:22:30.211, 2662, 13365, 158.99, 53, 0x0000000000000000, Not Active, Not Active
2026/09/30 14:22:30.311, 2662, 13365, 158.99, 53, 0x0000000000000000, Not Active, Not Active
2026/09/30 14:22:30.411, 2662, 13365, 158.99, 53, 0x0000000000000000, Not Active, Not Active
2026/09/30 14:22:30.511, 2662, 13365, 158.99, 53, 0x0000000000000000, Not Active, Not Active
2026/09/30 14:22:30.611, 2647, 13365, 149.16, 53, 0x0000000000000000, Not Active, Not Active
2026/09/30 14:22:30.712, 2647, 13365, 149.16, 53, 0x0000000000000000, Not Active, Not Active
2026/09/30 14:22:30.812, 2647, 13365, 149.16, 53, 0x0000000000000000, Not Active, Not Active
2026/09/30 14:22:30.912, 2647, 13365, 149.16, 53, 0x0000000000000000, Not Active, Not Active
2026/09/30 14:22:31.012, 2647, 13365, 149.16, 53, 0x0000000000000000, Not Active, Not Active
2026/09/30 14:22:31.112, 2632, 13365, 144.48, 53, 0x0000000000000000, Not Active, Not Active
2026/09/30 14:22:31.212, 2632, 13365, 144.48, 53, 0x0000000000000000, Not Active, Not Active
2026/09/30 14:22:31.313, 2632, 13365, 144.48, 53, 0x0000000000000000, Not Active, Not Active
2026/09/30 14:22:31.413, 2632, 13365, 144.48, 53, 0x0000000000000000, Not Active, Not Active
2026/09/30 14:22:31.513, 2632, 13365, 144.48, 53, 0x0000000000000000, Not Active, Not Active
2026/09/30 14:22:31.613, 2640, 13365, 158.36, 54, 0x0000000000000000, Not Active, Not Active
2026/09/30 14:22:31.713, 2640, 13365, 158.36, 54, 0x0000000000000000, Not Active, Not Active
2026/09/30 14:22:31.813, 2640, 13365, 158.36, 54, 0x0000000000000000, Not Active, Not Active
2026/09/30 14:22:31.913, 2640, 13365, 158.36, 54, 0x0000000000000000, Not Active, Not Active
2026/09/30 14:22:32.014, 2640, 13365, 158.36, 54, 0x0000000000000000, Not Active, Not Active
2026/09/30 14:22:32.114, 2640, 13365, 174.49, 55, 0x0000000000000000, Not Active, Not Active
2026/09/30 14:22:32.214, 2640, 13365, 174.49, 55, 0x0000000000000000, Not Active, Not Active
2026/09/30 14:22:32.314, 2640, 13365, 174.49, 55, 0x0000000000000000, Not Active, Not Active
2026/09/30 14:22:32.414, 2640, 13365, 174.49, 55, 0x0000000000000000, Not Active, Not Active
2026/09/30 14:22:32.514, 2640, 13365, 174.49, 55, 0x0000000000000000, Not Active, Not Active
2026/09/30 14:22:32.615, 2632, 13365, 168.65, 54, 0x0000000000000000, Not Active, Not Active
2026/09/30 14:22:32.715, 2632, 13365, 168.65, 54, 0x0000000000000000, Not Active, Not Active
2026/09/30 14:22:32.815, 2632, 13365, 168.65, 54, 0x0000000000000000, Not Active, Not Active
2026/09/30 14:22:32.915, 2632, 13365, 168.65, 54, 0x0000000000000000, Not Active, Not Active
2026/09/30 14:22:33.015, 2632, 13365, 168.65, 54, 0x0000000000000000, Not Active, Not Active
2026/09/30 14:22:33.115, 2602, 13365, 131.96, 55, 0x0000000000000000, Not Active, Not Active
2026/09/30 14:22:33.215, 2602, 13365, 131.96, 55, 0x0000000000000000, Not Active, Not Active
2026/09/30 14:22:33.316, 2602, 13365, 131.96, 55, 0x0000000000000000, Not Active, Not Active
2026/09/30 14:22:33.416, 2602, 13365, 131.96, 55, 0x0000000000000000, Not Active, Not Active
2026/09/30 14:22:33.516, 2602, 13365, 131.96, 55, 0x0000000000000000, Not Active, Not Active
2026/09/30 14:22:33.616, 2595, 13365, 148.88, 54, 0x0000000000000000, Not Active, Not Active
2026/09/30 14:22:33.716, 2595, 13365, 148.88, 54, 0x0000000000000000, Not Active, Not Active
2026/09/30 14:22:33.816, 2595, 13365, 148.88, 54, 0x0000000000000000, Not Active, Not Active
2026/09/30 14:22:33.916, 2595, 13365, 148.88, 54, 0x0000000000000000, Not Active, Not Active
2026/09/30 14:22:34.017, 2595, 13365, 148.88, 54, 0x0000000000000000, Not Active, Not Active
2026/09/30 14:22:34.117, 2595, 13365, 205.58, 54, 0x0000000000000000, Not Active, Not Active
2026/09/30 14:22:34.217, 2595, 13365, 205.58, 54, 0x0000000000000000, Not Active, Not Active
2026/09/30 14:22:34.317, 2595, 13365, 205.58, 54, 0x0000000000000000, Not Active, Not Active
2026/09/30 14:22:34.417, 2595, 13365, 205.58, 54, 0x0000000000000000, Not Active, Not Active
2026/09/30 14:22:34.517, 2595, 13365, 205.58, 54, 0x0000000000000000, Not Active, Not Active
2026/09/30 14:22:34.617, 2595, 13365, 221.64, 55, 0x0000000000000000, Not Active, Not Active
2026/09/30 14:22:34.718, 2595, 13365, 221.64, 55, 0x0000000000000000, Not Active, Not Active
2026/09/30 14:22:34.818, 2595, 13365, 221.64, 55, 0x0000000000000000, Not Active, Not Active
2026/09/30 14:22:34.918, 2595, 13365, 221.64, 55, 0x0000000000000000, Not Active, Not Active
2026/09/30 14:22:35.018, 2595, 13365, 221.64, 55, 0x0000000000000000, Not Active, Not Active
2026/09/30 14:22:35.118, 2670, 13365, 195.16, 54, 0x0000000000000000, Not Active, Not Active
2026/09/30 14:22:35.218, 2670, 13365, 195.16, 54, 0x0000000000000000, Not Active, Not Active
2026/09/30 14:22:35.318, 2670, 13365, 195.16, 54, 0x0000000000000000, Not Active, Not Active
2026/09/30 14:22:35.419, 2670, 13365, 195.16, 54, 0x0000000000000000, Not Active, Not Active
2026/09/30 14:22:35.519, 2670, 13365, 195.16, 54, 0x0000000000000000, Not Active, Not Active
2026/09/30 14:22:35.619, 2662, 13365, 156.15, 53, 0x0000000000000000, Not Active, Not Active
2026/09/30 14:22:35.719, 2662, 13365, 156.15, 53, 0x0000000000000000, Not Active, Not Active
2026/09/30 14:22:35.819, 2662, 13365, 156.15, 53, 0x0000000000000000, Not Active, Not Active
2026/09/30 14:22:35.919, 2662, 13365, 156.15, 53, 0x0000000000000000, Not Active, Not Active
2026/09/30 14:22:36.019, 2662, 13365, 156.15, 53, 0x0000000000000000, Not Active, Not Active
2026/09/30 14:22:36.120, 2647, 13365, 127.73, 53, 0x0000000000000000, Not Active, Not Active
2026/09/30 14:22:36.220, 2647, 13365, 127.73, 53, 0x0000000000000000, Not Active, Not Active
2026/09/30 14:22:36.320, 2647, 13365, 127.73, 53, 0x0000000000000000, Not Active, Not Active
2026/09/30 14:22:36.420, 2647, 13365, 127.73, 53, 0x0000000000000000, Not Active, Not Active
2026/09/30 14:22:36.520, 2647, 13365, 127.73, 53, 0x0000000000000000, Not Active, Not Active
2026/09/30 14:22:36.620, 2685, 13365, 135.22, 54, 0x0000000000000000, Not Active, Not Active
2026/09/30 14:22:36.720, 2685, 13365, 135.22, 54, 0x0000000000000000, Not Active, Not Active
2026/09/30 14:22:36.820, 2685, 13365, 135.22, 54, 0x0000000000000000, Not Active, Not Active
2026/09/30 14:22:36.921, 2685, 13365, 135.22, 54, 0x0000000000000000, Not Active, Not Active
2026/09/30 14:22:37.021, 2685, 13365, 135.22, 54, 0x0000000000000000, Not Active, Not Active
2026/09/30 14:22:37.121, 2692, 13365, 133.05, 53, 0x0000000000000000, Not Active, Not Active
2026/09/30 14:22:37.221, 2692, 13365, 133.05, 53, 0x0000000000000000, Not Active, Not Active
2026/09/30 14:22:37.321, 2692, 13365, 133.05, 53, 0x0000000000000000, Not Active, Not Active
2026/09/30 14:22:37.421, 2692, 13365, 133.05, 53, 0x0000000000000000, Not Active, Not Active
2026/09/30 14:22:37.521, 2692, 13365, 133.05, 53, 0x0000000000000000, Not Active, Not Active
2026/09/30 14:22:37.622, 2685, 13365, 131.26, 54, 0x0000000000000000, Not Active, Not Active
2026/09/30 14:22:37.722, 2685, 13365, 131.26, 54, 0x0000000000000000, Not Active, Not Active
2026/09/30 14:22:37.822, 2685, 13365, 131.26, 54, 0x0000000000000000, Not Active, Not Active
2026/09/30 14:22:37.922, 2685, 13365, 131.26, 54, 0x0000000000000000, Not Active, Not Active
2026/09/30 14:22:38.022, 2685, 13365, 131.26, 54, 0x0000000000000000, Not Active, Not Active
2026/09/30 14:22:38.122, 2685, 13365, 132.13, 54, 0x0000000000000000, Not Active, Not Active
2026/09/30 14:22:38.222, 2685, 13365, 132.13, 54, 0x0000000000000000, Not Active, Not Active
2026/09/30 14:22:38.323, 2685, 13365, 132.13, 54, 0x0000000000000000, Not Active, Not Active
2026/09/30 14:22:38.423, 2685, 13365, 132.13, 54, 0x0000000000000000, Not Active, Not Active
2026/09/30 14:22:38.523, 2685, 13365, 132.13, 54, 0x0000000000000000, Not Active, Not Active
2026/09/30 14:22:38.623, 2662, 13365, 124.96, 53, 0x0000000000000000, Not Active, Not Active
2026/09/30 14:22:38.723, 2662, 13365, 124.96, 53, 0x0000000000000000, Not Active, Not Active
2026/09/30 14:22:38.823, 2662, 13365, 124.96, 53, 0x0000000000000000, Not Active, Not Active
2026/09/30 14:22:38.923, 2662, 13365, 124.96, 53, 0x0000000000000000, Not Active, Not Active
2026/09/30 14:22:39.024, 2662, 13365, 124.96, 53, 0x0000000000000000, Not Active, Not Active
2026/09/30 14:22:39.124, 2647, 13365, 123.07, 53, 0x0000000000000000, Not Active, Not Active
2026/09/30 14:22:39.224, 2647, 13365, 123.07, 53, 0x0000000000000000, Not Active, Not Active
2026/09/30 14:22:39.324, 2647, 13365, 123.07, 53, 0x0000000000000000, Not Active, Not Active
2026/09/30 14:22:39.424, 2647, 13365, 123.07, 53, 0x0000000000000000, Not Active, Not Active
2026/09/30 14:22:39.524, 2647, 13365, 123.07, 53, 0x0000000000000000, Not Active, Not Active
2026/09/30 14:22:39.624, 2677, 13365, 132.58, 53, 0x0000000000000000, Not Active, Not Active
2026/09/30 14:22:39.725, 2677, 13365, 132.58, 53, 0x0000000000000000, Not Active, Not Active
2026/09/30 14:22:39.825, 2677, 13365, 132.58, 53, 0x0000000000000000, Not Active, Not Active
2026/09/30 14:22:39.925, 2677, 13365, 132.58, 53, 0x0000000000000000, Not Active, Not Active
2026/09/30 14:22:40.025, 2677, 13365, 132.58, 53, 0x0000000000000000, Not Active, Not Active
2026/09/30 14:22:40.125, 2692, 13365, 132.82, 53, 0x0000000000000000, Not Active, Not Active
2026/09/30 14:22:40.225, 2692, 13365, 132.82, 53, 0x0000000000000000, Not Active, Not Active
2026/09/30 14:22:40.325, 2692, 13365, 132.82, 53, 0x0000000000000000, Not Active, Not Active
2026/09/30 14:22:40.426, 2692, 13365, 132.82, 53, 0x0000000000000000, Not Active, Not Active
2026/09/30 14:22:40.526, 2692, 13365, 132.82, 53, 0x0000000000000000, Not Active, Not Active
2026/09/30 14:22:40.626, 2692, 13365, 127.97, 53, 0x0000000000000000, Not Active, Not Active
2026/09/30 14:22:40.726, 2692, 13365, 127.97, 53, 0x0000000000000000, Not Active, Not Active
2026/09/30 14:22:40.826, 2692, 13365, 127.97, 53, 0x0000000000000000, Not Active, Not Active
2026/09/30 14:22:40.926, 2692, 13365, 127.97, 53, 0x0000000000000000, Not Active, Not Active
2026/09/30 14:22:41.026, 2692, 13365, 127.97, 53, 0x0000000000000000, Not Active, Not Active
2026/09/30 14:22:41.127, 2685, 13365, 132.21, 53, 0x0000000000000000, Not Active, Not Active
2026/09/30 14:22:41.227, 2685, 13365, 132.21, 53, 0x0000000000000000, Not Active, Not Active
2026/09/30 14:22:41.327, 2685, 13365, 132.21, 53, 0x0000000000000000, Not Active, Not Active
2026/09/30 14:22:41.427, 2685, 13365, 132.21, 53, 0x0000000000000000, Not Active, Not Active
2026/09/30 14:22:41.527, 2685, 13365, 132.21, 53, 0x0000000000000000, Not Active, Not Active
2026/09/30 14:22:41.627, 2677, 13365, 136.59, 54, 0x0000000000000000, Not Active, Not Active
2026/09/30 14:22:41.727, 2677, 13365, 136.59, 54, 0x0000000000000000, Not Active, Not Active
2026/09/30 14:22:41.827, 2677, 13365, 136.59, 54, 0x0000000000000000, Not Active, Not Active
2026/09/30 14:22:41.928, 2677, 13365, 136.59, 54, 0x0000000000000000, Not Active, Not Active
2026/09/30 14:22:42.028, 2677, 13365, 136.59, 54, 0x0000000000000000, Not Active, Not Active
2026/09/30 14:22:42.128, 2655, 13365, 131.45, 53, 0x0000000000000000, Not Active, Not Active
2026/09/30 14:22:42.228, 2655, 13365, 131.45, 53, 0x0000000000000000, Not Active, Not Active
2026/09/30 14:22:42.328, 2655, 13365, 131.45, 53, 0x0000000000000000, Not Active, Not Active
2026/09/30 14:22:42.428, 2655, 13365, 131.45, 53, 0x0000000000000000, Not Active, Not Active
2026/09/30 14:22:42.528, 2655, 13365, 131.45, 53, 0x0000000000000000, Not Active, Not Active
2026/09/30 14:22:42.629, 2662, 13365, 128.26, 53, 0x0000000000000000, Not Active, Not Active
2026/09/30 14:22:42.729, 2662, 13365, 128.26, 53, 0x0000000000000000, Not Active, Not Active
2026/09/30 14:22:42.829, 2662, 13365, 128.26, 53, 0x0000000000000000, Not Active, Not Active
2026/09/30 14:22:42.929, 2662, 13365, 128.26, 53, 0x0000000000000000, Not Active, Not Active
2026/09/30 14:22:43.029, 2662, 13365, 128.26, 53, 0x0000000000000000, Not Active, Not Active
2026/09/30 14:22:43.129, 2677, 13365, 135.22, 54, 0x0000000000000000, Not Active, Not Active
2026/09/30 14:22:43.229, 2677, 13365, 135.22, 54, 0x0000000000000000, Not Active, Not Active
2026/09/30 14:22:43.329, 2677, 13365, 135.22, 54, 0x0000000000000000, Not Active, Not Active
2026/09/30 14:22:43.430, 2677, 13365, 135.22, 54, 0x0000000000000000, Not Active, Not Active
2026/09/30 14:22:43.530, 2677, 13365, 135.22, 54, 0x0000000000000000, Not Active, Not Active
2026/09/30 14:22:43.630, 2662, 13365, 128.85, 53, 0x0000000000000000, Not Active, Not Active
2026/09/30 14:22:43.730, 2662, 13365, 128.85, 53, 0x0000000000000000, Not Active, Not Active
2026/09/30 14:22:43.830, 2662, 13365, 128.85, 53, 0x0000000000000000, Not Active, Not Active
2026/09/30 14:22:43.930, 2662, 13365, 128.85, 53, 0x0000000000000000, Not Active, Not Active
2026/09/30 14:22:44.030, 2662, 13365, 128.85, 53, 0x0000000000000000, Not Active, Not Active
2026/09/30 14:22:44.131, 2677, 13365, 131.42, 54, 0x0000000000000000, Not Active, Not Active
2026/09/30 14:22:44.231, 2677, 13365, 131.42, 54, 0x0000000000000000, Not Active, Not Active
2026/09/30 14:22:44.331, 2677, 13365, 131.42, 54, 0x0000000000000000, Not Active, Not Active
2026/09/30 14:22:44.431, 2677, 13365, 131.42, 54, 0x0000000000000000, Not Active, Not Active
2026/09/30 14:22:44.531, 2677, 13365, 131.42, 54, 0x0000000000000000, Not Active, Not Active
2026/09/30 14:22:44.631, 2647, 13365, 130.86, 53, 0x0000000000000000, Not Active, Not Active
2026/09/30 14:22:44.731, 2647, 13365, 130.86, 53, 0x0000000000000000, Not Active, Not Active
2026/09/30 14:22:44.832, 2647, 13365, 130.86, 53, 0x0000000000000000, Not Active, Not Active
2026/09/30 14:22:44.932, 2647, 13365, 130.86, 53, 0x0000000000000000, Not Active, Not Active
2026/09/30 14:22:45.032, 2647, 13365, 130.86, 53, 0x0000000000000000, Not Active, Not Active
2026/09/30 14:22:45.132, 2662, 13365, 134.45, 53, 0x0000000000000000, Not Active, Not Active
2026/09/30 14:22:45.232, 2662, 13365, 134.45, 53, 0x0000000000000000, Not Active, Not Active
2026/09/30 14:22:45.332, 2662, 13365, 134.45, 53, 0x0000000000000000, Not Active, Not Active
2026/09/30 14:22:45.432, 2662, 13365, 134.45, 53, 0x0000000000000000, Not Active, Not Active
2026/09/30 14:22:45.533, 2662, 13365, 134.45, 53, 0x0000000000000000, Not Active, Not Active
2026/09/30 14:22:45.633, 2655, 13365, 133.45, 53, 0x0000000000000000, Not Active, Not Active
2026/09/30 14:22:45.733, 2655, 13365, 133.45, 53, 0x0000000000000000, Not Active, Not Active
2026/09/30 14:22:45.833, 2655, 13365, 133.45, 53, 0x0000000000000000, Not Active, Not Active
2026/09/30 14:22:45.933, 2655, 13365, 133.45, 53, 0x0000000000000000, Not Active, Not Active
2026/09/30 14:22:46.033, 2655, 13365, 133.45, 53, 0x0000000000000000, Not Active, Not Active
2026/09/30 14:22:46.133, 2670, 13365, 136.63, 54, 0x0000000000000000, Not Active, Not Active
2026/09/30 14:22:46.233, 2670, 13365, 136.63, 54, 0x0000000000000000, Not Active, Not Active
2026/09/30 14:22:46.334, 2670, 13365, 136.63, 54, 0x0000000000000000, Not Active, Not Active
2026/09/30 14:22:46.434, 2670, 13365, 136.63, 54, 0x0000000000000000, Not Active, Not Active
2026/09/30 14:22:46.534, 2670, 13365, 136.63, 54, 0x0000000000000000, Not Active, Not Active
2026/09/30 14:22:46.634, 2677, 13365, 144.00, 54, 0x0000000000000000, Not Active, Not Active
2026/09/30 14:22:46.734, 2677, 13365, 144.00, 54, 0x0000000000000000, Not Active, Not Active
2026/09/30 14:22:46.834, 2677, 13365, 144.00, 54, 0x0000000000000000, Not Active, Not Active
2026/09/30 14:22:46.935, 2677, 13365, 144.00, 54, 0x0000000000000000, Not Active, Not Active
2026/09/30 14:22:47.035, 2677, 13365, 144.00, 54, 0x0000000000000000, Not Active, Not Active
2026/09/30 14:22:47.135, 2647, 13365, 144.18, 53, 0x0000000000000000, Not Active, Not Active
2026/09/30 14:22:47.235, 2647, 13365, 144.18, 53, 0x0000000000000000, Not Active, Not Active
2026/09/30 14:22:47.335, 2647, 13365, 144.18, 53, 0x0000000000000000, Not Active, Not Active
2026/09/30 14:22:47.435, 2647, 13365, 144.18, 53, 0x0000000000000000, Not Active, Not Active
2026/09/30 14:22:47.536, 2647, 13365, 144.18, 53, 0x0000000000000000, Not Active, Not Active
2026/09/30 14:22:47.636, 2662, 13365, 144.79, 53, 0x0000000000000000, Not Active, Not Active
2026/09/30 14:22:47.736, 2662, 13365, 144.79, 53, 0x0000000000000000, Not Active, Not Active
2026/09/30 14:22:47.836, 2662, 13365, 144.79, 53, 0x0000000000000000, Not Active, Not Active
2026/09/30 14:22:47.936, 2662, 13365, 144.79, 53, 0x0000000000000000, Not Active, Not Active
2026/09/30 14:22:48.036, 2662, 13365, 144.79, 53, 0x0000000000000000, Not Active, Not Active
2026/09/30 14:22:48.136, 2647, 13365, 146.77, 53, 0x0000000000000000, Not Active, Not Active
2026/09/30 14:22:48.236, 2647, 13365, 146.77, 53, 0x0000000000000000, Not Active, Not Active
2026/09/30 14:22:48.337, 2647, 13365, 146.77, 53, 0x0000000000000000, Not Active, Not Active
2026/09/30 14:22:48.437, 2647, 13365, 146.77, 53, 0x0000000000000000, Not Active, Not Active
2026/09/30 14:22:48.537, 2647, 13365, 146.77, 53, 0x0000000000000000, Not Active, Not Active
2026/09/30 14:22:48.637, 2640, 13365, 146.91, 53, 0x0000000000000000, Not Active, Not Active
2026/09/30 14:22:48.737, 2640, 13365, 146.91, 53, 0x0000000000000000, Not Active, Not Active
2026/09/30 14:22:48.837, 2640, 13365, 146.91, 53, 0x0000000000000000, Not Active, Not Active
2026/09/30 14:22:48.937, 2640, 13365, 146.91, 53, 0x0000000000000000, Not Active, Not Active
2026/09/30 14:22:49.037, 2640, 13365, 146.91, 53, 0x0000000000000000, Not Active, Not Active
2026/09/30 14:22:49.138, 2640, 13365, 147.02, 55, 0x0000000000000000, Not Active, Not Active
2026/09/30 14:22:49.238, 2640, 13365, 147.02, 55, 0x0000000000000000, Not Active, Not Active
2026/09/30 14:22:49.338, 2640, 13365, 147.02, 55, 0x0000000000000000, Not Active, Not Active
2026/09/30 14:22:49.438, 2640, 13365, 147.02, 55, 0x0000000000000000, Not Active, Not Active
2026/09/30 14:22:49.538, 2640, 13365, 147.02, 55, 0x0000000000000000, Not Active, Not Active
2026/09/30 14:22:49.638, 2640, 13365, 161.12, 56, 0x0000000000000000, Not Active, Not Active
2026/09/30 14:22:49.738, 2640, 13365, 161.12, 56, 0x0000000000000000, Not Active, Not Active
2026/09/30 14:22:49.839, 2640, 13365, 161.12, 56, 0x0000000000000000, Not Active, Not Active
2026/09/30 14:22:49.939, 2640, 13365, 161.12, 56, 0x0000000000000000, Not Active, Not Active
2026/09/30 14:22:50.039, 2640, 13365, 161.12, 56, 0x0000000000000000, Not Active, Not Active
2026/09/30 14:22:50.139, 2640, 13365, 170.41, 54, 0x0000000000000000, Not Active, Not Active
2026/09/30 14:22:50.239, 2640, 13365, 170.41, 54, 0x0000000000000000, Not Active, Not Active
2026/09/30 14:22:50.339, 2640, 13365, 170.41, 54, 0x0000000000000000, Not Active, Not Active
2026/09/30 14:22:50.439, 2640, 13365, 170.41, 54, 0x0000000000000000, Not Active, Not Active
2026/09/30 14:22:50.540, 2640, 13365, 170.41, 54, 0x0000000000000000, Not Active, Not Active
2026/09/30 14:22:50.640, 2625, 13365, 146.72, 53, 0x0000000000000000, Not Active, Not Active
2026/09/30 14:22:50.740, 2625, 13365, 146.72, 53, 0x0000000000000000, Not Active, Not Active
2026/09/30 14:22:50.840, 2625, 13365, 146.72, 53, 0x0000000000000000, Not Active, Not Active
2026/09/30 14:22:50.940, 2625, 13365, 146.72, 53, 0x0000000000000000, Not Active, Not Active
2026/09/30 14:22:51.040, 2625, 13365, 146.72, 53, 0x0000000000000000, Not Active, Not Active
2026/09/30 14:22:51.140, 2610, 13365, 163.72, 56, 0x0000000000000000, Not Active, Not Active
2026/09/30 14:22:51.240, 2610, 13365, 163.72, 56, 0x0000000000000000, Not Active, Not Active
2026/09/30 14:22:51.341, 2610, 13365, 163.72, 56, 0x0000000000000000, Not Active, Not Active
2026/09/30 14:22:51.441, 2610, 13365, 163.72, 56, 0x0000000000000000, Not Active, Not Active
2026/09/30 14:22:51.541, 2610, 13365, 163.72, 56, 0x0000000000000000, Not Active, Not Active
2026/09/30 14:22:51.641, 2610, 13365, 199.83, 54, 0x0000000000000000, Not Active, Not Active
2026/09/30 14:22:51.741, 2610, 13365, 199.83, 54, 0x0000000000000000, Not Active, Not Active
2026/09/30 14:22:51.841, 2610, 13365, 199.83, 54, 0x0000000000000000, Not Active, Not Active
2026/09/30 14:22:51.941, 2610, 13365, 199.83, 54, 0x0000000000000000, Not Active, Not Active
2026/09/30 14:22:52.042, 2610, 13365, 199.83, 54, 0x0000000000000000, Not Active, Not Active
2026/09/30 14:22:52.142, 2610, 13365, 190.48, 55, 0x0000000000000000, Not Active, Not Active
2026/09/30 14:22:52.242, 2610, 13365, 190.48, 55, 0x0000000000000000, Not Active, Not Active
2026/09/30 14:22:52.342, 2610, 13365, 190.48, 55, 0x0000000000000000, Not Active, Not Active
2026/09/30 14:22:52.442, 2610, 13365, 190.48, 55, 0x0000000000000000, Not Active, Not Active
2026/09/30 14:22:52.542, 2610, 13365, 190.48, 55, 0x0000000000000000, Not Active, Not Active
2026/09/30 14:22:52.642, 2610, 13365, 164.53, 53, 0x0000000000000000, Not Active, Not Active
2026/09/30 14:22:52.743, 2610, 13365, 164.53, 53, 0x0000000000000000, Not Active, Not Active
2026/09/30 14:22:52.843, 2610, 13365, 164.53, 53, 0x0000000000000000, Not Active, Not Active
2026/09/30 14:22:52.943, 2610, 13365, 164.53, 53, 0x0000000000000000, Not Active, Not Active
2026/09/30 14:22:53.043, 2610, 13365, 164.53, 53, 0x0000000000000000, Not Active, Not Active
2026/09/30 14:22:53.143, 2550, 13365, 170.32, 59, 0x0000000000000000, Not Active, Not Active
2026/09/30 14:22:53.243, 2550, 13365, 170.32, 59, 0x0000000000000000, Not Active, Not Active
2026/09/30 14:22:53.343, 2550, 13365, 170.32, 59, 0x0000000000000000, Not Active, Not Active
2026/09/30 14:22:53.444, 2550, 13365, 170.32, 59, 0x0000000000000000, Not Active, Not Active
2026/09/30 14:22:53.544, 2550, 13365, 170.32, 59, 0x0000000000000000, Not Active, Not Active
2026/09/30 14:22:53.644, 2580, 13365, 191.89, 59, 0x0000000000000000, Not Active, Not Active
2026/09/30 14:22:53.744, 2580, 13365, 191.89, 59, 0x0000000000000000, Not Active, Not Active
2026/09/30 14:22:53.844, 2580, 13365, 191.89, 59, 0x0000000000000000, Not Active, Not Active
2026/09/30 14:22:53.944, 2580, 13365, 191.89, 59, 0x0000000000000000, Not Active, Not Active
2026/09/30 14:22:54.044, 2580, 13365, 191.89, 59, 0x0000000000000000, Not Active, Not Active
2026/09/30 14:22:54.145, 2557, 13365, 229.09, 57, 0x0000000000000000, Not Active, Not Active
2026/09/30 14:22:54.245, 2557, 13365, 229.09, 57, 0x0000000000000000, Not Active, Not Active
2026/09/30 14:22:54.345, 2557, 13365, 229.09, 57, 0x0000000000000000, Not Active, Not Active
2026/09/30 14:22:54.445, 2557, 13365, 229.09, 57, 0x0000000000000000, Not Active, Not Active
2026/09/30 14:22:54.545, 2557, 13365, 229.09, 57, 0x0000000000000000, Not Active, Not Active
2026/09/30 14:22:54.645, 2557, 13365, 223.24, 57, 0x0000000000000000, Not Active, Not Active
2026/09/30 14:22:54.746, 2557, 13365, 223.24, 57, 0x0000000000000000, Not Active, Not Active
2026/09/30 14:22:54.846, 2557, 13365, 223.24, 57, 0x0000000000000000, Not Active, Not Active
2026/09/30 14:22:54.946, 2557, 13365, 223.24, 57, 0x0000000000000000, Not Active, Not Active
2026/09/30 14:22:55.046, 2557, 13365, 223.24, 57, 0x0000000000000000, Not Active, Not Active
2026/09/30 14:22:55.146, 2572, 13365, 198.56, 54, 0x0000000000000000, Not Active, Not Active
2026/09/30 14:22:55.246, 2572, 13365, 198.56, 54, 0x0000000000000000, Not Active, Not Active
2026/09/30 14:22:55.346, 2572, 13365, 198.56, 54, 0x0000000000000000, Not Active, Not Active
2026/09/30 14:22:55.447, 2572, 13365, 198.56, 54, 0x0000000000000000, Not Active, Not Active
2026/09/30 14:22:55.547, 2572, 13365, 198.56, 54, 0x0000000000000000, Not Active, Not Active
2026/09/30 14:22:55.647, 2610, 13365, 141.47, 53, 0x0000000000000000, Not Active, Not Active
2026/09/30 14:22:55.747, 2610, 13365, 141.47, 53, 0x0000000000000000, Not Active, Not Active
2026/09/30 14:22:55.847, 2610, 13365, 141.47, 53, 0x0000000000000000, Not Active, Not Active
2026/09/30 14:22:55.947, 2610, 13365, 141.47, 53, 0x0000000000000000, Not Active, Not Active
2026/09/30 14:22:56.047, 2610, 13365, 141.47, 53, 0x0000000000000000, Not Active, Not Active
2026/09/30 14:22:56.148, 2565, 13365, 202.62, 59, 0x0000000000000000, Not Active, Not Active
2026/09/30 14:22:56.248, 2565, 13365, 202.62, 59, 0x0000000000000000, Not Active, Not Active
2026/09/30 14:22:56.348, 2565, 13365, 202.62, 59, 0x0000000000000000, Not Active, Not Active
2026/09/30 14:22:56.448, 2565, 13365, 202.62, 59, 0x0000000000000000, Not Active, Not Active
2026/09/30 14:22:56.548, 2565, 13365, 202.62, 59, 0x0000000000000000, Not Active, Not Active
2026/09/30 14:22:56.648, 2625, 13365, 298.36, 58, 0x0000000000000000, Not Active, Not Active
2026/09/30 14:22:56.748, 2625, 13365, 298.36, 58, 0x0000000000000000, Not Active, Not Active
2026/09/30 14:22:56.849, 2625, 13365, 298.36, 58, 0x0000000000000000, Not Active, Not Active
2026/09/30 14:22:56.949, 2625, 13365, 298.36, 58, 0x0000000000000000, Not Active, Not Active
2026/09/30 14:22:57.049, 2625, 13365, 298.36, 58, 0x0000000000000000, Not Active, Not Active
2026/09/30 14:22:57.149, 2550, 13365, 307.47, 59, 0x0000000000000000, Not Active, Not Active
2026/09/30 14:22:57.249, 2550, 13365, 307.47, 59, 0x0000000000000000, Not Active, Not Active
2026/09/30 14:22:57.349, 2550, 13365, 307.47, 59, 0x0000000000000000, Not Active, Not Active
2026/09/30 14:22:57.449, 2550, 13365, 307.47, 59, 0x0000000000000000, Not Active, Not Active
2026/09/30 14:22:57.550, 2550, 13365, 307.47, 59, 0x0000000000000000, Not Active, Not Active
2026/09/30 14:22:57.650, 2467, 13365, 315.84, 63, 0x0000000000000004, Active, Not Active
2026/09/30 14:22:57.750, 2467, 13365, 315.84, 63, 0x0000000000000004, Active, Not Active
2026/09/30 14:22:57.850, 2467, 13365, 315.84, 63, 0x0000000000000004, Active, Not Active
2026/09/30 14:22:57.950, 2467, 13365, 315.84, 63, 0x0000000000000004, Active, Not Active
2026/09/30 14:22:58.050, 2467, 13365, 315.84, 63, 0x0000000000000004, Active, Not Active
2026/09/30 14:22:58.150, 2625, 13365, 289.06, 57, 0x0000000000000000, Not Active, Not Active
2026/09/30 14:22:58.250, 2625, 13365, 289.06, 57, 0x0000000000000000, Not Active, Not Active
2026/09/30 14:22:58.351, 2625, 13365, 289.06, 57, 0x0000000000000000, Not Active, Not Active
2026/09/30 14:22:58.451, 2625, 13365, 289.06, 57, 0x0000000000000000, Not Active, Not Active
2026/09/30 14:22:58.551, 2625, 13365, 289.06, 57, 0x0000000000000000, Not Active, Not Active
2026/09/30 14:22:58.651, 2722, 13365, 225.36, 55, 0x0000000000000000, Not Active, Not Active
2026/09/30 14:22:58.751, 2722, 13365, 225.36, 55, 0x0000000000000000, Not Active, Not Active
2026/09/30 14:22:58.851, 2722, 13365, 225.36, 55, 0x0000000000000000, Not Active, Not Active
2026/09/30 14:22:58.951, 2722, 13365, 225.36, 55, 0x0000000000000000, Not Active, Not Active
2026/09/30 14:22:59.052, 2722, 13365, 225.36, 55, 0x0000000000000000, Not Active, Not Active
2026/09/30 14:22:59.152, 2722, 13365, 135.82, 55, 0x0000000000000000, Not Active, Not Active
2026/09/30 14:22:59.252, 2722, 13365, 135.82, 55, 0x0000000000000000, Not Active, Not Active
2026/09/30 14:22:59.352, 2722, 13365, 135.82, 55, 0x0000000000000000, Not Active, Not Active
2026/09/30 14:22:59.452, 2722, 13365, 135.82, 55, 0x0000000000000000, Not Active, Not Active
2026/09/30 14:22:59.552, 2722, 13365, 135.82, 55, 0x0000000000000000, Not Active, Not Active
2026/09/30 14:22:59.653, 2722, 13365, 138.21, 55, 0x0000000000000000, Not Active, Not Active
2026/09/30 14:22:59.753, 2722, 13365, 138.21, 55, 0x0000000000000000, Not Active, Not Active
2026/09/30 14:22:59.853, 2722, 13365, 138.21, 55, 0x0000000000000000, Not Active, Not Active
2026/09/30 14:22:59.953, 2722, 13365, 138.21, 55, 0x0000000000000000, Not Active, Not Active
2026/09/30 14:23:00.053, 2722, 13365, 138.21, 55, 0x0000000000000000, Not Active, Not Active
2026/09/30 14:23:00.153, 2670, 13365, 134.86, 55, 0x0000000000000000, Not Active, Not Active
2026/09/30 14:23:00.253, 2670, 13365, 134.86, 55, 0x0000000000000000, Not Active, Not Active
2026/09/30 14:23:00.354, 2670, 13365, 134.86, 55, 0x0000000000000000, Not Active, Not Active
2026/09/30 14:23:00.454, 2670, 13365, 134.86, 55, 0x0000000000000000, Not Active, Not Active
2026/09/30 14:23:00.554, 2670, 13365, 134.86, 55, 0x0000000000000000, Not Active, Not Active
2026/09/30 14:23:00.654, 2662, 13365, 133.89, 54, 0x0000000000000000, Not Active, Not Active
2026/09/30 14:23:00.754, 2662, 13365, 133.89, 54, 0x0000000000000000, Not Active, Not Active
2026/09/30 14:23:00.854, 2662, 13365, 133.89, 54, 0x0000000000000000, Not Active, Not Active
2026/09/30 14:23:00.955, 2662, 13365, 133.89, 54, 0x0000000000000000, Not Active, Not Active
2026/09/30 14:23:01.055, 2662, 13365, 133.89, 54, 0x0000000000000000, Not Active, Not Active
2026/09/30 14:23:01.155, 2655, 13365, 136.35, 55, 0x0000000000000000, Not Active, Not Active
2026/09/30 14:23:01.255, 2655, 13365, 136.35, 55, 0x0000000000000000, Not Active, Not Active
2026/09/30 14:23:01.355, 2655, 13365, 136.35, 55, 0x0000000000000000, Not Active, Not Active
2026/09/30 14:23:01.455, 2655, 13365, 136.35, 55, 0x0000000000000000, Not Active, Not Active
2026/09/30 14:23:01.555, 2655, 13365, 136.35, 55, 0x0000000000000000, Not Active, Not Active
2026/09/30 14:23:01.656, 2647, 13365, 131.33, 54, 0x0000000000000000, Not Active, Not Active
2026/09/30 14:23:01.756, 2647, 13365, 131.33, 54, 0x0000000000000000, Not Active, Not Active
2026/09/30 14:23:01.856, 2647, 13365, 131.33, 54, 0x0000000000000000, Not Active, Not Active
2026/09/30 14:23:01.956, 2647, 13365, 131.33, 54, 0x0000000000000000, Not Active, Not Active
2026/09/30 14:23:02.056, 2647, 13365, 131.33, 54, 0x0000000000000000, Not Active, Not Active
2026/09/30 14:23:02.156, 2685, 13365, 133.64, 54, 0x0000000000000000, Not Active, Not Active
2026/09/30 14:23:02.256, 2685, 13365, 133.64, 54, 0x0000000000000000, Not Active, Not Active
2026/09/30 14:23:02.357, 2685, 13365, 133.64, 54, 0x0000000000000000, Not Active, Not Active
2026/09/30 14:23:02.457, 2685, 13365, 133.64, 54, 0x0000000000000000, Not Active, Not Active
2026/09/30 14:23:02.557, 2685, 13365, 133.64, 54, 0x0000000000000000, Not Active, Not Active
2026/09/30 14:23:02.657, 2677, 13365, 136.20, 54, 0x0000000000000000, Not Active, Not Active
2026/09/30 14:23:02.757, 2677, 13365, 136.20, 54, 0x0000000000000000, Not Active, Not Active
2026/09/30 14:23:02.857, 2677, 13365, 136.20, 54, 0x0000000000000000, Not Active, Not Active
2026/09/30 14:23:02.957, 2677, 13365, 136.20, 54, 0x0000000000000000, Not Active, Not Active
2026/09/30 14:23:03.058, 2677, 13365, 136.20, 54, 0x0000000000000000, Not Active, Not Active
2026/09/30 14:23:03.158, 2670, 13365, 131.53, 55, 0x0000000000000000, Not Active, Not Active
2026/09/30 14:23:03.258, 2670, 13365, 131.53, 55, 0x0000000000000000, Not Active, Not Active
2026/09/30 14:23:03.358, 2670, 13365, 131.53, 55, 0x0000000000000000, Not Active, Not Active
2026/09/30 14:23:03.458, 2670, 13365, 131.53, 55, 0x0000000000000000, Not Active, Not Active
2026/09/30 14:23:03.558, 2670, 13365, 131.53, 55, 0x0000000000000000, Not Active, Not Active
2026/09/30 14:23:03.658, 2662, 13365, 125.18, 54, 0x0000000000000000, Not Active, Not Active
2026/09/30 14:23:03.758, 2662, 13365, 125.18, 54, 0x0000000000000000, Not Active, Not Active
2026/09/30 14:23:03.859, 2662, 13365, 125.18, 54, 0x0000000000000000, Not Active, Not Active
2026/09/30 14:23:03.959, 2662, 13365, 125.18, 54, 0x0000000000000000, Not Active, Not Active
2026/09/30 14:23:04.059, 2662, 13365, 125.18, 54, 0x0000000000000000, Not Active, Not Active
2026/09/30 14:23:04.159, 2655, 13365, 128.73, 54, 0x0000000000000000, Not Active, Not Active
2026/09/30 14:23:04.259, 2655, 13365, 128.73, 54, 0x0000000000000000, Not Active, Not Active
2026/09/30 14:23:04.359, 2655, 13365, 128.73, 54, 0x0000000000000000, Not Active, Not Active
2026/09/30 14:23:04.459, 2655, 13365, 128.73, 54, 0x0000000000000000, Not Active, Not Active
2026/09/30 14:23:04.560, 2655, 13365, 128.73, 54, 0x0000000000000000, Not Active, Not Active
2026/09/30 14:23:04.660, 2662, 13365, 131.44, 55, 0x0000000000000000, Not Active, Not Active
2026/09/30 14:23:04.760, 2662, 13365, 131.44, 55, 0x0000000000000000, Not Active, Not Active
2026/09/30 14:23:04.860, 2662, 13365, 131.44, 55, 0x0000000000000000, Not Active, Not Active
2026/09/30 14:23:04.960, 2662, 13365, 131.44, 55, 0x0000000000000000, Not Active, Not Active
2026/09/30 14:23:05.060, 2662, 13365, 131.44, 55, 0x0000000000000000, Not Active, Not Active
2026/09/30 14:23:05.160, 2662, 13365, 133.78, 54, 0x0000000000000000, Not Active, Not Active
2026/09/30 14:23:05.260, 2662, 13365, 133.78, 54, 0x0000000000000000, Not Active, Not Active
2026/09/30 14:23:05.361, 2662, 13365, 133.78, 54, 0x0000000000000000, Not Active, Not Active
2026/09/30 14:23:05.461, 2662, 13365, 133.78, 54, 0x0000000000000000, Not Active, Not Active
2026/09/30 14:23:05.561, 2662, 13365, 133.78, 54, 0x0000000000000000, Not Active, Not Active
2026/09/30 14:23:05.661, 2685, 13365, 137.31, 55, 0x0000000000000000, Not Active, Not Active
2026/09/30 14:23:05.761, 2685, 13365, 137.31, 55, 0x0000000000000000, Not Active, Not Active
2026/09/30 14:23:05.861, 2685, 13365, 137.31, 55, 0x0000000000000000, Not Active, Not Active
2026/09/30 14:23:05.961, 2685, 13365, 137.31, 55, 0x0000000000000000, Not Active, Not Active
2026/09/30 14:23:06.062, 2685, 13365, 137.31, 55, 0x0000000000000000, Not Active, Not Active
2026/09/30 14:23:06.162, 2692, 13365, 137.60, 55, 0x0000000000000000, Not Active, Not Active
2026/09/30 14:23:06.262, 2692, 13365, 137.60, 55, 0x0000000000000000, Not Active, Not Active
2026/09/30 14:23:06.362, 2692, 13365, 137.60, 55, 0x0000000000000000, Not Active, Not Active
2026/09/30 14:23:06.462, 2692, 13365, 137.60, 55, 0x0000000000000000, Not Active, Not Active
2026/09/30 14:23:06.562, 2692, 13365, 137.60, 55, 0x0000000000000000, Not Active, Not Active
2026/09/30 14:23:06.662, 2655, 13365, 128.28, 54, 0x0000000000000000, Not Active, Not Active
2026/09/30 14:23:06.762, 2655, 13365, 128.28, 54, 0x0000000000000000, Not Active, Not Active
2026/09/30 14:23:06.863, 2655, 13365, 128.28, 54, 0x0000000000000000, Not Active, Not Active
2026/09/30 14:23:06.963, 2655, 13365, 128.28, 54, 0x0000000000000000, Not Active, Not Active
2026/09/30 14:23:07.063, 2655, 13365, 128.28, 54, 0x0000000000000000, Not Active, Not Active
2026/09/30 14:23:07.163, 2655, 13365, 126.29, 55, 0x0000000000000000, Not Active, Not Active
2026/09/30 14:23:07.263, 2655, 13365, 126.29, 55, 0x0000000000000000, Not Active, Not Active
2026/09/30 14:23:07.363, 2655, 13365, 126.29, 55, 0x0000000000000000, Not Active, Not Active
2026/09/30 14:23:07.463, 2655, 13365, 126.29, 55, 0x0000000000000000, Not Active, Not Active
2026/09/30 14:23:07.564, 2655, 13365, 126.29, 55, 0x0000000000000000, Not Active, Not Active
2026/09/30 14:23:07.664, 2662, 13365, 130.82, 54, 0x0000000000000000, Not Active, Not Active
2026/09/30 14:23:07.764, 2662, 13365, 130.82, 54, 0x0000000000000000, Not Active, Not Active
2026/09/30 14:23:07.864, 2662, 13365, 130.82, 54, 0x0000000000000000, Not Active, Not Active
2026/09/30 14:23:07.964, 2662, 13365, 130.82, 54, 0x0000000000000000, Not Active, Not Active
2026/09/30 14:23:08.064, 2662, 13365, 130.82, 54, 0x0000000000000000, Not Active, Not Active
2026/09/30 14:23:08.164, 2685, 13365, 133.41, 54, 0x0000000000000000, Not Active, Not Active
2026/09/30 14:23:08.265, 2685, 13365, 133.41, 54, 0x0000000000000000, Not Active, Not Active
2026/09/30 14:23:08.365, 2685, 13365, 133.41, 54, 0x0000000000000000, Not Active, Not Active
2026/09/30 14:23:08.465, 2685, 13365, 133.41, 54, 0x0000000000000000, Not Active, Not Active
2026/09/30 14:23:08.565, 2685, 13365, 133.41, 54, 0x0000000000000000, Not Active, Not Active
2026/09/30 14:23:08.665, 2662, 13365, 137.01, 55, 0x0000000000000000, Not Active, Not Active
2026/09/30 14:23:08.765, 2662, 13365, 137.01, 55, 0x0000000000000000, Not Active, Not Active
2026/09/30 14:23:08.865, 2662, 13365, 137.01, 55, 0x0000000000000000, Not Active, Not Active
2026/09/30 14:23:08.966, 2662, 13365, 137.01, 55, 0x0000000000000000, Not Active, Not Active
2026/09/30 14:23:09.066, 2662, 13365, 137.01, 55, 0x0000000000000000, Not Active, Not Active
2026/09/30 14:23:09.166, 2677, 13365, 136.21, 54, 0x0000000000000000, Not Active, Not Active
2026/09/30 14:23:09.266, 2677, 13365, 136.21, 54, 0x0000000000000000, Not Active, Not Active
2026/09/30 14:23:09.366, 2677, 13365, 136.21, 54, 0x0000000000000000, Not Active, Not Active
2026/09/30 14:23:09.466, 2677, 13365, 136.21, 54, 0x0000000000000000, Not Active, Not Active
2026/09/30 14:23:09.566, 2677, 13365, 136.21, 54, 0x0000000000000000, Not Active, Not Active
2026/09/30 14:23:09.667, 2670, 13365, 142.74, 56, 0x0000000000000000, Not Active, Not Active
2026/09/30 14:23:09.767, 2670, 13365, 142.74, 56, 0x0000000000000000, Not Active, Not Active
2026/09/30 14:23:09.867, 2670, 13365, 142.74, 56, 0x0000000000000000, Not Active, Not Active
2026/09/30 14:23:09.967, 2670, 13365, 142.74, 56, 0x0000000000000000, Not Active, Not Active
2026/09/30 14:23:10.067, 2670, 13365, 142.74, 56, 0x0000000000000000, Not Active, Not Active
2026/09/30 14:23:10.167, 2625, 13365, 137.87, 55, 0x0000000000000000, Not Active, Not Active
2026/09/30 14:23:10.267, 2625, 13365, 137.87, 55, 0x0000000000000000, Not Active, Not Active
2026/09/30 14:23:10.368, 2625, 13365, 137.87, 55, 0x0000000000000000, Not Active, Not Active
2026/09/30 14:23:10.468, 2625, 13365, 137.87, 55, 0x0000000000000000, Not Active, Not Active
2026/09/30 14:23:10.568, 2625, 13365, 137.87, 55, 0x0000000000000000, Not Active, Not Active
2026/09/30 14:23:10.668, 2640, 13365, 139.92, 54, 0x0000000000000000, Not Active, Not Active
2026/09/30 14:23:10.768, 2640, 13365, 139.92, 54, 0x0000000000000000, Not Active, Not Active
2026/09/30 14:23:10.868, 2640, 13365, 139.92, 54, 0x0000000000000000, Not Active, Not Active
2026/09/30 14:23:10.968, 2640, 13365, 139.92, 54, 0x0000000000000000, Not Active, Not Active
2026/09/30 14:23:11.068, 2640, 13365, 139.92, 54, 0x0000000000000000, Not Active, Not Active
2026/09/30 14:23:11.169, 2647, 13365, 147.22, 54, 0x0000000000000000, Not Active, Not Active
2026/09/30 14:23:11.269, 2647, 13365, 147.22, 54, 0x0000000000000000, Not Active, Not Active
2026/09/30 14:23:11.369, 2647, 13365, 147.22, 54, 0x0000000000000000, Not Active, Not Active
2026/09/30 14:23:11.469, 2647, 13365, 147.22, 54, 0x0000000000000000, Not Active, Not Active
2026/09/30 14:23:11.569, 2647, 13365, 147.22, 54, 0x0000000000000000, Not Active, Not Active
2026/09/30 14:23:11.669, 2662, 13365, 157.02, 55, 0x0000000000000000, Not Active, Not Active
2026/09/30 14:23:11.769, 2662, 13365, 157.02, 55, 0x0000000000000000, Not Active, Not Active
2026/09/30 14:23:11.870, 2662, 13365, 157.02, 55, 0x0000000000000000, Not Active, Not Active
2026/09/30 14:23:11.970, 2662, 13365, 157.02, 55, 0x0000000000000000, Not Active, Not Active
2026/09/30 14:23:12.070, 2662, 13365, 157.02, 55, 0x0000000000000000, Not Active, Not Active
2026/09/30 14:23:12.170, 2625, 13365, 146.68, 55, 0x0000000000000000, Not Active, Not Active
2026/09/30 14:23:12.270, 2625, 13365, 146.68, 55, 0x0000000000000000, Not Active, Not Active
2026/09/30 14:23:12.370, 2625, 13365, 146.68, 55, 0x0000000000000000, Not Active, Not Active
2026/09/30 14:23:12.470, 2625, 13365, 146.68, 55, 0x0000000000000000, Not Active, Not Active
2026/09/30 14:23:12.570, 2632, 13365, 145.78, 56, 0x0000000000000000, Not Active, Not Active
2026/09/30 14:23:12.671, 2632, 13365, 145.78, 56, 0x0000000000000000, Not Active, Not Active
2026/09/30 14:23:12.771, 2632, 13365, 145.78, 56, 0x0000000000000000, Not Active, Not Active
2026/09/30 14:23:12.871, 2632, 13365, 145.78, 56, 0x0000000000000000, Not Active, Not Active
2026/09/30 14:23:12.971, 2632, 13365, 145.78, 56, 0x0000000000000000, Not Active, Not Active
2026/09/30 14:23:13.071, 2632, 13365, 157.23, 54, 0x0000000000000000, Not Active, Not Active
2026/09/30 14:23:13.171, 2632, 13365, 157.23, 54, 0x0000000000000000, Not Active, Not Active
2026/09/30 14:23:13.271, 2632, 13365, 157.23, 54, 0x0000000000000000, Not Active, Not Active
2026/09/30 14:23:13.371, 2632, 13365, 157.23, 54, 0x0000000000000000, Not Active, Not Active
2026/09/30 14:23:13.472, 2632, 13365, 157.23, 54, 0x0000000000000000, Not Active, Not Active
2026/09/30 14:23:13.572, 2640, 13365, 164.66, 55, 0x0000000000000000, Not Active, Not Active
2026/09/30 14:23:13.672, 2640, 13365, 164.66, 55, 0x0000000000000000, Not Active, Not Active
2026/09/30 14:23:13.772, 2640, 13365, 164.66, 55, 0x0000000000000000, Not Active, Not Active
2026/09/30 14:23:13.872, 2640, 13365, 164.66, 55, 0x0000000000000000, Not Active, Not Active
2026/09/30 14:23:13.972, 2640, 13365, 164.66, 55, 0x0000000000000000, Not Active, Not Active
2026/09/30 14:23:14.072, 2602, 13365, 155.91, 58, 0x0000000000000000, Not Active, Not Active
2026/09/30 14:23:14.173, 2602, 13365, 155.91, 58, 0x0000000000000000, Not Active, Not Active
2026/09/30 14:23:14.273, 2602, 13365, 155.91, 58, 0x0000000000000000, Not Active, Not Active
2026/09/30 14:23:14.373, 2602, 13365, 155.91, 58, 0x0000000000000000, Not Active, Not Active
2026/09/30 14:23:14.473, 2602, 13365, 155.91, 58, 0x0000000000000000, Not Active, Not Active
2026/09/30 14:23:14.573, 2610, 13365, 160.71, 55, 0x0000000000000000, Not Active, Not Active
2026/09/30 14:23:14.673, 2610, 13365, 160.71, 55, 0x0000000000000000, Not Active, Not Active
2026/09/30 14:23:14.773, 2610, 13365, 160.71, 55, 0x0000000000000000, Not Active, Not Active
2026/09/30 14:23:14.874, 2610, 13365, 160.71, 55, 0x0000000000000000, Not Active, Not Active
2026/09/30 14:23:14.974, 2610, 13365, 160.71, 55, 0x0000000000000000, Not Active, Not Active
2026/09/30 14:23:15.074, 2610, 13365, 196.57, 56, 0x0000000000000000, Not Active, Not Active
2026/09/30 14:23:15.174, 2610, 13365, 196.57, 56, 0x0000000000000000, Not Active, Not Active
2026/09/30 14:23:15.274, 2610, 13365, 196.57, 56, 0x0000000000000000, Not Active, Not Active
2026/09/30 14:23:15.374, 2610, 13365, 196.57, 56, 0x0000000000000000, Not Active, Not Active
2026/09/30 14:23:15.474, 2610, 13365, 196.57, 56, 0x0000000000000000, Not Active, Not Active
2026/09/30 14:23:15.575, 2610, 13365, 188.78, 57, 0x0000000000000000, Not Active, Not Active
2026/09/30 14:23:15.675, 2610, 13365, 188.78, 57, 0x0000000000000000, Not Active, Not Active
2026/09/30 14:23:15.775, 2610, 13365, 188.78, 57, 0x0000000000000000, Not Active, Not Active
2026/09/30 14:23:15.875, 2610, 13365, 188.78, 57, 0x0000000000000000, Not Active, Not Active
2026/09/30 14:23:15.975, 2610, 13365, 188.78, 57, 0x0000000000000000, Not Active, Not Active
2026/09/30 14:23:16.075, 2587, 13365, 177.51, 60, 0x0000000000000000, Not Active, Not Active
2026/09/30 14:23:16.176, 2587, 13365, 177.51, 60, 0x0000000000000000, Not Active, Not Active
2026/09/30 14:23:16.276, 2587, 13365, 177.51, 60, 0x0000000000000000, Not Active, Not Active
2026/09/30 14:23:16.376, 2587, 13365, 177.51, 60, 0x0000000000000000, Not Active, Not Active
2026/09/30 14:23:16.476, 2587, 13365, 177.51, 60, 0x0000000000000000, Not Active, Not Active
2026/09/30 14:23:16.576, 2550, 13365, 191.02, 60, 0x0000000000000000, Not Active, Not Active
2026/09/30 14:23:16.676, 2550, 13365, 191.02, 60, 0x0000000000000000, Not Active, Not Active
2026/09/30 14:23:16.776, 2550, 13365, 191.02, 60, 0x0000000000000000, Not Active, Not Active
2026/09/30 14:23:16.876, 2550, 13365, 191.02, 60, 0x0000000000000000, Not Active, Not Active
2026/09/30 14:23:16.977, 2550, 13365, 191.02, 60, 0x0000000000000000, Not Active, Not Active
2026/09/30 14:23:17.077, 2572, 13365, 219.35, 60, 0x0000000000000000, Not Active, Not Active
2026/09/30 14:23:17.177, 2572, 13365, 219.35, 60, 0x0000000000000000, Not Active, Not Active
2026/09/30 14:23:17.277, 2572, 13365, 219.35, 60, 0x0000000000000000, Not Active, Not Active
2026/09/30 14:23:17.377, 2572, 13365, 219.35, 60, 0x0000000000000000, Not Active, Not Active
2026/09/30 14:23:17.477, 2572, 13365, 219.35, 60, 0x0000000000000000, Not Active, Not Active
2026/09/30 14:23:17.577, 2565, 13365, 225.11, 58, 0x0000000000000000, Not Active, Not Active
2026/09/30 14:23:17.678, 2565, 13365, 225.11, 58, 0x0000000000000000, Not Active, Not Active
2026/09/30 14:23:17.778, 2565, 13365, 225.11, 58, 0x0000000000000000, Not Active, Not Active
2026/09/30 14:23:17.878, 2565, 13365, 225.11, 58, 0x0000000000000000, Not Active, Not Active
2026/09/30 14:23:17.978, 2565, 13365, 225.11, 58, 0x0000000000000000, Not Active, Not Active
2026/09/30 14:23:18.078, 2565, 13365, 227.58, 57, 0x0000000000000000, Not Active, Not Active
2026/09/30 14:23:18.178, 2565, 13365, 227.58, 57, 0x0000000000000000, Not Active, Not Active
2026/09/30 14:23:18.278, 2565, 13365, 227.58, 57, 0x0000000000000000, Not Active, Not Active
2026/09/30 14:23:18.379, 2565, 13365, 227.58, 57, 0x0000000000000000, Not Active, Not Active
2026/09/30 14:23:18.479, 2565, 13365, 227.58, 57, 0x0000000000000000, Not Active, Not Active
2026/09/30 14:23:18.579, 2610, 13365, 166.43, 54, 0x0000000000000000, Not Active, Not Active
2026/09/30 14:23:18.679, 2610, 13365, 166.43, 54, 0x0000000000000000, Not Active, Not Active
2026/09/30 14:23:18.779, 2610, 13365, 166.43, 54, 0x0000000000000000, Not Active, Not Active
2026/09/30 14:23:18.879, 2610, 13365, 166.43, 54, 0x0000000000000000, Not Active, Not Active
2026/09/30 14:23:18.979, 2610, 13365, 166.43, 54, 0x0000000000000000, Not Active, Not Active
2026/09/30 14:23:19.080, 2512, 13365, 190.48, 61, 0x0000000000000004, Active, Not Active
2026/09/30 14:23:19.180, 2512, 13365, 190.48, 61, 0x0000000000000004, Active, Not Active
2026/09/30 14:23:19.280, 2512, 13365, 190.48, 61, 0x0000000000000004, Active, Not Active
2026/09/30 14:23:19.380, 2512, 13365, 190.48, 61, 0x0000000000000004, Active, Not Active
2026/09/30 14:23:19.480, 2512, 13365, 190.48, 61, 0x0000000000000004, Active, Not Active
2026/09/30 14:23:19.580, 2475, 13365, 294.37, 61, 0x0000000000000000, Not Active, Not Active
2026/09/30 14:23:19.680, 2475, 13365, 294.37, 61, 0x0000000000000000, Not Active, Not Active
2026/09/30 14:23:19.781, 2475, 13365, 294.37, 61, 0x0000000000000000, Not Active, Not Active
2026/09/30 14:23:19.881, 2475, 13365, 294.37, 61, 0x0000000000000000, Not Active, Not Active
2026/09/30 14:23:19.981, 2475, 13365, 294.37, 61, 0x0000000000000000, Not Active, Not Active
2026/09/30 14:23:20.081, 2625, 13365, 313.38, 64, 0x0000000000000004, Active, Not Active
2026/09/30 14:23:20.181, 2625, 13365, 313.38, 64, 0x0000000000000004, Active, Not Active
2026/09/30 14:23:20.281, 2625, 13365, 313.38, 64, 0x0000000000000004, Active, Not Active
2026/09/30 14:23:20.381, 2625, 13365, 313.38, 64, 0x0000000000000004, Active, Not Active
2026/09/30 14:23:20.481, 2625, 13365, 313.38, 64, 0x0000000000000004, Active, Not Active
2026/09/30 14:23:20.582, 2512, 13365, 304.70, 59, 0x0000000000000000, Not Active, Not Active
2026/09/30 14:23:20.682, 2512, 13365, 304.70, 59, 0x0000000000000000, Not Active, Not Active
2026/09/30 14:23:20.782, 2512, 13365, 304.70, 59, 0x0000000000000000, Not Active, Not Active
2026/09/30 14:23:20.882, 2512, 13365, 304.70, 59, 0x0000000000000000, Not Active, Not Active
2026/09/30 14:23:20.982, 2512, 13365, 304.70, 59, 0x0000000000000000, Not Active, Not Active
2026/09/30 14:23:21.082, 2490, 13365, 305.93, 64, 0x0000000000000004, Active, Not Active
2026/09/30 14:23:21.182, 2490, 13365, 305.93, 64, 0x0000000000000004, Active, Not Active
2026/09/30 14:23:21.283, 2490, 13365, 305.93, 64, 0x0000000000000004, Active, Not Active
2026/09/30 14:23:21.383, 2490, 13365, 305.93, 64, 0x0000000000000004, Active, Not Active
2026/09/30 14:23:21.483, 2490, 13365, 305.93, 64, 0x0000000000000004, Active, Not Active
2026/09/30 14:23:21.583, 2835, 13365, 223.51, 56, 0x0000000000000000, Not Active, Not Active
2026/09/30 14:23:21.683, 2835, 13365, 223.51, 56, 0x0000000000000000, Not Active, Not Active
2026/09/30 14:23:21.783, 2835, 13365, 223.51, 56, 0x0000000000000000, Not Active, Not Active
2026/09/30 14:23:21.883, 2835, 13365, 223.51, 56, 0x0000000000000000, Not Active, Not Active
2026/09/30 14:23:21.984, 2835, 13365, 223.51, 56, 0x0000000000000000, Not Active, Not Active
2026/09/30 14:23:22.084, 2827, 13365, 159.91, 56, 0x0000000000000000, Not Active, Not Active
2026/09/30 14:23:22.184, 2827, 13365, 159.91, 56, 0x0000000000000000, Not Active, Not Active
2026/09/30 14:23:22.284, 2827, 13365, 159.91, 56, 0x0000000000000000, Not Active, Not Active
2026/09/30 14:23:22.384, 2827, 13365, 159.91, 56, 0x0000000000000000, Not Active, Not Active
2026/09/30 14:23:22.484, 2827, 13365, 159.91, 56, 0x0000000000000000, Not Active, Not Active
2026/09/30 14:23:22.584, 2827, 13365, 146.70, 56, 0x0000000000000000, Not Active, Not Active
2026/09/30 14:23:22.685, 2827, 13365, 146.70, 56, 0x0000000000000000, Not Active, Not Active
2026/09/30 14:23:22.785, 2827, 13365, 146.70, 56, 0x0000000000000000, Not Active, Not Active
2026/09/30 14:23:22.885, 2827, 13365, 146.70, 56, 0x0000000000000000, Not Active, Not Active
2026/09/30 14:23:22.985, 2827, 13365, 146.70, 56, 0x0000000000000000, Not Active, Not Active
2026/09/30 14:23:23.085, 2692, 13365, 141.14, 56, 0x0000000000000000, Not Active, Not Active
2026/09/30 14:23:23.185, 2692, 13365, 141.14, 56, 0x0000000000000000, Not Active, Not Active
2026/09/30 14:23:23.285, 2692, 13365, 141.14, 56, 0x0000000000000000, Not Active, Not Active
2026/09/30 14:23:23.386, 2692, 13365, 141.14, 56, 0x0000000000000000, Not Active, Not Active
2026/09/30 14:23:23.486, 2692, 13365, 141.14, 56, 0x0000000000000000, Not Active, Not Active
2026/09/30 14:23:23.586, 2685, 13365, 137.57, 56, 0x0000000000000000, Not Active, Not Active
2026/09/30 14:23:23.686, 2685, 13365, 137.57, 56, 0x0000000000000000, Not Active, Not Active
2026/09/30 14:23:23.786, 2685, 13365, 137.57, 56, 0x0000000000000000, Not Active, Not Active
2026/09/30 14:23:23.886, 2685, 13365, 137.57, 56, 0x0000000000000000, Not Active, Not Active
2026/09/30 14:23:23.987, 2685, 13365, 137.57, 56, 0x0000000000000000, Not Active, Not Active
2026/09/30 14:23:24.087, 2677, 13365, 136.40, 55, 0x0000000000000000, Not Active, Not Active
2026/09/30 14:23:24.187, 2677, 13365, 136.40, 55, 0x0000000000000000, Not Active, Not Active
2026/09/30 14:23:24.287, 2677, 13365, 136.40, 55, 0x0000000000000000, Not Active, Not Active
2026/09/30 14:23:24.387, 2677, 13365, 136.40, 55, 0x0000000000000000, Not Active, Not Active
2026/09/30 14:23:24.487, 2677, 13365, 136.40, 55, 0x0000000000000000, Not Active, Not Active
2026/09/30 14:23:24.587, 2662, 13365, 131.90, 55, 0x0000000000000000, Not Active, Not Active
2026/09/30 14:23:24.687, 2662, 13365, 131.90, 55, 0x0000000000000000, Not Active, Not Active
2026/09/30 14:23:24.788, 2662, 13365, 131.90, 55, 0x0000000000000000, Not Active, Not Active
2026/09/30 14:23:24.888, 2662, 13365, 131.90, 55, 0x0000000000000000, Not Active, Not Active
2026/09/30 14:23:24.988, 2662, 13365, 131.90, 55, 0x0000000000000000, Not Active, Not Active
2026/09/30 14:23:25.088, 2655, 13365, 133.56, 56, 0x0000000000000000, Not Active, Not Active
2026/09/30 14:23:25.188, 2655, 13365, 133.56, 56, 0x0000000000000000, Not Active, Not Active
2026/09/30 14:23:25.288, 2655, 13365, 133.56, 56, 0x0000000000000000, Not Active, Not Active
2026/09/30 14:23:25.388, 2655, 13365, 133.56, 56, 0x0000000000000000, Not Active, Not Active
2026/09/30 14:23:25.489, 2655, 13365, 133.56, 56, 0x0000000000000000, Not Active, Not Active
2026/09/30 14:23:25.589, 2662, 13365, 135.65, 55, 0x0000000000000000, Not Active, Not Active
2026/09/30 14:23:25.689, 2662, 13365, 135.65, 55, 0x0000000000000000, Not Active, Not Active
2026/09/30 14:23:25.789, 2662, 13365, 135.65, 55, 0x0000000000000000, Not Active, Not Active
2026/09/30 14:23:25.889, 2662, 13365, 135.65, 55, 0x0000000000000000, Not Active, Not Active
2026/09/30 14:23:25.989, 2662, 13365, 135.65, 55, 0x0000000000000000, Not Active, Not Active
2026/09/30 14:23:26.089, 2662, 13365, 136.65, 55, 0x0000000000000000, Not Active, Not Active
2026/09/30 14:23:26.190, 2662, 13365, 136.65, 55, 0x0000000000000000, Not Active, Not Active
2026/09/30 14:23:26.290, 2662, 13365, 136.65, 55, 0x0000000000000000, Not Active, Not Active
2026/09/30 14:23:26.390, 2662, 13365, 136.65, 55, 0x0000000000000000, Not Active, Not Active
2026/09/30 14:23:26.490, 2662, 13365, 136.65, 55, 0x0000000000000000, Not Active, Not Active
2026/09/30 14:23:26.590, 2700, 13365, 135.90, 55, 0x0000000000000000, Not Active, Not Active
2026/09/30 14:23:26.690, 2700, 13365, 135.90, 55, 0x0000000000000000, Not Active, Not Active
2026/09/30 14:23:26.790, 2700, 13365, 135.90, 55, 0x0000000000000000, Not Active, Not Active
2026/09/30 14:23:26.890, 2700, 13365, 135.90, 55, 0x0000000000000000, Not Active, Not Active
2026/09/30 14:23:26.991, 2700, 13365, 135.90, 55, 0x0000000000000000, Not Active, Not Active
2026/09/30 14:23:27.091, 2685, 13365, 133.86, 55, 0x0000000000000000, Not Active, Not Active
2026/09/30 14:23:27.191, 2685, 13365, 133.86, 55, 0x0000000000000000, Not Active, Not Active
2026/09/30 14:23:27.291, 2685, 13365, 133.86, 55, 0x0000000000000000, Not Active, Not Active
2026/09/30 14:23:27.391, 2685, 13365, 133.86, 55, 0x0000000000000000, Not Active, Not Active
2026/09/30 14:23:27.491, 2685, 13365, 133.86, 55, 0x0000000000000000, Not Active, Not Active
2026/09/30 14:23:27.591, 2662, 13365, 132.01, 55, 0x0000000000000000, Not Active, Not Active
2026/09/30 14:23:27.692, 2662, 13365, 132.01, 55, 0x0000000000000000, Not Active, Not Active
2026/09/30 14:23:27.792, 2662, 13365, 132.01, 55, 0x0000000000000000, Not Active, Not Active
2026/09/30 14:23:27.892, 2662, 13365, 132.01, 55, 0x0000000000000000, Not Active, Not Active
2026/09/30 14:23:27.992, 2662, 13365, 132.01, 55, 0x0000000000000000, Not Active, Not Active
2026/09/30 14:23:28.092, 2647, 13365, 123.20, 54, 0x0000000000000000, Not Active, Not Active
2026/09/30 14:23:28.192, 2647, 13365, 123.20, 54, 0x0000000000000000, Not Active, Not Active
2026/09/30 14:23:28.292, 2647, 13365, 123.20, 54, 0x0000000000000000, Not Active, Not Active
2026/09/30 14:23:28.393, 2647, 13365, 123.20, 54, 0x0000000000000000, Not Active, Not Active
2026/09/30 14:23:28.493, 2647, 13365, 123.20, 54, 0x0000000000000000, Not Active, Not Active
2026/09/30 14:23:28.593, 2677, 13365, 127.26, 55, 0x0000000000000000, Not Active, Not Active
2026/09/30 14:23:28.693, 2677, 13365, 127.26, 55, 0x0000000000000000, Not Active, Not Active
2026/09/30 14:23:28.793, 2677, 13365, 127.26, 55, 0x0000000000000000, Not Active, Not Active
2026/09/30 14:23:28.893, 2677, 13365, 127.26, 55, 0x0000000000000000, Not Active, Not Active
2026/09/30 14:23:28.993, 2677, 13365, 127.26, 55, 0x0000000000000000, Not Active, Not Active
2026/09/30 14:23:29.094, 2692, 13365, 141.96, 55, 0x0000000000000000, Not Active, Not Active
2026/09/30 14:23:29.194, 2692, 13365, 141.96, 55, 0x0000000000000000, Not Active, Not Active
2026/09/30 14:23:29.294, 2692, 13365, 141.96, 55, 0x0000000000000000, Not Active, Not Active
2026/09/30 14:23:29.394, 2692, 13365, 141.96, 55, 0x0000000000000000, Not Active, Not Active
2026/09/30 14:23:29.494, 2692, 13365, 141.96, 55, 0x0000000000000000, Not Active, Not Active
2026/09/30 14:23:29.594, 2677, 13365, 145.43, 56, 0x0000000000000000, Not Active, Not Active
2026/09/30 14:23:29.694, 2677, 13365, 145.43, 56, 0x0000000000000000, Not Active, Not Active
2026/09/30 14:23:29.795, 2677, 13365, 145.43, 56, 0x0000000000000000, Not Active, Not Active
2026/09/30 14:23:29.895, 2677, 13365, 145.43, 56, 0x0000000000000000, Not Active, Not Active
2026/09/30 14:23:29.995, 2677, 13365, 145.43, 56, 0x0000000000000000, Not Active, Not Active
2026/09/30 14:23:30.095, 2677, 13365, 133.85, 55, 0x0000000000000000, Not Active, Not Active
2026/09/30 14:23:30.195, 2677, 13365, 133.85, 55, 0x0000000000000000, Not Active, Not Active
2026/09/30 14:23:30.295, 2677, 13365, 133.85, 55, 0x0000000000000000, Not Active, Not Active
2026/09/30 14:23:30.395, 2677, 13365, 133.85, 55, 0x0000000000000000, Not Active, Not Active
2026/09/30 14:23:30.496, 2677, 13365, 133.85, 55, 0x0000000000000000, Not Active, Not Active
2026/09/30 14:23:30.596, 2662, 13365, 136.09, 56, 0x0000000000000000, Not Active, Not Active
2026/09/30 14:23:30.696, 2662, 13365, 136.09, 56, 0x0000000000000000, Not Active, Not Active
2026/09/30 14:23:30.796, 2662, 13365, 136.09, 56, 0x0000000000000000, Not Active, Not Active
2026/09/30 14:23:30.896, 2662, 13365, 136.09, 56, 0x0000000000000000, Not Active, Not Active
2026/09/30 14:23:30.996, 2662, 13365, 136.09, 56, 0x0000000000000000, Not Active, Not Active
2026/09/30 14:23:31.096, 2655, 13365, 142.14, 55, 0x0000000000000000, Not Active, Not Active
2026/09/30 14:23:31.197, 2655, 13365, 142.14, 55, 0x0000000000000000, Not Active, Not Active
2026/09/30 14:23:31.297, 2655, 13365, 142.14, 55, 0x0000000000000000, Not Active, Not Active
2026/09/30 14:23:31.397, 2655, 13365, 142.14, 55, 0x0000000000000000, Not Active, Not Active
2026/09/30 14:23:31.497, 2655, 13365, 142.14, 55, 0x0000000000000000, Not Active, Not Active
2026/09/30 14:23:31.597, 2640, 13365, 134.16, 55, 0x0000000000000000, Not Active, Not Active
2026/09/30 14:23:31.697, 2640, 13365, 134.16, 55, 0x0000000000000000, Not Active, Not Active
2026/09/30 14:23:31.797, 2640, 13365, 134.16, 55, 0x0000000000000000, Not Active, Not Active
2026/09/30 14:23:31.898, 2640, 13365, 134.16, 55, 0x0000000000000000, Not Active, Not Active
2026/09/30 14:23:31.998, 2640, 13365, 134.16, 55, 0x0000000000000000, Not Active, Not Active
2026/09/30 14:23:32.098, 2685, 13365, 140.36, 55, 0x0000000000000000, Not Active, Not Active
2026/09/30 14:23:32.198, 2685, 13365, 140.36, 55, 0x0000000000000000, Not Active, Not Active
2026/09/30 14:23:32.298, 2685, 13365, 140.36, 55, 0x0000000000000000, Not Active, Not Active
2026/09/30 14:23:32.398, 2685, 13365, 140.36, 55, 0x0000000000000000, Not Active, Not Active
2026/09/30 14:23:32.498, 2685, 13365, 140.36, 55, 0x0000000000000000, Not Active, Not Active
2026/09/30 14:23:32.599, 2677, 13365, 145.77, 55, 0x0000000000000000, Not Active, Not Active
2026/09/30 14:23:32.699, 2677, 13365, 145.77, 55, 0x0000000000000000, Not Active, Not Active
2026/09/30 14:23:32.799, 2677, 13365, 145.77, 55, 0x0000000000000000, Not Active, Not Active
2026/09/30 14:23:32.899, 2677, 13365, 145.77, 55, 0x0000000000000000, Not Active, Not Active
2026/09/30 14:23:32.999, 2677, 13365, 145.77, 55, 0x0000000000000000, Not Active, Not Active
2026/09/30 14:23:33.099, 2692, 13365, 143.21, 55, 0x0000000000000000, Not Active, Not Active
2026/09/30 14:23:33.199, 2692, 13365, 143.21, 55, 0x0000000000000000, Not Active, Not Active
2026/09/30 14:23:33.300, 2692, 13365, 143.21, 55, 0x0000000000000000, Not Active, Not Active
2026/09/30 14:23:33.400, 2692, 13365, 143.21, 55, 0x0000000000000000, Not Active, Not Active
2026/09/30 14:23:33.500, 2692, 13365, 143.21, 55, 0x0000000000000000, Not Active, Not Active
2026/09/30 14:23:33.600, 2647, 13365, 140.08, 55, 0x0000000000000000, Not Active, Not Active
2026/09/30 14:23:33.700, 2647, 13365, 140.08, 55, 0x0000000000000000, Not Active, Not Active
2026/09/30 14:23:33.800, 2647, 13365, 140.08, 55, 0x0000000000000000, Not Active, Not Active
2026/09/30 14:23:33.900, 2647, 13365, 140.08, 55, 0x0000000000000000, Not Active, Not Active
2026/09/30 14:23:34.001, 2647, 13365, 140.08, 55, 0x0000000000000000, Not Active, Not Active
2026/09/30 14:23:34.101, 2647, 13365, 144.89, 56, 0x0000000000000000, Not Active, Not Active
2026/09/30 14:23:34.201, 2647, 13365, 144.89, 56, 0x0000000000000000, Not Active, Not Active
2026/09/30 14:23:34.301, 2647, 13365, 144.89, 56, 0x0000000000000000, Not Active, Not Active
2026/09/30 14:23:34.401, 2647, 13365, 144.89, 56, 0x0000000000000000, Not Active, Not Active
2026/09/30 14:23:34.501, 2647, 13365, 144.89, 56, 0x0000000000000000, Not Active, Not Active
2026/09/30 14:23:34.601, 2647, 13365, 153.58, 56, 0x0000000000000000, Not Active, Not Active
2026/09/30 14:23:34.702, 2647, 13365, 153.58, 56, 0x0000000000000000, Not Active, Not Active
2026/09/30 14:23:34.802, 2647, 13365, 153.58, 56, 0x0000000000000000, Not Active, Not Active
2026/09/30 14:23:34.902, 2647, 13365, 153.58, 56, 0x0000000000000000, Not Active, Not Active
2026/09/30 14:23:35.002, 2647, 13365, 153.58, 56, 0x0000000000000000, Not Active, Not Active
2026/09/30 14:23:35.102, 2647, 13365, 147.19, 55, 0x0000000000000000, Not Active, Not Active
2026/09/30 14:23:35.202, 2647, 13365, 147.19, 55, 0x0000000000000000, Not Active, Not Active
2026/09/30 14:23:35.302, 2647, 13365, 147.19, 55, 0x0000000000000000, Not Active, Not Active
2026/09/30 14:23:35.403, 2647, 13365, 147.19, 55, 0x0000000000000000, Not Active, Not Active
2026/09/30 14:23:35.503, 2647, 13365, 147.19, 55, 0x0000000000000000, Not Active, Not Active
2026/09/30 14:23:35.603, 2632, 13365, 134.74, 56, 0x0000000000000000, Not Active, Not Active
2026/09/30 14:23:35.703, 2632, 13365, 134.74, 56, 0x0000000000000000, Not Active, Not Active
2026/09/30 14:23:35.803, 2632, 13365, 134.74, 56, 0x0000000000000000, Not Active, Not Active
2026/09/30 14:23:35.903, 2632, 13365, 134.74, 56, 0x0000000000000000, Not Active, Not Active
2026/09/30 14:23:36.003, 2632, 13365, 134.74, 56, 0x0000000000000000, Not Active, Not Active
2026/09/30 14:23:36.103, 2647, 13365, 157.31, 56, 0x0000000000000000, Not Active, Not Active
2026/09/30 14:23:36.204, 2647, 13365, 157.31, 56, 0x0000000000000000, Not Active, Not Active
2026/09/30 14:23:36.304, 2647, 13365, 157.31, 56, 0x0000000000000000, Not Active, Not Active
2026/09/30 14:23:36.404, 2647, 13365, 157.31, 56, 0x0000000000000000, Not Active, Not Active
2026/09/30 14:23:36.504, 2647, 13365, 157.31, 56, 0x0000000000000000, Not Active, Not Active
2026/09/30 14:23:36.604, 2647, 13365, 177.48, 56, 0x0000000000000000, Not Active, Not Active
2026/09/30 14:23:36.704, 2647, 13365, 177.48, 56, 0x0000000000000000, Not Active, Not Active
2026/09/30 14:23:36.804, 2647, 13365, 177.48, 56, 0x0000000000000000, Not Active, Not Active
2026/09/30 14:23:36.905, 2647, 13365, 177.48, 56, 0x0000000000000000, Not Active, Not Active
2026/09/30 14:23:37.005, 2647, 13365, 177.48, 56, 0x0000000000000000, Not Active, Not Active
2026/09/30 14:23:37.105, 2647, 13365, 169.37, 56, 0x0000000000000000, Not Active, Not Active
2026/09/30 14:23:37.205, 2647, 13365, 169.37, 56, 0x0000000000000000, Not Active, Not Active
2026/09/30 14:23:37.305, 2647, 13365, 169.37, 56, 0x0000000000000000, Not Active, Not Active
2026/09/30 14:23:37.405, 2647, 13365, 169.37, 56, 0x0000000000000000, Not Active, Not Active
2026/09/30 14:23:37.505, 2647, 13365, 169.37, 56, 0x0000000000000000, Not Active, Not Active
2026/09/30 14:23:37.606, 2610, 13365, 131.32, 54, 0x0000000000000000, Not Active, Not Active
2026/09/30 14:23:37.706, 2610, 13365, 131.32, 54, 0x0000000000000000, Not Active, Not Active
2026/09/30 14:23:37.806, 2610, 13365, 131.32, 54, 0x0000000000000000, Not Active, Not Active
2026/09/30 14:23:37.906, 2610, 13365, 131.32, 54, 0x0000000000000000, Not Active, Not Active
2026/09/30 14:23:38.006, 2610, 13365, 131.32, 54, 0x0000000000000000, Not Active, Not Active
2026/09/30 14:23:38.106, 2602, 13365, 134.33, 57, 0x0000000000000000, Not Active, Not Active
2026/09/30 14:23:38.206, 2602, 13365, 134.33, 57, 0x0000000000000000, Not Active, Not Active
2026/09/30 14:23:38.306, 2602, 13365, 134.33, 57, 0x0000000000000000, Not Active, Not Active
2026/09/30 14:23:38.407, 2602, 13365, 134.33, 57, 0x0000000000000000, Not Active, Not Active
2026/09/30 14:23:38.507, 2602, 13365, 134.33, 57, 0x0000000000000000, Not Active, Not Active
2026/09/30 14:23:38.607, 2595, 13365, 198.17, 59, 0x0000000000000000, Not Active, Not Active
2026/09/30 14:23:38.707, 2595, 13365, 198.17, 59, 0x0000000000000000, Not Active, Not Active
2026/09/30 14:23:38.807, 2595, 13365, 198.17, 59, 0x0000000000000000, Not Active, Not Active
2026/09/30 14:23:38.907, 2595, 13365, 198.17, 59, 0x0000000000000000, Not Active, Not Active
2026/09/30 14:23:39.007, 2595, 13365, 198.17, 59, 0x0000000000000000, Not Active, Not Active
2026/09/30 14:23:39.108, 2602, 13365, 194.85, 56, 0x0000000000000000, Not Active, Not Active
2026/09/30 14:23:39.208, 2602, 13365, 194.85, 56, 0x0000000000000000, Not Active, Not Active
2026/09/30 14:23:39.308, 2602, 13365, 194.85, 56, 0x0000000000000000, Not Active, Not Active
2026/09/30 14:23:39.408, 2602, 13365, 194.85, 56, 0x0000000000000000, Not Active, Not Active
2026/09/30 14:23:39.508, 2602, 13365, 194.85, 56, 0x0000000000000000, Not Active, Not Active
2026/09/30 14:23:39.608, 2602, 13365, 188.90, 59, 0x0000000000000000, Not Active, Not Active
2026/09/30 14:23:39.708, 2602, 13365, 188.90, 59, 0x0000000000000000, Not Active, Not Active
2026/09/30 14:23:39.809, 2602, 13365, 188.90, 59, 0x0000000000000000, Not Active, Not Active
2026/09/30 14:23:39.909, 2602, 13365, 188.90, 59, 0x0000000000000000, Not Active, Not Active
2026/09/30 14:23:40.009, 2602, 13365, 188.90, 59, 0x0000000000000000, Not Active, Not Active
2026/09/30 14:23:40.109, 2610, 13365, 153.00, 55, 0x0000000000000000, Not Active, Not Active
2026/09/30 14:23:40.209, 2610, 13365, 153.00, 55, 0x0000000000000000, Not Active, Not Active
2026/09/30 14:23:40.309, 2610, 13365, 153.00, 55, 0x0000000000000000, Not Active, Not Active
2026/09/30 14:23:40.409, 2610, 13365, 153.00, 55, 0x0000000000000000, Not Active, Not Active
2026/09/30 14:23:40.510, 2610, 13365, 153.00, 55, 0x0000000000000000, Not Active, Not Active
2026/09/30 14:23:40.610, 2610, 13365, 108.31, 54, 0x0000000000000000, Not Active, Not Active
2026/09/30 14:23:40.710, 2610, 13365, 108.31, 54, 0x0000000000000000, Not Active, Not Active
2026/09/30 14:23:40.810, 2610, 13365, 108.31, 54, 0x0000000000000000, Not Active, Not Active
2026/09/30 14:23:40.910, 2610, 13365, 108.31, 54, 0x0000000000000000, Not Active, Not Active
2026/09/30 14:23:41.010, 2610, 13365, 108.31, 54, 0x0000000000000000, Not Active, Not Active
2026/09/30 14:23:41.110, 2647, 13365, 169.12, 56, 0x0000000000000000, Not Active, Not Active
2026/09/30 14:23:41.211, 2647, 13365, 169.12, 56, 0x0000000000000000, Not Active, Not Active
2026/09/30 14:23:41.311, 2647, 13365, 169.12, 56, 0x0000000000000000, Not Active, Not Active
2026/09/30 14:23:41.411, 2647, 13365, 169.12, 56, 0x0000000000000000, Not Active, Not Active
2026/09/30 14:23:41.511, 2647, 13365, 169.12, 56, 0x0000000000000000, Not Active, Not Active
2026/09/30 14:23:41.611, 2632, 13365, 261.45, 61, 0x0000000000000000, Not Active, Not Active
2026/09/30 14:23:41.711, 2632, 13365, 261.45, 61, 0x0000000000000000, Not Active, Not Active
2026/09/30 14:23:41.812, 2632, 13365, 261.45, 61, 0x0000000000000000, Not Active, Not Active
2026/09/30 14:23:41.912, 2632, 13365, 261.45, 61, 0x0000000000000000, Not Active, Not Active
2026/09/30 14:23:42.012, 2632, 13365, 261.45, 61, 0x0000000000000000, Not Active, Not Active
2026/09/30 14:23:42.112, 2730, 13365, 255.83, 61, 0x0000000000000000, Not Active, Not Active
2026/09/30 14:23:42.212, 2730, 13365, 255.83, 61, 0x0000000000000000, Not Active, Not Active
2026/09/30 14:23:42.312, 2730, 13365, 255.83, 61, 0x0000000000000000, Not Active, Not Active
2026/09/30 14:23:42.412, 2730, 13365, 255.83, 61, 0x0000000000000000, Not Active, Not Active
2026/09/30 14:23:42.512, 2730, 13365, 255.83, 61, 0x0000000000000000, Not Active, Not Active
2026/09/30 14:23:42.613, 2662, 13365, 246.07, 57, 0x0000000000000000, Not Active, Not Active
2026/09/30 14:23:42.713, 2662, 13365, 246.07, 57, 0x0000000000000000, Not Active, Not Active
2026/09/30 14:23:42.813, 2662, 13365, 246.07, 57, 0x0000000000000000, Not Active, Not Active
2026/09/30 14:23:42.913, 2662, 13365, 246.07, 57, 0x0000000000000000, Not Active, Not Active
2026/09/30 14:23:43.013, 2662, 13365, 246.07, 57, 0x0000000000000000, Not Active, Not Active
2026/09/30 14:23:43.113, 2760, 13365, 227.57, 56, 0x0000000000000000, Not Active, Not Active
2026/09/30 14:23:43.213, 2760, 13365, 227.57, 56, 0x0000000000000000, Not Active, Not Active
2026/09/30 14:23:43.314, 2760, 13365, 227.57, 56, 0x0000000000000000, Not Active, Not Active
2026/09/30 14:23:43.414, 2760, 13365, 227.57, 56, 0x0000000000000000, Not Active, Not Active
2026/09/30 14:23:43.514, 2760, 13365, 227.57, 56, 0x0000000000000000, Not Active, Not Active
2026/09/30 14:23:43.614, 2812, 13365, 141.80, 55, 0x0000000000000000, Not Active, Not Active
2026/09/30 14:23:43.714, 2812, 13365, 141.80, 55, 0x0000000000000000, Not Active, Not Active
2026/09/30 14:23:43.814, 2812, 13365, 141.80, 55, 0x0000000000000000, Not Active, Not Active
2026/09/30 14:23:43.914, 2812, 13365, 141.80, 55, 0x0000000000000000, Not Active, Not Active
2026/09/30 14:23:44.015, 2812, 13365, 141.80, 55, 0x0000000000000000, Not Active, Not Active
2026/09/30 14:23:44.115, 2812, 13365, 97.48, 55, 0x0000000000000000, Not Active, Not Active
2026/09/30 14:23:44.215, 2812, 13365, 97.48, 55, 0x0000000000000000, Not Active, Not Active
2026/09/30 14:23:44.315, 2812, 13365, 97.48, 55, 0x0000000000000000, Not Active, Not Active
2026/09/30 14:23:44.415, 2812, 13365, 97.48, 55, 0x0000000000000000, Not Active, Not Active
2026/09/30 14:23:44.515, 2812, 13365, 97.48, 55, 0x0000000000000000, Not Active, Not Active
2026/09/30 14:23:44.616, 2580, 13365, 130.74, 59, 0x0000000000000000, Not Active, Not Active
2026/09/30 14:23:44.716, 2580, 13365, 130.74, 59, 0x0000000000000000, Not Active, Not Active
2026/09/30 14:23:44.816, 2580, 13365, 130.74, 59, 0x0000000000000000, Not Active, Not Active
2026/09/30 14:23:44.916, 2580, 13365, 130.74, 59, 0x0000000000000000, Not Active, Not Active
2026/09/30 14:23:45.016, 2580, 13365, 130.74, 59, 0x0000000000000000, Not Active, Not Active
2026/09/30 14:23:45.116, 2572, 13365, 237.49, 57, 0x0000000000000000, Not Active, Not Active
2026/09/30 14:23:45.216, 2572, 13365, 237.49, 57, 0x0000000000000000, Not Active, Not Active
2026/09/30 14:23:45.317, 2572, 13365, 237.49, 57, 0x0000000000000000, Not Active, Not Active
2026/09/30 14:23:45.417, 2572, 13365, 237.49, 57, 0x0000000000000000, Not Active, Not Active
2026/09/30 14:23:45.517, 2572, 13365, 237.49, 57, 0x0000000000000000, Not Active, Not Active
2026/09/30 14:23:45.617, 2580, 13365, 340.44, 62, 0x0000000000000000, Not Active, Not Active
2026/09/30 14:23:45.717, 2580, 13365, 340.44, 62, 0x0000000000000000, Not Active, Not Active
2026/09/30 14:23:45.817, 2580, 13365, 340.44, 62, 0x0000000000000000, Not Active, Not Active
2026/09/30 14:23:45.917, 2580, 13365, 340.44, 62, 0x0000000000000000, Not Active, Not Active
2026/09/30 14:23:46.018, 2580, 13365, 340.44, 62, 0x0000000000000000, Not Active, Not Active
2026/09/30 14:23:46.118, 2595, 13365, 322.38, 58, 0x0000000000000000, Not Active, Not Active
2026/09/30 14:23:46.218, 2595, 13365, 322.38, 58, 0x0000000000000000, Not Active, Not Active
2026/09/30 14:23:46.318, 2595, 13365, 322.38, 58, 0x0000000000000000, Not Active, Not Active
2026/09/30 14:23:46.418, 2595, 13365, 322.38, 58, 0x0000000000000000, Not Active, Not Active
2026/09/30 14:23:46.518, 2595, 13365, 322.38, 58, 0x0000000000000000, Not Active, Not Active
2026/09/30 14:23:46.618, 2587, 13365, 344.45, 62, 0x0000000000000000, Not Active, Not Active
2026/09/30 14:23:46.719, 2587, 13365, 344.45, 62, 0x0000000000000000, Not Active, Not Active
2026/09/30 14:23:46.819, 2587, 13365, 344.45, 62, 0x0000000000000000, Not Active, Not Active
2026/09/30 14:23:46.919, 2587, 13365, 344.45, 62, 0x0000000000000000, Not Active, Not Active
2026/09/30 14:23:47.019, 2587, 13365, 344.45, 62, 0x0000000000000000, Not Active, Not Active
2026/09/30 14:23:47.119, 2700, 13365, 338.27, 65, 0x0000000000000004, Active, Not Active
2026/09/30 14:23:47.219, 2700, 13365, 338.27, 65, 0x0000000000000004, Active, Not Active
2026/09/30 14:23:47.320, 2700, 13365, 338.27, 65, 0x0000000000000004, Active, Not Active
2026/09/30 14:23:47.420, 2700, 13365, 338.27, 65, 0x0000000000000004, Active, Not Active
2026/09/30 14:23:47.520, 2700, 13365, 338.27, 65, 0x0000000000000004, Active, Not Active
