timestamp, clocks.current.sm [MHz], clocks.current.memory [MHz], power.draw [W], temperature.gpu, clocks_event_reasons.active, clocks_event_reasons.sw_power_cap, clocks_event_reasons.hw_slowdown
2026/09/30 14:23:50.138, 2610, 14001, 97.44, 55, 0x0000000000000000, Not Active, Not Active
2026/09/30 14:23:50.247, 2610, 14001, 97.44, 55, 0x0000000000000000, Not Active, Not Active
2026/09/30 14:23:50.347, 2610, 14001, 97.44, 55, 0x0000000000000000, Not Active, Not Active
2026/09/30 14:23:50.448, 2610, 14001, 97.44, 55, 0x0000000000000000, Not Active, Not Active
2026/09/30 14:23:50.548, 2610, 14001, 97.44, 55, 0x0000000000000000, Not Active, Not Active
2026/09/30 14:23:50.648, 742, 14001, 70.00, 54, 0x0000000000000000, Not Active, Not Active
2026/09/30 14:23:50.748, 742, 14001, 70.00, 54, 0x0000000000000000, Not Active, Not Active
2026/09/30 14:23:50.848, 742, 14001, 70.00, 54, 0x0000000000000000, Not Active, Not Active
2026/09/30 14:23:50.948, 742, 14001, 70.00, 54, 0x0000000000000000, Not Active, Not Active
2026/09/30 14:23:51.048, 742, 14001, 70.00, 54, 0x0000000000000000, Not Active, Not Active
2026/09/30 14:23:51.148, 592, 14001, 65.41, 54, 0x0000000000000000, Not Active, Not Active
2026/09/30 14:23:51.249, 592, 14001, 65.41, 54, 0x0000000000000000, Not Active, Not Active
2026/09/30 14:23:51.349, 592, 14001, 65.41, 54, 0x0000000000000000, Not Active, Not Active
2026/09/30 14:23:51.449, 592, 14001, 65.41, 54, 0x0000000000000000, Not Active, Not Active
2026/09/30 14:23:51.549, 592, 14001, 65.41, 54, 0x0000000000000000, Not Active, Not Active
2026/09/30 14:23:51.649, 592, 14001, 65.41, 54, 0x0000000000000000, Not Active, Not Active
2026/09/30 14:23:51.749, 592, 14001, 65.41, 54, 0x0000000000000000, Not Active, Not Active
2026/09/30 14:23:51.849, 592, 14001, 65.41, 54, 0x0000000000000000, Not Active, Not Active
2026/09/30 14:23:51.950, 592, 14001, 65.41, 54, 0x0000000000000000, Not Active, Not Active
2026/09/30 14:23:52.050, 592, 14001, 65.41, 54, 0x0000000000000000, Not Active, Not Active
2026/09/30 14:23:52.150, 592, 14001, 53.70, 53, 0x0000000000000000, Not Active, Not Active
2026/09/30 14:23:52.251, 592, 14001, 53.70, 53, 0x0000000000000000, Not Active, Not Active
2026/09/30 14:23:52.351, 592, 14001, 53.70, 53, 0x0000000000000000, Not Active, Not Active
2026/09/30 14:23:52.451, 592, 14001, 53.70, 53, 0x0000000000000000, Not Active, Not Active
2026/09/30 14:23:52.551, 592, 14001, 53.70, 53, 0x0000000000000000, Not Active, Not Active
2026/09/30 14:23:52.651, 375, 14001, 53.70, 53, 0x0000000000000000, Not Active, Not Active
2026/09/30 14:23:52.752, 375, 14001, 53.70, 53, 0x0000000000000000, Not Active, Not Active
2026/09/30 14:23:52.852, 375, 14001, 53.70, 53, 0x0000000000000000, Not Active, Not Active
2026/09/30 14:23:52.952, 375, 14001, 53.70, 53, 0x0000000000000000, Not Active, Not Active
2026/09/30 14:23:53.052, 375, 14001, 53.70, 53, 0x0000000000000000, Not Active, Not Active
2026/09/30 14:23:53.152, 375, 14001, 51.93, 53, 0x0000000000000000, Not Active, Not Active
2026/09/30 14:23:53.252, 375, 14001, 51.93, 53, 0x0000000000000000, Not Active, Not Active
2026/09/30 14:23:53.352, 375, 14001, 51.93, 53, 0x0000000000000000, Not Active, Not Active
2026/09/30 14:23:53.452, 375, 14001, 51.93, 53, 0x0000000000000000, Not Active, Not Active
2026/09/30 14:23:53.552, 375, 14001, 51.93, 53, 0x0000000000000000, Not Active, Not Active
2026/09/30 14:23:53.653, 240, 14001, 51.93, 53, 0x0000000000000000, Not Active, Not Active
2026/09/30 14:23:53.753, 240, 14001, 51.93, 53, 0x0000000000000000, Not Active, Not Active
2026/09/30 14:23:53.853, 240, 14001, 51.93, 53, 0x0000000000000000, Not Active, Not Active
2026/09/30 14:23:53.953, 240, 14001, 51.93, 53, 0x0000000000000000, Not Active, Not Active
2026/09/30 14:23:54.053, 240, 14001, 51.93, 53, 0x0000000000000000, Not Active, Not Active
2026/09/30 14:23:54.153, 240, 14001, 42.62, 53, 0x0000000000000000, Not Active, Not Active
2026/09/30 14:23:54.253, 240, 14001, 42.62, 53, 0x0000000000000000, Not Active, Not Active
2026/09/30 14:23:54.353, 240, 14001, 42.62, 53, 0x0000000000000000, Not Active, Not Active
2026/09/30 14:23:54.453, 240, 14001, 42.62, 53, 0x0000000000000000, Not Active, Not Active
2026/09/30 14:23:54.554, 240, 14001, 42.62, 53, 0x0000000000000000, Not Active, Not Active
2026/09/30 14:23:54.654, 180, 7001, 42.62, 53, 0x0000000000000000, Not Active, Not Active
2026/09/30 14:23:54.754, 180, 7001, 42.62, 53, 0x0000000000000000, Not Active, Not Active
2026/09/30 14:23:54.854, 180, 7001, 42.62, 53, 0x0000000000000000, Not Active, Not Active
2026/09/30 14:23:54.954, 180, 7001, 42.62, 53, 0x0000000000000000, Not Active, Not Active
2026/09/30 14:23:55.054, 180, 7001, 42.62, 53, 0x0000000000000000, Not Active, Not Active
2026/09/30 14:23:55.154, 180, 7001, 38.23, 53, 0x0000000000000000, Not Active, Not Active
2026/09/30 14:23:55.254, 180, 7001, 38.23, 53, 0x0000000000000000, Not Active, Not Active
2026/09/30 14:23:55.354, 180, 7001, 38.23, 53, 0x0000000000000000, Not Active, Not Active
2026/09/30 14:23:55.454, 180, 7001, 38.23, 53, 0x0000000000000000, Not Active, Not Active
2026/09/30 14:23:55.555, 180, 7001, 38.23, 53, 0x0000000000000000, Not Active, Not Active
2026/09/30 14:23:55.655, 180, 810, 38.23, 53, 0x0000000000000000, Not Active, Not Active
2026/09/30 14:23:55.755, 180, 810, 38.23, 53, 0x0000000000000000, Not Active, Not Active
2026/09/30 14:23:55.855, 180, 810, 38.23, 53, 0x0000000000000000, Not Active, Not Active
2026/09/30 14:23:55.956, 180, 810, 38.23, 53, 0x0000000000000000, Not Active, Not Active
2026/09/30 14:23:56.056, 180, 810, 38.23, 53, 0x0000000000000000, Not Active, Not Active
2026/09/30 14:23:56.156, 180, 810, 16.78, 52, 0x0000000000000000, Not Active, Not Active
2026/09/30 14:23:56.256, 180, 810, 16.78, 52, 0x0000000000000000, Not Active, Not Active
2026/09/30 14:23:56.356, 180, 810, 16.78, 52, 0x0000000000000000, Not Active, Not Active
2026/09/30 14:23:56.457, 180, 810, 16.78, 52, 0x0000000000000000, Not Active, Not Active
2026/09/30 14:23:56.557, 180, 810, 16.78, 52, 0x0000000000000000, Not Active, Not Active
2026/09/30 14:23:56.657, 180, 810, 16.78, 52, 0x0000000000000000, Not Active, Not Active
2026/09/30 14:23:56.757, 180, 810, 16.78, 52, 0x0000000000000000, Not Active, Not Active
2026/09/30 14:23:56.857, 180, 810, 16.78, 52, 0x0000000000000000, Not Active, Not Active
2026/09/30 14:23:56.957, 180, 810, 16.78, 52, 0x0000000000000000, Not Active, Not Active
2026/09/30 14:23:57.057, 180, 810, 16.78, 52, 0x0000000000000000, Not Active, Not Active
2026/09/30 14:23:57.157, 180, 810, 16.36, 52, 0x0000000000000000, Not Active, Not Active
2026/09/30 14:23:57.257, 180, 810, 16.36, 52, 0x0000000000000000, Not Active, Not Active
2026/09/30 14:23:57.358, 180, 810, 16.36, 52, 0x0000000000000000, Not Active, Not Active
2026/09/30 14:23:57.458, 180, 810, 16.36, 52, 0x0000000000000000, Not Active, Not Active
2026/09/30 14:23:57.558, 180, 810, 16.36, 52, 0x0000000000000000, Not Active, Not Active
2026/09/30 14:23:57.658, 180, 405, 16.36, 52, 0x0000000000000000, Not Active, Not Active
2026/09/30 14:23:57.758, 180, 405, 16.36, 52, 0x0000000000000000, Not Active, Not Active
2026/09/30 14:23:57.858, 180, 405, 16.36, 52, 0x0000000000000000, Not Active, Not Active
2026/09/30 14:23:57.958, 180, 405, 16.36, 52, 0x0000000000000000, Not Active, Not Active
2026/09/30 14:23:58.058, 180, 405, 16.36, 52, 0x0000000000000000, Not Active, Not Active
2026/09/30 14:23:58.158, 180, 405, 15.51, 52, 0x0000000000000000, Not Active, Not Active
2026/09/30 14:23:58.259, 180, 405, 15.51, 52, 0x0000000000000000, Not Active, Not Active
2026/09/30 14:23:58.359, 180, 405, 15.51, 52, 0x0000000000000000, Not Active, Not Active
2026/09/30 14:23:58.459, 180, 405, 15.51, 52, 0x0000000000000000, Not Active, Not Active
2026/09/30 14:23:58.559, 180, 405, 15.51, 52, 0x0000000000000000, Not Active, Not Active
2026/09/30 14:23:58.659, 180, 405, 15.51, 52, 0x0000000000000000, Not Active, Not Active
2026/09/30 14:23:58.759, 180, 405, 15.51, 52, 0x0000000000000000, Not Active, Not Active
2026/09/30 14:23:58.859, 180, 405, 15.51, 52, 0x0000000000000000, Not Active, Not Active
2026/09/30 14:23:58.959, 180, 405, 15.51, 52, 0x0000000000000000, Not Active, Not Active
2026/09/30 14:23:59.059, 180, 405, 15.51, 52, 0x0000000000000000, Not Active, Not Active
2026/09/30 14:23:59.160, 180, 405, 14.65, 52, 0x0000000000000000, Not Active, Not Active
2026/09/30 14:23:59.260, 180, 405, 14.65, 52, 0x0000000000000000, Not Active, Not Active
2026/09/30 14:23:59.360, 180, 405, 14.65, 52, 0x0000000000000000, Not Active, Not Active
2026/09/30 14:23:59.460, 180, 405, 14.65, 52, 0x0000000000000000, Not Active, Not Active
2026/09/30 14:23:59.560, 180, 405, 14.65, 52, 0x0000000000000000, Not Active, Not Active
2026/09/30 14:23:59.660, 180, 405, 14.65, 52, 0x0000000000000000, Not Active, Not Active
2026/09/30 14:23:59.760, 180, 405, 14.65, 52, 0x0000000000000000, Not Active, Not Active
2026/09/30 14:23:59.860, 180, 405, 14.65, 52, 0x0000000000000000, Not Active, Not Active
2026/09/30 14:23:59.960, 180, 405, 14.65, 52, 0x0000000000000000, Not Active, Not Active
2026/09/30 14:24:00.060, 180, 405, 14.65, 52, 0x0000000000000000, Not Active, Not Active
2026/09/30 14:24:00.161, 180, 405, 14.86, 52, 0x0000000000000000, Not Active, Not Active
2026/09/30 14:24:00.261, 180, 405, 14.86, 52, 0x0000000000000000, Not Active, Not Active
2026/09/30 14:24:00.361, 180, 405, 14.86, 52, 0x0000000000000000, Not Active, Not Active
2026/09/30 14:24:00.461, 180, 405, 14.86, 52, 0x0000000000000000, Not Active, Not Active
2026/09/30 14:24:00.561, 180, 405, 14.86, 52, 0x0000000000000000, Not Active, Not Active
2026/09/30 14:24:00.661, 2737, 13365, 38.79, 53, 0x0000000000000000, Not Active, Not Active
2026/09/30 14:24:00.761, 2737, 13365, 38.79, 53, 0x0000000000000000, Not Active, Not Active
2026/09/30 14:24:00.861, 2737, 13365, 38.79, 53, 0x0000000000000000, Not Active, Not Active
2026/09/30 14:24:00.962, 2737, 13365, 38.79, 53, 0x0000000000000000, Not Active, Not Active
2026/09/30 14:24:01.062, 2737, 13365, 38.79, 53, 0x0000000000000000, Not Active, Not Active
2026/09/30 14:24:01.162, 2610, 13365, 50.24, 53, 0x0000000000000000, Not Active, Not Active
2026/09/30 14:24:01.262, 2610, 13365, 50.24, 53, 0x0000000000000000, Not Active, Not Active
2026/09/30 14:24:01.362, 2610, 13365, 50.24, 53, 0x0000000000000000, Not Active, Not Active
2026/09/30 14:24:01.462, 2610, 13365, 50.24, 53, 0x0000000000000000, Not Active, Not Active
2026/09/30 14:24:01.562, 2610, 13365, 50.24, 53, 0x0000000000000000, Not Active, Not Active
2026/09/30 14:24:01.662, 2655, 13365, 101.08, 54, 0x0000000000000000, Not Active, Not Active
2026/09/30 14:24:01.763, 2655, 13365, 101.08, 54, 0x0000000000000000, Not Active, Not Active
2026/09/30 14:24:01.863, 2655, 13365, 101.08, 54, 0x0000000000000000, Not Active, Not Active
2026/09/30 14:24:01.963, 2655, 13365, 101.08, 54, 0x0000000000000000, Not Active, Not Active
2026/09/30 14:24:02.063, 2655, 13365, 101.08, 54, 0x0000000000000000, Not Active, Not Active
2026/09/30 14:24:02.163, 2677, 13365, 116.43, 53, 0x0000000000000000, Not Active, Not Active
2026/09/30 14:24:02.263, 2677, 13365, 116.43, 53, 0x0000000000000000, Not Active, Not Active
2026/09/30 14:24:02.364, 2677, 13365, 116.43, 53, 0x0000000000000000, Not Active, Not Active
2026/09/30 14:24:02.464, 2677, 13365, 116.43, 53, 0x0000000000000000, Not Active, Not Active
2026/09/30 14:24:02.564, 2677, 13365, 116.43, 53, 0x0000000000000000, Not Active, Not Active
2026/09/30 14:24:02.664, 2685, 13365, 126.84, 54, 0x0000000000000000, Not Active, Not Active
2026/09/30 14:24:02.764, 2685, 13365, 126.84, 54, 0x0000000000000000, Not Active, Not Active
2026/09/30 14:24:02.864, 2685, 13365, 126.84, 54, 0x0000000000000000, Not Active, Not Active
2026/09/30 14:24:02.964, 2685, 13365, 126.84, 54, 0x0000000000000000, Not Active, Not Active
2026/09/30 14:24:03.065, 2685, 13365, 126.84, 54, 0x0000000000000000, Not Active, Not Active
2026/09/30 14:24:03.165, 2685, 13365, 132.27, 54, 0x0000000000000000, Not Active, Not Active
2026/09/30 14:24:03.265, 2685, 13365, 132.27, 54, 0x0000000000000000, Not Active, Not Active
2026/09/30 14:24:03.365, 2685, 13365, 132.27, 54, 0x0000000000000000, Not Active, Not Active
2026/09/30 14:24:03.465, 2685, 13365, 132.27, 54, 0x0000000000000000, Not Active, Not Active
2026/09/30 14:24:03.565, 2685, 13365, 132.27, 54, 0x0000000000000000, Not Active, Not Active
2026/09/30 14:24:03.665, 2685, 13365, 132.63, 55, 0x0000000000000000, Not Active, Not Active
2026/09/30 14:24:03.766, 2685, 13365, 132.63, 55, 0x0000000000000000, Not Active, Not Active
2026/09/30 14:24:03.866, 2685, 13365, 132.63, 55, 0x0000000000000000, Not Active, Not Active
2026/09/30 14:24:03.966, 2685, 13365, 132.63, 55, 0x0000000000000000, Not Active, Not Active
2026/09/30 14:24:04.066, 2685, 13365, 132.63, 55, 0x0000000000000000, Not Active, Not Active
2026/09/30 14:24:04.166, 2692, 13365, 133.52, 55, 0x0000000000000000, Not Active, Not Active
2026/09/30 14:24:04.266, 2692, 13365, 133.52, 55, 0x0000000000000000, Not Active, Not Active
2026/09/30 14:24:04.366, 2692, 13365, 133.52, 55, 0x0000000000000000, Not Active, Not Active
2026/09/30 14:24:04.466, 2692, 13365, 133.52, 55, 0x0000000000000000, Not Active, Not Active
2026/09/30 14:24:04.567, 2692, 13365, 133.52, 55, 0x0000000000000000, Not Active, Not Active
2026/09/30 14:24:04.667, 2692, 13365, 132.05, 54, 0x0000000000000000, Not Active, Not Active
2026/09/30 14:24:04.767, 2692, 13365, 132.05, 54, 0x0000000000000000, Not Active, Not Active
2026/09/30 14:24:04.867, 2692, 13365, 132.05, 54, 0x0000000000000000, Not Active, Not Active
2026/09/30 14:24:04.967, 2692, 13365, 132.05, 54, 0x0000000000000000, Not Active, Not Active
2026/09/30 14:24:05.067, 2692, 13365, 132.05, 54, 0x0000000000000000, Not Active, Not Active
2026/09/30 14:24:05.167, 2692, 13365, 131.93, 54, 0x0000000000000000, Not Active, Not Active
2026/09/30 14:24:05.268, 2692, 13365, 131.93, 54, 0x0000000000000000, Not Active, Not Active
2026/09/30 14:24:05.368, 2692, 13365, 131.93, 54, 0x0000000000000000, Not Active, Not Active
2026/09/30 14:24:05.468, 2692, 13365, 131.93, 54, 0x0000000000000000, Not Active, Not Active
2026/09/30 14:24:05.568, 2692, 13365, 131.93, 54, 0x0000000000000000, Not Active, Not Active
2026/09/30 14:24:05.668, 2662, 13365, 131.06, 54, 0x0000000000000000, Not Active, Not Active
2026/09/30 14:24:05.768, 2662, 13365, 131.06, 54, 0x0000000000000000, Not Active, Not Active
2026/09/30 14:24:05.869, 2662, 13365, 131.06, 54, 0x0000000000000000, Not Active, Not Active
2026/09/30 14:24:05.969, 2662, 13365, 131.06, 54, 0x0000000000000000, Not Active, Not Active
2026/09/30 14:24:06.069, 2662, 13365, 131.06, 54, 0x0000000000000000, Not Active, Not Active
2026/09/30 14:24:06.170, 2655, 13365, 126.38, 54, 0x0000000000000000, Not Active, Not Active
2026/09/30 14:24:06.270, 2655, 13365, 126.38, 54, 0x0000000000000000, Not Active, Not Active
2026/09/30 14:24:06.370, 2655, 13365, 126.38, 54, 0x0000000000000000, Not Active, Not Active
2026/09/30 14:24:06.470, 2655, 13365, 126.38, 54, 0x0000000000000000, Not Active, Not Active
2026/09/30 14:24:06.570, 2655, 13365, 126.38, 54, 0x0000000000000000, Not Active, Not Active
2026/09/30 14:24:06.671, 2662, 13365, 125.35, 54, 0x0000000000000000, Not Active, Not Active
2026/09/30 14:24:06.771, 2662, 13365, 125.35, 54, 0x0000000000000000, Not Active, Not Active
2026/09/30 14:24:06.871, 2662, 13365, 125.35, 54, 0x0000000000000000, Not Active, Not Active
2026/09/30 14:24:06.971, 2662, 13365, 125.35, 54, 0x0000000000000000, Not Active, Not Active
2026/09/30 14:24:07.071, 2662, 13365, 125.35, 54, 0x0000000000000000, Not Active, Not Active
2026/09/30 14:24:07.171, 2677, 13365, 126.71, 54, 0x0000000000000000, Not Active, Not Active
2026/09/30 14:24:07.271, 2677, 13365, 126.71, 54, 0x0000000000000000, Not Active, Not Active
2026/09/30 14:24:07.371, 2677, 13365, 126.71, 54, 0x0000000000000000, Not Active, Not Active
2026/09/30 14:24:07.472, 2677, 13365, 126.71, 54, 0x0000000000000000, Not Active, Not Active
2026/09/30 14:24:07.572, 2677, 13365, 126.71, 54, 0x0000000000000000, Not Active, Not Active
2026/09/30 14:24:07.672, 2685, 13365, 130.48, 54, 0x0000000000000000, Not Active, Not Active
2026/09/30 14:24:07.772, 2685, 13365, 130.48, 54, 0x0000000000000000, Not Active, Not Active
2026/09/30 14:24:07.872, 2685, 13365, 130.48, 54, 0x0000000000000000, Not Active, Not Active
2026/09/30 14:24:07.972, 2685, 13365, 130.48, 54, 0x0000000000000000, Not Active, Not Active
2026/09/30 14:24:08.072, 2685, 13365, 130.48, 54, 0x0000000000000000, Not Active, Not Active
2026/09/30 14:24:08.173, 2685, 13365, 126.64, 54, 0x0000000000000000, Not Active, Not Active
2026/09/30 14:24:08.273, 2685, 13365, 126.64, 54, 0x0000000000000000, Not Active, Not Active
2026/09/30 14:24:08.374, 2685, 13365, 126.64, 54, 0x0000000000000000, Not Active, Not Active
2026/09/30 14:24:08.474, 2685, 13365, 126.64, 54, 0x0000000000000000, Not Active, Not Active
2026/09/30 14:24:08.574, 2685, 13365, 126.64, 54, 0x0000000000000000, Not Active, Not Active
2026/09/30 14:24:08.675, 2685, 13365, 126.65, 54, 0x0000000000000000, Not Active, Not Active
2026/09/30 14:24:08.775, 2685, 13365, 126.65, 54, 0x0000000000000000, Not Active, Not Active
2026/09/30 14:24:08.875, 2685, 13365, 126.65, 54, 0x0000000000000000, Not Active, Not Active
2026/09/30 14:24:08.975, 2685, 13365, 126.65, 54, 0x0000000000000000, Not Active, Not Active
2026/09/30 14:24:09.076, 2685, 13365, 126.65, 54, 0x0000000000000000, Not Active, Not Active
2026/09/30 14:24:09.176, 2677, 13365, 127.10, 54, 0x0000000000000000, Not Active, Not Active
2026/09/30 14:24:09.276, 2677, 13365, 127.10, 54, 0x0000000000000000, Not Active, Not Active
2026/09/30 14:24:09.377, 2677, 13365, 127.10, 54, 0x0000000000000000, Not Active, Not Active
2026/09/30 14:24:09.477, 2677, 13365, 127.10, 54, 0x0000000000000000, Not Active, Not Active
2026/09/30 14:24:09.577, 2677, 13365, 127.10, 54, 0x0000000000000000, Not Active, Not Active
2026/09/30 14:24:09.677, 2655, 13365, 127.58, 54, 0x0000000000000000, Not Active, Not Active
2026/09/30 14:24:09.777, 2655, 13365, 127.58, 54, 0x0000000000000000, Not Active, Not Active
2026/09/30 14:24:09.877, 2655, 13365, 127.58, 54, 0x0000000000000000, Not Active, Not Active
2026/09/30 14:24:09.977, 2655, 13365, 127.58, 54, 0x0000000000000000, Not Active, Not Active
2026/09/30 14:24:10.078, 2655, 13365, 127.58, 54, 0x0000000000000000, Not Active, Not Active
2026/09/30 14:24:10.178, 2662, 13365, 131.30, 55, 0x0000000000000000, Not Active, Not Active
2026/09/30 14:24:10.278, 2662, 13365, 131.30, 55, 0x0000000000000000, Not Active, Not Active
2026/09/30 14:24:10.378, 2662, 13365, 131.30, 55, 0x0000000000000000, Not Active, Not Active
2026/09/30 14:24:10.478, 2662, 13365, 131.30, 55, 0x0000000000000000, Not Active, Not Active
2026/09/30 14:24:10.578, 2662, 13365, 131.30, 55, 0x0000000000000000, Not Active, Not Active
2026/09/30 14:24:10.679, 2662, 13365, 132.62, 54, 0x0000000000000000, Not Active, Not Active
2026/09/30 14:24:10.779, 2662, 13365, 132.62, 54, 0x0000000000000000, Not Active, Not Active
2026/09/30 14:24:10.879, 2662, 13365, 132.62, 54, 0x0000000000000000, Not Active, Not Active
2026/09/30 14:24:10.979, 2662, 13365, 132.62, 54, 0x0000000000000000, Not Active, Not Active
2026/09/30 14:24:11.079, 2662, 13365, 132.62, 54, 0x0000000000000000, Not Active, Not Active
2026/09/30 14:24:11.179, 2662, 13365, 131.86, 54, 0x0000000000000000, Not Active, Not Active
2026/09/30 14:24:11.280, 2662, 13365, 131.86, 54, 0x0000000000000000, Not Active, Not Active
2026/09/30 14:24:11.380, 2662, 13365, 131.86, 54, 0x0000000000000000, Not Active, Not Active
2026/09/30 14:24:11.481, 2662, 13365, 131.86, 54, 0x0000000000000000, Not Active, Not Active
2026/09/30 14:24:11.582, 2677, 13365, 134.24, 54, 0x0000000000000000, Not Active, Not Active
2026/09/30 14:24:11.682, 2677, 13365, 134.24, 54, 0x0000000000000000, Not Active, Not Active
2026/09/30 14:24:11.783, 2677, 13365, 134.24, 54, 0x0000000000000000, Not Active, Not Active
2026/09/30 14:24:11.883, 2677, 13365, 134.24, 54, 0x0000000000000000, Not Active, Not Active
2026/09/30 14:24:11.983, 2677, 13365, 134.24, 54, 0x0000000000000000, Not Active, Not Active
2026/09/30 14:24:12.084, 2677, 13365, 136.20, 54, 0x0000000000000000, Not Active, Not Active
2026/09/30 14:24:12.184, 2677, 13365, 136.20, 54, 0x0000000000000000, Not Active, Not Active
2026/09/30 14:24:12.285, 2677, 13365, 136.20, 54, 0x0000000000000000, Not Active, Not Active
2026/09/30 14:24:12.385, 2677, 13365, 136.20, 54, 0x0000000000000000, Not Active, Not Active
2026/09/30 14:24:12.485, 2677, 13365, 136.20, 54, 0x0000000000000000, Not Active, Not Active
2026/09/30 14:24:12.585, 2677, 13365, 141.64, 54, 0x0000000000000000, Not Active, Not Active
2026/09/30 14:24:12.685, 2677, 13365, 141.64, 54, 0x0000000000000000, Not Active, Not Active
2026/09/30 14:24:12.785, 2677, 13365, 141.64, 54, 0x0000000000000000, Not Active, Not Active
2026/09/30 14:24:12.885, 2677, 13365, 141.64, 54, 0x0000000000000000, Not Active, Not Active
2026/09/30 14:24:12.986, 2677, 13365, 141.64, 54, 0x0000000000000000, Not Active, Not Active
2026/09/30 14:24:13.086, 2685, 13365, 135.26, 55, 0x0000000000000000, Not Active, Not Active
2026/09/30 14:24:13.186, 2685, 13365, 135.26, 55, 0x0000000000000000, Not Active, Not Active
2026/09/30 14:24:13.286, 2685, 13365, 135.26, 55, 0x0000000000000000, Not Active, Not Active
2026/09/30 14:24:13.386, 2685, 13365, 135.26, 55, 0x0000000000000000, Not Active, Not Active
2026/09/30 14:24:13.486, 2685, 13365, 135.26, 55, 0x0000000000000000, Not Active, Not Active
2026/09/30 14:24:13.586, 2677, 13365, 133.30, 55, 0x0000000000000000, Not Active, Not Active
2026/09/30 14:24:13.686, 2677, 13365, 133.30, 55, 0x0000000000000000, Not Active, Not Active
2026/09/30 14:24:13.786, 2677, 13365, 133.30, 55, 0x0000000000000000, Not Active, Not Active
2026/09/30 14:24:13.887, 2677, 13365, 133.30, 55, 0x0000000000000000, Not Active, Not Active
2026/09/30 14:24:13.987, 2677, 13365, 133.30, 55, 0x0000000000000000, Not Active, Not Active
2026/09/30 14:24:14.087, 2662, 13365, 130.43, 54, 0x0000000000000000, Not Active, Not Active
2026/09/30 14:24:14.187, 2662, 13365, 130.43, 54, 0x0000000000000000, Not Active, Not Active
2026/09/30 14:24:14.287, 2662, 13365, 130.43, 54, 0x0000000000000000, Not Active, Not Active
2026/09/30 14:24:14.387, 2662, 13365, 130.43, 54, 0x0000000000000000, Not Active, Not Active
2026/09/30 14:24:14.487, 2662, 13365, 130.43, 54, 0x0000000000000000, Not Active, Not Active
2026/09/30 14:24:14.587, 2662, 13365, 129.74, 55, 0x0000000000000000, Not Active, Not Active
2026/09/30 14:24:14.688, 2662, 13365, 129.74, 55, 0x0000000000000000, Not Active, Not Active
2026/09/30 14:24:14.788, 2662, 13365, 129.74, 55, 0x0000000000000000, Not Active, Not Active
2026/09/30 14:24:14.888, 2662, 13365, 129.74, 55, 0x0000000000000000, Not Active, Not Active
2026/09/30 14:24:14.988, 2662, 13365, 129.74, 55, 0x0000000000000000, Not Active, Not Active
2026/09/30 14:24:15.089, 2670, 13365, 135.90, 54, 0x0000000000000000, Not Active, Not Active
2026/09/30 14:24:15.189, 2670, 13365, 135.90, 54, 0x0000000000000000, Not Active, Not Active
2026/09/30 14:24:15.290, 2670, 13365, 135.90, 54, 0x0000000000000000, Not Active, Not Active
2026/09/30 14:24:15.390, 2670, 13365, 135.90, 54, 0x0000000000000000, Not Active, Not Active
2026/09/30 14:24:15.491, 2670, 13365, 135.90, 54, 0x0000000000000000, Not Active, Not Active
2026/09/30 14:24:15.591, 2685, 13365, 144.32, 54, 0x0000000000000000, Not Active, Not Active
2026/09/30 14:24:15.692, 2685, 13365, 144.32, 54, 0x0000000000000000, Not Active, Not Active
2026/09/30 14:24:15.792, 2685, 13365, 144.32, 54, 0x0000000000000000, Not Active, Not Active
2026/09/30 14:24:15.892, 2685, 13365, 144.32, 54, 0x0000000000000000, Not Active, Not Active
2026/09/30 14:24:15.992, 2685, 13365, 144.32, 54, 0x0000000000000000, Not Active, Not Active
2026/09/30 14:24:16.092, 2640, 13365, 143.66, 55, 0x0000000000000000, Not Active, Not Active
2026/09/30 14:24:16.192, 2640, 13365, 143.66, 55, 0x0000000000000000, Not Active, Not Active
2026/09/30 14:24:16.292, 2640, 13365, 143.66, 55, 0x0000000000000000, Not Active, Not Active
2026/09/30 14:24:16.393, 2640, 13365, 143.66, 55, 0x0000000000000000, Not Active, Not Active
2026/09/30 14:24:16.493, 2640, 13365, 143.66, 55, 0x0000000000000000, Not Active, Not Active
2026/09/30 14:24:16.593, 2647, 13365, 146.28, 55, 0x0000000000000000, Not Active, Not Active
2026/09/30 14:24:16.694, 2647, 13365, 146.28, 55, 0x0000000000000000, Not Active, Not Active
2026/09/30 14:24:16.795, 2647, 13365, 146.28, 55, 0x0000000000000000, Not Active, Not Active
2026/09/30 14:24:16.895, 2647, 13365, 146.28, 55, 0x0000000000000000, Not Active, Not Active
2026/09/30 14:24:16.995, 2647, 13365, 146.28, 55, 0x0000000000000000, Not Active, Not Active
2026/09/30 14:24:17.095, 2647, 13365, 155.93, 55, 0x0000000000000000, Not Active, Not Active
2026/09/30 14:24:17.195, 2647, 13365, 155.93, 55, 0x0000000000000000, Not Active, Not Active
2026/09/30 14:24:17.296, 2647, 13365, 155.93, 55, 0x0000000000000000, Not Active, Not Active
2026/09/30 14:24:17.396, 2647, 13365, 155.93, 55, 0x0000000000000000, Not Active, Not Active
2026/09/30 14:24:17.497, 2647, 13365, 155.93, 55, 0x0000000000000000, Not Active, Not Active
2026/09/30 14:24:17.597, 2640, 13365, 160.84, 56, 0x0000000000000000, Not Active, Not Active
2026/09/30 14:24:17.697, 2640, 13365, 160.84, 56, 0x0000000000000000, Not Active, Not Active
2026/09/30 14:24:17.798, 2640, 13365, 160.84, 56, 0x0000000000000000, Not Active, Not Active
2026/09/30 14:24:17.898, 2640, 13365, 160.84, 56, 0x0000000000000000, Not Active, Not Active
2026/09/30 14:24:17.998, 2640, 13365, 160.84, 56, 0x0000000000000000, Not Active, Not Active
2026/09/30 14:24:18.098, 2617, 13365, 146.04, 55, 0x0000000000000000, Not Active, Not Active
2026/09/30 14:24:18.198, 2617, 13365, 146.04, 55, 0x0000000000000000, Not Active, Not Active
2026/09/30 14:24:18.298, 2617, 13365, 146.04, 55, 0x0000000000000000, Not Active, Not Active
2026/09/30 14:24:18.398, 2617, 13365, 146.04, 55, 0x0000000000000000, Not Active, Not Active
2026/09/30 14:24:18.498, 2617, 13365, 146.04, 55, 0x0000000000000000, Not Active, Not Active
2026/09/30 14:24:18.599, 2640, 13365, 152.22, 57, 0x0000000000000000, Not Active, Not Active
2026/09/30 14:24:18.699, 2640, 13365, 152.22, 57, 0x0000000000000000, Not Active, Not Active
2026/09/30 14:24:18.799, 2640, 13365, 152.22, 57, 0x0000000000000000, Not Active, Not Active
2026/09/30 14:24:18.899, 2640, 13365, 152.22, 57, 0x0000000000000000, Not Active, Not Active
2026/09/30 14:24:18.999, 2640, 13365, 152.22, 57, 0x0000000000000000, Not Active, Not Active
2026/09/30 14:24:19.099, 2632, 13365, 169.82, 56, 0x0000000000000000, Not Active, Not Active
2026/09/30 14:24:19.199, 2632, 13365, 169.82, 56, 0x0000000000000000, Not Active, Not Active
2026/09/30 14:24:19.300, 2632, 13365, 169.82, 56, 0x0000000000000000, Not Active, Not Active
2026/09/30 14:24:19.400, 2632, 13365, 169.82, 56, 0x0000000000000000, Not Active, Not Active
2026/09/30 14:24:19.500, 2632, 13365, 169.82, 56, 0x0000000000000000, Not Active, Not Active
2026/09/30 14:24:19.601, 2632, 13365, 169.57, 54, 0x0000000000000000, Not Active, Not Active
2026/09/30 14:24:19.701, 2632, 13365, 169.57, 54, 0x0000000000000000, Not Active, Not Active
2026/09/30 14:24:19.801, 2632, 13365, 169.57, 54, 0x0000000000000000, Not Active, Not Active
2026/09/30 14:24:19.901, 2632, 13365, 169.57, 54, 0x0000000000000000, Not Active, Not Active
2026/09/30 14:24:20.001, 2632, 13365, 169.57, 54, 0x0000000000000000, Not Active, Not Active
2026/09/30 14:24:20.102, 2610, 13365, 144.80, 54, 0x0000000000000000, Not Active, Not Active
2026/09/30 14:24:20.202, 2610, 13365, 144.80, 54, 0x0000000000000000, Not Active, Not Active
2026/09/30 14:24:20.302, 2610, 13365, 144.80, 54, 0x0000000000000000, Not Active, Not Active
2026/09/30 14:24:20.402, 2610, 13365, 144.80, 54, 0x0000000000000000, Not Active, Not Active
2026/09/30 14:24:20.502, 2610, 13365, 144.80, 54, 0x0000000000000000, Not Active, Not Active
2026/09/30 14:24:20.602, 2602, 13365, 147.86, 56, 0x0000000000000000, Not Active, Not Active
2026/09/30 14:24:20.702, 2602, 13365, 147.86, 56, 0x0000000000000000, Not Active, Not Active
2026/09/30 14:24:20.803, 2602, 13365, 147.86, 56, 0x0000000000000000, Not Active, Not Active
2026/09/30 14:24:20.903, 2602, 13365, 147.86, 56, 0x0000000000000000, Not Active, Not Active
2026/09/30 14:24:21.003, 2602, 13365, 147.86, 56, 0x0000000000000000, Not Active, Not Active
2026/09/30 14:24:21.103, 2587, 13365, 187.86, 57, 0x0000000000000000, Not Active, Not Active
2026/09/30 14:24:21.203, 2587, 13365, 187.86, 57, 0x0000000000000000, Not Active, Not Active
2026/09/30 14:24:21.303, 2587, 13365, 187.86, 57, 0x0000000000000000, Not Active, Not Active
2026/09/30 14:24:21.403, 2587, 13365, 187.86, 57, 0x0000000000000000, Not Active, Not Active
2026/09/30 14:24:21.504, 2587, 13365, 187.86, 57, 0x0000000000000000, Not Active, Not Active
2026/09/30 14:24:21.604, 2602, 13365, 204.73, 56, 0x0000000000000000, Not Active, Not Active
2026/09/30 14:24:21.704, 2602, 13365, 204.73, 56, 0x0000000000000000, Not Active, Not Active
2026/09/30 14:24:21.804, 2602, 13365, 204.73, 56, 0x0000000000000000, Not Active, Not Active
2026/09/30 14:24:21.904, 2602, 13365, 204.73, 56, 0x0000000000000000, Not Active, Not Active
2026/09/30 14:24:22.004, 2602, 13365, 204.73, 56, 0x0000000000000000, Not Active, Not Active
2026/09/30 14:24:22.104, 2602, 13365, 205.89, 55, 0x0000000000000000, Not Active, Not Active
2026/09/30 14:24:22.204, 2602, 13365, 205.89, 55, 0x0000000000000000, Not Active, Not Active
2026/09/30 14:24:22.305, 2602, 13365, 205.89, 55, 0x0000000000000000, Not Active, Not Active
2026/09/30 14:24:22.405, 2602, 13365, 205.89, 55, 0x0000000000000000, Not Active, Not Active
2026/09/30 14:24:22.505, 2602, 13365, 205.89, 55, 0x0000000000000000, Not Active, Not Active
2026/09/30 14:24:22.605, 2722, 13365, 181.96, 55, 0x0000000000000000, Not Active, Not Active
2026/09/30 14:24:22.705, 2722, 13365, 181.96, 55, 0x0000000000000000, Not Active, Not Active
2026/09/30 14:24:22.805, 2722, 13365, 181.96, 55, 0x0000000000000000, Not Active, Not Active
2026/09/30 14:24:22.905, 2722, 13365, 181.96, 55, 0x0000000000000000, Not Active, Not Active
2026/09/30 14:24:23.006, 2722, 13365, 181.96, 55, 0x0000000000000000, Not Active, Not Active
2026/09/30 14:24:23.106, 2692, 13365, 138.68, 55, 0x0000000000000000, Not Active, Not Active
2026/09/30 14:24:23.207, 2692, 13365, 138.68, 55, 0x0000000000000000, Not Active, Not Active
2026/09/30 14:24:23.307, 2692, 13365, 138.68, 55, 0x0000000000000000, Not Active, Not Active
2026/09/30 14:24:23.407, 2692, 13365, 138.68, 55, 0x0000000000000000, Not Active, Not Active
2026/09/30 14:24:23.507, 2692, 13365, 138.68, 55, 0x0000000000000000, Not Active, Not Active
2026/09/30 14:24:23.607, 2677, 13365, 129.40, 55, 0x0000000000000000, Not Active, Not Active
2026/09/30 14:24:23.708, 2677, 13365, 129.40, 55, 0x0000000000000000, Not Active, Not Active
2026/09/30 14:24:23.808, 2677, 13365, 129.40, 55, 0x0000000000000000, Not Active, Not Active
2026/09/30 14:24:23.908, 2677, 13365, 129.40, 55, 0x0000000000000000, Not Active, Not Active
2026/09/30 14:24:24.009, 2677, 13365, 129.40, 55, 0x0000000000000000, Not Active, Not Active
2026/09/30 14:24:24.109, 2647, 13365, 129.76, 55, 0x0000000000000000, Not Active, Not Active
2026/09/30 14:24:24.209, 2647, 13365, 129.76, 55, 0x0000000000000000, Not Active, Not Active
2026/09/30 14:24:24.310, 2647, 13365, 129.76, 55, 0x0000000000000000, Not Active, Not Active
2026/09/30 14:24:24.410, 2647, 13365, 129.76, 55, 0x0000000000000000, Not Active, Not Active
2026/09/30 14:24:24.511, 2647, 13365, 129.76, 55, 0x0000000000000000, Not Active, Not Active
2026/09/30 14:24:24.611, 2662, 13365, 128.70, 54, 0x0000000000000000, Not Active, Not Active
2026/09/30 14:24:24.711, 2662, 13365, 128.70, 54, 0x0000000000000000, Not Active, Not Active
2026/09/30 14:24:24.811, 2662, 13365, 128.70, 54, 0x0000000000000000, Not Active, Not Active
2026/09/30 14:24:24.911, 2662, 13365, 128.70, 54, 0x0000000000000000, Not Active, Not Active
2026/09/30 14:24:25.012, 2662, 13365, 128.70, 54, 0x0000000000000000, Not Active, Not Active
2026/09/30 14:24:25.112, 2655, 13365, 128.19, 55, 0x0000000000000000, Not Active, Not Active
2026/09/30 14:24:25.212, 2655, 13365, 128.19, 55, 0x0000000000000000, Not Active, Not Active
2026/09/30 14:24:25.312, 2655, 13365, 128.19, 55, 0x0000000000000000, Not Active, Not Active
2026/09/30 14:24:25.413, 2655, 13365, 128.19, 55, 0x0000000000000000, Not Active, Not Active
2026/09/30 14:24:25.513, 2655, 13365, 128.19, 55, 0x0000000000000000, Not Active, Not Active
2026/09/30 14:24:25.613, 2662, 13365, 126.75, 54, 0x0000000000000000, Not Active, Not Active
2026/09/30 14:24:25.714, 2662, 13365, 126.75, 54, 0x0000000000000000, Not Active, Not Active
2026/09/30 14:24:25.814, 2662, 13365, 126.75, 54, 0x0000000000000000, Not Active, Not Active
2026/09/30 14:24:25.914, 2662, 13365, 126.75, 54, 0x0000000000000000, Not Active, Not Active
2026/09/30 14:24:26.014, 2662, 13365, 126.75, 54, 0x0000000000000000, Not Active, Not Active
2026/09/30 14:24:26.114, 2685, 13365, 130.14, 54, 0x0000000000000000, Not Active, Not Active
2026/09/30 14:24:26.214, 2685, 13365, 130.14, 54, 0x0000000000000000, Not Active, Not Active
2026/09/30 14:24:26.314, 2685, 13365, 130.14, 54, 0x0000000000000000, Not Active, Not Active
2026/09/30 14:24:26.415, 2685, 13365, 130.14, 54, 0x0000000000000000, Not Active, Not Active
2026/09/30 14:24:26.516, 2685, 13365, 130.14, 54, 0x0000000000000000, Not Active, Not Active
2026/09/30 14:24:26.616, 2685, 13365, 132.01, 54, 0x0000000000000000, Not Active, Not Active
2026/09/30 14:24:26.716, 2685, 13365, 132.01, 54, 0x0000000000000000, Not Active, Not Active
2026/09/30 14:24:26.816, 2685, 13365, 132.01, 54, 0x0000000000000000, Not Active, Not Active
2026/09/30 14:24:26.916, 2685, 13365, 132.01, 54, 0x0000000000000000, Not Active, Not Active
2026/09/30 14:24:27.017, 2685, 13365, 132.01, 54, 0x0000000000000000, Not Active, Not Active
2026/09/30 14:24:27.117, 2692, 13365, 130.17, 54, 0x0000000000000000, Not Active, Not Active
2026/09/30 14:24:27.217, 2692, 13365, 130.17, 54, 0x0000000000000000, Not Active, Not Active
2026/09/30 14:24:27.317, 2692, 13365, 130.17, 54, 0x0000000000000000, Not Active, Not Active
2026/09/30 14:24:27.417, 2692, 13365, 130.17, 54, 0x0000000000000000, Not Active, Not Active
2026/09/30 14:24:27.518, 2692, 13365, 130.17, 54, 0x0000000000000000, Not Active, Not Active
2026/09/30 14:24:27.619, 2692, 13365, 129.92, 54, 0x0000000000000000, Not Active, Not Active
2026/09/30 14:24:27.719, 2692, 13365, 129.92, 54, 0x0000000000000000, Not Active, Not Active
2026/09/30 14:24:27.819, 2692, 13365, 129.92, 54, 0x0000000000000000, Not Active, Not Active
2026/09/30 14:24:27.919, 2692, 13365, 129.92, 54, 0x0000000000000000, Not Active, Not Active
2026/09/30 14:24:28.019, 2692, 13365, 129.92, 54, 0x0000000000000000, Not Active, Not Active
2026/09/30 14:24:28.120, 2677, 13365, 128.93, 54, 0x0000000000000000, Not Active, Not Active
2026/09/30 14:24:28.220, 2677, 13365, 128.93, 54, 0x0000000000000000, Not Active, Not Active
2026/09/30 14:24:28.320, 2677, 13365, 128.93, 54, 0x0000000000000000, Not Active, Not Active
2026/09/30 14:24:28.420, 2677, 13365, 128.93, 54, 0x0000000000000000, Not Active, Not Active
2026/09/30 14:24:28.520, 2677, 13365, 128.93, 54, 0x0000000000000000, Not Active, Not Active
2026/09/30 14:24:28.620, 2677, 13365, 125.85, 54, 0x0000000000000000, Not Active, Not Active
2026/09/30 14:24:28.720, 2677, 13365, 125.85, 54, 0x0000000000000000, Not Active, Not Active
2026/09/30 14:24:28.821, 2677, 13365, 125.85, 54, 0x0000000000000000, Not Active, Not Active
2026/09/30 14:24:28.921, 2677, 13365, 125.85, 54, 0x0000000000000000, Not Active, Not Active
2026/09/30 14:24:29.021, 2677, 13365, 125.85, 54, 0x0000000000000000, Not Active, Not Active
2026/09/30 14:24:29.121, 2647, 13365, 125.10, 55, 0x0000000000000000, Not Active, Not Active
2026/09/30 14:24:29.221, 2647, 13365, 125.10, 55, 0x0000000000000000, Not Active, Not Active
2026/09/30 14:24:29.321, 2647, 13365, 125.10, 55, 0x0000000000000000, Not Active, Not Active
2026/09/30 14:24:29.421, 2647, 13365, 125.10, 55, 0x0000000000000000, Not Active, Not Active
2026/09/30 14:24:29.522, 2647, 13365, 125.10, 55, 0x0000000000000000, Not Active, Not Active
2026/09/30 14:24:29.622, 2655, 13365, 125.74, 54, 0x0000000000000000, Not Active, Not Active
2026/09/30 14:24:29.722, 2655, 13365, 125.74, 54, 0x0000000000000000, Not Active, Not Active
2026/09/30 14:24:29.822, 2655, 13365, 125.74, 54, 0x0000000000000000, Not Active, Not Active
2026/09/30 14:24:29.922, 2655, 13365, 125.74, 54, 0x0000000000000000, Not Active, Not Active
2026/09/30 14:24:30.022, 2655, 13365, 125.74, 54, 0x0000000000000000, Not Active, Not Active
2026/09/30 14:24:30.123, 2662, 13365, 128.53, 54, 0x0000000000000000, Not Active, Not Active
2026/09/30 14:24:30.223, 2662, 13365, 128.53, 54, 0x0000000000000000, Not Active, Not Active
2026/09/30 14:24:30.323, 2662, 13365, 128.53, 54, 0x0000000000000000, Not Active, Not Active
2026/09/30 14:24:30.423, 2662, 13365, 128.53, 54, 0x0000000000000000, Not Active, Not Active
2026/09/30 14:24:30.523, 2662, 13365, 128.53, 54, 0x0000000000000000, Not Active, Not Active
2026/09/30 14:24:30.624, 2662, 13365, 131.24, 55, 0x0000000000000000, Not Active, Not Active
2026/09/30 14:24:30.724, 2662, 13365, 131.24, 55, 0x0000000000000000, Not Active, Not Active
2026/09/30 14:24:30.824, 2662, 13365, 131.24, 55, 0x0000000000000000, Not Active, Not Active
2026/09/30 14:24:30.924, 2662, 13365, 131.24, 55, 0x0000000000000000, Not Active, Not Active
2026/09/30 14:24:31.025, 2662, 13365, 131.24, 55, 0x0000000000000000, Not Active, Not Active
2026/09/30 14:24:31.126, 2692, 13365, 132.82, 54, 0x0000000000000000, Not Active, Not Active
2026/09/30 14:24:31.226, 2692, 13365, 132.82, 54, 0x0000000000000000, Not Active, Not Active
2026/09/30 14:24:31.327, 2692, 13365, 132.82, 54, 0x0000000000000000, Not Active, Not Active
2026/09/30 14:24:31.427, 2692, 13365, 132.82, 54, 0x0000000000000000, Not Active, Not Active
2026/09/30 14:24:31.527, 2692, 13365, 132.82, 54, 0x0000000000000000, Not Active, Not Active
2026/09/30 14:24:31.627, 2692, 13365, 131.02, 54, 0x0000000000000000, Not Active, Not Active
2026/09/30 14:24:31.727, 2692, 13365, 131.02, 54, 0x0000000000000000, Not Active, Not Active
2026/09/30 14:24:31.827, 2692, 13365, 131.02, 54, 0x0000000000000000, Not Active, Not Active
2026/09/30 14:24:31.927, 2692, 13365, 131.02, 54, 0x0000000000000000, Not Active, Not Active
2026/09/30 14:24:32.028, 2692, 13365, 131.02, 54, 0x0000000000000000, Not Active, Not Active
2026/09/30 14:24:32.128, 2677, 13365, 129.79, 54, 0x0000000000000000, Not Active, Not Active
2026/09/30 14:24:32.228, 2677, 13365, 129.79, 54, 0x0000000000000000, Not Active, Not Active
2026/09/30 14:24:32.328, 2677, 13365, 129.79, 54, 0x0000000000000000, Not Active, Not Active
2026/09/30 14:24:32.428, 2677, 13365, 129.79, 54, 0x0000000000000000, Not Active, Not Active
2026/09/30 14:24:32.528, 2677, 13365, 129.79, 54, 0x0000000000000000, Not Active, Not Active
2026/09/30 14:24:32.628, 2685, 13365, 125.11, 54, 0x0000000000000000, Not Active, Not Active
2026/09/30 14:24:32.729, 2685, 13365, 125.11, 54, 0x0000000000000000, Not Active, Not Active
2026/09/30 14:24:32.829, 2685, 13365, 125.11, 54, 0x0000000000000000, Not Active, Not Active
2026/09/30 14:24:32.929, 2685, 13365, 125.11, 54, 0x0000000000000000, Not Active, Not Active
2026/09/30 14:24:33.029, 2685, 13365, 125.11, 54, 0x0000000000000000, Not Active, Not Active
2026/09/30 14:24:33.129, 2662, 13365, 127.75, 54, 0x0000000000000000, Not Active, Not Active
2026/09/30 14:24:33.229, 2662, 13365, 127.75, 54, 0x0000000000000000, Not Active, Not Active
2026/09/30 14:24:33.329, 2662, 13365, 127.75, 54, 0x0000000000000000, Not Active, Not Active
2026/09/30 14:24:33.429, 2662, 13365, 127.75, 54, 0x0000000000000000, Not Active, Not Active
2026/09/30 14:24:33.530, 2662, 13365, 127.75, 54, 0x0000000000000000, Not Active, Not Active
2026/09/30 14:24:33.630, 2662, 13365, 131.14, 55, 0x0000000000000000, Not Active, Not Active
2026/09/30 14:24:33.730, 2662, 13365, 131.14, 55, 0x0000000000000000, Not Active, Not Active
2026/09/30 14:24:33.830, 2662, 13365, 131.14, 55, 0x0000000000000000, Not Active, Not Active
2026/09/30 14:24:33.930, 2662, 13365, 131.14, 55, 0x0000000000000000, Not Active, Not Active
2026/09/30 14:24:34.030, 2662, 13365, 131.14, 55, 0x0000000000000000, Not Active, Not Active
2026/09/30 14:24:34.130, 2662, 13365, 131.19, 54, 0x0000000000000000, Not Active, Not Active
2026/09/30 14:24:34.230, 2662, 13365, 131.19, 54, 0x0000000000000000, Not Active, Not Active
2026/09/30 14:24:34.331, 2662, 13365, 131.19, 54, 0x0000000000000000, Not Active, Not Active
2026/09/30 14:24:34.431, 2662, 13365, 131.19, 54, 0x0000000000000000, Not Active, Not Active
2026/09/30 14:24:34.531, 2662, 13365, 131.19, 54, 0x0000000000000000, Not Active, Not Active
2026/09/30 14:24:34.631, 2662, 13365, 133.10, 54, 0x0000000000000000, Not Active, Not Active
2026/09/30 14:24:34.732, 2662, 13365, 133.10, 54, 0x0000000000000000, Not Active, Not Active
2026/09/30 14:24:34.832, 2662, 13365, 133.10, 54, 0x0000000000000000, Not Active, Not Active
2026/09/30 14:24:34.932, 2662, 13365, 133.10, 54, 0x0000000000000000, Not Active, Not Active
2026/09/30 14:24:35.032, 2662, 13365, 133.10, 54, 0x0000000000000000, Not Active, Not Active
2026/09/30 14:24:35.132, 2662, 13365, 136.43, 54, 0x0000000000000000, Not Active, Not Active
2026/09/30 14:24:35.232, 2662, 13365, 136.43, 54, 0x0000000000000000, Not Active, Not Active
2026/09/30 14:24:35.332, 2662, 13365, 136.43, 54, 0x0000000000000000, Not Active, Not Active
2026/09/30 14:24:35.432, 2662, 13365, 136.43, 54, 0x0000000000000000, Not Active, Not Active
2026/09/30 14:24:35.533, 2662, 13365, 136.43, 54, 0x0000000000000000, Not Active, Not Active
2026/09/30 14:24:35.633, 2692, 13365, 136.06, 54, 0x0000000000000000, Not Active, Not Active
2026/09/30 14:24:35.733, 2692, 13365, 136.06, 54, 0x0000000000000000, Not Active, Not Active
2026/09/30 14:24:35.833, 2692, 13365, 136.06, 54, 0x0000000000000000, Not Active, Not Active
2026/09/30 14:24:35.933, 2692, 13365, 136.06, 54, 0x0000000000000000, Not Active, Not Active
2026/09/30 14:24:36.033, 2692, 13365, 136.06, 54, 0x0000000000000000, Not Active, Not Active
2026/09/30 14:24:36.133, 2685, 13365, 137.04, 54, 0x0000000000000000, Not Active, Not Active
2026/09/30 14:24:36.234, 2685, 13365, 137.04, 54, 0x0000000000000000, Not Active, Not Active
2026/09/30 14:24:36.334, 2685, 13365, 137.04, 54, 0x0000000000000000, Not Active, Not Active
2026/09/30 14:24:36.434, 2685, 13365, 137.04, 54, 0x0000000000000000, Not Active, Not Active
2026/09/30 14:24:36.534, 2685, 13365, 137.04, 54, 0x0000000000000000, Not Active, Not Active
2026/09/30 14:24:36.634, 2692, 13365, 140.87, 55, 0x0000000000000000, Not Active, Not Active
2026/09/30 14:24:36.734, 2692, 13365, 140.87, 55, 0x0000000000000000, Not Active, Not Active
2026/09/30 14:24:36.834, 2692, 13365, 140.87, 55, 0x0000000000000000, Not Active, Not Active
2026/09/30 14:24:36.934, 2692, 13365, 140.87, 55, 0x0000000000000000, Not Active, Not Active
2026/09/30 14:24:37.035, 2692, 13365, 140.87, 55, 0x0000000000000000, Not Active, Not Active
2026/09/30 14:24:37.135, 2647, 13365, 129.24, 54, 0x0000000000000000, Not Active, Not Active
2026/09/30 14:24:37.235, 2647, 13365, 129.24, 54, 0x0000000000000000, Not Active, Not Active
2026/09/30 14:24:37.335, 2647, 13365, 129.24, 54, 0x0000000000000000, Not Active, Not Active
2026/09/30 14:24:37.435, 2647, 13365, 129.24, 54, 0x0000000000000000, Not Active, Not Active
2026/09/30 14:24:37.535, 2647, 13365, 129.24, 54, 0x0000000000000000, Not Active, Not Active
2026/09/30 14:24:37.635, 2647, 13365, 127.89, 55, 0x0000000000000000, Not Active, Not Active
2026/09/30 14:24:37.736, 2647, 13365, 127.89, 55, 0x0000000000000000, Not Active, Not Active
2026/09/30 14:24:37.836, 2647, 13365, 127.89, 55, 0x0000000000000000, Not Active, Not Active
2026/09/30 14:24:37.936, 2647, 13365, 127.89, 55, 0x0000000000000000, Not Active, Not Active
2026/09/30 14:24:38.036, 2647, 13365, 127.89, 55, 0x0000000000000000, Not Active, Not Active
2026/09/30 14:24:38.136, 2670, 13365, 136.80, 54, 0x0000000000000000, Not Active, Not Active
2026/09/30 14:24:38.237, 2670, 13365, 136.80, 54, 0x0000000000000000, Not Active, Not Active
2026/09/30 14:24:38.337, 2670, 13365, 136.80, 54, 0x0000000000000000, Not Active, Not Active
2026/09/30 14:24:38.438, 2670, 13365, 136.80, 54, 0x0000000000000000, Not Active, Not Active
2026/09/30 14:24:38.538, 2670, 13365, 136.80, 54, 0x0000000000000000, Not Active, Not Active
2026/09/30 14:24:38.639, 2692, 13365, 146.04, 55, 0x0000000000000000, Not Active, Not Active
2026/09/30 14:24:38.739, 2692, 13365, 146.04, 55, 0x0000000000000000, Not Active, Not Active
2026/09/30 14:24:38.839, 2692, 13365, 146.04, 55, 0x0000000000000000, Not Active, Not Active
2026/09/30 14:24:38.939, 2692, 13365, 146.04, 55, 0x0000000000000000, Not Active, Not Active
2026/09/30 14:24:39.039, 2692, 13365, 146.04, 55, 0x0000000000000000, Not Active, Not Active
2026/09/30 14:24:39.139, 2625, 13365, 135.81, 55, 0x0000000000000000, Not Active, Not Active
2026/09/30 14:24:39.239, 2625, 13365, 135.81, 55, 0x0000000000000000, Not Active, Not Active
2026/09/30 14:24:39.340, 2625, 13365, 135.81, 55, 0x0000000000000000, Not Active, Not Active
2026/09/30 14:24:39.440, 2625, 13365, 135.81, 55, 0x0000000000000000, Not Active, Not Active
2026/09/30 14:24:39.540, 2625, 13365, 135.81, 55, 0x0000000000000000, Not Active, Not Active
2026/09/30 14:24:39.640, 2647, 13365, 134.96, 55, 0x0000000000000000, Not Active, Not Active
2026/09/30 14:24:39.740, 2647, 13365, 134.96, 55, 0x0000000000000000, Not Active, Not Active
2026/09/30 14:24:39.840, 2647, 13365, 134.96, 55, 0x0000000000000000, Not Active, Not Active
2026/09/30 14:24:39.940, 2647, 13365, 134.96, 55, 0x0000000000000000, Not Active, Not Active
2026/09/30 14:24:40.040, 2647, 13365, 134.96, 55, 0x0000000000000000, Not Active, Not Active
2026/09/30 14:24:40.141, 2670, 13365, 151.27, 54, 0x0000000000000000, Not Active, Not Active
2026/09/30 14:24:40.241, 2670, 13365, 151.27, 54, 0x0000000000000000, Not Active, Not Active
2026/09/30 14:24:40.341, 2670, 13365, 151.27, 54, 0x0000000000000000, Not Active, Not Active
2026/09/30 14:24:40.442, 2670, 13365, 151.27, 54, 0x0000000000000000, Not Active, Not Active
2026/09/30 14:24:40.542, 2670, 13365, 151.27, 54, 0x0000000000000000, Not Active, Not Active
2026/09/30 14:24:40.642, 2685, 13365, 159.28, 55, 0x0000000000000000, Not Active, Not Active
2026/09/30 14:24:40.743, 2685, 13365, 159.28, 55, 0x0000000000000000, Not Active, Not Active
2026/09/30 14:24:40.843, 2685, 13365, 159.28, 55, 0x0000000000000000, Not Active, Not Active
2026/09/30 14:24:40.943, 2685, 13365, 159.28, 55, 0x0000000000000000, Not Active, Not Active
2026/09/30 14:24:41.043, 2685, 13365, 159.28, 55, 0x0000000000000000, Not Active, Not Active
2026/09/30 14:24:41.143, 2610, 13365, 127.89, 54, 0x0000000000000000, Not Active, Not Active
2026/09/30 14:24:41.244, 2610, 13365, 127.89, 54, 0x0000000000000000, Not Active, Not Active
2026/09/30 14:24:41.344, 2610, 13365, 127.89, 54, 0x0000000000000000, Not Active, Not Active
2026/09/30 14:24:41.444, 2610, 13365, 127.89, 54, 0x0000000000000000, Not Active, Not Active
2026/09/30 14:24:41.544, 2610, 13365, 127.89, 54, 0x0000000000000000, Not Active, Not Active
2026/09/30 14:24:41.644, 2647, 13365, 123.87, 55, 0x0000000000000000, Not Active, Not Active
2026/09/30 14:24:41.744, 2647, 13365, 123.87, 55, 0x0000000000000000, Not Active, Not Active
2026/09/30 14:24:41.845, 2647, 13365, 123.87, 55, 0x0000000000000000, Not Active, Not Active
2026/09/30 14:24:41.945, 2647, 13365, 123.87, 55, 0x0000000000000000, Not Active, Not Active
2026/09/30 14:24:42.045, 2647, 13365, 123.87, 55, 0x0000000000000000, Not Active, Not Active
2026/09/30 14:24:42.145, 2632, 13365, 160.97, 56, 0x0000000000000000, Not Active, Not Active
2026/09/30 14:24:42.245, 2632, 13365, 160.97, 56, 0x0000000000000000, Not Active, Not Active
2026/09/30 14:24:42.345, 2632, 13365, 160.97, 56, 0x0000000000000000, Not Active, Not Active
2026/09/30 14:24:42.445, 2632, 13365, 160.97, 56, 0x0000000000000000, Not Active, Not Active
2026/09/30 14:24:42.545, 2632, 13365, 160.97, 56, 0x0000000000000000, Not Active, Not Active
2026/09/30 14:24:42.646, 2632, 13365, 167.43, 57, 0x0000000000000000, Not Active, Not Active
2026/09/30 14:24:42.746, 2632, 13365, 167.43, 57, 0x0000000000000000, Not Active, Not Active
2026/09/30 14:24:42.847, 2632, 13365, 167.43, 57, 0x0000000000000000, Not Active, Not Active
2026/09/30 14:24:42.947, 2632, 13365, 167.43, 57, 0x0000000000000000, Not Active, Not Active
2026/09/30 14:24:43.047, 2632, 13365, 167.43, 57, 0x0000000000000000, Not Active, Not Active
2026/09/30 14:24:43.147, 2647, 13365, 165.85, 55, 0x0000000000000000, Not Active, Not Active
2026/09/30 14:24:43.248, 2647, 13365, 165.85, 55, 0x0000000000000000, Not Active, Not Active
2026/09/30 14:24:43.348, 2647, 13365, 165.85, 55, 0x0000000000000000, Not Active, Not Active
2026/09/30 14:24:43.448, 2647, 13365, 165.85, 55, 0x0000000000000000, Not Active, Not Active
2026/09/30 14:24:43.548, 2647, 13365, 165.85, 55, 0x0000000000000000, Not Active, Not Active
2026/09/30 14:24:43.648, 2685, 13365, 152.90, 55, 0x0000000000000000, Not Active, Not Active
2026/09/30 14:24:43.749, 2685, 13365, 152.90, 55, 0x0000000000000000, Not Active, Not Active
2026/09/30 14:24:43.849, 2685, 13365, 152.90, 55, 0x0000000000000000, Not Active, Not Active
2026/09/30 14:24:43.949, 2685, 13365, 152.90, 55, 0x0000000000000000, Not Active, Not Active
2026/09/30 14:24:44.049, 2685, 13365, 152.90, 55, 0x0000000000000000, Not Active, Not Active
2026/09/30 14:24:44.149, 2685, 13365, 124.51, 55, 0x0000000000000000, Not Active, Not Active
2026/09/30 14:24:44.249, 2685, 13365, 124.51, 55, 0x0000000000000000, Not Active, Not Active
2026/09/30 14:24:44.349, 2685, 13365, 124.51, 55, 0x0000000000000000, Not Active, Not Active
2026/09/30 14:24:44.449, 2685, 13365, 124.51, 55, 0x0000000000000000, Not Active, Not Active
2026/09/30 14:24:44.550, 2685, 13365, 124.51, 55, 0x0000000000000000, Not Active, Not Active
2026/09/30 14:24:44.650, 2647, 13365, 126.77, 55, 0x0000000000000000, Not Active, Not Active
2026/09/30 14:24:44.750, 2647, 13365, 126.77, 55, 0x0000000000000000, Not Active, Not Active
2026/09/30 14:24:44.850, 2647, 13365, 126.77, 55, 0x0000000000000000, Not Active, Not Active
2026/09/30 14:24:44.950, 2647, 13365, 126.77, 55, 0x0000000000000000, Not Active, Not Active
2026/09/30 14:24:45.050, 2647, 13365, 126.77, 55, 0x0000000000000000, Not Active, Not Active
2026/09/30 14:24:45.150, 2655, 13365, 123.43, 54, 0x0000000000000000, Not Active, Not Active
2026/09/30 14:24:45.250, 2655, 13365, 123.43, 54, 0x0000000000000000, Not Active, Not Active
2026/09/30 14:24:45.350, 2655, 13365, 123.43, 54, 0x0000000000000000, Not Active, Not Active
2026/09/30 14:24:45.451, 2655, 13365, 123.43, 54, 0x0000000000000000, Not Active, Not Active
2026/09/30 14:24:45.551, 2655, 13365, 123.43, 54, 0x0000000000000000, Not Active, Not Active
2026/09/30 14:24:45.651, 2655, 13365, 126.92, 54, 0x0000000000000000, Not Active, Not Active
2026/09/30 14:24:45.751, 2655, 13365, 126.92, 54, 0x0000000000000000, Not Active, Not Active
2026/09/30 14:24:45.851, 2655, 13365, 126.92, 54, 0x0000000000000000, Not Active, Not Active
2026/09/30 14:24:45.951, 2655, 13365, 126.92, 54, 0x0000000000000000, Not Active, Not Active
2026/09/30 14:24:46.052, 2655, 13365, 126.92, 54, 0x0000000000000000, Not Active, Not Active
2026/09/30 14:24:46.152, 2670, 13365, 132.04, 54, 0x0000000000000000, Not Active, Not Active
2026/09/30 14:24:46.252, 2670, 13365, 132.04, 54, 0x0000000000000000, Not Active, Not Active
2026/09/30 14:24:46.352, 2670, 13365, 132.04, 54, 0x0000000000000000, Not Active, Not Active
2026/09/30 14:24:46.453, 2670, 13365, 132.04, 54, 0x0000000000000000, Not Active, Not Active
2026/09/30 14:24:46.553, 2670, 13365, 132.04, 54, 0x0000000000000000, Not Active, Not Active
2026/09/30 14:24:46.653, 2670, 13365, 131.51, 54, 0x0000000000000000, Not Active, Not Active
2026/09/30 14:24:46.753, 2670, 13365, 131.51, 54, 0x0000000000000000, Not Active, Not Active
2026/09/30 14:24:46.853, 2670, 13365, 131.51, 54, 0x0000000000000000, Not Active, Not Active
2026/09/30 14:24:46.954, 2670, 13365, 131.51, 54, 0x0000000000000000, Not Active, Not Active
2026/09/30 14:24:47.054, 2670, 13365, 131.51, 54, 0x0000000000000000, Not Active, Not Active
2026/09/30 14:24:47.154, 2677, 13365, 128.62, 54, 0x0000000000000000, Not Active, Not Active
2026/09/30 14:24:47.254, 2677, 13365, 128.62, 54, 0x0000000000000000, Not Active, Not Active
2026/09/30 14:24:47.354, 2677, 13365, 128.62, 54, 0x0000000000000000, Not Active, Not Active
2026/09/30 14:24:47.454, 2677, 13365, 128.62, 54, 0x0000000000000000, Not Active, Not Active
2026/09/30 14:24:47.554, 2677, 13365, 128.62, 54, 0x0000000000000000, Not Active, Not Active
2026/09/30 14:24:47.655, 2692, 13365, 130.83, 54, 0x0000000000000000, Not Active, Not Active
2026/09/30 14:24:47.755, 2692, 13365, 130.83, 54, 0x0000000000000000, Not Active, Not Active
2026/09/30 14:24:47.855, 2692, 13365, 130.83, 54, 0x0000000000000000, Not Active, Not Active
2026/09/30 14:24:47.955, 2692, 13365, 130.83, 54, 0x0000000000000000, Not Active, Not Active
2026/09/30 14:24:48.055, 2692, 13365, 130.83, 54, 0x0000000000000000, Not Active, Not Active
2026/09/30 14:24:48.156, 2677, 13365, 135.44, 54, 0x0000000000000000, Not Active, Not Active
2026/09/30 14:24:48.256, 2677, 13365, 135.44, 54, 0x0000000000000000, Not Active, Not Active
2026/09/30 14:24:48.356, 2677, 13365, 135.44, 54, 0x0000000000000000, Not Active, Not Active
2026/09/30 14:24:48.456, 2677, 13365, 135.44, 54, 0x0000000000000000, Not Active, Not Active
2026/09/30 14:24:48.557, 2677, 13365, 135.44, 54, 0x0000000000000000, Not Active, Not Active
2026/09/30 14:24:48.658, 2692, 13365, 132.96, 54, 0x0000000000000000, Not Active, Not Active
2026/09/30 14:24:48.758, 2692, 13365, 132.96, 54, 0x0000000000000000, Not Active, Not Active
2026/09/30 14:24:48.858, 2692, 13365, 132.96, 54, 0x0000000000000000, Not Active, Not Active
2026/09/30 14:24:48.959, 2692, 13365, 132.96, 54, 0x0000000000000000, Not Active, Not Active
2026/09/30 14:24:49.059, 2692, 13365, 132.96, 54, 0x0000000000000000, Not Active, Not Active
2026/09/30 14:24:49.159, 2692, 13365, 132.40, 54, 0x0000000000000000, Not Active, Not Active
2026/09/30 14:24:49.260, 2692, 13365, 132.40, 54, 0x0000000000000000, Not Active, Not Active
2026/09/30 14:24:49.360, 2692, 13365, 132.40, 54, 0x0000000000000000, Not Active, Not Active
2026/09/30 14:24:49.460, 2692, 13365, 132.40, 54, 0x0000000000000000, Not Active, Not Active
2026/09/30 14:24:49.561, 2692, 13365, 132.40, 54, 0x0000000000000000, Not Active, Not Active
2026/09/30 14:24:49.661, 2670, 13365, 127.04, 54, 0x0000000000000000, Not Active, Not Active
2026/09/30 14:24:49.761, 2670, 13365, 127.04, 54, 0x0000000000000000, Not Active, Not Active
2026/09/30 14:24:49.862, 2670, 13365, 127.04, 54, 0x0000000000000000, Not Active, Not Active
2026/09/30 14:24:49.962, 2670, 13365, 127.04, 54, 0x0000000000000000, Not Active, Not Active
2026/09/30 14:24:50.063, 2670, 13365, 127.04, 54, 0x0000000000000000, Not Active, Not Active
2026/09/30 14:24:50.163, 2662, 13365, 125.24, 54, 0x0000000000000000, Not Active, Not Active
2026/09/30 14:24:50.263, 2662, 13365, 125.24, 54, 0x0000000000000000, Not Active, Not Active
2026/09/30 14:24:50.363, 2662, 13365, 125.24, 54, 0x0000000000000000, Not Active, Not Active
2026/09/30 14:24:50.463, 2662, 13365, 125.24, 54, 0x0000000000000000, Not Active, Not Active
2026/09/30 14:24:50.564, 2662, 13365, 125.24, 54, 0x0000000000000000, Not Active, Not Active
2026/09/30 14:24:50.664, 2662, 13365, 126.37, 54, 0x0000000000000000, Not Active, Not Active
2026/09/30 14:24:50.764, 2662, 13365, 126.37, 54, 0x0000000000000000, Not Active, Not Active
2026/09/30 14:24:50.864, 2662, 13365, 126.37, 54, 0x0000000000000000, Not Active, Not Active
2026/09/30 14:24:50.964, 2662, 13365, 126.37, 54, 0x0000000000000000, Not Active, Not Active
2026/09/30 14:24:51.064, 2662, 13365, 126.37, 54, 0x0000000000000000, Not Active, Not Active
2026/09/30 14:24:51.164, 2662, 13365, 128.00, 54, 0x0000000000000000, Not Active, Not Active
2026/09/30 14:24:51.264, 2662, 13365, 128.00, 54, 0x0000000000000000, Not Active, Not Active
2026/09/30 14:24:51.365, 2662, 13365, 128.00, 54, 0x0000000000000000, Not Active, Not Active
2026/09/30 14:24:51.465, 2662, 13365, 128.00, 54, 0x0000000000000000, Not Active, Not Active
2026/09/30 14:24:51.565, 2662, 13365, 128.00, 54, 0x0000000000000000, Not Active, Not Active
2026/09/30 14:24:51.665, 2677, 13365, 129.34, 55, 0x0000000000000000, Not Active, Not Active
2026/09/30 14:24:51.765, 2677, 13365, 129.34, 55, 0x0000000000000000, Not Active, Not Active
2026/09/30 14:24:51.865, 2677, 13365, 129.34, 55, 0x0000000000000000, Not Active, Not Active
2026/09/30 14:24:51.965, 2677, 13365, 129.34, 55, 0x0000000000000000, Not Active, Not Active
2026/09/30 14:24:52.065, 2677, 13365, 129.34, 55, 0x0000000000000000, Not Active, Not Active
2026/09/30 14:24:52.166, 2677, 13365, 129.16, 54, 0x0000000000000000, Not Active, Not Active
2026/09/30 14:24:52.266, 2677, 13365, 129.16, 54, 0x0000000000000000, Not Active, Not Active
2026/09/30 14:24:52.366, 2677, 13365, 129.16, 54, 0x0000000000000000, Not Active, Not Active
2026/09/30 14:24:52.466, 2677, 13365, 129.16, 54, 0x0000000000000000, Not Active, Not Active
2026/09/30 14:24:52.566, 2677, 13365, 129.16, 54, 0x0000000000000000, Not Active, Not Active
2026/09/30 14:24:52.666, 2692, 13365, 129.83, 54, 0x0000000000000000, Not Active, Not Active
2026/09/30 14:24:52.766, 2692, 13365, 129.83, 54, 0x0000000000000000, Not Active, Not Active
2026/09/30 14:24:52.867, 2692, 13365, 129.83, 54, 0x0000000000000000, Not Active, Not Active
2026/09/30 14:24:52.967, 2692, 13365, 129.83, 54, 0x0000000000000000, Not Active, Not Active
2026/09/30 14:24:53.067, 2692, 13365, 129.83, 54, 0x0000000000000000, Not Active, Not Active
2026/09/30 14:24:53.167, 2677, 13365, 129.92, 55, 0x0000000000000000, Not Active, Not Active
2026/09/30 14:24:53.267, 2677, 13365, 129.92, 55, 0x0000000000000000, Not Active, Not Active
2026/09/30 14:24:53.368, 2677, 13365, 129.92, 55, 0x0000000000000000, Not Active, Not Active
2026/09/30 14:24:53.468, 2677, 13365, 129.92, 55, 0x0000000000000000, Not Active, Not Active
2026/09/30 14:24:53.568, 2677, 13365, 129.92, 55, 0x0000000000000000, Not Active, Not Active
2026/09/30 14:24:53.668, 2662, 13365, 127.04, 55, 0x0000000000000000, Not Active, Not Active
2026/09/30 14:24:53.768, 2662, 13365, 127.04, 55, 0x0000000000000000, Not Active, Not Active
2026/09/30 14:24:53.869, 2662, 13365, 127.04, 55, 0x0000000000000000, Not Active, Not Active
2026/09/30 14:24:53.969, 2662, 13365, 127.04, 55, 0x0000000000000000, Not Active, Not Active
2026/09/30 14:24:54.069, 2662, 13365, 127.04, 55, 0x0000000000000000, Not Active, Not Active
2026/09/30 14:24:54.169, 2655, 13365, 130.70, 55, 0x0000000000000000, Not Active, Not Active
2026/09/30 14:24:54.269, 2655, 13365, 130.70, 55, 0x0000000000000000, Not Active, Not Active
2026/09/30 14:24:54.369, 2655, 13365, 130.70, 55, 0x0000000000000000, Not Active, Not Active
2026/09/30 14:24:54.469, 2655, 13365, 130.70, 55, 0x0000000000000000, Not Active, Not Active
2026/09/30 14:24:54.569, 2655, 13365, 130.70, 55, 0x0000000000000000, Not Active, Not Active
2026/09/30 14:24:54.670, 2655, 13365, 129.87, 55, 0x0000000000000000, Not Active, Not Active
2026/09/30 14:24:54.770, 2655, 13365, 129.87, 55, 0x0000000000000000, Not Active, Not Active
2026/09/30 14:24:54.870, 2655, 13365, 129.87, 55, 0x0000000000000000, Not Active, Not Active
2026/09/30 14:24:54.970, 2655, 13365, 129.87, 55, 0x0000000000000000, Not Active, Not Active
2026/09/30 14:24:55.070, 2655, 13365, 129.87, 55, 0x0000000000000000, Not Active, Not Active
2026/09/30 14:24:55.170, 2662, 13365, 133.83, 55, 0x0000000000000000, Not Active, Not Active
2026/09/30 14:24:55.270, 2662, 13365, 133.83, 55, 0x0000000000000000, Not Active, Not Active
2026/09/30 14:24:55.371, 2662, 13365, 133.83, 55, 0x0000000000000000, Not Active, Not Active
2026/09/30 14:24:55.471, 2662, 13365, 133.83, 55, 0x0000000000000000, Not Active, Not Active
2026/09/30 14:24:55.571, 2662, 13365, 133.83, 55, 0x0000000000000000, Not Active, Not Active
2026/09/30 14:24:55.671, 2662, 13365, 135.18, 54, 0x0000000000000000, Not Active, Not Active
2026/09/30 14:24:55.771, 2662, 13365, 135.18, 54, 0x0000000000000000, Not Active, Not Active
2026/09/30 14:24:55.872, 2662, 13365, 135.18, 54, 0x0000000000000000, Not Active, Not Active
2026/09/30 14:24:55.972, 2662, 13365, 135.18, 54, 0x0000000000000000, Not Active, Not Active
2026/09/30 14:24:56.072, 2662, 13365, 135.18, 54, 0x0000000000000000, Not Active, Not Active
2026/09/30 14:24:56.172, 2662, 13365, 134.75, 54, 0x0000000000000000, Not Active, Not Active
2026/09/30 14:24:56.272, 2662, 13365, 134.75, 54, 0x0000000000000000, Not Active, Not Active
2026/09/30 14:24:56.372, 2662, 13365, 134.75, 54, 0x0000000000000000, Not Active, Not Active
2026/09/30 14:24:56.472, 2662, 13365, 134.75, 54, 0x0000000000000000, Not Active, Not Active
2026/09/30 14:24:56.572, 2662, 13365, 134.75, 54, 0x0000000000000000, Not Active, Not Active
2026/09/30 14:24:56.673, 2692, 13365, 138.62, 55, 0x0000000000000000, Not Active, Not Active
2026/09/30 14:24:56.773, 2692, 13365, 138.62, 55, 0x0000000000000000, Not Active, Not Active
2026/09/30 14:24:56.873, 2692, 13365, 138.62, 55, 0x0000000000000000, Not Active, Not Active
2026/09/30 14:24:56.973, 2692, 13365, 138.62, 55, 0x0000000000000000, Not Active, Not Active
2026/09/30 14:24:57.073, 2692, 13365, 138.62, 55, 0x0000000000000000, Not Active, Not Active
2026/09/30 14:24:57.173, 2685, 13365, 143.12, 55, 0x0000000000000000, Not Active, Not Active
2026/09/30 14:24:57.273, 2685, 13365, 143.12, 55, 0x0000000000000000, Not Active, Not Active
2026/09/30 14:24:57.374, 2685, 13365, 143.12, 55, 0x0000000000000000, Not Active, Not Active
2026/09/30 14:24:57.474, 2685, 13365, 143.12, 55, 0x0000000000000000, Not Active, Not Active
2026/09/30 14:24:57.574, 2685, 13365, 143.12, 55, 0x0000000000000000, Not Active, Not Active
2026/09/30 14:24:57.674, 2685, 13365, 142.66, 56, 0x0000000000000000, Not Active, Not Active
2026/09/30 14:24:57.774, 2685, 13365, 142.66, 56, 0x0000000000000000, Not Active, Not Active
2026/09/30 14:24:57.874, 2685, 13365, 142.66, 56, 0x0000000000000000, Not Active, Not Active
2026/09/30 14:24:57.974, 2685, 13365, 142.66, 56, 0x0000000000000000, Not Active, Not Active
2026/09/30 14:24:58.074, 2685, 13365, 142.66, 56, 0x0000000000000000, Not Active, Not Active
2026/09/30 14:24:58.175, 2662, 13365, 134.79, 55, 0x0000000000000000, Not Active, Not Active
2026/09/30 14:24:58.275, 2662, 13365, 134.79, 55, 0x0000000000000000, Not Active, Not Active
2026/09/30 14:24:58.375, 2662, 13365, 134.79, 55, 0x0000000000000000, Not Active, Not Active
2026/09/30 14:24:58.475, 2662, 13365, 134.79, 55, 0x0000000000000000, Not Active, Not Active
2026/09/30 14:24:58.575, 2662, 13365, 134.79, 55, 0x0000000000000000, Not Active, Not Active
2026/09/30 14:24:58.675, 2655, 13365, 136.88, 56, 0x0000000000000000, Not Active, Not Active
2026/09/30 14:24:58.776, 2655, 13365, 136.88, 56, 0x0000000000000000, Not Active, Not Active
2026/09/30 14:24:58.876, 2655, 13365, 136.88, 56, 0x0000000000000000, Not Active, Not Active
2026/09/30 14:24:58.976, 2655, 13365, 136.88, 56, 0x0000000000000000, Not Active, Not Active
2026/09/30 14:24:59.076, 2655, 13365, 136.88, 56, 0x0000000000000000, Not Active, Not Active
2026/09/30 14:24:59.176, 2655, 13365, 144.39, 55, 0x0000000000000000, Not Active, Not Active
2026/09/30 14:24:59.276, 2655, 13365, 144.39, 55, 0x0000000000000000, Not Active, Not Active
2026/09/30 14:24:59.376, 2655, 13365, 144.39, 55, 0x0000000000000000, Not Active, Not Active
2026/09/30 14:24:59.476, 2655, 13365, 144.39, 55, 0x0000000000000000, Not Active, Not Active
2026/09/30 14:24:59.577, 2655, 13365, 144.39, 55, 0x0000000000000000, Not Active, Not Active
2026/09/30 14:24:59.677, 2647, 13365, 136.55, 54, 0x0000000000000000, Not Active, Not Active
2026/09/30 14:24:59.777, 2647, 13365, 136.55, 54, 0x0000000000000000, Not Active, Not Active
2026/09/30 14:24:59.877, 2647, 13365, 136.55, 54, 0x0000000000000000, Not Active, Not Active
2026/09/30 14:24:59.977, 2647, 13365, 136.55, 54, 0x0000000000000000, Not Active, Not Active
2026/09/30 14:25:00.077, 2647, 13365, 136.55, 54, 0x0000000000000000, Not Active, Not Active
2026/09/30 14:25:00.177, 2655, 13365, 131.04, 55, 0x0000000000000000, Not Active, Not Active
2026/09/30 14:25:00.278, 2655, 13365, 131.04, 55, 0x0000000000000000, Not Active, Not Active
2026/09/30 14:25:00.378, 2655, 13365, 131.04, 55, 0x0000000000000000, Not Active, Not Active
2026/09/30 14:25:00.478, 2655, 13365, 131.04, 55, 0x0000000000000000, Not Active, Not Active
2026/09/30 14:25:00.578, 2655, 13365, 131.04, 55, 0x0000000000000000, Not Active, Not Active
2026/09/30 14:25:00.678, 2655, 13365, 144.91, 55, 0x0000000000000000, Not Active, Not Active
2026/09/30 14:25:00.778, 2655, 13365, 144.91, 55, 0x0000000000000000, Not Active, Not Active
2026/09/30 14:25:00.878, 2655, 13365, 144.91, 55, 0x0000000000000000, Not Active, Not Active
2026/09/30 14:25:00.978, 2655, 13365, 144.91, 55, 0x0000000000000000, Not Active, Not Active
2026/09/30 14:25:01.079, 2655, 13365, 144.91, 55, 0x0000000000000000, Not Active, Not Active
2026/09/30 14:25:01.179, 2655, 13365, 153.58, 56, 0x0000000000000000, Not Active, Not Active
2026/09/30 14:25:01.279, 2655, 13365, 153.58, 56, 0x0000000000000000, Not Active, Not Active
2026/09/30 14:25:01.379, 2655, 13365, 153.58, 56, 0x0000000000000000, Not Active, Not Active
2026/09/30 14:25:01.479, 2655, 13365, 153.58, 56, 0x0000000000000000, Not Active, Not Active
2026/09/30 14:25:01.579, 2655, 13365, 153.58, 56, 0x0000000000000000, Not Active, Not Active
2026/09/30 14:25:01.679, 2647, 13365, 146.66, 54, 0x0000000000000000, Not Active, Not Active
2026/09/30 14:25:01.779, 2647, 13365, 146.66, 54, 0x0000000000000000, Not Active, Not Active
2026/09/30 14:25:01.879, 2647, 13365, 146.66, 54, 0x0000000000000000, Not Active, Not Active
2026/09/30 14:25:01.980, 2647, 13365, 146.66, 54, 0x0000000000000000, Not Active, Not Active
2026/09/30 14:25:02.080, 2647, 13365, 146.66, 54, 0x0000000000000000, Not Active, Not Active
2026/09/30 14:25:02.180, 2625, 13365, 125.25, 54, 0x0000000000000000, Not Active, Not Active
2026/09/30 14:25:02.280, 2625, 13365, 125.25, 54, 0x0000000000000000, Not Active, Not Active
2026/09/30 14:25:02.381, 2625, 13365, 125.25, 54, 0x0000000000000000, Not Active, Not Active
2026/09/30 14:25:02.481, 2625, 13365, 125.25, 54, 0x0000000000000000, Not Active, Not Active
2026/09/30 14:25:02.581, 2625, 13365, 125.25, 54, 0x0000000000000000, Not Active, Not Active
2026/09/30 14:25:02.681, 2647, 13365, 151.64, 57, 0x0000000000000000, Not Active, Not Active
2026/09/30 14:25:02.781, 2647, 13365, 151.64, 57, 0x0000000000000000, Not Active, Not Active
2026/09/30 14:25:02.881, 2647, 13365, 151.64, 57, 0x0000000000000000, Not Active, Not Active
2026/09/30 14:25:02.982, 2647, 13365, 151.64, 57, 0x0000000000000000, Not Active, Not Active
2026/09/30 14:25:03.082, 2647, 13365, 151.64, 57, 0x0000000000000000, Not Active, Not Active
2026/09/30 14:25:03.182, 2647, 13365, 176.26, 56, 0x0000000000000000, Not Active, Not Active
2026/09/30 14:25:03.283, 2647, 13365, 176.26, 56, 0x0000000000000000, Not Active, Not Active
2026/09/30 14:25:03.383, 2647, 13365, 176.26, 56, 0x0000000000000000, Not Active, Not Active
2026/09/30 14:25:03.483, 2647, 13365, 176.26, 56, 0x0000000000000000, Not Active, Not Active
2026/09/30 14:25:03.583, 2647, 13365, 176.26, 56, 0x0000000000000000, Not Active, Not Active
2026/09/30 14:25:03.683, 2625, 13365, 163.11, 55, 0x0000000000000000, Not Active, Not Active
2026/09/30 14:25:03.783, 2625, 13365, 163.11, 55, 0x0000000000000000, Not Active, Not Active
2026/09/30 14:25:03.883, 2625, 13365, 163.11, 55, 0x0000000000000000, Not Active, Not Active
2026/09/30 14:25:03.984, 2625, 13365, 163.11, 55, 0x0000000000000000, Not Active, Not Active
2026/09/30 14:25:04.084, 2625, 13365, 163.11, 55, 0x0000000000000000, Not Active, Not Active
2026/09/30 14:25:04.184, 2685, 13365, 152.48, 55, 0x0000000000000000, Not Active, Not Active
2026/09/30 14:25:04.284, 2685, 13365, 152.48, 55, 0x0000000000000000, Not Active, Not Active
2026/09/30 14:25:04.384, 2685, 13365, 152.48, 55, 0x0000000000000000, Not Active, Not Active
2026/09/30 14:25:04.484, 2685, 13365, 152.48, 55, 0x0000000000000000, Not Active, Not Active
2026/09/30 14:25:04.584, 2685, 13365, 152.48, 55, 0x0000000000000000, Not Active, Not Active
2026/09/30 14:25:04.685, 2685, 13365, 135.46, 54, 0x0000000000000000, Not Active, Not Active
2026/09/30 14:25:04.785, 2685, 13365, 135.46, 54, 0x0000000000000000, Not Active, Not Active
2026/09/30 14:25:04.885, 2685, 13365, 135.46, 54, 0x0000000000000000, Not Active, Not Active
2026/09/30 14:25:04.985, 2685, 13365, 135.46, 54, 0x0000000000000000, Not Active, Not Active
2026/09/30 14:25:05.085, 2685, 13365, 135.46, 54, 0x0000000000000000, Not Active, Not Active
2026/09/30 14:25:05.185, 2685, 13365, 133.18, 55, 0x0000000000000000, Not Active, Not Active
2026/09/30 14:25:05.285, 2685, 13365, 133.18, 55, 0x0000000000000000, Not Active, Not Active
2026/09/30 14:25:05.385, 2685, 13365, 133.18, 55, 0x0000000000000000, Not Active, Not Active
2026/09/30 14:25:05.486, 2685, 13365, 133.18, 55, 0x0000000000000000, Not Active, Not Active
2026/09/30 14:25:05.586, 2685, 13365, 133.18, 55, 0x0000000000000000, Not Active, Not Active
2026/09/30 14:25:05.686, 2677, 13365, 129.16, 55, 0x0000000000000000, Not Active, Not Active
2026/09/30 14:25:05.786, 2677, 13365, 129.16, 55, 0x0000000000000000, Not Active, Not Active
2026/09/30 14:25:05.886, 2677, 13365, 129.16, 55, 0x0000000000000000, Not Active, Not Active
2026/09/30 14:25:05.986, 2677, 13365, 129.16, 55, 0x0000000000000000, Not Active, Not Active
2026/09/30 14:25:06.086, 2677, 13365, 129.16, 55, 0x0000000000000000, Not Active, Not Active
2026/09/30 14:25:06.187, 2685, 13365, 131.31, 55, 0x0000000000000000, Not Active, Not Active
2026/09/30 14:25:06.287, 2685, 13365, 131.31, 55, 0x0000000000000000, Not Active, Not Active
2026/09/30 14:25:06.387, 2685, 13365, 131.31, 55, 0x0000000000000000, Not Active, Not Active
2026/09/30 14:25:06.487, 2685, 13365, 131.31, 55, 0x0000000000000000, Not Active, Not Active
2026/09/30 14:25:06.587, 2685, 13365, 131.31, 55, 0x0000000000000000, Not Active, Not Active
2026/09/30 14:25:06.687, 2685, 13365, 132.67, 55, 0x0000000000000000, Not Active, Not Active
2026/09/30 14:25:06.788, 2685, 13365, 132.67, 55, 0x0000000000000000, Not Active, Not Active
2026/09/30 14:25:06.888, 2685, 13365, 132.67, 55, 0x0000000000000000, Not Active, Not Active
2026/09/30 14:25:06.988, 2685, 13365, 132.67, 55, 0x0000000000000000, Not Active, Not Active
2026/09/30 14:25:07.088, 2685, 13365, 132.67, 55, 0x0000000000000000, Not Active, Not Active
2026/09/30 14:25:07.188, 2662, 13365, 126.93, 55, 0x0000000000000000, Not Active, Not Active
2026/09/30 14:25:07.289, 2662, 13365, 126.93, 55, 0x0000000000000000, Not Active, Not Active
2026/09/30 14:25:07.389, 2662, 13365, 126.93, 55, 0x0000000000000000, Not Active, Not Active
2026/09/30 14:25:07.489, 2662, 13365, 126.93, 55, 0x0000000000000000, Not Active, Not Active
2026/09/30 14:25:07.589, 2662, 13365, 126.93, 55, 0x0000000000000000, Not Active, Not Active
2026/09/30 14:25:07.689, 2647, 13365, 124.86, 55, 0x0000000000000000, Not Active, Not Active
2026/09/30 14:25:07.790, 2647, 13365, 124.86, 55, 0x0000000000000000, Not Active, Not Active
2026/09/30 14:25:07.890, 2647, 13365, 124.86, 55, 0x0000000000000000, Not Active, Not Active
2026/09/30 14:25:07.990, 2647, 13365, 124.86, 55, 0x0000000000000000, Not Active, Not Active
2026/09/30 14:25:08.090, 2647, 13365, 124.86, 55, 0x0000000000000000, Not Active, Not Active
2026/09/30 14:25:08.190, 2655, 13365, 123.19, 54, 0x0000000000000000, Not Active, Not Active
2026/09/30 14:25:08.290, 2655, 13365, 123.19, 54, 0x0000000000000000, Not Active, Not Active
2026/09/30 14:25:08.390, 2655, 13365, 123.19, 54, 0x0000000000000000, Not Active, Not Active
2026/09/30 14:25:08.490, 2655, 13365, 123.19, 54, 0x0000000000000000, Not Active, Not Active
2026/09/30 14:25:08.591, 2655, 13365, 123.19, 54, 0x0000000000000000, Not Active, Not Active
2026/09/30 14:25:08.691, 2677, 13365, 124.58, 54, 0x0000000000000000, Not Active, Not Active
2026/09/30 14:25:08.791, 2677, 13365, 124.58, 54, 0x0000000000000000, Not Active, Not Active
2026/09/30 14:25:08.891, 2677, 13365, 124.58, 54, 0x0000000000000000, Not Active, Not Active
2026/09/30 14:25:08.991, 2677, 13365, 124.58, 54, 0x0000000000000000, Not Active, Not Active
2026/09/30 14:25:09.091, 2677, 13365, 124.58, 54, 0x0000000000000000, Not Active, Not Active
2026/09/30 14:25:09.191, 2677, 13365, 129.61, 55, 0x0000000000000000, Not Active, Not Active
2026/09/30 14:25:09.292, 2677, 13365, 129.61, 55, 0x0000000000000000, Not Active, Not Active
2026/09/30 14:25:09.392, 2677, 13365, 129.61, 55, 0x0000000000000000, Not Active, Not Active
2026/09/30 14:25:09.492, 2677, 13365, 129.61, 55, 0x0000000000000000, Not Active, Not Active
2026/09/30 14:25:09.592, 2692, 13365, 126.16, 54, 0x0000000000000000, Not Active, Not Active
2026/09/30 14:25:09.692, 2692, 13365, 126.16, 54, 0x0000000000000000, Not Active, Not Active
2026/09/30 14:25:09.792, 2692, 13365, 126.16, 54, 0x0000000000000000, Not Active, Not Active
2026/09/30 14:25:09.892, 2692, 13365, 126.16, 54, 0x0000000000000000, Not Active, Not Active
2026/09/30 14:25:09.993, 2692, 13365, 126.16, 54, 0x0000000000000000, Not Active, Not Active
2026/09/30 14:25:10.093, 2685, 13365, 132.05, 55, 0x0000000000000000, Not Active, Not Active
2026/09/30 14:25:10.193, 2685, 13365, 132.05, 55, 0x0000000000000000, Not Active, Not Active
2026/09/30 14:25:10.293, 2685, 13365, 132.05, 55, 0x0000000000000000, Not Active, Not Active
2026/09/30 14:25:10.393, 2685, 13365, 132.05, 55, 0x0000000000000000, Not Active, Not Active
2026/09/30 14:25:10.493, 2685, 13365, 132.05, 55, 0x0000000000000000, Not Active, Not Active
2026/09/30 14:25:10.593, 2662, 13365, 131.42, 55, 0x0000000000000000, Not Active, Not Active
2026/09/30 14:25:10.693, 2662, 13365, 131.42, 55, 0x0000000000000000, Not Active, Not Active
2026/09/30 14:25:10.794, 2662, 13365, 131.42, 55, 0x0000000000000000, Not Active, Not Active
2026/09/30 14:25:10.894, 2662, 13365, 131.42, 55, 0x0000000000000000, Not Active, Not Active
2026/09/30 14:25:10.994, 2662, 13365, 131.42, 55, 0x0000000000000000, Not Active, Not Active
2026/09/30 14:25:11.094, 2655, 13365, 131.22, 55, 0x0000000000000000, Not Active, Not Active
2026/09/30 14:25:11.194, 2655, 13365, 131.22, 55, 0x0000000000000000, Not Active, Not Active
2026/09/30 14:25:11.294, 2655, 13365, 131.22, 55, 0x0000000000000000, Not Active, Not Active
2026/09/30 14:25:11.394, 2655, 13365, 131.22, 55, 0x0000000000000000, Not Active, Not Active
2026/09/30 14:25:11.495, 2655, 13365, 131.22, 55, 0x0000000000000000, Not Active, Not Active
2026/09/30 14:25:11.595, 2662, 13365, 134.00, 54, 0x0000000000000000, Not Active, Not Active
2026/09/30 14:25:11.695, 2662, 13365, 134.00, 54, 0x0000000000000000, Not Active, Not Active
2026/09/30 14:25:11.795, 2662, 13365, 134.00, 54, 0x0000000000000000, Not Active, Not Active
2026/09/30 14:25:11.895, 2662, 13365, 134.00, 54, 0x0000000000000000, Not Active, Not Active
2026/09/30 14:25:11.995, 2662, 13365, 134.00, 54, 0x0000000000000000, Not Active, Not Active
2026/09/30 14:25:12.095, 2640, 13365, 130.51, 54, 0x0000000000000000, Not Active, Not Active
2026/09/30 14:25:12.195, 2640, 13365, 130.51, 54, 0x0000000000000000, Not Active, Not Active
2026/09/30 14:25:12.296, 2640, 13365, 130.51, 54, 0x0000000000000000, Not Active, Not Active
2026/09/30 14:25:12.396, 2640, 13365, 130.51, 54, 0x0000000000000000, Not Active, Not Active
2026/09/30 14:25:12.496, 2640, 13365, 130.51, 54, 0x0000000000000000, Not Active, Not Active
2026/09/30 14:25:12.596, 2662, 13365, 131.36, 54, 0x0000000000000000, Not Active, Not Active
2026/09/30 14:25:12.696, 2662, 13365, 131.36, 54, 0x0000000000000000, Not Active, Not Active
2026/09/30 14:25:12.796, 2662, 13365, 131.36, 54, 0x0000000000000000, Not Active, Not Active
2026/09/30 14:25:12.896, 2662, 13365, 131.36, 54, 0x0000000000000000, Not Active, Not Active
2026/09/30 14:25:12.996, 2662, 13365, 131.36, 54, 0x0000000000000000, Not Active, Not Active
2026/09/30 14:25:13.097, 2670, 13365, 133.68, 55, 0x0000000000000000, Not Active, Not Active
2026/09/30 14:25:13.197, 2670, 13365, 133.68, 55, 0x0000000000000000, Not Active, Not Active
2026/09/30 14:25:13.297, 2670, 13365, 133.68, 55, 0x0000000000000000, Not Active, Not Active
2026/09/30 14:25:13.397, 2670, 13365, 133.68, 55, 0x0000000000000000, Not Active, Not Active
2026/09/30 14:25:13.498, 2670, 13365, 133.68, 55, 0x0000000000000000, Not Active, Not Active
2026/09/30 14:25:13.598, 2677, 13365, 130.71, 54, 0x0000000000000000, Not Active, Not Active
2026/09/30 14:25:13.698, 2677, 13365, 130.71, 54, 0x0000000000000000, Not Active, Not Active
2026/09/30 14:25:13.798, 2677, 13365, 130.71, 54, 0x0000000000000000, Not Active, Not Active
2026/09/30 14:25:13.898, 2677, 13365, 130.71, 54, 0x0000000000000000, Not Active, Not Active
2026/09/30 14:25:13.998, 2677, 13365, 130.71, 54, 0x0000000000000000, Not Active, Not Active
2026/09/30 14:25:14.098, 2692, 13365, 137.10, 55, 0x0000000000000000, Not Active, Not Active
2026/09/30 14:25:14.199, 2692, 13365, 137.10, 55, 0x0000000000000000, Not Active, Not Active
2026/09/30 14:25:14.299, 2692, 13365, 137.10, 55, 0x0000000000000000, Not Active, Not Active
2026/09/30 14:25:14.399, 2692, 13365, 137.10, 55, 0x0000000000000000, Not Active, Not Active
2026/09/30 14:25:14.500, 2692, 13365, 137.10, 55, 0x0000000000000000, Not Active, Not Active
2026/09/30 14:25:14.600, 2685, 13365, 141.53, 55, 0x0000000000000000, Not Active, Not Active
2026/09/30 14:25:14.700, 2685, 13365, 141.53, 55, 0x0000000000000000, Not Active, Not Active
2026/09/30 14:25:14.800, 2685, 13365, 141.53, 55, 0x0000000000000000, Not Active, Not Active
2026/09/30 14:25:14.901, 2685, 13365, 141.53, 55, 0x0000000000000000, Not Active, Not Active
2026/09/30 14:25:15.001, 2685, 13365, 141.53, 55, 0x0000000000000000, Not Active, Not Active
2026/09/30 14:25:15.102, 2685, 13365, 134.78, 54, 0x0000000000000000, Not Active, Not Active
2026/09/30 14:25:15.202, 2685, 13365, 134.78, 54, 0x0000000000000000, Not Active, Not Active
2026/09/30 14:25:15.302, 2685, 13365, 134.78, 54, 0x0000000000000000, Not Active, Not Active
2026/09/30 14:25:15.402, 2685, 13365, 134.78, 54, 0x0000000000000000, Not Active, Not Active
2026/09/30 14:25:15.502, 2685, 13365, 134.78, 54, 0x0000000000000000, Not Active, Not Active
2026/09/30 14:25:15.602, 2685, 13365, 133.32, 55, 0x0000000000000000, Not Active, Not Active
2026/09/30 14:25:15.702, 2685, 13365, 133.32, 55, 0x0000000000000000, Not Active, Not Active
2026/09/30 14:25:15.802, 2685, 13365, 133.32, 55, 0x0000000000000000, Not Active, Not Active
2026/09/30 14:25:15.903, 2685, 13365, 133.32, 55, 0x0000000000000000, Not Active, Not Active
2026/09/30 14:25:16.003, 2685, 13365, 133.32, 55, 0x0000000000000000, Not Active, Not Active
2026/09/30 14:25:16.103, 2662, 13365, 138.46, 55, 0x0000000000000000, Not Active, Not Active
2026/09/30 14:25:16.203, 2662, 13365, 138.46, 55, 0x0000000000000000, Not Active, Not Active
2026/09/30 14:25:16.303, 2662, 13365, 138.46, 55, 0x0000000000000000, Not Active, Not Active
2026/09/30 14:25:16.403, 2662, 13365, 138.46, 55, 0x0000000000000000, Not Active, Not Active
2026/09/30 14:25:16.503, 2662, 13365, 138.46, 55, 0x0000000000000000, Not Active, Not Active
2026/09/30 14:25:16.603, 2655, 13365, 139.20, 55, 0x0000000000000000, Not Active, Not Active
2026/09/30 14:25:16.704, 2655, 13365, 139.20, 55, 0x0000000000000000, Not Active, Not Active
2026/09/30 14:25:16.804, 2655, 13365, 139.20, 55, 0x0000000000000000, Not Active, Not Active
2026/09/30 14:25:16.904, 2655, 13365, 139.20, 55, 0x0000000000000000, Not Active, Not Active
2026/09/30 14:25:17.004, 2655, 13365, 139.20, 55, 0x0000000000000000, Not Active, Not Active
2026/09/30 14:25:17.104, 2655, 13365, 135.58, 55, 0x0000000000000000, Not Active, Not Active
2026/09/30 14:25:17.204, 2655, 13365, 135.58, 55, 0x0000000000000000, Not Active, Not Active
2026/09/30 14:25:17.304, 2655, 13365, 135.58, 55, 0x0000000000000000, Not Active, Not Active
2026/09/30 14:25:17.404, 2655, 13365, 135.58, 55, 0x0000000000000000, Not Active, Not Active
2026/09/30 14:25:17.504, 2655, 13365, 135.58, 55, 0x0000000000000000, Not Active, Not Active
2026/09/30 14:25:17.605, 2647, 13365, 140.51, 56, 0x0000000000000000, Not Active, Not Active
2026/09/30 14:25:17.705, 2647, 13365, 140.51, 56, 0x0000000000000000, Not Active, Not Active
2026/09/30 14:25:17.805, 2647, 13365, 140.51, 56, 0x0000000000000000, Not Active, Not Active
2026/09/30 14:25:17.905, 2647, 13365, 140.51, 56, 0x0000000000000000, Not Active, Not Active
2026/09/30 14:25:18.005, 2647, 13365, 140.51, 56, 0x0000000000000000, Not Active, Not Active
2026/09/30 14:25:18.105, 2670, 13365, 146.03, 54, 0x0000000000000000, Not Active, Not Active
2026/09/30 14:25:18.205, 2670, 13365, 146.03, 54, 0x0000000000000000, Not Active, Not Active
2026/09/30 14:25:18.305, 2670, 13365, 146.03, 54, 0x0000000000000000, Not Active, Not Active
2026/09/30 14:25:18.406, 2670, 13365, 146.03, 54, 0x0000000000000000, Not Active, Not Active
2026/09/30 14:25:18.506, 2670, 13365, 146.03, 54, 0x0000000000000000, Not Active, Not Active
2026/09/30 14:25:18.606, 2640, 13365, 144.11, 56, 0x0000000000000000, Not Active, Not Active
2026/09/30 14:25:18.706, 2640, 13365, 144.11, 56, 0x0000000000000000, Not Active, Not Active
2026/09/30 14:25:18.806, 2640, 13365, 144.11, 56, 0x0000000000000000, Not Active, Not Active
2026/09/30 14:25:18.906, 2640, 13365, 144.11, 56, 0x0000000000000000, Not Active, Not Active
2026/09/30 14:25:19.006, 2640, 13365, 144.11, 56, 0x0000000000000000, Not Active, Not Active
2026/09/30 14:25:19.107, 2655, 13365, 142.65, 55, 0x0000000000000000, Not Active, Not Active
2026/09/30 14:25:19.208, 2655, 13365, 142.65, 55, 0x0000000000000000, Not Active, Not Active
2026/09/30 14:25:19.308, 2655, 13365, 142.65, 55, 0x0000000000000000, Not Active, Not Active
2026/09/30 14:25:19.409, 2655, 13365, 142.65, 55, 0x0000000000000000, Not Active, Not Active
2026/09/30 14:25:19.509, 2655, 13365, 142.65, 55, 0x0000000000000000, Not Active, Not Active
2026/09/30 14:25:19.610, 2647, 13365, 152.71, 55, 0x0000000000000000, Not Active, Not Active
2026/09/30 14:25:19.710, 2647, 13365, 152.71, 55, 0x0000000000000000, Not Active, Not Active
2026/09/30 14:25:19.810, 2647, 13365, 152.71, 55, 0x0000000000000000, Not Active, Not Active
2026/09/30 14:25:19.910, 2647, 13365, 152.71, 55, 0x0000000000000000, Not Active, Not Active
2026/09/30 14:25:20.010, 2647, 13365, 152.71, 55, 0x0000000000000000, Not Active, Not Active
2026/09/30 14:25:20.110, 2640, 13365, 154.65, 55, 0x0000000000000000, Not Active, Not Active
2026/09/30 14:25:20.211, 2640, 13365, 154.65, 55, 0x0000000000000000, Not Active, Not Active
2026/09/30 14:25:20.311, 2640, 13365, 154.65, 55, 0x0000000000000000, Not Active, Not Active
2026/09/30 14:25:20.411, 2640, 13365, 154.65, 55, 0x0000000000000000, Not Active, Not Active
2026/09/30 14:25:20.511, 2640, 13365, 154.65, 55, 0x0000000000000000, Not Active, Not Active
2026/09/30 14:25:20.611, 2617, 13365, 144.81, 56, 0x0000000000000000, Not Active, Not Active
2026/09/30 14:25:20.711, 2617, 13365, 144.81, 56, 0x0000000000000000, Not Active, Not Active
2026/09/30 14:25:20.811, 2617, 13365, 144.81, 56, 0x0000000000000000, Not Active, Not Active
2026/09/30 14:25:20.911, 2617, 13365, 144.81, 56, 0x0000000000000000, Not Active, Not Active
2026/09/30 14:25:21.012, 2617, 13365, 144.81, 56, 0x0000000000000000, Not Active, Not Active
2026/09/30 14:25:21.112, 2640, 13365, 158.04, 57, 0x0000000000000000, Not Active, Not Active
2026/09/30 14:25:21.212, 2640, 13365, 158.04, 57, 0x0000000000000000, Not Active, Not Active
2026/09/30 14:25:21.313, 2640, 13365, 158.04, 57, 0x0000000000000000, Not Active, Not Active
2026/09/30 14:25:21.413, 2640, 13365, 158.04, 57, 0x0000000000000000, Not Active, Not Active
2026/09/30 14:25:21.513, 2640, 13365, 158.04, 57, 0x0000000000000000, Not Active, Not Active
2026/09/30 14:25:21.614, 2632, 13365, 180.26, 58, 0x0000000000000000, Not Active, Not Active
2026/09/30 14:25:21.715, 2632, 13365, 180.26, 58, 0x0000000000000000, Not Active, Not Active
2026/09/30 14:25:21.815, 2632, 13365, 180.26, 58, 0x0000000000000000, Not Active, Not Active
2026/09/30 14:25:21.916, 2632, 13365, 180.26, 58, 0x0000000000000000, Not Active, Not Active
2026/09/30 14:25:22.016, 2632, 13365, 180.26, 58, 0x0000000000000000, Not Active, Not Active
2026/09/30 14:25:22.116, 2625, 13365, 174.59, 56, 0x0000000000000000, Not Active, Not Active
2026/09/30 14:25:22.216, 2625, 13365, 174.59, 56, 0x0000000000000000, Not Active, Not Active
2026/09/30 14:25:22.317, 2625, 13365, 174.59, 56, 0x0000000000000000, Not Active, Not Active
2026/09/30 14:25:22.418, 2625, 13365, 174.59, 56, 0x0000000000000000, Not Active, Not Active
2026/09/30 14:25:22.518, 2625, 13365, 174.59, 56, 0x0000000000000000, Not Active, Not Active
2026/09/30 14:25:22.618, 2610, 13365, 146.48, 54, 0x0000000000000000, Not Active, Not Active
2026/09/30 14:25:22.719, 2610, 13365, 146.48, 54, 0x0000000000000000, Not Active, Not Active
2026/09/30 14:25:22.819, 2610, 13365, 146.48, 54, 0x0000000000000000, Not Active, Not Active
2026/09/30 14:25:22.919, 2610, 13365, 146.48, 54, 0x0000000000000000, Not Active, Not Active
2026/09/30 14:25:23.020, 2610, 13365, 146.48, 54, 0x0000000000000000, Not Active, Not Active
2026/09/30 14:25:23.120, 2587, 13365, 150.49, 55, 0x0000000000000000, Not Active, Not Active
2026/09/30 14:25:23.221, 2587, 13365, 150.49, 55, 0x0000000000000000, Not Active, Not Active
2026/09/30 14:25:23.322, 2587, 13365, 150.49, 55, 0x0000000000000000, Not Active, Not Active
2026/09/30 14:25:23.422, 2587, 13365, 150.49, 55, 0x0000000000000000, Not Active, Not Active
2026/09/30 14:25:23.522, 2587, 13365, 150.49, 55, 0x0000000000000000, Not Active, Not Active
2026/09/30 14:25:23.622, 2587, 13365, 198.25, 57, 0x0000000000000000, Not Active, Not Active
2026/09/30 14:25:23.722, 2587, 13365, 198.25, 57, 0x0000000000000000, Not Active, Not Active
2026/09/30 14:25:23.822, 2587, 13365, 198.25, 57, 0x0000000000000000, Not Active, Not Active
2026/09/30 14:25:23.923, 2587, 13365, 198.25, 57, 0x0000000000000000, Not Active, Not Active
2026/09/30 14:25:24.023, 2587, 13365, 198.25, 57, 0x0000000000000000, Not Active, Not Active
2026/09/30 14:25:24.123, 2587, 13365, 216.23, 57, 0x0000000000000000, Not Active, Not Active
2026/09/30 14:25:24.223, 2587, 13365, 216.23, 57, 0x0000000000000000, Not Active, Not Active
2026/09/30 14:25:24.323, 2587, 13365, 216.23, 57, 0x0000000000000000, Not Active, Not Active
2026/09/30 14:25:24.423, 2587, 13365, 216.23, 57, 0x0000000000000000, Not Active, Not Active
2026/09/30 14:25:24.523, 2587, 13365, 216.23, 57, 0x0000000000000000, Not Active, Not Active
2026/09/30 14:25:24.623, 2602, 13365, 205.55, 57, 0x0000000000000000, Not Active, Not Active
2026/09/30 14:25:24.724, 2602, 13365, 205.55, 57, 0x0000000000000000, Not Active, Not Active
2026/09/30 14:25:24.824, 2602, 13365, 205.55, 57, 0x0000000000000000, Not Active, Not Active
2026/09/30 14:25:24.924, 2602, 13365, 205.55, 57, 0x0000000000000000, Not Active, Not Active
2026/09/30 14:25:25.024, 2602, 13365, 205.55, 57, 0x0000000000000000, Not Active, Not Active
2026/09/30 14:25:25.124, 2685, 13365, 174.24, 55, 0x0000000000000000, Not Active, Not Active
2026/09/30 14:25:25.224, 2685, 13365, 174.24, 55, 0x0000000000000000, Not Active, Not Active
2026/09/30 14:25:25.324, 2685, 13365, 174.24, 55, 0x0000000000000000, Not Active, Not Active
2026/09/30 14:25:25.425, 2685, 13365, 174.24, 55, 0x0000000000000000, Not Active, Not Active
2026/09/30 14:25:25.525, 2685, 13365, 174.24, 55, 0x0000000000000000, Not Active, Not Active
2026/09/30 14:25:25.625, 2692, 13365, 140.77, 55, 0x0000000000000000, Not Active, Not Active
2026/09/30 14:25:25.725, 2692, 13365, 140.77, 55, 0x0000000000000000, Not Active, Not Active
2026/09/30 14:25:25.825, 2692, 13365, 140.77, 55, 0x0000000000000000, Not Active, Not Active
2026/09/30 14:25:25.926, 2692, 13365, 140.77, 55, 0x0000000000000000, Not Active, Not Active
2026/09/30 14:25:26.026, 2692, 13365, 140.77, 55, 0x0000000000000000, Not Active, Not Active
2026/09/30 14:25:26.126, 2685, 13365, 136.69, 55, 0x0000000000000000, Not Active, Not Active
2026/09/30 14:25:26.226, 2685, 13365, 136.69, 55, 0x0000000000000000, Not Active, Not Active
2026/09/30 14:25:26.326, 2685, 13365, 136.69, 55, 0x0000000000000000, Not Active, Not Active
2026/09/30 14:25:26.426, 2685, 13365, 136.69, 55, 0x0000000000000000, Not Active, Not Active
2026/09/30 14:25:26.526, 2685, 13365, 136.69, 55, 0x0000000000000000, Not Active, Not Active
2026/09/30 14:25:26.627, 2677, 13365, 138.49, 56, 0x0000000000000000, Not Active, Not Active
2026/09/30 14:25:26.727, 2677, 13365, 138.49, 56, 0x0000000000000000, Not Active, Not Active
2026/09/30 14:25:26.827, 2677, 13365, 138.49, 56, 0x0000000000000000, Not Active, Not Active
2026/09/30 14:25:26.927, 2677, 13365, 138.49, 56, 0x0000000000000000, Not Active, Not Active
2026/09/30 14:25:27.027, 2677, 13365, 138.49, 56, 0x0000000000000000, Not Active, Not Active
2026/09/30 14:25:27.127, 2692, 13365, 133.44, 55, 0x0000000000000000, Not Active, Not Active
2026/09/30 14:25:27.228, 2692, 13365, 133.44, 55, 0x0000000000000000, Not Active, Not Active
2026/09/30 14:25:27.328, 2692, 13365, 133.44, 55, 0x0000000000000000, Not Active, Not Active
2026/09/30 14:25:27.428, 2692, 13365, 133.44, 55, 0x0000000000000000, Not Active, Not Active
2026/09/30 14:25:27.528, 2692, 13365, 133.44, 55, 0x0000000000000000, Not Active, Not Active
2026/09/30 14:25:27.628, 2692, 13365, 135.93, 55, 0x0000000000000000, Not Active, Not Active
2026/09/30 14:25:27.728, 2692, 13365, 135.93, 55, 0x0000000000000000, Not Active, Not Active
2026/09/30 14:25:27.828, 2692, 13365, 135.93, 55, 0x0000000000000000, Not Active, Not Active
2026/09/30 14:25:27.929, 2692, 13365, 135.93, 55, 0x0000000000000000, Not Active, Not Active
2026/09/30 14:25:28.029, 2692, 13365, 135.93, 55, 0x0000000000000000, Not Active, Not Active
2026/09/30 14:25:28.129, 2647, 13365, 128.90, 55, 0x0000000000000000, Not Active, Not Active
2026/09/30 14:25:28.229, 2647, 13365, 128.90, 55, 0x0000000000000000, Not Active, Not Active
2026/09/30 14:25:28.329, 2647, 13365, 128.90, 55, 0x0000000000000000, Not Active, Not Active
2026/09/30 14:25:28.429, 2647, 13365, 128.90, 55, 0x0000000000000000, Not Active, Not Active
2026/09/30 14:25:28.529, 2647, 13365, 128.90, 55, 0x0000000000000000, Not Active, Not Active
2026/09/30 14:25:28.630, 2647, 13365, 125.39, 55, 0x0000000000000000, Not Active, Not Active
2026/09/30 14:25:28.730, 2647, 13365, 125.39, 55, 0x0000000000000000, Not Active, Not Active
2026/09/30 14:25:28.830, 2647, 13365, 125.39, 55, 0x0000000000000000, Not Active, Not Active
2026/09/30 14:25:28.931, 2647, 13365, 125.39, 55, 0x0000000000000000, Not Active, Not Active
2026/09/30 14:25:29.031, 2647, 13365, 125.39, 55, 0x0000000000000000, Not Active, Not Active
2026/09/30 14:25:29.131, 2677, 13365, 129.15, 54, 0x0000000000000000, Not Active, Not Active
2026/09/30 14:25:29.231, 2677, 13365, 129.15, 54, 0x0000000000000000, Not Active, Not Active
2026/09/30 14:25:29.332, 2677, 13365, 129.15, 54, 0x0000000000000000, Not Active, Not Active
2026/09/30 14:25:29.432, 2677, 13365, 129.15, 54, 0x0000000000000000, Not Active, Not Active
2026/09/30 14:25:29.532, 2677, 13365, 129.15, 54, 0x0000000000000000, Not Active, Not Active
2026/09/30 14:25:29.632, 2692, 13365, 133.89, 55, 0x0000000000000000, Not Active, Not Active
2026/09/30 14:25:29.733, 2692, 13365, 133.89, 55, 0x0000000000000000, Not Active, Not Active
2026/09/30 14:25:29.833, 2692, 13365, 133.89, 55, 0x0000000000000000, Not Active, Not Active
2026/09/30 14:25:29.933, 2692, 13365, 133.89, 55, 0x0000000000000000, Not Active, Not Active
2026/09/30 14:25:30.033, 2692, 13365, 133.89, 55, 0x0000000000000000, Not Active, Not Active
2026/09/30 14:25:30.133, 2685, 13365, 137.12, 55, 0x0000000000000000, Not Active, Not Active
2026/09/30 14:25:30.234, 2685, 13365, 137.12, 55, 0x0000000000000000, Not Active, Not Active
2026/09/30 14:25:30.334, 2685, 13365, 137.12, 55, 0x0000000000000000, Not Active, Not Active
2026/09/30 14:25:30.434, 2685, 13365, 137.12, 55, 0x0000000000000000, Not Active, Not Active
2026/09/30 14:25:30.534, 2685, 13365, 137.12, 55, 0x0000000000000000, Not Active, Not Active
2026/09/30 14:25:30.634, 2685, 13365, 133.52, 55, 0x0000000000000000, Not Active, Not Active
2026/09/30 14:25:30.734, 2685, 13365, 133.52, 55, 0x0000000000000000, Not Active, Not Active
2026/09/30 14:25:30.834, 2685, 13365, 133.52, 55, 0x0000000000000000, Not Active, Not Active
2026/09/30 14:25:30.934, 2685, 13365, 133.52, 55, 0x0000000000000000, Not Active, Not Active
2026/09/30 14:25:31.035, 2685, 13365, 133.52, 55, 0x0000000000000000, Not Active, Not Active
2026/09/30 14:25:31.135, 2692, 13365, 135.48, 55, 0x0000000000000000, Not Active, Not Active
2026/09/30 14:25:31.235, 2692, 13365, 135.48, 55, 0x0000000000000000, Not Active, Not Active
2026/09/30 14:25:31.335, 2692, 13365, 135.48, 55, 0x0000000000000000, Not Active, Not Active
2026/09/30 14:25:31.435, 2692, 13365, 135.48, 55, 0x0000000000000000, Not Active, Not Active
2026/09/30 14:25:31.535, 2692, 13365, 135.48, 55, 0x0000000000000000, Not Active, Not Active
2026/09/30 14:25:31.635, 2655, 13365, 135.18, 56, 0x0000000000000000, Not Active, Not Active
2026/09/30 14:25:31.736, 2655, 13365, 135.18, 56, 0x0000000000000000, Not Active, Not Active
2026/09/30 14:25:31.836, 2655, 13365, 135.18, 56, 0x0000000000000000, Not Active, Not Active
2026/09/30 14:25:31.936, 2655, 13365, 135.18, 56, 0x0000000000000000, Not Active, Not Active
2026/09/30 14:25:32.036, 2655, 13365, 135.18, 56, 0x0000000000000000, Not Active, Not Active
2026/09/30 14:25:32.136, 2655, 13365, 134.16, 55, 0x0000000000000000, Not Active, Not Active
2026/09/30 14:25:32.236, 2655, 13365, 134.16, 55, 0x0000000000000000, Not Active, Not Active
2026/09/30 14:25:32.336, 2655, 13365, 134.16, 55, 0x0000000000000000, Not Active, Not Active
2026/09/30 14:25:32.436, 2655, 13365, 134.16, 55, 0x0000000000000000, Not Active, Not Active
2026/09/30 14:25:32.537, 2655, 13365, 134.16, 55, 0x0000000000000000, Not Active, Not Active
2026/09/30 14:25:32.637, 2647, 13365, 131.68, 55, 0x0000000000000000, Not Active, Not Active
2026/09/30 14:25:32.737, 2647, 13365, 131.68, 55, 0x0000000000000000, Not Active, Not Active
2026/09/30 14:25:32.837, 2647, 13365, 131.68, 55, 0x0000000000000000, Not Active, Not Active
2026/09/30 14:25:32.937, 2647, 13365, 131.68, 55, 0x0000000000000000, Not Active, Not Active
2026/09/30 14:25:33.037, 2647, 13365, 131.68, 55, 0x0000000000000000, Not Active, Not Active
2026/09/30 14:25:33.137, 2662, 13365, 130.48, 54, 0x0000000000000000, Not Active, Not Active
2026/09/30 14:25:33.237, 2662, 13365, 130.48, 54, 0x0000000000000000, Not Active, Not Active
2026/09/30 14:25:33.338, 2662, 13365, 130.48, 54, 0x0000000000000000, Not Active, Not Active
2026/09/30 14:25:33.438, 2662, 13365, 130.48, 54, 0x0000000000000000, Not Active, Not Active
2026/09/30 14:25:33.538, 2662, 13365, 130.48, 54, 0x0000000000000000, Not Active, Not Active
2026/09/30 14:25:33.638, 2677, 13365, 131.91, 55, 0x0000000000000000, Not Active, Not Active
2026/09/30 14:25:33.738, 2677, 13365, 131.91, 55, 0x0000000000000000, Not Active, Not Active
2026/09/30 14:25:33.838, 2677, 13365, 131.91, 55, 0x0000000000000000, Not Active, Not Active
2026/09/30 14:25:33.938, 2677, 13365, 131.91, 55, 0x0000000000000000, Not Active, Not Active
2026/09/30 14:25:34.038, 2677, 13365, 131.91, 55, 0x0000000000000000, Not Active, Not Active
2026/09/30 14:25:34.139, 2677, 13365, 133.08, 55, 0x0000000000000000, Not Active, Not Active
2026/09/30 14:25:34.239, 2677, 13365, 133.08, 55, 0x0000000000000000, Not Active, Not Active
2026/09/30 14:25:34.339, 2677, 13365, 133.08, 55, 0x0000000000000000, Not Active, Not Active
2026/09/30 14:25:34.439, 2677, 13365, 133.08, 55, 0x0000000000000000, Not Active, Not Active
2026/09/30 14:25:34.539, 2677, 13365, 133.08, 55, 0x0000000000000000, Not Active, Not Active
2026/09/30 14:25:34.639, 2647, 13365, 132.19, 55, 0x0000000000000000, Not Active, Not Active
2026/09/30 14:25:34.739, 2647, 13365, 132.19, 55, 0x0000000000000000, Not Active, Not Active
2026/09/30 14:25:34.839, 2647, 13365, 132.19, 55, 0x0000000000000000, Not Active, Not Active
2026/09/30 14:25:34.940, 2647, 13365, 132.19, 55, 0x0000000000000000, Not Active, Not Active
2026/09/30 14:25:35.040, 2647, 13365, 132.19, 55, 0x0000000000000000, Not Active, Not Active
2026/09/30 14:25:35.140, 2655, 13365, 130.60, 55, 0x0000000000000000, Not Active, Not Active
2026/09/30 14:25:35.240, 2655, 13365, 130.60, 55, 0x0000000000000000, Not Active, Not Active
2026/09/30 14:25:35.340, 2655, 13365, 130.60, 55, 0x0000000000000000, Not Active, Not Active
2026/09/30 14:25:35.440, 2655, 13365, 130.60, 55, 0x0000000000000000, Not Active, Not Active
2026/09/30 14:25:35.540, 2655, 13365, 130.60, 55, 0x0000000000000000, Not Active, Not Active
2026/09/30 14:25:35.641, 2670, 13365, 137.23, 55, 0x0000000000000000, Not Active, Not Active
2026/09/30 14:25:35.741, 2670, 13365, 137.23, 55, 0x0000000000000000, Not Active, Not Active
2026/09/30 14:25:35.841, 2670, 13365, 137.23, 55, 0x0000000000000000, Not Active, Not Active
2026/09/30 14:25:35.941, 2670, 13365, 137.23, 55, 0x0000000000000000, Not Active, Not Active
2026/09/30 14:25:36.041, 2670, 13365, 137.23, 55, 0x0000000000000000, Not Active, Not Active
2026/09/30 14:25:36.141, 2677, 13365, 143.52, 55, 0x0000000000000000, Not Active, Not Active
2026/09/30 14:25:36.241, 2677, 13365, 143.52, 55, 0x0000000000000000, Not Active, Not Active
2026/09/30 14:25:36.341, 2677, 13365, 143.52, 55, 0x0000000000000000, Not Active, Not Active
2026/09/30 14:25:36.442, 2677, 13365, 143.52, 55, 0x0000000000000000, Not Active, Not Active
2026/09/30 14:25:36.542, 2677, 13365, 143.52, 55, 0x0000000000000000, Not Active, Not Active
2026/09/30 14:25:36.642, 2670, 13365, 132.12, 54, 0x0000000000000000, Not Active, Not Active
2026/09/30 14:25:36.742, 2670, 13365, 132.12, 54, 0x0000000000000000, Not Active, Not Active
2026/09/30 14:25:36.842, 2670, 13365, 132.12, 54, 0x0000000000000000, Not Active, Not Active
2026/09/30 14:25:36.942, 2670, 13365, 132.12, 54, 0x0000000000000000, Not Active, Not Active
2026/09/30 14:25:37.042, 2670, 13365, 132.12, 54, 0x0000000000000000, Not Active, Not Active
2026/09/30 14:25:37.143, 2640, 13365, 137.51, 55, 0x0000000000000000, Not Active, Not Active
2026/09/30 14:25:37.243, 2640, 13365, 137.51, 55, 0x0000000000000000, Not Active, Not Active
2026/09/30 14:25:37.343, 2640, 13365, 137.51, 55, 0x0000000000000000, Not Active, Not Active
2026/09/30 14:25:37.443, 2640, 13365, 137.51, 55, 0x0000000000000000, Not Active, Not Active
2026/09/30 14:25:37.543, 2640, 13365, 137.51, 55, 0x0000000000000000, Not Active, Not Active
2026/09/30 14:25:37.644, 2640, 13365, 144.66, 55, 0x0000000000000000, Not Active, Not Active
2026/09/30 14:25:37.744, 2640, 13365, 144.66, 55, 0x0000000000000000, Not Active, Not Active
2026/09/30 14:25:37.844, 2640, 13365, 144.66, 55, 0x0000000000000000, Not Active, Not Active
2026/09/30 14:25:37.944, 2640, 13365, 144.66, 55, 0x0000000000000000, Not Active, Not Active
2026/09/30 14:25:38.044, 2640, 13365, 144.66, 55, 0x0000000000000000, Not Active, Not Active
2026/09/30 14:25:38.144, 2647, 13365, 148.40, 55, 0x0000000000000000, Not Active, Not Active
2026/09/30 14:25:38.244, 2647, 13365, 148.40, 55, 0x0000000000000000, Not Active, Not Active
2026/09/30 14:25:38.345, 2647, 13365, 148.40, 55, 0x0000000000000000, Not Active, Not Active
2026/09/30 14:25:38.445, 2647, 13365, 148.40, 55, 0x0000000000000000, Not Active, Not Active
2026/09/30 14:25:38.545, 2647, 13365, 148.40, 55, 0x0000000000000000, Not Active, Not Active
2026/09/30 14:25:38.645, 2632, 13365, 152.61, 56, 0x0000000000000000, Not Active, Not Active
2026/09/30 14:25:38.745, 2632, 13365, 152.61, 56, 0x0000000000000000, Not Active, Not Active
2026/09/30 14:25:38.845, 2632, 13365, 152.61, 56, 0x0000000000000000, Not Active, Not Active
2026/09/30 14:25:38.945, 2632, 13365, 152.61, 56, 0x0000000000000000, Not Active, Not Active
2026/09/30 14:25:39.045, 2632, 13365, 152.61, 56, 0x0000000000000000, Not Active, Not Active
2026/09/30 14:25:39.146, 2640, 13365, 161.64, 57, 0x0000000000000000, Not Active, Not Active
2026/09/30 14:25:39.246, 2640, 13365, 161.64, 57, 0x0000000000000000, Not Active, Not Active
2026/09/30 14:25:39.346, 2640, 13365, 161.64, 57, 0x0000000000000000, Not Active, Not Active
2026/09/30 14:25:39.446, 2640, 13365, 161.64, 57, 0x0000000000000000, Not Active, Not Active
2026/09/30 14:25:39.546, 2640, 13365, 161.64, 57, 0x0000000000000000, Not Active, Not Active
2026/09/30 14:25:39.646, 2632, 13365, 159.26, 56, 0x0000000000000000, Not Active, Not Active
2026/09/30 14:25:39.746, 2632, 13365, 159.26, 56, 0x0000000000000000, Not Active, Not Active
2026/09/30 14:25:39.847, 2632, 13365, 159.26, 56, 0x0000000000000000, Not Active, Not Active
2026/09/30 14:25:39.947, 2632, 13365, 159.26, 56, 0x0000000000000000, Not Active, Not Active
2026/09/30 14:25:40.047, 2632, 13365, 159.26, 56, 0x0000000000000000, Not Active, Not Active
2026/09/30 14:25:40.147, 2625, 13365, 158.04, 55, 0x0000000000000000, Not Active, Not Active
2026/09/30 14:25:40.247, 2625, 13365, 158.04, 55, 0x0000000000000000, Not Active, Not Active
2026/09/30 14:25:40.347, 2625, 13365, 158.04, 55, 0x0000000000000000, Not Active, Not Active
2026/09/30 14:25:40.447, 2625, 13365, 158.04, 55, 0x0000000000000000, Not Active, Not Active
2026/09/30 14:25:40.547, 2625, 13365, 158.04, 55, 0x0000000000000000, Not Active, Not Active
2026/09/30 14:25:40.648, 2602, 13365, 159.61, 59, 0x0000000000000000, Not Active, Not Active
2026/09/30 14:25:40.748, 2602, 13365, 159.61, 59, 0x0000000000000000, Not Active, Not Active
2026/09/30 14:25:40.848, 2602, 13365, 159.61, 59, 0x0000000000000000, Not Active, Not Active
2026/09/30 14:25:40.948, 2602, 13365, 159.61, 59, 0x0000000000000000, Not Active, Not Active
2026/09/30 14:25:41.048, 2602, 13365, 159.61, 59, 0x0000000000000000, Not Active, Not Active
2026/09/30 14:25:41.148, 2610, 13365, 174.07, 59, 0x0000000000000000, Not Active, Not Active
2026/09/30 14:25:41.248, 2610, 13365, 174.07, 59, 0x0000000000000000, Not Active, Not Active
2026/09/30 14:25:41.348, 2610, 13365, 174.07, 59, 0x0000000000000000, Not Active, Not Active
2026/09/30 14:25:41.449, 2610, 13365, 174.07, 59, 0x0000000000000000, Not Active, Not Active
2026/09/30 14:25:41.549, 2610, 13365, 174.07, 59, 0x0000000000000000, Not Active, Not Active
2026/09/30 14:25:41.649, 2610, 13365, 185.79, 57, 0x0000000000000000, Not Active, Not Active
2026/09/30 14:25:41.749, 2610, 13365, 185.79, 57, 0x0000000000000000, Not Active, Not Active
2026/09/30 14:25:41.850, 2610, 13365, 185.79, 57, 0x0000000000000000, Not Active, Not Active
2026/09/30 14:25:41.950, 2610, 13365, 185.79, 57, 0x0000000000000000, Not Active, Not Active
2026/09/30 14:25:42.050, 2610, 13365, 185.79, 57, 0x0000000000000000, Not Active, Not Active
2026/09/30 14:25:42.150, 2610, 13365, 195.10, 57, 0x0000000000000000, Not Active, Not Active
2026/09/30 14:25:42.251, 2610, 13365, 195.10, 57, 0x0000000000000000, Not Active, Not Active
2026/09/30 14:25:42.351, 2610, 13365, 195.10, 57, 0x0000000000000000, Not Active, Not Active
2026/09/30 14:25:42.451, 2610, 13365, 195.10, 57, 0x0000000000000000, Not Active, Not Active
2026/09/30 14:25:42.551, 2610, 13365, 195.10, 57, 0x0000000000000000, Not Active, Not Active
2026/09/30 14:25:42.651, 2610, 13365, 158.44, 54, 0x0000000000000000, Not Active, Not Active
2026/09/30 14:25:42.752, 2610, 13365, 158.44, 54, 0x0000000000000000, Not Active, Not Active
2026/09/30 14:25:42.852, 2610, 13365, 158.44, 54, 0x0000000000000000, Not Active, Not Active
2026/09/30 14:25:42.952, 2610, 13365, 158.44, 54, 0x0000000000000000, Not Active, Not Active
2026/09/30 14:25:43.052, 2610, 13365, 158.44, 54, 0x0000000000000000, Not Active, Not Active
2026/09/30 14:25:43.152, 2542, 13365, 186.83, 61, 0x0000000000000000, Not Active, Not Active
2026/09/30 14:25:43.252, 2542, 13365, 186.83, 61, 0x0000000000000000, Not Active, Not Active
2026/09/30 14:25:43.353, 2542, 13365, 186.83, 61, 0x0000000000000000, Not Active, Not Active
2026/09/30 14:25:43.453, 2542, 13365, 186.83, 61, 0x0000000000000000, Not Active, Not Active
2026/09/30 14:25:43.554, 2542, 13365, 186.83, 61, 0x0000000000000000, Not Active, Not Active
2026/09/30 14:25:43.654, 2557, 13365, 249.46, 60, 0x0000000000000000, Not Active, Not Active
2026/09/30 14:25:43.754, 2557, 13365, 249.46, 60, 0x0000000000000000, Not Active, Not Active
2026/09/30 14:25:43.854, 2557, 13365, 249.46, 60, 0x0000000000000000, Not Active, Not Active
2026/09/30 14:25:43.955, 2557, 13365, 249.46, 60, 0x0000000000000000, Not Active, Not Active
2026/09/30 14:25:44.055, 2557, 13365, 249.46, 60, 0x0000000000000000, Not Active, Not Active
2026/09/30 14:25:44.155, 2572, 13365, 234.74, 58, 0x0000000000000000, Not Active, Not Active
2026/09/30 14:25:44.255, 2572, 13365, 234.74, 58, 0x0000000000000000, Not Active, Not Active
2026/09/30 14:25:44.356, 2572, 13365, 234.74, 58, 0x0000000000000000, Not Active, Not Active
2026/09/30 14:25:44.456, 2572, 13365, 234.74, 58, 0x0000000000000000, Not Active, Not Active
2026/09/30 14:25:44.556, 2572, 13365, 234.74, 58, 0x0000000000000000, Not Active, Not Active
2026/09/30 14:25:44.657, 2557, 13365, 234.98, 56, 0x0000000000000000, Not Active, Not Active
2026/09/30 14:25:44.757, 2557, 13365, 234.98, 56, 0x0000000000000000, Not Active, Not Active
2026/09/30 14:25:44.857, 2557, 13365, 234.98, 56, 0x0000000000000000, Not Active, Not Active
2026/09/30 14:25:44.957, 2557, 13365, 234.98, 56, 0x0000000000000000, Not Active, Not Active
2026/09/30 14:25:45.057, 2557, 13365, 234.98, 56, 0x0000000000000000, Not Active, Not Active
2026/09/30 14:25:45.157, 2610, 13365, 167.49, 55, 0x0000000000000000, Not Active, Not Active
2026/09/30 14:25:45.258, 2610, 13365, 167.49, 55, 0x0000000000000000, Not Active, Not Active
2026/09/30 14:25:45.358, 2610, 13365, 167.49, 55, 0x0000000000000000, Not Active, Not Active
2026/09/30 14:25:45.458, 2610, 13365, 167.49, 55, 0x0000000000000000, Not Active, Not Active
2026/09/30 14:25:45.558, 2610, 13365, 167.49, 55, 0x0000000000000000, Not Active, Not Active
2026/09/30 14:25:45.659, 2460, 13365, 216.05, 63, 0x0000000000000000, Not Active, Not Active
2026/09/30 14:25:45.759, 2460, 13365, 216.05, 63, 0x0000000000000000, Not Active, Not Active
2026/09/30 14:25:45.859, 2460, 13365, 216.05, 63, 0x0000000000000000, Not Active, Not Active
2026/09/30 14:25:45.960, 2460, 13365, 216.05, 63, 0x0000000000000000, Not Active, Not Active
2026/09/30 14:25:46.060, 2460, 13365, 216.05, 63, 0x0000000000000000, Not Active, Not Active
2026/09/30 14:25:46.160, 2647, 13365, 323.23, 62, 0x0000000000000000, Not Active, Not Active
2026/09/30 14:25:46.260, 2647, 13365, 323.23, 62, 0x0000000000000000, Not Active, Not Active
2026/09/30 14:25:46.360, 2647, 13365, 323.23, 62, 0x0000000000000000, Not Active, Not Active
2026/09/30 14:25:46.460, 2647, 13365, 323.23, 62, 0x0000000000000000, Not Active, Not Active
2026/09/30 14:25:46.560, 2647, 13365, 323.23, 62, 0x0000000000000000, Not Active, Not Active
2026/09/30 14:25:46.661, 2535, 13365, 325.09, 59, 0x0000000000000000, Not Active, Not Active
2026/09/30 14:25:46.761, 2535, 13365, 325.09, 59, 0x0000000000000000, Not Active, Not Active
2026/09/30 14:25:46.861, 2535, 13365, 325.09, 59, 0x0000000000000000, Not Active, Not Active
2026/09/30 14:25:46.961, 2535, 13365, 325.09, 59, 0x0000000000000000, Not Active, Not Active
2026/09/30 14:25:47.061, 2535, 13365, 325.09, 59, 0x0000000000000000, Not Active, Not Active
2026/09/30 14:25:47.161, 2445, 13365, 327.21, 62, 0x0000000000000000, Not Active, Not Active
2026/09/30 14:25:47.261, 2445, 13365, 327.21, 62, 0x0000000000000000, Not Active, Not Active
2026/09/30 14:25:47.362, 2445, 13365, 327.21, 62, 0x0000000000000000, Not Active, Not Active
2026/09/30 14:25:47.462, 2445, 13365, 327.21, 62, 0x0000000000000000, Not Active, Not Active
2026/09/30 14:25:47.562, 2445, 13365, 327.21, 62, 0x0000000000000000, Not Active, Not Active
2026/09/30 14:25:47.662, 2745, 13365, 271.11, 57, 0x0000000000000000, Not Active, Not Active
2026/09/30 14:25:47.763, 2745, 13365, 271.11, 57, 0x0000000000000000, Not Active, Not Active
2026/09/30 14:25:47.863, 2745, 13365, 271.11, 57, 0x0000000000000000, Not Active, Not Active
2026/09/30 14:25:47.963, 2745, 13365, 271.11, 57, 0x0000000000000000, Not Active, Not Active
2026/09/30 14:25:48.063, 2745, 13365, 271.11, 57, 0x0000000000000000, Not Active, Not Active
2026/09/30 14:25:48.163, 2827, 13365, 204.08, 56, 0x0000000000000000, Not Active, Not Active
2026/09/30 14:25:48.263, 2827, 13365, 204.08, 56, 0x0000000000000000, Not Active, Not Active
2026/09/30 14:25:48.363, 2827, 13365, 204.08, 56, 0x0000000000000000, Not Active, Not Active
2026/09/30 14:25:48.464, 2827, 13365, 204.08, 56, 0x0000000000000000, Not Active, Not Active
2026/09/30 14:25:48.564, 2827, 13365, 204.08, 56, 0x0000000000000000, Not Active, Not Active
2026/09/30 14:25:48.664, 2827, 13365, 144.88, 56, 0x0000000000000000, Not Active, Not Active
2026/09/30 14:25:48.764, 2827, 13365, 144.88, 56, 0x0000000000000000, Not Active, Not Active
2026/09/30 14:25:48.864, 2827, 13365, 144.88, 56, 0x0000000000000000, Not Active, Not Active
2026/09/30 14:25:48.964, 2827, 13365, 144.88, 56, 0x0000000000000000, Not Active, Not Active
2026/09/30 14:25:49.064, 2827, 13365, 144.88, 56, 0x0000000000000000, Not Active, Not Active
2026/09/30 14:25:49.164, 2812, 13365, 142.69, 56, 0x0000000000000000, Not Active, Not Active
2026/09/30 14:25:49.265, 2812, 13365, 142.69, 56, 0x0000000000000000, Not Active, Not Active
2026/09/30 14:25:49.365, 2812, 13365, 142.69, 56, 0x0000000000000000, Not Active, Not Active
2026/09/30 14:25:49.465, 2812, 13365, 142.69, 56, 0x0000000000000000, Not Active, Not Active
2026/09/30 14:25:49.565, 2812, 13365, 142.69, 56, 0x0000000000000000, Not Active, Not Active
2026/09/30 14:25:49.665, 2677, 13365, 137.85, 57, 0x0000000000000000, Not Active, Not Active
2026/09/30 14:25:49.765, 2677, 13365, 137.85, 57, 0x0000000000000000, Not Active, Not Active
2026/09/30 14:25:49.865, 2677, 13365, 137.85, 57, 0x0000000000000000, Not Active, Not Active
2026/09/30 14:25:49.966, 2677, 13365, 137.85, 57, 0x0000000000000000, Not Active, Not Active
2026/09/30 14:25:50.066, 2677, 13365, 137.85, 57, 0x0000000000000000, Not Active, Not Active
2026/09/30 14:25:50.166, 2677, 13365, 132.02, 56, 0x0000000000000000, Not Active, Not Active
2026/09/30 14:25:50.267, 2677, 13365, 132.02, 56, 0x0000000000000000, Not Active, Not Active
2026/09/30 14:25:50.367, 2677, 13365, 132.02, 56, 0x0000000000000000, Not Active, Not Active
2026/09/30 14:25:50.467, 2677, 13365, 132.02, 56, 0x0000000000000000, Not Active, Not Active
2026/09/30 14:25:50.567, 2677, 13365, 132.02, 56, 0x0000000000000000, Not Active, Not Active
2026/09/30 14:25:50.668, 2662, 13365, 136.09, 57, 0x0000000000000000, Not Active, Not Active
2026/09/30 14:25:50.768, 2662, 13365, 136.09, 57, 0x0000000000000000, Not Active, Not Active
2026/09/30 14:25:50.868, 2662, 13365, 136.09, 57, 0x0000000000000000, Not Active, Not Active
2026/09/30 14:25:50.968, 2662, 13365, 136.09, 57, 0x0000000000000000, Not Active, Not Active
2026/09/30 14:25:51.069, 2662, 13365, 136.09, 57, 0x0000000000000000, Not Active, Not Active
2026/09/30 14:25:51.169, 2655, 13365, 132.95, 56, 0x0000000000000000, Not Active, Not Active
2026/09/30 14:25:51.269, 2655, 13365, 132.95, 56, 0x0000000000000000, Not Active, Not Active
2026/09/30 14:25:51.369, 2655, 13365, 132.95, 56, 0x0000000000000000, Not Active, Not Active
2026/09/30 14:25:51.469, 2655, 13365, 132.95, 56, 0x0000000000000000, Not Active, Not Active
2026/09/30 14:25:51.569, 2655, 13365, 132.95, 56, 0x0000000000000000, Not Active, Not Active
2026/09/30 14:25:51.670, 2662, 13365, 132.11, 56, 0x0000000000000000, Not Active, Not Active
2026/09/30 14:25:51.770, 2662, 13365, 132.11, 56, 0x0000000000000000, Not Active, Not Active
2026/09/30 14:25:51.870, 2662, 13365, 132.11, 56, 0x0000000000000000, Not Active, Not Active
2026/09/30 14:25:51.970, 2662, 13365, 132.11, 56, 0x0000000000000000, Not Active, Not Active
2026/09/30 14:25:52.071, 2662, 13365, 132.11, 56, 0x0000000000000000, Not Active, Not Active
2026/09/30 14:25:52.171, 2662, 13365, 136.68, 56, 0x0000000000000000, Not Active, Not Active
2026/09/30 14:25:52.271, 2662, 13365, 136.68, 56, 0x0000000000000000, Not Active, Not Active
2026/09/30 14:25:52.371, 2662, 13365, 136.68, 56, 0x0000000000000000, Not Active, Not Active
2026/09/30 14:25:52.471, 2662, 13365, 136.68, 56, 0x0000000000000000, Not Active, Not Active
2026/09/30 14:25:52.571, 2662, 13365, 136.68, 56, 0x0000000000000000, Not Active, Not Active
2026/09/30 14:25:52.671, 2670, 13365, 135.29, 55, 0x0000000000000000, Not Active, Not Active
2026/09/30 14:25:52.771, 2670, 13365, 135.29, 55, 0x0000000000000000, Not Active, Not Active
2026/09/30 14:25:52.872, 2670, 13365, 135.29, 55, 0x0000000000000000, Not Active, Not Active
2026/09/30 14:25:52.972, 2670, 13365, 135.29, 55, 0x0000000000000000, Not Active, Not Active
2026/09/30 14:25:53.072, 2670, 13365, 135.29, 55, 0x0000000000000000, Not Active, Not Active
2026/09/30 14:25:53.172, 2685, 13365, 139.52, 56, 0x0000000000000000, Not Active, Not Active
2026/09/30 14:25:53.272, 2685, 13365, 139.52, 56, 0x0000000000000000, Not Active, Not Active
2026/09/30 14:25:53.372, 2685, 13365, 139.52, 56, 0x0000000000000000, Not Active, Not Active
2026/09/30 14:25:53.472, 2685, 13365, 139.52, 56, 0x0000000000000000, Not Active, Not Active
2026/09/30 14:25:53.573, 2685, 13365, 139.52, 56, 0x0000000000000000, Not Active, Not Active
2026/09/30 14:25:53.673, 2685, 13365, 139.98, 56, 0x0000000000000000, Not Active, Not Active
2026/09/30 14:25:53.773, 2685, 13365, 139.98, 56, 0x0000000000000000, Not Active, Not Active
2026/09/30 14:25:53.873, 2685, 13365, 139.98, 56, 0x0000000000000000, Not Active, Not Active
2026/09/30 14:25:53.973, 2685, 13365, 139.98, 56, 0x0000000000000000, Not Active, Not Active
2026/09/30 14:25:54.073, 2685, 13365, 139.98, 56, 0x0000000000000000, Not Active, Not Active
2026/09/30 14:25:54.173, 2677, 13365, 134.46, 56, 0x0000000000000000, Not Active, Not Active
2026/09/30 14:25:54.273, 2677, 13365, 134.46, 56, 0x0000000000000000, Not Active, Not Active
2026/09/30 14:25:54.374, 2677, 13365, 134.46, 56, 0x0000000000000000, Not Active, Not Active
2026/09/30 14:25:54.474, 2677, 13365, 134.46, 56, 0x0000000000000000, Not Active, Not Active
2026/09/30 14:25:54.574, 2677, 13365, 134.46, 56, 0x0000000000000000, Not Active, Not Active
2026/09/30 14:25:54.674, 2677, 13365, 133.59, 57, 0x0000000000000000, Not Active, Not Active
2026/09/30 14:25:54.774, 2677, 13365, 133.59, 57, 0x0000000000000000, Not Active, Not Active
2026/09/30 14:25:54.874, 2677, 13365, 133.59, 57, 0x0000000000000000, Not Active, Not Active
2026/09/30 14:25:54.975, 2677, 13365, 133.59, 57, 0x0000000000000000, Not Active, Not Active
2026/09/30 14:25:55.075, 2677, 13365, 133.59, 57, 0x0000000000000000, Not Active, Not Active
2026/09/30 14:25:55.175, 2655, 13365, 137.32, 56, 0x0000000000000000, Not Active, Not Active
2026/09/30 14:25:55.275, 2655, 13365, 137.32, 56, 0x0000000000000000, Not Active, Not Active
2026/09/30 14:25:55.375, 2655, 13365, 137.32, 56, 0x0000000000000000, Not Active, Not Active
2026/09/30 14:25:55.475, 2655, 13365, 137.32, 56, 0x0000000000000000, Not Active, Not Active
2026/09/30 14:25:55.575, 2655, 13365, 137.32, 56, 0x0000000000000000, Not Active, Not Active
2026/09/30 14:25:55.676, 2655, 13365, 135.55, 55, 0x0000000000000000, Not Active, Not Active
2026/09/30 14:25:55.776, 2655, 13365, 135.55, 55, 0x0000000000000000, Not Active, Not Active
2026/09/30 14:25:55.876, 2655, 13365, 135.55, 55, 0x0000000000000000, Not Active, Not Active
2026/09/30 14:25:55.976, 2655, 13365, 135.55, 55, 0x0000000000000000, Not Active, Not Active
2026/09/30 14:25:56.076, 2655, 13365, 135.55, 55, 0x0000000000000000, Not Active, Not Active
2026/09/30 14:25:56.176, 2655, 13365, 135.53, 56, 0x0000000000000000, Not Active, Not Active
2026/09/30 14:25:56.277, 2655, 13365, 135.53, 56, 0x0000000000000000, Not Active, Not Active
2026/09/30 14:25:56.377, 2655, 13365, 135.53, 56, 0x0000000000000000, Not Active, Not Active
2026/09/30 14:25:56.477, 2655, 13365, 135.53, 56, 0x0000000000000000, Not Active, Not Active
2026/09/30 14:25:56.578, 2655, 13365, 135.53, 56, 0x0000000000000000, Not Active, Not Active
2026/09/30 14:25:56.678, 2670, 13365, 135.00, 55, 0x0000000000000000, Not Active, Not Active
2026/09/30 14:25:56.778, 2670, 13365, 135.00, 55, 0x0000000000000000, Not Active, Not Active
2026/09/30 14:25:56.878, 2670, 13365, 135.00, 55, 0x0000000000000000, Not Active, Not Active
2026/09/30 14:25:56.978, 2670, 13365, 135.00, 55, 0x0000000000000000, Not Active, Not Active
2026/09/30 14:25:57.078, 2670, 13365, 135.00, 55, 0x0000000000000000, Not Active, Not Active
2026/09/30 14:25:57.179, 2670, 13365, 138.19, 55, 0x0000000000000000, Not Active, Not Active
2026/09/30 14:25:57.279, 2670, 13365, 138.19, 55, 0x0000000000000000, Not Active, Not Active
2026/09/30 14:25:57.379, 2670, 13365, 138.19, 55, 0x0000000000000000, Not Active, Not Active
2026/09/30 14:25:57.479, 2670, 13365, 138.19, 55, 0x0000000000000000, Not Active, Not Active
2026/09/30 14:25:57.579, 2670, 13365, 138.19, 55, 0x0000000000000000, Not Active, Not Active
2026/09/30 14:25:57.679, 2670, 13365, 137.64, 56, 0x0000000000000000, Not Active, Not Active
2026/09/30 14:25:57.779, 2670, 13365, 137.64, 56, 0x0000000000000000, Not Active, Not Active
2026/09/30 14:25:57.880, 2670, 13365, 137.64, 56, 0x0000000000000000, Not Active, Not Active
2026/09/30 14:25:57.980, 2670, 13365, 137.64, 56, 0x0000000000000000, Not Active, Not Active
2026/09/30 14:25:58.080, 2670, 13365, 137.64, 56, 0x0000000000000000, Not Active, Not Active
2026/09/30 14:25:58.180, 2677, 13365, 143.70, 56, 0x0000000000000000, Not Active, Not Active
2026/09/30 14:25:58.280, 2677, 13365, 143.70, 56, 0x0000000000000000, Not Active, Not Active
2026/09/30 14:25:58.380, 2677, 13365, 143.70, 56, 0x0000000000000000, Not Active, Not Active
2026/09/30 14:25:58.480, 2677, 13365, 143.70, 56, 0x0000000000000000, Not Active, Not Active
2026/09/30 14:25:58.581, 2677, 13365, 143.70, 56, 0x0000000000000000, Not Active, Not Active
2026/09/30 14:25:58.681, 2670, 13365, 144.74, 56, 0x0000000000000000, Not Active, Not Active
2026/09/30 14:25:58.781, 2670, 13365, 144.74, 56, 0x0000000000000000, Not Active, Not Active
2026/09/30 14:25:58.881, 2670, 13365, 144.74, 56, 0x0000000000000000, Not Active, Not Active
2026/09/30 14:25:58.981, 2670, 13365, 144.74, 56, 0x0000000000000000, Not Active, Not Active
2026/09/30 14:25:59.082, 2670, 13365, 144.74, 56, 0x0000000000000000, Not Active, Not Active
2026/09/30 14:25:59.182, 2632, 13365, 141.04, 56, 0x0000000000000000, Not Active, Not Active
2026/09/30 14:25:59.282, 2632, 13365, 141.04, 56, 0x0000000000000000, Not Active, Not Active
2026/09/30 14:25:59.382, 2632, 13365, 141.04, 56, 0x0000000000000000, Not Active, Not Active
2026/09/30 14:25:59.482, 2632, 13365, 141.04, 56, 0x0000000000000000, Not Active, Not Active
2026/09/30 14:25:59.582, 2632, 13365, 141.04, 56, 0x0000000000000000, Not Active, Not Active
2026/09/30 14:25:59.682, 2632, 13365, 136.38, 55, 0x0000000000000000, Not Active, Not Active
2026/09/30 14:25:59.782, 2632, 13365, 136.38, 55, 0x0000000000000000, Not Active, Not Active
2026/09/30 14:25:59.883, 2632, 13365, 136.38, 55, 0x0000000000000000, Not Active, Not Active
2026/09/30 14:25:59.983, 2632, 13365, 136.38, 55, 0x0000000000000000, Not Active, Not Active
2026/09/30 14:26:00.083, 2632, 13365, 136.38, 55, 0x0000000000000000, Not Active, Not Active
2026/09/30 14:26:00.183, 2655, 13365, 144.61, 55, 0x0000000000000000, Not Active, Not Active
2026/09/30 14:26:00.283, 2655, 13365, 144.61, 55, 0x0000000000000000, Not Active, Not Active
2026/09/30 14:26:00.383, 2655, 13365, 144.61, 55, 0x0000000000000000, Not Active, Not Active
2026/09/30 14:26:00.484, 2655, 13365, 144.61, 55, 0x0000000000000000, Not Active, Not Active
2026/09/30 14:26:00.584, 2655, 13365, 144.61, 55, 0x0000000000000000, Not Active, Not Active
2026/09/30 14:26:00.684, 2655, 13365, 152.52, 56, 0x0000000000000000, Not Active, Not Active
2026/09/30 14:26:00.784, 2655, 13365, 152.52, 56, 0x0000000000000000, Not Active, Not Active
2026/09/30 14:26:00.884, 2655, 13365, 152.52, 56, 0x0000000000000000, Not Active, Not Active
2026/09/30 14:26:00.984, 2655, 13365, 152.52, 56, 0x0000000000000000, Not Active, Not Active
2026/09/30 14:26:01.085, 2655, 13365, 152.52, 56, 0x0000000000000000, Not Active, Not Active
2026/09/30 14:26:01.185, 2625, 13365, 144.94, 56, 0x0000000000000000, Not Active, Not Active
2026/09/30 14:26:01.286, 2625, 13365, 144.94, 56, 0x0000000000000000, Not Active, Not Active
2026/09/30 14:26:01.386, 2625, 13365, 144.94, 56, 0x0000000000000000, Not Active, Not Active
2026/09/30 14:26:01.486, 2625, 13365, 144.94, 56, 0x0000000000000000, Not Active, Not Active
2026/09/30 14:26:01.586, 2625, 13365, 144.94, 56, 0x0000000000000000, Not Active, Not Active
2026/09/30 14:26:01.686, 2632, 13365, 150.05, 57, 0x0000000000000000, Not Active, Not Active
2026/09/30 14:26:01.787, 2632, 13365, 150.05, 57, 0x0000000000000000, Not Active, Not Active
2026/09/30 14:26:01.887, 2632, 13365, 150.05, 57, 0x0000000000000000, Not Active, Not Active
2026/09/30 14:26:01.987, 2632, 13365, 150.05, 57, 0x0000000000000000, Not Active, Not Active
2026/09/30 14:26:02.087, 2632, 13365, 150.05, 57, 0x0000000000000000, Not Active, Not Active
2026/09/30 14:26:02.187, 2632, 13365, 169.05, 58, 0x0000000000000000, Not Active, Not Active
2026/09/30 14:26:02.287, 2632, 13365, 169.05, 58, 0x0000000000000000, Not Active, Not Active
2026/09/30 14:26:02.387, 2632, 13365, 169.05, 58, 0x0000000000000000, Not Active, Not Active
2026/09/30 14:26:02.488, 2632, 13365, 169.05, 58, 0x0000000000000000, Not Active, Not Active
2026/09/30 14:26:02.588, 2632, 13365, 169.05, 58, 0x0000000000000000, Not Active, Not Active
2026/09/30 14:26:02.688, 2640, 13365, 169.94, 56, 0x0000000000000000, Not Active, Not Active
2026/09/30 14:26:02.788, 2640, 13365, 169.94, 56, 0x0000000000000000, Not Active, Not Active
2026/09/30 14:26:02.888, 2640, 13365, 169.94, 56, 0x0000000000000000, Not Active, Not Active
2026/09/30 14:26:02.988, 2640, 13365, 169.94, 56, 0x0000000000000000, Not Active, Not Active
2026/09/30 14:26:03.088, 2640, 13365, 169.94, 56, 0x0000000000000000, Not Active, Not Active
2026/09/30 14:26:03.188, 2610, 13365, 161.26, 57, 0x0000000000000000, Not Active, Not Active
2026/09/30 14:26:03.289, 2610, 13365, 161.26, 57, 0x0000000000000000, Not Active, Not Active
2026/09/30 14:26:03.389, 2610, 13365, 161.26, 57, 0x0000000000000000, Not Active, Not Active
2026/09/30 14:26:03.489, 2610, 13365, 161.26, 57, 0x0000000000000000, Not Active, Not Active
2026/09/30 14:26:03.589, 2610, 13365, 161.26, 57, 0x0000000000000000, Not Active, Not Active
2026/09/30 14:26:03.689, 2610, 13365, 170.26, 56, 0x0000000000000000, Not Active, Not Active
2026/09/30 14:26:03.789, 2610, 13365, 170.26, 56, 0x0000000000000000, Not Active, Not Active
2026/09/30 14:26:03.889, 2610, 13365, 170.26, 56, 0x0000000000000000, Not Active, Not Active
2026/09/30 14:26:03.990, 2610, 13365, 170.26, 56, 0x0000000000000000, Not Active, Not Active
2026/09/30 14:26:04.090, 2610, 13365, 170.26, 56, 0x0000000000000000, Not Active, Not Active
2026/09/30 14:26:04.190, 2610, 13365, 190.38, 57, 0x0000000000000000, Not Active, Not Active
2026/09/30 14:26:04.290, 2610, 13365, 190.38, 57, 0x0000000000000000, Not Active, Not Active
2026/09/30 14:26:04.390, 2610, 13365, 190.38, 57, 0x0000000000000000, Not Active, Not Active
2026/09/30 14:26:04.490, 2610, 13365, 190.38, 57, 0x0000000000000000, Not Active, Not Active
2026/09/30 14:26:04.590, 2610, 13365, 190.38, 57, 0x0000000000000000, Not Active, Not Active
2026/09/30 14:26:04.691, 2610, 13365, 191.36, 57, 0x0000000000000000, Not Active, Not Active
2026/09/30 14:26:04.791, 2610, 13365, 191.36, 57, 0x0000000000000000, Not Active, Not Active
2026/09/30 14:26:04.891, 2610, 13365, 191.36, 57, 0x0000000000000000, Not Active, Not Active
2026/09/30 14:26:04.991, 2610, 13365, 191.36, 57, 0x0000000000000000, Not Active, Not Active
2026/09/30 14:26:05.091, 2610, 13365, 191.36, 57, 0x0000000000000000, Not Active, Not Active
2026/09/30 14:26:05.191, 2595, 13365, 165.11, 58, 0x0000000000000000, Not Active, Not Active
2026/09/30 14:26:05.291, 2595, 13365, 165.11, 58, 0x0000000000000000, Not Active, Not Active
2026/09/30 14:26:05.391, 2595, 13365, 165.11, 58, 0x0000000000000000, Not Active, Not Active
2026/09/30 14:26:05.492, 2595, 13365, 165.11, 58, 0x0000000000000000, Not Active, Not Active
2026/09/30 14:26:05.592, 2595, 13365, 165.11, 58, 0x0000000000000000, Not Active, Not Active
2026/09/30 14:26:05.692, 2550, 13365, 179.62, 60, 0x0000000000000000, Not Active, Not Active
2026/09/30 14:26:05.792, 2550, 13365, 179.62, 60, 0x0000000000000000, Not Active, Not Active
2026/09/30 14:26:05.892, 2550, 13365, 179.62, 60, 0x0000000000000000, Not Active, Not Active
2026/09/30 14:26:05.992, 2550, 13365, 179.62, 60, 0x0000000000000000, Not Active, Not Active
2026/09/30 14:26:06.093, 2550, 13365, 179.62, 60, 0x0000000000000000, Not Active, Not Active
2026/09/30 14:26:06.193, 2580, 13365, 216.51, 60, 0x0000000000000000, Not Active, Not Active
2026/09/30 14:26:06.293, 2580, 13365, 216.51, 60, 0x0000000000000000, Not Active, Not Active
2026/09/30 14:26:06.393, 2580, 13365, 216.51, 60, 0x0000000000000000, Not Active, Not Active
2026/09/30 14:26:06.493, 2580, 13365, 216.51, 60, 0x0000000000000000, Not Active, Not Active
2026/09/30 14:26:06.594, 2580, 13365, 216.51, 60, 0x0000000000000000, Not Active, Not Active
2026/09/30 14:26:06.694, 2557, 13365, 235.76, 62, 0x0000000000000000, Not Active, Not Active
2026/09/30 14:26:06.794, 2557, 13365, 235.76, 62, 0x0000000000000000, Not Active, Not Active
2026/09/30 14:26:06.894, 2557, 13365, 235.76, 62, 0x0000000000000000, Not Active, Not Active
2026/09/30 14:26:06.994, 2557, 13365, 235.76, 62, 0x0000000000000000, Not Active, Not Active
2026/09/30 14:26:07.095, 2557, 13365, 235.76, 62, 0x0000000000000000, Not Active, Not Active
2026/09/30 14:26:07.195, 2557, 13365, 234.62, 62, 0x0000000000000000, Not Active, Not Active
2026/09/30 14:26:07.295, 2557, 13365, 234.62, 62, 0x0000000000000000, Not Active, Not Active
2026/09/30 14:26:07.396, 2557, 13365, 234.62, 62, 0x0000000000000000, Not Active, Not Active
2026/09/30 14:26:07.496, 2557, 13365, 234.62, 62, 0x0000000000000000, Not Active, Not Active
2026/09/30 14:26:07.597, 2557, 13365, 234.62, 62, 0x0000000000000000, Not Active, Not Active
2026/09/30 14:26:07.697, 2610, 13365, 173.95, 56, 0x0000000000000000, Not Active, Not Active
2026/09/30 14:26:07.797, 2610, 13365, 173.95, 56, 0x0000000000000000, Not Active, Not Active
2026/09/30 14:26:07.897, 2610, 13365, 173.95, 56, 0x0000000000000000, Not Active, Not Active
2026/09/30 14:26:07.997, 2610, 13365, 173.95, 56, 0x0000000000000000, Not Active, Not Active
2026/09/30 14:26:08.097, 2610, 13365, 173.95, 56, 0x0000000000000000, Not Active, Not Active
2026/09/30 14:26:08.198, 2475, 13365, 174.35, 57, 0x0000000000000000, Not Active, Not Active
2026/09/30 14:26:08.298, 2475, 13365, 174.35, 57, 0x0000000000000000, Not Active, Not Active
2026/09/30 14:26:08.399, 2475, 13365, 174.35, 57, 0x0000000000000000, Not Active, Not Active
2026/09/30 14:26:08.499, 2475, 13365, 174.35, 57, 0x0000000000000000, Not Active, Not Active
2026/09/30 14:26:08.599, 2475, 13365, 174.35, 57, 0x0000000000000000, Not Active, Not Active
2026/09/30 14:26:08.699, 2475, 13365, 272.80, 62, 0x0000000000000000, Not Active, Not Active
2026/09/30 14:26:08.799, 2475, 13365, 272.80, 62, 0x0000000000000000, Not Active, Not Active
2026/09/30 14:26:08.899, 2475, 13365, 272.80, 62, 0x0000000000000000, Not Active, Not Active
2026/09/30 14:26:09.000, 2475, 13365, 272.80, 62, 0x0000000000000000, Not Active, Not Active
2026/09/30 14:26:09.100, 2475, 13365, 272.80, 62, 0x0000000000000000, Not Active, Not Active
2026/09/30 14:26:09.200, 2640, 13365, 282.98, 64, 0x0000000000000004, Active, Not Active
2026/09/30 14:26:09.300, 2640, 13365, 282.98, 64, 0x0000000000000004, Active, Not Active
2026/09/30 14:26:09.401, 2640, 13365, 282.98, 64, 0x0000000000000004, Active, Not Active
2026/09/30 14:26:09.501, 2640, 13365, 282.98, 64, 0x0000000000000004, Active, Not Active
2026/09/30 14:26:09.601, 2640, 13365, 282.98, 64, 0x0000000000000004, Active, Not Active
2026/09/30 14:26:09.701, 2557, 13365, 308.98, 61, 0x0000000000000000, Not Active, Not Active
2026/09/30 14:26:09.802, 2557, 13365, 308.98, 61, 0x0000000000000000, Not Active, Not Active
2026/09/30 14:26:09.902, 2557, 13365, 308.98, 61, 0x0000000000000000, Not Active, Not Active
2026/09/30 14:26:10.003, 2557, 13365, 308.98, 61, 0x0000000000000000, Not Active, Not Active
2026/09/30 14:26:10.103, 2557, 13365, 308.98, 61, 0x0000000000000000, Not Active, Not Active
2026/09/30 14:26:10.203, 2520, 13365, 304.35, 64, 0x0000000000000000, Not Active, Not Active
2026/09/30 14:26:10.303, 2520, 13365, 304.35, 64, 0x0000000000000000, Not Active, Not Active
2026/09/30 14:26:10.403, 2520, 13365, 304.35, 64, 0x0000000000000000, Not Active, Not Active
2026/09/30 14:26:10.504, 2520, 13365, 304.35, 64, 0x0000000000000000, Not Active, Not Active
2026/09/30 14:26:10.604, 2520, 13365, 304.35, 64, 0x0000000000000000, Not Active, Not Active
2026/09/30 14:26:10.704, 2827, 13365, 242.57, 57, 0x0000000000000000, Not Active, Not Active
2026/09/30 14:26:10.805, 2827, 13365, 242.57, 57, 0x0000000000000000, Not Active, Not Active
2026/09/30 14:26:10.905, 2827, 13365, 242.57, 57, 0x0000000000000000, Not Active, Not Active
2026/09/30 14:26:11.005, 2827, 13365, 242.57, 57, 0x0000000000000000, Not Active, Not Active
2026/09/30 14:26:11.105, 2827, 13365, 242.57, 57, 0x0000000000000000, Not Active, Not Active
2026/09/30 14:26:11.205, 2827, 13365, 188.06, 57, 0x0000000000000000, Not Active, Not Active
2026/09/30 14:26:11.305, 2827, 13365, 188.06, 57, 0x0000000000000000, Not Active, Not Active
2026/09/30 14:26:11.405, 2827, 13365, 188.06, 57, 0x0000000000000000, Not Active, Not Active
2026/09/30 14:26:11.506, 2827, 13365, 188.06, 57, 0x0000000000000000, Not Active, Not Active
2026/09/30 14:26:11.606, 2827, 13365, 188.06, 57, 0x0000000000000000, Not Active, Not Active
2026/09/30 14:26:11.706, 2827, 13365, 152.30, 58, 0x0000000000000000, Not Active, Not Active
2026/09/30 14:26:11.807, 2827, 13365, 152.30, 58, 0x0000000000000000, Not Active, Not Active
2026/09/30 14:26:11.907, 2827, 13365, 152.30, 58, 0x0000000000000000, Not Active, Not Active
2026/09/30 14:26:12.008, 2827, 13365, 152.30, 58, 0x0000000000000000, Not Active, Not Active
2026/09/30 14:26:12.108, 2827, 13365, 152.30, 58, 0x0000000000000000, Not Active, Not Active
2026/09/30 14:26:12.208, 2827, 13365, 143.84, 57, 0x0000000000000000, Not Active, Not Active
2026/09/30 14:26:12.308, 2827, 13365, 143.84, 57, 0x0000000000000000, Not Active, Not Active
2026/09/30 14:26:12.409, 2827, 13365, 143.84, 57, 0x0000000000000000, Not Active, Not Active
2026/09/30 14:26:12.509, 2827, 13365, 143.84, 57, 0x0000000000000000, Not Active, Not Active
2026/09/30 14:26:12.609, 2827, 13365, 143.84, 57, 0x0000000000000000, Not Active, Not Active
2026/09/30 14:26:12.710, 2662, 13365, 134.93, 57, 0x0000000000000000, Not Active, Not Active
2026/09/30 14:26:12.810, 2662, 13365, 134.93, 57, 0x0000000000000000, Not Active, Not Active
2026/09/30 14:26:12.910, 2662, 13365, 134.93, 57, 0x0000000000000000, Not Active, Not Active
2026/09/30 14:26:13.010, 2662, 13365, 134.93, 57, 0x0000000000000000, Not Active, Not Active
2026/09/30 14:26:13.110, 2662, 13365, 134.93, 57, 0x0000000000000000, Not Active, Not Active
2026/09/30 14:26:13.210, 2655, 13365, 134.37, 57, 0x0000000000000000, Not Active, Not Active
2026/09/30 14:26:13.310, 2655, 13365, 134.37, 57, 0x0000000000000000, Not Active, Not Active
2026/09/30 14:26:13.411, 2655, 13365, 134.37, 57, 0x0000000000000000, Not Active, Not Active
2026/09/30 14:26:13.511, 2655, 13365, 134.37, 57, 0x0000000000000000, Not Active, Not Active
2026/09/30 14:26:13.611, 2655, 13365, 134.37, 57, 0x0000000000000000, Not Active, Not Active
2026/09/30 14:26:13.711, 2647, 13365, 133.83, 57, 0x0000000000000000, Not Active, Not Active
2026/09/30 14:26:13.811, 2647, 13365, 133.83, 57, 0x0000000000000000, Not Active, Not Active
2026/09/30 14:26:13.911, 2647, 13365, 133.83, 57, 0x0000000000000000, Not Active, Not Active
2026/09/30 14:26:14.011, 2647, 13365, 133.83, 57, 0x0000000000000000, Not Active, Not Active
2026/09/30 14:26:14.111, 2685, 13365, 131.21, 57, 0x0000000000000000, Not Active, Not Active
2026/09/30 14:26:14.212, 2685, 13365, 131.21, 56, 0x0000000000000000, Not Active, Not Active
2026/09/30 14:26:14.312, 2685, 13365, 131.21, 56, 0x0000000000000000, Not Active, Not Active
2026/09/30 14:26:14.412, 2685, 13365, 131.21, 56, 0x0000000000000000, Not Active, Not Active
2026/09/30 14:26:14.512, 2685, 13365, 131.21, 56, 0x0000000000000000, Not Active, Not Active
2026/09/30 14:26:14.612, 2685, 13365, 133.19, 56, 0x0000000000000000, Not Active, Not Active
2026/09/30 14:26:14.712, 2685, 13365, 133.19, 57, 0x0000000000000000, Not Active, Not Active
2026/09/30 14:26:14.812, 2685, 13365, 133.19, 57, 0x0000000000000000, Not Active, Not Active
2026/09/30 14:26:14.913, 2685, 13365, 133.19, 57, 0x0000000000000000, Not Active, Not Active
2026/09/30 14:26:15.013, 2685, 13365, 133.19, 57, 0x0000000000000000, Not Active, Not Active
2026/09/30 14:26:15.113, 2662, 13365, 130.21, 56, 0x0000000000000000, Not Active, Not Active
2026/09/30 14:26:15.213, 2662, 13365, 130.21, 56, 0x0000000000000000, Not Active, Not Active
2026/09/30 14:26:15.313, 2662, 13365, 130.21, 56, 0x0000000000000000, Not Active, Not Active
2026/09/30 14:26:15.413, 2662, 13365, 130.21, 56, 0x0000000000000000, Not Active, Not Active
2026/09/30 14:26:15.513, 2662, 13365, 130.21, 56, 0x0000000000000000, Not Active, Not Active
2026/09/30 14:26:15.613, 2662, 13365, 127.52, 56, 0x0000000000000000, Not Active, Not Active
2026/09/30 14:26:15.714, 2662, 13365, 127.52, 56, 0x0000000000000000, Not Active, Not Active
2026/09/30 14:26:15.814, 2662, 13365, 127.52, 56, 0x0000000000000000, Not Active, Not Active
2026/09/30 14:26:15.914, 2662, 13365, 127.52, 56, 0x0000000000000000, Not Active, Not Active
2026/09/30 14:26:16.014, 2662, 13365, 127.52, 56, 0x0000000000000000, Not Active, Not Active
2026/09/30 14:26:16.114, 2677, 13365, 128.21, 56, 0x0000000000000000, Not Active, Not Active
2026/09/30 14:26:16.214, 2677, 13365, 128.21, 56, 0x0000000000000000, Not Active, Not Active
2026/09/30 14:26:16.314, 2677, 13365, 128.21, 56, 0x0000000000000000, Not Active, Not Active
2026/09/30 14:26:16.415, 2677, 13365, 128.21, 56, 0x0000000000000000, Not Active, Not Active
2026/09/30 14:26:16.515, 2677, 13365, 128.21, 56, 0x0000000000000000, Not Active, Not Active
2026/09/30 14:26:16.615, 2677, 13365, 135.64, 56, 0x0000000000000000, Not Active, Not Active
2026/09/30 14:26:16.716, 2677, 13365, 135.64, 56, 0x0000000000000000, Not Active, Not Active
2026/09/30 14:26:16.816, 2677, 13365, 135.64, 56, 0x0000000000000000, Not Active, Not Active
2026/09/30 14:26:16.916, 2677, 13365, 135.64, 56, 0x0000000000000000, Not Active, Not Active
2026/09/30 14:26:17.017, 2677, 13365, 135.64, 56, 0x0000000000000000, Not Active, Not Active
2026/09/30 14:26:17.117, 2685, 13365, 137.76, 56, 0x0000000000000000, Not Active, Not Active
2026/09/30 14:26:17.217, 2685, 13365, 137.76, 56, 0x0000000000000000, Not Active, Not Active
2026/09/30 14:26:17.318, 2685, 13365, 137.76, 56, 0x0000000000000000, Not Active, Not Active
2026/09/30 14:26:17.418, 2685, 13365, 137.76, 56, 0x0000000000000000, Not Active, Not Active
2026/09/30 14:26:17.518, 2685, 13365, 137.76, 56, 0x0000000000000000, Not Active, Not Active
2026/09/30 14:26:17.618, 2647, 13365, 127.87, 56, 0x0000000000000000, Not Active, Not Active
2026/09/30 14:26:17.719, 2647, 13365, 127.87, 56, 0x0000000000000000, Not Active, Not Active
2026/09/30 14:26:17.819, 2647, 13365, 127.87, 56, 0x0000000000000000, Not Active, Not Active
2026/09/30 14:26:17.919, 2647, 13365, 127.87, 56, 0x0000000000000000, Not Active, Not Active
2026/09/30 14:26:18.019, 2647, 13365, 127.87, 56, 0x0000000000000000, Not Active, Not Active
2026/09/30 14:26:18.119, 2655, 13365, 133.18, 57, 0x0000000000000000, Not Active, Not Active
2026/09/30 14:26:18.219, 2655, 13365, 133.18, 57, 0x0000000000000000, Not Active, Not Active
2026/09/30 14:26:18.319, 2655, 13365, 133.18, 57, 0x0000000000000000, Not Active, Not Active
2026/09/30 14:26:18.419, 2655, 13365, 133.18, 57, 0x0000000000000000, Not Active, Not Active
2026/09/30 14:26:18.520, 2655, 13365, 133.18, 57, 0x0000000000000000, Not Active, Not Active
2026/09/30 14:26:18.620, 2662, 13365, 140.99, 56, 0x0000000000000000, Not Active, Not Active
2026/09/30 14:26:18.720, 2662, 13365, 140.99, 56, 0x0000000000000000, Not Active, Not Active
2026/09/30 14:26:18.820, 2662, 13365, 140.99, 56, 0x0000000000000000, Not Active, Not Active
2026/09/30 14:26:18.920, 2662, 13365, 140.99, 56, 0x0000000000000000, Not Active, Not Active
2026/09/30 14:26:19.020, 2662, 13365, 140.99, 56, 0x0000000000000000, Not Active, Not Active
2026/09/30 14:26:19.120, 2685, 13365, 139.12, 56, 0x0000000000000000, Not Active, Not Active
2026/09/30 14:26:19.221, 2685, 13365, 139.12, 56, 0x0000000000000000, Not Active, Not Active
2026/09/30 14:26:19.321, 2685, 13365, 139.12, 56, 0x0000000000000000, Not Active, Not Active
2026/09/30 14:26:19.421, 2685, 13365, 139.12, 56, 0x0000000000000000, Not Active, Not Active
2026/09/30 14:26:19.521, 2685, 13365, 139.12, 56, 0x0000000000000000, Not Active, Not Active
2026/09/30 14:26:19.621, 2685, 13365, 131.64, 56, 0x0000000000000000, Not Active, Not Active
2026/09/30 14:26:19.721, 2685, 13365, 131.64, 56, 0x0000000000000000, Not Active, Not Active
2026/09/30 14:26:19.821, 2685, 13365, 131.64, 56, 0x0000000000000000, Not Active, Not Active
2026/09/30 14:26:19.921, 2685, 13365, 131.64, 56, 0x0000000000000000, Not Active, Not Active
2026/09/30 14:26:20.021, 2685, 13365, 131.64, 56, 0x0000000000000000, Not Active, Not Active
2026/09/30 14:26:20.121, 2662, 13365, 132.27, 56, 0x0000000000000000, Not Active, Not Active
2026/09/30 14:26:20.222, 2662, 13365, 132.27, 56, 0x0000000000000000, Not Active, Not Active
2026/09/30 14:26:20.322, 2662, 13365, 132.27, 56, 0x0000000000000000, Not Active, Not Active
2026/09/30 14:26:20.422, 2662, 13365, 132.27, 56, 0x0000000000000000, Not Active, Not Active
2026/09/30 14:26:20.522, 2662, 13365, 132.27, 56, 0x0000000000000000, Not Active, Not Active
2026/09/30 14:26:20.622, 2647, 13365, 138.92, 57, 0x0000000000000000, Not Active, Not Active
2026/09/30 14:26:20.723, 2647, 13365, 138.92, 57, 0x0000000000000000, Not Active, Not Active
2026/09/30 14:26:20.823, 2647, 13365, 138.92, 57, 0x0000000000000000, Not Active, Not Active
2026/09/30 14:26:20.923, 2647, 13365, 138.92, 57, 0x0000000000000000, Not Active, Not Active
2026/09/30 14:26:21.024, 2647, 13365, 138.92, 57, 0x0000000000000000, Not Active, Not Active
2026/09/30 14:26:21.124, 2647, 13365, 136.85, 56, 0x0000000000000000, Not Active, Not Active
2026/09/30 14:26:21.224, 2647, 13365, 136.85, 56, 0x0000000000000000, Not Active, Not Active
2026/09/30 14:26:21.324, 2647, 13365, 136.85, 56, 0x0000000000000000, Not Active, Not Active
2026/09/30 14:26:21.424, 2647, 13365, 136.85, 56, 0x0000000000000000, Not Active, Not Active
2026/09/30 14:26:21.524, 2647, 13365, 136.85, 56, 0x0000000000000000, Not Active, Not Active
2026/09/30 14:26:21.624, 2677, 13365, 141.16, 56, 0x0000000000000000, Not Active, Not Active
2026/09/30 14:26:21.724, 2677, 13365, 141.16, 56, 0x0000000000000000, Not Active, Not Active
2026/09/30 14:26:21.825, 2677, 13365, 141.16, 56, 0x0000000000000000, Not Active, Not Active
2026/09/30 14:26:21.925, 2677, 13365, 141.16, 56, 0x0000000000000000, Not Active, Not Active
2026/09/30 14:26:22.025, 2677, 13365, 141.16, 56, 0x0000000000000000, Not Active, Not Active
2026/09/30 14:26:22.125, 2670, 13365, 147.87, 57, 0x0000000000000000, Not Active, Not Active
2026/09/30 14:26:22.225, 2670, 13365, 147.87, 57, 0x0000000000000000, Not Active, Not Active
2026/09/30 14:26:22.325, 2670, 13365, 147.87, 57, 0x0000000000000000, Not Active, Not Active
2026/09/30 14:26:22.425, 2670, 13365, 147.87, 57, 0x0000000000000000, Not Active, Not Active
2026/09/30 14:26:22.525, 2670, 13365, 147.87, 57, 0x0000000000000000, Not Active, Not Active
2026/09/30 14:26:22.626, 2685, 13365, 147.76, 56, 0x0000000000000000, Not Active, Not Active
2026/09/30 14:26:22.726, 2685, 13365, 147.76, 56, 0x0000000000000000, Not Active, Not Active
2026/09/30 14:26:22.826, 2685, 13365, 147.76, 56, 0x0000000000000000, Not Active, Not Active
2026/09/30 14:26:22.926, 2685, 13365, 147.76, 56, 0x0000000000000000, Not Active, Not Active
2026/09/30 14:26:23.026, 2685, 13365, 147.76, 56, 0x0000000000000000, Not Active, Not Active
2026/09/30 14:26:23.126, 2640, 13365, 136.47, 56, 0x0000000000000000, Not Active, Not Active
2026/09/30 14:26:23.226, 2640, 13365, 136.47, 56, 0x0000000000000000, Not Active, Not Active
2026/09/30 14:26:23.327, 2640, 13365, 136.47, 56, 0x0000000000000000, Not Active, Not Active
2026/09/30 14:26:23.427, 2640, 13365, 136.47, 56, 0x0000000000000000, Not Active, Not Active
2026/09/30 14:26:23.527, 2640, 13365, 136.47, 56, 0x0000000000000000, Not Active, Not Active
2026/09/30 14:26:23.627, 2662, 13365, 142.90, 56, 0x0000000000000000, Not Active, Not Active
2026/09/30 14:26:23.727, 2662, 13365, 142.90, 56, 0x0000000000000000, Not Active, Not Active
2026/09/30 14:26:23.827, 2662, 13365, 142.90, 56, 0x0000000000000000, Not Active, Not Active
2026/09/30 14:26:23.927, 2662, 13365, 142.90, 56, 0x0000000000000000, Not Active, Not Active
2026/09/30 14:26:24.027, 2662, 13365, 142.90, 56, 0x0000000000000000, Not Active, Not Active
2026/09/30 14:26:24.128, 2662, 13365, 157.80, 57, 0x0000000000000000, Not Active, Not Active
2026/09/30 14:26:24.228, 2662, 13365, 157.80, 57, 0x0000000000000000, Not Active, Not Active
2026/09/30 14:26:24.328, 2662, 13365, 157.80, 57, 0x0000000000000000, Not Active, Not Active
2026/09/30 14:26:24.428, 2662, 13365, 157.80, 57, 0x0000000000000000, Not Active, Not Active
2026/09/30 14:26:24.528, 2662, 13365, 157.80, 57, 0x0000000000000000, Not Active, Not Active
2026/09/30 14:26:24.628, 2662, 13365, 155.22, 56, 0x0000000000000000, Not Active, Not Active
2026/09/30 14:26:24.728, 2662, 13365, 155.22, 56, 0x0000000000000000, Not Active, Not Active
2026/09/30 14:26:24.829, 2662, 13365, 155.22, 56, 0x0000000000000000, Not Active, Not Active
2026/09/30 14:26:24.929, 2662, 13365, 155.22, 56, 0x0000000000000000, Not Active, Not Active
2026/09/30 14:26:25.029, 2662, 13365, 155.22, 56, 0x0000000000000000, Not Active, Not Active
2026/09/30 14:26:25.129, 2625, 13365, 137.48, 57, 0x0000000000000000, Not Active, Not Active
2026/09/30 14:26:25.229, 2625, 13365, 137.48, 57, 0x0000000000000000, Not Active, Not Active
2026/09/30 14:26:25.330, 2625, 13365, 137.48, 57, 0x0000000000000000, Not Active, Not Active
2026/09/30 14:26:25.430, 2625, 13365, 137.48, 57, 0x0000000000000000, Not Active, Not Active
2026/09/30 14:26:25.530, 2625, 13365, 137.48, 57, 0x0000000000000000, Not Active, Not Active
2026/09/30 14:26:25.631, 2647, 13365, 146.38, 57, 0x0000000000000000, Not Active, Not Active
2026/09/30 14:26:25.731, 2647, 13365, 146.38, 57, 0x0000000000000000, Not Active, Not Active
2026/09/30 14:26:25.831, 2647, 13365, 146.38, 57, 0x0000000000000000, Not Active, Not Active
2026/09/30 14:26:25.931, 2647, 13365, 146.38, 57, 0x0000000000000000, Not Active, Not Active
2026/09/30 14:26:26.032, 2647, 13365, 146.38, 57, 0x0000000000000000, Not Active, Not Active
2026/09/30 14:26:26.132, 2640, 13365, 163.88, 57, 0x0000000000000000, Not Active, Not Active
2026/09/30 14:26:26.232, 2640, 13365, 163.88, 57, 0x0000000000000000, Not Active, Not Active
2026/09/30 14:26:26.332, 2640, 13365, 163.88, 57, 0x0000000000000000, Not Active, Not Active
2026/09/30 14:26:26.432, 2640, 13365, 163.88, 57, 0x0000000000000000, Not Active, Not Active
2026/09/30 14:26:26.532, 2640, 13365, 163.88, 57, 0x0000000000000000, Not Active, Not Active
2026/09/30 14:26:26.632, 2625, 13365, 170.29, 58, 0x0000000000000000, Not Active, Not Active
2026/09/30 14:26:26.733, 2625, 13365, 170.29, 58, 0x0000000000000000, Not Active, Not Active
2026/09/30 14:26:26.833, 2625, 13365, 170.29, 58, 0x0000000000000000, Not Active, Not Active
2026/09/30 14:26:26.933, 2625, 13365, 170.29, 58, 0x0000000000000000, Not Active, Not Active
2026/09/30 14:26:27.033, 2625, 13365, 170.29, 58, 0x0000000000000000, Not Active, Not Active
2026/09/30 14:26:27.133, 2610, 13365, 148.05, 55, 0x0000000000000000, Not Active, Not Active
2026/09/30 14:26:27.233, 2610, 13365, 148.05, 55, 0x0000000000000000, Not Active, Not Active
2026/09/30 14:26:27.333, 2610, 13365, 148.05, 55, 0x0000000000000000, Not Active, Not Active
2026/09/30 14:26:27.434, 2610, 13365, 148.05, 55, 0x0000000000000000, Not Active, Not Active
2026/09/30 14:26:27.534, 2610, 13365, 148.05, 55, 0x0000000000000000, Not Active, Not Active
2026/09/30 14:26:27.634, 2595, 13365, 146.26, 57, 0x0000000000000000, Not Active, Not Active
2026/09/30 14:26:27.734, 2595, 13365, 146.26, 57, 0x0000000000000000, Not Active, Not Active
2026/09/30 14:26:27.835, 2595, 13365, 146.26, 57, 0x0000000000000000, Not Active, Not Active
2026/09/30 14:26:27.935, 2595, 13365, 146.26, 57, 0x0000000000000000, Not Active, Not Active
2026/09/30 14:26:28.036, 2595, 13365, 146.26, 57, 0x0000000000000000, Not Active, Not Active
2026/09/30 14:26:28.136, 2602, 13365, 181.03, 58, 0x0000000000000000, Not Active, Not Active
2026/09/30 14:26:28.236, 2602, 13365, 181.03, 58, 0x0000000000000000, Not Active, Not Active
2026/09/30 14:26:28.336, 2602, 13365, 181.03, 58, 0x0000000000000000, Not Active, Not Active
2026/09/30 14:26:28.436, 2602, 13365, 181.03, 58, 0x0000000000000000, Not Active, Not Active
2026/09/30 14:26:28.536, 2602, 13365, 181.03, 58, 0x0000000000000000, Not Active, Not Active
2026/09/30 14:26:28.636, 2602, 13365, 194.90, 60, 0x0000000000000000, Not Active, Not Active
2026/09/30 14:26:28.737, 2602, 13365, 194.90, 60, 0x0000000000000000, Not Active, Not Active
2026/09/30 14:26:28.837, 2602, 13365, 194.90, 60, 0x0000000000000000, Not Active, Not Active
2026/09/30 14:26:28.937, 2602, 13365, 194.90, 60, 0x0000000000000000, Not Active, Not Active
2026/09/30 14:26:29.037, 2602, 13365, 194.90, 60, 0x0000000000000000, Not Active, Not Active
2026/09/30 14:26:29.137, 2602, 13365, 196.51, 60, 0x0000000000000000, Not Active, Not Active
2026/09/30 14:26:29.237, 2602, 13365, 196.51, 60, 0x0000000000000000, Not Active, Not Active
2026/09/30 14:26:29.337, 2602, 13365, 196.51, 60, 0x0000000000000000, Not Active, Not Active
2026/09/30 14:26:29.437, 2602, 13365, 196.51, 60, 0x0000000000000000, Not Active, Not Active
2026/09/30 14:26:29.538, 2602, 13365, 196.51, 60, 0x0000000000000000, Not Active, Not Active
2026/09/30 14:26:29.638, 2610, 13365, 170.40, 56, 0x0000000000000000, Not Active, Not Active
2026/09/30 14:26:29.738, 2610, 13365, 170.40, 56, 0x0000000000000000, Not Active, Not Active
2026/09/30 14:26:29.838, 2610, 13365, 170.40, 56, 0x0000000000000000, Not Active, Not Active
2026/09/30 14:26:29.938, 2610, 13365, 170.40, 56, 0x0000000000000000, Not Active, Not Active
2026/09/30 14:26:30.038, 2610, 13365, 170.40, 56, 0x0000000000000000, Not Active, Not Active
2026/09/30 14:26:30.138, 2610, 13365, 107.02, 55, 0x0000000000000000, Not Active, Not Active
2026/09/30 14:26:30.239, 2610, 13365, 107.02, 55, 0x0000000000000000, Not Active, Not Active
2026/09/30 14:26:30.339, 2610, 13365, 107.02, 55, 0x0000000000000000, Not Active, Not Active
2026/09/30 14:26:30.439, 2610, 13365, 107.02, 55, 0x0000000000000000, Not Active, Not Active
2026/09/30 14:26:30.539, 2610, 13365, 107.02, 55, 0x0000000000000000, Not Active, Not Active
2026/09/30 14:26:30.639, 2617, 13365, 163.60, 57, 0x0000000000000000, Not Active, Not Active
2026/09/30 14:26:30.739, 2617, 13365, 163.60, 57, 0x0000000000000000, Not Active, Not Active
2026/09/30 14:26:30.839, 2617, 13365, 163.60, 57, 0x0000000000000000, Not Active, Not Active
2026/09/30 14:26:30.940, 2617, 13365, 163.60, 57, 0x0000000000000000, Not Active, Not Active
2026/09/30 14:26:31.040, 2617, 13365, 163.60, 57, 0x0000000000000000, Not Active, Not Active
2026/09/30 14:26:31.140, 2655, 13365, 252.71, 61, 0x0000000000000000, Not Active, Not Active
2026/09/30 14:26:31.240, 2655, 13365, 252.71, 61, 0x0000000000000000, Not Active, Not Active
2026/09/30 14:26:31.340, 2655, 13365, 252.71, 61, 0x0000000000000000, Not Active, Not Active
2026/09/30 14:26:31.440, 2655, 13365, 252.71, 61, 0x0000000000000000, Not Active, Not Active
2026/09/30 14:26:31.540, 2655, 13365, 252.71, 61, 0x0000000000000000, Not Active, Not Active
2026/09/30 14:26:31.640, 2685, 13365, 273.21, 62, 0x0000000000000000, Not Active, Not Active
2026/09/30 14:26:31.741, 2685, 13365, 273.21, 62, 0x0000000000000000, Not Active, Not Active
2026/09/30 14:26:31.841, 2685, 13365, 273.21, 62, 0x0000000000000000, Not Active, Not Active
2026/09/30 14:26:31.941, 2685, 13365, 273.21, 62, 0x0000000000000000, Not Active, Not Active
2026/09/30 14:26:32.041, 2685, 13365, 273.21, 62, 0x0000000000000000, Not Active, Not Active
2026/09/30 14:26:32.141, 2722, 13365, 260.13, 63, 0x0000000000000000, Not Active, Not Active
2026/09/30 14:26:32.241, 2722, 13365, 260.13, 63, 0x0000000000000000, Not Active, Not Active
2026/09/30 14:26:32.341, 2722, 13365, 260.13, 63, 0x0000000000000000, Not Active, Not Active
2026/09/30 14:26:32.442, 2722, 13365, 260.13, 63, 0x0000000000000000, Not Active, Not Active
2026/09/30 14:26:32.542, 2722, 13365, 260.13, 63, 0x0000000000000000, Not Active, Not Active
2026/09/30 14:26:32.642, 2835, 13365, 221.35, 57, 0x0000000000000000, Not Active, Not Active
2026/09/30 14:26:32.742, 2835, 13365, 221.35, 57, 0x0000000000000000, Not Active, Not Active
2026/09/30 14:26:32.842, 2835, 13365, 221.35, 57, 0x0000000000000000, Not Active, Not Active
2026/09/30 14:26:32.942, 2835, 13365, 221.35, 57, 0x0000000000000000, Not Active, Not Active
2026/09/30 14:26:33.042, 2835, 13365, 221.35, 57, 0x0000000000000000, Not Active, Not Active
2026/09/30 14:26:33.143, 2835, 13365, 143.12, 56, 0x0000000000000000, Not Active, Not Active
2026/09/30 14:26:33.243, 2835, 13365, 143.12, 56, 0x0000000000000000, Not Active, Not Active
2026/09/30 14:26:33.343, 2835, 13365, 143.12, 56, 0x0000000000000000, Not Active, Not Active
2026/09/30 14:26:33.443, 2835, 13365, 143.12, 56, 0x0000000000000000, Not Active, Not Active
2026/09/30 14:26:33.543, 2835, 13365, 143.12, 56, 0x0000000000000000, Not Active, Not Active
2026/09/30 14:26:33.643, 2730, 13365, 99.03, 56, 0x0000000000000000, Not Active, Not Active
2026/09/30 14:26:33.743, 2730, 13365, 99.03, 56, 0x0000000000000000, Not Active, Not Active
2026/09/30 14:26:33.844, 2730, 13365, 99.03, 56, 0x0000000000000000, Not Active, Not Active
2026/09/30 14:26:33.944, 2730, 13365, 99.03, 56, 0x0000000000000000, Not Active, Not Active
2026/09/30 14:26:34.044, 2730, 13365, 99.03, 56, 0x0000000000000000, Not Active, Not Active
2026/09/30 14:26:34.144, 2542, 13365, 155.84, 64, 0x0000000000000000, Not Active, Not Active
2026/09/30 14:26:34.244, 2542, 13365, 155.84, 64, 0x0000000000000000, Not Active, Not Active
2026/09/30 14:26:34.344, 2542, 13365, 155.84, 64, 0x0000000000000000, Not Active, Not Active
2026/09/30 14:26:34.444, 2542, 13365, 155.84, 64, 0x0000000000000000, Not Active, Not Active
2026/09/30 14:26:34.545, 2542, 13365, 155.84, 64, 0x0000000000000000, Not Active, Not Active
2026/09/30 14:26:34.645, 2662, 13365, 265.54, 64, 0x0000000000000004, Active, Not Active
2026/09/30 14:26:34.745, 2662, 13365, 265.54, 64, 0x0000000000000004, Active, Not Active
2026/09/30 14:26:34.845, 2662, 13365, 265.54, 64, 0x0000000000000004, Active, Not Active
2026/09/30 14:26:34.945, 2662, 13365, 265.54, 64, 0x0000000000000004, Active, Not Active
2026/09/30 14:26:35.045, 2662, 13365, 265.54, 64, 0x0000000000000004, Active, Not Active
2026/09/30 14:26:35.145, 2550, 13365, 342.53, 66, 0x0000000000000004, Active, Not Active
2026/09/30 14:26:35.245, 2550, 13365, 342.53, 66, 0x0000000000000004, Active, Not Active
2026/09/30 14:26:35.346, 2550, 13365, 342.53, 66, 0x0000000000000004, Active, Not Active
2026/09/30 14:26:35.446, 2550, 13365, 342.53, 66, 0x0000000000000004, Active, Not Active
2026/09/30 14:26:35.546, 2550, 13365, 342.53, 66, 0x0000000000000004, Active, Not Active
2026/09/30 14:26:35.646, 2662, 13365, 346.21, 65, 0x0000000000000004, Active, Not Active
2026/09/30 14:26:35.746, 2662, 13365, 346.21, 65, 0x0000000000000004, Active, Not Active
2026/09/30 14:26:35.846, 2662, 13365, 346.21, 65, 0x0000000000000004, Active, Not Active
2026/09/30 14:26:35.946, 2662, 13365, 346.21, 65, 0x0000000000000004, Active, Not Active
2026/09/30 14:26:36.046, 2662, 13365, 346.21, 65, 0x0000000000000004, Active, Not Active
2026/09/30 14:26:36.146, 2550, 13365, 346.33, 66, 0x0000000000000004, Active, Not Active
2026/09/30 14:26:36.247, 2550, 13365, 346.33, 66, 0x0000000000000004, Active, Not Active
2026/09/30 14:26:36.347, 2550, 13365, 346.33, 66, 0x0000000000000004, Active, Not Active
2026/09/30 14:26:36.447, 2550, 13365, 346.33, 66, 0x0000000000000004, Active, Not Active
2026/09/30 14:26:36.547, 2550, 13365, 346.33, 66, 0x0000000000000004, Active, Not Active
2026/09/30 14:26:36.647, 2662, 13365, 340.97, 66, 0x0000000000000004, Active, Not Active
2026/09/30 14:26:36.747, 2662, 13365, 340.97, 66, 0x0000000000000004, Active, Not Active
2026/09/30 14:26:36.847, 2662, 13365, 340.97, 66, 0x0000000000000004, Active, Not Active
