timestamp, clocks.current.sm [MHz], clocks.current.memory [MHz], power.draw [W], temperature.gpu, clocks_event_reasons.active, clocks_event_reasons.sw_power_cap, clocks_event_reasons.hw_slowdown
2026/09/30 14:26:39.454, 2610, 14001, 99.95, 56, 0x0000000000000000, Not Active, Not Active
2026/09/30 14:26:39.563, 2610, 14001, 99.95, 56, 0x0000000000000000, Not Active, Not Active
2026/09/30 14:26:39.663, 817, 14001, 70.71, 55, 0x0000000000000000, Not Active, Not Active
2026/09/30 14:26:39.763, 817, 14001, 70.71, 55, 0x0000000000000000, Not Active, Not Active
2026/09/30 14:26:39.863, 817, 14001, 70.71, 55, 0x0000000000000000, Not Active, Not Active
2026/09/30 14:26:39.963, 817, 14001, 70.71, 55, 0x0000000000000000, Not Active, Not Active
2026/09/30 14:26:40.063, 817, 14001, 70.71, 55, 0x0000000000000000, Not Active, Not Active
2026/09/30 14:26:40.164, 652, 14001, 62.08, 55, 0x0000000000000000, Not Active, Not Active
2026/09/30 14:26:40.264, 652, 14001, 62.08, 55, 0x0000000000000000, Not Active, Not Active
2026/09/30 14:26:40.364, 652, 14001, 62.08, 55, 0x0000000000000000, Not Active, Not Active
2026/09/30 14:26:40.464, 652, 14001, 62.08, 55, 0x0000000000000000, Not Active, Not Active
2026/09/30 14:26:40.564, 652, 14001, 62.08, 55, 0x0000000000000000, Not Active, Not Active
2026/09/30 14:26:40.664, 577, 14001, 60.53, 55, 0x0000000000000000, Not Active, Not Active
2026/09/30 14:26:40.764, 577, 14001, 60.53, 55, 0x0000000000000000, Not Active, Not Active
2026/09/30 14:26:40.865, 577, 14001, 60.53, 55, 0x0000000000000000, Not Active, Not Active
2026/09/30 14:26:40.965, 577, 14001, 60.53, 55, 0x0000000000000000, Not Active, Not Active
2026/09/30 14:26:41.065, 577, 14001, 60.53, 55, 0x0000000000000000, Not Active, Not Active
2026/09/30 14:26:41.165, 577, 14001, 60.53, 55, 0x0000000000000000, Not Active, Not Active
2026/09/30 14:26:41.265, 577, 14001, 60.53, 55, 0x0000000000000000, Not Active, Not Active
2026/09/30 14:26:41.365, 577, 14001, 60.53, 55, 0x0000000000000000, Not Active, Not Active
2026/09/30 14:26:41.465, 577, 14001, 60.53, 55, 0x0000000000000000, Not Active, Not Active
2026/09/30 14:26:41.565, 577, 14001, 60.53, 55, 0x0000000000000000, Not Active, Not Active
2026/09/30 14:26:41.665, 367, 14001, 54.36, 54, 0x0000000000000000, Not Active, Not Active
2026/09/30 14:26:41.766, 367, 14001, 54.36, 54, 0x0000000000000000, Not Active, Not Active
2026/09/30 14:26:41.866, 367, 14001, 54.36, 54, 0x0000000000000000, Not Active, Not Active
2026/09/30 14:26:41.966, 367, 14001, 54.36, 54, 0x0000000000000000, Not Active, Not Active
2026/09/30 14:26:42.066, 367, 14001, 54.36, 54, 0x0000000000000000, Not Active, Not Active
2026/09/30 14:26:42.166, 367, 14001, 54.36, 54, 0x0000000000000000, Not Active, Not Active
2026/09/30 14:26:42.266, 367, 14001, 54.36, 54, 0x0000000000000000, Not Active, Not Active
2026/09/30 14:26:42.366, 367, 14001, 54.36, 54, 0x0000000000000000, Not Active, Not Active
2026/09/30 14:26:42.466, 367, 14001, 54.36, 54, 0x0000000000000000, Not Active, Not Active
2026/09/30 14:26:42.566, 367, 14001, 54.36, 54, 0x0000000000000000, Not Active, Not Active
2026/09/30 14:26:42.667, 232, 14001, 53.29, 54, 0x0000000000000000, Not Active, Not Active
2026/09/30 14:26:42.767, 232, 14001, 53.29, 54, 0x0000000000000000, Not Active, Not Active
2026/09/30 14:26:42.867, 232, 14001, 53.29, 54, 0x0000000000000000, Not Active, Not Active
2026/09/30 14:26:42.967, 232, 14001, 53.29, 54, 0x0000000000000000, Not Active, Not Active
2026/09/30 14:26:43.067, 232, 14001, 53.29, 54, 0x0000000000000000, Not Active, Not Active
2026/09/30 14:26:43.167, 232, 14001, 53.29, 54, 0x0000000000000000, Not Active, Not Active
2026/09/30 14:26:43.267, 232, 14001, 53.29, 54, 0x0000000000000000, Not Active, Not Active
2026/09/30 14:26:43.367, 232, 14001, 53.29, 54, 0x0000000000000000, Not Active, Not Active
2026/09/30 14:26:43.467, 232, 14001, 53.29, 54, 0x0000000000000000, Not Active, Not Active
2026/09/30 14:26:43.567, 232, 14001, 53.29, 54, 0x0000000000000000, Not Active, Not Active
2026/09/30 14:26:43.668, 180, 7001, 41.50, 54, 0x0000000000000000, Not Active, Not Active
2026/09/30 14:26:43.768, 180, 7001, 41.50, 54, 0x0000000000000000, Not Active, Not Active
2026/09/30 14:26:43.868, 180, 7001, 41.50, 54, 0x0000000000000000, Not Active, Not Active
2026/09/30 14:26:43.968, 180, 7001, 41.50, 54, 0x0000000000000000, Not Active, Not Active
2026/09/30 14:26:44.068, 180, 7001, 41.50, 54, 0x0000000000000000, Not Active, Not Active
2026/09/30 14:26:44.168, 180, 7001, 41.50, 54, 0x0000000000000000, Not Active, Not Active
2026/09/30 14:26:44.268, 180, 7001, 41.50, 54, 0x0000000000000000, Not Active, Not Active
2026/09/30 14:26:44.368, 180, 7001, 41.50, 54, 0x0000000000000000, Not Active, Not Active
2026/09/30 14:26:44.469, 180, 7001, 41.50, 54, 0x0000000000000000, Not Active, Not Active
2026/09/30 14:26:44.569, 180, 7001, 41.50, 54, 0x0000000000000000, Not Active, Not Active
2026/09/30 14:26:44.669, 180, 810, 36.10, 53, 0x0000000000000000, Not Active, Not Active
2026/09/30 14:26:44.769, 180, 810, 36.10, 53, 0x0000000000000000, Not Active, Not Active
2026/09/30 14:26:44.869, 180, 810, 36.10, 53, 0x0000000000000000, Not Active, Not Active
2026/09/30 14:26:44.969, 180, 810, 36.10, 53, 0x0000000000000000, Not Active, Not Active
2026/09/30 14:26:45.069, 180, 810, 36.10, 53, 0x0000000000000000, Not Active, Not Active
2026/09/30 14:26:45.169, 180, 810, 36.10, 53, 0x0000000000000000, Not Active, Not Active
2026/09/30 14:26:45.269, 180, 810, 36.10, 53, 0x0000000000000000, Not Active, Not Active
2026/09/30 14:26:45.370, 180, 810, 36.10, 53, 0x0000000000000000, Not Active, Not Active
2026/09/30 14:26:45.470, 180, 810, 36.10, 53, 0x0000000000000000, Not Active, Not Active
2026/09/30 14:26:45.570, 180, 810, 36.10, 53, 0x0000000000000000, Not Active, Not Active
2026/09/30 14:26:45.670, 180, 810, 17.19, 53, 0x0000000000000000, Not Active, Not Active
2026/09/30 14:26:45.770, 180, 810, 17.19, 53, 0x0000000000000000, Not Active, Not Active
2026/09/30 14:26:45.870, 180, 810, 17.19, 53, 0x0000000000000000, Not Active, Not Active
2026/09/30 14:26:45.970, 180, 810, 17.19, 53, 0x0000000000000000, Not Active, Not Active
2026/09/30 14:26:46.070, 180, 810, 17.19, 53, 0x0000000000000000, Not Active, Not Active
2026/09/30 14:26:46.170, 180, 810, 17.19, 53, 0x0000000000000000, Not Active, Not Active
2026/09/30 14:26:46.271, 180, 810, 17.19, 53, 0x0000000000000000, Not Active, Not Active
2026/09/30 14:26:46.371, 180, 810, 17.19, 53, 0x0000000000000000, Not Active, Not Active
2026/09/30 14:26:46.471, 180, 810, 17.19, 53, 0x0000000000000000, Not Active, Not Active
2026/09/30 14:26:46.571, 180, 810, 17.19, 53, 0x0000000000000000, Not Active, Not Active
2026/09/30 14:26:46.671, 180, 405, 18.29, 53, 0x0000000000000000, Not Active, Not Active
2026/09/30 14:26:46.771, 180, 405, 18.29, 53, 0x0000000000000000, Not Active, Not Active
2026/09/30 14:26:46.871, 180, 405, 18.29, 53, 0x0000000000000000, Not Active, Not Active
2026/09/30 14:26:46.971, 180, 405, 18.29, 53, 0x0000000000000000, Not Active, Not Active
2026/09/30 14:26:47.072, 180, 405, 18.29, 53, 0x0000000000000000, Not Active, Not Active
2026/09/30 14:26:47.172, 180, 405, 18.29, 53, 0x0000000000000000, Not Active, Not Active
2026/09/30 14:26:47.272, 180, 405, 18.29, 53, 0x0000000000000000, Not Active, Not Active
2026/09/30 14:26:47.372, 180, 405, 18.29, 53, 0x0000000000000000, Not Active, Not Active
2026/09/30 14:26:47.472, 180, 405, 18.29, 53, 0x0000000000000000, Not Active, Not Active
2026/09/30 14:26:47.572, 180, 405, 18.29, 53, 0x0000000000000000, Not Active, Not Active
2026/09/30 14:26:47.672, 180, 405, 16.52, 53, 0x0000000000000000, Not Active, Not Active
2026/09/30 14:26:47.772, 180, 405, 16.52, 53, 0x0000000000000000, Not Active, Not Active
2026/09/30 14:26:47.872, 180, 405, 16.52, 53, 0x0000000000000000, Not Active, Not Active
2026/09/30 14:26:47.973, 180, 405, 16.52, 53, 0x0000000000000000, Not Active, Not Active
2026/09/30 14:26:48.073, 180, 405, 16.52, 53, 0x0000000000000000, Not Active, Not Active
2026/09/30 14:26:48.173, 180, 405, 16.52, 53, 0x0000000000000000, Not Active, Not Active
2026/09/30 14:26:48.273, 180, 405, 16.52, 53, 0x0000000000000000, Not Active, Not Active
2026/09/30 14:26:48.373, 180, 405, 16.52, 53, 0x0000000000000000, Not Active, Not Active
2026/09/30 14:26:48.473, 180, 405, 16.52, 53, 0x0000000000000000, Not Active, Not Active
2026/09/30 14:26:48.573, 180, 405, 16.52, 53, 0x0000000000000000, Not Active, Not Active
2026/09/30 14:26:48.673, 180, 405, 15.80, 53, 0x0000000000000000, Not Active, Not Active
2026/09/30 14:26:48.774, 180, 405, 15.80, 53, 0x0000000000000000, Not Active, Not Active
2026/09/30 14:26:48.874, 180, 405, 15.80, 53, 0x0000000000000000, Not Active, Not Active
2026/09/30 14:26:48.974, 180, 405, 15.80, 53, 0x0000000000000000, Not Active, Not Active
2026/09/30 14:26:49.074, 180, 405, 15.80, 53, 0x0000000000000000, Not Active, Not Active
2026/09/30 14:26:49.174, 180, 405, 15.80, 53, 0x0000000000000000, Not Active, Not Active
2026/09/30 14:26:49.274, 180, 405, 15.80, 53, 0x0000000000000000, Not Active, Not Active
2026/09/30 14:26:49.374, 180, 405, 15.80, 53, 0x0000000000000000, Not Active, Not Active
2026/09/30 14:26:49.474, 180, 405, 15.80, 53, 0x0000000000000000, Not Active, Not Active
2026/09/30 14:26:49.574, 180, 405, 15.80, 53, 0x0000000000000000, Not Active, Not Active
2026/09/30 14:26:49.675, 180, 405, 15.99, 52, 0x0000000000000000, Not Active, Not Active
2026/09/30 14:26:49.775, 180, 405, 15.99, 52, 0x0000000000000000, Not Active, Not Active
2026/09/30 14:26:49.875, 180, 405, 15.99, 52, 0x0000000000000000, Not Active, Not Active
2026/09/30 14:26:49.975, 180, 405, 15.99, 52, 0x0000000000000000, Not Active, Not Active
2026/09/30 14:26:50.075, 180, 405, 15.99, 52, 0x0000000000000000, Not Active, Not Active
2026/09/30 14:26:50.175, 180, 405, 15.99, 52, 0x0000000000000000, Not Active, Not Active
2026/09/30 14:26:50.275, 180, 405, 15.99, 52, 0x0000000000000000, Not Active, Not Active
2026/09/30 14:26:50.375, 180, 405, 15.99, 52, 0x0000000000000000, Not Active, Not Active
2026/09/30 14:26:50.475, 180, 405, 15.99, 52, 0x0000000000000000, Not Active, Not Active
2026/09/30 14:26:50.576, 180, 405, 15.99, 52, 0x0000000000000000, Not Active, Not Active
2026/09/30 14:26:50.676, 180, 405, 15.56, 52, 0x0000000000000000, Not Active, Not Active
2026/09/30 14:26:50.776, 180, 405, 15.56, 52, 0x0000000000000000, Not Active, Not Active
2026/09/30 14:26:50.876, 180, 405, 15.56, 52, 0x0000000000000000, Not Active, Not Active
2026/09/30 14:26:50.976, 180, 405, 15.56, 52, 0x0000000000000000, Not Active, Not Active
2026/09/30 14:26:51.076, 180, 405, 15.56, 52, 0x0000000000000000, Not Active, Not Active
2026/09/30 14:26:51.176, 180, 405, 15.56, 52, 0x0000000000000000, Not Active, Not Active
2026/09/30 14:26:51.276, 180, 405, 15.56, 52, 0x0000000000000000, Not Active, Not Active
2026/09/30 14:26:51.377, 180, 405, 15.56, 52, 0x0000000000000000, Not Active, Not Active
2026/09/30 14:26:51.477, 180, 405, 15.56, 52, 0x0000000000000000, Not Active, Not Active
2026/09/30 14:26:51.577, 180, 405, 15.56, 52, 0x0000000000000000, Not Active, Not Active
2026/09/30 14:26:51.677, 180, 405, 14.98, 52, 0x0000000000000000, Not Active, Not Active
2026/09/30 14:26:51.777, 180, 405, 14.98, 52, 0x0000000000000000, Not Active, Not Active
2026/09/30 14:26:51.877, 180, 405, 14.98, 52, 0x0000000000000000, Not Active, Not Active
2026/09/30 14:26:51.977, 180, 405, 14.98, 52, 0x0000000000000000, Not Active, Not Active
2026/09/30 14:26:52.077, 180, 405, 14.98, 52, 0x0000000000000000, Not Active, Not Active
2026/09/30 14:26:52.178, 180, 405, 14.98, 52, 0x0000000000000000, Not Active, Not Active
2026/09/30 14:26:52.278, 180, 405, 14.98, 52, 0x0000000000000000, Not Active, Not Active
2026/09/30 14:26:52.378, 180, 405, 14.98, 52, 0x0000000000000000, Not Active, Not Active
2026/09/30 14:26:52.478, 180, 405, 14.98, 52, 0x0000000000000000, Not Active, Not Active
2026/09/30 14:26:52.578, 180, 405, 14.98, 52, 0x0000000000000000, Not Active, Not Active
2026/09/30 14:26:52.678, 180, 405, 14.92, 52, 0x0000000000000000, Not Active, Not Active
2026/09/30 14:26:52.778, 180, 405, 14.92, 52, 0x0000000000000000, Not Active, Not Active
2026/09/30 14:26:52.878, 180, 405, 14.92, 52, 0x0000000000000000, Not Active, Not Active
2026/09/30 14:26:52.978, 180, 405, 14.92, 52, 0x0000000000000000, Not Active, Not Active
2026/09/30 14:26:53.079, 180, 405, 14.92, 52, 0x0000000000000000, Not Active, Not Active
2026/09/30 14:26:53.179, 180, 405, 14.92, 52, 0x0000000000000000, Not Active, Not Active
2026/09/30 14:26:53.279, 180, 405, 14.92, 52, 0x0000000000000000, Not Active, Not Active
2026/09/30 14:26:53.379, 180, 405, 14.92, 52, 0x0000000000000000, Not Active, Not Active
2026/09/30 14:26:53.479, 180, 405, 14.92, 52, 0x0000000000000000, Not Active, Not Active
2026/09/30 14:26:53.579, 180, 405, 14.92, 52, 0x0000000000000000, Not Active, Not Active
2026/09/30 14:26:53.679, 180, 405, 15.17, 52, 0x0000000000000000, Not Active, Not Active
2026/09/30 14:26:53.779, 180, 405, 15.17, 52, 0x0000000000000000, Not Active, Not Active
2026/09/30 14:26:53.880, 180, 405, 15.17, 52, 0x0000000000000000, Not Active, Not Active
2026/09/30 14:26:53.980, 180, 405, 15.17, 52, 0x0000000000000000, Not Active, Not Active
2026/09/30 14:26:54.080, 180, 405, 15.17, 52, 0x0000000000000000, Not Active, Not Active
2026/09/30 14:26:54.180, 180, 405, 15.17, 52, 0x0000000000000000, Not Active, Not Active
2026/09/30 14:26:54.280, 180, 405, 15.17, 52, 0x0000000000000000, Not Active, Not Active
2026/09/30 14:26:54.380, 180, 405, 15.17, 52, 0x0000000000000000, Not Active, Not Active
2026/09/30 14:26:54.480, 180, 405, 15.17, 52, 0x0000000000000000, Not Active, Not Active
2026/09/30 14:26:54.580, 180, 405, 15.17, 52, 0x0000000000000000, Not Active, Not Active
2026/09/30 14:26:54.680, 180, 405, 14.75, 52, 0x0000000000000000, Not Active, Not Active
2026/09/30 14:26:54.780, 180, 405, 14.75, 52, 0x0000000000000000, Not Active, Not Active
2026/09/30 14:26:54.881, 180, 405, 14.75, 52, 0x0000000000000000, Not Active, Not Active
2026/09/30 14:26:54.981, 180, 405, 14.75, 52, 0x0000000000000000, Not Active, Not Active
2026/09/30 14:26:55.081, 180, 405, 14.75, 52, 0x0000000000000000, Not Active, Not Active
2026/09/30 14:26:55.181, 180, 405, 14.75, 52, 0x0000000000000000, Not Active, Not Active
2026/09/30 14:26:55.281, 180, 405, 14.75, 52, 0x0000000000000000, Not Active, Not Active
2026/09/30 14:26:55.381, 180, 405, 14.75, 52, 0x0000000000000000, Not Active, Not Active
2026/09/30 14:26:55.481, 180, 405, 14.75, 52, 0x0000000000000000, Not Active, Not Active
2026/09/30 14:26:55.581, 180, 405, 14.75, 52, 0x0000000000000000, Not Active, Not Active
2026/09/30 14:26:55.681, 180, 405, 14.85, 51, 0x0000000000000000, Not Active, Not Active
2026/09/30 14:26:55.781, 180, 405, 14.85, 51, 0x0000000000000000, Not Active, Not Active
2026/09/30 14:26:55.882, 180, 405, 14.85, 51, 0x0000000000000000, Not Active, Not Active
2026/09/30 14:26:55.982, 180, 405, 14.85, 51, 0x0000000000000000, Not Active, Not Active
2026/09/30 14:26:56.082, 180, 405, 14.85, 51, 0x0000000000000000, Not Active, Not Active
2026/09/30 14:26:56.182, 180, 405, 14.85, 51, 0x0000000000000000, Not Active, Not Active
2026/09/30 14:26:56.282, 180, 405, 14.85, 51, 0x0000000000000000, Not Active, Not Active
2026/09/30 14:26:56.382, 180, 405, 14.85, 51, 0x0000000000000000, Not Active, Not Active
2026/09/30 14:26:56.482, 180, 405, 14.85, 51, 0x0000000000000000, Not Active, Not Active
2026/09/30 14:26:56.582, 180, 405, 14.85, 51, 0x0000000000000000, Not Active, Not Active
2026/09/30 14:26:56.682, 180, 405, 14.97, 51, 0x0000000000000000, Not Active, Not Active
2026/09/30 14:26:56.783, 180, 405, 14.97, 51, 0x0000000000000000, Not Active, Not Active
2026/09/30 14:26:56.883, 180, 405, 14.97, 51, 0x0000000000000000, Not Active, Not Active
2026/09/30 14:26:56.983, 180, 405, 14.97, 51, 0x0000000000000000, Not Active, Not Active
2026/09/30 14:26:57.083, 180, 405, 14.97, 51, 0x0000000000000000, Not Active, Not Active
2026/09/30 14:26:57.183, 180, 405, 14.97, 51, 0x0000000000000000, Not Active, Not Active
2026/09/30 14:26:57.283, 180, 405, 14.97, 51, 0x0000000000000000, Not Active, Not Active
2026/09/30 14:26:57.383, 180, 405, 14.97, 51, 0x0000000000000000, Not Active, Not Active
2026/09/30 14:26:57.484, 180, 405, 14.97, 51, 0x0000000000000000, Not Active, Not Active
2026/09/30 14:26:57.584, 180, 405, 14.97, 51, 0x0000000000000000, Not Active, Not Active
2026/09/30 14:26:57.684, 180, 405, 14.83, 51, 0x0000000000000000, Not Active, Not Active
2026/09/30 14:26:57.784, 180, 405, 14.83, 51, 0x0000000000000000, Not Active, Not Active
2026/09/30 14:26:57.884, 180, 405, 14.83, 51, 0x0000000000000000, Not Active, Not Active
2026/09/30 14:26:57.984, 180, 405, 14.83, 51, 0x0000000000000000, Not Active, Not Active
2026/09/30 14:26:58.084, 180, 405, 14.83, 51, 0x0000000000000000, Not Active, Not Active
2026/09/30 14:26:58.184, 180, 405, 14.83, 51, 0x0000000000000000, Not Active, Not Active
2026/09/30 14:26:58.284, 180, 405, 14.83, 51, 0x0000000000000000, Not Active, Not Active
2026/09/30 14:26:58.384, 180, 405, 14.83, 51, 0x0000000000000000, Not Active, Not Active
2026/09/30 14:26:58.485, 180, 405, 14.83, 51, 0x0000000000000000, Not Active, Not Active
2026/09/30 14:26:58.585, 180, 405, 14.83, 51, 0x0000000000000000, Not Active, Not Active
2026/09/30 14:26:58.685, 180, 405, 14.90, 51, 0x0000000000000000, Not Active, Not Active
2026/09/30 14:26:58.785, 180, 405, 14.90, 51, 0x0000000000000000, Not Active, Not Active
2026/09/30 14:26:58.885, 180, 405, 14.90, 51, 0x0000000000000000, Not Active, Not Active
2026/09/30 14:26:58.985, 180, 405, 14.90, 51, 0x0000000000000000, Not Active, Not Active
2026/09/30 14:26:59.085, 180, 405, 14.90, 51, 0x0000000000000000, Not Active, Not Active
2026/09/30 14:26:59.185, 180, 405, 14.90, 51, 0x0000000000000000, Not Active, Not Active
2026/09/30 14:26:59.286, 180, 405, 14.90, 51, 0x0000000000000000, Not Active, Not Active
2026/09/30 14:26:59.386, 180, 405, 14.90, 51, 0x0000000000000000, Not Active, Not Active
2026/09/30 14:26:59.486, 180, 405, 14.90, 51, 0x0000000000000000, Not Active, Not Active
2026/09/30 14:26:59.586, 180, 405, 14.90, 51, 0x0000000000000000, Not Active, Not Active
2026/09/30 14:26:59.686, 180, 405, 14.85, 51, 0x0000000000000000, Not Active, Not Active
2026/09/30 14:26:59.786, 180, 405, 14.85, 51, 0x0000000000000000, Not Active, Not Active
2026/09/30 14:26:59.886, 180, 405, 14.85, 51, 0x0000000000000000, Not Active, Not Active
2026/09/30 14:26:59.986, 180, 405, 14.85, 51, 0x0000000000000000, Not Active, Not Active
2026/09/30 14:27:00.086, 180, 405, 14.85, 51, 0x0000000000000000, Not Active, Not Active
2026/09/30 14:27:00.186, 180, 405, 14.85, 51, 0x0000000000000000, Not Active, Not Active
2026/09/30 14:27:00.287, 180, 405, 14.85, 51, 0x0000000000000000, Not Active, Not Active
2026/09/30 14:27:00.387, 180, 405, 14.85, 51, 0x0000000000000000, Not Active, Not Active
2026/09/30 14:27:00.487, 180, 405, 14.85, 51, 0x0000000000000000, Not Active, Not Active
2026/09/30 14:27:00.587, 180, 405, 14.85, 51, 0x0000000000000000, Not Active, Not Active
2026/09/30 14:27:00.687, 180, 405, 15.06, 51, 0x0000000000000000, Not Active, Not Active
2026/09/30 14:27:00.787, 180, 405, 15.06, 51, 0x0000000000000000, Not Active, Not Active
2026/09/30 14:27:00.887, 180, 405, 15.06, 51, 0x0000000000000000, Not Active, Not Active
2026/09/30 14:27:00.987, 180, 405, 15.06, 51, 0x0000000000000000, Not Active, Not Active
2026/09/30 14:27:01.088, 180, 405, 15.06, 51, 0x0000000000000000, Not Active, Not Active
2026/09/30 14:27:01.188, 180, 405, 15.06, 51, 0x0000000000000000, Not Active, Not Active
2026/09/30 14:27:01.288, 180, 405, 15.06, 51, 0x0000000000000000, Not Active, Not Active
2026/09/30 14:27:01.388, 180, 405, 15.06, 51, 0x0000000000000000, Not Active, Not Active
2026/09/30 14:27:01.488, 180, 405, 15.06, 51, 0x0000000000000000, Not Active, Not Active
2026/09/30 14:27:01.588, 180, 405, 15.06, 51, 0x0000000000000000, Not Active, Not Active
2026/09/30 14:27:01.688, 180, 405, 14.86, 51, 0x0000000000000000, Not Active, Not Active
2026/09/30 14:27:01.788, 180, 405, 14.86, 51, 0x0000000000000000, Not Active, Not Active
2026/09/30 14:27:01.888, 180, 405, 14.86, 51, 0x0000000000000000, Not Active, Not Active
2026/09/30 14:27:01.989, 180, 405, 14.86, 51, 0x0000000000000000, Not Active, Not Active
2026/09/30 14:27:02.089, 180, 405, 14.86, 51, 0x0000000000000000, Not Active, Not Active
2026/09/30 14:27:02.189, 180, 405, 14.86, 51, 0x0000000000000000, Not Active, Not Active
2026/09/30 14:27:02.289, 180, 405, 14.86, 51, 0x0000000000000000, Not Active, Not Active
2026/09/30 14:27:02.389, 180, 405, 14.86, 51, 0x0000000000000000, Not Active, Not Active
2026/09/30 14:27:02.489, 180, 405, 14.86, 51, 0x0000000000000000, Not Active, Not Active
2026/09/30 14:27:02.589, 180, 405, 14.86, 51, 0x0000000000000000, Not Active, Not Active
2026/09/30 14:27:02.689, 180, 405, 14.87, 51, 0x0000000000000000, Not Active, Not Active
2026/09/30 14:27:02.789, 180, 405, 14.87, 51, 0x0000000000000000, Not Active, Not Active
2026/09/30 14:27:02.890, 180, 405, 14.87, 51, 0x0000000000000000, Not Active, Not Active
2026/09/30 14:27:02.990, 180, 405, 14.87, 51, 0x0000000000000000, Not Active, Not Active
2026/09/30 14:27:03.090, 180, 405, 14.87, 51, 0x0000000000000000, Not Active, Not Active
2026/09/30 14:27:03.190, 180, 405, 14.87, 51, 0x0000000000000000, Not Active, Not Active
2026/09/30 14:27:03.290, 180, 405, 14.87, 51, 0x0000000000000000, Not Active, Not Active
2026/09/30 14:27:03.390, 180, 405, 14.87, 51, 0x0000000000000000, Not Active, Not Active
2026/09/30 14:27:03.490, 180, 405, 14.87, 51, 0x0000000000000000, Not Active, Not Active
2026/09/30 14:27:03.590, 180, 405, 14.87, 51, 0x0000000000000000, Not Active, Not Active
2026/09/30 14:27:03.690, 180, 405, 14.72, 50, 0x0000000000000000, Not Active, Not Active
2026/09/30 14:27:03.791, 180, 405, 14.72, 50, 0x0000000000000000, Not Active, Not Active
2026/09/30 14:27:03.891, 180, 405, 14.72, 50, 0x0000000000000000, Not Active, Not Active
2026/09/30 14:27:03.991, 180, 405, 14.72, 50, 0x0000000000000000, Not Active, Not Active
2026/09/30 14:27:04.091, 180, 405, 14.72, 50, 0x0000000000000000, Not Active, Not Active
2026/09/30 14:27:04.191, 180, 405, 14.72, 50, 0x0000000000000000, Not Active, Not Active
2026/09/30 14:27:04.291, 180, 405, 14.72, 50, 0x0000000000000000, Not Active, Not Active
2026/09/30 14:27:04.391, 180, 405, 14.72, 50, 0x0000000000000000, Not Active, Not Active
2026/09/30 14:27:04.491, 180, 405, 14.72, 50, 0x0000000000000000, Not Active, Not Active
2026/09/30 14:27:04.591, 180, 405, 14.72, 50, 0x0000000000000000, Not Active, Not Active
2026/09/30 14:27:04.691, 180, 405, 14.76, 50, 0x0000000000000000, Not Active, Not Active
2026/09/30 14:27:04.792, 180, 405, 14.76, 50, 0x0000000000000000, Not Active, Not Active
2026/09/30 14:27:04.892, 180, 405, 14.76, 50, 0x0000000000000000, Not Active, Not Active
2026/09/30 14:27:04.992, 180, 405, 14.76, 50, 0x0000000000000000, Not Active, Not Active
2026/09/30 14:27:05.092, 180, 405, 14.76, 50, 0x0000000000000000, Not Active, Not Active
2026/09/30 14:27:05.192, 180, 405, 14.76, 50, 0x0000000000000000, Not Active, Not Active
2026/09/30 14:27:05.292, 180, 405, 14.76, 50, 0x0000000000000000, Not Active, Not Active
2026/09/30 14:27:05.392, 180, 405, 14.76, 50, 0x0000000000000000, Not Active, Not Active
2026/09/30 14:27:05.492, 180, 405, 14.76, 50, 0x0000000000000000, Not Active, Not Active
2026/09/30 14:27:05.592, 180, 405, 14.76, 50, 0x0000000000000000, Not Active, Not Active
2026/09/30 14:27:05.693, 2595, 13365, 38.69, 52, 0x0000000000000000, Not Active, Not Active
2026/09/30 14:27:05.793, 2595, 13365, 38.69, 52, 0x0000000000000000, Not Active, Not Active
2026/09/30 14:27:05.893, 2595, 13365, 38.69, 52, 0x0000000000000000, Not Active, Not Active
2026/09/30 14:27:05.993, 2595, 13365, 38.69, 52, 0x0000000000000000, Not Active, Not Active
2026/09/30 14:27:06.093, 2595, 13365, 38.69, 52, 0x0000000000000000, Not Active, Not Active
2026/09/30 14:27:06.193, 2610, 13365, 53.09, 52, 0x0000000000000000, Not Active, Not Active
2026/09/30 14:27:06.293, 2610, 13365, 53.09, 52, 0x0000000000000000, Not Active, Not Active
2026/09/30 14:27:06.393, 2610, 13365, 53.09, 52, 0x0000000000000000, Not Active, Not Active
2026/09/30 14:27:06.494, 2610, 13365, 53.09, 52, 0x0000000000000000, Not Active, Not Active
2026/09/30 14:27:06.594, 2610, 13365, 53.09, 52, 0x0000000000000000, Not Active, Not Active
2026/09/30 14:27:06.695, 2670, 13365, 99.00, 53, 0x0000000000000000, Not Active, Not Active
2026/09/30 14:27:06.795, 2670, 13365, 99.00, 53, 0x0000000000000000, Not Active, Not Active
2026/09/30 14:27:06.896, 2670, 13365, 99.00, 53, 0x0000000000000000, Not Active, Not Active
2026/09/30 14:27:06.996, 2670, 13365, 99.00, 53, 0x0000000000000000, Not Active, Not Active
2026/09/30 14:27:07.096, 2670, 13365, 99.00, 53, 0x0000000000000000, Not Active, Not Active
2026/09/30 14:27:07.196, 2677, 13365, 119.98, 52, 0x0000000000000000, Not Active, Not Active
2026/09/30 14:27:07.296, 2677, 13365, 119.98, 52, 0x0000000000000000, Not Active, Not Active
2026/09/30 14:27:07.396, 2677, 13365, 119.98, 52, 0x0000000000000000, Not Active, Not Active
2026/09/30 14:27:07.497, 2677, 13365, 119.98, 52, 0x0000000000000000, Not Active, Not Active
2026/09/30 14:27:07.597, 2677, 13365, 119.98, 52, 0x0000000000000000, Not Active, Not Active
2026/09/30 14:27:07.697, 2692, 13365, 128.07, 52, 0x0000000000000000, Not Active, Not Active
2026/09/30 14:27:07.797, 2692, 13365, 128.07, 52, 0x0000000000000000, Not Active, Not Active
2026/09/30 14:27:07.897, 2692, 13365, 128.07, 52, 0x0000000000000000, Not Active, Not Active
2026/09/30 14:27:07.997, 2692, 13365, 128.07, 52, 0x0000000000000000, Not Active, Not Active
2026/09/30 14:27:08.097, 2692, 13365, 128.07, 52, 0x0000000000000000, Not Active, Not Active
2026/09/30 14:27:08.198, 2692, 13365, 131.37, 53, 0x0000000000000000, Not Active, Not Active
2026/09/30 14:27:08.298, 2692, 13365, 131.37, 53, 0x0000000000000000, Not Active, Not Active
2026/09/30 14:27:08.398, 2692, 13365, 131.37, 53, 0x0000000000000000, Not Active, Not Active
2026/09/30 14:27:08.498, 2692, 13365, 131.37, 53, 0x0000000000000000, Not Active, Not Active
2026/09/30 14:27:08.598, 2692, 13365, 131.37, 53, 0x0000000000000000, Not Active, Not Active
2026/09/30 14:27:08.698, 2685, 13365, 136.17, 53, 0x0000000000000000, Not Active, Not Active
2026/09/30 14:27:08.798, 2685, 13365, 136.17, 53, 0x0000000000000000, Not Active, Not Active
2026/09/30 14:27:08.898, 2685, 13365, 136.17, 53, 0x0000000000000000, Not Active, Not Active
2026/09/30 14:27:08.999, 2685, 13365, 136.17, 53, 0x0000000000000000, Not Active, Not Active
2026/09/30 14:27:09.099, 2685, 13365, 136.17, 53, 0x0000000000000000, Not Active, Not Active
2026/09/30 14:27:09.199, 2700, 13365, 131.15, 53, 0x0000000000000000, Not Active, Not Active
2026/09/30 14:27:09.299, 2700, 13365, 131.15, 53, 0x0000000000000000, Not Active, Not Active
2026/09/30 14:27:09.399, 2700, 13365, 131.15, 53, 0x0000000000000000, Not Active, Not Active
2026/09/30 14:27:09.499, 2700, 13365, 131.15, 53, 0x0000000000000000, Not Active, Not Active
2026/09/30 14:27:09.599, 2700, 13365, 131.15, 53, 0x0000000000000000, Not Active, Not Active
2026/09/30 14:27:09.699, 2685, 13365, 130.48, 53, 0x0000000000000000, Not Active, Not Active
2026/09/30 14:27:09.800, 2685, 13365, 130.48, 53, 0x0000000000000000, Not Active, Not Active
2026/09/30 14:27:09.900, 2685, 13365, 130.48, 53, 0x0000000000000000, Not Active, Not Active
2026/09/30 14:27:10.000, 2685, 13365, 130.48, 53, 0x0000000000000000, Not Active, Not Active
2026/09/30 14:27:10.101, 2685, 13365, 130.48, 53, 0x0000000000000000, Not Active, Not Active
2026/09/30 14:27:10.201, 2692, 13365, 130.51, 53, 0x0000000000000000, Not Active, Not Active
2026/09/30 14:27:10.301, 2692, 13365, 130.51, 53, 0x0000000000000000, Not Active, Not Active
2026/09/30 14:27:10.401, 2692, 13365, 130.51, 53, 0x0000000000000000, Not Active, Not Active
2026/09/30 14:27:10.502, 2692, 13365, 130.51, 53, 0x0000000000000000, Not Active, Not Active
2026/09/30 14:27:10.602, 2692, 13365, 130.51, 53, 0x0000000000000000, Not Active, Not Active
2026/09/30 14:27:10.702, 2670, 13365, 131.32, 53, 0x0000000000000000, Not Active, Not Active
2026/09/30 14:27:10.802, 2670, 13365, 131.32, 53, 0x0000000000000000, Not Active, Not Active
2026/09/30 14:27:10.902, 2670, 13365, 131.32, 53, 0x0000000000000000, Not Active, Not Active
2026/09/30 14:27:11.003, 2670, 13365, 131.32, 53, 0x0000000000000000, Not Active, Not Active
2026/09/30 14:27:11.103, 2670, 13365, 131.32, 53, 0x0000000000000000, Not Active, Not Active
2026/09/30 14:27:11.204, 2662, 13365, 130.48, 53, 0x0000000000000000, Not Active, Not Active
2026/09/30 14:27:11.304, 2662, 13365, 130.48, 53, 0x0000000000000000, Not Active, Not Active
2026/09/30 14:27:11.405, 2662, 13365, 130.48, 53, 0x0000000000000000, Not Active, Not Active
2026/09/30 14:27:11.505, 2662, 13365, 130.48, 53, 0x0000000000000000, Not Active, Not Active
2026/09/30 14:27:11.605, 2662, 13365, 130.48, 53, 0x0000000000000000, Not Active, Not Active
2026/09/30 14:27:11.706, 2647, 13365, 127.46, 53, 0x0000000000000000, Not Active, Not Active
2026/09/30 14:27:11.806, 2647, 13365, 127.46, 53, 0x0000000000000000, Not Active, Not Active
2026/09/30 14:27:11.906, 2647, 13365, 127.46, 53, 0x0000000000000000, Not Active, Not Active
2026/09/30 14:27:12.006, 2647, 13365, 127.46, 53, 0x0000000000000000, Not Active, Not Active
2026/09/30 14:27:12.107, 2647, 13365, 127.46, 53, 0x0000000000000000, Not Active, Not Active
2026/09/30 14:27:12.207, 2670, 13365, 125.26, 52, 0x0000000000000000, Not Active, Not Active
2026/09/30 14:27:12.307, 2670, 13365, 125.26, 52, 0x0000000000000000, Not Active, Not Active
2026/09/30 14:27:12.408, 2670, 13365, 125.26, 52, 0x0000000000000000, Not Active, Not Active
2026/09/30 14:27:12.508, 2670, 13365, 125.26, 52, 0x0000000000000000, Not Active, Not Active
2026/09/30 14:27:12.608, 2670, 13365, 125.26, 52, 0x0000000000000000, Not Active, Not Active
2026/09/30 14:27:12.709, 2685, 13365, 128.45, 53, 0x0000000000000000, Not Active, Not Active
2026/09/30 14:27:12.809, 2685, 13365, 128.45, 53, 0x0000000000000000, Not Active, Not Active
2026/09/30 14:27:12.909, 2685, 13365, 128.45, 53, 0x0000000000000000, Not Active, Not Active
2026/09/30 14:27:13.009, 2685, 13365, 128.45, 53, 0x0000000000000000, Not Active, Not Active
2026/09/30 14:27:13.109, 2685, 13365, 128.45, 53, 0x0000000000000000, Not Active, Not Active
2026/09/30 14:27:13.209, 2692, 13365, 130.50, 53, 0x0000000000000000, Not Active, Not Active
2026/09/30 14:27:13.309, 2692, 13365, 130.50, 53, 0x0000000000000000, Not Active, Not Active
2026/09/30 14:27:13.409, 2692, 13365, 130.50, 53, 0x0000000000000000, Not Active, Not Active
2026/09/30 14:27:13.510, 2692, 13365, 130.50, 53, 0x0000000000000000, Not Active, Not Active
2026/09/30 14:27:13.610, 2692, 13365, 130.50, 53, 0x0000000000000000, Not Active, Not Active
2026/09/30 14:27:13.710, 2685, 13365, 133.12, 53, 0x0000000000000000, Not Active, Not Active
2026/09/30 14:27:13.810, 2685, 13365, 133.12, 53, 0x0000000000000000, Not Active, Not Active
2026/09/30 14:27:13.910, 2685, 13365, 133.12, 53, 0x0000000000000000, Not Active, Not Active
2026/09/30 14:27:14.010, 2685, 13365, 133.12, 53, 0x0000000000000000, Not Active, Not Active
2026/09/30 14:27:14.111, 2685, 13365, 133.12, 53, 0x0000000000000000, Not Active, Not Active
2026/09/30 14:27:14.211, 2685, 13365, 130.74, 53, 0x0000000000000000, Not Active, Not Active
2026/09/30 14:27:14.311, 2685, 13365, 130.74, 53, 0x0000000000000000, Not Active, Not Active
2026/09/30 14:27:14.411, 2685, 13365, 130.74, 53, 0x0000000000000000, Not Active, Not Active
2026/09/30 14:27:14.511, 2685, 13365, 130.74, 53, 0x0000000000000000, Not Active, Not Active
2026/09/30 14:27:14.612, 2685, 13365, 130.74, 53, 0x0000000000000000, Not Active, Not Active
2026/09/30 14:27:14.712, 2655, 13365, 126.90, 54, 0x0000000000000000, Not Active, Not Active
2026/09/30 14:27:14.812, 2655, 13365, 126.90, 54, 0x0000000000000000, Not Active, Not Active
2026/09/30 14:27:14.913, 2655, 13365, 126.90, 54, 0x0000000000000000, Not Active, Not Active
2026/09/30 14:27:15.013, 2655, 13365, 126.90, 54, 0x0000000000000000, Not Active, Not Active
2026/09/30 14:27:15.113, 2655, 13365, 126.90, 54, 0x0000000000000000, Not Active, Not Active
2026/09/30 14:27:15.213, 2655, 13365, 126.95, 53, 0x0000000000000000, Not Active, Not Active
2026/09/30 14:27:15.314, 2655, 13365, 126.95, 53, 0x0000000000000000, Not Active, Not Active
2026/09/30 14:27:15.414, 2655, 13365, 126.95, 53, 0x0000000000000000, Not Active, Not Active
2026/09/30 14:27:15.514, 2655, 13365, 126.95, 53, 0x0000000000000000, Not Active, Not Active
2026/09/30 14:27:15.614, 2655, 13365, 126.95, 53, 0x0000000000000000, Not Active, Not Active
2026/09/30 14:27:15.715, 2677, 13365, 128.93, 53, 0x0000000000000000, Not Active, Not Active
2026/09/30 14:27:15.815, 2677, 13365, 128.93, 53, 0x0000000000000000, Not Active, Not Active
2026/09/30 14:27:15.915, 2677, 13365, 128.93, 53, 0x0000000000000000, Not Active, Not Active
2026/09/30 14:27:16.015, 2677, 13365, 128.93, 53, 0x0000000000000000, Not Active, Not Active
2026/09/30 14:27:16.115, 2677, 13365, 128.93, 53, 0x0000000000000000, Not Active, Not Active
2026/09/30 14:27:16.215, 2677, 13365, 133.68, 53, 0x0000000000000000, Not Active, Not Active
2026/09/30 14:27:16.315, 2677, 13365, 133.68, 53, 0x0000000000000000, Not Active, Not Active
2026/09/30 14:27:16.416, 2677, 13365, 133.68, 53, 0x0000000000000000, Not Active, Not Active
2026/09/30 14:27:16.516, 2677, 13365, 133.68, 53, 0x0000000000000000, Not Active, Not Active
2026/09/30 14:27:16.616, 2677, 13365, 133.68, 53, 0x0000000000000000, Not Active, Not Active
2026/09/30 14:27:16.717, 2685, 13365, 138.39, 53, 0x0000000000000000, Not Active, Not Active
2026/09/30 14:27:16.817, 2685, 13365, 138.39, 53, 0x0000000000000000, Not Active, Not Active
2026/09/30 14:27:16.917, 2685, 13365, 138.39, 53, 0x0000000000000000, Not Active, Not Active
2026/09/30 14:27:17.017, 2685, 13365, 138.39, 53, 0x0000000000000000, Not Active, Not Active
2026/09/30 14:27:17.117, 2685, 13365, 138.39, 53, 0x0000000000000000, Not Active, Not Active
2026/09/30 14:27:17.217, 2685, 13365, 137.63, 53, 0x0000000000000000, Not Active, Not Active
2026/09/30 14:27:17.317, 2685, 13365, 137.63, 53, 0x0000000000000000, Not Active, Not Active
2026/09/30 14:27:17.418, 2685, 13365, 137.63, 53, 0x0000000000000000, Not Active, Not Active
2026/09/30 14:27:17.518, 2685, 13365, 137.63, 53, 0x0000000000000000, Not Active, Not Active
2026/09/30 14:27:17.618, 2685, 13365, 137.63, 53, 0x0000000000000000, Not Active, Not Active
2026/09/30 14:27:17.718, 2677, 13365, 135.89, 53, 0x0000000000000000, Not Active, Not Active
2026/09/30 14:27:17.818, 2677, 13365, 135.89, 53, 0x0000000000000000, Not Active, Not Active
2026/09/30 14:27:17.918, 2677, 13365, 135.89, 53, 0x0000000000000000, Not Active, Not Active
2026/09/30 14:27:18.018, 2677, 13365, 135.89, 53, 0x0000000000000000, Not Active, Not Active
2026/09/30 14:27:18.118, 2677, 13365, 135.89, 53, 0x0000000000000000, Not Active, Not Active
2026/09/30 14:27:18.218, 2670, 13365, 138.01, 53, 0x0000000000000000, Not Active, Not Active
2026/09/30 14:27:18.319, 2670, 13365, 138.01, 53, 0x0000000000000000, Not Active, Not Active
2026/09/30 14:27:18.419, 2670, 13365, 138.01, 53, 0x0000000000000000, Not Active, Not Active
2026/09/30 14:27:18.519, 2670, 13365, 138.01, 53, 0x0000000000000000, Not Active, Not Active
2026/09/30 14:27:18.619, 2670, 13365, 138.01, 53, 0x0000000000000000, Not Active, Not Active
2026/09/30 14:27:18.719, 2662, 13365, 142.36, 54, 0x0000000000000000, Not Active, Not Active
2026/09/30 14:27:18.819, 2662, 13365, 142.36, 54, 0x0000000000000000, Not Active, Not Active
2026/09/30 14:27:18.919, 2662, 13365, 142.36, 54, 0x0000000000000000, Not Active, Not Active
2026/09/30 14:27:19.019, 2662, 13365, 142.36, 54, 0x0000000000000000, Not Active, Not Active
2026/09/30 14:27:19.119, 2662, 13365, 142.36, 54, 0x0000000000000000, Not Active, Not Active
2026/09/30 14:27:19.220, 2655, 13365, 141.72, 53, 0x0000000000000000, Not Active, Not Active
2026/09/30 14:27:19.320, 2655, 13365, 141.72, 53, 0x0000000000000000, Not Active, Not Active
2026/09/30 14:27:19.420, 2655, 13365, 141.72, 53, 0x0000000000000000, Not Active, Not Active
2026/09/30 14:27:19.520, 2655, 13365, 141.72, 53, 0x0000000000000000, Not Active, Not Active
2026/09/30 14:27:19.620, 2655, 13365, 141.72, 53, 0x0000000000000000, Not Active, Not Active
2026/09/30 14:27:19.720, 2647, 13365, 140.52, 53, 0x0000000000000000, Not Active, Not Active
2026/09/30 14:27:19.820, 2647, 13365, 140.52, 53, 0x0000000000000000, Not Active, Not Active
2026/09/30 14:27:19.920, 2647, 13365, 140.52, 53, 0x0000000000000000, Not Active, Not Active
2026/09/30 14:27:20.020, 2647, 13365, 140.52, 53, 0x0000000000000000, Not Active, Not Active
2026/09/30 14:27:20.120, 2647, 13365, 140.52, 53, 0x0000000000000000, Not Active, Not Active
2026/09/30 14:27:20.221, 2655, 13365, 145.38, 54, 0x0000000000000000, Not Active, Not Active
2026/09/30 14:27:20.321, 2655, 13365, 145.38, 54, 0x0000000000000000, Not Active, Not Active
2026/09/30 14:27:20.421, 2655, 13365, 145.38, 54, 0x0000000000000000, Not Active, Not Active
2026/09/30 14:27:20.521, 2655, 13365, 145.38, 54, 0x0000000000000000, Not Active, Not Active
2026/09/30 14:27:20.621, 2655, 13365, 145.38, 54, 0x0000000000000000, Not Active, Not Active
2026/09/30 14:27:20.721, 2662, 13365, 152.10, 53, 0x0000000000000000, Not Active, Not Active
2026/09/30 14:27:20.821, 2662, 13365, 152.10, 53, 0x0000000000000000, Not Active, Not Active
2026/09/30 14:27:20.921, 2662, 13365, 152.10, 53, 0x0000000000000000, Not Active, Not Active
2026/09/30 14:27:21.021, 2662, 13365, 152.10, 53, 0x0000000000000000, Not Active, Not Active
2026/09/30 14:27:21.122, 2662, 13365, 152.10, 53, 0x0000000000000000, Not Active, Not Active
2026/09/30 14:27:21.222, 2632, 13365, 144.21, 55, 0x0000000000000000, Not Active, Not Active
2026/09/30 14:27:21.322, 2632, 13365, 144.21, 55, 0x0000000000000000, Not Active, Not Active
2026/09/30 14:27:21.422, 2632, 13365, 144.21, 55, 0x0000000000000000, Not Active, Not Active
2026/09/30 14:27:21.522, 2632, 13365, 144.21, 55, 0x0000000000000000, Not Active, Not Active
2026/09/30 14:27:21.622, 2632, 13365, 144.21, 55, 0x0000000000000000, Not Active, Not Active
2026/09/30 14:27:21.722, 2632, 13365, 154.31, 56, 0x0000000000000000, Not Active, Not Active
2026/09/30 14:27:21.822, 2632, 13365, 154.31, 56, 0x0000000000000000, Not Active, Not Active
2026/09/30 14:27:21.922, 2632, 13365, 154.31, 56, 0x0000000000000000, Not Active, Not Active
2026/09/30 14:27:22.023, 2632, 13365, 154.31, 56, 0x0000000000000000, Not Active, Not Active
2026/09/30 14:27:22.123, 2632, 13365, 154.31, 56, 0x0000000000000000, Not Active, Not Active
2026/09/30 14:27:22.223, 2632, 13365, 164.59, 55, 0x0000000000000000, Not Active, Not Active
2026/09/30 14:27:22.323, 2632, 13365, 164.59, 55, 0x0000000000000000, Not Active, Not Active
2026/09/30 14:27:22.423, 2632, 13365, 164.59, 55, 0x0000000000000000, Not Active, Not Active
2026/09/30 14:27:22.523, 2632, 13365, 164.59, 55, 0x0000000000000000, Not Active, Not Active
2026/09/30 14:27:22.623, 2632, 13365, 164.59, 55, 0x0000000000000000, Not Active, Not Active
2026/09/30 14:27:22.723, 2632, 13365, 167.10, 55, 0x0000000000000000, Not Active, Not Active
2026/09/30 14:27:22.824, 2632, 13365, 167.10, 55, 0x0000000000000000, Not Active, Not Active
2026/09/30 14:27:22.924, 2632, 13365, 167.10, 55, 0x0000000000000000, Not Active, Not Active
2026/09/30 14:27:23.024, 2632, 13365, 167.10, 55, 0x0000000000000000, Not Active, Not Active
2026/09/30 14:27:23.124, 2632, 13365, 167.10, 55, 0x0000000000000000, Not Active, Not Active
2026/09/30 14:27:23.224, 2610, 13365, 152.29, 57, 0x0000000000000000, Not Active, Not Active
2026/09/30 14:27:23.324, 2610, 13365, 152.29, 57, 0x0000000000000000, Not Active, Not Active
2026/09/30 14:27:23.424, 2610, 13365, 152.29, 57, 0x0000000000000000, Not Active, Not Active
2026/09/30 14:27:23.524, 2610, 13365, 152.29, 57, 0x0000000000000000, Not Active, Not Active
2026/09/30 14:27:23.625, 2610, 13365, 152.29, 57, 0x0000000000000000, Not Active, Not Active
2026/09/30 14:27:23.725, 2610, 13365, 160.18, 56, 0x0000000000000000, Not Active, Not Active
2026/09/30 14:27:23.825, 2610, 13365, 160.18, 56, 0x0000000000000000, Not Active, Not Active
2026/09/30 14:27:23.925, 2610, 13365, 160.18, 56, 0x0000000000000000, Not Active, Not Active
2026/09/30 14:27:24.025, 2610, 13365, 160.18, 56, 0x0000000000000000, Not Active, Not Active
2026/09/30 14:27:24.125, 2610, 13365, 160.18, 56, 0x0000000000000000, Not Active, Not Active
2026/09/30 14:27:24.225, 2610, 13365, 188.04, 56, 0x0000000000000000, Not Active, Not Active
2026/09/30 14:27:24.325, 2610, 13365, 188.04, 56, 0x0000000000000000, Not Active, Not Active
2026/09/30 14:27:24.425, 2610, 13365, 188.04, 56, 0x0000000000000000, Not Active, Not Active
2026/09/30 14:27:24.526, 2610, 13365, 188.04, 56, 0x0000000000000000, Not Active, Not Active
2026/09/30 14:27:24.626, 2610, 13365, 188.04, 56, 0x0000000000000000, Not Active, Not Active
2026/09/30 14:27:24.726, 2610, 13365, 200.09, 55, 0x0000000000000000, Not Active, Not Active
2026/09/30 14:27:24.826, 2610, 13365, 200.09, 55, 0x0000000000000000, Not Active, Not Active
2026/09/30 14:27:24.926, 2610, 13365, 200.09, 55, 0x0000000000000000, Not Active, Not Active
2026/09/30 14:27:25.026, 2610, 13365, 200.09, 55, 0x0000000000000000, Not Active, Not Active
2026/09/30 14:27:25.126, 2610, 13365, 200.09, 55, 0x0000000000000000, Not Active, Not Active
2026/09/30 14:27:25.226, 2610, 13365, 167.78, 53, 0x0000000000000000, Not Active, Not Active
2026/09/30 14:27:25.327, 2610, 13365, 167.78, 53, 0x0000000000000000, Not Active, Not Active
2026/09/30 14:27:25.427, 2610, 13365, 167.78, 53, 0x0000000000000000, Not Active, Not Active
2026/09/30 14:27:25.527, 2610, 13365, 167.78, 53, 0x0000000000000000, Not Active, Not Active
2026/09/30 14:27:25.627, 2610, 13365, 167.78, 53, 0x0000000000000000, Not Active, Not Active
2026/09/30 14:27:25.727, 2587, 13365, 147.96, 57, 0x0000000000000000, Not Active, Not Active
2026/09/30 14:27:25.827, 2587, 13365, 147.96, 57, 0x0000000000000000, Not Active, Not Active
2026/09/30 14:27:25.927, 2587, 13365, 147.96, 57, 0x0000000000000000, Not Active, Not Active
2026/09/30 14:27:26.027, 2587, 13365, 147.96, 57, 0x0000000000000000, Not Active, Not Active
2026/09/30 14:27:26.127, 2587, 13365, 147.96, 57, 0x0000000000000000, Not Active, Not Active
2026/09/30 14:27:26.228, 2662, 13365, 196.39, 56, 0x0000000000000000, Not Active, Not Active
2026/09/30 14:27:26.328, 2662, 13365, 196.39, 56, 0x0000000000000000, Not Active, Not Active
2026/09/30 14:27:26.428, 2662, 13365, 196.39, 56, 0x0000000000000000, Not Active, Not Active
2026/09/30 14:27:26.528, 2662, 13365, 196.39, 56, 0x0000000000000000, Not Active, Not Active
2026/09/30 14:27:26.628, 2662, 13365, 196.39, 56, 0x0000000000000000, Not Active, Not Active
2026/09/30 14:27:26.728, 2602, 13365, 244.29, 55, 0x0000000000000000, Not Active, Not Active
2026/09/30 14:27:26.828, 2602, 13365, 244.29, 55, 0x0000000000000000, Not Active, Not Active
2026/09/30 14:27:26.928, 2602, 13365, 244.29, 55, 0x0000000000000000, Not Active, Not Active
2026/09/30 14:27:27.029, 2602, 13365, 244.29, 55, 0x0000000000000000, Not Active, Not Active
2026/09/30 14:27:27.129, 2602, 13365, 244.29, 55, 0x0000000000000000, Not Active, Not Active
2026/09/30 14:27:27.229, 2625, 13365, 251.35, 59, 0x0000000000000000, Not Active, Not Active
2026/09/30 14:27:27.329, 2625, 13365, 251.35, 59, 0x0000000000000000, Not Active, Not Active
2026/09/30 14:27:27.429, 2625, 13365, 251.35, 59, 0x0000000000000000, Not Active, Not Active
2026/09/30 14:27:27.529, 2625, 13365, 251.35, 59, 0x0000000000000000, Not Active, Not Active
2026/09/30 14:27:27.629, 2625, 13365, 251.35, 59, 0x0000000000000000, Not Active, Not Active
2026/09/30 14:27:27.730, 2730, 13365, 224.12, 55, 0x0000000000000000, Not Active, Not Active
2026/09/30 14:27:27.830, 2730, 13365, 224.12, 55, 0x0000000000000000, Not Active, Not Active
2026/09/30 14:27:27.930, 2730, 13365, 224.12, 55, 0x0000000000000000, Not Active, Not Active
2026/09/30 14:27:28.030, 2730, 13365, 224.12, 55, 0x0000000000000000, Not Active, Not Active
2026/09/30 14:27:28.130, 2730, 13365, 224.12, 55, 0x0000000000000000, Not Active, Not Active
2026/09/30 14:27:28.230, 2827, 13365, 183.70, 55, 0x0000000000000000, Not Active, Not Active
2026/09/30 14:27:28.330, 2827, 13365, 183.70, 55, 0x0000000000000000, Not Active, Not Active
2026/09/30 14:27:28.431, 2827, 13365, 183.70, 55, 0x0000000000000000, Not Active, Not Active
2026/09/30 14:27:28.532, 2827, 13365, 183.70, 55, 0x0000000000000000, Not Active, Not Active
2026/09/30 14:27:28.632, 2827, 13365, 145.14, 55, 0x0000000000000000, Not Active, Not Active
2026/09/30 14:27:28.732, 2827, 13365, 145.14, 55, 0x0000000000000000, Not Active, Not Active
2026/09/30 14:27:28.832, 2827, 13365, 145.14, 55, 0x0000000000000000, Not Active, Not Active
2026/09/30 14:27:28.932, 2827, 13365, 145.14, 55, 0x0000000000000000, Not Active, Not Active
2026/09/30 14:27:29.032, 2827, 13365, 145.14, 55, 0x0000000000000000, Not Active, Not Active
2026/09/30 14:27:29.133, 2827, 13365, 141.78, 55, 0x0000000000000000, Not Active, Not Active
2026/09/30 14:27:29.233, 2827, 13365, 141.78, 55, 0x0000000000000000, Not Active, Not Active
2026/09/30 14:27:29.333, 2827, 13365, 141.78, 55, 0x0000000000000000, Not Active, Not Active
2026/09/30 14:27:29.433, 2827, 13365, 141.78, 55, 0x0000000000000000, Not Active, Not Active
2026/09/30 14:27:29.533, 2827, 13365, 141.78, 55, 0x0000000000000000, Not Active, Not Active
2026/09/30 14:27:29.633, 2662, 13365, 135.36, 55, 0x0000000000000000, Not Active, Not Active
2026/09/30 14:27:29.733, 2662, 13365, 135.36, 54, 0x0000000000000000, Not Active, Not Active
2026/09/30 14:27:29.833, 2662, 13365, 135.36, 54, 0x0000000000000000, Not Active, Not Active
2026/09/30 14:27:29.934, 2662, 13365, 135.36, 54, 0x0000000000000000, Not Active, Not Active
2026/09/30 14:27:30.034, 2662, 13365, 135.36, 54, 0x0000000000000000, Not Active, Not Active
2026/09/30 14:27:30.134, 2685, 13365, 133.43, 54, 0x0000000000000000, Not Active, Not Active
2026/09/30 14:27:30.235, 2685, 13365, 133.43, 54, 0x0000000000000000, Not Active, Not Active
2026/09/30 14:27:30.335, 2685, 13365, 133.43, 54, 0x0000000000000000, Not Active, Not Active
2026/09/30 14:27:30.436, 2685, 13365, 133.43, 54, 0x0000000000000000, Not Active, Not Active
2026/09/30 14:27:30.536, 2685, 13365, 133.43, 54, 0x0000000000000000, Not Active, Not Active
2026/09/30 14:27:30.636, 2677, 13365, 133.00, 55, 0x0000000000000000, Not Active, Not Active
2026/09/30 14:27:30.736, 2677, 13365, 133.00, 55, 0x0000000000000000, Not Active, Not Active
2026/09/30 14:27:30.836, 2677, 13365, 133.00, 55, 0x0000000000000000, Not Active, Not Active
2026/09/30 14:27:30.936, 2677, 13365, 133.00, 55, 0x0000000000000000, Not Active, Not Active
2026/09/30 14:27:31.037, 2677, 13365, 133.00, 55, 0x0000000000000000, Not Active, Not Active
2026/09/30 14:27:31.137, 2685, 13365, 128.36, 54, 0x0000000000000000, Not Active, Not Active
2026/09/30 14:27:31.237, 2685, 13365, 128.36, 54, 0x0000000000000000, Not Active, Not Active
2026/09/30 14:27:31.337, 2685, 13365, 128.36, 54, 0x0000000000000000, Not Active, Not Active
2026/09/30 14:27:31.438, 2685, 13365, 128.36, 54, 0x0000000000000000, Not Active, Not Active
2026/09/30 14:27:31.538, 2685, 13365, 128.36, 54, 0x0000000000000000, Not Active, Not Active
2026/09/30 14:27:31.638, 2677, 13365, 127.26, 54, 0x0000000000000000, Not Active, Not Active
2026/09/30 14:27:31.738, 2677, 13365, 127.26, 54, 0x0000000000000000, Not Active, Not Active
2026/09/30 14:27:31.838, 2677, 13365, 127.26, 54, 0x0000000000000000, Not Active, Not Active
2026/09/30 14:27:31.938, 2677, 13365, 127.26, 54, 0x0000000000000000, Not Active, Not Active
2026/09/30 14:27:32.038, 2677, 13365, 127.26, 54, 0x0000000000000000, Not Active, Not Active
2026/09/30 14:27:32.138, 2655, 13365, 129.31, 54, 0x0000000000000000, Not Active, Not Active
2026/09/30 14:27:32.239, 2655, 13365, 129.31, 54, 0x0000000000000000, Not Active, Not Active
2026/09/30 14:27:32.339, 2655, 13365, 129.31, 54, 0x0000000000000000, Not Active, Not Active
2026/09/30 14:27:32.439, 2655, 13365, 129.31, 54, 0x0000000000000000, Not Active, Not Active
2026/09/30 14:27:32.539, 2655, 13365, 129.31, 54, 0x0000000000000000, Not Active, Not Active
2026/09/30 14:27:32.639, 2647, 13365, 127.64, 54, 0x0000000000000000, Not Active, Not Active
2026/09/30 14:27:32.739, 2647, 13365, 127.64, 54, 0x0000000000000000, Not Active, Not Active
2026/09/30 14:27:32.839, 2647, 13365, 127.64, 54, 0x0000000000000000, Not Active, Not Active
2026/09/30 14:27:32.940, 2647, 13365, 127.64, 54, 0x0000000000000000, Not Active, Not Active
2026/09/30 14:27:33.040, 2647, 13365, 127.64, 54, 0x0000000000000000, Not Active, Not Active
2026/09/30 14:27:33.140, 2677, 13365, 127.94, 54, 0x0000000000000000, Not Active, Not Active
2026/09/30 14:27:33.240, 2677, 13365, 127.94, 54, 0x0000000000000000, Not Active, Not Active
2026/09/30 14:27:33.340, 2677, 13365, 127.94, 54, 0x0000000000000000, Not Active, Not Active
2026/09/30 14:27:33.440, 2677, 13365, 127.94, 54, 0x0000000000000000, Not Active, Not Active
2026/09/30 14:27:33.540, 2677, 13365, 127.94, 54, 0x0000000000000000, Not Active, Not Active
2026/09/30 14:27:33.640, 2685, 13365, 135.53, 54, 0x0000000000000000, Not Active, Not Active
2026/09/30 14:27:33.741, 2685, 13365, 135.53, 54, 0x0000000000000000, Not Active, Not Active
2026/09/30 14:27:33.841, 2685, 13365, 135.53, 54, 0x0000000000000000, Not Active, Not Active
2026/09/30 14:27:33.941, 2685, 13365, 135.53, 54, 0x0000000000000000, Not Active, Not Active
2026/09/30 14:27:34.041, 2685, 13365, 135.53, 54, 0x0000000000000000, Not Active, Not Active
2026/09/30 14:27:34.142, 2685, 13365, 134.72, 54, 0x0000000000000000, Not Active, Not Active
2026/09/30 14:27:34.242, 2685, 13365, 134.72, 54, 0x0000000000000000, Not Active, Not Active
2026/09/30 14:27:34.342, 2685, 13365, 134.72, 54, 0x0000000000000000, Not Active, Not Active
2026/09/30 14:27:34.442, 2685, 13365, 134.72, 54, 0x0000000000000000, Not Active, Not Active
2026/09/30 14:27:34.542, 2685, 13365, 134.72, 54, 0x0000000000000000, Not Active, Not Active
2026/09/30 14:27:34.643, 2685, 13365, 136.83, 54, 0x0000000000000000, Not Active, Not Active
2026/09/30 14:27:34.743, 2685, 13365, 136.83, 54, 0x0000000000000000, Not Active, Not Active
2026/09/30 14:27:34.843, 2685, 13365, 136.83, 54, 0x0000000000000000, Not Active, Not Active
2026/09/30 14:27:34.943, 2685, 13365, 136.83, 54, 0x0000000000000000, Not Active, Not Active
2026/09/30 14:27:35.043, 2685, 13365, 136.83, 54, 0x0000000000000000, Not Active, Not Active
2026/09/30 14:27:35.143, 2685, 13365, 136.64, 55, 0x0000000000000000, Not Active, Not Active
2026/09/30 14:27:35.243, 2685, 13365, 136.64, 55, 0x0000000000000000, Not Active, Not Active
2026/09/30 14:27:35.343, 2685, 13365, 136.64, 55, 0x0000000000000000, Not Active, Not Active
2026/09/30 14:27:35.444, 2685, 13365, 136.64, 55, 0x0000000000000000, Not Active, Not Active
2026/09/30 14:27:35.544, 2685, 13365, 136.64, 55, 0x0000000000000000, Not Active, Not Active
2026/09/30 14:27:35.644, 2685, 13365, 135.28, 54, 0x0000000000000000, Not Active, Not Active
2026/09/30 14:27:35.744, 2685, 13365, 135.28, 54, 0x0000000000000000, Not Active, Not Active
2026/09/30 14:27:35.844, 2685, 13365, 135.28, 54, 0x0000000000000000, Not Active, Not Active
2026/09/30 14:27:35.944, 2685, 13365, 135.28, 54, 0x0000000000000000, Not Active, Not Active
2026/09/30 14:27:36.044, 2685, 13365, 135.28, 54, 0x0000000000000000, Not Active, Not Active
2026/09/30 14:27:36.144, 2677, 13365, 135.79, 54, 0x0000000000000000, Not Active, Not Active
2026/09/30 14:27:36.244, 2677, 13365, 135.79, 54, 0x0000000000000000, Not Active, Not Active
2026/09/30 14:27:36.345, 2677, 13365, 135.79, 54, 0x0000000000000000, Not Active, Not Active
2026/09/30 14:27:36.445, 2677, 13365, 135.79, 54, 0x0000000000000000, Not Active, Not Active
2026/09/30 14:27:36.545, 2677, 13365, 135.79, 54, 0x0000000000000000, Not Active, Not Active
2026/09/30 14:27:36.645, 2670, 13365, 137.88, 55, 0x0000000000000000, Not Active, Not Active
2026/09/30 14:27:36.745, 2670, 13365, 137.88, 55, 0x0000000000000000, Not Active, Not Active
2026/09/30 14:27:36.845, 2670, 13365, 137.88, 55, 0x0000000000000000, Not Active, Not Active
2026/09/30 14:27:36.945, 2670, 13365, 137.88, 55, 0x0000000000000000, Not Active, Not Active
2026/09/30 14:27:37.045, 2670, 13365, 137.88, 55, 0x0000000000000000, Not Active, Not Active
2026/09/30 14:27:37.145, 2662, 13365, 136.48, 54, 0x0000000000000000, Not Active, Not Active
2026/09/30 14:27:37.246, 2662, 13365, 136.48, 54, 0x0000000000000000, Not Active, Not Active
2026/09/30 14:27:37.346, 2662, 13365, 136.48, 54, 0x0000000000000000, Not Active, Not Active
2026/09/30 14:27:37.446, 2662, 13365, 136.48, 54, 0x0000000000000000, Not Active, Not Active
2026/09/30 14:27:37.546, 2662, 13365, 136.48, 54, 0x0000000000000000, Not Active, Not Active
2026/09/30 14:27:37.646, 2655, 13365, 135.34, 54, 0x0000000000000000, Not Active, Not Active
2026/09/30 14:27:37.746, 2655, 13365, 135.34, 54, 0x0000000000000000, Not Active, Not Active
2026/09/30 14:27:37.846, 2655, 13365, 135.34, 54, 0x0000000000000000, Not Active, Not Active
2026/09/30 14:27:37.946, 2655, 13365, 135.34, 54, 0x0000000000000000, Not Active, Not Active
2026/09/30 14:27:38.046, 2655, 13365, 135.34, 54, 0x0000000000000000, Not Active, Not Active
2026/09/30 14:27:38.147, 2655, 13365, 138.92, 55, 0x0000000000000000, Not Active, Not Active
2026/09/30 14:27:38.247, 2655, 13365, 138.92, 55, 0x0000000000000000, Not Active, Not Active
2026/09/30 14:27:38.347, 2655, 13365, 138.92, 55, 0x0000000000000000, Not Active, Not Active
2026/09/30 14:27:38.447, 2655, 13365, 138.92, 55, 0x0000000000000000, Not Active, Not Active
2026/09/30 14:27:38.547, 2655, 13365, 138.92, 55, 0x0000000000000000, Not Active, Not Active
2026/09/30 14:27:38.647, 2655, 13365, 140.23, 54, 0x0000000000000000, Not Active, Not Active
2026/09/30 14:27:38.747, 2655, 13365, 140.23, 54, 0x0000000000000000, Not Active, Not Active
2026/09/30 14:27:38.847, 2655, 13365, 140.23, 54, 0x0000000000000000, Not Active, Not Active
2026/09/30 14:27:38.948, 2655, 13365, 140.23, 54, 0x0000000000000000, Not Active, Not Active
2026/09/30 14:27:39.048, 2655, 13365, 140.23, 54, 0x0000000000000000, Not Active, Not Active
2026/09/30 14:27:39.148, 2670, 13365, 139.12, 54, 0x0000000000000000, Not Active, Not Active
2026/09/30 14:27:39.248, 2670, 13365, 139.12, 54, 0x0000000000000000, Not Active, Not Active
2026/09/30 14:27:39.348, 2670, 13365, 139.12, 54, 0x0000000000000000, Not Active, Not Active
2026/09/30 14:27:39.448, 2670, 13365, 139.12, 54, 0x0000000000000000, Not Active, Not Active
2026/09/30 14:27:39.548, 2670, 13365, 139.12, 54, 0x0000000000000000, Not Active, Not Active
2026/09/30 14:27:39.648, 2670, 13365, 146.30, 54, 0x0000000000000000, Not Active, Not Active
2026/09/30 14:27:39.749, 2670, 13365, 146.30, 54, 0x0000000000000000, Not Active, Not Active
2026/09/30 14:27:39.849, 2670, 13365, 146.30, 54, 0x0000000000000000, Not Active, Not Active
2026/09/30 14:27:39.949, 2670, 13365, 146.30, 54, 0x0000000000000000, Not Active, Not Active
2026/09/30 14:27:40.049, 2670, 13365, 146.30, 54, 0x0000000000000000, Not Active, Not Active
2026/09/30 14:27:40.149, 2662, 13365, 144.38, 55, 0x0000000000000000, Not Active, Not Active
2026/09/30 14:27:40.249, 2662, 13365, 144.38, 55, 0x0000000000000000, Not Active, Not Active
2026/09/30 14:27:40.349, 2662, 13365, 144.38, 55, 0x0000000000000000, Not Active, Not Active
2026/09/30 14:27:40.449, 2662, 13365, 144.38, 55, 0x0000000000000000, Not Active, Not Active
2026/09/30 14:27:40.549, 2662, 13365, 144.38, 55, 0x0000000000000000, Not Active, Not Active
2026/09/30 14:27:40.650, 2640, 13365, 139.14, 55, 0x0000000000000000, Not Active, Not Active
2026/09/30 14:27:40.750, 2640, 13365, 139.14, 55, 0x0000000000000000, Not Active, Not Active
2026/09/30 14:27:40.850, 2640, 13365, 139.14, 55, 0x0000000000000000, Not Active, Not Active
2026/09/30 14:27:40.950, 2640, 13365, 139.14, 55, 0x0000000000000000, Not Active, Not Active
2026/09/30 14:27:41.050, 2640, 13365, 139.14, 55, 0x0000000000000000, Not Active, Not Active
2026/09/30 14:27:41.150, 2640, 13365, 141.07, 55, 0x0000000000000000, Not Active, Not Active
2026/09/30 14:27:41.250, 2640, 13365, 141.07, 55, 0x0000000000000000, Not Active, Not Active
2026/09/30 14:27:41.350, 2640, 13365, 141.07, 55, 0x0000000000000000, Not Active, Not Active
2026/09/30 14:27:41.451, 2640, 13365, 141.07, 55, 0x0000000000000000, Not Active, Not Active
2026/09/30 14:27:41.551, 2640, 13365, 141.07, 55, 0x0000000000000000, Not Active, Not Active
2026/09/30 14:27:41.651, 2640, 13365, 150.44, 54, 0x0000000000000000, Not Active, Not Active
2026/09/30 14:27:41.751, 2640, 13365, 150.44, 54, 0x0000000000000000, Not Active, Not Active
2026/09/30 14:27:41.851, 2640, 13365, 150.44, 54, 0x0000000000000000, Not Active, Not Active
2026/09/30 14:27:41.951, 2640, 13365, 150.44, 54, 0x0000000000000000, Not Active, Not Active
2026/09/30 14:27:42.051, 2640, 13365, 150.44, 54, 0x0000000000000000, Not Active, Not Active
2026/09/30 14:27:42.151, 2647, 13365, 155.45, 54, 0x0000000000000000, Not Active, Not Active
2026/09/30 14:27:42.251, 2647, 13365, 155.45, 54, 0x0000000000000000, Not Active, Not Active
2026/09/30 14:27:42.352, 2647, 13365, 155.45, 54, 0x0000000000000000, Not Active, Not Active
2026/09/30 14:27:42.452, 2647, 13365, 155.45, 54, 0x0000000000000000, Not Active, Not Active
2026/09/30 14:27:42.552, 2647, 13365, 155.45, 54, 0x0000000000000000, Not Active, Not Active
2026/09/30 14:27:42.652, 2617, 13365, 146.00, 55, 0x0000000000000000, Not Active, Not Active
2026/09/30 14:27:42.752, 2617, 13365, 146.00, 55, 0x0000000000000000, Not Active, Not Active
2026/09/30 14:27:42.852, 2617, 13365, 146.00, 55, 0x0000000000000000, Not Active, Not Active
2026/09/30 14:27:42.952, 2617, 13365, 146.00, 55, 0x0000000000000000, Not Active, Not Active
2026/09/30 14:27:43.052, 2617, 13365, 146.00, 55, 0x0000000000000000, Not Active, Not Active
2026/09/30 14:27:43.153, 2625, 13365, 148.00, 55, 0x0000000000000000, Not Active, Not Active
2026/09/30 14:27:43.253, 2625, 13365, 148.00, 55, 0x0000000000000000, Not Active, Not Active
2026/09/30 14:27:43.353, 2625, 13365, 148.00, 55, 0x0000000000000000, Not Active, Not Active
2026/09/30 14:27:43.453, 2625, 13365, 148.00, 55, 0x0000000000000000, Not Active, Not Active
2026/09/30 14:27:43.553, 2625, 13365, 148.00, 55, 0x0000000000000000, Not Active, Not Active
2026/09/30 14:27:43.654, 2625, 13365, 178.38, 55, 0x0000000000000000, Not Active, Not Active
2026/09/30 14:27:43.754, 2625, 13365, 178.38, 55, 0x0000000000000000, Not Active, Not Active
2026/09/30 14:27:43.854, 2625, 13365, 178.38, 55, 0x0000000000000000, Not Active, Not Active
2026/09/30 14:27:43.955, 2625, 13365, 178.38, 55, 0x0000000000000000, Not Active, Not Active
2026/09/30 14:27:44.055, 2625, 13365, 178.38, 55, 0x0000000000000000, Not Active, Not Active
2026/09/30 14:27:44.155, 2625, 13365, 171.14, 55, 0x0000000000000000, Not Active, Not Active
2026/09/30 14:27:44.255, 2625, 13365, 171.14, 55, 0x0000000000000000, Not Active, Not Active
2026/09/30 14:27:44.355, 2625, 13365, 171.14, 55, 0x0000000000000000, Not Active, Not Active
2026/09/30 14:27:44.456, 2625, 13365, 171.14, 55, 0x0000000000000000, Not Active, Not Active
2026/09/30 14:27:44.556, 2625, 13365, 171.14, 55, 0x0000000000000000, Not Active, Not Active
2026/09/30 14:27:44.656, 2617, 13365, 148.85, 54, 0x0000000000000000, Not Active, Not Active
2026/09/30 14:27:44.756, 2617, 13365, 148.85, 54, 0x0000000000000000, Not Active, Not Active
2026/09/30 14:27:44.856, 2617, 13365, 148.85, 54, 0x0000000000000000, Not Active, Not Active
2026/09/30 14:27:44.956, 2617, 13365, 148.85, 54, 0x0000000000000000, Not Active, Not Active
2026/09/30 14:27:45.057, 2617, 13365, 148.85, 54, 0x0000000000000000, Not Active, Not Active
2026/09/30 14:27:45.157, 2580, 13365, 168.25, 58, 0x0000000000000000, Not Active, Not Active
2026/09/30 14:27:45.257, 2580, 13365, 168.25, 58, 0x0000000000000000, Not Active, Not Active
2026/09/30 14:27:45.357, 2580, 13365, 168.25, 58, 0x0000000000000000, Not Active, Not Active
2026/09/30 14:27:45.457, 2580, 13365, 168.25, 58, 0x0000000000000000, Not Active, Not Active
2026/09/30 14:27:45.557, 2580, 13365, 168.25, 58, 0x0000000000000000, Not Active, Not Active
2026/09/30 14:27:45.657, 2587, 13365, 209.33, 57, 0x0000000000000000, Not Active, Not Active
2026/09/30 14:27:45.757, 2587, 13365, 209.33, 57, 0x0000000000000000, Not Active, Not Active
2026/09/30 14:27:45.857, 2587, 13365, 209.33, 57, 0x0000000000000000, Not Active, Not Active
2026/09/30 14:27:45.957, 2587, 13365, 209.33, 57, 0x0000000000000000, Not Active, Not Active
2026/09/30 14:27:46.058, 2587, 13365, 209.33, 57, 0x0000000000000000, Not Active, Not Active
2026/09/30 14:27:46.158, 2595, 13365, 212.07, 56, 0x0000000000000000, Not Active, Not Active
2026/09/30 14:27:46.259, 2595, 13365, 212.07, 56, 0x0000000000000000, Not Active, Not Active
2026/09/30 14:27:46.359, 2595, 13365, 212.07, 56, 0x0000000000000000, Not Active, Not Active
2026/09/30 14:27:46.459, 2595, 13365, 212.07, 56, 0x0000000000000000, Not Active, Not Active
2026/09/30 14:27:46.560, 2595, 13365, 212.07, 56, 0x0000000000000000, Not Active, Not Active
2026/09/30 14:27:46.660, 2587, 13365, 209.26, 55, 0x0000000000000000, Not Active, Not Active
2026/09/30 14:27:46.761, 2587, 13365, 209.26, 55, 0x0000000000000000, Not Active, Not Active
2026/09/30 14:27:46.861, 2587, 13365, 209.26, 55, 0x0000000000000000, Not Active, Not Active
2026/09/30 14:27:46.961, 2587, 13365, 209.26, 55, 0x0000000000000000, Not Active, Not Active
2026/09/30 14:27:47.062, 2587, 13365, 209.26, 55, 0x0000000000000000, Not Active, Not Active
2026/09/30 14:27:47.162, 2610, 13365, 146.30, 54, 0x0000000000000000, Not Active, Not Active
2026/09/30 14:27:47.262, 2610, 13365, 146.30, 54, 0x0000000000000000, Not Active, Not Active
2026/09/30 14:27:47.362, 2610, 13365, 146.30, 54, 0x0000000000000000, Not Active, Not Active
2026/09/30 14:27:47.463, 2610, 13365, 146.30, 54, 0x0000000000000000, Not Active, Not Active
2026/09/30 14:27:47.563, 2610, 13365, 146.30, 54, 0x0000000000000000, Not Active, Not Active
2026/09/30 14:27:47.663, 2580, 13365, 178.56, 58, 0x0000000000000000, Not Active, Not Active
2026/09/30 14:27:47.764, 2580, 13365, 178.56, 58, 0x0000000000000000, Not Active, Not Active
2026/09/30 14:27:47.864, 2580, 13365, 178.56, 58, 0x0000000000000000, Not Active, Not Active
2026/09/30 14:27:47.964, 2580, 13365, 178.56, 58, 0x0000000000000000, Not Active, Not Active
2026/09/30 14:27:48.064, 2580, 13365, 178.56, 58, 0x0000000000000000, Not Active, Not Active
2026/09/30 14:27:48.164, 2692, 13365, 270.84, 60, 0x0000000000000000, Not Active, Not Active
2026/09/30 14:27:48.265, 2692, 13365, 270.84, 60, 0x0000000000000000, Not Active, Not Active
2026/09/30 14:27:48.365, 2692, 13365, 270.84, 60, 0x0000000000000000, Not Active, Not Active
2026/09/30 14:27:48.465, 2692, 13365, 270.84, 60, 0x0000000000000000, Not Active, Not Active
2026/09/30 14:27:48.565, 2692, 13365, 270.84, 60, 0x0000000000000000, Not Active, Not Active
2026/09/30 14:27:48.666, 2625, 13365, 290.12, 62, 0x0000000000000004, Active, Not Active
2026/09/30 14:27:48.766, 2625, 13365, 290.12, 62, 0x0000000000000004, Active, Not Active
2026/09/30 14:27:48.866, 2625, 13365, 290.12, 62, 0x0000000000000004, Active, Not Active
2026/09/30 14:27:48.966, 2625, 13365, 290.12, 62, 0x0000000000000004, Active, Not Active
2026/09/30 14:27:49.066, 2625, 13365, 290.12, 62, 0x0000000000000004, Active, Not Active
2026/09/30 14:27:49.167, 2640, 13365, 287.39, 60, 0x0000000000000000, Not Active, Not Active
2026/09/30 14:27:49.267, 2640, 13365, 287.39, 60, 0x0000000000000000, Not Active, Not Active
2026/09/30 14:27:49.368, 2640, 13365, 287.39, 60, 0x0000000000000000, Not Active, Not Active
2026/09/30 14:27:49.468, 2640, 13365, 287.39, 60, 0x0000000000000000, Not Active, Not Active
2026/09/30 14:27:49.568, 2640, 13365, 287.39, 60, 0x0000000000000000, Not Active, Not Active
2026/09/30 14:27:49.668, 2827, 13365, 236.28, 56, 0x0000000000000000, Not Active, Not Active
2026/09/30 14:27:49.768, 2827, 13365, 236.28, 56, 0x0000000000000000, Not Active, Not Active
2026/09/30 14:27:49.869, 2827, 13365, 236.28, 56, 0x0000000000000000, Not Active, Not Active
2026/09/30 14:27:49.969, 2827, 13365, 236.28, 56, 0x0000000000000000, Not Active, Not Active
2026/09/30 14:27:50.069, 2827, 13365, 236.28, 56, 0x0000000000000000, Not Active, Not Active
2026/09/30 14:27:50.169, 2827, 13365, 170.42, 55, 0x0000000000000000, Not Active, Not Active
2026/09/30 14:27:50.270, 2827, 13365, 170.42, 55, 0x0000000000000000, Not Active, Not Active
2026/09/30 14:27:50.370, 2827, 13365, 170.42, 55, 0x0000000000000000, Not Active, Not Active
2026/09/30 14:27:50.470, 2827, 13365, 170.42, 55, 0x0000000000000000, Not Active, Not Active
2026/09/30 14:27:50.570, 2827, 13365, 170.42, 55, 0x0000000000000000, Not Active, Not Active
2026/09/30 14:27:50.670, 2827, 13365, 152.54, 56, 0x0000000000000000, Not Active, Not Active
2026/09/30 14:27:50.770, 2827, 13365, 152.54, 56, 0x0000000000000000, Not Active, Not Active
2026/09/30 14:27:50.870, 2827, 13365, 152.54, 56, 0x0000000000000000, Not Active, Not Active
2026/09/30 14:27:50.971, 2827, 13365, 152.54, 56, 0x0000000000000000, Not Active, Not Active
2026/09/30 14:27:51.071, 2827, 13365, 152.54, 56, 0x0000000000000000, Not Active, Not Active
2026/09/30 14:27:51.171, 2827, 13365, 148.88, 56, 0x0000000000000000, Not Active, Not Active
2026/09/30 14:27:51.272, 2827, 13365, 148.88, 56, 0x0000000000000000, Not Active, Not Active
2026/09/30 14:27:51.372, 2827, 13365, 148.88, 56, 0x0000000000000000, Not Active, Not Active
2026/09/30 14:27:51.472, 2827, 13365, 148.88, 56, 0x0000000000000000, Not Active, Not Active
2026/09/30 14:27:51.573, 2827, 13365, 148.88, 56, 0x0000000000000000, Not Active, Not Active
2026/09/30 14:27:51.673, 2677, 13365, 146.43, 55, 0x0000000000000000, Not Active, Not Active
2026/09/30 14:27:51.773, 2677, 13365, 146.43, 55, 0x0000000000000000, Not Active, Not Active
2026/09/30 14:27:51.873, 2677, 13365, 146.43, 55, 0x0000000000000000, Not Active, Not Active
2026/09/30 14:27:51.973, 2677, 13365, 146.43, 55, 0x0000000000000000, Not Active, Not Active
2026/09/30 14:27:52.073, 2677, 13365, 146.43, 55, 0x0000000000000000, Not Active, Not Active
2026/09/30 14:27:52.173, 2662, 13365, 145.18, 56, 0x0000000000000000, Not Active, Not Active
2026/09/30 14:27:52.274, 2662, 13365, 145.18, 56, 0x0000000000000000, Not Active, Not Active
2026/09/30 14:27:52.374, 2662, 13365, 145.18, 56, 0x0000000000000000, Not Active, Not Active
2026/09/30 14:27:52.474, 2662, 13365, 145.18, 56, 0x0000000000000000, Not Active, Not Active
2026/09/30 14:27:52.574, 2662, 13365, 145.18, 56, 0x0000000000000000, Not Active, Not Active
2026/09/30 14:27:52.675, 2662, 13365, 144.61, 55, 0x0000000000000000, Not Active, Not Active
2026/09/30 14:27:52.775, 2662, 13365, 144.61, 55, 0x0000000000000000, Not Active, Not Active
2026/09/30 14:27:52.875, 2662, 13365, 144.61, 55, 0x0000000000000000, Not Active, Not Active
2026/09/30 14:27:52.975, 2662, 13365, 144.61, 55, 0x0000000000000000, Not Active, Not Active
2026/09/30 14:27:53.075, 2662, 13365, 144.61, 55, 0x0000000000000000, Not Active, Not Active
2026/09/30 14:27:53.175, 2662, 13365, 139.24, 55, 0x0000000000000000, Not Active, Not Active
2026/09/30 14:27:53.275, 2662, 13365, 139.24, 55, 0x0000000000000000, Not Active, Not Active
2026/09/30 14:27:53.375, 2662, 13365, 139.24, 55, 0x0000000000000000, Not Active, Not Active
2026/09/30 14:27:53.475, 2662, 13365, 139.24, 55, 0x0000000000000000, Not Active, Not Active
2026/09/30 14:27:53.576, 2662, 13365, 139.24, 55, 0x0000000000000000, Not Active, Not Active
2026/09/30 14:27:53.676, 2685, 13365, 138.55, 55, 0x0000000000000000, Not Active, Not Active
2026/09/30 14:27:53.776, 2685, 13365, 138.55, 55, 0x0000000000000000, Not Active, Not Active
2026/09/30 14:27:53.876, 2685, 13365, 138.55, 55, 0x0000000000000000, Not Active, Not Active
2026/09/30 14:27:53.976, 2685, 13365, 138.55, 55, 0x0000000000000000, Not Active, Not Active
2026/09/30 14:27:54.076, 2685, 13365, 138.55, 55, 0x0000000000000000, Not Active, Not Active
2026/09/30 14:27:54.176, 2677, 13365, 142.79, 55, 0x0000000000000000, Not Active, Not Active
2026/09/30 14:27:54.276, 2677, 13365, 142.79, 55, 0x0000000000000000, Not Active, Not Active
2026/09/30 14:27:54.376, 2677, 13365, 142.79, 55, 0x0000000000000000, Not Active, Not Active
2026/09/30 14:27:54.476, 2677, 13365, 142.79, 55, 0x0000000000000000, Not Active, Not Active
2026/09/30 14:27:54.577, 2677, 13365, 142.79, 55, 0x0000000000000000, Not Active, Not Active
2026/09/30 14:27:54.677, 2677, 13365, 141.70, 55, 0x0000000000000000, Not Active, Not Active
2026/09/30 14:27:54.777, 2677, 13365, 141.70, 55, 0x0000000000000000, Not Active, Not Active
2026/09/30 14:27:54.877, 2677, 13365, 141.70, 55, 0x0000000000000000, Not Active, Not Active
2026/09/30 14:27:54.977, 2677, 13365, 141.70, 55, 0x0000000000000000, Not Active, Not Active
2026/09/30 14:27:55.077, 2677, 13365, 141.70, 55, 0x0000000000000000, Not Active, Not Active
2026/09/30 14:27:55.177, 2647, 13365, 138.48, 56, 0x0000000000000000, Not Active, Not Active
2026/09/30 14:27:55.277, 2647, 13365, 138.48, 56, 0x0000000000000000, Not Active, Not Active
2026/09/30 14:27:55.378, 2647, 13365, 138.48, 56, 0x0000000000000000, Not Active, Not Active
2026/09/30 14:27:55.478, 2647, 13365, 138.48, 56, 0x0000000000000000, Not Active, Not Active
2026/09/30 14:27:55.578, 2647, 13365, 138.48, 56, 0x0000000000000000, Not Active, Not Active
2026/09/30 14:27:55.678, 2655, 13365, 137.82, 55, 0x0000000000000000, Not Active, Not Active
2026/09/30 14:27:55.778, 2655, 13365, 137.82, 55, 0x0000000000000000, Not Active, Not Active
2026/09/30 14:27:55.878, 2655, 13365, 137.82, 55, 0x0000000000000000, Not Active, Not Active
2026/09/30 14:27:55.979, 2655, 13365, 137.82, 55, 0x0000000000000000, Not Active, Not Active
2026/09/30 14:27:56.079, 2655, 13365, 137.82, 55, 0x0000000000000000, Not Active, Not Active
2026/09/30 14:27:56.179, 2677, 13365, 140.12, 55, 0x0000000000000000, Not Active, Not Active
2026/09/30 14:27:56.279, 2677, 13365, 140.12, 55, 0x0000000000000000, Not Active, Not Active
2026/09/30 14:27:56.379, 2677, 13365, 140.12, 55, 0x0000000000000000, Not Active, Not Active
2026/09/30 14:27:56.480, 2677, 13365, 140.12, 55, 0x0000000000000000, Not Active, Not Active
2026/09/30 14:27:56.580, 2677, 13365, 140.12, 55, 0x0000000000000000, Not Active, Not Active
2026/09/30 14:27:56.681, 2662, 13365, 142.79, 55, 0x0000000000000000, Not Active, Not Active
2026/09/30 14:27:56.781, 2662, 13365, 142.79, 55, 0x0000000000000000, Not Active, Not Active
2026/09/30 14:27:56.881, 2662, 13365, 142.79, 55, 0x0000000000000000, Not Active, Not Active
2026/09/30 14:27:56.981, 2662, 13365, 142.79, 55, 0x0000000000000000, Not Active, Not Active
2026/09/30 14:27:57.081, 2662, 13365, 142.79, 55, 0x0000000000000000, Not Active, Not Active
2026/09/30 14:27:57.181, 2685, 13365, 138.81, 55, 0x0000000000000000, Not Active, Not Active
2026/09/30 14:27:57.282, 2685, 13365, 138.81, 55, 0x0000000000000000, Not Active, Not Active
2026/09/30 14:27:57.382, 2685, 13365, 138.81, 55, 0x0000000000000000, Not Active, Not Active
2026/09/30 14:27:57.482, 2685, 13365, 138.81, 55, 0x0000000000000000, Not Active, Not Active
2026/09/30 14:27:57.582, 2685, 13365, 138.81, 55, 0x0000000000000000, Not Active, Not Active
2026/09/30 14:27:57.682, 2662, 13365, 140.84, 56, 0x0000000000000000, Not Active, Not Active
2026/09/30 14:27:57.782, 2662, 13365, 140.84, 56, 0x0000000000000000, Not Active, Not Active
2026/09/30 14:27:57.883, 2662, 13365, 140.84, 56, 0x0000000000000000, Not Active, Not Active
2026/09/30 14:27:57.983, 2662, 13365, 140.84, 56, 0x0000000000000000, Not Active, Not Active
2026/09/30 14:27:58.083, 2662, 13365, 140.84, 56, 0x0000000000000000, Not Active, Not Active
2026/09/30 14:27:58.183, 2655, 13365, 141.12, 55, 0x0000000000000000, Not Active, Not Active
2026/09/30 14:27:58.283, 2655, 13365, 141.12, 55, 0x0000000000000000, Not Active, Not Active
2026/09/30 14:27:58.383, 2655, 13365, 141.12, 55, 0x0000000000000000, Not Active, Not Active
2026/09/30 14:27:58.484, 2655, 13365, 141.12, 55, 0x0000000000000000, Not Active, Not Active
2026/09/30 14:27:58.584, 2655, 13365, 141.12, 55, 0x0000000000000000, Not Active, Not Active
2026/09/30 14:27:58.684, 2670, 13365, 138.58, 55, 0x0000000000000000, Not Active, Not Active
2026/09/30 14:27:58.784, 2670, 13365, 138.58, 55, 0x0000000000000000, Not Active, Not Active
2026/09/30 14:27:58.884, 2670, 13365, 138.58, 55, 0x0000000000000000, Not Active, Not Active
2026/09/30 14:27:58.984, 2670, 13365, 138.58, 55, 0x0000000000000000, Not Active, Not Active
2026/09/30 14:27:59.084, 2670, 13365, 138.58, 55, 0x0000000000000000, Not Active, Not Active
2026/09/30 14:27:59.185, 2662, 13365, 147.54, 55, 0x0000000000000000, Not Active, Not Active
2026/09/30 14:27:59.285, 2662, 13365, 147.54, 55, 0x0000000000000000, Not Active, Not Active
2026/09/30 14:27:59.385, 2662, 13365, 147.54, 55, 0x0000000000000000, Not Active, Not Active
2026/09/30 14:27:59.485, 2662, 13365, 147.54, 55, 0x0000000000000000, Not Active, Not Active
2026/09/30 14:27:59.585, 2662, 13365, 147.54, 55, 0x0000000000000000, Not Active, Not Active
2026/09/30 14:27:59.685, 2662, 13365, 149.24, 56, 0x0000000000000000, Not Active, Not Active
2026/09/30 14:27:59.785, 2662, 13365, 149.24, 56, 0x0000000000000000, Not Active, Not Active
2026/09/30 14:27:59.885, 2662, 13365, 149.24, 56, 0x0000000000000000, Not Active, Not Active
2026/09/30 14:27:59.986, 2662, 13365, 149.24, 56, 0x0000000000000000, Not Active, Not Active
2026/09/30 14:28:00.086, 2662, 13365, 149.24, 56, 0x0000000000000000, Not Active, Not Active
2026/09/30 14:28:00.186, 2640, 13365, 142.76, 55, 0x0000000000000000, Not Active, Not Active
2026/09/30 14:28:00.286, 2640, 13365, 142.76, 55, 0x0000000000000000, Not Active, Not Active
2026/09/30 14:28:00.386, 2640, 13365, 142.76, 55, 0x0000000000000000, Not Active, Not Active
2026/09/30 14:28:00.486, 2640, 13365, 142.76, 55, 0x0000000000000000, Not Active, Not Active
2026/09/30 14:28:00.586, 2640, 13365, 142.76, 55, 0x0000000000000000, Not Active, Not Active
2026/09/30 14:28:00.687, 2625, 13365, 148.79, 55, 0x0000000000000000, Not Active, Not Active
2026/09/30 14:28:00.787, 2625, 13365, 148.79, 55, 0x0000000000000000, Not Active, Not Active
2026/09/30 14:28:00.887, 2625, 13365, 148.79, 55, 0x0000000000000000, Not Active, Not Active
2026/09/30 14:28:00.987, 2625, 13365, 148.79, 55, 0x0000000000000000, Not Active, Not Active
2026/09/30 14:28:01.087, 2625, 13365, 148.79, 55, 0x0000000000000000, Not Active, Not Active
2026/09/30 14:28:01.187, 2625, 13365, 156.71, 55, 0x0000000000000000, Not Active, Not Active
2026/09/30 14:28:01.287, 2625, 13365, 156.71, 55, 0x0000000000000000, Not Active, Not Active
2026/09/30 14:28:01.388, 2625, 13365, 156.71, 55, 0x0000000000000000, Not Active, Not Active
2026/09/30 14:28:01.488, 2625, 13365, 156.71, 55, 0x0000000000000000, Not Active, Not Active
2026/09/30 14:28:01.588, 2625, 13365, 156.71, 55, 0x0000000000000000, Not Active, Not Active
2026/09/30 14:28:01.688, 2632, 13365, 158.55, 55, 0x0000000000000000, Not Active, Not Active
2026/09/30 14:28:01.788, 2632, 13365, 158.55, 55, 0x0000000000000000, Not Active, Not Active
2026/09/30 14:28:01.888, 2632, 13365, 158.55, 55, 0x0000000000000000, Not Active, Not Active
2026/09/30 14:28:01.988, 2632, 13365, 158.55, 55, 0x0000000000000000, Not Active, Not Active
2026/09/30 14:28:02.089, 2632, 13365, 158.55, 55, 0x0000000000000000, Not Active, Not Active
2026/09/30 14:28:02.189, 2602, 13365, 175.44, 58, 0x0000000000000000, Not Active, Not Active
2026/09/30 14:28:02.289, 2602, 13365, 175.44, 58, 0x0000000000000000, Not Active, Not Active
2026/09/30 14:28:02.389, 2602, 13365, 175.44, 58, 0x0000000000000000, Not Active, Not Active
2026/09/30 14:28:02.489, 2602, 13365, 175.44, 58, 0x0000000000000000, Not Active, Not Active
2026/09/30 14:28:02.589, 2602, 13365, 175.44, 58, 0x0000000000000000, Not Active, Not Active
2026/09/30 14:28:02.689, 2602, 13365, 185.00, 56, 0x0000000000000000, Not Active, Not Active
2026/09/30 14:28:02.790, 2602, 13365, 185.00, 56, 0x0000000000000000, Not Active, Not Active
2026/09/30 14:28:02.890, 2602, 13365, 185.00, 56, 0x0000000000000000, Not Active, Not Active
2026/09/30 14:28:02.990, 2602, 13365, 185.00, 56, 0x0000000000000000, Not Active, Not Active
2026/09/30 14:28:03.090, 2602, 13365, 185.00, 56, 0x0000000000000000, Not Active, Not Active
2026/09/30 14:28:03.190, 2602, 13365, 178.52, 56, 0x0000000000000000, Not Active, Not Active
2026/09/30 14:28:03.290, 2602, 13365, 178.52, 56, 0x0000000000000000, Not Active, Not Active
2026/09/30 14:28:03.390, 2602, 13365, 178.52, 56, 0x0000000000000000, Not Active, Not Active
2026/09/30 14:28:03.491, 2602, 13365, 178.52, 56, 0x0000000000000000, Not Active, Not Active
2026/09/30 14:28:03.591, 2602, 13365, 178.52, 56, 0x0000000000000000, Not Active, Not Active
2026/09/30 14:28:03.691, 2610, 13365, 174.37, 58, 0x0000000000000000, Not Active, Not Active
2026/09/30 14:28:03.791, 2610, 13365, 174.37, 58, 0x0000000000000000, Not Active, Not Active
2026/09/30 14:28:03.891, 2610, 13365, 174.37, 58, 0x0000000000000000, Not Active, Not Active
2026/09/30 14:28:03.991, 2610, 13365, 174.37, 58, 0x0000000000000000, Not Active, Not Active
2026/09/30 14:28:04.091, 2610, 13365, 174.37, 58, 0x0000000000000000, Not Active, Not Active
2026/09/30 14:28:04.192, 2557, 13365, 198.78, 57, 0x0000000000000000, Not Active, Not Active
2026/09/30 14:28:04.292, 2557, 13365, 198.78, 57, 0x0000000000000000, Not Active, Not Active
2026/09/30 14:28:04.392, 2557, 13365, 198.78, 57, 0x0000000000000000, Not Active, Not Active
2026/09/30 14:28:04.492, 2557, 13365, 198.78, 57, 0x0000000000000000, Not Active, Not Active
2026/09/30 14:28:04.592, 2557, 13365, 198.78, 57, 0x0000000000000000, Not Active, Not Active
2026/09/30 14:28:04.692, 2565, 13365, 213.97, 57, 0x0000000000000000, Not Active, Not Active
2026/09/30 14:28:04.793, 2565, 13365, 213.97, 57, 0x0000000000000000, Not Active, Not Active
2026/09/30 14:28:04.893, 2565, 13365, 213.97, 57, 0x0000000000000000, Not Active, Not Active
2026/09/30 14:28:04.993, 2565, 13365, 213.97, 57, 0x0000000000000000, Not Active, Not Active
2026/09/30 14:28:05.093, 2565, 13365, 213.97, 57, 0x0000000000000000, Not Active, Not Active
2026/09/30 14:28:05.193, 2580, 13365, 200.89, 60, 0x0000000000000000, Not Active, Not Active
2026/09/30 14:28:05.293, 2580, 13365, 200.89, 60, 0x0000000000000000, Not Active, Not Active
2026/09/30 14:28:05.394, 2580, 13365, 200.89, 60, 0x0000000000000000, Not Active, Not Active
2026/09/30 14:28:05.494, 2580, 13365, 200.89, 60, 0x0000000000000000, Not Active, Not Active
2026/09/30 14:28:05.594, 2580, 13365, 200.89, 60, 0x0000000000000000, Not Active, Not Active
2026/09/30 14:28:05.694, 2572, 13365, 198.60, 56, 0x0000000000000000, Not Active, Not Active
2026/09/30 14:28:05.794, 2572, 13365, 198.60, 56, 0x0000000000000000, Not Active, Not Active
2026/09/30 14:28:05.894, 2572, 13365, 198.60, 56, 0x0000000000000000, Not Active, Not Active
2026/09/30 14:28:05.994, 2572, 13365, 198.60, 56, 0x0000000000000000, Not Active, Not Active
2026/09/30 14:28:06.094, 2572, 13365, 198.60, 56, 0x0000000000000000, Not Active, Not Active
2026/09/30 14:28:06.195, 2535, 13365, 217.91, 61, 0x0000000000000004, Active, Not Active
2026/09/30 14:28:06.295, 2535, 13365, 217.91, 61, 0x0000000000000004, Active, Not Active
2026/09/30 14:28:06.395, 2535, 13365, 217.91, 61, 0x0000000000000004, Active, Not Active
2026/09/30 14:28:06.495, 2535, 13365, 217.91, 61, 0x0000000000000004, Active, Not Active
2026/09/30 14:28:06.595, 2535, 13365, 217.91, 61, 0x0000000000000004, Active, Not Active
2026/09/30 14:28:06.696, 2505, 13365, 246.94, 60, 0x0000000000000000, Not Active, Not Active
2026/09/30 14:28:06.796, 2505, 13365, 246.94, 60, 0x0000000000000000, Not Active, Not Active
2026/09/30 14:28:06.896, 2505, 13365, 246.94, 60, 0x0000000000000000, Not Active, Not Active
2026/09/30 14:28:06.996, 2505, 13365, 246.94, 60, 0x0000000000000000, Not Active, Not Active
2026/09/30 14:28:07.096, 2505, 13365, 246.94, 60, 0x0000000000000000, Not Active, Not Active
2026/09/30 14:28:07.196, 2505, 13365, 274.25, 60, 0x0000000000000000, Not Active, Not Active
2026/09/30 14:28:07.296, 2505, 13365, 274.25, 60, 0x0000000000000000, Not Active, Not Active
2026/09/30 14:28:07.396, 2505, 13365, 274.25, 60, 0x0000000000000000, Not Active, Not Active
2026/09/30 14:28:07.497, 2505, 13365, 274.25, 60, 0x0000000000000000, Not Active, Not Active
2026/09/30 14:28:07.597, 2505, 13365, 274.25, 60, 0x0000000000000000, Not Active, Not Active
2026/09/30 14:28:07.697, 2677, 13365, 261.14, 60, 0x0000000000000000, Not Active, Not Active
2026/09/30 14:28:07.797, 2677, 13365, 261.14, 60, 0x0000000000000000, Not Active, Not Active
2026/09/30 14:28:07.897, 2677, 13365, 261.14, 60, 0x0000000000000000, Not Active, Not Active
2026/09/30 14:28:07.997, 2677, 13365, 261.14, 60, 0x0000000000000000, Not Active, Not Active
2026/09/30 14:28:08.097, 2677, 13365, 261.14, 60, 0x0000000000000000, Not Active, Not Active
2026/09/30 14:28:08.197, 2685, 13365, 250.70, 57, 0x0000000000000000, Not Active, Not Active
2026/09/30 14:28:08.298, 2685, 13365, 250.70, 57, 0x0000000000000000, Not Active, Not Active
2026/09/30 14:28:08.398, 2685, 13365, 250.70, 57, 0x0000000000000000, Not Active, Not Active
2026/09/30 14:28:08.498, 2685, 13365, 250.70, 57, 0x0000000000000000, Not Active, Not Active
2026/09/30 14:28:08.599, 2685, 13365, 250.70, 57, 0x0000000000000000, Not Active, Not Active
2026/09/30 14:28:08.699, 2565, 13365, 253.36, 63, 0x0000000000000004, Active, Not Active
2026/09/30 14:28:08.800, 2565, 13365, 253.36, 63, 0x0000000000000004, Active, Not Active
2026/09/30 14:28:08.900, 2565, 13365, 253.36, 63, 0x0000000000000004, Active, Not Active
2026/09/30 14:28:09.001, 2565, 13365, 253.36, 63, 0x0000000000000004, Active, Not Active
2026/09/30 14:28:09.101, 2565, 13365, 253.36, 63, 0x0000000000000004, Active, Not Active
2026/09/30 14:28:09.201, 2415, 13365, 344.06, 67, 0x0000000000000004, Active, Not Active
2026/09/30 14:28:09.301, 2415, 13365, 344.06, 67, 0x0000000000000004, Active, Not Active
2026/09/30 14:28:09.401, 2415, 13365, 344.06, 67, 0x0000000000000004, Active, Not Active
2026/09/30 14:28:09.501, 2415, 13365, 344.06, 67, 0x0000000000000004, Active, Not Active
2026/09/30 14:28:09.602, 2415, 13365, 344.06, 67, 0x0000000000000004, Active, Not Active
2026/09/30 14:28:09.702, 2610, 13365, 382.81, 64, 0x0000000000000004, Active, Not Active
2026/09/30 14:28:09.802, 2610, 13365, 382.81, 64, 0x0000000000000004, Active, Not Active
2026/09/30 14:28:09.902, 2610, 13365, 382.81, 64, 0x0000000000000004, Active, Not Active
2026/09/30 14:28:10.002, 2610, 13365, 382.81, 64, 0x0000000000000004, Active, Not Active
2026/09/30 14:28:10.102, 2610, 13365, 382.81, 64, 0x0000000000000004, Active, Not Active
2026/09/30 14:28:10.202, 2497, 13365, 369.55, 65, 0x0000000000000004, Active, Not Active
2026/09/30 14:28:10.303, 2497, 13365, 369.55, 65, 0x0000000000000004, Active, Not Active
2026/09/30 14:28:10.403, 2497, 13365, 369.55, 65, 0x0000000000000004, Active, Not Active
2026/09/30 14:28:10.503, 2497, 13365, 369.55, 65, 0x0000000000000004, Active, Not Active
2026/09/30 14:28:10.603, 2497, 13365, 369.55, 65, 0x0000000000000004, Active, Not Active
2026/09/30 14:28:10.703, 2617, 13365, 363.21, 67, 0x0000000000000004, Active, Not Active
2026/09/30 14:28:10.803, 2617, 13365, 363.21, 67, 0x0000000000000004, Active, Not Active
2026/09/30 14:28:10.903, 2617, 13365, 363.21, 67, 0x0000000000000004, Active, Not Active
2026/09/30 14:28:11.003, 2617, 13365, 363.21, 67, 0x0000000000000004, Active, Not Active
2026/09/30 14:28:11.104, 2617, 13365, 363.21, 67, 0x0000000000000004, Active, Not Active
2026/09/30 14:28:11.204, 2595, 13365, 314.77, 59, 0x0000000000000000, Not Active, Not Active
2026/09/30 14:28:11.304, 2595, 13365, 314.77, 59, 0x0000000000000000, Not Active, Not Active
2026/09/30 14:28:11.404, 2595, 13365, 314.77, 59, 0x0000000000000000, Not Active, Not Active
2026/09/30 14:28:11.504, 2595, 13365, 314.77, 59, 0x0000000000000000, Not Active, Not Active
2026/09/30 14:28:11.604, 2595, 13365, 314.77, 59, 0x0000000000000000, Not Active, Not Active
2026/09/30 14:28:11.704, 2835, 13365, 209.26, 57, 0x0000000000000000, Not Active, Not Active
2026/09/30 14:28:11.804, 2835, 13365, 209.26, 57, 0x0000000000000000, Not Active, Not Active
2026/09/30 14:28:11.905, 2835, 13365, 209.26, 57, 0x0000000000000000, Not Active, Not Active
2026/09/30 14:28:12.005, 2835, 13365, 209.26, 57, 0x0000000000000000, Not Active, Not Active
2026/09/30 14:28:12.105, 2835, 13365, 209.26, 57, 0x0000000000000000, Not Active, Not Active
2026/09/30 14:28:12.206, 2362, 13365, 288.69, 66, 0x0000000000000004, Active, Not Active
2026/09/30 14:28:12.306, 2362, 13365, 288.69, 66, 0x0000000000000004, Active, Not Active
2026/09/30 14:28:12.406, 2362, 13365, 288.69, 66, 0x0000000000000004, Active, Not Active
2026/09/30 14:28:12.507, 2362, 13365, 288.69, 66, 0x0000000000000004, Active, Not Active
2026/09/30 14:28:12.607, 2362, 13365, 288.69, 66, 0x0000000000000004, Active, Not Active
2026/09/30 14:28:12.707, 2332, 13365, 440.20, 70, 0x0000000000000004, Active, Not Active
2026/09/30 14:28:12.807, 2332, 13365, 440.20, 70, 0x0000000000000004, Active, Not Active
2026/09/30 14:28:12.908, 2332, 13365, 440.20, 70, 0x0000000000000004, Active, Not Active
2026/09/30 14:28:13.008, 2332, 13365, 440.20, 70, 0x0000000000000004, Active, Not Active
2026/09/30 14:28:13.108, 2332, 13365, 440.20, 70, 0x0000000000000004, Active, Not Active
2026/09/30 14:28:13.208, 2347, 13365, 448.91, 66, 0x0000000000000004, Active, Not Active
2026/09/30 14:28:13.308, 2347, 13365, 448.91, 66, 0x0000000000000004, Active, Not Active
2026/09/30 14:28:13.408, 2347, 13365, 448.91, 66, 0x0000000000000004, Active, Not Active
2026/09/30 14:28:13.508, 2347, 13365, 448.91, 66, 0x0000000000000004, Active, Not Active
2026/09/30 14:28:13.608, 2347, 13365, 448.91, 66, 0x0000000000000004, Active, Not Active
2026/09/30 14:28:13.708, 2490, 13365, 452.34, 71, 0x0000000000000004, Active, Not Active
2026/09/30 14:28:13.809, 2490, 13365, 452.34, 71, 0x0000000000000004, Active, Not Active
2026/09/30 14:28:13.909, 2490, 13365, 452.34, 71, 0x0000000000000004, Active, Not Active
2026/09/30 14:28:14.009, 2490, 13365, 452.34, 71, 0x0000000000000004, Active, Not Active
2026/09/30 14:28:14.109, 2490, 13365, 452.34, 71, 0x0000000000000004, Active, Not Active
2026/09/30 14:28:14.209, 2287, 13365, 445.71, 69, 0x0000000000000000, Not Active, Not Active
2026/09/30 14:28:14.309, 2287, 13365, 445.71, 69, 0x0000000000000000, Not Active, Not Active
2026/09/30 14:28:14.409, 2287, 13365, 445.71, 69, 0x0000000000000000, Not Active, Not Active
2026/09/30 14:28:14.509, 2287, 13365, 445.71, 69, 0x0000000000000000, Not Active, Not Active
2026/09/30 14:28:14.609, 2287, 13365, 445.71, 69, 0x0000000000000000, Not Active, Not Active
2026/09/30 14:28:14.710, 2295, 13365, 488.16, 72, 0x0000000000000004, Active, Not Active
2026/09/30 14:28:14.810, 2295, 13365, 488.16, 72, 0x0000000000000004, Active, Not Active
2026/09/30 14:28:14.910, 2295, 13365, 488.16, 72, 0x0000000000000004, Active, Not Active
2026/09/30 14:28:15.010, 2295, 13365, 488.16, 72, 0x0000000000000004, Active, Not Active
2026/09/30 14:28:15.111, 2295, 13365, 488.16, 72, 0x0000000000000004, Active, Not Active
2026/09/30 14:28:15.211, 2535, 13365, 455.51, 72, 0x0000000000000004, Active, Not Active
2026/09/30 14:28:15.311, 2535, 13365, 455.51, 72, 0x0000000000000004, Active, Not Active
2026/09/30 14:28:15.412, 2535, 13365, 455.51, 72, 0x0000000000000004, Active, Not Active
2026/09/30 14:28:15.512, 2535, 13365, 455.51, 72, 0x0000000000000004, Active, Not Active
2026/09/30 14:28:15.612, 2535, 13365, 455.51, 72, 0x0000000000000004, Active, Not Active
2026/09/30 14:28:15.713, 2505, 13365, 408.55, 62, 0x0000000000000000, Not Active, Not Active
2026/09/30 14:28:15.813, 2505, 13365, 408.55, 62, 0x0000000000000000, Not Active, Not Active
2026/09/30 14:28:15.913, 2505, 13365, 408.55, 62, 0x0000000000000000, Not Active, Not Active
2026/09/30 14:28:16.013, 2505, 13365, 408.55, 62, 0x0000000000000000, Not Active, Not Active
2026/09/30 14:28:16.113, 2505, 13365, 408.55, 62, 0x0000000000000000, Not Active, Not Active
2026/09/30 14:28:16.214, 2827, 13365, 260.98, 60, 0x0000000000000000, Not Active, Not Active
2026/09/30 14:28:16.314, 2827, 13365, 260.98, 60, 0x0000000000000000, Not Active, Not Active
2026/09/30 14:28:16.415, 2827, 13365, 260.98, 60, 0x0000000000000000, Not Active, Not Active
2026/09/30 14:28:16.515, 2827, 13365, 260.98, 60, 0x0000000000000000, Not Active, Not Active
2026/09/30 14:28:16.615, 2827, 13365, 260.98, 60, 0x0000000000000000, Not Active, Not Active
2026/09/30 14:28:16.715, 2827, 13365, 155.77, 59, 0x0000000000000000, Not Active, Not Active
2026/09/30 14:28:16.816, 2827, 13365, 155.77, 59, 0x0000000000000000, Not Active, Not Active
2026/09/30 14:28:16.916, 2827, 13365, 155.77, 59, 0x0000000000000000, Not Active, Not Active
2026/09/30 14:28:17.016, 2827, 13365, 155.77, 59, 0x0000000000000000, Not Active, Not Active
2026/09/30 14:28:17.116, 2827, 13365, 155.77, 59, 0x0000000000000000, Not Active, Not Active
2026/09/30 14:28:17.216, 2827, 13365, 151.57, 59, 0x0000000000000000, Not Active, Not Active
2026/09/30 14:28:17.316, 2827, 13365, 151.57, 59, 0x0000000000000000, Not Active, Not Active
2026/09/30 14:28:17.416, 2827, 13365, 151.57, 59, 0x0000000000000000, Not Active, Not Active
2026/09/30 14:28:17.517, 2827, 13365, 151.57, 59, 0x0000000000000000, Not Active, Not Active
2026/09/30 14:28:17.617, 2827, 13365, 151.57, 59, 0x0000000000000000, Not Active, Not Active
2026/09/30 14:28:17.717, 2662, 13365, 143.22, 58, 0x0000000000000000, Not Active, Not Active
2026/09/30 14:28:17.817, 2662, 13365, 143.22, 58, 0x0000000000000000, Not Active, Not Active
2026/09/30 14:28:17.917, 2662, 13365, 143.22, 58, 0x0000000000000000, Not Active, Not Active
2026/09/30 14:28:18.017, 2662, 13365, 143.22, 58, 0x0000000000000000, Not Active, Not Active
2026/09/30 14:28:18.117, 2662, 13365, 143.22, 58, 0x0000000000000000, Not Active, Not Active
2026/09/30 14:28:18.217, 2692, 13365, 139.42, 58, 0x0000000000000000, Not Active, Not Active
2026/09/30 14:28:18.318, 2692, 13365, 139.42, 58, 0x0000000000000000, Not Active, Not Active
2026/09/30 14:28:18.418, 2692, 13365, 139.42, 58, 0x0000000000000000, Not Active, Not Active
2026/09/30 14:28:18.518, 2692, 13365, 139.42, 58, 0x0000000000000000, Not Active, Not Active
2026/09/30 14:28:18.619, 2692, 13365, 139.42, 58, 0x0000000000000000, Not Active, Not Active
2026/09/30 14:28:18.719, 2685, 13365, 141.26, 59, 0x0000000000000000, Not Active, Not Active
2026/09/30 14:28:18.819, 2685, 13365, 141.26, 59, 0x0000000000000000, Not Active, Not Active
2026/09/30 14:28:18.919, 2685, 13365, 141.26, 59, 0x0000000000000000, Not Active, Not Active
2026/09/30 14:28:19.019, 2685, 13365, 141.26, 59, 0x0000000000000000, Not Active, Not Active
2026/09/30 14:28:19.119, 2685, 13365, 141.26, 59, 0x0000000000000000, Not Active, Not Active
2026/09/30 14:28:19.219, 2670, 13365, 135.53, 58, 0x0000000000000000, Not Active, Not Active
2026/09/30 14:28:19.319, 2670, 13365, 135.53, 58, 0x0000000000000000, Not Active, Not Active
2026/09/30 14:28:19.420, 2670, 13365, 135.53, 58, 0x0000000000000000, Not Active, Not Active
2026/09/30 14:28:19.520, 2670, 13365, 135.53, 58, 0x0000000000000000, Not Active, Not Active
2026/09/30 14:28:19.621, 2670, 13365, 135.53, 58, 0x0000000000000000, Not Active, Not Active
2026/09/30 14:28:19.721, 2662, 13365, 134.68, 58, 0x0000000000000000, Not Active, Not Active
2026/09/30 14:28:19.821, 2662, 13365, 134.68, 58, 0x0000000000000000, Not Active, Not Active
2026/09/30 14:28:19.921, 2662, 13365, 134.68, 58, 0x0000000000000000, Not Active, Not Active
2026/09/30 14:28:20.021, 2662, 13365, 134.68, 58, 0x0000000000000000, Not Active, Not Active
2026/09/30 14:28:20.121, 2662, 13365, 134.68, 58, 0x0000000000000000, Not Active, Not Active
2026/09/30 14:28:20.222, 2655, 13365, 142.02, 58, 0x0000000000000000, Not Active, Not Active
2026/09/30 14:28:20.322, 2655, 13365, 142.02, 58, 0x0000000000000000, Not Active, Not Active
2026/09/30 14:28:20.422, 2655, 13365, 142.02, 58, 0x0000000000000000, Not Active, Not Active
2026/09/30 14:28:20.522, 2655, 13365, 142.02, 58, 0x0000000000000000, Not Active, Not Active
2026/09/30 14:28:20.622, 2655, 13365, 142.02, 58, 0x0000000000000000, Not Active, Not Active
2026/09/30 14:28:20.722, 2662, 13365, 141.07, 57, 0x0000000000000000, Not Active, Not Active
2026/09/30 14:28:20.822, 2662, 13365, 141.07, 57, 0x0000000000000000, Not Active, Not Active
2026/09/30 14:28:20.922, 2662, 13365, 141.07, 57, 0x0000000000000000, Not Active, Not Active
2026/09/30 14:28:21.023, 2662, 13365, 141.07, 57, 0x0000000000000000, Not Active, Not Active
2026/09/30 14:28:21.123, 2662, 13365, 141.07, 57, 0x0000000000000000, Not Active, Not Active
2026/09/30 14:28:21.223, 2692, 13365, 139.97, 57, 0x0000000000000000, Not Active, Not Active
2026/09/30 14:28:21.323, 2692, 13365, 139.97, 57, 0x0000000000000000, Not Active, Not Active
2026/09/30 14:28:21.423, 2692, 13365, 139.97, 57, 0x0000000000000000, Not Active, Not Active
2026/09/30 14:28:21.523, 2692, 13365, 139.97, 57, 0x0000000000000000, Not Active, Not Active
2026/09/30 14:28:21.623, 2692, 13365, 139.97, 57, 0x0000000000000000, Not Active, Not Active
2026/09/30 14:28:21.724, 2692, 13365, 144.43, 58, 0x0000000000000000, Not Active, Not Active
2026/09/30 14:28:21.824, 2692, 13365, 144.43, 58, 0x0000000000000000, Not Active, Not Active
2026/09/30 14:28:21.924, 2692, 13365, 144.43, 58, 0x0000000000000000, Not Active, Not Active
2026/09/30 14:28:22.024, 2692, 13365, 144.43, 58, 0x0000000000000000, Not Active, Not Active
2026/09/30 14:28:22.124, 2692, 13365, 144.43, 58, 0x0000000000000000, Not Active, Not Active
2026/09/30 14:28:22.224, 2692, 13365, 144.45, 58, 0x0000000000000000, Not Active, Not Active
2026/09/30 14:28:22.324, 2692, 13365, 144.45, 58, 0x0000000000000000, Not Active, Not Active
2026/09/30 14:28:22.425, 2692, 13365, 144.45, 58, 0x0000000000000000, Not Active, Not Active
2026/09/30 14:28:22.525, 2692, 13365, 144.45, 58, 0x0000000000000000, Not Active, Not Active
2026/09/30 14:28:22.625, 2692, 13365, 144.45, 58, 0x0000000000000000, Not Active, Not Active
2026/09/30 14:28:22.725, 2662, 13365, 140.91, 58, 0x0000000000000000, Not Active, Not Active
2026/09/30 14:28:22.825, 2662, 13365, 140.91, 58, 0x0000000000000000, Not Active, Not Active
2026/09/30 14:28:22.925, 2662, 13365, 140.91, 58, 0x0000000000000000, Not Active, Not Active
2026/09/30 14:28:23.025, 2662, 13365, 140.91, 58, 0x0000000000000000, Not Active, Not Active
2026/09/30 14:28:23.126, 2662, 13365, 140.91, 58, 0x0000000000000000, Not Active, Not Active
2026/09/30 14:28:23.226, 2655, 13365, 143.06, 58, 0x0000000000000000, Not Active, Not Active
2026/09/30 14:28:23.326, 2655, 13365, 143.06, 58, 0x0000000000000000, Not Active, Not Active
2026/09/30 14:28:23.426, 2655, 13365, 143.06, 58, 0x0000000000000000, Not Active, Not Active
2026/09/30 14:28:23.526, 2655, 13365, 143.06, 58, 0x0000000000000000, Not Active, Not Active
2026/09/30 14:28:23.626, 2655, 13365, 143.06, 58, 0x0000000000000000, Not Active, Not Active
2026/09/30 14:28:23.726, 2662, 13365, 146.54, 58, 0x0000000000000000, Not Active, Not Active
2026/09/30 14:28:23.826, 2662, 13365, 146.54, 58, 0x0000000000000000, Not Active, Not Active
2026/09/30 14:28:23.927, 2662, 13365, 146.54, 58, 0x0000000000000000, Not Active, Not Active
2026/09/30 14:28:24.027, 2662, 13365, 146.54, 58, 0x0000000000000000, Not Active, Not Active
2026/09/30 14:28:24.127, 2662, 13365, 146.54, 58, 0x0000000000000000, Not Active, Not Active
2026/09/30 14:28:24.227, 2632, 13365, 143.00, 58, 0x0000000000000000, Not Active, Not Active
2026/09/30 14:28:24.327, 2632, 13365, 143.00, 58, 0x0000000000000000, Not Active, Not Active
2026/09/30 14:28:24.427, 2632, 13365, 143.00, 58, 0x0000000000000000, Not Active, Not Active
2026/09/30 14:28:24.527, 2632, 13365, 143.00, 58, 0x0000000000000000, Not Active, Not Active
2026/09/30 14:28:24.628, 2632, 13365, 143.00, 58, 0x0000000000000000, Not Active, Not Active
2026/09/30 14:28:24.728, 2670, 13365, 144.20, 57, 0x0000000000000000, Not Active, Not Active
2026/09/30 14:28:24.828, 2670, 13365, 144.20, 57, 0x0000000000000000, Not Active, Not Active
2026/09/30 14:28:24.928, 2670, 13365, 144.20, 57, 0x0000000000000000, Not Active, Not Active
2026/09/30 14:28:25.028, 2670, 13365, 144.20, 57, 0x0000000000000000, Not Active, Not Active
2026/09/30 14:28:25.128, 2670, 13365, 144.20, 57, 0x0000000000000000, Not Active, Not Active
2026/09/30 14:28:25.228, 2685, 13365, 152.15, 57, 0x0000000000000000, Not Active, Not Active
2026/09/30 14:28:25.328, 2685, 13365, 152.15, 57, 0x0000000000000000, Not Active, Not Active
2026/09/30 14:28:25.429, 2685, 13365, 152.15, 57, 0x0000000000000000, Not Active, Not Active
2026/09/30 14:28:25.529, 2685, 13365, 152.15, 57, 0x0000000000000000, Not Active, Not Active
2026/09/30 14:28:25.629, 2685, 13365, 152.15, 57, 0x0000000000000000, Not Active, Not Active
2026/09/30 14:28:25.729, 2685, 13365, 150.02, 57, 0x0000000000000000, Not Active, Not Active
2026/09/30 14:28:25.829, 2685, 13365, 150.02, 57, 0x0000000000000000, Not Active, Not Active
2026/09/30 14:28:25.929, 2685, 13365, 150.02, 57, 0x0000000000000000, Not Active, Not Active
2026/09/30 14:28:26.029, 2685, 13365, 150.02, 57, 0x0000000000000000, Not Active, Not Active
2026/09/30 14:28:26.129, 2685, 13365, 150.02, 57, 0x0000000000000000, Not Active, Not Active
2026/09/30 14:28:26.230, 2677, 13365, 150.73, 59, 0x0000000000000000, Not Active, Not Active
2026/09/30 14:28:26.330, 2677, 13365, 150.73, 59, 0x0000000000000000, Not Active, Not Active
2026/09/30 14:28:26.430, 2677, 13365, 150.73, 59, 0x0000000000000000, Not Active, Not Active
2026/09/30 14:28:26.530, 2677, 13365, 150.73, 59, 0x0000000000000000, Not Active, Not Active
2026/09/30 14:28:26.630, 2677, 13365, 150.73, 59, 0x0000000000000000, Not Active, Not Active
2026/09/30 14:28:26.730, 2647, 13365, 147.39, 57, 0x0000000000000000, Not Active, Not Active
2026/09/30 14:28:26.830, 2647, 13365, 147.39, 57, 0x0000000000000000, Not Active, Not Active
2026/09/30 14:28:26.931, 2647, 13365, 147.39, 57, 0x0000000000000000, Not Active, Not Active
2026/09/30 14:28:27.031, 2647, 13365, 147.39, 57, 0x0000000000000000, Not Active, Not Active
2026/09/30 14:28:27.131, 2647, 13365, 147.39, 57, 0x0000000000000000, Not Active, Not Active
2026/09/30 14:28:27.231, 2640, 13365, 152.36, 58, 0x0000000000000000, Not Active, Not Active
2026/09/30 14:28:27.331, 2640, 13365, 152.36, 58, 0x0000000000000000, Not Active, Not Active
2026/09/30 14:28:27.431, 2640, 13365, 152.36, 58, 0x0000000000000000, Not Active, Not Active
2026/09/30 14:28:27.531, 2640, 13365, 152.36, 58, 0x0000000000000000, Not Active, Not Active
2026/09/30 14:28:27.631, 2640, 13365, 152.36, 58, 0x0000000000000000, Not Active, Not Active
2026/09/30 14:28:27.731, 2640, 13365, 145.96, 58, 0x0000000000000000, Not Active, Not Active
2026/09/30 14:28:27.832, 2640, 13365, 145.96, 58, 0x0000000000000000, Not Active, Not Active
2026/09/30 14:28:27.932, 2640, 13365, 145.96, 58, 0x0000000000000000, Not Active, Not Active
2026/09/30 14:28:28.032, 2640, 13365, 145.96, 58, 0x0000000000000000, Not Active, Not Active
2026/09/30 14:28:28.132, 2640, 13365, 145.96, 58, 0x0000000000000000, Not Active, Not Active
2026/09/30 14:28:28.232, 2640, 13365, 150.44, 58, 0x0000000000000000, Not Active, Not Active
2026/09/30 14:28:28.332, 2640, 13365, 150.44, 58, 0x0000000000000000, Not Active, Not Active
2026/09/30 14:28:28.432, 2640, 13365, 150.44, 58, 0x0000000000000000, Not Active, Not Active
2026/09/30 14:28:28.532, 2640, 13365, 150.44, 58, 0x0000000000000000, Not Active, Not Active
2026/09/30 14:28:28.632, 2640, 13365, 150.44, 58, 0x0000000000000000, Not Active, Not Active
2026/09/30 14:28:28.733, 2632, 13365, 161.51, 58, 0x0000000000000000, Not Active, Not Active
2026/09/30 14:28:28.833, 2632, 13365, 161.51, 58, 0x0000000000000000, Not Active, Not Active
2026/09/30 14:28:28.933, 2632, 13365, 161.51, 58, 0x0000000000000000, Not Active, Not Active
2026/09/30 14:28:29.033, 2632, 13365, 161.51, 58, 0x0000000000000000, Not Active, Not Active
2026/09/30 14:28:29.133, 2632, 13365, 161.51, 58, 0x0000000000000000, Not Active, Not Active
2026/09/30 14:28:29.233, 2632, 13365, 166.54, 59, 0x0000000000000000, Not Active, Not Active
2026/09/30 14:28:29.333, 2632, 13365, 166.54, 59, 0x0000000000000000, Not Active, Not Active
2026/09/30 14:28:29.434, 2632, 13365, 166.54, 59, 0x0000000000000000, Not Active, Not Active
2026/09/30 14:28:29.534, 2632, 13365, 166.54, 59, 0x0000000000000000, Not Active, Not Active
2026/09/30 14:28:29.634, 2632, 13365, 166.54, 59, 0x0000000000000000, Not Active, Not Active
2026/09/30 14:28:29.734, 2617, 13365, 149.61, 56, 0x0000000000000000, Not Active, Not Active
2026/09/30 14:28:29.834, 2617, 13365, 149.61, 56, 0x0000000000000000, Not Active, Not Active
2026/09/30 14:28:29.934, 2617, 13365, 149.61, 56, 0x0000000000000000, Not Active, Not Active
2026/09/30 14:28:30.035, 2617, 13365, 149.61, 56, 0x0000000000000000, Not Active, Not Active
2026/09/30 14:28:30.135, 2617, 13365, 149.61, 56, 0x0000000000000000, Not Active, Not Active
2026/09/30 14:28:30.235, 2617, 13365, 150.82, 58, 0x0000000000000000, Not Active, Not Active
2026/09/30 14:28:30.336, 2617, 13365, 150.82, 58, 0x0000000000000000, Not Active, Not Active
2026/09/30 14:28:30.436, 2617, 13365, 150.82, 58, 0x0000000000000000, Not Active, Not Active
2026/09/30 14:28:30.536, 2617, 13365, 150.82, 58, 0x0000000000000000, Not Active, Not Active
2026/09/30 14:28:30.636, 2617, 13365, 150.82, 58, 0x0000000000000000, Not Active, Not Active
2026/09/30 14:28:30.736, 2625, 13365, 174.13, 58, 0x0000000000000000, Not Active, Not Active
2026/09/30 14:28:30.836, 2625, 13365, 174.13, 58, 0x0000000000000000, Not Active, Not Active
2026/09/30 14:28:30.937, 2625, 13365, 174.13, 58, 0x0000000000000000, Not Active, Not Active
2026/09/30 14:28:31.037, 2625, 13365, 174.13, 58, 0x0000000000000000, Not Active, Not Active
2026/09/30 14:28:31.138, 2625, 13365, 174.13, 58, 0x0000000000000000, Not Active, Not Active
2026/09/30 14:28:31.238, 2617, 13365, 188.36, 59, 0x0000000000000000, Not Active, Not Active
2026/09/30 14:28:31.338, 2617, 13365, 188.36, 59, 0x0000000000000000, Not Active, Not Active
2026/09/30 14:28:31.438, 2617, 13365, 188.36, 59, 0x0000000000000000, Not Active, Not Active
2026/09/30 14:28:31.539, 2617, 13365, 188.36, 59, 0x0000000000000000, Not Active, Not Active
2026/09/30 14:28:31.639, 2617, 13365, 188.36, 59, 0x0000000000000000, Not Active, Not Active
2026/09/30 14:28:31.739, 2625, 13365, 180.89, 58, 0x0000000000000000, Not Active, Not Active
2026/09/30 14:28:31.839, 2625, 13365, 180.89, 58, 0x0000000000000000, Not Active, Not Active
2026/09/30 14:28:31.939, 2625, 13365, 180.89, 58, 0x0000000000000000, Not Active, Not Active
2026/09/30 14:28:32.039, 2625, 13365, 180.89, 58, 0x0000000000000000, Not Active, Not Active
2026/09/30 14:28:32.139, 2625, 13365, 180.89, 58, 0x0000000000000000, Not Active, Not Active
2026/09/30 14:28:32.239, 2610, 13365, 138.78, 59, 0x0000000000000000, Not Active, Not Active
2026/09/30 14:28:32.340, 2610, 13365, 138.78, 59, 0x0000000000000000, Not Active, Not Active
2026/09/30 14:28:32.440, 2610, 13365, 138.78, 59, 0x0000000000000000, Not Active, Not Active
2026/09/30 14:28:32.540, 2610, 13365, 138.78, 59, 0x0000000000000000, Not Active, Not Active
2026/09/30 14:28:32.640, 2610, 13365, 138.78, 59, 0x0000000000000000, Not Active, Not Active
2026/09/30 14:28:32.740, 2587, 13365, 161.87, 62, 0x0000000000000000, Not Active, Not Active
2026/09/30 14:28:32.840, 2587, 13365, 161.87, 62, 0x0000000000000000, Not Active, Not Active
2026/09/30 14:28:32.940, 2587, 13365, 161.87, 62, 0x0000000000000000, Not Active, Not Active
2026/09/30 14:28:33.041, 2587, 13365, 161.87, 62, 0x0000000000000000, Not Active, Not Active
2026/09/30 14:28:33.141, 2587, 13365, 161.87, 62, 0x0000000000000000, Not Active, Not Active
2026/09/30 14:28:33.241, 2572, 13365, 228.18, 61, 0x0000000000000000, Not Active, Not Active
2026/09/30 14:28:33.341, 2572, 13365, 228.18, 61, 0x0000000000000000, Not Active, Not Active
2026/09/30 14:28:33.441, 2572, 13365, 228.18, 61, 0x0000000000000000, Not Active, Not Active
2026/09/30 14:28:33.541, 2572, 13365, 228.18, 61, 0x0000000000000000, Not Active, Not Active
2026/09/30 14:28:33.641, 2572, 13365, 228.18, 61, 0x0000000000000000, Not Active, Not Active
2026/09/30 14:28:33.741, 2572, 13365, 228.93, 61, 0x0000000000000000, Not Active, Not Active
2026/09/30 14:28:33.842, 2572, 13365, 228.93, 61, 0x0000000000000000, Not Active, Not Active
2026/09/30 14:28:33.942, 2572, 13365, 228.93, 61, 0x0000000000000000, Not Active, Not Active
2026/09/30 14:28:34.042, 2572, 13365, 228.93, 61, 0x0000000000000000, Not Active, Not Active
2026/09/30 14:28:34.142, 2572, 13365, 228.93, 61, 0x0000000000000000, Not Active, Not Active
2026/09/30 14:28:34.242, 2587, 13365, 207.54, 61, 0x0000000000000000, Not Active, Not Active
2026/09/30 14:28:34.342, 2587, 13365, 207.54, 61, 0x0000000000000000, Not Active, Not Active
2026/09/30 14:28:34.442, 2587, 13365, 207.54, 61, 0x0000000000000000, Not Active, Not Active
2026/09/30 14:28:34.543, 2587, 13365, 207.54, 61, 0x0000000000000000, Not Active, Not Active
2026/09/30 14:28:34.643, 2587, 13365, 207.54, 61, 0x0000000000000000, Not Active, Not Active
2026/09/30 14:28:34.743, 2617, 13365, 175.42, 57, 0x0000000000000000, Not Active, Not Active
2026/09/30 14:28:34.843, 2617, 13365, 175.42, 57, 0x0000000000000000, Not Active, Not Active
2026/09/30 14:28:34.944, 2617, 13365, 175.42, 57, 0x0000000000000000, Not Active, Not Active
2026/09/30 14:28:35.044, 2617, 13365, 175.42, 57, 0x0000000000000000, Not Active, Not Active
2026/09/30 14:28:35.144, 2617, 13365, 175.42, 57, 0x0000000000000000, Not Active, Not Active
2026/09/30 14:28:35.244, 2617, 13365, 122.77, 56, 0x0000000000000000, Not Active, Not Active
2026/09/30 14:28:35.345, 2617, 13365, 122.77, 56, 0x0000000000000000, Not Active, Not Active
2026/09/30 14:28:35.445, 2617, 13365, 122.77, 56, 0x0000000000000000, Not Active, Not Active
2026/09/30 14:28:35.545, 2617, 13365, 122.77, 56, 0x0000000000000000, Not Active, Not Active
2026/09/30 14:28:35.645, 2617, 13365, 122.77, 56, 0x0000000000000000, Not Active, Not Active
2026/09/30 14:28:35.745, 2520, 13365, 155.89, 61, 0x0000000000000000, Not Active, Not Active
2026/09/30 14:28:35.845, 2520, 13365, 155.89, 61, 0x0000000000000000, Not Active, Not Active
2026/09/30 14:28:35.945, 2520, 13365, 155.89, 61, 0x0000000000000000, Not Active, Not Active
2026/09/30 14:28:36.046, 2520, 13365, 155.89, 61, 0x0000000000000000, Not Active, Not Active
2026/09/30 14:28:36.146, 2520, 13365, 155.89, 61, 0x0000000000000000, Not Active, Not Active
2026/09/30 14:28:36.246, 2670, 13365, 266.23, 65, 0x0000000000000004, Active, Not Active
2026/09/30 14:28:36.346, 2670, 13365, 266.23, 65, 0x0000000000000004, Active, Not Active
2026/09/30 14:28:36.447, 2670, 13365, 266.23, 65, 0x0000000000000004, Active, Not Active
2026/09/30 14:28:36.547, 2670, 13365, 266.23, 65, 0x0000000000000004, Active, Not Active
2026/09/30 14:28:36.648, 2595, 13365, 266.23, 65, 0x0000000000000004, Active, Not Active
2026/09/30 14:28:36.748, 2595, 13365, 301.83, 60, 0x0000000000000000, Not Active, Not Active
2026/09/30 14:28:36.848, 2595, 13365, 301.83, 60, 0x0000000000000000, Not Active, Not Active
2026/09/30 14:28:36.949, 2595, 13365, 301.83, 60, 0x0000000000000000, Not Active, Not Active
2026/09/30 14:28:37.049, 2595, 13365, 301.83, 60, 0x0000000000000000, Not Active, Not Active
2026/09/30 14:28:37.149, 2610, 13365, 304.26, 62, 0x0000000000000000, Not Active, Not Active
2026/09/30 14:28:37.250, 2610, 13365, 304.26, 62, 0x0000000000000000, Not Active, Not Active
2026/09/30 14:28:37.350, 2610, 13365, 304.26, 62, 0x0000000000000000, Not Active, Not Active
2026/09/30 14:28:37.450, 2610, 13365, 304.26, 62, 0x0000000000000000, Not Active, Not Active
2026/09/30 14:28:37.550, 2610, 13365, 304.26, 62, 0x0000000000000000, Not Active, Not Active
2026/09/30 14:28:37.650, 2670, 13365, 294.92, 65, 0x0000000000000004, Active, Not Active
2026/09/30 14:28:37.750, 2670, 13365, 294.92, 65, 0x0000000000000004, Active, Not Active
2026/09/30 14:28:37.850, 2670, 13365, 294.92, 65, 0x0000000000000004, Active, Not Active
2026/09/30 14:28:37.950, 2670, 13365, 294.92, 65, 0x0000000000000004, Active, Not Active
2026/09/30 14:28:38.051, 2670, 13365, 294.92, 65, 0x0000000000000004, Active, Not Active
2026/09/30 14:28:38.151, 2835, 13365, 231.85, 58, 0x0000000000000000, Not Active, Not Active
2026/09/30 14:28:38.251, 2835, 13365, 231.85, 58, 0x0000000000000000, Not Active, Not Active
2026/09/30 14:28:38.351, 2835, 13365, 231.85, 58, 0x0000000000000000, Not Active, Not Active
2026/09/30 14:28:38.451, 2835, 13365, 231.85, 58, 0x0000000000000000, Not Active, Not Active
2026/09/30 14:28:38.551, 2835, 13365, 231.85, 58, 0x0000000000000000, Not Active, Not Active
2026/09/30 14:28:38.651, 2835, 13365, 141.38, 57, 0x0000000000000000, Not Active, Not Active
2026/09/30 14:28:38.752, 2835, 13365, 141.38, 57, 0x0000000000000000, Not Active, Not Active
2026/09/30 14:28:38.852, 2835, 13365, 141.38, 57, 0x0000000000000000, Not Active, Not Active
2026/09/30 14:28:38.952, 2835, 13365, 141.38, 57, 0x0000000000000000, Not Active, Not Active
2026/09/30 14:28:39.052, 2835, 13365, 141.38, 57, 0x0000000000000000, Not Active, Not Active
2026/09/30 14:28:39.152, 2835, 13365, 103.55, 57, 0x0000000000000000, Not Active, Not Active
2026/09/30 14:28:39.253, 2835, 13365, 103.55, 57, 0x0000000000000000, Not Active, Not Active
2026/09/30 14:28:39.353, 2835, 13365, 103.55, 57, 0x0000000000000000, Not Active, Not Active
2026/09/30 14:28:39.453, 2835, 13365, 103.55, 57, 0x0000000000000000, Not Active, Not Active
2026/09/30 14:28:39.553, 2835, 13365, 103.55, 57, 0x0000000000000000, Not Active, Not Active
2026/09/30 14:28:39.653, 2610, 13365, 98.09, 56, 0x0000000000000000, Not Active, Not Active
2026/09/30 14:28:39.753, 2610, 13365, 98.09, 56, 0x0000000000000000, Not Active, Not Active
2026/09/30 14:28:39.853, 2610, 13365, 98.09, 56, 0x0000000000000000, Not Active, Not Active
2026/09/30 14:28:39.953, 2610, 13365, 98.09, 56, 0x0000000000000000, Not Active, Not Active
2026/09/30 14:28:40.054, 2610, 13365, 98.09, 56, 0x0000000000000000, Not Active, Not Active
2026/09/30 14:28:40.154, 2452, 13365, 182.85, 61, 0x0000000000000000, Not Active, Not Active
2026/09/30 14:28:40.254, 2452, 13365, 182.85, 61, 0x0000000000000000, Not Active, Not Active
2026/09/30 14:28:40.354, 2452, 13365, 182.85, 61, 0x0000000000000000, Not Active, Not Active
2026/09/30 14:28:40.454, 2452, 13365, 182.85, 61, 0x0000000000000000, Not Active, Not Active
2026/09/30 14:28:40.554, 2452, 13365, 182.85, 61, 0x0000000000000000, Not Active, Not Active
2026/09/30 14:28:40.654, 2490, 13365, 337.97, 62, 0x0000000000000000, Not Active, Not Active
2026/09/30 14:28:40.755, 2490, 13365, 337.97, 62, 0x0000000000000000, Not Active, Not Active
2026/09/30 14:28:40.855, 2490, 13365, 337.97, 62, 0x0000000000000000, Not Active, Not Active
2026/09/30 14:28:40.955, 2490, 13365, 337.97, 62, 0x0000000000000000, Not Active, Not Active
2026/09/30 14:28:41.055, 2490, 13365, 337.97, 62, 0x0000000000000000, Not Active, Not Active
2026/09/30 14:28:41.155, 2497, 13365, 376.20, 66, 0x0000000000000000, Not Active, Not Active
2026/09/30 14:28:41.256, 2497, 13365, 376.20, 66, 0x0000000000000000, Not Active, Not Active
2026/09/30 14:28:41.356, 2497, 13365, 376.20, 66, 0x0000000000000000, Not Active, Not Active
2026/09/30 14:28:41.456, 2497, 13365, 376.20, 66, 0x0000000000000000, Not Active, Not Active
2026/09/30 14:28:41.556, 2497, 13365, 376.20, 66, 0x0000000000000000, Not Active, Not Active
2026/09/30 14:28:41.656, 2490, 13365, 377.85, 66, 0x0000000000000000, Not Active, Not Active
2026/09/30 14:28:41.756, 2490, 13365, 377.85, 66, 0x0000000000000000, Not Active, Not Active
2026/09/30 14:28:41.856, 2490, 13365, 377.85, 66, 0x0000000000000000, Not Active, Not Active
2026/09/30 14:28:41.956, 2490, 13365, 377.85, 66, 0x0000000000000000, Not Active, Not Active
2026/09/30 14:28:42.057, 2490, 13365, 377.85, 66, 0x0000000000000000, Not Active, Not Active
2026/09/30 14:28:42.157, 2535, 13365, 378.30, 68, 0x0000000000000004, Active, Not Active
2026/09/30 14:28:42.257, 2535, 13365, 378.30, 68, 0x0000000000000004, Active, Not Active
2026/09/30 14:28:42.357, 2535, 13365, 378.30, 68, 0x0000000000000004, Active, Not Active
2026/09/30 14:28:42.457, 2535, 13365, 378.30, 68, 0x0000000000000004, Active, Not Active
2026/09/30 14:28:42.557, 2535, 13365, 378.30, 68, 0x0000000000000004, Active, Not Active
2026/09/30 14:28:42.657, 2512, 13365, 377.19, 68, 0x0000000000000004, Active, Not Active
2026/09/30 14:28:42.758, 2512, 13365, 377.19, 68, 0x0000000000000004, Active, Not Active
2026/09/30 14:28:42.858, 2512, 13365, 377.19, 68, 0x0000000000000004, Active, Not Active
2026/09/30 14:28:42.958, 2512, 13365, 377.19, 68, 0x0000000000000004, Active, Not Active
2026/09/30 14:28:43.058, 2512, 13365, 377.19, 68, 0x0000000000000004, Active, Not Active
2026/09/30 14:28:43.158, 2640, 13365, 378.05, 66, 0x0000000000000004, Active, Not Active
2026/09/30 14:28:43.258, 2640, 13365, 378.05, 66, 0x0000000000000004, Active, Not Active
2026/09/30 14:28:43.358, 2640, 13365, 378.05, 66, 0x0000000000000004, Active, Not Active
2026/09/30 14:28:43.458, 2640, 13365, 378.05, 66, 0x0000000000000004, Active, Not Active
