timestamp, clocks.current.sm [MHz], clocks.current.memory [MHz], power.draw [W], temperature.gpu, clocks_event_reasons.active, clocks_event_reasons.sw_power_cap, clocks_event_reasons.hw_slowdown
2026/09/30 14:28:46.073, 2610, 14001, 98.98, 57, 0x0000000000000000, Not Active, Not Active
2026/09/30 14:28:46.182, 2610, 14001, 89.04, 57, 0x0000000000000000, Not Active, Not Active
2026/09/30 14:28:46.282, 2610, 14001, 89.04, 57, 0x0000000000000000, Not Active, Not Active
2026/09/30 14:28:46.382, 2610, 14001, 89.04, 57, 0x0000000000000000, Not Active, Not Active
2026/09/30 14:28:46.483, 2610, 14001, 89.04, 57, 0x0000000000000000, Not Active, Not Active
2026/09/30 14:28:46.583, 2610, 14001, 89.04, 57, 0x0000000000000000, Not Active, Not Active
2026/09/30 14:28:46.683, 937, 14001, 76.15, 56, 0x0000000000000000, Not Active, Not Active
2026/09/30 14:28:46.783, 937, 14001, 76.15, 56, 0x0000000000000000, Not Active, Not Active
2026/09/30 14:28:46.883, 937, 14001, 76.15, 56, 0x0000000000000000, Not Active, Not Active
2026/09/30 14:28:46.983, 937, 14001, 76.15, 56, 0x0000000000000000, Not Active, Not Active
2026/09/30 14:28:47.083, 937, 14001, 76.15, 56, 0x0000000000000000, Not Active, Not Active
2026/09/30 14:28:47.184, 757, 14001, 70.48, 56, 0x0000000000000000, Not Active, Not Active
2026/09/30 14:28:47.284, 757, 14001, 70.48, 56, 0x0000000000000000, Not Active, Not Active
2026/09/30 14:28:47.384, 757, 14001, 70.48, 56, 0x0000000000000000, Not Active, Not Active
2026/09/30 14:28:47.484, 757, 14001, 70.48, 56, 0x0000000000000000, Not Active, Not Active
2026/09/30 14:28:47.584, 757, 14001, 70.48, 56, 0x0000000000000000, Not Active, Not Active
2026/09/30 14:28:47.684, 757, 14001, 70.48, 56, 0x0000000000000000, Not Active, Not Active
2026/09/30 14:28:47.784, 757, 14001, 70.48, 56, 0x0000000000000000, Not Active, Not Active
2026/09/30 14:28:47.885, 757, 14001, 70.48, 56, 0x0000000000000000, Not Active, Not Active
2026/09/30 14:28:47.985, 757, 14001, 70.48, 56, 0x0000000000000000, Not Active, Not Active
2026/09/30 14:28:48.085, 757, 14001, 70.48, 56, 0x0000000000000000, Not Active, Not Active
2026/09/30 14:28:48.185, 480, 14001, 55.81, 55, 0x0000000000000000, Not Active, Not Active
2026/09/30 14:28:48.285, 480, 14001, 55.81, 55, 0x0000000000000000, Not Active, Not Active
2026/09/30 14:28:48.385, 480, 14001, 55.81, 55, 0x0000000000000000, Not Active, Not Active
2026/09/30 14:28:48.485, 480, 14001, 55.81, 55, 0x0000000000000000, Not Active, Not Active
2026/09/30 14:28:48.585, 480, 14001, 55.81, 55, 0x0000000000000000, Not Active, Not Active
2026/09/30 14:28:48.686, 480, 14001, 55.81, 55, 0x0000000000000000, Not Active, Not Active
2026/09/30 14:28:48.786, 480, 14001, 55.81, 55, 0x0000000000000000, Not Active, Not Active
2026/09/30 14:28:48.886, 480, 14001, 55.81, 55, 0x0000000000000000, Not Active, Not Active
2026/09/30 14:28:48.986, 480, 14001, 55.81, 55, 0x0000000000000000, Not Active, Not Active
2026/09/30 14:28:49.086, 480, 14001, 55.81, 55, 0x0000000000000000, Not Active, Not Active
2026/09/30 14:28:49.186, 300, 14001, 54.82, 55, 0x0000000000000000, Not Active, Not Active
2026/09/30 14:28:49.286, 300, 14001, 54.82, 55, 0x0000000000000000, Not Active, Not Active
2026/09/30 14:28:49.387, 300, 14001, 54.82, 55, 0x0000000000000000, Not Active, Not Active
2026/09/30 14:28:49.487, 300, 14001, 54.82, 55, 0x0000000000000000, Not Active, Not Active
2026/09/30 14:28:49.587, 300, 14001, 54.82, 55, 0x0000000000000000, Not Active, Not Active
2026/09/30 14:28:49.687, 300, 14001, 54.82, 55, 0x0000000000000000, Not Active, Not Active
2026/09/30 14:28:49.787, 300, 14001, 54.82, 55, 0x0000000000000000, Not Active, Not Active
2026/09/30 14:28:49.887, 300, 14001, 54.82, 55, 0x0000000000000000, Not Active, Not Active
2026/09/30 14:28:49.987, 300, 14001, 54.82, 55, 0x0000000000000000, Not Active, Not Active
2026/09/30 14:28:50.087, 300, 14001, 54.82, 55, 0x0000000000000000, Not Active, Not Active
2026/09/30 14:28:50.188, 195, 7001, 53.68, 55, 0x0000000000000000, Not Active, Not Active
2026/09/30 14:28:50.288, 195, 7001, 53.68, 55, 0x0000000000000000, Not Active, Not Active
2026/09/30 14:28:50.388, 195, 7001, 53.68, 55, 0x0000000000000000, Not Active, Not Active
2026/09/30 14:28:50.488, 195, 7001, 53.68, 55, 0x0000000000000000, Not Active, Not Active
2026/09/30 14:28:50.588, 195, 7001, 53.68, 55, 0x0000000000000000, Not Active, Not Active
2026/09/30 14:28:50.688, 195, 7001, 53.68, 55, 0x0000000000000000, Not Active, Not Active
2026/09/30 14:28:50.788, 195, 7001, 53.68, 55, 0x0000000000000000, Not Active, Not Active
2026/09/30 14:28:50.889, 195, 7001, 53.68, 55, 0x0000000000000000, Not Active, Not Active
2026/09/30 14:28:50.989, 195, 7001, 53.68, 55, 0x0000000000000000, Not Active, Not Active
2026/09/30 14:28:51.089, 195, 7001, 53.68, 55, 0x0000000000000000, Not Active, Not Active
2026/09/30 14:28:51.189, 180, 7001, 40.66, 54, 0x0000000000000000, Not Active, Not Active
2026/09/30 14:28:51.289, 180, 7001, 40.66, 54, 0x0000000000000000, Not Active, Not Active
2026/09/30 14:28:51.389, 180, 7001, 40.66, 54, 0x0000000000000000, Not Active, Not Active
2026/09/30 14:28:51.489, 180, 7001, 40.66, 54, 0x0000000000000000, Not Active, Not Active
2026/09/30 14:28:51.590, 180, 7001, 40.66, 54, 0x0000000000000000, Not Active, Not Active
2026/09/30 14:28:51.690, 180, 7001, 40.66, 54, 0x0000000000000000, Not Active, Not Active
2026/09/30 14:28:51.790, 180, 7001, 40.66, 54, 0x0000000000000000, Not Active, Not Active
2026/09/30 14:28:51.890, 180, 7001, 40.66, 54, 0x0000000000000000, Not Active, Not Active
2026/09/30 14:28:51.990, 180, 7001, 40.66, 54, 0x0000000000000000, Not Active, Not Active
2026/09/30 14:28:52.090, 180, 7001, 40.66, 54, 0x0000000000000000, Not Active, Not Active
2026/09/30 14:28:52.190, 180, 810, 29.59, 54, 0x0000000000000000, Not Active, Not Active
2026/09/30 14:28:52.290, 180, 810, 29.59, 54, 0x0000000000000000, Not Active, Not Active
2026/09/30 14:28:52.391, 180, 810, 29.59, 54, 0x0000000000000000, Not Active, Not Active
2026/09/30 14:28:52.491, 180, 810, 29.59, 54, 0x0000000000000000, Not Active, Not Active
2026/09/30 14:28:52.591, 180, 810, 29.59, 54, 0x0000000000000000, Not Active, Not Active
2026/09/30 14:28:52.691, 180, 810, 29.59, 54, 0x0000000000000000, Not Active, Not Active
2026/09/30 14:28:52.791, 180, 810, 29.59, 54, 0x0000000000000000, Not Active, Not Active
2026/09/30 14:28:52.891, 180, 810, 29.59, 54, 0x0000000000000000, Not Active, Not Active
2026/09/30 14:28:52.991, 180, 810, 29.59, 54, 0x0000000000000000, Not Active, Not Active
2026/09/30 14:28:53.092, 180, 810, 29.59, 54, 0x0000000000000000, Not Active, Not Active
2026/09/30 14:28:53.192, 180, 810, 22.64, 54, 0x0000000000000000, Not Active, Not Active
2026/09/30 14:28:53.292, 180, 810, 22.64, 54, 0x0000000000000000, Not Active, Not Active
2026/09/30 14:28:53.392, 180, 810, 22.64, 54, 0x0000000000000000, Not Active, Not Active
2026/09/30 14:28:53.492, 180, 810, 22.64, 54, 0x0000000000000000, Not Active, Not Active
2026/09/30 14:28:53.592, 180, 810, 22.64, 54, 0x0000000000000000, Not Active, Not Active
2026/09/30 14:28:53.692, 180, 810, 22.64, 54, 0x0000000000000000, Not Active, Not Active
2026/09/30 14:28:53.792, 180, 810, 22.64, 54, 0x0000000000000000, Not Active, Not Active
2026/09/30 14:28:53.893, 180, 810, 22.64, 54, 0x0000000000000000, Not Active, Not Active
2026/09/30 14:28:53.993, 180, 810, 22.64, 54, 0x0000000000000000, Not Active, Not Active
2026/09/30 14:28:54.093, 180, 810, 22.64, 54, 0x0000000000000000, Not Active, Not Active
2026/09/30 14:28:54.193, 180, 405, 15.92, 54, 0x0000000000000000, Not Active, Not Active
2026/09/30 14:28:54.293, 180, 405, 15.92, 54, 0x0000000000000000, Not Active, Not Active
2026/09/30 14:28:54.393, 180, 405, 15.92, 54, 0x0000000000000000, Not Active, Not Active
2026/09/30 14:28:54.493, 180, 405, 15.92, 54, 0x0000000000000000, Not Active, Not Active
2026/09/30 14:28:54.593, 180, 405, 15.92, 54, 0x0000000000000000, Not Active, Not Active
2026/09/30 14:28:54.694, 180, 405, 15.92, 54, 0x0000000000000000, Not Active, Not Active
2026/09/30 14:28:54.794, 180, 405, 15.92, 54, 0x0000000000000000, Not Active, Not Active
2026/09/30 14:28:54.894, 180, 405, 15.92, 54, 0x0000000000000000, Not Active, Not Active
2026/09/30 14:28:54.994, 180, 405, 15.92, 54, 0x0000000000000000, Not Active, Not Active
2026/09/30 14:28:55.094, 180, 405, 15.92, 54, 0x0000000000000000, Not Active, Not Active
2026/09/30 14:28:55.194, 180, 405, 15.56, 53, 0x0000000000000000, Not Active, Not Active
2026/09/30 14:28:55.294, 180, 405, 15.56, 53, 0x0000000000000000, Not Active, Not Active
2026/09/30 14:28:55.395, 180, 405, 15.56, 53, 0x0000000000000000, Not Active, Not Active
2026/09/30 14:28:55.495, 180, 405, 15.56, 53, 0x0000000000000000, Not Active, Not Active
2026/09/30 14:28:55.595, 180, 405, 15.56, 53, 0x0000000000000000, Not Active, Not Active
2026/09/30 14:28:55.695, 180, 405, 15.56, 53, 0x0000000000000000, Not Active, Not Active
2026/09/30 14:28:55.795, 180, 405, 15.56, 53, 0x0000000000000000, Not Active, Not Active
2026/09/30 14:28:55.895, 180, 405, 15.56, 53, 0x0000000000000000, Not Active, Not Active
2026/09/30 14:28:55.996, 180, 405, 15.56, 53, 0x0000000000000000, Not Active, Not Active
2026/09/30 14:28:56.096, 180, 405, 15.56, 53, 0x0000000000000000, Not Active, Not Active
2026/09/30 14:28:56.196, 180, 405, 15.36, 53, 0x0000000000000000, Not Active, Not Active
2026/09/30 14:28:56.296, 180, 405, 15.36, 53, 0x0000000000000000, Not Active, Not Active
2026/09/30 14:28:56.396, 180, 405, 15.36, 53, 0x0000000000000000, Not Active, Not Active
2026/09/30 14:28:56.496, 180, 405, 15.36, 53, 0x0000000000000000, Not Active, Not Active
2026/09/30 14:28:56.596, 180, 405, 15.36, 53, 0x0000000000000000, Not Active, Not Active
2026/09/30 14:28:56.697, 180, 405, 15.36, 53, 0x0000000000000000, Not Active, Not Active
2026/09/30 14:28:56.797, 180, 405, 15.36, 53, 0x0000000000000000, Not Active, Not Active
2026/09/30 14:28:56.897, 180, 405, 15.36, 53, 0x0000000000000000, Not Active, Not Active
2026/09/30 14:28:56.997, 180, 405, 15.36, 53, 0x0000000000000000, Not Active, Not Active
2026/09/30 14:28:57.097, 180, 405, 15.36, 53, 0x0000000000000000, Not Active, Not Active
2026/09/30 14:28:57.197, 180, 405, 15.29, 53, 0x0000000000000000, Not Active, Not Active
2026/09/30 14:28:57.298, 180, 405, 15.29, 53, 0x0000000000000000, Not Active, Not Active
2026/09/30 14:28:57.398, 180, 405, 15.29, 53, 0x0000000000000000, Not Active, Not Active
2026/09/30 14:28:57.498, 180, 405, 15.29, 53, 0x0000000000000000, Not Active, Not Active
2026/09/30 14:28:57.598, 180, 405, 15.29, 53, 0x0000000000000000, Not Active, Not Active
2026/09/30 14:28:57.698, 180, 405, 15.29, 53, 0x0000000000000000, Not Active, Not Active
2026/09/30 14:28:57.798, 180, 405, 15.29, 53, 0x0000000000000000, Not Active, Not Active
2026/09/30 14:28:57.899, 180, 405, 15.29, 53, 0x0000000000000000, Not Active, Not Active
2026/09/30 14:28:57.999, 180, 405, 15.29, 53, 0x0000000000000000, Not Active, Not Active
2026/09/30 14:28:58.099, 180, 405, 15.29, 53, 0x0000000000000000, Not Active, Not Active
2026/09/30 14:28:58.199, 180, 405, 15.13, 53, 0x0000000000000000, Not Active, Not Active
2026/09/30 14:28:58.299, 180, 405, 15.13, 53, 0x0000000000000000, Not Active, Not Active
2026/09/30 14:28:58.399, 180, 405, 15.13, 53, 0x0000000000000000, Not Active, Not Active
2026/09/30 14:28:58.499, 180, 405, 15.13, 53, 0x0000000000000000, Not Active, Not Active
2026/09/30 14:28:58.600, 180, 405, 15.13, 53, 0x0000000000000000, Not Active, Not Active
2026/09/30 14:28:58.700, 180, 405, 15.13, 53, 0x0000000000000000, Not Active, Not Active
2026/09/30 14:28:58.800, 180, 405, 15.13, 53, 0x0000000000000000, Not Active, Not Active
2026/09/30 14:28:58.900, 180, 405, 15.13, 53, 0x0000000000000000, Not Active, Not Active
2026/09/30 14:28:59.000, 180, 405, 15.13, 53, 0x0000000000000000, Not Active, Not Active
2026/09/30 14:28:59.100, 180, 405, 15.13, 53, 0x0000000000000000, Not Active, Not Active
2026/09/30 14:28:59.201, 180, 405, 14.99, 53, 0x0000000000000000, Not Active, Not Active
2026/09/30 14:28:59.301, 180, 405, 14.99, 53, 0x0000000000000000, Not Active, Not Active
2026/09/30 14:28:59.401, 180, 405, 14.99, 53, 0x0000000000000000, Not Active, Not Active
2026/09/30 14:28:59.502, 180, 405, 14.99, 53, 0x0000000000000000, Not Active, Not Active
2026/09/30 14:28:59.602, 180, 405, 14.99, 53, 0x0000000000000000, Not Active, Not Active
2026/09/30 14:28:59.702, 180, 405, 14.99, 53, 0x0000000000000000, Not Active, Not Active
2026/09/30 14:28:59.803, 180, 405, 14.99, 53, 0x0000000000000000, Not Active, Not Active
2026/09/30 14:28:59.903, 180, 405, 14.99, 53, 0x0000000000000000, Not Active, Not Active
2026/09/30 14:29:00.003, 180, 405, 14.99, 53, 0x0000000000000000, Not Active, Not Active
2026/09/30 14:29:00.103, 180, 405, 14.99, 53, 0x0000000000000000, Not Active, Not Active
2026/09/30 14:29:00.203, 180, 405, 15.11, 52, 0x0000000000000000, Not Active, Not Active
2026/09/30 14:29:00.303, 180, 405, 15.11, 52, 0x0000000000000000, Not Active, Not Active
2026/09/30 14:29:00.403, 180, 405, 15.11, 52, 0x0000000000000000, Not Active, Not Active
2026/09/30 14:29:00.504, 180, 405, 15.11, 52, 0x0000000000000000, Not Active, Not Active
2026/09/30 14:29:00.604, 180, 405, 15.11, 52, 0x0000000000000000, Not Active, Not Active
2026/09/30 14:29:00.704, 180, 405, 15.11, 52, 0x0000000000000000, Not Active, Not Active
2026/09/30 14:29:00.804, 180, 405, 15.11, 52, 0x0000000000000000, Not Active, Not Active
2026/09/30 14:29:00.904, 180, 405, 15.11, 52, 0x0000000000000000, Not Active, Not Active
2026/09/30 14:29:01.004, 180, 405, 15.11, 52, 0x0000000000000000, Not Active, Not Active
2026/09/30 14:29:01.105, 180, 405, 15.11, 52, 0x0000000000000000, Not Active, Not Active
2026/09/30 14:29:01.205, 180, 405, 15.17, 52, 0x0000000000000000, Not Active, Not Active
2026/09/30 14:29:01.305, 180, 405, 15.17, 52, 0x0000000000000000, Not Active, Not Active
2026/09/30 14:29:01.405, 180, 405, 15.17, 52, 0x0000000000000000, Not Active, Not Active
2026/09/30 14:29:01.506, 180, 405, 15.17, 52, 0x0000000000000000, Not Active, Not Active
2026/09/30 14:29:01.606, 180, 405, 15.17, 52, 0x0000000000000000, Not Active, Not Active
2026/09/30 14:29:01.706, 180, 405, 15.17, 52, 0x0000000000000000, Not Active, Not Active
2026/09/30 14:29:01.806, 180, 405, 15.17, 52, 0x0000000000000000, Not Active, Not Active
2026/09/30 14:29:01.906, 180, 405, 15.17, 52, 0x0000000000000000, Not Active, Not Active
2026/09/30 14:29:02.007, 180, 405, 15.17, 52, 0x0000000000000000, Not Active, Not Active
2026/09/30 14:29:02.107, 180, 405, 15.17, 52, 0x0000000000000000, Not Active, Not Active
2026/09/30 14:29:02.207, 180, 405, 15.02, 52, 0x0000000000000000, Not Active, Not Active
2026/09/30 14:29:02.308, 180, 405, 15.02, 52, 0x0000000000000000, Not Active, Not Active
2026/09/30 14:29:02.408, 180, 405, 15.02, 52, 0x0000000000000000, Not Active, Not Active
2026/09/30 14:29:02.508, 180, 405, 15.02, 52, 0x0000000000000000, Not Active, Not Active
2026/09/30 14:29:02.608, 180, 405, 15.02, 52, 0x0000000000000000, Not Active, Not Active
2026/09/30 14:29:02.708, 180, 405, 15.02, 52, 0x0000000000000000, Not Active, Not Active
2026/09/30 14:29:02.808, 180, 405, 15.02, 52, 0x0000000000000000, Not Active, Not Active
2026/09/30 14:29:02.909, 180, 405, 15.02, 52, 0x0000000000000000, Not Active, Not Active
2026/09/30 14:29:03.009, 180, 405, 15.02, 52, 0x0000000000000000, Not Active, Not Active
2026/09/30 14:29:03.109, 180, 405, 15.02, 52, 0x0000000000000000, Not Active, Not Active
2026/09/30 14:29:03.209, 180, 405, 14.77, 52, 0x0000000000000000, Not Active, Not Active
2026/09/30 14:29:03.309, 180, 405, 14.77, 52, 0x0000000000000000, Not Active, Not Active
2026/09/30 14:29:03.410, 180, 405, 14.77, 52, 0x0000000000000000, Not Active, Not Active
2026/09/30 14:29:03.510, 180, 405, 14.77, 52, 0x0000000000000000, Not Active, Not Active
2026/09/30 14:29:03.610, 180, 405, 14.77, 52, 0x0000000000000000, Not Active, Not Active
2026/09/30 14:29:03.710, 180, 405, 14.77, 52, 0x0000000000000000, Not Active, Not Active
2026/09/30 14:29:03.810, 180, 405, 14.77, 52, 0x0000000000000000, Not Active, Not Active
2026/09/30 14:29:03.910, 180, 405, 14.77, 52, 0x0000000000000000, Not Active, Not Active
2026/09/30 14:29:04.010, 180, 405, 14.77, 52, 0x0000000000000000, Not Active, Not Active
2026/09/30 14:29:04.111, 180, 405, 14.77, 52, 0x0000000000000000, Not Active, Not Active
2026/09/30 14:29:04.211, 180, 405, 14.75, 52, 0x0000000000000000, Not Active, Not Active
2026/09/30 14:29:04.311, 180, 405, 14.75, 52, 0x0000000000000000, Not Active, Not Active
2026/09/30 14:29:04.411, 180, 405, 14.75, 52, 0x0000000000000000, Not Active, Not Active
2026/09/30 14:29:04.511, 180, 405, 14.75, 52, 0x0000000000000000, Not Active, Not Active
2026/09/30 14:29:04.611, 180, 405, 14.75, 52, 0x0000000000000000, Not Active, Not Active
2026/09/30 14:29:04.711, 180, 405, 14.75, 52, 0x0000000000000000, Not Active, Not Active
2026/09/30 14:29:04.812, 180, 405, 14.75, 52, 0x0000000000000000, Not Active, Not Active
2026/09/30 14:29:04.912, 180, 405, 14.75, 52, 0x0000000000000000, Not Active, Not Active
2026/09/30 14:29:05.012, 180, 405, 14.75, 52, 0x0000000000000000, Not Active, Not Active
2026/09/30 14:29:05.112, 180, 405, 14.75, 52, 0x0000000000000000, Not Active, Not Active
2026/09/30 14:29:05.212, 180, 405, 14.69, 52, 0x0000000000000000, Not Active, Not Active
2026/09/30 14:29:05.312, 180, 405, 14.69, 52, 0x0000000000000000, Not Active, Not Active
2026/09/30 14:29:05.412, 180, 405, 14.69, 52, 0x0000000000000000, Not Active, Not Active
2026/09/30 14:29:05.513, 180, 405, 14.69, 52, 0x0000000000000000, Not Active, Not Active
2026/09/30 14:29:05.613, 180, 405, 14.69, 52, 0x0000000000000000, Not Active, Not Active
2026/09/30 14:29:05.713, 180, 405, 14.69, 52, 0x0000000000000000, Not Active, Not Active
2026/09/30 14:29:05.813, 180, 405, 14.69, 52, 0x0000000000000000, Not Active, Not Active
2026/09/30 14:29:05.913, 180, 405, 14.69, 52, 0x0000000000000000, Not Active, Not Active
2026/09/30 14:29:06.013, 180, 405, 14.69, 52, 0x0000000000000000, Not Active, Not Active
2026/09/30 14:29:06.113, 180, 405, 14.69, 52, 0x0000000000000000, Not Active, Not Active
2026/09/30 14:29:06.214, 180, 405, 14.89, 51, 0x0000000000000000, Not Active, Not Active
2026/09/30 14:29:06.314, 180, 405, 14.89, 51, 0x0000000000000000, Not Active, Not Active
2026/09/30 14:29:06.414, 180, 405, 14.89, 51, 0x0000000000000000, Not Active, Not Active
2026/09/30 14:29:06.514, 180, 405, 14.89, 51, 0x0000000000000000, Not Active, Not Active
2026/09/30 14:29:06.614, 180, 405, 14.89, 51, 0x0000000000000000, Not Active, Not Active
2026/09/30 14:29:06.714, 180, 405, 14.89, 51, 0x0000000000000000, Not Active, Not Active
2026/09/30 14:29:06.814, 180, 405, 14.89, 51, 0x0000000000000000, Not Active, Not Active
2026/09/30 14:29:06.915, 180, 405, 14.89, 51, 0x0000000000000000, Not Active, Not Active
2026/09/30 14:29:07.015, 180, 405, 14.89, 51, 0x0000000000000000, Not Active, Not Active
2026/09/30 14:29:07.115, 180, 405, 14.89, 51, 0x0000000000000000, Not Active, Not Active
2026/09/30 14:29:07.215, 180, 405, 14.97, 51, 0x0000000000000000, Not Active, Not Active
2026/09/30 14:29:07.315, 180, 405, 14.97, 51, 0x0000000000000000, Not Active, Not Active
2026/09/30 14:29:07.415, 180, 405, 14.97, 51, 0x0000000000000000, Not Active, Not Active
2026/09/30 14:29:07.515, 180, 405, 14.97, 51, 0x0000000000000000, Not Active, Not Active
2026/09/30 14:29:07.615, 180, 405, 14.97, 51, 0x0000000000000000, Not Active, Not Active
2026/09/30 14:29:07.715, 180, 405, 14.97, 51, 0x0000000000000000, Not Active, Not Active
2026/09/30 14:29:07.816, 180, 405, 14.97, 51, 0x0000000000000000, Not Active, Not Active
2026/09/30 14:29:07.916, 180, 405, 14.97, 51, 0x0000000000000000, Not Active, Not Active
2026/09/30 14:29:08.016, 180, 405, 14.97, 51, 0x0000000000000000, Not Active, Not Active
2026/09/30 14:29:08.116, 180, 405, 14.97, 51, 0x0000000000000000, Not Active, Not Active
2026/09/30 14:29:08.216, 180, 405, 14.77, 51, 0x0000000000000000, Not Active, Not Active
2026/09/30 14:29:08.316, 180, 405, 14.77, 51, 0x0000000000000000, Not Active, Not Active
2026/09/30 14:29:08.416, 180, 405, 14.77, 51, 0x0000000000000000, Not Active, Not Active
2026/09/30 14:29:08.516, 180, 405, 14.77, 51, 0x0000000000000000, Not Active, Not Active
2026/09/30 14:29:08.616, 180, 405, 14.77, 51, 0x0000000000000000, Not Active, Not Active
2026/09/30 14:29:08.717, 180, 405, 14.77, 51, 0x0000000000000000, Not Active, Not Active
2026/09/30 14:29:08.817, 180, 405, 14.77, 51, 0x0000000000000000, Not Active, Not Active
2026/09/30 14:29:08.917, 180, 405, 14.77, 51, 0x0000000000000000, Not Active, Not Active
2026/09/30 14:29:09.017, 180, 405, 14.77, 51, 0x0000000000000000, Not Active, Not Active
2026/09/30 14:29:09.117, 180, 405, 14.77, 51, 0x0000000000000000, Not Active, Not Active
2026/09/30 14:29:09.217, 180, 405, 14.60, 51, 0x0000000000000000, Not Active, Not Active
2026/09/30 14:29:09.317, 180, 405, 14.60, 51, 0x0000000000000000, Not Active, Not Active
2026/09/30 14:29:09.417, 180, 405, 14.60, 51, 0x0000000000000000, Not Active, Not Active
2026/09/30 14:29:09.517, 180, 405, 14.60, 51, 0x0000000000000000, Not Active, Not Active
2026/09/30 14:29:09.618, 180, 405, 14.60, 51, 0x0000000000000000, Not Active, Not Active
2026/09/30 14:29:09.718, 180, 405, 14.60, 51, 0x0000000000000000, Not Active, Not Active
2026/09/30 14:29:09.818, 180, 405, 14.60, 51, 0x0000000000000000, Not Active, Not Active
2026/09/30 14:29:09.918, 180, 405, 14.60, 51, 0x0000000000000000, Not Active, Not Active
2026/09/30 14:29:10.018, 180, 405, 14.60, 51, 0x0000000000000000, Not Active, Not Active
2026/09/30 14:29:10.118, 180, 405, 14.60, 51, 0x0000000000000000, Not Active, Not Active
2026/09/30 14:29:10.218, 180, 405, 14.52, 51, 0x0000000000000000, Not Active, Not Active
2026/09/30 14:29:10.318, 180, 405, 14.52, 51, 0x0000000000000000, Not Active, Not Active
2026/09/30 14:29:10.419, 180, 405, 14.52, 51, 0x0000000000000000, Not Active, Not Active
2026/09/30 14:29:10.519, 180, 405, 14.52, 51, 0x0000000000000000, Not Active, Not Active
2026/09/30 14:29:10.619, 180, 405, 14.52, 51, 0x0000000000000000, Not Active, Not Active
2026/09/30 14:29:10.719, 180, 405, 14.52, 51, 0x0000000000000000, Not Active, Not Active
2026/09/30 14:29:10.819, 180, 405, 14.52, 51, 0x0000000000000000, Not Active, Not Active
2026/09/30 14:29:10.919, 180, 405, 14.52, 51, 0x0000000000000000, Not Active, Not Active
2026/09/30 14:29:11.019, 180, 405, 14.52, 51, 0x0000000000000000, Not Active, Not Active
2026/09/30 14:29:11.119, 180, 405, 14.52, 51, 0x0000000000000000, Not Active, Not Active
2026/09/30 14:29:11.219, 172, 405, 14.52, 51, 0x0000000000000000, Not Active, Not Active
2026/09/30 14:29:11.320, 172, 405, 14.52, 51, 0x0000000000000000, Not Active, Not Active
2026/09/30 14:29:11.420, 172, 405, 14.52, 51, 0x0000000000000000, Not Active, Not Active
2026/09/30 14:29:11.520, 172, 405, 14.52, 51, 0x0000000000000000, Not Active, Not Active
2026/09/30 14:29:11.620, 172, 405, 14.52, 51, 0x0000000000000000, Not Active, Not Active
2026/09/30 14:29:11.720, 172, 405, 14.52, 51, 0x0000000000000000, Not Active, Not Active
2026/09/30 14:29:11.820, 172, 405, 14.52, 51, 0x0000000000000000, Not Active, Not Active
2026/09/30 14:29:11.920, 172, 405, 14.52, 51, 0x0000000000000000, Not Active, Not Active
2026/09/30 14:29:12.020, 172, 405, 14.52, 51, 0x0000000000000000, Not Active, Not Active
2026/09/30 14:29:12.120, 172, 405, 14.52, 51, 0x0000000000000000, Not Active, Not Active
2026/09/30 14:29:12.220, 180, 405, 14.49, 51, 0x0000000000000000, Not Active, Not Active
2026/09/30 14:29:12.321, 180, 405, 14.49, 51, 0x0000000000000000, Not Active, Not Active
2026/09/30 14:29:12.421, 180, 405, 14.49, 51, 0x0000000000000000, Not Active, Not Active
2026/09/30 14:29:12.521, 180, 405, 14.49, 51, 0x0000000000000000, Not Active, Not Active
2026/09/30 14:29:12.621, 180, 405, 14.49, 51, 0x0000000000000000, Not Active, Not Active
2026/09/30 14:29:12.721, 180, 405, 14.49, 51, 0x0000000000000000, Not Active, Not Active
2026/09/30 14:29:12.821, 180, 405, 14.49, 51, 0x0000000000000000, Not Active, Not Active
2026/09/30 14:29:12.921, 180, 405, 14.49, 51, 0x0000000000000000, Not Active, Not Active
2026/09/30 14:29:13.021, 180, 405, 14.49, 51, 0x0000000000000000, Not Active, Not Active
2026/09/30 14:29:13.122, 180, 405, 14.49, 51, 0x0000000000000000, Not Active, Not Active
2026/09/30 14:29:13.222, 180, 405, 14.51, 50, 0x0000000000000000, Not Active, Not Active
2026/09/30 14:29:13.322, 180, 405, 14.51, 50, 0x0000000000000000, Not Active, Not Active
2026/09/30 14:29:13.422, 180, 405, 14.51, 50, 0x0000000000000000, Not Active, Not Active
2026/09/30 14:29:13.522, 180, 405, 14.51, 50, 0x0000000000000000, Not Active, Not Active
2026/09/30 14:29:13.622, 180, 405, 14.51, 50, 0x0000000000000000, Not Active, Not Active
2026/09/30 14:29:13.722, 180, 405, 14.51, 50, 0x0000000000000000, Not Active, Not Active
2026/09/30 14:29:13.822, 180, 405, 14.51, 50, 0x0000000000000000, Not Active, Not Active
2026/09/30 14:29:13.922, 180, 405, 14.51, 50, 0x0000000000000000, Not Active, Not Active
2026/09/30 14:29:14.023, 180, 405, 14.51, 50, 0x0000000000000000, Not Active, Not Active
2026/09/30 14:29:14.123, 180, 405, 14.51, 50, 0x0000000000000000, Not Active, Not Active
2026/09/30 14:29:14.223, 180, 405, 14.55, 50, 0x0000000000000000, Not Active, Not Active
2026/09/30 14:29:14.323, 180, 405, 14.55, 50, 0x0000000000000000, Not Active, Not Active
2026/09/30 14:29:14.423, 180, 405, 14.55, 50, 0x0000000000000000, Not Active, Not Active
2026/09/30 14:29:14.523, 180, 405, 14.55, 50, 0x0000000000000000, Not Active, Not Active
2026/09/30 14:29:14.623, 180, 405, 14.55, 50, 0x0000000000000000, Not Active, Not Active
2026/09/30 14:29:14.724, 180, 405, 14.55, 50, 0x0000000000000000, Not Active, Not Active
2026/09/30 14:29:14.824, 180, 405, 14.55, 50, 0x0000000000000000, Not Active, Not Active
2026/09/30 14:29:14.924, 180, 405, 14.55, 50, 0x0000000000000000, Not Active, Not Active
2026/09/30 14:29:15.024, 180, 405, 14.55, 50, 0x0000000000000000, Not Active, Not Active
2026/09/30 14:29:15.124, 180, 405, 14.55, 50, 0x0000000000000000, Not Active, Not Active
2026/09/30 14:29:15.224, 180, 405, 14.62, 50, 0x0000000000000000, Not Active, Not Active
2026/09/30 14:29:15.325, 180, 405, 14.62, 50, 0x0000000000000000, Not Active, Not Active
2026/09/30 14:29:15.425, 180, 405, 14.62, 50, 0x0000000000000000, Not Active, Not Active
2026/09/30 14:29:15.525, 180, 405, 14.62, 50, 0x0000000000000000, Not Active, Not Active
2026/09/30 14:29:15.625, 180, 405, 14.62, 50, 0x0000000000000000, Not Active, Not Active
2026/09/30 14:29:15.725, 180, 405, 14.62, 50, 0x0000000000000000, Not Active, Not Active
2026/09/30 14:29:15.825, 180, 405, 14.62, 50, 0x0000000000000000, Not Active, Not Active
2026/09/30 14:29:15.926, 180, 405, 14.62, 50, 0x0000000000000000, Not Active, Not Active
2026/09/30 14:29:16.026, 180, 405, 14.62, 50, 0x0000000000000000, Not Active, Not Active
2026/09/30 14:29:16.126, 180, 405, 14.62, 50, 0x0000000000000000, Not Active, Not Active
2026/09/30 14:29:16.226, 180, 405, 14.42, 50, 0x0000000000000000, Not Active, Not Active
2026/09/30 14:29:16.326, 180, 405, 14.42, 50, 0x0000000000000000, Not Active, Not Active
2026/09/30 14:29:16.426, 180, 405, 14.42, 50, 0x0000000000000000, Not Active, Not Active
2026/09/30 14:29:16.527, 180, 405, 14.42, 50, 0x0000000000000000, Not Active, Not Active
2026/09/30 14:29:16.627, 180, 405, 14.42, 50, 0x0000000000000000, Not Active, Not Active
2026/09/30 14:29:16.727, 180, 405, 14.42, 50, 0x0000000000000000, Not Active, Not Active
2026/09/30 14:29:16.827, 180, 405, 14.42, 50, 0x0000000000000000, Not Active, Not Active
2026/09/30 14:29:16.927, 180, 405, 14.42, 50, 0x0000000000000000, Not Active, Not Active
2026/09/30 14:29:17.027, 180, 405, 14.42, 50, 0x0000000000000000, Not Active, Not Active
2026/09/30 14:29:17.127, 180, 405, 14.42, 50, 0x0000000000000000, Not Active, Not Active
2026/09/30 14:29:17.227, 180, 405, 14.61, 50, 0x0000000000000000, Not Active, Not Active
2026/09/30 14:29:17.328, 180, 405, 14.61, 50, 0x0000000000000000, Not Active, Not Active
2026/09/30 14:29:17.428, 180, 405, 14.61, 50, 0x0000000000000000, Not Active, Not Active
2026/09/30 14:29:17.528, 180, 405, 14.61, 50, 0x0000000000000000, Not Active, Not Active
2026/09/30 14:29:17.628, 180, 405, 14.61, 50, 0x0000000000000000, Not Active, Not Active
2026/09/30 14:29:17.728, 180, 405, 14.61, 50, 0x0000000000000000, Not Active, Not Active
2026/09/30 14:29:17.828, 180, 405, 14.61, 50, 0x0000000000000000, Not Active, Not Active
2026/09/30 14:29:17.929, 180, 405, 14.61, 50, 0x0000000000000000, Not Active, Not Active
2026/09/30 14:29:18.029, 180, 405, 14.61, 50, 0x0000000000000000, Not Active, Not Active
2026/09/30 14:29:18.129, 180, 405, 14.61, 50, 0x0000000000000000, Not Active, Not Active
2026/09/30 14:29:18.229, 180, 405, 14.62, 50, 0x0000000000000000, Not Active, Not Active
2026/09/30 14:29:18.329, 180, 405, 14.62, 50, 0x0000000000000000, Not Active, Not Active
2026/09/30 14:29:18.429, 180, 405, 14.62, 50, 0x0000000000000000, Not Active, Not Active
2026/09/30 14:29:18.530, 180, 405, 14.62, 50, 0x0000000000000000, Not Active, Not Active
2026/09/30 14:29:18.630, 180, 405, 14.62, 50, 0x0000000000000000, Not Active, Not Active
2026/09/30 14:29:18.730, 180, 405, 14.62, 50, 0x0000000000000000, Not Active, Not Active
2026/09/30 14:29:18.830, 180, 405, 14.62, 50, 0x0000000000000000, Not Active, Not Active
2026/09/30 14:29:18.930, 180, 405, 14.62, 50, 0x0000000000000000, Not Active, Not Active
2026/09/30 14:29:19.030, 180, 405, 14.62, 50, 0x0000000000000000, Not Active, Not Active
2026/09/30 14:29:19.130, 180, 405, 14.62, 50, 0x0000000000000000, Not Active, Not Active
2026/09/30 14:29:19.231, 180, 405, 14.30, 50, 0x0000000000000000, Not Active, Not Active
2026/09/30 14:29:19.331, 180, 405, 14.30, 50, 0x0000000000000000, Not Active, Not Active
2026/09/30 14:29:19.431, 180, 405, 14.30, 50, 0x0000000000000000, Not Active, Not Active
2026/09/30 14:29:19.531, 180, 405, 14.30, 50, 0x0000000000000000, Not Active, Not Active
2026/09/30 14:29:19.631, 180, 405, 14.30, 50, 0x0000000000000000, Not Active, Not Active
2026/09/30 14:29:19.731, 180, 405, 14.30, 50, 0x0000000000000000, Not Active, Not Active
2026/09/30 14:29:19.831, 180, 405, 14.30, 50, 0x0000000000000000, Not Active, Not Active
2026/09/30 14:29:19.932, 180, 405, 14.30, 50, 0x0000000000000000, Not Active, Not Active
2026/09/30 14:29:20.032, 180, 405, 14.30, 50, 0x0000000000000000, Not Active, Not Active
2026/09/30 14:29:20.132, 180, 405, 14.30, 50, 0x0000000000000000, Not Active, Not Active
2026/09/30 14:29:20.232, 180, 405, 14.42, 50, 0x0000000000000000, Not Active, Not Active
2026/09/30 14:29:20.332, 180, 405, 14.42, 50, 0x0000000000000000, Not Active, Not Active
2026/09/30 14:29:20.432, 180, 405, 14.42, 50, 0x0000000000000000, Not Active, Not Active
2026/09/30 14:29:20.533, 180, 405, 14.42, 50, 0x0000000000000000, Not Active, Not Active
2026/09/30 14:29:20.633, 180, 405, 14.42, 50, 0x0000000000000000, Not Active, Not Active
2026/09/30 14:29:20.733, 180, 405, 14.42, 50, 0x0000000000000000, Not Active, Not Active
2026/09/30 14:29:20.833, 180, 405, 14.42, 50, 0x0000000000000000, Not Active, Not Active
2026/09/30 14:29:20.933, 180, 405, 14.42, 50, 0x0000000000000000, Not Active, Not Active
2026/09/30 14:29:21.033, 180, 405, 14.42, 50, 0x0000000000000000, Not Active, Not Active
2026/09/30 14:29:21.133, 180, 405, 14.42, 50, 0x0000000000000000, Not Active, Not Active
2026/09/30 14:29:21.234, 180, 405, 14.34, 49, 0x0000000000000000, Not Active, Not Active
2026/09/30 14:29:21.334, 180, 405, 14.34, 49, 0x0000000000000000, Not Active, Not Active
2026/09/30 14:29:21.434, 180, 405, 14.34, 49, 0x0000000000000000, Not Active, Not Active
2026/09/30 14:29:21.534, 180, 405, 14.34, 49, 0x0000000000000000, Not Active, Not Active
2026/09/30 14:29:21.634, 180, 405, 14.34, 49, 0x0000000000000000, Not Active, Not Active
2026/09/30 14:29:21.734, 180, 405, 14.34, 49, 0x0000000000000000, Not Active, Not Active
2026/09/30 14:29:21.834, 180, 405, 14.34, 49, 0x0000000000000000, Not Active, Not Active
2026/09/30 14:29:21.935, 180, 405, 14.34, 49, 0x0000000000000000, Not Active, Not Active
2026/09/30 14:29:22.035, 180, 405, 14.34, 49, 0x0000000000000000, Not Active, Not Active
2026/09/30 14:29:22.135, 180, 405, 14.34, 49, 0x0000000000000000, Not Active, Not Active
2026/09/30 14:29:22.235, 180, 405, 14.38, 49, 0x0000000000000000, Not Active, Not Active
2026/09/30 14:29:22.336, 180, 405, 14.38, 49, 0x0000000000000000, Not Active, Not Active
2026/09/30 14:29:22.436, 180, 405, 14.38, 49, 0x0000000000000000, Not Active, Not Active
2026/09/30 14:29:22.536, 180, 405, 14.38, 49, 0x0000000000000000, Not Active, Not Active
2026/09/30 14:29:22.637, 180, 405, 14.38, 49, 0x0000000000000000, Not Active, Not Active
2026/09/30 14:29:22.737, 180, 405, 14.38, 49, 0x0000000000000000, Not Active, Not Active
2026/09/30 14:29:22.837, 180, 405, 14.38, 49, 0x0000000000000000, Not Active, Not Active
2026/09/30 14:29:22.937, 180, 405, 14.38, 49, 0x0000000000000000, Not Active, Not Active
2026/09/30 14:29:23.038, 180, 405, 14.38, 49, 0x0000000000000000, Not Active, Not Active
2026/09/30 14:29:23.138, 180, 405, 14.38, 49, 0x0000000000000000, Not Active, Not Active
2026/09/30 14:29:23.238, 180, 405, 14.09, 49, 0x0000000000000000, Not Active, Not Active
2026/09/30 14:29:23.339, 180, 405, 14.09, 49, 0x0000000000000000, Not Active, Not Active
2026/09/30 14:29:23.439, 180, 405, 14.09, 49, 0x0000000000000000, Not Active, Not Active
2026/09/30 14:29:23.539, 180, 405, 14.09, 49, 0x0000000000000000, Not Active, Not Active
2026/09/30 14:29:23.639, 180, 405, 14.09, 49, 0x0000000000000000, Not Active, Not Active
2026/09/30 14:29:23.740, 180, 405, 14.09, 49, 0x0000000000000000, Not Active, Not Active
2026/09/30 14:29:23.840, 180, 405, 14.09, 49, 0x0000000000000000, Not Active, Not Active
2026/09/30 14:29:23.940, 180, 405, 14.09, 49, 0x0000000000000000, Not Active, Not Active
2026/09/30 14:29:24.040, 180, 405, 14.09, 49, 0x0000000000000000, Not Active, Not Active
2026/09/30 14:29:24.140, 180, 405, 14.09, 49, 0x0000000000000000, Not Active, Not Active
2026/09/30 14:29:24.240, 180, 405, 14.16, 49, 0x0000000000000000, Not Active, Not Active
2026/09/30 14:29:24.340, 180, 405, 14.16, 49, 0x0000000000000000, Not Active, Not Active
2026/09/30 14:29:24.440, 180, 405, 14.16, 49, 0x0000000000000000, Not Active, Not Active
2026/09/30 14:29:24.541, 180, 405, 14.16, 49, 0x0000000000000000, Not Active, Not Active
2026/09/30 14:29:24.641, 180, 405, 14.16, 49, 0x0000000000000000, Not Active, Not Active
2026/09/30 14:29:24.741, 180, 405, 14.16, 49, 0x0000000000000000, Not Active, Not Active
2026/09/30 14:29:24.841, 180, 405, 14.16, 49, 0x0000000000000000, Not Active, Not Active
2026/09/30 14:29:24.941, 180, 405, 14.16, 49, 0x0000000000000000, Not Active, Not Active
2026/09/30 14:29:25.041, 180, 405, 14.16, 49, 0x0000000000000000, Not Active, Not Active
2026/09/30 14:29:25.141, 180, 405, 14.16, 49, 0x0000000000000000, Not Active, Not Active
2026/09/30 14:29:25.242, 172, 405, 14.20, 49, 0x0000000000000000, Not Active, Not Active
2026/09/30 14:29:25.342, 172, 405, 14.20, 49, 0x0000000000000000, Not Active, Not Active
2026/09/30 14:29:25.442, 172, 405, 14.20, 49, 0x0000000000000000, Not Active, Not Active
2026/09/30 14:29:25.542, 172, 405, 14.20, 49, 0x0000000000000000, Not Active, Not Active
2026/09/30 14:29:25.642, 172, 405, 14.20, 49, 0x0000000000000000, Not Active, Not Active
2026/09/30 14:29:25.742, 172, 405, 14.20, 49, 0x0000000000000000, Not Active, Not Active
2026/09/30 14:29:25.842, 172, 405, 14.20, 49, 0x0000000000000000, Not Active, Not Active
2026/09/30 14:29:25.943, 172, 405, 14.20, 49, 0x0000000000000000, Not Active, Not Active
2026/09/30 14:29:26.043, 172, 405, 14.20, 49, 0x0000000000000000, Not Active, Not Active
2026/09/30 14:29:26.143, 172, 405, 14.20, 49, 0x0000000000000000, Not Active, Not Active
2026/09/30 14:29:26.243, 180, 405, 14.12, 49, 0x0000000000000000, Not Active, Not Active
2026/09/30 14:29:26.343, 180, 405, 14.12, 49, 0x0000000000000000, Not Active, Not Active
2026/09/30 14:29:26.443, 180, 405, 14.12, 49, 0x0000000000000000, Not Active, Not Active
2026/09/30 14:29:26.544, 180, 405, 14.12, 49, 0x0000000000000000, Not Active, Not Active
2026/09/30 14:29:26.644, 180, 405, 14.12, 49, 0x0000000000000000, Not Active, Not Active
2026/09/30 14:29:26.744, 180, 405, 14.12, 49, 0x0000000000000000, Not Active, Not Active
2026/09/30 14:29:26.844, 180, 405, 14.12, 49, 0x0000000000000000, Not Active, Not Active
2026/09/30 14:29:26.944, 180, 405, 14.12, 49, 0x0000000000000000, Not Active, Not Active
2026/09/30 14:29:27.044, 180, 405, 14.12, 49, 0x0000000000000000, Not Active, Not Active
2026/09/30 14:29:27.144, 180, 405, 14.12, 49, 0x0000000000000000, Not Active, Not Active
2026/09/30 14:29:27.245, 180, 405, 14.14, 49, 0x0000000000000000, Not Active, Not Active
2026/09/30 14:29:27.345, 180, 405, 14.14, 49, 0x0000000000000000, Not Active, Not Active
2026/09/30 14:29:27.445, 180, 405, 14.14, 49, 0x0000000000000000, Not Active, Not Active
2026/09/30 14:29:27.545, 180, 405, 14.14, 49, 0x0000000000000000, Not Active, Not Active
2026/09/30 14:29:27.645, 180, 405, 14.14, 49, 0x0000000000000000, Not Active, Not Active
2026/09/30 14:29:27.745, 180, 405, 14.14, 49, 0x0000000000000000, Not Active, Not Active
2026/09/30 14:29:27.845, 180, 405, 14.14, 49, 0x0000000000000000, Not Active, Not Active
2026/09/30 14:29:27.946, 180, 405, 14.14, 49, 0x0000000000000000, Not Active, Not Active
2026/09/30 14:29:28.046, 180, 405, 14.14, 49, 0x0000000000000000, Not Active, Not Active
2026/09/30 14:29:28.146, 180, 405, 14.14, 49, 0x0000000000000000, Not Active, Not Active
2026/09/30 14:29:28.246, 180, 405, 14.15, 49, 0x0000000000000000, Not Active, Not Active
2026/09/30 14:29:28.346, 180, 405, 14.15, 49, 0x0000000000000000, Not Active, Not Active
2026/09/30 14:29:28.446, 180, 405, 14.15, 49, 0x0000000000000000, Not Active, Not Active
2026/09/30 14:29:28.547, 180, 405, 14.15, 49, 0x0000000000000000, Not Active, Not Active
2026/09/30 14:29:28.647, 180, 405, 14.15, 49, 0x0000000000000000, Not Active, Not Active
2026/09/30 14:29:28.747, 180, 405, 14.15, 49, 0x0000000000000000, Not Active, Not Active
2026/09/30 14:29:28.847, 180, 405, 14.15, 49, 0x0000000000000000, Not Active, Not Active
2026/09/30 14:29:28.947, 180, 405, 14.15, 49, 0x0000000000000000, Not Active, Not Active
2026/09/30 14:29:29.047, 180, 405, 14.15, 49, 0x0000000000000000, Not Active, Not Active
2026/09/30 14:29:29.147, 180, 405, 14.15, 49, 0x0000000000000000, Not Active, Not Active
2026/09/30 14:29:29.248, 180, 405, 14.09, 49, 0x0000000000000000, Not Active, Not Active
2026/09/30 14:29:29.348, 180, 405, 14.09, 49, 0x0000000000000000, Not Active, Not Active
2026/09/30 14:29:29.448, 180, 405, 14.09, 49, 0x0000000000000000, Not Active, Not Active
2026/09/30 14:29:29.548, 180, 405, 14.09, 49, 0x0000000000000000, Not Active, Not Active
2026/09/30 14:29:29.648, 180, 405, 14.09, 49, 0x0000000000000000, Not Active, Not Active
2026/09/30 14:29:29.748, 180, 405, 14.09, 49, 0x0000000000000000, Not Active, Not Active
2026/09/30 14:29:29.848, 180, 405, 14.09, 49, 0x0000000000000000, Not Active, Not Active
2026/09/30 14:29:29.949, 180, 405, 14.09, 49, 0x0000000000000000, Not Active, Not Active
2026/09/30 14:29:30.049, 180, 405, 14.09, 49, 0x0000000000000000, Not Active, Not Active
2026/09/30 14:29:30.149, 180, 405, 14.09, 49, 0x0000000000000000, Not Active, Not Active
2026/09/30 14:29:30.249, 180, 13365, 25.40, 49, 0x0000000000000000, Not Active, Not Active
2026/09/30 14:29:30.349, 180, 13365, 25.40, 49, 0x0000000000000000, Not Active, Not Active
2026/09/30 14:29:30.449, 180, 13365, 25.40, 49, 0x0000000000000000, Not Active, Not Active
2026/09/30 14:29:30.550, 180, 13365, 25.40, 49, 0x0000000000000000, Not Active, Not Active
2026/09/30 14:29:30.650, 180, 13365, 25.40, 49, 0x0000000000000000, Not Active, Not Active
2026/09/30 14:29:30.750, 2707, 13365, 45.22, 50, 0x0000000000000000, Not Active, Not Active
2026/09/30 14:29:30.850, 2707, 13365, 45.22, 50, 0x0000000000000000, Not Active, Not Active
2026/09/30 14:29:30.950, 2707, 13365, 45.22, 50, 0x0000000000000000, Not Active, Not Active
2026/09/30 14:29:31.050, 2707, 13365, 45.22, 50, 0x0000000000000000, Not Active, Not Active
2026/09/30 14:29:31.150, 2707, 13365, 45.22, 50, 0x0000000000000000, Not Active, Not Active
2026/09/30 14:29:31.251, 2610, 13365, 91.22, 51, 0x0000000000000000, Not Active, Not Active
2026/09/30 14:29:31.351, 2610, 13365, 91.22, 51, 0x0000000000000000, Not Active, Not Active
2026/09/30 14:29:31.451, 2610, 13365, 91.22, 51, 0x0000000000000000, Not Active, Not Active
2026/09/30 14:29:31.551, 2610, 13365, 91.22, 51, 0x0000000000000000, Not Active, Not Active
2026/09/30 14:29:31.651, 2610, 13365, 91.22, 51, 0x0000000000000000, Not Active, Not Active
2026/09/30 14:29:31.751, 2662, 13365, 108.51, 51, 0x0000000000000000, Not Active, Not Active
2026/09/30 14:29:31.851, 2662, 13365, 108.51, 51, 0x0000000000000000, Not Active, Not Active
2026/09/30 14:29:31.952, 2662, 13365, 108.51, 51, 0x0000000000000000, Not Active, Not Active
2026/09/30 14:29:32.052, 2662, 13365, 108.51, 51, 0x0000000000000000, Not Active, Not Active
2026/09/30 14:29:32.152, 2662, 13365, 108.51, 51, 0x0000000000000000, Not Active, Not Active
2026/09/30 14:29:32.252, 2670, 13365, 128.61, 51, 0x0000000000000000, Not Active, Not Active
2026/09/30 14:29:32.352, 2670, 13365, 128.61, 51, 0x0000000000000000, Not Active, Not Active
2026/09/30 14:29:32.452, 2670, 13365, 128.61, 51, 0x0000000000000000, Not Active, Not Active
2026/09/30 14:29:32.553, 2670, 13365, 128.61, 51, 0x0000000000000000, Not Active, Not Active
2026/09/30 14:29:32.653, 2670, 13365, 128.61, 51, 0x0000000000000000, Not Active, Not Active
2026/09/30 14:29:32.753, 2662, 13365, 129.87, 51, 0x0000000000000000, Not Active, Not Active
2026/09/30 14:29:32.853, 2662, 13365, 129.87, 51, 0x0000000000000000, Not Active, Not Active
2026/09/30 14:29:32.953, 2662, 13365, 129.87, 51, 0x0000000000000000, Not Active, Not Active
2026/09/30 14:29:33.053, 2662, 13365, 129.87, 51, 0x0000000000000000, Not Active, Not Active
2026/09/30 14:29:33.153, 2662, 13365, 129.87, 51, 0x0000000000000000, Not Active, Not Active
2026/09/30 14:29:33.254, 2662, 13365, 128.49, 51, 0x0000000000000000, Not Active, Not Active
2026/09/30 14:29:33.354, 2662, 13365, 128.49, 51, 0x0000000000000000, Not Active, Not Active
2026/09/30 14:29:33.454, 2662, 13365, 128.49, 51, 0x0000000000000000, Not Active, Not Active
2026/09/30 14:29:33.554, 2662, 13365, 128.49, 51, 0x0000000000000000, Not Active, Not Active
2026/09/30 14:29:33.654, 2662, 13365, 128.49, 51, 0x0000000000000000, Not Active, Not Active
2026/09/30 14:29:33.754, 2662, 13365, 129.11, 51, 0x0000000000000000, Not Active, Not Active
2026/09/30 14:29:33.854, 2662, 13365, 129.11, 51, 0x0000000000000000, Not Active, Not Active
2026/09/30 14:29:33.955, 2662, 13365, 129.11, 51, 0x0000000000000000, Not Active, Not Active
2026/09/30 14:29:34.055, 2662, 13365, 129.11, 51, 0x0000000000000000, Not Active, Not Active
2026/09/30 14:29:34.155, 2662, 13365, 129.11, 51, 0x0000000000000000, Not Active, Not Active
2026/09/30 14:29:34.255, 2662, 13365, 130.09, 51, 0x0000000000000000, Not Active, Not Active
2026/09/30 14:29:34.355, 2662, 13365, 130.09, 51, 0x0000000000000000, Not Active, Not Active
2026/09/30 14:29:34.455, 2662, 13365, 130.09, 51, 0x0000000000000000, Not Active, Not Active
2026/09/30 14:29:34.556, 2662, 13365, 130.09, 51, 0x0000000000000000, Not Active, Not Active
2026/09/30 14:29:34.656, 2662, 13365, 130.09, 51, 0x0000000000000000, Not Active, Not Active
2026/09/30 14:29:34.756, 2662, 13365, 131.37, 52, 0x0000000000000000, Not Active, Not Active
2026/09/30 14:29:34.856, 2662, 13365, 131.37, 52, 0x0000000000000000, Not Active, Not Active
2026/09/30 14:29:34.956, 2662, 13365, 131.37, 52, 0x0000000000000000, Not Active, Not Active
2026/09/30 14:29:35.056, 2662, 13365, 131.37, 52, 0x0000000000000000, Not Active, Not Active
2026/09/30 14:29:35.156, 2662, 13365, 131.37, 52, 0x0000000000000000, Not Active, Not Active
2026/09/30 14:29:35.257, 2677, 13365, 132.79, 52, 0x0000000000000000, Not Active, Not Active
2026/09/30 14:29:35.357, 2677, 13365, 132.79, 52, 0x0000000000000000, Not Active, Not Active
2026/09/30 14:29:35.457, 2677, 13365, 132.79, 52, 0x0000000000000000, Not Active, Not Active
2026/09/30 14:29:35.557, 2677, 13365, 132.79, 52, 0x0000000000000000, Not Active, Not Active
2026/09/30 14:29:35.657, 2677, 13365, 132.79, 52, 0x0000000000000000, Not Active, Not Active
2026/09/30 14:29:35.757, 2677, 13365, 128.80, 51, 0x0000000000000000, Not Active, Not Active
2026/09/30 14:29:35.857, 2677, 13365, 128.80, 51, 0x0000000000000000, Not Active, Not Active
2026/09/30 14:29:35.957, 2677, 13365, 128.80, 51, 0x0000000000000000, Not Active, Not Active
2026/09/30 14:29:36.058, 2677, 13365, 128.80, 51, 0x0000000000000000, Not Active, Not Active
2026/09/30 14:29:36.158, 2677, 13365, 128.80, 51, 0x0000000000000000, Not Active, Not Active
2026/09/30 14:29:36.258, 2685, 13365, 129.46, 51, 0x0000000000000000, Not Active, Not Active
2026/09/30 14:29:36.358, 2685, 13365, 129.46, 51, 0x0000000000000000, Not Active, Not Active
2026/09/30 14:29:36.458, 2685, 13365, 129.46, 51, 0x0000000000000000, Not Active, Not Active
2026/09/30 14:29:36.558, 2685, 13365, 129.46, 51, 0x0000000000000000, Not Active, Not Active
2026/09/30 14:29:36.659, 2685, 13365, 129.46, 51, 0x0000000000000000, Not Active, Not Active
2026/09/30 14:29:36.759, 2692, 13365, 131.93, 52, 0x0000000000000000, Not Active, Not Active
2026/09/30 14:29:36.859, 2692, 13365, 131.93, 52, 0x0000000000000000, Not Active, Not Active
2026/09/30 14:29:36.959, 2692, 13365, 131.93, 52, 0x0000000000000000, Not Active, Not Active
2026/09/30 14:29:37.059, 2692, 13365, 131.93, 52, 0x0000000000000000, Not Active, Not Active
2026/09/30 14:29:37.159, 2692, 13365, 131.93, 52, 0x0000000000000000, Not Active, Not Active
2026/09/30 14:29:37.259, 2692, 13365, 134.18, 52, 0x0000000000000000, Not Active, Not Active
2026/09/30 14:29:37.360, 2692, 13365, 134.18, 52, 0x0000000000000000, Not Active, Not Active
2026/09/30 14:29:37.460, 2692, 13365, 134.18, 52, 0x0000000000000000, Not Active, Not Active
2026/09/30 14:29:37.560, 2692, 13365, 134.18, 52, 0x0000000000000000, Not Active, Not Active
2026/09/30 14:29:37.660, 2692, 13365, 134.18, 52, 0x0000000000000000, Not Active, Not Active
2026/09/30 14:29:37.760, 2685, 13365, 130.49, 51, 0x0000000000000000, Not Active, Not Active
2026/09/30 14:29:37.860, 2685, 13365, 130.49, 51, 0x0000000000000000, Not Active, Not Active
2026/09/30 14:29:37.961, 2685, 13365, 130.49, 51, 0x0000000000000000, Not Active, Not Active
2026/09/30 14:29:38.061, 2685, 13365, 130.49, 51, 0x0000000000000000, Not Active, Not Active
2026/09/30 14:29:38.161, 2685, 13365, 130.49, 51, 0x0000000000000000, Not Active, Not Active
2026/09/30 14:29:38.261, 2692, 13365, 133.75, 51, 0x0000000000000000, Not Active, Not Active
2026/09/30 14:29:38.361, 2692, 13365, 133.75, 51, 0x0000000000000000, Not Active, Not Active
2026/09/30 14:29:38.461, 2692, 13365, 133.75, 51, 0x0000000000000000, Not Active, Not Active
2026/09/30 14:29:38.561, 2692, 13365, 133.75, 51, 0x0000000000000000, Not Active, Not Active
2026/09/30 14:29:38.662, 2692, 13365, 133.75, 51, 0x0000000000000000, Not Active, Not Active
2026/09/30 14:29:38.762, 2692, 13365, 136.36, 51, 0x0000000000000000, Not Active, Not Active
2026/09/30 14:29:38.862, 2692, 13365, 136.36, 51, 0x0000000000000000, Not Active, Not Active
2026/09/30 14:29:38.962, 2692, 13365, 136.36, 51, 0x0000000000000000, Not Active, Not Active
2026/09/30 14:29:39.062, 2692, 13365, 136.36, 51, 0x0000000000000000, Not Active, Not Active
2026/09/30 14:29:39.162, 2692, 13365, 136.36, 51, 0x0000000000000000, Not Active, Not Active
2026/09/30 14:29:39.263, 2685, 13365, 132.49, 52, 0x0000000000000000, Not Active, Not Active
2026/09/30 14:29:39.363, 2685, 13365, 132.49, 52, 0x0000000000000000, Not Active, Not Active
2026/09/30 14:29:39.463, 2685, 13365, 132.49, 52, 0x0000000000000000, Not Active, Not Active
2026/09/30 14:29:39.563, 2685, 13365, 132.49, 52, 0x0000000000000000, Not Active, Not Active
2026/09/30 14:29:39.663, 2685, 13365, 132.49, 52, 0x0000000000000000, Not Active, Not Active
2026/09/30 14:29:39.763, 2677, 13365, 134.85, 53, 0x0000000000000000, Not Active, Not Active
2026/09/30 14:29:39.863, 2677, 13365, 134.85, 53, 0x0000000000000000, Not Active, Not Active
2026/09/30 14:29:39.964, 2677, 13365, 134.85, 53, 0x0000000000000000, Not Active, Not Active
2026/09/30 14:29:40.064, 2677, 13365, 134.85, 53, 0x0000000000000000, Not Active, Not Active
2026/09/30 14:29:40.164, 2677, 13365, 134.85, 53, 0x0000000000000000, Not Active, Not Active
2026/09/30 14:29:40.264, 2662, 13365, 134.05, 52, 0x0000000000000000, Not Active, Not Active
2026/09/30 14:29:40.364, 2662, 13365, 134.05, 52, 0x0000000000000000, Not Active, Not Active
2026/09/30 14:29:40.464, 2662, 13365, 134.05, 52, 0x0000000000000000, Not Active, Not Active
2026/09/30 14:29:40.565, 2662, 13365, 134.05, 52, 0x0000000000000000, Not Active, Not Active
2026/09/30 14:29:40.665, 2662, 13365, 134.05, 52, 0x0000000000000000, Not Active, Not Active
2026/09/30 14:29:40.765, 2662, 13365, 134.23, 53, 0x0000000000000000, Not Active, Not Active
2026/09/30 14:29:40.865, 2662, 13365, 134.23, 53, 0x0000000000000000, Not Active, Not Active
2026/09/30 14:29:40.965, 2662, 13365, 134.23, 53, 0x0000000000000000, Not Active, Not Active
2026/09/30 14:29:41.065, 2662, 13365, 134.23, 53, 0x0000000000000000, Not Active, Not Active
2026/09/30 14:29:41.165, 2662, 13365, 134.23, 53, 0x0000000000000000, Not Active, Not Active
2026/09/30 14:29:41.265, 2662, 13365, 135.76, 52, 0x0000000000000000, Not Active, Not Active
2026/09/30 14:29:41.366, 2662, 13365, 135.76, 52, 0x0000000000000000, Not Active, Not Active
2026/09/30 14:29:41.466, 2662, 13365, 135.76, 52, 0x0000000000000000, Not Active, Not Active
2026/09/30 14:29:41.566, 2662, 13365, 135.76, 52, 0x0000000000000000, Not Active, Not Active
2026/09/30 14:29:41.666, 2662, 13365, 135.76, 52, 0x0000000000000000, Not Active, Not Active
2026/09/30 14:29:41.766, 2662, 13365, 137.00, 52, 0x0000000000000000, Not Active, Not Active
2026/09/30 14:29:41.866, 2662, 13365, 137.00, 52, 0x0000000000000000, Not Active, Not Active
2026/09/30 14:29:41.966, 2662, 13365, 137.00, 52, 0x0000000000000000, Not Active, Not Active
2026/09/30 14:29:42.067, 2662, 13365, 137.00, 52, 0x0000000000000000, Not Active, Not Active
2026/09/30 14:29:42.167, 2662, 13365, 137.00, 52, 0x0000000000000000, Not Active, Not Active
2026/09/30 14:29:42.267, 2647, 13365, 135.29, 52, 0x0000000000000000, Not Active, Not Active
2026/09/30 14:29:42.367, 2647, 13365, 135.29, 52, 0x0000000000000000, Not Active, Not Active
2026/09/30 14:29:42.467, 2647, 13365, 135.29, 52, 0x0000000000000000, Not Active, Not Active
2026/09/30 14:29:42.567, 2647, 13365, 135.29, 52, 0x0000000000000000, Not Active, Not Active
2026/09/30 14:29:42.668, 2670, 13365, 137.07, 52, 0x0000000000000000, Not Active, Not Active
2026/09/30 14:29:42.768, 2670, 13365, 137.07, 52, 0x0000000000000000, Not Active, Not Active
2026/09/30 14:29:42.868, 2670, 13365, 137.07, 52, 0x0000000000000000, Not Active, Not Active
2026/09/30 14:29:42.968, 2670, 13365, 137.07, 52, 0x0000000000000000, Not Active, Not Active
2026/09/30 14:29:43.068, 2670, 13365, 137.07, 52, 0x0000000000000000, Not Active, Not Active
2026/09/30 14:29:43.168, 2677, 13365, 138.31, 53, 0x0000000000000000, Not Active, Not Active
2026/09/30 14:29:43.268, 2677, 13365, 138.31, 53, 0x0000000000000000, Not Active, Not Active
2026/09/30 14:29:43.369, 2677, 13365, 138.31, 53, 0x0000000000000000, Not Active, Not Active
2026/09/30 14:29:43.469, 2677, 13365, 138.31, 53, 0x0000000000000000, Not Active, Not Active
2026/09/30 14:29:43.569, 2677, 13365, 138.31, 53, 0x0000000000000000, Not Active, Not Active
2026/09/30 14:29:43.669, 2670, 13365, 137.69, 52, 0x0000000000000000, Not Active, Not Active
2026/09/30 14:29:43.769, 2670, 13365, 137.69, 52, 0x0000000000000000, Not Active, Not Active
2026/09/30 14:29:43.869, 2670, 13365, 137.69, 52, 0x0000000000000000, Not Active, Not Active
2026/09/30 14:29:43.969, 2670, 13365, 137.69, 52, 0x0000000000000000, Not Active, Not Active
2026/09/30 14:29:44.070, 2670, 13365, 137.69, 52, 0x0000000000000000, Not Active, Not Active
2026/09/30 14:29:44.170, 2647, 13365, 138.91, 53, 0x0000000000000000, Not Active, Not Active
2026/09/30 14:29:44.270, 2647, 13365, 138.91, 53, 0x0000000000000000, Not Active, Not Active
2026/09/30 14:29:44.370, 2647, 13365, 138.91, 53, 0x0000000000000000, Not Active, Not Active
2026/09/30 14:29:44.470, 2647, 13365, 138.91, 53, 0x0000000000000000, Not Active, Not Active
2026/09/30 14:29:44.570, 2647, 13365, 138.91, 53, 0x0000000000000000, Not Active, Not Active
2026/09/30 14:29:44.670, 2647, 13365, 146.24, 53, 0x0000000000000000, Not Active, Not Active
2026/09/30 14:29:44.770, 2647, 13365, 146.24, 53, 0x0000000000000000, Not Active, Not Active
2026/09/30 14:29:44.871, 2647, 13365, 146.24, 53, 0x0000000000000000, Not Active, Not Active
2026/09/30 14:29:44.971, 2647, 13365, 146.24, 53, 0x0000000000000000, Not Active, Not Active
2026/09/30 14:29:45.071, 2647, 13365, 146.24, 53, 0x0000000000000000, Not Active, Not Active
2026/09/30 14:29:45.171, 2647, 13365, 143.81, 52, 0x0000000000000000, Not Active, Not Active
2026/09/30 14:29:45.271, 2647, 13365, 143.81, 52, 0x0000000000000000, Not Active, Not Active
2026/09/30 14:29:45.371, 2647, 13365, 143.81, 52, 0x0000000000000000, Not Active, Not Active
2026/09/30 14:29:45.472, 2647, 13365, 143.81, 52, 0x0000000000000000, Not Active, Not Active
2026/09/30 14:29:45.572, 2647, 13365, 143.81, 52, 0x0000000000000000, Not Active, Not Active
2026/09/30 14:29:45.672, 2632, 13365, 142.05, 53, 0x0000000000000000, Not Active, Not Active
2026/09/30 14:29:45.772, 2632, 13365, 142.05, 53, 0x0000000000000000, Not Active, Not Active
2026/09/30 14:29:45.872, 2632, 13365, 142.05, 53, 0x0000000000000000, Not Active, Not Active
2026/09/30 14:29:45.972, 2632, 13365, 142.05, 53, 0x0000000000000000, Not Active, Not Active
2026/09/30 14:29:46.072, 2632, 13365, 142.05, 53, 0x0000000000000000, Not Active, Not Active
2026/09/30 14:29:46.173, 2640, 13365, 153.55, 55, 0x0000000000000000, Not Active, Not Active
2026/09/30 14:29:46.273, 2640, 13365, 153.55, 55, 0x0000000000000000, Not Active, Not Active
2026/09/30 14:29:46.373, 2640, 13365, 153.55, 55, 0x0000000000000000, Not Active, Not Active
2026/09/30 14:29:46.473, 2640, 13365, 153.55, 55, 0x0000000000000000, Not Active, Not Active
2026/09/30 14:29:46.573, 2640, 13365, 153.55, 55, 0x0000000000000000, Not Active, Not Active
2026/09/30 14:29:46.673, 2632, 13365, 163.87, 53, 0x0000000000000000, Not Active, Not Active
2026/09/30 14:29:46.773, 2632, 13365, 163.87, 53, 0x0000000000000000, Not Active, Not Active
2026/09/30 14:29:46.873, 2632, 13365, 163.87, 53, 0x0000000000000000, Not Active, Not Active
2026/09/30 14:29:46.974, 2632, 13365, 163.87, 53, 0x0000000000000000, Not Active, Not Active
2026/09/30 14:29:47.074, 2632, 13365, 163.87, 53, 0x0000000000000000, Not Active, Not Active
2026/09/30 14:29:47.174, 2640, 13365, 158.40, 53, 0x0000000000000000, Not Active, Not Active
2026/09/30 14:29:47.274, 2640, 13365, 158.40, 53, 0x0000000000000000, Not Active, Not Active
2026/09/30 14:29:47.374, 2640, 13365, 158.40, 53, 0x0000000000000000, Not Active, Not Active
2026/09/30 14:29:47.474, 2640, 13365, 158.40, 53, 0x0000000000000000, Not Active, Not Active
2026/09/30 14:29:47.574, 2640, 13365, 158.40, 53, 0x0000000000000000, Not Active, Not Active
2026/09/30 14:29:47.674, 2625, 13365, 141.58, 52, 0x0000000000000000, Not Active, Not Active
2026/09/30 14:29:47.775, 2625, 13365, 141.58, 52, 0x0000000000000000, Not Active, Not Active
2026/09/30 14:29:47.875, 2625, 13365, 141.58, 52, 0x0000000000000000, Not Active, Not Active
2026/09/30 14:29:47.975, 2625, 13365, 141.58, 52, 0x0000000000000000, Not Active, Not Active
2026/09/30 14:29:48.075, 2625, 13365, 141.58, 52, 0x0000000000000000, Not Active, Not Active
2026/09/30 14:29:48.175, 2595, 13365, 149.24, 53, 0x0000000000000000, Not Active, Not Active
2026/09/30 14:29:48.275, 2595, 13365, 149.24, 53, 0x0000000000000000, Not Active, Not Active
2026/09/30 14:29:48.375, 2595, 13365, 149.24, 53, 0x0000000000000000, Not Active, Not Active
2026/09/30 14:29:48.476, 2595, 13365, 149.24, 53, 0x0000000000000000, Not Active, Not Active
2026/09/30 14:29:48.576, 2595, 13365, 149.24, 53, 0x0000000000000000, Not Active, Not Active
2026/09/30 14:29:48.676, 2595, 13365, 194.70, 57, 0x0000000000000000, Not Active, Not Active
2026/09/30 14:29:48.776, 2595, 13365, 194.70, 57, 0x0000000000000000, Not Active, Not Active
2026/09/30 14:29:48.876, 2595, 13365, 194.70, 57, 0x0000000000000000, Not Active, Not Active
2026/09/30 14:29:48.976, 2595, 13365, 194.70, 57, 0x0000000000000000, Not Active, Not Active
2026/09/30 14:29:49.076, 2595, 13365, 194.70, 57, 0x0000000000000000, Not Active, Not Active
2026/09/30 14:29:49.177, 2602, 13365, 192.24, 56, 0x0000000000000000, Not Active, Not Active
2026/09/30 14:29:49.277, 2602, 13365, 192.24, 56, 0x0000000000000000, Not Active, Not Active
2026/09/30 14:29:49.377, 2602, 13365, 192.24, 56, 0x0000000000000000, Not Active, Not Active
2026/09/30 14:29:49.477, 2602, 13365, 192.24, 56, 0x0000000000000000, Not Active, Not Active
2026/09/30 14:29:49.577, 2602, 13365, 192.24, 56, 0x0000000000000000, Not Active, Not Active
2026/09/30 14:29:49.677, 2602, 13365, 193.50, 56, 0x0000000000000000, Not Active, Not Active
2026/09/30 14:29:49.777, 2602, 13365, 193.50, 56, 0x0000000000000000, Not Active, Not Active
2026/09/30 14:29:49.878, 2602, 13365, 193.50, 56, 0x0000000000000000, Not Active, Not Active
2026/09/30 14:29:49.978, 2602, 13365, 193.50, 56, 0x0000000000000000, Not Active, Not Active
2026/09/30 14:29:50.078, 2602, 13365, 193.50, 56, 0x0000000000000000, Not Active, Not Active
2026/09/30 14:29:50.178, 2610, 13365, 149.51, 52, 0x0000000000000000, Not Active, Not Active
2026/09/30 14:29:50.278, 2610, 13365, 149.51, 52, 0x0000000000000000, Not Active, Not Active
2026/09/30 14:29:50.378, 2610, 13365, 149.51, 52, 0x0000000000000000, Not Active, Not Active
2026/09/30 14:29:50.478, 2610, 13365, 149.51, 52, 0x0000000000000000, Not Active, Not Active
2026/09/30 14:29:50.579, 2610, 13365, 149.51, 52, 0x0000000000000000, Not Active, Not Active
2026/09/30 14:29:50.679, 2580, 13365, 149.59, 58, 0x0000000000000000, Not Active, Not Active
2026/09/30 14:29:50.779, 2580, 13365, 149.59, 58, 0x0000000000000000, Not Active, Not Active
2026/09/30 14:29:50.879, 2580, 13365, 149.59, 58, 0x0000000000000000, Not Active, Not Active
2026/09/30 14:29:50.979, 2580, 13365, 149.59, 58, 0x0000000000000000, Not Active, Not Active
2026/09/30 14:29:51.079, 2580, 13365, 149.59, 58, 0x0000000000000000, Not Active, Not Active
2026/09/30 14:29:51.179, 2685, 13365, 215.29, 56, 0x0000000000000000, Not Active, Not Active
2026/09/30 14:29:51.280, 2685, 13365, 215.29, 56, 0x0000000000000000, Not Active, Not Active
2026/09/30 14:29:51.380, 2685, 13365, 215.29, 56, 0x0000000000000000, Not Active, Not Active
2026/09/30 14:29:51.480, 2685, 13365, 215.29, 56, 0x0000000000000000, Not Active, Not Active
2026/09/30 14:29:51.580, 2685, 13365, 215.29, 56, 0x0000000000000000, Not Active, Not Active
2026/09/30 14:29:51.680, 2625, 13365, 251.68, 56, 0x0000000000000000, Not Active, Not Active
2026/09/30 14:29:51.780, 2625, 13365, 251.68, 56, 0x0000000000000000, Not Active, Not Active
2026/09/30 14:29:51.880, 2625, 13365, 251.68, 56, 0x0000000000000000, Not Active, Not Active
2026/09/30 14:29:51.981, 2625, 13365, 251.68, 56, 0x0000000000000000, Not Active, Not Active
2026/09/30 14:29:52.081, 2625, 13365, 251.68, 56, 0x0000000000000000, Not Active, Not Active
2026/09/30 14:29:52.181, 2625, 13365, 270.06, 57, 0x0000000000000000, Not Active, Not Active
2026/09/30 14:29:52.281, 2625, 13365, 270.06, 57, 0x0000000000000000, Not Active, Not Active
2026/09/30 14:29:52.381, 2625, 13365, 270.06, 57, 0x0000000000000000, Not Active, Not Active
2026/09/30 14:29:52.481, 2625, 13365, 270.06, 57, 0x0000000000000000, Not Active, Not Active
2026/09/30 14:29:52.581, 2625, 13365, 270.06, 57, 0x0000000000000000, Not Active, Not Active
2026/09/30 14:29:52.682, 2587, 13365, 239.11, 54, 0x0000000000000000, Not Active, Not Active
2026/09/30 14:29:52.782, 2587, 13365, 239.11, 54, 0x0000000000000000, Not Active, Not Active
2026/09/30 14:29:52.882, 2587, 13365, 239.11, 54, 0x0000000000000000, Not Active, Not Active
2026/09/30 14:29:52.982, 2587, 13365, 239.11, 54, 0x0000000000000000, Not Active, Not Active
2026/09/30 14:29:53.082, 2587, 13365, 239.11, 54, 0x0000000000000000, Not Active, Not Active
2026/09/30 14:29:53.182, 2715, 13365, 169.13, 53, 0x0000000000000000, Not Active, Not Active
2026/09/30 14:29:53.283, 2715, 13365, 169.13, 53, 0x0000000000000000, Not Active, Not Active
2026/09/30 14:29:53.383, 2715, 13365, 169.13, 53, 0x0000000000000000, Not Active, Not Active
2026/09/30 14:29:53.483, 2715, 13365, 169.13, 53, 0x0000000000000000, Not Active, Not Active
2026/09/30 14:29:53.583, 2715, 13365, 169.13, 53, 0x0000000000000000, Not Active, Not Active
2026/09/30 14:29:53.683, 2722, 13365, 131.90, 53, 0x0000000000000000, Not Active, Not Active
2026/09/30 14:29:53.783, 2722, 13365, 131.90, 53, 0x0000000000000000, Not Active, Not Active
2026/09/30 14:29:53.883, 2722, 13365, 131.90, 53, 0x0000000000000000, Not Active, Not Active
2026/09/30 14:29:53.984, 2722, 13365, 131.90, 53, 0x0000000000000000, Not Active, Not Active
2026/09/30 14:29:54.084, 2722, 13365, 131.90, 53, 0x0000000000000000, Not Active, Not Active
2026/09/30 14:29:54.184, 2722, 13365, 133.79, 53, 0x0000000000000000, Not Active, Not Active
2026/09/30 14:29:54.284, 2722, 13365, 133.79, 53, 0x0000000000000000, Not Active, Not Active
2026/09/30 14:29:54.384, 2722, 13365, 133.79, 53, 0x0000000000000000, Not Active, Not Active
2026/09/30 14:29:54.484, 2722, 13365, 133.79, 53, 0x0000000000000000, Not Active, Not Active
2026/09/30 14:29:54.585, 2722, 13365, 133.79, 53, 0x0000000000000000, Not Active, Not Active
2026/09/30 14:29:54.685, 2685, 13365, 128.77, 53, 0x0000000000000000, Not Active, Not Active
2026/09/30 14:29:54.785, 2685, 13365, 128.77, 53, 0x0000000000000000, Not Active, Not Active
2026/09/30 14:29:54.885, 2685, 13365, 128.77, 53, 0x0000000000000000, Not Active, Not Active
2026/09/30 14:29:54.985, 2685, 13365, 128.77, 53, 0x0000000000000000, Not Active, Not Active
2026/09/30 14:29:55.085, 2685, 13365, 128.77, 53, 0x0000000000000000, Not Active, Not Active
2026/09/30 14:29:55.185, 2662, 13365, 128.84, 53, 0x0000000000000000, Not Active, Not Active
2026/09/30 14:29:55.285, 2662, 13365, 128.84, 53, 0x0000000000000000, Not Active, Not Active
2026/09/30 14:29:55.386, 2662, 13365, 128.84, 53, 0x0000000000000000, Not Active, Not Active
2026/09/30 14:29:55.486, 2662, 13365, 128.84, 53, 0x0000000000000000, Not Active, Not Active
2026/09/30 14:29:55.586, 2662, 13365, 128.84, 53, 0x0000000000000000, Not Active, Not Active
2026/09/30 14:29:55.686, 2662, 13365, 130.65, 54, 0x0000000000000000, Not Active, Not Active
2026/09/30 14:29:55.786, 2662, 13365, 130.65, 54, 0x0000000000000000, Not Active, Not Active
2026/09/30 14:29:55.886, 2662, 13365, 130.65, 54, 0x0000000000000000, Not Active, Not Active
2026/09/30 14:29:55.986, 2662, 13365, 130.65, 54, 0x0000000000000000, Not Active, Not Active
2026/09/30 14:29:56.087, 2662, 13365, 130.65, 54, 0x0000000000000000, Not Active, Not Active
2026/09/30 14:29:56.187, 2647, 13365, 128.57, 53, 0x0000000000000000, Not Active, Not Active
2026/09/30 14:29:56.287, 2647, 13365, 128.57, 53, 0x0000000000000000, Not Active, Not Active
2026/09/30 14:29:56.387, 2647, 13365, 128.57, 53, 0x0000000000000000, Not Active, Not Active
2026/09/30 14:29:56.487, 2647, 13365, 128.57, 53, 0x0000000000000000, Not Active, Not Active
2026/09/30 14:29:56.587, 2647, 13365, 128.57, 53, 0x0000000000000000, Not Active, Not Active
2026/09/30 14:29:56.688, 2677, 13365, 127.29, 53, 0x0000000000000000, Not Active, Not Active
2026/09/30 14:29:56.788, 2677, 13365, 127.29, 53, 0x0000000000000000, Not Active, Not Active
2026/09/30 14:29:56.888, 2677, 13365, 127.29, 53, 0x0000000000000000, Not Active, Not Active
2026/09/30 14:29:56.988, 2677, 13365, 127.29, 53, 0x0000000000000000, Not Active, Not Active
2026/09/30 14:29:57.088, 2677, 13365, 127.29, 53, 0x0000000000000000, Not Active, Not Active
2026/09/30 14:29:57.188, 2700, 13365, 129.27, 53, 0x0000000000000000, Not Active, Not Active
2026/09/30 14:29:57.289, 2700, 13365, 129.27, 53, 0x0000000000000000, Not Active, Not Active
2026/09/30 14:29:57.389, 2700, 13365, 129.27, 53, 0x0000000000000000, Not Active, Not Active
2026/09/30 14:29:57.489, 2700, 13365, 129.27, 53, 0x0000000000000000, Not Active, Not Active
2026/09/30 14:29:57.589, 2700, 13365, 129.27, 53, 0x0000000000000000, Not Active, Not Active
2026/09/30 14:29:57.689, 2685, 13365, 132.00, 53, 0x0000000000000000, Not Active, Not Active
2026/09/30 14:29:57.789, 2685, 13365, 132.00, 53, 0x0000000000000000, Not Active, Not Active
2026/09/30 14:29:57.889, 2685, 13365, 132.00, 53, 0x0000000000000000, Not Active, Not Active
2026/09/30 14:29:57.990, 2685, 13365, 132.00, 53, 0x0000000000000000, Not Active, Not Active
2026/09/30 14:29:58.090, 2685, 13365, 132.00, 53, 0x0000000000000000, Not Active, Not Active
2026/09/30 14:29:58.190, 2692, 13365, 134.81, 53, 0x0000000000000000, Not Active, Not Active
2026/09/30 14:29:58.290, 2692, 13365, 134.81, 53, 0x0000000000000000, Not Active, Not Active
2026/09/30 14:29:58.390, 2692, 13365, 134.81, 53, 0x0000000000000000, Not Active, Not Active
2026/09/30 14:29:58.490, 2692, 13365, 134.81, 53, 0x0000000000000000, Not Active, Not Active
2026/09/30 14:29:58.591, 2692, 13365, 134.81, 53, 0x0000000000000000, Not Active, Not Active
2026/09/30 14:29:58.691, 2685, 13365, 137.44, 53, 0x0000000000000000, Not Active, Not Active
2026/09/30 14:29:58.791, 2685, 13365, 137.44, 53, 0x0000000000000000, Not Active, Not Active
2026/09/30 14:29:58.891, 2685, 13365, 137.44, 53, 0x0000000000000000, Not Active, Not Active
2026/09/30 14:29:58.991, 2685, 13365, 137.44, 53, 0x0000000000000000, Not Active, Not Active
2026/09/30 14:29:59.091, 2685, 13365, 137.44, 53, 0x0000000000000000, Not Active, Not Active
2026/09/30 14:29:59.191, 2662, 13365, 131.88, 53, 0x0000000000000000, Not Active, Not Active
2026/09/30 14:29:59.292, 2662, 13365, 131.88, 53, 0x0000000000000000, Not Active, Not Active
2026/09/30 14:29:59.392, 2662, 13365, 131.88, 53, 0x0000000000000000, Not Active, Not Active
2026/09/30 14:29:59.492, 2662, 13365, 131.88, 53, 0x0000000000000000, Not Active, Not Active
2026/09/30 14:29:59.592, 2662, 13365, 131.88, 53, 0x0000000000000000, Not Active, Not Active
2026/09/30 14:29:59.692, 2662, 13365, 127.17, 54, 0x0000000000000000, Not Active, Not Active
2026/09/30 14:29:59.792, 2662, 13365, 127.17, 54, 0x0000000000000000, Not Active, Not Active
2026/09/30 14:29:59.892, 2662, 13365, 127.17, 54, 0x0000000000000000, Not Active, Not Active
2026/09/30 14:29:59.993, 2662, 13365, 127.17, 54, 0x0000000000000000, Not Active, Not Active
2026/09/30 14:30:00.093, 2662, 13365, 127.17, 54, 0x0000000000000000, Not Active, Not Active
2026/09/30 14:30:00.193, 2655, 13365, 128.80, 54, 0x0000000000000000, Not Active, Not Active
2026/09/30 14:30:00.293, 2655, 13365, 128.80, 54, 0x0000000000000000, Not Active, Not Active
2026/09/30 14:30:00.393, 2655, 13365, 128.80, 54, 0x0000000000000000, Not Active, Not Active
2026/09/30 14:30:00.493, 2655, 13365, 128.80, 54, 0x0000000000000000, Not Active, Not Active
2026/09/30 14:30:00.594, 2655, 13365, 128.80, 54, 0x0000000000000000, Not Active, Not Active
2026/09/30 14:30:00.694, 2677, 13365, 130.36, 53, 0x0000000000000000, Not Active, Not Active
2026/09/30 14:30:00.794, 2677, 13365, 130.36, 53, 0x0000000000000000, Not Active, Not Active
2026/09/30 14:30:00.894, 2677, 13365, 130.36, 53, 0x0000000000000000, Not Active, Not Active
2026/09/30 14:30:00.994, 2677, 13365, 130.36, 53, 0x0000000000000000, Not Active, Not Active
2026/09/30 14:30:01.094, 2677, 13365, 130.36, 53, 0x0000000000000000, Not Active, Not Active
2026/09/30 14:30:01.194, 2670, 13365, 129.12, 53, 0x0000000000000000, Not Active, Not Active
2026/09/30 14:30:01.295, 2670, 13365, 129.12, 53, 0x0000000000000000, Not Active, Not Active
2026/09/30 14:30:01.395, 2670, 13365, 129.12, 53, 0x0000000000000000, Not Active, Not Active
2026/09/30 14:30:01.495, 2670, 13365, 129.12, 53, 0x0000000000000000, Not Active, Not Active
2026/09/30 14:30:01.595, 2670, 13365, 129.12, 53, 0x0000000000000000, Not Active, Not Active
2026/09/30 14:30:01.695, 2677, 13365, 133.16, 53, 0x0000000000000000, Not Active, Not Active
2026/09/30 14:30:01.795, 2677, 13365, 133.16, 53, 0x0000000000000000, Not Active, Not Active
2026/09/30 14:30:01.896, 2677, 13365, 133.16, 53, 0x0000000000000000, Not Active, Not Active
2026/09/30 14:30:01.996, 2677, 13365, 133.16, 53, 0x0000000000000000, Not Active, Not Active
2026/09/30 14:30:02.096, 2677, 13365, 133.16, 53, 0x0000000000000000, Not Active, Not Active
2026/09/30 14:30:02.196, 2677, 13365, 135.07, 53, 0x0000000000000000, Not Active, Not Active
2026/09/30 14:30:02.296, 2677, 13365, 135.07, 53, 0x0000000000000000, Not Active, Not Active
2026/09/30 14:30:02.396, 2677, 13365, 135.07, 53, 0x0000000000000000, Not Active, Not Active
2026/09/30 14:30:02.497, 2677, 13365, 135.07, 53, 0x0000000000000000, Not Active, Not Active
2026/09/30 14:30:02.597, 2677, 13365, 135.07, 53, 0x0000000000000000, Not Active, Not Active
2026/09/30 14:30:02.697, 2662, 13365, 127.73, 53, 0x0000000000000000, Not Active, Not Active
2026/09/30 14:30:02.797, 2662, 13365, 127.73, 53, 0x0000000000000000, Not Active, Not Active
2026/09/30 14:30:02.897, 2662, 13365, 127.73, 53, 0x0000000000000000, Not Active, Not Active
2026/09/30 14:30:02.997, 2662, 13365, 127.73, 53, 0x0000000000000000, Not Active, Not Active
2026/09/30 14:30:03.098, 2662, 13365, 127.73, 53, 0x0000000000000000, Not Active, Not Active
2026/09/30 14:30:03.198, 2655, 13365, 130.89, 54, 0x0000000000000000, Not Active, Not Active
2026/09/30 14:30:03.298, 2655, 13365, 130.89, 54, 0x0000000000000000, Not Active, Not Active
2026/09/30 14:30:03.398, 2655, 13365, 130.89, 54, 0x0000000000000000, Not Active, Not Active
2026/09/30 14:30:03.498, 2655, 13365, 130.89, 54, 0x0000000000000000, Not Active, Not Active
2026/09/30 14:30:03.598, 2655, 13365, 130.89, 54, 0x0000000000000000, Not Active, Not Active
2026/09/30 14:30:03.698, 2670, 13365, 132.57, 53, 0x0000000000000000, Not Active, Not Active
2026/09/30 14:30:03.799, 2670, 13365, 132.57, 53, 0x0000000000000000, Not Active, Not Active
2026/09/30 14:30:03.899, 2670, 13365, 132.57, 53, 0x0000000000000000, Not Active, Not Active
2026/09/30 14:30:03.999, 2670, 13365, 132.57, 53, 0x0000000000000000, Not Active, Not Active
2026/09/30 14:30:04.099, 2670, 13365, 132.57, 53, 0x0000000000000000, Not Active, Not Active
2026/09/30 14:30:04.199, 2677, 13365, 135.64, 53, 0x0000000000000000, Not Active, Not Active
2026/09/30 14:30:04.299, 2677, 13365, 135.64, 53, 0x0000000000000000, Not Active, Not Active
2026/09/30 14:30:04.400, 2677, 13365, 135.64, 53, 0x0000000000000000, Not Active, Not Active
2026/09/30 14:30:04.500, 2677, 13365, 135.64, 53, 0x0000000000000000, Not Active, Not Active
2026/09/30 14:30:04.600, 2677, 13365, 135.64, 53, 0x0000000000000000, Not Active, Not Active
2026/09/30 14:30:04.700, 2662, 13365, 139.47, 54, 0x0000000000000000, Not Active, Not Active
2026/09/30 14:30:04.800, 2662, 13365, 139.47, 54, 0x0000000000000000, Not Active, Not Active
2026/09/30 14:30:04.900, 2662, 13365, 139.47, 54, 0x0000000000000000, Not Active, Not Active
2026/09/30 14:30:05.000, 2662, 13365, 139.47, 54, 0x0000000000000000, Not Active, Not Active
2026/09/30 14:30:05.101, 2662, 13365, 139.47, 54, 0x0000000000000000, Not Active, Not Active
2026/09/30 14:30:05.201, 2640, 13365, 147.28, 55, 0x0000000000000000, Not Active, Not Active
2026/09/30 14:30:05.301, 2640, 13365, 147.28, 55, 0x0000000000000000, Not Active, Not Active
2026/09/30 14:30:05.401, 2640, 13365, 147.28, 55, 0x0000000000000000, Not Active, Not Active
2026/09/30 14:30:05.501, 2640, 13365, 147.28, 55, 0x0000000000000000, Not Active, Not Active
2026/09/30 14:30:05.601, 2640, 13365, 147.28, 55, 0x0000000000000000, Not Active, Not Active
2026/09/30 14:30:05.701, 2647, 13365, 149.23, 54, 0x0000000000000000, Not Active, Not Active
2026/09/30 14:30:05.801, 2647, 13365, 149.23, 54, 0x0000000000000000, Not Active, Not Active
2026/09/30 14:30:05.902, 2647, 13365, 149.23, 54, 0x0000000000000000, Not Active, Not Active
2026/09/30 14:30:06.002, 2647, 13365, 149.23, 54, 0x0000000000000000, Not Active, Not Active
2026/09/30 14:30:06.102, 2647, 13365, 149.23, 54, 0x0000000000000000, Not Active, Not Active
2026/09/30 14:30:06.202, 2647, 13365, 144.95, 53, 0x0000000000000000, Not Active, Not Active
2026/09/30 14:30:06.302, 2647, 13365, 144.95, 53, 0x0000000000000000, Not Active, Not Active
2026/09/30 14:30:06.402, 2647, 13365, 144.95, 53, 0x0000000000000000, Not Active, Not Active
2026/09/30 14:30:06.502, 2647, 13365, 144.95, 53, 0x0000000000000000, Not Active, Not Active
2026/09/30 14:30:06.603, 2647, 13365, 144.95, 53, 0x0000000000000000, Not Active, Not Active
2026/09/30 14:30:06.703, 2647, 13365, 151.66, 54, 0x0000000000000000, Not Active, Not Active
2026/09/30 14:30:06.803, 2647, 13365, 151.66, 54, 0x0000000000000000, Not Active, Not Active
2026/09/30 14:30:06.903, 2647, 13365, 151.66, 54, 0x0000000000000000, Not Active, Not Active
2026/09/30 14:30:07.003, 2647, 13365, 151.66, 54, 0x0000000000000000, Not Active, Not Active
2026/09/30 14:30:07.103, 2647, 13365, 151.66, 54, 0x0000000000000000, Not Active, Not Active
2026/09/30 14:30:07.203, 2647, 13365, 155.41, 53, 0x0000000000000000, Not Active, Not Active
2026/09/30 14:30:07.304, 2647, 13365, 155.41, 53, 0x0000000000000000, Not Active, Not Active
2026/09/30 14:30:07.404, 2647, 13365, 155.41, 53, 0x0000000000000000, Not Active, Not Active
2026/09/30 14:30:07.504, 2647, 13365, 155.41, 53, 0x0000000000000000, Not Active, Not Active
2026/09/30 14:30:07.604, 2647, 13365, 155.41, 53, 0x0000000000000000, Not Active, Not Active
2026/09/30 14:30:07.704, 2647, 13365, 160.42, 54, 0x0000000000000000, Not Active, Not Active
2026/09/30 14:30:07.804, 2647, 13365, 160.42, 54, 0x0000000000000000, Not Active, Not Active
2026/09/30 14:30:07.904, 2647, 13365, 160.42, 54, 0x0000000000000000, Not Active, Not Active
2026/09/30 14:30:08.005, 2647, 13365, 160.42, 54, 0x0000000000000000, Not Active, Not Active
2026/09/30 14:30:08.105, 2647, 13365, 160.42, 54, 0x0000000000000000, Not Active, Not Active
2026/09/30 14:30:08.205, 2625, 13365, 143.67, 55, 0x0000000000000000, Not Active, Not Active
2026/09/30 14:30:08.305, 2625, 13365, 143.67, 55, 0x0000000000000000, Not Active, Not Active
2026/09/30 14:30:08.405, 2625, 13365, 143.67, 55, 0x0000000000000000, Not Active, Not Active
2026/09/30 14:30:08.505, 2625, 13365, 143.67, 55, 0x0000000000000000, Not Active, Not Active
2026/09/30 14:30:08.605, 2625, 13365, 143.67, 55, 0x0000000000000000, Not Active, Not Active
2026/09/30 14:30:08.706, 2610, 13365, 155.56, 54, 0x0000000000000000, Not Active, Not Active
2026/09/30 14:30:08.806, 2610, 13365, 155.56, 54, 0x0000000000000000, Not Active, Not Active
2026/09/30 14:30:08.906, 2610, 13365, 155.56, 54, 0x0000000000000000, Not Active, Not Active
2026/09/30 14:30:09.006, 2610, 13365, 155.56, 54, 0x0000000000000000, Not Active, Not Active
2026/09/30 14:30:09.106, 2610, 13365, 155.56, 54, 0x0000000000000000, Not Active, Not Active
2026/09/30 14:30:09.206, 2610, 13365, 187.50, 54, 0x0000000000000000, Not Active, Not Active
2026/09/30 14:30:09.306, 2610, 13365, 187.50, 54, 0x0000000000000000, Not Active, Not Active
2026/09/30 14:30:09.407, 2610, 13365, 187.50, 54, 0x0000000000000000, Not Active, Not Active
2026/09/30 14:30:09.507, 2610, 13365, 187.50, 54, 0x0000000000000000, Not Active, Not Active
2026/09/30 14:30:09.607, 2610, 13365, 187.50, 54, 0x0000000000000000, Not Active, Not Active
2026/09/30 14:30:09.707, 2610, 13365, 177.42, 55, 0x0000000000000000, Not Active, Not Active
2026/09/30 14:30:09.807, 2610, 13365, 177.42, 55, 0x0000000000000000, Not Active, Not Active
2026/09/30 14:30:09.907, 2610, 13365, 177.42, 55, 0x0000000000000000, Not Active, Not Active
2026/09/30 14:30:10.007, 2610, 13365, 177.42, 55, 0x0000000000000000, Not Active, Not Active
2026/09/30 14:30:10.107, 2610, 13365, 177.42, 55, 0x0000000000000000, Not Active, Not Active
2026/09/30 14:30:10.208, 2610, 13365, 160.70, 53, 0x0000000000000000, Not Active, Not Active
2026/09/30 14:30:10.308, 2610, 13365, 160.70, 53, 0x0000000000000000, Not Active, Not Active
2026/09/30 14:30:10.408, 2610, 13365, 160.70, 53, 0x0000000000000000, Not Active, Not Active
2026/09/30 14:30:10.508, 2610, 13365, 160.70, 53, 0x0000000000000000, Not Active, Not Active
2026/09/30 14:30:10.608, 2610, 13365, 160.70, 53, 0x0000000000000000, Not Active, Not Active
2026/09/30 14:30:10.708, 2580, 13365, 170.19, 58, 0x0000000000000000, Not Active, Not Active
2026/09/30 14:30:10.808, 2580, 13365, 170.19, 58, 0x0000000000000000, Not Active, Not Active
2026/09/30 14:30:10.909, 2580, 13365, 170.19, 58, 0x0000000000000000, Not Active, Not Active
2026/09/30 14:30:11.009, 2580, 13365, 170.19, 58, 0x0000000000000000, Not Active, Not Active
2026/09/30 14:30:11.109, 2580, 13365, 170.19, 58, 0x0000000000000000, Not Active, Not Active
2026/09/30 14:30:11.209, 2565, 13365, 206.70, 59, 0x0000000000000000, Not Active, Not Active
2026/09/30 14:30:11.309, 2565, 13365, 206.70, 59, 0x0000000000000000, Not Active, Not Active
2026/09/30 14:30:11.409, 2565, 13365, 206.70, 59, 0x0000000000000000, Not Active, Not Active
2026/09/30 14:30:11.509, 2565, 13365, 206.70, 59, 0x0000000000000000, Not Active, Not Active
2026/09/30 14:30:11.609, 2565, 13365, 206.70, 59, 0x0000000000000000, Not Active, Not Active
2026/09/30 14:30:11.709, 2565, 13365, 221.08, 55, 0x0000000000000000, Not Active, Not Active
2026/09/30 14:30:11.810, 2565, 13365, 221.08, 55, 0x0000000000000000, Not Active, Not Active
2026/09/30 14:30:11.910, 2565, 13365, 221.08, 55, 0x0000000000000000, Not Active, Not Active
2026/09/30 14:30:12.010, 2565, 13365, 221.08, 55, 0x0000000000000000, Not Active, Not Active
2026/09/30 14:30:12.110, 2565, 13365, 221.08, 55, 0x0000000000000000, Not Active, Not Active
2026/09/30 14:30:12.210, 2557, 13365, 241.27, 59, 0x0000000000000000, Not Active, Not Active
2026/09/30 14:30:12.310, 2557, 13365, 241.27, 59, 0x0000000000000000, Not Active, Not Active
2026/09/30 14:30:12.410, 2557, 13365, 241.27, 59, 0x0000000000000000, Not Active, Not Active
2026/09/30 14:30:12.510, 2557, 13365, 241.27, 59, 0x0000000000000000, Not Active, Not Active
2026/09/30 14:30:12.611, 2557, 13365, 241.27, 59, 0x0000000000000000, Not Active, Not Active
2026/09/30 14:30:12.711, 2610, 13365, 181.15, 53, 0x0000000000000000, Not Active, Not Active
2026/09/30 14:30:12.811, 2610, 13365, 181.15, 53, 0x0000000000000000, Not Active, Not Active
2026/09/30 14:30:12.911, 2610, 13365, 181.15, 53, 0x0000000000000000, Not Active, Not Active
2026/09/30 14:30:13.011, 2610, 13365, 181.15, 53, 0x0000000000000000, Not Active, Not Active
2026/09/30 14:30:13.111, 2610, 13365, 181.15, 53, 0x0000000000000000, Not Active, Not Active
2026/09/30 14:30:13.211, 2610, 13365, 146.93, 58, 0x0000000000000000, Not Active, Not Active
2026/09/30 14:30:13.311, 2610, 13365, 146.93, 58, 0x0000000000000000, Not Active, Not Active
2026/09/30 14:30:13.412, 2610, 13365, 146.93, 58, 0x0000000000000000, Not Active, Not Active
2026/09/30 14:30:13.512, 2610, 13365, 146.93, 58, 0x0000000000000000, Not Active, Not Active
2026/09/30 14:30:13.612, 2610, 13365, 146.93, 58, 0x0000000000000000, Not Active, Not Active
2026/09/30 14:30:13.712, 2572, 13365, 257.84, 59, 0x0000000000000000, Not Active, Not Active
2026/09/30 14:30:13.812, 2572, 13365, 257.84, 59, 0x0000000000000000, Not Active, Not Active
2026/09/30 14:30:13.912, 2572, 13365, 257.84, 59, 0x0000000000000000, Not Active, Not Active
2026/09/30 14:30:14.012, 2572, 13365, 257.84, 59, 0x0000000000000000, Not Active, Not Active
2026/09/30 14:30:14.113, 2572, 13365, 257.84, 59, 0x0000000000000000, Not Active, Not Active
2026/09/30 14:30:14.213, 2595, 13365, 311.41, 61, 0x0000000000000004, Active, Not Active
2026/09/30 14:30:14.313, 2595, 13365, 311.41, 61, 0x0000000000000004, Active, Not Active
2026/09/30 14:30:14.413, 2595, 13365, 311.41, 61, 0x0000000000000004, Active, Not Active
2026/09/30 14:30:14.513, 2595, 13365, 311.41, 61, 0x0000000000000004, Active, Not Active
2026/09/30 14:30:14.613, 2595, 13365, 311.41, 61, 0x0000000000000004, Active, Not Active
2026/09/30 14:30:14.713, 2587, 13365, 293.83, 60, 0x0000000000000000, Not Active, Not Active
2026/09/30 14:30:14.814, 2587, 13365, 293.83, 60, 0x0000000000000000, Not Active, Not Active
2026/09/30 14:30:14.914, 2587, 13365, 293.83, 60, 0x0000000000000000, Not Active, Not Active
2026/09/30 14:30:15.014, 2587, 13365, 293.83, 60, 0x0000000000000000, Not Active, Not Active
2026/09/30 14:30:15.114, 2587, 13365, 293.83, 60, 0x0000000000000000, Not Active, Not Active
2026/09/30 14:30:15.214, 2542, 13365, 314.18, 61, 0x0000000000000004, Active, Not Active
2026/09/30 14:30:15.314, 2542, 13365, 314.18, 61, 0x0000000000000004, Active, Not Active
2026/09/30 14:30:15.414, 2542, 13365, 314.18, 61, 0x0000000000000004, Active, Not Active
2026/09/30 14:30:15.515, 2542, 13365, 314.18, 61, 0x0000000000000004, Active, Not Active
2026/09/30 14:30:15.615, 2542, 13365, 314.18, 61, 0x0000000000000004, Active, Not Active
2026/09/30 14:30:15.715, 2827, 13365, 242.95, 56, 0x0000000000000000, Not Active, Not Active
2026/09/30 14:30:15.815, 2827, 13365, 242.95, 56, 0x0000000000000000, Not Active, Not Active
2026/09/30 14:30:15.915, 2827, 13365, 242.95, 56, 0x0000000000000000, Not Active, Not Active
2026/09/30 14:30:16.015, 2827, 13365, 242.95, 56, 0x0000000000000000, Not Active, Not Active
2026/09/30 14:30:16.115, 2827, 13365, 242.95, 56, 0x0000000000000000, Not Active, Not Active
2026/09/30 14:30:16.216, 2827, 13365, 159.34, 55, 0x0000000000000000, Not Active, Not Active
2026/09/30 14:30:16.316, 2827, 13365, 159.34, 55, 0x0000000000000000, Not Active, Not Active
2026/09/30 14:30:16.416, 2827, 13365, 159.34, 55, 0x0000000000000000, Not Active, Not Active
2026/09/30 14:30:16.516, 2827, 13365, 159.34, 55, 0x0000000000000000, Not Active, Not Active
2026/09/30 14:30:16.616, 2827, 13365, 159.34, 55, 0x0000000000000000, Not Active, Not Active
2026/09/30 14:30:16.716, 2827, 13365, 143.27, 55, 0x0000000000000000, Not Active, Not Active
2026/09/30 14:30:16.816, 2827, 13365, 143.27, 55, 0x0000000000000000, Not Active, Not Active
2026/09/30 14:30:16.917, 2827, 13365, 143.27, 55, 0x0000000000000000, Not Active, Not Active
2026/09/30 14:30:17.017, 2827, 13365, 143.27, 55, 0x0000000000000000, Not Active, Not Active
2026/09/30 14:30:17.117, 2827, 13365, 143.27, 55, 0x0000000000000000, Not Active, Not Active
2026/09/30 14:30:17.217, 2820, 13365, 140.43, 55, 0x0000000000000000, Not Active, Not Active
2026/09/30 14:30:17.317, 2820, 13365, 140.43, 55, 0x0000000000000000, Not Active, Not Active
2026/09/30 14:30:17.417, 2820, 13365, 140.43, 55, 0x0000000000000000, Not Active, Not Active
2026/09/30 14:30:17.517, 2820, 13365, 140.43, 55, 0x0000000000000000, Not Active, Not Active
2026/09/30 14:30:17.618, 2820, 13365, 140.43, 55, 0x0000000000000000, Not Active, Not Active
2026/09/30 14:30:17.718, 2662, 13365, 135.26, 55, 0x0000000000000000, Not Active, Not Active
2026/09/30 14:30:17.818, 2662, 13365, 135.26, 55, 0x0000000000000000, Not Active, Not Active
2026/09/30 14:30:17.918, 2662, 13365, 135.26, 55, 0x0000000000000000, Not Active, Not Active
2026/09/30 14:30:18.018, 2662, 13365, 135.26, 55, 0x0000000000000000, Not Active, Not Active
2026/09/30 14:30:18.118, 2662, 13365, 135.26, 55, 0x0000000000000000, Not Active, Not Active
2026/09/30 14:30:18.218, 2692, 13365, 135.46, 55, 0x0000000000000000, Not Active, Not Active
2026/09/30 14:30:18.319, 2692, 13365, 135.46, 55, 0x0000000000000000, Not Active, Not Active
2026/09/30 14:30:18.419, 2692, 13365, 135.46, 55, 0x0000000000000000, Not Active, Not Active
2026/09/30 14:30:18.519, 2692, 13365, 135.46, 55, 0x0000000000000000, Not Active, Not Active
2026/09/30 14:30:18.619, 2692, 13365, 135.46, 55, 0x0000000000000000, Not Active, Not Active
2026/09/30 14:30:18.719, 2677, 13365, 132.56, 55, 0x0000000000000000, Not Active, Not Active
2026/09/30 14:30:18.819, 2677, 13365, 132.56, 55, 0x0000000000000000, Not Active, Not Active
2026/09/30 14:30:18.919, 2677, 13365, 132.56, 55, 0x0000000000000000, Not Active, Not Active
2026/09/30 14:30:19.020, 2677, 13365, 132.56, 55, 0x0000000000000000, Not Active, Not Active
2026/09/30 14:30:19.120, 2677, 13365, 132.56, 55, 0x0000000000000000, Not Active, Not Active
2026/09/30 14:30:19.220, 2692, 13365, 132.86, 55, 0x0000000000000000, Not Active, Not Active
2026/09/30 14:30:19.320, 2692, 13365, 132.86, 55, 0x0000000000000000, Not Active, Not Active
2026/09/30 14:30:19.420, 2692, 13365, 132.86, 55, 0x0000000000000000, Not Active, Not Active
2026/09/30 14:30:19.520, 2692, 13365, 132.86, 55, 0x0000000000000000, Not Active, Not Active
2026/09/30 14:30:19.621, 2692, 13365, 132.86, 55, 0x0000000000000000, Not Active, Not Active
2026/09/30 14:30:19.721, 2692, 13365, 133.16, 54, 0x0000000000000000, Not Active, Not Active
2026/09/30 14:30:19.821, 2692, 13365, 133.16, 54, 0x0000000000000000, Not Active, Not Active
2026/09/30 14:30:19.921, 2692, 13365, 133.16, 54, 0x0000000000000000, Not Active, Not Active
2026/09/30 14:30:20.021, 2692, 13365, 133.16, 54, 0x0000000000000000, Not Active, Not Active
2026/09/30 14:30:20.121, 2692, 13365, 133.16, 54, 0x0000000000000000, Not Active, Not Active
2026/09/30 14:30:20.221, 2677, 13365, 133.58, 55, 0x0000000000000000, Not Active, Not Active
2026/09/30 14:30:20.322, 2677, 13365, 133.58, 55, 0x0000000000000000, Not Active, Not Active
2026/09/30 14:30:20.422, 2677, 13365, 133.58, 55, 0x0000000000000000, Not Active, Not Active
2026/09/30 14:30:20.522, 2677, 13365, 133.58, 55, 0x0000000000000000, Not Active, Not Active
2026/09/30 14:30:20.622, 2677, 13365, 133.58, 55, 0x0000000000000000, Not Active, Not Active
2026/09/30 14:30:20.722, 2677, 13365, 133.96, 55, 0x0000000000000000, Not Active, Not Active
2026/09/30 14:30:20.822, 2677, 13365, 133.96, 55, 0x0000000000000000, Not Active, Not Active
2026/09/30 14:30:20.922, 2677, 13365, 133.96, 55, 0x0000000000000000, Not Active, Not Active
2026/09/30 14:30:21.023, 2677, 13365, 133.96, 55, 0x0000000000000000, Not Active, Not Active
2026/09/30 14:30:21.123, 2677, 13365, 133.96, 55, 0x0000000000000000, Not Active, Not Active
2026/09/30 14:30:21.223, 2677, 13365, 134.30, 55, 0x0000000000000000, Not Active, Not Active
2026/09/30 14:30:21.323, 2677, 13365, 134.30, 55, 0x0000000000000000, Not Active, Not Active
2026/09/30 14:30:21.423, 2677, 13365, 134.30, 55, 0x0000000000000000, Not Active, Not Active
2026/09/30 14:30:21.523, 2677, 13365, 134.30, 55, 0x0000000000000000, Not Active, Not Active
2026/09/30 14:30:21.623, 2677, 13365, 134.30, 55, 0x0000000000000000, Not Active, Not Active
2026/09/30 14:30:21.724, 2662, 13365, 131.71, 54, 0x0000000000000000, Not Active, Not Active
2026/09/30 14:30:21.824, 2662, 13365, 131.71, 54, 0x0000000000000000, Not Active, Not Active
2026/09/30 14:30:21.924, 2662, 13365, 131.71, 54, 0x0000000000000000, Not Active, Not Active
2026/09/30 14:30:22.024, 2662, 13365, 131.71, 54, 0x0000000000000000, Not Active, Not Active
2026/09/30 14:30:22.124, 2662, 13365, 131.71, 54, 0x0000000000000000, Not Active, Not Active
2026/09/30 14:30:22.224, 2655, 13365, 132.30, 54, 0x0000000000000000, Not Active, Not Active
2026/09/30 14:30:22.324, 2655, 13365, 132.30, 54, 0x0000000000000000, Not Active, Not Active
2026/09/30 14:30:22.425, 2655, 13365, 132.30, 54, 0x0000000000000000, Not Active, Not Active
2026/09/30 14:30:22.525, 2655, 13365, 132.30, 54, 0x0000000000000000, Not Active, Not Active
2026/09/30 14:30:22.625, 2655, 13365, 132.30, 54, 0x0000000000000000, Not Active, Not Active
2026/09/30 14:30:22.725, 2655, 13365, 136.36, 55, 0x0000000000000000, Not Active, Not Active
2026/09/30 14:30:22.825, 2655, 13365, 136.36, 55, 0x0000000000000000, Not Active, Not Active
2026/09/30 14:30:22.925, 2655, 13365, 136.36, 55, 0x0000000000000000, Not Active, Not Active
2026/09/30 14:30:23.025, 2655, 13365, 136.36, 55, 0x0000000000000000, Not Active, Not Active
2026/09/30 14:30:23.126, 2655, 13365, 136.36, 55, 0x0000000000000000, Not Active, Not Active
2026/09/30 14:30:23.226, 2662, 13365, 132.37, 55, 0x0000000000000000, Not Active, Not Active
2026/09/30 14:30:23.326, 2662, 13365, 132.37, 55, 0x0000000000000000, Not Active, Not Active
2026/09/30 14:30:23.426, 2662, 13365, 132.37, 55, 0x0000000000000000, Not Active, Not Active
2026/09/30 14:30:23.526, 2662, 13365, 132.37, 55, 0x0000000000000000, Not Active, Not Active
2026/09/30 14:30:23.626, 2662, 13365, 132.37, 55, 0x0000000000000000, Not Active, Not Active
2026/09/30 14:30:23.726, 2677, 13365, 132.93, 54, 0x0000000000000000, Not Active, Not Active
2026/09/30 14:30:23.827, 2677, 13365, 132.93, 54, 0x0000000000000000, Not Active, Not Active
2026/09/30 14:30:23.927, 2677, 13365, 132.93, 54, 0x0000000000000000, Not Active, Not Active
2026/09/30 14:30:24.027, 2677, 13365, 132.93, 54, 0x0000000000000000, Not Active, Not Active
2026/09/30 14:30:24.127, 2677, 13365, 132.93, 54, 0x0000000000000000, Not Active, Not Active
2026/09/30 14:30:24.227, 2685, 13365, 134.77, 55, 0x0000000000000000, Not Active, Not Active
2026/09/30 14:30:24.327, 2685, 13365, 134.77, 55, 0x0000000000000000, Not Active, Not Active
2026/09/30 14:30:24.427, 2685, 13365, 134.77, 55, 0x0000000000000000, Not Active, Not Active
2026/09/30 14:30:24.528, 2685, 13365, 134.77, 55, 0x0000000000000000, Not Active, Not Active
2026/09/30 14:30:24.628, 2685, 13365, 134.77, 55, 0x0000000000000000, Not Active, Not Active
2026/09/30 14:30:24.728, 2692, 13365, 136.52, 54, 0x0000000000000000, Not Active, Not Active
2026/09/30 14:30:24.828, 2692, 13365, 136.52, 54, 0x0000000000000000, Not Active, Not Active
2026/09/30 14:30:24.928, 2692, 13365, 136.52, 54, 0x0000000000000000, Not Active, Not Active
2026/09/30 14:30:25.028, 2692, 13365, 136.52, 54, 0x0000000000000000, Not Active, Not Active
2026/09/30 14:30:25.128, 2692, 13365, 136.52, 54, 0x0000000000000000, Not Active, Not Active
2026/09/30 14:30:25.229, 2685, 13365, 137.19, 54, 0x0000000000000000, Not Active, Not Active
2026/09/30 14:30:25.329, 2685, 13365, 137.19, 54, 0x0000000000000000, Not Active, Not Active
2026/09/30 14:30:25.429, 2685, 13365, 137.19, 54, 0x0000000000000000, Not Active, Not Active
2026/09/30 14:30:25.529, 2685, 13365, 137.19, 54, 0x0000000000000000, Not Active, Not Active
2026/09/30 14:30:25.629, 2685, 13365, 137.19, 54, 0x0000000000000000, Not Active, Not Active
2026/09/30 14:30:25.729, 2692, 13365, 141.11, 54, 0x0000000000000000, Not Active, Not Active
2026/09/30 14:30:25.829, 2692, 13365, 141.11, 54, 0x0000000000000000, Not Active, Not Active
2026/09/30 14:30:25.930, 2692, 13365, 141.11, 54, 0x0000000000000000, Not Active, Not Active
2026/09/30 14:30:26.030, 2692, 13365, 141.11, 54, 0x0000000000000000, Not Active, Not Active
2026/09/30 14:30:26.130, 2692, 13365, 141.11, 54, 0x0000000000000000, Not Active, Not Active
2026/09/30 14:30:26.230, 2685, 13365, 139.21, 55, 0x0000000000000000, Not Active, Not Active
2026/09/30 14:30:26.330, 2685, 13365, 139.21, 55, 0x0000000000000000, Not Active, Not Active
2026/09/30 14:30:26.430, 2685, 13365, 139.21, 55, 0x0000000000000000, Not Active, Not Active
2026/09/30 14:30:26.531, 2685, 13365, 139.21, 55, 0x0000000000000000, Not Active, Not Active
2026/09/30 14:30:26.631, 2685, 13365, 139.21, 55, 0x0000000000000000, Not Active, Not Active
2026/09/30 14:30:26.731, 2655, 13365, 137.41, 54, 0x0000000000000000, Not Active, Not Active
2026/09/30 14:30:26.831, 2655, 13365, 137.41, 54, 0x0000000000000000, Not Active, Not Active
2026/09/30 14:30:26.931, 2655, 13365, 137.41, 54, 0x0000000000000000, Not Active, Not Active
2026/09/30 14:30:27.031, 2655, 13365, 137.41, 54, 0x0000000000000000, Not Active, Not Active
2026/09/30 14:30:27.131, 2655, 13365, 137.41, 54, 0x0000000000000000, Not Active, Not Active
2026/09/30 14:30:27.232, 2647, 13365, 141.21, 56, 0x0000000000000000, Not Active, Not Active
2026/09/30 14:30:27.332, 2647, 13365, 141.21, 56, 0x0000000000000000, Not Active, Not Active
2026/09/30 14:30:27.432, 2647, 13365, 141.21, 56, 0x0000000000000000, Not Active, Not Active
2026/09/30 14:30:27.532, 2647, 13365, 141.21, 56, 0x0000000000000000, Not Active, Not Active
2026/09/30 14:30:27.632, 2647, 13365, 141.21, 56, 0x0000000000000000, Not Active, Not Active
2026/09/30 14:30:27.732, 2655, 13365, 146.59, 55, 0x0000000000000000, Not Active, Not Active
2026/09/30 14:30:27.832, 2655, 13365, 146.59, 55, 0x0000000000000000, Not Active, Not Active
2026/09/30 14:30:27.932, 2655, 13365, 146.59, 55, 0x0000000000000000, Not Active, Not Active
2026/09/30 14:30:28.033, 2655, 13365, 146.59, 55, 0x0000000000000000, Not Active, Not Active
2026/09/30 14:30:28.133, 2655, 13365, 146.59, 55, 0x0000000000000000, Not Active, Not Active
2026/09/30 14:30:28.233, 2655, 13365, 138.17, 55, 0x0000000000000000, Not Active, Not Active
2026/09/30 14:30:28.333, 2655, 13365, 138.17, 55, 0x0000000000000000, Not Active, Not Active
2026/09/30 14:30:28.433, 2655, 13365, 138.17, 55, 0x0000000000000000, Not Active, Not Active
2026/09/30 14:30:28.533, 2655, 13365, 138.17, 55, 0x0000000000000000, Not Active, Not Active
2026/09/30 14:30:28.633, 2655, 13365, 138.17, 55, 0x0000000000000000, Not Active, Not Active
2026/09/30 14:30:28.734, 2655, 13365, 145.94, 55, 0x0000000000000000, Not Active, Not Active
2026/09/30 14:30:28.834, 2655, 13365, 145.94, 55, 0x0000000000000000, Not Active, Not Active
2026/09/30 14:30:28.934, 2655, 13365, 145.94, 55, 0x0000000000000000, Not Active, Not Active
2026/09/30 14:30:29.034, 2655, 13365, 145.94, 55, 0x0000000000000000, Not Active, Not Active
2026/09/30 14:30:29.134, 2655, 13365, 145.94, 55, 0x0000000000000000, Not Active, Not Active
2026/09/30 14:30:29.234, 2655, 13365, 154.41, 56, 0x0000000000000000, Not Active, Not Active
2026/09/30 14:30:29.334, 2655, 13365, 154.41, 56, 0x0000000000000000, Not Active, Not Active
2026/09/30 14:30:29.435, 2655, 13365, 154.41, 56, 0x0000000000000000, Not Active, Not Active
2026/09/30 14:30:29.535, 2655, 13365, 154.41, 56, 0x0000000000000000, Not Active, Not Active
2026/09/30 14:30:29.635, 2655, 13365, 154.41, 56, 0x0000000000000000, Not Active, Not Active
2026/09/30 14:30:29.735, 2632, 13365, 151.30, 55, 0x0000000000000000, Not Active, Not Active
2026/09/30 14:30:29.835, 2632, 13365, 151.30, 55, 0x0000000000000000, Not Active, Not Active
2026/09/30 14:30:29.935, 2632, 13365, 151.30, 55, 0x0000000000000000, Not Active, Not Active
2026/09/30 14:30:30.036, 2632, 13365, 151.30, 55, 0x0000000000000000, Not Active, Not Active
2026/09/30 14:30:30.136, 2632, 13365, 151.30, 55, 0x0000000000000000, Not Active, Not Active
2026/09/30 14:30:30.236, 2617, 13365, 141.62, 55, 0x0000000000000000, Not Active, Not Active
2026/09/30 14:30:30.336, 2617, 13365, 141.62, 55, 0x0000000000000000, Not Active, Not Active
2026/09/30 14:30:30.436, 2617, 13365, 141.62, 55, 0x0000000000000000, Not Active, Not Active
2026/09/30 14:30:30.537, 2617, 13365, 141.62, 55, 0x0000000000000000, Not Active, Not Active
2026/09/30 14:30:30.637, 2617, 13365, 141.62, 55, 0x0000000000000000, Not Active, Not Active
2026/09/30 14:30:30.737, 2647, 13365, 157.35, 55, 0x0000000000000000, Not Active, Not Active
2026/09/30 14:30:30.837, 2647, 13365, 157.35, 55, 0x0000000000000000, Not Active, Not Active
2026/09/30 14:30:30.937, 2647, 13365, 157.35, 55, 0x0000000000000000, Not Active, Not Active
2026/09/30 14:30:31.037, 2647, 13365, 157.35, 55, 0x0000000000000000, Not Active, Not Active
2026/09/30 14:30:31.137, 2647, 13365, 157.35, 55, 0x0000000000000000, Not Active, Not Active
2026/09/30 14:30:31.237, 2647, 13365, 180.63, 58, 0x0000000000000000, Not Active, Not Active
2026/09/30 14:30:31.338, 2647, 13365, 180.63, 58, 0x0000000000000000, Not Active, Not Active
2026/09/30 14:30:31.438, 2647, 13365, 180.63, 58, 0x0000000000000000, Not Active, Not Active
2026/09/30 14:30:31.538, 2647, 13365, 180.63, 58, 0x0000000000000000, Not Active, Not Active
2026/09/30 14:30:31.638, 2647, 13365, 180.63, 58, 0x0000000000000000, Not Active, Not Active
2026/09/30 14:30:31.738, 2640, 13365, 171.72, 55, 0x0000000000000000, Not Active, Not Active
2026/09/30 14:30:31.838, 2640, 13365, 171.72, 55, 0x0000000000000000, Not Active, Not Active
2026/09/30 14:30:31.938, 2640, 13365, 171.72, 55, 0x0000000000000000, Not Active, Not Active
2026/09/30 14:30:32.038, 2640, 13365, 171.72, 55, 0x0000000000000000, Not Active, Not Active
2026/09/30 14:30:32.139, 2640, 13365, 171.72, 55, 0x0000000000000000, Not Active, Not Active
2026/09/30 14:30:32.239, 2602, 13365, 143.64, 55, 0x0000000000000000, Not Active, Not Active
2026/09/30 14:30:32.339, 2602, 13365, 143.64, 55, 0x0000000000000000, Not Active, Not Active
2026/09/30 14:30:32.439, 2602, 13365, 143.64, 55, 0x0000000000000000, Not Active, Not Active
2026/09/30 14:30:32.539, 2602, 13365, 143.64, 55, 0x0000000000000000, Not Active, Not Active
2026/09/30 14:30:32.639, 2602, 13365, 143.64, 55, 0x0000000000000000, Not Active, Not Active
2026/09/30 14:30:32.739, 2602, 13365, 174.89, 59, 0x0000000000000000, Not Active, Not Active
2026/09/30 14:30:32.840, 2602, 13365, 174.89, 59, 0x0000000000000000, Not Active, Not Active
2026/09/30 14:30:32.940, 2602, 13365, 174.89, 59, 0x0000000000000000, Not Active, Not Active
2026/09/30 14:30:33.040, 2602, 13365, 174.89, 59, 0x0000000000000000, Not Active, Not Active
2026/09/30 14:30:33.140, 2602, 13365, 174.89, 59, 0x0000000000000000, Not Active, Not Active
2026/09/30 14:30:33.240, 2602, 13365, 211.34, 56, 0x0000000000000000, Not Active, Not Active
2026/09/30 14:30:33.340, 2602, 13365, 211.34, 56, 0x0000000000000000, Not Active, Not Active
2026/09/30 14:30:33.440, 2602, 13365, 211.34, 56, 0x0000000000000000, Not Active, Not Active
2026/09/30 14:30:33.541, 2602, 13365, 211.34, 56, 0x0000000000000000, Not Active, Not Active
2026/09/30 14:30:33.641, 2602, 13365, 211.34, 56, 0x0000000000000000, Not Active, Not Active
2026/09/30 14:30:33.741, 2602, 13365, 193.75, 57, 0x0000000000000000, Not Active, Not Active
2026/09/30 14:30:33.841, 2602, 13365, 193.75, 57, 0x0000000000000000, Not Active, Not Active
2026/09/30 14:30:33.941, 2602, 13365, 193.75, 57, 0x0000000000000000, Not Active, Not Active
2026/09/30 14:30:34.041, 2602, 13365, 193.75, 57, 0x0000000000000000, Not Active, Not Active
2026/09/30 14:30:34.141, 2602, 13365, 193.75, 57, 0x0000000000000000, Not Active, Not Active
2026/09/30 14:30:34.241, 2610, 13365, 162.61, 54, 0x0000000000000000, Not Active, Not Active
2026/09/30 14:30:34.341, 2610, 13365, 162.61, 54, 0x0000000000000000, Not Active, Not Active
2026/09/30 14:30:34.442, 2610, 13365, 162.61, 54, 0x0000000000000000, Not Active, Not Active
2026/09/30 14:30:34.542, 2610, 13365, 162.61, 54, 0x0000000000000000, Not Active, Not Active
2026/09/30 14:30:34.642, 2610, 13365, 162.61, 54, 0x0000000000000000, Not Active, Not Active
2026/09/30 14:30:34.742, 2580, 13365, 158.63, 56, 0x0000000000000000, Not Active, Not Active
2026/09/30 14:30:34.842, 2580, 13365, 158.63, 56, 0x0000000000000000, Not Active, Not Active
2026/09/30 14:30:34.942, 2580, 13365, 158.63, 56, 0x0000000000000000, Not Active, Not Active
2026/09/30 14:30:35.042, 2580, 13365, 158.63, 56, 0x0000000000000000, Not Active, Not Active
2026/09/30 14:30:35.142, 2580, 13365, 158.63, 56, 0x0000000000000000, Not Active, Not Active
2026/09/30 14:30:35.242, 2527, 13365, 221.57, 59, 0x0000000000000000, Not Active, Not Active
2026/09/30 14:30:35.343, 2527, 13365, 221.57, 59, 0x0000000000000000, Not Active, Not Active
2026/09/30 14:30:35.443, 2527, 13365, 221.57, 59, 0x0000000000000000, Not Active, Not Active
2026/09/30 14:30:35.543, 2527, 13365, 221.57, 59, 0x0000000000000000, Not Active, Not Active
2026/09/30 14:30:35.643, 2527, 13365, 221.57, 59, 0x0000000000000000, Not Active, Not Active
2026/09/30 14:30:35.743, 2700, 13365, 250.14, 58, 0x0000000000000000, Not Active, Not Active
2026/09/30 14:30:35.843, 2700, 13365, 250.14, 58, 0x0000000000000000, Not Active, Not Active
2026/09/30 14:30:35.943, 2700, 13365, 250.14, 58, 0x0000000000000000, Not Active, Not Active
2026/09/30 14:30:36.044, 2700, 13365, 250.14, 58, 0x0000000000000000, Not Active, Not Active
2026/09/30 14:30:36.144, 2700, 13365, 250.14, 58, 0x0000000000000000, Not Active, Not Active
2026/09/30 14:30:36.244, 2632, 13365, 255.05, 57, 0x0000000000000000, Not Active, Not Active
2026/09/30 14:30:36.344, 2632, 13365, 255.05, 57, 0x0000000000000000, Not Active, Not Active
2026/09/30 14:30:36.444, 2632, 13365, 255.05, 57, 0x0000000000000000, Not Active, Not Active
2026/09/30 14:30:36.544, 2632, 13365, 255.05, 57, 0x0000000000000000, Not Active, Not Active
2026/09/30 14:30:36.644, 2632, 13365, 255.05, 57, 0x0000000000000000, Not Active, Not Active
2026/09/30 14:30:36.744, 2655, 13365, 238.21, 56, 0x0000000000000000, Not Active, Not Active
2026/09/30 14:30:36.845, 2655, 13365, 238.21, 56, 0x0000000000000000, Not Active, Not Active
2026/09/30 14:30:36.945, 2655, 13365, 238.21, 56, 0x0000000000000000, Not Active, Not Active
2026/09/30 14:30:37.045, 2655, 13365, 238.21, 56, 0x0000000000000000, Not Active, Not Active
2026/09/30 14:30:37.145, 2655, 13365, 238.21, 56, 0x0000000000000000, Not Active, Not Active
2026/09/30 14:30:37.245, 2827, 13365, 157.46, 55, 0x0000000000000000, Not Active, Not Active
2026/09/30 14:30:37.345, 2827, 13365, 157.46, 55, 0x0000000000000000, Not Active, Not Active
2026/09/30 14:30:37.445, 2827, 13365, 157.46, 55, 0x0000000000000000, Not Active, Not Active
2026/09/30 14:30:37.546, 2827, 13365, 157.46, 55, 0x0000000000000000, Not Active, Not Active
2026/09/30 14:30:37.646, 2827, 13365, 157.46, 55, 0x0000000000000000, Not Active, Not Active
2026/09/30 14:30:37.746, 2827, 13365, 110.10, 55, 0x0000000000000000, Not Active, Not Active
2026/09/30 14:30:37.846, 2827, 13365, 110.10, 55, 0x0000000000000000, Not Active, Not Active
2026/09/30 14:30:37.946, 2827, 13365, 110.10, 55, 0x0000000000000000, Not Active, Not Active
2026/09/30 14:30:38.046, 2827, 13365, 110.10, 55, 0x0000000000000000, Not Active, Not Active
2026/09/30 14:30:38.146, 2827, 13365, 110.10, 55, 0x0000000000000000, Not Active, Not Active
2026/09/30 14:30:38.246, 2812, 13365, 120.73, 56, 0x0000000000000000, Not Active, Not Active
2026/09/30 14:30:38.347, 2812, 13365, 120.73, 56, 0x0000000000000000, Not Active, Not Active
2026/09/30 14:30:38.447, 2812, 13365, 120.73, 56, 0x0000000000000000, Not Active, Not Active
2026/09/30 14:30:38.547, 2812, 13365, 120.73, 56, 0x0000000000000000, Not Active, Not Active
2026/09/30 14:30:38.647, 2812, 13365, 120.73, 56, 0x0000000000000000, Not Active, Not Active
2026/09/30 14:30:38.747, 2692, 13365, 135.04, 56, 0x0000000000000000, Not Active, Not Active
2026/09/30 14:30:38.847, 2692, 13365, 135.04, 56, 0x0000000000000000, Not Active, Not Active
2026/09/30 14:30:38.947, 2692, 13365, 135.04, 56, 0x0000000000000000, Not Active, Not Active
2026/09/30 14:30:39.048, 2692, 13365, 135.04, 56, 0x0000000000000000, Not Active, Not Active
2026/09/30 14:30:39.148, 2692, 13365, 135.04, 56, 0x0000000000000000, Not Active, Not Active
2026/09/30 14:30:39.248, 2662, 13365, 130.61, 55, 0x0000000000000000, Not Active, Not Active
2026/09/30 14:30:39.348, 2662, 13365, 130.61, 55, 0x0000000000000000, Not Active, Not Active
2026/09/30 14:30:39.448, 2662, 13365, 130.61, 55, 0x0000000000000000, Not Active, Not Active
2026/09/30 14:30:39.548, 2662, 13365, 130.61, 55, 0x0000000000000000, Not Active, Not Active
2026/09/30 14:30:39.648, 2662, 13365, 130.61, 55, 0x0000000000000000, Not Active, Not Active
2026/09/30 14:30:39.748, 2662, 13365, 123.64, 55, 0x0000000000000000, Not Active, Not Active
2026/09/30 14:30:39.849, 2662, 13365, 123.64, 55, 0x0000000000000000, Not Active, Not Active
2026/09/30 14:30:39.949, 2662, 13365, 123.64, 55, 0x0000000000000000, Not Active, Not Active
2026/09/30 14:30:40.049, 2662, 13365, 123.64, 55, 0x0000000000000000, Not Active, Not Active
2026/09/30 14:30:40.149, 2662, 13365, 123.64, 55, 0x0000000000000000, Not Active, Not Active
2026/09/30 14:30:40.249, 2685, 13365, 127.43, 55, 0x0000000000000000, Not Active, Not Active
2026/09/30 14:30:40.349, 2685, 13365, 127.43, 55, 0x0000000000000000, Not Active, Not Active
2026/09/30 14:30:40.449, 2685, 13365, 127.43, 55, 0x0000000000000000, Not Active, Not Active
2026/09/30 14:30:40.549, 2685, 13365, 127.43, 55, 0x0000000000000000, Not Active, Not Active
2026/09/30 14:30:40.650, 2685, 13365, 127.43, 55, 0x0000000000000000, Not Active, Not Active
2026/09/30 14:30:40.750, 2677, 13365, 129.84, 55, 0x0000000000000000, Not Active, Not Active
2026/09/30 14:30:40.850, 2677, 13365, 129.84, 55, 0x0000000000000000, Not Active, Not Active
2026/09/30 14:30:40.950, 2677, 13365, 129.84, 55, 0x0000000000000000, Not Active, Not Active
2026/09/30 14:30:41.050, 2677, 13365, 129.84, 55, 0x0000000000000000, Not Active, Not Active
2026/09/30 14:30:41.150, 2677, 13365, 129.84, 55, 0x0000000000000000, Not Active, Not Active
2026/09/30 14:30:41.250, 2655, 13365, 122.85, 55, 0x0000000000000000, Not Active, Not Active
2026/09/30 14:30:41.351, 2655, 13365, 122.85, 55, 0x0000000000000000, Not Active, Not Active
2026/09/30 14:30:41.451, 2655, 13365, 122.85, 55, 0x0000000000000000, Not Active, Not Active
2026/09/30 14:30:41.551, 2655, 13365, 122.85, 55, 0x0000000000000000, Not Active, Not Active
2026/09/30 14:30:41.651, 2655, 13365, 122.85, 55, 0x0000000000000000, Not Active, Not Active
2026/09/30 14:30:41.751, 2677, 13365, 125.55, 54, 0x0000000000000000, Not Active, Not Active
2026/09/30 14:30:41.851, 2677, 13365, 125.55, 54, 0x0000000000000000, Not Active, Not Active
2026/09/30 14:30:41.951, 2677, 13365, 125.55, 54, 0x0000000000000000, Not Active, Not Active
2026/09/30 14:30:42.051, 2677, 13365, 125.55, 54, 0x0000000000000000, Not Active, Not Active
2026/09/30 14:30:42.152, 2677, 13365, 125.55, 54, 0x0000000000000000, Not Active, Not Active
2026/09/30 14:30:42.252, 2685, 13365, 127.08, 55, 0x0000000000000000, Not Active, Not Active
2026/09/30 14:30:42.352, 2685, 13365, 127.08, 55, 0x0000000000000000, Not Active, Not Active
2026/09/30 14:30:42.452, 2685, 13365, 127.08, 55, 0x0000000000000000, Not Active, Not Active
2026/09/30 14:30:42.552, 2685, 13365, 127.08, 55, 0x0000000000000000, Not Active, Not Active
2026/09/30 14:30:42.652, 2685, 13365, 127.08, 55, 0x0000000000000000, Not Active, Not Active
2026/09/30 14:30:42.752, 2647, 13365, 126.81, 55, 0x0000000000000000, Not Active, Not Active
2026/09/30 14:30:42.853, 2647, 13365, 126.81, 55, 0x0000000000000000, Not Active, Not Active
2026/09/30 14:30:42.953, 2647, 13365, 126.81, 55, 0x0000000000000000, Not Active, Not Active
2026/09/30 14:30:43.053, 2647, 13365, 126.81, 55, 0x0000000000000000, Not Active, Not Active
2026/09/30 14:30:43.153, 2647, 13365, 126.81, 55, 0x0000000000000000, Not Active, Not Active
2026/09/30 14:30:43.253, 2685, 13365, 122.72, 54, 0x0000000000000000, Not Active, Not Active
2026/09/30 14:30:43.353, 2685, 13365, 122.72, 54, 0x0000000000000000, Not Active, Not Active
2026/09/30 14:30:43.453, 2685, 13365, 122.72, 54, 0x0000000000000000, Not Active, Not Active
2026/09/30 14:30:43.553, 2685, 13365, 122.72, 54, 0x0000000000000000, Not Active, Not Active
2026/09/30 14:30:43.654, 2685, 13365, 122.72, 54, 0x0000000000000000, Not Active, Not Active
2026/09/30 14:30:43.754, 2677, 13365, 127.33, 55, 0x0000000000000000, Not Active, Not Active
2026/09/30 14:30:43.854, 2677, 13365, 127.33, 55, 0x0000000000000000, Not Active, Not Active
2026/09/30 14:30:43.954, 2677, 13365, 127.33, 55, 0x0000000000000000, Not Active, Not Active
2026/09/30 14:30:44.054, 2677, 13365, 127.33, 55, 0x0000000000000000, Not Active, Not Active
2026/09/30 14:30:44.154, 2677, 13365, 127.33, 55, 0x0000000000000000, Not Active, Not Active
2026/09/30 14:30:44.254, 2655, 13365, 126.33, 55, 0x0000000000000000, Not Active, Not Active
2026/09/30 14:30:44.355, 2655, 13365, 126.33, 55, 0x0000000000000000, Not Active, Not Active
2026/09/30 14:30:44.455, 2655, 13365, 126.33, 55, 0x0000000000000000, Not Active, Not Active
2026/09/30 14:30:44.555, 2655, 13365, 126.33, 55, 0x0000000000000000, Not Active, Not Active
2026/09/30 14:30:44.655, 2655, 13365, 126.33, 55, 0x0000000000000000, Not Active, Not Active
2026/09/30 14:30:44.755, 2677, 13365, 126.31, 54, 0x0000000000000000, Not Active, Not Active
2026/09/30 14:30:44.855, 2677, 13365, 126.31, 54, 0x0000000000000000, Not Active, Not Active
2026/09/30 14:30:44.955, 2677, 13365, 126.31, 54, 0x0000000000000000, Not Active, Not Active
2026/09/30 14:30:45.055, 2677, 13365, 126.31, 54, 0x0000000000000000, Not Active, Not Active
2026/09/30 14:30:45.156, 2677, 13365, 126.31, 54, 0x0000000000000000, Not Active, Not Active
2026/09/30 14:30:45.256, 2685, 13365, 131.94, 54, 0x0000000000000000, Not Active, Not Active
2026/09/30 14:30:45.356, 2685, 13365, 131.94, 54, 0x0000000000000000, Not Active, Not Active
2026/09/30 14:30:45.456, 2685, 13365, 131.94, 54, 0x0000000000000000, Not Active, Not Active
2026/09/30 14:30:45.556, 2685, 13365, 131.94, 54, 0x0000000000000000, Not Active, Not Active
2026/09/30 14:30:45.656, 2685, 13365, 131.94, 54, 0x0000000000000000, Not Active, Not Active
2026/09/30 14:30:45.756, 2692, 13365, 136.39, 55, 0x0000000000000000, Not Active, Not Active
2026/09/30 14:30:45.857, 2692, 13365, 136.39, 55, 0x0000000000000000, Not Active, Not Active
2026/09/30 14:30:45.957, 2692, 13365, 136.39, 55, 0x0000000000000000, Not Active, Not Active
2026/09/30 14:30:46.057, 2692, 13365, 136.39, 55, 0x0000000000000000, Not Active, Not Active
2026/09/30 14:30:46.157, 2692, 13365, 136.39, 55, 0x0000000000000000, Not Active, Not Active
2026/09/30 14:30:46.257, 2655, 13365, 127.69, 55, 0x0000000000000000, Not Active, Not Active
2026/09/30 14:30:46.357, 2655, 13365, 127.69, 55, 0x0000000000000000, Not Active, Not Active
2026/09/30 14:30:46.457, 2655, 13365, 127.69, 55, 0x0000000000000000, Not Active, Not Active
2026/09/30 14:30:46.558, 2655, 13365, 127.69, 55, 0x0000000000000000, Not Active, Not Active
2026/09/30 14:30:46.658, 2655, 13365, 127.69, 55, 0x0000000000000000, Not Active, Not Active
2026/09/30 14:30:46.758, 2662, 13365, 129.33, 55, 0x0000000000000000, Not Active, Not Active
2026/09/30 14:30:46.858, 2662, 13365, 129.33, 55, 0x0000000000000000, Not Active, Not Active
2026/09/30 14:30:46.958, 2662, 13365, 129.33, 55, 0x0000000000000000, Not Active, Not Active
2026/09/30 14:30:47.058, 2662, 13365, 129.33, 55, 0x0000000000000000, Not Active, Not Active
2026/09/30 14:30:47.158, 2662, 13365, 129.33, 55, 0x0000000000000000, Not Active, Not Active
2026/09/30 14:30:47.259, 2692, 13365, 132.54, 54, 0x0000000000000000, Not Active, Not Active
2026/09/30 14:30:47.359, 2692, 13365, 132.54, 54, 0x0000000000000000, Not Active, Not Active
2026/09/30 14:30:47.459, 2692, 13365, 132.54, 54, 0x0000000000000000, Not Active, Not Active
2026/09/30 14:30:47.559, 2692, 13365, 132.54, 54, 0x0000000000000000, Not Active, Not Active
2026/09/30 14:30:47.659, 2692, 13365, 132.54, 54, 0x0000000000000000, Not Active, Not Active
2026/09/30 14:30:47.759, 2685, 13365, 133.34, 54, 0x0000000000000000, Not Active, Not Active
2026/09/30 14:30:47.859, 2685, 13365, 133.34, 54, 0x0000000000000000, Not Active, Not Active
2026/09/30 14:30:47.960, 2685, 13365, 133.34, 54, 0x0000000000000000, Not Active, Not Active
2026/09/30 14:30:48.060, 2685, 13365, 133.34, 54, 0x0000000000000000, Not Active, Not Active
2026/09/30 14:30:48.160, 2685, 13365, 133.34, 54, 0x0000000000000000, Not Active, Not Active
2026/09/30 14:30:48.260, 2655, 13365, 130.45, 55, 0x0000000000000000, Not Active, Not Active
2026/09/30 14:30:48.360, 2655, 13365, 130.45, 55, 0x0000000000000000, Not Active, Not Active
2026/09/30 14:30:48.460, 2655, 13365, 130.45, 55, 0x0000000000000000, Not Active, Not Active
2026/09/30 14:30:48.560, 2655, 13365, 130.45, 55, 0x0000000000000000, Not Active, Not Active
2026/09/30 14:30:48.661, 2655, 13365, 130.45, 55, 0x0000000000000000, Not Active, Not Active
2026/09/30 14:30:48.761, 2677, 13365, 126.97, 55, 0x0000000000000000, Not Active, Not Active
2026/09/30 14:30:48.861, 2677, 13365, 126.97, 55, 0x0000000000000000, Not Active, Not Active
2026/09/30 14:30:48.961, 2677, 13365, 126.97, 55, 0x0000000000000000, Not Active, Not Active
2026/09/30 14:30:49.061, 2677, 13365, 126.97, 55, 0x0000000000000000, Not Active, Not Active
2026/09/30 14:30:49.161, 2677, 13365, 126.97, 55, 0x0000000000000000, Not Active, Not Active
2026/09/30 14:30:49.261, 2685, 13365, 131.91, 55, 0x0000000000000000, Not Active, Not Active
2026/09/30 14:30:49.362, 2685, 13365, 131.91, 55, 0x0000000000000000, Not Active, Not Active
2026/09/30 14:30:49.462, 2685, 13365, 131.91, 55, 0x0000000000000000, Not Active, Not Active
2026/09/30 14:30:49.562, 2685, 13365, 131.91, 55, 0x0000000000000000, Not Active, Not Active
2026/09/30 14:30:49.662, 2685, 13365, 131.91, 55, 0x0000000000000000, Not Active, Not Active
2026/09/30 14:30:49.762, 2670, 13365, 134.32, 55, 0x0000000000000000, Not Active, Not Active
2026/09/30 14:30:49.862, 2670, 13365, 134.32, 55, 0x0000000000000000, Not Active, Not Active
2026/09/30 14:30:49.962, 2670, 13365, 134.32, 55, 0x0000000000000000, Not Active, Not Active
2026/09/30 14:30:50.063, 2670, 13365, 134.32, 55, 0x0000000000000000, Not Active, Not Active
2026/09/30 14:30:50.163, 2670, 13365, 134.32, 55, 0x0000000000000000, Not Active, Not Active
2026/09/30 14:30:50.263, 2662, 13365, 132.94, 55, 0x0000000000000000, Not Active, Not Active
2026/09/30 14:30:50.363, 2662, 13365, 132.94, 55, 0x0000000000000000, Not Active, Not Active
2026/09/30 14:30:50.463, 2662, 13365, 132.94, 55, 0x0000000000000000, Not Active, Not Active
2026/09/30 14:30:50.563, 2662, 13365, 132.94, 55, 0x0000000000000000, Not Active, Not Active
2026/09/30 14:30:50.663, 2662, 13365, 132.94, 55, 0x0000000000000000, Not Active, Not Active
2026/09/30 14:30:50.764, 2677, 13365, 132.00, 55, 0x0000000000000000, Not Active, Not Active
2026/09/30 14:30:50.864, 2677, 13365, 132.00, 55, 0x0000000000000000, Not Active, Not Active
2026/09/30 14:30:50.964, 2677, 13365, 132.00, 55, 0x0000000000000000, Not Active, Not Active
2026/09/30 14:30:51.064, 2677, 13365, 132.00, 55, 0x0000000000000000, Not Active, Not Active
2026/09/30 14:30:51.164, 2677, 13365, 132.00, 55, 0x0000000000000000, Not Active, Not Active
2026/09/30 14:30:51.264, 2662, 13365, 134.52, 55, 0x0000000000000000, Not Active, Not Active
2026/09/30 14:30:51.364, 2662, 13365, 134.52, 55, 0x0000000000000000, Not Active, Not Active
2026/09/30 14:30:51.464, 2662, 13365, 134.52, 55, 0x0000000000000000, Not Active, Not Active
2026/09/30 14:30:51.565, 2662, 13365, 134.52, 55, 0x0000000000000000, Not Active, Not Active
2026/09/30 14:30:51.665, 2662, 13365, 134.52, 55, 0x0000000000000000, Not Active, Not Active
2026/09/30 14:30:51.765, 2677, 13365, 136.21, 55, 0x0000000000000000, Not Active, Not Active
2026/09/30 14:30:51.865, 2677, 13365, 136.21, 55, 0x0000000000000000, Not Active, Not Active
2026/09/30 14:30:51.965, 2677, 13365, 136.21, 55, 0x0000000000000000, Not Active, Not Active
2026/09/30 14:30:52.065, 2677, 13365, 136.21, 55, 0x0000000000000000, Not Active, Not Active
2026/09/30 14:30:52.165, 2677, 13365, 136.21, 55, 0x0000000000000000, Not Active, Not Active
2026/09/30 14:30:52.266, 2655, 13365, 134.20, 55, 0x0000000000000000, Not Active, Not Active
2026/09/30 14:30:52.366, 2655, 13365, 134.20, 55, 0x0000000000000000, Not Active, Not Active
2026/09/30 14:30:52.466, 2655, 13365, 134.20, 55, 0x0000000000000000, Not Active, Not Active
2026/09/30 14:30:52.566, 2655, 13365, 134.20, 55, 0x0000000000000000, Not Active, Not Active
2026/09/30 14:30:52.666, 2655, 13365, 134.20, 55, 0x0000000000000000, Not Active, Not Active
2026/09/30 14:30:52.766, 2685, 13365, 132.64, 54, 0x0000000000000000, Not Active, Not Active
2026/09/30 14:30:52.866, 2685, 13365, 132.64, 54, 0x0000000000000000, Not Active, Not Active
2026/09/30 14:30:52.967, 2685, 13365, 132.64, 54, 0x0000000000000000, Not Active, Not Active
2026/09/30 14:30:53.067, 2685, 13365, 132.64, 54, 0x0000000000000000, Not Active, Not Active
2026/09/30 14:30:53.167, 2685, 13365, 132.64, 54, 0x0000000000000000, Not Active, Not Active
2026/09/30 14:30:53.267, 2685, 13365, 132.71, 55, 0x0000000000000000, Not Active, Not Active
2026/09/30 14:30:53.367, 2685, 13365, 132.71, 55, 0x0000000000000000, Not Active, Not Active
2026/09/30 14:30:53.467, 2685, 13365, 132.71, 55, 0x0000000000000000, Not Active, Not Active
2026/09/30 14:30:53.567, 2685, 13365, 132.71, 55, 0x0000000000000000, Not Active, Not Active
2026/09/30 14:30:53.668, 2685, 13365, 132.71, 55, 0x0000000000000000, Not Active, Not Active
2026/09/30 14:30:53.768, 2647, 13365, 139.23, 55, 0x0000000000000000, Not Active, Not Active
2026/09/30 14:30:53.868, 2647, 13365, 139.23, 55, 0x0000000000000000, Not Active, Not Active
2026/09/30 14:30:53.968, 2647, 13365, 139.23, 55, 0x0000000000000000, Not Active, Not Active
2026/09/30 14:30:54.068, 2647, 13365, 139.23, 55, 0x0000000000000000, Not Active, Not Active
2026/09/30 14:30:54.168, 2647, 13365, 139.23, 55, 0x0000000000000000, Not Active, Not Active
2026/09/30 14:30:54.268, 2677, 13365, 141.28, 55, 0x0000000000000000, Not Active, Not Active
2026/09/30 14:30:54.369, 2677, 13365, 141.28, 55, 0x0000000000000000, Not Active, Not Active
2026/09/30 14:30:54.469, 2677, 13365, 141.28, 55, 0x0000000000000000, Not Active, Not Active
2026/09/30 14:30:54.569, 2677, 13365, 141.28, 55, 0x0000000000000000, Not Active, Not Active
2026/09/30 14:30:54.669, 2677, 13365, 141.28, 55, 0x0000000000000000, Not Active, Not Active
2026/09/30 14:30:54.769, 2625, 13365, 128.49, 55, 0x0000000000000000, Not Active, Not Active
2026/09/30 14:30:54.869, 2625, 13365, 128.49, 55, 0x0000000000000000, Not Active, Not Active
2026/09/30 14:30:54.969, 2625, 13365, 128.49, 55, 0x0000000000000000, Not Active, Not Active
2026/09/30 14:30:55.070, 2625, 13365, 128.49, 55, 0x0000000000000000, Not Active, Not Active
2026/09/30 14:30:55.170, 2625, 13365, 128.49, 55, 0x0000000000000000, Not Active, Not Active
2026/09/30 14:30:55.270, 2662, 13365, 129.33, 55, 0x0000000000000000, Not Active, Not Active
2026/09/30 14:30:55.370, 2662, 13365, 129.33, 55, 0x0000000000000000, Not Active, Not Active
2026/09/30 14:30:55.470, 2662, 13365, 129.33, 55, 0x0000000000000000, Not Active, Not Active
2026/09/30 14:30:55.570, 2662, 13365, 129.33, 55, 0x0000000000000000, Not Active, Not Active
2026/09/30 14:30:55.670, 2662, 13365, 129.33, 55, 0x0000000000000000, Not Active, Not Active
2026/09/30 14:30:55.771, 2685, 13365, 155.69, 56, 0x0000000000000000, Not Active, Not Active
2026/09/30 14:30:55.871, 2685, 13365, 155.69, 56, 0x0000000000000000, Not Active, Not Active
2026/09/30 14:30:55.971, 2685, 13365, 155.69, 56, 0x0000000000000000, Not Active, Not Active
2026/09/30 14:30:56.071, 2685, 13365, 155.69, 56, 0x0000000000000000, Not Active, Not Active
2026/09/30 14:30:56.171, 2685, 13365, 155.69, 56, 0x0000000000000000, Not Active, Not Active
2026/09/30 14:30:56.271, 2670, 13365, 154.92, 55, 0x0000000000000000, Not Active, Not Active
2026/09/30 14:30:56.371, 2670, 13365, 154.92, 55, 0x0000000000000000, Not Active, Not Active
2026/09/30 14:30:56.472, 2670, 13365, 154.92, 55, 0x0000000000000000, Not Active, Not Active
2026/09/30 14:30:56.572, 2670, 13365, 154.92, 55, 0x0000000000000000, Not Active, Not Active
2026/09/30 14:30:56.672, 2670, 13365, 154.92, 55, 0x0000000000000000, Not Active, Not Active
2026/09/30 14:30:56.772, 2617, 13365, 127.36, 54, 0x0000000000000000, Not Active, Not Active
2026/09/30 14:30:56.872, 2617, 13365, 127.36, 54, 0x0000000000000000, Not Active, Not Active
2026/09/30 14:30:56.972, 2617, 13365, 127.36, 54, 0x0000000000000000, Not Active, Not Active
2026/09/30 14:30:57.072, 2617, 13365, 127.36, 54, 0x0000000000000000, Not Active, Not Active
2026/09/30 14:30:57.173, 2617, 13365, 127.36, 54, 0x0000000000000000, Not Active, Not Active
2026/09/30 14:30:57.273, 2647, 13365, 112.63, 55, 0x0000000000000000, Not Active, Not Active
2026/09/30 14:30:57.373, 2647, 13365, 112.63, 55, 0x0000000000000000, Not Active, Not Active
2026/09/30 14:30:57.473, 2647, 13365, 112.63, 55, 0x0000000000000000, Not Active, Not Active
2026/09/30 14:30:57.573, 2647, 13365, 112.63, 55, 0x0000000000000000, Not Active, Not Active
2026/09/30 14:30:57.673, 2647, 13365, 112.63, 55, 0x0000000000000000, Not Active, Not Active
2026/09/30 14:30:57.774, 2677, 13365, 147.78, 56, 0x0000000000000000, Not Active, Not Active
2026/09/30 14:30:57.874, 2677, 13365, 147.78, 56, 0x0000000000000000, Not Active, Not Active
2026/09/30 14:30:57.974, 2677, 13365, 147.78, 56, 0x0000000000000000, Not Active, Not Active
2026/09/30 14:30:58.074, 2677, 13365, 147.78, 56, 0x0000000000000000, Not Active, Not Active
2026/09/30 14:30:58.174, 2677, 13365, 147.78, 56, 0x0000000000000000, Not Active, Not Active
2026/09/30 14:30:58.274, 2655, 13365, 172.47, 56, 0x0000000000000000, Not Active, Not Active
2026/09/30 14:30:58.374, 2655, 13365, 172.47, 56, 0x0000000000000000, Not Active, Not Active
2026/09/30 14:30:58.475, 2655, 13365, 172.47, 56, 0x0000000000000000, Not Active, Not Active
2026/09/30 14:30:58.575, 2655, 13365, 172.47, 56, 0x0000000000000000, Not Active, Not Active
2026/09/30 14:30:58.675, 2655, 13365, 172.47, 56, 0x0000000000000000, Not Active, Not Active
2026/09/30 14:30:58.775, 2647, 13365, 162.11, 55, 0x0000000000000000, Not Active, Not Active
2026/09/30 14:30:58.875, 2647, 13365, 162.11, 55, 0x0000000000000000, Not Active, Not Active
2026/09/30 14:30:58.975, 2647, 13365, 162.11, 55, 0x0000000000000000, Not Active, Not Active
2026/09/30 14:30:59.076, 2647, 13365, 162.11, 55, 0x0000000000000000, Not Active, Not Active
2026/09/30 14:30:59.176, 2647, 13365, 162.11, 55, 0x0000000000000000, Not Active, Not Active
2026/09/30 14:30:59.276, 2820, 13365, 139.91, 55, 0x0000000000000000, Not Active, Not Active
2026/09/30 14:30:59.376, 2820, 13365, 139.91, 55, 0x0000000000000000, Not Active, Not Active
2026/09/30 14:30:59.476, 2820, 13365, 139.91, 55, 0x0000000000000000, Not Active, Not Active
2026/09/30 14:30:59.576, 2820, 13365, 139.91, 55, 0x0000000000000000, Not Active, Not Active
2026/09/30 14:30:59.677, 2820, 13365, 139.91, 55, 0x0000000000000000, Not Active, Not Active
2026/09/30 14:30:59.777, 2745, 13365, 115.51, 55, 0x0000000000000000, Not Active, Not Active
2026/09/30 14:30:59.877, 2745, 13365, 115.51, 55, 0x0000000000000000, Not Active, Not Active
2026/09/30 14:30:59.977, 2745, 13365, 115.51, 55, 0x0000000000000000, Not Active, Not Active
2026/09/30 14:31:00.077, 2745, 13365, 115.51, 55, 0x0000000000000000, Not Active, Not Active
2026/09/30 14:31:00.177, 2745, 13365, 115.51, 55, 0x0000000000000000, Not Active, Not Active
2026/09/30 14:31:00.277, 2677, 13365, 120.44, 54, 0x0000000000000000, Not Active, Not Active
2026/09/30 14:31:00.378, 2677, 13365, 120.44, 54, 0x0000000000000000, Not Active, Not Active
2026/09/30 14:31:00.478, 2677, 13365, 120.44, 54, 0x0000000000000000, Not Active, Not Active
2026/09/30 14:31:00.578, 2677, 13365, 120.44, 54, 0x0000000000000000, Not Active, Not Active
2026/09/30 14:31:00.678, 2677, 13365, 120.44, 54, 0x0000000000000000, Not Active, Not Active
2026/09/30 14:31:00.778, 2692, 13365, 129.43, 55, 0x0000000000000000, Not Active, Not Active
2026/09/30 14:31:00.878, 2692, 13365, 129.43, 55, 0x0000000000000000, Not Active, Not Active
2026/09/30 14:31:00.979, 2692, 13365, 129.43, 55, 0x0000000000000000, Not Active, Not Active
2026/09/30 14:31:01.079, 2692, 13365, 129.43, 55, 0x0000000000000000, Not Active, Not Active
2026/09/30 14:31:01.179, 2692, 13365, 129.43, 55, 0x0000000000000000, Not Active, Not Active
2026/09/30 14:31:01.279, 2647, 13365, 123.83, 55, 0x0000000000000000, Not Active, Not Active
2026/09/30 14:31:01.379, 2647, 13365, 123.83, 55, 0x0000000000000000, Not Active, Not Active
2026/09/30 14:31:01.479, 2647, 13365, 123.83, 55, 0x0000000000000000, Not Active, Not Active
2026/09/30 14:31:01.579, 2647, 13365, 123.83, 55, 0x0000000000000000, Not Active, Not Active
2026/09/30 14:31:01.680, 2647, 13365, 123.83, 55, 0x0000000000000000, Not Active, Not Active
2026/09/30 14:31:01.780, 2670, 13365, 124.23, 54, 0x0000000000000000, Not Active, Not Active
2026/09/30 14:31:01.880, 2670, 13365, 124.23, 54, 0x0000000000000000, Not Active, Not Active
2026/09/30 14:31:01.980, 2670, 13365, 124.23, 54, 0x0000000000000000, Not Active, Not Active
2026/09/30 14:31:02.080, 2670, 13365, 124.23, 54, 0x0000000000000000, Not Active, Not Active
2026/09/30 14:31:02.180, 2670, 13365, 124.23, 54, 0x0000000000000000, Not Active, Not Active
2026/09/30 14:31:02.281, 2677, 13365, 129.94, 55, 0x0000000000000000, Not Active, Not Active
2026/09/30 14:31:02.381, 2677, 13365, 129.94, 55, 0x0000000000000000, Not Active, Not Active
2026/09/30 14:31:02.481, 2677, 13365, 129.94, 55, 0x0000000000000000, Not Active, Not Active
2026/09/30 14:31:02.581, 2677, 13365, 129.94, 55, 0x0000000000000000, Not Active, Not Active
2026/09/30 14:31:02.681, 2677, 13365, 129.94, 55, 0x0000000000000000, Not Active, Not Active
2026/09/30 14:31:02.781, 2655, 13365, 127.64, 55, 0x0000000000000000, Not Active, Not Active
2026/09/30 14:31:02.881, 2655, 13365, 127.64, 55, 0x0000000000000000, Not Active, Not Active
2026/09/30 14:31:02.982, 2655, 13365, 127.64, 55, 0x0000000000000000, Not Active, Not Active
2026/09/30 14:31:03.082, 2655, 13365, 127.64, 55, 0x0000000000000000, Not Active, Not Active
2026/09/30 14:31:03.182, 2655, 13365, 127.64, 55, 0x0000000000000000, Not Active, Not Active
2026/09/30 14:31:03.282, 2677, 13365, 123.77, 54, 0x0000000000000000, Not Active, Not Active
2026/09/30 14:31:03.382, 2677, 13365, 123.77, 54, 0x0000000000000000, Not Active, Not Active
2026/09/30 14:31:03.482, 2677, 13365, 123.77, 54, 0x0000000000000000, Not Active, Not Active
2026/09/30 14:31:03.583, 2677, 13365, 123.77, 54, 0x0000000000000000, Not Active, Not Active
2026/09/30 14:31:03.683, 2677, 13365, 123.77, 54, 0x0000000000000000, Not Active, Not Active
2026/09/30 14:31:03.783, 2692, 13365, 129.93, 55, 0x0000000000000000, Not Active, Not Active
2026/09/30 14:31:03.883, 2692, 13365, 129.93, 55, 0x0000000000000000, Not Active, Not Active
2026/09/30 14:31:03.983, 2692, 13365, 129.93, 55, 0x0000000000000000, Not Active, Not Active
2026/09/30 14:31:04.083, 2692, 13365, 129.93, 55, 0x0000000000000000, Not Active, Not Active
2026/09/30 14:31:04.183, 2692, 13365, 129.93, 55, 0x0000000000000000, Not Active, Not Active
2026/09/30 14:31:04.284, 2662, 13365, 130.31, 55, 0x0000000000000000, Not Active, Not Active
2026/09/30 14:31:04.384, 2662, 13365, 130.31, 55, 0x0000000000000000, Not Active, Not Active
2026/09/30 14:31:04.484, 2662, 13365, 130.31, 55, 0x0000000000000000, Not Active, Not Active
2026/09/30 14:31:04.584, 2662, 13365, 130.31, 55, 0x0000000000000000, Not Active, Not Active
2026/09/30 14:31:04.684, 2662, 13365, 130.31, 55, 0x0000000000000000, Not Active, Not Active
2026/09/30 14:31:04.784, 2662, 13365, 126.29, 54, 0x0000000000000000, Not Active, Not Active
2026/09/30 14:31:04.884, 2662, 13365, 126.29, 54, 0x0000000000000000, Not Active, Not Active
2026/09/30 14:31:04.985, 2662, 13365, 126.29, 54, 0x0000000000000000, Not Active, Not Active
2026/09/30 14:31:05.085, 2662, 13365, 126.29, 54, 0x0000000000000000, Not Active, Not Active
2026/09/30 14:31:05.185, 2662, 13365, 126.29, 54, 0x0000000000000000, Not Active, Not Active
2026/09/30 14:31:05.285, 2692, 13365, 124.99, 54, 0x0000000000000000, Not Active, Not Active
2026/09/30 14:31:05.385, 2692, 13365, 124.99, 54, 0x0000000000000000, Not Active, Not Active
2026/09/30 14:31:05.485, 2692, 13365, 124.99, 54, 0x0000000000000000, Not Active, Not Active
2026/09/30 14:31:05.586, 2692, 13365, 124.99, 54, 0x0000000000000000, Not Active, Not Active
2026/09/30 14:31:05.686, 2692, 13365, 124.99, 54, 0x0000000000000000, Not Active, Not Active
2026/09/30 14:31:05.786, 2685, 13365, 134.53, 55, 0x0000000000000000, Not Active, Not Active
2026/09/30 14:31:05.886, 2685, 13365, 134.53, 55, 0x0000000000000000, Not Active, Not Active
2026/09/30 14:31:05.986, 2685, 13365, 134.53, 55, 0x0000000000000000, Not Active, Not Active
2026/09/30 14:31:06.086, 2685, 13365, 134.53, 55, 0x0000000000000000, Not Active, Not Active
2026/09/30 14:31:06.187, 2685, 13365, 134.53, 55, 0x0000000000000000, Not Active, Not Active
2026/09/30 14:31:06.287, 2670, 13365, 131.87, 55, 0x0000000000000000, Not Active, Not Active
2026/09/30 14:31:06.387, 2670, 13365, 131.87, 55, 0x0000000000000000, Not Active, Not Active
2026/09/30 14:31:06.487, 2670, 13365, 131.87, 55, 0x0000000000000000, Not Active, Not Active
2026/09/30 14:31:06.587, 2670, 13365, 131.87, 55, 0x0000000000000000, Not Active, Not Active
2026/09/30 14:31:06.687, 2670, 13365, 131.87, 55, 0x0000000000000000, Not Active, Not Active
2026/09/30 14:31:06.788, 2662, 13365, 125.12, 55, 0x0000000000000000, Not Active, Not Active
2026/09/30 14:31:06.888, 2662, 13365, 125.12, 55, 0x0000000000000000, Not Active, Not Active
2026/09/30 14:31:06.988, 2662, 13365, 125.12, 55, 0x0000000000000000, Not Active, Not Active
2026/09/30 14:31:07.088, 2662, 13365, 125.12, 55, 0x0000000000000000, Not Active, Not Active
2026/09/30 14:31:07.188, 2662, 13365, 125.12, 55, 0x0000000000000000, Not Active, Not Active
2026/09/30 14:31:07.288, 2692, 13365, 126.59, 54, 0x0000000000000000, Not Active, Not Active
2026/09/30 14:31:07.389, 2692, 13365, 126.59, 54, 0x0000000000000000, Not Active, Not Active
2026/09/30 14:31:07.489, 2692, 13365, 126.59, 54, 0x0000000000000000, Not Active, Not Active
2026/09/30 14:31:07.589, 2692, 13365, 126.59, 54, 0x0000000000000000, Not Active, Not Active
2026/09/30 14:31:07.689, 2692, 13365, 126.59, 54, 0x0000000000000000, Not Active, Not Active
2026/09/30 14:31:07.789, 2685, 13365, 132.57, 54, 0x0000000000000000, Not Active, Not Active
2026/09/30 14:31:07.889, 2685, 13365, 132.57, 54, 0x0000000000000000, Not Active, Not Active
2026/09/30 14:31:07.990, 2685, 13365, 132.57, 54, 0x0000000000000000, Not Active, Not Active
2026/09/30 14:31:08.090, 2685, 13365, 132.57, 54, 0x0000000000000000, Not Active, Not Active
2026/09/30 14:31:08.190, 2662, 13365, 128.52, 55, 0x0000000000000000, Not Active, Not Active
2026/09/30 14:31:08.290, 2662, 13365, 128.52, 55, 0x0000000000000000, Not Active, Not Active
2026/09/30 14:31:08.390, 2662, 13365, 128.52, 55, 0x0000000000000000, Not Active, Not Active
2026/09/30 14:31:08.490, 2662, 13365, 128.52, 55, 0x0000000000000000, Not Active, Not Active
2026/09/30 14:31:08.590, 2662, 13365, 128.52, 55, 0x0000000000000000, Not Active, Not Active
2026/09/30 14:31:08.691, 2662, 13365, 126.02, 55, 0x0000000000000000, Not Active, Not Active
2026/09/30 14:31:08.791, 2662, 13365, 126.02, 55, 0x0000000000000000, Not Active, Not Active
2026/09/30 14:31:08.891, 2662, 13365, 126.02, 55, 0x0000000000000000, Not Active, Not Active
2026/09/30 14:31:08.991, 2662, 13365, 126.02, 55, 0x0000000000000000, Not Active, Not Active
2026/09/30 14:31:09.091, 2662, 13365, 126.02, 55, 0x0000000000000000, Not Active, Not Active
2026/09/30 14:31:09.191, 2692, 13365, 127.19, 54, 0x0000000000000000, Not Active, Not Active
2026/09/30 14:31:09.291, 2692, 13365, 127.19, 54, 0x0000000000000000, Not Active, Not Active
2026/09/30 14:31:09.392, 2692, 13365, 127.19, 54, 0x0000000000000000, Not Active, Not Active
2026/09/30 14:31:09.492, 2692, 13365, 127.19, 54, 0x0000000000000000, Not Active, Not Active
2026/09/30 14:31:09.592, 2692, 13365, 127.19, 54, 0x0000000000000000, Not Active, Not Active
2026/09/30 14:31:09.692, 2662, 13365, 130.71, 54, 0x0000000000000000, Not Active, Not Active
2026/09/30 14:31:09.792, 2662, 13365, 130.71, 54, 0x0000000000000000, Not Active, Not Active
2026/09/30 14:31:09.892, 2662, 13365, 130.71, 54, 0x0000000000000000, Not Active, Not Active
2026/09/30 14:31:09.992, 2662, 13365, 130.71, 54, 0x0000000000000000, Not Active, Not Active
2026/09/30 14:31:10.093, 2662, 13365, 130.71, 54, 0x0000000000000000, Not Active, Not Active
2026/09/30 14:31:10.193, 2647, 13365, 128.39, 55, 0x0000000000000000, Not Active, Not Active
2026/09/30 14:31:10.293, 2647, 13365, 128.39, 55, 0x0000000000000000, Not Active, Not Active
2026/09/30 14:31:10.393, 2647, 13365, 128.39, 55, 0x0000000000000000, Not Active, Not Active
2026/09/30 14:31:10.493, 2647, 13365, 128.39, 55, 0x0000000000000000, Not Active, Not Active
2026/09/30 14:31:10.593, 2647, 13365, 128.39, 55, 0x0000000000000000, Not Active, Not Active
2026/09/30 14:31:10.693, 2647, 13365, 131.89, 55, 0x0000000000000000, Not Active, Not Active
2026/09/30 14:31:10.794, 2647, 13365, 131.89, 55, 0x0000000000000000, Not Active, Not Active
2026/09/30 14:31:10.894, 2647, 13365, 131.89, 55, 0x0000000000000000, Not Active, Not Active
2026/09/30 14:31:10.994, 2647, 13365, 131.89, 55, 0x0000000000000000, Not Active, Not Active
2026/09/30 14:31:11.094, 2647, 13365, 131.89, 55, 0x0000000000000000, Not Active, Not Active
2026/09/30 14:31:11.194, 2662, 13365, 130.11, 54, 0x0000000000000000, Not Active, Not Active
2026/09/30 14:31:11.294, 2662, 13365, 130.11, 54, 0x0000000000000000, Not Active, Not Active
2026/09/30 14:31:11.395, 2662, 13365, 130.11, 54, 0x0000000000000000, Not Active, Not Active
2026/09/30 14:31:11.495, 2662, 13365, 130.11, 54, 0x0000000000000000, Not Active, Not Active
2026/09/30 14:31:11.595, 2662, 13365, 130.11, 54, 0x0000000000000000, Not Active, Not Active
2026/09/30 14:31:11.695, 2677, 13365, 133.25, 55, 0x0000000000000000, Not Active, Not Active
2026/09/30 14:31:11.795, 2677, 13365, 133.25, 55, 0x0000000000000000, Not Active, Not Active
2026/09/30 14:31:11.895, 2677, 13365, 133.25, 55, 0x0000000000000000, Not Active, Not Active
2026/09/30 14:31:11.996, 2677, 13365, 133.25, 55, 0x0000000000000000, Not Active, Not Active
2026/09/30 14:31:12.096, 2677, 13365, 133.25, 55, 0x0000000000000000, Not Active, Not Active
2026/09/30 14:31:12.196, 2647, 13365, 131.81, 55, 0x0000000000000000, Not Active, Not Active
2026/09/30 14:31:12.296, 2647, 13365, 131.81, 55, 0x0000000000000000, Not Active, Not Active
2026/09/30 14:31:12.396, 2647, 13365, 131.81, 55, 0x0000000000000000, Not Active, Not Active
2026/09/30 14:31:12.496, 2647, 13365, 131.81, 55, 0x0000000000000000, Not Active, Not Active
2026/09/30 14:31:12.596, 2647, 13365, 131.81, 55, 0x0000000000000000, Not Active, Not Active
2026/09/30 14:31:12.697, 2677, 13365, 128.54, 54, 0x0000000000000000, Not Active, Not Active
2026/09/30 14:31:12.797, 2677, 13365, 128.54, 54, 0x0000000000000000, Not Active, Not Active
2026/09/30 14:31:12.897, 2677, 13365, 128.54, 54, 0x0000000000000000, Not Active, Not Active
2026/09/30 14:31:12.997, 2677, 13365, 128.54, 54, 0x0000000000000000, Not Active, Not Active
2026/09/30 14:31:13.097, 2677, 13365, 128.54, 54, 0x0000000000000000, Not Active, Not Active
2026/09/30 14:31:13.197, 2685, 13365, 130.81, 55, 0x0000000000000000, Not Active, Not Active
2026/09/30 14:31:13.297, 2685, 13365, 130.81, 55, 0x0000000000000000, Not Active, Not Active
2026/09/30 14:31:13.398, 2685, 13365, 130.81, 55, 0x0000000000000000, Not Active, Not Active
2026/09/30 14:31:13.498, 2685, 13365, 130.81, 55, 0x0000000000000000, Not Active, Not Active
2026/09/30 14:31:13.598, 2685, 13365, 130.81, 55, 0x0000000000000000, Not Active, Not Active
2026/09/30 14:31:13.698, 2662, 13365, 134.64, 55, 0x0000000000000000, Not Active, Not Active
2026/09/30 14:31:13.798, 2662, 13365, 134.64, 55, 0x0000000000000000, Not Active, Not Active
2026/09/30 14:31:13.898, 2662, 13365, 134.64, 55, 0x0000000000000000, Not Active, Not Active
2026/09/30 14:31:13.998, 2662, 13365, 134.64, 55, 0x0000000000000000, Not Active, Not Active
2026/09/30 14:31:14.099, 2662, 13365, 134.64, 55, 0x0000000000000000, Not Active, Not Active
2026/09/30 14:31:14.199, 2662, 13365, 134.04, 55, 0x0000000000000000, Not Active, Not Active
2026/09/30 14:31:14.299, 2662, 13365, 134.04, 55, 0x0000000000000000, Not Active, Not Active
2026/09/30 14:31:14.399, 2662, 13365, 134.04, 55, 0x0000000000000000, Not Active, Not Active
2026/09/30 14:31:14.499, 2662, 13365, 134.04, 55, 0x0000000000000000, Not Active, Not Active
2026/09/30 14:31:14.599, 2662, 13365, 134.04, 55, 0x0000000000000000, Not Active, Not Active
2026/09/30 14:31:14.700, 2625, 13365, 129.46, 55, 0x0000000000000000, Not Active, Not Active
2026/09/30 14:31:14.800, 2625, 13365, 129.46, 55, 0x0000000000000000, Not Active, Not Active
2026/09/30 14:31:14.900, 2625, 13365, 129.46, 55, 0x0000000000000000, Not Active, Not Active
2026/09/30 14:31:15.000, 2625, 13365, 129.46, 55, 0x0000000000000000, Not Active, Not Active
2026/09/30 14:31:15.100, 2625, 13365, 129.46, 55, 0x0000000000000000, Not Active, Not Active
2026/09/30 14:31:15.200, 2647, 13365, 128.96, 55, 0x0000000000000000, Not Active, Not Active
2026/09/30 14:31:15.301, 2647, 13365, 128.96, 55, 0x0000000000000000, Not Active, Not Active
2026/09/30 14:31:15.401, 2647, 13365, 128.96, 55, 0x0000000000000000, Not Active, Not Active
2026/09/30 14:31:15.501, 2647, 13365, 128.96, 55, 0x0000000000000000, Not Active, Not Active
2026/09/30 14:31:15.601, 2647, 13365, 128.96, 55, 0x0000000000000000, Not Active, Not Active
2026/09/30 14:31:15.701, 2685, 13365, 135.03, 54, 0x0000000000000000, Not Active, Not Active
2026/09/30 14:31:15.801, 2685, 13365, 135.03, 54, 0x0000000000000000, Not Active, Not Active
2026/09/30 14:31:15.902, 2685, 13365, 135.03, 54, 0x0000000000000000, Not Active, Not Active
2026/09/30 14:31:16.002, 2685, 13365, 135.03, 54, 0x0000000000000000, Not Active, Not Active
2026/09/30 14:31:16.102, 2685, 13365, 135.03, 54, 0x0000000000000000, Not Active, Not Active
2026/09/30 14:31:16.202, 2685, 13365, 140.52, 56, 0x0000000000000000, Not Active, Not Active
2026/09/30 14:31:16.302, 2685, 13365, 140.52, 56, 0x0000000000000000, Not Active, Not Active
2026/09/30 14:31:16.402, 2685, 13365, 140.52, 56, 0x0000000000000000, Not Active, Not Active
2026/09/30 14:31:16.503, 2685, 13365, 140.52, 56, 0x0000000000000000, Not Active, Not Active
2026/09/30 14:31:16.603, 2685, 13365, 140.52, 56, 0x0000000000000000, Not Active, Not Active
2026/09/30 14:31:16.703, 2610, 13365, 123.16, 54, 0x0000000000000000, Not Active, Not Active
2026/09/30 14:31:16.803, 2610, 13365, 123.16, 54, 0x0000000000000000, Not Active, Not Active
2026/09/30 14:31:16.903, 2610, 13365, 123.16, 54, 0x0000000000000000, Not Active, Not Active
2026/09/30 14:31:17.003, 2610, 13365, 123.16, 54, 0x0000000000000000, Not Active, Not Active
2026/09/30 14:31:17.104, 2610, 13365, 123.16, 54, 0x0000000000000000, Not Active, Not Active
2026/09/30 14:31:17.204, 2662, 13365, 118.26, 55, 0x0000000000000000, Not Active, Not Active
2026/09/30 14:31:17.304, 2662, 13365, 118.26, 55, 0x0000000000000000, Not Active, Not Active
2026/09/30 14:31:17.404, 2662, 13365, 118.26, 55, 0x0000000000000000, Not Active, Not Active
2026/09/30 14:31:17.504, 2662, 13365, 118.26, 55, 0x0000000000000000, Not Active, Not Active
2026/09/30 14:31:17.604, 2662, 13365, 118.26, 55, 0x0000000000000000, Not Active, Not Active
2026/09/30 14:31:17.704, 2677, 13365, 138.96, 55, 0x0000000000000000, Not Active, Not Active
2026/09/30 14:31:17.805, 2677, 13365, 138.96, 55, 0x0000000000000000, Not Active, Not Active
2026/09/30 14:31:17.905, 2677, 13365, 138.96, 55, 0x0000000000000000, Not Active, Not Active
2026/09/30 14:31:18.005, 2677, 13365, 138.96, 55, 0x0000000000000000, Not Active, Not Active
2026/09/30 14:31:18.105, 2677, 13365, 138.96, 55, 0x0000000000000000, Not Active, Not Active
2026/09/30 14:31:18.205, 2677, 13365, 148.99, 55, 0x0000000000000000, Not Active, Not Active
2026/09/30 14:31:18.305, 2677, 13365, 148.99, 55, 0x0000000000000000, Not Active, Not Active
2026/09/30 14:31:18.406, 2677, 13365, 148.99, 55, 0x0000000000000000, Not Active, Not Active
2026/09/30 14:31:18.506, 2677, 13365, 148.99, 55, 0x0000000000000000, Not Active, Not Active
2026/09/30 14:31:18.606, 2677, 13365, 148.99, 55, 0x0000000000000000, Not Active, Not Active
2026/09/30 14:31:18.706, 2662, 13365, 134.67, 54, 0x0000000000000000, Not Active, Not Active
2026/09/30 14:31:18.806, 2662, 13365, 134.67, 54, 0x0000000000000000, Not Active, Not Active
2026/09/30 14:31:18.906, 2662, 13365, 134.67, 54, 0x0000000000000000, Not Active, Not Active
2026/09/30 14:31:19.007, 2662, 13365, 134.67, 54, 0x0000000000000000, Not Active, Not Active
2026/09/30 14:31:19.107, 2662, 13365, 134.67, 54, 0x0000000000000000, Not Active, Not Active
2026/09/30 14:31:19.207, 2610, 13365, 98.91, 54, 0x0000000000000000, Not Active, Not Active
2026/09/30 14:31:19.307, 2610, 13365, 98.91, 54, 0x0000000000000000, Not Active, Not Active
2026/09/30 14:31:19.407, 2610, 13365, 98.91, 54, 0x0000000000000000, Not Active, Not Active
2026/09/30 14:31:19.507, 2610, 13365, 98.91, 54, 0x0000000000000000, Not Active, Not Active
2026/09/30 14:31:19.607, 2610, 13365, 98.91, 54, 0x0000000000000000, Not Active, Not Active
2026/09/30 14:31:19.708, 2677, 13365, 128.01, 56, 0x0000000000000000, Not Active, Not Active
2026/09/30 14:31:19.808, 2677, 13365, 128.01, 56, 0x0000000000000000, Not Active, Not Active
2026/09/30 14:31:19.908, 2677, 13365, 128.01, 56, 0x0000000000000000, Not Active, Not Active
2026/09/30 14:31:20.008, 2677, 13365, 128.01, 56, 0x0000000000000000, Not Active, Not Active
2026/09/30 14:31:20.108, 2677, 13365, 128.01, 56, 0x0000000000000000, Not Active, Not Active
2026/09/30 14:31:20.208, 2662, 13365, 165.49, 55, 0x0000000000000000, Not Active, Not Active
2026/09/30 14:31:20.309, 2662, 13365, 165.49, 55, 0x0000000000000000, Not Active, Not Active
2026/09/30 14:31:20.409, 2662, 13365, 165.49, 55, 0x0000000000000000, Not Active, Not Active
2026/09/30 14:31:20.509, 2662, 13365, 165.49, 55, 0x0000000000000000, Not Active, Not Active
2026/09/30 14:31:20.609, 2662, 13365, 165.49, 55, 0x0000000000000000, Not Active, Not Active
2026/09/30 14:31:20.709, 2662, 13365, 166.60, 57, 0x0000000000000000, Not Active, Not Active
2026/09/30 14:31:20.809, 2662, 13365, 166.60, 57, 0x0000000000000000, Not Active, Not Active
2026/09/30 14:31:20.909, 2662, 13365, 166.60, 57, 0x0000000000000000, Not Active, Not Active
2026/09/30 14:31:21.010, 2662, 13365, 166.60, 57, 0x0000000000000000, Not Active, Not Active
2026/09/30 14:31:21.110, 2662, 13365, 166.60, 57, 0x0000000000000000, Not Active, Not Active
2026/09/30 14:31:21.210, 2662, 13365, 157.69, 55, 0x0000000000000000, Not Active, Not Active
2026/09/30 14:31:21.310, 2662, 13365, 157.69, 55, 0x0000000000000000, Not Active, Not Active
2026/09/30 14:31:21.410, 2662, 13365, 157.69, 55, 0x0000000000000000, Not Active, Not Active
2026/09/30 14:31:21.510, 2662, 13365, 157.69, 55, 0x0000000000000000, Not Active, Not Active
2026/09/30 14:31:21.611, 2662, 13365, 157.69, 55, 0x0000000000000000, Not Active, Not Active
2026/09/30 14:31:21.711, 2647, 13365, 148.81, 56, 0x0000000000000000, Not Active, Not Active
2026/09/30 14:31:21.811, 2647, 13365, 148.81, 56, 0x0000000000000000, Not Active, Not Active
2026/09/30 14:31:21.911, 2647, 13365, 148.81, 56, 0x0000000000000000, Not Active, Not Active
2026/09/30 14:31:22.011, 2647, 13365, 148.81, 56, 0x0000000000000000, Not Active, Not Active
2026/09/30 14:31:22.111, 2647, 13365, 148.81, 56, 0x0000000000000000, Not Active, Not Active
2026/09/30 14:31:22.211, 2662, 13365, 133.25, 55, 0x0000000000000000, Not Active, Not Active
2026/09/30 14:31:22.311, 2662, 13365, 133.25, 55, 0x0000000000000000, Not Active, Not Active
2026/09/30 14:31:22.412, 2662, 13365, 133.25, 55, 0x0000000000000000, Not Active, Not Active
2026/09/30 14:31:22.512, 2662, 13365, 133.25, 55, 0x0000000000000000, Not Active, Not Active
2026/09/30 14:31:22.612, 2662, 13365, 133.25, 55, 0x0000000000000000, Not Active, Not Active
2026/09/30 14:31:22.712, 2677, 13365, 131.48, 54, 0x0000000000000000, Not Active, Not Active
2026/09/30 14:31:22.812, 2677, 13365, 131.48, 54, 0x0000000000000000, Not Active, Not Active
2026/09/30 14:31:22.912, 2677, 13365, 131.48, 54, 0x0000000000000000, Not Active, Not Active
2026/09/30 14:31:23.013, 2677, 13365, 131.48, 54, 0x0000000000000000, Not Active, Not Active
2026/09/30 14:31:23.113, 2677, 13365, 131.48, 54, 0x0000000000000000, Not Active, Not Active
2026/09/30 14:31:23.213, 2662, 13365, 132.17, 55, 0x0000000000000000, Not Active, Not Active
2026/09/30 14:31:23.313, 2662, 13365, 132.17, 55, 0x0000000000000000, Not Active, Not Active
2026/09/30 14:31:23.413, 2662, 13365, 132.17, 55, 0x0000000000000000, Not Active, Not Active
2026/09/30 14:31:23.514, 2662, 13365, 132.17, 55, 0x0000000000000000, Not Active, Not Active
2026/09/30 14:31:23.614, 2662, 13365, 132.17, 55, 0x0000000000000000, Not Active, Not Active
2026/09/30 14:31:23.714, 2677, 13365, 132.37, 55, 0x0000000000000000, Not Active, Not Active
2026/09/30 14:31:23.814, 2677, 13365, 132.37, 55, 0x0000000000000000, Not Active, Not Active
2026/09/30 14:31:23.914, 2677, 13365, 132.37, 55, 0x0000000000000000, Not Active, Not Active
2026/09/30 14:31:24.014, 2677, 13365, 132.37, 55, 0x0000000000000000, Not Active, Not Active
2026/09/30 14:31:24.114, 2677, 13365, 132.37, 55, 0x0000000000000000, Not Active, Not Active
2026/09/30 14:31:24.215, 2647, 13365, 130.43, 54, 0x0000000000000000, Not Active, Not Active
2026/09/30 14:31:24.315, 2647, 13365, 130.43, 54, 0x0000000000000000, Not Active, Not Active
2026/09/30 14:31:24.415, 2647, 13365, 130.43, 54, 0x0000000000000000, Not Active, Not Active
2026/09/30 14:31:24.515, 2647, 13365, 130.43, 54, 0x0000000000000000, Not Active, Not Active
2026/09/30 14:31:24.615, 2647, 13365, 130.43, 54, 0x0000000000000000, Not Active, Not Active
2026/09/30 14:31:24.715, 2655, 13365, 127.80, 54, 0x0000000000000000, Not Active, Not Active
2026/09/30 14:31:24.816, 2655, 13365, 127.80, 54, 0x0000000000000000, Not Active, Not Active
2026/09/30 14:31:24.916, 2655, 13365, 127.80, 54, 0x0000000000000000, Not Active, Not Active
2026/09/30 14:31:25.016, 2655, 13365, 127.80, 54, 0x0000000000000000, Not Active, Not Active
2026/09/30 14:31:25.116, 2655, 13365, 127.80, 54, 0x0000000000000000, Not Active, Not Active
2026/09/30 14:31:25.216, 2677, 13365, 126.52, 54, 0x0000000000000000, Not Active, Not Active
2026/09/30 14:31:25.316, 2677, 13365, 126.52, 54, 0x0000000000000000, Not Active, Not Active
2026/09/30 14:31:25.416, 2677, 13365, 126.52, 54, 0x0000000000000000, Not Active, Not Active
2026/09/30 14:31:25.517, 2677, 13365, 126.52, 54, 0x0000000000000000, Not Active, Not Active
2026/09/30 14:31:25.617, 2677, 13365, 126.52, 54, 0x0000000000000000, Not Active, Not Active
2026/09/30 14:31:25.717, 2692, 13365, 136.06, 55, 0x0000000000000000, Not Active, Not Active
2026/09/30 14:31:25.817, 2692, 13365, 136.06, 55, 0x0000000000000000, Not Active, Not Active
2026/09/30 14:31:25.917, 2692, 13365, 136.06, 55, 0x0000000000000000, Not Active, Not Active
2026/09/30 14:31:26.017, 2692, 13365, 136.06, 55, 0x0000000000000000, Not Active, Not Active
2026/09/30 14:31:26.118, 2692, 13365, 136.06, 55, 0x0000000000000000, Not Active, Not Active
2026/09/30 14:31:26.218, 2677, 13365, 139.11, 55, 0x0000000000000000, Not Active, Not Active
2026/09/30 14:31:26.318, 2677, 13365, 139.11, 55, 0x0000000000000000, Not Active, Not Active
2026/09/30 14:31:26.418, 2677, 13365, 139.11, 55, 0x0000000000000000, Not Active, Not Active
2026/09/30 14:31:26.518, 2677, 13365, 139.11, 55, 0x0000000000000000, Not Active, Not Active
2026/09/30 14:31:26.618, 2677, 13365, 139.11, 55, 0x0000000000000000, Not Active, Not Active
2026/09/30 14:31:26.719, 2647, 13365, 130.13, 55, 0x0000000000000000, Not Active, Not Active
2026/09/30 14:31:26.819, 2647, 13365, 130.13, 55, 0x0000000000000000, Not Active, Not Active
2026/09/30 14:31:26.919, 2647, 13365, 130.13, 55, 0x0000000000000000, Not Active, Not Active
2026/09/30 14:31:27.019, 2647, 13365, 130.13, 55, 0x0000000000000000, Not Active, Not Active
2026/09/30 14:31:27.119, 2647, 13365, 130.13, 55, 0x0000000000000000, Not Active, Not Active
2026/09/30 14:31:27.219, 2655, 13365, 133.33, 55, 0x0000000000000000, Not Active, Not Active
2026/09/30 14:31:27.320, 2655, 13365, 133.33, 55, 0x0000000000000000, Not Active, Not Active
2026/09/30 14:31:27.420, 2655, 13365, 133.33, 55, 0x0000000000000000, Not Active, Not Active
2026/09/30 14:31:27.520, 2655, 13365, 133.33, 55, 0x0000000000000000, Not Active, Not Active
2026/09/30 14:31:27.620, 2655, 13365, 133.33, 55, 0x0000000000000000, Not Active, Not Active
2026/09/30 14:31:27.720, 2662, 13365, 137.71, 55, 0x0000000000000000, Not Active, Not Active
2026/09/30 14:31:27.820, 2662, 13365, 137.71, 55, 0x0000000000000000, Not Active, Not Active
2026/09/30 14:31:27.921, 2662, 13365, 137.71, 55, 0x0000000000000000, Not Active, Not Active
2026/09/30 14:31:28.021, 2662, 13365, 137.71, 55, 0x0000000000000000, Not Active, Not Active
2026/09/30 14:31:28.121, 2662, 13365, 137.71, 55, 0x0000000000000000, Not Active, Not Active
2026/09/30 14:31:28.221, 2677, 13365, 132.35, 55, 0x0000000000000000, Not Active, Not Active
2026/09/30 14:31:28.321, 2677, 13365, 132.35, 55, 0x0000000000000000, Not Active, Not Active
2026/09/30 14:31:28.421, 2677, 13365, 132.35, 55, 0x0000000000000000, Not Active, Not Active
2026/09/30 14:31:28.522, 2677, 13365, 132.35, 55, 0x0000000000000000, Not Active, Not Active
2026/09/30 14:31:28.622, 2677, 13365, 132.35, 55, 0x0000000000000000, Not Active, Not Active
2026/09/30 14:31:28.722, 2677, 13365, 130.11, 54, 0x0000000000000000, Not Active, Not Active
2026/09/30 14:31:28.822, 2677, 13365, 130.11, 54, 0x0000000000000000, Not Active, Not Active
2026/09/30 14:31:28.922, 2677, 13365, 130.11, 54, 0x0000000000000000, Not Active, Not Active
2026/09/30 14:31:29.022, 2677, 13365, 130.11, 54, 0x0000000000000000, Not Active, Not Active
2026/09/30 14:31:29.123, 2677, 13365, 130.11, 54, 0x0000000000000000, Not Active, Not Active
2026/09/30 14:31:29.223, 2677, 13365, 137.13, 55, 0x0000000000000000, Not Active, Not Active
2026/09/30 14:31:29.323, 2677, 13365, 137.13, 55, 0x0000000000000000, Not Active, Not Active
2026/09/30 14:31:29.423, 2677, 13365, 137.13, 55, 0x0000000000000000, Not Active, Not Active
2026/09/30 14:31:29.523, 2677, 13365, 137.13, 55, 0x0000000000000000, Not Active, Not Active
2026/09/30 14:31:29.623, 2677, 13365, 137.13, 55, 0x0000000000000000, Not Active, Not Active
2026/09/30 14:31:29.723, 2662, 13365, 133.62, 55, 0x0000000000000000, Not Active, Not Active
2026/09/30 14:31:29.824, 2662, 13365, 133.62, 55, 0x0000000000000000, Not Active, Not Active
2026/09/30 14:31:29.924, 2662, 13365, 133.62, 55, 0x0000000000000000, Not Active, Not Active
2026/09/30 14:31:30.024, 2662, 13365, 133.62, 55, 0x0000000000000000, Not Active, Not Active
2026/09/30 14:31:30.124, 2662, 13365, 133.62, 55, 0x0000000000000000, Not Active, Not Active
2026/09/30 14:31:30.224, 2647, 13365, 126.71, 55, 0x0000000000000000, Not Active, Not Active
2026/09/30 14:31:30.324, 2647, 13365, 126.71, 55, 0x0000000000000000, Not Active, Not Active
2026/09/30 14:31:30.424, 2647, 13365, 126.71, 55, 0x0000000000000000, Not Active, Not Active
2026/09/30 14:31:30.524, 2647, 13365, 126.71, 55, 0x0000000000000000, Not Active, Not Active
2026/09/30 14:31:30.625, 2647, 13365, 126.71, 55, 0x0000000000000000, Not Active, Not Active
2026/09/30 14:31:30.725, 2685, 13365, 129.24, 55, 0x0000000000000000, Not Active, Not Active
2026/09/30 14:31:30.825, 2685, 13365, 129.24, 55, 0x0000000000000000, Not Active, Not Active
2026/09/30 14:31:30.925, 2685, 13365, 129.24, 55, 0x0000000000000000, Not Active, Not Active
2026/09/30 14:31:31.025, 2685, 13365, 129.24, 55, 0x0000000000000000, Not Active, Not Active
2026/09/30 14:31:31.125, 2685, 13365, 129.24, 55, 0x0000000000000000, Not Active, Not Active
2026/09/30 14:31:31.225, 2677, 13365, 139.64, 55, 0x0000000000000000, Not Active, Not Active
2026/09/30 14:31:31.326, 2677, 13365, 139.64, 55, 0x0000000000000000, Not Active, Not Active
2026/09/30 14:31:31.426, 2677, 13365, 139.64, 55, 0x0000000000000000, Not Active, Not Active
2026/09/30 14:31:31.526, 2677, 13365, 139.64, 55, 0x0000000000000000, Not Active, Not Active
2026/09/30 14:31:31.626, 2677, 13365, 139.64, 55, 0x0000000000000000, Not Active, Not Active
2026/09/30 14:31:31.726, 2685, 13365, 139.18, 55, 0x0000000000000000, Not Active, Not Active
2026/09/30 14:31:31.826, 2685, 13365, 139.18, 55, 0x0000000000000000, Not Active, Not Active
2026/09/30 14:31:31.926, 2685, 13365, 139.18, 55, 0x0000000000000000, Not Active, Not Active
2026/09/30 14:31:32.026, 2685, 13365, 139.18, 55, 0x0000000000000000, Not Active, Not Active
2026/09/30 14:31:32.127, 2685, 13365, 139.18, 55, 0x0000000000000000, Not Active, Not Active
2026/09/30 14:31:32.227, 2647, 13365, 141.37, 55, 0x0000000000000000, Not Active, Not Active
2026/09/30 14:31:32.327, 2647, 13365, 141.37, 55, 0x0000000000000000, Not Active, Not Active
2026/09/30 14:31:32.427, 2647, 13365, 141.37, 55, 0x0000000000000000, Not Active, Not Active
2026/09/30 14:31:32.527, 2647, 13365, 141.37, 55, 0x0000000000000000, Not Active, Not Active
2026/09/30 14:31:32.627, 2647, 13365, 141.37, 55, 0x0000000000000000, Not Active, Not Active
2026/09/30 14:31:32.727, 2640, 13365, 143.37, 55, 0x0000000000000000, Not Active, Not Active
2026/09/30 14:31:32.828, 2640, 13365, 143.37, 55, 0x0000000000000000, Not Active, Not Active
2026/09/30 14:31:32.928, 2640, 13365, 143.37, 55, 0x0000000000000000, Not Active, Not Active
2026/09/30 14:31:33.028, 2640, 13365, 143.37, 55, 0x0000000000000000, Not Active, Not Active
2026/09/30 14:31:33.128, 2640, 13365, 143.37, 55, 0x0000000000000000, Not Active, Not Active
2026/09/30 14:31:33.228, 2640, 13365, 142.50, 56, 0x0000000000000000, Not Active, Not Active
2026/09/30 14:31:33.328, 2640, 13365, 142.50, 56, 0x0000000000000000, Not Active, Not Active
2026/09/30 14:31:33.428, 2640, 13365, 142.50, 56, 0x0000000000000000, Not Active, Not Active
2026/09/30 14:31:33.528, 2640, 13365, 142.50, 56, 0x0000000000000000, Not Active, Not Active
2026/09/30 14:31:33.629, 2640, 13365, 142.50, 56, 0x0000000000000000, Not Active, Not Active
2026/09/30 14:31:33.729, 2625, 13365, 137.85, 55, 0x0000000000000000, Not Active, Not Active
2026/09/30 14:31:33.829, 2625, 13365, 137.85, 55, 0x0000000000000000, Not Active, Not Active
2026/09/30 14:31:33.929, 2625, 13365, 137.85, 55, 0x0000000000000000, Not Active, Not Active
2026/09/30 14:31:34.029, 2625, 13365, 137.85, 55, 0x0000000000000000, Not Active, Not Active
2026/09/30 14:31:34.129, 2625, 13365, 137.85, 55, 0x0000000000000000, Not Active, Not Active
2026/09/30 14:31:34.229, 2640, 13365, 146.82, 56, 0x0000000000000000, Not Active, Not Active
2026/09/30 14:31:34.330, 2640, 13365, 146.82, 56, 0x0000000000000000, Not Active, Not Active
2026/09/30 14:31:34.430, 2640, 13365, 146.82, 56, 0x0000000000000000, Not Active, Not Active
2026/09/30 14:31:34.530, 2640, 13365, 146.82, 56, 0x0000000000000000, Not Active, Not Active
2026/09/30 14:31:34.630, 2640, 13365, 146.82, 56, 0x0000000000000000, Not Active, Not Active
2026/09/30 14:31:34.730, 2625, 13365, 151.61, 55, 0x0000000000000000, Not Active, Not Active
2026/09/30 14:31:34.830, 2625, 13365, 151.61, 55, 0x0000000000000000, Not Active, Not Active
2026/09/30 14:31:34.930, 2625, 13365, 151.61, 55, 0x0000000000000000, Not Active, Not Active
2026/09/30 14:31:35.030, 2625, 13365, 151.61, 55, 0x0000000000000000, Not Active, Not Active
2026/09/30 14:31:35.131, 2625, 13365, 151.61, 55, 0x0000000000000000, Not Active, Not Active
2026/09/30 14:31:35.231, 2625, 13365, 150.90, 55, 0x0000000000000000, Not Active, Not Active
2026/09/30 14:31:35.331, 2625, 13365, 150.90, 55, 0x0000000000000000, Not Active, Not Active
2026/09/30 14:31:35.431, 2625, 13365, 150.90, 55, 0x0000000000000000, Not Active, Not Active
2026/09/30 14:31:35.531, 2625, 13365, 150.90, 55, 0x0000000000000000, Not Active, Not Active
2026/09/30 14:31:35.631, 2625, 13365, 150.90, 55, 0x0000000000000000, Not Active, Not Active
2026/09/30 14:31:35.731, 2610, 13365, 153.56, 55, 0x0000000000000000, Not Active, Not Active
2026/09/30 14:31:35.832, 2610, 13365, 153.56, 55, 0x0000000000000000, Not Active, Not Active
2026/09/30 14:31:35.932, 2610, 13365, 153.56, 55, 0x0000000000000000, Not Active, Not Active
2026/09/30 14:31:36.032, 2610, 13365, 153.56, 55, 0x0000000000000000, Not Active, Not Active
2026/09/30 14:31:36.132, 2610, 13365, 153.56, 55, 0x0000000000000000, Not Active, Not Active
2026/09/30 14:31:36.232, 2617, 13365, 163.36, 56, 0x0000000000000000, Not Active, Not Active
2026/09/30 14:31:36.332, 2617, 13365, 163.36, 56, 0x0000000000000000, Not Active, Not Active
2026/09/30 14:31:36.432, 2617, 13365, 163.36, 56, 0x0000000000000000, Not Active, Not Active
2026/09/30 14:31:36.532, 2617, 13365, 163.36, 56, 0x0000000000000000, Not Active, Not Active
2026/09/30 14:31:36.633, 2617, 13365, 163.36, 56, 0x0000000000000000, Not Active, Not Active
2026/09/30 14:31:36.733, 2617, 13365, 169.01, 56, 0x0000000000000000, Not Active, Not Active
2026/09/30 14:31:36.833, 2617, 13365, 169.01, 56, 0x0000000000000000, Not Active, Not Active
2026/09/30 14:31:36.933, 2617, 13365, 169.01, 56, 0x0000000000000000, Not Active, Not Active
2026/09/30 14:31:37.033, 2617, 13365, 169.01, 56, 0x0000000000000000, Not Active, Not Active
2026/09/30 14:31:37.133, 2617, 13365, 169.01, 56, 0x0000000000000000, Not Active, Not Active
2026/09/30 14:31:37.233, 2617, 13365, 167.95, 56, 0x0000000000000000, Not Active, Not Active
2026/09/30 14:31:37.334, 2617, 13365, 167.95, 56, 0x0000000000000000, Not Active, Not Active
2026/09/30 14:31:37.434, 2617, 13365, 167.95, 56, 0x0000000000000000, Not Active, Not Active
2026/09/30 14:31:37.534, 2617, 13365, 167.95, 56, 0x0000000000000000, Not Active, Not Active
2026/09/30 14:31:37.634, 2617, 13365, 167.95, 56, 0x0000000000000000, Not Active, Not Active
2026/09/30 14:31:37.734, 2610, 13365, 162.04, 56, 0x0000000000000000, Not Active, Not Active
2026/09/30 14:31:37.834, 2610, 13365, 162.04, 56, 0x0000000000000000, Not Active, Not Active
2026/09/30 14:31:37.934, 2610, 13365, 162.04, 56, 0x0000000000000000, Not Active, Not Active
2026/09/30 14:31:38.034, 2610, 13365, 162.04, 56, 0x0000000000000000, Not Active, Not Active
2026/09/30 14:31:38.134, 2610, 13365, 162.04, 56, 0x0000000000000000, Not Active, Not Active
2026/09/30 14:31:38.235, 2587, 13365, 178.26, 59, 0x0000000000000000, Not Active, Not Active
2026/09/30 14:31:38.335, 2587, 13365, 178.26, 59, 0x0000000000000000, Not Active, Not Active
2026/09/30 14:31:38.435, 2587, 13365, 178.26, 59, 0x0000000000000000, Not Active, Not Active
2026/09/30 14:31:38.535, 2587, 13365, 178.26, 59, 0x0000000000000000, Not Active, Not Active
2026/09/30 14:31:38.635, 2587, 13365, 178.26, 59, 0x0000000000000000, Not Active, Not Active
2026/09/30 14:31:38.735, 2572, 13365, 199.05, 55, 0x0000000000000000, Not Active, Not Active
2026/09/30 14:31:38.835, 2572, 13365, 199.05, 55, 0x0000000000000000, Not Active, Not Active
2026/09/30 14:31:38.936, 2572, 13365, 199.05, 55, 0x0000000000000000, Not Active, Not Active
2026/09/30 14:31:39.036, 2572, 13365, 199.05, 55, 0x0000000000000000, Not Active, Not Active
2026/09/30 14:31:39.136, 2572, 13365, 199.05, 55, 0x0000000000000000, Not Active, Not Active
2026/09/30 14:31:39.236, 2580, 13365, 208.32, 59, 0x0000000000000000, Not Active, Not Active
2026/09/30 14:31:39.336, 2580, 13365, 208.32, 59, 0x0000000000000000, Not Active, Not Active
2026/09/30 14:31:39.436, 2580, 13365, 208.32, 59, 0x0000000000000000, Not Active, Not Active
2026/09/30 14:31:39.536, 2580, 13365, 208.32, 59, 0x0000000000000000, Not Active, Not Active
2026/09/30 14:31:39.636, 2580, 13365, 208.32, 59, 0x0000000000000000, Not Active, Not Active
2026/09/30 14:31:39.737, 2587, 13365, 197.46, 56, 0x0000000000000000, Not Active, Not Active
2026/09/30 14:31:39.837, 2587, 13365, 197.46, 56, 0x0000000000000000, Not Active, Not Active
2026/09/30 14:31:39.937, 2587, 13365, 197.46, 56, 0x0000000000000000, Not Active, Not Active
2026/09/30 14:31:40.037, 2587, 13365, 197.46, 56, 0x0000000000000000, Not Active, Not Active
2026/09/30 14:31:40.137, 2587, 13365, 197.46, 56, 0x0000000000000000, Not Active, Not Active
2026/09/30 14:31:40.237, 2610, 13365, 176.36, 61, 0x0000000000000000, Not Active, Not Active
2026/09/30 14:31:40.337, 2610, 13365, 176.36, 61, 0x0000000000000000, Not Active, Not Active
2026/09/30 14:31:40.437, 2610, 13365, 176.36, 61, 0x0000000000000000, Not Active, Not Active
2026/09/30 14:31:40.538, 2610, 13365, 176.36, 61, 0x0000000000000000, Not Active, Not Active
2026/09/30 14:31:40.638, 2610, 13365, 176.36, 61, 0x0000000000000000, Not Active, Not Active
2026/09/30 14:31:40.738, 2527, 13365, 202.19, 62, 0x0000000000000004, Active, Not Active
2026/09/30 14:31:40.838, 2527, 13365, 202.19, 62, 0x0000000000000004, Active, Not Active
2026/09/30 14:31:40.938, 2527, 13365, 202.19, 62, 0x0000000000000004, Active, Not Active
2026/09/30 14:31:41.038, 2527, 13365, 202.19, 62, 0x0000000000000004, Active, Not Active
2026/09/30 14:31:41.138, 2527, 13365, 202.19, 62, 0x0000000000000004, Active, Not Active
2026/09/30 14:31:41.239, 2497, 13365, 280.62, 60, 0x0000000000000000, Not Active, Not Active
2026/09/30 14:31:41.339, 2497, 13365, 280.62, 60, 0x0000000000000000, Not Active, Not Active
2026/09/30 14:31:41.439, 2497, 13365, 280.62, 60, 0x0000000000000000, Not Active, Not Active
2026/09/30 14:31:41.539, 2497, 13365, 280.62, 60, 0x0000000000000000, Not Active, Not Active
2026/09/30 14:31:41.639, 2497, 13365, 280.62, 60, 0x0000000000000000, Not Active, Not Active
2026/09/30 14:31:41.739, 2580, 13365, 276.35, 60, 0x0000000000000000, Not Active, Not Active
2026/09/30 14:31:41.839, 2580, 13365, 276.35, 60, 0x0000000000000000, Not Active, Not Active
2026/09/30 14:31:41.939, 2580, 13365, 276.35, 60, 0x0000000000000000, Not Active, Not Active
2026/09/30 14:31:42.040, 2580, 13365, 276.35, 60, 0x0000000000000000, Not Active, Not Active
2026/09/30 14:31:42.140, 2580, 13365, 276.35, 60, 0x0000000000000000, Not Active, Not Active
2026/09/30 14:31:42.240, 2632, 13365, 259.60, 59, 0x0000000000000000, Not Active, Not Active
2026/09/30 14:31:42.340, 2632, 13365, 259.60, 59, 0x0000000000000000, Not Active, Not Active
2026/09/30 14:31:42.440, 2632, 13365, 259.60, 59, 0x0000000000000000, Not Active, Not Active
2026/09/30 14:31:42.540, 2632, 13365, 259.60, 59, 0x0000000000000000, Not Active, Not Active
2026/09/30 14:31:42.640, 2632, 13365, 259.60, 59, 0x0000000000000000, Not Active, Not Active
2026/09/30 14:31:42.741, 2835, 13365, 205.76, 56, 0x0000000000000000, Not Active, Not Active
2026/09/30 14:31:42.841, 2835, 13365, 205.76, 56, 0x0000000000000000, Not Active, Not Active
2026/09/30 14:31:42.941, 2835, 13365, 205.76, 56, 0x0000000000000000, Not Active, Not Active
2026/09/30 14:31:43.041, 2835, 13365, 205.76, 56, 0x0000000000000000, Not Active, Not Active
2026/09/30 14:31:43.141, 2835, 13365, 205.76, 56, 0x0000000000000000, Not Active, Not Active
2026/09/30 14:31:43.241, 2655, 13365, 211.29, 65, 0x0000000000000004, Active, Not Active
2026/09/30 14:31:43.341, 2655, 13365, 211.29, 65, 0x0000000000000004, Active, Not Active
2026/09/30 14:31:43.442, 2655, 13365, 211.29, 65, 0x0000000000000004, Active, Not Active
2026/09/30 14:31:43.542, 2655, 13365, 211.29, 65, 0x0000000000000004, Active, Not Active
2026/09/30 14:31:43.642, 2655, 13365, 211.29, 65, 0x0000000000000004, Active, Not Active
2026/09/30 14:31:43.742, 2430, 13365, 306.53, 64, 0x0000000000000004, Active, Not Active
2026/09/30 14:31:43.842, 2430, 13365, 306.53, 64, 0x0000000000000004, Active, Not Active
2026/09/30 14:31:43.942, 2430, 13365, 306.53, 64, 0x0000000000000004, Active, Not Active
2026/09/30 14:31:44.042, 2430, 13365, 306.53, 64, 0x0000000000000004, Active, Not Active
2026/09/30 14:31:44.142, 2430, 13365, 306.53, 64, 0x0000000000000004, Active, Not Active
2026/09/30 14:31:44.243, 2422, 13365, 370.21, 66, 0x0000000000000004, Active, Not Active
2026/09/30 14:31:44.343, 2422, 13365, 370.21, 66, 0x0000000000000004, Active, Not Active
2026/09/30 14:31:44.443, 2422, 13365, 370.21, 66, 0x0000000000000004, Active, Not Active
2026/09/30 14:31:44.543, 2422, 13365, 370.21, 66, 0x0000000000000004, Active, Not Active
2026/09/30 14:31:44.643, 2422, 13365, 370.21, 66, 0x0000000000000004, Active, Not Active
2026/09/30 14:31:44.743, 2430, 13365, 366.85, 64, 0x0000000000000004, Active, Not Active
2026/09/30 14:31:44.843, 2430, 13365, 366.85, 64, 0x0000000000000004, Active, Not Active
2026/09/30 14:31:44.944, 2430, 13365, 366.85, 64, 0x0000000000000004, Active, Not Active
2026/09/30 14:31:45.044, 2430, 13365, 366.85, 64, 0x0000000000000004, Active, Not Active
2026/09/30 14:31:45.144, 2430, 13365, 366.85, 64, 0x0000000000000004, Active, Not Active
2026/09/30 14:31:45.244, 2460, 13365, 357.31, 64, 0x0000000000000000, Not Active, Not Active
2026/09/30 14:31:45.344, 2460, 13365, 357.31, 64, 0x0000000000000000, Not Active, Not Active
2026/09/30 14:31:45.444, 2460, 13365, 357.31, 64, 0x0000000000000000, Not Active, Not Active
2026/09/30 14:31:45.544, 2460, 13365, 357.31, 64, 0x0000000000000000, Not Active, Not Active
2026/09/30 14:31:45.644, 2460, 13365, 357.31, 64, 0x0000000000000000, Not Active, Not Active
2026/09/30 14:31:45.745, 2542, 13365, 341.10, 60, 0x0000000000000000, Not Active, Not Active
2026/09/30 14:31:45.845, 2542, 13365, 341.10, 60, 0x0000000000000000, Not Active, Not Active
2026/09/30 14:31:45.945, 2542, 13365, 341.10, 60, 0x0000000000000000, Not Active, Not Active
2026/09/30 14:31:46.045, 2542, 13365, 341.10, 60, 0x0000000000000000, Not Active, Not Active
2026/09/30 14:31:46.145, 2542, 13365, 341.10, 60, 0x0000000000000000, Not Active, Not Active
2026/09/30 14:31:46.245, 2827, 13365, 252.91, 58, 0x0000000000000000, Not Active, Not Active
2026/09/30 14:31:46.345, 2827, 13365, 252.91, 58, 0x0000000000000000, Not Active, Not Active
2026/09/30 14:31:46.446, 2827, 13365, 252.91, 58, 0x0000000000000000, Not Active, Not Active
2026/09/30 14:31:46.546, 2827, 13365, 252.91, 58, 0x0000000000000000, Not Active, Not Active
2026/09/30 14:31:46.646, 2827, 13365, 252.91, 58, 0x0000000000000000, Not Active, Not Active
2026/09/30 14:31:46.746, 2827, 13365, 166.75, 58, 0x0000000000000000, Not Active, Not Active
2026/09/30 14:31:46.846, 2827, 13365, 166.75, 58, 0x0000000000000000, Not Active, Not Active
2026/09/30 14:31:46.946, 2827, 13365, 166.75, 58, 0x0000000000000000, Not Active, Not Active
2026/09/30 14:31:47.046, 2827, 13365, 166.75, 58, 0x0000000000000000, Not Active, Not Active
2026/09/30 14:31:47.146, 2827, 13365, 166.75, 58, 0x0000000000000000, Not Active, Not Active
2026/09/30 14:31:47.247, 2827, 13365, 147.73, 57, 0x0000000000000000, Not Active, Not Active
2026/09/30 14:31:47.347, 2827, 13365, 147.73, 57, 0x0000000000000000, Not Active, Not Active
2026/09/30 14:31:47.447, 2827, 13365, 147.73, 57, 0x0000000000000000, Not Active, Not Active
2026/09/30 14:31:47.547, 2827, 13365, 147.73, 57, 0x0000000000000000, Not Active, Not Active
2026/09/30 14:31:47.647, 2827, 13365, 147.73, 57, 0x0000000000000000, Not Active, Not Active
2026/09/30 14:31:47.747, 2640, 13365, 139.83, 57, 0x0000000000000000, Not Active, Not Active
2026/09/30 14:31:47.847, 2640, 13365, 139.83, 57, 0x0000000000000000, Not Active, Not Active
2026/09/30 14:31:47.948, 2640, 13365, 139.83, 57, 0x0000000000000000, Not Active, Not Active
2026/09/30 14:31:48.048, 2640, 13365, 139.83, 57, 0x0000000000000000, Not Active, Not Active
2026/09/30 14:31:48.148, 2640, 13365, 139.83, 57, 0x0000000000000000, Not Active, Not Active
2026/09/30 14:31:48.248, 2662, 13365, 132.55, 57, 0x0000000000000000, Not Active, Not Active
2026/09/30 14:31:48.348, 2662, 13365, 132.55, 57, 0x0000000000000000, Not Active, Not Active
2026/09/30 14:31:48.448, 2662, 13365, 132.55, 57, 0x0000000000000000, Not Active, Not Active
2026/09/30 14:31:48.548, 2662, 13365, 132.55, 57, 0x0000000000000000, Not Active, Not Active
2026/09/30 14:31:48.648, 2662, 13365, 132.55, 57, 0x0000000000000000, Not Active, Not Active
2026/09/30 14:31:48.749, 2692, 13365, 134.80, 56, 0x0000000000000000, Not Active, Not Active
2026/09/30 14:31:48.849, 2692, 13365, 134.80, 56, 0x0000000000000000, Not Active, Not Active
2026/09/30 14:31:48.949, 2692, 13365, 134.80, 56, 0x0000000000000000, Not Active, Not Active
2026/09/30 14:31:49.049, 2692, 13365, 134.80, 56, 0x0000000000000000, Not Active, Not Active
2026/09/30 14:31:49.149, 2692, 13365, 134.80, 56, 0x0000000000000000, Not Active, Not Active
2026/09/30 14:31:49.249, 2685, 13365, 136.83, 56, 0x0000000000000000, Not Active, Not Active
2026/09/30 14:31:49.349, 2685, 13365, 136.83, 56, 0x0000000000000000, Not Active, Not Active
2026/09/30 14:31:49.450, 2685, 13365, 136.83, 56, 0x0000000000000000, Not Active, Not Active
2026/09/30 14:31:49.550, 2685, 13365, 136.83, 56, 0x0000000000000000, Not Active, Not Active
2026/09/30 14:31:49.650, 2685, 13365, 136.83, 56, 0x0000000000000000, Not Active, Not Active
2026/09/30 14:31:49.750, 2692, 13365, 138.82, 56, 0x0000000000000000, Not Active, Not Active
2026/09/30 14:31:49.850, 2692, 13365, 138.82, 56, 0x0000000000000000, Not Active, Not Active
2026/09/30 14:31:49.950, 2692, 13365, 138.82, 56, 0x0000000000000000, Not Active, Not Active
2026/09/30 14:31:50.050, 2692, 13365, 138.82, 56, 0x0000000000000000, Not Active, Not Active
2026/09/30 14:31:50.150, 2692, 13365, 138.82, 56, 0x0000000000000000, Not Active, Not Active
2026/09/30 14:31:50.251, 2677, 13365, 141.54, 57, 0x0000000000000000, Not Active, Not Active
2026/09/30 14:31:50.351, 2677, 13365, 141.54, 57, 0x0000000000000000, Not Active, Not Active
2026/09/30 14:31:50.451, 2677, 13365, 141.54, 57, 0x0000000000000000, Not Active, Not Active
2026/09/30 14:31:50.551, 2677, 13365, 141.54, 57, 0x0000000000000000, Not Active, Not Active
2026/09/30 14:31:50.651, 2677, 13365, 141.54, 57, 0x0000000000000000, Not Active, Not Active
2026/09/30 14:31:50.751, 2662, 13365, 138.18, 56, 0x0000000000000000, Not Active, Not Active
2026/09/30 14:31:50.851, 2662, 13365, 138.18, 56, 0x0000000000000000, Not Active, Not Active
2026/09/30 14:31:50.952, 2662, 13365, 138.18, 56, 0x0000000000000000, Not Active, Not Active
2026/09/30 14:31:51.052, 2662, 13365, 138.18, 56, 0x0000000000000000, Not Active, Not Active
2026/09/30 14:31:51.152, 2662, 13365, 138.18, 56, 0x0000000000000000, Not Active, Not Active
2026/09/30 14:31:51.252, 2647, 13365, 133.18, 57, 0x0000000000000000, Not Active, Not Active
2026/09/30 14:31:51.352, 2647, 13365, 133.18, 57, 0x0000000000000000, Not Active, Not Active
2026/09/30 14:31:51.452, 2647, 13365, 133.18, 57, 0x0000000000000000, Not Active, Not Active
2026/09/30 14:31:51.552, 2647, 13365, 133.18, 57, 0x0000000000000000, Not Active, Not Active
2026/09/30 14:31:51.652, 2647, 13365, 133.18, 57, 0x0000000000000000, Not Active, Not Active
2026/09/30 14:31:51.753, 2662, 13365, 134.73, 57, 0x0000000000000000, Not Active, Not Active
2026/09/30 14:31:51.853, 2662, 13365, 134.73, 57, 0x0000000000000000, Not Active, Not Active
2026/09/30 14:31:51.953, 2662, 13365, 134.73, 57, 0x0000000000000000, Not Active, Not Active
2026/09/30 14:31:52.053, 2662, 13365, 134.73, 57, 0x0000000000000000, Not Active, Not Active
2026/09/30 14:31:52.153, 2662, 13365, 134.73, 57, 0x0000000000000000, Not Active, Not Active
2026/09/30 14:31:52.254, 2677, 13365, 136.76, 56, 0x0000000000000000, Not Active, Not Active
2026/09/30 14:31:52.354, 2677, 13365, 136.76, 56, 0x0000000000000000, Not Active, Not Active
2026/09/30 14:31:52.455, 2677, 13365, 136.76, 56, 0x0000000000000000, Not Active, Not Active
2026/09/30 14:31:52.555, 2677, 13365, 136.76, 56, 0x0000000000000000, Not Active, Not Active
2026/09/30 14:31:52.655, 2677, 13365, 136.76, 56, 0x0000000000000000, Not Active, Not Active
2026/09/30 14:31:52.755, 2662, 13365, 135.07, 57, 0x0000000000000000, Not Active, Not Active
2026/09/30 14:31:52.855, 2662, 13365, 135.07, 57, 0x0000000000000000, Not Active, Not Active
2026/09/30 14:31:52.955, 2662, 13365, 135.07, 57, 0x0000000000000000, Not Active, Not Active
2026/09/30 14:31:53.055, 2662, 13365, 135.07, 57, 0x0000000000000000, Not Active, Not Active
2026/09/30 14:31:53.155, 2662, 13365, 135.07, 57, 0x0000000000000000, Not Active, Not Active
2026/09/30 14:31:53.256, 2662, 13365, 133.92, 56, 0x0000000000000000, Not Active, Not Active
2026/09/30 14:31:53.356, 2662, 13365, 133.92, 56, 0x0000000000000000, Not Active, Not Active
2026/09/30 14:31:53.456, 2662, 13365, 133.92, 56, 0x0000000000000000, Not Active, Not Active
2026/09/30 14:31:53.556, 2662, 13365, 133.92, 56, 0x0000000000000000, Not Active, Not Active
2026/09/30 14:31:53.656, 2662, 13365, 133.92, 56, 0x0000000000000000, Not Active, Not Active
2026/09/30 14:31:53.756, 2655, 13365, 134.38, 56, 0x0000000000000000, Not Active, Not Active
2026/09/30 14:31:53.856, 2655, 13365, 134.38, 56, 0x0000000000000000, Not Active, Not Active
2026/09/30 14:31:53.956, 2655, 13365, 134.38, 56, 0x0000000000000000, Not Active, Not Active
2026/09/30 14:31:54.056, 2655, 13365, 134.38, 56, 0x0000000000000000, Not Active, Not Active
2026/09/30 14:31:54.157, 2655, 13365, 134.38, 56, 0x0000000000000000, Not Active, Not Active
2026/09/30 14:31:54.257, 2655, 13365, 136.34, 56, 0x0000000000000000, Not Active, Not Active
2026/09/30 14:31:54.357, 2655, 13365, 136.34, 56, 0x0000000000000000, Not Active, Not Active
2026/09/30 14:31:54.457, 2655, 13365, 136.34, 56, 0x0000000000000000, Not Active, Not Active
2026/09/30 14:31:54.557, 2655, 13365, 136.34, 56, 0x0000000000000000, Not Active, Not Active
2026/09/30 14:31:54.657, 2655, 13365, 136.34, 56, 0x0000000000000000, Not Active, Not Active
2026/09/30 14:31:54.757, 2662, 13365, 134.54, 56, 0x0000000000000000, Not Active, Not Active
2026/09/30 14:31:54.857, 2662, 13365, 134.54, 56, 0x0000000000000000, Not Active, Not Active
2026/09/30 14:31:54.957, 2662, 13365, 134.54, 56, 0x0000000000000000, Not Active, Not Active
2026/09/30 14:31:55.058, 2662, 13365, 134.54, 56, 0x0000000000000000, Not Active, Not Active
2026/09/30 14:31:55.158, 2662, 13365, 134.54, 56, 0x0000000000000000, Not Active, Not Active
2026/09/30 14:31:55.258, 2677, 13365, 135.78, 56, 0x0000000000000000, Not Active, Not Active
2026/09/30 14:31:55.358, 2677, 13365, 135.78, 56, 0x0000000000000000, Not Active, Not Active
2026/09/30 14:31:55.458, 2677, 13365, 135.78, 56, 0x0000000000000000, Not Active, Not Active
2026/09/30 14:31:55.558, 2677, 13365, 135.78, 56, 0x0000000000000000, Not Active, Not Active
2026/09/30 14:31:55.658, 2677, 13365, 135.78, 56, 0x0000000000000000, Not Active, Not Active
2026/09/30 14:31:55.759, 2692, 13365, 143.67, 56, 0x0000000000000000, Not Active, Not Active
2026/09/30 14:31:55.859, 2692, 13365, 143.67, 56, 0x0000000000000000, Not Active, Not Active
2026/09/30 14:31:55.959, 2692, 13365, 143.67, 56, 0x0000000000000000, Not Active, Not Active
2026/09/30 14:31:56.059, 2692, 13365, 143.67, 56, 0x0000000000000000, Not Active, Not Active
2026/09/30 14:31:56.159, 2692, 13365, 143.67, 56, 0x0000000000000000, Not Active, Not Active
2026/09/30 14:31:56.259, 2677, 13365, 135.69, 56, 0x0000000000000000, Not Active, Not Active
2026/09/30 14:31:56.359, 2677, 13365, 135.69, 56, 0x0000000000000000, Not Active, Not Active
2026/09/30 14:31:56.459, 2677, 13365, 135.69, 56, 0x0000000000000000, Not Active, Not Active
2026/09/30 14:31:56.560, 2677, 13365, 135.69, 56, 0x0000000000000000, Not Active, Not Active
2026/09/30 14:31:56.660, 2677, 13365, 135.69, 56, 0x0000000000000000, Not Active, Not Active
2026/09/30 14:31:56.760, 2647, 13365, 132.11, 56, 0x0000000000000000, Not Active, Not Active
2026/09/30 14:31:56.860, 2647, 13365, 132.11, 56, 0x0000000000000000, Not Active, Not Active
2026/09/30 14:31:56.960, 2647, 13365, 132.11, 56, 0x0000000000000000, Not Active, Not Active
2026/09/30 14:31:57.060, 2647, 13365, 132.11, 56, 0x0000000000000000, Not Active, Not Active
2026/09/30 14:31:57.160, 2647, 13365, 132.11, 56, 0x0000000000000000, Not Active, Not Active
2026/09/30 14:31:57.261, 2662, 13365, 140.99, 56, 0x0000000000000000, Not Active, Not Active
2026/09/30 14:31:57.361, 2662, 13365, 140.99, 56, 0x0000000000000000, Not Active, Not Active
2026/09/30 14:31:57.461, 2662, 13365, 140.99, 56, 0x0000000000000000, Not Active, Not Active
2026/09/30 14:31:57.561, 2662, 13365, 140.99, 56, 0x0000000000000000, Not Active, Not Active
2026/09/30 14:31:57.661, 2662, 13365, 140.99, 56, 0x0000000000000000, Not Active, Not Active
2026/09/30 14:31:57.761, 2662, 13365, 143.25, 56, 0x0000000000000000, Not Active, Not Active
2026/09/30 14:31:57.861, 2662, 13365, 143.25, 56, 0x0000000000000000, Not Active, Not Active
2026/09/30 14:31:57.962, 2662, 13365, 143.25, 56, 0x0000000000000000, Not Active, Not Active
2026/09/30 14:31:58.062, 2662, 13365, 143.25, 56, 0x0000000000000000, Not Active, Not Active
2026/09/30 14:31:58.162, 2662, 13365, 143.25, 56, 0x0000000000000000, Not Active, Not Active
2026/09/30 14:31:58.262, 2647, 13365, 138.67, 56, 0x0000000000000000, Not Active, Not Active
2026/09/30 14:31:58.362, 2647, 13365, 138.67, 56, 0x0000000000000000, Not Active, Not Active
2026/09/30 14:31:58.462, 2647, 13365, 138.67, 56, 0x0000000000000000, Not Active, Not Active
2026/09/30 14:31:58.562, 2647, 13365, 138.67, 56, 0x0000000000000000, Not Active, Not Active
2026/09/30 14:31:58.662, 2647, 13365, 138.67, 56, 0x0000000000000000, Not Active, Not Active
2026/09/30 14:31:58.763, 2632, 13365, 142.70, 57, 0x0000000000000000, Not Active, Not Active
2026/09/30 14:31:58.863, 2632, 13365, 142.70, 57, 0x0000000000000000, Not Active, Not Active
2026/09/30 14:31:58.963, 2632, 13365, 142.70, 57, 0x0000000000000000, Not Active, Not Active
2026/09/30 14:31:59.063, 2632, 13365, 142.70, 57, 0x0000000000000000, Not Active, Not Active
2026/09/30 14:31:59.163, 2632, 13365, 142.70, 57, 0x0000000000000000, Not Active, Not Active
2026/09/30 14:31:59.263, 2640, 13365, 151.54, 57, 0x0000000000000000, Not Active, Not Active
2026/09/30 14:31:59.363, 2640, 13365, 151.54, 57, 0x0000000000000000, Not Active, Not Active
2026/09/30 14:31:59.463, 2640, 13365, 151.54, 57, 0x0000000000000000, Not Active, Not Active
2026/09/30 14:31:59.564, 2640, 13365, 151.54, 57, 0x0000000000000000, Not Active, Not Active
2026/09/30 14:31:59.664, 2640, 13365, 151.54, 57, 0x0000000000000000, Not Active, Not Active
2026/09/30 14:31:59.764, 2640, 13365, 155.59, 56, 0x0000000000000000, Not Active, Not Active
2026/09/30 14:31:59.864, 2640, 13365, 155.59, 56, 0x0000000000000000, Not Active, Not Active
2026/09/30 14:31:59.964, 2640, 13365, 155.59, 56, 0x0000000000000000, Not Active, Not Active
2026/09/30 14:32:00.064, 2640, 13365, 155.59, 56, 0x0000000000000000, Not Active, Not Active
2026/09/30 14:32:00.164, 2640, 13365, 155.59, 56, 0x0000000000000000, Not Active, Not Active
2026/09/30 14:32:00.265, 2625, 13365, 146.64, 56, 0x0000000000000000, Not Active, Not Active
2026/09/30 14:32:00.365, 2625, 13365, 146.64, 56, 0x0000000000000000, Not Active, Not Active
2026/09/30 14:32:00.465, 2625, 13365, 146.64, 56, 0x0000000000000000, Not Active, Not Active
2026/09/30 14:32:00.565, 2625, 13365, 146.64, 56, 0x0000000000000000, Not Active, Not Active
2026/09/30 14:32:00.665, 2625, 13365, 146.64, 56, 0x0000000000000000, Not Active, Not Active
2026/09/30 14:32:00.765, 2617, 13365, 154.15, 56, 0x0000000000000000, Not Active, Not Active
2026/09/30 14:32:00.865, 2617, 13365, 154.15, 56, 0x0000000000000000, Not Active, Not Active
2026/09/30 14:32:00.965, 2617, 13365, 154.15, 56, 0x0000000000000000, Not Active, Not Active
2026/09/30 14:32:01.066, 2617, 13365, 154.15, 56, 0x0000000000000000, Not Active, Not Active
2026/09/30 14:32:01.166, 2617, 13365, 154.15, 56, 0x0000000000000000, Not Active, Not Active
2026/09/30 14:32:01.266, 2617, 13365, 176.42, 56, 0x0000000000000000, Not Active, Not Active
2026/09/30 14:32:01.366, 2617, 13365, 176.42, 56, 0x0000000000000000, Not Active, Not Active
2026/09/30 14:32:01.466, 2617, 13365, 176.42, 56, 0x0000000000000000, Not Active, Not Active
2026/09/30 14:32:01.566, 2617, 13365, 176.42, 56, 0x0000000000000000, Not Active, Not Active
2026/09/30 14:32:01.666, 2617, 13365, 176.42, 56, 0x0000000000000000, Not Active, Not Active
2026/09/30 14:32:01.767, 2617, 13365, 182.18, 57, 0x0000000000000000, Not Active, Not Active
2026/09/30 14:32:01.867, 2617, 13365, 182.18, 57, 0x0000000000000000, Not Active, Not Active
2026/09/30 14:32:01.967, 2617, 13365, 182.18, 57, 0x0000000000000000, Not Active, Not Active
2026/09/30 14:32:02.067, 2617, 13365, 182.18, 57, 0x0000000000000000, Not Active, Not Active
2026/09/30 14:32:02.167, 2617, 13365, 182.18, 57, 0x0000000000000000, Not Active, Not Active
2026/09/30 14:32:02.267, 2610, 13365, 152.36, 58, 0x0000000000000000, Not Active, Not Active
2026/09/30 14:32:02.367, 2610, 13365, 152.36, 58, 0x0000000000000000, Not Active, Not Active
2026/09/30 14:32:02.467, 2610, 13365, 152.36, 58, 0x0000000000000000, Not Active, Not Active
2026/09/30 14:32:02.568, 2610, 13365, 152.36, 58, 0x0000000000000000, Not Active, Not Active
2026/09/30 14:32:02.668, 2610, 13365, 152.36, 58, 0x0000000000000000, Not Active, Not Active
2026/09/30 14:32:02.768, 2572, 13365, 178.29, 57, 0x0000000000000000, Not Active, Not Active
2026/09/30 14:32:02.868, 2572, 13365, 178.29, 57, 0x0000000000000000, Not Active, Not Active
2026/09/30 14:32:02.968, 2572, 13365, 178.29, 57, 0x0000000000000000, Not Active, Not Active
2026/09/30 14:32:03.068, 2572, 13365, 178.29, 57, 0x0000000000000000, Not Active, Not Active
2026/09/30 14:32:03.168, 2572, 13365, 178.29, 57, 0x0000000000000000, Not Active, Not Active
2026/09/30 14:32:03.269, 2572, 13365, 230.21, 59, 0x0000000000000000, Not Active, Not Active
2026/09/30 14:32:03.369, 2572, 13365, 230.21, 59, 0x0000000000000000, Not Active, Not Active
2026/09/30 14:32:03.469, 2572, 13365, 230.21, 59, 0x0000000000000000, Not Active, Not Active
2026/09/30 14:32:03.569, 2572, 13365, 230.21, 59, 0x0000000000000000, Not Active, Not Active
2026/09/30 14:32:03.669, 2572, 13365, 230.21, 59, 0x0000000000000000, Not Active, Not Active
2026/09/30 14:32:03.769, 2595, 13365, 220.59, 58, 0x0000000000000000, Not Active, Not Active
2026/09/30 14:32:03.869, 2595, 13365, 220.59, 58, 0x0000000000000000, Not Active, Not Active
2026/09/30 14:32:03.969, 2595, 13365, 220.59, 58, 0x0000000000000000, Not Active, Not Active
2026/09/30 14:32:04.070, 2595, 13365, 220.59, 58, 0x0000000000000000, Not Active, Not Active
2026/09/30 14:32:04.170, 2595, 13365, 220.59, 58, 0x0000000000000000, Not Active, Not Active
2026/09/30 14:32:04.270, 2580, 13365, 197.68, 56, 0x0000000000000000, Not Active, Not Active
2026/09/30 14:32:04.370, 2580, 13365, 197.68, 56, 0x0000000000000000, Not Active, Not Active
2026/09/30 14:32:04.470, 2580, 13365, 197.68, 56, 0x0000000000000000, Not Active, Not Active
2026/09/30 14:32:04.570, 2580, 13365, 197.68, 56, 0x0000000000000000, Not Active, Not Active
2026/09/30 14:32:04.670, 2580, 13365, 197.68, 56, 0x0000000000000000, Not Active, Not Active
2026/09/30 14:32:04.771, 2557, 13365, 195.15, 63, 0x0000000000000000, Not Active, Not Active
2026/09/30 14:32:04.871, 2557, 13365, 195.15, 63, 0x0000000000000000, Not Active, Not Active
2026/09/30 14:32:04.971, 2557, 13365, 195.15, 63, 0x0000000000000000, Not Active, Not Active
2026/09/30 14:32:05.071, 2557, 13365, 195.15, 63, 0x0000000000000000, Not Active, Not Active
2026/09/30 14:32:05.171, 2557, 13365, 195.15, 63, 0x0000000000000000, Not Active, Not Active
2026/09/30 14:32:05.271, 2587, 13365, 227.92, 61, 0x0000000000000000, Not Active, Not Active
2026/09/30 14:32:05.371, 2587, 13365, 227.92, 61, 0x0000000000000000, Not Active, Not Active
2026/09/30 14:32:05.471, 2587, 13365, 227.92, 61, 0x0000000000000000, Not Active, Not Active
2026/09/30 14:32:05.572, 2587, 13365, 227.92, 61, 0x0000000000000000, Not Active, Not Active
2026/09/30 14:32:05.672, 2587, 13365, 227.92, 61, 0x0000000000000000, Not Active, Not Active
2026/09/30 14:32:05.772, 2550, 13365, 288.74, 62, 0x0000000000000000, Not Active, Not Active
2026/09/30 14:32:05.872, 2550, 13365, 288.74, 62, 0x0000000000000000, Not Active, Not Active
2026/09/30 14:32:05.972, 2550, 13365, 288.74, 62, 0x0000000000000000, Not Active, Not Active
2026/09/30 14:32:06.072, 2550, 13365, 288.74, 62, 0x0000000000000000, Not Active, Not Active
2026/09/30 14:32:06.172, 2550, 13365, 288.74, 62, 0x0000000000000000, Not Active, Not Active
2026/09/30 14:32:06.273, 2685, 13365, 288.20, 61, 0x0000000000000000, Not Active, Not Active
2026/09/30 14:32:06.373, 2685, 13365, 288.20, 61, 0x0000000000000000, Not Active, Not Active
2026/09/30 14:32:06.473, 2685, 13365, 288.20, 61, 0x0000000000000000, Not Active, Not Active
2026/09/30 14:32:06.573, 2685, 13365, 288.20, 61, 0x0000000000000000, Not Active, Not Active
2026/09/30 14:32:06.673, 2685, 13365, 288.20, 61, 0x0000000000000000, Not Active, Not Active
2026/09/30 14:32:06.773, 2557, 13365, 252.81, 57, 0x0000000000000000, Not Active, Not Active
2026/09/30 14:32:06.873, 2557, 13365, 252.81, 57, 0x0000000000000000, Not Active, Not Active
2026/09/30 14:32:06.973, 2557, 13365, 252.81, 57, 0x0000000000000000, Not Active, Not Active
2026/09/30 14:32:07.074, 2557, 13365, 252.81, 57, 0x0000000000000000, Not Active, Not Active
2026/09/30 14:32:07.174, 2557, 13365, 252.81, 57, 0x0000000000000000, Not Active, Not Active
2026/09/30 14:32:07.274, 2737, 13365, 173.64, 56, 0x0000000000000000, Not Active, Not Active
2026/09/30 14:32:07.374, 2737, 13365, 173.64, 56, 0x0000000000000000, Not Active, Not Active
2026/09/30 14:32:07.474, 2737, 13365, 173.64, 56, 0x0000000000000000, Not Active, Not Active
2026/09/30 14:32:07.575, 2737, 13365, 173.64, 56, 0x0000000000000000, Not Active, Not Active
2026/09/30 14:32:07.675, 2737, 13365, 173.64, 56, 0x0000000000000000, Not Active, Not Active
2026/09/30 14:32:07.775, 2587, 13365, 191.23, 66, 0x0000000000000004, Active, Not Active
2026/09/30 14:32:07.875, 2587, 13365, 191.23, 66, 0x0000000000000004, Active, Not Active
2026/09/30 14:32:07.975, 2587, 13365, 191.23, 66, 0x0000000000000004, Active, Not Active
2026/09/30 14:32:08.075, 2587, 13365, 191.23, 66, 0x0000000000000004, Active, Not Active
2026/09/30 14:32:08.175, 2587, 13365, 191.23, 66, 0x0000000000000004, Active, Not Active
2026/09/30 14:32:08.275, 2437, 13365, 338.37, 67, 0x0000000000000004, Active, Not Active
2026/09/30 14:32:08.375, 2437, 13365, 338.37, 67, 0x0000000000000004, Active, Not Active
2026/09/30 14:32:08.476, 2437, 13365, 338.37, 67, 0x0000000000000004, Active, Not Active
2026/09/30 14:32:08.576, 2437, 13365, 338.37, 67, 0x0000000000000004, Active, Not Active
2026/09/30 14:32:08.676, 2437, 13365, 338.37, 67, 0x0000000000000004, Active, Not Active
2026/09/30 14:32:08.776, 2572, 13365, 361.84, 66, 0x0000000000000004, Active, Not Active
2026/09/30 14:32:08.876, 2572, 13365, 361.84, 66, 0x0000000000000004, Active, Not Active
2026/09/30 14:32:08.976, 2572, 13365, 361.84, 66, 0x0000000000000004, Active, Not Active
2026/09/30 14:32:09.076, 2572, 13365, 361.84, 66, 0x0000000000000004, Active, Not Active
2026/09/30 14:32:09.176, 2572, 13365, 361.84, 66, 0x0000000000000004, Active, Not Active
2026/09/30 14:32:09.276, 2490, 13365, 354.20, 62, 0x0000000000000000, Not Active, Not Active
2026/09/30 14:32:09.377, 2490, 13365, 354.20, 62, 0x0000000000000000, Not Active, Not Active
2026/09/30 14:32:09.477, 2490, 13365, 354.20, 62, 0x0000000000000000, Not Active, Not Active
2026/09/30 14:32:09.577, 2490, 13365, 354.20, 62, 0x0000000000000000, Not Active, Not Active
2026/09/30 14:32:09.677, 2490, 13365, 354.20, 62, 0x0000000000000000, Not Active, Not Active
2026/09/30 14:32:09.777, 2685, 13365, 352.77, 67, 0x0000000000000004, Active, Not Active
2026/09/30 14:32:09.877, 2685, 13365, 352.77, 67, 0x0000000000000004, Active, Not Active
2026/09/30 14:32:09.977, 2685, 13365, 352.77, 67, 0x0000000000000004, Active, Not Active
2026/09/30 14:32:10.077, 2685, 13365, 352.77, 67, 0x0000000000000004, Active, Not Active
2026/09/30 14:32:10.178, 2685, 13365, 352.77, 67, 0x0000000000000004, Active, Not Active
2026/09/30 14:32:10.278, 2467, 13365, 338.39, 61, 0x0000000000000000, Not Active, Not Active
2026/09/30 14:32:10.378, 2467, 13365, 338.39, 61, 0x0000000000000000, Not Active, Not Active
2026/09/30 14:32:10.478, 2467, 13365, 338.39, 61, 0x0000000000000000, Not Active, Not Active
2026/09/30 14:32:10.578, 2467, 13365, 338.39, 61, 0x0000000000000000, Not Active, Not Active
2026/09/30 14:32:10.678, 2467, 13365, 338.39, 61, 0x0000000000000000, Not Active, Not Active
2026/09/30 14:32:10.778, 2827, 13365, 254.48, 59, 0x0000000000000000, Not Active, Not Active
2026/09/30 14:32:10.878, 2827, 13365, 254.48, 59, 0x0000000000000000, Not Active, Not Active
2026/09/30 14:32:10.978, 2827, 13365, 254.48, 59, 0x0000000000000000, Not Active, Not Active
2026/09/30 14:32:11.079, 2827, 13365, 254.48, 59, 0x0000000000000000, Not Active, Not Active
2026/09/30 14:32:11.179, 2827, 13365, 254.48, 59, 0x0000000000000000, Not Active, Not Active
2026/09/30 14:32:11.279, 2827, 13365, 149.49, 58, 0x0000000000000000, Not Active, Not Active
2026/09/30 14:32:11.379, 2827, 13365, 149.49, 58, 0x0000000000000000, Not Active, Not Active
2026/09/30 14:32:11.479, 2827, 13365, 149.49, 58, 0x0000000000000000, Not Active, Not Active
2026/09/30 14:32:11.579, 2827, 13365, 149.49, 58, 0x0000000000000000, Not Active, Not Active
2026/09/30 14:32:11.679, 2827, 13365, 149.49, 58, 0x0000000000000000, Not Active, Not Active
2026/09/30 14:32:11.779, 2827, 13365, 144.07, 57, 0x0000000000000000, Not Active, Not Active
2026/09/30 14:32:11.879, 2827, 13365, 144.07, 57, 0x0000000000000000, Not Active, Not Active
2026/09/30 14:32:11.980, 2827, 13365, 144.07, 57, 0x0000000000000000, Not Active, Not Active
2026/09/30 14:32:12.080, 2827, 13365, 144.07, 57, 0x0000000000000000, Not Active, Not Active
2026/09/30 14:32:12.180, 2827, 13365, 144.07, 57, 0x0000000000000000, Not Active, Not Active
2026/09/30 14:32:12.280, 2692, 13365, 140.83, 58, 0x0000000000000000, Not Active, Not Active
2026/09/30 14:32:12.380, 2692, 13365, 140.83, 58, 0x0000000000000000, Not Active, Not Active
2026/09/30 14:32:12.480, 2692, 13365, 140.83, 58, 0x0000000000000000, Not Active, Not Active
2026/09/30 14:32:12.580, 2692, 13365, 140.83, 58, 0x0000000000000000, Not Active, Not Active
2026/09/30 14:32:12.680, 2692, 13365, 140.83, 58, 0x0000000000000000, Not Active, Not Active
2026/09/30 14:32:12.781, 2662, 13365, 137.54, 57, 0x0000000000000000, Not Active, Not Active
2026/09/30 14:32:12.881, 2662, 13365, 137.54, 57, 0x0000000000000000, Not Active, Not Active
2026/09/30 14:32:12.981, 2662, 13365, 137.54, 57, 0x0000000000000000, Not Active, Not Active
2026/09/30 14:32:13.081, 2662, 13365, 137.54, 57, 0x0000000000000000, Not Active, Not Active
2026/09/30 14:32:13.181, 2662, 13365, 137.54, 57, 0x0000000000000000, Not Active, Not Active
2026/09/30 14:32:13.281, 2655, 13365, 137.05, 57, 0x0000000000000000, Not Active, Not Active
2026/09/30 14:32:13.381, 2655, 13365, 137.05, 57, 0x0000000000000000, Not Active, Not Active
2026/09/30 14:32:13.481, 2655, 13365, 137.05, 57, 0x0000000000000000, Not Active, Not Active
2026/09/30 14:32:13.582, 2655, 13365, 137.05, 57, 0x0000000000000000, Not Active, Not Active
2026/09/30 14:32:13.682, 2655, 13365, 137.05, 57, 0x0000000000000000, Not Active, Not Active
2026/09/30 14:32:13.782, 2647, 13365, 140.73, 58, 0x0000000000000000, Not Active, Not Active
2026/09/30 14:32:13.882, 2647, 13365, 140.73, 58, 0x0000000000000000, Not Active, Not Active
2026/09/30 14:32:13.982, 2647, 13365, 140.73, 58, 0x0000000000000000, Not Active, Not Active
2026/09/30 14:32:14.082, 2647, 13365, 140.73, 58, 0x0000000000000000, Not Active, Not Active
2026/09/30 14:32:14.182, 2647, 13365, 140.73, 58, 0x0000000000000000, Not Active, Not Active
2026/09/30 14:32:14.283, 2685, 13365, 132.98, 57, 0x0000000000000000, Not Active, Not Active
2026/09/30 14:32:14.383, 2685, 13365, 132.98, 57, 0x0000000000000000, Not Active, Not Active
2026/09/30 14:32:14.483, 2685, 13365, 132.98, 57, 0x0000000000000000, Not Active, Not Active
2026/09/30 14:32:14.583, 2685, 13365, 132.98, 57, 0x0000000000000000, Not Active, Not Active
2026/09/30 14:32:14.683, 2685, 13365, 132.98, 57, 0x0000000000000000, Not Active, Not Active
2026/09/30 14:32:14.783, 2685, 13365, 132.56, 57, 0x0000000000000000, Not Active, Not Active
2026/09/30 14:32:14.883, 2685, 13365, 132.56, 57, 0x0000000000000000, Not Active, Not Active
2026/09/30 14:32:14.983, 2685, 13365, 132.56, 57, 0x0000000000000000, Not Active, Not Active
2026/09/30 14:32:15.084, 2685, 13365, 132.56, 57, 0x0000000000000000, Not Active, Not Active
2026/09/30 14:32:15.184, 2685, 13365, 132.56, 57, 0x0000000000000000, Not Active, Not Active
2026/09/30 14:32:15.284, 2692, 13365, 139.14, 56, 0x0000000000000000, Not Active, Not Active
2026/09/30 14:32:15.384, 2692, 13365, 139.14, 56, 0x0000000000000000, Not Active, Not Active
2026/09/30 14:32:15.484, 2692, 13365, 139.14, 56, 0x0000000000000000, Not Active, Not Active
2026/09/30 14:32:15.584, 2692, 13365, 139.14, 56, 0x0000000000000000, Not Active, Not Active
2026/09/30 14:32:15.684, 2692, 13365, 139.14, 56, 0x0000000000000000, Not Active, Not Active
2026/09/30 14:32:15.785, 2662, 13365, 135.64, 57, 0x0000000000000000, Not Active, Not Active
2026/09/30 14:32:15.885, 2662, 13365, 135.64, 57, 0x0000000000000000, Not Active, Not Active
2026/09/30 14:32:15.985, 2662, 13365, 135.64, 57, 0x0000000000000000, Not Active, Not Active
2026/09/30 14:32:16.085, 2662, 13365, 135.64, 57, 0x0000000000000000, Not Active, Not Active
2026/09/30 14:32:16.185, 2662, 13365, 135.64, 57, 0x0000000000000000, Not Active, Not Active
2026/09/30 14:32:16.285, 2655, 13365, 134.52, 57, 0x0000000000000000, Not Active, Not Active
2026/09/30 14:32:16.385, 2655, 13365, 134.52, 57, 0x0000000000000000, Not Active, Not Active
2026/09/30 14:32:16.486, 2655, 13365, 134.52, 57, 0x0000000000000000, Not Active, Not Active
2026/09/30 14:32:16.586, 2655, 13365, 134.52, 57, 0x0000000000000000, Not Active, Not Active
2026/09/30 14:32:16.686, 2655, 13365, 134.52, 57, 0x0000000000000000, Not Active, Not Active
2026/09/30 14:32:16.786, 2647, 13365, 140.51, 57, 0x0000000000000000, Not Active, Not Active
2026/09/30 14:32:16.886, 2647, 13365, 140.51, 57, 0x0000000000000000, Not Active, Not Active
2026/09/30 14:32:16.986, 2647, 13365, 140.51, 57, 0x0000000000000000, Not Active, Not Active
2026/09/30 14:32:17.086, 2647, 13365, 140.51, 57, 0x0000000000000000, Not Active, Not Active
2026/09/30 14:32:17.187, 2647, 13365, 140.51, 57, 0x0000000000000000, Not Active, Not Active
2026/09/30 14:32:17.287, 2655, 13365, 138.62, 56, 0x0000000000000000, Not Active, Not Active
2026/09/30 14:32:17.387, 2655, 13365, 138.62, 56, 0x0000000000000000, Not Active, Not Active
2026/09/30 14:32:17.487, 2655, 13365, 138.62, 56, 0x0000000000000000, Not Active, Not Active
2026/09/30 14:32:17.587, 2655, 13365, 138.62, 56, 0x0000000000000000, Not Active, Not Active
2026/09/30 14:32:17.687, 2655, 13365, 138.62, 56, 0x0000000000000000, Not Active, Not Active
2026/09/30 14:32:17.787, 2692, 13365, 134.28, 56, 0x0000000000000000, Not Active, Not Active
2026/09/30 14:32:17.888, 2692, 13365, 134.28, 56, 0x0000000000000000, Not Active, Not Active
2026/09/30 14:32:17.988, 2692, 13365, 134.28, 56, 0x0000000000000000, Not Active, Not Active
2026/09/30 14:32:18.088, 2692, 13365, 134.28, 56, 0x0000000000000000, Not Active, Not Active
2026/09/30 14:32:18.188, 2692, 13365, 134.28, 56, 0x0000000000000000, Not Active, Not Active
2026/09/30 14:32:18.288, 2677, 13365, 141.19, 57, 0x0000000000000000, Not Active, Not Active
2026/09/30 14:32:18.388, 2677, 13365, 141.19, 57, 0x0000000000000000, Not Active, Not Active
2026/09/30 14:32:18.488, 2677, 13365, 141.19, 57, 0x0000000000000000, Not Active, Not Active
2026/09/30 14:32:18.589, 2677, 13365, 141.19, 57, 0x0000000000000000, Not Active, Not Active
2026/09/30 14:32:18.689, 2677, 13365, 141.19, 57, 0x0000000000000000, Not Active, Not Active
2026/09/30 14:32:18.789, 2677, 13365, 139.06, 57, 0x0000000000000000, Not Active, Not Active
2026/09/30 14:32:18.889, 2677, 13365, 139.06, 57, 0x0000000000000000, Not Active, Not Active
2026/09/30 14:32:18.989, 2677, 13365, 139.06, 57, 0x0000000000000000, Not Active, Not Active
2026/09/30 14:32:19.089, 2677, 13365, 139.06, 57, 0x0000000000000000, Not Active, Not Active
2026/09/30 14:32:19.189, 2677, 13365, 139.06, 57, 0x0000000000000000, Not Active, Not Active
2026/09/30 14:32:19.289, 2647, 13365, 129.82, 57, 0x0000000000000000, Not Active, Not Active
2026/09/30 14:32:19.390, 2647, 13365, 129.82, 57, 0x0000000000000000, Not Active, Not Active
2026/09/30 14:32:19.490, 2647, 13365, 129.82, 57, 0x0000000000000000, Not Active, Not Active
2026/09/30 14:32:19.590, 2647, 13365, 129.82, 57, 0x0000000000000000, Not Active, Not Active
2026/09/30 14:32:19.690, 2647, 13365, 129.82, 57, 0x0000000000000000, Not Active, Not Active
2026/09/30 14:32:19.790, 2677, 13365, 131.29, 57, 0x0000000000000000, Not Active, Not Active
2026/09/30 14:32:19.890, 2677, 13365, 131.29, 57, 0x0000000000000000, Not Active, Not Active
2026/09/30 14:32:19.990, 2677, 13365, 131.29, 57, 0x0000000000000000, Not Active, Not Active
2026/09/30 14:32:20.090, 2677, 13365, 131.29, 57, 0x0000000000000000, Not Active, Not Active
2026/09/30 14:32:20.190, 2677, 13365, 131.29, 57, 0x0000000000000000, Not Active, Not Active
2026/09/30 14:32:20.291, 2677, 13365, 142.86, 56, 0x0000000000000000, Not Active, Not Active
2026/09/30 14:32:20.391, 2677, 13365, 142.86, 56, 0x0000000000000000, Not Active, Not Active
2026/09/30 14:32:20.491, 2677, 13365, 142.86, 56, 0x0000000000000000, Not Active, Not Active
2026/09/30 14:32:20.591, 2677, 13365, 142.86, 56, 0x0000000000000000, Not Active, Not Active
2026/09/30 14:32:20.691, 2677, 13365, 142.86, 56, 0x0000000000000000, Not Active, Not Active
2026/09/30 14:32:20.791, 2685, 13365, 146.32, 56, 0x0000000000000000, Not Active, Not Active
2026/09/30 14:32:20.891, 2685, 13365, 146.32, 56, 0x0000000000000000, Not Active, Not Active
2026/09/30 14:32:20.991, 2685, 13365, 146.32, 56, 0x0000000000000000, Not Active, Not Active
2026/09/30 14:32:21.092, 2685, 13365, 146.32, 56, 0x0000000000000000, Not Active, Not Active
2026/09/30 14:32:21.192, 2685, 13365, 146.32, 56, 0x0000000000000000, Not Active, Not Active
2026/09/30 14:32:21.292, 2640, 13365, 141.11, 58, 0x0000000000000000, Not Active, Not Active
2026/09/30 14:32:21.392, 2640, 13365, 141.11, 58, 0x0000000000000000, Not Active, Not Active
2026/09/30 14:32:21.492, 2640, 13365, 141.11, 58, 0x0000000000000000, Not Active, Not Active
2026/09/30 14:32:21.592, 2640, 13365, 141.11, 58, 0x0000000000000000, Not Active, Not Active
2026/09/30 14:32:21.692, 2640, 13365, 141.11, 58, 0x0000000000000000, Not Active, Not Active
2026/09/30 14:32:21.793, 2647, 13365, 138.25, 57, 0x0000000000000000, Not Active, Not Active
2026/09/30 14:32:21.893, 2647, 13365, 138.25, 57, 0x0000000000000000, Not Active, Not Active
2026/09/30 14:32:21.993, 2647, 13365, 138.25, 57, 0x0000000000000000, Not Active, Not Active
2026/09/30 14:32:22.093, 2647, 13365, 138.25, 57, 0x0000000000000000, Not Active, Not Active
2026/09/30 14:32:22.193, 2647, 13365, 138.25, 57, 0x0000000000000000, Not Active, Not Active
2026/09/30 14:32:22.293, 2655, 13365, 146.96, 56, 0x0000000000000000, Not Active, Not Active
2026/09/30 14:32:22.393, 2655, 13365, 146.96, 56, 0x0000000000000000, Not Active, Not Active
2026/09/30 14:32:22.494, 2655, 13365, 146.96, 56, 0x0000000000000000, Not Active, Not Active
2026/09/30 14:32:22.594, 2655, 13365, 146.96, 56, 0x0000000000000000, Not Active, Not Active
2026/09/30 14:32:22.694, 2655, 13365, 146.96, 56, 0x0000000000000000, Not Active, Not Active
2026/09/30 14:32:22.794, 2662, 13365, 153.77, 57, 0x0000000000000000, Not Active, Not Active
2026/09/30 14:32:22.894, 2662, 13365, 153.77, 57, 0x0000000000000000, Not Active, Not Active
2026/09/30 14:32:22.994, 2662, 13365, 153.77, 57, 0x0000000000000000, Not Active, Not Active
2026/09/30 14:32:23.094, 2662, 13365, 153.77, 57, 0x0000000000000000, Not Active, Not Active
2026/09/30 14:32:23.195, 2662, 13365, 153.77, 57, 0x0000000000000000, Not Active, Not Active
2026/09/30 14:32:23.295, 2610, 13365, 142.09, 57, 0x0000000000000000, Not Active, Not Active
2026/09/30 14:32:23.395, 2610, 13365, 142.09, 57, 0x0000000000000000, Not Active, Not Active
2026/09/30 14:32:23.495, 2610, 13365, 142.09, 57, 0x0000000000000000, Not Active, Not Active
2026/09/30 14:32:23.595, 2610, 13365, 142.09, 57, 0x0000000000000000, Not Active, Not Active
2026/09/30 14:32:23.695, 2610, 13365, 142.09, 57, 0x0000000000000000, Not Active, Not Active
2026/09/30 14:32:23.795, 2647, 13365, 144.07, 57, 0x0000000000000000, Not Active, Not Active
2026/09/30 14:32:23.895, 2647, 13365, 144.07, 57, 0x0000000000000000, Not Active, Not Active
2026/09/30 14:32:23.996, 2647, 13365, 144.07, 57, 0x0000000000000000, Not Active, Not Active
2026/09/30 14:32:24.096, 2647, 13365, 144.07, 57, 0x0000000000000000, Not Active, Not Active
2026/09/30 14:32:24.196, 2647, 13365, 144.07, 57, 0x0000000000000000, Not Active, Not Active
2026/09/30 14:32:24.296, 2647, 13365, 164.67, 56, 0x0000000000000000, Not Active, Not Active
2026/09/30 14:32:24.396, 2647, 13365, 164.67, 56, 0x0000000000000000, Not Active, Not Active
2026/09/30 14:32:24.496, 2647, 13365, 164.67, 56, 0x0000000000000000, Not Active, Not Active
2026/09/30 14:32:24.596, 2647, 13365, 164.67, 56, 0x0000000000000000, Not Active, Not Active
2026/09/30 14:32:24.696, 2647, 13365, 164.67, 56, 0x0000000000000000, Not Active, Not Active
2026/09/30 14:32:24.796, 2647, 13365, 162.75, 57, 0x0000000000000000, Not Active, Not Active
2026/09/30 14:32:24.897, 2647, 13365, 162.75, 57, 0x0000000000000000, Not Active, Not Active
2026/09/30 14:32:24.997, 2647, 13365, 162.75, 57, 0x0000000000000000, Not Active, Not Active
2026/09/30 14:32:25.097, 2647, 13365, 162.75, 57, 0x0000000000000000, Not Active, Not Active
2026/09/30 14:32:25.197, 2647, 13365, 162.75, 57, 0x0000000000000000, Not Active, Not Active
2026/09/30 14:32:25.297, 2610, 13365, 136.62, 56, 0x0000000000000000, Not Active, Not Active
2026/09/30 14:32:25.397, 2610, 13365, 136.62, 56, 0x0000000000000000, Not Active, Not Active
2026/09/30 14:32:25.497, 2610, 13365, 136.62, 56, 0x0000000000000000, Not Active, Not Active
2026/09/30 14:32:25.597, 2610, 13365, 136.62, 56, 0x0000000000000000, Not Active, Not Active
2026/09/30 14:32:25.698, 2610, 13365, 136.62, 56, 0x0000000000000000, Not Active, Not Active
2026/09/30 14:32:25.798, 2625, 13365, 143.73, 58, 0x0000000000000000, Not Active, Not Active
2026/09/30 14:32:25.898, 2625, 13365, 143.73, 58, 0x0000000000000000, Not Active, Not Active
2026/09/30 14:32:25.998, 2625, 13365, 143.73, 58, 0x0000000000000000, Not Active, Not Active
2026/09/30 14:32:26.098, 2625, 13365, 143.73, 58, 0x0000000000000000, Not Active, Not Active
2026/09/30 14:32:26.198, 2625, 13365, 143.73, 58, 0x0000000000000000, Not Active, Not Active
2026/09/30 14:32:26.298, 2625, 13365, 183.24, 60, 0x0000000000000000, Not Active, Not Active
2026/09/30 14:32:26.398, 2625, 13365, 183.24, 60, 0x0000000000000000, Not Active, Not Active
2026/09/30 14:32:26.498, 2625, 13365, 183.24, 60, 0x0000000000000000, Not Active, Not Active
2026/09/30 14:32:26.599, 2625, 13365, 183.24, 60, 0x0000000000000000, Not Active, Not Active
2026/09/30 14:32:26.699, 2625, 13365, 183.24, 60, 0x0000000000000000, Not Active, Not Active
2026/09/30 14:32:26.799, 2625, 13365, 183.56, 58, 0x0000000000000000, Not Active, Not Active
2026/09/30 14:32:26.899, 2625, 13365, 183.56, 58, 0x0000000000000000, Not Active, Not Active
2026/09/30 14:32:26.999, 2625, 13365, 183.56, 58, 0x0000000000000000, Not Active, Not Active
2026/09/30 14:32:27.099, 2625, 13365, 183.56, 58, 0x0000000000000000, Not Active, Not Active
2026/09/30 14:32:27.199, 2625, 13365, 183.56, 58, 0x0000000000000000, Not Active, Not Active
2026/09/30 14:32:27.299, 2625, 13365, 164.68, 56, 0x0000000000000000, Not Active, Not Active
2026/09/30 14:32:27.399, 2625, 13365, 164.68, 56, 0x0000000000000000, Not Active, Not Active
2026/09/30 14:32:27.500, 2625, 13365, 164.68, 56, 0x0000000000000000, Not Active, Not Active
2026/09/30 14:32:27.600, 2625, 13365, 164.68, 56, 0x0000000000000000, Not Active, Not Active
2026/09/30 14:32:27.700, 2625, 13365, 164.68, 56, 0x0000000000000000, Not Active, Not Active
2026/09/30 14:32:27.800, 2610, 13365, 152.54, 58, 0x0000000000000000, Not Active, Not Active
2026/09/30 14:32:27.900, 2610, 13365, 152.54, 58, 0x0000000000000000, Not Active, Not Active
2026/09/30 14:32:28.000, 2610, 13365, 152.54, 58, 0x0000000000000000, Not Active, Not Active
2026/09/30 14:32:28.100, 2610, 13365, 152.54, 58, 0x0000000000000000, Not Active, Not Active
2026/09/30 14:32:28.200, 2610, 13365, 152.54, 58, 0x0000000000000000, Not Active, Not Active
2026/09/30 14:32:28.300, 2572, 13365, 185.16, 61, 0x0000000000000000, Not Active, Not Active
2026/09/30 14:32:28.400, 2572, 13365, 185.16, 61, 0x0000000000000000, Not Active, Not Active
2026/09/30 14:32:28.501, 2572, 13365, 185.16, 61, 0x0000000000000000, Not Active, Not Active
2026/09/30 14:32:28.601, 2572, 13365, 185.16, 61, 0x0000000000000000, Not Active, Not Active
2026/09/30 14:32:28.701, 2572, 13365, 185.16, 61, 0x0000000000000000, Not Active, Not Active
2026/09/30 14:32:28.801, 2625, 13365, 223.10, 61, 0x0000000000000000, Not Active, Not Active
2026/09/30 14:32:28.901, 2625, 13365, 223.10, 61, 0x0000000000000000, Not Active, Not Active
2026/09/30 14:32:29.001, 2625, 13365, 223.10, 61, 0x0000000000000000, Not Active, Not Active
2026/09/30 14:32:29.101, 2625, 13365, 223.10, 61, 0x0000000000000000, Not Active, Not Active
2026/09/30 14:32:29.201, 2625, 13365, 223.10, 61, 0x0000000000000000, Not Active, Not Active
2026/09/30 14:32:29.301, 2602, 13365, 218.60, 57, 0x0000000000000000, Not Active, Not Active
2026/09/30 14:32:29.401, 2602, 13365, 218.60, 57, 0x0000000000000000, Not Active, Not Active
2026/09/30 14:32:29.502, 2602, 13365, 218.60, 57, 0x0000000000000000, Not Active, Not Active
2026/09/30 14:32:29.602, 2602, 13365, 218.60, 57, 0x0000000000000000, Not Active, Not Active
2026/09/30 14:32:29.702, 2602, 13365, 218.60, 57, 0x0000000000000000, Not Active, Not Active
2026/09/30 14:32:29.802, 2602, 13365, 216.91, 57, 0x0000000000000000, Not Active, Not Active
2026/09/30 14:32:29.902, 2602, 13365, 216.91, 57, 0x0000000000000000, Not Active, Not Active
2026/09/30 14:32:30.002, 2602, 13365, 216.91, 57, 0x0000000000000000, Not Active, Not Active
2026/09/30 14:32:30.102, 2602, 13365, 216.91, 57, 0x0000000000000000, Not Active, Not Active
2026/09/30 14:32:30.202, 2602, 13365, 216.91, 57, 0x0000000000000000, Not Active, Not Active
2026/09/30 14:32:30.302, 2662, 13365, 145.42, 56, 0x0000000000000000, Not Active, Not Active
2026/09/30 14:32:30.403, 2662, 13365, 145.42, 56, 0x0000000000000000, Not Active, Not Active
2026/09/30 14:32:30.503, 2662, 13365, 145.42, 56, 0x0000000000000000, Not Active, Not Active
2026/09/30 14:32:30.603, 2662, 13365, 145.42, 56, 0x0000000000000000, Not Active, Not Active
2026/09/30 14:32:30.703, 2662, 13365, 145.42, 56, 0x0000000000000000, Not Active, Not Active
2026/09/30 14:32:30.803, 2662, 13365, 118.40, 61, 0x0000000000000000, Not Active, Not Active
2026/09/30 14:32:30.903, 2662, 13365, 118.40, 61, 0x0000000000000000, Not Active, Not Active
2026/09/30 14:32:31.003, 2662, 13365, 118.40, 61, 0x0000000000000000, Not Active, Not Active
2026/09/30 14:32:31.103, 2662, 13365, 118.40, 61, 0x0000000000000000, Not Active, Not Active
2026/09/30 14:32:31.203, 2662, 13365, 118.40, 61, 0x0000000000000000, Not Active, Not Active
2026/09/30 14:32:31.304, 2677, 13365, 209.13, 63, 0x0000000000000000, Not Active, Not Active
2026/09/30 14:32:31.404, 2677, 13365, 209.13, 63, 0x0000000000000000, Not Active, Not Active
2026/09/30 14:32:31.504, 2677, 13365, 209.13, 63, 0x0000000000000000, Not Active, Not Active
2026/09/30 14:32:31.604, 2677, 13365, 209.13, 63, 0x0000000000000000, Not Active, Not Active
2026/09/30 14:32:31.704, 2677, 13365, 209.13, 63, 0x0000000000000000, Not Active, Not Active
2026/09/30 14:32:31.804, 2595, 13365, 296.21, 65, 0x0000000000000000, Not Active, Not Active
2026/09/30 14:32:31.904, 2595, 13365, 296.21, 65, 0x0000000000000000, Not Active, Not Active
2026/09/30 14:32:32.004, 2595, 13365, 296.21, 65, 0x0000000000000000, Not Active, Not Active
2026/09/30 14:32:32.104, 2595, 13365, 296.21, 65, 0x0000000000000000, Not Active, Not Active
2026/09/30 14:32:32.204, 2595, 13365, 296.21, 65, 0x0000000000000000, Not Active, Not Active
2026/09/30 14:32:32.305, 2670, 13365, 292.78, 60, 0x0000000000000000, Not Active, Not Active
2026/09/30 14:32:32.405, 2670, 13365, 292.78, 60, 0x0000000000000000, Not Active, Not Active
2026/09/30 14:32:32.505, 2670, 13365, 292.78, 60, 0x0000000000000000, Not Active, Not Active
2026/09/30 14:32:32.605, 2670, 13365, 292.78, 60, 0x0000000000000000, Not Active, Not Active
2026/09/30 14:32:32.705, 2670, 13365, 292.78, 60, 0x0000000000000000, Not Active, Not Active
2026/09/30 14:32:32.805, 2595, 13365, 277.26, 59, 0x0000000000000000, Not Active, Not Active
2026/09/30 14:32:32.905, 2595, 13365, 277.26, 59, 0x0000000000000000, Not Active, Not Active
2026/09/30 14:32:33.005, 2595, 13365, 277.26, 59, 0x0000000000000000, Not Active, Not Active
2026/09/30 14:32:33.105, 2595, 13365, 277.26, 59, 0x0000000000000000, Not Active, Not Active
2026/09/30 14:32:33.206, 2595, 13365, 277.26, 59, 0x0000000000000000, Not Active, Not Active
2026/09/30 14:32:33.306, 2595, 13365, 277.89, 59, 0x0000000000000000, Not Active, Not Active
2026/09/30 14:32:33.406, 2595, 13365, 277.89, 59, 0x0000000000000000, Not Active, Not Active
2026/09/30 14:32:33.506, 2595, 13365, 277.89, 59, 0x0000000000000000, Not Active, Not Active
2026/09/30 14:32:33.606, 2595, 13365, 277.89, 59, 0x0000000000000000, Not Active, Not Active
2026/09/30 14:32:33.706, 2595, 13365, 277.89, 59, 0x0000000000000000, Not Active, Not Active
2026/09/30 14:32:33.806, 2835, 13365, 184.76, 57, 0x0000000000000000, Not Active, Not Active
2026/09/30 14:32:33.906, 2835, 13365, 184.76, 57, 0x0000000000000000, Not Active, Not Active
2026/09/30 14:32:34.006, 2835, 13365, 184.76, 57, 0x0000000000000000, Not Active, Not Active
2026/09/30 14:32:34.107, 2835, 13365, 184.76, 57, 0x0000000000000000, Not Active, Not Active
2026/09/30 14:32:34.207, 2835, 13365, 184.76, 57, 0x0000000000000000, Not Active, Not Active
2026/09/30 14:32:34.307, 2835, 13365, 103.97, 57, 0x0000000000000000, Not Active, Not Active
2026/09/30 14:32:34.407, 2835, 13365, 103.97, 57, 0x0000000000000000, Not Active, Not Active
2026/09/30 14:32:34.507, 2835, 13365, 103.97, 57, 0x0000000000000000, Not Active, Not Active
2026/09/30 14:32:34.607, 2835, 13365, 103.97, 57, 0x0000000000000000, Not Active, Not Active
2026/09/30 14:32:34.707, 2835, 13365, 103.97, 57, 0x0000000000000000, Not Active, Not Active
2026/09/30 14:32:34.807, 2835, 13365, 101.65, 57, 0x0000000000000000, Not Active, Not Active
2026/09/30 14:32:34.908, 2835, 13365, 101.65, 57, 0x0000000000000000, Not Active, Not Active
2026/09/30 14:32:35.008, 2835, 13365, 101.65, 57, 0x0000000000000000, Not Active, Not Active
2026/09/30 14:32:35.108, 2835, 13365, 101.65, 57, 0x0000000000000000, Not Active, Not Active
2026/09/30 14:32:35.208, 2835, 13365, 101.65, 57, 0x0000000000000000, Not Active, Not Active
2026/09/30 14:32:35.308, 2640, 13365, 96.44, 56, 0x0000000000000000, Not Active, Not Active
2026/09/30 14:32:35.408, 2640, 13365, 96.44, 56, 0x0000000000000000, Not Active, Not Active
2026/09/30 14:32:35.508, 2640, 13365, 96.44, 56, 0x0000000000000000, Not Active, Not Active
2026/09/30 14:32:35.608, 2640, 13365, 96.44, 56, 0x0000000000000000, Not Active, Not Active
2026/09/30 14:32:35.709, 2640, 13365, 96.44, 56, 0x0000000000000000, Not Active, Not Active
2026/09/30 14:32:35.809, 2490, 13365, 243.18, 67, 0x0000000000000004, Active, Not Active
2026/09/30 14:32:35.909, 2490, 13365, 243.18, 67, 0x0000000000000004, Active, Not Active
2026/09/30 14:32:36.009, 2490, 13365, 243.18, 67, 0x0000000000000004, Active, Not Active
2026/09/30 14:32:36.109, 2490, 13365, 243.18, 67, 0x0000000000000004, Active, Not Active
2026/09/30 14:32:36.209, 2490, 13365, 243.18, 67, 0x0000000000000004, Active, Not Active
2026/09/30 14:32:36.309, 2602, 13365, 369.10, 64, 0x0000000000000000, Not Active, Not Active
2026/09/30 14:32:36.409, 2602, 13365, 369.10, 64, 0x0000000000000000, Not Active, Not Active
2026/09/30 14:32:36.509, 2602, 13365, 369.10, 64, 0x0000000000000000, Not Active, Not Active
2026/09/30 14:32:36.610, 2602, 13365, 369.10, 64, 0x0000000000000000, Not Active, Not Active
2026/09/30 14:32:36.710, 2497, 13365, 370.54, 64, 0x0000000000000000, Not Active, Not Active
2026/09/30 14:32:36.810, 2497, 13365, 370.54, 64, 0x0000000000000000, Not Active, Not Active
2026/09/30 14:32:36.910, 2497, 13365, 370.54, 64, 0x0000000000000000, Not Active, Not Active
2026/09/30 14:32:37.010, 2497, 13365, 370.54, 64, 0x0000000000000000, Not Active, Not Active
2026/09/30 14:32:37.110, 2497, 13365, 370.54, 64, 0x0000000000000000, Not Active, Not Active
2026/09/30 14:32:37.210, 2640, 13365, 371.59, 64, 0x0000000000000000, Not Active, Not Active
2026/09/30 14:32:37.311, 2640, 13365, 371.59, 62, 0x0000000000000000, Not Active, Not Active
2026/09/30 14:32:37.411, 2640, 13365, 371.59, 62, 0x0000000000000000, Not Active, Not Active
2026/09/30 14:32:37.511, 2640, 13365, 371.59, 62, 0x0000000000000000, Not Active, Not Active
2026/09/30 14:32:37.611, 2640, 13365, 371.59, 62, 0x0000000000000000, Not Active, Not Active
2026/09/30 14:32:37.711, 2512, 13365, 364.55, 65, 0x0000000000000000, Not Active, Not Active
2026/09/30 14:32:37.811, 2512, 13365, 364.55, 65, 0x0000000000000000, Not Active, Not Active
2026/09/30 14:32:37.911, 2512, 13365, 364.55, 65, 0x0000000000000000, Not Active, Not Active
2026/09/30 14:32:38.012, 2512, 13365, 364.55, 65, 0x0000000000000000, Not Active, Not Active
2026/09/30 14:32:38.112, 2512, 13365, 364.55, 65, 0x0000000000000000, Not Active, Not Active
2026/09/30 14:32:38.212, 2542, 13365, 379.97, 67, 0x0000000000000004, Active, Not Active
2026/09/30 14:32:38.312, 2542, 13365, 379.97, 67, 0x0000000000000004, Active, Not Active
2026/09/30 14:32:38.412, 2542, 13365, 379.97, 67, 0x0000000000000004, Active, Not Active
2026/09/30 14:32:38.512, 2542, 13365, 379.97, 67, 0x0000000000000004, Active, Not Active
2026/09/30 14:32:38.612, 2542, 13365, 379.97, 67, 0x0000000000000004, Active, Not Active
2026/09/30 14:32:38.712, 2542, 13365, 327.40, 61, 0x0000000000000000, Not Active, Not Active
2026/09/30 14:32:38.813, 2542, 13365, 327.40, 61, 0x0000000000000000, Not Active, Not Active
2026/09/30 14:32:38.913, 2542, 13365, 327.40, 61, 0x0000000000000000, Not Active, Not Active
2026/09/30 14:32:39.013, 2542, 13365, 327.40, 61, 0x0000000000000000, Not Active, Not Active
2026/09/30 14:32:39.113, 2542, 13365, 327.40, 61, 0x0000000000000000, Not Active, Not Active
2026/09/30 14:32:39.213, 2827, 13365, 232.19, 59, 0x0000000000000000, Not Active, Not Active
2026/09/30 14:32:39.313, 2827, 13365, 232.19, 59, 0x0000000000000000, Not Active, Not Active
2026/09/30 14:32:39.413, 2827, 13365, 232.19, 59, 0x0000000000000000, Not Active, Not Active
2026/09/30 14:32:39.514, 2827, 13365, 232.19, 59, 0x0000000000000000, Not Active, Not Active
2026/09/30 14:32:39.614, 2827, 13365, 232.19, 59, 0x0000000000000000, Not Active, Not Active
2026/09/30 14:32:39.714, 2835, 13365, 152.40, 59, 0x0000000000000000, Not Active, Not Active
2026/09/30 14:32:39.814, 2835, 13365, 152.40, 59, 0x0000000000000000, Not Active, Not Active
2026/09/30 14:32:39.914, 2835, 13365, 152.40, 59, 0x0000000000000000, Not Active, Not Active
2026/09/30 14:32:40.014, 2835, 13365, 152.40, 59, 0x0000000000000000, Not Active, Not Active
2026/09/30 14:32:40.114, 2835, 13365, 152.40, 59, 0x0000000000000000, Not Active, Not Active
2026/09/30 14:32:40.215, 2827, 13365, 150.21, 58, 0x0000000000000000, Not Active, Not Active
2026/09/30 14:32:40.315, 2827, 13365, 150.21, 58, 0x0000000000000000, Not Active, Not Active
2026/09/30 14:32:40.415, 2827, 13365, 150.21, 58, 0x0000000000000000, Not Active, Not Active
2026/09/30 14:32:40.515, 2827, 13365, 150.21, 58, 0x0000000000000000, Not Active, Not Active
2026/09/30 14:32:40.615, 2827, 13365, 150.21, 58, 0x0000000000000000, Not Active, Not Active
2026/09/30 14:32:40.715, 2677, 13365, 140.63, 57, 0x0000000000000000, Not Active, Not Active
2026/09/30 14:32:40.815, 2677, 13365, 140.63, 57, 0x0000000000000000, Not Active, Not Active
2026/09/30 14:32:40.916, 2677, 13365, 140.63, 57, 0x0000000000000000, Not Active, Not Active
2026/09/30 14:32:41.016, 2677, 13365, 140.63, 57, 0x0000000000000000, Not Active, Not Active
2026/09/30 14:32:41.116, 2677, 13365, 140.63, 57, 0x0000000000000000, Not Active, Not Active
2026/09/30 14:32:41.216, 2692, 13365, 136.58, 57, 0x0000000000000000, Not Active, Not Active
2026/09/30 14:32:41.316, 2692, 13365, 136.58, 57, 0x0000000000000000, Not Active, Not Active
2026/09/30 14:32:41.416, 2692, 13365, 136.58, 57, 0x0000000000000000, Not Active, Not Active
2026/09/30 14:32:41.516, 2692, 13365, 136.58, 57, 0x0000000000000000, Not Active, Not Active
2026/09/30 14:32:41.617, 2692, 13365, 136.58, 57, 0x0000000000000000, Not Active, Not Active
2026/09/30 14:32:41.717, 2692, 13365, 142.03, 58, 0x0000000000000000, Not Active, Not Active
2026/09/30 14:32:41.817, 2692, 13365, 142.03, 58, 0x0000000000000000, Not Active, Not Active
2026/09/30 14:32:41.917, 2692, 13365, 142.03, 58, 0x0000000000000000, Not Active, Not Active
2026/09/30 14:32:42.017, 2692, 13365, 142.03, 58, 0x0000000000000000, Not Active, Not Active
2026/09/30 14:32:42.117, 2692, 13365, 142.03, 58, 0x0000000000000000, Not Active, Not Active
2026/09/30 14:32:42.217, 2647, 13365, 133.06, 58, 0x0000000000000000, Not Active, Not Active
2026/09/30 14:32:42.318, 2647, 13365, 133.06, 58, 0x0000000000000000, Not Active, Not Active
2026/09/30 14:32:42.418, 2647, 13365, 133.06, 58, 0x0000000000000000, Not Active, Not Active
2026/09/30 14:32:42.518, 2647, 13365, 133.06, 58, 0x0000000000000000, Not Active, Not Active
2026/09/30 14:32:42.618, 2647, 13365, 133.06, 58, 0x0000000000000000, Not Active, Not Active
2026/09/30 14:32:42.718, 2655, 13365, 134.33, 58, 0x0000000000000000, Not Active, Not Active
2026/09/30 14:32:42.818, 2655, 13365, 134.33, 58, 0x0000000000000000, Not Active, Not Active
2026/09/30 14:32:42.918, 2655, 13365, 134.33, 58, 0x0000000000000000, Not Active, Not Active
2026/09/30 14:32:43.018, 2655, 13365, 134.33, 58, 0x0000000000000000, Not Active, Not Active
2026/09/30 14:32:43.118, 2655, 13365, 134.33, 58, 0x0000000000000000, Not Active, Not Active
2026/09/30 14:32:43.219, 2662, 13365, 137.69, 57, 0x0000000000000000, Not Active, Not Active
2026/09/30 14:32:43.319, 2662, 13365, 137.69, 57, 0x0000000000000000, Not Active, Not Active
2026/09/30 14:32:43.419, 2662, 13365, 137.69, 57, 0x0000000000000000, Not Active, Not Active
2026/09/30 14:32:43.519, 2662, 13365, 137.69, 57, 0x0000000000000000, Not Active, Not Active
2026/09/30 14:32:43.619, 2662, 13365, 137.69, 57, 0x0000000000000000, Not Active, Not Active
2026/09/30 14:32:43.719, 2662, 13365, 134.53, 57, 0x0000000000000000, Not Active, Not Active
2026/09/30 14:32:43.819, 2662, 13365, 134.53, 57, 0x0000000000000000, Not Active, Not Active
2026/09/30 14:32:43.920, 2662, 13365, 134.53, 57, 0x0000000000000000, Not Active, Not Active
2026/09/30 14:32:44.020, 2662, 13365, 134.53, 57, 0x0000000000000000, Not Active, Not Active
2026/09/30 14:32:44.120, 2662, 13365, 134.53, 57, 0x0000000000000000, Not Active, Not Active
2026/09/30 14:32:44.220, 2685, 13365, 135.92, 58, 0x0000000000000000, Not Active, Not Active
2026/09/30 14:32:44.320, 2685, 13365, 135.92, 58, 0x0000000000000000, Not Active, Not Active
2026/09/30 14:32:44.420, 2685, 13365, 135.92, 58, 0x0000000000000000, Not Active, Not Active
2026/09/30 14:32:44.520, 2685, 13365, 135.92, 58, 0x0000000000000000, Not Active, Not Active
2026/09/30 14:32:44.620, 2685, 13365, 135.92, 58, 0x0000000000000000, Not Active, Not Active
2026/09/30 14:32:44.720, 2662, 13365, 136.64, 57, 0x0000000000000000, Not Active, Not Active
2026/09/30 14:32:44.821, 2662, 13365, 136.64, 57, 0x0000000000000000, Not Active, Not Active
2026/09/30 14:32:44.921, 2662, 13365, 136.64, 57, 0x0000000000000000, Not Active, Not Active
2026/09/30 14:32:45.021, 2662, 13365, 136.64, 57, 0x0000000000000000, Not Active, Not Active
2026/09/30 14:32:45.121, 2662, 13365, 136.64, 57, 0x0000000000000000, Not Active, Not Active
2026/09/30 14:32:45.221, 2662, 13365, 134.57, 58, 0x0000000000000000, Not Active, Not Active
2026/09/30 14:32:45.321, 2662, 13365, 134.57, 58, 0x0000000000000000, Not Active, Not Active
2026/09/30 14:32:45.421, 2662, 13365, 134.57, 58, 0x0000000000000000, Not Active, Not Active
2026/09/30 14:32:45.521, 2662, 13365, 134.57, 58, 0x0000000000000000, Not Active, Not Active
2026/09/30 14:32:45.621, 2662, 13365, 134.57, 58, 0x0000000000000000, Not Active, Not Active
2026/09/30 14:32:45.721, 2647, 13365, 128.55, 57, 0x0000000000000000, Not Active, Not Active
2026/09/30 14:32:45.822, 2647, 13365, 128.55, 57, 0x0000000000000000, Not Active, Not Active
2026/09/30 14:32:45.922, 2647, 13365, 128.55, 57, 0x0000000000000000, Not Active, Not Active
2026/09/30 14:32:46.022, 2647, 13365, 128.55, 57, 0x0000000000000000, Not Active, Not Active
2026/09/30 14:32:46.122, 2647, 13365, 128.55, 57, 0x0000000000000000, Not Active, Not Active
2026/09/30 14:32:46.222, 2677, 13365, 131.55, 57, 0x0000000000000000, Not Active, Not Active
2026/09/30 14:32:46.322, 2677, 13365, 131.55, 57, 0x0000000000000000, Not Active, Not Active
2026/09/30 14:32:46.422, 2677, 13365, 131.55, 57, 0x0000000000000000, Not Active, Not Active
2026/09/30 14:32:46.522, 2677, 13365, 131.55, 57, 0x0000000000000000, Not Active, Not Active
2026/09/30 14:32:46.622, 2677, 13365, 131.55, 57, 0x0000000000000000, Not Active, Not Active
2026/09/30 14:32:46.723, 2677, 13365, 140.40, 58, 0x0000000000000000, Not Active, Not Active
2026/09/30 14:32:46.823, 2677, 13365, 140.40, 58, 0x0000000000000000, Not Active, Not Active
2026/09/30 14:32:46.923, 2677, 13365, 140.40, 58, 0x0000000000000000, Not Active, Not Active
2026/09/30 14:32:47.023, 2677, 13365, 140.40, 58, 0x0000000000000000, Not Active, Not Active
2026/09/30 14:32:47.123, 2677, 13365, 140.40, 58, 0x0000000000000000, Not Active, Not Active
2026/09/30 14:32:47.223, 2647, 13365, 135.85, 58, 0x0000000000000000, Not Active, Not Active
2026/09/30 14:32:47.323, 2647, 13365, 135.85, 58, 0x0000000000000000, Not Active, Not Active
2026/09/30 14:32:47.423, 2647, 13365, 135.85, 58, 0x0000000000000000, Not Active, Not Active
2026/09/30 14:32:47.523, 2647, 13365, 135.85, 58, 0x0000000000000000, Not Active, Not Active
2026/09/30 14:32:47.624, 2647, 13365, 135.85, 58, 0x0000000000000000, Not Active, Not Active
2026/09/30 14:32:47.724, 2632, 13365, 132.77, 57, 0x0000000000000000, Not Active, Not Active
2026/09/30 14:32:47.824, 2632, 13365, 132.77, 57, 0x0000000000000000, Not Active, Not Active
2026/09/30 14:32:47.924, 2632, 13365, 132.77, 57, 0x0000000000000000, Not Active, Not Active
2026/09/30 14:32:48.024, 2632, 13365, 132.77, 57, 0x0000000000000000, Not Active, Not Active
2026/09/30 14:32:48.124, 2632, 13365, 132.77, 57, 0x0000000000000000, Not Active, Not Active
2026/09/30 14:32:48.224, 2685, 13365, 131.67, 57, 0x0000000000000000, Not Active, Not Active
2026/09/30 14:32:48.324, 2685, 13365, 131.67, 57, 0x0000000000000000, Not Active, Not Active
2026/09/30 14:32:48.424, 2685, 13365, 131.67, 57, 0x0000000000000000, Not Active, Not Active
2026/09/30 14:32:48.524, 2685, 13365, 131.67, 57, 0x0000000000000000, Not Active, Not Active
2026/09/30 14:32:48.625, 2685, 13365, 131.67, 57, 0x0000000000000000, Not Active, Not Active
2026/09/30 14:32:48.725, 2677, 13365, 142.65, 57, 0x0000000000000000, Not Active, Not Active
2026/09/30 14:32:48.825, 2677, 13365, 142.65, 57, 0x0000000000000000, Not Active, Not Active
2026/09/30 14:32:48.925, 2677, 13365, 142.65, 57, 0x0000000000000000, Not Active, Not Active
2026/09/30 14:32:49.025, 2677, 13365, 142.65, 57, 0x0000000000000000, Not Active, Not Active
2026/09/30 14:32:49.125, 2677, 13365, 142.65, 57, 0x0000000000000000, Not Active, Not Active
2026/09/30 14:32:49.225, 2677, 13365, 140.86, 58, 0x0000000000000000, Not Active, Not Active
2026/09/30 14:32:49.325, 2677, 13365, 140.86, 58, 0x0000000000000000, Not Active, Not Active
2026/09/30 14:32:49.425, 2677, 13365, 140.86, 58, 0x0000000000000000, Not Active, Not Active
2026/09/30 14:32:49.525, 2677, 13365, 140.86, 58, 0x0000000000000000, Not Active, Not Active
2026/09/30 14:32:49.626, 2677, 13365, 140.86, 58, 0x0000000000000000, Not Active, Not Active
2026/09/30 14:32:49.726, 2662, 13365, 142.35, 57, 0x0000000000000000, Not Active, Not Active
2026/09/30 14:32:49.826, 2662, 13365, 142.35, 57, 0x0000000000000000, Not Active, Not Active
2026/09/30 14:32:49.926, 2662, 13365, 142.35, 57, 0x0000000000000000, Not Active, Not Active
2026/09/30 14:32:50.026, 2662, 13365, 142.35, 57, 0x0000000000000000, Not Active, Not Active
2026/09/30 14:32:50.126, 2662, 13365, 142.35, 57, 0x0000000000000000, Not Active, Not Active
2026/09/30 14:32:50.226, 2647, 13365, 143.29, 58, 0x0000000000000000, Not Active, Not Active
2026/09/30 14:32:50.326, 2647, 13365, 143.29, 58, 0x0000000000000000, Not Active, Not Active
2026/09/30 14:32:50.426, 2647, 13365, 143.29, 58, 0x0000000000000000, Not Active, Not Active
2026/09/30 14:32:50.527, 2647, 13365, 143.29, 58, 0x0000000000000000, Not Active, Not Active
2026/09/30 14:32:50.627, 2647, 13365, 143.29, 58, 0x0000000000000000, Not Active, Not Active
2026/09/30 14:32:50.727, 2632, 13365, 142.68, 57, 0x0000000000000000, Not Active, Not Active
2026/09/30 14:32:50.827, 2632, 13365, 142.68, 57, 0x0000000000000000, Not Active, Not Active
2026/09/30 14:32:50.927, 2632, 13365, 142.68, 57, 0x0000000000000000, Not Active, Not Active
2026/09/30 14:32:51.027, 2632, 13365, 142.68, 57, 0x0000000000000000, Not Active, Not Active
2026/09/30 14:32:51.127, 2632, 13365, 142.68, 57, 0x0000000000000000, Not Active, Not Active
2026/09/30 14:32:51.227, 2632, 13365, 137.72, 57, 0x0000000000000000, Not Active, Not Active
2026/09/30 14:32:51.328, 2632, 13365, 137.72, 57, 0x0000000000000000, Not Active, Not Active
2026/09/30 14:32:51.428, 2632, 13365, 137.72, 57, 0x0000000000000000, Not Active, Not Active
2026/09/30 14:32:51.528, 2632, 13365, 137.72, 57, 0x0000000000000000, Not Active, Not Active
2026/09/30 14:32:51.628, 2632, 13365, 137.72, 57, 0x0000000000000000, Not Active, Not Active
2026/09/30 14:32:51.728, 2647, 13365, 142.99, 58, 0x0000000000000000, Not Active, Not Active
2026/09/30 14:32:51.828, 2647, 13365, 142.99, 58, 0x0000000000000000, Not Active, Not Active
2026/09/30 14:32:51.928, 2647, 13365, 142.99, 58, 0x0000000000000000, Not Active, Not Active
2026/09/30 14:32:52.028, 2647, 13365, 142.99, 58, 0x0000000000000000, Not Active, Not Active
2026/09/30 14:32:52.128, 2647, 13365, 142.99, 58, 0x0000000000000000, Not Active, Not Active
2026/09/30 14:32:52.229, 2632, 13365, 146.78, 57, 0x0000000000000000, Not Active, Not Active
2026/09/30 14:32:52.329, 2632, 13365, 146.78, 57, 0x0000000000000000, Not Active, Not Active
2026/09/30 14:32:52.429, 2632, 13365, 146.78, 57, 0x0000000000000000, Not Active, Not Active
2026/09/30 14:32:52.529, 2632, 13365, 146.78, 57, 0x0000000000000000, Not Active, Not Active
2026/09/30 14:32:52.629, 2632, 13365, 146.78, 57, 0x0000000000000000, Not Active, Not Active
2026/09/30 14:32:52.729, 2640, 13365, 143.70, 57, 0x0000000000000000, Not Active, Not Active
2026/09/30 14:32:52.829, 2640, 13365, 143.70, 57, 0x0000000000000000, Not Active, Not Active
2026/09/30 14:32:52.929, 2640, 13365, 143.70, 57, 0x0000000000000000, Not Active, Not Active
2026/09/30 14:32:53.030, 2640, 13365, 143.70, 57, 0x0000000000000000, Not Active, Not Active
2026/09/30 14:32:53.130, 2640, 13365, 143.70, 57, 0x0000000000000000, Not Active, Not Active
2026/09/30 14:32:53.230, 2617, 13365, 150.18, 58, 0x0000000000000000, Not Active, Not Active
2026/09/30 14:32:53.330, 2617, 13365, 150.18, 58, 0x0000000000000000, Not Active, Not Active
2026/09/30 14:32:53.430, 2617, 13365, 150.18, 58, 0x0000000000000000, Not Active, Not Active
2026/09/30 14:32:53.530, 2617, 13365, 150.18, 58, 0x0000000000000000, Not Active, Not Active
2026/09/30 14:32:53.630, 2617, 13365, 150.18, 58, 0x0000000000000000, Not Active, Not Active
2026/09/30 14:32:53.730, 2640, 13365, 162.58, 59, 0x0000000000000000, Not Active, Not Active
2026/09/30 14:32:53.831, 2640, 13365, 162.58, 59, 0x0000000000000000, Not Active, Not Active
2026/09/30 14:32:53.931, 2640, 13365, 162.58, 59, 0x0000000000000000, Not Active, Not Active
2026/09/30 14:32:54.031, 2640, 13365, 162.58, 59, 0x0000000000000000, Not Active, Not Active
2026/09/30 14:32:54.131, 2640, 13365, 162.58, 59, 0x0000000000000000, Not Active, Not Active
2026/09/30 14:32:54.231, 2625, 13365, 166.07, 58, 0x0000000000000000, Not Active, Not Active
2026/09/30 14:32:54.331, 2625, 13365, 166.07, 58, 0x0000000000000000, Not Active, Not Active
2026/09/30 14:32:54.431, 2625, 13365, 166.07, 58, 0x0000000000000000, Not Active, Not Active
2026/09/30 14:32:54.532, 2625, 13365, 166.07, 58, 0x0000000000000000, Not Active, Not Active
2026/09/30 14:32:54.632, 2625, 13365, 166.07, 58, 0x0000000000000000, Not Active, Not Active
2026/09/30 14:32:54.732, 2625, 13365, 168.98, 58, 0x0000000000000000, Not Active, Not Active
2026/09/30 14:32:54.832, 2625, 13365, 168.98, 58, 0x0000000000000000, Not Active, Not Active
2026/09/30 14:32:54.932, 2625, 13365, 168.98, 58, 0x0000000000000000, Not Active, Not Active
2026/09/30 14:32:55.032, 2625, 13365, 168.98, 58, 0x0000000000000000, Not Active, Not Active
2026/09/30 14:32:55.132, 2625, 13365, 168.98, 58, 0x0000000000000000, Not Active, Not Active
2026/09/30 14:32:55.232, 2602, 13365, 165.88, 59, 0x0000000000000000, Not Active, Not Active
2026/09/30 14:32:55.333, 2602, 13365, 165.88, 59, 0x0000000000000000, Not Active, Not Active
2026/09/30 14:32:55.433, 2602, 13365, 165.88, 59, 0x0000000000000000, Not Active, Not Active
2026/09/30 14:32:55.533, 2602, 13365, 165.88, 59, 0x0000000000000000, Not Active, Not Active
2026/09/30 14:32:55.633, 2602, 13365, 165.88, 59, 0x0000000000000000, Not Active, Not Active
2026/09/30 14:32:55.733, 2610, 13365, 178.68, 58, 0x0000000000000000, Not Active, Not Active
2026/09/30 14:32:55.833, 2610, 13365, 178.68, 58, 0x0000000000000000, Not Active, Not Active
2026/09/30 14:32:55.933, 2610, 13365, 178.68, 58, 0x0000000000000000, Not Active, Not Active
2026/09/30 14:32:56.034, 2610, 13365, 178.68, 58, 0x0000000000000000, Not Active, Not Active
2026/09/30 14:32:56.134, 2610, 13365, 178.68, 58, 0x0000000000000000, Not Active, Not Active
2026/09/30 14:32:56.234, 2610, 13365, 195.25, 59, 0x0000000000000000, Not Active, Not Active
2026/09/30 14:32:56.334, 2610, 13365, 195.25, 59, 0x0000000000000000, Not Active, Not Active
2026/09/30 14:32:56.434, 2610, 13365, 195.25, 59, 0x0000000000000000, Not Active, Not Active
2026/09/30 14:32:56.534, 2610, 13365, 195.25, 59, 0x0000000000000000, Not Active, Not Active
2026/09/30 14:32:56.634, 2610, 13365, 195.25, 59, 0x0000000000000000, Not Active, Not Active
2026/09/30 14:32:56.735, 2602, 13365, 189.02, 57, 0x0000000000000000, Not Active, Not Active
2026/09/30 14:32:56.835, 2602, 13365, 189.02, 57, 0x0000000000000000, Not Active, Not Active
2026/09/30 14:32:56.935, 2602, 13365, 189.02, 57, 0x0000000000000000, Not Active, Not Active
2026/09/30 14:32:57.035, 2602, 13365, 189.02, 57, 0x0000000000000000, Not Active, Not Active
2026/09/30 14:32:57.135, 2602, 13365, 189.02, 57, 0x0000000000000000, Not Active, Not Active
2026/09/30 14:32:57.235, 2610, 13365, 156.48, 56, 0x0000000000000000, Not Active, Not Active
2026/09/30 14:32:57.335, 2610, 13365, 156.48, 56, 0x0000000000000000, Not Active, Not Active
2026/09/30 14:32:57.435, 2610, 13365, 156.48, 56, 0x0000000000000000, Not Active, Not Active
2026/09/30 14:32:57.536, 2610, 13365, 156.48, 56, 0x0000000000000000, Not Active, Not Active
2026/09/30 14:32:57.636, 2610, 13365, 156.48, 56, 0x0000000000000000, Not Active, Not Active
2026/09/30 14:32:57.736, 2557, 13365, 166.04, 62, 0x0000000000000000, Not Active, Not Active
2026/09/30 14:32:57.836, 2557, 13365, 166.04, 62, 0x0000000000000000, Not Active, Not Active
2026/09/30 14:32:57.936, 2557, 13365, 166.04, 62, 0x0000000000000000, Not Active, Not Active
2026/09/30 14:32:58.036, 2557, 13365, 166.04, 62, 0x0000000000000000, Not Active, Not Active
2026/09/30 14:32:58.136, 2557, 13365, 166.04, 62, 0x0000000000000000, Not Active, Not Active
2026/09/30 14:32:58.236, 2587, 13365, 227.21, 62, 0x0000000000000000, Not Active, Not Active
2026/09/30 14:32:58.336, 2587, 13365, 227.21, 62, 0x0000000000000000, Not Active, Not Active
2026/09/30 14:32:58.437, 2587, 13365, 227.21, 62, 0x0000000000000000, Not Active, Not Active
2026/09/30 14:32:58.537, 2587, 13365, 227.21, 62, 0x0000000000000000, Not Active, Not Active
2026/09/30 14:32:58.637, 2587, 13365, 227.21, 62, 0x0000000000000000, Not Active, Not Active
2026/09/30 14:32:58.737, 2617, 13365, 231.93, 59, 0x0000000000000000, Not Active, Not Active
2026/09/30 14:32:58.837, 2617, 13365, 231.93, 59, 0x0000000000000000, Not Active, Not Active
2026/09/30 14:32:58.937, 2617, 13365, 231.93, 59, 0x0000000000000000, Not Active, Not Active
2026/09/30 14:32:59.037, 2617, 13365, 231.93, 59, 0x0000000000000000, Not Active, Not Active
2026/09/30 14:32:59.137, 2617, 13365, 231.93, 59, 0x0000000000000000, Not Active, Not Active
2026/09/30 14:32:59.237, 2602, 13365, 250.45, 60, 0x0000000000000000, Not Active, Not Active
2026/09/30 14:32:59.338, 2602, 13365, 250.45, 60, 0x0000000000000000, Not Active, Not Active
2026/09/30 14:32:59.438, 2602, 13365, 250.45, 60, 0x0000000000000000, Not Active, Not Active
2026/09/30 14:32:59.538, 2602, 13365, 250.45, 60, 0x0000000000000000, Not Active, Not Active
2026/09/30 14:32:59.638, 2602, 13365, 250.45, 60, 0x0000000000000000, Not Active, Not Active
2026/09/30 14:32:59.738, 2610, 13365, 211.06, 57, 0x0000000000000000, Not Active, Not Active
2026/09/30 14:32:59.838, 2610, 13365, 211.06, 57, 0x0000000000000000, Not Active, Not Active
2026/09/30 14:32:59.938, 2610, 13365, 211.06, 57, 0x0000000000000000, Not Active, Not Active
2026/09/30 14:33:00.039, 2610, 13365, 211.06, 57, 0x0000000000000000, Not Active, Not Active
2026/09/30 14:33:00.139, 2610, 13365, 211.06, 57, 0x0000000000000000, Not Active, Not Active
2026/09/30 14:33:00.239, 2632, 13365, 161.22, 64, 0x0000000000000004, Active, Not Active
2026/09/30 14:33:00.339, 2632, 13365, 161.22, 64, 0x0000000000000004, Active, Not Active
2026/09/30 14:33:00.439, 2632, 13365, 161.22, 64, 0x0000000000000004, Active, Not Active
2026/09/30 14:33:00.539, 2632, 13365, 161.22, 64, 0x0000000000000004, Active, Not Active
2026/09/30 14:33:00.639, 2632, 13365, 161.22, 64, 0x0000000000000004, Active, Not Active
2026/09/30 14:33:00.739, 2482, 13365, 242.02, 62, 0x0000000000000000, Not Active, Not Active
2026/09/30 14:33:00.839, 2482, 13365, 242.02, 62, 0x0000000000000000, Not Active, Not Active
2026/09/30 14:33:00.940, 2482, 13365, 242.02, 62, 0x0000000000000000, Not Active, Not Active
2026/09/30 14:33:01.040, 2482, 13365, 242.02, 62, 0x0000000000000000, Not Active, Not Active
2026/09/30 14:33:01.140, 2482, 13365, 242.02, 62, 0x0000000000000000, Not Active, Not Active
2026/09/30 14:33:01.240, 2647, 13365, 312.91, 65, 0x0000000000000000, Not Active, Not Active
2026/09/30 14:33:01.340, 2647, 13365, 312.91, 65, 0x0000000000000000, Not Active, Not Active
2026/09/30 14:33:01.440, 2647, 13365, 312.91, 65, 0x0000000000000000, Not Active, Not Active
2026/09/30 14:33:01.540, 2647, 13365, 312.91, 65, 0x0000000000000000, Not Active, Not Active
2026/09/30 14:33:01.640, 2647, 13365, 312.91, 65, 0x0000000000000000, Not Active, Not Active
2026/09/30 14:33:01.740, 2520, 13365, 305.41, 60, 0x0000000000000000, Not Active, Not Active
2026/09/30 14:33:01.840, 2520, 13365, 305.41, 60, 0x0000000000000000, Not Active, Not Active
2026/09/30 14:33:01.941, 2520, 13365, 305.41, 60, 0x0000000000000000, Not Active, Not Active
2026/09/30 14:33:02.041, 2520, 13365, 305.41, 60, 0x0000000000000000, Not Active, Not Active
2026/09/30 14:33:02.141, 2520, 13365, 305.41, 60, 0x0000000000000000, Not Active, Not Active
2026/09/30 14:33:02.241, 2520, 13365, 313.89, 66, 0x0000000000000004, Active, Not Active
2026/09/30 14:33:02.341, 2520, 13365, 313.89, 66, 0x0000000000000004, Active, Not Active
2026/09/30 14:33:02.441, 2520, 13365, 313.89, 66, 0x0000000000000004, Active, Not Active
2026/09/30 14:33:02.541, 2520, 13365, 313.89, 66, 0x0000000000000004, Active, Not Active
2026/09/30 14:33:02.641, 2520, 13365, 313.89, 66, 0x0000000000000004, Active, Not Active
2026/09/30 14:33:02.742, 2557, 13365, 290.59, 60, 0x0000000000000000, Not Active, Not Active
2026/09/30 14:33:02.842, 2557, 13365, 290.59, 60, 0x0000000000000000, Not Active, Not Active
2026/09/30 14:33:02.942, 2557, 13365, 290.59, 60, 0x0000000000000000, Not Active, Not Active
2026/09/30 14:33:03.042, 2557, 13365, 290.59, 60, 0x0000000000000000, Not Active, Not Active
2026/09/30 14:33:03.142, 2557, 13365, 290.59, 60, 0x0000000000000000, Not Active, Not Active
2026/09/30 14:33:03.242, 2827, 13365, 224.45, 59, 0x0000000000000000, Not Active, Not Active
2026/09/30 14:33:03.342, 2827, 13365, 224.45, 59, 0x0000000000000000, Not Active, Not Active
2026/09/30 14:33:03.443, 2827, 13365, 224.45, 59, 0x0000000000000000, Not Active, Not Active
2026/09/30 14:33:03.543, 2827, 13365, 224.45, 59, 0x0000000000000000, Not Active, Not Active
2026/09/30 14:33:03.643, 2827, 13365, 224.45, 59, 0x0000000000000000, Not Active, Not Active
2026/09/30 14:33:03.743, 2835, 13365, 135.07, 59, 0x0000000000000000, Not Active, Not Active
2026/09/30 14:33:03.843, 2835, 13365, 135.07, 59, 0x0000000000000000, Not Active, Not Active
2026/09/30 14:33:03.943, 2835, 13365, 135.07, 59, 0x0000000000000000, Not Active, Not Active
2026/09/30 14:33:04.043, 2835, 13365, 135.07, 59, 0x0000000000000000, Not Active, Not Active
2026/09/30 14:33:04.144, 2835, 13365, 135.07, 59, 0x0000000000000000, Not Active, Not Active
2026/09/30 14:33:04.244, 2835, 13365, 140.82, 58, 0x0000000000000000, Not Active, Not Active
2026/09/30 14:33:04.344, 2835, 13365, 140.82, 58, 0x0000000000000000, Not Active, Not Active
2026/09/30 14:33:04.444, 2835, 13365, 140.82, 58, 0x0000000000000000, Not Active, Not Active
2026/09/30 14:33:04.544, 2835, 13365, 140.82, 58, 0x0000000000000000, Not Active, Not Active
2026/09/30 14:33:04.644, 2835, 13365, 140.82, 58, 0x0000000000000000, Not Active, Not Active
2026/09/30 14:33:04.744, 2745, 13365, 132.42, 57, 0x0000000000000000, Not Active, Not Active
2026/09/30 14:33:04.844, 2745, 13365, 132.42, 57, 0x0000000000000000, Not Active, Not Active
2026/09/30 14:33:04.945, 2745, 13365, 132.42, 57, 0x0000000000000000, Not Active, Not Active
2026/09/30 14:33:05.045, 2745, 13365, 132.42, 57, 0x0000000000000000, Not Active, Not Active
2026/09/30 14:33:05.145, 2745, 13365, 132.42, 57, 0x0000000000000000, Not Active, Not Active
2026/09/30 14:33:05.245, 2692, 13365, 132.67, 57, 0x0000000000000000, Not Active, Not Active
2026/09/30 14:33:05.345, 2692, 13365, 132.67, 57, 0x0000000000000000, Not Active, Not Active
2026/09/30 14:33:05.445, 2692, 13365, 132.67, 57, 0x0000000000000000, Not Active, Not Active
2026/09/30 14:33:05.545, 2692, 13365, 132.67, 57, 0x0000000000000000, Not Active, Not Active
2026/09/30 14:33:05.646, 2692, 13365, 132.67, 57, 0x0000000000000000, Not Active, Not Active
2026/09/30 14:33:05.746, 2685, 13365, 135.35, 58, 0x0000000000000000, Not Active, Not Active
2026/09/30 14:33:05.846, 2685, 13365, 135.35, 58, 0x0000000000000000, Not Active, Not Active
2026/09/30 14:33:05.946, 2685, 13365, 135.35, 58, 0x0000000000000000, Not Active, Not Active
2026/09/30 14:33:06.046, 2685, 13365, 135.35, 58, 0x0000000000000000, Not Active, Not Active
2026/09/30 14:33:06.146, 2685, 13365, 135.35, 58, 0x0000000000000000, Not Active, Not Active
2026/09/30 14:33:06.246, 2670, 13365, 133.99, 57, 0x0000000000000000, Not Active, Not Active
2026/09/30 14:33:06.346, 2670, 13365, 133.99, 57, 0x0000000000000000, Not Active, Not Active
2026/09/30 14:33:06.447, 2670, 13365, 133.99, 57, 0x0000000000000000, Not Active, Not Active
2026/09/30 14:33:06.547, 2670, 13365, 133.99, 57, 0x0000000000000000, Not Active, Not Active
2026/09/30 14:33:06.647, 2670, 13365, 133.99, 57, 0x0000000000000000, Not Active, Not Active
2026/09/30 14:33:06.747, 2632, 13365, 121.19, 58, 0x0000000000000000, Not Active, Not Active
2026/09/30 14:33:06.847, 2632, 13365, 121.19, 58, 0x0000000000000000, Not Active, Not Active
2026/09/30 14:33:06.947, 2632, 13365, 121.19, 58, 0x0000000000000000, Not Active, Not Active
2026/09/30 14:33:07.047, 2632, 13365, 121.19, 58, 0x0000000000000000, Not Active, Not Active
2026/09/30 14:33:07.148, 2632, 13365, 121.19, 58, 0x0000000000000000, Not Active, Not Active
2026/09/30 14:33:07.248, 2677, 13365, 121.53, 57, 0x0000000000000000, Not Active, Not Active
2026/09/30 14:33:07.348, 2677, 13365, 121.53, 57, 0x0000000000000000, Not Active, Not Active
2026/09/30 14:33:07.448, 2677, 13365, 121.53, 57, 0x0000000000000000, Not Active, Not Active
2026/09/30 14:33:07.548, 2677, 13365, 121.53, 57, 0x0000000000000000, Not Active, Not Active
2026/09/30 14:33:07.648, 2677, 13365, 121.53, 57, 0x0000000000000000, Not Active, Not Active
2026/09/30 14:33:07.748, 2692, 13365, 131.89, 57, 0x0000000000000000, Not Active, Not Active
2026/09/30 14:33:07.849, 2692, 13365, 131.89, 57, 0x0000000000000000, Not Active, Not Active
2026/09/30 14:33:07.949, 2692, 13365, 131.89, 57, 0x0000000000000000, Not Active, Not Active
2026/09/30 14:33:08.049, 2692, 13365, 131.89, 57, 0x0000000000000000, Not Active, Not Active
2026/09/30 14:33:08.149, 2692, 13365, 131.89, 57, 0x0000000000000000, Not Active, Not Active
2026/09/30 14:33:08.249, 2677, 13365, 129.30, 57, 0x0000000000000000, Not Active, Not Active
2026/09/30 14:33:08.349, 2677, 13365, 129.30, 57, 0x0000000000000000, Not Active, Not Active
2026/09/30 14:33:08.449, 2677, 13365, 129.30, 57, 0x0000000000000000, Not Active, Not Active
2026/09/30 14:33:08.550, 2677, 13365, 129.30, 57, 0x0000000000000000, Not Active, Not Active
2026/09/30 14:33:08.650, 2677, 13365, 129.30, 57, 0x0000000000000000, Not Active, Not Active
2026/09/30 14:33:08.750, 2655, 13365, 121.72, 57, 0x0000000000000000, Not Active, Not Active
2026/09/30 14:33:08.850, 2655, 13365, 121.72, 57, 0x0000000000000000, Not Active, Not Active
2026/09/30 14:33:08.950, 2655, 13365, 121.72, 57, 0x0000000000000000, Not Active, Not Active
2026/09/30 14:33:09.050, 2655, 13365, 121.72, 57, 0x0000000000000000, Not Active, Not Active
2026/09/30 14:33:09.150, 2655, 13365, 121.72, 57, 0x0000000000000000, Not Active, Not Active
2026/09/30 14:33:09.250, 2670, 13365, 124.27, 57, 0x0000000000000000, Not Active, Not Active
2026/09/30 14:33:09.351, 2670, 13365, 124.27, 57, 0x0000000000000000, Not Active, Not Active
2026/09/30 14:33:09.451, 2670, 13365, 124.27, 57, 0x0000000000000000, Not Active, Not Active
2026/09/30 14:33:09.551, 2670, 13365, 124.27, 57, 0x0000000000000000, Not Active, Not Active
2026/09/30 14:33:09.651, 2670, 13365, 124.27, 57, 0x0000000000000000, Not Active, Not Active
2026/09/30 14:33:09.751, 2685, 13365, 128.90, 57, 0x0000000000000000, Not Active, Not Active
2026/09/30 14:33:09.851, 2685, 13365, 128.90, 57, 0x0000000000000000, Not Active, Not Active
2026/09/30 14:33:09.951, 2685, 13365, 128.90, 57, 0x0000000000000000, Not Active, Not Active
2026/09/30 14:33:10.052, 2685, 13365, 128.90, 57, 0x0000000000000000, Not Active, Not Active
2026/09/30 14:33:10.152, 2685, 13365, 128.90, 57, 0x0000000000000000, Not Active, Not Active
2026/09/30 14:33:10.252, 2685, 13365, 127.57, 57, 0x0000000000000000, Not Active, Not Active
2026/09/30 14:33:10.352, 2685, 13365, 127.57, 57, 0x0000000000000000, Not Active, Not Active
2026/09/30 14:33:10.452, 2685, 13365, 127.57, 57, 0x0000000000000000, Not Active, Not Active
2026/09/30 14:33:10.552, 2685, 13365, 127.57, 57, 0x0000000000000000, Not Active, Not Active
2026/09/30 14:33:10.652, 2685, 13365, 127.57, 57, 0x0000000000000000, Not Active, Not Active
2026/09/30 14:33:10.752, 2647, 13365, 120.99, 57, 0x0000000000000000, Not Active, Not Active
2026/09/30 14:33:10.853, 2647, 13365, 120.99, 57, 0x0000000000000000, Not Active, Not Active
2026/09/30 14:33:10.953, 2647, 13365, 120.99, 57, 0x0000000000000000, Not Active, Not Active
2026/09/30 14:33:11.053, 2647, 13365, 120.99, 57, 0x0000000000000000, Not Active, Not Active
2026/09/30 14:33:11.153, 2647, 13365, 120.99, 57, 0x0000000000000000, Not Active, Not Active
2026/09/30 14:33:11.253, 2677, 13365, 126.03, 57, 0x0000000000000000, Not Active, Not Active
2026/09/30 14:33:11.353, 2677, 13365, 126.03, 57, 0x0000000000000000, Not Active, Not Active
2026/09/30 14:33:11.453, 2677, 13365, 126.03, 57, 0x0000000000000000, Not Active, Not Active
2026/09/30 14:33:11.554, 2677, 13365, 126.03, 57, 0x0000000000000000, Not Active, Not Active
2026/09/30 14:33:11.654, 2677, 13365, 126.03, 57, 0x0000000000000000, Not Active, Not Active
2026/09/30 14:33:11.754, 2677, 13365, 127.85, 56, 0x0000000000000000, Not Active, Not Active
2026/09/30 14:33:11.854, 2677, 13365, 127.85, 56, 0x0000000000000000, Not Active, Not Active
2026/09/30 14:33:11.954, 2677, 13365, 127.85, 56, 0x0000000000000000, Not Active, Not Active
2026/09/30 14:33:12.054, 2677, 13365, 127.85, 56, 0x0000000000000000, Not Active, Not Active
2026/09/30 14:33:12.154, 2677, 13365, 127.85, 56, 0x0000000000000000, Not Active, Not Active
2026/09/30 14:33:12.254, 2662, 13365, 125.88, 57, 0x0000000000000000, Not Active, Not Active
2026/09/30 14:33:12.355, 2662, 13365, 125.88, 57, 0x0000000000000000, Not Active, Not Active
2026/09/30 14:33:12.455, 2662, 13365, 125.88, 57, 0x0000000000000000, Not Active, Not Active
2026/09/30 14:33:12.555, 2662, 13365, 125.88, 57, 0x0000000000000000, Not Active, Not Active
2026/09/30 14:33:12.655, 2662, 13365, 125.88, 57, 0x0000000000000000, Not Active, Not Active
2026/09/30 14:33:12.755, 2647, 13365, 122.61, 57, 0x0000000000000000, Not Active, Not Active
2026/09/30 14:33:12.855, 2647, 13365, 122.61, 57, 0x0000000000000000, Not Active, Not Active
2026/09/30 14:33:12.955, 2647, 13365, 122.61, 57, 0x0000000000000000, Not Active, Not Active
2026/09/30 14:33:13.056, 2647, 13365, 122.61, 57, 0x0000000000000000, Not Active, Not Active
2026/09/30 14:33:13.156, 2647, 13365, 122.61, 57, 0x0000000000000000, Not Active, Not Active
2026/09/30 14:33:13.256, 2685, 13365, 130.66, 57, 0x0000000000000000, Not Active, Not Active
2026/09/30 14:33:13.356, 2685, 13365, 130.66, 57, 0x0000000000000000, Not Active, Not Active
2026/09/30 14:33:13.456, 2685, 13365, 130.66, 57, 0x0000000000000000, Not Active, Not Active
2026/09/30 14:33:13.556, 2685, 13365, 130.66, 57, 0x0000000000000000, Not Active, Not Active
2026/09/30 14:33:13.656, 2685, 13365, 130.66, 57, 0x0000000000000000, Not Active, Not Active
2026/09/30 14:33:13.756, 2677, 13365, 132.64, 57, 0x0000000000000000, Not Active, Not Active
2026/09/30 14:33:13.857, 2677, 13365, 132.64, 57, 0x0000000000000000, Not Active, Not Active
2026/09/30 14:33:13.957, 2677, 13365, 132.64, 57, 0x0000000000000000, Not Active, Not Active
2026/09/30 14:33:14.057, 2677, 13365, 132.64, 57, 0x0000000000000000, Not Active, Not Active
2026/09/30 14:33:14.157, 2677, 13365, 132.64, 57, 0x0000000000000000, Not Active, Not Active
2026/09/30 14:33:14.257, 2647, 13365, 132.42, 57, 0x0000000000000000, Not Active, Not Active
2026/09/30 14:33:14.357, 2647, 13365, 132.42, 57, 0x0000000000000000, Not Active, Not Active
2026/09/30 14:33:14.457, 2647, 13365, 132.42, 57, 0x0000000000000000, Not Active, Not Active
2026/09/30 14:33:14.557, 2647, 13365, 132.42, 57, 0x0000000000000000, Not Active, Not Active
2026/09/30 14:33:14.658, 2647, 13365, 132.42, 57, 0x0000000000000000, Not Active, Not Active
2026/09/30 14:33:14.758, 2662, 13365, 134.81, 58, 0x0000000000000000, Not Active, Not Active
2026/09/30 14:33:14.858, 2662, 13365, 134.81, 58, 0x0000000000000000, Not Active, Not Active
2026/09/30 14:33:14.958, 2662, 13365, 134.81, 58, 0x0000000000000000, Not Active, Not Active
2026/09/30 14:33:15.058, 2662, 13365, 134.81, 58, 0x0000000000000000, Not Active, Not Active
2026/09/30 14:33:15.158, 2662, 13365, 134.81, 58, 0x0000000000000000, Not Active, Not Active
2026/09/30 14:33:15.258, 2655, 13365, 136.32, 57, 0x0000000000000000, Not Active, Not Active
2026/09/30 14:33:15.358, 2655, 13365, 136.32, 57, 0x0000000000000000, Not Active, Not Active
2026/09/30 14:33:15.459, 2655, 13365, 136.32, 57, 0x0000000000000000, Not Active, Not Active
2026/09/30 14:33:15.559, 2655, 13365, 136.32, 57, 0x0000000000000000, Not Active, Not Active
2026/09/30 14:33:15.659, 2655, 13365, 136.32, 57, 0x0000000000000000, Not Active, Not Active
2026/09/30 14:33:15.759, 2655, 13365, 127.94, 57, 0x0000000000000000, Not Active, Not Active
2026/09/30 14:33:15.859, 2655, 13365, 127.94, 57, 0x0000000000000000, Not Active, Not Active
2026/09/30 14:33:15.959, 2655, 13365, 127.94, 57, 0x0000000000000000, Not Active, Not Active
2026/09/30 14:33:16.059, 2655, 13365, 127.94, 57, 0x0000000000000000, Not Active, Not Active
2026/09/30 14:33:16.159, 2655, 13365, 127.94, 57, 0x0000000000000000, Not Active, Not Active
2026/09/30 14:33:16.260, 2685, 13365, 130.84, 56, 0x0000000000000000, Not Active, Not Active
2026/09/30 14:33:16.360, 2685, 13365, 130.84, 56, 0x0000000000000000, Not Active, Not Active
2026/09/30 14:33:16.460, 2685, 13365, 130.84, 56, 0x0000000000000000, Not Active, Not Active
2026/09/30 14:33:16.560, 2685, 13365, 130.84, 56, 0x0000000000000000, Not Active, Not Active
2026/09/30 14:33:16.660, 2685, 13365, 130.84, 56, 0x0000000000000000, Not Active, Not Active
2026/09/30 14:33:16.760, 2677, 13365, 137.45, 57, 0x0000000000000000, Not Active, Not Active
2026/09/30 14:33:16.860, 2677, 13365, 137.45, 57, 0x0000000000000000, Not Active, Not Active
2026/09/30 14:33:16.960, 2677, 13365, 137.45, 57, 0x0000000000000000, Not Active, Not Active
2026/09/30 14:33:17.061, 2677, 13365, 137.45, 57, 0x0000000000000000, Not Active, Not Active
2026/09/30 14:33:17.161, 2677, 13365, 137.45, 57, 0x0000000000000000, Not Active, Not Active
2026/09/30 14:33:17.261, 2670, 13365, 132.90, 57, 0x0000000000000000, Not Active, Not Active
2026/09/30 14:33:17.361, 2670, 13365, 132.90, 57, 0x0000000000000000, Not Active, Not Active
2026/09/30 14:33:17.461, 2670, 13365, 132.90, 57, 0x0000000000000000, Not Active, Not Active
2026/09/30 14:33:17.561, 2670, 13365, 132.90, 57, 0x0000000000000000, Not Active, Not Active
2026/09/30 14:33:17.661, 2670, 13365, 132.90, 57, 0x0000000000000000, Not Active, Not Active
2026/09/30 14:33:17.762, 2632, 13365, 125.64, 57, 0x0000000000000000, Not Active, Not Active
2026/09/30 14:33:17.862, 2632, 13365, 125.64, 57, 0x0000000000000000, Not Active, Not Active
2026/09/30 14:33:17.962, 2632, 13365, 125.64, 57, 0x0000000000000000, Not Active, Not Active
2026/09/30 14:33:18.062, 2632, 13365, 125.64, 57, 0x0000000000000000, Not Active, Not Active
2026/09/30 14:33:18.162, 2632, 13365, 125.64, 57, 0x0000000000000000, Not Active, Not Active
2026/09/30 14:33:18.262, 2677, 13365, 130.47, 57, 0x0000000000000000, Not Active, Not Active
2026/09/30 14:33:18.362, 2677, 13365, 130.47, 57, 0x0000000000000000, Not Active, Not Active
2026/09/30 14:33:18.462, 2677, 13365, 130.47, 57, 0x0000000000000000, Not Active, Not Active
2026/09/30 14:33:18.563, 2677, 13365, 130.47, 57, 0x0000000000000000, Not Active, Not Active
2026/09/30 14:33:18.663, 2677, 13365, 130.47, 57, 0x0000000000000000, Not Active, Not Active
2026/09/30 14:33:18.763, 2677, 13365, 145.04, 57, 0x0000000000000000, Not Active, Not Active
2026/09/30 14:33:18.863, 2677, 13365, 145.04, 57, 0x0000000000000000, Not Active, Not Active
2026/09/30 14:33:18.963, 2677, 13365, 145.04, 57, 0x0000000000000000, Not Active, Not Active
2026/09/30 14:33:19.063, 2677, 13365, 145.04, 57, 0x0000000000000000, Not Active, Not Active
2026/09/30 14:33:19.163, 2677, 13365, 145.04, 57, 0x0000000000000000, Not Active, Not Active
2026/09/30 14:33:19.264, 2662, 13365, 141.62, 57, 0x0000000000000000, Not Active, Not Active
2026/09/30 14:33:19.364, 2662, 13365, 141.62, 57, 0x0000000000000000, Not Active, Not Active
2026/09/30 14:33:19.464, 2662, 13365, 141.62, 57, 0x0000000000000000, Not Active, Not Active
2026/09/30 14:33:19.564, 2662, 13365, 141.62, 57, 0x0000000000000000, Not Active, Not Active
2026/09/30 14:33:19.664, 2662, 13365, 141.62, 57, 0x0000000000000000, Not Active, Not Active
2026/09/30 14:33:19.764, 2632, 13365, 129.94, 58, 0x0000000000000000, Not Active, Not Active
2026/09/30 14:33:19.864, 2632, 13365, 129.94, 58, 0x0000000000000000, Not Active, Not Active
2026/09/30 14:33:19.964, 2632, 13365, 129.94, 58, 0x0000000000000000, Not Active, Not Active
2026/09/30 14:33:20.064, 2632, 13365, 129.94, 58, 0x0000000000000000, Not Active, Not Active
2026/09/30 14:33:20.165, 2632, 13365, 129.94, 58, 0x0000000000000000, Not Active, Not Active
2026/09/30 14:33:20.265, 2685, 13365, 135.40, 57, 0x0000000000000000, Not Active, Not Active
2026/09/30 14:33:20.365, 2685, 13365, 135.40, 57, 0x0000000000000000, Not Active, Not Active
2026/09/30 14:33:20.465, 2685, 13365, 135.40, 57, 0x0000000000000000, Not Active, Not Active
2026/09/30 14:33:20.565, 2685, 13365, 135.40, 57, 0x0000000000000000, Not Active, Not Active
2026/09/30 14:33:20.665, 2685, 13365, 135.40, 57, 0x0000000000000000, Not Active, Not Active
2026/09/30 14:33:20.765, 2677, 13365, 152.62, 57, 0x0000000000000000, Not Active, Not Active
2026/09/30 14:33:20.865, 2677, 13365, 152.62, 57, 0x0000000000000000, Not Active, Not Active
2026/09/30 14:33:20.966, 2677, 13365, 152.62, 57, 0x0000000000000000, Not Active, Not Active
2026/09/30 14:33:21.066, 2677, 13365, 152.62, 57, 0x0000000000000000, Not Active, Not Active
2026/09/30 14:33:21.166, 2677, 13365, 152.62, 57, 0x0000000000000000, Not Active, Not Active
2026/09/30 14:33:21.266, 2655, 13365, 142.82, 56, 0x0000000000000000, Not Active, Not Active
2026/09/30 14:33:21.366, 2655, 13365, 142.82, 56, 0x0000000000000000, Not Active, Not Active
2026/09/30 14:33:21.466, 2655, 13365, 142.82, 56, 0x0000000000000000, Not Active, Not Active
2026/09/30 14:33:21.566, 2655, 13365, 142.82, 56, 0x0000000000000000, Not Active, Not Active
2026/09/30 14:33:21.667, 2655, 13365, 142.82, 56, 0x0000000000000000, Not Active, Not Active
2026/09/30 14:33:21.767, 2610, 13365, 121.88, 56, 0x0000000000000000, Not Active, Not Active
2026/09/30 14:33:21.867, 2610, 13365, 121.88, 56, 0x0000000000000000, Not Active, Not Active
2026/09/30 14:33:21.967, 2610, 13365, 121.88, 56, 0x0000000000000000, Not Active, Not Active
2026/09/30 14:33:22.067, 2610, 13365, 121.88, 56, 0x0000000000000000, Not Active, Not Active
2026/09/30 14:33:22.167, 2610, 13365, 121.88, 56, 0x0000000000000000, Not Active, Not Active
2026/09/30 14:33:22.267, 2647, 13365, 126.70, 57, 0x0000000000000000, Not Active, Not Active
2026/09/30 14:33:22.367, 2647, 13365, 126.70, 57, 0x0000000000000000, Not Active, Not Active
2026/09/30 14:33:22.468, 2647, 13365, 126.70, 57, 0x0000000000000000, Not Active, Not Active
2026/09/30 14:33:22.568, 2647, 13365, 126.70, 57, 0x0000000000000000, Not Active, Not Active
2026/09/30 14:33:22.668, 2647, 13365, 126.70, 57, 0x0000000000000000, Not Active, Not Active
2026/09/30 14:33:22.768, 2670, 13365, 152.36, 57, 0x0000000000000000, Not Active, Not Active
2026/09/30 14:33:22.868, 2670, 13365, 152.36, 57, 0x0000000000000000, Not Active, Not Active
2026/09/30 14:33:22.968, 2670, 13365, 152.36, 57, 0x0000000000000000, Not Active, Not Active
2026/09/30 14:33:23.068, 2670, 13365, 152.36, 57, 0x0000000000000000, Not Active, Not Active
2026/09/30 14:33:23.169, 2670, 13365, 152.36, 57, 0x0000000000000000, Not Active, Not Active
2026/09/30 14:33:23.269, 2662, 13365, 162.58, 57, 0x0000000000000000, Not Active, Not Active
2026/09/30 14:33:23.369, 2662, 13365, 162.58, 57, 0x0000000000000000, Not Active, Not Active
2026/09/30 14:33:23.469, 2662, 13365, 162.58, 57, 0x0000000000000000, Not Active, Not Active
2026/09/30 14:33:23.570, 2662, 13365, 162.58, 57, 0x0000000000000000, Not Active, Not Active
2026/09/30 14:33:23.670, 2662, 13365, 162.58, 57, 0x0000000000000000, Not Active, Not Active
2026/09/30 14:33:23.770, 2655, 13365, 146.55, 56, 0x0000000000000000, Not Active, Not Active
2026/09/30 14:33:23.870, 2655, 13365, 146.55, 56, 0x0000000000000000, Not Active, Not Active
2026/09/30 14:33:23.970, 2655, 13365, 146.55, 56, 0x0000000000000000, Not Active, Not Active
2026/09/30 14:33:24.070, 2655, 13365, 146.55, 56, 0x0000000000000000, Not Active, Not Active
2026/09/30 14:33:24.170, 2655, 13365, 146.55, 56, 0x0000000000000000, Not Active, Not Active
2026/09/30 14:33:24.270, 2610, 13365, 109.79, 58, 0x0000000000000000, Not Active, Not Active
2026/09/30 14:33:24.371, 2610, 13365, 109.79, 58, 0x0000000000000000, Not Active, Not Active
2026/09/30 14:33:24.471, 2610, 13365, 109.79, 58, 0x0000000000000000, Not Active, Not Active
2026/09/30 14:33:24.571, 2610, 13365, 109.79, 58, 0x0000000000000000, Not Active, Not Active
2026/09/30 14:33:24.671, 2610, 13365, 109.79, 58, 0x0000000000000000, Not Active, Not Active
2026/09/30 14:33:24.771, 2640, 13365, 141.49, 59, 0x0000000000000000, Not Active, Not Active
2026/09/30 14:33:24.871, 2640, 13365, 141.49, 59, 0x0000000000000000, Not Active, Not Active
2026/09/30 14:33:24.971, 2640, 13365, 141.49, 59, 0x0000000000000000, Not Active, Not Active
2026/09/30 14:33:25.072, 2640, 13365, 141.49, 59, 0x0000000000000000, Not Active, Not Active
2026/09/30 14:33:25.172, 2640, 13365, 141.49, 59, 0x0000000000000000, Not Active, Not Active
2026/09/30 14:33:25.272, 2640, 13365, 183.75, 57, 0x0000000000000000, Not Active, Not Active
2026/09/30 14:33:25.372, 2640, 13365, 183.75, 57, 0x0000000000000000, Not Active, Not Active
2026/09/30 14:33:25.472, 2640, 13365, 183.75, 57, 0x0000000000000000, Not Active, Not Active
2026/09/30 14:33:25.572, 2640, 13365, 183.75, 57, 0x0000000000000000, Not Active, Not Active
2026/09/30 14:33:25.672, 2640, 13365, 183.75, 57, 0x0000000000000000, Not Active, Not Active
2026/09/30 14:33:25.773, 2640, 13365, 188.39, 58, 0x0000000000000000, Not Active, Not Active
2026/09/30 14:33:25.873, 2640, 13365, 188.39, 58, 0x0000000000000000, Not Active, Not Active
2026/09/30 14:33:25.973, 2640, 13365, 188.39, 58, 0x0000000000000000, Not Active, Not Active
2026/09/30 14:33:26.073, 2640, 13365, 188.39, 58, 0x0000000000000000, Not Active, Not Active
2026/09/30 14:33:26.173, 2640, 13365, 188.39, 58, 0x0000000000000000, Not Active, Not Active
2026/09/30 14:33:26.273, 2625, 13365, 163.16, 57, 0x0000000000000000, Not Active, Not Active
2026/09/30 14:33:26.373, 2625, 13365, 163.16, 57, 0x0000000000000000, Not Active, Not Active
2026/09/30 14:33:26.473, 2625, 13365, 163.16, 57, 0x0000000000000000, Not Active, Not Active
2026/09/30 14:33:26.574, 2625, 13365, 163.16, 57, 0x0000000000000000, Not Active, Not Active
2026/09/30 14:33:26.674, 2625, 13365, 163.16, 57, 0x0000000000000000, Not Active, Not Active
2026/09/30 14:33:26.774, 2692, 13365, 140.14, 56, 0x0000000000000000, Not Active, Not Active
2026/09/30 14:33:26.874, 2692, 13365, 140.14, 56, 0x0000000000000000, Not Active, Not Active
2026/09/30 14:33:26.974, 2692, 13365, 140.14, 56, 0x0000000000000000, Not Active, Not Active
2026/09/30 14:33:27.074, 2692, 13365, 140.14, 56, 0x0000000000000000, Not Active, Not Active
2026/09/30 14:33:27.174, 2692, 13365, 140.14, 56, 0x0000000000000000, Not Active, Not Active
2026/09/30 14:33:27.274, 2685, 13365, 130.70, 56, 0x0000000000000000, Not Active, Not Active
2026/09/30 14:33:27.375, 2685, 13365, 130.70, 56, 0x0000000000000000, Not Active, Not Active
2026/09/30 14:33:27.475, 2685, 13365, 130.70, 56, 0x0000000000000000, Not Active, Not Active
2026/09/30 14:33:27.575, 2685, 13365, 130.70, 56, 0x0000000000000000, Not Active, Not Active
2026/09/30 14:33:27.675, 2685, 13365, 130.70, 56, 0x0000000000000000, Not Active, Not Active
2026/09/30 14:33:27.775, 2692, 13365, 135.73, 56, 0x0000000000000000, Not Active, Not Active
2026/09/30 14:33:27.875, 2692, 13365, 135.73, 56, 0x0000000000000000, Not Active, Not Active
2026/09/30 14:33:27.975, 2692, 13365, 135.73, 56, 0x0000000000000000, Not Active, Not Active
2026/09/30 14:33:28.076, 2692, 13365, 135.73, 56, 0x0000000000000000, Not Active, Not Active
2026/09/30 14:33:28.176, 2692, 13365, 135.73, 56, 0x0000000000000000, Not Active, Not Active
2026/09/30 14:33:28.276, 2662, 13365, 126.51, 56, 0x0000000000000000, Not Active, Not Active
2026/09/30 14:33:28.376, 2662, 13365, 126.51, 56, 0x0000000000000000, Not Active, Not Active
2026/09/30 14:33:28.476, 2662, 13365, 126.51, 56, 0x0000000000000000, Not Active, Not Active
2026/09/30 14:33:28.576, 2662, 13365, 126.51, 56, 0x0000000000000000, Not Active, Not Active
2026/09/30 14:33:28.676, 2662, 13365, 126.51, 56, 0x0000000000000000, Not Active, Not Active
2026/09/30 14:33:28.777, 2655, 13365, 127.04, 56, 0x0000000000000000, Not Active, Not Active
2026/09/30 14:33:28.877, 2655, 13365, 127.04, 56, 0x0000000000000000, Not Active, Not Active
2026/09/30 14:33:28.977, 2655, 13365, 127.04, 56, 0x0000000000000000, Not Active, Not Active
2026/09/30 14:33:29.077, 2655, 13365, 127.04, 56, 0x0000000000000000, Not Active, Not Active
2026/09/30 14:33:29.177, 2655, 13365, 127.04, 56, 0x0000000000000000, Not Active, Not Active
2026/09/30 14:33:29.277, 2647, 13365, 132.52, 57, 0x0000000000000000, Not Active, Not Active
2026/09/30 14:33:29.378, 2647, 13365, 132.52, 57, 0x0000000000000000, Not Active, Not Active
2026/09/30 14:33:29.478, 2647, 13365, 132.52, 57, 0x0000000000000000, Not Active, Not Active
2026/09/30 14:33:29.578, 2647, 13365, 132.52, 57, 0x0000000000000000, Not Active, Not Active
2026/09/30 14:33:29.678, 2647, 13365, 132.52, 57, 0x0000000000000000, Not Active, Not Active
2026/09/30 14:33:29.778, 2662, 13365, 125.94, 56, 0x0000000000000000, Not Active, Not Active
2026/09/30 14:33:29.878, 2662, 13365, 125.94, 56, 0x0000000000000000, Not Active, Not Active
2026/09/30 14:33:29.978, 2662, 13365, 125.94, 56, 0x0000000000000000, Not Active, Not Active
2026/09/30 14:33:30.078, 2662, 13365, 125.94, 56, 0x0000000000000000, Not Active, Not Active
2026/09/30 14:33:30.178, 2662, 13365, 125.94, 56, 0x0000000000000000, Not Active, Not Active
2026/09/30 14:33:30.278, 2685, 13365, 128.35, 56, 0x0000000000000000, Not Active, Not Active
2026/09/30 14:33:30.379, 2685, 13365, 128.35, 56, 0x0000000000000000, Not Active, Not Active
2026/09/30 14:33:30.479, 2685, 13365, 128.35, 56, 0x0000000000000000, Not Active, Not Active
2026/09/30 14:33:30.579, 2685, 13365, 128.35, 56, 0x0000000000000000, Not Active, Not Active
2026/09/30 14:33:30.679, 2685, 13365, 128.35, 56, 0x0000000000000000, Not Active, Not Active
2026/09/30 14:33:30.779, 2692, 13365, 135.12, 56, 0x0000000000000000, Not Active, Not Active
2026/09/30 14:33:30.879, 2692, 13365, 135.12, 56, 0x0000000000000000, Not Active, Not Active
2026/09/30 14:33:30.979, 2692, 13365, 135.12, 56, 0x0000000000000000, Not Active, Not Active
2026/09/30 14:33:31.079, 2692, 13365, 135.12, 56, 0x0000000000000000, Not Active, Not Active
2026/09/30 14:33:31.179, 2692, 13365, 135.12, 56, 0x0000000000000000, Not Active, Not Active
2026/09/30 14:33:31.280, 2685, 13365, 131.27, 56, 0x0000000000000000, Not Active, Not Active
2026/09/30 14:33:31.380, 2685, 13365, 131.27, 56, 0x0000000000000000, Not Active, Not Active
2026/09/30 14:33:31.480, 2685, 13365, 131.27, 56, 0x0000000000000000, Not Active, Not Active
2026/09/30 14:33:31.580, 2685, 13365, 131.27, 56, 0x0000000000000000, Not Active, Not Active
2026/09/30 14:33:31.681, 2685, 13365, 131.27, 56, 0x0000000000000000, Not Active, Not Active
2026/09/30 14:33:31.781, 2647, 13365, 127.05, 57, 0x0000000000000000, Not Active, Not Active
2026/09/30 14:33:31.881, 2647, 13365, 127.05, 57, 0x0000000000000000, Not Active, Not Active
2026/09/30 14:33:31.981, 2647, 13365, 127.05, 57, 0x0000000000000000, Not Active, Not Active
2026/09/30 14:33:32.081, 2647, 13365, 127.05, 57, 0x0000000000000000, Not Active, Not Active
2026/09/30 14:33:32.182, 2647, 13365, 127.05, 57, 0x0000000000000000, Not Active, Not Active
2026/09/30 14:33:32.282, 2677, 13365, 126.39, 56, 0x0000000000000000, Not Active, Not Active
2026/09/30 14:33:32.382, 2677, 13365, 126.39, 56, 0x0000000000000000, Not Active, Not Active
2026/09/30 14:33:32.482, 2677, 13365, 126.39, 56, 0x0000000000000000, Not Active, Not Active
2026/09/30 14:33:32.582, 2677, 13365, 126.39, 56, 0x0000000000000000, Not Active, Not Active
2026/09/30 14:33:32.682, 2677, 13365, 126.39, 56, 0x0000000000000000, Not Active, Not Active
2026/09/30 14:33:32.782, 2692, 13365, 131.01, 56, 0x0000000000000000, Not Active, Not Active
2026/09/30 14:33:32.882, 2692, 13365, 131.01, 56, 0x0000000000000000, Not Active, Not Active
2026/09/30 14:33:32.983, 2692, 13365, 131.01, 56, 0x0000000000000000, Not Active, Not Active
2026/09/30 14:33:33.083, 2692, 13365, 131.01, 56, 0x0000000000000000, Not Active, Not Active
2026/09/30 14:33:33.183, 2692, 13365, 131.01, 56, 0x0000000000000000, Not Active, Not Active
2026/09/30 14:33:33.283, 2640, 13365, 128.99, 56, 0x0000000000000000, Not Active, Not Active
2026/09/30 14:33:33.383, 2640, 13365, 128.99, 56, 0x0000000000000000, Not Active, Not Active
2026/09/30 14:33:33.483, 2640, 13365, 128.99, 56, 0x0000000000000000, Not Active, Not Active
2026/09/30 14:33:33.583, 2640, 13365, 128.99, 56, 0x0000000000000000, Not Active, Not Active
2026/09/30 14:33:33.684, 2640, 13365, 128.99, 56, 0x0000000000000000, Not Active, Not Active
2026/09/30 14:33:33.784, 2677, 13365, 128.30, 56, 0x0000000000000000, Not Active, Not Active
2026/09/30 14:33:33.884, 2677, 13365, 128.30, 56, 0x0000000000000000, Not Active, Not Active
2026/09/30 14:33:33.984, 2677, 13365, 128.30, 56, 0x0000000000000000, Not Active, Not Active
2026/09/30 14:33:34.084, 2677, 13365, 128.30, 56, 0x0000000000000000, Not Active, Not Active
2026/09/30 14:33:34.184, 2677, 13365, 128.30, 56, 0x0000000000000000, Not Active, Not Active
2026/09/30 14:33:34.284, 2647, 13365, 130.30, 56, 0x0000000000000000, Not Active, Not Active
2026/09/30 14:33:34.384, 2647, 13365, 130.30, 56, 0x0000000000000000, Not Active, Not Active
2026/09/30 14:33:34.485, 2647, 13365, 130.30, 56, 0x0000000000000000, Not Active, Not Active
2026/09/30 14:33:34.585, 2647, 13365, 130.30, 56, 0x0000000000000000, Not Active, Not Active
2026/09/30 14:33:34.685, 2647, 13365, 130.30, 56, 0x0000000000000000, Not Active, Not Active
2026/09/30 14:33:34.785, 2662, 13365, 125.25, 56, 0x0000000000000000, Not Active, Not Active
2026/09/30 14:33:34.885, 2662, 13365, 125.25, 56, 0x0000000000000000, Not Active, Not Active
2026/09/30 14:33:34.985, 2662, 13365, 125.25, 56, 0x0000000000000000, Not Active, Not Active
2026/09/30 14:33:35.085, 2662, 13365, 125.25, 56, 0x0000000000000000, Not Active, Not Active
2026/09/30 14:33:35.186, 2662, 13365, 125.25, 56, 0x0000000000000000, Not Active, Not Active
2026/09/30 14:33:35.286, 2647, 13365, 123.44, 56, 0x0000000000000000, Not Active, Not Active
2026/09/30 14:33:35.386, 2647, 13365, 123.44, 56, 0x0000000000000000, Not Active, Not Active
2026/09/30 14:33:35.486, 2647, 13365, 123.44, 56, 0x0000000000000000, Not Active, Not Active
2026/09/30 14:33:35.586, 2647, 13365, 123.44, 56, 0x0000000000000000, Not Active, Not Active
2026/09/30 14:33:35.686, 2647, 13365, 123.44, 56, 0x0000000000000000, Not Active, Not Active
2026/09/30 14:33:35.786, 2670, 13365, 124.89, 56, 0x0000000000000000, Not Active, Not Active
2026/09/30 14:33:35.886, 2670, 13365, 124.89, 56, 0x0000000000000000, Not Active, Not Active
2026/09/30 14:33:35.987, 2670, 13365, 124.89, 56, 0x0000000000000000, Not Active, Not Active
2026/09/30 14:33:36.087, 2670, 13365, 124.89, 56, 0x0000000000000000, Not Active, Not Active
2026/09/30 14:33:36.187, 2670, 13365, 124.89, 56, 0x0000000000000000, Not Active, Not Active
2026/09/30 14:33:36.287, 2647, 13365, 128.81, 56, 0x0000000000000000, Not Active, Not Active
2026/09/30 14:33:36.387, 2647, 13365, 128.81, 56, 0x0000000000000000, Not Active, Not Active
2026/09/30 14:33:36.487, 2647, 13365, 128.81, 56, 0x0000000000000000, Not Active, Not Active
2026/09/30 14:33:36.587, 2647, 13365, 128.81, 56, 0x0000000000000000, Not Active, Not Active
2026/09/30 14:33:36.688, 2647, 13365, 128.81, 56, 0x0000000000000000, Not Active, Not Active
2026/09/30 14:33:36.788, 2662, 13365, 126.05, 56, 0x0000000000000000, Not Active, Not Active
2026/09/30 14:33:36.888, 2662, 13365, 126.05, 56, 0x0000000000000000, Not Active, Not Active
2026/09/30 14:33:36.988, 2662, 13365, 126.05, 56, 0x0000000000000000, Not Active, Not Active
2026/09/30 14:33:37.088, 2662, 13365, 126.05, 56, 0x0000000000000000, Not Active, Not Active
2026/09/30 14:33:37.188, 2662, 13365, 126.05, 56, 0x0000000000000000, Not Active, Not Active
2026/09/30 14:33:37.288, 2677, 13365, 127.75, 56, 0x0000000000000000, Not Active, Not Active
2026/09/30 14:33:37.388, 2677, 13365, 127.75, 56, 0x0000000000000000, Not Active, Not Active
2026/09/30 14:33:37.489, 2677, 13365, 127.75, 56, 0x0000000000000000, Not Active, Not Active
2026/09/30 14:33:37.589, 2677, 13365, 127.75, 56, 0x0000000000000000, Not Active, Not Active
2026/09/30 14:33:37.689, 2677, 13365, 127.75, 56, 0x0000000000000000, Not Active, Not Active
2026/09/30 14:33:37.789, 2677, 13365, 133.24, 57, 0x0000000000000000, Not Active, Not Active
2026/09/30 14:33:37.889, 2677, 13365, 133.24, 57, 0x0000000000000000, Not Active, Not Active
2026/09/30 14:33:37.989, 2677, 13365, 133.24, 57, 0x0000000000000000, Not Active, Not Active
2026/09/30 14:33:38.089, 2677, 13365, 133.24, 57, 0x0000000000000000, Not Active, Not Active
2026/09/30 14:33:38.190, 2677, 13365, 133.24, 57, 0x0000000000000000, Not Active, Not Active
2026/09/30 14:33:38.290, 2677, 13365, 134.79, 56, 0x0000000000000000, Not Active, Not Active
2026/09/30 14:33:38.390, 2677, 13365, 134.79, 56, 0x0000000000000000, Not Active, Not Active
2026/09/30 14:33:38.490, 2677, 13365, 134.79, 56, 0x0000000000000000, Not Active, Not Active
2026/09/30 14:33:38.590, 2677, 13365, 134.79, 56, 0x0000000000000000, Not Active, Not Active
2026/09/30 14:33:38.690, 2677, 13365, 134.79, 56, 0x0000000000000000, Not Active, Not Active
2026/09/30 14:33:38.790, 2625, 13365, 121.95, 56, 0x0000000000000000, Not Active, Not Active
2026/09/30 14:33:38.890, 2625, 13365, 121.95, 56, 0x0000000000000000, Not Active, Not Active
2026/09/30 14:33:38.990, 2625, 13365, 121.95, 56, 0x0000000000000000, Not Active, Not Active
2026/09/30 14:33:39.091, 2625, 13365, 121.95, 56, 0x0000000000000000, Not Active, Not Active
2026/09/30 14:33:39.191, 2625, 13365, 121.95, 56, 0x0000000000000000, Not Active, Not Active
2026/09/30 14:33:39.291, 2692, 13365, 123.41, 56, 0x0000000000000000, Not Active, Not Active
2026/09/30 14:33:39.391, 2692, 13365, 123.41, 56, 0x0000000000000000, Not Active, Not Active
2026/09/30 14:33:39.491, 2692, 13365, 123.41, 56, 0x0000000000000000, Not Active, Not Active
2026/09/30 14:33:39.591, 2692, 13365, 123.41, 56, 0x0000000000000000, Not Active, Not Active
2026/09/30 14:33:39.691, 2692, 13365, 123.41, 56, 0x0000000000000000, Not Active, Not Active
2026/09/30 14:33:39.791, 2677, 13365, 137.24, 56, 0x0000000000000000, Not Active, Not Active
2026/09/30 14:33:39.892, 2677, 13365, 137.24, 56, 0x0000000000000000, Not Active, Not Active
2026/09/30 14:33:39.992, 2677, 13365, 137.24, 56, 0x0000000000000000, Not Active, Not Active
2026/09/30 14:33:40.092, 2677, 13365, 137.24, 56, 0x0000000000000000, Not Active, Not Active
2026/09/30 14:33:40.192, 2677, 13365, 137.24, 56, 0x0000000000000000, Not Active, Not Active
2026/09/30 14:33:40.292, 2685, 13365, 136.74, 56, 0x0000000000000000, Not Active, Not Active
2026/09/30 14:33:40.392, 2685, 13365, 136.74, 56, 0x0000000000000000, Not Active, Not Active
2026/09/30 14:33:40.492, 2685, 13365, 136.74, 56, 0x0000000000000000, Not Active, Not Active
2026/09/30 14:33:40.592, 2685, 13365, 136.74, 56, 0x0000000000000000, Not Active, Not Active
2026/09/30 14:33:40.693, 2685, 13365, 136.74, 56, 0x0000000000000000, Not Active, Not Active
2026/09/30 14:33:40.793, 2647, 13365, 120.98, 56, 0x0000000000000000, Not Active, Not Active
2026/09/30 14:33:40.893, 2647, 13365, 120.98, 56, 0x0000000000000000, Not Active, Not Active
2026/09/30 14:33:40.993, 2647, 13365, 120.98, 56, 0x0000000000000000, Not Active, Not Active
2026/09/30 14:33:41.093, 2647, 13365, 120.98, 56, 0x0000000000000000, Not Active, Not Active
2026/09/30 14:33:41.193, 2647, 13365, 120.98, 56, 0x0000000000000000, Not Active, Not Active
2026/09/30 14:33:41.293, 2692, 13365, 124.08, 55, 0x0000000000000000, Not Active, Not Active
2026/09/30 14:33:41.394, 2692, 13365, 124.08, 55, 0x0000000000000000, Not Active, Not Active
2026/09/30 14:33:41.494, 2692, 13365, 124.08, 55, 0x0000000000000000, Not Active, Not Active
2026/09/30 14:33:41.594, 2692, 13365, 124.08, 55, 0x0000000000000000, Not Active, Not Active
2026/09/30 14:33:41.694, 2692, 13365, 124.08, 55, 0x0000000000000000, Not Active, Not Active
2026/09/30 14:33:41.794, 2677, 13365, 142.69, 56, 0x0000000000000000, Not Active, Not Active
2026/09/30 14:33:41.894, 2677, 13365, 142.69, 56, 0x0000000000000000, Not Active, Not Active
2026/09/30 14:33:41.994, 2677, 13365, 142.69, 56, 0x0000000000000000, Not Active, Not Active
2026/09/30 14:33:42.094, 2677, 13365, 142.69, 56, 0x0000000000000000, Not Active, Not Active
2026/09/30 14:33:42.195, 2677, 13365, 142.69, 56, 0x0000000000000000, Not Active, Not Active
2026/09/30 14:33:42.295, 2662, 13365, 138.83, 56, 0x0000000000000000, Not Active, Not Active
2026/09/30 14:33:42.395, 2662, 13365, 138.83, 56, 0x0000000000000000, Not Active, Not Active
2026/09/30 14:33:42.495, 2662, 13365, 138.83, 56, 0x0000000000000000, Not Active, Not Active
2026/09/30 14:33:42.595, 2662, 13365, 138.83, 56, 0x0000000000000000, Not Active, Not Active
2026/09/30 14:33:42.695, 2662, 13365, 138.83, 56, 0x0000000000000000, Not Active, Not Active
2026/09/30 14:33:42.795, 2617, 13365, 122.44, 56, 0x0000000000000000, Not Active, Not Active
2026/09/30 14:33:42.896, 2617, 13365, 122.44, 56, 0x0000000000000000, Not Active, Not Active
2026/09/30 14:33:42.996, 2617, 13365, 122.44, 56, 0x0000000000000000, Not Active, Not Active
2026/09/30 14:33:43.096, 2617, 13365, 122.44, 56, 0x0000000000000000, Not Active, Not Active
2026/09/30 14:33:43.196, 2617, 13365, 122.44, 56, 0x0000000000000000, Not Active, Not Active
2026/09/30 14:33:43.296, 2677, 13365, 129.71, 57, 0x0000000000000000, Not Active, Not Active
2026/09/30 14:33:43.396, 2677, 13365, 129.71, 57, 0x0000000000000000, Not Active, Not Active
2026/09/30 14:33:43.496, 2677, 13365, 129.71, 57, 0x0000000000000000, Not Active, Not Active
2026/09/30 14:33:43.596, 2677, 13365, 129.71, 57, 0x0000000000000000, Not Active, Not Active
2026/09/30 14:33:43.697, 2677, 13365, 129.71, 57, 0x0000000000000000, Not Active, Not Active
2026/09/30 14:33:43.797, 2647, 13365, 143.04, 56, 0x0000000000000000, Not Active, Not Active
2026/09/30 14:33:43.897, 2647, 13365, 143.04, 56, 0x0000000000000000, Not Active, Not Active
2026/09/30 14:33:43.997, 2647, 13365, 143.04, 56, 0x0000000000000000, Not Active, Not Active
2026/09/30 14:33:44.097, 2647, 13365, 143.04, 56, 0x0000000000000000, Not Active, Not Active
2026/09/30 14:33:44.197, 2647, 13365, 143.04, 56, 0x0000000000000000, Not Active, Not Active
2026/09/30 14:33:44.297, 2655, 13365, 145.10, 56, 0x0000000000000000, Not Active, Not Active
2026/09/30 14:33:44.398, 2655, 13365, 145.10, 56, 0x0000000000000000, Not Active, Not Active
2026/09/30 14:33:44.498, 2655, 13365, 145.10, 56, 0x0000000000000000, Not Active, Not Active
2026/09/30 14:33:44.598, 2655, 13365, 145.10, 56, 0x0000000000000000, Not Active, Not Active
2026/09/30 14:33:44.698, 2655, 13365, 145.10, 56, 0x0000000000000000, Not Active, Not Active
2026/09/30 14:33:44.798, 2610, 13365, 122.40, 55, 0x0000000000000000, Not Active, Not Active
2026/09/30 14:33:44.898, 2610, 13365, 122.40, 55, 0x0000000000000000, Not Active, Not Active
2026/09/30 14:33:44.998, 2610, 13365, 122.40, 55, 0x0000000000000000, Not Active, Not Active
2026/09/30 14:33:45.099, 2610, 13365, 122.40, 55, 0x0000000000000000, Not Active, Not Active
2026/09/30 14:33:45.199, 2610, 13365, 122.40, 55, 0x0000000000000000, Not Active, Not Active
2026/09/30 14:33:45.299, 2670, 13365, 118.53, 56, 0x0000000000000000, Not Active, Not Active
2026/09/30 14:33:45.399, 2670, 13365, 118.53, 56, 0x0000000000000000, Not Active, Not Active
2026/09/30 14:33:45.499, 2670, 13365, 118.53, 56, 0x0000000000000000, Not Active, Not Active
2026/09/30 14:33:45.599, 2670, 13365, 118.53, 56, 0x0000000000000000, Not Active, Not Active
2026/09/30 14:33:45.699, 2670, 13365, 118.53, 56, 0x0000000000000000, Not Active, Not Active
2026/09/30 14:33:45.799, 2662, 13365, 150.18, 56, 0x0000000000000000, Not Active, Not Active
2026/09/30 14:33:45.899, 2662, 13365, 150.18, 56, 0x0000000000000000, Not Active, Not Active
2026/09/30 14:33:46.000, 2662, 13365, 150.18, 56, 0x0000000000000000, Not Active, Not Active
2026/09/30 14:33:46.100, 2662, 13365, 150.18, 56, 0x0000000000000000, Not Active, Not Active
2026/09/30 14:33:46.200, 2662, 13365, 150.18, 56, 0x0000000000000000, Not Active, Not Active
2026/09/30 14:33:46.300, 2655, 13365, 159.49, 56, 0x0000000000000000, Not Active, Not Active
2026/09/30 14:33:46.400, 2655, 13365, 159.49, 56, 0x0000000000000000, Not Active, Not Active
2026/09/30 14:33:46.500, 2655, 13365, 159.49, 56, 0x0000000000000000, Not Active, Not Active
2026/09/30 14:33:46.600, 2655, 13365, 159.49, 56, 0x0000000000000000, Not Active, Not Active
2026/09/30 14:33:46.701, 2655, 13365, 159.49, 56, 0x0000000000000000, Not Active, Not Active
2026/09/30 14:33:46.801, 2640, 13365, 147.63, 56, 0x0000000000000000, Not Active, Not Active
2026/09/30 14:33:46.901, 2640, 13365, 147.63, 56, 0x0000000000000000, Not Active, Not Active
2026/09/30 14:33:47.001, 2640, 13365, 147.63, 56, 0x0000000000000000, Not Active, Not Active
2026/09/30 14:33:47.101, 2640, 13365, 147.63, 56, 0x0000000000000000, Not Active, Not Active
2026/09/30 14:33:47.201, 2640, 13365, 147.63, 56, 0x0000000000000000, Not Active, Not Active
2026/09/30 14:33:47.301, 2610, 13365, 113.32, 55, 0x0000000000000000, Not Active, Not Active
2026/09/30 14:33:47.401, 2610, 13365, 113.32, 55, 0x0000000000000000, Not Active, Not Active
2026/09/30 14:33:47.502, 2610, 13365, 113.32, 55, 0x0000000000000000, Not Active, Not Active
2026/09/30 14:33:47.602, 2610, 13365, 113.32, 55, 0x0000000000000000, Not Active, Not Active
2026/09/30 14:33:47.702, 2610, 13365, 113.32, 55, 0x0000000000000000, Not Active, Not Active
2026/09/30 14:33:47.802, 2632, 13365, 126.51, 57, 0x0000000000000000, Not Active, Not Active
2026/09/30 14:33:47.902, 2632, 13365, 126.51, 57, 0x0000000000000000, Not Active, Not Active
2026/09/30 14:33:48.002, 2632, 13365, 126.51, 57, 0x0000000000000000, Not Active, Not Active
2026/09/30 14:33:48.102, 2632, 13365, 126.51, 57, 0x0000000000000000, Not Active, Not Active
2026/09/30 14:33:48.203, 2632, 13365, 126.51, 57, 0x0000000000000000, Not Active, Not Active
2026/09/30 14:33:48.303, 2632, 13365, 166.11, 59, 0x0000000000000000, Not Active, Not Active
2026/09/30 14:33:48.403, 2632, 13365, 166.11, 59, 0x0000000000000000, Not Active, Not Active
2026/09/30 14:33:48.503, 2632, 13365, 166.11, 59, 0x0000000000000000, Not Active, Not Active
2026/09/30 14:33:48.603, 2632, 13365, 166.11, 59, 0x0000000000000000, Not Active, Not Active
2026/09/30 14:33:48.703, 2632, 13365, 166.11, 59, 0x0000000000000000, Not Active, Not Active
2026/09/30 14:33:48.803, 2625, 13365, 180.92, 59, 0x0000000000000000, Not Active, Not Active
2026/09/30 14:33:48.903, 2625, 13365, 180.92, 59, 0x0000000000000000, Not Active, Not Active
2026/09/30 14:33:49.004, 2625, 13365, 180.92, 59, 0x0000000000000000, Not Active, Not Active
2026/09/30 14:33:49.104, 2625, 13365, 180.92, 59, 0x0000000000000000, Not Active, Not Active
2026/09/30 14:33:49.204, 2625, 13365, 180.92, 59, 0x0000000000000000, Not Active, Not Active
2026/09/30 14:33:49.304, 2640, 13365, 174.52, 56, 0x0000000000000000, Not Active, Not Active
2026/09/30 14:33:49.404, 2640, 13365, 174.52, 56, 0x0000000000000000, Not Active, Not Active
2026/09/30 14:33:49.504, 2640, 13365, 174.52, 56, 0x0000000000000000, Not Active, Not Active
2026/09/30 14:33:49.604, 2640, 13365, 174.52, 56, 0x0000000000000000, Not Active, Not Active
2026/09/30 14:33:49.705, 2640, 13365, 174.52, 56, 0x0000000000000000, Not Active, Not Active
2026/09/30 14:33:49.805, 2647, 13365, 154.15, 56, 0x0000000000000000, Not Active, Not Active
2026/09/30 14:33:49.905, 2647, 13365, 154.15, 56, 0x0000000000000000, Not Active, Not Active
2026/09/30 14:33:50.005, 2647, 13365, 154.15, 56, 0x0000000000000000, Not Active, Not Active
2026/09/30 14:33:50.105, 2647, 13365, 154.15, 56, 0x0000000000000000, Not Active, Not Active
2026/09/30 14:33:50.205, 2647, 13365, 154.15, 56, 0x0000000000000000, Not Active, Not Active
2026/09/30 14:33:50.305, 2655, 13365, 130.12, 56, 0x0000000000000000, Not Active, Not Active
2026/09/30 14:33:50.405, 2655, 13365, 130.12, 56, 0x0000000000000000, Not Active, Not Active
2026/09/30 14:33:50.506, 2655, 13365, 130.12, 56, 0x0000000000000000, Not Active, Not Active
2026/09/30 14:33:50.606, 2655, 13365, 130.12, 56, 0x0000000000000000, Not Active, Not Active
2026/09/30 14:33:50.706, 2655, 13365, 130.12, 56, 0x0000000000000000, Not Active, Not Active
2026/09/30 14:33:50.806, 2677, 13365, 126.65, 55, 0x0000000000000000, Not Active, Not Active
2026/09/30 14:33:50.906, 2677, 13365, 126.65, 55, 0x0000000000000000, Not Active, Not Active
2026/09/30 14:33:51.006, 2677, 13365, 126.65, 55, 0x0000000000000000, Not Active, Not Active
2026/09/30 14:33:51.106, 2677, 13365, 126.65, 55, 0x0000000000000000, Not Active, Not Active
2026/09/30 14:33:51.207, 2677, 13365, 126.65, 55, 0x0000000000000000, Not Active, Not Active
2026/09/30 14:33:51.307, 2692, 13365, 129.06, 55, 0x0000000000000000, Not Active, Not Active
2026/09/30 14:33:51.407, 2692, 13365, 129.06, 55, 0x0000000000000000, Not Active, Not Active
2026/09/30 14:33:51.507, 2692, 13365, 129.06, 55, 0x0000000000000000, Not Active, Not Active
2026/09/30 14:33:51.607, 2692, 13365, 129.06, 55, 0x0000000000000000, Not Active, Not Active
2026/09/30 14:33:51.707, 2692, 13365, 129.06, 55, 0x0000000000000000, Not Active, Not Active
2026/09/30 14:33:51.807, 2670, 13365, 129.27, 56, 0x0000000000000000, Not Active, Not Active
2026/09/30 14:33:51.907, 2670, 13365, 129.27, 56, 0x0000000000000000, Not Active, Not Active
2026/09/30 14:33:52.008, 2670, 13365, 129.27, 56, 0x0000000000000000, Not Active, Not Active
2026/09/30 14:33:52.108, 2670, 13365, 129.27, 56, 0x0000000000000000, Not Active, Not Active
2026/09/30 14:33:52.208, 2670, 13365, 129.27, 56, 0x0000000000000000, Not Active, Not Active
2026/09/30 14:33:52.308, 2647, 13365, 123.96, 56, 0x0000000000000000, Not Active, Not Active
2026/09/30 14:33:52.408, 2647, 13365, 123.96, 56, 0x0000000000000000, Not Active, Not Active
2026/09/30 14:33:52.508, 2647, 13365, 123.96, 56, 0x0000000000000000, Not Active, Not Active
2026/09/30 14:33:52.608, 2647, 13365, 123.96, 56, 0x0000000000000000, Not Active, Not Active
2026/09/30 14:33:52.709, 2647, 13365, 123.96, 56, 0x0000000000000000, Not Active, Not Active
2026/09/30 14:33:52.809, 2662, 13365, 128.03, 56, 0x0000000000000000, Not Active, Not Active
2026/09/30 14:33:52.909, 2662, 13365, 128.03, 56, 0x0000000000000000, Not Active, Not Active
2026/09/30 14:33:53.009, 2662, 13365, 128.03, 56, 0x0000000000000000, Not Active, Not Active
2026/09/30 14:33:53.109, 2662, 13365, 128.03, 56, 0x0000000000000000, Not Active, Not Active
2026/09/30 14:33:53.209, 2662, 13365, 128.03, 56, 0x0000000000000000, Not Active, Not Active
2026/09/30 14:33:53.309, 2662, 13365, 124.14, 55, 0x0000000000000000, Not Active, Not Active
2026/09/30 14:33:53.410, 2662, 13365, 124.14, 55, 0x0000000000000000, Not Active, Not Active
2026/09/30 14:33:53.510, 2662, 13365, 124.14, 55, 0x0000000000000000, Not Active, Not Active
2026/09/30 14:33:53.610, 2662, 13365, 124.14, 55, 0x0000000000000000, Not Active, Not Active
2026/09/30 14:33:53.710, 2662, 13365, 124.14, 55, 0x0000000000000000, Not Active, Not Active
2026/09/30 14:33:53.810, 2677, 13365, 125.39, 56, 0x0000000000000000, Not Active, Not Active
2026/09/30 14:33:53.910, 2677, 13365, 125.39, 56, 0x0000000000000000, Not Active, Not Active
2026/09/30 14:33:54.010, 2677, 13365, 125.39, 56, 0x0000000000000000, Not Active, Not Active
2026/09/30 14:33:54.110, 2677, 13365, 125.39, 56, 0x0000000000000000, Not Active, Not Active
2026/09/30 14:33:54.211, 2677, 13365, 125.39, 56, 0x0000000000000000, Not Active, Not Active
2026/09/30 14:33:54.311, 2655, 13365, 130.42, 56, 0x0000000000000000, Not Active, Not Active
2026/09/30 14:33:54.411, 2655, 13365, 130.42, 56, 0x0000000000000000, Not Active, Not Active
2026/09/30 14:33:54.511, 2655, 13365, 130.42, 56, 0x0000000000000000, Not Active, Not Active
2026/09/30 14:33:54.611, 2655, 13365, 130.42, 56, 0x0000000000000000, Not Active, Not Active
2026/09/30 14:33:54.711, 2655, 13365, 130.42, 56, 0x0000000000000000, Not Active, Not Active
2026/09/30 14:33:54.811, 2655, 13365, 133.54, 56, 0x0000000000000000, Not Active, Not Active
2026/09/30 14:33:54.911, 2655, 13365, 133.54, 56, 0x0000000000000000, Not Active, Not Active
2026/09/30 14:33:55.012, 2655, 13365, 133.54, 56, 0x0000000000000000, Not Active, Not Active
2026/09/30 14:33:55.112, 2655, 13365, 133.54, 56, 0x0000000000000000, Not Active, Not Active
2026/09/30 14:33:55.212, 2655, 13365, 133.54, 56, 0x0000000000000000, Not Active, Not Active
2026/09/30 14:33:55.312, 2647, 13365, 126.10, 56, 0x0000000000000000, Not Active, Not Active
2026/09/30 14:33:55.412, 2647, 13365, 126.10, 56, 0x0000000000000000, Not Active, Not Active
2026/09/30 14:33:55.512, 2647, 13365, 126.10, 56, 0x0000000000000000, Not Active, Not Active
2026/09/30 14:33:55.612, 2647, 13365, 126.10, 56, 0x0000000000000000, Not Active, Not Active
2026/09/30 14:33:55.713, 2647, 13365, 126.10, 56, 0x0000000000000000, Not Active, Not Active
2026/09/30 14:33:55.813, 2685, 13365, 127.73, 55, 0x0000000000000000, Not Active, Not Active
2026/09/30 14:33:55.913, 2685, 13365, 127.73, 55, 0x0000000000000000, Not Active, Not Active
2026/09/30 14:33:56.013, 2685, 13365, 127.73, 55, 0x0000000000000000, Not Active, Not Active
2026/09/30 14:33:56.113, 2685, 13365, 127.73, 55, 0x0000000000000000, Not Active, Not Active
2026/09/30 14:33:56.213, 2685, 13365, 127.73, 55, 0x0000000000000000, Not Active, Not Active
2026/09/30 14:33:56.313, 2692, 13365, 139.63, 55, 0x0000000000000000, Not Active, Not Active
2026/09/30 14:33:56.413, 2692, 13365, 139.63, 55, 0x0000000000000000, Not Active, Not Active
2026/09/30 14:33:56.514, 2692, 13365, 139.63, 55, 0x0000000000000000, Not Active, Not Active
2026/09/30 14:33:56.614, 2692, 13365, 139.63, 55, 0x0000000000000000, Not Active, Not Active
2026/09/30 14:33:56.715, 2692, 13365, 139.63, 55, 0x0000000000000000, Not Active, Not Active
2026/09/30 14:33:56.816, 2677, 13365, 131.91, 56, 0x0000000000000000, Not Active, Not Active
2026/09/30 14:33:56.916, 2677, 13365, 131.91, 56, 0x0000000000000000, Not Active, Not Active
2026/09/30 14:33:57.016, 2677, 13365, 131.91, 56, 0x0000000000000000, Not Active, Not Active
2026/09/30 14:33:57.117, 2677, 13365, 131.91, 56, 0x0000000000000000, Not Active, Not Active
2026/09/30 14:33:57.217, 2677, 13365, 131.91, 56, 0x0000000000000000, Not Active, Not Active
2026/09/30 14:33:57.317, 2662, 13365, 127.61, 55, 0x0000000000000000, Not Active, Not Active
2026/09/30 14:33:57.417, 2662, 13365, 127.61, 55, 0x0000000000000000, Not Active, Not Active
2026/09/30 14:33:57.518, 2662, 13365, 127.61, 55, 0x0000000000000000, Not Active, Not Active
2026/09/30 14:33:57.618, 2662, 13365, 127.61, 55, 0x0000000000000000, Not Active, Not Active
2026/09/30 14:33:57.718, 2662, 13365, 127.61, 55, 0x0000000000000000, Not Active, Not Active
2026/09/30 14:33:57.819, 2662, 13365, 134.20, 56, 0x0000000000000000, Not Active, Not Active
2026/09/30 14:33:57.919, 2662, 13365, 134.20, 56, 0x0000000000000000, Not Active, Not Active
2026/09/30 14:33:58.019, 2662, 13365, 134.20, 56, 0x0000000000000000, Not Active, Not Active
2026/09/30 14:33:58.119, 2662, 13365, 134.20, 56, 0x0000000000000000, Not Active, Not Active
2026/09/30 14:33:58.220, 2662, 13365, 134.20, 56, 0x0000000000000000, Not Active, Not Active
2026/09/30 14:33:58.320, 2677, 13365, 135.58, 55, 0x0000000000000000, Not Active, Not Active
2026/09/30 14:33:58.420, 2677, 13365, 135.58, 55, 0x0000000000000000, Not Active, Not Active
2026/09/30 14:33:58.520, 2677, 13365, 135.58, 55, 0x0000000000000000, Not Active, Not Active
2026/09/30 14:33:58.620, 2677, 13365, 135.58, 55, 0x0000000000000000, Not Active, Not Active
2026/09/30 14:33:58.720, 2677, 13365, 135.58, 55, 0x0000000000000000, Not Active, Not Active
2026/09/30 14:33:58.820, 2647, 13365, 133.12, 56, 0x0000000000000000, Not Active, Not Active
2026/09/30 14:33:58.921, 2647, 13365, 133.12, 56, 0x0000000000000000, Not Active, Not Active
2026/09/30 14:33:59.021, 2647, 13365, 133.12, 56, 0x0000000000000000, Not Active, Not Active
2026/09/30 14:33:59.121, 2647, 13365, 133.12, 56, 0x0000000000000000, Not Active, Not Active
2026/09/30 14:33:59.221, 2647, 13365, 133.12, 56, 0x0000000000000000, Not Active, Not Active
2026/09/30 14:33:59.321, 2677, 13365, 133.88, 56, 0x0000000000000000, Not Active, Not Active
2026/09/30 14:33:59.421, 2677, 13365, 133.88, 56, 0x0000000000000000, Not Active, Not Active
2026/09/30 14:33:59.521, 2677, 13365, 133.88, 56, 0x0000000000000000, Not Active, Not Active
2026/09/30 14:33:59.621, 2677, 13365, 133.88, 56, 0x0000000000000000, Not Active, Not Active
2026/09/30 14:33:59.722, 2677, 13365, 133.88, 56, 0x0000000000000000, Not Active, Not Active
2026/09/30 14:33:59.822, 2655, 13365, 134.45, 56, 0x0000000000000000, Not Active, Not Active
2026/09/30 14:33:59.922, 2655, 13365, 134.45, 56, 0x0000000000000000, Not Active, Not Active
2026/09/30 14:34:00.022, 2655, 13365, 134.45, 56, 0x0000000000000000, Not Active, Not Active
2026/09/30 14:34:00.122, 2655, 13365, 134.45, 56, 0x0000000000000000, Not Active, Not Active
2026/09/30 14:34:00.222, 2655, 13365, 134.45, 56, 0x0000000000000000, Not Active, Not Active
2026/09/30 14:34:00.322, 2640, 13365, 127.19, 56, 0x0000000000000000, Not Active, Not Active
2026/09/30 14:34:00.422, 2640, 13365, 127.19, 56, 0x0000000000000000, Not Active, Not Active
2026/09/30 14:34:00.523, 2640, 13365, 127.19, 56, 0x0000000000000000, Not Active, Not Active
2026/09/30 14:34:00.623, 2640, 13365, 127.19, 56, 0x0000000000000000, Not Active, Not Active
2026/09/30 14:34:00.723, 2640, 13365, 127.19, 56, 0x0000000000000000, Not Active, Not Active
2026/09/30 14:34:00.823, 2692, 13365, 129.27, 55, 0x0000000000000000, Not Active, Not Active
2026/09/30 14:34:00.923, 2692, 13365, 129.27, 55, 0x0000000000000000, Not Active, Not Active
2026/09/30 14:34:01.023, 2692, 13365, 129.27, 55, 0x0000000000000000, Not Active, Not Active
2026/09/30 14:34:01.123, 2692, 13365, 129.27, 55, 0x0000000000000000, Not Active, Not Active
2026/09/30 14:34:01.223, 2692, 13365, 129.27, 55, 0x0000000000000000, Not Active, Not Active
2026/09/30 14:34:01.324, 2685, 13365, 138.18, 55, 0x0000000000000000, Not Active, Not Active
2026/09/30 14:34:01.424, 2685, 13365, 138.18, 55, 0x0000000000000000, Not Active, Not Active
2026/09/30 14:34:01.524, 2685, 13365, 138.18, 55, 0x0000000000000000, Not Active, Not Active
2026/09/30 14:34:01.624, 2685, 13365, 138.18, 55, 0x0000000000000000, Not Active, Not Active
2026/09/30 14:34:01.724, 2685, 13365, 138.18, 55, 0x0000000000000000, Not Active, Not Active
2026/09/30 14:34:01.824, 2677, 13365, 143.14, 55, 0x0000000000000000, Not Active, Not Active
2026/09/30 14:34:01.924, 2677, 13365, 143.14, 55, 0x0000000000000000, Not Active, Not Active
2026/09/30 14:34:02.024, 2677, 13365, 143.14, 55, 0x0000000000000000, Not Active, Not Active
2026/09/30 14:34:02.124, 2677, 13365, 143.14, 55, 0x0000000000000000, Not Active, Not Active
2026/09/30 14:34:02.225, 2677, 13365, 143.14, 55, 0x0000000000000000, Not Active, Not Active
2026/09/30 14:34:02.325, 2625, 13365, 130.02, 56, 0x0000000000000000, Not Active, Not Active
2026/09/30 14:34:02.425, 2625, 13365, 130.02, 56, 0x0000000000000000, Not Active, Not Active
2026/09/30 14:34:02.525, 2625, 13365, 130.02, 56, 0x0000000000000000, Not Active, Not Active
2026/09/30 14:34:02.625, 2625, 13365, 130.02, 56, 0x0000000000000000, Not Active, Not Active
2026/09/30 14:34:02.725, 2625, 13365, 130.02, 56, 0x0000000000000000, Not Active, Not Active
2026/09/30 14:34:02.825, 2670, 13365, 128.74, 56, 0x0000000000000000, Not Active, Not Active
2026/09/30 14:34:02.925, 2670, 13365, 128.74, 56, 0x0000000000000000, Not Active, Not Active
2026/09/30 14:34:03.025, 2670, 13365, 128.74, 56, 0x0000000000000000, Not Active, Not Active
2026/09/30 14:34:03.125, 2670, 13365, 128.74, 56, 0x0000000000000000, Not Active, Not Active
2026/09/30 14:34:03.225, 2670, 13365, 128.74, 56, 0x0000000000000000, Not Active, Not Active
2026/09/30 14:34:03.326, 2670, 13365, 140.07, 55, 0x0000000000000000, Not Active, Not Active
2026/09/30 14:34:03.426, 2670, 13365, 140.07, 55, 0x0000000000000000, Not Active, Not Active
2026/09/30 14:34:03.526, 2670, 13365, 140.07, 55, 0x0000000000000000, Not Active, Not Active
2026/09/30 14:34:03.626, 2670, 13365, 140.07, 55, 0x0000000000000000, Not Active, Not Active
2026/09/30 14:34:03.726, 2670, 13365, 140.07, 55, 0x0000000000000000, Not Active, Not Active
2026/09/30 14:34:03.826, 2670, 13365, 140.55, 55, 0x0000000000000000, Not Active, Not Active
2026/09/30 14:34:03.926, 2670, 13365, 140.55, 55, 0x0000000000000000, Not Active, Not Active
2026/09/30 14:34:04.026, 2670, 13365, 140.55, 55, 0x0000000000000000, Not Active, Not Active
2026/09/30 14:34:04.126, 2670, 13365, 140.55, 55, 0x0000000000000000, Not Active, Not Active
2026/09/30 14:34:04.227, 2670, 13365, 140.55, 55, 0x0000000000000000, Not Active, Not Active
2026/09/30 14:34:04.327, 2632, 13365, 134.26, 56, 0x0000000000000000, Not Active, Not Active
2026/09/30 14:34:04.427, 2632, 13365, 134.26, 56, 0x0000000000000000, Not Active, Not Active
2026/09/30 14:34:04.527, 2632, 13365, 134.26, 56, 0x0000000000000000, Not Active, Not Active
2026/09/30 14:34:04.627, 2632, 13365, 134.26, 56, 0x0000000000000000, Not Active, Not Active
2026/09/30 14:34:04.727, 2632, 13365, 134.26, 56, 0x0000000000000000, Not Active, Not Active
2026/09/30 14:34:04.827, 2662, 13365, 135.62, 55, 0x0000000000000000, Not Active, Not Active
2026/09/30 14:34:04.927, 2662, 13365, 135.62, 55, 0x0000000000000000, Not Active, Not Active
2026/09/30 14:34:05.027, 2662, 13365, 135.62, 55, 0x0000000000000000, Not Active, Not Active
2026/09/30 14:34:05.127, 2662, 13365, 135.62, 55, 0x0000000000000000, Not Active, Not Active
2026/09/30 14:34:05.228, 2662, 13365, 135.62, 55, 0x0000000000000000, Not Active, Not Active
2026/09/30 14:34:05.328, 2662, 13365, 160.36, 56, 0x0000000000000000, Not Active, Not Active
2026/09/30 14:34:05.428, 2662, 13365, 160.36, 56, 0x0000000000000000, Not Active, Not Active
2026/09/30 14:34:05.528, 2662, 13365, 160.36, 56, 0x0000000000000000, Not Active, Not Active
2026/09/30 14:34:05.628, 2662, 13365, 160.36, 56, 0x0000000000000000, Not Active, Not Active
2026/09/30 14:34:05.728, 2662, 13365, 160.36, 56, 0x0000000000000000, Not Active, Not Active
2026/09/30 14:34:05.828, 2670, 13365, 148.94, 55, 0x0000000000000000, Not Active, Not Active
2026/09/30 14:34:05.928, 2670, 13365, 148.94, 55, 0x0000000000000000, Not Active, Not Active
2026/09/30 14:34:06.029, 2670, 13365, 148.94, 55, 0x0000000000000000, Not Active, Not Active
2026/09/30 14:34:06.129, 2670, 13365, 148.94, 55, 0x0000000000000000, Not Active, Not Active
2026/09/30 14:34:06.229, 2670, 13365, 148.94, 55, 0x0000000000000000, Not Active, Not Active
2026/09/30 14:34:06.329, 2617, 13365, 131.70, 55, 0x0000000000000000, Not Active, Not Active
2026/09/30 14:34:06.429, 2617, 13365, 131.70, 55, 0x0000000000000000, Not Active, Not Active
2026/09/30 14:34:06.529, 2617, 13365, 131.70, 55, 0x0000000000000000, Not Active, Not Active
2026/09/30 14:34:06.629, 2617, 13365, 131.70, 55, 0x0000000000000000, Not Active, Not Active
2026/09/30 14:34:06.730, 2617, 13365, 131.70, 55, 0x0000000000000000, Not Active, Not Active
2026/09/30 14:34:06.830, 2640, 13365, 151.01, 56, 0x0000000000000000, Not Active, Not Active
2026/09/30 14:34:06.930, 2640, 13365, 151.01, 56, 0x0000000000000000, Not Active, Not Active
2026/09/30 14:34:07.030, 2640, 13365, 151.01, 56, 0x0000000000000000, Not Active, Not Active
2026/09/30 14:34:07.130, 2640, 13365, 151.01, 56, 0x0000000000000000, Not Active, Not Active
2026/09/30 14:34:07.230, 2640, 13365, 151.01, 56, 0x0000000000000000, Not Active, Not Active
2026/09/30 14:34:07.330, 2625, 13365, 160.78, 56, 0x0000000000000000, Not Active, Not Active
2026/09/30 14:34:07.430, 2625, 13365, 160.78, 56, 0x0000000000000000, Not Active, Not Active
2026/09/30 14:34:07.531, 2625, 13365, 160.78, 56, 0x0000000000000000, Not Active, Not Active
2026/09/30 14:34:07.631, 2625, 13365, 160.78, 56, 0x0000000000000000, Not Active, Not Active
2026/09/30 14:34:07.731, 2625, 13365, 160.78, 56, 0x0000000000000000, Not Active, Not Active
2026/09/30 14:34:07.831, 2640, 13365, 160.99, 56, 0x0000000000000000, Not Active, Not Active
2026/09/30 14:34:07.931, 2640, 13365, 160.99, 56, 0x0000000000000000, Not Active, Not Active
2026/09/30 14:34:08.031, 2640, 13365, 160.99, 56, 0x0000000000000000, Not Active, Not Active
2026/09/30 14:34:08.131, 2640, 13365, 160.99, 56, 0x0000000000000000, Not Active, Not Active
2026/09/30 14:34:08.232, 2640, 13365, 160.99, 56, 0x0000000000000000, Not Active, Not Active
2026/09/30 14:34:08.332, 2617, 13365, 137.53, 55, 0x0000000000000000, Not Active, Not Active
2026/09/30 14:34:08.432, 2617, 13365, 137.53, 55, 0x0000000000000000, Not Active, Not Active
2026/09/30 14:34:08.532, 2617, 13365, 137.53, 55, 0x0000000000000000, Not Active, Not Active
2026/09/30 14:34:08.632, 2617, 13365, 137.53, 55, 0x0000000000000000, Not Active, Not Active
2026/09/30 14:34:08.732, 2617, 13365, 137.53, 55, 0x0000000000000000, Not Active, Not Active
2026/09/30 14:34:08.832, 2595, 13365, 148.21, 56, 0x0000000000000000, Not Active, Not Active
2026/09/30 14:34:08.932, 2595, 13365, 148.21, 56, 0x0000000000000000, Not Active, Not Active
2026/09/30 14:34:09.033, 2595, 13365, 148.21, 56, 0x0000000000000000, Not Active, Not Active
2026/09/30 14:34:09.133, 2595, 13365, 148.21, 56, 0x0000000000000000, Not Active, Not Active
2026/09/30 14:34:09.233, 2595, 13365, 200.24, 56, 0x0000000000000000, Not Active, Not Active
2026/09/30 14:34:09.333, 2595, 13365, 200.24, 58, 0x0000000000000000, Not Active, Not Active
2026/09/30 14:34:09.433, 2595, 13365, 200.24, 58, 0x0000000000000000, Not Active, Not Active
2026/09/30 14:34:09.533, 2595, 13365, 200.24, 58, 0x0000000000000000, Not Active, Not Active
2026/09/30 14:34:09.633, 2595, 13365, 200.24, 58, 0x0000000000000000, Not Active, Not Active
2026/09/30 14:34:09.734, 2602, 13365, 202.17, 60, 0x0000000000000000, Not Active, Not Active
2026/09/30 14:34:09.834, 2602, 13365, 202.17, 60, 0x0000000000000000, Not Active, Not Active
2026/09/30 14:34:09.934, 2602, 13365, 202.17, 60, 0x0000000000000000, Not Active, Not Active
2026/09/30 14:34:10.034, 2602, 13365, 202.17, 60, 0x0000000000000000, Not Active, Not Active
2026/09/30 14:34:10.134, 2602, 13365, 202.17, 60, 0x0000000000000000, Not Active, Not Active
2026/09/30 14:34:10.234, 2595, 13365, 193.46, 57, 0x0000000000000000, Not Active, Not Active
2026/09/30 14:34:10.334, 2595, 13365, 193.46, 57, 0x0000000000000000, Not Active, Not Active
2026/09/30 14:34:10.435, 2595, 13365, 193.46, 57, 0x0000000000000000, Not Active, Not Active
2026/09/30 14:34:10.535, 2595, 13365, 193.46, 57, 0x0000000000000000, Not Active, Not Active
2026/09/30 14:34:10.635, 2595, 13365, 193.46, 57, 0x0000000000000000, Not Active, Not Active
2026/09/30 14:34:10.735, 2610, 13365, 142.61, 55, 0x0000000000000000, Not Active, Not Active
2026/09/30 14:34:10.835, 2610, 13365, 142.61, 55, 0x0000000000000000, Not Active, Not Active
2026/09/30 14:34:10.935, 2610, 13365, 142.61, 55, 0x0000000000000000, Not Active, Not Active
2026/09/30 14:34:11.035, 2610, 13365, 142.61, 55, 0x0000000000000000, Not Active, Not Active
2026/09/30 14:34:11.135, 2610, 13365, 142.61, 55, 0x0000000000000000, Not Active, Not Active
2026/09/30 14:34:11.236, 2610, 13365, 104.05, 55, 0x0000000000000000, Not Active, Not Active
2026/09/30 14:34:11.336, 2610, 13365, 104.05, 55, 0x0000000000000000, Not Active, Not Active
2026/09/30 14:34:11.436, 2610, 13365, 104.05, 55, 0x0000000000000000, Not Active, Not Active
2026/09/30 14:34:11.536, 2610, 13365, 104.05, 55, 0x0000000000000000, Not Active, Not Active
2026/09/30 14:34:11.636, 2610, 13365, 104.05, 55, 0x0000000000000000, Not Active, Not Active
2026/09/30 14:34:11.736, 2535, 13365, 183.38, 59, 0x0000000000000000, Not Active, Not Active
2026/09/30 14:34:11.836, 2535, 13365, 183.38, 59, 0x0000000000000000, Not Active, Not Active
2026/09/30 14:34:11.937, 2535, 13365, 183.38, 59, 0x0000000000000000, Not Active, Not Active
2026/09/30 14:34:12.037, 2535, 13365, 183.38, 59, 0x0000000000000000, Not Active, Not Active
2026/09/30 14:34:12.137, 2535, 13365, 183.38, 59, 0x0000000000000000, Not Active, Not Active
2026/09/30 14:34:12.237, 2745, 13365, 261.61, 62, 0x0000000000000000, Not Active, Not Active
2026/09/30 14:34:12.337, 2745, 13365, 261.61, 62, 0x0000000000000000, Not Active, Not Active
2026/09/30 14:34:12.437, 2745, 13365, 261.61, 62, 0x0000000000000000, Not Active, Not Active
2026/09/30 14:34:12.537, 2745, 13365, 261.61, 62, 0x0000000000000000, Not Active, Not Active
2026/09/30 14:34:12.638, 2745, 13365, 261.61, 62, 0x0000000000000000, Not Active, Not Active
2026/09/30 14:34:12.738, 2640, 13365, 243.10, 61, 0x0000000000000000, Not Active, Not Active
2026/09/30 14:34:12.838, 2640, 13365, 243.10, 61, 0x0000000000000000, Not Active, Not Active
2026/09/30 14:34:12.938, 2640, 13365, 243.10, 61, 0x0000000000000000, Not Active, Not Active
2026/09/30 14:34:13.038, 2640, 13365, 243.10, 61, 0x0000000000000000, Not Active, Not Active
2026/09/30 14:34:13.138, 2640, 13365, 243.10, 61, 0x0000000000000000, Not Active, Not Active
2026/09/30 14:34:13.238, 2640, 13365, 265.12, 63, 0x0000000000000000, Not Active, Not Active
2026/09/30 14:34:13.339, 2640, 13365, 265.12, 63, 0x0000000000000000, Not Active, Not Active
2026/09/30 14:34:13.439, 2640, 13365, 265.12, 63, 0x0000000000000000, Not Active, Not Active
2026/09/30 14:34:13.539, 2640, 13365, 265.12, 63, 0x0000000000000000, Not Active, Not Active
2026/09/30 14:34:13.639, 2640, 13365, 265.12, 63, 0x0000000000000000, Not Active, Not Active
2026/09/30 14:34:13.739, 2752, 13365, 222.68, 57, 0x0000000000000000, Not Active, Not Active
2026/09/30 14:34:13.839, 2752, 13365, 222.68, 57, 0x0000000000000000, Not Active, Not Active
2026/09/30 14:34:13.939, 2752, 13365, 222.68, 57, 0x0000000000000000, Not Active, Not Active
2026/09/30 14:34:14.040, 2752, 13365, 222.68, 57, 0x0000000000000000, Not Active, Not Active
