timestamp, clocks.current.sm [MHz], clocks.current.memory [MHz], power.draw [W], temperature.gpu, clocks_event_reasons.active, clocks_event_reasons.sw_power_cap, clocks_event_reasons.hw_slowdown
2026/09/30 10:41:05.543, 180, 405, 13.27, 46, 0x0000000000000000, Not Active, Not Active
2026/09/30 10:41:05.726, 180, 405, 15.20, 46, 0x0000000000000000, Not Active, Not Active
2026/09/30 10:41:05.826, 180, 405, 15.20, 46, 0x0000000000000000, Not Active, Not Active
2026/09/30 10:41:05.926, 180, 405, 15.20, 46, 0x0000000000000000, Not Active, Not Active
2026/09/30 10:41:06.026, 180, 405, 15.20, 46, 0x0000000000000000, Not Active, Not Active
2026/09/30 10:41:06.127, 180, 405, 15.20, 46, 0x0000000000000000, Not Active, Not Active
2026/09/30 10:41:06.227, 180, 405, 15.95, 46, 0x0000000000000000, Not Active, Not Active
2026/09/30 10:41:06.327, 180, 405, 15.95, 46, 0x0000000000000000, Not Active, Not Active
2026/09/30 10:41:06.427, 180, 405, 15.95, 46, 0x0000000000000000, Not Active, Not Active
2026/09/30 10:41:06.527, 180, 405, 15.95, 46, 0x0000000000000000, Not Active, Not Active
2026/09/30 10:41:06.627, 180, 405, 15.95, 46, 0x0000000000000000, Not Active, Not Active
2026/09/30 10:41:06.727, 180, 405, 18.45, 46, 0x0000000000000000, Not Active, Not Active
2026/09/30 10:41:06.828, 180, 405, 18.45, 46, 0x0000000000000000, Not Active, Not Active
2026/09/30 10:41:06.928, 180, 405, 18.45, 46, 0x0000000000000000, Not Active, Not Active
2026/09/30 10:41:07.028, 180, 405, 18.45, 46, 0x0000000000000000, Not Active, Not Active
2026/09/30 10:41:07.128, 180, 405, 18.45, 46, 0x0000000000000000, Not Active, Not Active
2026/09/30 10:41:07.228, 180, 405, 18.45, 46, 0x0000000000000000, Not Active, Not Active
2026/09/30 10:41:07.328, 180, 405, 18.45, 46, 0x0000000000000000, Not Active, Not Active
2026/09/30 10:41:07.429, 180, 405, 18.45, 46, 0x0000000000000000, Not Active, Not Active
2026/09/30 10:41:07.529, 180, 405, 18.45, 46, 0x0000000000000000, Not Active, Not Active
2026/09/30 10:41:07.629, 180, 405, 18.45, 46, 0x0000000000000000, Not Active, Not Active
2026/09/30 10:41:07.729, 180, 405, 13.93, 46, 0x0000000000000000, Not Active, Not Active
2026/09/30 10:41:07.829, 180, 405, 13.93, 46, 0x0000000000000000, Not Active, Not Active
2026/09/30 10:41:07.929, 180, 405, 13.93, 46, 0x0000000000000000, Not Active, Not Active
2026/09/30 10:41:08.029, 180, 405, 13.93, 46, 0x0000000000000000, Not Active, Not Active
2026/09/30 10:41:08.129, 180, 405, 13.93, 46, 0x0000000000000000, Not Active, Not Active
2026/09/30 10:41:08.229, 180, 405, 13.93, 46, 0x0000000000000000, Not Active, Not Active
2026/09/30 10:41:08.330, 180, 405, 13.93, 46, 0x0000000000000000, Not Active, Not Active
2026/09/30 10:41:08.430, 180, 405, 13.93, 46, 0x0000000000000000, Not Active, Not Active
2026/09/30 10:41:08.530, 180, 405, 13.93, 46, 0x0000000000000000, Not Active, Not Active
2026/09/30 10:41:08.630, 180, 405, 13.93, 46, 0x0000000000000000, Not Active, Not Active
2026/09/30 10:41:08.730, 180, 405, 13.51, 46, 0x0000000000000000, Not Active, Not Active
2026/09/30 10:41:08.830, 180, 405, 13.51, 46, 0x0000000000000000, Not Active, Not Active
2026/09/30 10:41:08.930, 180, 405, 13.51, 46, 0x0000000000000000, Not Active, Not Active
2026/09/30 10:41:09.031, 180, 405, 13.51, 46, 0x0000000000000000, Not Active, Not Active
2026/09/30 10:41:09.131, 180, 405, 13.51, 46, 0x0000000000000000, Not Active, Not Active
2026/09/30 10:41:09.231, 180, 405, 13.51, 46, 0x0000000000000000, Not Active, Not Active
2026/09/30 10:41:09.331, 180, 405, 13.51, 46, 0x0000000000000000, Not Active, Not Active
2026/09/30 10:41:09.431, 180, 405, 13.51, 46, 0x0000000000000000, Not Active, Not Active
2026/09/30 10:41:09.531, 180, 405, 13.51, 46, 0x0000000000000000, Not Active, Not Active
2026/09/30 10:41:09.632, 180, 405, 13.51, 46, 0x0000000000000000, Not Active, Not Active
2026/09/30 10:41:09.732, 180, 405, 13.43, 46, 0x0000000000000000, Not Active, Not Active
2026/09/30 10:41:09.832, 180, 405, 13.43, 46, 0x0000000000000000, Not Active, Not Active
2026/09/30 10:41:09.932, 180, 405, 13.43, 46, 0x0000000000000000, Not Active, Not Active
2026/09/30 10:41:10.032, 180, 405, 13.43, 46, 0x0000000000000000, Not Active, Not Active
2026/09/30 10:41:10.132, 180, 405, 13.43, 46, 0x0000000000000000, Not Active, Not Active
2026/09/30 10:41:10.232, 180, 405, 13.43, 46, 0x0000000000000000, Not Active, Not Active
2026/09/30 10:41:10.333, 180, 405, 13.43, 46, 0x0000000000000000, Not Active, Not Active
2026/09/30 10:41:10.433, 180, 405, 13.43, 46, 0x0000000000000000, Not Active, Not Active
2026/09/30 10:41:10.533, 180, 405, 13.43, 46, 0x0000000000000000, Not Active, Not Active
2026/09/30 10:41:10.633, 180, 405, 13.43, 46, 0x0000000000000000, Not Active, Not Active
2026/09/30 10:41:10.733, 180, 405, 14.84, 46, 0x0000000000000000, Not Active, Not Active
2026/09/30 10:41:10.834, 180, 405, 14.84, 46, 0x0000000000000000, Not Active, Not Active
2026/09/30 10:41:10.934, 180, 405, 14.84, 46, 0x0000000000000000, Not Active, Not Active
2026/09/30 10:41:11.034, 180, 405, 14.84, 46, 0x0000000000000000, Not Active, Not Active
2026/09/30 10:41:11.134, 180, 405, 14.84, 46, 0x0000000000000000, Not Active, Not Active
2026/09/30 10:41:11.234, 180, 405, 14.84, 46, 0x0000000000000000, Not Active, Not Active
2026/09/30 10:41:11.334, 180, 405, 14.84, 46, 0x0000000000000000, Not Active, Not Active
2026/09/30 10:41:11.434, 180, 405, 14.84, 46, 0x0000000000000000, Not Active, Not Active
2026/09/30 10:41:11.534, 180, 405, 14.84, 46, 0x0000000000000000, Not Active, Not Active
2026/09/30 10:41:11.635, 180, 405, 14.84, 46, 0x0000000000000000, Not Active, Not Active
2026/09/30 10:41:11.735, 180, 405, 14.13, 46, 0x0000000000000000, Not Active, Not Active
2026/09/30 10:41:11.835, 180, 405, 14.13, 46, 0x0000000000000000, Not Active, Not Active
2026/09/30 10:41:11.935, 180, 405, 14.13, 46, 0x0000000000000000, Not Active, Not Active
2026/09/30 10:41:12.035, 180, 405, 14.13, 46, 0x0000000000000000, Not Active, Not Active
2026/09/30 10:41:12.135, 180, 405, 14.13, 46, 0x0000000000000000, Not Active, Not Active
2026/09/30 10:41:12.235, 180, 405, 14.13, 46, 0x0000000000000000, Not Active, Not Active
2026/09/30 10:41:12.335, 180, 405, 14.13, 46, 0x0000000000000000, Not Active, Not Active
2026/09/30 10:41:12.436, 180, 405, 14.13, 46, 0x0000000000000000, Not Active, Not Active
2026/09/30 10:41:12.536, 180, 405, 14.13, 46, 0x0000000000000000, Not Active, Not Active
2026/09/30 10:41:12.636, 180, 405, 14.13, 46, 0x0000000000000000, Not Active, Not Active
2026/09/30 10:41:12.736, 180, 405, 13.39, 46, 0x0000000000000000, Not Active, Not Active
2026/09/30 10:41:12.836, 180, 405, 13.39, 46, 0x0000000000000000, Not Active, Not Active
2026/09/30 10:41:12.936, 180, 405, 13.39, 46, 0x0000000000000000, Not Active, Not Active
2026/09/30 10:41:13.036, 180, 405, 13.39, 46, 0x0000000000000000, Not Active, Not Active
2026/09/30 10:41:13.136, 180, 405, 13.39, 46, 0x0000000000000000, Not Active, Not Active
2026/09/30 10:41:13.237, 180, 405, 13.39, 46, 0x0000000000000000, Not Active, Not Active
2026/09/30 10:41:13.337, 180, 405, 13.39, 46, 0x0000000000000000, Not Active, Not Active
2026/09/30 10:41:13.437, 180, 405, 13.39, 46, 0x0000000000000000, Not Active, Not Active
2026/09/30 10:41:13.537, 180, 405, 13.39, 46, 0x0000000000000000, Not Active, Not Active
2026/09/30 10:41:13.637, 180, 405, 13.39, 46, 0x0000000000000000, Not Active, Not Active
2026/09/30 10:41:13.737, 180, 405, 15.17, 46, 0x0000000000000000, Not Active, Not Active
2026/09/30 10:41:13.837, 180, 405, 15.17, 46, 0x0000000000000000, Not Active, Not Active
2026/09/30 10:41:13.938, 180, 405, 15.17, 46, 0x0000000000000000, Not Active, Not Active
2026/09/30 10:41:14.038, 180, 405, 15.17, 46, 0x0000000000000000, Not Active, Not Active
2026/09/30 10:41:14.138, 180, 405, 15.17, 46, 0x0000000000000000, Not Active, Not Active
2026/09/30 10:41:14.238, 180, 405, 15.17, 46, 0x0000000000000000, Not Active, Not Active
2026/09/30 10:41:14.338, 180, 405, 15.17, 46, 0x0000000000000000, Not Active, Not Active
2026/09/30 10:41:14.438, 180, 405, 15.17, 46, 0x0000000000000000, Not Active, Not Active
2026/09/30 10:41:14.538, 180, 405, 15.17, 46, 0x0000000000000000, Not Active, Not Active
2026/09/30 10:41:14.639, 180, 405, 15.17, 46, 0x0000000000000000, Not Active, Not Active
2026/09/30 10:41:14.739, 180, 405, 15.08, 46, 0x0000000000000000, Not Active, Not Active
2026/09/30 10:41:14.839, 180, 405, 15.08, 46, 0x0000000000000000, Not Active, Not Active
2026/09/30 10:41:14.939, 180, 405, 15.08, 46, 0x0000000000000000, Not Active, Not Active
2026/09/30 10:41:15.039, 180, 405, 15.08, 46, 0x0000000000000000, Not Active, Not Active
2026/09/30 10:41:15.139, 180, 405, 15.08, 46, 0x0000000000000000, Not Active, Not Active
2026/09/30 10:41:15.240, 180, 405, 15.08, 46, 0x0000000000000000, Not Active, Not Active
2026/09/30 10:41:15.340, 180, 405, 15.08, 46, 0x0000000000000000, Not Active, Not Active
2026/09/30 10:41:15.440, 180, 405, 15.08, 46, 0x0000000000000000, Not Active, Not Active
2026/09/30 10:41:15.540, 180, 405, 15.08, 46, 0x0000000000000000, Not Active, Not Active
2026/09/30 10:41:15.640, 180, 405, 15.08, 46, 0x0000000000000000, Not Active, Not Active
2026/09/30 10:41:15.740, 172, 14001, 18.26, 45, 0x0000000000000000, Not Active, Not Active
2026/09/30 10:41:15.841, 172, 14001, 18.26, 45, 0x0000000000000000, Not Active, Not Active
2026/09/30 10:41:15.941, 172, 14001, 18.26, 45, 0x0000000000000000, Not Active, Not Active
2026/09/30 10:41:16.041, 172, 14001, 18.26, 45, 0x0000000000000000, Not Active, Not Active
2026/09/30 10:41:16.141, 172, 14001, 18.26, 45, 0x0000000000000000, Not Active, Not Active
2026/09/30 10:41:16.241, 2730, 13365, 39.79, 47, 0x0000000000000000, Not Active, Not Active
2026/09/30 10:41:16.341, 2730, 13365, 39.79, 47, 0x0000000000000000, Not Active, Not Active
2026/09/30 10:41:16.441, 2730, 13365, 39.79, 47, 0x0000000000000000, Not Active, Not Active
2026/09/30 10:41:16.542, 2730, 13365, 39.79, 47, 0x0000000000000000, Not Active, Not Active
2026/09/30 10:41:16.642, 2730, 13365, 39.79, 47, 0x0000000000000000, Not Active, Not Active
2026/09/30 10:41:16.742, 2610, 13365, 82.18, 47, 0x0000000000000000, Not Active, Not Active
2026/09/30 10:41:16.842, 2610, 13365, 82.18, 47, 0x0000000000000000, Not Active, Not Active
2026/09/30 10:41:16.942, 2610, 13365, 82.18, 47, 0x0000000000000000, Not Active, Not Active
2026/09/30 10:41:17.042, 2610, 13365, 82.18, 47, 0x0000000000000000, Not Active, Not Active
2026/09/30 10:41:17.143, 2610, 13365, 82.18, 47, 0x0000000000000000, Not Active, Not Active
2026/09/30 10:41:17.243, 2662, 13365, 95.39, 48, 0x0000000000000000, Not Active, Not Active
2026/09/30 10:41:17.343, 2662, 13365, 95.39, 48, 0x0000000000000000, Not Active, Not Active
2026/09/30 10:41:17.443, 2662, 13365, 95.39, 48, 0x0000000000000000, Not Active, Not Active
2026/09/30 10:41:17.543, 2662, 13365, 95.39, 48, 0x0000000000000000, Not Active, Not Active
2026/09/30 10:41:17.643, 2662, 13365, 95.39, 48, 0x0000000000000000, Not Active, Not Active
2026/09/30 10:41:17.743, 2662, 13365, 117.33, 48, 0x0000000000000000, Not Active, Not Active
2026/09/30 10:41:17.844, 2662, 13365, 117.33, 48, 0x0000000000000000, Not Active, Not Active
2026/09/30 10:41:17.944, 2662, 13365, 117.33, 48, 0x0000000000000000, Not Active, Not Active
2026/09/30 10:41:18.044, 2662, 13365, 117.33, 48, 0x0000000000000000, Not Active, Not Active
2026/09/30 10:41:18.144, 2662, 13365, 117.33, 48, 0x0000000000000000, Not Active, Not Active
2026/09/30 10:41:18.244, 2662, 13365, 121.52, 48, 0x0000000000000000, Not Active, Not Active
2026/09/30 10:41:18.344, 2662, 13365, 121.52, 48, 0x0000000000000000, Not Active, Not Active
2026/09/30 10:41:18.444, 2662, 13365, 121.52, 48, 0x0000000000000000, Not Active, Not Active
2026/09/30 10:41:18.545, 2662, 13365, 121.52, 48, 0x0000000000000000, Not Active, Not Active
2026/09/30 10:41:18.645, 2662, 13365, 121.52, 48, 0x0000000000000000, Not Active, Not Active
2026/09/30 10:41:18.745, 2670, 13365, 123.95, 48, 0x0000000000000000, Not Active, Not Active
2026/09/30 10:41:18.845, 2670, 13365, 123.95, 48, 0x0000000000000000, Not Active, Not Active
2026/09/30 10:41:18.945, 2670, 13365, 123.95, 48, 0x0000000000000000, Not Active, Not Active
2026/09/30 10:41:19.045, 2670, 13365, 123.95, 48, 0x0000000000000000, Not Active, Not Active
2026/09/30 10:41:19.145, 2670, 13365, 123.95, 48, 0x0000000000000000, Not Active, Not Active
2026/09/30 10:41:19.246, 2685, 13365, 125.68, 49, 0x0000000000000000, Not Active, Not Active
2026/09/30 10:41:19.346, 2685, 13365, 125.68, 49, 0x0000000000000000, Not Active, Not Active
2026/09/30 10:41:19.446, 2685, 13365, 125.68, 49, 0x0000000000000000, Not Active, Not Active
2026/09/30 10:41:19.546, 2685, 13365, 125.68, 49, 0x0000000000000000, Not Active, Not Active
2026/09/30 10:41:19.646, 2685, 13365, 125.68, 49, 0x0000000000000000, Not Active, Not Active
2026/09/30 10:41:19.746, 2700, 13365, 123.15, 48, 0x0000000000000000, Not Active, Not Active
2026/09/30 10:41:19.846, 2700, 13365, 123.15, 48, 0x0000000000000000, Not Active, Not Active
2026/09/30 10:41:19.946, 2700, 13365, 123.15, 48, 0x0000000000000000, Not Active, Not Active
2026/09/30 10:41:20.046, 2700, 13365, 123.15, 48, 0x0000000000000000, Not Active, Not Active
2026/09/30 10:41:20.147, 2700, 13365, 123.15, 48, 0x0000000000000000, Not Active, Not Active
2026/09/30 10:41:20.247, 2692, 13365, 119.67, 48, 0x0000000000000000, Not Active, Not Active
2026/09/30 10:41:20.347, 2692, 13365, 119.67, 48, 0x0000000000000000, Not Active, Not Active
2026/09/30 10:41:20.447, 2692, 13365, 119.67, 48, 0x0000000000000000, Not Active, Not Active
2026/09/30 10:41:20.547, 2692, 13365, 119.67, 48, 0x0000000000000000, Not Active, Not Active
2026/09/30 10:41:20.647, 2692, 13365, 119.67, 48, 0x0000000000000000, Not Active, Not Active
2026/09/30 10:41:20.747, 2677, 13365, 121.94, 48, 0x0000000000000000, Not Active, Not Active
2026/09/30 10:41:20.847, 2677, 13365, 121.94, 48, 0x0000000000000000, Not Active, Not Active
2026/09/30 10:41:20.948, 2677, 13365, 121.94, 48, 0x0000000000000000, Not Active, Not Active
2026/09/30 10:41:21.048, 2677, 13365, 121.94, 48, 0x0000000000000000, Not Active, Not Active
2026/09/30 10:41:21.148, 2677, 13365, 121.94, 48, 0x0000000000000000, Not Active, Not Active
2026/09/30 10:41:21.248, 2662, 13365, 124.13, 48, 0x0000000000000000, Not Active, Not Active
2026/09/30 10:41:21.348, 2662, 13365, 124.13, 48, 0x0000000000000000, Not Active, Not Active
2026/09/30 10:41:21.448, 2662, 13365, 124.13, 48, 0x0000000000000000, Not Active, Not Active
2026/09/30 10:41:21.548, 2662, 13365, 124.13, 48, 0x0000000000000000, Not Active, Not Active
2026/09/30 10:41:21.649, 2662, 13365, 124.13, 48, 0x0000000000000000, Not Active, Not Active
2026/09/30 10:41:21.749, 2662, 13365, 127.07, 48, 0x0000000000000000, Not Active, Not Active
2026/09/30 10:41:21.849, 2662, 13365, 127.07, 48, 0x0000000000000000, Not Active, Not Active
2026/09/30 10:41:21.949, 2662, 13365, 127.07, 48, 0x0000000000000000, Not Active, Not Active
2026/09/30 10:41:22.049, 2662, 13365, 127.07, 48, 0x0000000000000000, Not Active, Not Active
2026/09/30 10:41:22.149, 2662, 13365, 127.07, 48, 0x0000000000000000, Not Active, Not Active
2026/09/30 10:41:22.249, 2662, 13365, 127.14, 49, 0x0000000000000000, Not Active, Not Active
2026/09/30 10:41:22.350, 2662, 13365, 127.14, 49, 0x0000000000000000, Not Active, Not Active
2026/09/30 10:41:22.450, 2662, 13365, 127.14, 49, 0x0000000000000000, Not Active, Not Active
2026/09/30 10:41:22.550, 2662, 13365, 127.14, 49, 0x0000000000000000, Not Active, Not Active
2026/09/30 10:41:22.650, 2662, 13365, 127.14, 49, 0x0000000000000000, Not Active, Not Active
2026/09/30 10:41:22.750, 2662, 13365, 127.68, 49, 0x0000000000000000, Not Active, Not Active
2026/09/30 10:41:22.850, 2662, 13365, 127.68, 49, 0x0000000000000000, Not Active, Not Active
2026/09/30 10:41:22.950, 2662, 13365, 127.68, 49, 0x0000000000000000, Not Active, Not Active
2026/09/30 10:41:23.051, 2662, 13365, 127.68, 49, 0x0000000000000000, Not Active, Not Active
2026/09/30 10:41:23.151, 2662, 13365, 127.68, 49, 0x0000000000000000, Not Active, Not Active
2026/09/30 10:41:23.251, 2662, 13365, 125.83, 48, 0x0000000000000000, Not Active, Not Active
2026/09/30 10:41:23.351, 2662, 13365, 125.83, 48, 0x0000000000000000, Not Active, Not Active
2026/09/30 10:41:23.451, 2662, 13365, 125.83, 48, 0x0000000000000000, Not Active, Not Active
2026/09/30 10:41:23.551, 2662, 13365, 125.83, 48, 0x0000000000000000, Not Active, Not Active
2026/09/30 10:41:23.651, 2662, 13365, 125.83, 48, 0x0000000000000000, Not Active, Not Active
2026/09/30 10:41:23.752, 2662, 13365, 127.58, 48, 0x0000000000000000, Not Active, Not Active
2026/09/30 10:41:23.852, 2662, 13365, 127.58, 48, 0x0000000000000000, Not Active, Not Active
2026/09/30 10:41:23.952, 2662, 13365, 127.58, 48, 0x0000000000000000, Not Active, Not Active
2026/09/30 10:41:24.052, 2662, 13365, 127.58, 48, 0x0000000000000000, Not Active, Not Active
2026/09/30 10:41:24.152, 2662, 13365, 127.58, 48, 0x0000000000000000, Not Active, Not Active
2026/09/30 10:41:24.252, 2662, 13365, 128.01, 48, 0x0000000000000000, Not Active, Not Active
2026/09/30 10:41:24.352, 2662, 13365, 128.01, 48, 0x0000000000000000, Not Active, Not Active
2026/09/30 10:41:24.453, 2662, 13365, 128.01, 48, 0x0000000000000000, Not Active, Not Active
2026/09/30 10:41:24.553, 2662, 13365, 128.01, 48, 0x0000000000000000, Not Active, Not Active
2026/09/30 10:41:24.653, 2662, 13365, 128.01, 48, 0x0000000000000000, Not Active, Not Active
2026/09/30 10:41:24.753, 2692, 13365, 129.25, 49, 0x0000000000000000, Not Active, Not Active
2026/09/30 10:41:24.853, 2692, 13365, 129.25, 49, 0x0000000000000000, Not Active, Not Active
2026/09/30 10:41:24.953, 2692, 13365, 129.25, 49, 0x0000000000000000, Not Active, Not Active
2026/09/30 10:41:25.054, 2692, 13365, 129.25, 49, 0x0000000000000000, Not Active, Not Active
2026/09/30 10:41:25.154, 2692, 13365, 129.25, 49, 0x0000000000000000, Not Active, Not Active
2026/09/30 10:41:25.254, 2685, 13365, 132.27, 50, 0x0000000000000000, Not Active, Not Active
2026/09/30 10:41:25.354, 2685, 13365, 132.27, 50, 0x0000000000000000, Not Active, Not Active
2026/09/30 10:41:25.454, 2685, 13365, 132.27, 50, 0x0000000000000000, Not Active, Not Active
2026/09/30 10:41:25.554, 2685, 13365, 132.27, 50, 0x0000000000000000, Not Active, Not Active
2026/09/30 10:41:25.654, 2685, 13365, 132.27, 50, 0x0000000000000000, Not Active, Not Active
2026/09/30 10:41:25.754, 2685, 13365, 134.23, 49, 0x0000000000000000, Not Active, Not Active
2026/09/30 10:41:25.855, 2685, 13365, 134.23, 49, 0x0000000000000000, Not Active, Not Active
2026/09/30 10:41:25.955, 2685, 13365, 134.23, 49, 0x0000000000000000, Not Active, Not Active
2026/09/30 10:41:26.055, 2685, 13365, 134.23, 49, 0x0000000000000000, Not Active, Not Active
2026/09/30 10:41:26.155, 2685, 13365, 134.23, 49, 0x0000000000000000, Not Active, Not Active
2026/09/30 10:41:26.255, 2685, 13365, 134.06, 50, 0x0000000000000000, Not Active, Not Active
2026/09/30 10:41:26.355, 2685, 13365, 134.06, 50, 0x0000000000000000, Not Active, Not Active
2026/09/30 10:41:26.455, 2685, 13365, 134.06, 50, 0x0000000000000000, Not Active, Not Active
2026/09/30 10:41:26.556, 2685, 13365, 134.06, 50, 0x0000000000000000, Not Active, Not Active
2026/09/30 10:41:26.656, 2685, 13365, 134.06, 50, 0x0000000000000000, Not Active, Not Active
2026/09/30 10:41:26.756, 2662, 13365, 131.62, 50, 0x0000000000000000, Not Active, Not Active
2026/09/30 10:41:26.856, 2662, 13365, 131.62, 50, 0x0000000000000000, Not Active, Not Active
2026/09/30 10:41:26.956, 2662, 13365, 131.62, 50, 0x0000000000000000, Not Active, Not Active
2026/09/30 10:41:27.056, 2662, 13365, 131.62, 50, 0x0000000000000000, Not Active, Not Active
2026/09/30 10:41:27.156, 2662, 13365, 131.62, 50, 0x0000000000000000, Not Active, Not Active
2026/09/30 10:41:27.257, 2662, 13365, 133.98, 49, 0x0000000000000000, Not Active, Not Active
2026/09/30 10:41:27.357, 2662, 13365, 133.98, 49, 0x0000000000000000, Not Active, Not Active
2026/09/30 10:41:27.457, 2662, 13365, 133.98, 49, 0x0000000000000000, Not Active, Not Active
2026/09/30 10:41:27.557, 2662, 13365, 133.98, 49, 0x0000000000000000, Not Active, Not Active
2026/09/30 10:41:27.657, 2662, 13365, 133.98, 49, 0x0000000000000000, Not Active, Not Active
2026/09/30 10:41:27.757, 2640, 13365, 133.49, 51, 0x0000000000000000, Not Active, Not Active
2026/09/30 10:41:27.857, 2640, 13365, 133.49, 51, 0x0000000000000000, Not Active, Not Active
2026/09/30 10:41:27.957, 2640, 13365, 133.49, 51, 0x0000000000000000, Not Active, Not Active
2026/09/30 10:41:28.058, 2640, 13365, 133.49, 51, 0x0000000000000000, Not Active, Not Active
2026/09/30 10:41:28.158, 2640, 13365, 133.49, 51, 0x0000000000000000, Not Active, Not Active
2026/09/30 10:41:28.258, 2662, 13365, 141.02, 49, 0x0000000000000000, Not Active, Not Active
2026/09/30 10:41:28.358, 2662, 13365, 141.02, 49, 0x0000000000000000, Not Active, Not Active
2026/09/30 10:41:28.458, 2662, 13365, 141.02, 49, 0x0000000000000000, Not Active, Not Active
2026/09/30 10:41:28.558, 2662, 13365, 141.02, 49, 0x0000000000000000, Not Active, Not Active
2026/09/30 10:41:28.658, 2662, 13365, 141.02, 49, 0x0000000000000000, Not Active, Not Active
2026/09/30 10:41:28.758, 2662, 13365, 156.42, 50, 0x0000000000000000, Not Active, Not Active
2026/09/30 10:41:28.859, 2662, 13365, 156.42, 50, 0x0000000000000000, Not Active, Not Active
2026/09/30 10:41:28.959, 2662, 13365, 156.42, 50, 0x0000000000000000, Not Active, Not Active
2026/09/30 10:41:29.059, 2662, 13365, 156.42, 50, 0x0000000000000000, Not Active, Not Active
2026/09/30 10:41:29.159, 2662, 13365, 156.42, 50, 0x0000000000000000, Not Active, Not Active
2026/09/30 10:41:29.259, 2617, 13365, 135.50, 50, 0x0000000000000000, Not Active, Not Active
2026/09/30 10:41:29.359, 2617, 13365, 135.50, 50, 0x0000000000000000, Not Active, Not Active
2026/09/30 10:41:29.459, 2617, 13365, 135.50, 50, 0x0000000000000000, Not Active, Not Active
2026/09/30 10:41:29.560, 2617, 13365, 135.50, 50, 0x0000000000000000, Not Active, Not Active
2026/09/30 10:41:29.660, 2617, 13365, 135.50, 50, 0x0000000000000000, Not Active, Not Active
2026/09/30 10:41:29.760, 2632, 13365, 145.77, 50, 0x0000000000000000, Not Active, Not Active
2026/09/30 10:41:29.860, 2632, 13365, 145.77, 50, 0x0000000000000000, Not Active, Not Active
2026/09/30 10:41:29.960, 2632, 13365, 145.77, 50, 0x0000000000000000, Not Active, Not Active
2026/09/30 10:41:30.060, 2632, 13365, 145.77, 50, 0x0000000000000000, Not Active, Not Active
2026/09/30 10:41:30.160, 2632, 13365, 145.77, 50, 0x0000000000000000, Not Active, Not Active
2026/09/30 10:41:30.261, 2647, 13365, 171.27, 50, 0x0000000000000000, Not Active, Not Active
2026/09/30 10:41:30.361, 2647, 13365, 171.27, 50, 0x0000000000000000, Not Active, Not Active
2026/09/30 10:41:30.461, 2647, 13365, 171.27, 50, 0x0000000000000000, Not Active, Not Active
2026/09/30 10:41:30.561, 2647, 13365, 171.27, 50, 0x0000000000000000, Not Active, Not Active
2026/09/30 10:41:30.661, 2647, 13365, 171.27, 50, 0x0000000000000000, Not Active, Not Active
2026/09/30 10:41:30.761, 2617, 13365, 150.97, 49, 0x0000000000000000, Not Active, Not Active
2026/09/30 10:41:30.861, 2617, 13365, 150.97, 49, 0x0000000000000000, Not Active, Not Active
2026/09/30 10:41:30.962, 2617, 13365, 150.97, 49, 0x0000000000000000, Not Active, Not Active
2026/09/30 10:41:31.062, 2617, 13365, 150.97, 49, 0x0000000000000000, Not Active, Not Active
2026/09/30 10:41:31.162, 2617, 13365, 150.97, 49, 0x0000000000000000, Not Active, Not Active
2026/09/30 10:41:31.262, 2595, 13365, 150.49, 52, 0x0000000000000000, Not Active, Not Active
2026/09/30 10:41:31.362, 2595, 13365, 150.49, 52, 0x0000000000000000, Not Active, Not Active
2026/09/30 10:41:31.462, 2595, 13365, 150.49, 52, 0x0000000000000000, Not Active, Not Active
2026/09/30 10:41:31.562, 2595, 13365, 150.49, 52, 0x0000000000000000, Not Active, Not Active
2026/09/30 10:41:31.663, 2595, 13365, 150.49, 52, 0x0000000000000000, Not Active, Not Active
2026/09/30 10:41:31.763, 2587, 13365, 190.59, 52, 0x0000000000000000, Not Active, Not Active
2026/09/30 10:41:31.863, 2587, 13365, 190.59, 52, 0x0000000000000000, Not Active, Not Active
2026/09/30 10:41:31.963, 2587, 13365, 190.59, 52, 0x0000000000000000, Not Active, Not Active
2026/09/30 10:41:32.063, 2587, 13365, 190.59, 52, 0x0000000000000000, Not Active, Not Active
2026/09/30 10:41:32.163, 2587, 13365, 190.59, 52, 0x0000000000000000, Not Active, Not Active
2026/09/30 10:41:32.263, 2602, 13365, 197.79, 51, 0x0000000000000000, Not Active, Not Active
2026/09/30 10:41:32.363, 2602, 13365, 197.79, 51, 0x0000000000000000, Not Active, Not Active
2026/09/30 10:41:32.464, 2602, 13365, 197.79, 51, 0x0000000000000000, Not Active, Not Active
2026/09/30 10:41:32.564, 2602, 13365, 197.79, 51, 0x0000000000000000, Not Active, Not Active
2026/09/30 10:41:32.664, 2602, 13365, 197.79, 51, 0x0000000000000000, Not Active, Not Active
2026/09/30 10:41:32.764, 2662, 13365, 175.46, 50, 0x0000000000000000, Not Active, Not Active
2026/09/30 10:41:32.864, 2662, 13365, 175.46, 50, 0x0000000000000000, Not Active, Not Active
2026/09/30 10:41:32.964, 2662, 13365, 175.46, 50, 0x0000000000000000, Not Active, Not Active
2026/09/30 10:41:33.064, 2662, 13365, 175.46, 50, 0x0000000000000000, Not Active, Not Active
2026/09/30 10:41:33.164, 2662, 13365, 175.46, 50, 0x0000000000000000, Not Active, Not Active
2026/09/30 10:41:33.265, 2662, 13365, 139.90, 50, 0x0000000000000000, Not Active, Not Active
2026/09/30 10:41:33.365, 2662, 13365, 139.90, 50, 0x0000000000000000, Not Active, Not Active
2026/09/30 10:41:33.465, 2662, 13365, 139.90, 50, 0x0000000000000000, Not Active, Not Active
2026/09/30 10:41:33.565, 2662, 13365, 139.90, 50, 0x0000000000000000, Not Active, Not Active
2026/09/30 10:41:33.665, 2662, 13365, 139.90, 50, 0x0000000000000000, Not Active, Not Active
2026/09/30 10:41:33.765, 2662, 13365, 123.23, 50, 0x0000000000000000, Not Active, Not Active
2026/09/30 10:41:33.865, 2662, 13365, 123.23, 50, 0x0000000000000000, Not Active, Not Active
2026/09/30 10:41:33.966, 2662, 13365, 123.23, 50, 0x0000000000000000, Not Active, Not Active
2026/09/30 10:41:34.066, 2662, 13365, 123.23, 50, 0x0000000000000000, Not Active, Not Active
2026/09/30 10:41:34.166, 2662, 13365, 123.23, 50, 0x0000000000000000, Not Active, Not Active
2026/09/30 10:41:34.266, 2670, 13365, 124.55, 50, 0x0000000000000000, Not Active, Not Active
2026/09/30 10:41:34.366, 2670, 13365, 124.55, 50, 0x0000000000000000, Not Active, Not Active
2026/09/30 10:41:34.466, 2670, 13365, 124.55, 50, 0x0000000000000000, Not Active, Not Active
2026/09/30 10:41:34.566, 2670, 13365, 124.55, 50, 0x0000000000000000, Not Active, Not Active
2026/09/30 10:41:34.666, 2670, 13365, 124.55, 50, 0x0000000000000000, Not Active, Not Active
2026/09/30 10:41:34.767, 2685, 13365, 121.71, 49, 0x0000000000000000, Not Active, Not Active
2026/09/30 10:41:34.867, 2685, 13365, 121.71, 49, 0x0000000000000000, Not Active, Not Active
2026/09/30 10:41:34.967, 2685, 13365, 121.71, 49, 0x0000000000000000, Not Active, Not Active
2026/09/30 10:41:35.067, 2685, 13365, 121.71, 49, 0x0000000000000000, Not Active, Not Active
2026/09/30 10:41:35.167, 2685, 13365, 121.71, 49, 0x0000000000000000, Not Active, Not Active
2026/09/30 10:41:35.267, 2685, 13365, 123.09, 50, 0x0000000000000000, Not Active, Not Active
2026/09/30 10:41:35.367, 2685, 13365, 123.09, 50, 0x0000000000000000, Not Active, Not Active
2026/09/30 10:41:35.467, 2685, 13365, 123.09, 50, 0x0000000000000000, Not Active, Not Active
2026/09/30 10:41:35.568, 2685, 13365, 123.09, 50, 0x0000000000000000, Not Active, Not Active
2026/09/30 10:41:35.668, 2685, 13365, 123.09, 50, 0x0000000000000000, Not Active, Not Active
2026/09/30 10:41:35.768, 2692, 13365, 123.37, 50, 0x0000000000000000, Not Active, Not Active
2026/09/30 10:41:35.868, 2692, 13365, 123.37, 50, 0x0000000000000000, Not Active, Not Active
2026/09/30 10:41:35.968, 2692, 13365, 123.37, 50, 0x0000000000000000, Not Active, Not Active
2026/09/30 10:41:36.068, 2692, 13365, 123.37, 50, 0x0000000000000000, Not Active, Not Active
2026/09/30 10:41:36.168, 2692, 13365, 123.37, 50, 0x0000000000000000, Not Active, Not Active
2026/09/30 10:41:36.268, 2670, 13365, 120.43, 50, 0x0000000000000000, Not Active, Not Active
2026/09/30 10:41:36.369, 2670, 13365, 120.43, 50, 0x0000000000000000, Not Active, Not Active
2026/09/30 10:41:36.469, 2670, 13365, 120.43, 50, 0x0000000000000000, Not Active, Not Active
2026/09/30 10:41:36.569, 2670, 13365, 120.43, 50, 0x0000000000000000, Not Active, Not Active
2026/09/30 10:41:36.669, 2670, 13365, 120.43, 50, 0x0000000000000000, Not Active, Not Active
2026/09/30 10:41:36.769, 2647, 13365, 120.72, 50, 0x0000000000000000, Not Active, Not Active
2026/09/30 10:41:36.869, 2647, 13365, 120.72, 50, 0x0000000000000000, Not Active, Not Active
2026/09/30 10:41:36.969, 2647, 13365, 120.72, 50, 0x0000000000000000, Not Active, Not Active
2026/09/30 10:41:37.069, 2647, 13365, 120.72, 50, 0x0000000000000000, Not Active, Not Active
2026/09/30 10:41:37.170, 2647, 13365, 120.72, 50, 0x0000000000000000, Not Active, Not Active
2026/09/30 10:41:37.270, 2647, 13365, 120.58, 50, 0x0000000000000000, Not Active, Not Active
2026/09/30 10:41:37.370, 2647, 13365, 120.58, 50, 0x0000000000000000, Not Active, Not Active
2026/09/30 10:41:37.470, 2647, 13365, 120.58, 50, 0x0000000000000000, Not Active, Not Active
2026/09/30 10:41:37.570, 2647, 13365, 120.58, 50, 0x0000000000000000, Not Active, Not Active
2026/09/30 10:41:37.670, 2647, 13365, 120.58, 50, 0x0000000000000000, Not Active, Not Active
2026/09/30 10:41:37.770, 2685, 13365, 118.17, 50, 0x0000000000000000, Not Active, Not Active
2026/09/30 10:41:37.870, 2685, 13365, 118.17, 50, 0x0000000000000000, Not Active, Not Active
2026/09/30 10:41:37.971, 2685, 13365, 118.17, 50, 0x0000000000000000, Not Active, Not Active
2026/09/30 10:41:38.071, 2685, 13365, 118.17, 50, 0x0000000000000000, Not Active, Not Active
2026/09/30 10:41:38.171, 2685, 13365, 118.17, 50, 0x0000000000000000, Not Active, Not Active
2026/09/30 10:41:38.271, 2700, 13365, 122.41, 50, 0x0000000000000000, Not Active, Not Active
2026/09/30 10:41:38.371, 2700, 13365, 122.41, 50, 0x0000000000000000, Not Active, Not Active
2026/09/30 10:41:38.471, 2700, 13365, 122.41, 50, 0x0000000000000000, Not Active, Not Active
2026/09/30 10:41:38.571, 2700, 13365, 122.41, 50, 0x0000000000000000, Not Active, Not Active
2026/09/30 10:41:38.672, 2700, 13365, 122.41, 50, 0x0000000000000000, Not Active, Not Active
2026/09/30 10:41:38.772, 2692, 13365, 126.55, 50, 0x0000000000000000, Not Active, Not Active
2026/09/30 10:41:38.872, 2692, 13365, 126.55, 50, 0x0000000000000000, Not Active, Not Active
2026/09/30 10:41:38.972, 2692, 13365, 126.55, 50, 0x0000000000000000, Not Active, Not Active
2026/09/30 10:41:39.072, 2692, 13365, 126.55, 50, 0x0000000000000000, Not Active, Not Active
2026/09/30 10:41:39.172, 2692, 13365, 126.55, 50, 0x0000000000000000, Not Active, Not Active
2026/09/30 10:41:39.272, 2692, 13365, 125.24, 50, 0x0000000000000000, Not Active, Not Active
2026/09/30 10:41:39.373, 2692, 13365, 125.24, 50, 0x0000000000000000, Not Active, Not Active
2026/09/30 10:41:39.473, 2692, 13365, 125.24, 50, 0x0000000000000000, Not Active, Not Active
2026/09/30 10:41:39.573, 2692, 13365, 125.24, 50, 0x0000000000000000, Not Active, Not Active
2026/09/30 10:41:39.673, 2692, 13365, 125.24, 50, 0x0000000000000000, Not Active, Not Active
2026/09/30 10:41:39.773, 2685, 13365, 125.01, 50, 0x0000000000000000, Not Active, Not Active
2026/09/30 10:41:39.873, 2685, 13365, 125.01, 50, 0x0000000000000000, Not Active, Not Active
2026/09/30 10:41:39.973, 2685, 13365, 125.01, 50, 0x0000000000000000, Not Active, Not Active
2026/09/30 10:41:40.074, 2685, 13365, 125.01, 50, 0x0000000000000000, Not Active, Not Active
2026/09/30 10:41:40.174, 2685, 13365, 125.01, 50, 0x0000000000000000, Not Active, Not Active
2026/09/30 10:41:40.274, 2692, 13365, 126.76, 50, 0x0000000000000000, Not Active, Not Active
2026/09/30 10:41:40.374, 2692, 13365, 126.76, 50, 0x0000000000000000, Not Active, Not Active
2026/09/30 10:41:40.474, 2692, 13365, 126.76, 50, 0x0000000000000000, Not Active, Not Active
2026/09/30 10:41:40.574, 2692, 13365, 126.76, 50, 0x0000000000000000, Not Active, Not Active
2026/09/30 10:41:40.674, 2692, 13365, 126.76, 50, 0x0000000000000000, Not Active, Not Active
2026/09/30 10:41:40.774, 2662, 13365, 127.56, 51, 0x0000000000000000, Not Active, Not Active
2026/09/30 10:41:40.875, 2662, 13365, 127.56, 51, 0x0000000000000000, Not Active, Not Active
2026/09/30 10:41:40.975, 2662, 13365, 127.56, 51, 0x0000000000000000, Not Active, Not Active
2026/09/30 10:41:41.075, 2662, 13365, 127.56, 51, 0x0000000000000000, Not Active, Not Active
2026/09/30 10:41:41.175, 2662, 13365, 127.56, 51, 0x0000000000000000, Not Active, Not Active
2026/09/30 10:41:41.275, 2662, 13365, 127.22, 51, 0x0000000000000000, Not Active, Not Active
2026/09/30 10:41:41.375, 2662, 13365, 127.22, 51, 0x0000000000000000, Not Active, Not Active
2026/09/30 10:41:41.476, 2662, 13365, 127.22, 51, 0x0000000000000000, Not Active, Not Active
2026/09/30 10:41:41.576, 2662, 13365, 127.22, 51, 0x0000000000000000, Not Active, Not Active
2026/09/30 10:41:41.676, 2662, 13365, 127.22, 51, 0x0000000000000000, Not Active, Not Active
2026/09/30 10:41:41.776, 2662, 13365, 127.81, 51, 0x0000000000000000, Not Active, Not Active
2026/09/30 10:41:41.876, 2662, 13365, 127.81, 51, 0x0000000000000000, Not Active, Not Active
2026/09/30 10:41:41.976, 2662, 13365, 127.81, 51, 0x0000000000000000, Not Active, Not Active
2026/09/30 10:41:42.076, 2662, 13365, 127.81, 51, 0x0000000000000000, Not Active, Not Active
2026/09/30 10:41:42.176, 2662, 13365, 127.81, 51, 0x0000000000000000, Not Active, Not Active
2026/09/30 10:41:42.276, 2647, 13365, 126.46, 50, 0x0000000000000000, Not Active, Not Active
2026/09/30 10:41:42.377, 2647, 13365, 126.46, 50, 0x0000000000000000, Not Active, Not Active
2026/09/30 10:41:42.477, 2647, 13365, 126.46, 50, 0x0000000000000000, Not Active, Not Active
2026/09/30 10:41:42.577, 2647, 13365, 126.46, 50, 0x0000000000000000, Not Active, Not Active
2026/09/30 10:41:42.677, 2647, 13365, 126.46, 50, 0x0000000000000000, Not Active, Not Active
2026/09/30 10:41:42.777, 2677, 13365, 130.88, 51, 0x0000000000000000, Not Active, Not Active
2026/09/30 10:41:42.877, 2677, 13365, 130.88, 51, 0x0000000000000000, Not Active, Not Active
2026/09/30 10:41:42.977, 2677, 13365, 130.88, 51, 0x0000000000000000, Not Active, Not Active
2026/09/30 10:41:43.077, 2677, 13365, 130.88, 51, 0x0000000000000000, Not Active, Not Active
2026/09/30 10:41:43.178, 2677, 13365, 130.88, 51, 0x0000000000000000, Not Active, Not Active
2026/09/30 10:41:43.278, 2677, 13365, 133.82, 50, 0x0000000000000000, Not Active, Not Active
2026/09/30 10:41:43.378, 2677, 13365, 133.82, 50, 0x0000000000000000, Not Active, Not Active
2026/09/30 10:41:43.478, 2677, 13365, 133.82, 50, 0x0000000000000000, Not Active, Not Active
2026/09/30 10:41:43.578, 2677, 13365, 133.82, 50, 0x0000000000000000, Not Active, Not Active
2026/09/30 10:41:43.678, 2677, 13365, 133.82, 50, 0x0000000000000000, Not Active, Not Active
2026/09/30 10:41:43.778, 2692, 13365, 133.96, 51, 0x0000000000000000, Not Active, Not Active
2026/09/30 10:41:43.878, 2692, 13365, 133.96, 51, 0x0000000000000000, Not Active, Not Active
2026/09/30 10:41:43.979, 2692, 13365, 133.96, 51, 0x0000000000000000, Not Active, Not Active
2026/09/30 10:41:44.079, 2692, 13365, 133.96, 51, 0x0000000000000000, Not Active, Not Active
2026/09/30 10:41:44.179, 2692, 13365, 133.96, 51, 0x0000000000000000, Not Active, Not Active
2026/09/30 10:41:44.279, 2692, 13365, 132.18, 52, 0x0000000000000000, Not Active, Not Active
2026/09/30 10:41:44.379, 2692, 13365, 132.18, 52, 0x0000000000000000, Not Active, Not Active
2026/09/30 10:41:44.479, 2692, 13365, 132.18, 52, 0x0000000000000000, Not Active, Not Active
2026/09/30 10:41:44.579, 2692, 13365, 132.18, 52, 0x0000000000000000, Not Active, Not Active
2026/09/30 10:41:44.679, 2692, 13365, 132.18, 52, 0x0000000000000000, Not Active, Not Active
2026/09/30 10:41:44.780, 2647, 13365, 131.23, 50, 0x0000000000000000, Not Active, Not Active
2026/09/30 10:41:44.880, 2647, 13365, 131.23, 50, 0x0000000000000000, Not Active, Not Active
2026/09/30 10:41:44.980, 2647, 13365, 131.23, 50, 0x0000000000000000, Not Active, Not Active
2026/09/30 10:41:45.080, 2647, 13365, 131.23, 50, 0x0000000000000000, Not Active, Not Active
2026/09/30 10:41:45.180, 2647, 13365, 131.23, 50, 0x0000000000000000, Not Active, Not Active
2026/09/30 10:41:45.280, 2677, 13365, 128.63, 50, 0x0000000000000000, Not Active, Not Active
2026/09/30 10:41:45.381, 2677, 13365, 128.63, 50, 0x0000000000000000, Not Active, Not Active
2026/09/30 10:41:45.481, 2677, 13365, 128.63, 50, 0x0000000000000000, Not Active, Not Active
2026/09/30 10:41:45.581, 2677, 13365, 128.63, 50, 0x0000000000000000, Not Active, Not Active
2026/09/30 10:41:45.681, 2677, 13365, 128.63, 50, 0x0000000000000000, Not Active, Not Active
2026/09/30 10:41:45.781, 2685, 13365, 148.66, 51, 0x0000000000000000, Not Active, Not Active
2026/09/30 10:41:45.881, 2685, 13365, 148.66, 51, 0x0000000000000000, Not Active, Not Active
2026/09/30 10:41:45.981, 2685, 13365, 148.66, 51, 0x0000000000000000, Not Active, Not Active
2026/09/30 10:41:46.081, 2685, 13365, 148.66, 51, 0x0000000000000000, Not Active, Not Active
2026/09/30 10:41:46.182, 2685, 13365, 148.66, 51, 0x0000000000000000, Not Active, Not Active
2026/09/30 10:41:46.282, 2647, 13365, 134.10, 50, 0x0000000000000000, Not Active, Not Active
2026/09/30 10:41:46.382, 2647, 13365, 134.10, 50, 0x0000000000000000, Not Active, Not Active
2026/09/30 10:41:46.482, 2647, 13365, 134.10, 50, 0x0000000000000000, Not Active, Not Active
2026/09/30 10:41:46.582, 2647, 13365, 134.10, 50, 0x0000000000000000, Not Active, Not Active
2026/09/30 10:41:46.682, 2647, 13365, 134.10, 50, 0x0000000000000000, Not Active, Not Active
2026/09/30 10:41:46.782, 2640, 13365, 127.00, 51, 0x0000000000000000, Not Active, Not Active
2026/09/30 10:41:46.883, 2640, 13365, 127.00, 51, 0x0000000000000000, Not Active, Not Active
2026/09/30 10:41:46.983, 2640, 13365, 127.00, 51, 0x0000000000000000, Not Active, Not Active
2026/09/30 10:41:47.083, 2640, 13365, 127.00, 51, 0x0000000000000000, Not Active, Not Active
2026/09/30 10:41:47.183, 2640, 13365, 127.00, 51, 0x0000000000000000, Not Active, Not Active
2026/09/30 10:41:47.283, 2640, 13365, 143.82, 53, 0x0000000000000000, Not Active, Not Active
2026/09/30 10:41:47.383, 2640, 13365, 143.82, 53, 0x0000000000000000, Not Active, Not Active
2026/09/30 10:41:47.483, 2640, 13365, 143.82, 53, 0x0000000000000000, Not Active, Not Active
2026/09/30 10:41:47.583, 2640, 13365, 143.82, 53, 0x0000000000000000, Not Active, Not Active
2026/09/30 10:41:47.684, 2640, 13365, 143.82, 53, 0x0000000000000000, Not Active, Not Active
2026/09/30 10:41:47.784, 2640, 13365, 165.84, 53, 0x0000000000000000, Not Active, Not Active
2026/09/30 10:41:47.884, 2640, 13365, 165.84, 53, 0x0000000000000000, Not Active, Not Active
2026/09/30 10:41:47.984, 2640, 13365, 165.84, 53, 0x0000000000000000, Not Active, Not Active
2026/09/30 10:41:48.084, 2640, 13365, 165.84, 53, 0x0000000000000000, Not Active, Not Active
2026/09/30 10:41:48.184, 2640, 13365, 165.84, 53, 0x0000000000000000, Not Active, Not Active
2026/09/30 10:41:48.284, 2662, 13365, 147.22, 51, 0x0000000000000000, Not Active, Not Active
2026/09/30 10:41:48.385, 2662, 13365, 147.22, 51, 0x0000000000000000, Not Active, Not Active
2026/09/30 10:41:48.485, 2662, 13365, 147.22, 51, 0x0000000000000000, Not Active, Not Active
2026/09/30 10:41:48.585, 2662, 13365, 147.22, 51, 0x0000000000000000, Not Active, Not Active
2026/09/30 10:41:48.685, 2662, 13365, 147.22, 51, 0x0000000000000000, Not Active, Not Active
2026/09/30 10:41:48.785, 2655, 13365, 126.84, 51, 0x0000000000000000, Not Active, Not Active
2026/09/30 10:41:48.885, 2655, 13365, 126.84, 51, 0x0000000000000000, Not Active, Not Active
2026/09/30 10:41:48.985, 2655, 13365, 126.84, 51, 0x0000000000000000, Not Active, Not Active
2026/09/30 10:41:49.086, 2655, 13365, 126.84, 51, 0x0000000000000000, Not Active, Not Active
2026/09/30 10:41:49.186, 2655, 13365, 126.84, 51, 0x0000000000000000, Not Active, Not Active
2026/09/30 10:41:49.286, 2677, 13365, 122.72, 50, 0x0000000000000000, Not Active, Not Active
2026/09/30 10:41:49.386, 2677, 13365, 122.72, 50, 0x0000000000000000, Not Active, Not Active
2026/09/30 10:41:49.486, 2677, 13365, 122.72, 50, 0x0000000000000000, Not Active, Not Active
2026/09/30 10:41:49.586, 2677, 13365, 122.72, 50, 0x0000000000000000, Not Active, Not Active
2026/09/30 10:41:49.686, 2677, 13365, 122.72, 50, 0x0000000000000000, Not Active, Not Active
2026/09/30 10:41:49.787, 2685, 13365, 125.56, 51, 0x0000000000000000, Not Active, Not Active
2026/09/30 10:41:49.887, 2685, 13365, 125.56, 51, 0x0000000000000000, Not Active, Not Active
2026/09/30 10:41:49.987, 2685, 13365, 125.56, 51, 0x0000000000000000, Not Active, Not Active
2026/09/30 10:41:50.087, 2685, 13365, 125.56, 51, 0x0000000000000000, Not Active, Not Active
2026/09/30 10:41:50.187, 2685, 13365, 125.56, 51, 0x0000000000000000, Not Active, Not Active
2026/09/30 10:41:50.287, 2685, 13365, 123.33, 51, 0x0000000000000000, Not Active, Not Active
2026/09/30 10:41:50.387, 2685, 13365, 123.33, 51, 0x0000000000000000, Not Active, Not Active
2026/09/30 10:41:50.488, 2685, 13365, 123.33, 51, 0x0000000000000000, Not Active, Not Active
2026/09/30 10:41:50.588, 2685, 13365, 123.33, 51, 0x0000000000000000, Not Active, Not Active
2026/09/30 10:41:50.688, 2685, 13365, 123.33, 51, 0x0000000000000000, Not Active, Not Active
2026/09/30 10:41:50.788, 2685, 13365, 119.92, 51, 0x0000000000000000, Not Active, Not Active
2026/09/30 10:41:50.888, 2685, 13365, 119.92, 51, 0x0000000000000000, Not Active, Not Active
2026/09/30 10:41:50.988, 2685, 13365, 119.92, 51, 0x0000000000000000, Not Active, Not Active
2026/09/30 10:41:51.088, 2685, 13365, 119.92, 51, 0x0000000000000000, Not Active, Not Active
2026/09/30 10:41:51.188, 2685, 13365, 119.92, 51, 0x0000000000000000, Not Active, Not Active
2026/09/30 10:41:51.289, 2662, 13365, 120.19, 51, 0x0000000000000000, Not Active, Not Active
2026/09/30 10:41:51.389, 2662, 13365, 120.19, 51, 0x0000000000000000, Not Active, Not Active
2026/09/30 10:41:51.489, 2662, 13365, 120.19, 51, 0x0000000000000000, Not Active, Not Active
2026/09/30 10:41:51.589, 2662, 13365, 120.19, 51, 0x0000000000000000, Not Active, Not Active
2026/09/30 10:41:51.689, 2662, 13365, 120.19, 51, 0x0000000000000000, Not Active, Not Active
2026/09/30 10:41:51.789, 2655, 13365, 120.12, 51, 0x0000000000000000, Not Active, Not Active
2026/09/30 10:41:51.889, 2655, 13365, 120.12, 51, 0x0000000000000000, Not Active, Not Active
2026/09/30 10:41:51.990, 2655, 13365, 120.12, 51, 0x0000000000000000, Not Active, Not Active
2026/09/30 10:41:52.090, 2655, 13365, 120.12, 51, 0x0000000000000000, Not Active, Not Active
2026/09/30 10:41:52.190, 2655, 13365, 120.12, 51, 0x0000000000000000, Not Active, Not Active
2026/09/30 10:41:52.290, 2685, 13365, 118.30, 50, 0x0000000000000000, Not Active, Not Active
2026/09/30 10:41:52.390, 2685, 13365, 118.30, 50, 0x0000000000000000, Not Active, Not Active
2026/09/30 10:41:52.490, 2685, 13365, 118.30, 50, 0x0000000000000000, Not Active, Not Active
2026/09/30 10:41:52.590, 2685, 13365, 118.30, 50, 0x0000000000000000, Not Active, Not Active
2026/09/30 10:41:52.691, 2685, 13365, 118.30, 50, 0x0000000000000000, Not Active, Not Active
2026/09/30 10:41:52.791, 2700, 13365, 127.22, 51, 0x0000000000000000, Not Active, Not Active
2026/09/30 10:41:52.891, 2700, 13365, 127.22, 51, 0x0000000000000000, Not Active, Not Active
2026/09/30 10:41:52.991, 2700, 13365, 127.22, 51, 0x0000000000000000, Not Active, Not Active
2026/09/30 10:41:53.091, 2700, 13365, 127.22, 51, 0x0000000000000000, Not Active, Not Active
2026/09/30 10:41:53.191, 2700, 13365, 127.22, 51, 0x0000000000000000, Not Active, Not Active
2026/09/30 10:41:53.291, 2692, 13365, 127.75, 51, 0x0000000000000000, Not Active, Not Active
2026/09/30 10:41:53.391, 2692, 13365, 127.75, 51, 0x0000000000000000, Not Active, Not Active
2026/09/30 10:41:53.492, 2692, 13365, 127.75, 51, 0x0000000000000000, Not Active, Not Active
2026/09/30 10:41:53.592, 2692, 13365, 127.75, 51, 0x0000000000000000, Not Active, Not Active
2026/09/30 10:41:53.692, 2692, 13365, 127.75, 51, 0x0000000000000000, Not Active, Not Active
2026/09/30 10:41:53.792, 2692, 13365, 125.99, 51, 0x0000000000000000, Not Active, Not Active
2026/09/30 10:41:53.892, 2692, 13365, 125.99, 51, 0x0000000000000000, Not Active, Not Active
2026/09/30 10:41:53.992, 2692, 13365, 125.99, 51, 0x0000000000000000, Not Active, Not Active
2026/09/30 10:41:54.092, 2692, 13365, 125.99, 51, 0x0000000000000000, Not Active, Not Active
2026/09/30 10:41:54.193, 2692, 13365, 125.99, 51, 0x0000000000000000, Not Active, Not Active
2026/09/30 10:41:54.293, 2677, 13365, 127.56, 51, 0x0000000000000000, Not Active, Not Active
2026/09/30 10:41:54.393, 2677, 13365, 127.56, 51, 0x0000000000000000, Not Active, Not Active
2026/09/30 10:41:54.493, 2677, 13365, 127.56, 51, 0x0000000000000000, Not Active, Not Active
2026/09/30 10:41:54.593, 2677, 13365, 127.56, 51, 0x0000000000000000, Not Active, Not Active
2026/09/30 10:41:54.693, 2677, 13365, 127.56, 51, 0x0000000000000000, Not Active, Not Active
2026/09/30 10:41:54.793, 2677, 13365, 126.28, 52, 0x0000000000000000, Not Active, Not Active
2026/09/30 10:41:54.893, 2677, 13365, 126.28, 52, 0x0000000000000000, Not Active, Not Active
2026/09/30 10:41:54.993, 2677, 13365, 126.28, 52, 0x0000000000000000, Not Active, Not Active
2026/09/30 10:41:55.094, 2677, 13365, 126.28, 52, 0x0000000000000000, Not Active, Not Active
2026/09/30 10:41:55.194, 2677, 13365, 126.28, 52, 0x0000000000000000, Not Active, Not Active
2026/09/30 10:41:55.294, 2677, 13365, 127.38, 51, 0x0000000000000000, Not Active, Not Active
2026/09/30 10:41:55.394, 2677, 13365, 127.38, 51, 0x0000000000000000, Not Active, Not Active
2026/09/30 10:41:55.494, 2677, 13365, 127.38, 51, 0x0000000000000000, Not Active, Not Active
2026/09/30 10:41:55.594, 2677, 13365, 127.38, 51, 0x0000000000000000, Not Active, Not Active
2026/09/30 10:41:55.694, 2677, 13365, 127.38, 51, 0x0000000000000000, Not Active, Not Active
2026/09/30 10:41:55.794, 2662, 13365, 128.07, 52, 0x0000000000000000, Not Active, Not Active
2026/09/30 10:41:55.894, 2662, 13365, 128.07, 52, 0x0000000000000000, Not Active, Not Active
2026/09/30 10:41:55.995, 2662, 13365, 128.07, 52, 0x0000000000000000, Not Active, Not Active
2026/09/30 10:41:56.095, 2662, 13365, 128.07, 52, 0x0000000000000000, Not Active, Not Active
2026/09/30 10:41:56.195, 2662, 13365, 128.07, 52, 0x0000000000000000, Not Active, Not Active
2026/09/30 10:41:56.295, 2647, 13365, 126.74, 52, 0x0000000000000000, Not Active, Not Active
2026/09/30 10:41:56.395, 2647, 13365, 126.74, 52, 0x0000000000000000, Not Active, Not Active
2026/09/30 10:41:56.495, 2647, 13365, 126.74, 52, 0x0000000000000000, Not Active, Not Active
2026/09/30 10:41:56.595, 2647, 13365, 126.74, 52, 0x0000000000000000, Not Active, Not Active
2026/09/30 10:41:56.695, 2647, 13365, 126.74, 52, 0x0000000000000000, Not Active, Not Active
2026/09/30 10:41:56.795, 2655, 13365, 121.51, 51, 0x0000000000000000, Not Active, Not Active
2026/09/30 10:41:56.896, 2655, 13365, 121.51, 51, 0x0000000000000000, Not Active, Not Active
2026/09/30 10:41:56.996, 2655, 13365, 121.51, 51, 0x0000000000000000, Not Active, Not Active
2026/09/30 10:41:57.096, 2655, 13365, 121.51, 51, 0x0000000000000000, Not Active, Not Active
2026/09/30 10:41:57.196, 2655, 13365, 121.51, 51, 0x0000000000000000, Not Active, Not Active
2026/09/30 10:41:57.296, 2692, 13365, 123.64, 51, 0x0000000000000000, Not Active, Not Active
2026/09/30 10:41:57.396, 2692, 13365, 123.64, 51, 0x0000000000000000, Not Active, Not Active
2026/09/30 10:41:57.496, 2692, 13365, 123.64, 51, 0x0000000000000000, Not Active, Not Active
2026/09/30 10:41:57.596, 2692, 13365, 123.64, 51, 0x0000000000000000, Not Active, Not Active
2026/09/30 10:41:57.696, 2692, 13365, 123.64, 51, 0x0000000000000000, Not Active, Not Active
2026/09/30 10:41:57.797, 2692, 13365, 131.13, 51, 0x0000000000000000, Not Active, Not Active
2026/09/30 10:41:57.897, 2692, 13365, 131.13, 51, 0x0000000000000000, Not Active, Not Active
2026/09/30 10:41:57.997, 2692, 13365, 131.13, 51, 0x0000000000000000, Not Active, Not Active
2026/09/30 10:41:58.097, 2692, 13365, 131.13, 51, 0x0000000000000000, Not Active, Not Active
2026/09/30 10:41:58.197, 2692, 13365, 131.13, 51, 0x0000000000000000, Not Active, Not Active
2026/09/30 10:41:58.297, 2685, 13365, 128.67, 52, 0x0000000000000000, Not Active, Not Active
2026/09/30 10:41:58.397, 2685, 13365, 128.67, 52, 0x0000000000000000, Not Active, Not Active
2026/09/30 10:41:58.497, 2685, 13365, 128.67, 52, 0x0000000000000000, Not Active, Not Active
2026/09/30 10:41:58.598, 2685, 13365, 128.67, 52, 0x0000000000000000, Not Active, Not Active
2026/09/30 10:41:58.698, 2685, 13365, 128.67, 52, 0x0000000000000000, Not Active, Not Active
2026/09/30 10:41:58.798, 2662, 13365, 129.19, 51, 0x0000000000000000, Not Active, Not Active
2026/09/30 10:41:58.898, 2662, 13365, 129.19, 51, 0x0000000000000000, Not Active, Not Active
2026/09/30 10:41:58.998, 2662, 13365, 129.19, 51, 0x0000000000000000, Not Active, Not Active
2026/09/30 10:41:59.098, 2662, 13365, 129.19, 51, 0x0000000000000000, Not Active, Not Active
2026/09/30 10:41:59.199, 2662, 13365, 129.19, 51, 0x0000000000000000, Not Active, Not Active
2026/09/30 10:41:59.299, 2640, 13365, 127.72, 52, 0x0000000000000000, Not Active, Not Active
2026/09/30 10:41:59.399, 2640, 13365, 127.72, 52, 0x0000000000000000, Not Active, Not Active
2026/09/30 10:41:59.499, 2640, 13365, 127.72, 52, 0x0000000000000000, Not Active, Not Active
2026/09/30 10:41:59.599, 2640, 13365, 127.72, 52, 0x0000000000000000, Not Active, Not Active
2026/09/30 10:41:59.699, 2640, 13365, 127.72, 52, 0x0000000000000000, Not Active, Not Active
2026/09/30 10:41:59.799, 2662, 13365, 131.16, 51, 0x0000000000000000, Not Active, Not Active
2026/09/30 10:41:59.899, 2662, 13365, 131.16, 51, 0x0000000000000000, Not Active, Not Active
2026/09/30 10:41:59.999, 2662, 13365, 131.16, 51, 0x0000000000000000, Not Active, Not Active
2026/09/30 10:42:00.100, 2662, 13365, 131.16, 51, 0x0000000000000000, Not Active, Not Active
2026/09/30 10:42:00.200, 2662, 13365, 131.16, 51, 0x0000000000000000, Not Active, Not Active
2026/09/30 10:42:00.300, 2692, 13365, 142.02, 51, 0x0000000000000000, Not Active, Not Active
2026/09/30 10:42:00.400, 2692, 13365, 142.02, 51, 0x0000000000000000, Not Active, Not Active
2026/09/30 10:42:00.500, 2692, 13365, 142.02, 51, 0x0000000000000000, Not Active, Not Active
2026/09/30 10:42:00.600, 2692, 13365, 142.02, 51, 0x0000000000000000, Not Active, Not Active
2026/09/30 10:42:00.700, 2692, 13365, 142.02, 51, 0x0000000000000000, Not Active, Not Active
2026/09/30 10:42:00.801, 2617, 13365, 131.26, 52, 0x0000000000000000, Not Active, Not Active
2026/09/30 10:42:00.901, 2617, 13365, 131.26, 52, 0x0000000000000000, Not Active, Not Active
2026/09/30 10:42:01.001, 2617, 13365, 131.26, 52, 0x0000000000000000, Not Active, Not Active
2026/09/30 10:42:01.101, 2617, 13365, 131.26, 52, 0x0000000000000000, Not Active, Not Active
2026/09/30 10:42:01.201, 2617, 13365, 131.26, 52, 0x0000000000000000, Not Active, Not Active
2026/09/30 10:42:01.301, 2647, 13365, 131.25, 53, 0x0000000000000000, Not Active, Not Active
2026/09/30 10:42:01.401, 2647, 13365, 131.25, 53, 0x0000000000000000, Not Active, Not Active
2026/09/30 10:42:01.502, 2647, 13365, 131.25, 53, 0x0000000000000000, Not Active, Not Active
2026/09/30 10:42:01.602, 2647, 13365, 131.25, 53, 0x0000000000000000, Not Active, Not Active
2026/09/30 10:42:01.702, 2647, 13365, 131.25, 53, 0x0000000000000000, Not Active, Not Active
2026/09/30 10:42:01.802, 2655, 13365, 150.98, 53, 0x0000000000000000, Not Active, Not Active
2026/09/30 10:42:01.902, 2655, 13365, 150.98, 53, 0x0000000000000000, Not Active, Not Active
2026/09/30 10:42:02.002, 2655, 13365, 150.98, 53, 0x0000000000000000, Not Active, Not Active
2026/09/30 10:42:02.102, 2655, 13365, 150.98, 53, 0x0000000000000000, Not Active, Not Active
2026/09/30 10:42:02.202, 2655, 13365, 150.98, 53, 0x0000000000000000, Not Active, Not Active
2026/09/30 10:42:02.303, 2610, 13365, 130.05, 51, 0x0000000000000000, Not Active, Not Active
2026/09/30 10:42:02.403, 2610, 13365, 130.05, 51, 0x0000000000000000, Not Active, Not Active
2026/09/30 10:42:02.503, 2610, 13365, 130.05, 51, 0x0000000000000000, Not Active, Not Active
2026/09/30 10:42:02.603, 2610, 13365, 130.05, 51, 0x0000000000000000, Not Active, Not Active
2026/09/30 10:42:02.703, 2610, 13365, 130.05, 51, 0x0000000000000000, Not Active, Not Active
2026/09/30 10:42:02.803, 2647, 13365, 129.26, 51, 0x0000000000000000, Not Active, Not Active
2026/09/30 10:42:02.903, 2647, 13365, 129.26, 51, 0x0000000000000000, Not Active, Not Active
2026/09/30 10:42:03.003, 2647, 13365, 129.26, 51, 0x0000000000000000, Not Active, Not Active
2026/09/30 10:42:03.104, 2647, 13365, 129.26, 51, 0x0000000000000000, Not Active, Not Active
2026/09/30 10:42:03.204, 2647, 13365, 129.26, 51, 0x0000000000000000, Not Active, Not Active
2026/09/30 10:42:03.304, 2655, 13365, 166.72, 53, 0x0000000000000000, Not Active, Not Active
2026/09/30 10:42:03.404, 2655, 13365, 166.72, 53, 0x0000000000000000, Not Active, Not Active
2026/09/30 10:42:03.504, 2655, 13365, 166.72, 53, 0x0000000000000000, Not Active, Not Active
2026/09/30 10:42:03.604, 2655, 13365, 166.72, 53, 0x0000000000000000, Not Active, Not Active
2026/09/30 10:42:03.704, 2655, 13365, 166.72, 53, 0x0000000000000000, Not Active, Not Active
2026/09/30 10:42:03.805, 2647, 13365, 169.96, 52, 0x0000000000000000, Not Active, Not Active
2026/09/30 10:42:03.905, 2647, 13365, 169.96, 52, 0x0000000000000000, Not Active, Not Active
2026/09/30 10:42:04.005, 2647, 13365, 169.96, 52, 0x0000000000000000, Not Active, Not Active
2026/09/30 10:42:04.105, 2647, 13365, 169.96, 52, 0x0000000000000000, Not Active, Not Active
2026/09/30 10:42:04.205, 2647, 13365, 169.96, 52, 0x0000000000000000, Not Active, Not Active
2026/09/30 10:42:04.305, 2677, 13365, 147.60, 52, 0x0000000000000000, Not Active, Not Active
2026/09/30 10:42:04.405, 2677, 13365, 147.60, 52, 0x0000000000000000, Not Active, Not Active
2026/09/30 10:42:04.505, 2677, 13365, 147.60, 52, 0x0000000000000000, Not Active, Not Active
2026/09/30 10:42:04.606, 2677, 13365, 147.60, 52, 0x0000000000000000, Not Active, Not Active
2026/09/30 10:42:04.706, 2677, 13365, 147.60, 52, 0x0000000000000000, Not Active, Not Active
2026/09/30 10:42:04.806, 2677, 13365, 128.30, 52, 0x0000000000000000, Not Active, Not Active
2026/09/30 10:42:04.906, 2677, 13365, 128.30, 52, 0x0000000000000000, Not Active, Not Active
2026/09/30 10:42:05.006, 2677, 13365, 128.30, 52, 0x0000000000000000, Not Active, Not Active
2026/09/30 10:42:05.106, 2677, 13365, 128.30, 52, 0x0000000000000000, Not Active, Not Active
2026/09/30 10:42:05.206, 2677, 13365, 128.30, 52, 0x0000000000000000, Not Active, Not Active
2026/09/30 10:42:05.306, 2662, 13365, 127.50, 52, 0x0000000000000000, Not Active, Not Active
2026/09/30 10:42:05.407, 2662, 13365, 127.50, 52, 0x0000000000000000, Not Active, Not Active
2026/09/30 10:42:05.507, 2662, 13365, 127.50, 52, 0x0000000000000000, Not Active, Not Active
2026/09/30 10:42:05.607, 2662, 13365, 127.50, 52, 0x0000000000000000, Not Active, Not Active
2026/09/30 10:42:05.707, 2662, 13365, 127.50, 52, 0x0000000000000000, Not Active, Not Active
2026/09/30 10:42:05.807, 2662, 13365, 127.41, 52, 0x0000000000000000, Not Active, Not Active
2026/09/30 10:42:05.907, 2662, 13365, 127.41, 52, 0x0000000000000000, Not Active, Not Active
2026/09/30 10:42:06.007, 2662, 13365, 127.41, 52, 0x0000000000000000, Not Active, Not Active
2026/09/30 10:42:06.107, 2662, 13365, 127.41, 52, 0x0000000000000000, Not Active, Not Active
2026/09/30 10:42:06.208, 2662, 13365, 127.41, 52, 0x0000000000000000, Not Active, Not Active
2026/09/30 10:42:06.308, 2647, 13365, 126.77, 52, 0x0000000000000000, Not Active, Not Active
2026/09/30 10:42:06.408, 2647, 13365, 126.77, 52, 0x0000000000000000, Not Active, Not Active
2026/09/30 10:42:06.508, 2647, 13365, 126.77, 52, 0x0000000000000000, Not Active, Not Active
2026/09/30 10:42:06.608, 2647, 13365, 126.77, 52, 0x0000000000000000, Not Active, Not Active
2026/09/30 10:42:06.708, 2647, 13365, 126.77, 52, 0x0000000000000000, Not Active, Not Active
2026/09/30 10:42:06.808, 2662, 13365, 125.12, 52, 0x0000000000000000, Not Active, Not Active
2026/09/30 10:42:06.909, 2662, 13365, 125.12, 52, 0x0000000000000000, Not Active, Not Active
2026/09/30 10:42:07.009, 2662, 13365, 125.12, 52, 0x0000000000000000, Not Active, Not Active
2026/09/30 10:42:07.109, 2662, 13365, 125.12, 52, 0x0000000000000000, Not Active, Not Active
2026/09/30 10:42:07.209, 2662, 13365, 125.12, 52, 0x0000000000000000, Not Active, Not Active
2026/09/30 10:42:07.309, 2677, 13365, 127.68, 52, 0x0000000000000000, Not Active, Not Active
2026/09/30 10:42:07.409, 2677, 13365, 127.68, 52, 0x0000000000000000, Not Active, Not Active
2026/09/30 10:42:07.509, 2677, 13365, 127.68, 52, 0x0000000000000000, Not Active, Not Active
2026/09/30 10:42:07.610, 2677, 13365, 127.68, 52, 0x0000000000000000, Not Active, Not Active
2026/09/30 10:42:07.710, 2677, 13365, 127.68, 52, 0x0000000000000000, Not Active, Not Active
2026/09/30 10:42:07.810, 2692, 13365, 126.28, 51, 0x0000000000000000, Not Active, Not Active
2026/09/30 10:42:07.910, 2692, 13365, 126.28, 51, 0x0000000000000000, Not Active, Not Active
2026/09/30 10:42:08.010, 2692, 13365, 126.28, 51, 0x0000000000000000, Not Active, Not Active
2026/09/30 10:42:08.110, 2692, 13365, 126.28, 51, 0x0000000000000000, Not Active, Not Active
2026/09/30 10:42:08.210, 2692, 13365, 126.28, 51, 0x0000000000000000, Not Active, Not Active
2026/09/30 10:42:08.310, 2692, 13365, 129.79, 52, 0x0000000000000000, Not Active, Not Active
2026/09/30 10:42:08.411, 2692, 13365, 129.79, 52, 0x0000000000000000, Not Active, Not Active
2026/09/30 10:42:08.511, 2692, 13365, 129.79, 52, 0x0000000000000000, Not Active, Not Active
2026/09/30 10:42:08.611, 2692, 13365, 129.79, 52, 0x0000000000000000, Not Active, Not Active
2026/09/30 10:42:08.711, 2692, 13365, 129.79, 52, 0x0000000000000000, Not Active, Not Active
2026/09/30 10:42:08.811, 2677, 13365, 130.36, 52, 0x0000000000000000, Not Active, Not Active
2026/09/30 10:42:08.911, 2677, 13365, 130.36, 52, 0x0000000000000000, Not Active, Not Active
2026/09/30 10:42:09.011, 2677, 13365, 130.36, 52, 0x0000000000000000, Not Active, Not Active
2026/09/30 10:42:09.112, 2677, 13365, 130.36, 52, 0x0000000000000000, Not Active, Not Active
2026/09/30 10:42:09.212, 2677, 13365, 130.36, 52, 0x0000000000000000, Not Active, Not Active
2026/09/30 10:42:09.312, 2692, 13365, 127.20, 52, 0x0000000000000000, Not Active, Not Active
2026/09/30 10:42:09.412, 2692, 13365, 127.20, 52, 0x0000000000000000, Not Active, Not Active
2026/09/30 10:42:09.512, 2692, 13365, 127.20, 52, 0x0000000000000000, Not Active, Not Active
2026/09/30 10:42:09.612, 2692, 13365, 127.20, 52, 0x0000000000000000, Not Active, Not Active
2026/09/30 10:42:09.712, 2692, 13365, 127.20, 52, 0x0000000000000000, Not Active, Not Active
2026/09/30 10:42:09.813, 2685, 13365, 125.32, 52, 0x0000000000000000, Not Active, Not Active
2026/09/30 10:42:09.913, 2685, 13365, 125.32, 52, 0x0000000000000000, Not Active, Not Active
2026/09/30 10:42:10.013, 2685, 13365, 125.32, 52, 0x0000000000000000, Not Active, Not Active
2026/09/30 10:42:10.113, 2685, 13365, 125.32, 52, 0x0000000000000000, Not Active, Not Active
2026/09/30 10:42:10.213, 2685, 13365, 125.32, 52, 0x0000000000000000, Not Active, Not Active
2026/09/30 10:42:10.313, 2655, 13365, 126.13, 52, 0x0000000000000000, Not Active, Not Active
2026/09/30 10:42:10.413, 2655, 13365, 126.13, 52, 0x0000000000000000, Not Active, Not Active
2026/09/30 10:42:10.514, 2655, 13365, 126.13, 52, 0x0000000000000000, Not Active, Not Active
2026/09/30 10:42:10.614, 2655, 13365, 126.13, 52, 0x0000000000000000, Not Active, Not Active
2026/09/30 10:42:10.714, 2655, 13365, 126.13, 52, 0x0000000000000000, Not Active, Not Active
2026/09/30 10:42:10.814, 2662, 13365, 130.12, 52, 0x0000000000000000, Not Active, Not Active
2026/09/30 10:42:10.914, 2662, 13365, 130.12, 52, 0x0000000000000000, Not Active, Not Active
2026/09/30 10:42:11.014, 2662, 13365, 130.12, 52, 0x0000000000000000, Not Active, Not Active
2026/09/30 10:42:11.114, 2662, 13365, 130.12, 52, 0x0000000000000000, Not Active, Not Active
2026/09/30 10:42:11.215, 2662, 13365, 130.12, 52, 0x0000000000000000, Not Active, Not Active
2026/09/30 10:42:11.315, 2662, 13365, 127.91, 52, 0x0000000000000000, Not Active, Not Active
2026/09/30 10:42:11.415, 2662, 13365, 127.91, 52, 0x0000000000000000, Not Active, Not Active
2026/09/30 10:42:11.515, 2662, 13365, 127.91, 52, 0x0000000000000000, Not Active, Not Active
2026/09/30 10:42:11.615, 2662, 13365, 127.91, 52, 0x0000000000000000, Not Active, Not Active
2026/09/30 10:42:11.715, 2662, 13365, 127.91, 52, 0x0000000000000000, Not Active, Not Active
2026/09/30 10:42:11.815, 2670, 13365, 128.17, 52, 0x0000000000000000, Not Active, Not Active
2026/09/30 10:42:11.916, 2670, 13365, 128.17, 52, 0x0000000000000000, Not Active, Not Active
2026/09/30 10:42:12.016, 2670, 13365, 128.17, 52, 0x0000000000000000, Not Active, Not Active
2026/09/30 10:42:12.116, 2670, 13365, 128.17, 52, 0x0000000000000000, Not Active, Not Active
2026/09/30 10:42:12.216, 2670, 13365, 128.17, 52, 0x0000000000000000, Not Active, Not Active
2026/09/30 10:42:12.316, 2677, 13365, 131.34, 51, 0x0000000000000000, Not Active, Not Active
2026/09/30 10:42:12.416, 2677, 13365, 131.34, 51, 0x0000000000000000, Not Active, Not Active
2026/09/30 10:42:12.516, 2677, 13365, 131.34, 51, 0x0000000000000000, Not Active, Not Active
2026/09/30 10:42:12.617, 2677, 13365, 131.34, 51, 0x0000000000000000, Not Active, Not Active
2026/09/30 10:42:12.717, 2677, 13365, 131.34, 51, 0x0000000000000000, Not Active, Not Active
2026/09/30 10:42:12.817, 2685, 13365, 131.35, 52, 0x0000000000000000, Not Active, Not Active
2026/09/30 10:42:12.917, 2685, 13365, 131.35, 52, 0x0000000000000000, Not Active, Not Active
2026/09/30 10:42:13.017, 2685, 13365, 131.35, 52, 0x0000000000000000, Not Active, Not Active
2026/09/30 10:42:13.117, 2685, 13365, 131.35, 52, 0x0000000000000000, Not Active, Not Active
2026/09/30 10:42:13.217, 2685, 13365, 131.35, 52, 0x0000000000000000, Not Active, Not Active
2026/09/30 10:42:13.318, 2692, 13365, 137.49, 52, 0x0000000000000000, Not Active, Not Active
2026/09/30 10:42:13.418, 2692, 13365, 137.49, 52, 0x0000000000000000, Not Active, Not Active
2026/09/30 10:42:13.518, 2692, 13365, 137.49, 52, 0x0000000000000000, Not Active, Not Active
2026/09/30 10:42:13.618, 2692, 13365, 137.49, 52, 0x0000000000000000, Not Active, Not Active
2026/09/30 10:42:13.718, 2692, 13365, 137.49, 52, 0x0000000000000000, Not Active, Not Active
2026/09/30 10:42:13.818, 2677, 13365, 134.15, 53, 0x0000000000000000, Not Active, Not Active
2026/09/30 10:42:13.918, 2677, 13365, 134.15, 53, 0x0000000000000000, Not Active, Not Active
2026/09/30 10:42:14.019, 2677, 13365, 134.15, 53, 0x0000000000000000, Not Active, Not Active
2026/09/30 10:42:14.119, 2677, 13365, 134.15, 53, 0x0000000000000000, Not Active, Not Active
2026/09/30 10:42:14.219, 2677, 13365, 134.15, 53, 0x0000000000000000, Not Active, Not Active
2026/09/30 10:42:14.319, 2655, 13365, 135.22, 52, 0x0000000000000000, Not Active, Not Active
2026/09/30 10:42:14.419, 2655, 13365, 135.22, 52, 0x0000000000000000, Not Active, Not Active
2026/09/30 10:42:14.519, 2655, 13365, 135.22, 52, 0x0000000000000000, Not Active, Not Active
2026/09/30 10:42:14.619, 2655, 13365, 135.22, 52, 0x0000000000000000, Not Active, Not Active
2026/09/30 10:42:14.720, 2655, 13365, 135.22, 52, 0x0000000000000000, Not Active, Not Active
2026/09/30 10:42:14.820, 2640, 13365, 133.14, 51, 0x0000000000000000, Not Active, Not Active
2026/09/30 10:42:14.920, 2640, 13365, 133.14, 51, 0x0000000000000000, Not Active, Not Active
2026/09/30 10:42:15.020, 2640, 13365, 133.14, 51, 0x0000000000000000, Not Active, Not Active
2026/09/30 10:42:15.120, 2640, 13365, 133.14, 51, 0x0000000000000000, Not Active, Not Active
2026/09/30 10:42:15.220, 2640, 13365, 133.14, 51, 0x0000000000000000, Not Active, Not Active
2026/09/30 10:42:15.320, 2662, 13365, 137.31, 52, 0x0000000000000000, Not Active, Not Active
2026/09/30 10:42:15.421, 2662, 13365, 137.31, 52, 0x0000000000000000, Not Active, Not Active
2026/09/30 10:42:15.521, 2662, 13365, 137.31, 52, 0x0000000000000000, Not Active, Not Active
2026/09/30 10:42:15.621, 2662, 13365, 137.31, 52, 0x0000000000000000, Not Active, Not Active
2026/09/30 10:42:15.721, 2662, 13365, 137.31, 52, 0x0000000000000000, Not Active, Not Active
2026/09/30 10:42:15.821, 2655, 13365, 161.13, 54, 0x0000000000000000, Not Active, Not Active
2026/09/30 10:42:15.921, 2655, 13365, 161.13, 54, 0x0000000000000000, Not Active, Not Active
2026/09/30 10:42:16.021, 2655, 13365, 161.13, 54, 0x0000000000000000, Not Active, Not Active
2026/09/30 10:42:16.122, 2655, 13365, 161.13, 54, 0x0000000000000000, Not Active, Not Active
2026/09/30 10:42:16.222, 2625, 13365, 131.91, 54, 0x0000000000000000, Not Active, Not Active
2026/09/30 10:42:16.322, 2625, 13365, 131.91, 51, 0x0000000000000000, Not Active, Not Active
2026/09/30 10:42:16.422, 2625, 13365, 131.91, 51, 0x0000000000000000, Not Active, Not Active
2026/09/30 10:42:16.522, 2625, 13365, 131.91, 51, 0x0000000000000000, Not Active, Not Active
2026/09/30 10:42:16.622, 2625, 13365, 131.91, 51, 0x0000000000000000, Not Active, Not Active
2026/09/30 10:42:16.722, 2632, 13365, 140.75, 54, 0x0000000000000000, Not Active, Not Active
2026/09/30 10:42:16.822, 2632, 13365, 140.75, 54, 0x0000000000000000, Not Active, Not Active
2026/09/30 10:42:16.923, 2632, 13365, 140.75, 54, 0x0000000000000000, Not Active, Not Active
2026/09/30 10:42:17.023, 2632, 13365, 140.75, 54, 0x0000000000000000, Not Active, Not Active
2026/09/30 10:42:17.123, 2632, 13365, 140.75, 54, 0x0000000000000000, Not Active, Not Active
2026/09/30 10:42:17.223, 2640, 13365, 167.73, 53, 0x0000000000000000, Not Active, Not Active
2026/09/30 10:42:17.323, 2640, 13365, 167.73, 53, 0x0000000000000000, Not Active, Not Active
2026/09/30 10:42:17.423, 2640, 13365, 167.73, 53, 0x0000000000000000, Not Active, Not Active
2026/09/30 10:42:17.523, 2640, 13365, 167.73, 53, 0x0000000000000000, Not Active, Not Active
2026/09/30 10:42:17.624, 2640, 13365, 167.73, 53, 0x0000000000000000, Not Active, Not Active
2026/09/30 10:42:17.724, 2625, 13365, 155.45, 52, 0x0000000000000000, Not Active, Not Active
2026/09/30 10:42:17.824, 2625, 13365, 155.45, 52, 0x0000000000000000, Not Active, Not Active
2026/09/30 10:42:17.924, 2625, 13365, 155.45, 52, 0x0000000000000000, Not Active, Not Active
2026/09/30 10:42:18.024, 2625, 13365, 155.45, 52, 0x0000000000000000, Not Active, Not Active
2026/09/30 10:42:18.124, 2625, 13365, 155.45, 52, 0x0000000000000000, Not Active, Not Active
2026/09/30 10:42:18.224, 2602, 13365, 140.23, 54, 0x0000000000000000, Not Active, Not Active
2026/09/30 10:42:18.324, 2602, 13365, 140.23, 54, 0x0000000000000000, Not Active, Not Active
2026/09/30 10:42:18.425, 2602, 13365, 140.23, 54, 0x0000000000000000, Not Active, Not Active
2026/09/30 10:42:18.525, 2602, 13365, 140.23, 54, 0x0000000000000000, Not Active, Not Active
2026/09/30 10:42:18.625, 2602, 13365, 140.23, 54, 0x0000000000000000, Not Active, Not Active
2026/09/30 10:42:18.725, 2595, 13365, 174.23, 55, 0x0000000000000000, Not Active, Not Active
2026/09/30 10:42:18.825, 2595, 13365, 174.23, 55, 0x0000000000000000, Not Active, Not Active
2026/09/30 10:42:18.925, 2595, 13365, 174.23, 55, 0x0000000000000000, Not Active, Not Active
2026/09/30 10:42:19.025, 2595, 13365, 174.23, 55, 0x0000000000000000, Not Active, Not Active
2026/09/30 10:42:19.126, 2595, 13365, 174.23, 55, 0x0000000000000000, Not Active, Not Active
2026/09/30 10:42:19.226, 2602, 13365, 202.69, 54, 0x0000000000000000, Not Active, Not Active
2026/09/30 10:42:19.326, 2602, 13365, 202.69, 54, 0x0000000000000000, Not Active, Not Active
2026/09/30 10:42:19.426, 2602, 13365, 202.69, 54, 0x0000000000000000, Not Active, Not Active
2026/09/30 10:42:19.526, 2602, 13365, 202.69, 54, 0x0000000000000000, Not Active, Not Active
2026/09/30 10:42:19.626, 2602, 13365, 202.69, 54, 0x0000000000000000, Not Active, Not Active
2026/09/30 10:42:19.726, 2692, 13365, 183.84, 52, 0x0000000000000000, Not Active, Not Active
2026/09/30 10:42:19.827, 2692, 13365, 183.84, 52, 0x0000000000000000, Not Active, Not Active
2026/09/30 10:42:19.927, 2692, 13365, 183.84, 52, 0x0000000000000000, Not Active, Not Active
2026/09/30 10:42:20.027, 2692, 13365, 183.84, 52, 0x0000000000000000, Not Active, Not Active
2026/09/30 10:42:20.127, 2692, 13365, 183.84, 52, 0x0000000000000000, Not Active, Not Active
2026/09/30 10:42:20.227, 2692, 13365, 155.98, 53, 0x0000000000000000, Not Active, Not Active
2026/09/30 10:42:20.327, 2692, 13365, 155.98, 53, 0x0000000000000000, Not Active, Not Active
2026/09/30 10:42:20.427, 2692, 13365, 155.98, 53, 0x0000000000000000, Not Active, Not Active
2026/09/30 10:42:20.528, 2692, 13365, 155.98, 53, 0x0000000000000000, Not Active, Not Active
2026/09/30 10:42:20.628, 2692, 13365, 155.98, 53, 0x0000000000000000, Not Active, Not Active
2026/09/30 10:42:20.728, 2692, 13365, 131.46, 53, 0x0000000000000000, Not Active, Not Active
2026/09/30 10:42:20.828, 2692, 13365, 131.46, 53, 0x0000000000000000, Not Active, Not Active
2026/09/30 10:42:20.928, 2692, 13365, 131.46, 53, 0x0000000000000000, Not Active, Not Active
2026/09/30 10:42:21.028, 2692, 13365, 131.46, 53, 0x0000000000000000, Not Active, Not Active
2026/09/30 10:42:21.128, 2692, 13365, 131.46, 53, 0x0000000000000000, Not Active, Not Active
2026/09/30 10:42:21.228, 2692, 13365, 130.44, 53, 0x0000000000000000, Not Active, Not Active
2026/09/30 10:42:21.329, 2692, 13365, 130.44, 53, 0x0000000000000000, Not Active, Not Active
2026/09/30 10:42:21.429, 2692, 13365, 130.44, 53, 0x0000000000000000, Not Active, Not Active
2026/09/30 10:42:21.529, 2692, 13365, 130.44, 53, 0x0000000000000000, Not Active, Not Active
2026/09/30 10:42:21.629, 2692, 13365, 130.44, 53, 0x0000000000000000, Not Active, Not Active
2026/09/30 10:42:21.729, 2692, 13365, 131.58, 53, 0x0000000000000000, Not Active, Not Active
2026/09/30 10:42:21.829, 2692, 13365, 131.58, 53, 0x0000000000000000, Not Active, Not Active
2026/09/30 10:42:21.929, 2692, 13365, 131.58, 53, 0x0000000000000000, Not Active, Not Active
2026/09/30 10:42:22.030, 2692, 13365, 131.58, 53, 0x0000000000000000, Not Active, Not Active
2026/09/30 10:42:22.130, 2692, 13365, 131.58, 53, 0x0000000000000000, Not Active, Not Active
2026/09/30 10:42:22.230, 2662, 13365, 129.60, 52, 0x0000000000000000, Not Active, Not Active
2026/09/30 10:42:22.330, 2662, 13365, 129.60, 52, 0x0000000000000000, Not Active, Not Active
2026/09/30 10:42:22.430, 2662, 13365, 129.60, 52, 0x0000000000000000, Not Active, Not Active
2026/09/30 10:42:22.530, 2662, 13365, 129.60, 52, 0x0000000000000000, Not Active, Not Active
2026/09/30 10:42:22.631, 2662, 13365, 129.60, 52, 0x0000000000000000, Not Active, Not Active
2026/09/30 10:42:22.731, 2662, 13365, 128.03, 52, 0x0000000000000000, Not Active, Not Active
2026/09/30 10:42:22.831, 2662, 13365, 128.03, 52, 0x0000000000000000, Not Active, Not Active
2026/09/30 10:42:22.931, 2662, 13365, 128.03, 52, 0x0000000000000000, Not Active, Not Active
2026/09/30 10:42:23.031, 2662, 13365, 128.03, 52, 0x0000000000000000, Not Active, Not Active
2026/09/30 10:42:23.131, 2662, 13365, 128.03, 52, 0x0000000000000000, Not Active, Not Active
2026/09/30 10:42:23.231, 2662, 13365, 124.92, 52, 0x0000000000000000, Not Active, Not Active
2026/09/30 10:42:23.331, 2662, 13365, 124.92, 52, 0x0000000000000000, Not Active, Not Active
2026/09/30 10:42:23.432, 2662, 13365, 124.92, 52, 0x0000000000000000, Not Active, Not Active
2026/09/30 10:42:23.532, 2662, 13365, 124.92, 52, 0x0000000000000000, Not Active, Not Active
2026/09/30 10:42:23.632, 2662, 13365, 124.92, 52, 0x0000000000000000, Not Active, Not Active
2026/09/30 10:42:23.732, 2677, 13365, 124.17, 52, 0x0000000000000000, Not Active, Not Active
2026/09/30 10:42:23.832, 2677, 13365, 124.17, 52, 0x0000000000000000, Not Active, Not Active
2026/09/30 10:42:23.932, 2677, 13365, 124.17, 52, 0x0000000000000000, Not Active, Not Active
2026/09/30 10:42:24.032, 2677, 13365, 124.17, 52, 0x0000000000000000, Not Active, Not Active
2026/09/30 10:42:24.132, 2677, 13365, 124.17, 52, 0x0000000000000000, Not Active, Not Active
2026/09/30 10:42:24.233, 2700, 13365, 134.09, 53, 0x0000000000000000, Not Active, Not Active
2026/09/30 10:42:24.333, 2700, 13365, 134.09, 53, 0x0000000000000000, Not Active, Not Active
2026/09/30 10:42:24.433, 2700, 13365, 134.09, 53, 0x0000000000000000, Not Active, Not Active
2026/09/30 10:42:24.533, 2700, 13365, 134.09, 53, 0x0000000000000000, Not Active, Not Active
2026/09/30 10:42:24.633, 2700, 13365, 134.09, 53, 0x0000000000000000, Not Active, Not Active
2026/09/30 10:42:24.733, 2670, 13365, 135.31, 53, 0x0000000000000000, Not Active, Not Active
2026/09/30 10:42:24.833, 2670, 13365, 135.31, 53, 0x0000000000000000, Not Active, Not Active
2026/09/30 10:42:24.934, 2670, 13365, 135.31, 53, 0x0000000000000000, Not Active, Not Active
2026/09/30 10:42:25.034, 2670, 13365, 135.31, 53, 0x0000000000000000, Not Active, Not Active
2026/09/30 10:42:25.134, 2670, 13365, 135.31, 53, 0x0000000000000000, Not Active, Not Active
2026/09/30 10:42:25.234, 2692, 13365, 133.23, 53, 0x0000000000000000, Not Active, Not Active
2026/09/30 10:42:25.334, 2692, 13365, 133.23, 53, 0x0000000000000000, Not Active, Not Active
2026/09/30 10:42:25.434, 2692, 13365, 133.23, 53, 0x0000000000000000, Not Active, Not Active
2026/09/30 10:42:25.535, 2692, 13365, 133.23, 53, 0x0000000000000000, Not Active, Not Active
2026/09/30 10:42:25.635, 2692, 13365, 133.23, 53, 0x0000000000000000, Not Active, Not Active
2026/09/30 10:42:25.735, 2677, 13365, 131.24, 53, 0x0000000000000000, Not Active, Not Active
2026/09/30 10:42:25.835, 2677, 13365, 131.24, 53, 0x0000000000000000, Not Active, Not Active
2026/09/30 10:42:25.935, 2677, 13365, 131.24, 53, 0x0000000000000000, Not Active, Not Active
2026/09/30 10:42:26.035, 2677, 13365, 131.24, 53, 0x0000000000000000, Not Active, Not Active
2026/09/30 10:42:26.135, 2677, 13365, 131.24, 53, 0x0000000000000000, Not Active, Not Active
2026/09/30 10:42:26.236, 2662, 13365, 131.22, 53, 0x0000000000000000, Not Active, Not Active
2026/09/30 10:42:26.336, 2662, 13365, 131.22, 53, 0x0000000000000000, Not Active, Not Active
2026/09/30 10:42:26.436, 2662, 13365, 131.22, 53, 0x0000000000000000, Not Active, Not Active
2026/09/30 10:42:26.536, 2662, 13365, 131.22, 53, 0x0000000000000000, Not Active, Not Active
2026/09/30 10:42:26.636, 2662, 13365, 131.22, 53, 0x0000000000000000, Not Active, Not Active
2026/09/30 10:42:26.736, 2662, 13365, 135.99, 53, 0x0000000000000000, Not Active, Not Active
2026/09/30 10:42:26.837, 2662, 13365, 135.99, 53, 0x0000000000000000, Not Active, Not Active
2026/09/30 10:42:26.937, 2662, 13365, 135.99, 53, 0x0000000000000000, Not Active, Not Active
2026/09/30 10:42:27.037, 2662, 13365, 135.99, 53, 0x0000000000000000, Not Active, Not Active
2026/09/30 10:42:27.137, 2662, 13365, 135.99, 53, 0x0000000000000000, Not Active, Not Active
2026/09/30 10:42:27.237, 2655, 13365, 137.11, 53, 0x0000000000000000, Not Active, Not Active
2026/09/30 10:42:27.337, 2655, 13365, 137.11, 53, 0x0000000000000000, Not Active, Not Active
2026/09/30 10:42:27.438, 2655, 13365, 137.11, 53, 0x0000000000000000, Not Active, Not Active
2026/09/30 10:42:27.538, 2655, 13365, 137.11, 53, 0x0000000000000000, Not Active, Not Active
2026/09/30 10:42:27.638, 2655, 13365, 137.11, 53, 0x0000000000000000, Not Active, Not Active
2026/09/30 10:42:27.738, 2655, 13365, 136.84, 53, 0x0000000000000000, Not Active, Not Active
2026/09/30 10:42:27.838, 2655, 13365, 136.84, 53, 0x0000000000000000, Not Active, Not Active
2026/09/30 10:42:27.938, 2655, 13365, 136.84, 53, 0x0000000000000000, Not Active, Not Active
2026/09/30 10:42:28.038, 2655, 13365, 136.84, 53, 0x0000000000000000, Not Active, Not Active
2026/09/30 10:42:28.138, 2655, 13365, 136.84, 53, 0x0000000000000000, Not Active, Not Active
2026/09/30 10:42:28.239, 2655, 13365, 137.27, 52, 0x0000000000000000, Not Active, Not Active
2026/09/30 10:42:28.339, 2655, 13365, 137.27, 52, 0x0000000000000000, Not Active, Not Active
2026/09/30 10:42:28.439, 2655, 13365, 137.27, 52, 0x0000000000000000, Not Active, Not Active
2026/09/30 10:42:28.539, 2655, 13365, 137.27, 52, 0x0000000000000000, Not Active, Not Active
2026/09/30 10:42:28.639, 2655, 13365, 137.27, 52, 0x0000000000000000, Not Active, Not Active
2026/09/30 10:42:28.739, 2662, 13365, 146.48, 53, 0x0000000000000000, Not Active, Not Active
2026/09/30 10:42:28.840, 2662, 13365, 146.48, 53, 0x0000000000000000, Not Active, Not Active
2026/09/30 10:42:28.940, 2662, 13365, 146.48, 53, 0x0000000000000000, Not Active, Not Active
2026/09/30 10:42:29.040, 2662, 13365, 146.48, 53, 0x0000000000000000, Not Active, Not Active
2026/09/30 10:42:29.140, 2662, 13365, 146.48, 53, 0x0000000000000000, Not Active, Not Active
2026/09/30 10:42:29.240, 2655, 13365, 153.16, 54, 0x0000000000000000, Not Active, Not Active
2026/09/30 10:42:29.340, 2655, 13365, 153.16, 54, 0x0000000000000000, Not Active, Not Active
2026/09/30 10:42:29.440, 2655, 13365, 153.16, 54, 0x0000000000000000, Not Active, Not Active
2026/09/30 10:42:29.540, 2655, 13365, 153.16, 54, 0x0000000000000000, Not Active, Not Active
2026/09/30 10:42:29.641, 2655, 13365, 153.16, 54, 0x0000000000000000, Not Active, Not Active
2026/09/30 10:42:29.741, 2632, 13365, 146.98, 54, 0x0000000000000000, Not Active, Not Active
2026/09/30 10:42:29.841, 2632, 13365, 146.98, 54, 0x0000000000000000, Not Active, Not Active
2026/09/30 10:42:29.941, 2632, 13365, 146.98, 54, 0x0000000000000000, Not Active, Not Active
2026/09/30 10:42:30.041, 2632, 13365, 146.98, 54, 0x0000000000000000, Not Active, Not Active
2026/09/30 10:42:30.141, 2632, 13365, 146.98, 54, 0x0000000000000000, Not Active, Not Active
2026/09/30 10:42:30.241, 2625, 13365, 151.83, 54, 0x0000000000000000, Not Active, Not Active
2026/09/30 10:42:30.341, 2625, 13365, 151.83, 54, 0x0000000000000000, Not Active, Not Active
2026/09/30 10:42:30.441, 2625, 13365, 151.83, 54, 0x0000000000000000, Not Active, Not Active
2026/09/30 10:42:30.542, 2625, 13365, 151.83, 54, 0x0000000000000000, Not Active, Not Active
2026/09/30 10:42:30.642, 2625, 13365, 151.83, 54, 0x0000000000000000, Not Active, Not Active
2026/09/30 10:42:30.742, 2632, 13365, 158.95, 53, 0x0000000000000000, Not Active, Not Active
2026/09/30 10:42:30.842, 2632, 13365, 158.95, 53, 0x0000000000000000, Not Active, Not Active
2026/09/30 10:42:30.942, 2632, 13365, 158.95, 53, 0x0000000000000000, Not Active, Not Active
2026/09/30 10:42:31.042, 2632, 13365, 158.95, 53, 0x0000000000000000, Not Active, Not Active
2026/09/30 10:42:31.142, 2632, 13365, 158.95, 53, 0x0000000000000000, Not Active, Not Active
2026/09/30 10:42:31.243, 2610, 13365, 158.26, 55, 0x0000000000000000, Not Active, Not Active
2026/09/30 10:42:31.343, 2610, 13365, 158.26, 55, 0x0000000000000000, Not Active, Not Active
2026/09/30 10:42:31.443, 2610, 13365, 158.26, 55, 0x0000000000000000, Not Active, Not Active
2026/09/30 10:42:31.543, 2610, 13365, 158.26, 55, 0x0000000000000000, Not Active, Not Active
2026/09/30 10:42:31.643, 2610, 13365, 158.26, 55, 0x0000000000000000, Not Active, Not Active
2026/09/30 10:42:31.743, 2610, 13365, 165.78, 54, 0x0000000000000000, Not Active, Not Active
2026/09/30 10:42:31.843, 2610, 13365, 165.78, 54, 0x0000000000000000, Not Active, Not Active
2026/09/30 10:42:31.943, 2610, 13365, 165.78, 54, 0x0000000000000000, Not Active, Not Active
2026/09/30 10:42:32.044, 2610, 13365, 165.78, 54, 0x0000000000000000, Not Active, Not Active
2026/09/30 10:42:32.144, 2610, 13365, 165.78, 54, 0x0000000000000000, Not Active, Not Active
2026/09/30 10:42:32.244, 2610, 13365, 173.94, 53, 0x0000000000000000, Not Active, Not Active
2026/09/30 10:42:32.344, 2610, 13365, 173.94, 53, 0x0000000000000000, Not Active, Not Active
2026/09/30 10:42:32.444, 2610, 13365, 173.94, 53, 0x0000000000000000, Not Active, Not Active
2026/09/30 10:42:32.544, 2610, 13365, 173.94, 53, 0x0000000000000000, Not Active, Not Active
2026/09/30 10:42:32.644, 2610, 13365, 173.94, 53, 0x0000000000000000, Not Active, Not Active
2026/09/30 10:42:32.745, 2610, 13365, 159.57, 57, 0x0000000000000000, Not Active, Not Active
2026/09/30 10:42:32.845, 2610, 13365, 159.57, 57, 0x0000000000000000, Not Active, Not Active
2026/09/30 10:42:32.945, 2610, 13365, 159.57, 57, 0x0000000000000000, Not Active, Not Active
2026/09/30 10:42:33.045, 2610, 13365, 159.57, 57, 0x0000000000000000, Not Active, Not Active
2026/09/30 10:42:33.145, 2610, 13365, 159.57, 57, 0x0000000000000000, Not Active, Not Active
2026/09/30 10:42:33.245, 2557, 13365, 169.64, 54, 0x0000000000000000, Not Active, Not Active
2026/09/30 10:42:33.345, 2557, 13365, 169.64, 54, 0x0000000000000000, Not Active, Not Active
2026/09/30 10:42:33.446, 2557, 13365, 169.64, 54, 0x0000000000000000, Not Active, Not Active
2026/09/30 10:42:33.546, 2557, 13365, 169.64, 54, 0x0000000000000000, Not Active, Not Active
2026/09/30 10:42:33.646, 2557, 13365, 169.64, 54, 0x0000000000000000, Not Active, Not Active
2026/09/30 10:42:33.746, 2557, 13365, 236.53, 56, 0x0000000000000000, Not Active, Not Active
2026/09/30 10:42:33.846, 2557, 13365, 236.53, 56, 0x0000000000000000, Not Active, Not Active
2026/09/30 10:42:33.946, 2557, 13365, 236.53, 56, 0x0000000000000000, Not Active, Not Active
2026/09/30 10:42:34.047, 2557, 13365, 236.53, 56, 0x0000000000000000, Not Active, Not Active
2026/09/30 10:42:34.147, 2557, 13365, 236.53, 56, 0x0000000000000000, Not Active, Not Active
2026/09/30 10:42:34.247, 2557, 13365, 233.18, 55, 0x0000000000000000, Not Active, Not Active
2026/09/30 10:42:34.347, 2557, 13365, 233.18, 55, 0x0000000000000000, Not Active, Not Active
2026/09/30 10:42:34.447, 2557, 13365, 233.18, 55, 0x0000000000000000, Not Active, Not Active
2026/09/30 10:42:34.547, 2557, 13365, 233.18, 55, 0x0000000000000000, Not Active, Not Active
2026/09/30 10:42:34.647, 2557, 13365, 233.18, 55, 0x0000000000000000, Not Active, Not Active
2026/09/30 10:42:34.748, 2610, 13365, 151.92, 53, 0x0000000000000000, Not Active, Not Active
2026/09/30 10:42:34.848, 2610, 13365, 151.92, 53, 0x0000000000000000, Not Active, Not Active
2026/09/30 10:42:34.948, 2610, 13365, 151.92, 53, 0x0000000000000000, Not Active, Not Active
2026/09/30 10:42:35.048, 2610, 13365, 151.92, 53, 0x0000000000000000, Not Active, Not Active
2026/09/30 10:42:35.148, 2610, 13365, 151.92, 53, 0x0000000000000000, Not Active, Not Active
2026/09/30 10:42:35.248, 2557, 13365, 198.55, 60, 0x0000000000000004, Active, Not Active
2026/09/30 10:42:35.348, 2557, 13365, 198.55, 60, 0x0000000000000004, Active, Not Active
2026/09/30 10:42:35.448, 2557, 13365, 198.55, 60, 0x0000000000000004, Active, Not Active
2026/09/30 10:42:35.549, 2557, 13365, 198.55, 60, 0x0000000000000004, Active, Not Active
2026/09/30 10:42:35.649, 2557, 13365, 198.55, 60, 0x0000000000000004, Active, Not Active
2026/09/30 10:42:35.749, 2572, 13365, 294.02, 60, 0x0000000000000000, Not Active, Not Active
2026/09/30 10:42:35.849, 2572, 13365, 294.02, 60, 0x0000000000000000, Not Active, Not Active
2026/09/30 10:42:35.949, 2572, 13365, 294.02, 60, 0x0000000000000000, Not Active, Not Active
2026/09/30 10:42:36.049, 2572, 13365, 294.02, 60, 0x0000000000000000, Not Active, Not Active
2026/09/30 10:42:36.150, 2572, 13365, 294.02, 60, 0x0000000000000000, Not Active, Not Active
2026/09/30 10:42:36.250, 2655, 13365, 286.93, 60, 0x0000000000000004, Active, Not Active
2026/09/30 10:42:36.350, 2655, 13365, 286.93, 60, 0x0000000000000004, Active, Not Active
2026/09/30 10:42:36.450, 2655, 13365, 286.93, 60, 0x0000000000000004, Active, Not Active
2026/09/30 10:42:36.550, 2655, 13365, 286.93, 60, 0x0000000000000004, Active, Not Active
2026/09/30 10:42:36.650, 2655, 13365, 286.93, 60, 0x0000000000000004, Active, Not Active
2026/09/30 10:42:36.751, 2602, 13365, 283.31, 56, 0x0000000000000000, Not Active, Not Active
2026/09/30 10:42:36.851, 2602, 13365, 283.31, 56, 0x0000000000000000, Not Active, Not Active
2026/09/30 10:42:36.951, 2602, 13365, 283.31, 56, 0x0000000000000000, Not Active, Not Active
2026/09/30 10:42:37.051, 2602, 13365, 283.31, 56, 0x0000000000000000, Not Active, Not Active
2026/09/30 10:42:37.151, 2602, 13365, 283.31, 56, 0x0000000000000000, Not Active, Not Active
2026/09/30 10:42:37.251, 2827, 13365, 215.33, 55, 0x0000000000000000, Not Active, Not Active
2026/09/30 10:42:37.351, 2827, 13365, 215.33, 55, 0x0000000000000000, Not Active, Not Active
2026/09/30 10:42:37.452, 2827, 13365, 215.33, 55, 0x0000000000000000, Not Active, Not Active
2026/09/30 10:42:37.552, 2827, 13365, 215.33, 55, 0x0000000000000000, Not Active, Not Active
2026/09/30 10:42:37.652, 2827, 13365, 215.33, 55, 0x0000000000000000, Not Active, Not Active
2026/09/30 10:42:37.752, 2827, 13365, 140.69, 55, 0x0000000000000000, Not Active, Not Active
2026/09/30 10:42:37.852, 2827, 13365, 140.69, 55, 0x0000000000000000, Not Active, Not Active
2026/09/30 10:42:37.952, 2827, 13365, 140.69, 55, 0x0000000000000000, Not Active, Not Active
2026/09/30 10:42:38.052, 2827, 13365, 140.69, 55, 0x0000000000000000, Not Active, Not Active
2026/09/30 10:42:38.153, 2827, 13365, 140.69, 55, 0x0000000000000000, Not Active, Not Active
2026/09/30 10:42:38.253, 2827, 13365, 136.30, 54, 0x0000000000000000, Not Active, Not Active
2026/09/30 10:42:38.353, 2827, 13365, 136.30, 54, 0x0000000000000000, Not Active, Not Active
2026/09/30 10:42:38.453, 2827, 13365, 136.30, 54, 0x0000000000000000, Not Active, Not Active
2026/09/30 10:42:38.553, 2827, 13365, 136.30, 54, 0x0000000000000000, Not Active, Not Active
2026/09/30 10:42:38.653, 2827, 13365, 136.30, 54, 0x0000000000000000, Not Active, Not Active
2026/09/30 10:42:38.754, 2692, 13365, 132.71, 53, 0x0000000000000000, Not Active, Not Active
2026/09/30 10:42:38.854, 2692, 13365, 132.71, 53, 0x0000000000000000, Not Active, Not Active
2026/09/30 10:42:38.954, 2692, 13365, 132.71, 53, 0x0000000000000000, Not Active, Not Active
2026/09/30 10:42:39.054, 2692, 13365, 132.71, 53, 0x0000000000000000, Not Active, Not Active
2026/09/30 10:42:39.154, 2692, 13365, 132.71, 53, 0x0000000000000000, Not Active, Not Active
2026/09/30 10:42:39.254, 2692, 13365, 133.81, 54, 0x0000000000000000, Not Active, Not Active
2026/09/30 10:42:39.354, 2692, 13365, 133.81, 54, 0x0000000000000000, Not Active, Not Active
2026/09/30 10:42:39.454, 2692, 13365, 133.81, 54, 0x0000000000000000, Not Active, Not Active
2026/09/30 10:42:39.555, 2692, 13365, 133.81, 54, 0x0000000000000000, Not Active, Not Active
2026/09/30 10:42:39.655, 2692, 13365, 133.81, 54, 0x0000000000000000, Not Active, Not Active
2026/09/30 10:42:39.755, 2662, 13365, 125.83, 54, 0x0000000000000000, Not Active, Not Active
2026/09/30 10:42:39.855, 2662, 13365, 125.83, 54, 0x0000000000000000, Not Active, Not Active
2026/09/30 10:42:39.955, 2662, 13365, 125.83, 54, 0x0000000000000000, Not Active, Not Active
2026/09/30 10:42:40.055, 2662, 13365, 125.83, 54, 0x0000000000000000, Not Active, Not Active
2026/09/30 10:42:40.155, 2662, 13365, 125.83, 54, 0x0000000000000000, Not Active, Not Active
2026/09/30 10:42:40.256, 2655, 13365, 125.18, 54, 0x0000000000000000, Not Active, Not Active
2026/09/30 10:42:40.356, 2655, 13365, 125.18, 54, 0x0000000000000000, Not Active, Not Active
2026/09/30 10:42:40.456, 2655, 13365, 125.18, 54, 0x0000000000000000, Not Active, Not Active
2026/09/30 10:42:40.556, 2655, 13365, 125.18, 54, 0x0000000000000000, Not Active, Not Active
2026/09/30 10:42:40.656, 2655, 13365, 125.18, 54, 0x0000000000000000, Not Active, Not Active
2026/09/30 10:42:40.756, 2662, 13365, 124.54, 53, 0x0000000000000000, Not Active, Not Active
2026/09/30 10:42:40.856, 2662, 13365, 124.54, 53, 0x0000000000000000, Not Active, Not Active
2026/09/30 10:42:40.957, 2662, 13365, 124.54, 53, 0x0000000000000000, Not Active, Not Active
2026/09/30 10:42:41.057, 2662, 13365, 124.54, 53, 0x0000000000000000, Not Active, Not Active
2026/09/30 10:42:41.157, 2662, 13365, 124.54, 53, 0x0000000000000000, Not Active, Not Active
2026/09/30 10:42:41.257, 2685, 13365, 129.00, 53, 0x0000000000000000, Not Active, Not Active
2026/09/30 10:42:41.357, 2685, 13365, 129.00, 53, 0x0000000000000000, Not Active, Not Active
2026/09/30 10:42:41.457, 2685, 13365, 129.00, 53, 0x0000000000000000, Not Active, Not Active
2026/09/30 10:42:41.557, 2685, 13365, 129.00, 53, 0x0000000000000000, Not Active, Not Active
2026/09/30 10:42:41.658, 2685, 13365, 129.00, 53, 0x0000000000000000, Not Active, Not Active
2026/09/30 10:42:41.758, 2685, 13365, 135.80, 54, 0x0000000000000000, Not Active, Not Active
2026/09/30 10:42:41.858, 2685, 13365, 135.80, 54, 0x0000000000000000, Not Active, Not Active
2026/09/30 10:42:41.958, 2685, 13365, 135.80, 54, 0x0000000000000000, Not Active, Not Active
2026/09/30 10:42:42.058, 2685, 13365, 135.80, 54, 0x0000000000000000, Not Active, Not Active
2026/09/30 10:42:42.158, 2685, 13365, 135.80, 54, 0x0000000000000000, Not Active, Not Active
2026/09/30 10:42:42.258, 2677, 13365, 128.93, 54, 0x0000000000000000, Not Active, Not Active
2026/09/30 10:42:42.359, 2677, 13365, 128.93, 54, 0x0000000000000000, Not Active, Not Active
2026/09/30 10:42:42.459, 2677, 13365, 128.93, 54, 0x0000000000000000, Not Active, Not Active
2026/09/30 10:42:42.559, 2677, 13365, 128.93, 54, 0x0000000000000000, Not Active, Not Active
2026/09/30 10:42:42.659, 2677, 13365, 128.93, 54, 0x0000000000000000, Not Active, Not Active
2026/09/30 10:42:42.759, 2692, 13365, 130.33, 54, 0x0000000000000000, Not Active, Not Active
2026/09/30 10:42:42.859, 2692, 13365, 130.33, 54, 0x0000000000000000, Not Active, Not Active
2026/09/30 10:42:42.959, 2692, 13365, 130.33, 54, 0x0000000000000000, Not Active, Not Active
2026/09/30 10:42:43.060, 2692, 13365, 130.33, 54, 0x0000000000000000, Not Active, Not Active
2026/09/30 10:42:43.160, 2692, 13365, 130.33, 54, 0x0000000000000000, Not Active, Not Active
2026/09/30 10:42:43.260, 2662, 13365, 132.50, 54, 0x0000000000000000, Not Active, Not Active
2026/09/30 10:42:43.360, 2662, 13365, 132.50, 54, 0x0000000000000000, Not Active, Not Active
2026/09/30 10:42:43.460, 2662, 13365, 132.50, 54, 0x0000000000000000, Not Active, Not Active
2026/09/30 10:42:43.560, 2662, 13365, 132.50, 54, 0x0000000000000000, Not Active, Not Active
2026/09/30 10:42:43.661, 2662, 13365, 132.50, 54, 0x0000000000000000, Not Active, Not Active
2026/09/30 10:42:43.761, 2662, 13365, 133.33, 54, 0x0000000000000000, Not Active, Not Active
2026/09/30 10:42:43.861, 2662, 13365, 133.33, 54, 0x0000000000000000, Not Active, Not Active
2026/09/30 10:42:43.961, 2662, 13365, 133.33, 54, 0x0000000000000000, Not Active, Not Active
2026/09/30 10:42:44.061, 2662, 13365, 133.33, 54, 0x0000000000000000, Not Active, Not Active
2026/09/30 10:42:44.161, 2662, 13365, 133.33, 54, 0x0000000000000000, Not Active, Not Active
2026/09/30 10:42:44.261, 2655, 13365, 132.85, 54, 0x0000000000000000, Not Active, Not Active
2026/09/30 10:42:44.362, 2655, 13365, 132.85, 54, 0x0000000000000000, Not Active, Not Active
2026/09/30 10:42:44.462, 2655, 13365, 132.85, 54, 0x0000000000000000, Not Active, Not Active
2026/09/30 10:42:44.562, 2655, 13365, 132.85, 54, 0x0000000000000000, Not Active, Not Active
2026/09/30 10:42:44.662, 2655, 13365, 132.85, 54, 0x0000000000000000, Not Active, Not Active
2026/09/30 10:42:44.762, 2662, 13365, 129.51, 53, 0x0000000000000000, Not Active, Not Active
2026/09/30 10:42:44.862, 2662, 13365, 129.51, 53, 0x0000000000000000, Not Active, Not Active
2026/09/30 10:42:44.962, 2662, 13365, 129.51, 53, 0x0000000000000000, Not Active, Not Active
2026/09/30 10:42:45.063, 2662, 13365, 129.51, 53, 0x0000000000000000, Not Active, Not Active
2026/09/30 10:42:45.163, 2662, 13365, 129.51, 53, 0x0000000000000000, Not Active, Not Active
2026/09/30 10:42:45.263, 2677, 13365, 135.54, 54, 0x0000000000000000, Not Active, Not Active
2026/09/30 10:42:45.363, 2677, 13365, 135.54, 54, 0x0000000000000000, Not Active, Not Active
2026/09/30 10:42:45.463, 2677, 13365, 135.54, 54, 0x0000000000000000, Not Active, Not Active
2026/09/30 10:42:45.563, 2677, 13365, 135.54, 54, 0x0000000000000000, Not Active, Not Active
2026/09/30 10:42:45.664, 2677, 13365, 135.54, 54, 0x0000000000000000, Not Active, Not Active
2026/09/30 10:42:45.764, 2670, 13365, 139.24, 54, 0x0000000000000000, Not Active, Not Active
2026/09/30 10:42:45.864, 2670, 13365, 139.24, 54, 0x0000000000000000, Not Active, Not Active
2026/09/30 10:42:45.964, 2670, 13365, 139.24, 54, 0x0000000000000000, Not Active, Not Active
2026/09/30 10:42:46.064, 2670, 13365, 139.24, 54, 0x0000000000000000, Not Active, Not Active
2026/09/30 10:42:46.164, 2670, 13365, 139.24, 54, 0x0000000000000000, Not Active, Not Active
2026/09/30 10:42:46.264, 2632, 13365, 128.82, 54, 0x0000000000000000, Not Active, Not Active
2026/09/30 10:42:46.364, 2632, 13365, 128.82, 54, 0x0000000000000000, Not Active, Not Active
2026/09/30 10:42:46.465, 2632, 13365, 128.82, 54, 0x0000000000000000, Not Active, Not Active
2026/09/30 10:42:46.565, 2632, 13365, 128.82, 54, 0x0000000000000000, Not Active, Not Active
2026/09/30 10:42:46.665, 2632, 13365, 128.82, 54, 0x0000000000000000, Not Active, Not Active
2026/09/30 10:42:46.765, 2640, 13365, 134.77, 54, 0x0000000000000000, Not Active, Not Active
2026/09/30 10:42:46.865, 2640, 13365, 134.77, 54, 0x0000000000000000, Not Active, Not Active
2026/09/30 10:42:46.965, 2640, 13365, 134.77, 54, 0x0000000000000000, Not Active, Not Active
2026/09/30 10:42:47.066, 2640, 13365, 134.77, 54, 0x0000000000000000, Not Active, Not Active
2026/09/30 10:42:47.166, 2640, 13365, 134.77, 54, 0x0000000000000000, Not Active, Not Active
2026/09/30 10:42:47.266, 2647, 13365, 145.26, 53, 0x0000000000000000, Not Active, Not Active
2026/09/30 10:42:47.366, 2647, 13365, 145.26, 53, 0x0000000000000000, Not Active, Not Active
2026/09/30 10:42:47.466, 2647, 13365, 145.26, 53, 0x0000000000000000, Not Active, Not Active
2026/09/30 10:42:47.566, 2647, 13365, 145.26, 53, 0x0000000000000000, Not Active, Not Active
2026/09/30 10:42:47.666, 2647, 13365, 145.26, 53, 0x0000000000000000, Not Active, Not Active
2026/09/30 10:42:47.767, 2640, 13365, 148.43, 54, 0x0000000000000000, Not Active, Not Active
2026/09/30 10:42:47.867, 2640, 13365, 148.43, 54, 0x0000000000000000, Not Active, Not Active
2026/09/30 10:42:47.967, 2640, 13365, 148.43, 54, 0x0000000000000000, Not Active, Not Active
2026/09/30 10:42:48.067, 2640, 13365, 148.43, 54, 0x0000000000000000, Not Active, Not Active
2026/09/30 10:42:48.167, 2640, 13365, 148.43, 54, 0x0000000000000000, Not Active, Not Active
2026/09/30 10:42:48.267, 2632, 13365, 158.44, 55, 0x0000000000000000, Not Active, Not Active
2026/09/30 10:42:48.367, 2632, 13365, 158.44, 55, 0x0000000000000000, Not Active, Not Active
2026/09/30 10:42:48.468, 2632, 13365, 158.44, 55, 0x0000000000000000, Not Active, Not Active
2026/09/30 10:42:48.568, 2632, 13365, 158.44, 55, 0x0000000000000000, Not Active, Not Active
2026/09/30 10:42:48.668, 2632, 13365, 158.44, 55, 0x0000000000000000, Not Active, Not Active
2026/09/30 10:42:48.768, 2625, 13365, 152.45, 53, 0x0000000000000000, Not Active, Not Active
2026/09/30 10:42:48.868, 2625, 13365, 152.45, 53, 0x0000000000000000, Not Active, Not Active
2026/09/30 10:42:48.968, 2625, 13365, 152.45, 53, 0x0000000000000000, Not Active, Not Active
2026/09/30 10:42:49.068, 2625, 13365, 152.45, 53, 0x0000000000000000, Not Active, Not Active
2026/09/30 10:42:49.169, 2625, 13365, 152.45, 53, 0x0000000000000000, Not Active, Not Active
2026/09/30 10:42:49.269, 2610, 13365, 170.89, 56, 0x0000000000000000, Not Active, Not Active
2026/09/30 10:42:49.369, 2610, 13365, 170.89, 56, 0x0000000000000000, Not Active, Not Active
2026/09/30 10:42:49.469, 2610, 13365, 170.89, 56, 0x0000000000000000, Not Active, Not Active
2026/09/30 10:42:49.569, 2610, 13365, 170.89, 56, 0x0000000000000000, Not Active, Not Active
2026/09/30 10:42:49.669, 2610, 13365, 170.89, 56, 0x0000000000000000, Not Active, Not Active
2026/09/30 10:42:49.769, 2610, 13365, 197.35, 57, 0x0000000000000000, Not Active, Not Active
2026/09/30 10:42:49.870, 2610, 13365, 197.35, 57, 0x0000000000000000, Not Active, Not Active
2026/09/30 10:42:49.970, 2610, 13365, 197.35, 57, 0x0000000000000000, Not Active, Not Active
2026/09/30 10:42:50.070, 2610, 13365, 197.35, 57, 0x0000000000000000, Not Active, Not Active
2026/09/30 10:42:50.170, 2610, 13365, 197.35, 57, 0x0000000000000000, Not Active, Not Active
2026/09/30 10:42:50.270, 2610, 13365, 177.52, 54, 0x0000000000000000, Not Active, Not Active
2026/09/30 10:42:50.370, 2610, 13365, 177.52, 54, 0x0000000000000000, Not Active, Not Active
2026/09/30 10:42:50.470, 2610, 13365, 177.52, 54, 0x0000000000000000, Not Active, Not Active
2026/09/30 10:42:50.571, 2610, 13365, 177.52, 54, 0x0000000000000000, Not Active, Not Active
2026/09/30 10:42:50.671, 2610, 13365, 177.52, 54, 0x0000000000000000, Not Active, Not Active
2026/09/30 10:42:50.771, 2542, 13365, 187.84, 57, 0x0000000000000000, Not Active, Not Active
2026/09/30 10:42:50.871, 2542, 13365, 187.84, 57, 0x0000000000000000, Not Active, Not Active
2026/09/30 10:42:50.971, 2542, 13365, 187.84, 57, 0x0000000000000000, Not Active, Not Active
2026/09/30 10:42:51.071, 2542, 13365, 187.84, 57, 0x0000000000000000, Not Active, Not Active
2026/09/30 10:42:51.171, 2542, 13365, 187.84, 57, 0x0000000000000000, Not Active, Not Active
2026/09/30 10:42:51.272, 2542, 13365, 224.15, 60, 0x0000000000000000, Not Active, Not Active
2026/09/30 10:42:51.372, 2542, 13365, 224.15, 60, 0x0000000000000000, Not Active, Not Active
2026/09/30 10:42:51.472, 2542, 13365, 224.15, 60, 0x0000000000000000, Not Active, Not Active
2026/09/30 10:42:51.572, 2542, 13365, 224.15, 60, 0x0000000000000000, Not Active, Not Active
2026/09/30 10:42:51.672, 2542, 13365, 224.15, 60, 0x0000000000000000, Not Active, Not Active
2026/09/30 10:42:51.772, 2580, 13365, 232.37, 57, 0x0000000000000000, Not Active, Not Active
2026/09/30 10:42:51.873, 2580, 13365, 232.37, 57, 0x0000000000000000, Not Active, Not Active
2026/09/30 10:42:51.973, 2580, 13365, 232.37, 57, 0x0000000000000000, Not Active, Not Active
2026/09/30 10:42:52.073, 2580, 13365, 232.37, 57, 0x0000000000000000, Not Active, Not Active
2026/09/30 10:42:52.173, 2580, 13365, 232.37, 57, 0x0000000000000000, Not Active, Not Active
2026/09/30 10:42:52.273, 2610, 13365, 186.03, 54, 0x0000000000000000, Not Active, Not Active
2026/09/30 10:42:52.373, 2610, 13365, 186.03, 54, 0x0000000000000000, Not Active, Not Active
2026/09/30 10:42:52.473, 2610, 13365, 186.03, 54, 0x0000000000000000, Not Active, Not Active
2026/09/30 10:42:52.574, 2610, 13365, 186.03, 54, 0x0000000000000000, Not Active, Not Active
2026/09/30 10:42:52.674, 2610, 13365, 186.03, 54, 0x0000000000000000, Not Active, Not Active
2026/09/30 10:42:52.774, 2505, 13365, 203.98, 61, 0x0000000000000000, Not Active, Not Active
2026/09/30 10:42:52.874, 2505, 13365, 203.98, 61, 0x0000000000000000, Not Active, Not Active
2026/09/30 10:42:52.974, 2505, 13365, 203.98, 61, 0x0000000000000000, Not Active, Not Active
2026/09/30 10:42:53.074, 2505, 13365, 203.98, 61, 0x0000000000000000, Not Active, Not Active
2026/09/30 10:42:53.174, 2505, 13365, 203.98, 61, 0x0000000000000000, Not Active, Not Active
2026/09/30 10:42:53.275, 2542, 13365, 292.87, 59, 0x0000000000000000, Not Active, Not Active
2026/09/30 10:42:53.375, 2542, 13365, 292.87, 59, 0x0000000000000000, Not Active, Not Active
2026/09/30 10:42:53.475, 2542, 13365, 292.87, 59, 0x0000000000000000, Not Active, Not Active
2026/09/30 10:42:53.575, 2542, 13365, 292.87, 59, 0x0000000000000000, Not Active, Not Active
2026/09/30 10:42:53.675, 2542, 13365, 292.87, 59, 0x0000000000000000, Not Active, Not Active
2026/09/30 10:42:53.775, 2655, 13365, 301.09, 59, 0x0000000000000000, Not Active, Not Active
2026/09/30 10:42:53.875, 2655, 13365, 301.09, 59, 0x0000000000000000, Not Active, Not Active
2026/09/30 10:42:53.976, 2655, 13365, 301.09, 59, 0x0000000000000000, Not Active, Not Active
2026/09/30 10:42:54.076, 2655, 13365, 301.09, 59, 0x0000000000000000, Not Active, Not Active
2026/09/30 10:42:54.176, 2655, 13365, 301.09, 59, 0x0000000000000000, Not Active, Not Active
2026/09/30 10:42:54.276, 2640, 13365, 292.85, 57, 0x0000000000000000, Not Active, Not Active
2026/09/30 10:42:54.376, 2640, 13365, 292.85, 57, 0x0000000000000000, Not Active, Not Active
2026/09/30 10:42:54.476, 2640, 13365, 292.85, 57, 0x0000000000000000, Not Active, Not Active
2026/09/30 10:42:54.577, 2640, 13365, 292.85, 57, 0x0000000000000000, Not Active, Not Active
2026/09/30 10:42:54.677, 2640, 13365, 292.85, 57, 0x0000000000000000, Not Active, Not Active
2026/09/30 10:42:54.777, 2827, 13365, 220.28, 56, 0x0000000000000000, Not Active, Not Active
2026/09/30 10:42:54.877, 2827, 13365, 220.28, 56, 0x0000000000000000, Not Active, Not Active
2026/09/30 10:42:54.977, 2827, 13365, 220.28, 56, 0x0000000000000000, Not Active, Not Active
2026/09/30 10:42:55.077, 2827, 13365, 220.28, 56, 0x0000000000000000, Not Active, Not Active
2026/09/30 10:42:55.177, 2827, 13365, 220.28, 56, 0x0000000000000000, Not Active, Not Active
2026/09/30 10:42:55.277, 2827, 13365, 147.16, 55, 0x0000000000000000, Not Active, Not Active
2026/09/30 10:42:55.378, 2827, 13365, 147.16, 55, 0x0000000000000000, Not Active, Not Active
2026/09/30 10:42:55.478, 2827, 13365, 147.16, 55, 0x0000000000000000, Not Active, Not Active
2026/09/30 10:42:55.578, 2827, 13365, 147.16, 55, 0x0000000000000000, Not Active, Not Active
2026/09/30 10:42:55.678, 2827, 13365, 147.16, 55, 0x0000000000000000, Not Active, Not Active
2026/09/30 10:42:55.778, 2827, 13365, 142.84, 55, 0x0000000000000000, Not Active, Not Active
2026/09/30 10:42:55.878, 2827, 13365, 142.84, 55, 0x0000000000000000, Not Active, Not Active
2026/09/30 10:42:55.978, 2827, 13365, 142.84, 55, 0x0000000000000000, Not Active, Not Active
2026/09/30 10:42:56.079, 2827, 13365, 142.84, 55, 0x0000000000000000, Not Active, Not Active
2026/09/30 10:42:56.179, 2827, 13365, 142.84, 55, 0x0000000000000000, Not Active, Not Active
2026/09/30 10:42:56.279, 2662, 13365, 138.40, 55, 0x0000000000000000, Not Active, Not Active
2026/09/30 10:42:56.379, 2662, 13365, 138.40, 55, 0x0000000000000000, Not Active, Not Active
2026/09/30 10:42:56.479, 2662, 13365, 138.40, 55, 0x0000000000000000, Not Active, Not Active
2026/09/30 10:42:56.579, 2662, 13365, 138.40, 55, 0x0000000000000000, Not Active, Not Active
2026/09/30 10:42:56.680, 2662, 13365, 138.40, 55, 0x0000000000000000, Not Active, Not Active
2026/09/30 10:42:56.780, 2655, 13365, 133.71, 55, 0x0000000000000000, Not Active, Not Active
2026/09/30 10:42:56.880, 2655, 13365, 133.71, 55, 0x0000000000000000, Not Active, Not Active
2026/09/30 10:42:56.980, 2655, 13365, 133.71, 55, 0x0000000000000000, Not Active, Not Active
2026/09/30 10:42:57.080, 2655, 13365, 133.71, 55, 0x0000000000000000, Not Active, Not Active
2026/09/30 10:42:57.180, 2655, 13365, 133.71, 55, 0x0000000000000000, Not Active, Not Active
2026/09/30 10:42:57.281, 2677, 13365, 131.42, 54, 0x0000000000000000, Not Active, Not Active
2026/09/30 10:42:57.381, 2677, 13365, 131.42, 54, 0x0000000000000000, Not Active, Not Active
2026/09/30 10:42:57.481, 2677, 13365, 131.42, 54, 0x0000000000000000, Not Active, Not Active
2026/09/30 10:42:57.581, 2677, 13365, 131.42, 54, 0x0000000000000000, Not Active, Not Active
2026/09/30 10:42:57.681, 2677, 13365, 131.42, 54, 0x0000000000000000, Not Active, Not Active
2026/09/30 10:42:57.781, 2685, 13365, 134.36, 54, 0x0000000000000000, Not Active, Not Active
2026/09/30 10:42:57.881, 2685, 13365, 134.36, 54, 0x0000000000000000, Not Active, Not Active
2026/09/30 10:42:57.982, 2685, 13365, 134.36, 54, 0x0000000000000000, Not Active, Not Active
2026/09/30 10:42:58.082, 2685, 13365, 134.36, 54, 0x0000000000000000, Not Active, Not Active
2026/09/30 10:42:58.182, 2685, 13365, 134.36, 54, 0x0000000000000000, Not Active, Not Active
2026/09/30 10:42:58.282, 2692, 13365, 132.81, 55, 0x0000000000000000, Not Active, Not Active
2026/09/30 10:42:58.382, 2692, 13365, 132.81, 55, 0x0000000000000000, Not Active, Not Active
2026/09/30 10:42:58.482, 2692, 13365, 132.81, 55, 0x0000000000000000, Not Active, Not Active
2026/09/30 10:42:58.582, 2692, 13365, 132.81, 55, 0x0000000000000000, Not Active, Not Active
2026/09/30 10:42:58.683, 2692, 13365, 132.81, 55, 0x0000000000000000, Not Active, Not Active
2026/09/30 10:42:58.783, 2685, 13365, 130.74, 55, 0x0000000000000000, Not Active, Not Active
2026/09/30 10:42:58.883, 2685, 13365, 130.74, 55, 0x0000000000000000, Not Active, Not Active
2026/09/30 10:42:58.983, 2685, 13365, 130.74, 55, 0x0000000000000000, Not Active, Not Active
2026/09/30 10:42:59.083, 2685, 13365, 130.74, 55, 0x0000000000000000, Not Active, Not Active
2026/09/30 10:42:59.183, 2685, 13365, 130.74, 55, 0x0000000000000000, Not Active, Not Active
2026/09/30 10:42:59.283, 2662, 13365, 129.35, 55, 0x0000000000000000, Not Active, Not Active
2026/09/30 10:42:59.384, 2662, 13365, 129.35, 55, 0x0000000000000000, Not Active, Not Active
2026/09/30 10:42:59.484, 2662, 13365, 129.35, 55, 0x0000000000000000, Not Active, Not Active
2026/09/30 10:42:59.584, 2662, 13365, 129.35, 55, 0x0000000000000000, Not Active, Not Active
2026/09/30 10:42:59.684, 2662, 13365, 129.35, 55, 0x0000000000000000, Not Active, Not Active
2026/09/30 10:42:59.784, 2655, 13365, 132.40, 55, 0x0000000000000000, Not Active, Not Active
2026/09/30 10:42:59.884, 2655, 13365, 132.40, 55, 0x0000000000000000, Not Active, Not Active
2026/09/30 10:42:59.984, 2655, 13365, 132.40, 55, 0x0000000000000000, Not Active, Not Active
2026/09/30 10:43:00.085, 2655, 13365, 132.40, 55, 0x0000000000000000, Not Active, Not Active
2026/09/30 10:43:00.185, 2655, 13365, 132.40, 55, 0x0000000000000000, Not Active, Not Active
2026/09/30 10:43:00.285, 2655, 13365, 135.46, 55, 0x0000000000000000, Not Active, Not Active
2026/09/30 10:43:00.385, 2655, 13365, 135.46, 55, 0x0000000000000000, Not Active, Not Active
2026/09/30 10:43:00.485, 2655, 13365, 135.46, 55, 0x0000000000000000, Not Active, Not Active
2026/09/30 10:43:00.585, 2655, 13365, 135.46, 55, 0x0000000000000000, Not Active, Not Active
2026/09/30 10:43:00.685, 2655, 13365, 135.46, 55, 0x0000000000000000, Not Active, Not Active
2026/09/30 10:43:00.786, 2677, 13365, 133.21, 54, 0x0000000000000000, Not Active, Not Active
2026/09/30 10:43:00.886, 2677, 13365, 133.21, 54, 0x0000000000000000, Not Active, Not Active
2026/09/30 10:43:00.986, 2677, 13365, 133.21, 54, 0x0000000000000000, Not Active, Not Active
2026/09/30 10:43:01.086, 2677, 13365, 133.21, 54, 0x0000000000000000, Not Active, Not Active
2026/09/30 10:43:01.186, 2677, 13365, 133.21, 54, 0x0000000000000000, Not Active, Not Active
2026/09/30 10:43:01.286, 2692, 13365, 138.01, 54, 0x0000000000000000, Not Active, Not Active
2026/09/30 10:43:01.386, 2692, 13365, 138.01, 54, 0x0000000000000000, Not Active, Not Active
2026/09/30 10:43:01.487, 2692, 13365, 138.01, 54, 0x0000000000000000, Not Active, Not Active
2026/09/30 10:43:01.587, 2692, 13365, 138.01, 54, 0x0000000000000000, Not Active, Not Active
2026/09/30 10:43:01.687, 2692, 13365, 138.01, 54, 0x0000000000000000, Not Active, Not Active
2026/09/30 10:43:01.787, 2647, 13365, 140.60, 55, 0x0000000000000000, Not Active, Not Active
2026/09/30 10:43:01.887, 2647, 13365, 140.60, 55, 0x0000000000000000, Not Active, Not Active
2026/09/30 10:43:01.987, 2647, 13365, 140.60, 55, 0x0000000000000000, Not Active, Not Active
2026/09/30 10:43:02.087, 2647, 13365, 140.60, 55, 0x0000000000000000, Not Active, Not Active
2026/09/30 10:43:02.187, 2647, 13365, 140.60, 55, 0x0000000000000000, Not Active, Not Active
2026/09/30 10:43:02.288, 2677, 13365, 137.12, 55, 0x0000000000000000, Not Active, Not Active
2026/09/30 10:43:02.388, 2677, 13365, 137.12, 55, 0x0000000000000000, Not Active, Not Active
2026/09/30 10:43:02.488, 2677, 13365, 137.12, 55, 0x0000000000000000, Not Active, Not Active
2026/09/30 10:43:02.588, 2677, 13365, 137.12, 55, 0x0000000000000000, Not Active, Not Active
2026/09/30 10:43:02.688, 2677, 13365, 137.12, 55, 0x0000000000000000, Not Active, Not Active
2026/09/30 10:43:02.788, 2662, 13365, 144.08, 55, 0x0000000000000000, Not Active, Not Active
2026/09/30 10:43:02.888, 2662, 13365, 144.08, 55, 0x0000000000000000, Not Active, Not Active
2026/09/30 10:43:02.988, 2662, 13365, 144.08, 55, 0x0000000000000000, Not Active, Not Active
2026/09/30 10:43:03.089, 2662, 13365, 144.08, 55, 0x0000000000000000, Not Active, Not Active
2026/09/30 10:43:03.189, 2662, 13365, 144.08, 55, 0x0000000000000000, Not Active, Not Active
2026/09/30 10:43:03.289, 2640, 13365, 135.92, 55, 0x0000000000000000, Not Active, Not Active
2026/09/30 10:43:03.389, 2640, 13365, 135.92, 55, 0x0000000000000000, Not Active, Not Active
2026/09/30 10:43:03.489, 2640, 13365, 135.92, 55, 0x0000000000000000, Not Active, Not Active
2026/09/30 10:43:03.589, 2640, 13365, 135.92, 55, 0x0000000000000000, Not Active, Not Active
2026/09/30 10:43:03.689, 2640, 13365, 135.92, 55, 0x0000000000000000, Not Active, Not Active
2026/09/30 10:43:03.790, 2662, 13365, 146.92, 55, 0x0000000000000000, Not Active, Not Active
2026/09/30 10:43:03.890, 2662, 13365, 146.92, 55, 0x0000000000000000, Not Active, Not Active
2026/09/30 10:43:03.990, 2662, 13365, 146.92, 55, 0x0000000000000000, Not Active, Not Active
2026/09/30 10:43:04.090, 2662, 13365, 146.92, 55, 0x0000000000000000, Not Active, Not Active
2026/09/30 10:43:04.190, 2662, 13365, 146.92, 55, 0x0000000000000000, Not Active, Not Active
2026/09/30 10:43:04.290, 2662, 13365, 158.13, 55, 0x0000000000000000, Not Active, Not Active
2026/09/30 10:43:04.390, 2662, 13365, 158.13, 55, 0x0000000000000000, Not Active, Not Active
2026/09/30 10:43:04.491, 2662, 13365, 158.13, 55, 0x0000000000000000, Not Active, Not Active
2026/09/30 10:43:04.591, 2662, 13365, 158.13, 55, 0x0000000000000000, Not Active, Not Active
2026/09/30 10:43:04.691, 2662, 13365, 158.13, 55, 0x0000000000000000, Not Active, Not Active
2026/09/30 10:43:04.791, 2617, 13365, 128.59, 54, 0x0000000000000000, Not Active, Not Active
2026/09/30 10:43:04.891, 2617, 13365, 128.59, 54, 0x0000000000000000, Not Active, Not Active
2026/09/30 10:43:04.991, 2617, 13365, 128.59, 54, 0x0000000000000000, Not Active, Not Active
2026/09/30 10:43:05.091, 2617, 13365, 128.59, 54, 0x0000000000000000, Not Active, Not Active
2026/09/30 10:43:05.192, 2617, 13365, 128.59, 54, 0x0000000000000000, Not Active, Not Active
2026/09/30 10:43:05.292, 2647, 13365, 145.83, 55, 0x0000000000000000, Not Active, Not Active
2026/09/30 10:43:05.392, 2647, 13365, 145.83, 55, 0x0000000000000000, Not Active, Not Active
2026/09/30 10:43:05.492, 2647, 13365, 145.83, 55, 0x0000000000000000, Not Active, Not Active
2026/09/30 10:43:05.592, 2647, 13365, 145.83, 55, 0x0000000000000000, Not Active, Not Active
2026/09/30 10:43:05.692, 2647, 13365, 145.83, 55, 0x0000000000000000, Not Active, Not Active
2026/09/30 10:43:05.792, 2647, 13365, 180.23, 56, 0x0000000000000000, Not Active, Not Active
2026/09/30 10:43:05.892, 2647, 13365, 180.23, 56, 0x0000000000000000, Not Active, Not Active
2026/09/30 10:43:05.993, 2647, 13365, 180.23, 56, 0x0000000000000000, Not Active, Not Active
2026/09/30 10:43:06.093, 2647, 13365, 180.23, 56, 0x0000000000000000, Not Active, Not Active
2026/09/30 10:43:06.193, 2647, 13365, 180.23, 56, 0x0000000000000000, Not Active, Not Active
2026/09/30 10:43:06.293, 2617, 13365, 143.64, 54, 0x0000000000000000, Not Active, Not Active
2026/09/30 10:43:06.393, 2617, 13365, 143.64, 54, 0x0000000000000000, Not Active, Not Active
2026/09/30 10:43:06.493, 2617, 13365, 143.64, 54, 0x0000000000000000, Not Active, Not Active
2026/09/30 10:43:06.593, 2617, 13365, 143.64, 54, 0x0000000000000000, Not Active, Not Active
2026/09/30 10:43:06.694, 2617, 13365, 143.64, 54, 0x0000000000000000, Not Active, Not Active
2026/09/30 10:43:06.794, 2595, 13365, 149.68, 58, 0x0000000000000000, Not Active, Not Active
2026/09/30 10:43:06.894, 2595, 13365, 149.68, 58, 0x0000000000000000, Not Active, Not Active
2026/09/30 10:43:06.994, 2595, 13365, 149.68, 58, 0x0000000000000000, Not Active, Not Active
2026/09/30 10:43:07.094, 2595, 13365, 149.68, 58, 0x0000000000000000, Not Active, Not Active
2026/09/30 10:43:07.194, 2595, 13365, 149.68, 58, 0x0000000000000000, Not Active, Not Active
2026/09/30 10:43:07.294, 2602, 13365, 177.62, 57, 0x0000000000000000, Not Active, Not Active
2026/09/30 10:43:07.394, 2602, 13365, 177.62, 57, 0x0000000000000000, Not Active, Not Active
2026/09/30 10:43:07.495, 2602, 13365, 177.62, 57, 0x0000000000000000, Not Active, Not Active
2026/09/30 10:43:07.595, 2602, 13365, 177.62, 57, 0x0000000000000000, Not Active, Not Active
2026/09/30 10:43:07.695, 2602, 13365, 177.62, 57, 0x0000000000000000, Not Active, Not Active
2026/09/30 10:43:07.795, 2602, 13365, 193.20, 57, 0x0000000000000000, Not Active, Not Active
2026/09/30 10:43:07.895, 2602, 13365, 193.20, 57, 0x0000000000000000, Not Active, Not Active
2026/09/30 10:43:07.995, 2602, 13365, 193.20, 57, 0x0000000000000000, Not Active, Not Active
2026/09/30 10:43:08.095, 2602, 13365, 193.20, 57, 0x0000000000000000, Not Active, Not Active
2026/09/30 10:43:08.195, 2602, 13365, 193.20, 57, 0x0000000000000000, Not Active, Not Active
2026/09/30 10:43:08.296, 2610, 13365, 157.30, 54, 0x0000000000000000, Not Active, Not Active
2026/09/30 10:43:08.396, 2610, 13365, 157.30, 54, 0x0000000000000000, Not Active, Not Active
2026/09/30 10:43:08.496, 2610, 13365, 157.30, 54, 0x0000000000000000, Not Active, Not Active
2026/09/30 10:43:08.596, 2610, 13365, 157.30, 54, 0x0000000000000000, Not Active, Not Active
2026/09/30 10:43:08.696, 2610, 13365, 157.30, 54, 0x0000000000000000, Not Active, Not Active
2026/09/30 10:43:08.796, 2610, 13365, 108.16, 58, 0x0000000000000000, Not Active, Not Active
2026/09/30 10:43:08.896, 2610, 13365, 108.16, 58, 0x0000000000000000, Not Active, Not Active
2026/09/30 10:43:08.997, 2610, 13365, 108.16, 58, 0x0000000000000000, Not Active, Not Active
2026/09/30 10:43:09.097, 2610, 13365, 108.16, 58, 0x0000000000000000, Not Active, Not Active
2026/09/30 10:43:09.197, 2610, 13365, 108.16, 58, 0x0000000000000000, Not Active, Not Active
2026/09/30 10:43:09.297, 2640, 13365, 181.75, 56, 0x0000000000000000, Not Active, Not Active
2026/09/30 10:43:09.397, 2640, 13365, 181.75, 56, 0x0000000000000000, Not Active, Not Active
2026/09/30 10:43:09.497, 2640, 13365, 181.75, 56, 0x0000000000000000, Not Active, Not Active
2026/09/30 10:43:09.597, 2640, 13365, 181.75, 56, 0x0000000000000000, Not Active, Not Active
2026/09/30 10:43:09.698, 2640, 13365, 181.75, 56, 0x0000000000000000, Not Active, Not Active
2026/09/30 10:43:09.798, 2602, 13365, 266.70, 60, 0x0000000000000000, Not Active, Not Active
2026/09/30 10:43:09.898, 2602, 13365, 266.70, 60, 0x0000000000000000, Not Active, Not Active
2026/09/30 10:43:09.998, 2602, 13365, 266.70, 60, 0x0000000000000000, Not Active, Not Active
2026/09/30 10:43:10.098, 2602, 13365, 266.70, 60, 0x0000000000000000, Not Active, Not Active
2026/09/30 10:43:10.198, 2602, 13365, 266.70, 60, 0x0000000000000000, Not Active, Not Active
2026/09/30 10:43:10.298, 2722, 13365, 255.27, 60, 0x0000000000000000, Not Active, Not Active
2026/09/30 10:43:10.399, 2722, 13365, 255.27, 60, 0x0000000000000000, Not Active, Not Active
2026/09/30 10:43:10.499, 2722, 13365, 255.27, 60, 0x0000000000000000, Not Active, Not Active
2026/09/30 10:43:10.599, 2722, 13365, 255.27, 60, 0x0000000000000000, Not Active, Not Active
2026/09/30 10:43:10.699, 2722, 13365, 255.27, 60, 0x0000000000000000, Not Active, Not Active
2026/09/30 10:43:10.799, 2767, 13365, 185.98, 55, 0x0000000000000000, Not Active, Not Active
2026/09/30 10:43:10.899, 2767, 13365, 185.98, 55, 0x0000000000000000, Not Active, Not Active
2026/09/30 10:43:10.999, 2767, 13365, 185.98, 55, 0x0000000000000000, Not Active, Not Active
2026/09/30 10:43:11.099, 2767, 13365, 185.98, 55, 0x0000000000000000, Not Active, Not Active
2026/09/30 10:43:11.200, 2767, 13365, 185.98, 55, 0x0000000000000000, Not Active, Not Active
2026/09/30 10:43:11.300, 2767, 13365, 131.12, 54, 0x0000000000000000, Not Active, Not Active
2026/09/30 10:43:11.400, 2767, 13365, 131.12, 54, 0x0000000000000000, Not Active, Not Active
2026/09/30 10:43:11.500, 2767, 13365, 131.12, 54, 0x0000000000000000, Not Active, Not Active
2026/09/30 10:43:11.600, 2767, 13365, 131.12, 54, 0x0000000000000000, Not Active, Not Active
2026/09/30 10:43:11.700, 2767, 13365, 131.12, 54, 0x0000000000000000, Not Active, Not Active
2026/09/30 10:43:11.800, 2767, 13365, 95.96, 54, 0x0000000000000000, Not Active, Not Active
2026/09/30 10:43:11.901, 2767, 13365, 95.96, 54, 0x0000000000000000, Not Active, Not Active
2026/09/30 10:43:12.001, 2767, 13365, 95.96, 54, 0x0000000000000000, Not Active, Not Active
2026/09/30 10:43:12.101, 2767, 13365, 95.96, 54, 0x0000000000000000, Not Active, Not Active
2026/09/30 10:43:12.201, 2767, 13365, 95.96, 54, 0x0000000000000000, Not Active, Not Active
2026/09/30 10:43:12.301, 2760, 13365, 120.56, 60, 0x0000000000000000, Not Active, Not Active
2026/09/30 10:43:12.401, 2760, 13365, 120.56, 60, 0x0000000000000000, Not Active, Not Active
2026/09/30 10:43:12.501, 2760, 13365, 120.56, 60, 0x0000000000000000, Not Active, Not Active
2026/09/30 10:43:12.601, 2760, 13365, 120.56, 60, 0x0000000000000000, Not Active, Not Active
2026/09/30 10:43:12.702, 2760, 13365, 120.56, 60, 0x0000000000000000, Not Active, Not Active
2026/09/30 10:43:12.802, 2527, 13365, 236.76, 58, 0x0000000000000000, Not Active, Not Active
2026/09/30 10:43:12.902, 2527, 13365, 236.76, 58, 0x0000000000000000, Not Active, Not Active
2026/09/30 10:43:13.002, 2527, 13365, 236.76, 58, 0x0000000000000000, Not Active, Not Active
2026/09/30 10:43:13.102, 2527, 13365, 236.76, 58, 0x0000000000000000, Not Active, Not Active
2026/09/30 10:43:13.202, 2527, 13365, 236.76, 58, 0x0000000000000000, Not Active, Not Active
2026/09/30 10:43:13.302, 2542, 13365, 339.21, 63, 0x0000000000000004, Active, Not Active
2026/09/30 10:43:13.402, 2542, 13365, 339.21, 63, 0x0000000000000004, Active, Not Active
2026/09/30 10:43:13.503, 2542, 13365, 339.21, 63, 0x0000000000000004, Active, Not Active
2026/09/30 10:43:13.603, 2542, 13365, 339.21, 63, 0x0000000000000004, Active, Not Active
2026/09/30 10:43:13.703, 2542, 13365, 339.21, 63, 0x0000000000000004, Active, Not Active
2026/09/30 10:43:13.803, 2640, 13365, 321.31, 63, 0x0000000000000004, Active, Not Active
2026/09/30 10:43:13.903, 2640, 13365, 321.31, 63, 0x0000000000000004, Active, Not Active
2026/09/30 10:43:14.003, 2640, 13365, 321.31, 63, 0x0000000000000004, Active, Not Active
2026/09/30 10:43:14.103, 2640, 13365, 321.31, 63, 0x0000000000000004, Active, Not Active
2026/09/30 10:43:14.204, 2640, 13365, 321.31, 63, 0x0000000000000004, Active, Not Active
2026/09/30 10:43:14.304, 2557, 13365, 324.37, 58, 0x0000000000000000, Not Active, Not Active
2026/09/30 10:43:14.404, 2557, 13365, 324.37, 58, 0x0000000000000000, Not Active, Not Active
