timestamp, clocks.current.sm [MHz], clocks.current.memory [MHz], power.draw [W], temperature.gpu, clocks_event_reasons.active, clocks_event_reasons.sw_power_cap, clocks_event_reasons.hw_slowdown
2026/09/30 06:23:34.784, 2692, 14001, 91.91, 46, 0x0000000000000000, Not Active, Not Active
2026/09/30 06:23:34.892, 2692, 14001, 91.91, 46, 0x0000000000000000, Not Active, Not Active
2026/09/30 06:23:34.992, 2692, 14001, 91.91, 46, 0x0000000000000000, Not Active, Not Active
2026/09/30 06:23:35.092, 2152, 14001, 78.74, 46, 0x0000000000000000, Not Active, Not Active
2026/09/30 06:23:35.192, 2152, 14001, 78.74, 46, 0x0000000000000000, Not Active, Not Active
2026/09/30 06:23:35.292, 2152, 14001, 78.74, 46, 0x0000000000000000, Not Active, Not Active
2026/09/30 06:23:35.392, 2152, 14001, 78.74, 46, 0x0000000000000000, Not Active, Not Active
2026/09/30 06:23:35.492, 2152, 14001, 78.74, 46, 0x0000000000000000, Not Active, Not Active
2026/09/30 06:23:35.592, 615, 14001, 67.97, 45, 0x0000000000000000, Not Active, Not Active
2026/09/30 06:23:35.693, 615, 14001, 67.97, 45, 0x0000000000000000, Not Active, Not Active
2026/09/30 06:23:35.793, 615, 14001, 67.97, 45, 0x0000000000000000, Not Active, Not Active
2026/09/30 06:23:35.893, 615, 14001, 67.97, 45, 0x0000000000000000, Not Active, Not Active
2026/09/30 06:23:35.993, 615, 14001, 67.97, 45, 0x0000000000000000, Not Active, Not Active
2026/09/30 06:23:36.093, 555, 14001, 64.04, 45, 0x0000000000000000, Not Active, Not Active
2026/09/30 06:23:36.193, 555, 14001, 64.04, 45, 0x0000000000000000, Not Active, Not Active
2026/09/30 06:23:36.293, 555, 14001, 64.04, 45, 0x0000000000000000, Not Active, Not Active
2026/09/30 06:23:36.393, 555, 14001, 64.04, 45, 0x0000000000000000, Not Active, Not Active
2026/09/30 06:23:36.494, 555, 14001, 64.04, 45, 0x0000000000000000, Not Active, Not Active
2026/09/30 06:23:36.594, 555, 14001, 64.04, 45, 0x0000000000000000, Not Active, Not Active
2026/09/30 06:23:36.694, 555, 14001, 64.04, 45, 0x0000000000000000, Not Active, Not Active
2026/09/30 06:23:36.794, 555, 14001, 64.04, 45, 0x0000000000000000, Not Active, Not Active
2026/09/30 06:23:36.894, 555, 14001, 64.04, 45, 0x0000000000000000, Not Active, Not Active
2026/09/30 06:23:36.994, 555, 14001, 64.04, 45, 0x0000000000000000, Not Active, Not Active
2026/09/30 06:23:37.094, 352, 14001, 44.62, 45, 0x0000000000000000, Not Active, Not Active
2026/09/30 06:23:37.194, 352, 14001, 44.62, 45, 0x0000000000000000, Not Active, Not Active
2026/09/30 06:23:37.295, 352, 14001, 44.62, 45, 0x0000000000000000, Not Active, Not Active
2026/09/30 06:23:37.395, 352, 14001, 44.62, 45, 0x0000000000000000, Not Active, Not Active
2026/09/30 06:23:37.495, 352, 14001, 44.62, 45, 0x0000000000000000, Not Active, Not Active
2026/09/30 06:23:37.595, 352, 14001, 44.62, 45, 0x0000000000000000, Not Active, Not Active
2026/09/30 06:23:37.695, 352, 14001, 44.62, 45, 0x0000000000000000, Not Active, Not Active
2026/09/30 06:23:37.795, 352, 14001, 44.62, 45, 0x0000000000000000, Not Active, Not Active
2026/09/30 06:23:37.895, 352, 14001, 44.62, 45, 0x0000000000000000, Not Active, Not Active
2026/09/30 06:23:37.995, 352, 14001, 44.62, 45, 0x0000000000000000, Not Active, Not Active
2026/09/30 06:23:38.095, 217, 14001, 42.46, 45, 0x0000000000000000, Not Active, Not Active
2026/09/30 06:23:38.196, 217, 14001, 42.46, 45, 0x0000000000000000, Not Active, Not Active
2026/09/30 06:23:38.296, 217, 14001, 42.46, 45, 0x0000000000000000, Not Active, Not Active
2026/09/30 06:23:38.396, 217, 14001, 42.46, 45, 0x0000000000000000, Not Active, Not Active
2026/09/30 06:23:38.496, 217, 14001, 42.46, 45, 0x0000000000000000, Not Active, Not Active
2026/09/30 06:23:38.596, 217, 14001, 42.46, 45, 0x0000000000000000, Not Active, Not Active
2026/09/30 06:23:38.696, 217, 14001, 42.46, 45, 0x0000000000000000, Not Active, Not Active
2026/09/30 06:23:38.796, 217, 14001, 42.46, 45, 0x0000000000000000, Not Active, Not Active
2026/09/30 06:23:38.896, 217, 14001, 42.46, 45, 0x0000000000000000, Not Active, Not Active
2026/09/30 06:23:38.996, 217, 14001, 42.46, 45, 0x0000000000000000, Not Active, Not Active
2026/09/30 06:23:39.097, 180, 7001, 40.44, 45, 0x0000000000000000, Not Active, Not Active
2026/09/30 06:23:39.197, 180, 7001, 40.44, 45, 0x0000000000000000, Not Active, Not Active
2026/09/30 06:23:39.297, 180, 7001, 40.44, 45, 0x0000000000000000, Not Active, Not Active
2026/09/30 06:23:39.397, 180, 7001, 40.44, 45, 0x0000000000000000, Not Active, Not Active
2026/09/30 06:23:39.497, 180, 7001, 40.44, 45, 0x0000000000000000, Not Active, Not Active
2026/09/30 06:23:39.597, 180, 7001, 40.44, 45, 0x0000000000000000, Not Active, Not Active
2026/09/30 06:23:39.697, 180, 7001, 40.44, 45, 0x0000000000000000, Not Active, Not Active
2026/09/30 06:23:39.797, 180, 7001, 40.44, 45, 0x0000000000000000, Not Active, Not Active
2026/09/30 06:23:39.897, 180, 7001, 40.44, 45, 0x0000000000000000, Not Active, Not Active
2026/09/30 06:23:39.998, 180, 7001, 40.44, 45, 0x0000000000000000, Not Active, Not Active
2026/09/30 06:23:40.098, 180, 7001, 36.61, 45, 0x0000000000000000, Not Active, Not Active
2026/09/30 06:23:40.198, 180, 7001, 36.61, 45, 0x0000000000000000, Not Active, Not Active
2026/09/30 06:23:40.298, 180, 7001, 36.61, 45, 0x0000000000000000, Not Active, Not Active
2026/09/30 06:23:40.398, 180, 7001, 36.61, 45, 0x0000000000000000, Not Active, Not Active
2026/09/30 06:23:40.498, 180, 7001, 36.61, 45, 0x0000000000000000, Not Active, Not Active
2026/09/30 06:23:40.598, 180, 7001, 36.61, 45, 0x0000000000000000, Not Active, Not Active
2026/09/30 06:23:40.698, 180, 7001, 36.61, 45, 0x0000000000000000, Not Active, Not Active
2026/09/30 06:23:40.799, 180, 7001, 36.61, 45, 0x0000000000000000, Not Active, Not Active
2026/09/30 06:23:40.899, 180, 7001, 36.61, 45, 0x0000000000000000, Not Active, Not Active
2026/09/30 06:23:40.999, 180, 7001, 36.61, 45, 0x0000000000000000, Not Active, Not Active
2026/09/30 06:23:41.099, 180, 810, 28.35, 44, 0x0000000000000000, Not Active, Not Active
2026/09/30 06:23:41.199, 180, 810, 28.35, 44, 0x0000000000000000, Not Active, Not Active
2026/09/30 06:23:41.299, 180, 810, 28.35, 44, 0x0000000000000000, Not Active, Not Active
2026/09/30 06:23:41.399, 180, 810, 28.35, 44, 0x0000000000000000, Not Active, Not Active
2026/09/30 06:23:41.499, 180, 810, 28.35, 44, 0x0000000000000000, Not Active, Not Active
2026/09/30 06:23:41.600, 180, 810, 28.35, 44, 0x0000000000000000, Not Active, Not Active
2026/09/30 06:23:41.700, 180, 810, 28.35, 44, 0x0000000000000000, Not Active, Not Active
2026/09/30 06:23:41.800, 180, 810, 28.35, 44, 0x0000000000000000, Not Active, Not Active
2026/09/30 06:23:41.900, 180, 810, 28.35, 44, 0x0000000000000000, Not Active, Not Active
2026/09/30 06:23:42.000, 180, 810, 28.35, 44, 0x0000000000000000, Not Active, Not Active
2026/09/30 06:23:42.100, 180, 405, 13.97, 44, 0x0000000000000000, Not Active, Not Active
2026/09/30 06:23:42.200, 180, 405, 13.97, 44, 0x0000000000000000, Not Active, Not Active
2026/09/30 06:23:42.301, 180, 405, 13.97, 44, 0x0000000000000000, Not Active, Not Active
2026/09/30 06:23:42.401, 180, 405, 13.97, 44, 0x0000000000000000, Not Active, Not Active
2026/09/30 06:23:42.501, 180, 405, 13.97, 44, 0x0000000000000000, Not Active, Not Active
2026/09/30 06:23:42.601, 180, 405, 13.97, 44, 0x0000000000000000, Not Active, Not Active
2026/09/30 06:23:42.701, 180, 405, 13.97, 44, 0x0000000000000000, Not Active, Not Active
2026/09/30 06:23:42.801, 180, 405, 13.97, 44, 0x0000000000000000, Not Active, Not Active
2026/09/30 06:23:42.901, 180, 405, 13.97, 44, 0x0000000000000000, Not Active, Not Active
2026/09/30 06:23:43.001, 180, 405, 13.97, 44, 0x0000000000000000, Not Active, Not Active
2026/09/30 06:23:43.101, 180, 405, 13.58, 44, 0x0000000000000000, Not Active, Not Active
2026/09/30 06:23:43.202, 180, 405, 13.58, 44, 0x0000000000000000, Not Active, Not Active
2026/09/30 06:23:43.302, 180, 405, 13.58, 44, 0x0000000000000000, Not Active, Not Active
2026/09/30 06:23:43.402, 180, 405, 13.58, 44, 0x0000000000000000, Not Active, Not Active
2026/09/30 06:23:43.502, 180, 405, 13.58, 44, 0x0000000000000000, Not Active, Not Active
2026/09/30 06:23:43.602, 180, 405, 13.58, 44, 0x0000000000000000, Not Active, Not Active
2026/09/30 06:23:43.702, 180, 405, 13.58, 44, 0x0000000000000000, Not Active, Not Active
2026/09/30 06:23:43.802, 180, 405, 13.58, 44, 0x0000000000000000, Not Active, Not Active
2026/09/30 06:23:43.902, 180, 405, 13.58, 44, 0x0000000000000000, Not Active, Not Active
2026/09/30 06:23:44.002, 180, 405, 13.58, 44, 0x0000000000000000, Not Active, Not Active
2026/09/30 06:23:44.103, 180, 405, 13.11, 44, 0x0000000000000000, Not Active, Not Active
2026/09/30 06:23:44.203, 180, 405, 13.11, 44, 0x0000000000000000, Not Active, Not Active
2026/09/30 06:23:44.303, 180, 405, 13.11, 44, 0x0000000000000000, Not Active, Not Active
2026/09/30 06:23:44.403, 180, 405, 13.11, 44, 0x0000000000000000, Not Active, Not Active
2026/09/30 06:23:44.503, 180, 405, 13.11, 44, 0x0000000000000000, Not Active, Not Active
2026/09/30 06:23:44.603, 180, 405, 13.11, 44, 0x0000000000000000, Not Active, Not Active
2026/09/30 06:23:44.703, 180, 405, 13.11, 44, 0x0000000000000000, Not Active, Not Active
2026/09/30 06:23:44.803, 180, 405, 13.11, 44, 0x0000000000000000, Not Active, Not Active
2026/09/30 06:23:44.903, 180, 405, 13.11, 44, 0x0000000000000000, Not Active, Not Active
2026/09/30 06:23:45.003, 180, 405, 13.11, 44, 0x0000000000000000, Not Active, Not Active
2026/09/30 06:23:45.104, 180, 405, 12.82, 44, 0x0000000000000000, Not Active, Not Active
2026/09/30 06:23:45.204, 180, 405, 12.82, 44, 0x0000000000000000, Not Active, Not Active
2026/09/30 06:23:45.304, 180, 405, 12.82, 44, 0x0000000000000000, Not Active, Not Active
2026/09/30 06:23:45.404, 180, 405, 12.82, 44, 0x0000000000000000, Not Active, Not Active
2026/09/30 06:23:45.504, 180, 405, 12.82, 44, 0x0000000000000000, Not Active, Not Active
2026/09/30 06:23:45.604, 180, 405, 12.82, 44, 0x0000000000000000, Not Active, Not Active
2026/09/30 06:23:45.704, 180, 405, 12.82, 44, 0x0000000000000000, Not Active, Not Active
2026/09/30 06:23:45.804, 180, 405, 12.82, 44, 0x0000000000000000, Not Active, Not Active
2026/09/30 06:23:45.904, 180, 405, 12.82, 44, 0x0000000000000000, Not Active, Not Active
2026/09/30 06:23:46.005, 180, 405, 12.82, 44, 0x0000000000000000, Not Active, Not Active
2026/09/30 06:23:46.105, 180, 405, 12.84, 44, 0x0000000000000000, Not Active, Not Active
2026/09/30 06:23:46.205, 180, 405, 12.84, 44, 0x0000000000000000, Not Active, Not Active
2026/09/30 06:23:46.305, 180, 405, 12.84, 44, 0x0000000000000000, Not Active, Not Active
2026/09/30 06:23:46.406, 180, 405, 12.84, 44, 0x0000000000000000, Not Active, Not Active
2026/09/30 06:23:46.506, 180, 405, 12.84, 44, 0x0000000000000000, Not Active, Not Active
2026/09/30 06:23:46.607, 180, 405, 12.84, 44, 0x0000000000000000, Not Active, Not Active
2026/09/30 06:23:46.707, 180, 405, 12.84, 44, 0x0000000000000000, Not Active, Not Active
2026/09/30 06:23:46.807, 180, 405, 12.84, 44, 0x0000000000000000, Not Active, Not Active
2026/09/30 06:23:46.907, 180, 405, 12.84, 44, 0x0000000000000000, Not Active, Not Active
2026/09/30 06:23:47.007, 180, 405, 12.84, 44, 0x0000000000000000, Not Active, Not Active
2026/09/30 06:23:47.108, 180, 405, 12.85, 44, 0x0000000000000000, Not Active, Not Active
2026/09/30 06:23:47.208, 180, 405, 12.85, 44, 0x0000000000000000, Not Active, Not Active
2026/09/30 06:23:47.308, 180, 405, 12.85, 44, 0x0000000000000000, Not Active, Not Active
2026/09/30 06:23:47.408, 180, 405, 12.85, 44, 0x0000000000000000, Not Active, Not Active
2026/09/30 06:23:47.508, 180, 405, 12.85, 44, 0x0000000000000000, Not Active, Not Active
2026/09/30 06:23:47.608, 180, 405, 12.85, 44, 0x0000000000000000, Not Active, Not Active
2026/09/30 06:23:47.708, 180, 405, 12.85, 44, 0x0000000000000000, Not Active, Not Active
2026/09/30 06:23:47.808, 180, 405, 12.85, 44, 0x0000000000000000, Not Active, Not Active
2026/09/30 06:23:47.908, 180, 405, 12.85, 44, 0x0000000000000000, Not Active, Not Active
2026/09/30 06:23:48.008, 180, 405, 12.85, 44, 0x0000000000000000, Not Active, Not Active
2026/09/30 06:23:48.109, 180, 405, 12.79, 44, 0x0000000000000000, Not Active, Not Active
2026/09/30 06:23:48.209, 180, 405, 12.79, 44, 0x0000000000000000, Not Active, Not Active
2026/09/30 06:23:48.309, 180, 405, 12.79, 44, 0x0000000000000000, Not Active, Not Active
2026/09/30 06:23:48.409, 180, 405, 12.79, 44, 0x0000000000000000, Not Active, Not Active
2026/09/30 06:23:48.509, 180, 405, 12.79, 44, 0x0000000000000000, Not Active, Not Active
2026/09/30 06:23:48.609, 180, 405, 12.79, 44, 0x0000000000000000, Not Active, Not Active
2026/09/30 06:23:48.709, 180, 405, 12.79, 44, 0x0000000000000000, Not Active, Not Active
2026/09/30 06:23:48.809, 180, 405, 12.79, 44, 0x0000000000000000, Not Active, Not Active
2026/09/30 06:23:48.909, 180, 405, 12.79, 44, 0x0000000000000000, Not Active, Not Active
2026/09/30 06:23:49.009, 180, 405, 12.79, 44, 0x0000000000000000, Not Active, Not Active
2026/09/30 06:23:49.110, 180, 405, 12.56, 44, 0x0000000000000000, Not Active, Not Active
2026/09/30 06:23:49.210, 180, 405, 12.56, 44, 0x0000000000000000, Not Active, Not Active
2026/09/30 06:23:49.310, 180, 405, 12.56, 44, 0x0000000000000000, Not Active, Not Active
2026/09/30 06:23:49.410, 180, 405, 12.56, 44, 0x0000000000000000, Not Active, Not Active
2026/09/30 06:23:49.510, 180, 405, 12.56, 44, 0x0000000000000000, Not Active, Not Active
2026/09/30 06:23:49.610, 180, 405, 12.56, 44, 0x0000000000000000, Not Active, Not Active
2026/09/30 06:23:49.710, 180, 405, 12.56, 44, 0x0000000000000000, Not Active, Not Active
2026/09/30 06:23:49.810, 180, 405, 12.56, 44, 0x0000000000000000, Not Active, Not Active
2026/09/30 06:23:49.910, 180, 405, 12.56, 44, 0x0000000000000000, Not Active, Not Active
2026/09/30 06:23:50.011, 180, 405, 12.56, 44, 0x0000000000000000, Not Active, Not Active
2026/09/30 06:23:50.111, 180, 405, 12.57, 44, 0x0000000000000000, Not Active, Not Active
2026/09/30 06:23:50.211, 180, 405, 12.57, 44, 0x0000000000000000, Not Active, Not Active
2026/09/30 06:23:50.311, 180, 405, 12.57, 44, 0x0000000000000000, Not Active, Not Active
2026/09/30 06:23:50.411, 180, 405, 12.57, 44, 0x0000000000000000, Not Active, Not Active
2026/09/30 06:23:50.511, 180, 405, 12.57, 44, 0x0000000000000000, Not Active, Not Active
2026/09/30 06:23:50.611, 180, 405, 12.57, 44, 0x0000000000000000, Not Active, Not Active
2026/09/30 06:23:50.711, 180, 405, 12.57, 44, 0x0000000000000000, Not Active, Not Active
2026/09/30 06:23:50.812, 180, 405, 12.57, 44, 0x0000000000000000, Not Active, Not Active
2026/09/30 06:23:50.912, 180, 405, 12.57, 44, 0x0000000000000000, Not Active, Not Active
2026/09/30 06:23:51.012, 180, 405, 12.57, 44, 0x0000000000000000, Not Active, Not Active
2026/09/30 06:23:51.112, 180, 405, 12.70, 44, 0x0000000000000000, Not Active, Not Active
2026/09/30 06:23:51.212, 180, 405, 12.70, 44, 0x0000000000000000, Not Active, Not Active
2026/09/30 06:23:51.312, 180, 405, 12.70, 44, 0x0000000000000000, Not Active, Not Active
2026/09/30 06:23:51.413, 180, 405, 12.70, 44, 0x0000000000000000, Not Active, Not Active
2026/09/30 06:23:51.513, 180, 405, 12.70, 44, 0x0000000000000000, Not Active, Not Active
2026/09/30 06:23:51.613, 180, 405, 12.70, 44, 0x0000000000000000, Not Active, Not Active
2026/09/30 06:23:51.713, 180, 405, 12.70, 44, 0x0000000000000000, Not Active, Not Active
2026/09/30 06:23:51.813, 180, 405, 12.70, 44, 0x0000000000000000, Not Active, Not Active
2026/09/30 06:23:51.913, 180, 405, 12.70, 44, 0x0000000000000000, Not Active, Not Active
2026/09/30 06:23:52.014, 180, 405, 12.70, 44, 0x0000000000000000, Not Active, Not Active
2026/09/30 06:23:52.114, 180, 405, 12.74, 44, 0x0000000000000000, Not Active, Not Active
2026/09/30 06:23:52.214, 180, 405, 12.74, 44, 0x0000000000000000, Not Active, Not Active
2026/09/30 06:23:52.314, 180, 405, 12.74, 44, 0x0000000000000000, Not Active, Not Active
2026/09/30 06:23:52.414, 180, 405, 12.74, 44, 0x0000000000000000, Not Active, Not Active
2026/09/30 06:23:52.515, 180, 405, 12.74, 44, 0x0000000000000000, Not Active, Not Active
2026/09/30 06:23:52.615, 180, 405, 12.74, 44, 0x0000000000000000, Not Active, Not Active
2026/09/30 06:23:52.715, 180, 405, 12.74, 44, 0x0000000000000000, Not Active, Not Active
2026/09/30 06:23:52.815, 180, 405, 12.74, 44, 0x0000000000000000, Not Active, Not Active
2026/09/30 06:23:52.915, 180, 405, 12.74, 44, 0x0000000000000000, Not Active, Not Active
2026/09/30 06:23:53.015, 180, 405, 12.74, 44, 0x0000000000000000, Not Active, Not Active
2026/09/30 06:23:53.115, 180, 405, 12.89, 44, 0x0000000000000000, Not Active, Not Active
2026/09/30 06:23:53.215, 180, 405, 12.89, 44, 0x0000000000000000, Not Active, Not Active
2026/09/30 06:23:53.315, 180, 405, 12.89, 44, 0x0000000000000000, Not Active, Not Active
2026/09/30 06:23:53.415, 180, 405, 12.89, 44, 0x0000000000000000, Not Active, Not Active
2026/09/30 06:23:53.516, 180, 405, 12.89, 44, 0x0000000000000000, Not Active, Not Active
2026/09/30 06:23:53.616, 180, 405, 12.89, 44, 0x0000000000000000, Not Active, Not Active
2026/09/30 06:23:53.716, 180, 405, 12.89, 44, 0x0000000000000000, Not Active, Not Active
2026/09/30 06:23:53.816, 180, 405, 12.89, 44, 0x0000000000000000, Not Active, Not Active
2026/09/30 06:23:53.916, 180, 405, 12.89, 44, 0x0000000000000000, Not Active, Not Active
2026/09/30 06:23:54.016, 180, 405, 12.89, 44, 0x0000000000000000, Not Active, Not Active
2026/09/30 06:23:54.116, 180, 405, 12.82, 44, 0x0000000000000000, Not Active, Not Active
2026/09/30 06:23:54.216, 180, 405, 12.82, 44, 0x0000000000000000, Not Active, Not Active
2026/09/30 06:23:54.316, 180, 405, 12.82, 44, 0x0000000000000000, Not Active, Not Active
2026/09/30 06:23:54.417, 180, 405, 12.82, 44, 0x0000000000000000, Not Active, Not Active
2026/09/30 06:23:54.517, 180, 405, 12.82, 44, 0x0000000000000000, Not Active, Not Active
2026/09/30 06:23:54.617, 180, 405, 12.82, 44, 0x0000000000000000, Not Active, Not Active
2026/09/30 06:23:54.717, 180, 405, 12.82, 44, 0x0000000000000000, Not Active, Not Active
2026/09/30 06:23:54.817, 180, 405, 12.82, 44, 0x0000000000000000, Not Active, Not Active
2026/09/30 06:23:54.917, 180, 405, 12.82, 44, 0x0000000000000000, Not Active, Not Active
2026/09/30 06:23:55.017, 180, 405, 12.82, 44, 0x0000000000000000, Not Active, Not Active
2026/09/30 06:23:55.117, 180, 405, 12.91, 44, 0x0000000000000000, Not Active, Not Active
2026/09/30 06:23:55.217, 180, 405, 12.91, 44, 0x0000000000000000, Not Active, Not Active
2026/09/30 06:23:55.318, 180, 405, 12.91, 44, 0x0000000000000000, Not Active, Not Active
2026/09/30 06:23:55.418, 180, 405, 12.91, 44, 0x0000000000000000, Not Active, Not Active
2026/09/30 06:23:55.518, 180, 405, 12.91, 44, 0x0000000000000000, Not Active, Not Active
2026/09/30 06:23:55.618, 180, 405, 12.91, 44, 0x0000000000000000, Not Active, Not Active
2026/09/30 06:23:55.718, 180, 405, 12.91, 44, 0x0000000000000000, Not Active, Not Active
2026/09/30 06:23:55.818, 180, 405, 12.91, 44, 0x0000000000000000, Not Active, Not Active
2026/09/30 06:23:55.918, 180, 405, 12.91, 44, 0x0000000000000000, Not Active, Not Active
2026/09/30 06:23:56.019, 180, 405, 12.91, 44, 0x0000000000000000, Not Active, Not Active
2026/09/30 06:23:56.119, 180, 405, 12.80, 44, 0x0000000000000000, Not Active, Not Active
2026/09/30 06:23:56.219, 180, 405, 12.80, 44, 0x0000000000000000, Not Active, Not Active
2026/09/30 06:23:56.319, 180, 405, 12.80, 44, 0x0000000000000000, Not Active, Not Active
2026/09/30 06:23:56.419, 180, 405, 12.80, 44, 0x0000000000000000, Not Active, Not Active
2026/09/30 06:23:56.519, 180, 405, 12.80, 44, 0x0000000000000000, Not Active, Not Active
2026/09/30 06:23:56.619, 180, 405, 12.80, 44, 0x0000000000000000, Not Active, Not Active
2026/09/30 06:23:56.719, 180, 405, 12.80, 44, 0x0000000000000000, Not Active, Not Active
2026/09/30 06:23:56.820, 180, 405, 12.80, 44, 0x0000000000000000, Not Active, Not Active
2026/09/30 06:23:56.920, 180, 405, 12.80, 44, 0x0000000000000000, Not Active, Not Active
2026/09/30 06:23:57.020, 180, 405, 12.80, 44, 0x0000000000000000, Not Active, Not Active
2026/09/30 06:23:57.120, 180, 405, 12.51, 44, 0x0000000000000000, Not Active, Not Active
2026/09/30 06:23:57.220, 180, 405, 12.51, 44, 0x0000000000000000, Not Active, Not Active
2026/09/30 06:23:57.320, 180, 405, 12.51, 44, 0x0000000000000000, Not Active, Not Active
2026/09/30 06:23:57.420, 180, 405, 12.51, 44, 0x0000000000000000, Not Active, Not Active
2026/09/30 06:23:57.520, 180, 405, 12.51, 44, 0x0000000000000000, Not Active, Not Active
2026/09/30 06:23:57.620, 180, 405, 12.51, 44, 0x0000000000000000, Not Active, Not Active
2026/09/30 06:23:57.721, 180, 405, 12.51, 44, 0x0000000000000000, Not Active, Not Active
2026/09/30 06:23:57.821, 180, 405, 12.51, 44, 0x0000000000000000, Not Active, Not Active
2026/09/30 06:23:57.921, 180, 405, 12.51, 44, 0x0000000000000000, Not Active, Not Active
2026/09/30 06:23:58.021, 180, 405, 12.51, 44, 0x0000000000000000, Not Active, Not Active
2026/09/30 06:23:58.121, 180, 405, 12.61, 44, 0x0000000000000000, Not Active, Not Active
2026/09/30 06:23:58.221, 180, 405, 12.61, 44, 0x0000000000000000, Not Active, Not Active
2026/09/30 06:23:58.321, 180, 405, 12.61, 44, 0x0000000000000000, Not Active, Not Active
2026/09/30 06:23:58.421, 180, 405, 12.61, 44, 0x0000000000000000, Not Active, Not Active
2026/09/30 06:23:58.521, 180, 405, 12.61, 44, 0x0000000000000000, Not Active, Not Active
2026/09/30 06:23:58.621, 180, 405, 12.61, 44, 0x0000000000000000, Not Active, Not Active
2026/09/30 06:23:58.722, 180, 405, 12.61, 44, 0x0000000000000000, Not Active, Not Active
2026/09/30 06:23:58.822, 180, 405, 12.61, 44, 0x0000000000000000, Not Active, Not Active
2026/09/30 06:23:58.922, 180, 405, 12.61, 44, 0x0000000000000000, Not Active, Not Active
2026/09/30 06:23:59.022, 180, 405, 12.61, 44, 0x0000000000000000, Not Active, Not Active
2026/09/30 06:23:59.122, 180, 405, 12.62, 44, 0x0000000000000000, Not Active, Not Active
2026/09/30 06:23:59.222, 180, 405, 12.62, 44, 0x0000000000000000, Not Active, Not Active
2026/09/30 06:23:59.322, 180, 405, 12.62, 44, 0x0000000000000000, Not Active, Not Active
2026/09/30 06:23:59.422, 180, 405, 12.62, 44, 0x0000000000000000, Not Active, Not Active
2026/09/30 06:23:59.522, 180, 405, 12.62, 44, 0x0000000000000000, Not Active, Not Active
2026/09/30 06:23:59.622, 2295, 13365, 22.49, 45, 0x0000000000000000, Not Active, Not Active
2026/09/30 06:23:59.723, 2295, 13365, 22.49, 45, 0x0000000000000000, Not Active, Not Active
2026/09/30 06:23:59.823, 2295, 13365, 22.49, 45, 0x0000000000000000, Not Active, Not Active
2026/09/30 06:23:59.923, 2295, 13365, 22.49, 45, 0x0000000000000000, Not Active, Not Active
2026/09/30 06:24:00.023, 2295, 13365, 22.49, 45, 0x0000000000000000, Not Active, Not Active
2026/09/30 06:24:00.123, 2610, 13365, 54.87, 45, 0x0000000000000000, Not Active, Not Active
2026/09/30 06:24:00.223, 2610, 13365, 54.87, 45, 0x0000000000000000, Not Active, Not Active
2026/09/30 06:24:00.323, 2610, 13365, 54.87, 45, 0x0000000000000000, Not Active, Not Active
2026/09/30 06:24:00.423, 2610, 13365, 54.87, 45, 0x0000000000000000, Not Active, Not Active
2026/09/30 06:24:00.524, 2610, 13365, 54.87, 45, 0x0000000000000000, Not Active, Not Active
2026/09/30 06:24:00.624, 2662, 13365, 90.94, 45, 0x0000000000000000, Not Active, Not Active
2026/09/30 06:24:00.724, 2662, 13365, 90.94, 45, 0x0000000000000000, Not Active, Not Active
2026/09/30 06:24:00.824, 2662, 13365, 90.94, 45, 0x0000000000000000, Not Active, Not Active
2026/09/30 06:24:00.924, 2662, 13365, 90.94, 45, 0x0000000000000000, Not Active, Not Active
2026/09/30 06:24:01.024, 2662, 13365, 90.94, 45, 0x0000000000000000, Not Active, Not Active
2026/09/30 06:24:01.124, 2677, 13365, 108.45, 46, 0x0000000000000000, Not Active, Not Active
2026/09/30 06:24:01.225, 2677, 13365, 108.45, 46, 0x0000000000000000, Not Active, Not Active
2026/09/30 06:24:01.325, 2677, 13365, 108.45, 46, 0x0000000000000000, Not Active, Not Active
2026/09/30 06:24:01.425, 2677, 13365, 108.45, 46, 0x0000000000000000, Not Active, Not Active
2026/09/30 06:24:01.525, 2677, 13365, 108.45, 46, 0x0000000000000000, Not Active, Not Active
2026/09/30 06:24:01.625, 2685, 13365, 120.37, 46, 0x0000000000000000, Not Active, Not Active
2026/09/30 06:24:01.725, 2685, 13365, 120.37, 46, 0x0000000000000000, Not Active, Not Active
2026/09/30 06:24:01.825, 2685, 13365, 120.37, 46, 0x0000000000000000, Not Active, Not Active
2026/09/30 06:24:01.926, 2685, 13365, 120.37, 46, 0x0000000000000000, Not Active, Not Active
2026/09/30 06:24:02.026, 2685, 13365, 120.37, 46, 0x0000000000000000, Not Active, Not Active
2026/09/30 06:24:02.126, 2685, 13365, 119.75, 46, 0x0000000000000000, Not Active, Not Active
2026/09/30 06:24:02.226, 2685, 13365, 119.75, 46, 0x0000000000000000, Not Active, Not Active
2026/09/30 06:24:02.326, 2685, 13365, 119.75, 46, 0x0000000000000000, Not Active, Not Active
2026/09/30 06:24:02.426, 2685, 13365, 119.75, 46, 0x0000000000000000, Not Active, Not Active
2026/09/30 06:24:02.526, 2685, 13365, 119.75, 46, 0x0000000000000000, Not Active, Not Active
2026/09/30 06:24:02.626, 2662, 13365, 118.23, 46, 0x0000000000000000, Not Active, Not Active
2026/09/30 06:24:02.727, 2662, 13365, 118.23, 46, 0x0000000000000000, Not Active, Not Active
2026/09/30 06:24:02.827, 2662, 13365, 118.23, 46, 0x0000000000000000, Not Active, Not Active
2026/09/30 06:24:02.928, 2662, 13365, 118.23, 46, 0x0000000000000000, Not Active, Not Active
2026/09/30 06:24:03.028, 2662, 13365, 118.23, 46, 0x0000000000000000, Not Active, Not Active
2026/09/30 06:24:03.128, 2662, 13365, 122.89, 47, 0x0000000000000000, Not Active, Not Active
2026/09/30 06:24:03.228, 2662, 13365, 122.89, 47, 0x0000000000000000, Not Active, Not Active
2026/09/30 06:24:03.329, 2662, 13365, 122.89, 47, 0x0000000000000000, Not Active, Not Active
2026/09/30 06:24:03.429, 2662, 13365, 122.89, 47, 0x0000000000000000, Not Active, Not Active
2026/09/30 06:24:03.530, 2662, 13365, 122.89, 47, 0x0000000000000000, Not Active, Not Active
2026/09/30 06:24:03.630, 2662, 13365, 126.57, 46, 0x0000000000000000, Not Active, Not Active
2026/09/30 06:24:03.730, 2662, 13365, 126.57, 46, 0x0000000000000000, Not Active, Not Active
2026/09/30 06:24:03.830, 2662, 13365, 126.57, 46, 0x0000000000000000, Not Active, Not Active
2026/09/30 06:24:03.930, 2662, 13365, 126.57, 46, 0x0000000000000000, Not Active, Not Active
2026/09/30 06:24:04.031, 2662, 13365, 126.57, 46, 0x0000000000000000, Not Active, Not Active
2026/09/30 06:24:04.131, 2662, 13365, 127.28, 47, 0x0000000000000000, Not Active, Not Active
2026/09/30 06:24:04.231, 2662, 13365, 127.28, 47, 0x0000000000000000, Not Active, Not Active
2026/09/30 06:24:04.331, 2662, 13365, 127.28, 47, 0x0000000000000000, Not Active, Not Active
2026/09/30 06:24:04.431, 2662, 13365, 127.28, 47, 0x0000000000000000, Not Active, Not Active
2026/09/30 06:24:04.531, 2662, 13365, 127.28, 47, 0x0000000000000000, Not Active, Not Active
2026/09/30 06:24:04.631, 2677, 13365, 128.62, 46, 0x0000000000000000, Not Active, Not Active
2026/09/30 06:24:04.731, 2677, 13365, 128.62, 46, 0x0000000000000000, Not Active, Not Active
2026/09/30 06:24:04.831, 2677, 13365, 128.62, 46, 0x0000000000000000, Not Active, Not Active
2026/09/30 06:24:04.932, 2677, 13365, 128.62, 46, 0x0000000000000000, Not Active, Not Active
2026/09/30 06:24:05.032, 2677, 13365, 128.62, 46, 0x0000000000000000, Not Active, Not Active
2026/09/30 06:24:05.132, 2685, 13365, 127.47, 47, 0x0000000000000000, Not Active, Not Active
2026/09/30 06:24:05.232, 2685, 13365, 127.47, 47, 0x0000000000000000, Not Active, Not Active
2026/09/30 06:24:05.332, 2685, 13365, 127.47, 47, 0x0000000000000000, Not Active, Not Active
2026/09/30 06:24:05.433, 2685, 13365, 127.47, 47, 0x0000000000000000, Not Active, Not Active
2026/09/30 06:24:05.533, 2685, 13365, 127.47, 47, 0x0000000000000000, Not Active, Not Active
2026/09/30 06:24:05.633, 2685, 13365, 125.59, 47, 0x0000000000000000, Not Active, Not Active
2026/09/30 06:24:05.733, 2685, 13365, 125.59, 47, 0x0000000000000000, Not Active, Not Active
2026/09/30 06:24:05.834, 2685, 13365, 125.59, 47, 0x0000000000000000, Not Active, Not Active
2026/09/30 06:24:05.934, 2685, 13365, 125.59, 47, 0x0000000000000000, Not Active, Not Active
2026/09/30 06:24:06.034, 2685, 13365, 125.59, 47, 0x0000000000000000, Not Active, Not Active
2026/09/30 06:24:06.134, 2662, 13365, 122.43, 47, 0x0000000000000000, Not Active, Not Active
2026/09/30 06:24:06.234, 2662, 13365, 122.43, 47, 0x0000000000000000, Not Active, Not Active
2026/09/30 06:24:06.335, 2662, 13365, 122.43, 47, 0x0000000000000000, Not Active, Not Active
2026/09/30 06:24:06.435, 2662, 13365, 122.43, 47, 0x0000000000000000, Not Active, Not Active
2026/09/30 06:24:06.535, 2662, 13365, 122.43, 47, 0x0000000000000000, Not Active, Not Active
2026/09/30 06:24:06.635, 2655, 13365, 123.29, 47, 0x0000000000000000, Not Active, Not Active
2026/09/30 06:24:06.736, 2655, 13365, 123.29, 47, 0x0000000000000000, Not Active, Not Active
2026/09/30 06:24:06.836, 2655, 13365, 123.29, 47, 0x0000000000000000, Not Active, Not Active
2026/09/30 06:24:06.936, 2655, 13365, 123.29, 47, 0x0000000000000000, Not Active, Not Active
2026/09/30 06:24:07.037, 2655, 13365, 123.29, 47, 0x0000000000000000, Not Active, Not Active
2026/09/30 06:24:07.137, 2662, 13365, 128.98, 47, 0x0000000000000000, Not Active, Not Active
2026/09/30 06:24:07.237, 2662, 13365, 128.98, 47, 0x0000000000000000, Not Active, Not Active
2026/09/30 06:24:07.337, 2662, 13365, 128.98, 47, 0x0000000000000000, Not Active, Not Active
2026/09/30 06:24:07.438, 2662, 13365, 128.98, 47, 0x0000000000000000, Not Active, Not Active
2026/09/30 06:24:07.538, 2662, 13365, 128.98, 47, 0x0000000000000000, Not Active, Not Active
2026/09/30 06:24:07.638, 2685, 13365, 136.42, 48, 0x0000000000000000, Not Active, Not Active
2026/09/30 06:24:07.739, 2685, 13365, 136.42, 48, 0x0000000000000000, Not Active, Not Active
2026/09/30 06:24:07.839, 2685, 13365, 136.42, 48, 0x0000000000000000, Not Active, Not Active
2026/09/30 06:24:07.939, 2685, 13365, 136.42, 48, 0x0000000000000000, Not Active, Not Active
2026/09/30 06:24:08.039, 2685, 13365, 136.42, 48, 0x0000000000000000, Not Active, Not Active
2026/09/30 06:24:08.139, 2670, 13365, 134.00, 47, 0x0000000000000000, Not Active, Not Active
2026/09/30 06:24:08.240, 2670, 13365, 134.00, 47, 0x0000000000000000, Not Active, Not Active
2026/09/30 06:24:08.340, 2670, 13365, 134.00, 47, 0x0000000000000000, Not Active, Not Active
2026/09/30 06:24:08.440, 2670, 13365, 134.00, 47, 0x0000000000000000, Not Active, Not Active
2026/09/30 06:24:08.540, 2670, 13365, 134.00, 47, 0x0000000000000000, Not Active, Not Active
2026/09/30 06:24:08.640, 2647, 13365, 132.57, 47, 0x0000000000000000, Not Active, Not Active
2026/09/30 06:24:08.740, 2647, 13365, 132.57, 47, 0x0000000000000000, Not Active, Not Active
2026/09/30 06:24:08.840, 2647, 13365, 132.57, 47, 0x0000000000000000, Not Active, Not Active
2026/09/30 06:24:08.940, 2647, 13365, 132.57, 47, 0x0000000000000000, Not Active, Not Active
2026/09/30 06:24:09.041, 2647, 13365, 132.57, 47, 0x0000000000000000, Not Active, Not Active
2026/09/30 06:24:09.141, 2647, 13365, 143.18, 47, 0x0000000000000000, Not Active, Not Active
2026/09/30 06:24:09.242, 2647, 13365, 143.18, 47, 0x0000000000000000, Not Active, Not Active
2026/09/30 06:24:09.342, 2647, 13365, 143.18, 47, 0x0000000000000000, Not Active, Not Active
2026/09/30 06:24:09.442, 2647, 13365, 143.18, 47, 0x0000000000000000, Not Active, Not Active
2026/09/30 06:24:09.543, 2647, 13365, 143.18, 47, 0x0000000000000000, Not Active, Not Active
2026/09/30 06:24:09.643, 2647, 13365, 146.82, 47, 0x0000000000000000, Not Active, Not Active
2026/09/30 06:24:09.744, 2647, 13365, 146.82, 47, 0x0000000000000000, Not Active, Not Active
2026/09/30 06:24:09.844, 2647, 13365, 146.82, 47, 0x0000000000000000, Not Active, Not Active
2026/09/30 06:24:09.944, 2647, 13365, 146.82, 47, 0x0000000000000000, Not Active, Not Active
2026/09/30 06:24:10.045, 2647, 13365, 146.82, 47, 0x0000000000000000, Not Active, Not Active
2026/09/30 06:24:10.145, 2647, 13365, 147.07, 47, 0x0000000000000000, Not Active, Not Active
2026/09/30 06:24:10.245, 2647, 13365, 147.07, 47, 0x0000000000000000, Not Active, Not Active
2026/09/30 06:24:10.345, 2647, 13365, 147.07, 47, 0x0000000000000000, Not Active, Not Active
2026/09/30 06:24:10.445, 2647, 13365, 147.07, 47, 0x0000000000000000, Not Active, Not Active
2026/09/30 06:24:10.546, 2647, 13365, 147.07, 47, 0x0000000000000000, Not Active, Not Active
2026/09/30 06:24:10.646, 2632, 13365, 144.64, 49, 0x0000000000000000, Not Active, Not Active
2026/09/30 06:24:10.746, 2632, 13365, 144.64, 49, 0x0000000000000000, Not Active, Not Active
2026/09/30 06:24:10.846, 2632, 13365, 144.64, 49, 0x0000000000000000, Not Active, Not Active
2026/09/30 06:24:10.947, 2632, 13365, 144.64, 49, 0x0000000000000000, Not Active, Not Active
2026/09/30 06:24:11.047, 2632, 13365, 144.64, 49, 0x0000000000000000, Not Active, Not Active
2026/09/30 06:24:11.147, 2632, 13365, 151.60, 48, 0x0000000000000000, Not Active, Not Active
2026/09/30 06:24:11.247, 2632, 13365, 151.60, 48, 0x0000000000000000, Not Active, Not Active
2026/09/30 06:24:11.347, 2632, 13365, 151.60, 48, 0x0000000000000000, Not Active, Not Active
2026/09/30 06:24:11.447, 2632, 13365, 151.60, 48, 0x0000000000000000, Not Active, Not Active
2026/09/30 06:24:11.548, 2632, 13365, 151.60, 48, 0x0000000000000000, Not Active, Not Active
2026/09/30 06:24:11.648, 2632, 13365, 161.09, 47, 0x0000000000000000, Not Active, Not Active
2026/09/30 06:24:11.748, 2632, 13365, 161.09, 47, 0x0000000000000000, Not Active, Not Active
2026/09/30 06:24:11.848, 2632, 13365, 161.09, 47, 0x0000000000000000, Not Active, Not Active
2026/09/30 06:24:11.948, 2632, 13365, 161.09, 47, 0x0000000000000000, Not Active, Not Active
2026/09/30 06:24:12.049, 2632, 13365, 161.09, 47, 0x0000000000000000, Not Active, Not Active
2026/09/30 06:24:12.149, 2640, 13365, 168.62, 50, 0x0000000000000000, Not Active, Not Active
2026/09/30 06:24:12.249, 2640, 13365, 168.62, 50, 0x0000000000000000, Not Active, Not Active
2026/09/30 06:24:12.349, 2640, 13365, 168.62, 50, 0x0000000000000000, Not Active, Not Active
2026/09/30 06:24:12.449, 2640, 13365, 168.62, 50, 0x0000000000000000, Not Active, Not Active
2026/09/30 06:24:12.549, 2640, 13365, 168.62, 50, 0x0000000000000000, Not Active, Not Active
2026/09/30 06:24:12.650, 2610, 13365, 142.87, 47, 0x0000000000000000, Not Active, Not Active
2026/09/30 06:24:12.750, 2610, 13365, 142.87, 47, 0x0000000000000000, Not Active, Not Active
2026/09/30 06:24:12.850, 2610, 13365, 142.87, 47, 0x0000000000000000, Not Active, Not Active
2026/09/30 06:24:12.950, 2610, 13365, 142.87, 47, 0x0000000000000000, Not Active, Not Active
2026/09/30 06:24:13.050, 2610, 13365, 142.87, 47, 0x0000000000000000, Not Active, Not Active
2026/09/30 06:24:13.150, 2595, 13365, 132.96, 52, 0x0000000000000000, Not Active, Not Active
2026/09/30 06:24:13.250, 2595, 13365, 132.96, 52, 0x0000000000000000, Not Active, Not Active
2026/09/30 06:24:13.350, 2595, 13365, 132.96, 52, 0x0000000000000000, Not Active, Not Active
2026/09/30 06:24:13.451, 2595, 13365, 132.96, 52, 0x0000000000000000, Not Active, Not Active
2026/09/30 06:24:13.551, 2595, 13365, 132.96, 52, 0x0000000000000000, Not Active, Not Active
2026/09/30 06:24:13.651, 2602, 13365, 179.02, 52, 0x0000000000000000, Not Active, Not Active
2026/09/30 06:24:13.751, 2602, 13365, 179.02, 52, 0x0000000000000000, Not Active, Not Active
2026/09/30 06:24:13.851, 2602, 13365, 179.02, 52, 0x0000000000000000, Not Active, Not Active
2026/09/30 06:24:13.951, 2602, 13365, 179.02, 52, 0x0000000000000000, Not Active, Not Active
2026/09/30 06:24:14.051, 2602, 13365, 202.05, 52, 0x0000000000000000, Not Active, Not Active
2026/09/30 06:24:14.152, 2602, 13365, 202.05, 50, 0x0000000000000000, Not Active, Not Active
2026/09/30 06:24:14.252, 2602, 13365, 202.05, 50, 0x0000000000000000, Not Active, Not Active
2026/09/30 06:24:14.352, 2602, 13365, 202.05, 50, 0x0000000000000000, Not Active, Not Active
2026/09/30 06:24:14.452, 2602, 13365, 202.05, 50, 0x0000000000000000, Not Active, Not Active
2026/09/30 06:24:14.552, 2587, 13365, 209.80, 50, 0x0000000000000000, Not Active, Not Active
2026/09/30 06:24:14.652, 2587, 13365, 209.80, 50, 0x0000000000000000, Not Active, Not Active
2026/09/30 06:24:14.752, 2587, 13365, 209.80, 50, 0x0000000000000000, Not Active, Not Active
2026/09/30 06:24:14.852, 2587, 13365, 209.80, 50, 0x0000000000000000, Not Active, Not Active
2026/09/30 06:24:14.953, 2587, 13365, 209.80, 50, 0x0000000000000000, Not Active, Not Active
2026/09/30 06:24:15.053, 2670, 13365, 188.99, 50, 0x0000000000000000, Not Active, Not Active
2026/09/30 06:24:15.153, 2670, 13365, 188.99, 49, 0x0000000000000000, Not Active, Not Active
2026/09/30 06:24:15.253, 2670, 13365, 188.99, 49, 0x0000000000000000, Not Active, Not Active
2026/09/30 06:24:15.353, 2670, 13365, 188.99, 49, 0x0000000000000000, Not Active, Not Active
2026/09/30 06:24:15.453, 2670, 13365, 188.99, 49, 0x0000000000000000, Not Active, Not Active
2026/09/30 06:24:15.553, 2677, 13365, 149.62, 49, 0x0000000000000000, Not Active, Not Active
2026/09/30 06:24:15.653, 2677, 13365, 149.62, 49, 0x0000000000000000, Not Active, Not Active
2026/09/30 06:24:15.754, 2677, 13365, 149.62, 49, 0x0000000000000000, Not Active, Not Active
2026/09/30 06:24:15.854, 2677, 13365, 149.62, 49, 0x0000000000000000, Not Active, Not Active
2026/09/30 06:24:15.954, 2677, 13365, 149.62, 49, 0x0000000000000000, Not Active, Not Active
2026/09/30 06:24:16.054, 2655, 13365, 124.21, 48, 0x0000000000000000, Not Active, Not Active
2026/09/30 06:24:16.154, 2655, 13365, 124.21, 48, 0x0000000000000000, Not Active, Not Active
2026/09/30 06:24:16.254, 2655, 13365, 124.21, 48, 0x0000000000000000, Not Active, Not Active
2026/09/30 06:24:16.354, 2655, 13365, 124.21, 48, 0x0000000000000000, Not Active, Not Active
2026/09/30 06:24:16.454, 2655, 13365, 124.21, 48, 0x0000000000000000, Not Active, Not Active
2026/09/30 06:24:16.555, 2647, 13365, 120.39, 49, 0x0000000000000000, Not Active, Not Active
2026/09/30 06:24:16.655, 2647, 13365, 120.39, 49, 0x0000000000000000, Not Active, Not Active
2026/09/30 06:24:16.755, 2647, 13365, 120.39, 49, 0x0000000000000000, Not Active, Not Active
2026/09/30 06:24:16.855, 2647, 13365, 120.39, 49, 0x0000000000000000, Not Active, Not Active
2026/09/30 06:24:16.955, 2647, 13365, 120.39, 49, 0x0000000000000000, Not Active, Not Active
2026/09/30 06:24:17.055, 2662, 13365, 118.22, 48, 0x0000000000000000, Not Active, Not Active
2026/09/30 06:24:17.155, 2662, 13365, 118.22, 48, 0x0000000000000000, Not Active, Not Active
2026/09/30 06:24:17.256, 2662, 13365, 118.22, 48, 0x0000000000000000, Not Active, Not Active
2026/09/30 06:24:17.356, 2662, 13365, 118.22, 48, 0x0000000000000000, Not Active, Not Active
2026/09/30 06:24:17.456, 2662, 13365, 118.22, 48, 0x0000000000000000, Not Active, Not Active
2026/09/30 06:24:17.556, 2700, 13365, 123.71, 48, 0x0000000000000000, Not Active, Not Active
2026/09/30 06:24:17.656, 2700, 13365, 123.71, 48, 0x0000000000000000, Not Active, Not Active
2026/09/30 06:24:17.756, 2700, 13365, 123.71, 48, 0x0000000000000000, Not Active, Not Active
2026/09/30 06:24:17.856, 2700, 13365, 123.71, 48, 0x0000000000000000, Not Active, Not Active
2026/09/30 06:24:17.956, 2700, 13365, 123.71, 48, 0x0000000000000000, Not Active, Not Active
2026/09/30 06:24:18.057, 2677, 13365, 128.40, 49, 0x0000000000000000, Not Active, Not Active
2026/09/30 06:24:18.157, 2677, 13365, 128.40, 49, 0x0000000000000000, Not Active, Not Active
2026/09/30 06:24:18.257, 2677, 13365, 128.40, 49, 0x0000000000000000, Not Active, Not Active
2026/09/30 06:24:18.357, 2677, 13365, 128.40, 49, 0x0000000000000000, Not Active, Not Active
2026/09/30 06:24:18.457, 2677, 13365, 128.40, 49, 0x0000000000000000, Not Active, Not Active
2026/09/30 06:24:18.557, 2692, 13365, 128.07, 49, 0x0000000000000000, Not Active, Not Active
2026/09/30 06:24:18.657, 2692, 13365, 128.07, 49, 0x0000000000000000, Not Active, Not Active
2026/09/30 06:24:18.757, 2692, 13365, 128.07, 49, 0x0000000000000000, Not Active, Not Active
2026/09/30 06:24:18.858, 2692, 13365, 128.07, 49, 0x0000000000000000, Not Active, Not Active
2026/09/30 06:24:18.958, 2692, 13365, 128.07, 49, 0x0000000000000000, Not Active, Not Active
2026/09/30 06:24:19.058, 2692, 13365, 125.91, 48, 0x0000000000000000, Not Active, Not Active
2026/09/30 06:24:19.158, 2692, 13365, 125.91, 48, 0x0000000000000000, Not Active, Not Active
2026/09/30 06:24:19.258, 2692, 13365, 125.91, 48, 0x0000000000000000, Not Active, Not Active
2026/09/30 06:24:19.359, 2692, 13365, 125.91, 48, 0x0000000000000000, Not Active, Not Active
2026/09/30 06:24:19.459, 2692, 13365, 125.91, 48, 0x0000000000000000, Not Active, Not Active
2026/09/30 06:24:19.559, 2677, 13365, 126.44, 49, 0x0000000000000000, Not Active, Not Active
2026/09/30 06:24:19.660, 2677, 13365, 126.44, 49, 0x0000000000000000, Not Active, Not Active
2026/09/30 06:24:19.760, 2677, 13365, 126.44, 49, 0x0000000000000000, Not Active, Not Active
2026/09/30 06:24:19.860, 2677, 13365, 126.44, 49, 0x0000000000000000, Not Active, Not Active
2026/09/30 06:24:19.961, 2677, 13365, 126.44, 49, 0x0000000000000000, Not Active, Not Active
2026/09/30 06:24:20.061, 2662, 13365, 129.52, 49, 0x0000000000000000, Not Active, Not Active
2026/09/30 06:24:20.161, 2662, 13365, 129.52, 49, 0x0000000000000000, Not Active, Not Active
2026/09/30 06:24:20.262, 2662, 13365, 129.52, 49, 0x0000000000000000, Not Active, Not Active
2026/09/30 06:24:20.362, 2662, 13365, 129.52, 49, 0x0000000000000000, Not Active, Not Active
2026/09/30 06:24:20.462, 2662, 13365, 129.52, 49, 0x0000000000000000, Not Active, Not Active
2026/09/30 06:24:20.562, 2647, 13365, 126.49, 48, 0x0000000000000000, Not Active, Not Active
2026/09/30 06:24:20.662, 2647, 13365, 126.49, 48, 0x0000000000000000, Not Active, Not Active
2026/09/30 06:24:20.762, 2647, 13365, 126.49, 48, 0x0000000000000000, Not Active, Not Active
2026/09/30 06:24:20.862, 2647, 13365, 126.49, 48, 0x0000000000000000, Not Active, Not Active
2026/09/30 06:24:20.962, 2647, 13365, 126.49, 48, 0x0000000000000000, Not Active, Not Active
2026/09/30 06:24:21.063, 2662, 13365, 125.39, 48, 0x0000000000000000, Not Active, Not Active
2026/09/30 06:24:21.163, 2662, 13365, 125.39, 48, 0x0000000000000000, Not Active, Not Active
2026/09/30 06:24:21.263, 2662, 13365, 125.39, 48, 0x0000000000000000, Not Active, Not Active
2026/09/30 06:24:21.363, 2662, 13365, 125.39, 48, 0x0000000000000000, Not Active, Not Active
2026/09/30 06:24:21.464, 2662, 13365, 125.39, 48, 0x0000000000000000, Not Active, Not Active
2026/09/30 06:24:21.564, 2685, 13365, 127.52, 49, 0x0000000000000000, Not Active, Not Active
2026/09/30 06:24:21.664, 2685, 13365, 127.52, 49, 0x0000000000000000, Not Active, Not Active
2026/09/30 06:24:21.765, 2685, 13365, 127.52, 49, 0x0000000000000000, Not Active, Not Active
2026/09/30 06:24:21.865, 2685, 13365, 127.52, 49, 0x0000000000000000, Not Active, Not Active
2026/09/30 06:24:21.965, 2685, 13365, 127.52, 49, 0x0000000000000000, Not Active, Not Active
2026/09/30 06:24:22.066, 2692, 13365, 127.28, 49, 0x0000000000000000, Not Active, Not Active
2026/09/30 06:24:22.166, 2692, 13365, 127.28, 49, 0x0000000000000000, Not Active, Not Active
2026/09/30 06:24:22.266, 2692, 13365, 127.28, 49, 0x0000000000000000, Not Active, Not Active
2026/09/30 06:24:22.366, 2692, 13365, 127.28, 49, 0x0000000000000000, Not Active, Not Active
2026/09/30 06:24:22.466, 2692, 13365, 127.28, 49, 0x0000000000000000, Not Active, Not Active
2026/09/30 06:24:22.566, 2662, 13365, 121.33, 48, 0x0000000000000000, Not Active, Not Active
2026/09/30 06:24:22.666, 2662, 13365, 121.33, 48, 0x0000000000000000, Not Active, Not Active
2026/09/30 06:24:22.767, 2662, 13365, 121.33, 48, 0x0000000000000000, Not Active, Not Active
2026/09/30 06:24:22.867, 2662, 13365, 121.33, 48, 0x0000000000000000, Not Active, Not Active
2026/09/30 06:24:22.967, 2662, 13365, 121.33, 48, 0x0000000000000000, Not Active, Not Active
2026/09/30 06:24:23.067, 2655, 13365, 120.89, 49, 0x0000000000000000, Not Active, Not Active
2026/09/30 06:24:23.167, 2655, 13365, 120.89, 49, 0x0000000000000000, Not Active, Not Active
2026/09/30 06:24:23.267, 2655, 13365, 120.89, 49, 0x0000000000000000, Not Active, Not Active
2026/09/30 06:24:23.367, 2655, 13365, 120.89, 49, 0x0000000000000000, Not Active, Not Active
2026/09/30 06:24:23.467, 2655, 13365, 120.89, 49, 0x0000000000000000, Not Active, Not Active
2026/09/30 06:24:23.568, 2662, 13365, 130.55, 48, 0x0000000000000000, Not Active, Not Active
2026/09/30 06:24:23.668, 2662, 13365, 130.55, 48, 0x0000000000000000, Not Active, Not Active
2026/09/30 06:24:23.768, 2662, 13365, 130.55, 48, 0x0000000000000000, Not Active, Not Active
2026/09/30 06:24:23.868, 2662, 13365, 130.55, 48, 0x0000000000000000, Not Active, Not Active
2026/09/30 06:24:23.968, 2662, 13365, 130.55, 48, 0x0000000000000000, Not Active, Not Active
2026/09/30 06:24:24.068, 2685, 13365, 136.34, 49, 0x0000000000000000, Not Active, Not Active
2026/09/30 06:24:24.168, 2685, 13365, 136.34, 49, 0x0000000000000000, Not Active, Not Active
2026/09/30 06:24:24.269, 2685, 13365, 136.34, 49, 0x0000000000000000, Not Active, Not Active
2026/09/30 06:24:24.369, 2685, 13365, 136.34, 49, 0x0000000000000000, Not Active, Not Active
2026/09/30 06:24:24.469, 2685, 13365, 136.34, 49, 0x0000000000000000, Not Active, Not Active
2026/09/30 06:24:24.569, 2685, 13365, 134.11, 49, 0x0000000000000000, Not Active, Not Active
2026/09/30 06:24:24.669, 2685, 13365, 134.11, 49, 0x0000000000000000, Not Active, Not Active
2026/09/30 06:24:24.769, 2685, 13365, 134.11, 49, 0x0000000000000000, Not Active, Not Active
2026/09/30 06:24:24.869, 2685, 13365, 134.11, 49, 0x0000000000000000, Not Active, Not Active
2026/09/30 06:24:24.969, 2685, 13365, 134.11, 49, 0x0000000000000000, Not Active, Not Active
2026/09/30 06:24:25.070, 2655, 13365, 120.89, 49, 0x0000000000000000, Not Active, Not Active
2026/09/30 06:24:25.170, 2655, 13365, 120.89, 49, 0x0000000000000000, Not Active, Not Active
2026/09/30 06:24:25.270, 2655, 13365, 120.89, 49, 0x0000000000000000, Not Active, Not Active
2026/09/30 06:24:25.370, 2655, 13365, 120.89, 49, 0x0000000000000000, Not Active, Not Active
2026/09/30 06:24:25.470, 2655, 13365, 120.89, 49, 0x0000000000000000, Not Active, Not Active
2026/09/30 06:24:25.570, 2685, 13365, 132.17, 49, 0x0000000000000000, Not Active, Not Active
2026/09/30 06:24:25.670, 2685, 13365, 132.17, 49, 0x0000000000000000, Not Active, Not Active
2026/09/30 06:24:25.771, 2685, 13365, 132.17, 49, 0x0000000000000000, Not Active, Not Active
2026/09/30 06:24:25.871, 2685, 13365, 132.17, 49, 0x0000000000000000, Not Active, Not Active
2026/09/30 06:24:25.971, 2685, 13365, 132.17, 49, 0x0000000000000000, Not Active, Not Active
2026/09/30 06:24:26.071, 2677, 13365, 148.25, 50, 0x0000000000000000, Not Active, Not Active
2026/09/30 06:24:26.171, 2677, 13365, 148.25, 50, 0x0000000000000000, Not Active, Not Active
2026/09/30 06:24:26.272, 2677, 13365, 148.25, 50, 0x0000000000000000, Not Active, Not Active
2026/09/30 06:24:26.372, 2677, 13365, 148.25, 50, 0x0000000000000000, Not Active, Not Active
2026/09/30 06:24:26.472, 2677, 13365, 148.25, 50, 0x0000000000000000, Not Active, Not Active
2026/09/30 06:24:26.572, 2677, 13365, 144.26, 50, 0x0000000000000000, Not Active, Not Active
2026/09/30 06:24:26.672, 2677, 13365, 144.26, 50, 0x0000000000000000, Not Active, Not Active
2026/09/30 06:24:26.773, 2677, 13365, 144.26, 50, 0x0000000000000000, Not Active, Not Active
2026/09/30 06:24:26.873, 2677, 13365, 144.26, 50, 0x0000000000000000, Not Active, Not Active
2026/09/30 06:24:26.973, 2677, 13365, 144.26, 50, 0x0000000000000000, Not Active, Not Active
2026/09/30 06:24:27.073, 2610, 13365, 121.90, 48, 0x0000000000000000, Not Active, Not Active
2026/09/30 06:24:27.174, 2610, 13365, 121.90, 48, 0x0000000000000000, Not Active, Not Active
2026/09/30 06:24:27.274, 2610, 13365, 121.90, 48, 0x0000000000000000, Not Active, Not Active
2026/09/30 06:24:27.374, 2610, 13365, 121.90, 48, 0x0000000000000000, Not Active, Not Active
2026/09/30 06:24:27.474, 2610, 13365, 121.90, 48, 0x0000000000000000, Not Active, Not Active
2026/09/30 06:24:27.574, 2647, 13365, 126.85, 50, 0x0000000000000000, Not Active, Not Active
2026/09/30 06:24:27.674, 2647, 13365, 126.85, 50, 0x0000000000000000, Not Active, Not Active
2026/09/30 06:24:27.774, 2647, 13365, 126.85, 50, 0x0000000000000000, Not Active, Not Active
2026/09/30 06:24:27.875, 2647, 13365, 126.85, 50, 0x0000000000000000, Not Active, Not Active
2026/09/30 06:24:27.975, 2647, 13365, 126.85, 50, 0x0000000000000000, Not Active, Not Active
2026/09/30 06:24:28.075, 2632, 13365, 157.43, 52, 0x0000000000000000, Not Active, Not Active
2026/09/30 06:24:28.175, 2632, 13365, 157.43, 52, 0x0000000000000000, Not Active, Not Active
2026/09/30 06:24:28.275, 2632, 13365, 157.43, 52, 0x0000000000000000, Not Active, Not Active
2026/09/30 06:24:28.375, 2632, 13365, 157.43, 52, 0x0000000000000000, Not Active, Not Active
2026/09/30 06:24:28.475, 2632, 13365, 157.43, 52, 0x0000000000000000, Not Active, Not Active
2026/09/30 06:24:28.575, 2632, 13365, 166.91, 50, 0x0000000000000000, Not Active, Not Active
2026/09/30 06:24:28.676, 2632, 13365, 166.91, 50, 0x0000000000000000, Not Active, Not Active
2026/09/30 06:24:28.776, 2632, 13365, 166.91, 50, 0x0000000000000000, Not Active, Not Active
2026/09/30 06:24:28.876, 2632, 13365, 166.91, 50, 0x0000000000000000, Not Active, Not Active
2026/09/30 06:24:28.976, 2632, 13365, 166.91, 50, 0x0000000000000000, Not Active, Not Active
2026/09/30 06:24:29.076, 2640, 13365, 166.63, 49, 0x0000000000000000, Not Active, Not Active
2026/09/30 06:24:29.176, 2640, 13365, 166.63, 49, 0x0000000000000000, Not Active, Not Active
2026/09/30 06:24:29.276, 2640, 13365, 166.63, 49, 0x0000000000000000, Not Active, Not Active
2026/09/30 06:24:29.376, 2640, 13365, 166.63, 49, 0x0000000000000000, Not Active, Not Active
2026/09/30 06:24:29.477, 2640, 13365, 166.63, 49, 0x0000000000000000, Not Active, Not Active
2026/09/30 06:24:29.577, 2685, 13365, 156.55, 50, 0x0000000000000000, Not Active, Not Active
2026/09/30 06:24:29.677, 2685, 13365, 156.55, 50, 0x0000000000000000, Not Active, Not Active
2026/09/30 06:24:29.777, 2685, 13365, 156.55, 50, 0x0000000000000000, Not Active, Not Active
2026/09/30 06:24:29.877, 2685, 13365, 156.55, 50, 0x0000000000000000, Not Active, Not Active
2026/09/30 06:24:29.977, 2685, 13365, 156.55, 50, 0x0000000000000000, Not Active, Not Active
2026/09/30 06:24:30.077, 2692, 13365, 134.68, 49, 0x0000000000000000, Not Active, Not Active
2026/09/30 06:24:30.178, 2692, 13365, 134.68, 49, 0x0000000000000000, Not Active, Not Active
2026/09/30 06:24:30.278, 2692, 13365, 134.68, 49, 0x0000000000000000, Not Active, Not Active
2026/09/30 06:24:30.378, 2692, 13365, 134.68, 49, 0x0000000000000000, Not Active, Not Active
2026/09/30 06:24:30.478, 2692, 13365, 134.68, 49, 0x0000000000000000, Not Active, Not Active
2026/09/30 06:24:30.578, 2692, 13365, 124.46, 50, 0x0000000000000000, Not Active, Not Active
2026/09/30 06:24:30.678, 2692, 13365, 124.46, 50, 0x0000000000000000, Not Active, Not Active
2026/09/30 06:24:30.778, 2692, 13365, 124.46, 50, 0x0000000000000000, Not Active, Not Active
2026/09/30 06:24:30.878, 2692, 13365, 124.46, 50, 0x0000000000000000, Not Active, Not Active
2026/09/30 06:24:30.979, 2692, 13365, 124.46, 50, 0x0000000000000000, Not Active, Not Active
2026/09/30 06:24:31.079, 2685, 13365, 122.79, 49, 0x0000000000000000, Not Active, Not Active
2026/09/30 06:24:31.179, 2685, 13365, 122.79, 49, 0x0000000000000000, Not Active, Not Active
2026/09/30 06:24:31.279, 2685, 13365, 122.79, 49, 0x0000000000000000, Not Active, Not Active
2026/09/30 06:24:31.379, 2685, 13365, 122.79, 49, 0x0000000000000000, Not Active, Not Active
2026/09/30 06:24:31.479, 2685, 13365, 122.79, 49, 0x0000000000000000, Not Active, Not Active
2026/09/30 06:24:31.579, 2662, 13365, 121.34, 49, 0x0000000000000000, Not Active, Not Active
2026/09/30 06:24:31.679, 2662, 13365, 121.34, 49, 0x0000000000000000, Not Active, Not Active
2026/09/30 06:24:31.780, 2662, 13365, 121.34, 49, 0x0000000000000000, Not Active, Not Active
2026/09/30 06:24:31.880, 2662, 13365, 121.34, 49, 0x0000000000000000, Not Active, Not Active
2026/09/30 06:24:31.980, 2662, 13365, 121.34, 49, 0x0000000000000000, Not Active, Not Active
2026/09/30 06:24:32.080, 2662, 13365, 126.06, 49, 0x0000000000000000, Not Active, Not Active
2026/09/30 06:24:32.180, 2662, 13365, 126.06, 49, 0x0000000000000000, Not Active, Not Active
2026/09/30 06:24:32.280, 2662, 13365, 126.06, 49, 0x0000000000000000, Not Active, Not Active
2026/09/30 06:24:32.380, 2662, 13365, 126.06, 49, 0x0000000000000000, Not Active, Not Active
2026/09/30 06:24:32.480, 2662, 13365, 126.06, 49, 0x0000000000000000, Not Active, Not Active
2026/09/30 06:24:32.581, 2662, 13365, 128.38, 50, 0x0000000000000000, Not Active, Not Active
2026/09/30 06:24:32.681, 2662, 13365, 128.38, 50, 0x0000000000000000, Not Active, Not Active
2026/09/30 06:24:32.781, 2662, 13365, 128.38, 50, 0x0000000000000000, Not Active, Not Active
2026/09/30 06:24:32.881, 2662, 13365, 128.38, 50, 0x0000000000000000, Not Active, Not Active
2026/09/30 06:24:32.981, 2662, 13365, 128.38, 50, 0x0000000000000000, Not Active, Not Active
2026/09/30 06:24:33.081, 2647, 13365, 126.29, 49, 0x0000000000000000, Not Active, Not Active
2026/09/30 06:24:33.181, 2647, 13365, 126.29, 49, 0x0000000000000000, Not Active, Not Active
2026/09/30 06:24:33.281, 2647, 13365, 126.29, 49, 0x0000000000000000, Not Active, Not Active
2026/09/30 06:24:33.382, 2647, 13365, 126.29, 49, 0x0000000000000000, Not Active, Not Active
2026/09/30 06:24:33.482, 2647, 13365, 126.29, 49, 0x0000000000000000, Not Active, Not Active
2026/09/30 06:24:33.582, 2662, 13365, 126.35, 49, 0x0000000000000000, Not Active, Not Active
2026/09/30 06:24:33.682, 2662, 13365, 126.35, 49, 0x0000000000000000, Not Active, Not Active
2026/09/30 06:24:33.782, 2662, 13365, 126.35, 49, 0x0000000000000000, Not Active, Not Active
2026/09/30 06:24:33.882, 2662, 13365, 126.35, 49, 0x0000000000000000, Not Active, Not Active
2026/09/30 06:24:33.982, 2662, 13365, 126.35, 49, 0x0000000000000000, Not Active, Not Active
2026/09/30 06:24:34.083, 2692, 13365, 133.62, 49, 0x0000000000000000, Not Active, Not Active
2026/09/30 06:24:34.183, 2692, 13365, 133.62, 49, 0x0000000000000000, Not Active, Not Active
2026/09/30 06:24:34.283, 2692, 13365, 133.62, 49, 0x0000000000000000, Not Active, Not Active
2026/09/30 06:24:34.383, 2692, 13365, 133.62, 49, 0x0000000000000000, Not Active, Not Active
2026/09/30 06:24:34.483, 2692, 13365, 133.62, 49, 0x0000000000000000, Not Active, Not Active
2026/09/30 06:24:34.583, 2692, 13365, 134.87, 49, 0x0000000000000000, Not Active, Not Active
2026/09/30 06:24:34.683, 2692, 13365, 134.87, 49, 0x0000000000000000, Not Active, Not Active
2026/09/30 06:24:34.783, 2692, 13365, 134.87, 49, 0x0000000000000000, Not Active, Not Active
2026/09/30 06:24:34.884, 2692, 13365, 134.87, 49, 0x0000000000000000, Not Active, Not Active
2026/09/30 06:24:34.984, 2692, 13365, 134.87, 49, 0x0000000000000000, Not Active, Not Active
2026/09/30 06:24:35.084, 2692, 13365, 127.27, 50, 0x0000000000000000, Not Active, Not Active
2026/09/30 06:24:35.184, 2692, 13365, 127.27, 50, 0x0000000000000000, Not Active, Not Active
2026/09/30 06:24:35.285, 2692, 13365, 127.27, 50, 0x0000000000000000, Not Active, Not Active
2026/09/30 06:24:35.385, 2692, 13365, 127.27, 50, 0x0000000000000000, Not Active, Not Active
2026/09/30 06:24:35.485, 2692, 13365, 127.27, 50, 0x0000000000000000, Not Active, Not Active
2026/09/30 06:24:35.585, 2685, 13365, 130.10, 50, 0x0000000000000000, Not Active, Not Active
2026/09/30 06:24:35.685, 2685, 13365, 130.10, 50, 0x0000000000000000, Not Active, Not Active
2026/09/30 06:24:35.786, 2685, 13365, 130.10, 50, 0x0000000000000000, Not Active, Not Active
2026/09/30 06:24:35.886, 2685, 13365, 130.10, 50, 0x0000000000000000, Not Active, Not Active
2026/09/30 06:24:35.986, 2685, 13365, 130.10, 50, 0x0000000000000000, Not Active, Not Active
2026/09/30 06:24:36.086, 2677, 13365, 132.19, 50, 0x0000000000000000, Not Active, Not Active
2026/09/30 06:24:36.186, 2677, 13365, 132.19, 50, 0x0000000000000000, Not Active, Not Active
2026/09/30 06:24:36.286, 2677, 13365, 132.19, 50, 0x0000000000000000, Not Active, Not Active
2026/09/30 06:24:36.386, 2677, 13365, 132.19, 50, 0x0000000000000000, Not Active, Not Active
2026/09/30 06:24:36.487, 2677, 13365, 132.19, 50, 0x0000000000000000, Not Active, Not Active
2026/09/30 06:24:36.587, 2647, 13365, 125.88, 49, 0x0000000000000000, Not Active, Not Active
2026/09/30 06:24:36.687, 2647, 13365, 125.88, 49, 0x0000000000000000, Not Active, Not Active
2026/09/30 06:24:36.787, 2647, 13365, 125.88, 49, 0x0000000000000000, Not Active, Not Active
2026/09/30 06:24:36.887, 2647, 13365, 125.88, 49, 0x0000000000000000, Not Active, Not Active
2026/09/30 06:24:36.987, 2647, 13365, 125.88, 49, 0x0000000000000000, Not Active, Not Active
2026/09/30 06:24:37.087, 2685, 13365, 124.29, 49, 0x0000000000000000, Not Active, Not Active
2026/09/30 06:24:37.187, 2685, 13365, 124.29, 49, 0x0000000000000000, Not Active, Not Active
2026/09/30 06:24:37.288, 2685, 13365, 124.29, 49, 0x0000000000000000, Not Active, Not Active
2026/09/30 06:24:37.388, 2685, 13365, 124.29, 49, 0x0000000000000000, Not Active, Not Active
2026/09/30 06:24:37.488, 2685, 13365, 124.29, 49, 0x0000000000000000, Not Active, Not Active
2026/09/30 06:24:37.589, 2685, 13365, 132.65, 51, 0x0000000000000000, Not Active, Not Active
2026/09/30 06:24:37.689, 2685, 13365, 132.65, 51, 0x0000000000000000, Not Active, Not Active
2026/09/30 06:24:37.790, 2685, 13365, 132.65, 51, 0x0000000000000000, Not Active, Not Active
2026/09/30 06:24:37.890, 2685, 13365, 132.65, 51, 0x0000000000000000, Not Active, Not Active
2026/09/30 06:24:37.990, 2685, 13365, 132.65, 51, 0x0000000000000000, Not Active, Not Active
2026/09/30 06:24:38.091, 2685, 13365, 135.22, 50, 0x0000000000000000, Not Active, Not Active
2026/09/30 06:24:38.191, 2685, 13365, 135.22, 50, 0x0000000000000000, Not Active, Not Active
2026/09/30 06:24:38.291, 2685, 13365, 135.22, 50, 0x0000000000000000, Not Active, Not Active
2026/09/30 06:24:38.391, 2685, 13365, 135.22, 50, 0x0000000000000000, Not Active, Not Active
2026/09/30 06:24:38.491, 2685, 13365, 135.22, 50, 0x0000000000000000, Not Active, Not Active
2026/09/30 06:24:38.592, 2670, 13365, 132.44, 50, 0x0000000000000000, Not Active, Not Active
2026/09/30 06:24:38.692, 2670, 13365, 132.44, 50, 0x0000000000000000, Not Active, Not Active
2026/09/30 06:24:38.792, 2670, 13365, 132.44, 50, 0x0000000000000000, Not Active, Not Active
2026/09/30 06:24:38.893, 2670, 13365, 132.44, 50, 0x0000000000000000, Not Active, Not Active
2026/09/30 06:24:38.993, 2670, 13365, 132.44, 50, 0x0000000000000000, Not Active, Not Active
2026/09/30 06:24:39.093, 2677, 13365, 127.71, 50, 0x0000000000000000, Not Active, Not Active
2026/09/30 06:24:39.193, 2677, 13365, 127.71, 50, 0x0000000000000000, Not Active, Not Active
2026/09/30 06:24:39.293, 2677, 13365, 127.71, 50, 0x0000000000000000, Not Active, Not Active
2026/09/30 06:24:39.393, 2677, 13365, 127.71, 50, 0x0000000000000000, Not Active, Not Active
2026/09/30 06:24:39.493, 2677, 13365, 127.71, 50, 0x0000000000000000, Not Active, Not Active
2026/09/30 06:24:39.593, 2677, 13365, 137.41, 51, 0x0000000000000000, Not Active, Not Active
2026/09/30 06:24:39.694, 2677, 13365, 137.41, 51, 0x0000000000000000, Not Active, Not Active
2026/09/30 06:24:39.794, 2677, 13365, 137.41, 51, 0x0000000000000000, Not Active, Not Active
2026/09/30 06:24:39.894, 2677, 13365, 137.41, 51, 0x0000000000000000, Not Active, Not Active
2026/09/30 06:24:39.994, 2677, 13365, 137.41, 51, 0x0000000000000000, Not Active, Not Active
2026/09/30 06:24:40.094, 2685, 13365, 148.46, 50, 0x0000000000000000, Not Active, Not Active
2026/09/30 06:24:40.194, 2685, 13365, 148.46, 50, 0x0000000000000000, Not Active, Not Active
2026/09/30 06:24:40.294, 2685, 13365, 148.46, 50, 0x0000000000000000, Not Active, Not Active
2026/09/30 06:24:40.395, 2685, 13365, 148.46, 50, 0x0000000000000000, Not Active, Not Active
2026/09/30 06:24:40.495, 2685, 13365, 148.46, 50, 0x0000000000000000, Not Active, Not Active
2026/09/30 06:24:40.595, 2677, 13365, 146.83, 50, 0x0000000000000000, Not Active, Not Active
2026/09/30 06:24:40.695, 2677, 13365, 146.83, 50, 0x0000000000000000, Not Active, Not Active
2026/09/30 06:24:40.795, 2677, 13365, 146.83, 50, 0x0000000000000000, Not Active, Not Active
2026/09/30 06:24:40.895, 2677, 13365, 146.83, 50, 0x0000000000000000, Not Active, Not Active
2026/09/30 06:24:40.995, 2677, 13365, 146.83, 50, 0x0000000000000000, Not Active, Not Active
2026/09/30 06:24:41.096, 2610, 13365, 124.79, 49, 0x0000000000000000, Not Active, Not Active
2026/09/30 06:24:41.196, 2610, 13365, 124.79, 49, 0x0000000000000000, Not Active, Not Active
2026/09/30 06:24:41.296, 2610, 13365, 124.79, 49, 0x0000000000000000, Not Active, Not Active
2026/09/30 06:24:41.396, 2610, 13365, 124.79, 49, 0x0000000000000000, Not Active, Not Active
2026/09/30 06:24:41.496, 2610, 13365, 124.79, 49, 0x0000000000000000, Not Active, Not Active
2026/09/30 06:24:41.596, 2640, 13365, 126.45, 51, 0x0000000000000000, Not Active, Not Active
2026/09/30 06:24:41.696, 2640, 13365, 126.45, 51, 0x0000000000000000, Not Active, Not Active
2026/09/30 06:24:41.797, 2640, 13365, 126.45, 51, 0x0000000000000000, Not Active, Not Active
2026/09/30 06:24:41.897, 2640, 13365, 126.45, 51, 0x0000000000000000, Not Active, Not Active
2026/09/30 06:24:41.997, 2640, 13365, 126.45, 51, 0x0000000000000000, Not Active, Not Active
2026/09/30 06:24:42.097, 2640, 13365, 159.18, 51, 0x0000000000000000, Not Active, Not Active
2026/09/30 06:24:42.197, 2640, 13365, 159.18, 51, 0x0000000000000000, Not Active, Not Active
2026/09/30 06:24:42.297, 2640, 13365, 159.18, 51, 0x0000000000000000, Not Active, Not Active
2026/09/30 06:24:42.397, 2640, 13365, 159.18, 51, 0x0000000000000000, Not Active, Not Active
2026/09/30 06:24:42.497, 2640, 13365, 159.18, 51, 0x0000000000000000, Not Active, Not Active
2026/09/30 06:24:42.598, 2640, 13365, 168.53, 50, 0x0000000000000000, Not Active, Not Active
2026/09/30 06:24:42.698, 2640, 13365, 168.53, 50, 0x0000000000000000, Not Active, Not Active
2026/09/30 06:24:42.798, 2640, 13365, 168.53, 50, 0x0000000000000000, Not Active, Not Active
2026/09/30 06:24:42.898, 2640, 13365, 168.53, 50, 0x0000000000000000, Not Active, Not Active
2026/09/30 06:24:42.998, 2640, 13365, 168.53, 50, 0x0000000000000000, Not Active, Not Active
2026/09/30 06:24:43.098, 2640, 13365, 176.68, 52, 0x0000000000000000, Not Active, Not Active
2026/09/30 06:24:43.198, 2640, 13365, 176.68, 52, 0x0000000000000000, Not Active, Not Active
2026/09/30 06:24:43.299, 2640, 13365, 176.68, 52, 0x0000000000000000, Not Active, Not Active
2026/09/30 06:24:43.399, 2640, 13365, 176.68, 52, 0x0000000000000000, Not Active, Not Active
2026/09/30 06:24:43.499, 2640, 13365, 176.68, 52, 0x0000000000000000, Not Active, Not Active
2026/09/30 06:24:43.599, 2685, 13365, 149.80, 50, 0x0000000000000000, Not Active, Not Active
2026/09/30 06:24:43.699, 2685, 13365, 149.80, 50, 0x0000000000000000, Not Active, Not Active
2026/09/30 06:24:43.799, 2685, 13365, 149.80, 50, 0x0000000000000000, Not Active, Not Active
2026/09/30 06:24:43.899, 2685, 13365, 149.80, 50, 0x0000000000000000, Not Active, Not Active
2026/09/30 06:24:43.999, 2685, 13365, 149.80, 50, 0x0000000000000000, Not Active, Not Active
2026/09/30 06:24:44.100, 2677, 13365, 126.71, 50, 0x0000000000000000, Not Active, Not Active
2026/09/30 06:24:44.200, 2677, 13365, 126.71, 50, 0x0000000000000000, Not Active, Not Active
2026/09/30 06:24:44.300, 2677, 13365, 126.71, 50, 0x0000000000000000, Not Active, Not Active
2026/09/30 06:24:44.400, 2677, 13365, 126.71, 50, 0x0000000000000000, Not Active, Not Active
2026/09/30 06:24:44.500, 2677, 13365, 126.71, 50, 0x0000000000000000, Not Active, Not Active
2026/09/30 06:24:44.600, 2647, 13365, 123.26, 51, 0x0000000000000000, Not Active, Not Active
2026/09/30 06:24:44.700, 2647, 13365, 123.26, 51, 0x0000000000000000, Not Active, Not Active
2026/09/30 06:24:44.801, 2647, 13365, 123.26, 51, 0x0000000000000000, Not Active, Not Active
2026/09/30 06:24:44.901, 2647, 13365, 123.26, 51, 0x0000000000000000, Not Active, Not Active
2026/09/30 06:24:45.001, 2647, 13365, 123.26, 51, 0x0000000000000000, Not Active, Not Active
2026/09/30 06:24:45.101, 2662, 13365, 125.57, 50, 0x0000000000000000, Not Active, Not Active
2026/09/30 06:24:45.201, 2662, 13365, 125.57, 50, 0x0000000000000000, Not Active, Not Active
2026/09/30 06:24:45.301, 2662, 13365, 125.57, 50, 0x0000000000000000, Not Active, Not Active
2026/09/30 06:24:45.401, 2662, 13365, 125.57, 50, 0x0000000000000000, Not Active, Not Active
2026/09/30 06:24:45.502, 2662, 13365, 125.57, 50, 0x0000000000000000, Not Active, Not Active
2026/09/30 06:24:45.602, 2677, 13365, 127.21, 50, 0x0000000000000000, Not Active, Not Active
2026/09/30 06:24:45.702, 2677, 13365, 127.21, 50, 0x0000000000000000, Not Active, Not Active
2026/09/30 06:24:45.802, 2677, 13365, 127.21, 50, 0x0000000000000000, Not Active, Not Active
2026/09/30 06:24:45.902, 2677, 13365, 127.21, 50, 0x0000000000000000, Not Active, Not Active
2026/09/30 06:24:46.002, 2677, 13365, 127.21, 50, 0x0000000000000000, Not Active, Not Active
2026/09/30 06:24:46.102, 2692, 13365, 133.53, 50, 0x0000000000000000, Not Active, Not Active
2026/09/30 06:24:46.203, 2692, 13365, 133.53, 50, 0x0000000000000000, Not Active, Not Active
2026/09/30 06:24:46.303, 2692, 13365, 133.53, 50, 0x0000000000000000, Not Active, Not Active
2026/09/30 06:24:46.403, 2692, 13365, 133.53, 50, 0x0000000000000000, Not Active, Not Active
2026/09/30 06:24:46.503, 2692, 13365, 133.53, 50, 0x0000000000000000, Not Active, Not Active
2026/09/30 06:24:46.603, 2685, 13365, 136.21, 51, 0x0000000000000000, Not Active, Not Active
2026/09/30 06:24:46.703, 2685, 13365, 136.21, 51, 0x0000000000000000, Not Active, Not Active
2026/09/30 06:24:46.803, 2685, 13365, 136.21, 51, 0x0000000000000000, Not Active, Not Active
2026/09/30 06:24:46.904, 2685, 13365, 136.21, 51, 0x0000000000000000, Not Active, Not Active
2026/09/30 06:24:47.004, 2685, 13365, 136.21, 51, 0x0000000000000000, Not Active, Not Active
2026/09/30 06:24:47.104, 2670, 13365, 130.18, 51, 0x0000000000000000, Not Active, Not Active
2026/09/30 06:24:47.204, 2670, 13365, 130.18, 51, 0x0000000000000000, Not Active, Not Active
2026/09/30 06:24:47.304, 2670, 13365, 130.18, 51, 0x0000000000000000, Not Active, Not Active
2026/09/30 06:24:47.404, 2670, 13365, 130.18, 51, 0x0000000000000000, Not Active, Not Active
2026/09/30 06:24:47.504, 2670, 13365, 130.18, 51, 0x0000000000000000, Not Active, Not Active
2026/09/30 06:24:47.604, 2692, 13365, 129.13, 50, 0x0000000000000000, Not Active, Not Active
2026/09/30 06:24:47.705, 2692, 13365, 129.13, 50, 0x0000000000000000, Not Active, Not Active
2026/09/30 06:24:47.805, 2692, 13365, 129.13, 50, 0x0000000000000000, Not Active, Not Active
2026/09/30 06:24:47.905, 2692, 13365, 129.13, 50, 0x0000000000000000, Not Active, Not Active
2026/09/30 06:24:48.005, 2692, 13365, 129.13, 50, 0x0000000000000000, Not Active, Not Active
2026/09/30 06:24:48.105, 2685, 13365, 134.37, 51, 0x0000000000000000, Not Active, Not Active
2026/09/30 06:24:48.205, 2685, 13365, 134.37, 51, 0x0000000000000000, Not Active, Not Active
2026/09/30 06:24:48.305, 2685, 13365, 134.37, 51, 0x0000000000000000, Not Active, Not Active
2026/09/30 06:24:48.405, 2685, 13365, 134.37, 51, 0x0000000000000000, Not Active, Not Active
2026/09/30 06:24:48.505, 2685, 13365, 134.37, 51, 0x0000000000000000, Not Active, Not Active
2026/09/30 06:24:48.606, 2677, 13365, 135.40, 51, 0x0000000000000000, Not Active, Not Active
2026/09/30 06:24:48.706, 2677, 13365, 135.40, 51, 0x0000000000000000, Not Active, Not Active
2026/09/30 06:24:48.806, 2677, 13365, 135.40, 51, 0x0000000000000000, Not Active, Not Active
2026/09/30 06:24:48.906, 2677, 13365, 135.40, 51, 0x0000000000000000, Not Active, Not Active
2026/09/30 06:24:49.006, 2677, 13365, 135.40, 51, 0x0000000000000000, Not Active, Not Active
2026/09/30 06:24:49.107, 2662, 13365, 132.93, 51, 0x0000000000000000, Not Active, Not Active
2026/09/30 06:24:49.207, 2662, 13365, 132.93, 51, 0x0000000000000000, Not Active, Not Active
2026/09/30 06:24:49.307, 2662, 13365, 132.93, 51, 0x0000000000000000, Not Active, Not Active
2026/09/30 06:24:49.407, 2662, 13365, 132.93, 51, 0x0000000000000000, Not Active, Not Active
2026/09/30 06:24:49.507, 2662, 13365, 132.93, 51, 0x0000000000000000, Not Active, Not Active
2026/09/30 06:24:49.607, 2662, 13365, 133.43, 51, 0x0000000000000000, Not Active, Not Active
2026/09/30 06:24:49.707, 2662, 13365, 133.43, 51, 0x0000000000000000, Not Active, Not Active
2026/09/30 06:24:49.807, 2662, 13365, 133.43, 51, 0x0000000000000000, Not Active, Not Active
2026/09/30 06:24:49.907, 2662, 13365, 133.43, 51, 0x0000000000000000, Not Active, Not Active
2026/09/30 06:24:50.008, 2662, 13365, 133.43, 51, 0x0000000000000000, Not Active, Not Active
2026/09/30 06:24:50.108, 2662, 13365, 139.69, 50, 0x0000000000000000, Not Active, Not Active
2026/09/30 06:24:50.208, 2662, 13365, 139.69, 50, 0x0000000000000000, Not Active, Not Active
2026/09/30 06:24:50.308, 2662, 13365, 139.69, 50, 0x0000000000000000, Not Active, Not Active
2026/09/30 06:24:50.408, 2662, 13365, 139.69, 50, 0x0000000000000000, Not Active, Not Active
2026/09/30 06:24:50.508, 2662, 13365, 139.69, 50, 0x0000000000000000, Not Active, Not Active
2026/09/30 06:24:50.608, 2662, 13365, 138.60, 50, 0x0000000000000000, Not Active, Not Active
2026/09/30 06:24:50.708, 2662, 13365, 138.60, 50, 0x0000000000000000, Not Active, Not Active
2026/09/30 06:24:50.808, 2662, 13365, 138.60, 50, 0x0000000000000000, Not Active, Not Active
2026/09/30 06:24:50.908, 2662, 13365, 138.60, 50, 0x0000000000000000, Not Active, Not Active
2026/09/30 06:24:51.009, 2662, 13365, 138.60, 50, 0x0000000000000000, Not Active, Not Active
2026/09/30 06:24:51.109, 2655, 13365, 140.64, 51, 0x0000000000000000, Not Active, Not Active
2026/09/30 06:24:51.209, 2655, 13365, 140.64, 51, 0x0000000000000000, Not Active, Not Active
2026/09/30 06:24:51.309, 2655, 13365, 140.64, 51, 0x0000000000000000, Not Active, Not Active
2026/09/30 06:24:51.409, 2655, 13365, 140.64, 51, 0x0000000000000000, Not Active, Not Active
2026/09/30 06:24:51.509, 2655, 13365, 140.64, 51, 0x0000000000000000, Not Active, Not Active
2026/09/30 06:24:51.609, 2655, 13365, 143.97, 52, 0x0000000000000000, Not Active, Not Active
2026/09/30 06:24:51.709, 2655, 13365, 143.97, 52, 0x0000000000000000, Not Active, Not Active
2026/09/30 06:24:51.809, 2655, 13365, 143.97, 52, 0x0000000000000000, Not Active, Not Active
2026/09/30 06:24:51.910, 2655, 13365, 143.97, 52, 0x0000000000000000, Not Active, Not Active
2026/09/30 06:24:52.010, 2655, 13365, 143.97, 52, 0x0000000000000000, Not Active, Not Active
2026/09/30 06:24:52.110, 2647, 13365, 143.79, 51, 0x0000000000000000, Not Active, Not Active
2026/09/30 06:24:52.210, 2647, 13365, 143.79, 51, 0x0000000000000000, Not Active, Not Active
2026/09/30 06:24:52.310, 2647, 13365, 143.79, 51, 0x0000000000000000, Not Active, Not Active
2026/09/30 06:24:52.411, 2647, 13365, 143.79, 51, 0x0000000000000000, Not Active, Not Active
2026/09/30 06:24:52.511, 2647, 13365, 143.79, 51, 0x0000000000000000, Not Active, Not Active
2026/09/30 06:24:52.612, 2640, 13365, 146.72, 51, 0x0000000000000000, Not Active, Not Active
2026/09/30 06:24:52.712, 2640, 13365, 146.72, 51, 0x0000000000000000, Not Active, Not Active
2026/09/30 06:24:52.812, 2640, 13365, 146.72, 51, 0x0000000000000000, Not Active, Not Active
2026/09/30 06:24:52.912, 2640, 13365, 146.72, 51, 0x0000000000000000, Not Active, Not Active
2026/09/30 06:24:53.012, 2640, 13365, 146.72, 51, 0x0000000000000000, Not Active, Not Active
2026/09/30 06:24:53.113, 2625, 13365, 134.19, 51, 0x0000000000000000, Not Active, Not Active
2026/09/30 06:24:53.213, 2625, 13365, 134.19, 51, 0x0000000000000000, Not Active, Not Active
2026/09/30 06:24:53.313, 2625, 13365, 134.19, 51, 0x0000000000000000, Not Active, Not Active
2026/09/30 06:24:53.413, 2625, 13365, 134.19, 51, 0x0000000000000000, Not Active, Not Active
2026/09/30 06:24:53.513, 2625, 13365, 134.19, 51, 0x0000000000000000, Not Active, Not Active
2026/09/30 06:24:53.613, 2632, 13365, 140.20, 51, 0x0000000000000000, Not Active, Not Active
2026/09/30 06:24:53.713, 2632, 13365, 140.20, 51, 0x0000000000000000, Not Active, Not Active
2026/09/30 06:24:53.813, 2632, 13365, 140.20, 51, 0x0000000000000000, Not Active, Not Active
2026/09/30 06:24:53.914, 2632, 13365, 140.20, 51, 0x0000000000000000, Not Active, Not Active
2026/09/30 06:24:54.014, 2632, 13365, 140.20, 51, 0x0000000000000000, Not Active, Not Active
2026/09/30 06:24:54.114, 2640, 13365, 166.52, 51, 0x0000000000000000, Not Active, Not Active
2026/09/30 06:24:54.214, 2640, 13365, 166.52, 51, 0x0000000000000000, Not Active, Not Active
2026/09/30 06:24:54.314, 2640, 13365, 166.52, 51, 0x0000000000000000, Not Active, Not Active
2026/09/30 06:24:54.414, 2640, 13365, 166.52, 51, 0x0000000000000000, Not Active, Not Active
2026/09/30 06:24:54.514, 2640, 13365, 166.52, 51, 0x0000000000000000, Not Active, Not Active
2026/09/30 06:24:54.614, 2647, 13365, 176.91, 54, 0x0000000000000000, Not Active, Not Active
2026/09/30 06:24:54.715, 2647, 13365, 176.91, 54, 0x0000000000000000, Not Active, Not Active
2026/09/30 06:24:54.815, 2647, 13365, 176.91, 54, 0x0000000000000000, Not Active, Not Active
2026/09/30 06:24:54.915, 2647, 13365, 176.91, 54, 0x0000000000000000, Not Active, Not Active
2026/09/30 06:24:55.015, 2647, 13365, 176.91, 54, 0x0000000000000000, Not Active, Not Active
2026/09/30 06:24:55.115, 2625, 13365, 157.78, 51, 0x0000000000000000, Not Active, Not Active
2026/09/30 06:24:55.215, 2625, 13365, 157.78, 51, 0x0000000000000000, Not Active, Not Active
2026/09/30 06:24:55.315, 2625, 13365, 157.78, 51, 0x0000000000000000, Not Active, Not Active
2026/09/30 06:24:55.415, 2625, 13365, 157.78, 51, 0x0000000000000000, Not Active, Not Active
2026/09/30 06:24:55.516, 2625, 13365, 157.78, 51, 0x0000000000000000, Not Active, Not Active
2026/09/30 06:24:55.616, 2602, 13365, 120.66, 52, 0x0000000000000000, Not Active, Not Active
2026/09/30 06:24:55.716, 2602, 13365, 120.66, 52, 0x0000000000000000, Not Active, Not Active
2026/09/30 06:24:55.816, 2602, 13365, 120.66, 52, 0x0000000000000000, Not Active, Not Active
2026/09/30 06:24:55.916, 2602, 13365, 120.66, 52, 0x0000000000000000, Not Active, Not Active
2026/09/30 06:24:56.016, 2602, 13365, 120.66, 52, 0x0000000000000000, Not Active, Not Active
2026/09/30 06:24:56.116, 2602, 13365, 143.46, 52, 0x0000000000000000, Not Active, Not Active
2026/09/30 06:24:56.217, 2602, 13365, 143.46, 52, 0x0000000000000000, Not Active, Not Active
2026/09/30 06:24:56.317, 2602, 13365, 143.46, 52, 0x0000000000000000, Not Active, Not Active
2026/09/30 06:24:56.417, 2602, 13365, 143.46, 52, 0x0000000000000000, Not Active, Not Active
2026/09/30 06:24:56.517, 2602, 13365, 143.46, 52, 0x0000000000000000, Not Active, Not Active
2026/09/30 06:24:56.617, 2595, 13365, 194.43, 54, 0x0000000000000000, Not Active, Not Active
2026/09/30 06:24:56.717, 2595, 13365, 194.43, 54, 0x0000000000000000, Not Active, Not Active
2026/09/30 06:24:56.817, 2595, 13365, 194.43, 54, 0x0000000000000000, Not Active, Not Active
2026/09/30 06:24:56.917, 2595, 13365, 194.43, 54, 0x0000000000000000, Not Active, Not Active
2026/09/30 06:24:57.017, 2595, 13365, 194.43, 54, 0x0000000000000000, Not Active, Not Active
2026/09/30 06:24:57.118, 2595, 13365, 194.29, 54, 0x0000000000000000, Not Active, Not Active
2026/09/30 06:24:57.218, 2595, 13365, 194.29, 54, 0x0000000000000000, Not Active, Not Active
2026/09/30 06:24:57.318, 2595, 13365, 194.29, 54, 0x0000000000000000, Not Active, Not Active
2026/09/30 06:24:57.418, 2595, 13365, 194.29, 54, 0x0000000000000000, Not Active, Not Active
2026/09/30 06:24:57.518, 2595, 13365, 194.29, 54, 0x0000000000000000, Not Active, Not Active
2026/09/30 06:24:57.618, 2602, 13365, 186.81, 55, 0x0000000000000000, Not Active, Not Active
2026/09/30 06:24:57.718, 2602, 13365, 186.81, 55, 0x0000000000000000, Not Active, Not Active
2026/09/30 06:24:57.818, 2602, 13365, 186.81, 55, 0x0000000000000000, Not Active, Not Active
2026/09/30 06:24:57.919, 2602, 13365, 186.81, 55, 0x0000000000000000, Not Active, Not Active
2026/09/30 06:24:58.019, 2602, 13365, 186.81, 55, 0x0000000000000000, Not Active, Not Active
2026/09/30 06:24:58.120, 2677, 13365, 187.23, 53, 0x0000000000000000, Not Active, Not Active
2026/09/30 06:24:58.220, 2677, 13365, 187.23, 53, 0x0000000000000000, Not Active, Not Active
2026/09/30 06:24:58.321, 2677, 13365, 187.23, 53, 0x0000000000000000, Not Active, Not Active
2026/09/30 06:24:58.421, 2677, 13365, 187.23, 53, 0x0000000000000000, Not Active, Not Active
2026/09/30 06:24:58.521, 2677, 13365, 187.23, 53, 0x0000000000000000, Not Active, Not Active
2026/09/30 06:24:58.622, 2692, 13365, 164.46, 52, 0x0000000000000000, Not Active, Not Active
2026/09/30 06:24:58.722, 2692, 13365, 164.46, 52, 0x0000000000000000, Not Active, Not Active
2026/09/30 06:24:58.823, 2692, 13365, 164.46, 52, 0x0000000000000000, Not Active, Not Active
2026/09/30 06:24:58.923, 2692, 13365, 164.46, 52, 0x0000000000000000, Not Active, Not Active
2026/09/30 06:24:59.023, 2692, 13365, 164.46, 52, 0x0000000000000000, Not Active, Not Active
2026/09/30 06:24:59.123, 2685, 13365, 131.26, 52, 0x0000000000000000, Not Active, Not Active
2026/09/30 06:24:59.223, 2685, 13365, 131.26, 52, 0x0000000000000000, Not Active, Not Active
2026/09/30 06:24:59.324, 2685, 13365, 131.26, 52, 0x0000000000000000, Not Active, Not Active
2026/09/30 06:24:59.424, 2685, 13365, 131.26, 52, 0x0000000000000000, Not Active, Not Active
2026/09/30 06:24:59.525, 2685, 13365, 131.26, 52, 0x0000000000000000, Not Active, Not Active
2026/09/30 06:24:59.625, 2692, 13365, 132.34, 51, 0x0000000000000000, Not Active, Not Active
2026/09/30 06:24:59.725, 2692, 13365, 132.34, 51, 0x0000000000000000, Not Active, Not Active
2026/09/30 06:24:59.825, 2692, 13365, 132.34, 51, 0x0000000000000000, Not Active, Not Active
2026/09/30 06:24:59.925, 2692, 13365, 132.34, 51, 0x0000000000000000, Not Active, Not Active
2026/09/30 06:25:00.025, 2692, 13365, 132.34, 51, 0x0000000000000000, Not Active, Not Active
2026/09/30 06:25:00.125, 2662, 13365, 130.86, 53, 0x0000000000000000, Not Active, Not Active
2026/09/30 06:25:00.225, 2662, 13365, 130.86, 53, 0x0000000000000000, Not Active, Not Active
2026/09/30 06:25:00.326, 2662, 13365, 130.86, 53, 0x0000000000000000, Not Active, Not Active
2026/09/30 06:25:00.426, 2662, 13365, 130.86, 53, 0x0000000000000000, Not Active, Not Active
2026/09/30 06:25:00.526, 2662, 13365, 130.86, 53, 0x0000000000000000, Not Active, Not Active
2026/09/30 06:25:00.626, 2655, 13365, 134.07, 51, 0x0000000000000000, Not Active, Not Active
2026/09/30 06:25:00.726, 2655, 13365, 134.07, 51, 0x0000000000000000, Not Active, Not Active
2026/09/30 06:25:00.826, 2655, 13365, 134.07, 51, 0x0000000000000000, Not Active, Not Active
2026/09/30 06:25:00.927, 2655, 13365, 134.07, 51, 0x0000000000000000, Not Active, Not Active
2026/09/30 06:25:01.027, 2655, 13365, 134.07, 51, 0x0000000000000000, Not Active, Not Active
2026/09/30 06:25:01.128, 2655, 13365, 137.39, 53, 0x0000000000000000, Not Active, Not Active
2026/09/30 06:25:01.228, 2655, 13365, 137.39, 53, 0x0000000000000000, Not Active, Not Active
2026/09/30 06:25:01.329, 2655, 13365, 137.39, 53, 0x0000000000000000, Not Active, Not Active
2026/09/30 06:25:01.429, 2655, 13365, 137.39, 53, 0x0000000000000000, Not Active, Not Active
2026/09/30 06:25:01.529, 2655, 13365, 137.39, 53, 0x0000000000000000, Not Active, Not Active
2026/09/30 06:25:01.629, 2655, 13365, 138.82, 51, 0x0000000000000000, Not Active, Not Active
2026/09/30 06:25:01.730, 2655, 13365, 138.82, 51, 0x0000000000000000, Not Active, Not Active
2026/09/30 06:25:01.830, 2655, 13365, 138.82, 51, 0x0000000000000000, Not Active, Not Active
2026/09/30 06:25:01.930, 2655, 13365, 138.82, 51, 0x0000000000000000, Not Active, Not Active
2026/09/30 06:25:02.030, 2655, 13365, 138.82, 51, 0x0000000000000000, Not Active, Not Active
2026/09/30 06:25:02.130, 2655, 13365, 139.99, 51, 0x0000000000000000, Not Active, Not Active
2026/09/30 06:25:02.230, 2655, 13365, 139.99, 51, 0x0000000000000000, Not Active, Not Active
2026/09/30 06:25:02.330, 2655, 13365, 139.99, 51, 0x0000000000000000, Not Active, Not Active
2026/09/30 06:25:02.430, 2655, 13365, 139.99, 51, 0x0000000000000000, Not Active, Not Active
2026/09/30 06:25:02.530, 2655, 13365, 139.99, 51, 0x0000000000000000, Not Active, Not Active
2026/09/30 06:25:02.631, 2662, 13365, 147.27, 52, 0x0000000000000000, Not Active, Not Active
2026/09/30 06:25:02.731, 2662, 13365, 147.27, 52, 0x0000000000000000, Not Active, Not Active
2026/09/30 06:25:02.831, 2662, 13365, 147.27, 52, 0x0000000000000000, Not Active, Not Active
2026/09/30 06:25:02.931, 2662, 13365, 147.27, 52, 0x0000000000000000, Not Active, Not Active
2026/09/30 06:25:03.031, 2662, 13365, 147.27, 52, 0x0000000000000000, Not Active, Not Active
2026/09/30 06:25:03.131, 2662, 13365, 147.86, 52, 0x0000000000000000, Not Active, Not Active
2026/09/30 06:25:03.231, 2662, 13365, 147.86, 52, 0x0000000000000000, Not Active, Not Active
2026/09/30 06:25:03.331, 2662, 13365, 147.86, 52, 0x0000000000000000, Not Active, Not Active
2026/09/30 06:25:03.431, 2662, 13365, 147.86, 52, 0x0000000000000000, Not Active, Not Active
2026/09/30 06:25:03.532, 2662, 13365, 147.86, 52, 0x0000000000000000, Not Active, Not Active
2026/09/30 06:25:03.632, 2655, 13365, 140.49, 51, 0x0000000000000000, Not Active, Not Active
2026/09/30 06:25:03.732, 2655, 13365, 140.49, 51, 0x0000000000000000, Not Active, Not Active
2026/09/30 06:25:03.832, 2655, 13365, 140.49, 51, 0x0000000000000000, Not Active, Not Active
2026/09/30 06:25:03.932, 2655, 13365, 140.49, 51, 0x0000000000000000, Not Active, Not Active
2026/09/30 06:25:04.032, 2655, 13365, 140.49, 51, 0x0000000000000000, Not Active, Not Active
2026/09/30 06:25:04.132, 2625, 13365, 148.87, 54, 0x0000000000000000, Not Active, Not Active
2026/09/30 06:25:04.232, 2625, 13365, 148.87, 54, 0x0000000000000000, Not Active, Not Active
2026/09/30 06:25:04.333, 2625, 13365, 148.87, 54, 0x0000000000000000, Not Active, Not Active
2026/09/30 06:25:04.433, 2625, 13365, 148.87, 54, 0x0000000000000000, Not Active, Not Active
2026/09/30 06:25:04.533, 2625, 13365, 148.87, 54, 0x0000000000000000, Not Active, Not Active
2026/09/30 06:25:04.633, 2632, 13365, 158.06, 52, 0x0000000000000000, Not Active, Not Active
2026/09/30 06:25:04.733, 2632, 13365, 158.06, 52, 0x0000000000000000, Not Active, Not Active
2026/09/30 06:25:04.833, 2632, 13365, 158.06, 52, 0x0000000000000000, Not Active, Not Active
2026/09/30 06:25:04.933, 2632, 13365, 158.06, 52, 0x0000000000000000, Not Active, Not Active
2026/09/30 06:25:05.033, 2632, 13365, 158.06, 52, 0x0000000000000000, Not Active, Not Active
2026/09/30 06:25:05.134, 2640, 13365, 163.35, 52, 0x0000000000000000, Not Active, Not Active
2026/09/30 06:25:05.234, 2640, 13365, 163.35, 52, 0x0000000000000000, Not Active, Not Active
2026/09/30 06:25:05.334, 2640, 13365, 163.35, 52, 0x0000000000000000, Not Active, Not Active
2026/09/30 06:25:05.434, 2640, 13365, 163.35, 52, 0x0000000000000000, Not Active, Not Active
2026/09/30 06:25:05.534, 2640, 13365, 163.35, 52, 0x0000000000000000, Not Active, Not Active
2026/09/30 06:25:05.634, 2632, 13365, 157.50, 52, 0x0000000000000000, Not Active, Not Active
2026/09/30 06:25:05.734, 2632, 13365, 157.50, 52, 0x0000000000000000, Not Active, Not Active
2026/09/30 06:25:05.834, 2632, 13365, 157.50, 52, 0x0000000000000000, Not Active, Not Active
2026/09/30 06:25:05.935, 2632, 13365, 157.50, 52, 0x0000000000000000, Not Active, Not Active
2026/09/30 06:25:06.035, 2632, 13365, 157.50, 52, 0x0000000000000000, Not Active, Not Active
2026/09/30 06:25:06.135, 2610, 13365, 162.07, 54, 0x0000000000000000, Not Active, Not Active
2026/09/30 06:25:06.235, 2610, 13365, 162.07, 54, 0x0000000000000000, Not Active, Not Active
2026/09/30 06:25:06.335, 2610, 13365, 162.07, 54, 0x0000000000000000, Not Active, Not Active
2026/09/30 06:25:06.436, 2610, 13365, 162.07, 54, 0x0000000000000000, Not Active, Not Active
2026/09/30 06:25:06.536, 2610, 13365, 162.07, 54, 0x0000000000000000, Not Active, Not Active
2026/09/30 06:25:06.637, 2610, 13365, 180.33, 52, 0x0000000000000000, Not Active, Not Active
2026/09/30 06:25:06.737, 2610, 13365, 180.33, 52, 0x0000000000000000, Not Active, Not Active
2026/09/30 06:25:06.837, 2610, 13365, 180.33, 52, 0x0000000000000000, Not Active, Not Active
2026/09/30 06:25:06.937, 2610, 13365, 180.33, 52, 0x0000000000000000, Not Active, Not Active
2026/09/30 06:25:07.037, 2610, 13365, 180.33, 52, 0x0000000000000000, Not Active, Not Active
2026/09/30 06:25:07.137, 2610, 13365, 185.22, 53, 0x0000000000000000, Not Active, Not Active
2026/09/30 06:25:07.237, 2610, 13365, 185.22, 53, 0x0000000000000000, Not Active, Not Active
2026/09/30 06:25:07.337, 2610, 13365, 185.22, 53, 0x0000000000000000, Not Active, Not Active
2026/09/30 06:25:07.438, 2610, 13365, 185.22, 53, 0x0000000000000000, Not Active, Not Active
2026/09/30 06:25:07.538, 2610, 13365, 185.22, 53, 0x0000000000000000, Not Active, Not Active
2026/09/30 06:25:07.638, 2610, 13365, 184.86, 53, 0x0000000000000000, Not Active, Not Active
2026/09/30 06:25:07.738, 2610, 13365, 184.86, 53, 0x0000000000000000, Not Active, Not Active
2026/09/30 06:25:07.838, 2610, 13365, 184.86, 53, 0x0000000000000000, Not Active, Not Active
2026/09/30 06:25:07.938, 2610, 13365, 184.86, 53, 0x0000000000000000, Not Active, Not Active
2026/09/30 06:25:08.038, 2610, 13365, 184.86, 53, 0x0000000000000000, Not Active, Not Active
2026/09/30 06:25:08.139, 2610, 13365, 147.30, 51, 0x0000000000000000, Not Active, Not Active
2026/09/30 06:25:08.239, 2610, 13365, 147.30, 51, 0x0000000000000000, Not Active, Not Active
2026/09/30 06:25:08.339, 2610, 13365, 147.30, 51, 0x0000000000000000, Not Active, Not Active
2026/09/30 06:25:08.439, 2610, 13365, 147.30, 51, 0x0000000000000000, Not Active, Not Active
2026/09/30 06:25:08.539, 2610, 13365, 147.30, 51, 0x0000000000000000, Not Active, Not Active
2026/09/30 06:25:08.639, 2557, 13365, 175.27, 54, 0x0000000000000000, Not Active, Not Active
2026/09/30 06:25:08.739, 2557, 13365, 175.27, 54, 0x0000000000000000, Not Active, Not Active
2026/09/30 06:25:08.839, 2557, 13365, 175.27, 54, 0x0000000000000000, Not Active, Not Active
2026/09/30 06:25:08.940, 2557, 13365, 175.27, 54, 0x0000000000000000, Not Active, Not Active
2026/09/30 06:25:09.040, 2557, 13365, 175.27, 54, 0x0000000000000000, Not Active, Not Active
2026/09/30 06:25:09.140, 2580, 13365, 223.08, 54, 0x0000000000000000, Not Active, Not Active
2026/09/30 06:25:09.240, 2580, 13365, 223.08, 54, 0x0000000000000000, Not Active, Not Active
2026/09/30 06:25:09.341, 2580, 13365, 223.08, 54, 0x0000000000000000, Not Active, Not Active
2026/09/30 06:25:09.441, 2580, 13365, 223.08, 54, 0x0000000000000000, Not Active, Not Active
2026/09/30 06:25:09.541, 2580, 13365, 223.08, 54, 0x0000000000000000, Not Active, Not Active
2026/09/30 06:25:09.641, 2557, 13365, 219.43, 54, 0x0000000000000000, Not Active, Not Active
2026/09/30 06:25:09.742, 2557, 13365, 219.43, 54, 0x0000000000000000, Not Active, Not Active
2026/09/30 06:25:09.842, 2557, 13365, 219.43, 54, 0x0000000000000000, Not Active, Not Active
2026/09/30 06:25:09.943, 2557, 13365, 219.43, 54, 0x0000000000000000, Not Active, Not Active
2026/09/30 06:25:10.043, 2557, 13365, 219.43, 54, 0x0000000000000000, Not Active, Not Active
2026/09/30 06:25:10.143, 2550, 13365, 230.93, 56, 0x0000000000000000, Not Active, Not Active
2026/09/30 06:25:10.244, 2550, 13365, 230.93, 56, 0x0000000000000000, Not Active, Not Active
2026/09/30 06:25:10.344, 2550, 13365, 230.93, 56, 0x0000000000000000, Not Active, Not Active
2026/09/30 06:25:10.445, 2550, 13365, 230.93, 56, 0x0000000000000000, Not Active, Not Active
2026/09/30 06:25:10.545, 2550, 13365, 230.93, 56, 0x0000000000000000, Not Active, Not Active
2026/09/30 06:25:10.646, 2580, 13365, 205.96, 53, 0x0000000000000000, Not Active, Not Active
2026/09/30 06:25:10.746, 2580, 13365, 205.96, 53, 0x0000000000000000, Not Active, Not Active
2026/09/30 06:25:10.847, 2580, 13365, 205.96, 53, 0x0000000000000000, Not Active, Not Active
2026/09/30 06:25:10.947, 2580, 13365, 205.96, 53, 0x0000000000000000, Not Active, Not Active
2026/09/30 06:25:11.047, 2580, 13365, 205.96, 53, 0x0000000000000000, Not Active, Not Active
2026/09/30 06:25:11.147, 2542, 13365, 175.21, 56, 0x0000000000000000, Not Active, Not Active
2026/09/30 06:25:11.248, 2542, 13365, 175.21, 56, 0x0000000000000000, Not Active, Not Active
2026/09/30 06:25:11.348, 2542, 13365, 175.21, 56, 0x0000000000000000, Not Active, Not Active
2026/09/30 06:25:11.448, 2542, 13365, 175.21, 56, 0x0000000000000000, Not Active, Not Active
2026/09/30 06:25:11.549, 2542, 13365, 175.21, 56, 0x0000000000000000, Not Active, Not Active
2026/09/30 06:25:11.649, 2557, 13365, 240.94, 56, 0x0000000000000000, Not Active, Not Active
2026/09/30 06:25:11.750, 2557, 13365, 240.94, 56, 0x0000000000000000, Not Active, Not Active
2026/09/30 06:25:11.850, 2557, 13365, 240.94, 56, 0x0000000000000000, Not Active, Not Active
2026/09/30 06:25:11.950, 2557, 13365, 240.94, 56, 0x0000000000000000, Not Active, Not Active
2026/09/30 06:25:12.051, 2557, 13365, 240.94, 56, 0x0000000000000000, Not Active, Not Active
2026/09/30 06:25:12.151, 2557, 13365, 317.32, 57, 0x0000000000000000, Not Active, Not Active
2026/09/30 06:25:12.251, 2557, 13365, 317.32, 57, 0x0000000000000000, Not Active, Not Active
2026/09/30 06:25:12.351, 2557, 13365, 317.32, 57, 0x0000000000000000, Not Active, Not Active
2026/09/30 06:25:12.452, 2557, 13365, 317.32, 57, 0x0000000000000000, Not Active, Not Active
2026/09/30 06:25:12.552, 2557, 13365, 317.32, 57, 0x0000000000000000, Not Active, Not Active
2026/09/30 06:25:12.652, 2670, 13365, 302.82, 58, 0x0000000000000000, Not Active, Not Active
2026/09/30 06:25:12.752, 2670, 13365, 302.82, 58, 0x0000000000000000, Not Active, Not Active
2026/09/30 06:25:12.853, 2670, 13365, 302.82, 58, 0x0000000000000000, Not Active, Not Active
2026/09/30 06:25:12.954, 2670, 13365, 302.82, 58, 0x0000000000000000, Not Active, Not Active
2026/09/30 06:25:13.054, 2670, 13365, 302.82, 58, 0x0000000000000000, Not Active, Not Active
2026/09/30 06:25:13.154, 2557, 13365, 319.25, 59, 0x0000000000000000, Not Active, Not Active
2026/09/30 06:25:13.255, 2557, 13365, 319.25, 59, 0x0000000000000000, Not Active, Not Active
2026/09/30 06:25:13.355, 2557, 13365, 319.25, 59, 0x0000000000000000, Not Active, Not Active
2026/09/30 06:25:13.455, 2557, 13365, 319.25, 59, 0x0000000000000000, Not Active, Not Active
2026/09/30 06:25:13.555, 2557, 13365, 319.25, 59, 0x0000000000000000, Not Active, Not Active
2026/09/30 06:25:13.655, 2595, 13365, 300.37, 56, 0x0000000000000000, Not Active, Not Active
2026/09/30 06:25:13.755, 2595, 13365, 300.37, 56, 0x0000000000000000, Not Active, Not Active
2026/09/30 06:25:13.855, 2595, 13365, 300.37, 56, 0x0000000000000000, Not Active, Not Active
2026/09/30 06:25:13.955, 2595, 13365, 300.37, 56, 0x0000000000000000, Not Active, Not Active
2026/09/30 06:25:14.056, 2595, 13365, 300.37, 56, 0x0000000000000000, Not Active, Not Active
2026/09/30 06:25:14.156, 2827, 13365, 214.32, 55, 0x0000000000000000, Not Active, Not Active
2026/09/30 06:25:14.256, 2827, 13365, 214.32, 55, 0x0000000000000000, Not Active, Not Active
2026/09/30 06:25:14.356, 2827, 13365, 214.32, 55, 0x0000000000000000, Not Active, Not Active
2026/09/30 06:25:14.457, 2827, 13365, 214.32, 55, 0x0000000000000000, Not Active, Not Active
2026/09/30 06:25:14.557, 2827, 13365, 214.32, 55, 0x0000000000000000, Not Active, Not Active
2026/09/30 06:25:14.657, 2827, 13365, 148.40, 54, 0x0000000000000000, Not Active, Not Active
2026/09/30 06:25:14.757, 2827, 13365, 148.40, 54, 0x0000000000000000, Not Active, Not Active
2026/09/30 06:25:14.857, 2827, 13365, 148.40, 54, 0x0000000000000000, Not Active, Not Active
2026/09/30 06:25:14.958, 2827, 13365, 148.40, 54, 0x0000000000000000, Not Active, Not Active
2026/09/30 06:25:15.058, 2827, 13365, 148.40, 54, 0x0000000000000000, Not Active, Not Active
2026/09/30 06:25:15.158, 2827, 13365, 145.24, 54, 0x0000000000000000, Not Active, Not Active
2026/09/30 06:25:15.258, 2827, 13365, 145.24, 54, 0x0000000000000000, Not Active, Not Active
2026/09/30 06:25:15.358, 2827, 13365, 145.24, 54, 0x0000000000000000, Not Active, Not Active
2026/09/30 06:25:15.458, 2827, 13365, 145.24, 54, 0x0000000000000000, Not Active, Not Active
2026/09/30 06:25:15.559, 2640, 13365, 139.43, 54, 0x0000000000000000, Not Active, Not Active
2026/09/30 06:25:15.659, 2640, 13365, 139.43, 53, 0x0000000000000000, Not Active, Not Active
2026/09/30 06:25:15.759, 2640, 13365, 139.43, 53, 0x0000000000000000, Not Active, Not Active
2026/09/30 06:25:15.859, 2640, 13365, 139.43, 53, 0x0000000000000000, Not Active, Not Active
2026/09/30 06:25:15.959, 2640, 13365, 139.43, 53, 0x0000000000000000, Not Active, Not Active
2026/09/30 06:25:16.059, 2685, 13365, 143.11, 53, 0x0000000000000000, Not Active, Not Active
2026/09/30 06:25:16.159, 2685, 13365, 143.11, 53, 0x0000000000000000, Not Active, Not Active
2026/09/30 06:25:16.260, 2685, 13365, 143.11, 53, 0x0000000000000000, Not Active, Not Active
2026/09/30 06:25:16.361, 2685, 13365, 143.11, 53, 0x0000000000000000, Not Active, Not Active
2026/09/30 06:25:16.461, 2685, 13365, 143.11, 53, 0x0000000000000000, Not Active, Not Active
2026/09/30 06:25:16.561, 2670, 13365, 141.94, 54, 0x0000000000000000, Not Active, Not Active
2026/09/30 06:25:16.662, 2670, 13365, 141.94, 54, 0x0000000000000000, Not Active, Not Active
2026/09/30 06:25:16.762, 2670, 13365, 141.94, 54, 0x0000000000000000, Not Active, Not Active
2026/09/30 06:25:16.863, 2670, 13365, 141.94, 54, 0x0000000000000000, Not Active, Not Active
2026/09/30 06:25:16.963, 2670, 13365, 141.94, 54, 0x0000000000000000, Not Active, Not Active
2026/09/30 06:25:17.063, 2685, 13365, 141.31, 54, 0x0000000000000000, Not Active, Not Active
2026/09/30 06:25:17.163, 2685, 13365, 141.31, 54, 0x0000000000000000, Not Active, Not Active
2026/09/30 06:25:17.263, 2685, 13365, 141.31, 54, 0x0000000000000000, Not Active, Not Active
2026/09/30 06:25:17.364, 2685, 13365, 141.31, 54, 0x0000000000000000, Not Active, Not Active
2026/09/30 06:25:17.464, 2685, 13365, 141.31, 54, 0x0000000000000000, Not Active, Not Active
2026/09/30 06:25:17.564, 2662, 13365, 139.14, 54, 0x0000000000000000, Not Active, Not Active
2026/09/30 06:25:17.665, 2662, 13365, 139.14, 54, 0x0000000000000000, Not Active, Not Active
2026/09/30 06:25:17.765, 2662, 13365, 139.14, 54, 0x0000000000000000, Not Active, Not Active
2026/09/30 06:25:17.865, 2662, 13365, 139.14, 54, 0x0000000000000000, Not Active, Not Active
2026/09/30 06:25:17.966, 2662, 13365, 139.14, 54, 0x0000000000000000, Not Active, Not Active
2026/09/30 06:25:18.067, 2640, 13365, 141.08, 53, 0x0000000000000000, Not Active, Not Active
2026/09/30 06:25:18.167, 2640, 13365, 141.08, 53, 0x0000000000000000, Not Active, Not Active
2026/09/30 06:25:18.267, 2640, 13365, 141.08, 53, 0x0000000000000000, Not Active, Not Active
2026/09/30 06:25:18.368, 2640, 13365, 141.08, 53, 0x0000000000000000, Not Active, Not Active
2026/09/30 06:25:18.468, 2640, 13365, 141.08, 53, 0x0000000000000000, Not Active, Not Active
2026/09/30 06:25:18.569, 2640, 13365, 147.88, 53, 0x0000000000000000, Not Active, Not Active
2026/09/30 06:25:18.670, 2640, 13365, 147.88, 53, 0x0000000000000000, Not Active, Not Active
2026/09/30 06:25:18.770, 2640, 13365, 147.88, 53, 0x0000000000000000, Not Active, Not Active
2026/09/30 06:25:18.870, 2640, 13365, 147.88, 53, 0x0000000000000000, Not Active, Not Active
2026/09/30 06:25:18.970, 2640, 13365, 147.88, 53, 0x0000000000000000, Not Active, Not Active
2026/09/30 06:25:19.070, 2640, 13365, 147.70, 54, 0x0000000000000000, Not Active, Not Active
2026/09/30 06:25:19.170, 2640, 13365, 147.70, 54, 0x0000000000000000, Not Active, Not Active
2026/09/30 06:25:19.271, 2640, 13365, 147.70, 54, 0x0000000000000000, Not Active, Not Active
2026/09/30 06:25:19.371, 2640, 13365, 147.70, 54, 0x0000000000000000, Not Active, Not Active
2026/09/30 06:25:19.471, 2640, 13365, 147.70, 54, 0x0000000000000000, Not Active, Not Active
2026/09/30 06:25:19.571, 2640, 13365, 156.77, 55, 0x0000000000000000, Not Active, Not Active
2026/09/30 06:25:19.671, 2640, 13365, 156.77, 55, 0x0000000000000000, Not Active, Not Active
2026/09/30 06:25:19.771, 2640, 13365, 156.77, 55, 0x0000000000000000, Not Active, Not Active
2026/09/30 06:25:19.871, 2640, 13365, 156.77, 55, 0x0000000000000000, Not Active, Not Active
2026/09/30 06:25:19.971, 2640, 13365, 156.77, 55, 0x0000000000000000, Not Active, Not Active
2026/09/30 06:25:20.072, 2640, 13365, 160.18, 54, 0x0000000000000000, Not Active, Not Active
2026/09/30 06:25:20.172, 2640, 13365, 160.18, 54, 0x0000000000000000, Not Active, Not Active
2026/09/30 06:25:20.272, 2640, 13365, 160.18, 54, 0x0000000000000000, Not Active, Not Active
2026/09/30 06:25:20.372, 2640, 13365, 160.18, 54, 0x0000000000000000, Not Active, Not Active
2026/09/30 06:25:20.472, 2640, 13365, 160.18, 54, 0x0000000000000000, Not Active, Not Active
2026/09/30 06:25:20.572, 2640, 13365, 158.22, 54, 0x0000000000000000, Not Active, Not Active
2026/09/30 06:25:20.672, 2640, 13365, 158.22, 54, 0x0000000000000000, Not Active, Not Active
2026/09/30 06:25:20.772, 2640, 13365, 158.22, 54, 0x0000000000000000, Not Active, Not Active
2026/09/30 06:25:20.873, 2640, 13365, 158.22, 54, 0x0000000000000000, Not Active, Not Active
2026/09/30 06:25:20.973, 2640, 13365, 158.22, 54, 0x0000000000000000, Not Active, Not Active
2026/09/30 06:25:21.073, 2640, 13365, 160.04, 54, 0x0000000000000000, Not Active, Not Active
2026/09/30 06:25:21.173, 2640, 13365, 160.04, 54, 0x0000000000000000, Not Active, Not Active
2026/09/30 06:25:21.273, 2640, 13365, 160.04, 54, 0x0000000000000000, Not Active, Not Active
2026/09/30 06:25:21.373, 2640, 13365, 160.04, 54, 0x0000000000000000, Not Active, Not Active
2026/09/30 06:25:21.473, 2640, 13365, 160.04, 54, 0x0000000000000000, Not Active, Not Active
2026/09/30 06:25:21.573, 2610, 13365, 163.40, 54, 0x0000000000000000, Not Active, Not Active
2026/09/30 06:25:21.674, 2610, 13365, 163.40, 54, 0x0000000000000000, Not Active, Not Active
2026/09/30 06:25:21.774, 2610, 13365, 163.40, 54, 0x0000000000000000, Not Active, Not Active
2026/09/30 06:25:21.874, 2610, 13365, 163.40, 54, 0x0000000000000000, Not Active, Not Active
2026/09/30 06:25:21.974, 2610, 13365, 163.40, 54, 0x0000000000000000, Not Active, Not Active
2026/09/30 06:25:22.074, 2610, 13365, 181.21, 55, 0x0000000000000000, Not Active, Not Active
2026/09/30 06:25:22.174, 2610, 13365, 181.21, 55, 0x0000000000000000, Not Active, Not Active
2026/09/30 06:25:22.275, 2610, 13365, 181.21, 55, 0x0000000000000000, Not Active, Not Active
2026/09/30 06:25:22.375, 2610, 13365, 181.21, 55, 0x0000000000000000, Not Active, Not Active
2026/09/30 06:25:22.475, 2610, 13365, 181.21, 55, 0x0000000000000000, Not Active, Not Active
2026/09/30 06:25:22.575, 2610, 13365, 186.53, 55, 0x0000000000000000, Not Active, Not Active
2026/09/30 06:25:22.675, 2610, 13365, 186.53, 55, 0x0000000000000000, Not Active, Not Active
2026/09/30 06:25:22.775, 2610, 13365, 186.53, 55, 0x0000000000000000, Not Active, Not Active
2026/09/30 06:25:22.875, 2610, 13365, 186.53, 55, 0x0000000000000000, Not Active, Not Active
2026/09/30 06:25:22.976, 2610, 13365, 186.53, 55, 0x0000000000000000, Not Active, Not Active
2026/09/30 06:25:23.076, 2610, 13365, 179.76, 55, 0x0000000000000000, Not Active, Not Active
2026/09/30 06:25:23.176, 2610, 13365, 179.76, 55, 0x0000000000000000, Not Active, Not Active
2026/09/30 06:25:23.276, 2610, 13365, 179.76, 55, 0x0000000000000000, Not Active, Not Active
2026/09/30 06:25:23.376, 2610, 13365, 179.76, 55, 0x0000000000000000, Not Active, Not Active
2026/09/30 06:25:23.477, 2610, 13365, 179.76, 55, 0x0000000000000000, Not Active, Not Active
2026/09/30 06:25:23.577, 2610, 13365, 158.13, 53, 0x0000000000000000, Not Active, Not Active
2026/09/30 06:25:23.677, 2610, 13365, 158.13, 53, 0x0000000000000000, Not Active, Not Active
2026/09/30 06:25:23.777, 2610, 13365, 158.13, 53, 0x0000000000000000, Not Active, Not Active
2026/09/30 06:25:23.877, 2610, 13365, 158.13, 53, 0x0000000000000000, Not Active, Not Active
2026/09/30 06:25:23.977, 2610, 13365, 158.13, 53, 0x0000000000000000, Not Active, Not Active
2026/09/30 06:25:24.077, 2565, 13365, 180.70, 58, 0x0000000000000000, Not Active, Not Active
2026/09/30 06:25:24.178, 2565, 13365, 180.70, 58, 0x0000000000000000, Not Active, Not Active
2026/09/30 06:25:24.278, 2565, 13365, 180.70, 58, 0x0000000000000000, Not Active, Not Active
2026/09/30 06:25:24.378, 2565, 13365, 180.70, 58, 0x0000000000000000, Not Active, Not Active
2026/09/30 06:25:24.478, 2565, 13365, 180.70, 58, 0x0000000000000000, Not Active, Not Active
2026/09/30 06:25:24.578, 2580, 13365, 226.03, 54, 0x0000000000000000, Not Active, Not Active
2026/09/30 06:25:24.678, 2580, 13365, 226.03, 54, 0x0000000000000000, Not Active, Not Active
2026/09/30 06:25:24.778, 2580, 13365, 226.03, 54, 0x0000000000000000, Not Active, Not Active
2026/09/30 06:25:24.878, 2580, 13365, 226.03, 54, 0x0000000000000000, Not Active, Not Active
2026/09/30 06:25:24.979, 2580, 13365, 226.03, 54, 0x0000000000000000, Not Active, Not Active
2026/09/30 06:25:25.079, 2550, 13365, 243.41, 57, 0x0000000000000000, Not Active, Not Active
2026/09/30 06:25:25.179, 2550, 13365, 243.41, 57, 0x0000000000000000, Not Active, Not Active
2026/09/30 06:25:25.279, 2550, 13365, 243.41, 57, 0x0000000000000000, Not Active, Not Active
2026/09/30 06:25:25.379, 2550, 13365, 243.41, 57, 0x0000000000000000, Not Active, Not Active
2026/09/30 06:25:25.479, 2550, 13365, 243.41, 57, 0x0000000000000000, Not Active, Not Active
2026/09/30 06:25:25.579, 2550, 13365, 243.59, 57, 0x0000000000000000, Not Active, Not Active
2026/09/30 06:25:25.679, 2550, 13365, 243.59, 57, 0x0000000000000000, Not Active, Not Active
2026/09/30 06:25:25.780, 2550, 13365, 243.59, 57, 0x0000000000000000, Not Active, Not Active
2026/09/30 06:25:25.880, 2550, 13365, 243.59, 57, 0x0000000000000000, Not Active, Not Active
2026/09/30 06:25:25.980, 2550, 13365, 243.59, 57, 0x0000000000000000, Not Active, Not Active
2026/09/30 06:25:26.080, 2610, 13365, 197.23, 54, 0x0000000000000000, Not Active, Not Active
2026/09/30 06:25:26.180, 2610, 13365, 197.23, 54, 0x0000000000000000, Not Active, Not Active
2026/09/30 06:25:26.280, 2610, 13365, 197.23, 54, 0x0000000000000000, Not Active, Not Active
2026/09/30 06:25:26.380, 2610, 13365, 197.23, 54, 0x0000000000000000, Not Active, Not Active
2026/09/30 06:25:26.480, 2610, 13365, 197.23, 54, 0x0000000000000000, Not Active, Not Active
2026/09/30 06:25:26.581, 2490, 13365, 181.34, 56, 0x0000000000000000, Not Active, Not Active
2026/09/30 06:25:26.681, 2490, 13365, 181.34, 56, 0x0000000000000000, Not Active, Not Active
2026/09/30 06:25:26.781, 2490, 13365, 181.34, 56, 0x0000000000000000, Not Active, Not Active
2026/09/30 06:25:26.881, 2490, 13365, 181.34, 56, 0x0000000000000000, Not Active, Not Active
2026/09/30 06:25:26.981, 2490, 13365, 181.34, 56, 0x0000000000000000, Not Active, Not Active
2026/09/30 06:25:27.081, 2550, 13365, 267.36, 58, 0x0000000000000000, Not Active, Not Active
2026/09/30 06:25:27.181, 2550, 13365, 267.36, 58, 0x0000000000000000, Not Active, Not Active
2026/09/30 06:25:27.281, 2550, 13365, 267.36, 58, 0x0000000000000000, Not Active, Not Active
2026/09/30 06:25:27.381, 2550, 13365, 267.36, 58, 0x0000000000000000, Not Active, Not Active
2026/09/30 06:25:27.482, 2550, 13365, 267.36, 58, 0x0000000000000000, Not Active, Not Active
2026/09/30 06:25:27.582, 2580, 13365, 321.25, 61, 0x0000000000000000, Not Active, Not Active
2026/09/30 06:25:27.682, 2580, 13365, 321.25, 61, 0x0000000000000000, Not Active, Not Active
2026/09/30 06:25:27.782, 2580, 13365, 321.25, 61, 0x0000000000000000, Not Active, Not Active
2026/09/30 06:25:27.882, 2580, 13365, 321.25, 61, 0x0000000000000000, Not Active, Not Active
2026/09/30 06:25:27.982, 2580, 13365, 321.25, 61, 0x0000000000000000, Not Active, Not Active
2026/09/30 06:25:28.082, 2655, 13365, 303.15, 62, 0x0000000000000004, Active, Not Active
2026/09/30 06:25:28.182, 2655, 13365, 303.15, 62, 0x0000000000000004, Active, Not Active
2026/09/30 06:25:28.283, 2655, 13365, 303.15, 62, 0x0000000000000004, Active, Not Active
2026/09/30 06:25:28.383, 2655, 13365, 303.15, 62, 0x0000000000000004, Active, Not Active
2026/09/30 06:25:28.483, 2655, 13365, 303.15, 62, 0x0000000000000004, Active, Not Active
2026/09/30 06:25:28.583, 2572, 13365, 321.18, 63, 0x0000000000000004, Active, Not Active
2026/09/30 06:25:28.683, 2572, 13365, 321.18, 63, 0x0000000000000004, Active, Not Active
2026/09/30 06:25:28.783, 2572, 13365, 321.18, 63, 0x0000000000000004, Active, Not Active
2026/09/30 06:25:28.883, 2572, 13365, 321.18, 63, 0x0000000000000004, Active, Not Active
2026/09/30 06:25:28.983, 2572, 13365, 321.18, 63, 0x0000000000000004, Active, Not Active
2026/09/30 06:25:29.084, 2647, 13365, 288.28, 57, 0x0000000000000000, Not Active, Not Active
2026/09/30 06:25:29.184, 2647, 13365, 288.28, 57, 0x0000000000000000, Not Active, Not Active
2026/09/30 06:25:29.284, 2647, 13365, 288.28, 57, 0x0000000000000000, Not Active, Not Active
2026/09/30 06:25:29.384, 2647, 13365, 288.28, 57, 0x0000000000000000, Not Active, Not Active
2026/09/30 06:25:29.484, 2647, 13365, 288.28, 57, 0x0000000000000000, Not Active, Not Active
2026/09/30 06:25:29.584, 2827, 13365, 208.03, 55, 0x0000000000000000, Not Active, Not Active
2026/09/30 06:25:29.684, 2827, 13365, 208.03, 55, 0x0000000000000000, Not Active, Not Active
2026/09/30 06:25:29.784, 2827, 13365, 208.03, 55, 0x0000000000000000, Not Active, Not Active
2026/09/30 06:25:29.884, 2827, 13365, 208.03, 55, 0x0000000000000000, Not Active, Not Active
2026/09/30 06:25:29.984, 2827, 13365, 208.03, 55, 0x0000000000000000, Not Active, Not Active
2026/09/30 06:25:30.085, 2827, 13365, 152.27, 55, 0x0000000000000000, Not Active, Not Active
2026/09/30 06:25:30.185, 2827, 13365, 152.27, 55, 0x0000000000000000, Not Active, Not Active
2026/09/30 06:25:30.285, 2827, 13365, 152.27, 55, 0x0000000000000000, Not Active, Not Active
2026/09/30 06:25:30.385, 2827, 13365, 152.27, 55, 0x0000000000000000, Not Active, Not Active
2026/09/30 06:25:30.485, 2827, 13365, 152.27, 55, 0x0000000000000000, Not Active, Not Active
2026/09/30 06:25:30.585, 2775, 13365, 151.65, 54, 0x0000000000000000, Not Active, Not Active
2026/09/30 06:25:30.685, 2775, 13365, 151.65, 54, 0x0000000000000000, Not Active, Not Active
2026/09/30 06:25:30.785, 2775, 13365, 151.65, 54, 0x0000000000000000, Not Active, Not Active
2026/09/30 06:25:30.885, 2775, 13365, 151.65, 54, 0x0000000000000000, Not Active, Not Active
2026/09/30 06:25:30.986, 2775, 13365, 151.65, 54, 0x0000000000000000, Not Active, Not Active
2026/09/30 06:25:31.086, 2640, 13365, 145.98, 55, 0x0000000000000000, Not Active, Not Active
2026/09/30 06:25:31.186, 2640, 13365, 145.98, 55, 0x0000000000000000, Not Active, Not Active
2026/09/30 06:25:31.286, 2640, 13365, 145.98, 55, 0x0000000000000000, Not Active, Not Active
2026/09/30 06:25:31.386, 2640, 13365, 145.98, 55, 0x0000000000000000, Not Active, Not Active
2026/09/30 06:25:31.486, 2640, 13365, 145.98, 55, 0x0000000000000000, Not Active, Not Active
2026/09/30 06:25:31.586, 2670, 13365, 143.24, 56, 0x0000000000000000, Not Active, Not Active
2026/09/30 06:25:31.687, 2670, 13365, 143.24, 56, 0x0000000000000000, Not Active, Not Active
2026/09/30 06:25:31.787, 2670, 13365, 143.24, 56, 0x0000000000000000, Not Active, Not Active
2026/09/30 06:25:31.887, 2670, 13365, 143.24, 56, 0x0000000000000000, Not Active, Not Active
2026/09/30 06:25:31.987, 2670, 13365, 143.24, 56, 0x0000000000000000, Not Active, Not Active
2026/09/30 06:25:32.087, 2662, 13365, 144.09, 55, 0x0000000000000000, Not Active, Not Active
2026/09/30 06:25:32.187, 2662, 13365, 144.09, 55, 0x0000000000000000, Not Active, Not Active
2026/09/30 06:25:32.287, 2662, 13365, 144.09, 55, 0x0000000000000000, Not Active, Not Active
2026/09/30 06:25:32.387, 2662, 13365, 144.09, 55, 0x0000000000000000, Not Active, Not Active
2026/09/30 06:25:32.488, 2662, 13365, 144.09, 55, 0x0000000000000000, Not Active, Not Active
2026/09/30 06:25:32.588, 2647, 13365, 142.38, 55, 0x0000000000000000, Not Active, Not Active
2026/09/30 06:25:32.688, 2647, 13365, 142.38, 55, 0x0000000000000000, Not Active, Not Active
2026/09/30 06:25:32.788, 2647, 13365, 142.38, 55, 0x0000000000000000, Not Active, Not Active
2026/09/30 06:25:32.888, 2647, 13365, 142.38, 55, 0x0000000000000000, Not Active, Not Active
2026/09/30 06:25:32.988, 2647, 13365, 142.38, 55, 0x0000000000000000, Not Active, Not Active
2026/09/30 06:25:33.088, 2625, 13365, 138.94, 55, 0x0000000000000000, Not Active, Not Active
2026/09/30 06:25:33.188, 2625, 13365, 138.94, 55, 0x0000000000000000, Not Active, Not Active
2026/09/30 06:25:33.289, 2625, 13365, 138.94, 55, 0x0000000000000000, Not Active, Not Active
2026/09/30 06:25:33.389, 2625, 13365, 138.94, 55, 0x0000000000000000, Not Active, Not Active
2026/09/30 06:25:33.489, 2625, 13365, 138.94, 55, 0x0000000000000000, Not Active, Not Active
2026/09/30 06:25:33.589, 2662, 13365, 140.86, 55, 0x0000000000000000, Not Active, Not Active
2026/09/30 06:25:33.689, 2662, 13365, 140.86, 55, 0x0000000000000000, Not Active, Not Active
2026/09/30 06:25:33.789, 2662, 13365, 140.86, 55, 0x0000000000000000, Not Active, Not Active
2026/09/30 06:25:33.889, 2662, 13365, 140.86, 55, 0x0000000000000000, Not Active, Not Active
2026/09/30 06:25:33.990, 2662, 13365, 140.86, 55, 0x0000000000000000, Not Active, Not Active
2026/09/30 06:25:34.090, 2662, 13365, 151.52, 55, 0x0000000000000000, Not Active, Not Active
2026/09/30 06:25:34.190, 2662, 13365, 151.52, 55, 0x0000000000000000, Not Active, Not Active
2026/09/30 06:25:34.291, 2662, 13365, 151.52, 55, 0x0000000000000000, Not Active, Not Active
2026/09/30 06:25:34.391, 2662, 13365, 151.52, 55, 0x0000000000000000, Not Active, Not Active
2026/09/30 06:25:34.491, 2662, 13365, 151.52, 55, 0x0000000000000000, Not Active, Not Active
2026/09/30 06:25:34.592, 2640, 13365, 153.58, 55, 0x0000000000000000, Not Active, Not Active
2026/09/30 06:25:34.692, 2640, 13365, 153.58, 55, 0x0000000000000000, Not Active, Not Active
2026/09/30 06:25:34.792, 2640, 13365, 153.58, 55, 0x0000000000000000, Not Active, Not Active
2026/09/30 06:25:34.892, 2640, 13365, 153.58, 55, 0x0000000000000000, Not Active, Not Active
2026/09/30 06:25:34.992, 2640, 13365, 153.58, 55, 0x0000000000000000, Not Active, Not Active
2026/09/30 06:25:35.092, 2632, 13365, 146.79, 54, 0x0000000000000000, Not Active, Not Active
2026/09/30 06:25:35.192, 2632, 13365, 146.79, 54, 0x0000000000000000, Not Active, Not Active
2026/09/30 06:25:35.293, 2632, 13365, 146.79, 54, 0x0000000000000000, Not Active, Not Active
2026/09/30 06:25:35.393, 2632, 13365, 146.79, 54, 0x0000000000000000, Not Active, Not Active
2026/09/30 06:25:35.493, 2632, 13365, 146.79, 54, 0x0000000000000000, Not Active, Not Active
2026/09/30 06:25:35.593, 2640, 13365, 138.49, 55, 0x0000000000000000, Not Active, Not Active
2026/09/30 06:25:35.693, 2640, 13365, 138.49, 55, 0x0000000000000000, Not Active, Not Active
2026/09/30 06:25:35.793, 2640, 13365, 138.49, 55, 0x0000000000000000, Not Active, Not Active
2026/09/30 06:25:35.893, 2640, 13365, 138.49, 55, 0x0000000000000000, Not Active, Not Active
2026/09/30 06:25:35.993, 2640, 13365, 138.49, 55, 0x0000000000000000, Not Active, Not Active
2026/09/30 06:25:36.093, 2625, 13365, 154.47, 55, 0x0000000000000000, Not Active, Not Active
2026/09/30 06:25:36.194, 2625, 13365, 154.47, 55, 0x0000000000000000, Not Active, Not Active
2026/09/30 06:25:36.294, 2625, 13365, 154.47, 55, 0x0000000000000000, Not Active, Not Active
2026/09/30 06:25:36.394, 2625, 13365, 154.47, 55, 0x0000000000000000, Not Active, Not Active
2026/09/30 06:25:36.494, 2625, 13365, 154.47, 55, 0x0000000000000000, Not Active, Not Active
2026/09/30 06:25:36.594, 2632, 13365, 171.24, 54, 0x0000000000000000, Not Active, Not Active
2026/09/30 06:25:36.694, 2632, 13365, 171.24, 54, 0x0000000000000000, Not Active, Not Active
2026/09/30 06:25:36.794, 2632, 13365, 171.24, 54, 0x0000000000000000, Not Active, Not Active
2026/09/30 06:25:36.894, 2632, 13365, 171.24, 54, 0x0000000000000000, Not Active, Not Active
2026/09/30 06:25:36.995, 2632, 13365, 171.24, 54, 0x0000000000000000, Not Active, Not Active
2026/09/30 06:25:37.095, 2640, 13365, 183.19, 56, 0x0000000000000000, Not Active, Not Active
2026/09/30 06:25:37.195, 2640, 13365, 183.19, 56, 0x0000000000000000, Not Active, Not Active
2026/09/30 06:25:37.295, 2640, 13365, 183.19, 56, 0x0000000000000000, Not Active, Not Active
2026/09/30 06:25:37.395, 2640, 13365, 183.19, 56, 0x0000000000000000, Not Active, Not Active
2026/09/30 06:25:37.496, 2640, 13365, 183.19, 56, 0x0000000000000000, Not Active, Not Active
2026/09/30 06:25:37.596, 2610, 13365, 148.59, 54, 0x0000000000000000, Not Active, Not Active
2026/09/30 06:25:37.696, 2610, 13365, 148.59, 54, 0x0000000000000000, Not Active, Not Active
2026/09/30 06:25:37.796, 2610, 13365, 148.59, 54, 0x0000000000000000, Not Active, Not Active
2026/09/30 06:25:37.896, 2610, 13365, 148.59, 54, 0x0000000000000000, Not Active, Not Active
2026/09/30 06:25:37.996, 2610, 13365, 148.59, 54, 0x0000000000000000, Not Active, Not Active
2026/09/30 06:25:38.097, 2595, 13365, 148.07, 56, 0x0000000000000000, Not Active, Not Active
2026/09/30 06:25:38.197, 2595, 13365, 148.07, 56, 0x0000000000000000, Not Active, Not Active
2026/09/30 06:25:38.297, 2595, 13365, 148.07, 56, 0x0000000000000000, Not Active, Not Active
2026/09/30 06:25:38.397, 2595, 13365, 148.07, 56, 0x0000000000000000, Not Active, Not Active
2026/09/30 06:25:38.497, 2595, 13365, 148.07, 56, 0x0000000000000000, Not Active, Not Active
2026/09/30 06:25:38.597, 2595, 13365, 189.85, 56, 0x0000000000000000, Not Active, Not Active
2026/09/30 06:25:38.697, 2595, 13365, 189.85, 56, 0x0000000000000000, Not Active, Not Active
2026/09/30 06:25:38.798, 2595, 13365, 189.85, 56, 0x0000000000000000, Not Active, Not Active
2026/09/30 06:25:38.898, 2595, 13365, 189.85, 56, 0x0000000000000000, Not Active, Not Active
2026/09/30 06:25:38.998, 2595, 13365, 189.85, 56, 0x0000000000000000, Not Active, Not Active
2026/09/30 06:25:39.098, 2602, 13365, 199.33, 58, 0x0000000000000000, Not Active, Not Active
2026/09/30 06:25:39.198, 2602, 13365, 199.33, 58, 0x0000000000000000, Not Active, Not Active
2026/09/30 06:25:39.298, 2602, 13365, 199.33, 58, 0x0000000000000000, Not Active, Not Active
2026/09/30 06:25:39.398, 2602, 13365, 199.33, 58, 0x0000000000000000, Not Active, Not Active
2026/09/30 06:25:39.499, 2602, 13365, 199.33, 58, 0x0000000000000000, Not Active, Not Active
2026/09/30 06:25:39.599, 2602, 13365, 201.37, 58, 0x0000000000000000, Not Active, Not Active
2026/09/30 06:25:39.699, 2602, 13365, 201.37, 58, 0x0000000000000000, Not Active, Not Active
2026/09/30 06:25:39.799, 2602, 13365, 201.37, 58, 0x0000000000000000, Not Active, Not Active
2026/09/30 06:25:39.899, 2602, 13365, 201.37, 58, 0x0000000000000000, Not Active, Not Active
2026/09/30 06:25:39.999, 2602, 13365, 201.37, 58, 0x0000000000000000, Not Active, Not Active
2026/09/30 06:25:40.099, 2610, 13365, 176.75, 54, 0x0000000000000000, Not Active, Not Active
2026/09/30 06:25:40.200, 2610, 13365, 176.75, 54, 0x0000000000000000, Not Active, Not Active
2026/09/30 06:25:40.300, 2610, 13365, 176.75, 54, 0x0000000000000000, Not Active, Not Active
2026/09/30 06:25:40.400, 2610, 13365, 176.75, 54, 0x0000000000000000, Not Active, Not Active
2026/09/30 06:25:40.500, 2610, 13365, 176.75, 54, 0x0000000000000000, Not Active, Not Active
2026/09/30 06:25:40.600, 2610, 13365, 119.25, 54, 0x0000000000000000, Not Active, Not Active
2026/09/30 06:25:40.700, 2610, 13365, 119.25, 54, 0x0000000000000000, Not Active, Not Active
2026/09/30 06:25:40.800, 2610, 13365, 119.25, 54, 0x0000000000000000, Not Active, Not Active
2026/09/30 06:25:40.901, 2610, 13365, 119.25, 54, 0x0000000000000000, Not Active, Not Active
2026/09/30 06:25:41.001, 2610, 13365, 119.25, 54, 0x0000000000000000, Not Active, Not Active
2026/09/30 06:25:41.101, 2557, 13365, 165.64, 56, 0x0000000000000000, Not Active, Not Active
2026/09/30 06:25:41.201, 2557, 13365, 165.64, 56, 0x0000000000000000, Not Active, Not Active
2026/09/30 06:25:41.301, 2557, 13365, 165.64, 56, 0x0000000000000000, Not Active, Not Active
2026/09/30 06:25:41.401, 2557, 13365, 165.64, 56, 0x0000000000000000, Not Active, Not Active
2026/09/30 06:25:41.502, 2557, 13365, 165.64, 56, 0x0000000000000000, Not Active, Not Active
2026/09/30 06:25:41.602, 2557, 13365, 247.96, 59, 0x0000000000000000, Not Active, Not Active
2026/09/30 06:25:41.702, 2557, 13365, 247.96, 59, 0x0000000000000000, Not Active, Not Active
2026/09/30 06:25:41.802, 2557, 13365, 247.96, 59, 0x0000000000000000, Not Active, Not Active
2026/09/30 06:25:41.902, 2557, 13365, 247.96, 59, 0x0000000000000000, Not Active, Not Active
2026/09/30 06:25:42.002, 2557, 13365, 247.96, 59, 0x0000000000000000, Not Active, Not Active
2026/09/30 06:25:42.102, 2707, 13365, 252.90, 61, 0x0000000000000000, Not Active, Not Active
2026/09/30 06:25:42.203, 2707, 13365, 252.90, 61, 0x0000000000000000, Not Active, Not Active
2026/09/30 06:25:42.303, 2707, 13365, 252.90, 61, 0x0000000000000000, Not Active, Not Active
2026/09/30 06:25:42.403, 2707, 13365, 252.90, 61, 0x0000000000000000, Not Active, Not Active
2026/09/30 06:25:42.503, 2707, 13365, 252.90, 61, 0x0000000000000000, Not Active, Not Active
2026/09/30 06:25:42.603, 2692, 13365, 252.89, 56, 0x0000000000000000, Not Active, Not Active
2026/09/30 06:25:42.703, 2692, 13365, 252.89, 56, 0x0000000000000000, Not Active, Not Active
2026/09/30 06:25:42.803, 2692, 13365, 252.89, 56, 0x0000000000000000, Not Active, Not Active
2026/09/30 06:25:42.904, 2692, 13365, 252.89, 56, 0x0000000000000000, Not Active, Not Active
2026/09/30 06:25:43.004, 2692, 13365, 252.89, 56, 0x0000000000000000, Not Active, Not Active
2026/09/30 06:25:43.104, 2662, 13365, 258.54, 58, 0x0000000000000000, Not Active, Not Active
2026/09/30 06:25:43.204, 2662, 13365, 258.54, 58, 0x0000000000000000, Not Active, Not Active
2026/09/30 06:25:43.304, 2662, 13365, 258.54, 58, 0x0000000000000000, Not Active, Not Active
2026/09/30 06:25:43.404, 2662, 13365, 258.54, 58, 0x0000000000000000, Not Active, Not Active
2026/09/30 06:25:43.505, 2662, 13365, 258.54, 58, 0x0000000000000000, Not Active, Not Active
2026/09/30 06:25:43.605, 2835, 13365, 178.87, 55, 0x0000000000000000, Not Active, Not Active
2026/09/30 06:25:43.705, 2835, 13365, 178.87, 55, 0x0000000000000000, Not Active, Not Active
2026/09/30 06:25:43.805, 2835, 13365, 178.87, 55, 0x0000000000000000, Not Active, Not Active
2026/09/30 06:25:43.905, 2835, 13365, 178.87, 55, 0x0000000000000000, Not Active, Not Active
2026/09/30 06:25:44.005, 2835, 13365, 178.87, 55, 0x0000000000000000, Not Active, Not Active
2026/09/30 06:25:44.106, 2835, 13365, 113.75, 55, 0x0000000000000000, Not Active, Not Active
2026/09/30 06:25:44.206, 2835, 13365, 113.75, 55, 0x0000000000000000, Not Active, Not Active
2026/09/30 06:25:44.306, 2835, 13365, 113.75, 55, 0x0000000000000000, Not Active, Not Active
2026/09/30 06:25:44.406, 2835, 13365, 113.75, 55, 0x0000000000000000, Not Active, Not Active
2026/09/30 06:25:44.506, 2835, 13365, 113.75, 55, 0x0000000000000000, Not Active, Not Active
2026/09/30 06:25:44.606, 2835, 13365, 99.74, 54, 0x0000000000000000, Not Active, Not Active
2026/09/30 06:25:44.706, 2835, 13365, 99.74, 54, 0x0000000000000000, Not Active, Not Active
2026/09/30 06:25:44.807, 2835, 13365, 99.74, 54, 0x0000000000000000, Not Active, Not Active
2026/09/30 06:25:44.907, 2835, 13365, 99.74, 54, 0x0000000000000000, Not Active, Not Active
2026/09/30 06:25:45.007, 2835, 13365, 99.74, 54, 0x0000000000000000, Not Active, Not Active
2026/09/30 06:25:45.107, 2512, 13365, 158.77, 62, 0x0000000000000000, Not Active, Not Active
2026/09/30 06:25:45.207, 2512, 13365, 158.77, 62, 0x0000000000000000, Not Active, Not Active
2026/09/30 06:25:45.307, 2512, 13365, 158.77, 62, 0x0000000000000000, Not Active, Not Active
2026/09/30 06:25:45.408, 2512, 13365, 158.77, 62, 0x0000000000000000, Not Active, Not Active
2026/09/30 06:25:45.508, 2512, 13365, 158.77, 62, 0x0000000000000000, Not Active, Not Active
2026/09/30 06:25:45.608, 2572, 13365, 262.35, 63, 0x0000000000000004, Active, Not Active
2026/09/30 06:25:45.708, 2572, 13365, 262.35, 63, 0x0000000000000004, Active, Not Active
2026/09/30 06:25:45.808, 2572, 13365, 262.35, 63, 0x0000000000000004, Active, Not Active
2026/09/30 06:25:45.908, 2572, 13365, 262.35, 63, 0x0000000000000004, Active, Not Active
2026/09/30 06:25:46.008, 2572, 13365, 262.35, 63, 0x0000000000000004, Active, Not Active
2026/09/30 06:25:46.109, 2557, 13365, 336.66, 64, 0x0000000000000004, Active, Not Active
2026/09/30 06:25:46.209, 2557, 13365, 336.66, 64, 0x0000000000000004, Active, Not Active
2026/09/30 06:25:46.309, 2557, 13365, 336.66, 64, 0x0000000000000004, Active, Not Active
2026/09/30 06:25:46.409, 2557, 13365, 336.66, 64, 0x0000000000000004, Active, Not Active
2026/09/30 06:25:46.509, 2557, 13365, 336.66, 64, 0x0000000000000004, Active, Not Active
2026/09/30 06:25:46.609, 2565, 13365, 340.41, 64, 0x0000000000000004, Active, Not Active
2026/09/30 06:25:46.709, 2565, 13365, 340.41, 64, 0x0000000000000004, Active, Not Active
2026/09/30 06:25:46.810, 2565, 13365, 340.41, 64, 0x0000000000000004, Active, Not Active
2026/09/30 06:25:46.910, 2565, 13365, 340.41, 64, 0x0000000000000004, Active, Not Active
2026/09/30 06:25:47.010, 2565, 13365, 340.41, 64, 0x0000000000000004, Active, Not Active
2026/09/30 06:25:47.110, 2617, 13365, 311.36, 58, 0x0000000000000000, Not Active, Not Active
2026/09/30 06:25:47.210, 2617, 13365, 311.36, 58, 0x0000000000000000, Not Active, Not Active
2026/09/30 06:25:47.310, 2617, 13365, 311.36, 58, 0x0000000000000000, Not Active, Not Active
2026/09/30 06:25:47.411, 2617, 13365, 311.36, 58, 0x0000000000000000, Not Active, Not Active
2026/09/30 06:25:47.511, 2617, 13365, 311.36, 58, 0x0000000000000000, Not Active, Not Active
2026/09/30 06:25:47.611, 2565, 13365, 335.75, 64, 0x0000000000000004, Active, Not Active
2026/09/30 06:25:47.711, 2565, 13365, 335.75, 64, 0x0000000000000004, Active, Not Active
2026/09/30 06:25:47.811, 2565, 13365, 335.75, 64, 0x0000000000000004, Active, Not Active
2026/09/30 06:25:47.911, 2565, 13365, 335.75, 64, 0x0000000000000004, Active, Not Active
2026/09/30 06:25:48.011, 2565, 13365, 335.75, 64, 0x0000000000000004, Active, Not Active
2026/09/30 06:25:48.112, 2722, 13365, 292.93, 57, 0x0000000000000000, Not Active, Not Active
