timestamp, clocks.current.sm [MHz], clocks.current.memory [MHz], power.draw [W], temperature.gpu, clocks_event_reasons.active, clocks_event_reasons.sw_power_cap, clocks_event_reasons.hw_slowdown
2026/09/30 06:25:50.731, 2610, 14001, 99.39, 55, 0x0000000000000000, Not Active, Not Active
2026/09/30 06:25:50.839, 2610, 14001, 99.39, 55, 0x0000000000000000, Not Active, Not Active
2026/09/30 06:25:50.939, 2610, 14001, 99.39, 55, 0x0000000000000000, Not Active, Not Active
2026/09/30 06:25:51.039, 2610, 14001, 99.39, 55, 0x0000000000000000, Not Active, Not Active
2026/09/30 06:25:51.139, 2310, 14001, 85.31, 54, 0x0000000000000000, Not Active, Not Active
2026/09/30 06:25:51.240, 2310, 14001, 85.31, 54, 0x0000000000000000, Not Active, Not Active
2026/09/30 06:25:51.340, 2310, 14001, 85.31, 54, 0x0000000000000000, Not Active, Not Active
2026/09/30 06:25:51.440, 2310, 14001, 85.31, 54, 0x0000000000000000, Not Active, Not Active
2026/09/30 06:25:51.540, 2310, 14001, 85.31, 54, 0x0000000000000000, Not Active, Not Active
2026/09/30 06:25:51.640, 600, 14001, 75.44, 53, 0x0000000000000000, Not Active, Not Active
2026/09/30 06:25:51.740, 600, 14001, 75.44, 53, 0x0000000000000000, Not Active, Not Active
2026/09/30 06:25:51.840, 600, 14001, 75.44, 53, 0x0000000000000000, Not Active, Not Active
2026/09/30 06:25:51.940, 600, 14001, 75.44, 53, 0x0000000000000000, Not Active, Not Active
2026/09/30 06:25:52.040, 600, 14001, 75.44, 53, 0x0000000000000000, Not Active, Not Active
2026/09/30 06:25:52.140, 600, 14001, 63.02, 53, 0x0000000000000000, Not Active, Not Active
2026/09/30 06:25:52.241, 600, 14001, 63.02, 53, 0x0000000000000000, Not Active, Not Active
2026/09/30 06:25:52.341, 600, 14001, 63.02, 53, 0x0000000000000000, Not Active, Not Active
2026/09/30 06:25:52.441, 600, 14001, 63.02, 53, 0x0000000000000000, Not Active, Not Active
2026/09/30 06:25:52.541, 600, 14001, 63.02, 53, 0x0000000000000000, Not Active, Not Active
2026/09/30 06:25:52.641, 600, 14001, 63.02, 53, 0x0000000000000000, Not Active, Not Active
2026/09/30 06:25:52.741, 600, 14001, 63.02, 53, 0x0000000000000000, Not Active, Not Active
2026/09/30 06:25:52.841, 600, 14001, 63.02, 53, 0x0000000000000000, Not Active, Not Active
2026/09/30 06:25:52.941, 600, 14001, 63.02, 53, 0x0000000000000000, Not Active, Not Active
2026/09/30 06:25:53.041, 600, 14001, 63.02, 53, 0x0000000000000000, Not Active, Not Active
2026/09/30 06:25:53.142, 375, 14001, 54.02, 53, 0x0000000000000000, Not Active, Not Active
2026/09/30 06:25:53.242, 375, 14001, 54.02, 53, 0x0000000000000000, Not Active, Not Active
2026/09/30 06:25:53.342, 375, 14001, 54.02, 53, 0x0000000000000000, Not Active, Not Active
2026/09/30 06:25:53.442, 375, 14001, 54.02, 53, 0x0000000000000000, Not Active, Not Active
2026/09/30 06:25:53.542, 375, 14001, 54.02, 53, 0x0000000000000000, Not Active, Not Active
2026/09/30 06:25:53.642, 375, 14001, 54.02, 53, 0x0000000000000000, Not Active, Not Active
2026/09/30 06:25:53.742, 375, 14001, 54.02, 53, 0x0000000000000000, Not Active, Not Active
2026/09/30 06:25:53.842, 375, 14001, 54.02, 53, 0x0000000000000000, Not Active, Not Active
2026/09/30 06:25:53.943, 375, 14001, 54.02, 53, 0x0000000000000000, Not Active, Not Active
2026/09/30 06:25:54.043, 375, 14001, 54.02, 53, 0x0000000000000000, Not Active, Not Active
2026/09/30 06:25:54.143, 240, 14001, 52.63, 53, 0x0000000000000000, Not Active, Not Active
2026/09/30 06:25:54.243, 240, 14001, 52.63, 53, 0x0000000000000000, Not Active, Not Active
2026/09/30 06:25:54.343, 240, 14001, 52.63, 53, 0x0000000000000000, Not Active, Not Active
2026/09/30 06:25:54.443, 240, 14001, 52.63, 53, 0x0000000000000000, Not Active, Not Active
2026/09/30 06:25:54.543, 240, 14001, 52.63, 53, 0x0000000000000000, Not Active, Not Active
2026/09/30 06:25:54.643, 240, 14001, 52.63, 53, 0x0000000000000000, Not Active, Not Active
2026/09/30 06:25:54.744, 240, 14001, 52.63, 53, 0x0000000000000000, Not Active, Not Active
2026/09/30 06:25:54.844, 240, 14001, 52.63, 53, 0x0000000000000000, Not Active, Not Active
2026/09/30 06:25:54.944, 240, 14001, 52.63, 53, 0x0000000000000000, Not Active, Not Active
2026/09/30 06:25:55.044, 240, 14001, 52.63, 53, 0x0000000000000000, Not Active, Not Active
2026/09/30 06:25:55.144, 180, 7001, 47.89, 52, 0x0000000000000000, Not Active, Not Active
2026/09/30 06:25:55.244, 180, 7001, 47.89, 52, 0x0000000000000000, Not Active, Not Active
2026/09/30 06:25:55.344, 180, 7001, 47.89, 52, 0x0000000000000000, Not Active, Not Active
2026/09/30 06:25:55.444, 180, 7001, 47.89, 52, 0x0000000000000000, Not Active, Not Active
2026/09/30 06:25:55.544, 180, 7001, 47.89, 52, 0x0000000000000000, Not Active, Not Active
2026/09/30 06:25:55.645, 180, 7001, 47.89, 52, 0x0000000000000000, Not Active, Not Active
2026/09/30 06:25:55.745, 180, 7001, 47.89, 52, 0x0000000000000000, Not Active, Not Active
2026/09/30 06:25:55.845, 180, 7001, 47.89, 52, 0x0000000000000000, Not Active, Not Active
2026/09/30 06:25:55.945, 180, 7001, 47.89, 52, 0x0000000000000000, Not Active, Not Active
2026/09/30 06:25:56.045, 180, 7001, 47.89, 52, 0x0000000000000000, Not Active, Not Active
2026/09/30 06:25:56.145, 180, 7001, 41.49, 52, 0x0000000000000000, Not Active, Not Active
2026/09/30 06:25:56.245, 180, 7001, 41.49, 52, 0x0000000000000000, Not Active, Not Active
2026/09/30 06:25:56.345, 180, 7001, 41.49, 52, 0x0000000000000000, Not Active, Not Active
2026/09/30 06:25:56.445, 180, 7001, 41.49, 52, 0x0000000000000000, Not Active, Not Active
2026/09/30 06:25:56.545, 180, 7001, 41.49, 52, 0x0000000000000000, Not Active, Not Active
2026/09/30 06:25:56.646, 180, 7001, 41.49, 52, 0x0000000000000000, Not Active, Not Active
2026/09/30 06:25:56.746, 180, 7001, 41.49, 52, 0x0000000000000000, Not Active, Not Active
2026/09/30 06:25:56.846, 180, 7001, 41.49, 52, 0x0000000000000000, Not Active, Not Active
2026/09/30 06:25:56.946, 180, 7001, 41.49, 52, 0x0000000000000000, Not Active, Not Active
2026/09/30 06:25:57.046, 180, 7001, 41.49, 52, 0x0000000000000000, Not Active, Not Active
2026/09/30 06:25:57.146, 180, 810, 21.29, 52, 0x0000000000000000, Not Active, Not Active
2026/09/30 06:25:57.246, 180, 810, 21.29, 52, 0x0000000000000000, Not Active, Not Active
2026/09/30 06:25:57.346, 180, 810, 21.29, 52, 0x0000000000000000, Not Active, Not Active
2026/09/30 06:25:57.446, 180, 810, 21.29, 52, 0x0000000000000000, Not Active, Not Active
2026/09/30 06:25:57.547, 180, 810, 21.29, 52, 0x0000000000000000, Not Active, Not Active
2026/09/30 06:25:57.647, 180, 810, 21.29, 52, 0x0000000000000000, Not Active, Not Active
2026/09/30 06:25:57.747, 180, 810, 21.29, 52, 0x0000000000000000, Not Active, Not Active
2026/09/30 06:25:57.847, 180, 810, 21.29, 52, 0x0000000000000000, Not Active, Not Active
2026/09/30 06:25:57.947, 180, 810, 21.29, 52, 0x0000000000000000, Not Active, Not Active
2026/09/30 06:25:58.047, 180, 810, 21.29, 52, 0x0000000000000000, Not Active, Not Active
2026/09/30 06:25:58.147, 172, 405, 18.40, 52, 0x0000000000000000, Not Active, Not Active
2026/09/30 06:25:58.247, 172, 405, 18.40, 52, 0x0000000000000000, Not Active, Not Active
2026/09/30 06:25:58.348, 172, 405, 18.40, 52, 0x0000000000000000, Not Active, Not Active
2026/09/30 06:25:58.448, 172, 405, 18.40, 52, 0x0000000000000000, Not Active, Not Active
2026/09/30 06:25:58.548, 172, 405, 18.40, 52, 0x0000000000000000, Not Active, Not Active
2026/09/30 06:25:58.648, 172, 405, 18.40, 52, 0x0000000000000000, Not Active, Not Active
2026/09/30 06:25:58.748, 172, 405, 18.40, 52, 0x0000000000000000, Not Active, Not Active
2026/09/30 06:25:58.848, 172, 405, 18.40, 52, 0x0000000000000000, Not Active, Not Active
2026/09/30 06:25:58.948, 172, 405, 18.40, 52, 0x0000000000000000, Not Active, Not Active
2026/09/30 06:25:59.048, 172, 405, 18.40, 52, 0x0000000000000000, Not Active, Not Active
2026/09/30 06:25:59.149, 180, 405, 18.14, 51, 0x0000000000000000, Not Active, Not Active
2026/09/30 06:25:59.249, 180, 405, 18.14, 51, 0x0000000000000000, Not Active, Not Active
2026/09/30 06:25:59.349, 180, 405, 18.14, 51, 0x0000000000000000, Not Active, Not Active
2026/09/30 06:25:59.449, 180, 405, 18.14, 51, 0x0000000000000000, Not Active, Not Active
2026/09/30 06:25:59.549, 180, 405, 18.14, 51, 0x0000000000000000, Not Active, Not Active
2026/09/30 06:25:59.649, 180, 405, 18.14, 51, 0x0000000000000000, Not Active, Not Active
2026/09/30 06:25:59.749, 180, 405, 18.14, 51, 0x0000000000000000, Not Active, Not Active
2026/09/30 06:25:59.850, 180, 405, 18.14, 51, 0x0000000000000000, Not Active, Not Active
2026/09/30 06:25:59.950, 180, 405, 18.14, 51, 0x0000000000000000, Not Active, Not Active
2026/09/30 06:26:00.050, 180, 405, 18.14, 51, 0x0000000000000000, Not Active, Not Active
2026/09/30 06:26:00.150, 180, 405, 16.29, 51, 0x0000000000000000, Not Active, Not Active
2026/09/30 06:26:00.250, 180, 405, 16.29, 51, 0x0000000000000000, Not Active, Not Active
2026/09/30 06:26:00.350, 180, 405, 16.29, 51, 0x0000000000000000, Not Active, Not Active
2026/09/30 06:26:00.450, 180, 405, 16.29, 51, 0x0000000000000000, Not Active, Not Active
2026/09/30 06:26:00.550, 180, 405, 16.29, 51, 0x0000000000000000, Not Active, Not Active
2026/09/30 06:26:00.651, 180, 405, 16.29, 51, 0x0000000000000000, Not Active, Not Active
2026/09/30 06:26:00.751, 180, 405, 16.29, 51, 0x0000000000000000, Not Active, Not Active
2026/09/30 06:26:00.851, 180, 405, 16.29, 51, 0x0000000000000000, Not Active, Not Active
2026/09/30 06:26:00.951, 180, 405, 16.29, 51, 0x0000000000000000, Not Active, Not Active
2026/09/30 06:26:01.051, 180, 405, 16.29, 51, 0x0000000000000000, Not Active, Not Active
2026/09/30 06:26:01.151, 180, 405, 14.74, 51, 0x0000000000000000, Not Active, Not Active
2026/09/30 06:26:01.251, 180, 405, 14.74, 51, 0x0000000000000000, Not Active, Not Active
2026/09/30 06:26:01.351, 180, 405, 14.74, 51, 0x0000000000000000, Not Active, Not Active
2026/09/30 06:26:01.451, 180, 405, 14.74, 51, 0x0000000000000000, Not Active, Not Active
2026/09/30 06:26:01.551, 180, 405, 14.74, 51, 0x0000000000000000, Not Active, Not Active
2026/09/30 06:26:01.652, 180, 405, 14.74, 51, 0x0000000000000000, Not Active, Not Active
2026/09/30 06:26:01.752, 180, 405, 14.74, 51, 0x0000000000000000, Not Active, Not Active
2026/09/30 06:26:01.852, 180, 405, 14.74, 51, 0x0000000000000000, Not Active, Not Active
2026/09/30 06:26:01.952, 180, 405, 14.74, 51, 0x0000000000000000, Not Active, Not Active
2026/09/30 06:26:02.052, 180, 405, 14.74, 51, 0x0000000000000000, Not Active, Not Active
2026/09/30 06:26:02.152, 180, 405, 15.12, 51, 0x0000000000000000, Not Active, Not Active
2026/09/30 06:26:02.252, 180, 405, 15.12, 51, 0x0000000000000000, Not Active, Not Active
2026/09/30 06:26:02.352, 180, 405, 15.12, 51, 0x0000000000000000, Not Active, Not Active
2026/09/30 06:26:02.452, 180, 405, 15.12, 51, 0x0000000000000000, Not Active, Not Active
2026/09/30 06:26:02.552, 180, 405, 15.12, 51, 0x0000000000000000, Not Active, Not Active
2026/09/30 06:26:02.653, 180, 405, 15.12, 51, 0x0000000000000000, Not Active, Not Active
2026/09/30 06:26:02.753, 180, 405, 15.12, 51, 0x0000000000000000, Not Active, Not Active
2026/09/30 06:26:02.853, 180, 405, 15.12, 51, 0x0000000000000000, Not Active, Not Active
2026/09/30 06:26:02.953, 180, 405, 15.12, 51, 0x0000000000000000, Not Active, Not Active
2026/09/30 06:26:03.053, 180, 405, 15.12, 51, 0x0000000000000000, Not Active, Not Active
2026/09/30 06:26:03.153, 180, 405, 14.65, 51, 0x0000000000000000, Not Active, Not Active
2026/09/30 06:26:03.253, 180, 405, 14.65, 51, 0x0000000000000000, Not Active, Not Active
2026/09/30 06:26:03.353, 180, 405, 14.65, 51, 0x0000000000000000, Not Active, Not Active
2026/09/30 06:26:03.453, 180, 405, 14.65, 51, 0x0000000000000000, Not Active, Not Active
2026/09/30 06:26:03.554, 180, 405, 14.65, 51, 0x0000000000000000, Not Active, Not Active
2026/09/30 06:26:03.654, 180, 405, 14.65, 51, 0x0000000000000000, Not Active, Not Active
2026/09/30 06:26:03.754, 180, 405, 14.65, 51, 0x0000000000000000, Not Active, Not Active
2026/09/30 06:26:03.854, 180, 405, 14.65, 51, 0x0000000000000000, Not Active, Not Active
2026/09/30 06:26:03.955, 180, 405, 14.65, 51, 0x0000000000000000, Not Active, Not Active
2026/09/30 06:26:04.055, 180, 405, 14.65, 51, 0x0000000000000000, Not Active, Not Active
2026/09/30 06:26:04.155, 180, 405, 14.72, 51, 0x0000000000000000, Not Active, Not Active
2026/09/30 06:26:04.255, 180, 405, 14.72, 51, 0x0000000000000000, Not Active, Not Active
2026/09/30 06:26:04.355, 180, 405, 14.72, 51, 0x0000000000000000, Not Active, Not Active
2026/09/30 06:26:04.456, 180, 405, 14.72, 51, 0x0000000000000000, Not Active, Not Active
2026/09/30 06:26:04.556, 180, 405, 14.72, 51, 0x0000000000000000, Not Active, Not Active
2026/09/30 06:26:04.657, 180, 405, 14.72, 51, 0x0000000000000000, Not Active, Not Active
2026/09/30 06:26:04.757, 180, 405, 14.72, 51, 0x0000000000000000, Not Active, Not Active
2026/09/30 06:26:04.857, 180, 405, 14.72, 51, 0x0000000000000000, Not Active, Not Active
2026/09/30 06:26:04.957, 180, 405, 14.72, 51, 0x0000000000000000, Not Active, Not Active
2026/09/30 06:26:05.057, 180, 405, 14.72, 51, 0x0000000000000000, Not Active, Not Active
2026/09/30 06:26:05.157, 180, 405, 14.72, 50, 0x0000000000000000, Not Active, Not Active
2026/09/30 06:26:05.257, 180, 405, 14.72, 50, 0x0000000000000000, Not Active, Not Active
2026/09/30 06:26:05.358, 180, 405, 14.72, 50, 0x0000000000000000, Not Active, Not Active
2026/09/30 06:26:05.458, 180, 405, 14.72, 50, 0x0000000000000000, Not Active, Not Active
2026/09/30 06:26:05.558, 180, 405, 14.72, 50, 0x0000000000000000, Not Active, Not Active
2026/09/30 06:26:05.658, 180, 405, 14.72, 50, 0x0000000000000000, Not Active, Not Active
2026/09/30 06:26:05.758, 180, 405, 14.72, 50, 0x0000000000000000, Not Active, Not Active
2026/09/30 06:26:05.858, 180, 405, 14.72, 50, 0x0000000000000000, Not Active, Not Active
2026/09/30 06:26:05.958, 180, 405, 14.72, 50, 0x0000000000000000, Not Active, Not Active
2026/09/30 06:26:06.058, 180, 405, 14.72, 50, 0x0000000000000000, Not Active, Not Active
2026/09/30 06:26:06.158, 180, 405, 14.59, 50, 0x0000000000000000, Not Active, Not Active
2026/09/30 06:26:06.258, 180, 405, 14.59, 50, 0x0000000000000000, Not Active, Not Active
2026/09/30 06:26:06.359, 180, 405, 14.59, 50, 0x0000000000000000, Not Active, Not Active
2026/09/30 06:26:06.459, 180, 405, 14.59, 50, 0x0000000000000000, Not Active, Not Active
2026/09/30 06:26:06.559, 180, 405, 14.59, 50, 0x0000000000000000, Not Active, Not Active
2026/09/30 06:26:06.659, 180, 405, 14.59, 50, 0x0000000000000000, Not Active, Not Active
2026/09/30 06:26:06.759, 180, 405, 14.59, 50, 0x0000000000000000, Not Active, Not Active
2026/09/30 06:26:06.859, 180, 405, 14.59, 50, 0x0000000000000000, Not Active, Not Active
2026/09/30 06:26:06.959, 180, 405, 14.59, 50, 0x0000000000000000, Not Active, Not Active
2026/09/30 06:26:07.059, 180, 405, 14.59, 50, 0x0000000000000000, Not Active, Not Active
2026/09/30 06:26:07.159, 180, 405, 14.56, 50, 0x0000000000000000, Not Active, Not Active
2026/09/30 06:26:07.260, 180, 405, 14.56, 50, 0x0000000000000000, Not Active, Not Active
2026/09/30 06:26:07.360, 180, 405, 14.56, 50, 0x0000000000000000, Not Active, Not Active
2026/09/30 06:26:07.460, 180, 405, 14.56, 50, 0x0000000000000000, Not Active, Not Active
2026/09/30 06:26:07.560, 180, 405, 14.56, 50, 0x0000000000000000, Not Active, Not Active
2026/09/30 06:26:07.660, 180, 405, 14.56, 50, 0x0000000000000000, Not Active, Not Active
2026/09/30 06:26:07.760, 180, 405, 14.56, 50, 0x0000000000000000, Not Active, Not Active
2026/09/30 06:26:07.860, 180, 405, 14.56, 50, 0x0000000000000000, Not Active, Not Active
2026/09/30 06:26:07.960, 180, 405, 14.56, 50, 0x0000000000000000, Not Active, Not Active
2026/09/30 06:26:08.060, 180, 405, 14.56, 50, 0x0000000000000000, Not Active, Not Active
2026/09/30 06:26:08.160, 180, 405, 14.56, 50, 0x0000000000000000, Not Active, Not Active
2026/09/30 06:26:08.261, 180, 405, 14.56, 50, 0x0000000000000000, Not Active, Not Active
2026/09/30 06:26:08.361, 180, 405, 14.56, 50, 0x0000000000000000, Not Active, Not Active
2026/09/30 06:26:08.461, 180, 405, 14.56, 50, 0x0000000000000000, Not Active, Not Active
2026/09/30 06:26:08.561, 180, 405, 14.56, 50, 0x0000000000000000, Not Active, Not Active
2026/09/30 06:26:08.661, 180, 405, 14.56, 50, 0x0000000000000000, Not Active, Not Active
2026/09/30 06:26:08.761, 180, 405, 14.56, 50, 0x0000000000000000, Not Active, Not Active
2026/09/30 06:26:08.862, 180, 405, 14.56, 50, 0x0000000000000000, Not Active, Not Active
2026/09/30 06:26:08.962, 180, 405, 14.56, 50, 0x0000000000000000, Not Active, Not Active
2026/09/30 06:26:09.062, 180, 405, 14.56, 50, 0x0000000000000000, Not Active, Not Active
2026/09/30 06:26:09.163, 180, 405, 14.46, 50, 0x0000000000000000, Not Active, Not Active
2026/09/30 06:26:09.263, 180, 405, 14.46, 50, 0x0000000000000000, Not Active, Not Active
2026/09/30 06:26:09.363, 180, 405, 14.46, 50, 0x0000000000000000, Not Active, Not Active
2026/09/30 06:26:09.463, 180, 405, 14.46, 50, 0x0000000000000000, Not Active, Not Active
2026/09/30 06:26:09.563, 180, 405, 14.46, 50, 0x0000000000000000, Not Active, Not Active
2026/09/30 06:26:09.663, 180, 405, 14.46, 50, 0x0000000000000000, Not Active, Not Active
2026/09/30 06:26:09.763, 180, 405, 14.46, 50, 0x0000000000000000, Not Active, Not Active
2026/09/30 06:26:09.863, 180, 405, 14.46, 50, 0x0000000000000000, Not Active, Not Active
2026/09/30 06:26:09.964, 180, 405, 14.46, 50, 0x0000000000000000, Not Active, Not Active
2026/09/30 06:26:10.064, 180, 405, 14.46, 50, 0x0000000000000000, Not Active, Not Active
2026/09/30 06:26:10.164, 180, 405, 14.69, 50, 0x0000000000000000, Not Active, Not Active
2026/09/30 06:26:10.264, 180, 405, 14.69, 50, 0x0000000000000000, Not Active, Not Active
2026/09/30 06:26:10.364, 180, 405, 14.69, 50, 0x0000000000000000, Not Active, Not Active
2026/09/30 06:26:10.464, 180, 405, 14.69, 50, 0x0000000000000000, Not Active, Not Active
2026/09/30 06:26:10.564, 180, 405, 14.69, 50, 0x0000000000000000, Not Active, Not Active
2026/09/30 06:26:10.664, 180, 405, 14.69, 50, 0x0000000000000000, Not Active, Not Active
2026/09/30 06:26:10.765, 180, 405, 14.69, 50, 0x0000000000000000, Not Active, Not Active
2026/09/30 06:26:10.865, 180, 405, 14.69, 50, 0x0000000000000000, Not Active, Not Active
2026/09/30 06:26:10.965, 180, 405, 14.69, 50, 0x0000000000000000, Not Active, Not Active
2026/09/30 06:26:11.065, 180, 405, 14.69, 50, 0x0000000000000000, Not Active, Not Active
2026/09/30 06:26:11.165, 180, 405, 14.45, 50, 0x0000000000000000, Not Active, Not Active
2026/09/30 06:26:11.265, 180, 405, 14.45, 50, 0x0000000000000000, Not Active, Not Active
2026/09/30 06:26:11.365, 180, 405, 14.45, 50, 0x0000000000000000, Not Active, Not Active
2026/09/30 06:26:11.465, 180, 405, 14.45, 50, 0x0000000000000000, Not Active, Not Active
2026/09/30 06:26:11.565, 180, 405, 14.45, 50, 0x0000000000000000, Not Active, Not Active
2026/09/30 06:26:11.665, 180, 405, 14.45, 50, 0x0000000000000000, Not Active, Not Active
2026/09/30 06:26:11.766, 180, 405, 14.45, 50, 0x0000000000000000, Not Active, Not Active
2026/09/30 06:26:11.866, 180, 405, 14.45, 50, 0x0000000000000000, Not Active, Not Active
2026/09/30 06:26:11.966, 180, 405, 14.45, 50, 0x0000000000000000, Not Active, Not Active
2026/09/30 06:26:12.066, 180, 405, 14.45, 50, 0x0000000000000000, Not Active, Not Active
2026/09/30 06:26:12.166, 180, 405, 14.50, 49, 0x0000000000000000, Not Active, Not Active
2026/09/30 06:26:12.266, 180, 405, 14.50, 49, 0x0000000000000000, Not Active, Not Active
2026/09/30 06:26:12.366, 180, 405, 14.50, 49, 0x0000000000000000, Not Active, Not Active
2026/09/30 06:26:12.466, 180, 405, 14.50, 49, 0x0000000000000000, Not Active, Not Active
2026/09/30 06:26:12.566, 180, 405, 14.50, 49, 0x0000000000000000, Not Active, Not Active
2026/09/30 06:26:12.666, 180, 405, 14.50, 49, 0x0000000000000000, Not Active, Not Active
2026/09/30 06:26:12.767, 180, 405, 14.50, 49, 0x0000000000000000, Not Active, Not Active
2026/09/30 06:26:12.867, 180, 405, 14.50, 49, 0x0000000000000000, Not Active, Not Active
2026/09/30 06:26:12.967, 180, 405, 14.50, 49, 0x0000000000000000, Not Active, Not Active
2026/09/30 06:26:13.067, 180, 405, 14.50, 49, 0x0000000000000000, Not Active, Not Active
2026/09/30 06:26:13.167, 180, 405, 14.46, 49, 0x0000000000000000, Not Active, Not Active
2026/09/30 06:26:13.267, 180, 405, 14.46, 49, 0x0000000000000000, Not Active, Not Active
2026/09/30 06:26:13.367, 180, 405, 14.46, 49, 0x0000000000000000, Not Active, Not Active
2026/09/30 06:26:13.467, 180, 405, 14.46, 49, 0x0000000000000000, Not Active, Not Active
2026/09/30 06:26:13.567, 180, 405, 14.46, 49, 0x0000000000000000, Not Active, Not Active
2026/09/30 06:26:13.668, 180, 405, 14.46, 49, 0x0000000000000000, Not Active, Not Active
2026/09/30 06:26:13.768, 180, 405, 14.46, 49, 0x0000000000000000, Not Active, Not Active
2026/09/30 06:26:13.868, 180, 405, 14.46, 49, 0x0000000000000000, Not Active, Not Active
2026/09/30 06:26:13.968, 180, 405, 14.46, 49, 0x0000000000000000, Not Active, Not Active
2026/09/30 06:26:14.068, 180, 405, 14.46, 49, 0x0000000000000000, Not Active, Not Active
2026/09/30 06:26:14.168, 180, 405, 14.48, 49, 0x0000000000000000, Not Active, Not Active
2026/09/30 06:26:14.268, 180, 405, 14.48, 49, 0x0000000000000000, Not Active, Not Active
2026/09/30 06:26:14.369, 180, 405, 14.48, 49, 0x0000000000000000, Not Active, Not Active
2026/09/30 06:26:14.469, 180, 405, 14.48, 49, 0x0000000000000000, Not Active, Not Active
2026/09/30 06:26:14.569, 180, 405, 14.48, 49, 0x0000000000000000, Not Active, Not Active
2026/09/30 06:26:14.669, 180, 405, 14.48, 49, 0x0000000000000000, Not Active, Not Active
2026/09/30 06:26:14.769, 180, 405, 14.48, 49, 0x0000000000000000, Not Active, Not Active
2026/09/30 06:26:14.869, 180, 405, 14.48, 49, 0x0000000000000000, Not Active, Not Active
2026/09/30 06:26:14.969, 180, 405, 14.48, 49, 0x0000000000000000, Not Active, Not Active
2026/09/30 06:26:15.069, 180, 405, 14.48, 49, 0x0000000000000000, Not Active, Not Active
2026/09/30 06:26:15.170, 180, 405, 14.50, 49, 0x0000000000000000, Not Active, Not Active
2026/09/30 06:26:15.270, 180, 405, 14.50, 49, 0x0000000000000000, Not Active, Not Active
2026/09/30 06:26:15.370, 180, 405, 14.50, 49, 0x0000000000000000, Not Active, Not Active
2026/09/30 06:26:15.470, 180, 405, 14.50, 49, 0x0000000000000000, Not Active, Not Active
2026/09/30 06:26:15.570, 180, 405, 14.50, 49, 0x0000000000000000, Not Active, Not Active
2026/09/30 06:26:15.670, 180, 405, 14.50, 49, 0x0000000000000000, Not Active, Not Active
2026/09/30 06:26:15.770, 180, 405, 14.50, 49, 0x0000000000000000, Not Active, Not Active
2026/09/30 06:26:15.870, 180, 405, 14.50, 49, 0x0000000000000000, Not Active, Not Active
2026/09/30 06:26:15.971, 180, 405, 14.50, 49, 0x0000000000000000, Not Active, Not Active
2026/09/30 06:26:16.071, 180, 405, 14.34, 49, 0x0000000000000000, Not Active, Not Active
2026/09/30 06:26:16.171, 180, 405, 14.34, 49, 0x0000000000000000, Not Active, Not Active
2026/09/30 06:26:16.271, 180, 405, 14.34, 49, 0x0000000000000000, Not Active, Not Active
2026/09/30 06:26:16.371, 180, 405, 14.34, 49, 0x0000000000000000, Not Active, Not Active
2026/09/30 06:26:16.471, 180, 405, 14.34, 49, 0x0000000000000000, Not Active, Not Active
2026/09/30 06:26:16.571, 180, 405, 14.34, 49, 0x0000000000000000, Not Active, Not Active
2026/09/30 06:26:16.672, 180, 405, 14.34, 49, 0x0000000000000000, Not Active, Not Active
2026/09/30 06:26:16.772, 180, 405, 14.34, 49, 0x0000000000000000, Not Active, Not Active
2026/09/30 06:26:16.872, 180, 405, 14.34, 49, 0x0000000000000000, Not Active, Not Active
2026/09/30 06:26:16.972, 180, 405, 14.34, 49, 0x0000000000000000, Not Active, Not Active
2026/09/30 06:26:17.072, 180, 405, 14.26, 49, 0x0000000000000000, Not Active, Not Active
2026/09/30 06:26:17.172, 180, 405, 14.26, 49, 0x0000000000000000, Not Active, Not Active
2026/09/30 06:26:17.272, 180, 405, 14.26, 49, 0x0000000000000000, Not Active, Not Active
2026/09/30 06:26:17.373, 180, 405, 14.26, 49, 0x0000000000000000, Not Active, Not Active
2026/09/30 06:26:17.473, 180, 405, 14.26, 49, 0x0000000000000000, Not Active, Not Active
2026/09/30 06:26:17.573, 180, 405, 14.26, 49, 0x0000000000000000, Not Active, Not Active
2026/09/30 06:26:17.673, 180, 405, 14.26, 49, 0x0000000000000000, Not Active, Not Active
2026/09/30 06:26:17.773, 180, 405, 14.26, 49, 0x0000000000000000, Not Active, Not Active
2026/09/30 06:26:17.873, 180, 405, 14.26, 49, 0x0000000000000000, Not Active, Not Active
2026/09/30 06:26:17.973, 180, 405, 14.26, 49, 0x0000000000000000, Not Active, Not Active
2026/09/30 06:26:18.073, 180, 405, 14.53, 49, 0x0000000000000000, Not Active, Not Active
2026/09/30 06:26:18.174, 180, 405, 14.53, 49, 0x0000000000000000, Not Active, Not Active
2026/09/30 06:26:18.274, 180, 405, 14.53, 49, 0x0000000000000000, Not Active, Not Active
2026/09/30 06:26:18.374, 180, 405, 14.53, 49, 0x0000000000000000, Not Active, Not Active
2026/09/30 06:26:18.474, 180, 405, 14.53, 49, 0x0000000000000000, Not Active, Not Active
2026/09/30 06:26:18.574, 180, 405, 14.53, 49, 0x0000000000000000, Not Active, Not Active
2026/09/30 06:26:18.674, 180, 405, 14.53, 49, 0x0000000000000000, Not Active, Not Active
2026/09/30 06:26:18.774, 180, 405, 14.53, 49, 0x0000000000000000, Not Active, Not Active
2026/09/30 06:26:18.874, 180, 405, 14.53, 49, 0x0000000000000000, Not Active, Not Active
2026/09/30 06:26:18.974, 180, 405, 14.53, 49, 0x0000000000000000, Not Active, Not Active
2026/09/30 06:26:19.074, 180, 405, 14.36, 49, 0x0000000000000000, Not Active, Not Active
2026/09/30 06:26:19.175, 180, 405, 14.36, 49, 0x0000000000000000, Not Active, Not Active
2026/09/30 06:26:19.275, 180, 405, 14.36, 49, 0x0000000000000000, Not Active, Not Active
2026/09/30 06:26:19.375, 180, 405, 14.36, 49, 0x0000000000000000, Not Active, Not Active
2026/09/30 06:26:19.475, 180, 405, 14.36, 49, 0x0000000000000000, Not Active, Not Active
2026/09/30 06:26:19.575, 180, 405, 14.36, 49, 0x0000000000000000, Not Active, Not Active
2026/09/30 06:26:19.675, 180, 405, 14.36, 49, 0x0000000000000000, Not Active, Not Active
2026/09/30 06:26:19.775, 180, 405, 14.36, 49, 0x0000000000000000, Not Active, Not Active
2026/09/30 06:26:19.875, 180, 405, 14.36, 49, 0x0000000000000000, Not Active, Not Active
2026/09/30 06:26:19.975, 180, 405, 14.36, 49, 0x0000000000000000, Not Active, Not Active
2026/09/30 06:26:20.075, 180, 405, 14.23, 49, 0x0000000000000000, Not Active, Not Active
2026/09/30 06:26:20.176, 180, 405, 14.23, 49, 0x0000000000000000, Not Active, Not Active
2026/09/30 06:26:20.276, 180, 405, 14.23, 49, 0x0000000000000000, Not Active, Not Active
2026/09/30 06:26:20.376, 180, 405, 14.23, 49, 0x0000000000000000, Not Active, Not Active
2026/09/30 06:26:20.476, 180, 405, 14.23, 49, 0x0000000000000000, Not Active, Not Active
2026/09/30 06:26:20.576, 180, 14001, 14.62, 48, 0x0000000000000000, Not Active, Not Active
2026/09/30 06:26:20.676, 180, 14001, 14.62, 48, 0x0000000000000000, Not Active, Not Active
2026/09/30 06:26:20.776, 180, 14001, 14.62, 48, 0x0000000000000000, Not Active, Not Active
2026/09/30 06:26:20.876, 180, 14001, 14.62, 48, 0x0000000000000000, Not Active, Not Active
2026/09/30 06:26:20.976, 180, 14001, 14.62, 48, 0x0000000000000000, Not Active, Not Active
2026/09/30 06:26:21.077, 2760, 13365, 45.49, 50, 0x0000000000000000, Not Active, Not Active
2026/09/30 06:26:21.177, 2760, 13365, 45.49, 50, 0x0000000000000000, Not Active, Not Active
2026/09/30 06:26:21.277, 2760, 13365, 45.49, 50, 0x0000000000000000, Not Active, Not Active
2026/09/30 06:26:21.377, 2760, 13365, 45.49, 50, 0x0000000000000000, Not Active, Not Active
2026/09/30 06:26:21.477, 2760, 13365, 45.49, 50, 0x0000000000000000, Not Active, Not Active
2026/09/30 06:26:21.577, 2610, 13365, 55.33, 50, 0x0000000000000000, Not Active, Not Active
2026/09/30 06:26:21.677, 2610, 13365, 55.33, 50, 0x0000000000000000, Not Active, Not Active
2026/09/30 06:26:21.777, 2610, 13365, 55.33, 50, 0x0000000000000000, Not Active, Not Active
2026/09/30 06:26:21.878, 2610, 13365, 55.33, 50, 0x0000000000000000, Not Active, Not Active
2026/09/30 06:26:21.978, 2610, 13365, 55.33, 50, 0x0000000000000000, Not Active, Not Active
2026/09/30 06:26:22.078, 2677, 13365, 104.63, 51, 0x0000000000000000, Not Active, Not Active
2026/09/30 06:26:22.178, 2677, 13365, 104.63, 51, 0x0000000000000000, Not Active, Not Active
2026/09/30 06:26:22.278, 2677, 13365, 104.63, 51, 0x0000000000000000, Not Active, Not Active
2026/09/30 06:26:22.378, 2677, 13365, 104.63, 51, 0x0000000000000000, Not Active, Not Active
2026/09/30 06:26:22.478, 2677, 13365, 104.63, 51, 0x0000000000000000, Not Active, Not Active
2026/09/30 06:26:22.579, 2662, 13365, 124.75, 51, 0x0000000000000000, Not Active, Not Active
2026/09/30 06:26:22.679, 2662, 13365, 124.75, 51, 0x0000000000000000, Not Active, Not Active
2026/09/30 06:26:22.779, 2662, 13365, 124.75, 51, 0x0000000000000000, Not Active, Not Active
2026/09/30 06:26:22.879, 2662, 13365, 124.75, 51, 0x0000000000000000, Not Active, Not Active
2026/09/30 06:26:22.979, 2662, 13365, 124.75, 51, 0x0000000000000000, Not Active, Not Active
2026/09/30 06:26:23.079, 2662, 13365, 126.50, 51, 0x0000000000000000, Not Active, Not Active
2026/09/30 06:26:23.179, 2662, 13365, 126.50, 51, 0x0000000000000000, Not Active, Not Active
2026/09/30 06:26:23.279, 2662, 13365, 126.50, 51, 0x0000000000000000, Not Active, Not Active
2026/09/30 06:26:23.380, 2662, 13365, 126.50, 51, 0x0000000000000000, Not Active, Not Active
2026/09/30 06:26:23.480, 2662, 13365, 126.50, 51, 0x0000000000000000, Not Active, Not Active
2026/09/30 06:26:23.580, 2655, 13365, 127.89, 51, 0x0000000000000000, Not Active, Not Active
2026/09/30 06:26:23.680, 2655, 13365, 127.89, 51, 0x0000000000000000, Not Active, Not Active
2026/09/30 06:26:23.780, 2655, 13365, 127.89, 51, 0x0000000000000000, Not Active, Not Active
2026/09/30 06:26:23.880, 2655, 13365, 127.89, 51, 0x0000000000000000, Not Active, Not Active
2026/09/30 06:26:23.980, 2655, 13365, 127.89, 51, 0x0000000000000000, Not Active, Not Active
2026/09/30 06:26:24.080, 2655, 13365, 130.90, 51, 0x0000000000000000, Not Active, Not Active
2026/09/30 06:26:24.180, 2655, 13365, 130.90, 51, 0x0000000000000000, Not Active, Not Active
2026/09/30 06:26:24.281, 2655, 13365, 130.90, 51, 0x0000000000000000, Not Active, Not Active
2026/09/30 06:26:24.381, 2655, 13365, 130.90, 51, 0x0000000000000000, Not Active, Not Active
2026/09/30 06:26:24.481, 2655, 13365, 130.90, 51, 0x0000000000000000, Not Active, Not Active
2026/09/30 06:26:24.581, 2662, 13365, 130.20, 51, 0x0000000000000000, Not Active, Not Active
2026/09/30 06:26:24.682, 2662, 13365, 130.20, 51, 0x0000000000000000, Not Active, Not Active
2026/09/30 06:26:24.782, 2662, 13365, 130.20, 51, 0x0000000000000000, Not Active, Not Active
2026/09/30 06:26:24.882, 2662, 13365, 130.20, 51, 0x0000000000000000, Not Active, Not Active
2026/09/30 06:26:24.982, 2662, 13365, 130.20, 51, 0x0000000000000000, Not Active, Not Active
2026/09/30 06:26:25.082, 2685, 13365, 129.93, 51, 0x0000000000000000, Not Active, Not Active
2026/09/30 06:26:25.182, 2685, 13365, 129.93, 51, 0x0000000000000000, Not Active, Not Active
2026/09/30 06:26:25.282, 2685, 13365, 129.93, 51, 0x0000000000000000, Not Active, Not Active
2026/09/30 06:26:25.383, 2685, 13365, 129.93, 51, 0x0000000000000000, Not Active, Not Active
2026/09/30 06:26:25.483, 2685, 13365, 129.93, 51, 0x0000000000000000, Not Active, Not Active
2026/09/30 06:26:25.583, 2677, 13365, 125.42, 51, 0x0000000000000000, Not Active, Not Active
2026/09/30 06:26:25.683, 2677, 13365, 125.42, 51, 0x0000000000000000, Not Active, Not Active
2026/09/30 06:26:25.783, 2677, 13365, 125.42, 51, 0x0000000000000000, Not Active, Not Active
2026/09/30 06:26:25.883, 2677, 13365, 125.42, 51, 0x0000000000000000, Not Active, Not Active
2026/09/30 06:26:25.983, 2677, 13365, 125.42, 51, 0x0000000000000000, Not Active, Not Active
2026/09/30 06:26:26.083, 2662, 13365, 128.03, 52, 0x0000000000000000, Not Active, Not Active
2026/09/30 06:26:26.184, 2662, 13365, 128.03, 52, 0x0000000000000000, Not Active, Not Active
2026/09/30 06:26:26.284, 2662, 13365, 128.03, 52, 0x0000000000000000, Not Active, Not Active
2026/09/30 06:26:26.384, 2662, 13365, 128.03, 52, 0x0000000000000000, Not Active, Not Active
2026/09/30 06:26:26.484, 2662, 13365, 128.03, 52, 0x0000000000000000, Not Active, Not Active
2026/09/30 06:26:26.584, 2662, 13365, 134.29, 52, 0x0000000000000000, Not Active, Not Active
2026/09/30 06:26:26.684, 2662, 13365, 134.29, 52, 0x0000000000000000, Not Active, Not Active
2026/09/30 06:26:26.784, 2662, 13365, 134.29, 52, 0x0000000000000000, Not Active, Not Active
2026/09/30 06:26:26.885, 2662, 13365, 134.29, 52, 0x0000000000000000, Not Active, Not Active
2026/09/30 06:26:26.985, 2662, 13365, 134.29, 52, 0x0000000000000000, Not Active, Not Active
2026/09/30 06:26:27.085, 2662, 13365, 136.68, 51, 0x0000000000000000, Not Active, Not Active
2026/09/30 06:26:27.185, 2662, 13365, 136.68, 51, 0x0000000000000000, Not Active, Not Active
2026/09/30 06:26:27.285, 2662, 13365, 136.68, 51, 0x0000000000000000, Not Active, Not Active
2026/09/30 06:26:27.385, 2662, 13365, 136.68, 51, 0x0000000000000000, Not Active, Not Active
2026/09/30 06:26:27.485, 2662, 13365, 136.68, 51, 0x0000000000000000, Not Active, Not Active
2026/09/30 06:26:27.585, 2662, 13365, 137.05, 52, 0x0000000000000000, Not Active, Not Active
2026/09/30 06:26:27.686, 2662, 13365, 137.05, 52, 0x0000000000000000, Not Active, Not Active
2026/09/30 06:26:27.786, 2662, 13365, 137.05, 52, 0x0000000000000000, Not Active, Not Active
2026/09/30 06:26:27.886, 2662, 13365, 137.05, 52, 0x0000000000000000, Not Active, Not Active
2026/09/30 06:26:27.986, 2662, 13365, 137.05, 52, 0x0000000000000000, Not Active, Not Active
2026/09/30 06:26:28.086, 2662, 13365, 139.44, 51, 0x0000000000000000, Not Active, Not Active
2026/09/30 06:26:28.187, 2662, 13365, 139.44, 51, 0x0000000000000000, Not Active, Not Active
2026/09/30 06:26:28.287, 2662, 13365, 139.44, 51, 0x0000000000000000, Not Active, Not Active
2026/09/30 06:26:28.388, 2662, 13365, 139.44, 51, 0x0000000000000000, Not Active, Not Active
2026/09/30 06:26:28.488, 2662, 13365, 139.44, 51, 0x0000000000000000, Not Active, Not Active
2026/09/30 06:26:28.588, 2692, 13365, 147.75, 52, 0x0000000000000000, Not Active, Not Active
2026/09/30 06:26:28.689, 2692, 13365, 147.75, 52, 0x0000000000000000, Not Active, Not Active
2026/09/30 06:26:28.790, 2692, 13365, 147.75, 52, 0x0000000000000000, Not Active, Not Active
2026/09/30 06:26:28.890, 2692, 13365, 147.75, 52, 0x0000000000000000, Not Active, Not Active
2026/09/30 06:26:28.990, 2692, 13365, 147.75, 52, 0x0000000000000000, Not Active, Not Active
2026/09/30 06:26:29.090, 2640, 13365, 137.85, 52, 0x0000000000000000, Not Active, Not Active
2026/09/30 06:26:29.191, 2640, 13365, 137.85, 52, 0x0000000000000000, Not Active, Not Active
2026/09/30 06:26:29.291, 2640, 13365, 137.85, 52, 0x0000000000000000, Not Active, Not Active
2026/09/30 06:26:29.391, 2640, 13365, 137.85, 52, 0x0000000000000000, Not Active, Not Active
2026/09/30 06:26:29.492, 2640, 13365, 137.85, 52, 0x0000000000000000, Not Active, Not Active
2026/09/30 06:26:29.592, 2662, 13365, 144.28, 53, 0x0000000000000000, Not Active, Not Active
2026/09/30 06:26:29.692, 2662, 13365, 144.28, 53, 0x0000000000000000, Not Active, Not Active
2026/09/30 06:26:29.792, 2662, 13365, 144.28, 53, 0x0000000000000000, Not Active, Not Active
2026/09/30 06:26:29.892, 2662, 13365, 144.28, 53, 0x0000000000000000, Not Active, Not Active
2026/09/30 06:26:29.992, 2662, 13365, 144.28, 53, 0x0000000000000000, Not Active, Not Active
2026/09/30 06:26:30.092, 2655, 13365, 151.10, 52, 0x0000000000000000, Not Active, Not Active
2026/09/30 06:26:30.192, 2655, 13365, 151.10, 52, 0x0000000000000000, Not Active, Not Active
2026/09/30 06:26:30.293, 2655, 13365, 151.10, 52, 0x0000000000000000, Not Active, Not Active
2026/09/30 06:26:30.393, 2655, 13365, 151.10, 52, 0x0000000000000000, Not Active, Not Active
2026/09/30 06:26:30.493, 2655, 13365, 151.10, 52, 0x0000000000000000, Not Active, Not Active
2026/09/30 06:26:30.593, 2640, 13365, 152.26, 52, 0x0000000000000000, Not Active, Not Active
2026/09/30 06:26:30.693, 2640, 13365, 152.26, 52, 0x0000000000000000, Not Active, Not Active
2026/09/30 06:26:30.793, 2640, 13365, 152.26, 52, 0x0000000000000000, Not Active, Not Active
2026/09/30 06:26:30.893, 2640, 13365, 152.26, 52, 0x0000000000000000, Not Active, Not Active
2026/09/30 06:26:30.993, 2640, 13365, 152.26, 52, 0x0000000000000000, Not Active, Not Active
2026/09/30 06:26:31.094, 2625, 13365, 142.33, 51, 0x0000000000000000, Not Active, Not Active
2026/09/30 06:26:31.194, 2625, 13365, 142.33, 51, 0x0000000000000000, Not Active, Not Active
2026/09/30 06:26:31.294, 2625, 13365, 142.33, 51, 0x0000000000000000, Not Active, Not Active
2026/09/30 06:26:31.394, 2625, 13365, 142.33, 51, 0x0000000000000000, Not Active, Not Active
2026/09/30 06:26:31.494, 2625, 13365, 142.33, 51, 0x0000000000000000, Not Active, Not Active
2026/09/30 06:26:31.594, 2640, 13365, 152.83, 53, 0x0000000000000000, Not Active, Not Active
2026/09/30 06:26:31.694, 2640, 13365, 152.83, 53, 0x0000000000000000, Not Active, Not Active
2026/09/30 06:26:31.795, 2640, 13365, 152.83, 53, 0x0000000000000000, Not Active, Not Active
2026/09/30 06:26:31.895, 2640, 13365, 152.83, 53, 0x0000000000000000, Not Active, Not Active
2026/09/30 06:26:31.995, 2640, 13365, 152.83, 53, 0x0000000000000000, Not Active, Not Active
2026/09/30 06:26:32.095, 2640, 13365, 162.68, 53, 0x0000000000000000, Not Active, Not Active
2026/09/30 06:26:32.195, 2640, 13365, 162.68, 53, 0x0000000000000000, Not Active, Not Active
2026/09/30 06:26:32.295, 2640, 13365, 162.68, 53, 0x0000000000000000, Not Active, Not Active
2026/09/30 06:26:32.395, 2640, 13365, 162.68, 53, 0x0000000000000000, Not Active, Not Active
2026/09/30 06:26:32.496, 2640, 13365, 162.68, 53, 0x0000000000000000, Not Active, Not Active
2026/09/30 06:26:32.596, 2632, 13365, 173.32, 53, 0x0000000000000000, Not Active, Not Active
2026/09/30 06:26:32.696, 2632, 13365, 173.32, 53, 0x0000000000000000, Not Active, Not Active
2026/09/30 06:26:32.796, 2632, 13365, 173.32, 53, 0x0000000000000000, Not Active, Not Active
2026/09/30 06:26:32.896, 2632, 13365, 173.32, 53, 0x0000000000000000, Not Active, Not Active
2026/09/30 06:26:32.996, 2632, 13365, 173.32, 53, 0x0000000000000000, Not Active, Not Active
2026/09/30 06:26:33.096, 2632, 13365, 174.34, 53, 0x0000000000000000, Not Active, Not Active
2026/09/30 06:26:33.197, 2632, 13365, 174.34, 53, 0x0000000000000000, Not Active, Not Active
2026/09/30 06:26:33.297, 2632, 13365, 174.34, 53, 0x0000000000000000, Not Active, Not Active
2026/09/30 06:26:33.397, 2632, 13365, 174.34, 53, 0x0000000000000000, Not Active, Not Active
2026/09/30 06:26:33.497, 2632, 13365, 174.34, 53, 0x0000000000000000, Not Active, Not Active
2026/09/30 06:26:33.598, 2610, 13365, 140.92, 54, 0x0000000000000000, Not Active, Not Active
2026/09/30 06:26:33.698, 2610, 13365, 140.92, 54, 0x0000000000000000, Not Active, Not Active
2026/09/30 06:26:33.798, 2610, 13365, 140.92, 54, 0x0000000000000000, Not Active, Not Active
2026/09/30 06:26:33.899, 2610, 13365, 140.92, 54, 0x0000000000000000, Not Active, Not Active
2026/09/30 06:26:33.999, 2610, 13365, 140.92, 54, 0x0000000000000000, Not Active, Not Active
2026/09/30 06:26:34.100, 2595, 13365, 154.81, 53, 0x0000000000000000, Not Active, Not Active
2026/09/30 06:26:34.200, 2595, 13365, 154.81, 53, 0x0000000000000000, Not Active, Not Active
2026/09/30 06:26:34.300, 2595, 13365, 154.81, 53, 0x0000000000000000, Not Active, Not Active
2026/09/30 06:26:34.400, 2595, 13365, 154.81, 53, 0x0000000000000000, Not Active, Not Active
2026/09/30 06:26:34.501, 2595, 13365, 154.81, 53, 0x0000000000000000, Not Active, Not Active
2026/09/30 06:26:34.601, 2595, 13365, 202.01, 56, 0x0000000000000000, Not Active, Not Active
2026/09/30 06:26:34.701, 2595, 13365, 202.01, 56, 0x0000000000000000, Not Active, Not Active
2026/09/30 06:26:34.802, 2595, 13365, 202.01, 56, 0x0000000000000000, Not Active, Not Active
2026/09/30 06:26:34.902, 2595, 13365, 202.01, 56, 0x0000000000000000, Not Active, Not Active
2026/09/30 06:26:35.002, 2595, 13365, 202.01, 56, 0x0000000000000000, Not Active, Not Active
2026/09/30 06:26:35.102, 2602, 13365, 191.36, 54, 0x0000000000000000, Not Active, Not Active
2026/09/30 06:26:35.202, 2602, 13365, 191.36, 54, 0x0000000000000000, Not Active, Not Active
2026/09/30 06:26:35.302, 2602, 13365, 191.36, 54, 0x0000000000000000, Not Active, Not Active
2026/09/30 06:26:35.402, 2602, 13365, 191.36, 54, 0x0000000000000000, Not Active, Not Active
2026/09/30 06:26:35.502, 2602, 13365, 191.36, 54, 0x0000000000000000, Not Active, Not Active
2026/09/30 06:26:35.603, 2602, 13365, 190.57, 53, 0x0000000000000000, Not Active, Not Active
2026/09/30 06:26:35.703, 2602, 13365, 190.57, 53, 0x0000000000000000, Not Active, Not Active
2026/09/30 06:26:35.803, 2602, 13365, 190.57, 53, 0x0000000000000000, Not Active, Not Active
2026/09/30 06:26:35.903, 2602, 13365, 190.57, 53, 0x0000000000000000, Not Active, Not Active
2026/09/30 06:26:36.004, 2602, 13365, 190.57, 53, 0x0000000000000000, Not Active, Not Active
2026/09/30 06:26:36.104, 2685, 13365, 180.38, 53, 0x0000000000000000, Not Active, Not Active
2026/09/30 06:26:36.204, 2685, 13365, 180.38, 53, 0x0000000000000000, Not Active, Not Active
2026/09/30 06:26:36.304, 2685, 13365, 180.38, 53, 0x0000000000000000, Not Active, Not Active
2026/09/30 06:26:36.404, 2685, 13365, 180.38, 53, 0x0000000000000000, Not Active, Not Active
2026/09/30 06:26:36.505, 2685, 13365, 180.38, 53, 0x0000000000000000, Not Active, Not Active
2026/09/30 06:26:36.605, 2692, 13365, 146.60, 52, 0x0000000000000000, Not Active, Not Active
2026/09/30 06:26:36.705, 2692, 13365, 146.60, 52, 0x0000000000000000, Not Active, Not Active
2026/09/30 06:26:36.805, 2692, 13365, 146.60, 52, 0x0000000000000000, Not Active, Not Active
2026/09/30 06:26:36.905, 2692, 13365, 146.60, 52, 0x0000000000000000, Not Active, Not Active
2026/09/30 06:26:37.006, 2692, 13365, 146.60, 52, 0x0000000000000000, Not Active, Not Active
2026/09/30 06:26:37.106, 2677, 13365, 128.70, 52, 0x0000000000000000, Not Active, Not Active
2026/09/30 06:26:37.207, 2677, 13365, 128.70, 52, 0x0000000000000000, Not Active, Not Active
2026/09/30 06:26:37.307, 2677, 13365, 128.70, 52, 0x0000000000000000, Not Active, Not Active
2026/09/30 06:26:37.408, 2677, 13365, 128.70, 52, 0x0000000000000000, Not Active, Not Active
2026/09/30 06:26:37.508, 2677, 13365, 128.70, 52, 0x0000000000000000, Not Active, Not Active
2026/09/30 06:26:37.608, 2670, 13365, 130.57, 52, 0x0000000000000000, Not Active, Not Active
2026/09/30 06:26:37.708, 2670, 13365, 130.57, 52, 0x0000000000000000, Not Active, Not Active
2026/09/30 06:26:37.808, 2670, 13365, 130.57, 52, 0x0000000000000000, Not Active, Not Active
2026/09/30 06:26:37.908, 2670, 13365, 130.57, 52, 0x0000000000000000, Not Active, Not Active
2026/09/30 06:26:38.008, 2670, 13365, 130.57, 52, 0x0000000000000000, Not Active, Not Active
2026/09/30 06:26:38.108, 2655, 13365, 129.51, 53, 0x0000000000000000, Not Active, Not Active
2026/09/30 06:26:38.208, 2655, 13365, 129.51, 53, 0x0000000000000000, Not Active, Not Active
2026/09/30 06:26:38.309, 2655, 13365, 129.51, 53, 0x0000000000000000, Not Active, Not Active
2026/09/30 06:26:38.409, 2655, 13365, 129.51, 53, 0x0000000000000000, Not Active, Not Active
2026/09/30 06:26:38.509, 2655, 13365, 129.51, 53, 0x0000000000000000, Not Active, Not Active
2026/09/30 06:26:38.609, 2655, 13365, 127.45, 52, 0x0000000000000000, Not Active, Not Active
2026/09/30 06:26:38.709, 2655, 13365, 127.45, 52, 0x0000000000000000, Not Active, Not Active
2026/09/30 06:26:38.809, 2655, 13365, 127.45, 52, 0x0000000000000000, Not Active, Not Active
2026/09/30 06:26:38.909, 2655, 13365, 127.45, 52, 0x0000000000000000, Not Active, Not Active
2026/09/30 06:26:39.009, 2655, 13365, 127.45, 52, 0x0000000000000000, Not Active, Not Active
2026/09/30 06:26:39.110, 2662, 13365, 130.30, 52, 0x0000000000000000, Not Active, Not Active
2026/09/30 06:26:39.210, 2662, 13365, 130.30, 52, 0x0000000000000000, Not Active, Not Active
2026/09/30 06:26:39.310, 2662, 13365, 130.30, 52, 0x0000000000000000, Not Active, Not Active
2026/09/30 06:26:39.410, 2662, 13365, 130.30, 52, 0x0000000000000000, Not Active, Not Active
2026/09/30 06:26:39.510, 2662, 13365, 130.30, 52, 0x0000000000000000, Not Active, Not Active
2026/09/30 06:26:39.610, 2677, 13365, 128.38, 52, 0x0000000000000000, Not Active, Not Active
2026/09/30 06:26:39.710, 2677, 13365, 128.38, 52, 0x0000000000000000, Not Active, Not Active
2026/09/30 06:26:39.810, 2677, 13365, 128.38, 52, 0x0000000000000000, Not Active, Not Active
2026/09/30 06:26:39.911, 2677, 13365, 128.38, 52, 0x0000000000000000, Not Active, Not Active
2026/09/30 06:26:40.011, 2677, 13365, 128.38, 52, 0x0000000000000000, Not Active, Not Active
2026/09/30 06:26:40.111, 2692, 13365, 133.01, 52, 0x0000000000000000, Not Active, Not Active
2026/09/30 06:26:40.211, 2692, 13365, 133.01, 52, 0x0000000000000000, Not Active, Not Active
2026/09/30 06:26:40.311, 2692, 13365, 133.01, 52, 0x0000000000000000, Not Active, Not Active
2026/09/30 06:26:40.411, 2692, 13365, 133.01, 52, 0x0000000000000000, Not Active, Not Active
2026/09/30 06:26:40.511, 2692, 13365, 133.01, 52, 0x0000000000000000, Not Active, Not Active
2026/09/30 06:26:40.612, 2685, 13365, 132.81, 53, 0x0000000000000000, Not Active, Not Active
2026/09/30 06:26:40.712, 2685, 13365, 132.81, 53, 0x0000000000000000, Not Active, Not Active
2026/09/30 06:26:40.812, 2685, 13365, 132.81, 53, 0x0000000000000000, Not Active, Not Active
2026/09/30 06:26:40.912, 2685, 13365, 132.81, 53, 0x0000000000000000, Not Active, Not Active
2026/09/30 06:26:41.012, 2685, 13365, 132.81, 53, 0x0000000000000000, Not Active, Not Active
2026/09/30 06:26:41.112, 2685, 13365, 129.17, 52, 0x0000000000000000, Not Active, Not Active
2026/09/30 06:26:41.212, 2685, 13365, 129.17, 52, 0x0000000000000000, Not Active, Not Active
2026/09/30 06:26:41.313, 2685, 13365, 129.17, 52, 0x0000000000000000, Not Active, Not Active
2026/09/30 06:26:41.413, 2685, 13365, 129.17, 52, 0x0000000000000000, Not Active, Not Active
2026/09/30 06:26:41.513, 2685, 13365, 129.17, 52, 0x0000000000000000, Not Active, Not Active
2026/09/30 06:26:41.613, 2647, 13365, 124.43, 52, 0x0000000000000000, Not Active, Not Active
2026/09/30 06:26:41.713, 2647, 13365, 124.43, 52, 0x0000000000000000, Not Active, Not Active
2026/09/30 06:26:41.813, 2647, 13365, 124.43, 52, 0x0000000000000000, Not Active, Not Active
2026/09/30 06:26:41.914, 2647, 13365, 124.43, 52, 0x0000000000000000, Not Active, Not Active
2026/09/30 06:26:42.014, 2647, 13365, 124.43, 52, 0x0000000000000000, Not Active, Not Active
2026/09/30 06:26:42.114, 2662, 13365, 125.99, 52, 0x0000000000000000, Not Active, Not Active
2026/09/30 06:26:42.214, 2662, 13365, 125.99, 52, 0x0000000000000000, Not Active, Not Active
2026/09/30 06:26:42.314, 2662, 13365, 125.99, 52, 0x0000000000000000, Not Active, Not Active
2026/09/30 06:26:42.415, 2662, 13365, 125.99, 52, 0x0000000000000000, Not Active, Not Active
2026/09/30 06:26:42.515, 2662, 13365, 125.99, 52, 0x0000000000000000, Not Active, Not Active
2026/09/30 06:26:42.615, 2685, 13365, 132.34, 52, 0x0000000000000000, Not Active, Not Active
2026/09/30 06:26:42.715, 2685, 13365, 132.34, 52, 0x0000000000000000, Not Active, Not Active
2026/09/30 06:26:42.815, 2685, 13365, 132.34, 52, 0x0000000000000000, Not Active, Not Active
2026/09/30 06:26:42.915, 2685, 13365, 132.34, 52, 0x0000000000000000, Not Active, Not Active
2026/09/30 06:26:43.015, 2685, 13365, 132.34, 52, 0x0000000000000000, Not Active, Not Active
2026/09/30 06:26:43.115, 2692, 13365, 131.24, 53, 0x0000000000000000, Not Active, Not Active
2026/09/30 06:26:43.216, 2692, 13365, 131.24, 53, 0x0000000000000000, Not Active, Not Active
2026/09/30 06:26:43.316, 2692, 13365, 131.24, 53, 0x0000000000000000, Not Active, Not Active
2026/09/30 06:26:43.416, 2692, 13365, 131.24, 53, 0x0000000000000000, Not Active, Not Active
2026/09/30 06:26:43.516, 2692, 13365, 131.24, 53, 0x0000000000000000, Not Active, Not Active
2026/09/30 06:26:43.616, 2662, 13365, 125.68, 52, 0x0000000000000000, Not Active, Not Active
2026/09/30 06:26:43.716, 2662, 13365, 125.68, 52, 0x0000000000000000, Not Active, Not Active
2026/09/30 06:26:43.816, 2662, 13365, 125.68, 52, 0x0000000000000000, Not Active, Not Active
2026/09/30 06:26:43.916, 2662, 13365, 125.68, 52, 0x0000000000000000, Not Active, Not Active
2026/09/30 06:26:44.017, 2662, 13365, 125.68, 52, 0x0000000000000000, Not Active, Not Active
2026/09/30 06:26:44.117, 2662, 13365, 127.49, 52, 0x0000000000000000, Not Active, Not Active
2026/09/30 06:26:44.217, 2662, 13365, 127.49, 52, 0x0000000000000000, Not Active, Not Active
2026/09/30 06:26:44.318, 2662, 13365, 127.49, 52, 0x0000000000000000, Not Active, Not Active
2026/09/30 06:26:44.418, 2662, 13365, 127.49, 52, 0x0000000000000000, Not Active, Not Active
2026/09/30 06:26:44.518, 2662, 13365, 127.49, 52, 0x0000000000000000, Not Active, Not Active
2026/09/30 06:26:44.618, 2662, 13365, 130.50, 52, 0x0000000000000000, Not Active, Not Active
2026/09/30 06:26:44.719, 2662, 13365, 130.50, 52, 0x0000000000000000, Not Active, Not Active
2026/09/30 06:26:44.819, 2662, 13365, 130.50, 52, 0x0000000000000000, Not Active, Not Active
2026/09/30 06:26:44.919, 2662, 13365, 130.50, 52, 0x0000000000000000, Not Active, Not Active
2026/09/30 06:26:45.019, 2662, 13365, 130.50, 52, 0x0000000000000000, Not Active, Not Active
2026/09/30 06:26:45.119, 2685, 13365, 142.79, 53, 0x0000000000000000, Not Active, Not Active
2026/09/30 06:26:45.219, 2685, 13365, 142.79, 53, 0x0000000000000000, Not Active, Not Active
2026/09/30 06:26:45.320, 2685, 13365, 142.79, 53, 0x0000000000000000, Not Active, Not Active
2026/09/30 06:26:45.420, 2685, 13365, 142.79, 53, 0x0000000000000000, Not Active, Not Active
2026/09/30 06:26:45.520, 2685, 13365, 142.79, 53, 0x0000000000000000, Not Active, Not Active
2026/09/30 06:26:45.620, 2677, 13365, 138.96, 52, 0x0000000000000000, Not Active, Not Active
2026/09/30 06:26:45.720, 2677, 13365, 138.96, 52, 0x0000000000000000, Not Active, Not Active
2026/09/30 06:26:45.821, 2677, 13365, 138.96, 52, 0x0000000000000000, Not Active, Not Active
2026/09/30 06:26:45.921, 2677, 13365, 138.96, 52, 0x0000000000000000, Not Active, Not Active
2026/09/30 06:26:46.021, 2677, 13365, 138.96, 52, 0x0000000000000000, Not Active, Not Active
2026/09/30 06:26:46.121, 2655, 13365, 127.24, 54, 0x0000000000000000, Not Active, Not Active
2026/09/30 06:26:46.221, 2655, 13365, 127.24, 54, 0x0000000000000000, Not Active, Not Active
2026/09/30 06:26:46.321, 2655, 13365, 127.24, 54, 0x0000000000000000, Not Active, Not Active
2026/09/30 06:26:46.421, 2655, 13365, 127.24, 54, 0x0000000000000000, Not Active, Not Active
2026/09/30 06:26:46.521, 2655, 13365, 127.24, 54, 0x0000000000000000, Not Active, Not Active
2026/09/30 06:26:46.622, 2670, 13365, 137.81, 52, 0x0000000000000000, Not Active, Not Active
2026/09/30 06:26:46.722, 2670, 13365, 137.81, 52, 0x0000000000000000, Not Active, Not Active
2026/09/30 06:26:46.822, 2670, 13365, 137.81, 52, 0x0000000000000000, Not Active, Not Active
2026/09/30 06:26:46.922, 2670, 13365, 137.81, 52, 0x0000000000000000, Not Active, Not Active
2026/09/30 06:26:47.022, 2670, 13365, 137.81, 52, 0x0000000000000000, Not Active, Not Active
2026/09/30 06:26:47.123, 2685, 13365, 158.93, 53, 0x0000000000000000, Not Active, Not Active
2026/09/30 06:26:47.223, 2685, 13365, 158.93, 53, 0x0000000000000000, Not Active, Not Active
2026/09/30 06:26:47.323, 2685, 13365, 158.93, 53, 0x0000000000000000, Not Active, Not Active
2026/09/30 06:26:47.423, 2685, 13365, 158.93, 53, 0x0000000000000000, Not Active, Not Active
2026/09/30 06:26:47.523, 2685, 13365, 158.93, 53, 0x0000000000000000, Not Active, Not Active
2026/09/30 06:26:47.623, 2685, 13365, 153.59, 53, 0x0000000000000000, Not Active, Not Active
2026/09/30 06:26:47.723, 2685, 13365, 153.59, 53, 0x0000000000000000, Not Active, Not Active
2026/09/30 06:26:47.823, 2685, 13365, 153.59, 53, 0x0000000000000000, Not Active, Not Active
2026/09/30 06:26:47.924, 2685, 13365, 153.59, 53, 0x0000000000000000, Not Active, Not Active
2026/09/30 06:26:48.024, 2685, 13365, 153.59, 53, 0x0000000000000000, Not Active, Not Active
2026/09/30 06:26:48.124, 2610, 13365, 126.61, 52, 0x0000000000000000, Not Active, Not Active
2026/09/30 06:26:48.224, 2610, 13365, 126.61, 52, 0x0000000000000000, Not Active, Not Active
2026/09/30 06:26:48.324, 2610, 13365, 126.61, 52, 0x0000000000000000, Not Active, Not Active
2026/09/30 06:26:48.425, 2610, 13365, 126.61, 52, 0x0000000000000000, Not Active, Not Active
2026/09/30 06:26:48.525, 2610, 13365, 126.61, 52, 0x0000000000000000, Not Active, Not Active
2026/09/30 06:26:48.625, 2647, 13365, 128.98, 53, 0x0000000000000000, Not Active, Not Active
2026/09/30 06:26:48.725, 2647, 13365, 128.98, 53, 0x0000000000000000, Not Active, Not Active
2026/09/30 06:26:48.825, 2647, 13365, 128.98, 53, 0x0000000000000000, Not Active, Not Active
2026/09/30 06:26:48.925, 2647, 13365, 128.98, 53, 0x0000000000000000, Not Active, Not Active
2026/09/30 06:26:49.025, 2647, 13365, 128.98, 53, 0x0000000000000000, Not Active, Not Active
2026/09/30 06:26:49.126, 2647, 13365, 169.16, 54, 0x0000000000000000, Not Active, Not Active
2026/09/30 06:26:49.226, 2647, 13365, 169.16, 54, 0x0000000000000000, Not Active, Not Active
2026/09/30 06:26:49.326, 2647, 13365, 169.16, 54, 0x0000000000000000, Not Active, Not Active
2026/09/30 06:26:49.426, 2647, 13365, 169.16, 54, 0x0000000000000000, Not Active, Not Active
2026/09/30 06:26:49.526, 2647, 13365, 169.16, 54, 0x0000000000000000, Not Active, Not Active
2026/09/30 06:26:49.626, 2632, 13365, 169.98, 54, 0x0000000000000000, Not Active, Not Active
2026/09/30 06:26:49.726, 2632, 13365, 169.98, 54, 0x0000000000000000, Not Active, Not Active
2026/09/30 06:26:49.826, 2632, 13365, 169.98, 54, 0x0000000000000000, Not Active, Not Active
2026/09/30 06:26:49.927, 2632, 13365, 169.98, 54, 0x0000000000000000, Not Active, Not Active
2026/09/30 06:26:50.027, 2632, 13365, 169.98, 54, 0x0000000000000000, Not Active, Not Active
2026/09/30 06:26:50.127, 2632, 13365, 163.89, 54, 0x0000000000000000, Not Active, Not Active
2026/09/30 06:26:50.227, 2632, 13365, 163.89, 54, 0x0000000000000000, Not Active, Not Active
2026/09/30 06:26:50.327, 2632, 13365, 163.89, 54, 0x0000000000000000, Not Active, Not Active
2026/09/30 06:26:50.427, 2632, 13365, 163.89, 54, 0x0000000000000000, Not Active, Not Active
2026/09/30 06:26:50.527, 2632, 13365, 163.89, 54, 0x0000000000000000, Not Active, Not Active
2026/09/30 06:26:50.628, 2692, 13365, 152.77, 53, 0x0000000000000000, Not Active, Not Active
2026/09/30 06:26:50.728, 2692, 13365, 152.77, 53, 0x0000000000000000, Not Active, Not Active
2026/09/30 06:26:50.828, 2692, 13365, 152.77, 53, 0x0000000000000000, Not Active, Not Active
2026/09/30 06:26:50.928, 2692, 13365, 152.77, 53, 0x0000000000000000, Not Active, Not Active
2026/09/30 06:26:51.028, 2692, 13365, 152.77, 53, 0x0000000000000000, Not Active, Not Active
2026/09/30 06:26:51.128, 2685, 13365, 131.12, 53, 0x0000000000000000, Not Active, Not Active
2026/09/30 06:26:51.228, 2685, 13365, 131.12, 53, 0x0000000000000000, Not Active, Not Active
2026/09/30 06:26:51.328, 2685, 13365, 131.12, 53, 0x0000000000000000, Not Active, Not Active
2026/09/30 06:26:51.429, 2685, 13365, 131.12, 53, 0x0000000000000000, Not Active, Not Active
2026/09/30 06:26:51.529, 2685, 13365, 131.12, 53, 0x0000000000000000, Not Active, Not Active
2026/09/30 06:26:51.629, 2670, 13365, 126.26, 53, 0x0000000000000000, Not Active, Not Active
2026/09/30 06:26:51.730, 2670, 13365, 126.26, 53, 0x0000000000000000, Not Active, Not Active
2026/09/30 06:26:51.830, 2670, 13365, 126.26, 53, 0x0000000000000000, Not Active, Not Active
2026/09/30 06:26:51.930, 2670, 13365, 126.26, 53, 0x0000000000000000, Not Active, Not Active
2026/09/30 06:26:52.030, 2670, 13365, 126.26, 53, 0x0000000000000000, Not Active, Not Active
2026/09/30 06:26:52.130, 2662, 13365, 130.40, 53, 0x0000000000000000, Not Active, Not Active
2026/09/30 06:26:52.230, 2662, 13365, 130.40, 53, 0x0000000000000000, Not Active, Not Active
2026/09/30 06:26:52.330, 2662, 13365, 130.40, 53, 0x0000000000000000, Not Active, Not Active
2026/09/30 06:26:52.431, 2662, 13365, 130.40, 53, 0x0000000000000000, Not Active, Not Active
2026/09/30 06:26:52.531, 2662, 13365, 130.40, 53, 0x0000000000000000, Not Active, Not Active
2026/09/30 06:26:52.631, 2647, 13365, 128.67, 53, 0x0000000000000000, Not Active, Not Active
2026/09/30 06:26:52.731, 2647, 13365, 128.67, 53, 0x0000000000000000, Not Active, Not Active
2026/09/30 06:26:52.832, 2647, 13365, 128.67, 53, 0x0000000000000000, Not Active, Not Active
2026/09/30 06:26:52.932, 2647, 13365, 128.67, 53, 0x0000000000000000, Not Active, Not Active
2026/09/30 06:26:53.032, 2647, 13365, 128.67, 53, 0x0000000000000000, Not Active, Not Active
2026/09/30 06:26:53.133, 2685, 13365, 125.11, 52, 0x0000000000000000, Not Active, Not Active
2026/09/30 06:26:53.233, 2685, 13365, 125.11, 52, 0x0000000000000000, Not Active, Not Active
2026/09/30 06:26:53.333, 2685, 13365, 125.11, 52, 0x0000000000000000, Not Active, Not Active
2026/09/30 06:26:53.434, 2685, 13365, 125.11, 52, 0x0000000000000000, Not Active, Not Active
2026/09/30 06:26:53.534, 2685, 13365, 125.11, 52, 0x0000000000000000, Not Active, Not Active
2026/09/30 06:26:53.634, 2685, 13365, 130.49, 53, 0x0000000000000000, Not Active, Not Active
2026/09/30 06:26:53.735, 2685, 13365, 130.49, 53, 0x0000000000000000, Not Active, Not Active
2026/09/30 06:26:53.835, 2685, 13365, 130.49, 53, 0x0000000000000000, Not Active, Not Active
2026/09/30 06:26:53.935, 2685, 13365, 130.49, 53, 0x0000000000000000, Not Active, Not Active
2026/09/30 06:26:54.035, 2685, 13365, 130.49, 53, 0x0000000000000000, Not Active, Not Active
2026/09/30 06:26:54.135, 2685, 13365, 126.28, 52, 0x0000000000000000, Not Active, Not Active
2026/09/30 06:26:54.235, 2685, 13365, 126.28, 52, 0x0000000000000000, Not Active, Not Active
2026/09/30 06:26:54.335, 2685, 13365, 126.28, 52, 0x0000000000000000, Not Active, Not Active
2026/09/30 06:26:54.436, 2685, 13365, 126.28, 52, 0x0000000000000000, Not Active, Not Active
2026/09/30 06:26:54.536, 2685, 13365, 126.28, 52, 0x0000000000000000, Not Active, Not Active
2026/09/30 06:26:54.636, 2670, 13365, 122.67, 53, 0x0000000000000000, Not Active, Not Active
2026/09/30 06:26:54.736, 2670, 13365, 122.67, 53, 0x0000000000000000, Not Active, Not Active
2026/09/30 06:26:54.836, 2670, 13365, 122.67, 53, 0x0000000000000000, Not Active, Not Active
2026/09/30 06:26:54.936, 2670, 13365, 122.67, 53, 0x0000000000000000, Not Active, Not Active
2026/09/30 06:26:55.036, 2670, 13365, 122.67, 53, 0x0000000000000000, Not Active, Not Active
2026/09/30 06:26:55.137, 2655, 13365, 125.87, 53, 0x0000000000000000, Not Active, Not Active
2026/09/30 06:26:55.237, 2655, 13365, 125.87, 53, 0x0000000000000000, Not Active, Not Active
2026/09/30 06:26:55.337, 2655, 13365, 125.87, 53, 0x0000000000000000, Not Active, Not Active
2026/09/30 06:26:55.437, 2655, 13365, 125.87, 53, 0x0000000000000000, Not Active, Not Active
2026/09/30 06:26:55.537, 2655, 13365, 125.87, 53, 0x0000000000000000, Not Active, Not Active
2026/09/30 06:26:55.637, 2662, 13365, 128.18, 52, 0x0000000000000000, Not Active, Not Active
2026/09/30 06:26:55.737, 2662, 13365, 128.18, 52, 0x0000000000000000, Not Active, Not Active
2026/09/30 06:26:55.838, 2662, 13365, 128.18, 52, 0x0000000000000000, Not Active, Not Active
2026/09/30 06:26:55.938, 2662, 13365, 128.18, 52, 0x0000000000000000, Not Active, Not Active
2026/09/30 06:26:56.038, 2662, 13365, 128.18, 52, 0x0000000000000000, Not Active, Not Active
2026/09/30 06:26:56.138, 2685, 13365, 129.67, 52, 0x0000000000000000, Not Active, Not Active
2026/09/30 06:26:56.238, 2685, 13365, 129.67, 52, 0x0000000000000000, Not Active, Not Active
2026/09/30 06:26:56.338, 2685, 13365, 129.67, 52, 0x0000000000000000, Not Active, Not Active
2026/09/30 06:26:56.438, 2685, 13365, 129.67, 52, 0x0000000000000000, Not Active, Not Active
2026/09/30 06:26:56.539, 2685, 13365, 129.67, 52, 0x0000000000000000, Not Active, Not Active
2026/09/30 06:26:56.639, 2692, 13365, 131.32, 53, 0x0000000000000000, Not Active, Not Active
2026/09/30 06:26:56.739, 2692, 13365, 131.32, 53, 0x0000000000000000, Not Active, Not Active
2026/09/30 06:26:56.839, 2692, 13365, 131.32, 53, 0x0000000000000000, Not Active, Not Active
2026/09/30 06:26:56.939, 2692, 13365, 131.32, 53, 0x0000000000000000, Not Active, Not Active
2026/09/30 06:26:57.039, 2692, 13365, 131.32, 53, 0x0000000000000000, Not Active, Not Active
2026/09/30 06:26:57.139, 2685, 13365, 129.73, 53, 0x0000000000000000, Not Active, Not Active
2026/09/30 06:26:57.239, 2685, 13365, 129.73, 53, 0x0000000000000000, Not Active, Not Active
2026/09/30 06:26:57.340, 2685, 13365, 129.73, 53, 0x0000000000000000, Not Active, Not Active
2026/09/30 06:26:57.440, 2685, 13365, 129.73, 53, 0x0000000000000000, Not Active, Not Active
2026/09/30 06:26:57.540, 2685, 13365, 129.73, 53, 0x0000000000000000, Not Active, Not Active
2026/09/30 06:26:57.640, 2662, 13365, 130.07, 52, 0x0000000000000000, Not Active, Not Active
2026/09/30 06:26:57.740, 2662, 13365, 130.07, 52, 0x0000000000000000, Not Active, Not Active
2026/09/30 06:26:57.841, 2662, 13365, 130.07, 52, 0x0000000000000000, Not Active, Not Active
2026/09/30 06:26:57.941, 2662, 13365, 130.07, 52, 0x0000000000000000, Not Active, Not Active
2026/09/30 06:26:58.041, 2662, 13365, 130.07, 52, 0x0000000000000000, Not Active, Not Active
2026/09/30 06:26:58.141, 2662, 13365, 132.00, 53, 0x0000000000000000, Not Active, Not Active
2026/09/30 06:26:58.241, 2662, 13365, 132.00, 53, 0x0000000000000000, Not Active, Not Active
2026/09/30 06:26:58.342, 2662, 13365, 132.00, 53, 0x0000000000000000, Not Active, Not Active
2026/09/30 06:26:58.442, 2662, 13365, 132.00, 53, 0x0000000000000000, Not Active, Not Active
2026/09/30 06:26:58.542, 2662, 13365, 132.00, 53, 0x0000000000000000, Not Active, Not Active
2026/09/30 06:26:58.642, 2685, 13365, 135.01, 54, 0x0000000000000000, Not Active, Not Active
2026/09/30 06:26:58.742, 2685, 13365, 135.01, 54, 0x0000000000000000, Not Active, Not Active
2026/09/30 06:26:58.842, 2685, 13365, 135.01, 54, 0x0000000000000000, Not Active, Not Active
2026/09/30 06:26:58.942, 2685, 13365, 135.01, 54, 0x0000000000000000, Not Active, Not Active
2026/09/30 06:26:59.043, 2685, 13365, 135.01, 54, 0x0000000000000000, Not Active, Not Active
2026/09/30 06:26:59.143, 2677, 13365, 136.58, 53, 0x0000000000000000, Not Active, Not Active
2026/09/30 06:26:59.243, 2677, 13365, 136.58, 53, 0x0000000000000000, Not Active, Not Active
2026/09/30 06:26:59.343, 2677, 13365, 136.58, 53, 0x0000000000000000, Not Active, Not Active
2026/09/30 06:26:59.443, 2677, 13365, 136.58, 53, 0x0000000000000000, Not Active, Not Active
2026/09/30 06:26:59.544, 2677, 13365, 136.58, 53, 0x0000000000000000, Not Active, Not Active
2026/09/30 06:26:59.644, 2677, 13365, 139.75, 54, 0x0000000000000000, Not Active, Not Active
2026/09/30 06:26:59.744, 2677, 13365, 139.75, 54, 0x0000000000000000, Not Active, Not Active
2026/09/30 06:26:59.844, 2677, 13365, 139.75, 54, 0x0000000000000000, Not Active, Not Active
2026/09/30 06:26:59.944, 2677, 13365, 139.75, 54, 0x0000000000000000, Not Active, Not Active
2026/09/30 06:27:00.044, 2677, 13365, 139.75, 54, 0x0000000000000000, Not Active, Not Active
2026/09/30 06:27:00.144, 2662, 13365, 140.17, 53, 0x0000000000000000, Not Active, Not Active
2026/09/30 06:27:00.244, 2662, 13365, 140.17, 53, 0x0000000000000000, Not Active, Not Active
2026/09/30 06:27:00.345, 2662, 13365, 140.17, 53, 0x0000000000000000, Not Active, Not Active
2026/09/30 06:27:00.445, 2662, 13365, 140.17, 53, 0x0000000000000000, Not Active, Not Active
2026/09/30 06:27:00.545, 2662, 13365, 140.17, 53, 0x0000000000000000, Not Active, Not Active
2026/09/30 06:27:00.645, 2655, 13365, 129.47, 53, 0x0000000000000000, Not Active, Not Active
2026/09/30 06:27:00.745, 2655, 13365, 129.47, 53, 0x0000000000000000, Not Active, Not Active
2026/09/30 06:27:00.845, 2655, 13365, 129.47, 53, 0x0000000000000000, Not Active, Not Active
2026/09/30 06:27:00.946, 2655, 13365, 129.47, 53, 0x0000000000000000, Not Active, Not Active
2026/09/30 06:27:01.046, 2655, 13365, 129.47, 53, 0x0000000000000000, Not Active, Not Active
2026/09/30 06:27:01.146, 2677, 13365, 130.89, 53, 0x0000000000000000, Not Active, Not Active
2026/09/30 06:27:01.246, 2677, 13365, 130.89, 53, 0x0000000000000000, Not Active, Not Active
2026/09/30 06:27:01.347, 2677, 13365, 130.89, 53, 0x0000000000000000, Not Active, Not Active
2026/09/30 06:27:01.447, 2677, 13365, 130.89, 53, 0x0000000000000000, Not Active, Not Active
2026/09/30 06:27:01.547, 2677, 13365, 130.89, 53, 0x0000000000000000, Not Active, Not Active
2026/09/30 06:27:01.647, 2647, 13365, 145.26, 54, 0x0000000000000000, Not Active, Not Active
2026/09/30 06:27:01.747, 2647, 13365, 145.26, 54, 0x0000000000000000, Not Active, Not Active
2026/09/30 06:27:01.848, 2647, 13365, 145.26, 54, 0x0000000000000000, Not Active, Not Active
2026/09/30 06:27:01.948, 2647, 13365, 145.26, 54, 0x0000000000000000, Not Active, Not Active
2026/09/30 06:27:02.048, 2647, 13365, 145.26, 54, 0x0000000000000000, Not Active, Not Active
2026/09/30 06:27:02.148, 2647, 13365, 147.31, 54, 0x0000000000000000, Not Active, Not Active
2026/09/30 06:27:02.248, 2647, 13365, 147.31, 54, 0x0000000000000000, Not Active, Not Active
2026/09/30 06:27:02.349, 2647, 13365, 147.31, 54, 0x0000000000000000, Not Active, Not Active
2026/09/30 06:27:02.449, 2647, 13365, 147.31, 54, 0x0000000000000000, Not Active, Not Active
2026/09/30 06:27:02.549, 2647, 13365, 147.31, 54, 0x0000000000000000, Not Active, Not Active
2026/09/30 06:27:02.649, 2632, 13365, 140.34, 52, 0x0000000000000000, Not Active, Not Active
2026/09/30 06:27:02.749, 2632, 13365, 140.34, 52, 0x0000000000000000, Not Active, Not Active
2026/09/30 06:27:02.849, 2632, 13365, 140.34, 52, 0x0000000000000000, Not Active, Not Active
2026/09/30 06:27:02.949, 2632, 13365, 140.34, 52, 0x0000000000000000, Not Active, Not Active
2026/09/30 06:27:03.050, 2632, 13365, 140.34, 52, 0x0000000000000000, Not Active, Not Active
2026/09/30 06:27:03.150, 2625, 13365, 122.90, 53, 0x0000000000000000, Not Active, Not Active
2026/09/30 06:27:03.250, 2625, 13365, 122.90, 53, 0x0000000000000000, Not Active, Not Active
2026/09/30 06:27:03.350, 2625, 13365, 122.90, 53, 0x0000000000000000, Not Active, Not Active
2026/09/30 06:27:03.450, 2625, 13365, 122.90, 53, 0x0000000000000000, Not Active, Not Active
2026/09/30 06:27:03.550, 2625, 13365, 122.90, 53, 0x0000000000000000, Not Active, Not Active
2026/09/30 06:27:03.650, 2640, 13365, 141.06, 55, 0x0000000000000000, Not Active, Not Active
2026/09/30 06:27:03.750, 2640, 13365, 141.06, 55, 0x0000000000000000, Not Active, Not Active
2026/09/30 06:27:03.851, 2640, 13365, 141.06, 55, 0x0000000000000000, Not Active, Not Active
2026/09/30 06:27:03.951, 2640, 13365, 141.06, 55, 0x0000000000000000, Not Active, Not Active
2026/09/30 06:27:04.051, 2640, 13365, 141.06, 55, 0x0000000000000000, Not Active, Not Active
2026/09/30 06:27:04.151, 2640, 13365, 167.44, 54, 0x0000000000000000, Not Active, Not Active
2026/09/30 06:27:04.251, 2640, 13365, 167.44, 54, 0x0000000000000000, Not Active, Not Active
2026/09/30 06:27:04.351, 2640, 13365, 167.44, 54, 0x0000000000000000, Not Active, Not Active
2026/09/30 06:27:04.451, 2640, 13365, 167.44, 54, 0x0000000000000000, Not Active, Not Active
2026/09/30 06:27:04.552, 2640, 13365, 167.44, 54, 0x0000000000000000, Not Active, Not Active
2026/09/30 06:27:04.652, 2632, 13365, 172.08, 55, 0x0000000000000000, Not Active, Not Active
2026/09/30 06:27:04.752, 2632, 13365, 172.08, 55, 0x0000000000000000, Not Active, Not Active
2026/09/30 06:27:04.852, 2632, 13365, 172.08, 55, 0x0000000000000000, Not Active, Not Active
2026/09/30 06:27:04.952, 2632, 13365, 172.08, 55, 0x0000000000000000, Not Active, Not Active
2026/09/30 06:27:05.052, 2632, 13365, 172.08, 55, 0x0000000000000000, Not Active, Not Active
2026/09/30 06:27:05.153, 2640, 13365, 169.72, 54, 0x0000000000000000, Not Active, Not Active
2026/09/30 06:27:05.253, 2640, 13365, 169.72, 54, 0x0000000000000000, Not Active, Not Active
2026/09/30 06:27:05.353, 2640, 13365, 169.72, 54, 0x0000000000000000, Not Active, Not Active
2026/09/30 06:27:05.453, 2640, 13365, 169.72, 54, 0x0000000000000000, Not Active, Not Active
2026/09/30 06:27:05.554, 2640, 13365, 169.72, 54, 0x0000000000000000, Not Active, Not Active
2026/09/30 06:27:05.654, 2662, 13365, 143.62, 53, 0x0000000000000000, Not Active, Not Active
2026/09/30 06:27:05.754, 2662, 13365, 143.62, 53, 0x0000000000000000, Not Active, Not Active
2026/09/30 06:27:05.854, 2662, 13365, 143.62, 53, 0x0000000000000000, Not Active, Not Active
2026/09/30 06:27:05.954, 2662, 13365, 143.62, 53, 0x0000000000000000, Not Active, Not Active
2026/09/30 06:27:06.054, 2662, 13365, 143.62, 53, 0x0000000000000000, Not Active, Not Active
2026/09/30 06:27:06.154, 2692, 13365, 134.08, 53, 0x0000000000000000, Not Active, Not Active
2026/09/30 06:27:06.255, 2692, 13365, 134.08, 53, 0x0000000000000000, Not Active, Not Active
2026/09/30 06:27:06.355, 2692, 13365, 134.08, 53, 0x0000000000000000, Not Active, Not Active
2026/09/30 06:27:06.455, 2692, 13365, 134.08, 53, 0x0000000000000000, Not Active, Not Active
2026/09/30 06:27:06.555, 2692, 13365, 134.08, 53, 0x0000000000000000, Not Active, Not Active
2026/09/30 06:27:06.655, 2692, 13365, 133.47, 53, 0x0000000000000000, Not Active, Not Active
2026/09/30 06:27:06.755, 2692, 13365, 133.47, 53, 0x0000000000000000, Not Active, Not Active
2026/09/30 06:27:06.855, 2692, 13365, 133.47, 53, 0x0000000000000000, Not Active, Not Active
2026/09/30 06:27:06.955, 2692, 13365, 133.47, 53, 0x0000000000000000, Not Active, Not Active
2026/09/30 06:27:07.056, 2692, 13365, 133.47, 53, 0x0000000000000000, Not Active, Not Active
2026/09/30 06:27:07.156, 2677, 13365, 125.25, 53, 0x0000000000000000, Not Active, Not Active
2026/09/30 06:27:07.256, 2677, 13365, 125.25, 53, 0x0000000000000000, Not Active, Not Active
2026/09/30 06:27:07.356, 2677, 13365, 125.25, 53, 0x0000000000000000, Not Active, Not Active
2026/09/30 06:27:07.456, 2677, 13365, 125.25, 53, 0x0000000000000000, Not Active, Not Active
2026/09/30 06:27:07.556, 2677, 13365, 125.25, 53, 0x0000000000000000, Not Active, Not Active
2026/09/30 06:27:07.656, 2670, 13365, 127.31, 53, 0x0000000000000000, Not Active, Not Active
2026/09/30 06:27:07.756, 2670, 13365, 127.31, 53, 0x0000000000000000, Not Active, Not Active
2026/09/30 06:27:07.857, 2670, 13365, 127.31, 53, 0x0000000000000000, Not Active, Not Active
2026/09/30 06:27:07.957, 2670, 13365, 127.31, 53, 0x0000000000000000, Not Active, Not Active
2026/09/30 06:27:08.057, 2670, 13365, 127.31, 53, 0x0000000000000000, Not Active, Not Active
2026/09/30 06:27:08.157, 2647, 13365, 129.05, 53, 0x0000000000000000, Not Active, Not Active
2026/09/30 06:27:08.257, 2647, 13365, 129.05, 53, 0x0000000000000000, Not Active, Not Active
2026/09/30 06:27:08.357, 2647, 13365, 129.05, 53, 0x0000000000000000, Not Active, Not Active
2026/09/30 06:27:08.457, 2647, 13365, 129.05, 53, 0x0000000000000000, Not Active, Not Active
2026/09/30 06:27:08.558, 2647, 13365, 129.05, 53, 0x0000000000000000, Not Active, Not Active
2026/09/30 06:27:08.658, 2662, 13365, 128.54, 52, 0x0000000000000000, Not Active, Not Active
2026/09/30 06:27:08.758, 2662, 13365, 128.54, 52, 0x0000000000000000, Not Active, Not Active
2026/09/30 06:27:08.858, 2662, 13365, 128.54, 52, 0x0000000000000000, Not Active, Not Active
2026/09/30 06:27:08.958, 2662, 13365, 128.54, 52, 0x0000000000000000, Not Active, Not Active
2026/09/30 06:27:09.058, 2662, 13365, 128.54, 52, 0x0000000000000000, Not Active, Not Active
2026/09/30 06:27:09.158, 2670, 13365, 128.34, 53, 0x0000000000000000, Not Active, Not Active
2026/09/30 06:27:09.258, 2670, 13365, 128.34, 53, 0x0000000000000000, Not Active, Not Active
2026/09/30 06:27:09.359, 2670, 13365, 128.34, 53, 0x0000000000000000, Not Active, Not Active
2026/09/30 06:27:09.459, 2670, 13365, 128.34, 53, 0x0000000000000000, Not Active, Not Active
2026/09/30 06:27:09.559, 2670, 13365, 128.34, 53, 0x0000000000000000, Not Active, Not Active
2026/09/30 06:27:09.660, 2685, 13365, 132.08, 53, 0x0000000000000000, Not Active, Not Active
2026/09/30 06:27:09.760, 2685, 13365, 132.08, 53, 0x0000000000000000, Not Active, Not Active
2026/09/30 06:27:09.860, 2685, 13365, 132.08, 53, 0x0000000000000000, Not Active, Not Active
2026/09/30 06:27:09.960, 2685, 13365, 132.08, 53, 0x0000000000000000, Not Active, Not Active
2026/09/30 06:27:10.060, 2685, 13365, 132.08, 53, 0x0000000000000000, Not Active, Not Active
2026/09/30 06:27:10.160, 2662, 13365, 131.07, 54, 0x0000000000000000, Not Active, Not Active
2026/09/30 06:27:10.261, 2662, 13365, 131.07, 54, 0x0000000000000000, Not Active, Not Active
2026/09/30 06:27:10.361, 2662, 13365, 131.07, 54, 0x0000000000000000, Not Active, Not Active
2026/09/30 06:27:10.461, 2662, 13365, 131.07, 54, 0x0000000000000000, Not Active, Not Active
2026/09/30 06:27:10.561, 2662, 13365, 131.07, 54, 0x0000000000000000, Not Active, Not Active
2026/09/30 06:27:10.661, 2662, 13365, 132.93, 54, 0x0000000000000000, Not Active, Not Active
2026/09/30 06:27:10.761, 2662, 13365, 132.93, 54, 0x0000000000000000, Not Active, Not Active
2026/09/30 06:27:10.861, 2662, 13365, 132.93, 54, 0x0000000000000000, Not Active, Not Active
2026/09/30 06:27:10.961, 2662, 13365, 132.93, 54, 0x0000000000000000, Not Active, Not Active
2026/09/30 06:27:11.061, 2662, 13365, 132.93, 54, 0x0000000000000000, Not Active, Not Active
2026/09/30 06:27:11.162, 2647, 13365, 130.22, 53, 0x0000000000000000, Not Active, Not Active
2026/09/30 06:27:11.262, 2647, 13365, 130.22, 53, 0x0000000000000000, Not Active, Not Active
2026/09/30 06:27:11.362, 2647, 13365, 130.22, 53, 0x0000000000000000, Not Active, Not Active
2026/09/30 06:27:11.462, 2647, 13365, 130.22, 53, 0x0000000000000000, Not Active, Not Active
2026/09/30 06:27:11.562, 2647, 13365, 130.22, 53, 0x0000000000000000, Not Active, Not Active
2026/09/30 06:27:11.662, 2677, 13365, 138.64, 53, 0x0000000000000000, Not Active, Not Active
2026/09/30 06:27:11.762, 2677, 13365, 138.64, 53, 0x0000000000000000, Not Active, Not Active
2026/09/30 06:27:11.863, 2677, 13365, 138.64, 53, 0x0000000000000000, Not Active, Not Active
2026/09/30 06:27:11.963, 2677, 13365, 138.64, 53, 0x0000000000000000, Not Active, Not Active
2026/09/30 06:27:12.063, 2677, 13365, 138.64, 53, 0x0000000000000000, Not Active, Not Active
2026/09/30 06:27:12.163, 2677, 13365, 138.63, 54, 0x0000000000000000, Not Active, Not Active
2026/09/30 06:27:12.263, 2677, 13365, 138.63, 54, 0x0000000000000000, Not Active, Not Active
2026/09/30 06:27:12.363, 2677, 13365, 138.63, 54, 0x0000000000000000, Not Active, Not Active
2026/09/30 06:27:12.463, 2677, 13365, 138.63, 54, 0x0000000000000000, Not Active, Not Active
2026/09/30 06:27:12.563, 2677, 13365, 138.63, 54, 0x0000000000000000, Not Active, Not Active
2026/09/30 06:27:12.664, 2677, 13365, 137.36, 54, 0x0000000000000000, Not Active, Not Active
2026/09/30 06:27:12.764, 2677, 13365, 137.36, 54, 0x0000000000000000, Not Active, Not Active
2026/09/30 06:27:12.865, 2677, 13365, 137.36, 54, 0x0000000000000000, Not Active, Not Active
2026/09/30 06:27:12.965, 2677, 13365, 137.36, 54, 0x0000000000000000, Not Active, Not Active
2026/09/30 06:27:13.065, 2677, 13365, 137.36, 54, 0x0000000000000000, Not Active, Not Active
2026/09/30 06:27:13.165, 2625, 13365, 134.84, 53, 0x0000000000000000, Not Active, Not Active
2026/09/30 06:27:13.265, 2625, 13365, 134.84, 53, 0x0000000000000000, Not Active, Not Active
2026/09/30 06:27:13.365, 2625, 13365, 134.84, 53, 0x0000000000000000, Not Active, Not Active
2026/09/30 06:27:13.465, 2625, 13365, 134.84, 53, 0x0000000000000000, Not Active, Not Active
2026/09/30 06:27:13.566, 2625, 13365, 134.84, 53, 0x0000000000000000, Not Active, Not Active
2026/09/30 06:27:13.666, 2647, 13365, 140.30, 53, 0x0000000000000000, Not Active, Not Active
2026/09/30 06:27:13.766, 2647, 13365, 140.30, 53, 0x0000000000000000, Not Active, Not Active
2026/09/30 06:27:13.866, 2647, 13365, 140.30, 53, 0x0000000000000000, Not Active, Not Active
2026/09/30 06:27:13.966, 2647, 13365, 140.30, 53, 0x0000000000000000, Not Active, Not Active
2026/09/30 06:27:14.066, 2647, 13365, 140.30, 53, 0x0000000000000000, Not Active, Not Active
2026/09/30 06:27:14.166, 2655, 13365, 158.57, 54, 0x0000000000000000, Not Active, Not Active
2026/09/30 06:27:14.266, 2655, 13365, 158.57, 54, 0x0000000000000000, Not Active, Not Active
2026/09/30 06:27:14.367, 2655, 13365, 158.57, 54, 0x0000000000000000, Not Active, Not Active
2026/09/30 06:27:14.467, 2655, 13365, 158.57, 54, 0x0000000000000000, Not Active, Not Active
2026/09/30 06:27:14.567, 2655, 13365, 158.57, 54, 0x0000000000000000, Not Active, Not Active
2026/09/30 06:27:14.667, 2655, 13365, 157.72, 54, 0x0000000000000000, Not Active, Not Active
2026/09/30 06:27:14.767, 2655, 13365, 157.72, 54, 0x0000000000000000, Not Active, Not Active
2026/09/30 06:27:14.867, 2655, 13365, 157.72, 54, 0x0000000000000000, Not Active, Not Active
2026/09/30 06:27:14.967, 2655, 13365, 157.72, 54, 0x0000000000000000, Not Active, Not Active
2026/09/30 06:27:15.067, 2655, 13365, 157.72, 54, 0x0000000000000000, Not Active, Not Active
2026/09/30 06:27:15.168, 2632, 13365, 137.79, 53, 0x0000000000000000, Not Active, Not Active
2026/09/30 06:27:15.268, 2632, 13365, 137.79, 53, 0x0000000000000000, Not Active, Not Active
2026/09/30 06:27:15.368, 2632, 13365, 137.79, 53, 0x0000000000000000, Not Active, Not Active
2026/09/30 06:27:15.468, 2632, 13365, 137.79, 53, 0x0000000000000000, Not Active, Not Active
2026/09/30 06:27:15.568, 2632, 13365, 137.79, 53, 0x0000000000000000, Not Active, Not Active
2026/09/30 06:27:15.669, 2640, 13365, 140.90, 54, 0x0000000000000000, Not Active, Not Active
2026/09/30 06:27:15.769, 2640, 13365, 140.90, 54, 0x0000000000000000, Not Active, Not Active
2026/09/30 06:27:15.869, 2640, 13365, 140.90, 54, 0x0000000000000000, Not Active, Not Active
2026/09/30 06:27:15.969, 2640, 13365, 140.90, 54, 0x0000000000000000, Not Active, Not Active
2026/09/30 06:27:16.070, 2640, 13365, 140.90, 54, 0x0000000000000000, Not Active, Not Active
2026/09/30 06:27:16.170, 2640, 13365, 165.46, 55, 0x0000000000000000, Not Active, Not Active
2026/09/30 06:27:16.270, 2640, 13365, 165.46, 55, 0x0000000000000000, Not Active, Not Active
2026/09/30 06:27:16.370, 2640, 13365, 165.46, 55, 0x0000000000000000, Not Active, Not Active
2026/09/30 06:27:16.470, 2640, 13365, 165.46, 55, 0x0000000000000000, Not Active, Not Active
2026/09/30 06:27:16.571, 2640, 13365, 165.46, 55, 0x0000000000000000, Not Active, Not Active
2026/09/30 06:27:16.671, 2632, 13365, 168.23, 54, 0x0000000000000000, Not Active, Not Active
2026/09/30 06:27:16.771, 2632, 13365, 168.23, 54, 0x0000000000000000, Not Active, Not Active
2026/09/30 06:27:16.871, 2632, 13365, 168.23, 54, 0x0000000000000000, Not Active, Not Active
2026/09/30 06:27:16.971, 2632, 13365, 168.23, 54, 0x0000000000000000, Not Active, Not Active
2026/09/30 06:27:17.071, 2632, 13365, 168.23, 54, 0x0000000000000000, Not Active, Not Active
2026/09/30 06:27:17.171, 2625, 13365, 168.07, 54, 0x0000000000000000, Not Active, Not Active
2026/09/30 06:27:17.271, 2625, 13365, 168.07, 54, 0x0000000000000000, Not Active, Not Active
2026/09/30 06:27:17.372, 2625, 13365, 168.07, 54, 0x0000000000000000, Not Active, Not Active
2026/09/30 06:27:17.472, 2625, 13365, 168.07, 54, 0x0000000000000000, Not Active, Not Active
2026/09/30 06:27:17.572, 2625, 13365, 168.07, 54, 0x0000000000000000, Not Active, Not Active
2026/09/30 06:27:17.672, 2610, 13365, 144.59, 53, 0x0000000000000000, Not Active, Not Active
2026/09/30 06:27:17.772, 2610, 13365, 144.59, 53, 0x0000000000000000, Not Active, Not Active
2026/09/30 06:27:17.872, 2610, 13365, 144.59, 53, 0x0000000000000000, Not Active, Not Active
2026/09/30 06:27:17.972, 2610, 13365, 144.59, 53, 0x0000000000000000, Not Active, Not Active
2026/09/30 06:27:18.073, 2610, 13365, 144.59, 53, 0x0000000000000000, Not Active, Not Active
2026/09/30 06:27:18.173, 2587, 13365, 146.56, 56, 0x0000000000000000, Not Active, Not Active
2026/09/30 06:27:18.273, 2587, 13365, 146.56, 56, 0x0000000000000000, Not Active, Not Active
2026/09/30 06:27:18.373, 2587, 13365, 146.56, 56, 0x0000000000000000, Not Active, Not Active
2026/09/30 06:27:18.473, 2587, 13365, 146.56, 56, 0x0000000000000000, Not Active, Not Active
2026/09/30 06:27:18.573, 2587, 13365, 146.56, 56, 0x0000000000000000, Not Active, Not Active
2026/09/30 06:27:18.673, 2587, 13365, 186.56, 56, 0x0000000000000000, Not Active, Not Active
2026/09/30 06:27:18.773, 2587, 13365, 186.56, 56, 0x0000000000000000, Not Active, Not Active
2026/09/30 06:27:18.874, 2587, 13365, 186.56, 56, 0x0000000000000000, Not Active, Not Active
2026/09/30 06:27:18.974, 2587, 13365, 186.56, 56, 0x0000000000000000, Not Active, Not Active
2026/09/30 06:27:19.074, 2587, 13365, 186.56, 56, 0x0000000000000000, Not Active, Not Active
2026/09/30 06:27:19.174, 2595, 13365, 203.87, 57, 0x0000000000000000, Not Active, Not Active
2026/09/30 06:27:19.274, 2595, 13365, 203.87, 57, 0x0000000000000000, Not Active, Not Active
2026/09/30 06:27:19.374, 2595, 13365, 203.87, 57, 0x0000000000000000, Not Active, Not Active
2026/09/30 06:27:19.474, 2595, 13365, 203.87, 57, 0x0000000000000000, Not Active, Not Active
2026/09/30 06:27:19.575, 2595, 13365, 203.87, 57, 0x0000000000000000, Not Active, Not Active
2026/09/30 06:27:19.675, 2587, 13365, 193.82, 54, 0x0000000000000000, Not Active, Not Active
2026/09/30 06:27:19.775, 2587, 13365, 193.82, 54, 0x0000000000000000, Not Active, Not Active
2026/09/30 06:27:19.875, 2587, 13365, 193.82, 54, 0x0000000000000000, Not Active, Not Active
2026/09/30 06:27:19.975, 2587, 13365, 193.82, 54, 0x0000000000000000, Not Active, Not Active
2026/09/30 06:27:20.075, 2587, 13365, 193.82, 54, 0x0000000000000000, Not Active, Not Active
2026/09/30 06:27:20.175, 2595, 13365, 197.20, 55, 0x0000000000000000, Not Active, Not Active
2026/09/30 06:27:20.275, 2595, 13365, 197.20, 55, 0x0000000000000000, Not Active, Not Active
2026/09/30 06:27:20.376, 2595, 13365, 197.20, 55, 0x0000000000000000, Not Active, Not Active
2026/09/30 06:27:20.476, 2595, 13365, 197.20, 55, 0x0000000000000000, Not Active, Not Active
2026/09/30 06:27:20.576, 2595, 13365, 197.20, 55, 0x0000000000000000, Not Active, Not Active
2026/09/30 06:27:20.676, 2647, 13365, 157.21, 55, 0x0000000000000000, Not Active, Not Active
2026/09/30 06:27:20.776, 2647, 13365, 157.21, 55, 0x0000000000000000, Not Active, Not Active
2026/09/30 06:27:20.876, 2647, 13365, 157.21, 55, 0x0000000000000000, Not Active, Not Active
2026/09/30 06:27:20.976, 2647, 13365, 157.21, 55, 0x0000000000000000, Not Active, Not Active
2026/09/30 06:27:21.076, 2647, 13365, 157.21, 55, 0x0000000000000000, Not Active, Not Active
2026/09/30 06:27:21.177, 2662, 13365, 131.54, 53, 0x0000000000000000, Not Active, Not Active
2026/09/30 06:27:21.277, 2662, 13365, 131.54, 53, 0x0000000000000000, Not Active, Not Active
2026/09/30 06:27:21.377, 2662, 13365, 131.54, 53, 0x0000000000000000, Not Active, Not Active
2026/09/30 06:27:21.477, 2662, 13365, 131.54, 53, 0x0000000000000000, Not Active, Not Active
2026/09/30 06:27:21.577, 2662, 13365, 131.54, 53, 0x0000000000000000, Not Active, Not Active
2026/09/30 06:27:21.677, 2677, 13365, 134.50, 53, 0x0000000000000000, Not Active, Not Active
2026/09/30 06:27:21.777, 2677, 13365, 134.50, 53, 0x0000000000000000, Not Active, Not Active
2026/09/30 06:27:21.878, 2677, 13365, 134.50, 53, 0x0000000000000000, Not Active, Not Active
2026/09/30 06:27:21.978, 2677, 13365, 134.50, 53, 0x0000000000000000, Not Active, Not Active
2026/09/30 06:27:22.078, 2677, 13365, 134.50, 53, 0x0000000000000000, Not Active, Not Active
2026/09/30 06:27:22.178, 2685, 13365, 139.43, 54, 0x0000000000000000, Not Active, Not Active
2026/09/30 06:27:22.278, 2685, 13365, 139.43, 54, 0x0000000000000000, Not Active, Not Active
2026/09/30 06:27:22.378, 2685, 13365, 139.43, 54, 0x0000000000000000, Not Active, Not Active
2026/09/30 06:27:22.478, 2685, 13365, 139.43, 54, 0x0000000000000000, Not Active, Not Active
2026/09/30 06:27:22.578, 2685, 13365, 139.43, 54, 0x0000000000000000, Not Active, Not Active
2026/09/30 06:27:22.679, 2670, 13365, 139.58, 55, 0x0000000000000000, Not Active, Not Active
2026/09/30 06:27:22.779, 2670, 13365, 139.58, 55, 0x0000000000000000, Not Active, Not Active
2026/09/30 06:27:22.879, 2670, 13365, 139.58, 55, 0x0000000000000000, Not Active, Not Active
2026/09/30 06:27:22.979, 2670, 13365, 139.58, 55, 0x0000000000000000, Not Active, Not Active
2026/09/30 06:27:23.079, 2670, 13365, 139.58, 55, 0x0000000000000000, Not Active, Not Active
2026/09/30 06:27:23.179, 2677, 13365, 136.48, 54, 0x0000000000000000, Not Active, Not Active
2026/09/30 06:27:23.279, 2677, 13365, 136.48, 54, 0x0000000000000000, Not Active, Not Active
2026/09/30 06:27:23.379, 2677, 13365, 136.48, 54, 0x0000000000000000, Not Active, Not Active
2026/09/30 06:27:23.480, 2677, 13365, 136.48, 54, 0x0000000000000000, Not Active, Not Active
2026/09/30 06:27:23.580, 2677, 13365, 136.48, 54, 0x0000000000000000, Not Active, Not Active
2026/09/30 06:27:23.680, 2662, 13365, 136.91, 54, 0x0000000000000000, Not Active, Not Active
2026/09/30 06:27:23.781, 2662, 13365, 136.91, 54, 0x0000000000000000, Not Active, Not Active
2026/09/30 06:27:23.881, 2662, 13365, 136.91, 54, 0x0000000000000000, Not Active, Not Active
2026/09/30 06:27:23.981, 2662, 13365, 136.91, 54, 0x0000000000000000, Not Active, Not Active
2026/09/30 06:27:24.081, 2662, 13365, 136.91, 54, 0x0000000000000000, Not Active, Not Active
2026/09/30 06:27:24.181, 2655, 13365, 136.39, 54, 0x0000000000000000, Not Active, Not Active
2026/09/30 06:27:24.281, 2655, 13365, 136.39, 54, 0x0000000000000000, Not Active, Not Active
2026/09/30 06:27:24.381, 2655, 13365, 136.39, 54, 0x0000000000000000, Not Active, Not Active
2026/09/30 06:27:24.482, 2655, 13365, 136.39, 54, 0x0000000000000000, Not Active, Not Active
2026/09/30 06:27:24.582, 2655, 13365, 136.39, 54, 0x0000000000000000, Not Active, Not Active
2026/09/30 06:27:24.682, 2655, 13365, 138.72, 53, 0x0000000000000000, Not Active, Not Active
2026/09/30 06:27:24.782, 2655, 13365, 138.72, 53, 0x0000000000000000, Not Active, Not Active
2026/09/30 06:27:24.882, 2655, 13365, 138.72, 53, 0x0000000000000000, Not Active, Not Active
2026/09/30 06:27:24.983, 2655, 13365, 138.72, 53, 0x0000000000000000, Not Active, Not Active
2026/09/30 06:27:25.083, 2655, 13365, 144.92, 54, 0x0000000000000000, Not Active, Not Active
2026/09/30 06:27:25.183, 2655, 13365, 144.92, 54, 0x0000000000000000, Not Active, Not Active
2026/09/30 06:27:25.283, 2655, 13365, 144.92, 54, 0x0000000000000000, Not Active, Not Active
2026/09/30 06:27:25.383, 2655, 13365, 144.92, 54, 0x0000000000000000, Not Active, Not Active
2026/09/30 06:27:25.483, 2655, 13365, 144.92, 54, 0x0000000000000000, Not Active, Not Active
2026/09/30 06:27:25.584, 2655, 13365, 146.84, 55, 0x0000000000000000, Not Active, Not Active
2026/09/30 06:27:25.684, 2655, 13365, 146.84, 55, 0x0000000000000000, Not Active, Not Active
2026/09/30 06:27:25.784, 2655, 13365, 146.84, 55, 0x0000000000000000, Not Active, Not Active
2026/09/30 06:27:25.884, 2655, 13365, 146.84, 55, 0x0000000000000000, Not Active, Not Active
2026/09/30 06:27:25.984, 2655, 13365, 146.84, 55, 0x0000000000000000, Not Active, Not Active
2026/09/30 06:27:26.084, 2640, 13365, 141.77, 54, 0x0000000000000000, Not Active, Not Active
2026/09/30 06:27:26.184, 2640, 13365, 141.77, 54, 0x0000000000000000, Not Active, Not Active
2026/09/30 06:27:26.285, 2640, 13365, 141.77, 54, 0x0000000000000000, Not Active, Not Active
2026/09/30 06:27:26.385, 2640, 13365, 141.77, 54, 0x0000000000000000, Not Active, Not Active
2026/09/30 06:27:26.485, 2640, 13365, 141.77, 54, 0x0000000000000000, Not Active, Not Active
2026/09/30 06:27:26.585, 2640, 13365, 141.77, 54, 0x0000000000000000, Not Active, Not Active
2026/09/30 06:27:26.685, 2632, 13365, 142.40, 53, 0x0000000000000000, Not Active, Not Active
2026/09/30 06:27:26.785, 2632, 13365, 142.40, 53, 0x0000000000000000, Not Active, Not Active
2026/09/30 06:27:26.885, 2632, 13365, 142.40, 53, 0x0000000000000000, Not Active, Not Active
2026/09/30 06:27:26.985, 2632, 13365, 142.40, 53, 0x0000000000000000, Not Active, Not Active
2026/09/30 06:27:27.086, 2632, 13365, 142.40, 53, 0x0000000000000000, Not Active, Not Active
2026/09/30 06:27:27.186, 2640, 13365, 156.33, 55, 0x0000000000000000, Not Active, Not Active
2026/09/30 06:27:27.286, 2640, 13365, 156.33, 55, 0x0000000000000000, Not Active, Not Active
2026/09/30 06:27:27.386, 2640, 13365, 156.33, 55, 0x0000000000000000, Not Active, Not Active
2026/09/30 06:27:27.486, 2640, 13365, 156.33, 55, 0x0000000000000000, Not Active, Not Active
2026/09/30 06:27:27.586, 2640, 13365, 156.33, 55, 0x0000000000000000, Not Active, Not Active
2026/09/30 06:27:27.686, 2640, 13365, 163.73, 54, 0x0000000000000000, Not Active, Not Active
2026/09/30 06:27:27.786, 2640, 13365, 163.73, 54, 0x0000000000000000, Not Active, Not Active
2026/09/30 06:27:27.887, 2640, 13365, 163.73, 54, 0x0000000000000000, Not Active, Not Active
2026/09/30 06:27:27.987, 2640, 13365, 163.73, 54, 0x0000000000000000, Not Active, Not Active
2026/09/30 06:27:28.087, 2640, 13365, 163.73, 54, 0x0000000000000000, Not Active, Not Active
2026/09/30 06:27:28.187, 2632, 13365, 152.58, 54, 0x0000000000000000, Not Active, Not Active
2026/09/30 06:27:28.287, 2632, 13365, 152.58, 54, 0x0000000000000000, Not Active, Not Active
2026/09/30 06:27:28.387, 2632, 13365, 152.58, 54, 0x0000000000000000, Not Active, Not Active
2026/09/30 06:27:28.487, 2632, 13365, 152.58, 54, 0x0000000000000000, Not Active, Not Active
2026/09/30 06:27:28.587, 2632, 13365, 152.58, 54, 0x0000000000000000, Not Active, Not Active
2026/09/30 06:27:28.688, 2610, 13365, 154.25, 55, 0x0000000000000000, Not Active, Not Active
2026/09/30 06:27:28.788, 2610, 13365, 154.25, 55, 0x0000000000000000, Not Active, Not Active
2026/09/30 06:27:28.888, 2610, 13365, 154.25, 55, 0x0000000000000000, Not Active, Not Active
2026/09/30 06:27:28.988, 2610, 13365, 154.25, 55, 0x0000000000000000, Not Active, Not Active
2026/09/30 06:27:29.088, 2610, 13365, 167.92, 55, 0x0000000000000000, Not Active, Not Active
2026/09/30 06:27:29.188, 2610, 13365, 167.92, 55, 0x0000000000000000, Not Active, Not Active
2026/09/30 06:27:29.289, 2610, 13365, 167.92, 55, 0x0000000000000000, Not Active, Not Active
2026/09/30 06:27:29.389, 2610, 13365, 167.92, 55, 0x0000000000000000, Not Active, Not Active
2026/09/30 06:27:29.489, 2610, 13365, 167.92, 55, 0x0000000000000000, Not Active, Not Active
2026/09/30 06:27:29.589, 2610, 13365, 167.92, 55, 0x0000000000000000, Not Active, Not Active
2026/09/30 06:27:29.689, 2610, 13365, 181.05, 55, 0x0000000000000000, Not Active, Not Active
2026/09/30 06:27:29.789, 2610, 13365, 181.05, 55, 0x0000000000000000, Not Active, Not Active
2026/09/30 06:27:29.889, 2610, 13365, 181.05, 55, 0x0000000000000000, Not Active, Not Active
2026/09/30 06:27:29.990, 2610, 13365, 181.05, 55, 0x0000000000000000, Not Active, Not Active
2026/09/30 06:27:30.090, 2610, 13365, 181.05, 55, 0x0000000000000000, Not Active, Not Active
2026/09/30 06:27:30.190, 2610, 13365, 189.42, 58, 0x0000000000000000, Not Active, Not Active
2026/09/30 06:27:30.290, 2610, 13365, 189.42, 58, 0x0000000000000000, Not Active, Not Active
2026/09/30 06:27:30.390, 2610, 13365, 189.42, 58, 0x0000000000000000, Not Active, Not Active
2026/09/30 06:27:30.490, 2610, 13365, 189.42, 58, 0x0000000000000000, Not Active, Not Active
2026/09/30 06:27:30.590, 2610, 13365, 189.08, 54, 0x0000000000000000, Not Active, Not Active
2026/09/30 06:27:30.690, 2610, 13365, 189.08, 54, 0x0000000000000000, Not Active, Not Active
2026/09/30 06:27:30.791, 2610, 13365, 189.08, 54, 0x0000000000000000, Not Active, Not Active
2026/09/30 06:27:30.891, 2610, 13365, 189.08, 54, 0x0000000000000000, Not Active, Not Active
2026/09/30 06:27:30.991, 2610, 13365, 189.08, 54, 0x0000000000000000, Not Active, Not Active
2026/09/30 06:27:31.091, 2557, 13365, 181.77, 56, 0x0000000000000000, Not Active, Not Active
2026/09/30 06:27:31.191, 2557, 13365, 181.77, 56, 0x0000000000000000, Not Active, Not Active
2026/09/30 06:27:31.291, 2557, 13365, 181.77, 56, 0x0000000000000000, Not Active, Not Active
2026/09/30 06:27:31.391, 2557, 13365, 181.77, 56, 0x0000000000000000, Not Active, Not Active
2026/09/30 06:27:31.492, 2557, 13365, 181.77, 56, 0x0000000000000000, Not Active, Not Active
2026/09/30 06:27:31.592, 2565, 13365, 191.57, 55, 0x0000000000000000, Not Active, Not Active
2026/09/30 06:27:31.692, 2565, 13365, 191.57, 55, 0x0000000000000000, Not Active, Not Active
2026/09/30 06:27:31.792, 2565, 13365, 191.57, 55, 0x0000000000000000, Not Active, Not Active
2026/09/30 06:27:31.892, 2565, 13365, 191.57, 55, 0x0000000000000000, Not Active, Not Active
2026/09/30 06:27:31.992, 2565, 13365, 191.57, 55, 0x0000000000000000, Not Active, Not Active
2026/09/30 06:27:32.093, 2542, 13365, 191.57, 55, 0x0000000000000000, Not Active, Not Active
2026/09/30 06:27:32.193, 2542, 13365, 245.69, 57, 0x0000000000000000, Not Active, Not Active
2026/09/30 06:27:32.293, 2542, 13365, 245.69, 57, 0x0000000000000000, Not Active, Not Active
2026/09/30 06:27:32.393, 2542, 13365, 245.69, 57, 0x0000000000000000, Not Active, Not Active
2026/09/30 06:27:32.493, 2542, 13365, 245.69, 57, 0x0000000000000000, Not Active, Not Active
2026/09/30 06:27:32.593, 2550, 13365, 245.81, 60, 0x0000000000000000, Not Active, Not Active
2026/09/30 06:27:32.693, 2550, 13365, 245.81, 60, 0x0000000000000000, Not Active, Not Active
2026/09/30 06:27:32.794, 2550, 13365, 245.81, 60, 0x0000000000000000, Not Active, Not Active
2026/09/30 06:27:32.894, 2550, 13365, 245.81, 60, 0x0000000000000000, Not Active, Not Active
2026/09/30 06:27:32.994, 2550, 13365, 245.81, 60, 0x0000000000000000, Not Active, Not Active
2026/09/30 06:27:33.094, 2580, 13365, 220.03, 56, 0x0000000000000000, Not Active, Not Active
2026/09/30 06:27:33.194, 2580, 13365, 220.03, 56, 0x0000000000000000, Not Active, Not Active
2026/09/30 06:27:33.294, 2580, 13365, 220.03, 56, 0x0000000000000000, Not Active, Not Active
2026/09/30 06:27:33.395, 2580, 13365, 220.03, 56, 0x0000000000000000, Not Active, Not Active
2026/09/30 06:27:33.495, 2580, 13365, 220.03, 56, 0x0000000000000000, Not Active, Not Active
2026/09/30 06:27:33.595, 2595, 13365, 173.84, 58, 0x0000000000000000, Not Active, Not Active
2026/09/30 06:27:33.695, 2595, 13365, 173.84, 58, 0x0000000000000000, Not Active, Not Active
2026/09/30 06:27:33.795, 2595, 13365, 173.84, 58, 0x0000000000000000, Not Active, Not Active
2026/09/30 06:27:33.895, 2595, 13365, 173.84, 58, 0x0000000000000000, Not Active, Not Active
2026/09/30 06:27:33.996, 2595, 13365, 173.84, 58, 0x0000000000000000, Not Active, Not Active
2026/09/30 06:27:34.096, 2550, 13365, 224.18, 58, 0x0000000000000000, Not Active, Not Active
2026/09/30 06:27:34.196, 2550, 13365, 224.18, 58, 0x0000000000000000, Not Active, Not Active
2026/09/30 06:27:34.296, 2550, 13365, 224.18, 58, 0x0000000000000000, Not Active, Not Active
2026/09/30 06:27:34.396, 2550, 13365, 224.18, 58, 0x0000000000000000, Not Active, Not Active
2026/09/30 06:27:34.496, 2550, 13365, 224.18, 58, 0x0000000000000000, Not Active, Not Active
2026/09/30 06:27:34.596, 2512, 13365, 298.21, 59, 0x0000000000000000, Not Active, Not Active
2026/09/30 06:27:34.696, 2512, 13365, 298.21, 59, 0x0000000000000000, Not Active, Not Active
2026/09/30 06:27:34.797, 2512, 13365, 298.21, 59, 0x0000000000000000, Not Active, Not Active
2026/09/30 06:27:34.897, 2512, 13365, 298.21, 59, 0x0000000000000000, Not Active, Not Active
2026/09/30 06:27:34.997, 2512, 13365, 298.21, 59, 0x0000000000000000, Not Active, Not Active
2026/09/30 06:27:35.097, 2632, 13365, 285.57, 57, 0x0000000000000000, Not Active, Not Active
2026/09/30 06:27:35.197, 2632, 13365, 285.57, 57, 0x0000000000000000, Not Active, Not Active
2026/09/30 06:27:35.297, 2632, 13365, 285.57, 57, 0x0000000000000000, Not Active, Not Active
2026/09/30 06:27:35.397, 2632, 13365, 285.57, 57, 0x0000000000000000, Not Active, Not Active
2026/09/30 06:27:35.497, 2632, 13365, 285.57, 57, 0x0000000000000000, Not Active, Not Active
2026/09/30 06:27:35.598, 2505, 13365, 306.40, 62, 0x0000000000000000, Not Active, Not Active
2026/09/30 06:27:35.698, 2505, 13365, 306.40, 62, 0x0000000000000000, Not Active, Not Active
2026/09/30 06:27:35.798, 2505, 13365, 306.40, 62, 0x0000000000000000, Not Active, Not Active
2026/09/30 06:27:35.898, 2505, 13365, 306.40, 62, 0x0000000000000000, Not Active, Not Active
2026/09/30 06:27:35.998, 2505, 13365, 306.40, 62, 0x0000000000000000, Not Active, Not Active
2026/09/30 06:27:36.098, 2685, 13365, 299.61, 61, 0x0000000000000000, Not Active, Not Active
2026/09/30 06:27:36.198, 2685, 13365, 299.61, 61, 0x0000000000000000, Not Active, Not Active
2026/09/30 06:27:36.298, 2685, 13365, 299.61, 61, 0x0000000000000000, Not Active, Not Active
2026/09/30 06:27:36.399, 2685, 13365, 299.61, 61, 0x0000000000000000, Not Active, Not Active
2026/09/30 06:27:36.499, 2685, 13365, 299.61, 61, 0x0000000000000000, Not Active, Not Active
2026/09/30 06:27:36.599, 2677, 13365, 243.17, 56, 0x0000000000000000, Not Active, Not Active
2026/09/30 06:27:36.699, 2677, 13365, 243.17, 56, 0x0000000000000000, Not Active, Not Active
2026/09/30 06:27:36.799, 2677, 13365, 243.17, 56, 0x0000000000000000, Not Active, Not Active
2026/09/30 06:27:36.899, 2677, 13365, 243.17, 56, 0x0000000000000000, Not Active, Not Active
2026/09/30 06:27:36.999, 2677, 13365, 243.17, 56, 0x0000000000000000, Not Active, Not Active
2026/09/30 06:27:37.099, 2685, 13365, 179.62, 56, 0x0000000000000000, Not Active, Not Active
2026/09/30 06:27:37.200, 2685, 13365, 179.62, 56, 0x0000000000000000, Not Active, Not Active
2026/09/30 06:27:37.300, 2685, 13365, 179.62, 56, 0x0000000000000000, Not Active, Not Active
2026/09/30 06:27:37.400, 2685, 13365, 179.62, 56, 0x0000000000000000, Not Active, Not Active
2026/09/30 06:27:37.500, 2685, 13365, 179.62, 56, 0x0000000000000000, Not Active, Not Active
2026/09/30 06:27:37.600, 2677, 13365, 134.49, 55, 0x0000000000000000, Not Active, Not Active
2026/09/30 06:27:37.700, 2677, 13365, 134.49, 55, 0x0000000000000000, Not Active, Not Active
2026/09/30 06:27:37.800, 2677, 13365, 134.49, 55, 0x0000000000000000, Not Active, Not Active
2026/09/30 06:27:37.901, 2677, 13365, 134.49, 55, 0x0000000000000000, Not Active, Not Active
2026/09/30 06:27:38.001, 2677, 13365, 134.49, 55, 0x0000000000000000, Not Active, Not Active
2026/09/30 06:27:38.101, 2662, 13365, 139.87, 56, 0x0000000000000000, Not Active, Not Active
2026/09/30 06:27:38.201, 2662, 13365, 139.87, 56, 0x0000000000000000, Not Active, Not Active
2026/09/30 06:27:38.301, 2662, 13365, 139.87, 56, 0x0000000000000000, Not Active, Not Active
2026/09/30 06:27:38.401, 2662, 13365, 139.87, 56, 0x0000000000000000, Not Active, Not Active
2026/09/30 06:27:38.501, 2662, 13365, 139.87, 56, 0x0000000000000000, Not Active, Not Active
2026/09/30 06:27:38.602, 2655, 13365, 136.69, 55, 0x0000000000000000, Not Active, Not Active
2026/09/30 06:27:38.702, 2655, 13365, 136.69, 55, 0x0000000000000000, Not Active, Not Active
2026/09/30 06:27:38.802, 2655, 13365, 136.69, 55, 0x0000000000000000, Not Active, Not Active
2026/09/30 06:27:38.902, 2655, 13365, 136.69, 55, 0x0000000000000000, Not Active, Not Active
2026/09/30 06:27:39.002, 2655, 13365, 136.69, 55, 0x0000000000000000, Not Active, Not Active
2026/09/30 06:27:39.102, 2655, 13365, 139.86, 56, 0x0000000000000000, Not Active, Not Active
2026/09/30 06:27:39.203, 2655, 13365, 139.86, 56, 0x0000000000000000, Not Active, Not Active
2026/09/30 06:27:39.303, 2655, 13365, 139.86, 56, 0x0000000000000000, Not Active, Not Active
2026/09/30 06:27:39.403, 2655, 13365, 139.86, 56, 0x0000000000000000, Not Active, Not Active
2026/09/30 06:27:39.503, 2655, 13365, 139.86, 56, 0x0000000000000000, Not Active, Not Active
2026/09/30 06:27:39.603, 2662, 13365, 143.65, 55, 0x0000000000000000, Not Active, Not Active
2026/09/30 06:27:39.703, 2662, 13365, 143.65, 55, 0x0000000000000000, Not Active, Not Active
2026/09/30 06:27:39.803, 2662, 13365, 143.65, 55, 0x0000000000000000, Not Active, Not Active
2026/09/30 06:27:39.904, 2662, 13365, 143.65, 55, 0x0000000000000000, Not Active, Not Active
2026/09/30 06:27:40.004, 2662, 13365, 143.65, 55, 0x0000000000000000, Not Active, Not Active
2026/09/30 06:27:40.104, 2677, 13365, 141.49, 56, 0x0000000000000000, Not Active, Not Active
2026/09/30 06:27:40.204, 2677, 13365, 141.49, 56, 0x0000000000000000, Not Active, Not Active
2026/09/30 06:27:40.304, 2677, 13365, 141.49, 56, 0x0000000000000000, Not Active, Not Active
2026/09/30 06:27:40.404, 2677, 13365, 141.49, 56, 0x0000000000000000, Not Active, Not Active
2026/09/30 06:27:40.505, 2677, 13365, 141.49, 56, 0x0000000000000000, Not Active, Not Active
2026/09/30 06:27:40.605, 2655, 13365, 136.46, 56, 0x0000000000000000, Not Active, Not Active
2026/09/30 06:27:40.705, 2655, 13365, 136.46, 56, 0x0000000000000000, Not Active, Not Active
2026/09/30 06:27:40.805, 2655, 13365, 136.46, 56, 0x0000000000000000, Not Active, Not Active
2026/09/30 06:27:40.905, 2655, 13365, 136.46, 56, 0x0000000000000000, Not Active, Not Active
2026/09/30 06:27:41.005, 2655, 13365, 136.46, 56, 0x0000000000000000, Not Active, Not Active
2026/09/30 06:27:41.105, 2640, 13365, 136.56, 55, 0x0000000000000000, Not Active, Not Active
2026/09/30 06:27:41.205, 2640, 13365, 136.56, 55, 0x0000000000000000, Not Active, Not Active
2026/09/30 06:27:41.306, 2640, 13365, 136.56, 55, 0x0000000000000000, Not Active, Not Active
2026/09/30 06:27:41.406, 2640, 13365, 136.56, 55, 0x0000000000000000, Not Active, Not Active
2026/09/30 06:27:41.506, 2640, 13365, 136.56, 55, 0x0000000000000000, Not Active, Not Active
2026/09/30 06:27:41.606, 2640, 13365, 144.41, 55, 0x0000000000000000, Not Active, Not Active
2026/09/30 06:27:41.706, 2640, 13365, 144.41, 55, 0x0000000000000000, Not Active, Not Active
2026/09/30 06:27:41.806, 2640, 13365, 144.41, 55, 0x0000000000000000, Not Active, Not Active
2026/09/30 06:27:41.907, 2640, 13365, 144.41, 55, 0x0000000000000000, Not Active, Not Active
2026/09/30 06:27:42.007, 2640, 13365, 144.41, 55, 0x0000000000000000, Not Active, Not Active
2026/09/30 06:27:42.107, 2640, 13365, 147.89, 55, 0x0000000000000000, Not Active, Not Active
2026/09/30 06:27:42.207, 2640, 13365, 147.89, 55, 0x0000000000000000, Not Active, Not Active
2026/09/30 06:27:42.307, 2640, 13365, 147.89, 55, 0x0000000000000000, Not Active, Not Active
2026/09/30 06:27:42.407, 2640, 13365, 147.89, 55, 0x0000000000000000, Not Active, Not Active
2026/09/30 06:27:42.507, 2640, 13365, 147.89, 55, 0x0000000000000000, Not Active, Not Active
2026/09/30 06:27:42.608, 2640, 13365, 156.81, 56, 0x0000000000000000, Not Active, Not Active
2026/09/30 06:27:42.708, 2640, 13365, 156.81, 56, 0x0000000000000000, Not Active, Not Active
2026/09/30 06:27:42.808, 2640, 13365, 156.81, 56, 0x0000000000000000, Not Active, Not Active
2026/09/30 06:27:42.908, 2640, 13365, 156.81, 56, 0x0000000000000000, Not Active, Not Active
2026/09/30 06:27:43.008, 2640, 13365, 156.81, 56, 0x0000000000000000, Not Active, Not Active
2026/09/30 06:27:43.108, 2640, 13365, 164.81, 56, 0x0000000000000000, Not Active, Not Active
2026/09/30 06:27:43.208, 2640, 13365, 164.81, 56, 0x0000000000000000, Not Active, Not Active
2026/09/30 06:27:43.308, 2640, 13365, 164.81, 56, 0x0000000000000000, Not Active, Not Active
2026/09/30 06:27:43.409, 2640, 13365, 164.81, 56, 0x0000000000000000, Not Active, Not Active
2026/09/30 06:27:43.509, 2640, 13365, 164.81, 56, 0x0000000000000000, Not Active, Not Active
2026/09/30 06:27:43.609, 2632, 13365, 165.59, 56, 0x0000000000000000, Not Active, Not Active
2026/09/30 06:27:43.709, 2632, 13365, 165.59, 56, 0x0000000000000000, Not Active, Not Active
2026/09/30 06:27:43.809, 2632, 13365, 165.59, 56, 0x0000000000000000, Not Active, Not Active
2026/09/30 06:27:43.909, 2632, 13365, 165.59, 56, 0x0000000000000000, Not Active, Not Active
2026/09/30 06:27:44.009, 2632, 13365, 165.59, 56, 0x0000000000000000, Not Active, Not Active
2026/09/30 06:27:44.110, 2625, 13365, 165.45, 56, 0x0000000000000000, Not Active, Not Active
2026/09/30 06:27:44.210, 2625, 13365, 165.45, 56, 0x0000000000000000, Not Active, Not Active
2026/09/30 06:27:44.310, 2625, 13365, 165.45, 56, 0x0000000000000000, Not Active, Not Active
2026/09/30 06:27:44.410, 2625, 13365, 165.45, 56, 0x0000000000000000, Not Active, Not Active
2026/09/30 06:27:44.510, 2625, 13365, 165.45, 56, 0x0000000000000000, Not Active, Not Active
2026/09/30 06:27:44.610, 2610, 13365, 173.67, 58, 0x0000000000000000, Not Active, Not Active
2026/09/30 06:27:44.710, 2610, 13365, 173.67, 58, 0x0000000000000000, Not Active, Not Active
2026/09/30 06:27:44.811, 2610, 13365, 173.67, 58, 0x0000000000000000, Not Active, Not Active
2026/09/30 06:27:44.911, 2610, 13365, 173.67, 58, 0x0000000000000000, Not Active, Not Active
2026/09/30 06:27:45.011, 2610, 13365, 173.67, 58, 0x0000000000000000, Not Active, Not Active
2026/09/30 06:27:45.111, 2610, 13365, 184.15, 56, 0x0000000000000000, Not Active, Not Active
2026/09/30 06:27:45.211, 2610, 13365, 184.15, 56, 0x0000000000000000, Not Active, Not Active
2026/09/30 06:27:45.311, 2610, 13365, 184.15, 56, 0x0000000000000000, Not Active, Not Active
2026/09/30 06:27:45.411, 2610, 13365, 184.15, 56, 0x0000000000000000, Not Active, Not Active
2026/09/30 06:27:45.512, 2610, 13365, 184.15, 56, 0x0000000000000000, Not Active, Not Active
2026/09/30 06:27:45.612, 2610, 13365, 192.70, 59, 0x0000000000000000, Not Active, Not Active
2026/09/30 06:27:45.712, 2610, 13365, 192.70, 59, 0x0000000000000000, Not Active, Not Active
2026/09/30 06:27:45.812, 2610, 13365, 192.70, 59, 0x0000000000000000, Not Active, Not Active
2026/09/30 06:27:45.912, 2610, 13365, 192.70, 59, 0x0000000000000000, Not Active, Not Active
2026/09/30 06:27:46.012, 2610, 13365, 192.70, 59, 0x0000000000000000, Not Active, Not Active
2026/09/30 06:27:46.112, 2610, 13365, 188.44, 58, 0x0000000000000000, Not Active, Not Active
2026/09/30 06:27:46.212, 2610, 13365, 188.44, 58, 0x0000000000000000, Not Active, Not Active
2026/09/30 06:27:46.313, 2610, 13365, 188.44, 58, 0x0000000000000000, Not Active, Not Active
2026/09/30 06:27:46.413, 2610, 13365, 188.44, 58, 0x0000000000000000, Not Active, Not Active
2026/09/30 06:27:46.513, 2610, 13365, 188.44, 58, 0x0000000000000000, Not Active, Not Active
2026/09/30 06:27:46.613, 2610, 13365, 166.40, 55, 0x0000000000000000, Not Active, Not Active
2026/09/30 06:27:46.713, 2610, 13365, 166.40, 55, 0x0000000000000000, Not Active, Not Active
2026/09/30 06:27:46.813, 2610, 13365, 166.40, 55, 0x0000000000000000, Not Active, Not Active
2026/09/30 06:27:46.913, 2610, 13365, 166.40, 55, 0x0000000000000000, Not Active, Not Active
2026/09/30 06:27:47.013, 2610, 13365, 166.40, 55, 0x0000000000000000, Not Active, Not Active
2026/09/30 06:27:47.114, 2580, 13365, 177.59, 59, 0x0000000000000000, Not Active, Not Active
2026/09/30 06:27:47.214, 2580, 13365, 177.59, 59, 0x0000000000000000, Not Active, Not Active
2026/09/30 06:27:47.314, 2580, 13365, 177.59, 59, 0x0000000000000000, Not Active, Not Active
2026/09/30 06:27:47.414, 2580, 13365, 177.59, 59, 0x0000000000000000, Not Active, Not Active
2026/09/30 06:27:47.514, 2580, 13365, 177.59, 59, 0x0000000000000000, Not Active, Not Active
2026/09/30 06:27:47.614, 2550, 13365, 227.34, 61, 0x0000000000000000, Not Active, Not Active
2026/09/30 06:27:47.714, 2550, 13365, 227.34, 61, 0x0000000000000000, Not Active, Not Active
2026/09/30 06:27:47.814, 2550, 13365, 227.34, 61, 0x0000000000000000, Not Active, Not Active
2026/09/30 06:27:47.915, 2550, 13365, 227.34, 61, 0x0000000000000000, Not Active, Not Active
2026/09/30 06:27:48.015, 2550, 13365, 227.34, 61, 0x0000000000000000, Not Active, Not Active
2026/09/30 06:27:48.115, 2557, 13365, 229.92, 61, 0x0000000000000000, Not Active, Not Active
2026/09/30 06:27:48.215, 2557, 13365, 229.92, 61, 0x0000000000000000, Not Active, Not Active
2026/09/30 06:27:48.315, 2557, 13365, 229.92, 61, 0x0000000000000000, Not Active, Not Active
2026/09/30 06:27:48.415, 2557, 13365, 229.92, 61, 0x0000000000000000, Not Active, Not Active
2026/09/30 06:27:48.515, 2557, 13365, 229.92, 61, 0x0000000000000000, Not Active, Not Active
2026/09/30 06:27:48.615, 2580, 13365, 211.52, 61, 0x0000000000000000, Not Active, Not Active
2026/09/30 06:27:48.716, 2580, 13365, 211.52, 61, 0x0000000000000000, Not Active, Not Active
2026/09/30 06:27:48.816, 2580, 13365, 211.52, 61, 0x0000000000000000, Not Active, Not Active
2026/09/30 06:27:48.916, 2580, 13365, 211.52, 61, 0x0000000000000000, Not Active, Not Active
2026/09/30 06:27:49.016, 2580, 13365, 211.52, 61, 0x0000000000000000, Not Active, Not Active
2026/09/30 06:27:49.116, 2557, 13365, 226.72, 58, 0x0000000000000000, Not Active, Not Active
2026/09/30 06:27:49.216, 2557, 13365, 226.72, 58, 0x0000000000000000, Not Active, Not Active
2026/09/30 06:27:49.316, 2557, 13365, 226.72, 58, 0x0000000000000000, Not Active, Not Active
2026/09/30 06:27:49.417, 2557, 13365, 226.72, 58, 0x0000000000000000, Not Active, Not Active
2026/09/30 06:27:49.517, 2557, 13365, 226.72, 58, 0x0000000000000000, Not Active, Not Active
2026/09/30 06:27:49.617, 2610, 13365, 171.85, 55, 0x0000000000000000, Not Active, Not Active
2026/09/30 06:27:49.717, 2610, 13365, 171.85, 55, 0x0000000000000000, Not Active, Not Active
2026/09/30 06:27:49.817, 2610, 13365, 171.85, 55, 0x0000000000000000, Not Active, Not Active
2026/09/30 06:27:49.917, 2610, 13365, 171.85, 55, 0x0000000000000000, Not Active, Not Active
2026/09/30 06:27:50.017, 2610, 13365, 171.85, 55, 0x0000000000000000, Not Active, Not Active
2026/09/30 06:27:50.118, 2467, 13365, 178.14, 63, 0x0000000000000004, Active, Not Active
2026/09/30 06:27:50.218, 2467, 13365, 178.14, 63, 0x0000000000000004, Active, Not Active
2026/09/30 06:27:50.318, 2467, 13365, 178.14, 63, 0x0000000000000004, Active, Not Active
2026/09/30 06:27:50.418, 2467, 13365, 178.14, 63, 0x0000000000000004, Active, Not Active
2026/09/30 06:27:50.518, 2467, 13365, 178.14, 63, 0x0000000000000004, Active, Not Active
2026/09/30 06:27:50.618, 2542, 13365, 290.60, 59, 0x0000000000000000, Not Active, Not Active
2026/09/30 06:27:50.718, 2542, 13365, 290.60, 59, 0x0000000000000000, Not Active, Not Active
2026/09/30 06:27:50.819, 2542, 13365, 290.60, 59, 0x0000000000000000, Not Active, Not Active
2026/09/30 06:27:50.919, 2542, 13365, 290.60, 59, 0x0000000000000000, Not Active, Not Active
2026/09/30 06:27:51.019, 2542, 13365, 290.60, 59, 0x0000000000000000, Not Active, Not Active
2026/09/30 06:27:51.119, 2542, 13365, 313.96, 60, 0x0000000000000000, Not Active, Not Active
2026/09/30 06:27:51.219, 2542, 13365, 313.96, 60, 0x0000000000000000, Not Active, Not Active
2026/09/30 06:27:51.319, 2542, 13365, 313.96, 60, 0x0000000000000000, Not Active, Not Active
2026/09/30 06:27:51.419, 2542, 13365, 313.96, 60, 0x0000000000000000, Not Active, Not Active
2026/09/30 06:27:51.519, 2542, 13365, 313.96, 60, 0x0000000000000000, Not Active, Not Active
2026/09/30 06:27:51.619, 2677, 13365, 305.36, 62, 0x0000000000000004, Active, Not Active
2026/09/30 06:27:51.720, 2677, 13365, 305.36, 62, 0x0000000000000004, Active, Not Active
2026/09/30 06:27:51.820, 2677, 13365, 305.36, 62, 0x0000000000000004, Active, Not Active
2026/09/30 06:27:51.920, 2677, 13365, 305.36, 62, 0x0000000000000004, Active, Not Active
2026/09/30 06:27:52.020, 2677, 13365, 305.36, 62, 0x0000000000000004, Active, Not Active
2026/09/30 06:27:52.120, 2557, 13365, 323.67, 63, 0x0000000000000004, Active, Not Active
2026/09/30 06:27:52.220, 2557, 13365, 323.67, 63, 0x0000000000000004, Active, Not Active
2026/09/30 06:27:52.320, 2557, 13365, 323.67, 63, 0x0000000000000004, Active, Not Active
2026/09/30 06:27:52.420, 2557, 13365, 323.67, 63, 0x0000000000000004, Active, Not Active
2026/09/30 06:27:52.521, 2557, 13365, 323.67, 63, 0x0000000000000004, Active, Not Active
2026/09/30 06:27:52.621, 2745, 13365, 277.43, 58, 0x0000000000000000, Not Active, Not Active
2026/09/30 06:27:52.721, 2745, 13365, 277.43, 58, 0x0000000000000000, Not Active, Not Active
2026/09/30 06:27:52.821, 2745, 13365, 277.43, 58, 0x0000000000000000, Not Active, Not Active
2026/09/30 06:27:52.921, 2745, 13365, 277.43, 58, 0x0000000000000000, Not Active, Not Active
2026/09/30 06:27:53.021, 2745, 13365, 277.43, 58, 0x0000000000000000, Not Active, Not Active
2026/09/30 06:27:53.121, 2827, 13365, 189.93, 57, 0x0000000000000000, Not Active, Not Active
2026/09/30 06:27:53.221, 2827, 13365, 189.93, 57, 0x0000000000000000, Not Active, Not Active
2026/09/30 06:27:53.322, 2827, 13365, 189.93, 57, 0x0000000000000000, Not Active, Not Active
2026/09/30 06:27:53.422, 2827, 13365, 189.93, 57, 0x0000000000000000, Not Active, Not Active
2026/09/30 06:27:53.522, 2827, 13365, 189.93, 57, 0x0000000000000000, Not Active, Not Active
2026/09/30 06:27:53.622, 2827, 13365, 153.99, 57, 0x0000000000000000, Not Active, Not Active
2026/09/30 06:27:53.722, 2827, 13365, 153.99, 57, 0x0000000000000000, Not Active, Not Active
2026/09/30 06:27:53.822, 2827, 13365, 153.99, 57, 0x0000000000000000, Not Active, Not Active
2026/09/30 06:27:53.922, 2827, 13365, 153.99, 57, 0x0000000000000000, Not Active, Not Active
2026/09/30 06:27:54.022, 2827, 13365, 153.99, 57, 0x0000000000000000, Not Active, Not Active
2026/09/30 06:27:54.122, 2707, 13365, 151.49, 56, 0x0000000000000000, Not Active, Not Active
2026/09/30 06:27:54.223, 2707, 13365, 151.49, 56, 0x0000000000000000, Not Active, Not Active
2026/09/30 06:27:54.323, 2707, 13365, 151.49, 56, 0x0000000000000000, Not Active, Not Active
2026/09/30 06:27:54.423, 2707, 13365, 151.49, 56, 0x0000000000000000, Not Active, Not Active
2026/09/30 06:27:54.523, 2707, 13365, 151.49, 56, 0x0000000000000000, Not Active, Not Active
2026/09/30 06:27:54.623, 2662, 13365, 149.35, 57, 0x0000000000000000, Not Active, Not Active
2026/09/30 06:27:54.723, 2662, 13365, 149.35, 57, 0x0000000000000000, Not Active, Not Active
2026/09/30 06:27:54.823, 2662, 13365, 149.35, 57, 0x0000000000000000, Not Active, Not Active
2026/09/30 06:27:54.924, 2662, 13365, 149.35, 57, 0x0000000000000000, Not Active, Not Active
2026/09/30 06:27:55.024, 2662, 13365, 149.35, 57, 0x0000000000000000, Not Active, Not Active
2026/09/30 06:27:55.124, 2677, 13365, 146.79, 57, 0x0000000000000000, Not Active, Not Active
2026/09/30 06:27:55.224, 2677, 13365, 146.79, 57, 0x0000000000000000, Not Active, Not Active
2026/09/30 06:27:55.324, 2677, 13365, 146.79, 57, 0x0000000000000000, Not Active, Not Active
2026/09/30 06:27:55.424, 2677, 13365, 146.79, 57, 0x0000000000000000, Not Active, Not Active
2026/09/30 06:27:55.524, 2677, 13365, 146.79, 57, 0x0000000000000000, Not Active, Not Active
2026/09/30 06:27:55.624, 2677, 13365, 142.02, 56, 0x0000000000000000, Not Active, Not Active
2026/09/30 06:27:55.724, 2677, 13365, 142.02, 56, 0x0000000000000000, Not Active, Not Active
2026/09/30 06:27:55.824, 2677, 13365, 142.02, 56, 0x0000000000000000, Not Active, Not Active
2026/09/30 06:27:55.925, 2677, 13365, 142.02, 56, 0x0000000000000000, Not Active, Not Active
2026/09/30 06:27:56.025, 2677, 13365, 142.02, 56, 0x0000000000000000, Not Active, Not Active
2026/09/30 06:27:56.125, 2647, 13365, 141.09, 56, 0x0000000000000000, Not Active, Not Active
2026/09/30 06:27:56.225, 2647, 13365, 141.09, 56, 0x0000000000000000, Not Active, Not Active
2026/09/30 06:27:56.325, 2647, 13365, 141.09, 56, 0x0000000000000000, Not Active, Not Active
2026/09/30 06:27:56.425, 2647, 13365, 141.09, 56, 0x0000000000000000, Not Active, Not Active
2026/09/30 06:27:56.525, 2647, 13365, 141.09, 56, 0x0000000000000000, Not Active, Not Active
2026/09/30 06:27:56.625, 2640, 13365, 140.87, 56, 0x0000000000000000, Not Active, Not Active
2026/09/30 06:27:56.726, 2640, 13365, 140.87, 56, 0x0000000000000000, Not Active, Not Active
2026/09/30 06:27:56.826, 2640, 13365, 140.87, 56, 0x0000000000000000, Not Active, Not Active
2026/09/30 06:27:56.926, 2640, 13365, 140.87, 56, 0x0000000000000000, Not Active, Not Active
2026/09/30 06:27:57.026, 2640, 13365, 140.87, 56, 0x0000000000000000, Not Active, Not Active
2026/09/30 06:27:57.126, 2662, 13365, 144.66, 57, 0x0000000000000000, Not Active, Not Active
2026/09/30 06:27:57.226, 2662, 13365, 144.66, 57, 0x0000000000000000, Not Active, Not Active
2026/09/30 06:27:57.326, 2662, 13365, 144.66, 57, 0x0000000000000000, Not Active, Not Active
2026/09/30 06:27:57.427, 2662, 13365, 144.66, 57, 0x0000000000000000, Not Active, Not Active
2026/09/30 06:27:57.527, 2662, 13365, 144.66, 57, 0x0000000000000000, Not Active, Not Active
2026/09/30 06:27:57.627, 2655, 13365, 150.35, 56, 0x0000000000000000, Not Active, Not Active
2026/09/30 06:27:57.727, 2655, 13365, 150.35, 56, 0x0000000000000000, Not Active, Not Active
2026/09/30 06:27:57.827, 2655, 13365, 150.35, 56, 0x0000000000000000, Not Active, Not Active
2026/09/30 06:27:57.927, 2655, 13365, 150.35, 56, 0x0000000000000000, Not Active, Not Active
2026/09/30 06:27:58.027, 2655, 13365, 150.35, 56, 0x0000000000000000, Not Active, Not Active
2026/09/30 06:27:58.127, 2640, 13365, 150.89, 56, 0x0000000000000000, Not Active, Not Active
2026/09/30 06:27:58.227, 2640, 13365, 150.89, 56, 0x0000000000000000, Not Active, Not Active
2026/09/30 06:27:58.328, 2640, 13365, 150.89, 56, 0x0000000000000000, Not Active, Not Active
2026/09/30 06:27:58.428, 2640, 13365, 150.89, 56, 0x0000000000000000, Not Active, Not Active
2026/09/30 06:27:58.528, 2640, 13365, 150.89, 56, 0x0000000000000000, Not Active, Not Active
2026/09/30 06:27:58.628, 2640, 13365, 148.54, 55, 0x0000000000000000, Not Active, Not Active
2026/09/30 06:27:58.728, 2640, 13365, 148.54, 55, 0x0000000000000000, Not Active, Not Active
2026/09/30 06:27:58.828, 2640, 13365, 148.54, 55, 0x0000000000000000, Not Active, Not Active
2026/09/30 06:27:58.928, 2640, 13365, 148.54, 55, 0x0000000000000000, Not Active, Not Active
2026/09/30 06:27:59.029, 2640, 13365, 148.54, 55, 0x0000000000000000, Not Active, Not Active
2026/09/30 06:27:59.129, 2632, 13365, 149.42, 57, 0x0000000000000000, Not Active, Not Active
2026/09/30 06:27:59.229, 2632, 13365, 149.42, 57, 0x0000000000000000, Not Active, Not Active
2026/09/30 06:27:59.329, 2632, 13365, 149.42, 57, 0x0000000000000000, Not Active, Not Active
2026/09/30 06:27:59.429, 2632, 13365, 149.42, 57, 0x0000000000000000, Not Active, Not Active
2026/09/30 06:27:59.529, 2632, 13365, 149.42, 57, 0x0000000000000000, Not Active, Not Active
2026/09/30 06:27:59.629, 2625, 13365, 168.31, 58, 0x0000000000000000, Not Active, Not Active
2026/09/30 06:27:59.730, 2625, 13365, 168.31, 58, 0x0000000000000000, Not Active, Not Active
2026/09/30 06:27:59.830, 2625, 13365, 168.31, 58, 0x0000000000000000, Not Active, Not Active
2026/09/30 06:27:59.930, 2625, 13365, 168.31, 58, 0x0000000000000000, Not Active, Not Active
2026/09/30 06:28:00.030, 2625, 13365, 168.31, 58, 0x0000000000000000, Not Active, Not Active
2026/09/30 06:28:00.130, 2632, 13365, 176.12, 57, 0x0000000000000000, Not Active, Not Active
2026/09/30 06:28:00.230, 2632, 13365, 176.12, 57, 0x0000000000000000, Not Active, Not Active
2026/09/30 06:28:00.330, 2632, 13365, 176.12, 57, 0x0000000000000000, Not Active, Not Active
2026/09/30 06:28:00.431, 2632, 13365, 176.12, 57, 0x0000000000000000, Not Active, Not Active
2026/09/30 06:28:00.531, 2632, 13365, 176.12, 57, 0x0000000000000000, Not Active, Not Active
2026/09/30 06:28:00.631, 2632, 13365, 177.54, 56, 0x0000000000000000, Not Active, Not Active
2026/09/30 06:28:00.731, 2632, 13365, 177.54, 56, 0x0000000000000000, Not Active, Not Active
2026/09/30 06:28:00.831, 2632, 13365, 177.54, 56, 0x0000000000000000, Not Active, Not Active
2026/09/30 06:28:00.931, 2632, 13365, 177.54, 56, 0x0000000000000000, Not Active, Not Active
2026/09/30 06:28:01.031, 2632, 13365, 177.54, 56, 0x0000000000000000, Not Active, Not Active
2026/09/30 06:28:01.132, 2610, 13365, 148.27, 55, 0x0000000000000000, Not Active, Not Active
2026/09/30 06:28:01.232, 2610, 13365, 148.27, 55, 0x0000000000000000, Not Active, Not Active
2026/09/30 06:28:01.332, 2610, 13365, 148.27, 55, 0x0000000000000000, Not Active, Not Active
2026/09/30 06:28:01.432, 2610, 13365, 148.27, 55, 0x0000000000000000, Not Active, Not Active
2026/09/30 06:28:01.532, 2610, 13365, 148.27, 55, 0x0000000000000000, Not Active, Not Active
2026/09/30 06:28:01.632, 2595, 13365, 167.37, 60, 0x0000000000000000, Not Active, Not Active
2026/09/30 06:28:01.733, 2595, 13365, 167.37, 60, 0x0000000000000000, Not Active, Not Active
2026/09/30 06:28:01.833, 2595, 13365, 167.37, 60, 0x0000000000000000, Not Active, Not Active
2026/09/30 06:28:01.933, 2595, 13365, 167.37, 60, 0x0000000000000000, Not Active, Not Active
2026/09/30 06:28:02.033, 2595, 13365, 167.37, 60, 0x0000000000000000, Not Active, Not Active
2026/09/30 06:28:02.133, 2595, 13365, 207.82, 58, 0x0000000000000000, Not Active, Not Active
2026/09/30 06:28:02.233, 2595, 13365, 207.82, 58, 0x0000000000000000, Not Active, Not Active
2026/09/30 06:28:02.333, 2595, 13365, 207.82, 58, 0x0000000000000000, Not Active, Not Active
2026/09/30 06:28:02.434, 2595, 13365, 207.82, 58, 0x0000000000000000, Not Active, Not Active
2026/09/30 06:28:02.534, 2595, 13365, 207.82, 58, 0x0000000000000000, Not Active, Not Active
2026/09/30 06:28:02.634, 2595, 13365, 203.73, 58, 0x0000000000000000, Not Active, Not Active
2026/09/30 06:28:02.734, 2595, 13365, 203.73, 58, 0x0000000000000000, Not Active, Not Active
2026/09/30 06:28:02.834, 2595, 13365, 203.73, 58, 0x0000000000000000, Not Active, Not Active
2026/09/30 06:28:02.934, 2595, 13365, 203.73, 58, 0x0000000000000000, Not Active, Not Active
2026/09/30 06:28:03.034, 2595, 13365, 203.73, 58, 0x0000000000000000, Not Active, Not Active
2026/09/30 06:28:03.134, 2602, 13365, 196.35, 57, 0x0000000000000000, Not Active, Not Active
2026/09/30 06:28:03.235, 2602, 13365, 196.35, 57, 0x0000000000000000, Not Active, Not Active
2026/09/30 06:28:03.335, 2602, 13365, 196.35, 57, 0x0000000000000000, Not Active, Not Active
2026/09/30 06:28:03.435, 2602, 13365, 196.35, 57, 0x0000000000000000, Not Active, Not Active
2026/09/30 06:28:03.535, 2602, 13365, 196.35, 57, 0x0000000000000000, Not Active, Not Active
2026/09/30 06:28:03.635, 2610, 13365, 159.89, 55, 0x0000000000000000, Not Active, Not Active
2026/09/30 06:28:03.735, 2610, 13365, 159.89, 55, 0x0000000000000000, Not Active, Not Active
2026/09/30 06:28:03.835, 2610, 13365, 159.89, 55, 0x0000000000000000, Not Active, Not Active
2026/09/30 06:28:03.935, 2610, 13365, 159.89, 55, 0x0000000000000000, Not Active, Not Active
2026/09/30 06:28:04.036, 2610, 13365, 159.89, 55, 0x0000000000000000, Not Active, Not Active
2026/09/30 06:28:04.136, 2610, 13365, 113.33, 55, 0x0000000000000000, Not Active, Not Active
2026/09/30 06:28:04.236, 2610, 13365, 113.33, 55, 0x0000000000000000, Not Active, Not Active
2026/09/30 06:28:04.336, 2610, 13365, 113.33, 55, 0x0000000000000000, Not Active, Not Active
2026/09/30 06:28:04.436, 2610, 13365, 113.33, 55, 0x0000000000000000, Not Active, Not Active
2026/09/30 06:28:04.536, 2610, 13365, 113.33, 55, 0x0000000000000000, Not Active, Not Active
2026/09/30 06:28:04.636, 2565, 13365, 157.44, 61, 0x0000000000000000, Not Active, Not Active
2026/09/30 06:28:04.737, 2565, 13365, 157.44, 61, 0x0000000000000000, Not Active, Not Active
2026/09/30 06:28:04.837, 2565, 13365, 157.44, 61, 0x0000000000000000, Not Active, Not Active
2026/09/30 06:28:04.937, 2565, 13365, 157.44, 61, 0x0000000000000000, Not Active, Not Active
2026/09/30 06:28:05.037, 2565, 13365, 157.44, 61, 0x0000000000000000, Not Active, Not Active
2026/09/30 06:28:05.137, 2580, 13365, 232.80, 59, 0x0000000000000000, Not Active, Not Active
2026/09/30 06:28:05.237, 2580, 13365, 232.80, 59, 0x0000000000000000, Not Active, Not Active
2026/09/30 06:28:05.337, 2580, 13365, 232.80, 59, 0x0000000000000000, Not Active, Not Active
2026/09/30 06:28:05.437, 2580, 13365, 232.80, 59, 0x0000000000000000, Not Active, Not Active
2026/09/30 06:28:05.538, 2580, 13365, 232.80, 59, 0x0000000000000000, Not Active, Not Active
2026/09/30 06:28:05.638, 2715, 13365, 231.30, 58, 0x0000000000000000, Not Active, Not Active
2026/09/30 06:28:05.739, 2715, 13365, 231.30, 58, 0x0000000000000000, Not Active, Not Active
2026/09/30 06:28:05.839, 2715, 13365, 231.30, 58, 0x0000000000000000, Not Active, Not Active
2026/09/30 06:28:05.939, 2715, 13365, 231.30, 58, 0x0000000000000000, Not Active, Not Active
2026/09/30 06:28:06.039, 2715, 13365, 231.30, 58, 0x0000000000000000, Not Active, Not Active
2026/09/30 06:28:06.140, 2662, 13365, 259.56, 61, 0x0000000000000000, Not Active, Not Active
2026/09/30 06:28:06.240, 2662, 13365, 259.56, 61, 0x0000000000000000, Not Active, Not Active
2026/09/30 06:28:06.340, 2662, 13365, 259.56, 61, 0x0000000000000000, Not Active, Not Active
2026/09/30 06:28:06.440, 2662, 13365, 259.56, 61, 0x0000000000000000, Not Active, Not Active
2026/09/30 06:28:06.540, 2662, 13365, 259.56, 61, 0x0000000000000000, Not Active, Not Active
2026/09/30 06:28:06.640, 2640, 13365, 269.01, 63, 0x0000000000000000, Not Active, Not Active
2026/09/30 06:28:06.740, 2640, 13365, 269.01, 63, 0x0000000000000000, Not Active, Not Active
2026/09/30 06:28:06.841, 2640, 13365, 269.01, 63, 0x0000000000000000, Not Active, Not Active
2026/09/30 06:28:06.941, 2640, 13365, 269.01, 63, 0x0000000000000000, Not Active, Not Active
2026/09/30 06:28:07.041, 2640, 13365, 269.01, 63, 0x0000000000000000, Not Active, Not Active
2026/09/30 06:28:07.142, 2835, 13365, 206.31, 56, 0x0000000000000000, Not Active, Not Active
2026/09/30 06:28:07.242, 2835, 13365, 206.31, 56, 0x0000000000000000, Not Active, Not Active
2026/09/30 06:28:07.343, 2835, 13365, 206.31, 56, 0x0000000000000000, Not Active, Not Active
2026/09/30 06:28:07.443, 2835, 13365, 206.31, 56, 0x0000000000000000, Not Active, Not Active
2026/09/30 06:28:07.543, 2835, 13365, 206.31, 56, 0x0000000000000000, Not Active, Not Active
2026/09/30 06:28:07.643, 2835, 13365, 138.22, 56, 0x0000000000000000, Not Active, Not Active
2026/09/30 06:28:07.743, 2835, 13365, 138.22, 56, 0x0000000000000000, Not Active, Not Active
2026/09/30 06:28:07.843, 2835, 13365, 138.22, 56, 0x0000000000000000, Not Active, Not Active
2026/09/30 06:28:07.943, 2835, 13365, 138.22, 56, 0x0000000000000000, Not Active, Not Active
2026/09/30 06:28:08.044, 2835, 13365, 138.22, 56, 0x0000000000000000, Not Active, Not Active
2026/09/30 06:28:08.144, 2835, 13365, 102.24, 56, 0x0000000000000000, Not Active, Not Active
2026/09/30 06:28:08.244, 2835, 13365, 102.24, 56, 0x0000000000000000, Not Active, Not Active
2026/09/30 06:28:08.345, 2835, 13365, 102.24, 56, 0x0000000000000000, Not Active, Not Active
2026/09/30 06:28:08.445, 2835, 13365, 102.24, 56, 0x0000000000000000, Not Active, Not Active
2026/09/30 06:28:08.545, 2835, 13365, 102.24, 56, 0x0000000000000000, Not Active, Not Active
2026/09/30 06:28:08.645, 2625, 13365, 162.84, 63, 0x0000000000000004, Active, Not Active
2026/09/30 06:28:08.745, 2625, 13365, 162.84, 63, 0x0000000000000004, Active, Not Active
2026/09/30 06:28:08.845, 2625, 13365, 162.84, 63, 0x0000000000000004, Active, Not Active
2026/09/30 06:28:08.946, 2625, 13365, 162.84, 63, 0x0000000000000004, Active, Not Active
2026/09/30 06:28:09.046, 2625, 13365, 162.84, 63, 0x0000000000000004, Active, Not Active
2026/09/30 06:28:09.146, 2595, 13365, 257.55, 64, 0x0000000000000000, Not Active, Not Active
2026/09/30 06:28:09.246, 2595, 13365, 257.55, 64, 0x0000000000000000, Not Active, Not Active
2026/09/30 06:28:09.346, 2595, 13365, 257.55, 64, 0x0000000000000000, Not Active, Not Active
2026/09/30 06:28:09.446, 2595, 13365, 257.55, 64, 0x0000000000000000, Not Active, Not Active
2026/09/30 06:28:09.546, 2595, 13365, 257.55, 64, 0x0000000000000000, Not Active, Not Active
2026/09/30 06:28:09.647, 2595, 13365, 320.47, 63, 0x0000000000000000, Not Active, Not Active
2026/09/30 06:28:09.747, 2595, 13365, 320.47, 63, 0x0000000000000000, Not Active, Not Active
2026/09/30 06:28:09.847, 2595, 13365, 320.47, 63, 0x0000000000000000, Not Active, Not Active
2026/09/30 06:28:09.947, 2595, 13365, 320.47, 63, 0x0000000000000000, Not Active, Not Active
2026/09/30 06:28:10.048, 2595, 13365, 320.47, 63, 0x0000000000000000, Not Active, Not Active
2026/09/30 06:28:10.148, 2557, 13365, 327.01, 61, 0x0000000000000000, Not Active, Not Active
2026/09/30 06:28:10.248, 2557, 13365, 327.01, 61, 0x0000000000000000, Not Active, Not Active
2026/09/30 06:28:10.348, 2557, 13365, 327.01, 61, 0x0000000000000000, Not Active, Not Active
2026/09/30 06:28:10.449, 2557, 13365, 327.01, 61, 0x0000000000000000, Not Active, Not Active
2026/09/30 06:28:10.549, 2557, 13365, 327.01, 61, 0x0000000000000000, Not Active, Not Active
2026/09/30 06:28:10.649, 2550, 13365, 332.30, 62, 0x0000000000000000, Not Active, Not Active
2026/09/30 06:28:10.749, 2550, 13365, 332.30, 62, 0x0000000000000000, Not Active, Not Active
2026/09/30 06:28:10.849, 2550, 13365, 332.30, 62, 0x0000000000000000, Not Active, Not Active
2026/09/30 06:28:10.949, 2550, 13365, 332.30, 62, 0x0000000000000000, Not Active, Not Active
2026/09/30 06:28:11.049, 2550, 13365, 332.30, 62, 0x0000000000000000, Not Active, Not Active
2026/09/30 06:28:11.150, 2565, 13365, 333.41, 65, 0x0000000000000004, Active, Not Active
2026/09/30 06:28:11.250, 2565, 13365, 333.41, 65, 0x0000000000000004, Active, Not Active
2026/09/30 06:28:11.350, 2565, 13365, 333.41, 65, 0x0000000000000004, Active, Not Active
2026/09/30 06:28:11.450, 2565, 13365, 333.41, 65, 0x0000000000000004, Active, Not Active
2026/09/30 06:28:11.550, 2565, 13365, 333.41, 65, 0x0000000000000004, Active, Not Active
2026/09/30 06:28:11.650, 2610, 13365, 312.22, 60, 0x0000000000000000, Not Active, Not Active
2026/09/30 06:28:11.750, 2610, 13365, 312.22, 60, 0x0000000000000000, Not Active, Not Active
