timestamp, clocks.current.sm [MHz], clocks.current.memory [MHz], power.draw [W], temperature.gpu, clocks_event_reasons.active, clocks_event_reasons.sw_power_cap, clocks_event_reasons.hw_slowdown
2026/09/30 06:30:35.696, 2610, 14001, 98.45, 56, 0x0000000000000000, Not Active, Not Active
2026/09/30 06:30:35.803, 2610, 14001, 98.45, 56, 0x0000000000000000, Not Active, Not Active
2026/09/30 06:30:35.903, 2610, 14001, 98.45, 56, 0x0000000000000000, Not Active, Not Active
2026/09/30 06:30:36.003, 2610, 14001, 98.45, 56, 0x0000000000000000, Not Active, Not Active
2026/09/30 06:30:36.103, 2610, 14001, 98.45, 56, 0x0000000000000000, Not Active, Not Active
2026/09/30 06:30:36.203, 2610, 14001, 90.47, 56, 0x0000000000000000, Not Active, Not Active
2026/09/30 06:30:36.304, 2610, 14001, 90.47, 56, 0x0000000000000000, Not Active, Not Active
2026/09/30 06:30:36.404, 2610, 14001, 90.47, 56, 0x0000000000000000, Not Active, Not Active
2026/09/30 06:30:36.504, 2610, 14001, 90.47, 56, 0x0000000000000000, Not Active, Not Active
2026/09/30 06:30:36.604, 2610, 14001, 90.47, 56, 0x0000000000000000, Not Active, Not Active
2026/09/30 06:30:36.704, 757, 14001, 79.30, 55, 0x0000000000000000, Not Active, Not Active
2026/09/30 06:30:36.804, 757, 14001, 79.30, 55, 0x0000000000000000, Not Active, Not Active
2026/09/30 06:30:36.904, 757, 14001, 79.30, 55, 0x0000000000000000, Not Active, Not Active
2026/09/30 06:30:37.004, 757, 14001, 79.30, 55, 0x0000000000000000, Not Active, Not Active
2026/09/30 06:30:37.105, 757, 14001, 79.30, 55, 0x0000000000000000, Not Active, Not Active
2026/09/30 06:30:37.205, 757, 14001, 77.87, 55, 0x0000000000000000, Not Active, Not Active
2026/09/30 06:30:37.305, 757, 14001, 77.87, 55, 0x0000000000000000, Not Active, Not Active
2026/09/30 06:30:37.405, 757, 14001, 77.87, 55, 0x0000000000000000, Not Active, Not Active
2026/09/30 06:30:37.505, 757, 14001, 77.87, 55, 0x0000000000000000, Not Active, Not Active
2026/09/30 06:30:37.605, 757, 14001, 77.87, 55, 0x0000000000000000, Not Active, Not Active
2026/09/30 06:30:37.705, 757, 14001, 77.87, 55, 0x0000000000000000, Not Active, Not Active
2026/09/30 06:30:37.805, 757, 14001, 77.87, 55, 0x0000000000000000, Not Active, Not Active
2026/09/30 06:30:37.906, 757, 14001, 77.87, 55, 0x0000000000000000, Not Active, Not Active
2026/09/30 06:30:38.006, 757, 14001, 77.87, 55, 0x0000000000000000, Not Active, Not Active
2026/09/30 06:30:38.106, 757, 14001, 77.87, 55, 0x0000000000000000, Not Active, Not Active
2026/09/30 06:30:38.206, 480, 14001, 55.83, 55, 0x0000000000000000, Not Active, Not Active
2026/09/30 06:30:38.306, 480, 14001, 55.83, 55, 0x0000000000000000, Not Active, Not Active
2026/09/30 06:30:38.406, 480, 14001, 55.83, 55, 0x0000000000000000, Not Active, Not Active
2026/09/30 06:30:38.506, 480, 14001, 55.83, 55, 0x0000000000000000, Not Active, Not Active
2026/09/30 06:30:38.606, 480, 14001, 55.83, 55, 0x0000000000000000, Not Active, Not Active
2026/09/30 06:30:38.706, 480, 14001, 55.83, 55, 0x0000000000000000, Not Active, Not Active
2026/09/30 06:30:38.807, 480, 14001, 55.83, 55, 0x0000000000000000, Not Active, Not Active
2026/09/30 06:30:38.907, 480, 14001, 55.83, 55, 0x0000000000000000, Not Active, Not Active
2026/09/30 06:30:39.007, 480, 14001, 55.83, 55, 0x0000000000000000, Not Active, Not Active
2026/09/30 06:30:39.107, 480, 14001, 55.83, 55, 0x0000000000000000, Not Active, Not Active
2026/09/30 06:30:39.207, 300, 14001, 55.34, 54, 0x0000000000000000, Not Active, Not Active
2026/09/30 06:30:39.307, 300, 14001, 55.34, 54, 0x0000000000000000, Not Active, Not Active
2026/09/30 06:30:39.408, 300, 14001, 55.34, 54, 0x0000000000000000, Not Active, Not Active
2026/09/30 06:30:39.508, 300, 14001, 55.34, 54, 0x0000000000000000, Not Active, Not Active
2026/09/30 06:30:39.609, 300, 14001, 55.34, 54, 0x0000000000000000, Not Active, Not Active
2026/09/30 06:30:39.709, 300, 14001, 55.34, 54, 0x0000000000000000, Not Active, Not Active
2026/09/30 06:30:39.809, 300, 14001, 55.34, 54, 0x0000000000000000, Not Active, Not Active
2026/09/30 06:30:39.910, 300, 14001, 55.34, 54, 0x0000000000000000, Not Active, Not Active
2026/09/30 06:30:40.011, 300, 14001, 55.34, 54, 0x0000000000000000, Not Active, Not Active
2026/09/30 06:30:40.111, 300, 14001, 55.34, 54, 0x0000000000000000, Not Active, Not Active
2026/09/30 06:30:40.211, 187, 7001, 51.92, 54, 0x0000000000000000, Not Active, Not Active
2026/09/30 06:30:40.311, 187, 7001, 51.92, 54, 0x0000000000000000, Not Active, Not Active
2026/09/30 06:30:40.412, 187, 7001, 51.92, 54, 0x0000000000000000, Not Active, Not Active
2026/09/30 06:30:40.512, 187, 7001, 51.92, 54, 0x0000000000000000, Not Active, Not Active
2026/09/30 06:30:40.612, 187, 7001, 51.92, 54, 0x0000000000000000, Not Active, Not Active
2026/09/30 06:30:40.712, 187, 7001, 51.92, 54, 0x0000000000000000, Not Active, Not Active
2026/09/30 06:30:40.812, 187, 7001, 51.92, 54, 0x0000000000000000, Not Active, Not Active
2026/09/30 06:30:40.912, 187, 7001, 51.92, 54, 0x0000000000000000, Not Active, Not Active
2026/09/30 06:30:41.012, 187, 7001, 51.92, 54, 0x0000000000000000, Not Active, Not Active
2026/09/30 06:30:41.113, 187, 7001, 51.92, 54, 0x0000000000000000, Not Active, Not Active
2026/09/30 06:30:41.213, 180, 7001, 46.74, 54, 0x0000000000000000, Not Active, Not Active
2026/09/30 06:30:41.313, 180, 7001, 46.74, 54, 0x0000000000000000, Not Active, Not Active
2026/09/30 06:30:41.413, 180, 7001, 46.74, 54, 0x0000000000000000, Not Active, Not Active
2026/09/30 06:30:41.513, 180, 7001, 46.74, 54, 0x0000000000000000, Not Active, Not Active
2026/09/30 06:30:41.613, 180, 7001, 46.74, 54, 0x0000000000000000, Not Active, Not Active
2026/09/30 06:30:41.713, 180, 7001, 46.74, 54, 0x0000000000000000, Not Active, Not Active
2026/09/30 06:30:41.813, 180, 7001, 46.74, 54, 0x0000000000000000, Not Active, Not Active
2026/09/30 06:30:41.914, 180, 7001, 46.74, 54, 0x0000000000000000, Not Active, Not Active
2026/09/30 06:30:42.014, 180, 7001, 46.74, 54, 0x0000000000000000, Not Active, Not Active
2026/09/30 06:30:42.114, 180, 7001, 46.74, 54, 0x0000000000000000, Not Active, Not Active
2026/09/30 06:30:42.214, 180, 810, 23.52, 53, 0x0000000000000000, Not Active, Not Active
2026/09/30 06:30:42.314, 180, 810, 23.52, 53, 0x0000000000000000, Not Active, Not Active
2026/09/30 06:30:42.414, 180, 810, 23.52, 53, 0x0000000000000000, Not Active, Not Active
2026/09/30 06:30:42.514, 180, 810, 23.52, 53, 0x0000000000000000, Not Active, Not Active
2026/09/30 06:30:42.615, 180, 810, 23.52, 53, 0x0000000000000000, Not Active, Not Active
2026/09/30 06:30:42.715, 180, 810, 23.52, 53, 0x0000000000000000, Not Active, Not Active
2026/09/30 06:30:42.815, 180, 810, 23.52, 53, 0x0000000000000000, Not Active, Not Active
2026/09/30 06:30:42.915, 180, 810, 23.52, 53, 0x0000000000000000, Not Active, Not Active
2026/09/30 06:30:43.015, 180, 810, 23.52, 53, 0x0000000000000000, Not Active, Not Active
2026/09/30 06:30:43.115, 180, 810, 23.52, 53, 0x0000000000000000, Not Active, Not Active
2026/09/30 06:30:43.215, 180, 405, 20.28, 53, 0x0000000000000000, Not Active, Not Active
2026/09/30 06:30:43.315, 180, 405, 20.28, 53, 0x0000000000000000, Not Active, Not Active
2026/09/30 06:30:43.416, 180, 405, 20.28, 53, 0x0000000000000000, Not Active, Not Active
2026/09/30 06:30:43.516, 180, 405, 20.28, 53, 0x0000000000000000, Not Active, Not Active
2026/09/30 06:30:43.616, 180, 405, 20.28, 53, 0x0000000000000000, Not Active, Not Active
2026/09/30 06:30:43.716, 180, 405, 20.28, 53, 0x0000000000000000, Not Active, Not Active
2026/09/30 06:30:43.816, 180, 405, 20.28, 53, 0x0000000000000000, Not Active, Not Active
2026/09/30 06:30:43.916, 180, 405, 20.28, 53, 0x0000000000000000, Not Active, Not Active
2026/09/30 06:30:44.016, 180, 405, 20.28, 53, 0x0000000000000000, Not Active, Not Active
2026/09/30 06:30:44.117, 180, 405, 20.28, 53, 0x0000000000000000, Not Active, Not Active
2026/09/30 06:30:44.217, 180, 405, 17.56, 53, 0x0000000000000000, Not Active, Not Active
2026/09/30 06:30:44.317, 180, 405, 17.56, 53, 0x0000000000000000, Not Active, Not Active
2026/09/30 06:30:44.417, 180, 405, 17.56, 53, 0x0000000000000000, Not Active, Not Active
2026/09/30 06:30:44.517, 180, 405, 17.56, 53, 0x0000000000000000, Not Active, Not Active
2026/09/30 06:30:44.617, 180, 405, 17.56, 53, 0x0000000000000000, Not Active, Not Active
2026/09/30 06:30:44.717, 180, 405, 17.56, 53, 0x0000000000000000, Not Active, Not Active
2026/09/30 06:30:44.817, 180, 405, 17.56, 53, 0x0000000000000000, Not Active, Not Active
2026/09/30 06:30:44.917, 180, 405, 17.56, 53, 0x0000000000000000, Not Active, Not Active
2026/09/30 06:30:45.017, 180, 405, 17.56, 53, 0x0000000000000000, Not Active, Not Active
2026/09/30 06:30:45.118, 180, 405, 17.56, 53, 0x0000000000000000, Not Active, Not Active
2026/09/30 06:30:45.218, 180, 405, 18.18, 53, 0x0000000000000000, Not Active, Not Active
2026/09/30 06:30:45.318, 180, 405, 18.18, 53, 0x0000000000000000, Not Active, Not Active
2026/09/30 06:30:45.418, 180, 405, 18.18, 53, 0x0000000000000000, Not Active, Not Active
2026/09/30 06:30:45.518, 180, 405, 18.18, 53, 0x0000000000000000, Not Active, Not Active
2026/09/30 06:30:45.618, 180, 405, 18.18, 53, 0x0000000000000000, Not Active, Not Active
2026/09/30 06:30:45.718, 180, 405, 18.18, 53, 0x0000000000000000, Not Active, Not Active
2026/09/30 06:30:45.818, 180, 405, 18.18, 53, 0x0000000000000000, Not Active, Not Active
2026/09/30 06:30:45.918, 180, 405, 18.18, 53, 0x0000000000000000, Not Active, Not Active
2026/09/30 06:30:46.018, 180, 405, 18.18, 53, 0x0000000000000000, Not Active, Not Active
2026/09/30 06:30:46.119, 180, 405, 18.18, 53, 0x0000000000000000, Not Active, Not Active
2026/09/30 06:30:46.219, 180, 405, 16.57, 53, 0x0000000000000000, Not Active, Not Active
2026/09/30 06:30:46.319, 180, 405, 16.57, 53, 0x0000000000000000, Not Active, Not Active
2026/09/30 06:30:46.419, 180, 405, 16.57, 53, 0x0000000000000000, Not Active, Not Active
2026/09/30 06:30:46.519, 180, 405, 16.57, 53, 0x0000000000000000, Not Active, Not Active
2026/09/30 06:30:46.619, 180, 405, 16.57, 53, 0x0000000000000000, Not Active, Not Active
2026/09/30 06:30:46.719, 180, 405, 16.57, 53, 0x0000000000000000, Not Active, Not Active
2026/09/30 06:30:46.819, 180, 405, 16.57, 53, 0x0000000000000000, Not Active, Not Active
2026/09/30 06:30:46.919, 180, 405, 16.57, 53, 0x0000000000000000, Not Active, Not Active
2026/09/30 06:30:47.019, 180, 405, 16.57, 53, 0x0000000000000000, Not Active, Not Active
2026/09/30 06:30:47.120, 180, 405, 16.57, 53, 0x0000000000000000, Not Active, Not Active
2026/09/30 06:30:47.220, 172, 405, 14.95, 52, 0x0000000000000000, Not Active, Not Active
2026/09/30 06:30:47.320, 172, 405, 14.95, 52, 0x0000000000000000, Not Active, Not Active
2026/09/30 06:30:47.420, 172, 405, 14.95, 52, 0x0000000000000000, Not Active, Not Active
2026/09/30 06:30:47.520, 172, 405, 14.95, 52, 0x0000000000000000, Not Active, Not Active
2026/09/30 06:30:47.620, 172, 405, 14.95, 52, 0x0000000000000000, Not Active, Not Active
2026/09/30 06:30:47.720, 172, 405, 14.95, 52, 0x0000000000000000, Not Active, Not Active
2026/09/30 06:30:47.820, 172, 405, 14.95, 52, 0x0000000000000000, Not Active, Not Active
2026/09/30 06:30:47.920, 172, 405, 14.95, 52, 0x0000000000000000, Not Active, Not Active
2026/09/30 06:30:48.020, 172, 405, 14.95, 52, 0x0000000000000000, Not Active, Not Active
2026/09/30 06:30:48.121, 172, 405, 14.95, 52, 0x0000000000000000, Not Active, Not Active
2026/09/30 06:30:48.221, 180, 405, 16.51, 52, 0x0000000000000000, Not Active, Not Active
2026/09/30 06:30:48.321, 180, 405, 16.51, 52, 0x0000000000000000, Not Active, Not Active
2026/09/30 06:30:48.421, 180, 405, 16.51, 52, 0x0000000000000000, Not Active, Not Active
2026/09/30 06:30:48.521, 180, 405, 16.51, 52, 0x0000000000000000, Not Active, Not Active
2026/09/30 06:30:48.621, 180, 405, 16.51, 52, 0x0000000000000000, Not Active, Not Active
2026/09/30 06:30:48.721, 180, 405, 16.51, 52, 0x0000000000000000, Not Active, Not Active
2026/09/30 06:30:48.821, 180, 405, 16.51, 52, 0x0000000000000000, Not Active, Not Active
2026/09/30 06:30:48.921, 180, 405, 16.51, 52, 0x0000000000000000, Not Active, Not Active
2026/09/30 06:30:49.021, 180, 405, 16.51, 52, 0x0000000000000000, Not Active, Not Active
2026/09/30 06:30:49.122, 180, 405, 16.51, 52, 0x0000000000000000, Not Active, Not Active
2026/09/30 06:30:49.222, 180, 405, 15.71, 52, 0x0000000000000000, Not Active, Not Active
2026/09/30 06:30:49.322, 180, 405, 15.71, 52, 0x0000000000000000, Not Active, Not Active
2026/09/30 06:30:49.422, 180, 405, 15.71, 52, 0x0000000000000000, Not Active, Not Active
2026/09/30 06:30:49.522, 180, 405, 15.71, 52, 0x0000000000000000, Not Active, Not Active
2026/09/30 06:30:49.622, 180, 405, 15.71, 52, 0x0000000000000000, Not Active, Not Active
2026/09/30 06:30:49.722, 180, 405, 15.71, 52, 0x0000000000000000, Not Active, Not Active
2026/09/30 06:30:49.822, 180, 405, 15.71, 52, 0x0000000000000000, Not Active, Not Active
2026/09/30 06:30:49.922, 180, 405, 15.71, 52, 0x0000000000000000, Not Active, Not Active
2026/09/30 06:30:50.022, 180, 405, 15.71, 52, 0x0000000000000000, Not Active, Not Active
2026/09/30 06:30:50.123, 180, 405, 15.71, 52, 0x0000000000000000, Not Active, Not Active
2026/09/30 06:30:50.223, 180, 405, 17.92, 52, 0x0000000000000000, Not Active, Not Active
2026/09/30 06:30:50.323, 180, 405, 17.92, 52, 0x0000000000000000, Not Active, Not Active
2026/09/30 06:30:50.423, 180, 405, 17.92, 52, 0x0000000000000000, Not Active, Not Active
2026/09/30 06:30:50.523, 180, 405, 17.92, 52, 0x0000000000000000, Not Active, Not Active
2026/09/30 06:30:50.623, 180, 405, 17.92, 52, 0x0000000000000000, Not Active, Not Active
2026/09/30 06:30:50.723, 180, 405, 17.92, 52, 0x0000000000000000, Not Active, Not Active
2026/09/30 06:30:50.823, 180, 405, 17.92, 52, 0x0000000000000000, Not Active, Not Active
2026/09/30 06:30:50.923, 180, 405, 17.92, 52, 0x0000000000000000, Not Active, Not Active
2026/09/30 06:30:51.024, 180, 405, 17.92, 52, 0x0000000000000000, Not Active, Not Active
2026/09/30 06:30:51.124, 180, 405, 17.92, 52, 0x0000000000000000, Not Active, Not Active
2026/09/30 06:30:51.224, 180, 405, 17.11, 52, 0x0000000000000000, Not Active, Not Active
2026/09/30 06:30:51.324, 180, 405, 17.11, 52, 0x0000000000000000, Not Active, Not Active
2026/09/30 06:30:51.424, 180, 405, 17.11, 52, 0x0000000000000000, Not Active, Not Active
2026/09/30 06:30:51.524, 180, 405, 17.11, 52, 0x0000000000000000, Not Active, Not Active
2026/09/30 06:30:51.624, 180, 405, 17.11, 52, 0x0000000000000000, Not Active, Not Active
2026/09/30 06:30:51.724, 180, 405, 17.11, 52, 0x0000000000000000, Not Active, Not Active
2026/09/30 06:30:51.824, 180, 405, 17.11, 52, 0x0000000000000000, Not Active, Not Active
2026/09/30 06:30:51.924, 180, 405, 17.11, 52, 0x0000000000000000, Not Active, Not Active
2026/09/30 06:30:52.025, 180, 405, 17.11, 52, 0x0000000000000000, Not Active, Not Active
2026/09/30 06:30:52.125, 180, 405, 17.11, 52, 0x0000000000000000, Not Active, Not Active
2026/09/30 06:30:52.225, 180, 405, 15.51, 51, 0x0000000000000000, Not Active, Not Active
2026/09/30 06:30:52.325, 180, 405, 15.51, 51, 0x0000000000000000, Not Active, Not Active
2026/09/30 06:30:52.425, 180, 405, 15.51, 51, 0x0000000000000000, Not Active, Not Active
2026/09/30 06:30:52.525, 180, 405, 15.51, 51, 0x0000000000000000, Not Active, Not Active
2026/09/30 06:30:52.625, 180, 405, 15.51, 51, 0x0000000000000000, Not Active, Not Active
2026/09/30 06:30:52.725, 180, 405, 15.51, 51, 0x0000000000000000, Not Active, Not Active
2026/09/30 06:30:52.825, 180, 405, 15.51, 51, 0x0000000000000000, Not Active, Not Active
2026/09/30 06:30:52.925, 180, 405, 15.51, 51, 0x0000000000000000, Not Active, Not Active
2026/09/30 06:30:53.026, 180, 405, 15.51, 51, 0x0000000000000000, Not Active, Not Active
2026/09/30 06:30:53.126, 180, 405, 15.51, 51, 0x0000000000000000, Not Active, Not Active
2026/09/30 06:30:53.226, 180, 405, 14.73, 51, 0x0000000000000000, Not Active, Not Active
2026/09/30 06:30:53.326, 180, 405, 14.73, 51, 0x0000000000000000, Not Active, Not Active
2026/09/30 06:30:53.426, 180, 405, 14.73, 51, 0x0000000000000000, Not Active, Not Active
2026/09/30 06:30:53.526, 180, 405, 14.73, 51, 0x0000000000000000, Not Active, Not Active
2026/09/30 06:30:53.626, 180, 405, 14.73, 51, 0x0000000000000000, Not Active, Not Active
2026/09/30 06:30:53.726, 180, 405, 14.73, 51, 0x0000000000000000, Not Active, Not Active
2026/09/30 06:30:53.827, 180, 405, 14.73, 51, 0x0000000000000000, Not Active, Not Active
2026/09/30 06:30:53.927, 180, 405, 14.73, 51, 0x0000000000000000, Not Active, Not Active
2026/09/30 06:30:54.027, 180, 405, 14.73, 51, 0x0000000000000000, Not Active, Not Active
2026/09/30 06:30:54.127, 180, 405, 14.73, 51, 0x0000000000000000, Not Active, Not Active
2026/09/30 06:30:54.227, 180, 405, 15.49, 51, 0x0000000000000000, Not Active, Not Active
2026/09/30 06:30:54.327, 180, 405, 15.49, 51, 0x0000000000000000, Not Active, Not Active
2026/09/30 06:30:54.427, 180, 405, 15.49, 51, 0x0000000000000000, Not Active, Not Active
2026/09/30 06:30:54.527, 180, 405, 15.49, 51, 0x0000000000000000, Not Active, Not Active
2026/09/30 06:30:54.627, 180, 405, 15.49, 51, 0x0000000000000000, Not Active, Not Active
2026/09/30 06:30:54.728, 180, 405, 15.49, 51, 0x0000000000000000, Not Active, Not Active
2026/09/30 06:30:54.828, 180, 405, 15.49, 51, 0x0000000000000000, Not Active, Not Active
2026/09/30 06:30:54.928, 180, 405, 15.49, 51, 0x0000000000000000, Not Active, Not Active
2026/09/30 06:30:55.028, 180, 405, 15.49, 51, 0x0000000000000000, Not Active, Not Active
2026/09/30 06:30:55.128, 180, 405, 15.49, 51, 0x0000000000000000, Not Active, Not Active
2026/09/30 06:30:55.228, 180, 405, 15.43, 51, 0x0000000000000000, Not Active, Not Active
2026/09/30 06:30:55.328, 180, 405, 15.43, 51, 0x0000000000000000, Not Active, Not Active
2026/09/30 06:30:55.428, 180, 405, 15.43, 51, 0x0000000000000000, Not Active, Not Active
2026/09/30 06:30:55.528, 180, 405, 15.43, 51, 0x0000000000000000, Not Active, Not Active
2026/09/30 06:30:55.629, 180, 405, 15.43, 51, 0x0000000000000000, Not Active, Not Active
2026/09/30 06:30:55.729, 180, 405, 15.43, 51, 0x0000000000000000, Not Active, Not Active
2026/09/30 06:30:55.829, 180, 405, 15.43, 51, 0x0000000000000000, Not Active, Not Active
2026/09/30 06:30:55.929, 180, 405, 15.43, 51, 0x0000000000000000, Not Active, Not Active
2026/09/30 06:30:56.029, 180, 405, 15.43, 51, 0x0000000000000000, Not Active, Not Active
2026/09/30 06:30:56.129, 180, 405, 15.43, 51, 0x0000000000000000, Not Active, Not Active
2026/09/30 06:30:56.229, 180, 405, 16.13, 51, 0x0000000000000000, Not Active, Not Active
2026/09/30 06:30:56.329, 180, 405, 16.13, 51, 0x0000000000000000, Not Active, Not Active
2026/09/30 06:30:56.429, 180, 405, 16.13, 51, 0x0000000000000000, Not Active, Not Active
2026/09/30 06:30:56.529, 180, 405, 16.13, 51, 0x0000000000000000, Not Active, Not Active
2026/09/30 06:30:56.630, 180, 405, 16.13, 51, 0x0000000000000000, Not Active, Not Active
2026/09/30 06:30:56.730, 180, 405, 16.13, 51, 0x0000000000000000, Not Active, Not Active
2026/09/30 06:30:56.830, 180, 405, 16.13, 51, 0x0000000000000000, Not Active, Not Active
2026/09/30 06:30:56.930, 180, 405, 16.13, 51, 0x0000000000000000, Not Active, Not Active
2026/09/30 06:30:57.030, 180, 405, 16.13, 51, 0x0000000000000000, Not Active, Not Active
2026/09/30 06:30:57.130, 180, 405, 16.13, 51, 0x0000000000000000, Not Active, Not Active
2026/09/30 06:30:57.230, 180, 405, 16.21, 51, 0x0000000000000000, Not Active, Not Active
2026/09/30 06:30:57.331, 180, 405, 16.21, 51, 0x0000000000000000, Not Active, Not Active
2026/09/30 06:30:57.431, 180, 405, 16.21, 51, 0x0000000000000000, Not Active, Not Active
2026/09/30 06:30:57.531, 180, 405, 16.21, 51, 0x0000000000000000, Not Active, Not Active
2026/09/30 06:30:57.631, 180, 405, 16.21, 51, 0x0000000000000000, Not Active, Not Active
2026/09/30 06:30:57.731, 180, 405, 16.21, 51, 0x0000000000000000, Not Active, Not Active
2026/09/30 06:30:57.831, 180, 405, 16.21, 51, 0x0000000000000000, Not Active, Not Active
2026/09/30 06:30:57.931, 180, 405, 16.21, 51, 0x0000000000000000, Not Active, Not Active
2026/09/30 06:30:58.031, 180, 405, 16.21, 51, 0x0000000000000000, Not Active, Not Active
2026/09/30 06:30:58.132, 180, 405, 16.21, 51, 0x0000000000000000, Not Active, Not Active
2026/09/30 06:30:58.232, 180, 405, 15.46, 50, 0x0000000000000000, Not Active, Not Active
2026/09/30 06:30:58.332, 180, 405, 15.46, 50, 0x0000000000000000, Not Active, Not Active
2026/09/30 06:30:58.432, 180, 405, 15.46, 50, 0x0000000000000000, Not Active, Not Active
2026/09/30 06:30:58.532, 180, 405, 15.46, 50, 0x0000000000000000, Not Active, Not Active
2026/09/30 06:30:58.632, 180, 405, 15.46, 50, 0x0000000000000000, Not Active, Not Active
2026/09/30 06:30:58.732, 180, 405, 14.64, 50, 0x0000000000000000, Not Active, Not Active
2026/09/30 06:30:58.832, 180, 405, 14.64, 50, 0x0000000000000000, Not Active, Not Active
2026/09/30 06:30:58.933, 180, 405, 14.64, 50, 0x0000000000000000, Not Active, Not Active
2026/09/30 06:30:59.033, 180, 405, 14.64, 50, 0x0000000000000000, Not Active, Not Active
2026/09/30 06:30:59.133, 180, 405, 14.64, 50, 0x0000000000000000, Not Active, Not Active
2026/09/30 06:30:59.233, 180, 405, 14.64, 50, 0x0000000000000000, Not Active, Not Active
2026/09/30 06:30:59.333, 180, 405, 14.64, 50, 0x0000000000000000, Not Active, Not Active
2026/09/30 06:30:59.433, 180, 405, 14.64, 50, 0x0000000000000000, Not Active, Not Active
2026/09/30 06:30:59.533, 180, 405, 14.64, 50, 0x0000000000000000, Not Active, Not Active
2026/09/30 06:30:59.634, 180, 405, 14.64, 50, 0x0000000000000000, Not Active, Not Active
2026/09/30 06:30:59.734, 180, 405, 14.58, 50, 0x0000000000000000, Not Active, Not Active
2026/09/30 06:30:59.834, 180, 405, 14.58, 50, 0x0000000000000000, Not Active, Not Active
2026/09/30 06:30:59.934, 180, 405, 14.58, 50, 0x0000000000000000, Not Active, Not Active
2026/09/30 06:31:00.034, 180, 405, 14.58, 50, 0x0000000000000000, Not Active, Not Active
2026/09/30 06:31:00.134, 180, 405, 14.58, 50, 0x0000000000000000, Not Active, Not Active
2026/09/30 06:31:00.234, 180, 405, 14.58, 50, 0x0000000000000000, Not Active, Not Active
2026/09/30 06:31:00.334, 180, 405, 14.58, 50, 0x0000000000000000, Not Active, Not Active
2026/09/30 06:31:00.435, 180, 405, 14.58, 50, 0x0000000000000000, Not Active, Not Active
2026/09/30 06:31:00.535, 180, 405, 14.58, 50, 0x0000000000000000, Not Active, Not Active
2026/09/30 06:31:00.635, 180, 405, 14.58, 50, 0x0000000000000000, Not Active, Not Active
2026/09/30 06:31:00.735, 180, 405, 16.20, 50, 0x0000000000000000, Not Active, Not Active
2026/09/30 06:31:00.835, 180, 405, 16.20, 50, 0x0000000000000000, Not Active, Not Active
2026/09/30 06:31:00.935, 180, 405, 16.20, 50, 0x0000000000000000, Not Active, Not Active
2026/09/30 06:31:01.035, 180, 405, 16.20, 50, 0x0000000000000000, Not Active, Not Active
2026/09/30 06:31:01.136, 180, 405, 16.20, 50, 0x0000000000000000, Not Active, Not Active
2026/09/30 06:31:01.237, 180, 405, 16.20, 50, 0x0000000000000000, Not Active, Not Active
2026/09/30 06:31:01.337, 180, 405, 16.20, 50, 0x0000000000000000, Not Active, Not Active
2026/09/30 06:31:01.438, 180, 405, 16.20, 50, 0x0000000000000000, Not Active, Not Active
2026/09/30 06:31:01.538, 180, 405, 16.20, 50, 0x0000000000000000, Not Active, Not Active
2026/09/30 06:31:01.638, 180, 405, 16.20, 50, 0x0000000000000000, Not Active, Not Active
2026/09/30 06:31:01.738, 180, 405, 14.56, 50, 0x0000000000000000, Not Active, Not Active
2026/09/30 06:31:01.839, 180, 405, 14.56, 50, 0x0000000000000000, Not Active, Not Active
2026/09/30 06:31:01.939, 180, 405, 14.56, 50, 0x0000000000000000, Not Active, Not Active
2026/09/30 06:31:02.039, 180, 405, 14.56, 50, 0x0000000000000000, Not Active, Not Active
2026/09/30 06:31:02.139, 180, 405, 14.56, 50, 0x0000000000000000, Not Active, Not Active
2026/09/30 06:31:02.239, 180, 405, 14.56, 50, 0x0000000000000000, Not Active, Not Active
2026/09/30 06:31:02.340, 180, 405, 14.56, 50, 0x0000000000000000, Not Active, Not Active
2026/09/30 06:31:02.440, 180, 405, 14.56, 50, 0x0000000000000000, Not Active, Not Active
2026/09/30 06:31:02.540, 180, 405, 14.56, 50, 0x0000000000000000, Not Active, Not Active
2026/09/30 06:31:02.640, 180, 405, 14.56, 50, 0x0000000000000000, Not Active, Not Active
2026/09/30 06:31:02.740, 180, 405, 14.51, 50, 0x0000000000000000, Not Active, Not Active
2026/09/30 06:31:02.840, 180, 405, 14.51, 50, 0x0000000000000000, Not Active, Not Active
2026/09/30 06:31:02.940, 180, 405, 14.51, 50, 0x0000000000000000, Not Active, Not Active
2026/09/30 06:31:03.040, 180, 405, 14.51, 50, 0x0000000000000000, Not Active, Not Active
2026/09/30 06:31:03.141, 180, 405, 14.51, 50, 0x0000000000000000, Not Active, Not Active
2026/09/30 06:31:03.241, 180, 405, 14.51, 50, 0x0000000000000000, Not Active, Not Active
2026/09/30 06:31:03.341, 180, 405, 14.51, 50, 0x0000000000000000, Not Active, Not Active
2026/09/30 06:31:03.441, 180, 405, 14.51, 50, 0x0000000000000000, Not Active, Not Active
2026/09/30 06:31:03.541, 180, 405, 14.51, 50, 0x0000000000000000, Not Active, Not Active
2026/09/30 06:31:03.641, 180, 405, 19.01, 50, 0x0000000000000000, Not Active, Not Active
2026/09/30 06:31:03.741, 180, 405, 19.01, 50, 0x0000000000000000, Not Active, Not Active
2026/09/30 06:31:03.842, 180, 405, 19.01, 50, 0x0000000000000000, Not Active, Not Active
2026/09/30 06:31:03.942, 180, 405, 19.01, 50, 0x0000000000000000, Not Active, Not Active
2026/09/30 06:31:04.042, 180, 405, 19.01, 50, 0x0000000000000000, Not Active, Not Active
2026/09/30 06:31:04.142, 180, 405, 19.01, 50, 0x0000000000000000, Not Active, Not Active
2026/09/30 06:31:04.242, 180, 405, 19.01, 50, 0x0000000000000000, Not Active, Not Active
2026/09/30 06:31:04.342, 180, 405, 19.01, 50, 0x0000000000000000, Not Active, Not Active
2026/09/30 06:31:04.443, 180, 405, 19.01, 50, 0x0000000000000000, Not Active, Not Active
2026/09/30 06:31:04.543, 180, 405, 19.01, 50, 0x0000000000000000, Not Active, Not Active
2026/09/30 06:31:04.643, 180, 405, 17.48, 50, 0x0000000000000000, Not Active, Not Active
2026/09/30 06:31:04.743, 180, 405, 17.48, 50, 0x0000000000000000, Not Active, Not Active
2026/09/30 06:31:04.843, 180, 405, 17.48, 50, 0x0000000000000000, Not Active, Not Active
2026/09/30 06:31:04.943, 180, 405, 17.48, 50, 0x0000000000000000, Not Active, Not Active
2026/09/30 06:31:05.043, 180, 405, 17.48, 50, 0x0000000000000000, Not Active, Not Active
2026/09/30 06:31:05.143, 180, 405, 17.48, 50, 0x0000000000000000, Not Active, Not Active
2026/09/30 06:31:05.244, 180, 405, 17.48, 50, 0x0000000000000000, Not Active, Not Active
2026/09/30 06:31:05.344, 180, 405, 17.48, 50, 0x0000000000000000, Not Active, Not Active
2026/09/30 06:31:05.444, 180, 405, 17.48, 50, 0x0000000000000000, Not Active, Not Active
2026/09/30 06:31:05.544, 180, 405, 17.48, 50, 0x0000000000000000, Not Active, Not Active
2026/09/30 06:31:05.645, 180, 405, 14.51, 50, 0x0000000000000000, Not Active, Not Active
2026/09/30 06:31:05.745, 180, 405, 14.51, 50, 0x0000000000000000, Not Active, Not Active
2026/09/30 06:31:05.845, 180, 405, 14.51, 50, 0x0000000000000000, Not Active, Not Active
2026/09/30 06:31:05.945, 180, 405, 14.51, 50, 0x0000000000000000, Not Active, Not Active
2026/09/30 06:31:06.045, 180, 405, 14.51, 50, 0x0000000000000000, Not Active, Not Active
2026/09/30 06:31:06.145, 180, 405, 14.51, 49, 0x0000000000000000, Not Active, Not Active
2026/09/30 06:31:06.245, 180, 405, 14.51, 49, 0x0000000000000000, Not Active, Not Active
2026/09/30 06:31:06.345, 180, 405, 14.51, 49, 0x0000000000000000, Not Active, Not Active
2026/09/30 06:31:06.446, 180, 405, 14.51, 49, 0x0000000000000000, Not Active, Not Active
2026/09/30 06:31:06.546, 180, 405, 14.51, 49, 0x0000000000000000, Not Active, Not Active
2026/09/30 06:31:06.646, 180, 405, 14.47, 49, 0x0000000000000000, Not Active, Not Active
2026/09/30 06:31:06.746, 180, 405, 14.47, 49, 0x0000000000000000, Not Active, Not Active
2026/09/30 06:31:06.846, 180, 405, 14.47, 49, 0x0000000000000000, Not Active, Not Active
2026/09/30 06:31:06.946, 180, 405, 14.47, 49, 0x0000000000000000, Not Active, Not Active
2026/09/30 06:31:07.046, 180, 405, 14.47, 49, 0x0000000000000000, Not Active, Not Active
2026/09/30 06:31:07.147, 180, 405, 14.47, 49, 0x0000000000000000, Not Active, Not Active
2026/09/30 06:31:07.247, 180, 405, 14.47, 49, 0x0000000000000000, Not Active, Not Active
2026/09/30 06:31:07.347, 180, 405, 14.47, 49, 0x0000000000000000, Not Active, Not Active
2026/09/30 06:31:07.448, 180, 405, 14.47, 49, 0x0000000000000000, Not Active, Not Active
2026/09/30 06:31:07.548, 180, 405, 14.47, 49, 0x0000000000000000, Not Active, Not Active
2026/09/30 06:31:07.648, 180, 405, 14.51, 49, 0x0000000000000000, Not Active, Not Active
2026/09/30 06:31:07.748, 180, 405, 14.51, 49, 0x0000000000000000, Not Active, Not Active
2026/09/30 06:31:07.849, 180, 405, 14.51, 49, 0x0000000000000000, Not Active, Not Active
2026/09/30 06:31:07.949, 180, 405, 14.51, 49, 0x0000000000000000, Not Active, Not Active
2026/09/30 06:31:08.049, 180, 405, 14.51, 49, 0x0000000000000000, Not Active, Not Active
2026/09/30 06:31:08.149, 180, 405, 14.51, 49, 0x0000000000000000, Not Active, Not Active
2026/09/30 06:31:08.249, 180, 405, 14.51, 49, 0x0000000000000000, Not Active, Not Active
2026/09/30 06:31:08.349, 180, 405, 14.51, 49, 0x0000000000000000, Not Active, Not Active
2026/09/30 06:31:08.449, 180, 405, 14.51, 49, 0x0000000000000000, Not Active, Not Active
2026/09/30 06:31:08.549, 180, 405, 14.51, 49, 0x0000000000000000, Not Active, Not Active
2026/09/30 06:31:08.649, 180, 405, 14.45, 49, 0x0000000000000000, Not Active, Not Active
2026/09/30 06:31:08.750, 180, 405, 14.45, 49, 0x0000000000000000, Not Active, Not Active
2026/09/30 06:31:08.850, 180, 405, 14.45, 49, 0x0000000000000000, Not Active, Not Active
2026/09/30 06:31:08.950, 180, 405, 14.45, 49, 0x0000000000000000, Not Active, Not Active
2026/09/30 06:31:09.050, 180, 405, 14.45, 49, 0x0000000000000000, Not Active, Not Active
2026/09/30 06:31:09.150, 180, 405, 14.45, 49, 0x0000000000000000, Not Active, Not Active
2026/09/30 06:31:09.250, 180, 405, 14.45, 49, 0x0000000000000000, Not Active, Not Active
2026/09/30 06:31:09.350, 180, 405, 14.45, 49, 0x0000000000000000, Not Active, Not Active
2026/09/30 06:31:09.450, 180, 405, 14.45, 49, 0x0000000000000000, Not Active, Not Active
2026/09/30 06:31:09.551, 180, 405, 14.45, 49, 0x0000000000000000, Not Active, Not Active
2026/09/30 06:31:09.651, 180, 405, 15.18, 49, 0x0000000000000000, Not Active, Not Active
2026/09/30 06:31:09.751, 180, 405, 15.18, 49, 0x0000000000000000, Not Active, Not Active
2026/09/30 06:31:09.851, 180, 405, 15.18, 49, 0x0000000000000000, Not Active, Not Active
2026/09/30 06:31:09.951, 180, 405, 15.18, 49, 0x0000000000000000, Not Active, Not Active
2026/09/30 06:31:10.051, 180, 405, 15.18, 49, 0x0000000000000000, Not Active, Not Active
2026/09/30 06:31:10.151, 180, 405, 15.18, 49, 0x0000000000000000, Not Active, Not Active
2026/09/30 06:31:10.251, 180, 405, 15.18, 49, 0x0000000000000000, Not Active, Not Active
2026/09/30 06:31:10.352, 180, 405, 15.18, 49, 0x0000000000000000, Not Active, Not Active
2026/09/30 06:31:10.452, 180, 405, 15.18, 49, 0x0000000000000000, Not Active, Not Active
2026/09/30 06:31:10.552, 180, 405, 15.18, 49, 0x0000000000000000, Not Active, Not Active
2026/09/30 06:31:10.652, 180, 405, 14.35, 49, 0x0000000000000000, Not Active, Not Active
2026/09/30 06:31:10.752, 180, 405, 14.35, 49, 0x0000000000000000, Not Active, Not Active
2026/09/30 06:31:10.852, 180, 405, 14.35, 49, 0x0000000000000000, Not Active, Not Active
2026/09/30 06:31:10.952, 180, 405, 14.35, 49, 0x0000000000000000, Not Active, Not Active
2026/09/30 06:31:11.052, 180, 405, 14.35, 49, 0x0000000000000000, Not Active, Not Active
2026/09/30 06:31:11.153, 180, 405, 14.35, 49, 0x0000000000000000, Not Active, Not Active
2026/09/30 06:31:11.253, 180, 405, 14.35, 49, 0x0000000000000000, Not Active, Not Active
2026/09/30 06:31:11.353, 180, 405, 14.35, 49, 0x0000000000000000, Not Active, Not Active
2026/09/30 06:31:11.453, 180, 405, 14.35, 49, 0x0000000000000000, Not Active, Not Active
2026/09/30 06:31:11.553, 180, 405, 14.35, 49, 0x0000000000000000, Not Active, Not Active
2026/09/30 06:31:11.653, 180, 405, 15.81, 49, 0x0000000000000000, Not Active, Not Active
2026/09/30 06:31:11.753, 180, 405, 15.81, 49, 0x0000000000000000, Not Active, Not Active
2026/09/30 06:31:11.853, 180, 405, 15.81, 49, 0x0000000000000000, Not Active, Not Active
2026/09/30 06:31:11.954, 180, 405, 15.81, 49, 0x0000000000000000, Not Active, Not Active
2026/09/30 06:31:12.054, 180, 405, 15.81, 49, 0x0000000000000000, Not Active, Not Active
2026/09/30 06:31:12.154, 180, 405, 15.81, 49, 0x0000000000000000, Not Active, Not Active
2026/09/30 06:31:12.254, 180, 405, 15.81, 49, 0x0000000000000000, Not Active, Not Active
2026/09/30 06:31:12.354, 180, 405, 15.81, 49, 0x0000000000000000, Not Active, Not Active
2026/09/30 06:31:12.454, 180, 405, 15.81, 49, 0x0000000000000000, Not Active, Not Active
2026/09/30 06:31:12.554, 180, 405, 15.81, 49, 0x0000000000000000, Not Active, Not Active
2026/09/30 06:31:12.654, 180, 405, 15.73, 49, 0x0000000000000000, Not Active, Not Active
2026/09/30 06:31:12.755, 180, 405, 15.73, 49, 0x0000000000000000, Not Active, Not Active
2026/09/30 06:31:12.855, 180, 405, 15.73, 49, 0x0000000000000000, Not Active, Not Active
2026/09/30 06:31:12.955, 180, 405, 15.73, 49, 0x0000000000000000, Not Active, Not Active
2026/09/30 06:31:13.055, 180, 405, 15.73, 49, 0x0000000000000000, Not Active, Not Active
2026/09/30 06:31:13.155, 180, 405, 15.73, 49, 0x0000000000000000, Not Active, Not Active
2026/09/30 06:31:13.255, 180, 405, 15.73, 49, 0x0000000000000000, Not Active, Not Active
2026/09/30 06:31:13.355, 180, 405, 15.73, 49, 0x0000000000000000, Not Active, Not Active
2026/09/30 06:31:13.455, 180, 405, 15.73, 49, 0x0000000000000000, Not Active, Not Active
2026/09/30 06:31:13.555, 180, 405, 15.73, 49, 0x0000000000000000, Not Active, Not Active
2026/09/30 06:31:13.656, 180, 405, 15.72, 49, 0x0000000000000000, Not Active, Not Active
2026/09/30 06:31:13.756, 180, 405, 15.72, 49, 0x0000000000000000, Not Active, Not Active
2026/09/30 06:31:13.856, 180, 405, 15.72, 49, 0x0000000000000000, Not Active, Not Active
2026/09/30 06:31:13.956, 180, 405, 15.72, 49, 0x0000000000000000, Not Active, Not Active
2026/09/30 06:31:14.056, 180, 405, 15.72, 49, 0x0000000000000000, Not Active, Not Active
2026/09/30 06:31:14.156, 180, 405, 15.72, 49, 0x0000000000000000, Not Active, Not Active
2026/09/30 06:31:14.256, 180, 405, 15.72, 49, 0x0000000000000000, Not Active, Not Active
2026/09/30 06:31:14.356, 180, 405, 15.72, 49, 0x0000000000000000, Not Active, Not Active
2026/09/30 06:31:14.456, 180, 405, 15.72, 49, 0x0000000000000000, Not Active, Not Active
2026/09/30 06:31:14.556, 180, 405, 15.72, 49, 0x0000000000000000, Not Active, Not Active
2026/09/30 06:31:14.657, 180, 405, 14.23, 49, 0x0000000000000000, Not Active, Not Active
2026/09/30 06:31:14.757, 180, 405, 14.23, 49, 0x0000000000000000, Not Active, Not Active
2026/09/30 06:31:14.857, 180, 405, 14.23, 49, 0x0000000000000000, Not Active, Not Active
2026/09/30 06:31:14.957, 180, 405, 14.23, 49, 0x0000000000000000, Not Active, Not Active
2026/09/30 06:31:15.057, 180, 405, 14.23, 49, 0x0000000000000000, Not Active, Not Active
2026/09/30 06:31:15.157, 180, 405, 14.23, 49, 0x0000000000000000, Not Active, Not Active
2026/09/30 06:31:15.257, 180, 405, 14.23, 49, 0x0000000000000000, Not Active, Not Active
2026/09/30 06:31:15.357, 180, 405, 14.23, 49, 0x0000000000000000, Not Active, Not Active
2026/09/30 06:31:15.457, 180, 405, 14.23, 49, 0x0000000000000000, Not Active, Not Active
2026/09/30 06:31:15.557, 180, 405, 14.23, 49, 0x0000000000000000, Not Active, Not Active
2026/09/30 06:31:15.658, 180, 405, 14.20, 48, 0x0000000000000000, Not Active, Not Active
2026/09/30 06:31:15.758, 180, 405, 14.20, 48, 0x0000000000000000, Not Active, Not Active
2026/09/30 06:31:15.858, 180, 405, 14.20, 48, 0x0000000000000000, Not Active, Not Active
2026/09/30 06:31:15.958, 180, 405, 14.20, 48, 0x0000000000000000, Not Active, Not Active
2026/09/30 06:31:16.058, 180, 405, 14.20, 48, 0x0000000000000000, Not Active, Not Active
2026/09/30 06:31:16.158, 180, 405, 14.20, 48, 0x0000000000000000, Not Active, Not Active
2026/09/30 06:31:16.258, 180, 405, 14.20, 48, 0x0000000000000000, Not Active, Not Active
2026/09/30 06:31:16.358, 180, 405, 14.20, 48, 0x0000000000000000, Not Active, Not Active
2026/09/30 06:31:16.458, 180, 405, 14.20, 48, 0x0000000000000000, Not Active, Not Active
2026/09/30 06:31:16.559, 180, 405, 14.20, 48, 0x0000000000000000, Not Active, Not Active
2026/09/30 06:31:16.659, 180, 405, 14.18, 48, 0x0000000000000000, Not Active, Not Active
2026/09/30 06:31:16.759, 180, 405, 14.18, 48, 0x0000000000000000, Not Active, Not Active
2026/09/30 06:31:16.859, 180, 405, 14.18, 48, 0x0000000000000000, Not Active, Not Active
2026/09/30 06:31:16.959, 180, 405, 14.18, 48, 0x0000000000000000, Not Active, Not Active
2026/09/30 06:31:17.059, 180, 405, 14.18, 48, 0x0000000000000000, Not Active, Not Active
2026/09/30 06:31:17.159, 180, 405, 14.18, 48, 0x0000000000000000, Not Active, Not Active
2026/09/30 06:31:17.259, 180, 405, 14.18, 48, 0x0000000000000000, Not Active, Not Active
2026/09/30 06:31:17.359, 180, 405, 14.18, 48, 0x0000000000000000, Not Active, Not Active
2026/09/30 06:31:17.459, 180, 405, 14.18, 48, 0x0000000000000000, Not Active, Not Active
2026/09/30 06:31:17.560, 180, 405, 14.18, 48, 0x0000000000000000, Not Active, Not Active
2026/09/30 06:31:17.660, 180, 405, 14.20, 48, 0x0000000000000000, Not Active, Not Active
2026/09/30 06:31:17.760, 180, 405, 14.20, 48, 0x0000000000000000, Not Active, Not Active
2026/09/30 06:31:17.860, 180, 405, 14.20, 48, 0x0000000000000000, Not Active, Not Active
2026/09/30 06:31:17.960, 180, 405, 14.20, 48, 0x0000000000000000, Not Active, Not Active
2026/09/30 06:31:18.060, 180, 405, 14.20, 48, 0x0000000000000000, Not Active, Not Active
2026/09/30 06:31:18.160, 180, 405, 14.20, 48, 0x0000000000000000, Not Active, Not Active
2026/09/30 06:31:18.260, 180, 405, 14.20, 48, 0x0000000000000000, Not Active, Not Active
2026/09/30 06:31:18.360, 180, 405, 14.20, 48, 0x0000000000000000, Not Active, Not Active
2026/09/30 06:31:18.460, 180, 405, 14.20, 48, 0x0000000000000000, Not Active, Not Active
2026/09/30 06:31:18.561, 180, 405, 14.20, 48, 0x0000000000000000, Not Active, Not Active
2026/09/30 06:31:18.661, 180, 405, 14.25, 48, 0x0000000000000000, Not Active, Not Active
2026/09/30 06:31:18.761, 180, 405, 14.25, 48, 0x0000000000000000, Not Active, Not Active
2026/09/30 06:31:18.861, 180, 405, 14.25, 48, 0x0000000000000000, Not Active, Not Active
2026/09/30 06:31:18.961, 180, 405, 14.25, 48, 0x0000000000000000, Not Active, Not Active
2026/09/30 06:31:19.061, 180, 405, 14.25, 48, 0x0000000000000000, Not Active, Not Active
2026/09/30 06:31:19.161, 180, 405, 14.25, 48, 0x0000000000000000, Not Active, Not Active
2026/09/30 06:31:19.261, 180, 405, 14.25, 48, 0x0000000000000000, Not Active, Not Active
2026/09/30 06:31:19.361, 180, 405, 14.25, 48, 0x0000000000000000, Not Active, Not Active
2026/09/30 06:31:19.462, 180, 405, 14.25, 48, 0x0000000000000000, Not Active, Not Active
2026/09/30 06:31:19.562, 180, 405, 14.25, 48, 0x0000000000000000, Not Active, Not Active
2026/09/30 06:31:19.662, 180, 405, 15.74, 48, 0x0000000000000000, Not Active, Not Active
2026/09/30 06:31:19.762, 180, 405, 15.74, 48, 0x0000000000000000, Not Active, Not Active
2026/09/30 06:31:19.862, 180, 405, 15.74, 48, 0x0000000000000000, Not Active, Not Active
2026/09/30 06:31:19.962, 180, 405, 15.74, 48, 0x0000000000000000, Not Active, Not Active
2026/09/30 06:31:20.062, 180, 405, 15.74, 48, 0x0000000000000000, Not Active, Not Active
2026/09/30 06:31:20.162, 180, 405, 15.74, 48, 0x0000000000000000, Not Active, Not Active
2026/09/30 06:31:20.262, 180, 405, 15.74, 48, 0x0000000000000000, Not Active, Not Active
2026/09/30 06:31:20.362, 180, 405, 15.74, 48, 0x0000000000000000, Not Active, Not Active
2026/09/30 06:31:20.463, 180, 405, 15.74, 48, 0x0000000000000000, Not Active, Not Active
2026/09/30 06:31:20.563, 180, 405, 15.74, 48, 0x0000000000000000, Not Active, Not Active
2026/09/30 06:31:20.663, 180, 405, 14.17, 48, 0x0000000000000000, Not Active, Not Active
2026/09/30 06:31:20.763, 180, 405, 14.17, 48, 0x0000000000000000, Not Active, Not Active
2026/09/30 06:31:20.863, 180, 405, 14.17, 48, 0x0000000000000000, Not Active, Not Active
2026/09/30 06:31:20.963, 180, 405, 14.17, 48, 0x0000000000000000, Not Active, Not Active
2026/09/30 06:31:21.063, 180, 405, 14.17, 48, 0x0000000000000000, Not Active, Not Active
2026/09/30 06:31:21.163, 180, 405, 14.17, 48, 0x0000000000000000, Not Active, Not Active
2026/09/30 06:31:21.263, 180, 405, 14.17, 48, 0x0000000000000000, Not Active, Not Active
2026/09/30 06:31:21.363, 180, 405, 14.17, 48, 0x0000000000000000, Not Active, Not Active
2026/09/30 06:31:21.464, 180, 405, 14.17, 48, 0x0000000000000000, Not Active, Not Active
2026/09/30 06:31:21.564, 180, 405, 14.17, 48, 0x0000000000000000, Not Active, Not Active
2026/09/30 06:31:21.664, 180, 405, 14.16, 48, 0x0000000000000000, Not Active, Not Active
2026/09/30 06:31:21.764, 180, 405, 14.16, 48, 0x0000000000000000, Not Active, Not Active
2026/09/30 06:31:21.864, 180, 405, 14.16, 48, 0x0000000000000000, Not Active, Not Active
2026/09/30 06:31:21.964, 180, 405, 14.16, 48, 0x0000000000000000, Not Active, Not Active
2026/09/30 06:31:22.064, 180, 405, 14.16, 48, 0x0000000000000000, Not Active, Not Active
2026/09/30 06:31:22.164, 180, 405, 14.16, 48, 0x0000000000000000, Not Active, Not Active
2026/09/30 06:31:22.264, 180, 405, 14.16, 48, 0x0000000000000000, Not Active, Not Active
2026/09/30 06:31:22.364, 180, 405, 14.16, 48, 0x0000000000000000, Not Active, Not Active
2026/09/30 06:31:22.465, 180, 405, 14.16, 48, 0x0000000000000000, Not Active, Not Active
2026/09/30 06:31:22.565, 180, 405, 14.16, 48, 0x0000000000000000, Not Active, Not Active
2026/09/30 06:31:22.665, 180, 405, 17.09, 48, 0x0000000000000000, Not Active, Not Active
2026/09/30 06:31:22.765, 180, 405, 17.09, 48, 0x0000000000000000, Not Active, Not Active
2026/09/30 06:31:22.865, 180, 405, 17.09, 48, 0x0000000000000000, Not Active, Not Active
2026/09/30 06:31:22.965, 180, 405, 17.09, 48, 0x0000000000000000, Not Active, Not Active
2026/09/30 06:31:23.065, 180, 405, 17.09, 48, 0x0000000000000000, Not Active, Not Active
2026/09/30 06:31:23.165, 180, 405, 17.09, 48, 0x0000000000000000, Not Active, Not Active
2026/09/30 06:31:23.265, 180, 405, 17.09, 48, 0x0000000000000000, Not Active, Not Active
2026/09/30 06:31:23.366, 180, 405, 17.09, 48, 0x0000000000000000, Not Active, Not Active
2026/09/30 06:31:23.466, 180, 405, 17.09, 48, 0x0000000000000000, Not Active, Not Active
2026/09/30 06:31:23.566, 180, 405, 17.09, 48, 0x0000000000000000, Not Active, Not Active
2026/09/30 06:31:23.666, 180, 405, 16.35, 48, 0x0000000000000000, Not Active, Not Active
2026/09/30 06:31:23.766, 180, 405, 16.35, 48, 0x0000000000000000, Not Active, Not Active
2026/09/30 06:31:23.866, 180, 405, 16.35, 48, 0x0000000000000000, Not Active, Not Active
2026/09/30 06:31:23.966, 180, 405, 16.35, 48, 0x0000000000000000, Not Active, Not Active
2026/09/30 06:31:24.066, 180, 405, 16.35, 48, 0x0000000000000000, Not Active, Not Active
2026/09/30 06:31:24.166, 180, 405, 16.35, 48, 0x0000000000000000, Not Active, Not Active
2026/09/30 06:31:24.266, 180, 405, 16.35, 48, 0x0000000000000000, Not Active, Not Active
2026/09/30 06:31:24.367, 180, 405, 16.35, 48, 0x0000000000000000, Not Active, Not Active
2026/09/30 06:31:24.467, 180, 405, 16.35, 48, 0x0000000000000000, Not Active, Not Active
2026/09/30 06:31:24.567, 180, 405, 16.35, 48, 0x0000000000000000, Not Active, Not Active
2026/09/30 06:31:24.667, 180, 405, 14.15, 48, 0x0000000000000000, Not Active, Not Active
2026/09/30 06:31:24.767, 180, 405, 14.15, 48, 0x0000000000000000, Not Active, Not Active
2026/09/30 06:31:24.867, 180, 405, 14.15, 48, 0x0000000000000000, Not Active, Not Active
2026/09/30 06:31:24.967, 180, 405, 14.15, 48, 0x0000000000000000, Not Active, Not Active
2026/09/30 06:31:25.067, 180, 405, 14.15, 48, 0x0000000000000000, Not Active, Not Active
2026/09/30 06:31:25.168, 180, 405, 14.15, 48, 0x0000000000000000, Not Active, Not Active
2026/09/30 06:31:25.268, 180, 405, 14.15, 48, 0x0000000000000000, Not Active, Not Active
2026/09/30 06:31:25.368, 180, 405, 14.15, 48, 0x0000000000000000, Not Active, Not Active
2026/09/30 06:31:25.468, 180, 405, 14.15, 48, 0x0000000000000000, Not Active, Not Active
2026/09/30 06:31:25.568, 180, 405, 14.15, 48, 0x0000000000000000, Not Active, Not Active
2026/09/30 06:31:25.668, 180, 405, 14.93, 48, 0x0000000000000000, Not Active, Not Active
2026/09/30 06:31:25.768, 180, 405, 14.93, 48, 0x0000000000000000, Not Active, Not Active
2026/09/30 06:31:25.868, 180, 405, 14.93, 48, 0x0000000000000000, Not Active, Not Active
2026/09/30 06:31:25.968, 180, 405, 14.93, 48, 0x0000000000000000, Not Active, Not Active
2026/09/30 06:31:26.069, 180, 405, 14.93, 48, 0x0000000000000000, Not Active, Not Active
2026/09/30 06:31:26.169, 180, 405, 14.93, 48, 0x0000000000000000, Not Active, Not Active
2026/09/30 06:31:26.269, 180, 405, 14.93, 48, 0x0000000000000000, Not Active, Not Active
2026/09/30 06:31:26.369, 180, 405, 14.93, 48, 0x0000000000000000, Not Active, Not Active
2026/09/30 06:31:26.469, 180, 405, 14.93, 48, 0x0000000000000000, Not Active, Not Active
2026/09/30 06:31:26.569, 180, 405, 14.93, 48, 0x0000000000000000, Not Active, Not Active
2026/09/30 06:31:26.669, 180, 405, 14.10, 47, 0x0000000000000000, Not Active, Not Active
2026/09/30 06:31:26.769, 180, 405, 14.10, 47, 0x0000000000000000, Not Active, Not Active
2026/09/30 06:31:26.870, 180, 405, 14.10, 47, 0x0000000000000000, Not Active, Not Active
2026/09/30 06:31:26.970, 180, 405, 14.10, 47, 0x0000000000000000, Not Active, Not Active
2026/09/30 06:31:27.070, 180, 405, 14.10, 47, 0x0000000000000000, Not Active, Not Active
2026/09/30 06:31:27.170, 180, 405, 14.10, 47, 0x0000000000000000, Not Active, Not Active
2026/09/30 06:31:27.270, 180, 405, 14.10, 47, 0x0000000000000000, Not Active, Not Active
2026/09/30 06:31:27.370, 180, 405, 14.10, 47, 0x0000000000000000, Not Active, Not Active
2026/09/30 06:31:27.470, 180, 405, 14.10, 47, 0x0000000000000000, Not Active, Not Active
2026/09/30 06:31:27.570, 180, 405, 14.10, 47, 0x0000000000000000, Not Active, Not Active
2026/09/30 06:31:27.671, 180, 405, 14.09, 47, 0x0000000000000000, Not Active, Not Active
2026/09/30 06:31:27.771, 180, 405, 14.09, 47, 0x0000000000000000, Not Active, Not Active
2026/09/30 06:31:27.871, 180, 405, 14.09, 47, 0x0000000000000000, Not Active, Not Active
2026/09/30 06:31:27.971, 180, 405, 14.09, 47, 0x0000000000000000, Not Active, Not Active
2026/09/30 06:31:28.071, 180, 405, 14.09, 47, 0x0000000000000000, Not Active, Not Active
2026/09/30 06:31:28.171, 180, 405, 14.09, 47, 0x0000000000000000, Not Active, Not Active
2026/09/30 06:31:28.271, 180, 405, 14.09, 47, 0x0000000000000000, Not Active, Not Active
2026/09/30 06:31:28.372, 180, 405, 14.09, 47, 0x0000000000000000, Not Active, Not Active
2026/09/30 06:31:28.472, 180, 405, 14.09, 47, 0x0000000000000000, Not Active, Not Active
2026/09/30 06:31:28.572, 180, 405, 14.09, 47, 0x0000000000000000, Not Active, Not Active
2026/09/30 06:31:28.672, 180, 405, 14.02, 47, 0x0000000000000000, Not Active, Not Active
2026/09/30 06:31:28.772, 180, 405, 14.02, 47, 0x0000000000000000, Not Active, Not Active
2026/09/30 06:31:28.872, 180, 405, 14.02, 47, 0x0000000000000000, Not Active, Not Active
2026/09/30 06:31:28.972, 180, 405, 14.02, 47, 0x0000000000000000, Not Active, Not Active
2026/09/30 06:31:29.072, 180, 405, 14.02, 47, 0x0000000000000000, Not Active, Not Active
2026/09/30 06:31:29.173, 180, 405, 14.02, 47, 0x0000000000000000, Not Active, Not Active
2026/09/30 06:31:29.273, 180, 405, 14.02, 47, 0x0000000000000000, Not Active, Not Active
2026/09/30 06:31:29.373, 180, 405, 14.02, 47, 0x0000000000000000, Not Active, Not Active
2026/09/30 06:31:29.473, 180, 405, 14.02, 47, 0x0000000000000000, Not Active, Not Active
2026/09/30 06:31:29.573, 180, 405, 14.02, 47, 0x0000000000000000, Not Active, Not Active
2026/09/30 06:31:29.673, 180, 405, 13.96, 47, 0x0000000000000000, Not Active, Not Active
2026/09/30 06:31:29.774, 180, 405, 13.96, 47, 0x0000000000000000, Not Active, Not Active
2026/09/30 06:31:29.874, 180, 405, 13.96, 47, 0x0000000000000000, Not Active, Not Active
2026/09/30 06:31:29.974, 180, 405, 13.96, 47, 0x0000000000000000, Not Active, Not Active
2026/09/30 06:31:30.074, 180, 405, 13.96, 47, 0x0000000000000000, Not Active, Not Active
2026/09/30 06:31:30.174, 180, 405, 13.96, 47, 0x0000000000000000, Not Active, Not Active
2026/09/30 06:31:30.274, 180, 405, 13.96, 47, 0x0000000000000000, Not Active, Not Active
2026/09/30 06:31:30.374, 180, 405, 13.96, 47, 0x0000000000000000, Not Active, Not Active
2026/09/30 06:31:30.474, 180, 405, 13.96, 47, 0x0000000000000000, Not Active, Not Active
2026/09/30 06:31:30.574, 180, 405, 13.96, 47, 0x0000000000000000, Not Active, Not Active
2026/09/30 06:31:30.674, 180, 405, 13.89, 47, 0x0000000000000000, Not Active, Not Active
2026/09/30 06:31:30.775, 180, 405, 13.89, 47, 0x0000000000000000, Not Active, Not Active
2026/09/30 06:31:30.875, 180, 405, 13.89, 47, 0x0000000000000000, Not Active, Not Active
2026/09/30 06:31:30.975, 180, 405, 13.89, 47, 0x0000000000000000, Not Active, Not Active
2026/09/30 06:31:31.075, 180, 405, 13.89, 47, 0x0000000000000000, Not Active, Not Active
2026/09/30 06:31:31.175, 180, 405, 13.89, 47, 0x0000000000000000, Not Active, Not Active
2026/09/30 06:31:31.275, 180, 405, 13.89, 47, 0x0000000000000000, Not Active, Not Active
2026/09/30 06:31:31.375, 180, 405, 13.89, 47, 0x0000000000000000, Not Active, Not Active
2026/09/30 06:31:31.475, 180, 405, 13.89, 47, 0x0000000000000000, Not Active, Not Active
2026/09/30 06:31:31.575, 180, 405, 13.89, 47, 0x0000000000000000, Not Active, Not Active
2026/09/30 06:31:31.676, 180, 405, 13.92, 47, 0x0000000000000000, Not Active, Not Active
2026/09/30 06:31:31.776, 180, 405, 13.92, 47, 0x0000000000000000, Not Active, Not Active
2026/09/30 06:31:31.876, 180, 405, 13.92, 47, 0x0000000000000000, Not Active, Not Active
2026/09/30 06:31:31.976, 180, 405, 13.92, 47, 0x0000000000000000, Not Active, Not Active
2026/09/30 06:31:32.076, 180, 405, 13.92, 47, 0x0000000000000000, Not Active, Not Active
2026/09/30 06:31:32.176, 180, 405, 13.92, 47, 0x0000000000000000, Not Active, Not Active
2026/09/30 06:31:32.276, 180, 405, 13.92, 47, 0x0000000000000000, Not Active, Not Active
2026/09/30 06:31:32.376, 180, 405, 13.92, 47, 0x0000000000000000, Not Active, Not Active
2026/09/30 06:31:32.476, 180, 405, 13.92, 47, 0x0000000000000000, Not Active, Not Active
2026/09/30 06:31:32.576, 180, 405, 13.92, 47, 0x0000000000000000, Not Active, Not Active
2026/09/30 06:31:32.677, 180, 405, 13.94, 47, 0x0000000000000000, Not Active, Not Active
2026/09/30 06:31:32.777, 180, 405, 13.94, 47, 0x0000000000000000, Not Active, Not Active
2026/09/30 06:31:32.877, 180, 405, 13.94, 47, 0x0000000000000000, Not Active, Not Active
2026/09/30 06:31:32.977, 180, 405, 13.94, 47, 0x0000000000000000, Not Active, Not Active
2026/09/30 06:31:33.077, 180, 405, 13.94, 47, 0x0000000000000000, Not Active, Not Active
2026/09/30 06:31:33.177, 180, 405, 13.94, 47, 0x0000000000000000, Not Active, Not Active
2026/09/30 06:31:33.277, 180, 405, 13.94, 47, 0x0000000000000000, Not Active, Not Active
2026/09/30 06:31:33.377, 180, 405, 13.94, 47, 0x0000000000000000, Not Active, Not Active
2026/09/30 06:31:33.478, 180, 405, 13.94, 47, 0x0000000000000000, Not Active, Not Active
2026/09/30 06:31:33.578, 180, 405, 13.94, 47, 0x0000000000000000, Not Active, Not Active
2026/09/30 06:31:33.678, 180, 405, 14.66, 47, 0x0000000000000000, Not Active, Not Active
2026/09/30 06:31:33.778, 180, 405, 14.66, 47, 0x0000000000000000, Not Active, Not Active
2026/09/30 06:31:33.878, 180, 405, 14.66, 47, 0x0000000000000000, Not Active, Not Active
2026/09/30 06:31:33.978, 180, 405, 14.66, 47, 0x0000000000000000, Not Active, Not Active
2026/09/30 06:31:34.079, 180, 405, 14.66, 47, 0x0000000000000000, Not Active, Not Active
2026/09/30 06:31:34.179, 180, 405, 14.66, 47, 0x0000000000000000, Not Active, Not Active
2026/09/30 06:31:34.279, 180, 405, 14.66, 47, 0x0000000000000000, Not Active, Not Active
2026/09/30 06:31:34.379, 180, 405, 14.66, 47, 0x0000000000000000, Not Active, Not Active
2026/09/30 06:31:34.479, 180, 405, 14.66, 47, 0x0000000000000000, Not Active, Not Active
2026/09/30 06:31:34.579, 180, 405, 14.66, 47, 0x0000000000000000, Not Active, Not Active
2026/09/30 06:31:34.679, 180, 405, 15.28, 47, 0x0000000000000000, Not Active, Not Active
2026/09/30 06:31:34.780, 180, 405, 15.28, 47, 0x0000000000000000, Not Active, Not Active
2026/09/30 06:31:34.880, 180, 405, 15.28, 47, 0x0000000000000000, Not Active, Not Active
2026/09/30 06:31:34.980, 180, 405, 15.28, 47, 0x0000000000000000, Not Active, Not Active
2026/09/30 06:31:35.080, 180, 405, 15.28, 47, 0x0000000000000000, Not Active, Not Active
2026/09/30 06:31:35.180, 180, 405, 15.28, 47, 0x0000000000000000, Not Active, Not Active
2026/09/30 06:31:35.280, 180, 405, 15.28, 47, 0x0000000000000000, Not Active, Not Active
2026/09/30 06:31:35.380, 180, 405, 15.28, 47, 0x0000000000000000, Not Active, Not Active
2026/09/30 06:31:35.481, 180, 405, 15.28, 47, 0x0000000000000000, Not Active, Not Active
2026/09/30 06:31:35.581, 180, 405, 15.28, 47, 0x0000000000000000, Not Active, Not Active
2026/09/30 06:31:35.681, 180, 405, 15.27, 47, 0x0000000000000000, Not Active, Not Active
2026/09/30 06:31:35.781, 180, 405, 15.27, 47, 0x0000000000000000, Not Active, Not Active
2026/09/30 06:31:35.881, 180, 405, 15.27, 47, 0x0000000000000000, Not Active, Not Active
2026/09/30 06:31:35.981, 180, 405, 15.27, 47, 0x0000000000000000, Not Active, Not Active
2026/09/30 06:31:36.081, 180, 405, 15.27, 47, 0x0000000000000000, Not Active, Not Active
2026/09/30 06:31:36.182, 180, 405, 15.27, 47, 0x0000000000000000, Not Active, Not Active
2026/09/30 06:31:36.282, 180, 405, 15.27, 47, 0x0000000000000000, Not Active, Not Active
2026/09/30 06:31:36.382, 180, 405, 15.27, 47, 0x0000000000000000, Not Active, Not Active
2026/09/30 06:31:36.482, 180, 405, 15.27, 47, 0x0000000000000000, Not Active, Not Active
2026/09/30 06:31:36.582, 180, 405, 15.27, 47, 0x0000000000000000, Not Active, Not Active
2026/09/30 06:31:36.682, 180, 405, 14.51, 47, 0x0000000000000000, Not Active, Not Active
2026/09/30 06:31:36.783, 180, 405, 14.51, 47, 0x0000000000000000, Not Active, Not Active
2026/09/30 06:31:36.883, 180, 405, 14.51, 47, 0x0000000000000000, Not Active, Not Active
2026/09/30 06:31:36.983, 180, 405, 14.51, 47, 0x0000000000000000, Not Active, Not Active
2026/09/30 06:31:37.083, 180, 405, 14.51, 47, 0x0000000000000000, Not Active, Not Active
2026/09/30 06:31:37.183, 180, 405, 14.51, 47, 0x0000000000000000, Not Active, Not Active
2026/09/30 06:31:37.283, 180, 405, 14.51, 47, 0x0000000000000000, Not Active, Not Active
2026/09/30 06:31:37.383, 180, 405, 14.51, 47, 0x0000000000000000, Not Active, Not Active
2026/09/30 06:31:37.484, 180, 405, 14.51, 47, 0x0000000000000000, Not Active, Not Active
2026/09/30 06:31:37.584, 180, 405, 14.51, 47, 0x0000000000000000, Not Active, Not Active
2026/09/30 06:31:37.684, 180, 405, 14.53, 47, 0x0000000000000000, Not Active, Not Active
2026/09/30 06:31:37.784, 180, 405, 14.53, 47, 0x0000000000000000, Not Active, Not Active
2026/09/30 06:31:37.884, 180, 405, 14.53, 47, 0x0000000000000000, Not Active, Not Active
2026/09/30 06:31:37.984, 180, 405, 14.53, 47, 0x0000000000000000, Not Active, Not Active
2026/09/30 06:31:38.084, 180, 405, 14.53, 47, 0x0000000000000000, Not Active, Not Active
2026/09/30 06:31:38.184, 180, 405, 14.53, 47, 0x0000000000000000, Not Active, Not Active
2026/09/30 06:31:38.285, 180, 405, 14.53, 47, 0x0000000000000000, Not Active, Not Active
2026/09/30 06:31:38.385, 180, 405, 14.53, 47, 0x0000000000000000, Not Active, Not Active
2026/09/30 06:31:38.485, 180, 405, 14.53, 47, 0x0000000000000000, Not Active, Not Active
2026/09/30 06:31:38.585, 180, 405, 14.53, 47, 0x0000000000000000, Not Active, Not Active
2026/09/30 06:31:38.685, 180, 405, 15.32, 47, 0x0000000000000000, Not Active, Not Active
2026/09/30 06:31:38.785, 180, 405, 15.32, 47, 0x0000000000000000, Not Active, Not Active
2026/09/30 06:31:38.885, 180, 405, 15.32, 47, 0x0000000000000000, Not Active, Not Active
2026/09/30 06:31:38.986, 180, 405, 15.32, 47, 0x0000000000000000, Not Active, Not Active
2026/09/30 06:31:39.086, 180, 405, 15.32, 47, 0x0000000000000000, Not Active, Not Active
2026/09/30 06:31:39.186, 180, 405, 15.32, 47, 0x0000000000000000, Not Active, Not Active
2026/09/30 06:31:39.286, 180, 405, 15.32, 47, 0x0000000000000000, Not Active, Not Active
2026/09/30 06:31:39.386, 180, 405, 15.32, 47, 0x0000000000000000, Not Active, Not Active
2026/09/30 06:31:39.486, 180, 405, 15.32, 47, 0x0000000000000000, Not Active, Not Active
2026/09/30 06:31:39.586, 180, 405, 15.32, 47, 0x0000000000000000, Not Active, Not Active
2026/09/30 06:31:39.687, 180, 405, 13.68, 47, 0x0000000000000000, Not Active, Not Active
2026/09/30 06:31:39.787, 180, 405, 13.68, 47, 0x0000000000000000, Not Active, Not Active
2026/09/30 06:31:39.887, 180, 405, 13.68, 47, 0x0000000000000000, Not Active, Not Active
2026/09/30 06:31:39.987, 180, 405, 13.68, 47, 0x0000000000000000, Not Active, Not Active
2026/09/30 06:31:40.087, 180, 405, 13.68, 47, 0x0000000000000000, Not Active, Not Active
2026/09/30 06:31:40.187, 180, 405, 13.68, 47, 0x0000000000000000, Not Active, Not Active
2026/09/30 06:31:40.288, 180, 405, 13.68, 47, 0x0000000000000000, Not Active, Not Active
2026/09/30 06:31:40.388, 180, 405, 13.68, 47, 0x0000000000000000, Not Active, Not Active
2026/09/30 06:31:40.488, 180, 405, 13.68, 47, 0x0000000000000000, Not Active, Not Active
2026/09/30 06:31:40.588, 180, 405, 13.68, 47, 0x0000000000000000, Not Active, Not Active
2026/09/30 06:31:40.688, 180, 405, 13.84, 46, 0x0000000000000000, Not Active, Not Active
2026/09/30 06:31:40.788, 180, 405, 13.84, 46, 0x0000000000000000, Not Active, Not Active
2026/09/30 06:31:40.888, 180, 405, 13.84, 46, 0x0000000000000000, Not Active, Not Active
2026/09/30 06:31:40.989, 180, 405, 13.84, 46, 0x0000000000000000, Not Active, Not Active
2026/09/30 06:31:41.089, 180, 405, 13.84, 46, 0x0000000000000000, Not Active, Not Active
2026/09/30 06:31:41.189, 180, 405, 13.84, 46, 0x0000000000000000, Not Active, Not Active
2026/09/30 06:31:41.289, 180, 405, 13.84, 46, 0x0000000000000000, Not Active, Not Active
2026/09/30 06:31:41.389, 180, 405, 13.84, 46, 0x0000000000000000, Not Active, Not Active
2026/09/30 06:31:41.489, 180, 405, 13.84, 46, 0x0000000000000000, Not Active, Not Active
2026/09/30 06:31:41.589, 180, 405, 13.84, 46, 0x0000000000000000, Not Active, Not Active
2026/09/30 06:31:41.690, 180, 405, 13.96, 46, 0x0000000000000000, Not Active, Not Active
2026/09/30 06:31:41.790, 180, 405, 13.96, 46, 0x0000000000000000, Not Active, Not Active
2026/09/30 06:31:41.890, 180, 405, 13.96, 46, 0x0000000000000000, Not Active, Not Active
2026/09/30 06:31:41.990, 180, 405, 13.96, 46, 0x0000000000000000, Not Active, Not Active
2026/09/30 06:31:42.090, 180, 405, 13.96, 46, 0x0000000000000000, Not Active, Not Active
2026/09/30 06:31:42.190, 180, 405, 13.96, 46, 0x0000000000000000, Not Active, Not Active
2026/09/30 06:31:42.291, 180, 405, 13.96, 46, 0x0000000000000000, Not Active, Not Active
2026/09/30 06:31:42.391, 180, 405, 13.96, 46, 0x0000000000000000, Not Active, Not Active
2026/09/30 06:31:42.491, 180, 405, 13.96, 46, 0x0000000000000000, Not Active, Not Active
2026/09/30 06:31:42.591, 180, 405, 13.96, 46, 0x0000000000000000, Not Active, Not Active
2026/09/30 06:31:42.691, 180, 405, 13.81, 46, 0x0000000000000000, Not Active, Not Active
2026/09/30 06:31:42.791, 180, 405, 13.81, 46, 0x0000000000000000, Not Active, Not Active
2026/09/30 06:31:42.891, 180, 405, 13.81, 46, 0x0000000000000000, Not Active, Not Active
2026/09/30 06:31:42.992, 180, 405, 13.81, 46, 0x0000000000000000, Not Active, Not Active
2026/09/30 06:31:43.092, 180, 405, 13.81, 46, 0x0000000000000000, Not Active, Not Active
2026/09/30 06:31:43.192, 180, 405, 13.81, 46, 0x0000000000000000, Not Active, Not Active
2026/09/30 06:31:43.292, 180, 405, 13.81, 46, 0x0000000000000000, Not Active, Not Active
2026/09/30 06:31:43.392, 180, 405, 13.81, 46, 0x0000000000000000, Not Active, Not Active
2026/09/30 06:31:43.492, 180, 405, 13.81, 46, 0x0000000000000000, Not Active, Not Active
2026/09/30 06:31:43.592, 180, 405, 13.81, 46, 0x0000000000000000, Not Active, Not Active
2026/09/30 06:31:43.693, 180, 405, 13.69, 46, 0x0000000000000000, Not Active, Not Active
2026/09/30 06:31:43.793, 180, 405, 13.69, 46, 0x0000000000000000, Not Active, Not Active
2026/09/30 06:31:43.893, 180, 405, 13.69, 46, 0x0000000000000000, Not Active, Not Active
2026/09/30 06:31:43.993, 180, 405, 13.69, 46, 0x0000000000000000, Not Active, Not Active
2026/09/30 06:31:44.093, 180, 405, 13.69, 46, 0x0000000000000000, Not Active, Not Active
2026/09/30 06:31:44.193, 180, 405, 13.69, 46, 0x0000000000000000, Not Active, Not Active
2026/09/30 06:31:44.294, 180, 405, 13.69, 46, 0x0000000000000000, Not Active, Not Active
2026/09/30 06:31:44.394, 180, 405, 13.69, 46, 0x0000000000000000, Not Active, Not Active
2026/09/30 06:31:44.494, 180, 405, 13.69, 46, 0x0000000000000000, Not Active, Not Active
2026/09/30 06:31:44.594, 180, 405, 13.69, 46, 0x0000000000000000, Not Active, Not Active
2026/09/30 06:31:44.694, 180, 405, 13.56, 46, 0x0000000000000000, Not Active, Not Active
2026/09/30 06:31:44.794, 180, 405, 13.56, 46, 0x0000000000000000, Not Active, Not Active
2026/09/30 06:31:44.894, 180, 405, 13.56, 46, 0x0000000000000000, Not Active, Not Active
2026/09/30 06:31:44.995, 180, 405, 13.56, 46, 0x0000000000000000, Not Active, Not Active
2026/09/30 06:31:45.095, 180, 405, 13.56, 46, 0x0000000000000000, Not Active, Not Active
2026/09/30 06:31:45.195, 180, 405, 13.56, 46, 0x0000000000000000, Not Active, Not Active
2026/09/30 06:31:45.295, 180, 405, 13.56, 46, 0x0000000000000000, Not Active, Not Active
2026/09/30 06:31:45.395, 180, 405, 13.56, 46, 0x0000000000000000, Not Active, Not Active
2026/09/30 06:31:45.495, 180, 405, 13.56, 46, 0x0000000000000000, Not Active, Not Active
2026/09/30 06:31:45.596, 180, 405, 13.56, 46, 0x0000000000000000, Not Active, Not Active
2026/09/30 06:31:45.696, 180, 405, 13.66, 46, 0x0000000000000000, Not Active, Not Active
2026/09/30 06:31:45.796, 180, 405, 13.66, 46, 0x0000000000000000, Not Active, Not Active
2026/09/30 06:31:45.896, 180, 405, 13.66, 46, 0x0000000000000000, Not Active, Not Active
2026/09/30 06:31:45.996, 180, 405, 13.66, 46, 0x0000000000000000, Not Active, Not Active
2026/09/30 06:31:46.096, 180, 405, 13.66, 46, 0x0000000000000000, Not Active, Not Active
2026/09/30 06:31:46.196, 180, 405, 13.66, 46, 0x0000000000000000, Not Active, Not Active
2026/09/30 06:31:46.297, 180, 405, 13.66, 46, 0x0000000000000000, Not Active, Not Active
2026/09/30 06:31:46.397, 180, 405, 13.66, 46, 0x0000000000000000, Not Active, Not Active
2026/09/30 06:31:46.497, 180, 405, 13.66, 46, 0x0000000000000000, Not Active, Not Active
2026/09/30 06:31:46.597, 180, 405, 13.66, 46, 0x0000000000000000, Not Active, Not Active
2026/09/30 06:31:46.697, 180, 405, 13.71, 46, 0x0000000000000000, Not Active, Not Active
2026/09/30 06:31:46.797, 180, 405, 13.71, 46, 0x0000000000000000, Not Active, Not Active
2026/09/30 06:31:46.897, 180, 405, 13.71, 46, 0x0000000000000000, Not Active, Not Active
2026/09/30 06:31:46.998, 180, 405, 13.71, 46, 0x0000000000000000, Not Active, Not Active
2026/09/30 06:31:47.098, 180, 405, 13.71, 46, 0x0000000000000000, Not Active, Not Active
2026/09/30 06:31:47.198, 180, 405, 13.71, 46, 0x0000000000000000, Not Active, Not Active
2026/09/30 06:31:47.298, 180, 405, 13.71, 46, 0x0000000000000000, Not Active, Not Active
2026/09/30 06:31:47.398, 180, 405, 13.71, 46, 0x0000000000000000, Not Active, Not Active
2026/09/30 06:31:47.498, 180, 405, 13.71, 46, 0x0000000000000000, Not Active, Not Active
2026/09/30 06:31:47.598, 180, 405, 13.71, 46, 0x0000000000000000, Not Active, Not Active
2026/09/30 06:31:47.699, 180, 405, 13.78, 46, 0x0000000000000000, Not Active, Not Active
2026/09/30 06:31:47.799, 180, 405, 13.78, 46, 0x0000000000000000, Not Active, Not Active
2026/09/30 06:31:47.899, 180, 405, 13.78, 46, 0x0000000000000000, Not Active, Not Active
2026/09/30 06:31:47.999, 180, 405, 13.78, 46, 0x0000000000000000, Not Active, Not Active
2026/09/30 06:31:48.099, 180, 405, 13.78, 46, 0x0000000000000000, Not Active, Not Active
2026/09/30 06:31:48.199, 180, 405, 13.78, 46, 0x0000000000000000, Not Active, Not Active
2026/09/30 06:31:48.299, 180, 405, 13.78, 46, 0x0000000000000000, Not Active, Not Active
2026/09/30 06:31:48.400, 180, 405, 13.78, 46, 0x0000000000000000, Not Active, Not Active
2026/09/30 06:31:48.500, 180, 405, 13.78, 46, 0x0000000000000000, Not Active, Not Active
2026/09/30 06:31:48.600, 180, 405, 13.78, 46, 0x0000000000000000, Not Active, Not Active
2026/09/30 06:31:48.700, 180, 405, 13.76, 46, 0x0000000000000000, Not Active, Not Active
2026/09/30 06:31:48.800, 180, 405, 13.76, 46, 0x0000000000000000, Not Active, Not Active
2026/09/30 06:31:48.900, 180, 405, 13.76, 46, 0x0000000000000000, Not Active, Not Active
2026/09/30 06:31:49.000, 180, 405, 13.76, 46, 0x0000000000000000, Not Active, Not Active
2026/09/30 06:31:49.100, 180, 405, 13.76, 46, 0x0000000000000000, Not Active, Not Active
2026/09/30 06:31:49.200, 180, 405, 13.76, 46, 0x0000000000000000, Not Active, Not Active
2026/09/30 06:31:49.300, 180, 405, 13.76, 46, 0x0000000000000000, Not Active, Not Active
2026/09/30 06:31:49.401, 180, 405, 13.76, 46, 0x0000000000000000, Not Active, Not Active
2026/09/30 06:31:49.501, 180, 405, 13.76, 46, 0x0000000000000000, Not Active, Not Active
2026/09/30 06:31:49.601, 180, 405, 13.76, 46, 0x0000000000000000, Not Active, Not Active
2026/09/30 06:31:49.701, 180, 405, 15.24, 46, 0x0000000000000000, Not Active, Not Active
2026/09/30 06:31:49.801, 180, 405, 15.24, 46, 0x0000000000000000, Not Active, Not Active
2026/09/30 06:31:49.901, 180, 405, 15.24, 46, 0x0000000000000000, Not Active, Not Active
2026/09/30 06:31:50.001, 180, 405, 15.24, 46, 0x0000000000000000, Not Active, Not Active
2026/09/30 06:31:50.101, 180, 405, 15.24, 46, 0x0000000000000000, Not Active, Not Active
2026/09/30 06:31:50.202, 180, 405, 15.24, 46, 0x0000000000000000, Not Active, Not Active
2026/09/30 06:31:50.302, 180, 405, 15.24, 46, 0x0000000000000000, Not Active, Not Active
2026/09/30 06:31:50.402, 180, 405, 15.24, 46, 0x0000000000000000, Not Active, Not Active
2026/09/30 06:31:50.502, 180, 405, 15.24, 46, 0x0000000000000000, Not Active, Not Active
2026/09/30 06:31:50.602, 180, 405, 15.24, 46, 0x0000000000000000, Not Active, Not Active
2026/09/30 06:31:50.702, 180, 405, 14.44, 46, 0x0000000000000000, Not Active, Not Active
2026/09/30 06:31:50.802, 180, 405, 14.44, 46, 0x0000000000000000, Not Active, Not Active
2026/09/30 06:31:50.902, 180, 405, 14.44, 46, 0x0000000000000000, Not Active, Not Active
2026/09/30 06:31:51.002, 180, 405, 14.44, 46, 0x0000000000000000, Not Active, Not Active
2026/09/30 06:31:51.103, 180, 405, 14.44, 46, 0x0000000000000000, Not Active, Not Active
2026/09/30 06:31:51.203, 180, 405, 14.44, 46, 0x0000000000000000, Not Active, Not Active
2026/09/30 06:31:51.303, 180, 405, 14.44, 46, 0x0000000000000000, Not Active, Not Active
2026/09/30 06:31:51.403, 180, 405, 14.44, 46, 0x0000000000000000, Not Active, Not Active
2026/09/30 06:31:51.503, 180, 405, 14.44, 46, 0x0000000000000000, Not Active, Not Active
2026/09/30 06:31:51.603, 180, 405, 14.44, 46, 0x0000000000000000, Not Active, Not Active
2026/09/30 06:31:51.703, 180, 405, 16.71, 46, 0x0000000000000000, Not Active, Not Active
2026/09/30 06:31:51.803, 180, 405, 16.71, 46, 0x0000000000000000, Not Active, Not Active
2026/09/30 06:31:51.903, 180, 405, 16.71, 46, 0x0000000000000000, Not Active, Not Active
2026/09/30 06:31:52.003, 180, 405, 16.71, 46, 0x0000000000000000, Not Active, Not Active
2026/09/30 06:31:52.104, 180, 405, 16.71, 46, 0x0000000000000000, Not Active, Not Active
2026/09/30 06:31:52.204, 180, 405, 16.71, 46, 0x0000000000000000, Not Active, Not Active
2026/09/30 06:31:52.304, 180, 405, 16.71, 46, 0x0000000000000000, Not Active, Not Active
2026/09/30 06:31:52.404, 180, 405, 16.71, 46, 0x0000000000000000, Not Active, Not Active
2026/09/30 06:31:52.504, 180, 405, 16.71, 46, 0x0000000000000000, Not Active, Not Active
2026/09/30 06:31:52.604, 180, 405, 16.71, 46, 0x0000000000000000, Not Active, Not Active
2026/09/30 06:31:52.704, 180, 405, 15.00, 46, 0x0000000000000000, Not Active, Not Active
2026/09/30 06:31:52.804, 180, 405, 15.00, 46, 0x0000000000000000, Not Active, Not Active
2026/09/30 06:31:52.904, 180, 405, 15.00, 46, 0x0000000000000000, Not Active, Not Active
2026/09/30 06:31:53.005, 180, 405, 15.00, 46, 0x0000000000000000, Not Active, Not Active
2026/09/30 06:31:53.105, 180, 405, 15.00, 46, 0x0000000000000000, Not Active, Not Active
2026/09/30 06:31:53.205, 180, 405, 15.00, 46, 0x0000000000000000, Not Active, Not Active
2026/09/30 06:31:53.305, 180, 405, 15.00, 46, 0x0000000000000000, Not Active, Not Active
2026/09/30 06:31:53.405, 180, 405, 15.00, 46, 0x0000000000000000, Not Active, Not Active
2026/09/30 06:31:53.505, 180, 405, 15.00, 46, 0x0000000000000000, Not Active, Not Active
2026/09/30 06:31:53.605, 180, 405, 15.00, 46, 0x0000000000000000, Not Active, Not Active
2026/09/30 06:31:53.705, 180, 405, 14.23, 46, 0x0000000000000000, Not Active, Not Active
2026/09/30 06:31:53.805, 180, 405, 14.23, 46, 0x0000000000000000, Not Active, Not Active
2026/09/30 06:31:53.906, 180, 405, 14.23, 46, 0x0000000000000000, Not Active, Not Active
2026/09/30 06:31:54.006, 180, 405, 14.23, 46, 0x0000000000000000, Not Active, Not Active
2026/09/30 06:31:54.106, 180, 405, 14.23, 46, 0x0000000000000000, Not Active, Not Active
2026/09/30 06:31:54.206, 180, 405, 14.23, 46, 0x0000000000000000, Not Active, Not Active
2026/09/30 06:31:54.306, 180, 405, 14.23, 46, 0x0000000000000000, Not Active, Not Active
2026/09/30 06:31:54.406, 180, 405, 14.23, 46, 0x0000000000000000, Not Active, Not Active
2026/09/30 06:31:54.506, 180, 405, 14.23, 46, 0x0000000000000000, Not Active, Not Active
2026/09/30 06:31:54.606, 180, 405, 14.23, 46, 0x0000000000000000, Not Active, Not Active
2026/09/30 06:31:54.706, 180, 405, 13.47, 46, 0x0000000000000000, Not Active, Not Active
2026/09/30 06:31:54.806, 180, 405, 13.47, 46, 0x0000000000000000, Not Active, Not Active
2026/09/30 06:31:54.907, 180, 405, 13.47, 46, 0x0000000000000000, Not Active, Not Active
2026/09/30 06:31:55.007, 180, 405, 13.47, 46, 0x0000000000000000, Not Active, Not Active
2026/09/30 06:31:55.107, 180, 405, 13.47, 46, 0x0000000000000000, Not Active, Not Active
2026/09/30 06:31:55.207, 180, 405, 13.47, 46, 0x0000000000000000, Not Active, Not Active
2026/09/30 06:31:55.307, 180, 405, 13.47, 46, 0x0000000000000000, Not Active, Not Active
2026/09/30 06:31:55.407, 180, 405, 13.47, 46, 0x0000000000000000, Not Active, Not Active
2026/09/30 06:31:55.507, 180, 405, 13.47, 46, 0x0000000000000000, Not Active, Not Active
2026/09/30 06:31:55.607, 180, 405, 13.47, 46, 0x0000000000000000, Not Active, Not Active
2026/09/30 06:31:55.707, 180, 405, 13.45, 46, 0x0000000000000000, Not Active, Not Active
2026/09/30 06:31:55.807, 180, 405, 13.45, 46, 0x0000000000000000, Not Active, Not Active
2026/09/30 06:31:55.908, 180, 405, 13.45, 46, 0x0000000000000000, Not Active, Not Active
2026/09/30 06:31:56.008, 180, 405, 13.45, 46, 0x0000000000000000, Not Active, Not Active
2026/09/30 06:31:56.108, 180, 405, 13.45, 46, 0x0000000000000000, Not Active, Not Active
2026/09/30 06:31:56.208, 180, 405, 13.45, 46, 0x0000000000000000, Not Active, Not Active
2026/09/30 06:31:56.308, 180, 405, 13.45, 46, 0x0000000000000000, Not Active, Not Active
2026/09/30 06:31:56.408, 180, 405, 13.45, 46, 0x0000000000000000, Not Active, Not Active
2026/09/30 06:31:56.509, 180, 405, 13.45, 46, 0x0000000000000000, Not Active, Not Active
2026/09/30 06:31:56.609, 180, 405, 13.45, 46, 0x0000000000000000, Not Active, Not Active
2026/09/30 06:31:56.709, 180, 405, 14.84, 46, 0x0000000000000000, Not Active, Not Active
2026/09/30 06:31:56.809, 180, 405, 14.84, 46, 0x0000000000000000, Not Active, Not Active
2026/09/30 06:31:56.909, 180, 405, 14.84, 46, 0x0000000000000000, Not Active, Not Active
2026/09/30 06:31:57.009, 180, 405, 14.84, 46, 0x0000000000000000, Not Active, Not Active
2026/09/30 06:31:57.109, 180, 405, 14.84, 46, 0x0000000000000000, Not Active, Not Active
2026/09/30 06:31:57.209, 180, 405, 14.84, 46, 0x0000000000000000, Not Active, Not Active
2026/09/30 06:31:57.310, 180, 405, 14.84, 46, 0x0000000000000000, Not Active, Not Active
2026/09/30 06:31:57.410, 180, 405, 14.84, 46, 0x0000000000000000, Not Active, Not Active
2026/09/30 06:31:57.510, 180, 405, 14.84, 46, 0x0000000000000000, Not Active, Not Active
2026/09/30 06:31:57.610, 180, 405, 14.84, 46, 0x0000000000000000, Not Active, Not Active
2026/09/30 06:31:57.710, 180, 405, 14.08, 46, 0x0000000000000000, Not Active, Not Active
2026/09/30 06:31:57.810, 180, 405, 14.08, 46, 0x0000000000000000, Not Active, Not Active
2026/09/30 06:31:57.911, 180, 405, 14.08, 46, 0x0000000000000000, Not Active, Not Active
2026/09/30 06:31:58.011, 180, 405, 14.08, 46, 0x0000000000000000, Not Active, Not Active
2026/09/30 06:31:58.111, 180, 405, 14.08, 46, 0x0000000000000000, Not Active, Not Active
2026/09/30 06:31:58.211, 180, 405, 14.08, 46, 0x0000000000000000, Not Active, Not Active
2026/09/30 06:31:58.311, 180, 405, 14.08, 46, 0x0000000000000000, Not Active, Not Active
2026/09/30 06:31:58.411, 180, 405, 14.08, 46, 0x0000000000000000, Not Active, Not Active
2026/09/30 06:31:58.511, 180, 405, 14.08, 46, 0x0000000000000000, Not Active, Not Active
2026/09/30 06:31:58.612, 180, 405, 14.08, 46, 0x0000000000000000, Not Active, Not Active
2026/09/30 06:31:58.712, 180, 405, 13.40, 46, 0x0000000000000000, Not Active, Not Active
2026/09/30 06:31:58.812, 180, 405, 13.40, 46, 0x0000000000000000, Not Active, Not Active
2026/09/30 06:31:58.912, 180, 405, 13.40, 46, 0x0000000000000000, Not Active, Not Active
2026/09/30 06:31:59.012, 180, 405, 13.40, 46, 0x0000000000000000, Not Active, Not Active
2026/09/30 06:31:59.112, 180, 405, 13.40, 46, 0x0000000000000000, Not Active, Not Active
2026/09/30 06:31:59.213, 180, 405, 13.40, 46, 0x0000000000000000, Not Active, Not Active
2026/09/30 06:31:59.313, 180, 405, 13.40, 46, 0x0000000000000000, Not Active, Not Active
2026/09/30 06:31:59.413, 180, 405, 13.40, 46, 0x0000000000000000, Not Active, Not Active
2026/09/30 06:31:59.513, 180, 405, 13.40, 46, 0x0000000000000000, Not Active, Not Active
2026/09/30 06:31:59.613, 180, 405, 13.40, 46, 0x0000000000000000, Not Active, Not Active
2026/09/30 06:31:59.713, 180, 405, 13.31, 45, 0x0000000000000000, Not Active, Not Active
2026/09/30 06:31:59.813, 180, 405, 13.31, 45, 0x0000000000000000, Not Active, Not Active
2026/09/30 06:31:59.914, 180, 405, 13.31, 45, 0x0000000000000000, Not Active, Not Active
2026/09/30 06:32:00.014, 180, 405, 13.31, 45, 0x0000000000000000, Not Active, Not Active
2026/09/30 06:32:00.114, 180, 405, 13.31, 45, 0x0000000000000000, Not Active, Not Active
2026/09/30 06:32:00.214, 180, 405, 13.31, 45, 0x0000000000000000, Not Active, Not Active
2026/09/30 06:32:00.314, 180, 405, 13.31, 45, 0x0000000000000000, Not Active, Not Active
2026/09/30 06:32:00.414, 180, 405, 13.31, 45, 0x0000000000000000, Not Active, Not Active
2026/09/30 06:32:00.515, 180, 405, 13.31, 45, 0x0000000000000000, Not Active, Not Active
2026/09/30 06:32:00.615, 180, 405, 13.31, 45, 0x0000000000000000, Not Active, Not Active
2026/09/30 06:32:00.715, 180, 405, 13.25, 45, 0x0000000000000000, Not Active, Not Active
2026/09/30 06:32:00.815, 180, 405, 13.25, 45, 0x0000000000000000, Not Active, Not Active
2026/09/30 06:32:00.915, 180, 405, 13.25, 45, 0x0000000000000000, Not Active, Not Active
2026/09/30 06:32:01.015, 180, 405, 13.25, 45, 0x0000000000000000, Not Active, Not Active
2026/09/30 06:32:01.116, 180, 405, 13.25, 45, 0x0000000000000000, Not Active, Not Active
2026/09/30 06:32:01.216, 180, 405, 13.25, 45, 0x0000000000000000, Not Active, Not Active
2026/09/30 06:32:01.316, 180, 405, 13.25, 45, 0x0000000000000000, Not Active, Not Active
2026/09/30 06:32:01.416, 180, 405, 13.25, 45, 0x0000000000000000, Not Active, Not Active
2026/09/30 06:32:01.516, 180, 405, 13.25, 45, 0x0000000000000000, Not Active, Not Active
2026/09/30 06:32:01.616, 180, 405, 13.25, 45, 0x0000000000000000, Not Active, Not Active
2026/09/30 06:32:01.716, 180, 405, 13.26, 45, 0x0000000000000000, Not Active, Not Active
2026/09/30 06:32:01.817, 180, 405, 13.26, 45, 0x0000000000000000, Not Active, Not Active
2026/09/30 06:32:01.917, 180, 405, 13.26, 45, 0x0000000000000000, Not Active, Not Active
2026/09/30 06:32:02.017, 180, 405, 13.26, 45, 0x0000000000000000, Not Active, Not Active
2026/09/30 06:32:02.117, 180, 405, 13.26, 45, 0x0000000000000000, Not Active, Not Active
2026/09/30 06:32:02.217, 180, 405, 13.26, 45, 0x0000000000000000, Not Active, Not Active
2026/09/30 06:32:02.317, 180, 405, 13.26, 45, 0x0000000000000000, Not Active, Not Active
2026/09/30 06:32:02.418, 180, 405, 13.26, 45, 0x0000000000000000, Not Active, Not Active
2026/09/30 06:32:02.518, 180, 405, 13.26, 45, 0x0000000000000000, Not Active, Not Active
2026/09/30 06:32:02.618, 180, 405, 13.26, 45, 0x0000000000000000, Not Active, Not Active
2026/09/30 06:32:02.718, 180, 405, 13.23, 45, 0x0000000000000000, Not Active, Not Active
2026/09/30 06:32:02.818, 180, 405, 13.23, 45, 0x0000000000000000, Not Active, Not Active
2026/09/30 06:32:02.918, 180, 405, 13.23, 45, 0x0000000000000000, Not Active, Not Active
2026/09/30 06:32:03.018, 180, 405, 13.23, 45, 0x0000000000000000, Not Active, Not Active
2026/09/30 06:32:03.119, 180, 405, 13.23, 45, 0x0000000000000000, Not Active, Not Active
2026/09/30 06:32:03.219, 180, 405, 13.23, 45, 0x0000000000000000, Not Active, Not Active
2026/09/30 06:32:03.319, 180, 405, 13.23, 45, 0x0000000000000000, Not Active, Not Active
2026/09/30 06:32:03.419, 180, 405, 13.23, 45, 0x0000000000000000, Not Active, Not Active
2026/09/30 06:32:03.519, 180, 405, 13.23, 45, 0x0000000000000000, Not Active, Not Active
2026/09/30 06:32:03.619, 180, 405, 13.23, 45, 0x0000000000000000, Not Active, Not Active
2026/09/30 06:32:03.719, 180, 405, 13.29, 45, 0x0000000000000000, Not Active, Not Active
2026/09/30 06:32:03.819, 180, 405, 13.29, 45, 0x0000000000000000, Not Active, Not Active
2026/09/30 06:32:03.920, 180, 405, 13.29, 45, 0x0000000000000000, Not Active, Not Active
2026/09/30 06:32:04.020, 180, 405, 13.29, 45, 0x0000000000000000, Not Active, Not Active
2026/09/30 06:32:04.120, 180, 405, 13.29, 45, 0x0000000000000000, Not Active, Not Active
2026/09/30 06:32:04.220, 180, 405, 13.29, 45, 0x0000000000000000, Not Active, Not Active
2026/09/30 06:32:04.320, 180, 405, 13.29, 45, 0x0000000000000000, Not Active, Not Active
2026/09/30 06:32:04.420, 180, 405, 13.29, 45, 0x0000000000000000, Not Active, Not Active
2026/09/30 06:32:04.520, 180, 405, 13.29, 45, 0x0000000000000000, Not Active, Not Active
2026/09/30 06:32:04.621, 180, 405, 13.29, 45, 0x0000000000000000, Not Active, Not Active
2026/09/30 06:32:04.721, 180, 405, 13.48, 45, 0x0000000000000000, Not Active, Not Active
2026/09/30 06:32:04.821, 180, 405, 13.48, 45, 0x0000000000000000, Not Active, Not Active
2026/09/30 06:32:04.921, 180, 405, 13.48, 45, 0x0000000000000000, Not Active, Not Active
2026/09/30 06:32:05.021, 180, 405, 13.48, 45, 0x0000000000000000, Not Active, Not Active
2026/09/30 06:32:05.121, 180, 405, 13.48, 45, 0x0000000000000000, Not Active, Not Active
2026/09/30 06:32:05.222, 180, 405, 13.48, 45, 0x0000000000000000, Not Active, Not Active
2026/09/30 06:32:05.322, 180, 405, 13.48, 45, 0x0000000000000000, Not Active, Not Active
2026/09/30 06:32:05.422, 180, 405, 13.48, 45, 0x0000000000000000, Not Active, Not Active
2026/09/30 06:32:05.522, 180, 405, 13.48, 45, 0x0000000000000000, Not Active, Not Active
2026/09/30 06:32:05.622, 180, 405, 13.48, 45, 0x0000000000000000, Not Active, Not Active
2026/09/30 06:32:05.722, 180, 405, 13.45, 45, 0x0000000000000000, Not Active, Not Active
2026/09/30 06:32:05.822, 180, 405, 13.45, 45, 0x0000000000000000, Not Active, Not Active
2026/09/30 06:32:05.923, 180, 405, 13.45, 45, 0x0000000000000000, Not Active, Not Active
2026/09/30 06:32:06.023, 180, 405, 13.45, 45, 0x0000000000000000, Not Active, Not Active
2026/09/30 06:32:06.123, 180, 405, 13.45, 45, 0x0000000000000000, Not Active, Not Active
2026/09/30 06:32:06.223, 180, 405, 13.45, 45, 0x0000000000000000, Not Active, Not Active
2026/09/30 06:32:06.323, 180, 405, 13.45, 45, 0x0000000000000000, Not Active, Not Active
2026/09/30 06:32:06.423, 180, 405, 13.45, 45, 0x0000000000000000, Not Active, Not Active
2026/09/30 06:32:06.523, 180, 405, 13.45, 45, 0x0000000000000000, Not Active, Not Active
2026/09/30 06:32:06.624, 180, 405, 13.45, 45, 0x0000000000000000, Not Active, Not Active
2026/09/30 06:32:06.724, 180, 405, 13.38, 45, 0x0000000000000000, Not Active, Not Active
2026/09/30 06:32:06.824, 180, 405, 13.38, 45, 0x0000000000000000, Not Active, Not Active
2026/09/30 06:32:06.924, 180, 405, 13.38, 45, 0x0000000000000000, Not Active, Not Active
2026/09/30 06:32:07.024, 180, 405, 13.38, 45, 0x0000000000000000, Not Active, Not Active
2026/09/30 06:32:07.124, 180, 405, 13.38, 45, 0x0000000000000000, Not Active, Not Active
2026/09/30 06:32:07.225, 180, 405, 13.38, 45, 0x0000000000000000, Not Active, Not Active
2026/09/30 06:32:07.325, 180, 405, 13.38, 45, 0x0000000000000000, Not Active, Not Active
2026/09/30 06:32:07.425, 180, 405, 13.38, 45, 0x0000000000000000, Not Active, Not Active
2026/09/30 06:32:07.525, 180, 405, 13.38, 45, 0x0000000000000000, Not Active, Not Active
2026/09/30 06:32:07.625, 180, 405, 13.38, 45, 0x0000000000000000, Not Active, Not Active
2026/09/30 06:32:07.725, 180, 405, 13.45, 45, 0x0000000000000000, Not Active, Not Active
2026/09/30 06:32:07.825, 180, 405, 13.45, 45, 0x0000000000000000, Not Active, Not Active
2026/09/30 06:32:07.925, 180, 405, 13.45, 45, 0x0000000000000000, Not Active, Not Active
2026/09/30 06:32:08.026, 180, 405, 13.45, 45, 0x0000000000000000, Not Active, Not Active
2026/09/30 06:32:08.126, 180, 405, 13.45, 45, 0x0000000000000000, Not Active, Not Active
2026/09/30 06:32:08.226, 180, 405, 13.45, 45, 0x0000000000000000, Not Active, Not Active
2026/09/30 06:32:08.326, 180, 405, 13.45, 45, 0x0000000000000000, Not Active, Not Active
2026/09/30 06:32:08.426, 180, 405, 13.45, 45, 0x0000000000000000, Not Active, Not Active
2026/09/30 06:32:08.526, 180, 405, 13.45, 45, 0x0000000000000000, Not Active, Not Active
2026/09/30 06:32:08.626, 180, 405, 13.45, 45, 0x0000000000000000, Not Active, Not Active
2026/09/30 06:32:08.727, 180, 405, 13.40, 45, 0x0000000000000000, Not Active, Not Active
2026/09/30 06:32:08.827, 180, 405, 13.40, 45, 0x0000000000000000, Not Active, Not Active
2026/09/30 06:32:08.927, 180, 405, 13.40, 45, 0x0000000000000000, Not Active, Not Active
2026/09/30 06:32:09.027, 180, 405, 13.40, 45, 0x0000000000000000, Not Active, Not Active
2026/09/30 06:32:09.127, 180, 405, 13.40, 45, 0x0000000000000000, Not Active, Not Active
2026/09/30 06:32:09.227, 180, 405, 13.40, 45, 0x0000000000000000, Not Active, Not Active
2026/09/30 06:32:09.327, 180, 405, 13.40, 45, 0x0000000000000000, Not Active, Not Active
2026/09/30 06:32:09.428, 180, 405, 13.40, 45, 0x0000000000000000, Not Active, Not Active
2026/09/30 06:32:09.528, 180, 405, 13.40, 45, 0x0000000000000000, Not Active, Not Active
2026/09/30 06:32:09.628, 180, 405, 13.40, 45, 0x0000000000000000, Not Active, Not Active
2026/09/30 06:32:09.728, 180, 405, 14.79, 45, 0x0000000000000000, Not Active, Not Active
2026/09/30 06:32:09.828, 180, 405, 14.79, 45, 0x0000000000000000, Not Active, Not Active
2026/09/30 06:32:09.928, 180, 405, 14.79, 45, 0x0000000000000000, Not Active, Not Active
2026/09/30 06:32:10.028, 180, 405, 14.79, 45, 0x0000000000000000, Not Active, Not Active
2026/09/30 06:32:10.129, 180, 405, 14.79, 45, 0x0000000000000000, Not Active, Not Active
2026/09/30 06:32:10.229, 180, 405, 14.79, 45, 0x0000000000000000, Not Active, Not Active
2026/09/30 06:32:10.329, 180, 405, 14.79, 45, 0x0000000000000000, Not Active, Not Active
2026/09/30 06:32:10.429, 180, 405, 14.79, 45, 0x0000000000000000, Not Active, Not Active
2026/09/30 06:32:10.529, 180, 405, 14.79, 45, 0x0000000000000000, Not Active, Not Active
2026/09/30 06:32:10.629, 180, 405, 14.79, 45, 0x0000000000000000, Not Active, Not Active
2026/09/30 06:32:10.729, 180, 405, 13.28, 45, 0x0000000000000000, Not Active, Not Active
2026/09/30 06:32:10.829, 180, 405, 13.28, 45, 0x0000000000000000, Not Active, Not Active
2026/09/30 06:32:10.929, 180, 405, 13.28, 45, 0x0000000000000000, Not Active, Not Active
2026/09/30 06:32:11.029, 180, 405, 13.28, 45, 0x0000000000000000, Not Active, Not Active
2026/09/30 06:32:11.129, 180, 405, 13.28, 45, 0x0000000000000000, Not Active, Not Active
2026/09/30 06:32:11.230, 180, 405, 13.28, 45, 0x0000000000000000, Not Active, Not Active
2026/09/30 06:32:11.330, 180, 405, 13.28, 45, 0x0000000000000000, Not Active, Not Active
2026/09/30 06:32:11.430, 180, 405, 13.28, 45, 0x0000000000000000, Not Active, Not Active
2026/09/30 06:32:11.530, 180, 405, 13.28, 45, 0x0000000000000000, Not Active, Not Active
2026/09/30 06:32:11.630, 180, 405, 13.28, 45, 0x0000000000000000, Not Active, Not Active
2026/09/30 06:32:11.730, 180, 405, 14.11, 45, 0x0000000000000000, Not Active, Not Active
2026/09/30 06:32:11.830, 180, 405, 14.11, 45, 0x0000000000000000, Not Active, Not Active
2026/09/30 06:32:11.930, 180, 405, 14.11, 45, 0x0000000000000000, Not Active, Not Active
2026/09/30 06:32:12.030, 180, 405, 14.11, 45, 0x0000000000000000, Not Active, Not Active
2026/09/30 06:32:12.131, 180, 405, 14.11, 45, 0x0000000000000000, Not Active, Not Active
2026/09/30 06:32:12.231, 180, 405, 14.11, 45, 0x0000000000000000, Not Active, Not Active
2026/09/30 06:32:12.331, 180, 405, 14.11, 45, 0x0000000000000000, Not Active, Not Active
2026/09/30 06:32:12.431, 180, 405, 14.11, 45, 0x0000000000000000, Not Active, Not Active
2026/09/30 06:32:12.531, 180, 405, 14.11, 45, 0x0000000000000000, Not Active, Not Active
2026/09/30 06:32:12.631, 180, 405, 14.11, 45, 0x0000000000000000, Not Active, Not Active
2026/09/30 06:32:12.732, 180, 405, 14.84, 45, 0x0000000000000000, Not Active, Not Active
2026/09/30 06:32:12.832, 180, 405, 14.84, 45, 0x0000000000000000, Not Active, Not Active
2026/09/30 06:32:12.932, 180, 405, 14.84, 45, 0x0000000000000000, Not Active, Not Active
2026/09/30 06:32:13.032, 180, 405, 14.84, 45, 0x0000000000000000, Not Active, Not Active
2026/09/30 06:32:13.132, 180, 405, 14.84, 45, 0x0000000000000000, Not Active, Not Active
2026/09/30 06:32:13.232, 180, 405, 14.84, 45, 0x0000000000000000, Not Active, Not Active
2026/09/30 06:32:13.332, 180, 405, 14.84, 45, 0x0000000000000000, Not Active, Not Active
2026/09/30 06:32:13.433, 180, 405, 14.84, 45, 0x0000000000000000, Not Active, Not Active
2026/09/30 06:32:13.533, 180, 405, 14.84, 45, 0x0000000000000000, Not Active, Not Active
2026/09/30 06:32:13.633, 180, 405, 14.84, 45, 0x0000000000000000, Not Active, Not Active
2026/09/30 06:32:13.733, 180, 405, 13.97, 45, 0x0000000000000000, Not Active, Not Active
2026/09/30 06:32:13.833, 180, 405, 13.97, 45, 0x0000000000000000, Not Active, Not Active
2026/09/30 06:32:13.933, 180, 405, 13.97, 45, 0x0000000000000000, Not Active, Not Active
2026/09/30 06:32:14.033, 180, 405, 13.97, 45, 0x0000000000000000, Not Active, Not Active
2026/09/30 06:32:14.133, 180, 405, 13.97, 45, 0x0000000000000000, Not Active, Not Active
2026/09/30 06:32:14.234, 180, 405, 13.97, 45, 0x0000000000000000, Not Active, Not Active
2026/09/30 06:32:14.334, 180, 405, 13.97, 45, 0x0000000000000000, Not Active, Not Active
2026/09/30 06:32:14.434, 180, 405, 13.97, 45, 0x0000000000000000, Not Active, Not Active
2026/09/30 06:32:14.534, 180, 405, 13.97, 45, 0x0000000000000000, Not Active, Not Active
2026/09/30 06:32:14.634, 180, 405, 13.97, 45, 0x0000000000000000, Not Active, Not Active
2026/09/30 06:32:14.734, 180, 405, 14.69, 45, 0x0000000000000000, Not Active, Not Active
2026/09/30 06:32:14.834, 180, 405, 14.69, 45, 0x0000000000000000, Not Active, Not Active
2026/09/30 06:32:14.934, 180, 405, 14.69, 45, 0x0000000000000000, Not Active, Not Active
2026/09/30 06:32:15.034, 180, 405, 14.69, 45, 0x0000000000000000, Not Active, Not Active
2026/09/30 06:32:15.135, 180, 405, 14.69, 45, 0x0000000000000000, Not Active, Not Active
2026/09/30 06:32:15.235, 180, 405, 14.69, 45, 0x0000000000000000, Not Active, Not Active
2026/09/30 06:32:15.335, 180, 405, 14.69, 45, 0x0000000000000000, Not Active, Not Active
2026/09/30 06:32:15.435, 180, 405, 14.69, 45, 0x0000000000000000, Not Active, Not Active
2026/09/30 06:32:15.535, 180, 405, 14.69, 45, 0x0000000000000000, Not Active, Not Active
2026/09/30 06:32:15.635, 180, 405, 14.69, 45, 0x0000000000000000, Not Active, Not Active
2026/09/30 06:32:15.735, 180, 405, 13.14, 45, 0x0000000000000000, Not Active, Not Active
2026/09/30 06:32:15.835, 180, 405, 13.14, 45, 0x0000000000000000, Not Active, Not Active
2026/09/30 06:32:15.935, 180, 405, 13.14, 45, 0x0000000000000000, Not Active, Not Active
2026/09/30 06:32:16.036, 180, 405, 13.14, 45, 0x0000000000000000, Not Active, Not Active
2026/09/30 06:32:16.136, 180, 405, 13.14, 45, 0x0000000000000000, Not Active, Not Active
2026/09/30 06:32:16.236, 180, 405, 13.14, 45, 0x0000000000000000, Not Active, Not Active
2026/09/30 06:32:16.336, 180, 405, 13.14, 45, 0x0000000000000000, Not Active, Not Active
2026/09/30 06:32:16.436, 180, 405, 13.14, 45, 0x0000000000000000, Not Active, Not Active
2026/09/30 06:32:16.536, 180, 405, 13.14, 45, 0x0000000000000000, Not Active, Not Active
2026/09/30 06:32:16.636, 180, 405, 13.14, 45, 0x0000000000000000, Not Active, Not Active
2026/09/30 06:32:16.736, 180, 405, 13.06, 45, 0x0000000000000000, Not Active, Not Active
2026/09/30 06:32:16.836, 180, 405, 13.06, 45, 0x0000000000000000, Not Active, Not Active
2026/09/30 06:32:16.936, 180, 405, 13.06, 45, 0x0000000000000000, Not Active, Not Active
2026/09/30 06:32:17.037, 180, 405, 13.06, 45, 0x0000000000000000, Not Active, Not Active
2026/09/30 06:32:17.137, 180, 405, 13.06, 45, 0x0000000000000000, Not Active, Not Active
2026/09/30 06:32:17.237, 180, 405, 13.06, 45, 0x0000000000000000, Not Active, Not Active
2026/09/30 06:32:17.337, 180, 405, 13.06, 45, 0x0000000000000000, Not Active, Not Active
2026/09/30 06:32:17.437, 180, 405, 13.06, 45, 0x0000000000000000, Not Active, Not Active
2026/09/30 06:32:17.537, 180, 405, 13.06, 45, 0x0000000000000000, Not Active, Not Active
2026/09/30 06:32:17.637, 180, 405, 13.06, 45, 0x0000000000000000, Not Active, Not Active
2026/09/30 06:32:17.737, 180, 405, 13.06, 45, 0x0000000000000000, Not Active, Not Active
2026/09/30 06:32:17.837, 180, 405, 13.06, 45, 0x0000000000000000, Not Active, Not Active
2026/09/30 06:32:17.937, 180, 405, 13.06, 45, 0x0000000000000000, Not Active, Not Active
2026/09/30 06:32:18.038, 180, 405, 13.06, 45, 0x0000000000000000, Not Active, Not Active
2026/09/30 06:32:18.138, 180, 405, 13.06, 45, 0x0000000000000000, Not Active, Not Active
2026/09/30 06:32:18.238, 180, 405, 13.06, 45, 0x0000000000000000, Not Active, Not Active
2026/09/30 06:32:18.338, 180, 405, 13.06, 45, 0x0000000000000000, Not Active, Not Active
2026/09/30 06:32:18.438, 180, 405, 13.06, 45, 0x0000000000000000, Not Active, Not Active
2026/09/30 06:32:18.538, 180, 405, 13.06, 45, 0x0000000000000000, Not Active, Not Active
2026/09/30 06:32:18.638, 180, 405, 13.06, 45, 0x0000000000000000, Not Active, Not Active
2026/09/30 06:32:18.738, 180, 405, 13.09, 45, 0x0000000000000000, Not Active, Not Active
2026/09/30 06:32:18.838, 180, 405, 13.09, 45, 0x0000000000000000, Not Active, Not Active
2026/09/30 06:32:18.938, 180, 405, 13.09, 45, 0x0000000000000000, Not Active, Not Active
2026/09/30 06:32:19.039, 180, 405, 13.09, 45, 0x0000000000000000, Not Active, Not Active
2026/09/30 06:32:19.139, 180, 405, 13.09, 45, 0x0000000000000000, Not Active, Not Active
2026/09/30 06:32:19.239, 180, 405, 13.09, 45, 0x0000000000000000, Not Active, Not Active
2026/09/30 06:32:19.339, 180, 405, 13.09, 45, 0x0000000000000000, Not Active, Not Active
2026/09/30 06:32:19.439, 180, 405, 13.09, 45, 0x0000000000000000, Not Active, Not Active
2026/09/30 06:32:19.539, 180, 405, 13.09, 45, 0x0000000000000000, Not Active, Not Active
2026/09/30 06:32:19.639, 180, 405, 13.09, 45, 0x0000000000000000, Not Active, Not Active
2026/09/30 06:32:19.739, 180, 405, 13.14, 45, 0x0000000000000000, Not Active, Not Active
2026/09/30 06:32:19.839, 180, 405, 13.14, 45, 0x0000000000000000, Not Active, Not Active
2026/09/30 06:32:19.940, 180, 405, 13.14, 45, 0x0000000000000000, Not Active, Not Active
2026/09/30 06:32:20.040, 180, 405, 13.14, 45, 0x0000000000000000, Not Active, Not Active
2026/09/30 06:32:20.140, 180, 405, 13.14, 45, 0x0000000000000000, Not Active, Not Active
2026/09/30 06:32:20.240, 180, 405, 13.14, 45, 0x0000000000000000, Not Active, Not Active
2026/09/30 06:32:20.340, 180, 405, 13.14, 45, 0x0000000000000000, Not Active, Not Active
2026/09/30 06:32:20.440, 180, 405, 13.14, 45, 0x0000000000000000, Not Active, Not Active
2026/09/30 06:32:20.540, 180, 405, 13.14, 45, 0x0000000000000000, Not Active, Not Active
2026/09/30 06:32:20.640, 180, 405, 13.14, 45, 0x0000000000000000, Not Active, Not Active
2026/09/30 06:32:20.740, 180, 405, 14.80, 45, 0x0000000000000000, Not Active, Not Active
2026/09/30 06:32:20.841, 180, 405, 14.80, 45, 0x0000000000000000, Not Active, Not Active
2026/09/30 06:32:20.941, 180, 405, 14.80, 45, 0x0000000000000000, Not Active, Not Active
2026/09/30 06:32:21.041, 180, 405, 14.80, 45, 0x0000000000000000, Not Active, Not Active
2026/09/30 06:32:21.141, 180, 405, 14.80, 45, 0x0000000000000000, Not Active, Not Active
2026/09/30 06:32:21.241, 180, 405, 14.80, 45, 0x0000000000000000, Not Active, Not Active
2026/09/30 06:32:21.341, 180, 405, 14.80, 45, 0x0000000000000000, Not Active, Not Active
2026/09/30 06:32:21.441, 180, 405, 14.80, 45, 0x0000000000000000, Not Active, Not Active
2026/09/30 06:32:21.541, 180, 405, 14.80, 45, 0x0000000000000000, Not Active, Not Active
2026/09/30 06:32:21.641, 180, 405, 14.80, 45, 0x0000000000000000, Not Active, Not Active
2026/09/30 06:32:21.742, 180, 405, 14.03, 45, 0x0000000000000000, Not Active, Not Active
2026/09/30 06:32:21.842, 180, 405, 14.03, 45, 0x0000000000000000, Not Active, Not Active
2026/09/30 06:32:21.942, 180, 405, 14.03, 45, 0x0000000000000000, Not Active, Not Active
2026/09/30 06:32:22.042, 180, 405, 14.03, 45, 0x0000000000000000, Not Active, Not Active
2026/09/30 06:32:22.142, 180, 405, 14.03, 45, 0x0000000000000000, Not Active, Not Active
2026/09/30 06:32:22.242, 180, 405, 14.03, 45, 0x0000000000000000, Not Active, Not Active
2026/09/30 06:32:22.342, 180, 405, 14.03, 45, 0x0000000000000000, Not Active, Not Active
2026/09/30 06:32:22.442, 180, 405, 14.03, 45, 0x0000000000000000, Not Active, Not Active
2026/09/30 06:32:22.542, 180, 405, 14.03, 45, 0x0000000000000000, Not Active, Not Active
2026/09/30 06:32:22.642, 180, 405, 14.03, 45, 0x0000000000000000, Not Active, Not Active
2026/09/30 06:32:22.743, 180, 405, 13.24, 45, 0x0000000000000000, Not Active, Not Active
2026/09/30 06:32:22.843, 180, 405, 13.24, 45, 0x0000000000000000, Not Active, Not Active
2026/09/30 06:32:22.943, 180, 405, 13.24, 45, 0x0000000000000000, Not Active, Not Active
2026/09/30 06:32:23.043, 180, 405, 13.24, 45, 0x0000000000000000, Not Active, Not Active
2026/09/30 06:32:23.143, 180, 405, 13.24, 45, 0x0000000000000000, Not Active, Not Active
2026/09/30 06:32:23.243, 180, 405, 13.24, 45, 0x0000000000000000, Not Active, Not Active
2026/09/30 06:32:23.343, 180, 405, 13.24, 45, 0x0000000000000000, Not Active, Not Active
2026/09/30 06:32:23.443, 180, 405, 13.24, 45, 0x0000000000000000, Not Active, Not Active
2026/09/30 06:32:23.543, 180, 405, 13.24, 45, 0x0000000000000000, Not Active, Not Active
2026/09/30 06:32:23.644, 180, 405, 13.24, 45, 0x0000000000000000, Not Active, Not Active
2026/09/30 06:32:23.744, 180, 405, 13.16, 44, 0x0000000000000000, Not Active, Not Active
2026/09/30 06:32:23.844, 180, 405, 13.16, 44, 0x0000000000000000, Not Active, Not Active
2026/09/30 06:32:23.944, 180, 405, 13.16, 44, 0x0000000000000000, Not Active, Not Active
2026/09/30 06:32:24.044, 180, 405, 13.16, 44, 0x0000000000000000, Not Active, Not Active
2026/09/30 06:32:24.144, 180, 405, 13.16, 44, 0x0000000000000000, Not Active, Not Active
2026/09/30 06:32:24.244, 180, 405, 13.16, 44, 0x0000000000000000, Not Active, Not Active
2026/09/30 06:32:24.344, 180, 405, 13.16, 44, 0x0000000000000000, Not Active, Not Active
2026/09/30 06:32:24.444, 180, 405, 13.16, 44, 0x0000000000000000, Not Active, Not Active
2026/09/30 06:32:24.544, 180, 405, 13.16, 44, 0x0000000000000000, Not Active, Not Active
2026/09/30 06:32:24.644, 180, 405, 13.16, 44, 0x0000000000000000, Not Active, Not Active
2026/09/30 06:32:24.745, 180, 405, 13.37, 44, 0x0000000000000000, Not Active, Not Active
2026/09/30 06:32:24.845, 180, 405, 13.37, 44, 0x0000000000000000, Not Active, Not Active
2026/09/30 06:32:24.945, 180, 405, 13.37, 44, 0x0000000000000000, Not Active, Not Active
2026/09/30 06:32:25.045, 180, 405, 13.37, 44, 0x0000000000000000, Not Active, Not Active
2026/09/30 06:32:25.145, 180, 405, 13.37, 44, 0x0000000000000000, Not Active, Not Active
2026/09/30 06:32:25.245, 180, 405, 13.37, 44, 0x0000000000000000, Not Active, Not Active
2026/09/30 06:32:25.345, 180, 405, 13.37, 44, 0x0000000000000000, Not Active, Not Active
2026/09/30 06:32:25.446, 180, 405, 13.37, 44, 0x0000000000000000, Not Active, Not Active
2026/09/30 06:32:25.546, 180, 405, 13.37, 44, 0x0000000000000000, Not Active, Not Active
2026/09/30 06:32:25.646, 180, 405, 13.37, 44, 0x0000000000000000, Not Active, Not Active
2026/09/30 06:32:25.746, 180, 405, 13.41, 44, 0x0000000000000000, Not Active, Not Active
2026/09/30 06:32:25.846, 180, 405, 13.41, 44, 0x0000000000000000, Not Active, Not Active
2026/09/30 06:32:25.946, 180, 405, 13.41, 44, 0x0000000000000000, Not Active, Not Active
2026/09/30 06:32:26.046, 180, 405, 13.41, 44, 0x0000000000000000, Not Active, Not Active
2026/09/30 06:32:26.147, 180, 405, 13.41, 44, 0x0000000000000000, Not Active, Not Active
2026/09/30 06:32:26.247, 172, 405, 13.41, 44, 0x0000000000000000, Not Active, Not Active
2026/09/30 06:32:26.347, 172, 405, 13.41, 44, 0x0000000000000000, Not Active, Not Active
2026/09/30 06:32:26.447, 172, 405, 13.41, 44, 0x0000000000000000, Not Active, Not Active
2026/09/30 06:32:26.547, 172, 405, 13.41, 44, 0x0000000000000000, Not Active, Not Active
2026/09/30 06:32:26.647, 172, 405, 13.41, 44, 0x0000000000000000, Not Active, Not Active
2026/09/30 06:32:26.748, 172, 405, 13.45, 44, 0x0000000000000000, Not Active, Not Active
2026/09/30 06:32:26.848, 172, 405, 13.45, 44, 0x0000000000000000, Not Active, Not Active
2026/09/30 06:32:26.948, 172, 405, 13.45, 44, 0x0000000000000000, Not Active, Not Active
2026/09/30 06:32:27.048, 172, 405, 13.45, 44, 0x0000000000000000, Not Active, Not Active
2026/09/30 06:32:27.148, 172, 405, 13.45, 44, 0x0000000000000000, Not Active, Not Active
2026/09/30 06:32:27.248, 180, 405, 13.45, 44, 0x0000000000000000, Not Active, Not Active
2026/09/30 06:32:27.348, 180, 405, 13.45, 44, 0x0000000000000000, Not Active, Not Active
2026/09/30 06:32:27.449, 180, 405, 13.45, 44, 0x0000000000000000, Not Active, Not Active
2026/09/30 06:32:27.549, 180, 405, 13.45, 44, 0x0000000000000000, Not Active, Not Active
2026/09/30 06:32:27.649, 180, 405, 13.45, 44, 0x0000000000000000, Not Active, Not Active
2026/09/30 06:32:27.749, 180, 405, 13.46, 44, 0x0000000000000000, Not Active, Not Active
2026/09/30 06:32:27.849, 180, 405, 13.46, 44, 0x0000000000000000, Not Active, Not Active
2026/09/30 06:32:27.949, 180, 405, 13.46, 44, 0x0000000000000000, Not Active, Not Active
2026/09/30 06:32:28.050, 180, 405, 13.46, 44, 0x0000000000000000, Not Active, Not Active
2026/09/30 06:32:28.150, 180, 405, 13.46, 44, 0x0000000000000000, Not Active, Not Active
2026/09/30 06:32:28.250, 180, 405, 13.46, 44, 0x0000000000000000, Not Active, Not Active
2026/09/30 06:32:28.350, 180, 405, 13.46, 44, 0x0000000000000000, Not Active, Not Active
2026/09/30 06:32:28.450, 180, 405, 13.46, 44, 0x0000000000000000, Not Active, Not Active
2026/09/30 06:32:28.550, 180, 405, 13.46, 44, 0x0000000000000000, Not Active, Not Active
2026/09/30 06:32:28.650, 180, 405, 13.46, 44, 0x0000000000000000, Not Active, Not Active
2026/09/30 06:32:28.751, 180, 405, 13.37, 44, 0x0000000000000000, Not Active, Not Active
2026/09/30 06:32:28.851, 180, 405, 13.37, 44, 0x0000000000000000, Not Active, Not Active
2026/09/30 06:32:28.951, 180, 405, 13.37, 44, 0x0000000000000000, Not Active, Not Active
2026/09/30 06:32:29.051, 180, 405, 13.37, 44, 0x0000000000000000, Not Active, Not Active
2026/09/30 06:32:29.151, 180, 405, 13.37, 44, 0x0000000000000000, Not Active, Not Active
2026/09/30 06:32:29.251, 180, 405, 13.37, 44, 0x0000000000000000, Not Active, Not Active
2026/09/30 06:32:29.351, 180, 405, 13.37, 44, 0x0000000000000000, Not Active, Not Active
2026/09/30 06:32:29.452, 180, 405, 13.37, 44, 0x0000000000000000, Not Active, Not Active
2026/09/30 06:32:29.552, 180, 405, 13.37, 44, 0x0000000000000000, Not Active, Not Active
2026/09/30 06:32:29.652, 180, 405, 13.37, 44, 0x0000000000000000, Not Active, Not Active
2026/09/30 06:32:29.752, 180, 405, 13.27, 44, 0x0000000000000000, Not Active, Not Active
2026/09/30 06:32:29.852, 180, 405, 13.27, 44, 0x0000000000000000, Not Active, Not Active
2026/09/30 06:32:29.952, 180, 405, 13.27, 44, 0x0000000000000000, Not Active, Not Active
2026/09/30 06:32:30.052, 180, 405, 13.27, 44, 0x0000000000000000, Not Active, Not Active
2026/09/30 06:32:30.152, 180, 405, 13.27, 44, 0x0000000000000000, Not Active, Not Active
2026/09/30 06:32:30.252, 180, 405, 13.27, 44, 0x0000000000000000, Not Active, Not Active
2026/09/30 06:32:30.353, 180, 405, 13.27, 44, 0x0000000000000000, Not Active, Not Active
2026/09/30 06:32:30.453, 180, 405, 13.27, 44, 0x0000000000000000, Not Active, Not Active
2026/09/30 06:32:30.553, 180, 405, 13.27, 44, 0x0000000000000000, Not Active, Not Active
2026/09/30 06:32:30.653, 180, 405, 13.27, 44, 0x0000000000000000, Not Active, Not Active
2026/09/30 06:32:30.753, 180, 405, 13.27, 44, 0x0000000000000000, Not Active, Not Active
2026/09/30 06:32:30.853, 180, 405, 13.27, 44, 0x0000000000000000, Not Active, Not Active
2026/09/30 06:32:30.953, 180, 405, 13.27, 44, 0x0000000000000000, Not Active, Not Active
2026/09/30 06:32:31.053, 180, 405, 13.27, 44, 0x0000000000000000, Not Active, Not Active
2026/09/30 06:32:31.153, 180, 405, 13.27, 44, 0x0000000000000000, Not Active, Not Active
2026/09/30 06:32:31.254, 180, 405, 13.27, 44, 0x0000000000000000, Not Active, Not Active
2026/09/30 06:32:31.354, 180, 405, 13.27, 44, 0x0000000000000000, Not Active, Not Active
2026/09/30 06:32:31.454, 180, 405, 13.27, 44, 0x0000000000000000, Not Active, Not Active
2026/09/30 06:32:31.554, 180, 405, 13.27, 44, 0x0000000000000000, Not Active, Not Active
2026/09/30 06:32:31.654, 180, 405, 13.27, 44, 0x0000000000000000, Not Active, Not Active
2026/09/30 06:32:31.754, 180, 405, 13.16, 44, 0x0000000000000000, Not Active, Not Active
2026/09/30 06:32:31.854, 180, 405, 13.16, 44, 0x0000000000000000, Not Active, Not Active
2026/09/30 06:32:31.954, 180, 405, 13.16, 44, 0x0000000000000000, Not Active, Not Active
2026/09/30 06:32:32.054, 180, 405, 13.16, 44, 0x0000000000000000, Not Active, Not Active
2026/09/30 06:32:32.155, 180, 405, 13.16, 44, 0x0000000000000000, Not Active, Not Active
2026/09/30 06:32:32.255, 180, 405, 13.16, 44, 0x0000000000000000, Not Active, Not Active
2026/09/30 06:32:32.355, 180, 405, 13.16, 44, 0x0000000000000000, Not Active, Not Active
2026/09/30 06:32:32.455, 180, 405, 13.16, 44, 0x0000000000000000, Not Active, Not Active
2026/09/30 06:32:32.555, 180, 405, 13.16, 44, 0x0000000000000000, Not Active, Not Active
2026/09/30 06:32:32.655, 180, 405, 13.16, 44, 0x0000000000000000, Not Active, Not Active
2026/09/30 06:32:32.755, 180, 405, 12.83, 44, 0x0000000000000000, Not Active, Not Active
2026/09/30 06:32:32.855, 180, 405, 12.83, 44, 0x0000000000000000, Not Active, Not Active
2026/09/30 06:32:32.955, 180, 405, 12.83, 44, 0x0000000000000000, Not Active, Not Active
2026/09/30 06:32:33.055, 180, 405, 12.83, 44, 0x0000000000000000, Not Active, Not Active
2026/09/30 06:32:33.156, 180, 405, 12.83, 44, 0x0000000000000000, Not Active, Not Active
2026/09/30 06:32:33.256, 172, 405, 12.83, 44, 0x0000000000000000, Not Active, Not Active
2026/09/30 06:32:33.356, 172, 405, 12.83, 44, 0x0000000000000000, Not Active, Not Active
2026/09/30 06:32:33.456, 172, 405, 12.83, 44, 0x0000000000000000, Not Active, Not Active
2026/09/30 06:32:33.556, 172, 405, 12.83, 44, 0x0000000000000000, Not Active, Not Active
2026/09/30 06:32:33.656, 172, 405, 12.83, 44, 0x0000000000000000, Not Active, Not Active
2026/09/30 06:32:33.756, 172, 405, 13.09, 44, 0x0000000000000000, Not Active, Not Active
2026/09/30 06:32:33.856, 172, 405, 13.09, 44, 0x0000000000000000, Not Active, Not Active
2026/09/30 06:32:33.956, 172, 405, 13.09, 44, 0x0000000000000000, Not Active, Not Active
2026/09/30 06:32:34.056, 172, 405, 13.09, 44, 0x0000000000000000, Not Active, Not Active
2026/09/30 06:32:34.157, 172, 405, 13.09, 44, 0x0000000000000000, Not Active, Not Active
2026/09/30 06:32:34.257, 180, 405, 13.09, 44, 0x0000000000000000, Not Active, Not Active
2026/09/30 06:32:34.357, 180, 405, 13.09, 44, 0x0000000000000000, Not Active, Not Active
2026/09/30 06:32:34.457, 180, 405, 13.09, 44, 0x0000000000000000, Not Active, Not Active
2026/09/30 06:32:34.557, 180, 405, 13.09, 44, 0x0000000000000000, Not Active, Not Active
2026/09/30 06:32:34.657, 180, 405, 13.09, 44, 0x0000000000000000, Not Active, Not Active
2026/09/30 06:32:34.757, 180, 405, 13.12, 44, 0x0000000000000000, Not Active, Not Active
2026/09/30 06:32:34.857, 180, 405, 13.12, 44, 0x0000000000000000, Not Active, Not Active
2026/09/30 06:32:34.957, 180, 405, 13.12, 44, 0x0000000000000000, Not Active, Not Active
2026/09/30 06:32:35.057, 180, 405, 13.12, 44, 0x0000000000000000, Not Active, Not Active
2026/09/30 06:32:35.158, 180, 405, 13.12, 44, 0x0000000000000000, Not Active, Not Active
2026/09/30 06:32:35.258, 180, 405, 13.12, 44, 0x0000000000000000, Not Active, Not Active
2026/09/30 06:32:35.358, 180, 405, 13.12, 44, 0x0000000000000000, Not Active, Not Active
2026/09/30 06:32:35.458, 180, 405, 13.12, 44, 0x0000000000000000, Not Active, Not Active
2026/09/30 06:32:35.558, 180, 405, 13.12, 44, 0x0000000000000000, Not Active, Not Active
2026/09/30 06:32:35.658, 180, 405, 13.12, 44, 0x0000000000000000, Not Active, Not Active
2026/09/30 06:32:35.758, 180, 405, 13.15, 44, 0x0000000000000000, Not Active, Not Active
2026/09/30 06:32:35.858, 180, 405, 13.15, 44, 0x0000000000000000, Not Active, Not Active
2026/09/30 06:32:35.958, 180, 405, 13.15, 44, 0x0000000000000000, Not Active, Not Active
2026/09/30 06:32:36.059, 180, 405, 13.15, 44, 0x0000000000000000, Not Active, Not Active
2026/09/30 06:32:36.159, 180, 405, 13.15, 44, 0x0000000000000000, Not Active, Not Active
2026/09/30 06:32:36.259, 180, 405, 13.15, 44, 0x0000000000000000, Not Active, Not Active
2026/09/30 06:32:36.359, 180, 405, 13.15, 44, 0x0000000000000000, Not Active, Not Active
2026/09/30 06:32:36.459, 180, 405, 13.15, 44, 0x0000000000000000, Not Active, Not Active
2026/09/30 06:32:36.559, 180, 405, 13.15, 44, 0x0000000000000000, Not Active, Not Active
2026/09/30 06:32:36.659, 180, 405, 13.15, 44, 0x0000000000000000, Not Active, Not Active
2026/09/30 06:32:36.759, 180, 405, 12.96, 44, 0x0000000000000000, Not Active, Not Active
2026/09/30 06:32:36.860, 180, 405, 12.96, 44, 0x0000000000000000, Not Active, Not Active
2026/09/30 06:32:36.960, 180, 405, 12.96, 44, 0x0000000000000000, Not Active, Not Active
2026/09/30 06:32:37.060, 180, 405, 12.96, 44, 0x0000000000000000, Not Active, Not Active
2026/09/30 06:32:37.160, 180, 405, 12.96, 44, 0x0000000000000000, Not Active, Not Active
2026/09/30 06:32:37.260, 180, 405, 12.96, 44, 0x0000000000000000, Not Active, Not Active
2026/09/30 06:32:37.360, 180, 405, 12.96, 44, 0x0000000000000000, Not Active, Not Active
2026/09/30 06:32:37.460, 180, 405, 12.96, 44, 0x0000000000000000, Not Active, Not Active
2026/09/30 06:32:37.560, 180, 405, 12.96, 44, 0x0000000000000000, Not Active, Not Active
2026/09/30 06:32:37.660, 180, 405, 12.96, 44, 0x0000000000000000, Not Active, Not Active
2026/09/30 06:32:37.760, 180, 405, 13.03, 44, 0x0000000000000000, Not Active, Not Active
2026/09/30 06:32:37.861, 180, 405, 13.03, 44, 0x0000000000000000, Not Active, Not Active
2026/09/30 06:32:37.961, 180, 405, 13.03, 44, 0x0000000000000000, Not Active, Not Active
2026/09/30 06:32:38.061, 180, 405, 13.03, 44, 0x0000000000000000, Not Active, Not Active
2026/09/30 06:32:38.161, 180, 405, 13.03, 44, 0x0000000000000000, Not Active, Not Active
2026/09/30 06:32:38.261, 180, 405, 13.03, 44, 0x0000000000000000, Not Active, Not Active
2026/09/30 06:32:38.361, 180, 405, 13.03, 44, 0x0000000000000000, Not Active, Not Active
2026/09/30 06:32:38.461, 180, 405, 13.03, 44, 0x0000000000000000, Not Active, Not Active
2026/09/30 06:32:38.561, 180, 405, 13.03, 44, 0x0000000000000000, Not Active, Not Active
2026/09/30 06:32:38.661, 180, 405, 13.03, 44, 0x0000000000000000, Not Active, Not Active
2026/09/30 06:32:38.762, 180, 405, 12.90, 44, 0x0000000000000000, Not Active, Not Active
2026/09/30 06:32:38.862, 180, 405, 12.90, 44, 0x0000000000000000, Not Active, Not Active
2026/09/30 06:32:38.962, 180, 405, 12.90, 44, 0x0000000000000000, Not Active, Not Active
2026/09/30 06:32:39.062, 180, 405, 12.90, 44, 0x0000000000000000, Not Active, Not Active
2026/09/30 06:32:39.162, 180, 405, 12.90, 44, 0x0000000000000000, Not Active, Not Active
2026/09/30 06:32:39.262, 180, 405, 12.90, 44, 0x0000000000000000, Not Active, Not Active
2026/09/30 06:32:39.362, 180, 405, 12.90, 44, 0x0000000000000000, Not Active, Not Active
2026/09/30 06:32:39.463, 180, 405, 12.90, 44, 0x0000000000000000, Not Active, Not Active
2026/09/30 06:32:39.563, 180, 405, 12.90, 44, 0x0000000000000000, Not Active, Not Active
2026/09/30 06:32:39.663, 180, 405, 12.90, 44, 0x0000000000000000, Not Active, Not Active
2026/09/30 06:32:39.763, 292, 13365, 24.79, 45, 0x0000000000000000, Not Active, Not Active
2026/09/30 06:32:39.863, 292, 13365, 24.79, 45, 0x0000000000000000, Not Active, Not Active
2026/09/30 06:32:39.963, 292, 13365, 24.79, 45, 0x0000000000000000, Not Active, Not Active
2026/09/30 06:32:40.063, 292, 13365, 24.79, 45, 0x0000000000000000, Not Active, Not Active
2026/09/30 06:32:40.163, 292, 13365, 24.79, 45, 0x0000000000000000, Not Active, Not Active
2026/09/30 06:32:40.263, 2685, 13365, 45.16, 45, 0x0000000000000000, Not Active, Not Active
2026/09/30 06:32:40.364, 2685, 13365, 45.16, 45, 0x0000000000000000, Not Active, Not Active
2026/09/30 06:32:40.465, 2685, 13365, 45.16, 45, 0x0000000000000000, Not Active, Not Active
2026/09/30 06:32:40.565, 2685, 13365, 45.16, 45, 0x0000000000000000, Not Active, Not Active
2026/09/30 06:32:40.665, 2685, 13365, 45.16, 45, 0x0000000000000000, Not Active, Not Active
2026/09/30 06:32:40.765, 2625, 13365, 88.24, 46, 0x0000000000000000, Not Active, Not Active
2026/09/30 06:32:40.865, 2625, 13365, 88.24, 46, 0x0000000000000000, Not Active, Not Active
2026/09/30 06:32:40.965, 2625, 13365, 88.24, 46, 0x0000000000000000, Not Active, Not Active
2026/09/30 06:32:41.065, 2625, 13365, 88.24, 46, 0x0000000000000000, Not Active, Not Active
2026/09/30 06:32:41.165, 2625, 13365, 88.24, 46, 0x0000000000000000, Not Active, Not Active
2026/09/30 06:32:41.266, 2685, 13365, 109.74, 46, 0x0000000000000000, Not Active, Not Active
2026/09/30 06:32:41.366, 2685, 13365, 109.74, 46, 0x0000000000000000, Not Active, Not Active
2026/09/30 06:32:41.466, 2685, 13365, 109.74, 46, 0x0000000000000000, Not Active, Not Active
2026/09/30 06:32:41.566, 2685, 13365, 109.74, 46, 0x0000000000000000, Not Active, Not Active
2026/09/30 06:32:41.666, 2685, 13365, 109.74, 46, 0x0000000000000000, Not Active, Not Active
2026/09/30 06:32:41.766, 2677, 13365, 128.40, 47, 0x0000000000000000, Not Active, Not Active
2026/09/30 06:32:41.866, 2677, 13365, 128.40, 47, 0x0000000000000000, Not Active, Not Active
2026/09/30 06:32:41.966, 2677, 13365, 128.40, 47, 0x0000000000000000, Not Active, Not Active
2026/09/30 06:32:42.067, 2677, 13365, 128.40, 47, 0x0000000000000000, Not Active, Not Active
2026/09/30 06:32:42.167, 2677, 13365, 128.40, 47, 0x0000000000000000, Not Active, Not Active
2026/09/30 06:32:42.267, 2692, 13365, 128.94, 47, 0x0000000000000000, Not Active, Not Active
2026/09/30 06:32:42.367, 2692, 13365, 128.94, 47, 0x0000000000000000, Not Active, Not Active
2026/09/30 06:32:42.468, 2692, 13365, 128.94, 47, 0x0000000000000000, Not Active, Not Active
2026/09/30 06:32:42.568, 2692, 13365, 128.94, 47, 0x0000000000000000, Not Active, Not Active
2026/09/30 06:32:42.668, 2692, 13365, 128.94, 47, 0x0000000000000000, Not Active, Not Active
2026/09/30 06:32:42.768, 2677, 13365, 129.23, 48, 0x0000000000000000, Not Active, Not Active
2026/09/30 06:32:42.868, 2677, 13365, 129.23, 48, 0x0000000000000000, Not Active, Not Active
2026/09/30 06:32:42.968, 2677, 13365, 129.23, 48, 0x0000000000000000, Not Active, Not Active
2026/09/30 06:32:43.068, 2677, 13365, 129.23, 48, 0x0000000000000000, Not Active, Not Active
2026/09/30 06:32:43.169, 2677, 13365, 129.23, 48, 0x0000000000000000, Not Active, Not Active
2026/09/30 06:32:43.269, 2647, 13365, 126.24, 47, 0x0000000000000000, Not Active, Not Active
2026/09/30 06:32:43.369, 2647, 13365, 126.24, 47, 0x0000000000000000, Not Active, Not Active
2026/09/30 06:32:43.469, 2647, 13365, 126.24, 47, 0x0000000000000000, Not Active, Not Active
2026/09/30 06:32:43.569, 2647, 13365, 126.24, 47, 0x0000000000000000, Not Active, Not Active
2026/09/30 06:32:43.669, 2647, 13365, 126.24, 47, 0x0000000000000000, Not Active, Not Active
2026/09/30 06:32:43.769, 2662, 13365, 124.41, 47, 0x0000000000000000, Not Active, Not Active
2026/09/30 06:32:43.870, 2662, 13365, 124.41, 47, 0x0000000000000000, Not Active, Not Active
2026/09/30 06:32:43.970, 2662, 13365, 124.41, 47, 0x0000000000000000, Not Active, Not Active
2026/09/30 06:32:44.070, 2662, 13365, 124.41, 47, 0x0000000000000000, Not Active, Not Active
2026/09/30 06:32:44.170, 2662, 13365, 124.41, 47, 0x0000000000000000, Not Active, Not Active
2026/09/30 06:32:44.270, 2662, 13365, 126.08, 47, 0x0000000000000000, Not Active, Not Active
2026/09/30 06:32:44.370, 2662, 13365, 126.08, 47, 0x0000000000000000, Not Active, Not Active
2026/09/30 06:32:44.470, 2662, 13365, 126.08, 47, 0x0000000000000000, Not Active, Not Active
2026/09/30 06:32:44.570, 2662, 13365, 126.08, 47, 0x0000000000000000, Not Active, Not Active
2026/09/30 06:32:44.671, 2662, 13365, 126.08, 47, 0x0000000000000000, Not Active, Not Active
2026/09/30 06:32:44.771, 2677, 13365, 130.32, 47, 0x0000000000000000, Not Active, Not Active
2026/09/30 06:32:44.871, 2677, 13365, 130.32, 47, 0x0000000000000000, Not Active, Not Active
2026/09/30 06:32:44.971, 2677, 13365, 130.32, 47, 0x0000000000000000, Not Active, Not Active
2026/09/30 06:32:45.071, 2677, 13365, 130.32, 47, 0x0000000000000000, Not Active, Not Active
2026/09/30 06:32:45.171, 2677, 13365, 130.32, 47, 0x0000000000000000, Not Active, Not Active
2026/09/30 06:32:45.271, 2677, 13365, 136.93, 47, 0x0000000000000000, Not Active, Not Active
2026/09/30 06:32:45.372, 2677, 13365, 136.93, 47, 0x0000000000000000, Not Active, Not Active
2026/09/30 06:32:45.472, 2677, 13365, 136.93, 47, 0x0000000000000000, Not Active, Not Active
2026/09/30 06:32:45.572, 2677, 13365, 136.93, 47, 0x0000000000000000, Not Active, Not Active
2026/09/30 06:32:45.672, 2677, 13365, 136.93, 47, 0x0000000000000000, Not Active, Not Active
2026/09/30 06:32:45.772, 2685, 13365, 140.39, 47, 0x0000000000000000, Not Active, Not Active
2026/09/30 06:32:45.872, 2685, 13365, 140.39, 47, 0x0000000000000000, Not Active, Not Active
2026/09/30 06:32:45.972, 2685, 13365, 140.39, 47, 0x0000000000000000, Not Active, Not Active
2026/09/30 06:32:46.073, 2685, 13365, 140.39, 47, 0x0000000000000000, Not Active, Not Active
2026/09/30 06:32:46.173, 2685, 13365, 140.39, 47, 0x0000000000000000, Not Active, Not Active
2026/09/30 06:32:46.273, 2670, 13365, 136.82, 49, 0x0000000000000000, Not Active, Not Active
2026/09/30 06:32:46.374, 2670, 13365, 136.82, 49, 0x0000000000000000, Not Active, Not Active
2026/09/30 06:32:46.474, 2670, 13365, 136.82, 49, 0x0000000000000000, Not Active, Not Active
2026/09/30 06:32:46.574, 2670, 13365, 136.82, 49, 0x0000000000000000, Not Active, Not Active
2026/09/30 06:32:46.674, 2655, 13365, 138.49, 48, 0x0000000000000000, Not Active, Not Active
2026/09/30 06:32:46.775, 2655, 13365, 138.49, 48, 0x0000000000000000, Not Active, Not Active
2026/09/30 06:32:46.875, 2655, 13365, 138.49, 48, 0x0000000000000000, Not Active, Not Active
2026/09/30 06:32:46.975, 2655, 13365, 138.49, 48, 0x0000000000000000, Not Active, Not Active
2026/09/30 06:32:47.075, 2655, 13365, 138.49, 48, 0x0000000000000000, Not Active, Not Active
2026/09/30 06:32:47.176, 2647, 13365, 150.65, 48, 0x0000000000000000, Not Active, Not Active
2026/09/30 06:32:47.276, 2647, 13365, 150.65, 48, 0x0000000000000000, Not Active, Not Active
2026/09/30 06:32:47.376, 2647, 13365, 150.65, 48, 0x0000000000000000, Not Active, Not Active
2026/09/30 06:32:47.476, 2647, 13365, 150.65, 48, 0x0000000000000000, Not Active, Not Active
2026/09/30 06:32:47.576, 2647, 13365, 150.65, 48, 0x0000000000000000, Not Active, Not Active
2026/09/30 06:32:47.677, 2647, 13365, 152.45, 49, 0x0000000000000000, Not Active, Not Active
2026/09/30 06:32:47.777, 2647, 13365, 152.45, 49, 0x0000000000000000, Not Active, Not Active
2026/09/30 06:32:47.877, 2647, 13365, 152.45, 49, 0x0000000000000000, Not Active, Not Active
2026/09/30 06:32:47.977, 2647, 13365, 152.45, 49, 0x0000000000000000, Not Active, Not Active
2026/09/30 06:32:48.078, 2647, 13365, 152.45, 49, 0x0000000000000000, Not Active, Not Active
2026/09/30 06:32:48.178, 2617, 13365, 138.62, 48, 0x0000000000000000, Not Active, Not Active
2026/09/30 06:32:48.278, 2617, 13365, 138.62, 48, 0x0000000000000000, Not Active, Not Active
2026/09/30 06:32:48.378, 2617, 13365, 138.62, 48, 0x0000000000000000, Not Active, Not Active
2026/09/30 06:32:48.478, 2617, 13365, 138.62, 48, 0x0000000000000000, Not Active, Not Active
2026/09/30 06:32:48.578, 2617, 13365, 138.62, 48, 0x0000000000000000, Not Active, Not Active
2026/09/30 06:32:48.678, 2640, 13365, 150.70, 48, 0x0000000000000000, Not Active, Not Active
2026/09/30 06:32:48.778, 2640, 13365, 150.70, 48, 0x0000000000000000, Not Active, Not Active
2026/09/30 06:32:48.879, 2640, 13365, 150.70, 48, 0x0000000000000000, Not Active, Not Active
2026/09/30 06:32:48.979, 2640, 13365, 150.70, 48, 0x0000000000000000, Not Active, Not Active
2026/09/30 06:32:49.079, 2640, 13365, 150.70, 48, 0x0000000000000000, Not Active, Not Active
2026/09/30 06:32:49.179, 2640, 13365, 171.09, 49, 0x0000000000000000, Not Active, Not Active
2026/09/30 06:32:49.279, 2640, 13365, 171.09, 49, 0x0000000000000000, Not Active, Not Active
2026/09/30 06:32:49.379, 2640, 13365, 171.09, 49, 0x0000000000000000, Not Active, Not Active
2026/09/30 06:32:49.479, 2640, 13365, 171.09, 49, 0x0000000000000000, Not Active, Not Active
2026/09/30 06:32:49.580, 2640, 13365, 171.09, 49, 0x0000000000000000, Not Active, Not Active
2026/09/30 06:32:49.680, 2647, 13365, 165.03, 50, 0x0000000000000000, Not Active, Not Active
2026/09/30 06:32:49.780, 2647, 13365, 165.03, 50, 0x0000000000000000, Not Active, Not Active
2026/09/30 06:32:49.880, 2647, 13365, 165.03, 50, 0x0000000000000000, Not Active, Not Active
2026/09/30 06:32:49.980, 2647, 13365, 165.03, 50, 0x0000000000000000, Not Active, Not Active
2026/09/30 06:32:50.080, 2647, 13365, 165.03, 50, 0x0000000000000000, Not Active, Not Active
2026/09/30 06:32:50.180, 2617, 13365, 140.96, 47, 0x0000000000000000, Not Active, Not Active
2026/09/30 06:32:50.281, 2617, 13365, 140.96, 47, 0x0000000000000000, Not Active, Not Active
2026/09/30 06:32:50.381, 2617, 13365, 140.96, 47, 0x0000000000000000, Not Active, Not Active
2026/09/30 06:32:50.481, 2617, 13365, 140.96, 47, 0x0000000000000000, Not Active, Not Active
2026/09/30 06:32:50.581, 2617, 13365, 140.96, 47, 0x0000000000000000, Not Active, Not Active
2026/09/30 06:32:50.681, 2595, 13365, 140.60, 51, 0x0000000000000000, Not Active, Not Active
2026/09/30 06:32:50.781, 2595, 13365, 140.60, 51, 0x0000000000000000, Not Active, Not Active
2026/09/30 06:32:50.881, 2595, 13365, 140.60, 51, 0x0000000000000000, Not Active, Not Active
2026/09/30 06:32:50.981, 2595, 13365, 140.60, 51, 0x0000000000000000, Not Active, Not Active
2026/09/30 06:32:51.081, 2595, 13365, 140.60, 51, 0x0000000000000000, Not Active, Not Active
2026/09/30 06:32:51.181, 2602, 13365, 174.70, 51, 0x0000000000000000, Not Active, Not Active
2026/09/30 06:32:51.282, 2602, 13365, 174.70, 51, 0x0000000000000000, Not Active, Not Active
2026/09/30 06:32:51.382, 2602, 13365, 174.70, 51, 0x0000000000000000, Not Active, Not Active
2026/09/30 06:32:51.482, 2602, 13365, 174.70, 51, 0x0000000000000000, Not Active, Not Active
2026/09/30 06:32:51.582, 2602, 13365, 174.70, 51, 0x0000000000000000, Not Active, Not Active
2026/09/30 06:32:51.682, 2595, 13365, 188.90, 51, 0x0000000000000000, Not Active, Not Active
2026/09/30 06:32:51.783, 2595, 13365, 188.90, 51, 0x0000000000000000, Not Active, Not Active
2026/09/30 06:32:51.883, 2595, 13365, 188.90, 51, 0x0000000000000000, Not Active, Not Active
2026/09/30 06:32:51.983, 2595, 13365, 188.90, 51, 0x0000000000000000, Not Active, Not Active
2026/09/30 06:32:52.084, 2595, 13365, 188.90, 51, 0x0000000000000000, Not Active, Not Active
2026/09/30 06:32:52.184, 2595, 13365, 200.19, 49, 0x0000000000000000, Not Active, Not Active
2026/09/30 06:32:52.284, 2595, 13365, 200.19, 49, 0x0000000000000000, Not Active, Not Active
2026/09/30 06:32:52.384, 2595, 13365, 200.19, 49, 0x0000000000000000, Not Active, Not Active
2026/09/30 06:32:52.485, 2595, 13365, 200.19, 49, 0x0000000000000000, Not Active, Not Active
2026/09/30 06:32:52.585, 2595, 13365, 200.19, 49, 0x0000000000000000, Not Active, Not Active
2026/09/30 06:32:52.685, 2602, 13365, 171.88, 48, 0x0000000000000000, Not Active, Not Active
2026/09/30 06:32:52.785, 2602, 13365, 171.88, 48, 0x0000000000000000, Not Active, Not Active
2026/09/30 06:32:52.886, 2602, 13365, 171.88, 48, 0x0000000000000000, Not Active, Not Active
2026/09/30 06:32:52.986, 2602, 13365, 171.88, 48, 0x0000000000000000, Not Active, Not Active
2026/09/30 06:32:53.086, 2602, 13365, 171.88, 48, 0x0000000000000000, Not Active, Not Active
2026/09/30 06:32:53.186, 2610, 13365, 126.75, 50, 0x0000000000000000, Not Active, Not Active
2026/09/30 06:32:53.286, 2610, 13365, 126.75, 50, 0x0000000000000000, Not Active, Not Active
2026/09/30 06:32:53.386, 2610, 13365, 126.75, 50, 0x0000000000000000, Not Active, Not Active
2026/09/30 06:32:53.486, 2610, 13365, 126.75, 50, 0x0000000000000000, Not Active, Not Active
2026/09/30 06:32:53.586, 2610, 13365, 126.75, 50, 0x0000000000000000, Not Active, Not Active
2026/09/30 06:32:53.687, 2655, 13365, 177.48, 54, 0x0000000000000000, Not Active, Not Active
2026/09/30 06:32:53.787, 2655, 13365, 177.48, 54, 0x0000000000000000, Not Active, Not Active
2026/09/30 06:32:53.887, 2655, 13365, 177.48, 54, 0x0000000000000000, Not Active, Not Active
2026/09/30 06:32:53.987, 2655, 13365, 177.48, 54, 0x0000000000000000, Not Active, Not Active
2026/09/30 06:32:54.087, 2655, 13365, 177.48, 54, 0x0000000000000000, Not Active, Not Active
2026/09/30 06:32:54.187, 2572, 13365, 265.86, 54, 0x0000000000000000, Not Active, Not Active
2026/09/30 06:32:54.287, 2572, 13365, 265.86, 54, 0x0000000000000000, Not Active, Not Active
2026/09/30 06:32:54.388, 2572, 13365, 265.86, 54, 0x0000000000000000, Not Active, Not Active
2026/09/30 06:32:54.488, 2572, 13365, 265.86, 54, 0x0000000000000000, Not Active, Not Active
2026/09/30 06:32:54.588, 2572, 13365, 265.86, 54, 0x0000000000000000, Not Active, Not Active
2026/09/30 06:32:54.688, 2610, 13365, 264.00, 52, 0x0000000000000000, Not Active, Not Active
2026/09/30 06:32:54.788, 2610, 13365, 264.00, 52, 0x0000000000000000, Not Active, Not Active
2026/09/30 06:32:54.888, 2610, 13365, 264.00, 52, 0x0000000000000000, Not Active, Not Active
2026/09/30 06:32:54.988, 2610, 13365, 264.00, 52, 0x0000000000000000, Not Active, Not Active
2026/09/30 06:32:55.088, 2610, 13365, 264.00, 52, 0x0000000000000000, Not Active, Not Active
2026/09/30 06:32:55.189, 2722, 13365, 260.27, 54, 0x0000000000000000, Not Active, Not Active
2026/09/30 06:32:55.289, 2722, 13365, 260.27, 54, 0x0000000000000000, Not Active, Not Active
2026/09/30 06:32:55.389, 2722, 13365, 260.27, 54, 0x0000000000000000, Not Active, Not Active
2026/09/30 06:32:55.489, 2722, 13365, 260.27, 54, 0x0000000000000000, Not Active, Not Active
2026/09/30 06:32:55.589, 2722, 13365, 260.27, 54, 0x0000000000000000, Not Active, Not Active
2026/09/30 06:32:55.689, 2820, 13365, 223.42, 50, 0x0000000000000000, Not Active, Not Active
2026/09/30 06:32:55.789, 2820, 13365, 223.42, 50, 0x0000000000000000, Not Active, Not Active
2026/09/30 06:32:55.890, 2820, 13365, 223.42, 50, 0x0000000000000000, Not Active, Not Active
2026/09/30 06:32:55.990, 2820, 13365, 223.42, 50, 0x0000000000000000, Not Active, Not Active
2026/09/30 06:32:56.090, 2820, 13365, 223.42, 50, 0x0000000000000000, Not Active, Not Active
2026/09/30 06:32:56.190, 2835, 13365, 177.67, 50, 0x0000000000000000, Not Active, Not Active
2026/09/30 06:32:56.290, 2835, 13365, 177.67, 50, 0x0000000000000000, Not Active, Not Active
2026/09/30 06:32:56.390, 2835, 13365, 177.67, 50, 0x0000000000000000, Not Active, Not Active
2026/09/30 06:32:56.490, 2835, 13365, 177.67, 50, 0x0000000000000000, Not Active, Not Active
2026/09/30 06:32:56.590, 2835, 13365, 177.67, 50, 0x0000000000000000, Not Active, Not Active
2026/09/30 06:32:56.691, 2835, 13365, 144.05, 50, 0x0000000000000000, Not Active, Not Active
2026/09/30 06:32:56.791, 2835, 13365, 144.05, 50, 0x0000000000000000, Not Active, Not Active
2026/09/30 06:32:56.891, 2835, 13365, 144.05, 50, 0x0000000000000000, Not Active, Not Active
2026/09/30 06:32:56.991, 2835, 13365, 144.05, 50, 0x0000000000000000, Not Active, Not Active
2026/09/30 06:32:57.091, 2835, 13365, 144.05, 50, 0x0000000000000000, Not Active, Not Active
2026/09/30 06:32:57.191, 2835, 13365, 144.41, 50, 0x0000000000000000, Not Active, Not Active
2026/09/30 06:32:57.291, 2835, 13365, 144.41, 50, 0x0000000000000000, Not Active, Not Active
2026/09/30 06:32:57.392, 2835, 13365, 144.41, 50, 0x0000000000000000, Not Active, Not Active
2026/09/30 06:32:57.492, 2835, 13365, 144.41, 50, 0x0000000000000000, Not Active, Not Active
2026/09/30 06:32:57.592, 2835, 13365, 144.41, 50, 0x0000000000000000, Not Active, Not Active
2026/09/30 06:32:57.692, 2685, 13365, 140.08, 50, 0x0000000000000000, Not Active, Not Active
2026/09/30 06:32:57.792, 2685, 13365, 140.08, 50, 0x0000000000000000, Not Active, Not Active
2026/09/30 06:32:57.892, 2685, 13365, 140.08, 50, 0x0000000000000000, Not Active, Not Active
2026/09/30 06:32:57.992, 2685, 13365, 140.08, 50, 0x0000000000000000, Not Active, Not Active
2026/09/30 06:32:58.093, 2685, 13365, 140.08, 50, 0x0000000000000000, Not Active, Not Active
2026/09/30 06:32:58.193, 2670, 13365, 136.75, 50, 0x0000000000000000, Not Active, Not Active
2026/09/30 06:32:58.293, 2670, 13365, 136.75, 50, 0x0000000000000000, Not Active, Not Active
2026/09/30 06:32:58.393, 2670, 13365, 136.75, 50, 0x0000000000000000, Not Active, Not Active
2026/09/30 06:32:58.494, 2670, 13365, 136.75, 50, 0x0000000000000000, Not Active, Not Active
2026/09/30 06:32:58.594, 2670, 13365, 136.75, 50, 0x0000000000000000, Not Active, Not Active
2026/09/30 06:32:58.694, 2647, 13365, 135.11, 50, 0x0000000000000000, Not Active, Not Active
2026/09/30 06:32:58.794, 2647, 13365, 135.11, 50, 0x0000000000000000, Not Active, Not Active
2026/09/30 06:32:58.895, 2647, 13365, 135.11, 50, 0x0000000000000000, Not Active, Not Active
2026/09/30 06:32:58.995, 2647, 13365, 135.11, 50, 0x0000000000000000, Not Active, Not Active
2026/09/30 06:32:59.095, 2647, 13365, 135.11, 50, 0x0000000000000000, Not Active, Not Active
2026/09/30 06:32:59.195, 2640, 13365, 131.31, 51, 0x0000000000000000, Not Active, Not Active
2026/09/30 06:32:59.295, 2640, 13365, 131.31, 51, 0x0000000000000000, Not Active, Not Active
2026/09/30 06:32:59.395, 2640, 13365, 131.31, 51, 0x0000000000000000, Not Active, Not Active
2026/09/30 06:32:59.495, 2640, 13365, 131.31, 51, 0x0000000000000000, Not Active, Not Active
2026/09/30 06:32:59.595, 2640, 13365, 131.31, 51, 0x0000000000000000, Not Active, Not Active
2026/09/30 06:32:59.695, 2662, 13365, 132.54, 49, 0x0000000000000000, Not Active, Not Active
2026/09/30 06:32:59.796, 2662, 13365, 132.54, 49, 0x0000000000000000, Not Active, Not Active
2026/09/30 06:32:59.896, 2662, 13365, 132.54, 49, 0x0000000000000000, Not Active, Not Active
2026/09/30 06:32:59.996, 2662, 13365, 132.54, 49, 0x0000000000000000, Not Active, Not Active
2026/09/30 06:33:00.096, 2662, 13365, 132.54, 49, 0x0000000000000000, Not Active, Not Active
2026/09/30 06:33:00.196, 2662, 13365, 142.76, 49, 0x0000000000000000, Not Active, Not Active
2026/09/30 06:33:00.296, 2662, 13365, 142.76, 49, 0x0000000000000000, Not Active, Not Active
2026/09/30 06:33:00.396, 2662, 13365, 142.76, 49, 0x0000000000000000, Not Active, Not Active
2026/09/30 06:33:00.496, 2662, 13365, 142.76, 49, 0x0000000000000000, Not Active, Not Active
2026/09/30 06:33:00.596, 2662, 13365, 142.76, 49, 0x0000000000000000, Not Active, Not Active
2026/09/30 06:33:00.696, 2662, 13365, 147.70, 49, 0x0000000000000000, Not Active, Not Active
2026/09/30 06:33:00.797, 2662, 13365, 147.70, 49, 0x0000000000000000, Not Active, Not Active
2026/09/30 06:33:00.897, 2662, 13365, 147.70, 49, 0x0000000000000000, Not Active, Not Active
2026/09/30 06:33:00.997, 2662, 13365, 147.70, 49, 0x0000000000000000, Not Active, Not Active
2026/09/30 06:33:01.097, 2662, 13365, 147.70, 49, 0x0000000000000000, Not Active, Not Active
2026/09/30 06:33:01.197, 2640, 13365, 143.95, 50, 0x0000000000000000, Not Active, Not Active
2026/09/30 06:33:01.297, 2640, 13365, 143.95, 50, 0x0000000000000000, Not Active, Not Active
2026/09/30 06:33:01.397, 2640, 13365, 143.95, 50, 0x0000000000000000, Not Active, Not Active
2026/09/30 06:33:01.497, 2640, 13365, 143.95, 50, 0x0000000000000000, Not Active, Not Active
2026/09/30 06:33:01.597, 2640, 13365, 143.95, 50, 0x0000000000000000, Not Active, Not Active
2026/09/30 06:33:01.698, 2632, 13365, 140.77, 50, 0x0000000000000000, Not Active, Not Active
2026/09/30 06:33:01.798, 2632, 13365, 140.77, 50, 0x0000000000000000, Not Active, Not Active
2026/09/30 06:33:01.898, 2632, 13365, 140.77, 50, 0x0000000000000000, Not Active, Not Active
2026/09/30 06:33:01.998, 2632, 13365, 140.77, 50, 0x0000000000000000, Not Active, Not Active
2026/09/30 06:33:02.098, 2632, 13365, 140.77, 50, 0x0000000000000000, Not Active, Not Active
2026/09/30 06:33:02.198, 2632, 13365, 149.58, 51, 0x0000000000000000, Not Active, Not Active
2026/09/30 06:33:02.298, 2632, 13365, 149.58, 51, 0x0000000000000000, Not Active, Not Active
2026/09/30 06:33:02.399, 2632, 13365, 149.58, 51, 0x0000000000000000, Not Active, Not Active
2026/09/30 06:33:02.499, 2632, 13365, 149.58, 51, 0x0000000000000000, Not Active, Not Active
2026/09/30 06:33:02.599, 2632, 13365, 149.58, 51, 0x0000000000000000, Not Active, Not Active
2026/09/30 06:33:02.699, 2647, 13365, 151.05, 51, 0x0000000000000000, Not Active, Not Active
2026/09/30 06:33:02.799, 2647, 13365, 151.05, 51, 0x0000000000000000, Not Active, Not Active
2026/09/30 06:33:02.899, 2647, 13365, 151.05, 51, 0x0000000000000000, Not Active, Not Active
2026/09/30 06:33:02.999, 2647, 13365, 151.05, 51, 0x0000000000000000, Not Active, Not Active
2026/09/30 06:33:03.099, 2647, 13365, 151.05, 51, 0x0000000000000000, Not Active, Not Active
2026/09/30 06:33:03.200, 2632, 13365, 155.75, 53, 0x0000000000000000, Not Active, Not Active
2026/09/30 06:33:03.300, 2632, 13365, 155.75, 53, 0x0000000000000000, Not Active, Not Active
2026/09/30 06:33:03.400, 2632, 13365, 155.75, 53, 0x0000000000000000, Not Active, Not Active
2026/09/30 06:33:03.500, 2632, 13365, 155.75, 53, 0x0000000000000000, Not Active, Not Active
2026/09/30 06:33:03.601, 2632, 13365, 155.75, 53, 0x0000000000000000, Not Active, Not Active
2026/09/30 06:33:03.701, 2610, 13365, 165.61, 53, 0x0000000000000000, Not Active, Not Active
2026/09/30 06:33:03.802, 2610, 13365, 165.61, 53, 0x0000000000000000, Not Active, Not Active
2026/09/30 06:33:03.902, 2610, 13365, 165.61, 53, 0x0000000000000000, Not Active, Not Active
2026/09/30 06:33:04.002, 2610, 13365, 165.61, 53, 0x0000000000000000, Not Active, Not Active
2026/09/30 06:33:04.103, 2610, 13365, 165.61, 53, 0x0000000000000000, Not Active, Not Active
2026/09/30 06:33:04.203, 2610, 13365, 180.43, 52, 0x0000000000000000, Not Active, Not Active
2026/09/30 06:33:04.304, 2610, 13365, 180.43, 52, 0x0000000000000000, Not Active, Not Active
2026/09/30 06:33:04.404, 2610, 13365, 180.43, 52, 0x0000000000000000, Not Active, Not Active
2026/09/30 06:33:04.505, 2610, 13365, 180.43, 52, 0x0000000000000000, Not Active, Not Active
2026/09/30 06:33:04.605, 2610, 13365, 180.43, 52, 0x0000000000000000, Not Active, Not Active
2026/09/30 06:33:04.705, 2617, 13365, 181.03, 51, 0x0000000000000000, Not Active, Not Active
2026/09/30 06:33:04.806, 2617, 13365, 181.03, 51, 0x0000000000000000, Not Active, Not Active
2026/09/30 06:33:04.906, 2617, 13365, 181.03, 51, 0x0000000000000000, Not Active, Not Active
2026/09/30 06:33:05.007, 2617, 13365, 181.03, 51, 0x0000000000000000, Not Active, Not Active
2026/09/30 06:33:05.107, 2617, 13365, 181.03, 51, 0x0000000000000000, Not Active, Not Active
2026/09/30 06:33:05.207, 2610, 13365, 169.21, 50, 0x0000000000000000, Not Active, Not Active
2026/09/30 06:33:05.307, 2610, 13365, 169.21, 50, 0x0000000000000000, Not Active, Not Active
2026/09/30 06:33:05.407, 2610, 13365, 169.21, 50, 0x0000000000000000, Not Active, Not Active
2026/09/30 06:33:05.507, 2610, 13365, 169.21, 50, 0x0000000000000000, Not Active, Not Active
2026/09/30 06:33:05.607, 2610, 13365, 169.21, 50, 0x0000000000000000, Not Active, Not Active
2026/09/30 06:33:05.707, 2580, 13365, 179.04, 54, 0x0000000000000000, Not Active, Not Active
2026/09/30 06:33:05.808, 2580, 13365, 179.04, 54, 0x0000000000000000, Not Active, Not Active
2026/09/30 06:33:05.908, 2580, 13365, 179.04, 54, 0x0000000000000000, Not Active, Not Active
2026/09/30 06:33:06.008, 2580, 13365, 179.04, 54, 0x0000000000000000, Not Active, Not Active
2026/09/30 06:33:06.108, 2580, 13365, 179.04, 54, 0x0000000000000000, Not Active, Not Active
2026/09/30 06:33:06.208, 2565, 13365, 200.55, 55, 0x0000000000000000, Not Active, Not Active
2026/09/30 06:33:06.308, 2565, 13365, 200.55, 55, 0x0000000000000000, Not Active, Not Active
2026/09/30 06:33:06.408, 2565, 13365, 200.55, 55, 0x0000000000000000, Not Active, Not Active
2026/09/30 06:33:06.508, 2565, 13365, 200.55, 55, 0x0000000000000000, Not Active, Not Active
2026/09/30 06:33:06.608, 2565, 13365, 200.55, 55, 0x0000000000000000, Not Active, Not Active
2026/09/30 06:33:06.709, 2565, 13365, 237.63, 53, 0x0000000000000000, Not Active, Not Active
2026/09/30 06:33:06.809, 2565, 13365, 237.63, 53, 0x0000000000000000, Not Active, Not Active
2026/09/30 06:33:06.909, 2565, 13365, 237.63, 53, 0x0000000000000000, Not Active, Not Active
2026/09/30 06:33:07.009, 2565, 13365, 237.63, 53, 0x0000000000000000, Not Active, Not Active
2026/09/30 06:33:07.109, 2565, 13365, 237.63, 53, 0x0000000000000000, Not Active, Not Active
2026/09/30 06:33:07.209, 2565, 13365, 231.10, 53, 0x0000000000000000, Not Active, Not Active
2026/09/30 06:33:07.309, 2565, 13365, 231.10, 53, 0x0000000000000000, Not Active, Not Active
2026/09/30 06:33:07.409, 2565, 13365, 231.10, 53, 0x0000000000000000, Not Active, Not Active
2026/09/30 06:33:07.510, 2565, 13365, 231.10, 53, 0x0000000000000000, Not Active, Not Active
2026/09/30 06:33:07.610, 2565, 13365, 231.10, 53, 0x0000000000000000, Not Active, Not Active
2026/09/30 06:33:07.710, 2595, 13365, 188.67, 51, 0x0000000000000000, Not Active, Not Active
2026/09/30 06:33:07.810, 2595, 13365, 188.67, 51, 0x0000000000000000, Not Active, Not Active
2026/09/30 06:33:07.910, 2595, 13365, 188.67, 51, 0x0000000000000000, Not Active, Not Active
2026/09/30 06:33:08.010, 2595, 13365, 188.67, 51, 0x0000000000000000, Not Active, Not Active
2026/09/30 06:33:08.110, 2595, 13365, 188.67, 51, 0x0000000000000000, Not Active, Not Active
2026/09/30 06:33:08.211, 2610, 13365, 126.89, 53, 0x0000000000000000, Not Active, Not Active
2026/09/30 06:33:08.311, 2610, 13365, 126.89, 53, 0x0000000000000000, Not Active, Not Active
2026/09/30 06:33:08.411, 2610, 13365, 126.89, 53, 0x0000000000000000, Not Active, Not Active
2026/09/30 06:33:08.511, 2610, 13365, 126.89, 53, 0x0000000000000000, Not Active, Not Active
2026/09/30 06:33:08.611, 2610, 13365, 126.89, 53, 0x0000000000000000, Not Active, Not Active
2026/09/30 06:33:08.711, 2527, 13365, 202.42, 58, 0x0000000000000000, Not Active, Not Active
2026/09/30 06:33:08.811, 2527, 13365, 202.42, 58, 0x0000000000000000, Not Active, Not Active
2026/09/30 06:33:08.911, 2527, 13365, 202.42, 58, 0x0000000000000000, Not Active, Not Active
2026/09/30 06:33:09.012, 2527, 13365, 202.42, 58, 0x0000000000000000, Not Active, Not Active
2026/09/30 06:33:09.112, 2527, 13365, 202.42, 58, 0x0000000000000000, Not Active, Not Active
2026/09/30 06:33:09.212, 2632, 13365, 279.12, 58, 0x0000000000000000, Not Active, Not Active
2026/09/30 06:33:09.312, 2632, 13365, 279.12, 58, 0x0000000000000000, Not Active, Not Active
2026/09/30 06:33:09.412, 2632, 13365, 279.12, 58, 0x0000000000000000, Not Active, Not Active
2026/09/30 06:33:09.513, 2632, 13365, 279.12, 58, 0x0000000000000000, Not Active, Not Active
2026/09/30 06:33:09.613, 2632, 13365, 279.12, 58, 0x0000000000000000, Not Active, Not Active
2026/09/30 06:33:09.713, 2565, 13365, 292.01, 54, 0x0000000000000000, Not Active, Not Active
2026/09/30 06:33:09.813, 2565, 13365, 292.01, 54, 0x0000000000000000, Not Active, Not Active
2026/09/30 06:33:09.913, 2565, 13365, 292.01, 54, 0x0000000000000000, Not Active, Not Active
2026/09/30 06:33:10.013, 2565, 13365, 292.01, 54, 0x0000000000000000, Not Active, Not Active
2026/09/30 06:33:10.114, 2565, 13365, 292.01, 54, 0x0000000000000000, Not Active, Not Active
2026/09/30 06:33:10.214, 2550, 13365, 315.74, 60, 0x0000000000000004, Active, Not Active
2026/09/30 06:33:10.314, 2550, 13365, 315.74, 60, 0x0000000000000004, Active, Not Active
2026/09/30 06:33:10.414, 2550, 13365, 315.74, 60, 0x0000000000000004, Active, Not Active
2026/09/30 06:33:10.514, 2550, 13365, 315.74, 60, 0x0000000000000004, Active, Not Active
2026/09/30 06:33:10.614, 2550, 13365, 315.74, 60, 0x0000000000000004, Active, Not Active
2026/09/30 06:33:10.715, 2677, 13365, 294.40, 57, 0x0000000000000000, Not Active, Not Active
2026/09/30 06:33:10.815, 2677, 13365, 294.40, 57, 0x0000000000000000, Not Active, Not Active
2026/09/30 06:33:10.915, 2677, 13365, 294.40, 57, 0x0000000000000000, Not Active, Not Active
2026/09/30 06:33:11.015, 2677, 13365, 294.40, 57, 0x0000000000000000, Not Active, Not Active
2026/09/30 06:33:11.115, 2677, 13365, 294.40, 57, 0x0000000000000000, Not Active, Not Active
2026/09/30 06:33:11.215, 2835, 13365, 225.06, 52, 0x0000000000000000, Not Active, Not Active
2026/09/30 06:33:11.315, 2835, 13365, 225.06, 52, 0x0000000000000000, Not Active, Not Active
2026/09/30 06:33:11.415, 2835, 13365, 225.06, 52, 0x0000000000000000, Not Active, Not Active
2026/09/30 06:33:11.515, 2835, 13365, 225.06, 52, 0x0000000000000000, Not Active, Not Active
2026/09/30 06:33:11.616, 2835, 13365, 225.06, 52, 0x0000000000000000, Not Active, Not Active
2026/09/30 06:33:11.716, 2835, 13365, 157.50, 52, 0x0000000000000000, Not Active, Not Active
2026/09/30 06:33:11.816, 2835, 13365, 157.50, 52, 0x0000000000000000, Not Active, Not Active
2026/09/30 06:33:11.916, 2835, 13365, 157.50, 52, 0x0000000000000000, Not Active, Not Active
2026/09/30 06:33:12.016, 2835, 13365, 157.50, 52, 0x0000000000000000, Not Active, Not Active
2026/09/30 06:33:12.116, 2835, 13365, 157.50, 52, 0x0000000000000000, Not Active, Not Active
2026/09/30 06:33:12.216, 2835, 13365, 144.69, 52, 0x0000000000000000, Not Active, Not Active
2026/09/30 06:33:12.316, 2835, 13365, 144.69, 52, 0x0000000000000000, Not Active, Not Active
2026/09/30 06:33:12.416, 2835, 13365, 144.69, 52, 0x0000000000000000, Not Active, Not Active
2026/09/30 06:33:12.516, 2835, 13365, 144.69, 52, 0x0000000000000000, Not Active, Not Active
2026/09/30 06:33:12.617, 2835, 13365, 144.69, 52, 0x0000000000000000, Not Active, Not Active
2026/09/30 06:33:12.717, 2797, 13365, 146.55, 52, 0x0000000000000000, Not Active, Not Active
2026/09/30 06:33:12.817, 2797, 13365, 146.55, 52, 0x0000000000000000, Not Active, Not Active
2026/09/30 06:33:12.917, 2797, 13365, 146.55, 52, 0x0000000000000000, Not Active, Not Active
2026/09/30 06:33:13.017, 2797, 13365, 146.55, 52, 0x0000000000000000, Not Active, Not Active
2026/09/30 06:33:13.117, 2797, 13365, 146.55, 52, 0x0000000000000000, Not Active, Not Active
2026/09/30 06:33:13.217, 2692, 13365, 138.26, 52, 0x0000000000000000, Not Active, Not Active
2026/09/30 06:33:13.317, 2692, 13365, 138.26, 52, 0x0000000000000000, Not Active, Not Active
2026/09/30 06:33:13.418, 2692, 13365, 138.26, 52, 0x0000000000000000, Not Active, Not Active
2026/09/30 06:33:13.518, 2692, 13365, 138.26, 52, 0x0000000000000000, Not Active, Not Active
2026/09/30 06:33:13.618, 2692, 13365, 138.26, 52, 0x0000000000000000, Not Active, Not Active
2026/09/30 06:33:13.719, 2685, 13365, 137.01, 52, 0x0000000000000000, Not Active, Not Active
2026/09/30 06:33:13.820, 2685, 13365, 137.01, 52, 0x0000000000000000, Not Active, Not Active
2026/09/30 06:33:13.920, 2685, 13365, 137.01, 52, 0x0000000000000000, Not Active, Not Active
2026/09/30 06:33:14.021, 2685, 13365, 137.01, 52, 0x0000000000000000, Not Active, Not Active
2026/09/30 06:33:14.121, 2685, 13365, 137.01, 52, 0x0000000000000000, Not Active, Not Active
2026/09/30 06:33:14.221, 2685, 13365, 132.95, 51, 0x0000000000000000, Not Active, Not Active
2026/09/30 06:33:14.321, 2685, 13365, 132.95, 51, 0x0000000000000000, Not Active, Not Active
2026/09/30 06:33:14.421, 2685, 13365, 132.95, 51, 0x0000000000000000, Not Active, Not Active
2026/09/30 06:33:14.521, 2685, 13365, 132.95, 51, 0x0000000000000000, Not Active, Not Active
2026/09/30 06:33:14.621, 2685, 13365, 132.95, 51, 0x0000000000000000, Not Active, Not Active
2026/09/30 06:33:14.721, 2655, 13365, 139.49, 52, 0x0000000000000000, Not Active, Not Active
2026/09/30 06:33:14.822, 2655, 13365, 139.49, 52, 0x0000000000000000, Not Active, Not Active
2026/09/30 06:33:14.922, 2655, 13365, 139.49, 52, 0x0000000000000000, Not Active, Not Active
2026/09/30 06:33:15.022, 2655, 13365, 139.49, 52, 0x0000000000000000, Not Active, Not Active
2026/09/30 06:33:15.122, 2655, 13365, 139.49, 52, 0x0000000000000000, Not Active, Not Active
2026/09/30 06:33:15.222, 2655, 13365, 145.08, 53, 0x0000000000000000, Not Active, Not Active
2026/09/30 06:33:15.322, 2655, 13365, 145.08, 53, 0x0000000000000000, Not Active, Not Active
2026/09/30 06:33:15.422, 2655, 13365, 145.08, 53, 0x0000000000000000, Not Active, Not Active
2026/09/30 06:33:15.522, 2655, 13365, 145.08, 53, 0x0000000000000000, Not Active, Not Active
2026/09/30 06:33:15.622, 2655, 13365, 145.08, 53, 0x0000000000000000, Not Active, Not Active
2026/09/30 06:33:15.723, 2655, 13365, 141.63, 52, 0x0000000000000000, Not Active, Not Active
2026/09/30 06:33:15.823, 2655, 13365, 141.63, 52, 0x0000000000000000, Not Active, Not Active
2026/09/30 06:33:15.923, 2655, 13365, 141.63, 52, 0x0000000000000000, Not Active, Not Active
2026/09/30 06:33:16.023, 2655, 13365, 141.63, 52, 0x0000000000000000, Not Active, Not Active
2026/09/30 06:33:16.123, 2655, 13365, 141.63, 52, 0x0000000000000000, Not Active, Not Active
2026/09/30 06:33:16.223, 2632, 13365, 138.03, 52, 0x0000000000000000, Not Active, Not Active
2026/09/30 06:33:16.323, 2632, 13365, 138.03, 52, 0x0000000000000000, Not Active, Not Active
2026/09/30 06:33:16.423, 2632, 13365, 138.03, 52, 0x0000000000000000, Not Active, Not Active
2026/09/30 06:33:16.523, 2632, 13365, 138.03, 52, 0x0000000000000000, Not Active, Not Active
2026/09/30 06:33:16.623, 2632, 13365, 138.03, 52, 0x0000000000000000, Not Active, Not Active
2026/09/30 06:33:16.724, 2647, 13365, 143.71, 52, 0x0000000000000000, Not Active, Not Active
2026/09/30 06:33:16.824, 2647, 13365, 143.71, 52, 0x0000000000000000, Not Active, Not Active
2026/09/30 06:33:16.924, 2647, 13365, 143.71, 52, 0x0000000000000000, Not Active, Not Active
2026/09/30 06:33:17.024, 2647, 13365, 143.71, 52, 0x0000000000000000, Not Active, Not Active
2026/09/30 06:33:17.124, 2647, 13365, 143.71, 52, 0x0000000000000000, Not Active, Not Active
2026/09/30 06:33:17.224, 2655, 13365, 147.48, 51, 0x0000000000000000, Not Active, Not Active
2026/09/30 06:33:17.324, 2655, 13365, 147.48, 51, 0x0000000000000000, Not Active, Not Active
2026/09/30 06:33:17.424, 2655, 13365, 147.48, 51, 0x0000000000000000, Not Active, Not Active
2026/09/30 06:33:17.524, 2655, 13365, 147.48, 51, 0x0000000000000000, Not Active, Not Active
2026/09/30 06:33:17.625, 2655, 13365, 147.48, 51, 0x0000000000000000, Not Active, Not Active
2026/09/30 06:33:17.725, 2655, 13365, 149.47, 52, 0x0000000000000000, Not Active, Not Active
2026/09/30 06:33:17.825, 2655, 13365, 149.47, 52, 0x0000000000000000, Not Active, Not Active
2026/09/30 06:33:17.925, 2655, 13365, 149.47, 52, 0x0000000000000000, Not Active, Not Active
2026/09/30 06:33:18.025, 2655, 13365, 149.47, 52, 0x0000000000000000, Not Active, Not Active
2026/09/30 06:33:18.125, 2655, 13365, 149.47, 52, 0x0000000000000000, Not Active, Not Active
2026/09/30 06:33:18.226, 2632, 13365, 140.77, 52, 0x0000000000000000, Not Active, Not Active
2026/09/30 06:33:18.326, 2632, 13365, 140.77, 52, 0x0000000000000000, Not Active, Not Active
2026/09/30 06:33:18.426, 2632, 13365, 140.77, 52, 0x0000000000000000, Not Active, Not Active
2026/09/30 06:33:18.527, 2632, 13365, 140.77, 52, 0x0000000000000000, Not Active, Not Active
2026/09/30 06:33:18.627, 2632, 13365, 140.77, 52, 0x0000000000000000, Not Active, Not Active
2026/09/30 06:33:18.727, 2632, 13365, 146.16, 53, 0x0000000000000000, Not Active, Not Active
2026/09/30 06:33:18.828, 2632, 13365, 146.16, 53, 0x0000000000000000, Not Active, Not Active
2026/09/30 06:33:18.928, 2632, 13365, 146.16, 53, 0x0000000000000000, Not Active, Not Active
2026/09/30 06:33:19.028, 2632, 13365, 146.16, 53, 0x0000000000000000, Not Active, Not Active
2026/09/30 06:33:19.128, 2632, 13365, 146.16, 53, 0x0000000000000000, Not Active, Not Active
2026/09/30 06:33:19.229, 2640, 13365, 166.84, 53, 0x0000000000000000, Not Active, Not Active
2026/09/30 06:33:19.329, 2640, 13365, 166.84, 53, 0x0000000000000000, Not Active, Not Active
2026/09/30 06:33:19.429, 2640, 13365, 166.84, 53, 0x0000000000000000, Not Active, Not Active
2026/09/30 06:33:19.529, 2640, 13365, 166.84, 53, 0x0000000000000000, Not Active, Not Active
2026/09/30 06:33:19.629, 2640, 13365, 166.84, 53, 0x0000000000000000, Not Active, Not Active
2026/09/30 06:33:19.729, 2640, 13365, 167.33, 52, 0x0000000000000000, Not Active, Not Active
2026/09/30 06:33:19.829, 2640, 13365, 167.33, 52, 0x0000000000000000, Not Active, Not Active
2026/09/30 06:33:19.929, 2640, 13365, 167.33, 52, 0x0000000000000000, Not Active, Not Active
2026/09/30 06:33:20.029, 2640, 13365, 167.33, 52, 0x0000000000000000, Not Active, Not Active
2026/09/30 06:33:20.129, 2640, 13365, 167.33, 52, 0x0000000000000000, Not Active, Not Active
2026/09/30 06:33:20.230, 2632, 13365, 153.76, 51, 0x0000000000000000, Not Active, Not Active
2026/09/30 06:33:20.330, 2632, 13365, 153.76, 51, 0x0000000000000000, Not Active, Not Active
2026/09/30 06:33:20.430, 2632, 13365, 153.76, 51, 0x0000000000000000, Not Active, Not Active
2026/09/30 06:33:20.530, 2632, 13365, 153.76, 51, 0x0000000000000000, Not Active, Not Active
2026/09/30 06:33:20.630, 2632, 13365, 153.76, 51, 0x0000000000000000, Not Active, Not Active
2026/09/30 06:33:20.730, 2602, 13365, 158.16, 55, 0x0000000000000000, Not Active, Not Active
2026/09/30 06:33:20.830, 2602, 13365, 158.16, 55, 0x0000000000000000, Not Active, Not Active
2026/09/30 06:33:20.930, 2602, 13365, 158.16, 55, 0x0000000000000000, Not Active, Not Active
2026/09/30 06:33:21.030, 2602, 13365, 158.16, 55, 0x0000000000000000, Not Active, Not Active
2026/09/30 06:33:21.131, 2602, 13365, 158.16, 55, 0x0000000000000000, Not Active, Not Active
2026/09/30 06:33:21.231, 2602, 13365, 180.60, 54, 0x0000000000000000, Not Active, Not Active
2026/09/30 06:33:21.331, 2602, 13365, 180.60, 54, 0x0000000000000000, Not Active, Not Active
2026/09/30 06:33:21.431, 2602, 13365, 180.60, 54, 0x0000000000000000, Not Active, Not Active
2026/09/30 06:33:21.532, 2602, 13365, 180.60, 54, 0x0000000000000000, Not Active, Not Active
2026/09/30 06:33:21.632, 2602, 13365, 180.60, 54, 0x0000000000000000, Not Active, Not Active
2026/09/30 06:33:21.732, 2602, 13365, 193.58, 54, 0x0000000000000000, Not Active, Not Active
2026/09/30 06:33:21.833, 2602, 13365, 193.58, 54, 0x0000000000000000, Not Active, Not Active
2026/09/30 06:33:21.933, 2602, 13365, 193.58, 54, 0x0000000000000000, Not Active, Not Active
2026/09/30 06:33:22.033, 2602, 13365, 193.58, 54, 0x0000000000000000, Not Active, Not Active
2026/09/30 06:33:22.133, 2602, 13365, 193.58, 54, 0x0000000000000000, Not Active, Not Active
2026/09/30 06:33:22.233, 2602, 13365, 186.74, 55, 0x0000000000000000, Not Active, Not Active
2026/09/30 06:33:22.334, 2602, 13365, 186.74, 55, 0x0000000000000000, Not Active, Not Active
2026/09/30 06:33:22.434, 2602, 13365, 186.74, 55, 0x0000000000000000, Not Active, Not Active
2026/09/30 06:33:22.534, 2602, 13365, 186.74, 55, 0x0000000000000000, Not Active, Not Active
2026/09/30 06:33:22.634, 2602, 13365, 186.74, 55, 0x0000000000000000, Not Active, Not Active
2026/09/30 06:33:22.734, 2610, 13365, 167.54, 52, 0x0000000000000000, Not Active, Not Active
2026/09/30 06:33:22.834, 2610, 13365, 167.54, 52, 0x0000000000000000, Not Active, Not Active
2026/09/30 06:33:22.934, 2610, 13365, 167.54, 52, 0x0000000000000000, Not Active, Not Active
2026/09/30 06:33:23.035, 2610, 13365, 167.54, 52, 0x0000000000000000, Not Active, Not Active
2026/09/30 06:33:23.135, 2610, 13365, 167.54, 52, 0x0000000000000000, Not Active, Not Active
2026/09/30 06:33:23.235, 2587, 13365, 143.05, 53, 0x0000000000000000, Not Active, Not Active
2026/09/30 06:33:23.336, 2587, 13365, 143.05, 53, 0x0000000000000000, Not Active, Not Active
2026/09/30 06:33:23.437, 2587, 13365, 143.05, 53, 0x0000000000000000, Not Active, Not Active
2026/09/30 06:33:23.537, 2587, 13365, 143.05, 53, 0x0000000000000000, Not Active, Not Active
2026/09/30 06:33:23.637, 2587, 13365, 143.05, 53, 0x0000000000000000, Not Active, Not Active
2026/09/30 06:33:23.737, 2557, 13365, 201.51, 57, 0x0000000000000000, Not Active, Not Active
2026/09/30 06:33:23.837, 2557, 13365, 201.51, 57, 0x0000000000000000, Not Active, Not Active
2026/09/30 06:33:23.937, 2557, 13365, 201.51, 57, 0x0000000000000000, Not Active, Not Active
2026/09/30 06:33:24.038, 2557, 13365, 201.51, 57, 0x0000000000000000, Not Active, Not Active
2026/09/30 06:33:24.138, 2557, 13365, 201.51, 57, 0x0000000000000000, Not Active, Not Active
2026/09/30 06:33:24.238, 2715, 13365, 247.16, 58, 0x0000000000000000, Not Active, Not Active
2026/09/30 06:33:24.338, 2715, 13365, 247.16, 58, 0x0000000000000000, Not Active, Not Active
2026/09/30 06:33:24.438, 2715, 13365, 247.16, 58, 0x0000000000000000, Not Active, Not Active
2026/09/30 06:33:24.538, 2715, 13365, 247.16, 58, 0x0000000000000000, Not Active, Not Active
2026/09/30 06:33:24.638, 2715, 13365, 247.16, 58, 0x0000000000000000, Not Active, Not Active
2026/09/30 06:33:24.739, 2655, 13365, 245.71, 58, 0x0000000000000000, Not Active, Not Active
2026/09/30 06:33:24.839, 2655, 13365, 245.71, 58, 0x0000000000000000, Not Active, Not Active
2026/09/30 06:33:24.939, 2655, 13365, 245.71, 58, 0x0000000000000000, Not Active, Not Active
2026/09/30 06:33:25.039, 2655, 13365, 245.71, 58, 0x0000000000000000, Not Active, Not Active
2026/09/30 06:33:25.139, 2655, 13365, 245.71, 58, 0x0000000000000000, Not Active, Not Active
2026/09/30 06:33:25.239, 2610, 13365, 251.42, 56, 0x0000000000000000, Not Active, Not Active
2026/09/30 06:33:25.339, 2610, 13365, 251.42, 56, 0x0000000000000000, Not Active, Not Active
2026/09/30 06:33:25.439, 2610, 13365, 251.42, 56, 0x0000000000000000, Not Active, Not Active
2026/09/30 06:33:25.540, 2610, 13365, 251.42, 56, 0x0000000000000000, Not Active, Not Active
2026/09/30 06:33:25.640, 2610, 13365, 251.42, 56, 0x0000000000000000, Not Active, Not Active
2026/09/30 06:33:25.740, 2805, 13365, 209.16, 53, 0x0000000000000000, Not Active, Not Active
2026/09/30 06:33:25.840, 2805, 13365, 209.16, 53, 0x0000000000000000, Not Active, Not Active
2026/09/30 06:33:25.940, 2805, 13365, 209.16, 53, 0x0000000000000000, Not Active, Not Active
2026/09/30 06:33:26.040, 2805, 13365, 209.16, 53, 0x0000000000000000, Not Active, Not Active
2026/09/30 06:33:26.141, 2805, 13365, 209.16, 53, 0x0000000000000000, Not Active, Not Active
2026/09/30 06:33:26.241, 2835, 13365, 141.85, 53, 0x0000000000000000, Not Active, Not Active
2026/09/30 06:33:26.341, 2835, 13365, 141.85, 53, 0x0000000000000000, Not Active, Not Active
2026/09/30 06:33:26.442, 2835, 13365, 141.85, 53, 0x0000000000000000, Not Active, Not Active
2026/09/30 06:33:26.542, 2835, 13365, 141.85, 53, 0x0000000000000000, Not Active, Not Active
2026/09/30 06:33:26.642, 2835, 13365, 141.85, 53, 0x0000000000000000, Not Active, Not Active
2026/09/30 06:33:26.742, 2835, 13365, 107.87, 53, 0x0000000000000000, Not Active, Not Active
2026/09/30 06:33:26.842, 2835, 13365, 107.87, 53, 0x0000000000000000, Not Active, Not Active
2026/09/30 06:33:26.942, 2835, 13365, 107.87, 53, 0x0000000000000000, Not Active, Not Active
2026/09/30 06:33:27.042, 2835, 13365, 107.87, 53, 0x0000000000000000, Not Active, Not Active
2026/09/30 06:33:27.143, 2835, 13365, 107.87, 53, 0x0000000000000000, Not Active, Not Active
2026/09/30 06:33:27.243, 2775, 13365, 108.63, 52, 0x0000000000000000, Not Active, Not Active
2026/09/30 06:33:27.343, 2775, 13365, 108.63, 52, 0x0000000000000000, Not Active, Not Active
2026/09/30 06:33:27.443, 2775, 13365, 108.63, 52, 0x0000000000000000, Not Active, Not Active
2026/09/30 06:33:27.543, 2775, 13365, 108.63, 52, 0x0000000000000000, Not Active, Not Active
2026/09/30 06:33:27.643, 2775, 13365, 108.63, 52, 0x0000000000000000, Not Active, Not Active
2026/09/30 06:33:27.743, 2692, 13365, 119.60, 52, 0x0000000000000000, Not Active, Not Active
2026/09/30 06:33:27.843, 2692, 13365, 119.60, 52, 0x0000000000000000, Not Active, Not Active
2026/09/30 06:33:27.944, 2692, 13365, 119.60, 52, 0x0000000000000000, Not Active, Not Active
2026/09/30 06:33:28.044, 2692, 13365, 119.60, 52, 0x0000000000000000, Not Active, Not Active
2026/09/30 06:33:28.144, 2692, 13365, 119.60, 52, 0x0000000000000000, Not Active, Not Active
2026/09/30 06:33:28.244, 2685, 13365, 126.64, 53, 0x0000000000000000, Not Active, Not Active
2026/09/30 06:33:28.344, 2685, 13365, 126.64, 53, 0x0000000000000000, Not Active, Not Active
2026/09/30 06:33:28.444, 2685, 13365, 126.64, 53, 0x0000000000000000, Not Active, Not Active
2026/09/30 06:33:28.545, 2685, 13365, 126.64, 53, 0x0000000000000000, Not Active, Not Active
2026/09/30 06:33:28.645, 2685, 13365, 126.64, 53, 0x0000000000000000, Not Active, Not Active
2026/09/30 06:33:28.745, 2655, 13365, 122.72, 53, 0x0000000000000000, Not Active, Not Active
2026/09/30 06:33:28.845, 2655, 13365, 122.72, 53, 0x0000000000000000, Not Active, Not Active
2026/09/30 06:33:28.946, 2655, 13365, 122.72, 53, 0x0000000000000000, Not Active, Not Active
2026/09/30 06:33:29.046, 2655, 13365, 122.72, 53, 0x0000000000000000, Not Active, Not Active
2026/09/30 06:33:29.146, 2655, 13365, 122.72, 53, 0x0000000000000000, Not Active, Not Active
2026/09/30 06:33:29.246, 2670, 13365, 123.79, 52, 0x0000000000000000, Not Active, Not Active
2026/09/30 06:33:29.346, 2670, 13365, 123.79, 52, 0x0000000000000000, Not Active, Not Active
2026/09/30 06:33:29.446, 2670, 13365, 123.79, 52, 0x0000000000000000, Not Active, Not Active
2026/09/30 06:33:29.546, 2670, 13365, 123.79, 52, 0x0000000000000000, Not Active, Not Active
2026/09/30 06:33:29.646, 2670, 13365, 123.79, 52, 0x0000000000000000, Not Active, Not Active
2026/09/30 06:33:29.746, 2692, 13365, 125.45, 53, 0x0000000000000000, Not Active, Not Active
2026/09/30 06:33:29.846, 2692, 13365, 125.45, 53, 0x0000000000000000, Not Active, Not Active
2026/09/30 06:33:29.947, 2692, 13365, 125.45, 53, 0x0000000000000000, Not Active, Not Active
2026/09/30 06:33:30.047, 2692, 13365, 125.45, 53, 0x0000000000000000, Not Active, Not Active
2026/09/30 06:33:30.147, 2692, 13365, 125.45, 53, 0x0000000000000000, Not Active, Not Active
2026/09/30 06:33:30.247, 2647, 13365, 125.62, 53, 0x0000000000000000, Not Active, Not Active
2026/09/30 06:33:30.347, 2647, 13365, 125.62, 53, 0x0000000000000000, Not Active, Not Active
2026/09/30 06:33:30.447, 2647, 13365, 125.62, 53, 0x0000000000000000, Not Active, Not Active
2026/09/30 06:33:30.547, 2647, 13365, 125.62, 53, 0x0000000000000000, Not Active, Not Active
2026/09/30 06:33:30.647, 2647, 13365, 125.62, 53, 0x0000000000000000, Not Active, Not Active
2026/09/30 06:33:30.747, 2700, 13365, 127.37, 52, 0x0000000000000000, Not Active, Not Active
2026/09/30 06:33:30.847, 2700, 13365, 127.37, 52, 0x0000000000000000, Not Active, Not Active
2026/09/30 06:33:30.948, 2700, 13365, 127.37, 52, 0x0000000000000000, Not Active, Not Active
2026/09/30 06:33:31.048, 2700, 13365, 127.37, 52, 0x0000000000000000, Not Active, Not Active
2026/09/30 06:33:31.148, 2700, 13365, 127.37, 52, 0x0000000000000000, Not Active, Not Active
2026/09/30 06:33:31.248, 2685, 13365, 130.76, 52, 0x0000000000000000, Not Active, Not Active
2026/09/30 06:33:31.348, 2685, 13365, 130.76, 52, 0x0000000000000000, Not Active, Not Active
2026/09/30 06:33:31.448, 2685, 13365, 130.76, 52, 0x0000000000000000, Not Active, Not Active
2026/09/30 06:33:31.548, 2685, 13365, 130.76, 52, 0x0000000000000000, Not Active, Not Active
2026/09/30 06:33:31.648, 2685, 13365, 130.76, 52, 0x0000000000000000, Not Active, Not Active
2026/09/30 06:33:31.748, 2655, 13365, 130.90, 53, 0x0000000000000000, Not Active, Not Active
2026/09/30 06:33:31.849, 2655, 13365, 130.90, 53, 0x0000000000000000, Not Active, Not Active
2026/09/30 06:33:31.949, 2655, 13365, 130.90, 53, 0x0000000000000000, Not Active, Not Active
2026/09/30 06:33:32.049, 2655, 13365, 130.90, 53, 0x0000000000000000, Not Active, Not Active
2026/09/30 06:33:32.149, 2655, 13365, 130.90, 53, 0x0000000000000000, Not Active, Not Active
2026/09/30 06:33:32.250, 2662, 13365, 130.39, 53, 0x0000000000000000, Not Active, Not Active
2026/09/30 06:33:32.350, 2662, 13365, 130.39, 53, 0x0000000000000000, Not Active, Not Active
2026/09/30 06:33:32.450, 2662, 13365, 130.39, 53, 0x0000000000000000, Not Active, Not Active
2026/09/30 06:33:32.550, 2662, 13365, 130.39, 53, 0x0000000000000000, Not Active, Not Active
2026/09/30 06:33:32.650, 2662, 13365, 130.39, 53, 0x0000000000000000, Not Active, Not Active
2026/09/30 06:33:32.751, 2685, 13365, 127.63, 52, 0x0000000000000000, Not Active, Not Active
2026/09/30 06:33:32.851, 2685, 13365, 127.63, 52, 0x0000000000000000, Not Active, Not Active
2026/09/30 06:33:32.951, 2685, 13365, 127.63, 52, 0x0000000000000000, Not Active, Not Active
2026/09/30 06:33:33.051, 2685, 13365, 127.63, 52, 0x0000000000000000, Not Active, Not Active
2026/09/30 06:33:33.151, 2685, 13365, 127.63, 52, 0x0000000000000000, Not Active, Not Active
2026/09/30 06:33:33.251, 2647, 13365, 125.43, 53, 0x0000000000000000, Not Active, Not Active
2026/09/30 06:33:33.351, 2647, 13365, 125.43, 53, 0x0000000000000000, Not Active, Not Active
2026/09/30 06:33:33.451, 2647, 13365, 125.43, 53, 0x0000000000000000, Not Active, Not Active
2026/09/30 06:33:33.552, 2647, 13365, 125.43, 53, 0x0000000000000000, Not Active, Not Active
2026/09/30 06:33:33.652, 2647, 13365, 125.43, 53, 0x0000000000000000, Not Active, Not Active
2026/09/30 06:33:33.752, 2685, 13365, 123.66, 52, 0x0000000000000000, Not Active, Not Active
2026/09/30 06:33:33.852, 2685, 13365, 123.66, 52, 0x0000000000000000, Not Active, Not Active
2026/09/30 06:33:33.952, 2685, 13365, 123.66, 52, 0x0000000000000000, Not Active, Not Active
2026/09/30 06:33:34.052, 2685, 13365, 123.66, 52, 0x0000000000000000, Not Active, Not Active
2026/09/30 06:33:34.152, 2685, 13365, 123.66, 52, 0x0000000000000000, Not Active, Not Active
2026/09/30 06:33:34.252, 2700, 13365, 136.22, 53, 0x0000000000000000, Not Active, Not Active
2026/09/30 06:33:34.353, 2700, 13365, 136.22, 53, 0x0000000000000000, Not Active, Not Active
2026/09/30 06:33:34.453, 2700, 13365, 136.22, 53, 0x0000000000000000, Not Active, Not Active
2026/09/30 06:33:34.553, 2700, 13365, 136.22, 53, 0x0000000000000000, Not Active, Not Active
2026/09/30 06:33:34.653, 2700, 13365, 136.22, 53, 0x0000000000000000, Not Active, Not Active
2026/09/30 06:33:34.753, 2670, 13365, 130.85, 52, 0x0000000000000000, Not Active, Not Active
2026/09/30 06:33:34.853, 2670, 13365, 130.85, 52, 0x0000000000000000, Not Active, Not Active
2026/09/30 06:33:34.954, 2670, 13365, 130.85, 52, 0x0000000000000000, Not Active, Not Active
2026/09/30 06:33:35.054, 2670, 13365, 130.85, 52, 0x0000000000000000, Not Active, Not Active
2026/09/30 06:33:35.154, 2670, 13365, 130.85, 52, 0x0000000000000000, Not Active, Not Active
2026/09/30 06:33:35.254, 2692, 13365, 128.18, 53, 0x0000000000000000, Not Active, Not Active
2026/09/30 06:33:35.354, 2692, 13365, 128.18, 53, 0x0000000000000000, Not Active, Not Active
2026/09/30 06:33:35.455, 2692, 13365, 128.18, 53, 0x0000000000000000, Not Active, Not Active
2026/09/30 06:33:35.555, 2692, 13365, 128.18, 53, 0x0000000000000000, Not Active, Not Active
2026/09/30 06:33:35.655, 2692, 13365, 128.18, 53, 0x0000000000000000, Not Active, Not Active
2026/09/30 06:33:35.755, 2685, 13365, 127.93, 53, 0x0000000000000000, Not Active, Not Active
2026/09/30 06:33:35.855, 2685, 13365, 127.93, 53, 0x0000000000000000, Not Active, Not Active
2026/09/30 06:33:35.955, 2685, 13365, 127.93, 53, 0x0000000000000000, Not Active, Not Active
2026/09/30 06:33:36.056, 2685, 13365, 127.93, 53, 0x0000000000000000, Not Active, Not Active
2026/09/30 06:33:36.156, 2685, 13365, 127.93, 53, 0x0000000000000000, Not Active, Not Active
2026/09/30 06:33:36.256, 2662, 13365, 131.88, 54, 0x0000000000000000, Not Active, Not Active
2026/09/30 06:33:36.357, 2662, 13365, 131.88, 54, 0x0000000000000000, Not Active, Not Active
2026/09/30 06:33:36.457, 2662, 13365, 131.88, 54, 0x0000000000000000, Not Active, Not Active
2026/09/30 06:33:36.557, 2662, 13365, 131.88, 54, 0x0000000000000000, Not Active, Not Active
2026/09/30 06:33:36.657, 2662, 13365, 131.88, 54, 0x0000000000000000, Not Active, Not Active
2026/09/30 06:33:36.757, 2700, 13365, 134.73, 52, 0x0000000000000000, Not Active, Not Active
2026/09/30 06:33:36.857, 2700, 13365, 134.73, 52, 0x0000000000000000, Not Active, Not Active
2026/09/30 06:33:36.958, 2700, 13365, 134.73, 52, 0x0000000000000000, Not Active, Not Active
2026/09/30 06:33:37.058, 2700, 13365, 134.73, 52, 0x0000000000000000, Not Active, Not Active
2026/09/30 06:33:37.158, 2700, 13365, 134.73, 52, 0x0000000000000000, Not Active, Not Active
2026/09/30 06:33:37.258, 2647, 13365, 123.75, 53, 0x0000000000000000, Not Active, Not Active
2026/09/30 06:33:37.359, 2647, 13365, 123.75, 53, 0x0000000000000000, Not Active, Not Active
2026/09/30 06:33:37.459, 2647, 13365, 123.75, 53, 0x0000000000000000, Not Active, Not Active
2026/09/30 06:33:37.559, 2647, 13365, 123.75, 53, 0x0000000000000000, Not Active, Not Active
2026/09/30 06:33:37.659, 2647, 13365, 123.75, 53, 0x0000000000000000, Not Active, Not Active
2026/09/30 06:33:37.760, 2685, 13365, 133.98, 53, 0x0000000000000000, Not Active, Not Active
2026/09/30 06:33:37.860, 2685, 13365, 133.98, 53, 0x0000000000000000, Not Active, Not Active
2026/09/30 06:33:37.960, 2685, 13365, 133.98, 53, 0x0000000000000000, Not Active, Not Active
2026/09/30 06:33:38.060, 2685, 13365, 133.98, 53, 0x0000000000000000, Not Active, Not Active
2026/09/30 06:33:38.160, 2685, 13365, 133.98, 53, 0x0000000000000000, Not Active, Not Active
2026/09/30 06:33:38.260, 2685, 13365, 148.99, 53, 0x0000000000000000, Not Active, Not Active
2026/09/30 06:33:38.360, 2685, 13365, 148.99, 53, 0x0000000000000000, Not Active, Not Active
2026/09/30 06:33:38.461, 2685, 13365, 148.99, 53, 0x0000000000000000, Not Active, Not Active
2026/09/30 06:33:38.561, 2685, 13365, 148.99, 53, 0x0000000000000000, Not Active, Not Active
2026/09/30 06:33:38.661, 2685, 13365, 148.99, 53, 0x0000000000000000, Not Active, Not Active
2026/09/30 06:33:38.761, 2655, 13365, 146.72, 53, 0x0000000000000000, Not Active, Not Active
2026/09/30 06:33:38.861, 2655, 13365, 146.72, 53, 0x0000000000000000, Not Active, Not Active
2026/09/30 06:33:38.961, 2655, 13365, 146.72, 53, 0x0000000000000000, Not Active, Not Active
2026/09/30 06:33:39.061, 2655, 13365, 146.72, 53, 0x0000000000000000, Not Active, Not Active
2026/09/30 06:33:39.162, 2655, 13365, 146.72, 53, 0x0000000000000000, Not Active, Not Active
2026/09/30 06:33:39.262, 2610, 13365, 126.54, 52, 0x0000000000000000, Not Active, Not Active
2026/09/30 06:33:39.362, 2610, 13365, 126.54, 52, 0x0000000000000000, Not Active, Not Active
2026/09/30 06:33:39.462, 2610, 13365, 126.54, 52, 0x0000000000000000, Not Active, Not Active
2026/09/30 06:33:39.562, 2610, 13365, 126.54, 52, 0x0000000000000000, Not Active, Not Active
2026/09/30 06:33:39.662, 2610, 13365, 126.54, 52, 0x0000000000000000, Not Active, Not Active
2026/09/30 06:33:39.762, 2662, 13365, 125.24, 53, 0x0000000000000000, Not Active, Not Active
2026/09/30 06:33:39.863, 2662, 13365, 125.24, 53, 0x0000000000000000, Not Active, Not Active
2026/09/30 06:33:39.963, 2662, 13365, 125.24, 53, 0x0000000000000000, Not Active, Not Active
2026/09/30 06:33:40.063, 2662, 13365, 125.24, 53, 0x0000000000000000, Not Active, Not Active
2026/09/30 06:33:40.164, 2662, 13365, 125.24, 53, 0x0000000000000000, Not Active, Not Active
2026/09/30 06:33:40.264, 2677, 13365, 156.14, 54, 0x0000000000000000, Not Active, Not Active
2026/09/30 06:33:40.364, 2677, 13365, 156.14, 54, 0x0000000000000000, Not Active, Not Active
2026/09/30 06:33:40.464, 2677, 13365, 156.14, 54, 0x0000000000000000, Not Active, Not Active
2026/09/30 06:33:40.564, 2677, 13365, 156.14, 54, 0x0000000000000000, Not Active, Not Active
2026/09/30 06:33:40.664, 2677, 13365, 156.14, 54, 0x0000000000000000, Not Active, Not Active
2026/09/30 06:33:40.764, 2647, 13365, 160.76, 54, 0x0000000000000000, Not Active, Not Active
2026/09/30 06:33:40.864, 2647, 13365, 160.76, 54, 0x0000000000000000, Not Active, Not Active
2026/09/30 06:33:40.965, 2647, 13365, 160.76, 54, 0x0000000000000000, Not Active, Not Active
2026/09/30 06:33:41.065, 2647, 13365, 160.76, 54, 0x0000000000000000, Not Active, Not Active
2026/09/30 06:33:41.165, 2647, 13365, 160.76, 54, 0x0000000000000000, Not Active, Not Active
2026/09/30 06:33:41.265, 2677, 13365, 174.99, 54, 0x0000000000000000, Not Active, Not Active
2026/09/30 06:33:41.365, 2677, 13365, 174.99, 54, 0x0000000000000000, Not Active, Not Active
2026/09/30 06:33:41.465, 2677, 13365, 174.99, 54, 0x0000000000000000, Not Active, Not Active
2026/09/30 06:33:41.565, 2677, 13365, 174.99, 54, 0x0000000000000000, Not Active, Not Active
2026/09/30 06:33:41.666, 2677, 13365, 174.99, 54, 0x0000000000000000, Not Active, Not Active
2026/09/30 06:33:41.766, 2752, 13365, 146.20, 53, 0x0000000000000000, Not Active, Not Active
2026/09/30 06:33:41.866, 2752, 13365, 146.20, 53, 0x0000000000000000, Not Active, Not Active
2026/09/30 06:33:41.966, 2752, 13365, 146.20, 53, 0x0000000000000000, Not Active, Not Active
2026/09/30 06:33:42.066, 2752, 13365, 146.20, 53, 0x0000000000000000, Not Active, Not Active
2026/09/30 06:33:42.166, 2752, 13365, 146.20, 53, 0x0000000000000000, Not Active, Not Active
2026/09/30 06:33:42.267, 2835, 13365, 105.19, 53, 0x0000000000000000, Not Active, Not Active
2026/09/30 06:33:42.367, 2835, 13365, 105.19, 53, 0x0000000000000000, Not Active, Not Active
2026/09/30 06:33:42.467, 2835, 13365, 105.19, 53, 0x0000000000000000, Not Active, Not Active
2026/09/30 06:33:42.567, 2835, 13365, 105.19, 53, 0x0000000000000000, Not Active, Not Active
2026/09/30 06:33:42.667, 2835, 13365, 105.19, 53, 0x0000000000000000, Not Active, Not Active
2026/09/30 06:33:42.767, 2692, 13365, 122.56, 53, 0x0000000000000000, Not Active, Not Active
2026/09/30 06:33:42.867, 2692, 13365, 122.56, 53, 0x0000000000000000, Not Active, Not Active
2026/09/30 06:33:42.968, 2692, 13365, 122.56, 53, 0x0000000000000000, Not Active, Not Active
2026/09/30 06:33:43.068, 2692, 13365, 122.56, 53, 0x0000000000000000, Not Active, Not Active
2026/09/30 06:33:43.168, 2692, 13365, 122.56, 53, 0x0000000000000000, Not Active, Not Active
2026/09/30 06:33:43.268, 2662, 13365, 125.03, 53, 0x0000000000000000, Not Active, Not Active
2026/09/30 06:33:43.368, 2662, 13365, 125.03, 53, 0x0000000000000000, Not Active, Not Active
2026/09/30 06:33:43.468, 2662, 13365, 125.03, 53, 0x0000000000000000, Not Active, Not Active
2026/09/30 06:33:43.568, 2662, 13365, 125.03, 53, 0x0000000000000000, Not Active, Not Active
2026/09/30 06:33:43.668, 2662, 13365, 125.03, 53, 0x0000000000000000, Not Active, Not Active
2026/09/30 06:33:43.769, 2677, 13365, 123.79, 53, 0x0000000000000000, Not Active, Not Active
2026/09/30 06:33:43.869, 2677, 13365, 123.79, 53, 0x0000000000000000, Not Active, Not Active
2026/09/30 06:33:43.969, 2677, 13365, 123.79, 53, 0x0000000000000000, Not Active, Not Active
2026/09/30 06:33:44.069, 2677, 13365, 123.79, 53, 0x0000000000000000, Not Active, Not Active
2026/09/30 06:33:44.170, 2677, 13365, 123.79, 53, 0x0000000000000000, Not Active, Not Active
2026/09/30 06:33:44.270, 2662, 13365, 125.26, 53, 0x0000000000000000, Not Active, Not Active
2026/09/30 06:33:44.370, 2662, 13365, 125.26, 53, 0x0000000000000000, Not Active, Not Active
2026/09/30 06:33:44.471, 2662, 13365, 125.26, 53, 0x0000000000000000, Not Active, Not Active
2026/09/30 06:33:44.571, 2662, 13365, 125.26, 53, 0x0000000000000000, Not Active, Not Active
2026/09/30 06:33:44.671, 2662, 13365, 125.26, 53, 0x0000000000000000, Not Active, Not Active
2026/09/30 06:33:44.771, 2662, 13365, 125.94, 53, 0x0000000000000000, Not Active, Not Active
2026/09/30 06:33:44.871, 2662, 13365, 125.94, 53, 0x0000000000000000, Not Active, Not Active
2026/09/30 06:33:44.972, 2662, 13365, 125.94, 53, 0x0000000000000000, Not Active, Not Active
2026/09/30 06:33:45.072, 2662, 13365, 125.94, 53, 0x0000000000000000, Not Active, Not Active
2026/09/30 06:33:45.172, 2662, 13365, 125.94, 53, 0x0000000000000000, Not Active, Not Active
2026/09/30 06:33:45.272, 2670, 13365, 128.21, 53, 0x0000000000000000, Not Active, Not Active
2026/09/30 06:33:45.372, 2670, 13365, 128.21, 53, 0x0000000000000000, Not Active, Not Active
2026/09/30 06:33:45.472, 2670, 13365, 128.21, 53, 0x0000000000000000, Not Active, Not Active
2026/09/30 06:33:45.572, 2670, 13365, 128.21, 53, 0x0000000000000000, Not Active, Not Active
2026/09/30 06:33:45.673, 2670, 13365, 128.21, 53, 0x0000000000000000, Not Active, Not Active
2026/09/30 06:33:45.773, 2700, 13365, 133.50, 52, 0x0000000000000000, Not Active, Not Active
2026/09/30 06:33:45.873, 2700, 13365, 133.50, 52, 0x0000000000000000, Not Active, Not Active
2026/09/30 06:33:45.973, 2700, 13365, 133.50, 52, 0x0000000000000000, Not Active, Not Active
2026/09/30 06:33:46.073, 2700, 13365, 133.50, 52, 0x0000000000000000, Not Active, Not Active
2026/09/30 06:33:46.173, 2700, 13365, 133.50, 52, 0x0000000000000000, Not Active, Not Active
2026/09/30 06:33:46.273, 2685, 13365, 131.25, 53, 0x0000000000000000, Not Active, Not Active
2026/09/30 06:33:46.373, 2685, 13365, 131.25, 53, 0x0000000000000000, Not Active, Not Active
2026/09/30 06:33:46.474, 2685, 13365, 131.25, 53, 0x0000000000000000, Not Active, Not Active
2026/09/30 06:33:46.574, 2685, 13365, 131.25, 53, 0x0000000000000000, Not Active, Not Active
2026/09/30 06:33:46.674, 2685, 13365, 131.25, 53, 0x0000000000000000, Not Active, Not Active
2026/09/30 06:33:46.774, 2662, 13365, 127.97, 53, 0x0000000000000000, Not Active, Not Active
2026/09/30 06:33:46.874, 2662, 13365, 127.97, 53, 0x0000000000000000, Not Active, Not Active
2026/09/30 06:33:46.974, 2662, 13365, 127.97, 53, 0x0000000000000000, Not Active, Not Active
2026/09/30 06:33:47.074, 2662, 13365, 127.97, 53, 0x0000000000000000, Not Active, Not Active
2026/09/30 06:33:47.174, 2662, 13365, 127.97, 53, 0x0000000000000000, Not Active, Not Active
2026/09/30 06:33:47.274, 2685, 13365, 130.03, 53, 0x0000000000000000, Not Active, Not Active
2026/09/30 06:33:47.374, 2685, 13365, 130.03, 53, 0x0000000000000000, Not Active, Not Active
2026/09/30 06:33:47.475, 2685, 13365, 130.03, 53, 0x0000000000000000, Not Active, Not Active
2026/09/30 06:33:47.575, 2685, 13365, 130.03, 53, 0x0000000000000000, Not Active, Not Active
2026/09/30 06:33:47.675, 2685, 13365, 130.03, 53, 0x0000000000000000, Not Active, Not Active
2026/09/30 06:33:47.775, 2685, 13365, 131.97, 52, 0x0000000000000000, Not Active, Not Active
2026/09/30 06:33:47.875, 2685, 13365, 131.97, 52, 0x0000000000000000, Not Active, Not Active
2026/09/30 06:33:47.975, 2685, 13365, 131.97, 52, 0x0000000000000000, Not Active, Not Active
2026/09/30 06:33:48.075, 2685, 13365, 131.97, 52, 0x0000000000000000, Not Active, Not Active
2026/09/30 06:33:48.175, 2685, 13365, 131.97, 52, 0x0000000000000000, Not Active, Not Active
2026/09/30 06:33:48.275, 2647, 13365, 124.01, 53, 0x0000000000000000, Not Active, Not Active
2026/09/30 06:33:48.376, 2647, 13365, 124.01, 53, 0x0000000000000000, Not Active, Not Active
2026/09/30 06:33:48.476, 2647, 13365, 124.01, 53, 0x0000000000000000, Not Active, Not Active
2026/09/30 06:33:48.576, 2647, 13365, 124.01, 53, 0x0000000000000000, Not Active, Not Active
2026/09/30 06:33:48.676, 2647, 13365, 124.01, 53, 0x0000000000000000, Not Active, Not Active
2026/09/30 06:33:48.776, 2700, 13365, 131.64, 53, 0x0000000000000000, Not Active, Not Active
2026/09/30 06:33:48.876, 2700, 13365, 131.64, 53, 0x0000000000000000, Not Active, Not Active
2026/09/30 06:33:48.976, 2700, 13365, 131.64, 53, 0x0000000000000000, Not Active, Not Active
2026/09/30 06:33:49.076, 2700, 13365, 131.64, 53, 0x0000000000000000, Not Active, Not Active
2026/09/30 06:33:49.176, 2700, 13365, 131.64, 53, 0x0000000000000000, Not Active, Not Active
2026/09/30 06:33:49.276, 2685, 13365, 137.16, 54, 0x0000000000000000, Not Active, Not Active
2026/09/30 06:33:49.377, 2685, 13365, 137.16, 54, 0x0000000000000000, Not Active, Not Active
2026/09/30 06:33:49.477, 2685, 13365, 137.16, 54, 0x0000000000000000, Not Active, Not Active
2026/09/30 06:33:49.577, 2685, 13365, 137.16, 54, 0x0000000000000000, Not Active, Not Active
2026/09/30 06:33:49.677, 2685, 13365, 137.16, 54, 0x0000000000000000, Not Active, Not Active
2026/09/30 06:33:49.777, 2647, 13365, 127.90, 53, 0x0000000000000000, Not Active, Not Active
2026/09/30 06:33:49.877, 2647, 13365, 127.90, 53, 0x0000000000000000, Not Active, Not Active
2026/09/30 06:33:49.977, 2647, 13365, 127.90, 53, 0x0000000000000000, Not Active, Not Active
2026/09/30 06:33:50.077, 2647, 13365, 127.90, 53, 0x0000000000000000, Not Active, Not Active
2026/09/30 06:33:50.178, 2647, 13365, 127.90, 53, 0x0000000000000000, Not Active, Not Active
2026/09/30 06:33:50.278, 2670, 13365, 123.54, 53, 0x0000000000000000, Not Active, Not Active
2026/09/30 06:33:50.378, 2670, 13365, 123.54, 53, 0x0000000000000000, Not Active, Not Active
2026/09/30 06:33:50.478, 2670, 13365, 123.54, 53, 0x0000000000000000, Not Active, Not Active
2026/09/30 06:33:50.578, 2670, 13365, 123.54, 53, 0x0000000000000000, Not Active, Not Active
2026/09/30 06:33:50.678, 2670, 13365, 123.54, 53, 0x0000000000000000, Not Active, Not Active
2026/09/30 06:33:50.778, 2655, 13365, 129.88, 54, 0x0000000000000000, Not Active, Not Active
2026/09/30 06:33:50.878, 2655, 13365, 129.88, 54, 0x0000000000000000, Not Active, Not Active
2026/09/30 06:33:50.978, 2655, 13365, 129.88, 54, 0x0000000000000000, Not Active, Not Active
2026/09/30 06:33:51.078, 2655, 13365, 129.88, 54, 0x0000000000000000, Not Active, Not Active
2026/09/30 06:33:51.179, 2655, 13365, 129.88, 54, 0x0000000000000000, Not Active, Not Active
2026/09/30 06:33:51.279, 2662, 13365, 132.13, 53, 0x0000000000000000, Not Active, Not Active
2026/09/30 06:33:51.379, 2662, 13365, 132.13, 53, 0x0000000000000000, Not Active, Not Active
2026/09/30 06:33:51.479, 2662, 13365, 132.13, 53, 0x0000000000000000, Not Active, Not Active
2026/09/30 06:33:51.579, 2662, 13365, 132.13, 53, 0x0000000000000000, Not Active, Not Active
2026/09/30 06:33:51.679, 2662, 13365, 132.13, 53, 0x0000000000000000, Not Active, Not Active
2026/09/30 06:33:51.779, 2692, 13365, 139.68, 54, 0x0000000000000000, Not Active, Not Active
2026/09/30 06:33:51.879, 2692, 13365, 139.68, 54, 0x0000000000000000, Not Active, Not Active
2026/09/30 06:33:51.979, 2692, 13365, 139.68, 54, 0x0000000000000000, Not Active, Not Active
2026/09/30 06:33:52.079, 2692, 13365, 139.68, 54, 0x0000000000000000, Not Active, Not Active
2026/09/30 06:33:52.180, 2692, 13365, 139.68, 54, 0x0000000000000000, Not Active, Not Active
2026/09/30 06:33:52.280, 2610, 13365, 122.43, 52, 0x0000000000000000, Not Active, Not Active
2026/09/30 06:33:52.380, 2610, 13365, 122.43, 52, 0x0000000000000000, Not Active, Not Active
2026/09/30 06:33:52.480, 2610, 13365, 122.43, 52, 0x0000000000000000, Not Active, Not Active
2026/09/30 06:33:52.580, 2610, 13365, 122.43, 52, 0x0000000000000000, Not Active, Not Active
2026/09/30 06:33:52.680, 2610, 13365, 122.43, 52, 0x0000000000000000, Not Active, Not Active
2026/09/30 06:33:52.780, 2685, 13365, 123.58, 54, 0x0000000000000000, Not Active, Not Active
2026/09/30 06:33:52.880, 2685, 13365, 123.58, 54, 0x0000000000000000, Not Active, Not Active
2026/09/30 06:33:52.981, 2685, 13365, 123.58, 54, 0x0000000000000000, Not Active, Not Active
2026/09/30 06:33:53.081, 2685, 13365, 123.58, 54, 0x0000000000000000, Not Active, Not Active
2026/09/30 06:33:53.181, 2685, 13365, 123.58, 54, 0x0000000000000000, Not Active, Not Active
2026/09/30 06:33:53.281, 2647, 13365, 142.85, 54, 0x0000000000000000, Not Active, Not Active
2026/09/30 06:33:53.381, 2647, 13365, 142.85, 54, 0x0000000000000000, Not Active, Not Active
2026/09/30 06:33:53.481, 2647, 13365, 142.85, 54, 0x0000000000000000, Not Active, Not Active
2026/09/30 06:33:53.581, 2647, 13365, 142.85, 54, 0x0000000000000000, Not Active, Not Active
2026/09/30 06:33:53.682, 2647, 13365, 142.85, 54, 0x0000000000000000, Not Active, Not Active
2026/09/30 06:33:53.782, 2685, 13365, 146.02, 53, 0x0000000000000000, Not Active, Not Active
2026/09/30 06:33:53.882, 2685, 13365, 146.02, 53, 0x0000000000000000, Not Active, Not Active
2026/09/30 06:33:53.982, 2685, 13365, 146.02, 53, 0x0000000000000000, Not Active, Not Active
2026/09/30 06:33:54.082, 2685, 13365, 146.02, 53, 0x0000000000000000, Not Active, Not Active
2026/09/30 06:33:54.182, 2685, 13365, 146.02, 53, 0x0000000000000000, Not Active, Not Active
2026/09/30 06:33:54.282, 2670, 13365, 142.07, 53, 0x0000000000000000, Not Active, Not Active
2026/09/30 06:33:54.382, 2670, 13365, 142.07, 53, 0x0000000000000000, Not Active, Not Active
2026/09/30 06:33:54.483, 2670, 13365, 142.07, 53, 0x0000000000000000, Not Active, Not Active
2026/09/30 06:33:54.583, 2670, 13365, 142.07, 53, 0x0000000000000000, Not Active, Not Active
2026/09/30 06:33:54.683, 2670, 13365, 142.07, 53, 0x0000000000000000, Not Active, Not Active
2026/09/30 06:33:54.783, 2610, 13365, 112.99, 54, 0x0000000000000000, Not Active, Not Active
2026/09/30 06:33:54.883, 2610, 13365, 112.99, 54, 0x0000000000000000, Not Active, Not Active
2026/09/30 06:33:54.983, 2610, 13365, 112.99, 54, 0x0000000000000000, Not Active, Not Active
2026/09/30 06:33:55.083, 2610, 13365, 112.99, 54, 0x0000000000000000, Not Active, Not Active
2026/09/30 06:33:55.184, 2610, 13365, 112.99, 54, 0x0000000000000000, Not Active, Not Active
2026/09/30 06:33:55.284, 2655, 13365, 132.50, 54, 0x0000000000000000, Not Active, Not Active
2026/09/30 06:33:55.384, 2655, 13365, 132.50, 54, 0x0000000000000000, Not Active, Not Active
2026/09/30 06:33:55.484, 2655, 13365, 132.50, 54, 0x0000000000000000, Not Active, Not Active
2026/09/30 06:33:55.584, 2655, 13365, 132.50, 54, 0x0000000000000000, Not Active, Not Active
2026/09/30 06:33:55.685, 2655, 13365, 132.50, 54, 0x0000000000000000, Not Active, Not Active
2026/09/30 06:33:55.785, 2677, 13365, 172.08, 54, 0x0000000000000000, Not Active, Not Active
2026/09/30 06:33:55.885, 2677, 13365, 172.08, 54, 0x0000000000000000, Not Active, Not Active
2026/09/30 06:33:55.985, 2677, 13365, 172.08, 54, 0x0000000000000000, Not Active, Not Active
2026/09/30 06:33:56.085, 2677, 13365, 172.08, 54, 0x0000000000000000, Not Active, Not Active
2026/09/30 06:33:56.185, 2677, 13365, 172.08, 54, 0x0000000000000000, Not Active, Not Active
2026/09/30 06:33:56.285, 2685, 13365, 176.25, 55, 0x0000000000000000, Not Active, Not Active
2026/09/30 06:33:56.386, 2685, 13365, 176.25, 55, 0x0000000000000000, Not Active, Not Active
2026/09/30 06:33:56.486, 2685, 13365, 176.25, 55, 0x0000000000000000, Not Active, Not Active
2026/09/30 06:33:56.586, 2685, 13365, 176.25, 55, 0x0000000000000000, Not Active, Not Active
2026/09/30 06:33:56.686, 2685, 13365, 176.25, 55, 0x0000000000000000, Not Active, Not Active
2026/09/30 06:33:56.786, 2647, 13365, 152.26, 53, 0x0000000000000000, Not Active, Not Active
2026/09/30 06:33:56.886, 2647, 13365, 152.26, 53, 0x0000000000000000, Not Active, Not Active
2026/09/30 06:33:56.986, 2647, 13365, 152.26, 53, 0x0000000000000000, Not Active, Not Active
2026/09/30 06:33:57.087, 2647, 13365, 152.26, 53, 0x0000000000000000, Not Active, Not Active
2026/09/30 06:33:57.187, 2647, 13365, 152.26, 53, 0x0000000000000000, Not Active, Not Active
2026/09/30 06:33:57.287, 2685, 13365, 149.33, 54, 0x0000000000000000, Not Active, Not Active
2026/09/30 06:33:57.387, 2685, 13365, 149.33, 54, 0x0000000000000000, Not Active, Not Active
2026/09/30 06:33:57.487, 2685, 13365, 149.33, 54, 0x0000000000000000, Not Active, Not Active
2026/09/30 06:33:57.588, 2685, 13365, 149.33, 54, 0x0000000000000000, Not Active, Not Active
2026/09/30 06:33:57.688, 2685, 13365, 149.33, 54, 0x0000000000000000, Not Active, Not Active
2026/09/30 06:33:57.788, 2677, 13365, 139.89, 53, 0x0000000000000000, Not Active, Not Active
2026/09/30 06:33:57.889, 2677, 13365, 139.89, 53, 0x0000000000000000, Not Active, Not Active
2026/09/30 06:33:57.990, 2677, 13365, 139.89, 53, 0x0000000000000000, Not Active, Not Active
2026/09/30 06:33:58.090, 2677, 13365, 139.89, 53, 0x0000000000000000, Not Active, Not Active
2026/09/30 06:33:58.190, 2655, 13365, 138.06, 53, 0x0000000000000000, Not Active, Not Active
2026/09/30 06:33:58.290, 2655, 13365, 138.06, 53, 0x0000000000000000, Not Active, Not Active
2026/09/30 06:33:58.391, 2655, 13365, 138.06, 53, 0x0000000000000000, Not Active, Not Active
2026/09/30 06:33:58.491, 2655, 13365, 138.06, 53, 0x0000000000000000, Not Active, Not Active
2026/09/30 06:33:58.591, 2655, 13365, 138.06, 53, 0x0000000000000000, Not Active, Not Active
2026/09/30 06:33:58.691, 2640, 13365, 137.34, 54, 0x0000000000000000, Not Active, Not Active
2026/09/30 06:33:58.791, 2640, 13365, 137.34, 54, 0x0000000000000000, Not Active, Not Active
2026/09/30 06:33:58.892, 2640, 13365, 137.34, 54, 0x0000000000000000, Not Active, Not Active
2026/09/30 06:33:58.992, 2640, 13365, 137.34, 54, 0x0000000000000000, Not Active, Not Active
2026/09/30 06:33:59.092, 2640, 13365, 137.34, 54, 0x0000000000000000, Not Active, Not Active
2026/09/30 06:33:59.192, 2640, 13365, 140.87, 54, 0x0000000000000000, Not Active, Not Active
2026/09/30 06:33:59.293, 2640, 13365, 140.87, 54, 0x0000000000000000, Not Active, Not Active
2026/09/30 06:33:59.393, 2640, 13365, 140.87, 54, 0x0000000000000000, Not Active, Not Active
2026/09/30 06:33:59.494, 2640, 13365, 140.87, 54, 0x0000000000000000, Not Active, Not Active
2026/09/30 06:33:59.594, 2640, 13365, 140.87, 54, 0x0000000000000000, Not Active, Not Active
2026/09/30 06:33:59.694, 2662, 13365, 144.53, 53, 0x0000000000000000, Not Active, Not Active
2026/09/30 06:33:59.794, 2662, 13365, 144.53, 53, 0x0000000000000000, Not Active, Not Active
2026/09/30 06:33:59.895, 2662, 13365, 144.53, 53, 0x0000000000000000, Not Active, Not Active
2026/09/30 06:33:59.995, 2662, 13365, 144.53, 53, 0x0000000000000000, Not Active, Not Active
2026/09/30 06:34:00.095, 2662, 13365, 144.53, 53, 0x0000000000000000, Not Active, Not Active
2026/09/30 06:34:00.195, 2670, 13365, 143.50, 53, 0x0000000000000000, Not Active, Not Active
2026/09/30 06:34:00.295, 2670, 13365, 143.50, 53, 0x0000000000000000, Not Active, Not Active
2026/09/30 06:34:00.396, 2670, 13365, 143.50, 53, 0x0000000000000000, Not Active, Not Active
2026/09/30 06:34:00.496, 2670, 13365, 143.50, 53, 0x0000000000000000, Not Active, Not Active
2026/09/30 06:34:00.596, 2670, 13365, 143.50, 53, 0x0000000000000000, Not Active, Not Active
2026/09/30 06:34:00.696, 2640, 13365, 141.71, 54, 0x0000000000000000, Not Active, Not Active
2026/09/30 06:34:00.796, 2640, 13365, 141.71, 54, 0x0000000000000000, Not Active, Not Active
2026/09/30 06:34:00.896, 2640, 13365, 141.71, 54, 0x0000000000000000, Not Active, Not Active
2026/09/30 06:34:00.996, 2640, 13365, 141.71, 54, 0x0000000000000000, Not Active, Not Active
2026/09/30 06:34:01.096, 2640, 13365, 141.71, 54, 0x0000000000000000, Not Active, Not Active
2026/09/30 06:34:01.197, 2625, 13365, 141.12, 54, 0x0000000000000000, Not Active, Not Active
2026/09/30 06:34:01.297, 2625, 13365, 141.12, 54, 0x0000000000000000, Not Active, Not Active
2026/09/30 06:34:01.397, 2625, 13365, 141.12, 54, 0x0000000000000000, Not Active, Not Active
2026/09/30 06:34:01.497, 2625, 13365, 141.12, 54, 0x0000000000000000, Not Active, Not Active
2026/09/30 06:34:01.597, 2625, 13365, 141.12, 54, 0x0000000000000000, Not Active, Not Active
2026/09/30 06:34:01.698, 2632, 13365, 150.78, 55, 0x0000000000000000, Not Active, Not Active
2026/09/30 06:34:01.798, 2632, 13365, 150.78, 55, 0x0000000000000000, Not Active, Not Active
2026/09/30 06:34:01.898, 2632, 13365, 150.78, 55, 0x0000000000000000, Not Active, Not Active
2026/09/30 06:34:01.999, 2632, 13365, 150.78, 55, 0x0000000000000000, Not Active, Not Active
2026/09/30 06:34:02.099, 2632, 13365, 150.78, 55, 0x0000000000000000, Not Active, Not Active
2026/09/30 06:34:02.199, 2640, 13365, 148.88, 53, 0x0000000000000000, Not Active, Not Active
2026/09/30 06:34:02.299, 2640, 13365, 148.88, 53, 0x0000000000000000, Not Active, Not Active
2026/09/30 06:34:02.399, 2640, 13365, 148.88, 53, 0x0000000000000000, Not Active, Not Active
2026/09/30 06:34:02.500, 2640, 13365, 148.88, 53, 0x0000000000000000, Not Active, Not Active
2026/09/30 06:34:02.600, 2640, 13365, 148.88, 53, 0x0000000000000000, Not Active, Not Active
2026/09/30 06:34:02.700, 2625, 13365, 150.27, 55, 0x0000000000000000, Not Active, Not Active
2026/09/30 06:34:02.800, 2625, 13365, 150.27, 55, 0x0000000000000000, Not Active, Not Active
2026/09/30 06:34:02.900, 2625, 13365, 150.27, 55, 0x0000000000000000, Not Active, Not Active
2026/09/30 06:34:03.000, 2625, 13365, 150.27, 55, 0x0000000000000000, Not Active, Not Active
2026/09/30 06:34:03.100, 2625, 13365, 150.27, 55, 0x0000000000000000, Not Active, Not Active
2026/09/30 06:34:03.200, 2617, 13365, 161.30, 55, 0x0000000000000000, Not Active, Not Active
2026/09/30 06:34:03.301, 2617, 13365, 161.30, 55, 0x0000000000000000, Not Active, Not Active
2026/09/30 06:34:03.401, 2617, 13365, 161.30, 55, 0x0000000000000000, Not Active, Not Active
2026/09/30 06:34:03.501, 2617, 13365, 161.30, 55, 0x0000000000000000, Not Active, Not Active
2026/09/30 06:34:03.601, 2617, 13365, 161.30, 55, 0x0000000000000000, Not Active, Not Active
2026/09/30 06:34:03.701, 2617, 13365, 176.13, 55, 0x0000000000000000, Not Active, Not Active
2026/09/30 06:34:03.801, 2617, 13365, 176.13, 55, 0x0000000000000000, Not Active, Not Active
2026/09/30 06:34:03.901, 2617, 13365, 176.13, 55, 0x0000000000000000, Not Active, Not Active
2026/09/30 06:34:04.001, 2617, 13365, 176.13, 55, 0x0000000000000000, Not Active, Not Active
2026/09/30 06:34:04.101, 2617, 13365, 176.13, 55, 0x0000000000000000, Not Active, Not Active
2026/09/30 06:34:04.201, 2617, 13365, 178.00, 56, 0x0000000000000000, Not Active, Not Active
2026/09/30 06:34:04.302, 2617, 13365, 178.00, 56, 0x0000000000000000, Not Active, Not Active
2026/09/30 06:34:04.402, 2617, 13365, 178.00, 56, 0x0000000000000000, Not Active, Not Active
2026/09/30 06:34:04.502, 2617, 13365, 178.00, 56, 0x0000000000000000, Not Active, Not Active
2026/09/30 06:34:04.602, 2617, 13365, 178.00, 56, 0x0000000000000000, Not Active, Not Active
2026/09/30 06:34:04.702, 2617, 13365, 170.65, 53, 0x0000000000000000, Not Active, Not Active
2026/09/30 06:34:04.802, 2617, 13365, 170.65, 53, 0x0000000000000000, Not Active, Not Active
2026/09/30 06:34:04.902, 2617, 13365, 170.65, 53, 0x0000000000000000, Not Active, Not Active
2026/09/30 06:34:05.002, 2617, 13365, 170.65, 53, 0x0000000000000000, Not Active, Not Active
2026/09/30 06:34:05.103, 2617, 13365, 170.65, 53, 0x0000000000000000, Not Active, Not Active
2026/09/30 06:34:05.203, 2587, 13365, 171.25, 56, 0x0000000000000000, Not Active, Not Active
2026/09/30 06:34:05.303, 2587, 13365, 171.25, 56, 0x0000000000000000, Not Active, Not Active
2026/09/30 06:34:05.403, 2587, 13365, 171.25, 56, 0x0000000000000000, Not Active, Not Active
2026/09/30 06:34:05.503, 2587, 13365, 171.25, 56, 0x0000000000000000, Not Active, Not Active
2026/09/30 06:34:05.603, 2587, 13365, 171.25, 56, 0x0000000000000000, Not Active, Not Active
2026/09/30 06:34:05.703, 2580, 13365, 197.72, 57, 0x0000000000000000, Not Active, Not Active
2026/09/30 06:34:05.803, 2580, 13365, 197.72, 57, 0x0000000000000000, Not Active, Not Active
2026/09/30 06:34:05.903, 2580, 13365, 197.72, 57, 0x0000000000000000, Not Active, Not Active
2026/09/30 06:34:06.003, 2580, 13365, 197.72, 57, 0x0000000000000000, Not Active, Not Active
2026/09/30 06:34:06.103, 2580, 13365, 197.72, 57, 0x0000000000000000, Not Active, Not Active
2026/09/30 06:34:06.204, 2572, 13365, 208.73, 57, 0x0000000000000000, Not Active, Not Active
2026/09/30 06:34:06.304, 2572, 13365, 208.73, 57, 0x0000000000000000, Not Active, Not Active
2026/09/30 06:34:06.404, 2572, 13365, 208.73, 57, 0x0000000000000000, Not Active, Not Active
2026/09/30 06:34:06.504, 2572, 13365, 208.73, 57, 0x0000000000000000, Not Active, Not Active
2026/09/30 06:34:06.604, 2572, 13365, 208.73, 57, 0x0000000000000000, Not Active, Not Active
2026/09/30 06:34:06.704, 2587, 13365, 203.27, 56, 0x0000000000000000, Not Active, Not Active
2026/09/30 06:34:06.804, 2587, 13365, 203.27, 56, 0x0000000000000000, Not Active, Not Active
2026/09/30 06:34:06.904, 2587, 13365, 203.27, 56, 0x0000000000000000, Not Active, Not Active
2026/09/30 06:34:07.004, 2587, 13365, 203.27, 56, 0x0000000000000000, Not Active, Not Active
2026/09/30 06:34:07.105, 2587, 13365, 203.27, 56, 0x0000000000000000, Not Active, Not Active
2026/09/30 06:34:07.205, 2587, 13365, 185.15, 54, 0x0000000000000000, Not Active, Not Active
2026/09/30 06:34:07.305, 2587, 13365, 185.15, 54, 0x0000000000000000, Not Active, Not Active
2026/09/30 06:34:07.405, 2587, 13365, 185.15, 54, 0x0000000000000000, Not Active, Not Active
2026/09/30 06:34:07.505, 2587, 13365, 185.15, 54, 0x0000000000000000, Not Active, Not Active
2026/09/30 06:34:07.605, 2587, 13365, 185.15, 54, 0x0000000000000000, Not Active, Not Active
2026/09/30 06:34:07.705, 2565, 13365, 171.49, 59, 0x0000000000000000, Not Active, Not Active
2026/09/30 06:34:07.805, 2565, 13365, 171.49, 59, 0x0000000000000000, Not Active, Not Active
2026/09/30 06:34:07.905, 2565, 13365, 171.49, 59, 0x0000000000000000, Not Active, Not Active
2026/09/30 06:34:08.006, 2565, 13365, 171.49, 59, 0x0000000000000000, Not Active, Not Active
2026/09/30 06:34:08.106, 2565, 13365, 171.49, 59, 0x0000000000000000, Not Active, Not Active
2026/09/30 06:34:08.206, 2512, 13365, 223.49, 56, 0x0000000000000000, Not Active, Not Active
2026/09/30 06:34:08.306, 2512, 13365, 223.49, 56, 0x0000000000000000, Not Active, Not Active
2026/09/30 06:34:08.406, 2512, 13365, 223.49, 56, 0x0000000000000000, Not Active, Not Active
2026/09/30 06:34:08.506, 2512, 13365, 223.49, 56, 0x0000000000000000, Not Active, Not Active
2026/09/30 06:34:08.606, 2512, 13365, 223.49, 56, 0x0000000000000000, Not Active, Not Active
2026/09/30 06:34:08.706, 2550, 13365, 276.07, 62, 0x0000000000000000, Not Active, Not Active
2026/09/30 06:34:08.806, 2550, 13365, 276.07, 62, 0x0000000000000000, Not Active, Not Active
2026/09/30 06:34:08.906, 2550, 13365, 276.07, 62, 0x0000000000000000, Not Active, Not Active
2026/09/30 06:34:09.007, 2550, 13365, 276.07, 62, 0x0000000000000000, Not Active, Not Active
2026/09/30 06:34:09.107, 2550, 13365, 276.07, 62, 0x0000000000000000, Not Active, Not Active
2026/09/30 06:34:09.207, 2700, 13365, 270.08, 61, 0x0000000000000004, Active, Not Active
2026/09/30 06:34:09.307, 2700, 13365, 270.08, 61, 0x0000000000000004, Active, Not Active
2026/09/30 06:34:09.407, 2700, 13365, 270.08, 61, 0x0000000000000004, Active, Not Active
2026/09/30 06:34:09.507, 2700, 13365, 270.08, 61, 0x0000000000000004, Active, Not Active
2026/09/30 06:34:09.607, 2700, 13365, 270.08, 61, 0x0000000000000004, Active, Not Active
2026/09/30 06:34:09.707, 2610, 13365, 276.38, 58, 0x0000000000000000, Not Active, Not Active
2026/09/30 06:34:09.807, 2610, 13365, 276.38, 58, 0x0000000000000000, Not Active, Not Active
2026/09/30 06:34:09.908, 2610, 13365, 276.38, 58, 0x0000000000000000, Not Active, Not Active
2026/09/30 06:34:10.008, 2610, 13365, 276.38, 58, 0x0000000000000000, Not Active, Not Active
2026/09/30 06:34:10.108, 2610, 13365, 276.38, 58, 0x0000000000000000, Not Active, Not Active
2026/09/30 06:34:10.208, 2707, 13365, 237.02, 55, 0x0000000000000000, Not Active, Not Active
2026/09/30 06:34:10.308, 2707, 13365, 237.02, 55, 0x0000000000000000, Not Active, Not Active
2026/09/30 06:34:10.408, 2707, 13365, 237.02, 55, 0x0000000000000000, Not Active, Not Active
2026/09/30 06:34:10.508, 2707, 13365, 237.02, 55, 0x0000000000000000, Not Active, Not Active
2026/09/30 06:34:10.609, 2707, 13365, 237.02, 55, 0x0000000000000000, Not Active, Not Active
2026/09/30 06:34:10.709, 2835, 13365, 154.56, 61, 0x0000000000000000, Not Active, Not Active
2026/09/30 06:34:10.809, 2835, 13365, 154.56, 61, 0x0000000000000000, Not Active, Not Active
2026/09/30 06:34:10.909, 2835, 13365, 154.56, 61, 0x0000000000000000, Not Active, Not Active
2026/09/30 06:34:11.010, 2835, 13365, 154.56, 61, 0x0000000000000000, Not Active, Not Active
2026/09/30 06:34:11.110, 2835, 13365, 154.56, 61, 0x0000000000000000, Not Active, Not Active
2026/09/30 06:34:11.211, 2475, 13365, 254.60, 60, 0x0000000000000000, Not Active, Not Active
2026/09/30 06:34:11.311, 2475, 13365, 254.60, 60, 0x0000000000000000, Not Active, Not Active
2026/09/30 06:34:11.411, 2475, 13365, 254.60, 60, 0x0000000000000000, Not Active, Not Active
2026/09/30 06:34:11.511, 2475, 13365, 254.60, 60, 0x0000000000000000, Not Active, Not Active
2026/09/30 06:34:11.611, 2475, 13365, 254.60, 60, 0x0000000000000000, Not Active, Not Active
2026/09/30 06:34:11.711, 2595, 13365, 359.23, 62, 0x0000000000000004, Active, Not Active
2026/09/30 06:34:11.812, 2595, 13365, 359.23, 62, 0x0000000000000004, Active, Not Active
2026/09/30 06:34:11.912, 2595, 13365, 359.23, 62, 0x0000000000000004, Active, Not Active
2026/09/30 06:34:12.013, 2595, 13365, 359.23, 62, 0x0000000000000004, Active, Not Active
2026/09/30 06:34:12.113, 2595, 13365, 359.23, 62, 0x0000000000000004, Active, Not Active
2026/09/30 06:34:12.213, 2460, 13365, 360.86, 61, 0x0000000000000004, Active, Not Active
2026/09/30 06:34:12.314, 2460, 13365, 360.86, 61, 0x0000000000000004, Active, Not Active
2026/09/30 06:34:12.414, 2460, 13365, 360.86, 61, 0x0000000000000004, Active, Not Active
2026/09/30 06:34:12.514, 2460, 13365, 360.86, 61, 0x0000000000000004, Active, Not Active
2026/09/30 06:34:12.614, 2460, 13365, 360.86, 61, 0x0000000000000004, Active, Not Active
2026/09/30 06:34:12.714, 2587, 13365, 358.16, 61, 0x0000000000000004, Active, Not Active
2026/09/30 06:34:12.814, 2587, 13365, 358.16, 61, 0x0000000000000004, Active, Not Active
2026/09/30 06:34:12.915, 2587, 13365, 358.16, 61, 0x0000000000000004, Active, Not Active
2026/09/30 06:34:13.015, 2587, 13365, 358.16, 61, 0x0000000000000004, Active, Not Active
2026/09/30 06:34:13.115, 2587, 13365, 358.16, 61, 0x0000000000000004, Active, Not Active
2026/09/30 06:34:13.216, 2437, 13365, 362.42, 61, 0x0000000000000000, Not Active, Not Active
2026/09/30 06:34:13.316, 2437, 13365, 362.42, 61, 0x0000000000000000, Not Active, Not Active
2026/09/30 06:34:13.416, 2437, 13365, 362.42, 61, 0x0000000000000000, Not Active, Not Active
2026/09/30 06:34:13.517, 2437, 13365, 362.42, 61, 0x0000000000000000, Not Active, Not Active
2026/09/30 06:34:13.617, 2437, 13365, 362.42, 61, 0x0000000000000000, Not Active, Not Active
2026/09/30 06:34:13.717, 2452, 13365, 358.90, 60, 0x0000000000000000, Not Active, Not Active
2026/09/30 06:34:13.818, 2452, 13365, 358.90, 60, 0x0000000000000000, Not Active, Not Active
2026/09/30 06:34:13.918, 2452, 13365, 358.90, 60, 0x0000000000000000, Not Active, Not Active
2026/09/30 06:34:14.018, 2452, 13365, 358.90, 60, 0x0000000000000000, Not Active, Not Active
2026/09/30 06:34:14.118, 2452, 13365, 358.90, 60, 0x0000000000000000, Not Active, Not Active
2026/09/30 06:34:14.218, 2827, 13365, 248.55, 57, 0x0000000000000000, Not Active, Not Active
2026/09/30 06:34:14.319, 2827, 13365, 248.55, 57, 0x0000000000000000, Not Active, Not Active
2026/09/30 06:34:14.419, 2827, 13365, 248.55, 57, 0x0000000000000000, Not Active, Not Active
2026/09/30 06:34:14.519, 2827, 13365, 248.55, 57, 0x0000000000000000, Not Active, Not Active
2026/09/30 06:34:14.619, 2827, 13365, 248.55, 57, 0x0000000000000000, Not Active, Not Active
2026/09/30 06:34:14.719, 2827, 13365, 168.16, 56, 0x0000000000000000, Not Active, Not Active
2026/09/30 06:34:14.819, 2827, 13365, 168.16, 56, 0x0000000000000000, Not Active, Not Active
2026/09/30 06:34:14.919, 2827, 13365, 168.16, 56, 0x0000000000000000, Not Active, Not Active
2026/09/30 06:34:15.020, 2827, 13365, 168.16, 56, 0x0000000000000000, Not Active, Not Active
2026/09/30 06:34:15.120, 2827, 13365, 168.16, 56, 0x0000000000000000, Not Active, Not Active
2026/09/30 06:34:15.220, 2827, 13365, 150.26, 56, 0x0000000000000000, Not Active, Not Active
2026/09/30 06:34:15.320, 2827, 13365, 150.26, 56, 0x0000000000000000, Not Active, Not Active
2026/09/30 06:34:15.420, 2827, 13365, 150.26, 56, 0x0000000000000000, Not Active, Not Active
2026/09/30 06:34:15.521, 2827, 13365, 150.26, 56, 0x0000000000000000, Not Active, Not Active
2026/09/30 06:34:15.621, 2827, 13365, 150.26, 56, 0x0000000000000000, Not Active, Not Active
2026/09/30 06:34:15.721, 2790, 13365, 146.85, 57, 0x0000000000000000, Not Active, Not Active
2026/09/30 06:34:15.821, 2790, 13365, 146.85, 57, 0x0000000000000000, Not Active, Not Active
2026/09/30 06:34:15.921, 2790, 13365, 146.85, 57, 0x0000000000000000, Not Active, Not Active
2026/09/30 06:34:16.021, 2790, 13365, 146.85, 57, 0x0000000000000000, Not Active, Not Active
2026/09/30 06:34:16.121, 2790, 13365, 146.85, 57, 0x0000000000000000, Not Active, Not Active
2026/09/30 06:34:16.221, 2647, 13365, 138.23, 56, 0x0000000000000000, Not Active, Not Active
2026/09/30 06:34:16.322, 2647, 13365, 138.23, 56, 0x0000000000000000, Not Active, Not Active
2026/09/30 06:34:16.422, 2647, 13365, 138.23, 56, 0x0000000000000000, Not Active, Not Active
2026/09/30 06:34:16.522, 2647, 13365, 138.23, 56, 0x0000000000000000, Not Active, Not Active
2026/09/30 06:34:16.622, 2647, 13365, 138.23, 56, 0x0000000000000000, Not Active, Not Active
2026/09/30 06:34:16.722, 2655, 13365, 142.34, 56, 0x0000000000000000, Not Active, Not Active
2026/09/30 06:34:16.822, 2655, 13365, 142.34, 56, 0x0000000000000000, Not Active, Not Active
2026/09/30 06:34:16.922, 2655, 13365, 142.34, 56, 0x0000000000000000, Not Active, Not Active
2026/09/30 06:34:17.023, 2655, 13365, 142.34, 56, 0x0000000000000000, Not Active, Not Active
2026/09/30 06:34:17.123, 2655, 13365, 142.34, 56, 0x0000000000000000, Not Active, Not Active
2026/09/30 06:34:17.223, 2662, 13365, 150.99, 56, 0x0000000000000000, Not Active, Not Active
2026/09/30 06:34:17.324, 2662, 13365, 150.99, 56, 0x0000000000000000, Not Active, Not Active
2026/09/30 06:34:17.424, 2662, 13365, 150.99, 56, 0x0000000000000000, Not Active, Not Active
2026/09/30 06:34:17.525, 2662, 13365, 150.99, 56, 0x0000000000000000, Not Active, Not Active
2026/09/30 06:34:17.625, 2662, 13365, 150.99, 56, 0x0000000000000000, Not Active, Not Active
2026/09/30 06:34:17.725, 2670, 13365, 147.13, 55, 0x0000000000000000, Not Active, Not Active
2026/09/30 06:34:17.825, 2670, 13365, 147.13, 55, 0x0000000000000000, Not Active, Not Active
2026/09/30 06:34:17.925, 2670, 13365, 147.13, 55, 0x0000000000000000, Not Active, Not Active
2026/09/30 06:34:18.025, 2670, 13365, 147.13, 55, 0x0000000000000000, Not Active, Not Active
2026/09/30 06:34:18.126, 2670, 13365, 147.13, 55, 0x0000000000000000, Not Active, Not Active
2026/09/30 06:34:18.226, 2640, 13365, 153.48, 57, 0x0000000000000000, Not Active, Not Active
2026/09/30 06:34:18.326, 2640, 13365, 153.48, 57, 0x0000000000000000, Not Active, Not Active
2026/09/30 06:34:18.426, 2640, 13365, 153.48, 57, 0x0000000000000000, Not Active, Not Active
2026/09/30 06:34:18.526, 2640, 13365, 153.48, 57, 0x0000000000000000, Not Active, Not Active
2026/09/30 06:34:18.626, 2640, 13365, 153.48, 57, 0x0000000000000000, Not Active, Not Active
2026/09/30 06:34:18.726, 2640, 13365, 155.62, 57, 0x0000000000000000, Not Active, Not Active
2026/09/30 06:34:18.827, 2640, 13365, 155.62, 57, 0x0000000000000000, Not Active, Not Active
2026/09/30 06:34:18.927, 2640, 13365, 155.62, 57, 0x0000000000000000, Not Active, Not Active
2026/09/30 06:34:19.027, 2640, 13365, 155.62, 57, 0x0000000000000000, Not Active, Not Active
2026/09/30 06:34:19.127, 2640, 13365, 155.62, 57, 0x0000000000000000, Not Active, Not Active
2026/09/30 06:34:19.227, 2625, 13365, 157.37, 57, 0x0000000000000000, Not Active, Not Active
2026/09/30 06:34:19.327, 2625, 13365, 157.37, 57, 0x0000000000000000, Not Active, Not Active
2026/09/30 06:34:19.427, 2625, 13365, 157.37, 57, 0x0000000000000000, Not Active, Not Active
2026/09/30 06:34:19.527, 2625, 13365, 157.37, 57, 0x0000000000000000, Not Active, Not Active
2026/09/30 06:34:19.628, 2625, 13365, 157.37, 57, 0x0000000000000000, Not Active, Not Active
2026/09/30 06:34:19.728, 2625, 13365, 148.10, 55, 0x0000000000000000, Not Active, Not Active
2026/09/30 06:34:19.828, 2625, 13365, 148.10, 55, 0x0000000000000000, Not Active, Not Active
2026/09/30 06:34:19.928, 2625, 13365, 148.10, 55, 0x0000000000000000, Not Active, Not Active
2026/09/30 06:34:20.028, 2625, 13365, 148.10, 55, 0x0000000000000000, Not Active, Not Active
2026/09/30 06:34:20.128, 2625, 13365, 148.10, 55, 0x0000000000000000, Not Active, Not Active
2026/09/30 06:34:20.228, 2617, 13365, 157.01, 56, 0x0000000000000000, Not Active, Not Active
2026/09/30 06:34:20.328, 2617, 13365, 157.01, 56, 0x0000000000000000, Not Active, Not Active
2026/09/30 06:34:20.428, 2617, 13365, 157.01, 56, 0x0000000000000000, Not Active, Not Active
2026/09/30 06:34:20.529, 2617, 13365, 157.01, 56, 0x0000000000000000, Not Active, Not Active
2026/09/30 06:34:20.629, 2617, 13365, 157.01, 56, 0x0000000000000000, Not Active, Not Active
2026/09/30 06:34:20.729, 2617, 13365, 191.04, 58, 0x0000000000000000, Not Active, Not Active
2026/09/30 06:34:20.829, 2617, 13365, 191.04, 58, 0x0000000000000000, Not Active, Not Active
2026/09/30 06:34:20.929, 2617, 13365, 191.04, 58, 0x0000000000000000, Not Active, Not Active
2026/09/30 06:34:21.029, 2617, 13365, 191.04, 58, 0x0000000000000000, Not Active, Not Active
2026/09/30 06:34:21.129, 2617, 13365, 191.04, 58, 0x0000000000000000, Not Active, Not Active
2026/09/30 06:34:21.229, 2617, 13365, 188.82, 57, 0x0000000000000000, Not Active, Not Active
2026/09/30 06:34:21.330, 2617, 13365, 188.82, 57, 0x0000000000000000, Not Active, Not Active
2026/09/30 06:34:21.430, 2617, 13365, 188.82, 57, 0x0000000000000000, Not Active, Not Active
2026/09/30 06:34:21.530, 2617, 13365, 188.82, 57, 0x0000000000000000, Not Active, Not Active
2026/09/30 06:34:21.630, 2617, 13365, 188.82, 57, 0x0000000000000000, Not Active, Not Active
2026/09/30 06:34:21.730, 2617, 13365, 169.00, 56, 0x0000000000000000, Not Active, Not Active
2026/09/30 06:34:21.830, 2617, 13365, 169.00, 56, 0x0000000000000000, Not Active, Not Active
2026/09/30 06:34:21.930, 2617, 13365, 169.00, 56, 0x0000000000000000, Not Active, Not Active
2026/09/30 06:34:22.031, 2617, 13365, 169.00, 56, 0x0000000000000000, Not Active, Not Active
2026/09/30 06:34:22.131, 2617, 13365, 169.00, 56, 0x0000000000000000, Not Active, Not Active
2026/09/30 06:34:22.231, 2565, 13365, 173.26, 57, 0x0000000000000000, Not Active, Not Active
2026/09/30 06:34:22.331, 2565, 13365, 173.26, 57, 0x0000000000000000, Not Active, Not Active
2026/09/30 06:34:22.431, 2565, 13365, 173.26, 57, 0x0000000000000000, Not Active, Not Active
2026/09/30 06:34:22.531, 2565, 13365, 173.26, 57, 0x0000000000000000, Not Active, Not Active
2026/09/30 06:34:22.631, 2565, 13365, 173.26, 57, 0x0000000000000000, Not Active, Not Active
2026/09/30 06:34:22.731, 2572, 13365, 210.80, 60, 0x0000000000000000, Not Active, Not Active
2026/09/30 06:34:22.831, 2572, 13365, 210.80, 60, 0x0000000000000000, Not Active, Not Active
2026/09/30 06:34:22.931, 2572, 13365, 210.80, 60, 0x0000000000000000, Not Active, Not Active
2026/09/30 06:34:23.032, 2572, 13365, 210.80, 60, 0x0000000000000000, Not Active, Not Active
2026/09/30 06:34:23.132, 2572, 13365, 210.80, 60, 0x0000000000000000, Not Active, Not Active
2026/09/30 06:34:23.232, 2587, 13365, 217.49, 57, 0x0000000000000000, Not Active, Not Active
2026/09/30 06:34:23.332, 2587, 13365, 217.49, 57, 0x0000000000000000, Not Active, Not Active
2026/09/30 06:34:23.432, 2587, 13365, 217.49, 57, 0x0000000000000000, Not Active, Not Active
2026/09/30 06:34:23.532, 2587, 13365, 217.49, 57, 0x0000000000000000, Not Active, Not Active
2026/09/30 06:34:23.632, 2587, 13365, 217.49, 57, 0x0000000000000000, Not Active, Not Active
2026/09/30 06:34:23.732, 2587, 13365, 206.25, 60, 0x0000000000000000, Not Active, Not Active
2026/09/30 06:34:23.833, 2587, 13365, 206.25, 60, 0x0000000000000000, Not Active, Not Active
2026/09/30 06:34:23.933, 2587, 13365, 206.25, 60, 0x0000000000000000, Not Active, Not Active
2026/09/30 06:34:24.033, 2587, 13365, 206.25, 60, 0x0000000000000000, Not Active, Not Active
2026/09/30 06:34:24.133, 2587, 13365, 206.25, 60, 0x0000000000000000, Not Active, Not Active
2026/09/30 06:34:24.233, 2587, 13365, 188.09, 55, 0x0000000000000000, Not Active, Not Active
2026/09/30 06:34:24.333, 2587, 13365, 188.09, 55, 0x0000000000000000, Not Active, Not Active
2026/09/30 06:34:24.433, 2587, 13365, 188.09, 55, 0x0000000000000000, Not Active, Not Active
2026/09/30 06:34:24.534, 2587, 13365, 188.09, 55, 0x0000000000000000, Not Active, Not Active
2026/09/30 06:34:24.634, 2587, 13365, 188.09, 55, 0x0000000000000000, Not Active, Not Active
2026/09/30 06:34:24.734, 2527, 13365, 177.98, 56, 0x0000000000000000, Not Active, Not Active
2026/09/30 06:34:24.834, 2527, 13365, 177.98, 56, 0x0000000000000000, Not Active, Not Active
2026/09/30 06:34:24.934, 2527, 13365, 177.98, 56, 0x0000000000000000, Not Active, Not Active
2026/09/30 06:34:25.035, 2527, 13365, 177.98, 56, 0x0000000000000000, Not Active, Not Active
2026/09/30 06:34:25.135, 2527, 13365, 177.98, 56, 0x0000000000000000, Not Active, Not Active
2026/09/30 06:34:25.235, 2580, 13365, 220.42, 62, 0x0000000000000000, Not Active, Not Active
2026/09/30 06:34:25.335, 2580, 13365, 220.42, 62, 0x0000000000000000, Not Active, Not Active
2026/09/30 06:34:25.435, 2580, 13365, 220.42, 62, 0x0000000000000000, Not Active, Not Active
2026/09/30 06:34:25.535, 2580, 13365, 220.42, 62, 0x0000000000000000, Not Active, Not Active
2026/09/30 06:34:25.635, 2580, 13365, 220.42, 62, 0x0000000000000000, Not Active, Not Active
2026/09/30 06:34:25.736, 2692, 13365, 278.46, 61, 0x0000000000000000, Not Active, Not Active
2026/09/30 06:34:25.836, 2692, 13365, 278.46, 61, 0x0000000000000000, Not Active, Not Active
2026/09/30 06:34:25.936, 2692, 13365, 278.46, 61, 0x0000000000000000, Not Active, Not Active
2026/09/30 06:34:26.036, 2692, 13365, 278.46, 61, 0x0000000000000000, Not Active, Not Active
2026/09/30 06:34:26.136, 2692, 13365, 278.46, 61, 0x0000000000000000, Not Active, Not Active
2026/09/30 06:34:26.236, 2572, 13365, 272.25, 58, 0x0000000000000000, Not Active, Not Active
2026/09/30 06:34:26.336, 2572, 13365, 272.25, 58, 0x0000000000000000, Not Active, Not Active
2026/09/30 06:34:26.437, 2572, 13365, 272.25, 58, 0x0000000000000000, Not Active, Not Active
2026/09/30 06:34:26.537, 2572, 13365, 272.25, 58, 0x0000000000000000, Not Active, Not Active
2026/09/30 06:34:26.637, 2572, 13365, 272.25, 58, 0x0000000000000000, Not Active, Not Active
2026/09/30 06:34:26.737, 2535, 13365, 276.93, 63, 0x0000000000000000, Not Active, Not Active
2026/09/30 06:34:26.837, 2535, 13365, 276.93, 63, 0x0000000000000000, Not Active, Not Active
2026/09/30 06:34:26.937, 2535, 13365, 276.93, 63, 0x0000000000000000, Not Active, Not Active
2026/09/30 06:34:27.037, 2535, 13365, 276.93, 63, 0x0000000000000000, Not Active, Not Active
2026/09/30 06:34:27.137, 2535, 13365, 276.93, 63, 0x0000000000000000, Not Active, Not Active
2026/09/30 06:34:27.238, 2767, 13365, 225.07, 56, 0x0000000000000000, Not Active, Not Active
2026/09/30 06:34:27.338, 2767, 13365, 225.07, 56, 0x0000000000000000, Not Active, Not Active
2026/09/30 06:34:27.438, 2767, 13365, 225.07, 56, 0x0000000000000000, Not Active, Not Active
2026/09/30 06:34:27.538, 2767, 13365, 225.07, 56, 0x0000000000000000, Not Active, Not Active
2026/09/30 06:34:27.638, 2767, 13365, 225.07, 56, 0x0000000000000000, Not Active, Not Active
2026/09/30 06:34:27.738, 2835, 13365, 193.79, 65, 0x0000000000000004, Active, Not Active
2026/09/30 06:34:27.838, 2835, 13365, 193.79, 65, 0x0000000000000004, Active, Not Active
2026/09/30 06:34:27.938, 2835, 13365, 193.79, 65, 0x0000000000000004, Active, Not Active
2026/09/30 06:34:28.039, 2835, 13365, 193.79, 65, 0x0000000000000004, Active, Not Active
2026/09/30 06:34:28.139, 2835, 13365, 193.79, 65, 0x0000000000000004, Active, Not Active
2026/09/30 06:34:28.239, 2505, 13365, 280.84, 66, 0x0000000000000004, Active, Not Active
2026/09/30 06:34:28.339, 2505, 13365, 280.84, 66, 0x0000000000000004, Active, Not Active
2026/09/30 06:34:28.439, 2505, 13365, 280.84, 66, 0x0000000000000004, Active, Not Active
2026/09/30 06:34:28.539, 2505, 13365, 280.84, 66, 0x0000000000000004, Active, Not Active
2026/09/30 06:34:28.639, 2505, 13365, 280.84, 66, 0x0000000000000004, Active, Not Active
2026/09/30 06:34:28.739, 2527, 13365, 345.39, 64, 0x0000000000000004, Active, Not Active
2026/09/30 06:34:28.840, 2527, 13365, 345.39, 64, 0x0000000000000004, Active, Not Active
2026/09/30 06:34:28.940, 2527, 13365, 345.39, 64, 0x0000000000000004, Active, Not Active
2026/09/30 06:34:29.040, 2527, 13365, 345.39, 64, 0x0000000000000004, Active, Not Active
2026/09/30 06:34:29.140, 2527, 13365, 345.39, 64, 0x0000000000000004, Active, Not Active
2026/09/30 06:34:29.240, 2542, 13365, 347.92, 65, 0x0000000000000000, Not Active, Not Active
2026/09/30 06:34:29.340, 2542, 13365, 347.92, 65, 0x0000000000000000, Not Active, Not Active
2026/09/30 06:34:29.440, 2542, 13365, 347.92, 65, 0x0000000000000000, Not Active, Not Active
2026/09/30 06:34:29.540, 2542, 13365, 347.92, 65, 0x0000000000000000, Not Active, Not Active
2026/09/30 06:34:29.641, 2542, 13365, 347.92, 65, 0x0000000000000000, Not Active, Not Active
2026/09/30 06:34:29.741, 2640, 13365, 338.70, 61, 0x0000000000000000, Not Active, Not Active
2026/09/30 06:34:29.841, 2640, 13365, 338.70, 61, 0x0000000000000000, Not Active, Not Active
2026/09/30 06:34:29.941, 2640, 13365, 338.70, 61, 0x0000000000000000, Not Active, Not Active
2026/09/30 06:34:30.041, 2640, 13365, 338.70, 61, 0x0000000000000000, Not Active, Not Active
2026/09/30 06:34:30.141, 2640, 13365, 338.70, 61, 0x0000000000000000, Not Active, Not Active
2026/09/30 06:34:30.241, 2452, 13365, 354.96, 62, 0x0000000000000000, Not Active, Not Active
2026/09/30 06:34:30.342, 2452, 13365, 354.96, 62, 0x0000000000000000, Not Active, Not Active
2026/09/30 06:34:30.442, 2452, 13365, 354.96, 62, 0x0000000000000000, Not Active, Not Active
2026/09/30 06:34:30.542, 2452, 13365, 354.96, 62, 0x0000000000000000, Not Active, Not Active
2026/09/30 06:34:30.642, 2452, 13365, 354.96, 62, 0x0000000000000000, Not Active, Not Active
2026/09/30 06:34:30.742, 2602, 13365, 357.66, 62, 0x0000000000000000, Not Active, Not Active
2026/09/30 06:34:30.842, 2602, 13365, 357.66, 62, 0x0000000000000000, Not Active, Not Active
2026/09/30 06:34:30.942, 2602, 13365, 357.66, 62, 0x0000000000000000, Not Active, Not Active
2026/09/30 06:34:31.043, 2602, 13365, 357.66, 62, 0x0000000000000000, Not Active, Not Active
2026/09/30 06:34:31.143, 2602, 13365, 357.66, 62, 0x0000000000000000, Not Active, Not Active
2026/09/30 06:34:31.243, 2827, 13365, 254.24, 58, 0x0000000000000000, Not Active, Not Active
2026/09/30 06:34:31.343, 2827, 13365, 254.24, 58, 0x0000000000000000, Not Active, Not Active
2026/09/30 06:34:31.443, 2827, 13365, 254.24, 58, 0x0000000000000000, Not Active, Not Active
2026/09/30 06:34:31.543, 2827, 13365, 254.24, 58, 0x0000000000000000, Not Active, Not Active
2026/09/30 06:34:31.643, 2827, 13365, 254.24, 58, 0x0000000000000000, Not Active, Not Active
2026/09/30 06:34:31.744, 2827, 13365, 175.51, 58, 0x0000000000000000, Not Active, Not Active
2026/09/30 06:34:31.844, 2827, 13365, 175.51, 58, 0x0000000000000000, Not Active, Not Active
2026/09/30 06:34:31.944, 2827, 13365, 175.51, 58, 0x0000000000000000, Not Active, Not Active
2026/09/30 06:34:32.044, 2827, 13365, 175.51, 58, 0x0000000000000000, Not Active, Not Active
2026/09/30 06:34:32.144, 2827, 13365, 175.51, 58, 0x0000000000000000, Not Active, Not Active
2026/09/30 06:34:32.244, 2827, 13365, 158.00, 58, 0x0000000000000000, Not Active, Not Active
2026/09/30 06:34:32.344, 2827, 13365, 158.00, 58, 0x0000000000000000, Not Active, Not Active
2026/09/30 06:34:32.445, 2827, 13365, 158.00, 58, 0x0000000000000000, Not Active, Not Active
2026/09/30 06:34:32.545, 2827, 13365, 158.00, 58, 0x0000000000000000, Not Active, Not Active
2026/09/30 06:34:32.645, 2827, 13365, 158.00, 58, 0x0000000000000000, Not Active, Not Active
2026/09/30 06:34:32.745, 2797, 13365, 153.89, 57, 0x0000000000000000, Not Active, Not Active
2026/09/30 06:34:32.845, 2797, 13365, 153.89, 57, 0x0000000000000000, Not Active, Not Active
2026/09/30 06:34:32.945, 2797, 13365, 153.89, 57, 0x0000000000000000, Not Active, Not Active
2026/09/30 06:34:33.045, 2797, 13365, 153.89, 57, 0x0000000000000000, Not Active, Not Active
2026/09/30 06:34:33.146, 2797, 13365, 153.89, 57, 0x0000000000000000, Not Active, Not Active
2026/09/30 06:34:33.246, 2647, 13365, 145.83, 57, 0x0000000000000000, Not Active, Not Active
2026/09/30 06:34:33.346, 2647, 13365, 145.83, 57, 0x0000000000000000, Not Active, Not Active
2026/09/30 06:34:33.446, 2647, 13365, 145.83, 57, 0x0000000000000000, Not Active, Not Active
2026/09/30 06:34:33.546, 2647, 13365, 145.83, 57, 0x0000000000000000, Not Active, Not Active
2026/09/30 06:34:33.646, 2647, 13365, 145.83, 57, 0x0000000000000000, Not Active, Not Active
2026/09/30 06:34:33.747, 2662, 13365, 150.07, 56, 0x0000000000000000, Not Active, Not Active
2026/09/30 06:34:33.847, 2662, 13365, 150.07, 56, 0x0000000000000000, Not Active, Not Active
2026/09/30 06:34:33.947, 2662, 13365, 150.07, 56, 0x0000000000000000, Not Active, Not Active
2026/09/30 06:34:34.047, 2662, 13365, 150.07, 56, 0x0000000000000000, Not Active, Not Active
2026/09/30 06:34:34.147, 2662, 13365, 150.07, 56, 0x0000000000000000, Not Active, Not Active
2026/09/30 06:34:34.247, 2670, 13365, 157.81, 57, 0x0000000000000000, Not Active, Not Active
2026/09/30 06:34:34.347, 2670, 13365, 157.81, 57, 0x0000000000000000, Not Active, Not Active
2026/09/30 06:34:34.447, 2670, 13365, 157.81, 57, 0x0000000000000000, Not Active, Not Active
2026/09/30 06:34:34.548, 2670, 13365, 157.81, 57, 0x0000000000000000, Not Active, Not Active
2026/09/30 06:34:34.648, 2670, 13365, 157.81, 57, 0x0000000000000000, Not Active, Not Active
2026/09/30 06:34:34.748, 2662, 13365, 152.75, 56, 0x0000000000000000, Not Active, Not Active
2026/09/30 06:34:34.848, 2662, 13365, 152.75, 56, 0x0000000000000000, Not Active, Not Active
2026/09/30 06:34:34.948, 2662, 13365, 152.75, 56, 0x0000000000000000, Not Active, Not Active
2026/09/30 06:34:35.048, 2662, 13365, 152.75, 56, 0x0000000000000000, Not Active, Not Active
2026/09/30 06:34:35.148, 2662, 13365, 152.75, 56, 0x0000000000000000, Not Active, Not Active
2026/09/30 06:34:35.249, 2632, 13365, 149.45, 58, 0x0000000000000000, Not Active, Not Active
2026/09/30 06:34:35.349, 2632, 13365, 149.45, 58, 0x0000000000000000, Not Active, Not Active
2026/09/30 06:34:35.449, 2632, 13365, 149.45, 58, 0x0000000000000000, Not Active, Not Active
2026/09/30 06:34:35.549, 2632, 13365, 149.45, 58, 0x0000000000000000, Not Active, Not Active
2026/09/30 06:34:35.649, 2632, 13365, 149.45, 58, 0x0000000000000000, Not Active, Not Active
2026/09/30 06:34:35.749, 2640, 13365, 154.52, 57, 0x0000000000000000, Not Active, Not Active
2026/09/30 06:34:35.850, 2640, 13365, 154.52, 57, 0x0000000000000000, Not Active, Not Active
2026/09/30 06:34:35.950, 2640, 13365, 154.52, 57, 0x0000000000000000, Not Active, Not Active
2026/09/30 06:34:36.050, 2640, 13365, 154.52, 57, 0x0000000000000000, Not Active, Not Active
2026/09/30 06:34:36.150, 2640, 13365, 154.52, 57, 0x0000000000000000, Not Active, Not Active
2026/09/30 06:34:36.250, 2647, 13365, 162.51, 57, 0x0000000000000000, Not Active, Not Active
2026/09/30 06:34:36.350, 2647, 13365, 162.51, 57, 0x0000000000000000, Not Active, Not Active
2026/09/30 06:34:36.451, 2647, 13365, 162.51, 57, 0x0000000000000000, Not Active, Not Active
2026/09/30 06:34:36.551, 2647, 13365, 162.51, 57, 0x0000000000000000, Not Active, Not Active
2026/09/30 06:34:36.651, 2647, 13365, 162.51, 57, 0x0000000000000000, Not Active, Not Active
2026/09/30 06:34:36.751, 2647, 13365, 166.52, 59, 0x0000000000000000, Not Active, Not Active
2026/09/30 06:34:36.851, 2647, 13365, 166.52, 59, 0x0000000000000000, Not Active, Not Active
2026/09/30 06:34:36.951, 2647, 13365, 166.52, 59, 0x0000000000000000, Not Active, Not Active
2026/09/30 06:34:37.052, 2647, 13365, 166.52, 59, 0x0000000000000000, Not Active, Not Active
2026/09/30 06:34:37.152, 2647, 13365, 166.52, 59, 0x0000000000000000, Not Active, Not Active
2026/09/30 06:34:37.252, 2610, 13365, 142.36, 57, 0x0000000000000000, Not Active, Not Active
2026/09/30 06:34:37.352, 2610, 13365, 142.36, 57, 0x0000000000000000, Not Active, Not Active
2026/09/30 06:34:37.452, 2610, 13365, 142.36, 57, 0x0000000000000000, Not Active, Not Active
2026/09/30 06:34:37.552, 2610, 13365, 142.36, 57, 0x0000000000000000, Not Active, Not Active
2026/09/30 06:34:37.652, 2610, 13365, 142.36, 57, 0x0000000000000000, Not Active, Not Active
2026/09/30 06:34:37.753, 2625, 13365, 159.37, 58, 0x0000000000000000, Not Active, Not Active
2026/09/30 06:34:37.853, 2625, 13365, 159.37, 58, 0x0000000000000000, Not Active, Not Active
2026/09/30 06:34:37.953, 2625, 13365, 159.37, 58, 0x0000000000000000, Not Active, Not Active
2026/09/30 06:34:38.053, 2625, 13365, 159.37, 58, 0x0000000000000000, Not Active, Not Active
2026/09/30 06:34:38.153, 2625, 13365, 159.37, 58, 0x0000000000000000, Not Active, Not Active
2026/09/30 06:34:38.253, 2625, 13365, 200.19, 59, 0x0000000000000000, Not Active, Not Active
2026/09/30 06:34:38.354, 2625, 13365, 200.19, 59, 0x0000000000000000, Not Active, Not Active
2026/09/30 06:34:38.454, 2625, 13365, 200.19, 59, 0x0000000000000000, Not Active, Not Active
2026/09/30 06:34:38.554, 2625, 13365, 200.19, 59, 0x0000000000000000, Not Active, Not Active
2026/09/30 06:34:38.654, 2625, 13365, 200.19, 59, 0x0000000000000000, Not Active, Not Active
2026/09/30 06:34:38.754, 2617, 13365, 185.76, 58, 0x0000000000000000, Not Active, Not Active
2026/09/30 06:34:38.854, 2617, 13365, 185.76, 58, 0x0000000000000000, Not Active, Not Active
2026/09/30 06:34:38.954, 2617, 13365, 185.76, 58, 0x0000000000000000, Not Active, Not Active
2026/09/30 06:34:39.054, 2617, 13365, 185.76, 58, 0x0000000000000000, Not Active, Not Active
2026/09/30 06:34:39.155, 2617, 13365, 185.76, 58, 0x0000000000000000, Not Active, Not Active
2026/09/30 06:34:39.255, 2617, 13365, 176.90, 57, 0x0000000000000000, Not Active, Not Active
2026/09/30 06:34:39.355, 2617, 13365, 176.90, 57, 0x0000000000000000, Not Active, Not Active
2026/09/30 06:34:39.455, 2617, 13365, 176.90, 57, 0x0000000000000000, Not Active, Not Active
2026/09/30 06:34:39.555, 2617, 13365, 176.90, 57, 0x0000000000000000, Not Active, Not Active
2026/09/30 06:34:39.655, 2617, 13365, 176.90, 57, 0x0000000000000000, Not Active, Not Active
2026/09/30 06:34:39.756, 2610, 13365, 144.72, 58, 0x0000000000000000, Not Active, Not Active
2026/09/30 06:34:39.856, 2610, 13365, 144.72, 58, 0x0000000000000000, Not Active, Not Active
2026/09/30 06:34:39.956, 2610, 13365, 144.72, 58, 0x0000000000000000, Not Active, Not Active
2026/09/30 06:34:40.056, 2610, 13365, 144.72, 58, 0x0000000000000000, Not Active, Not Active
2026/09/30 06:34:40.156, 2610, 13365, 144.72, 58, 0x0000000000000000, Not Active, Not Active
2026/09/30 06:34:40.256, 2572, 13365, 165.97, 57, 0x0000000000000000, Not Active, Not Active
2026/09/30 06:34:40.356, 2572, 13365, 165.97, 57, 0x0000000000000000, Not Active, Not Active
2026/09/30 06:34:40.457, 2572, 13365, 165.97, 57, 0x0000000000000000, Not Active, Not Active
2026/09/30 06:34:40.557, 2572, 13365, 165.97, 57, 0x0000000000000000, Not Active, Not Active
2026/09/30 06:34:40.657, 2572, 13365, 165.97, 57, 0x0000000000000000, Not Active, Not Active
2026/09/30 06:34:40.757, 2572, 13365, 225.73, 60, 0x0000000000000000, Not Active, Not Active
2026/09/30 06:34:40.857, 2572, 13365, 225.73, 60, 0x0000000000000000, Not Active, Not Active
2026/09/30 06:34:40.957, 2572, 13365, 225.73, 60, 0x0000000000000000, Not Active, Not Active
2026/09/30 06:34:41.057, 2572, 13365, 225.73, 60, 0x0000000000000000, Not Active, Not Active
2026/09/30 06:34:41.158, 2572, 13365, 225.73, 60, 0x0000000000000000, Not Active, Not Active
2026/09/30 06:34:41.258, 2587, 13365, 215.05, 60, 0x0000000000000000, Not Active, Not Active
2026/09/30 06:34:41.358, 2587, 13365, 215.05, 60, 0x0000000000000000, Not Active, Not Active
2026/09/30 06:34:41.458, 2587, 13365, 215.05, 60, 0x0000000000000000, Not Active, Not Active
2026/09/30 06:34:41.558, 2587, 13365, 215.05, 60, 0x0000000000000000, Not Active, Not Active
2026/09/30 06:34:41.658, 2587, 13365, 215.05, 60, 0x0000000000000000, Not Active, Not Active
2026/09/30 06:34:41.758, 2572, 13365, 208.99, 57, 0x0000000000000000, Not Active, Not Active
2026/09/30 06:34:41.859, 2572, 13365, 208.99, 57, 0x0000000000000000, Not Active, Not Active
2026/09/30 06:34:41.959, 2572, 13365, 208.99, 57, 0x0000000000000000, Not Active, Not Active
2026/09/30 06:34:42.059, 2572, 13365, 208.99, 57, 0x0000000000000000, Not Active, Not Active
2026/09/30 06:34:42.159, 2572, 13365, 208.99, 57, 0x0000000000000000, Not Active, Not Active
2026/09/30 06:34:42.259, 2572, 13365, 198.38, 57, 0x0000000000000000, Not Active, Not Active
2026/09/30 06:34:42.359, 2572, 13365, 198.38, 57, 0x0000000000000000, Not Active, Not Active
2026/09/30 06:34:42.459, 2572, 13365, 198.38, 57, 0x0000000000000000, Not Active, Not Active
2026/09/30 06:34:42.559, 2572, 13365, 198.38, 57, 0x0000000000000000, Not Active, Not Active
2026/09/30 06:34:42.659, 2572, 13365, 198.38, 57, 0x0000000000000000, Not Active, Not Active
2026/09/30 06:34:42.760, 2610, 13365, 131.85, 56, 0x0000000000000000, Not Active, Not Active
2026/09/30 06:34:42.860, 2610, 13365, 131.85, 56, 0x0000000000000000, Not Active, Not Active
2026/09/30 06:34:42.960, 2610, 13365, 131.85, 56, 0x0000000000000000, Not Active, Not Active
2026/09/30 06:34:43.060, 2610, 13365, 131.85, 56, 0x0000000000000000, Not Active, Not Active
2026/09/30 06:34:43.160, 2610, 13365, 131.85, 56, 0x0000000000000000, Not Active, Not Active
2026/09/30 06:34:43.260, 2610, 13365, 117.87, 61, 0x0000000000000000, Not Active, Not Active
2026/09/30 06:34:43.360, 2610, 13365, 117.87, 61, 0x0000000000000000, Not Active, Not Active
2026/09/30 06:34:43.460, 2610, 13365, 117.87, 61, 0x0000000000000000, Not Active, Not Active
2026/09/30 06:34:43.561, 2610, 13365, 117.87, 61, 0x0000000000000000, Not Active, Not Active
2026/09/30 06:34:43.661, 2610, 13365, 117.87, 61, 0x0000000000000000, Not Active, Not Active
2026/09/30 06:34:43.761, 2655, 13365, 197.80, 59, 0x0000000000000000, Not Active, Not Active
2026/09/30 06:34:43.861, 2655, 13365, 197.80, 59, 0x0000000000000000, Not Active, Not Active
2026/09/30 06:34:43.961, 2655, 13365, 197.80, 59, 0x0000000000000000, Not Active, Not Active
2026/09/30 06:34:44.061, 2655, 13365, 197.80, 59, 0x0000000000000000, Not Active, Not Active
2026/09/30 06:34:44.161, 2655, 13365, 197.80, 59, 0x0000000000000000, Not Active, Not Active
2026/09/30 06:34:44.262, 2617, 13365, 296.55, 64, 0x0000000000000000, Not Active, Not Active
2026/09/30 06:34:44.362, 2617, 13365, 296.55, 64, 0x0000000000000000, Not Active, Not Active
2026/09/30 06:34:44.462, 2617, 13365, 296.55, 64, 0x0000000000000000, Not Active, Not Active
2026/09/30 06:34:44.562, 2617, 13365, 296.55, 64, 0x0000000000000000, Not Active, Not Active
2026/09/30 06:34:44.662, 2617, 13365, 296.55, 64, 0x0000000000000000, Not Active, Not Active
2026/09/30 06:34:44.762, 2685, 13365, 293.55, 60, 0x0000000000000000, Not Active, Not Active
2026/09/30 06:34:44.862, 2685, 13365, 293.55, 60, 0x0000000000000000, Not Active, Not Active
2026/09/30 06:34:44.962, 2685, 13365, 293.55, 60, 0x0000000000000000, Not Active, Not Active
2026/09/30 06:34:45.062, 2685, 13365, 293.55, 60, 0x0000000000000000, Not Active, Not Active
2026/09/30 06:34:45.163, 2685, 13365, 293.55, 60, 0x0000000000000000, Not Active, Not Active
2026/09/30 06:34:45.263, 2617, 13365, 289.49, 64, 0x0000000000000000, Not Active, Not Active
2026/09/30 06:34:45.363, 2617, 13365, 289.49, 64, 0x0000000000000000, Not Active, Not Active
2026/09/30 06:34:45.463, 2617, 13365, 289.49, 64, 0x0000000000000000, Not Active, Not Active
2026/09/30 06:34:45.563, 2617, 13365, 289.49, 64, 0x0000000000000000, Not Active, Not Active
2026/09/30 06:34:45.663, 2617, 13365, 289.49, 64, 0x0000000000000000, Not Active, Not Active
2026/09/30 06:34:45.763, 2655, 13365, 292.70, 64, 0x0000000000000000, Not Active, Not Active
2026/09/30 06:34:45.863, 2655, 13365, 292.70, 64, 0x0000000000000000, Not Active, Not Active
2026/09/30 06:34:45.963, 2655, 13365, 292.70, 64, 0x0000000000000000, Not Active, Not Active
2026/09/30 06:34:46.064, 2655, 13365, 292.70, 64, 0x0000000000000000, Not Active, Not Active
2026/09/30 06:34:46.164, 2655, 13365, 292.70, 64, 0x0000000000000000, Not Active, Not Active
2026/09/30 06:34:46.264, 2722, 13365, 224.69, 57, 0x0000000000000000, Not Active, Not Active
2026/09/30 06:34:46.364, 2722, 13365, 224.69, 57, 0x0000000000000000, Not Active, Not Active
2026/09/30 06:34:46.464, 2722, 13365, 224.69, 57, 0x0000000000000000, Not Active, Not Active
2026/09/30 06:34:46.564, 2722, 13365, 224.69, 57, 0x0000000000000000, Not Active, Not Active
2026/09/30 06:34:46.664, 2722, 13365, 224.69, 57, 0x0000000000000000, Not Active, Not Active
2026/09/30 06:34:46.764, 2782, 13365, 155.21, 57, 0x0000000000000000, Not Active, Not Active
2026/09/30 06:34:46.865, 2782, 13365, 155.21, 57, 0x0000000000000000, Not Active, Not Active
2026/09/30 06:34:46.965, 2782, 13365, 155.21, 57, 0x0000000000000000, Not Active, Not Active
2026/09/30 06:34:47.065, 2782, 13365, 155.21, 57, 0x0000000000000000, Not Active, Not Active
2026/09/30 06:34:47.165, 2782, 13365, 155.21, 57, 0x0000000000000000, Not Active, Not Active
2026/09/30 06:34:47.265, 2782, 13365, 97.97, 57, 0x0000000000000000, Not Active, Not Active
2026/09/30 06:34:47.365, 2782, 13365, 97.97, 57, 0x0000000000000000, Not Active, Not Active
2026/09/30 06:34:47.466, 2782, 13365, 97.97, 57, 0x0000000000000000, Not Active, Not Active
2026/09/30 06:34:47.566, 2782, 13365, 97.97, 57, 0x0000000000000000, Not Active, Not Active
2026/09/30 06:34:47.666, 2782, 13365, 97.97, 57, 0x0000000000000000, Not Active, Not Active
2026/09/30 06:34:47.766, 2782, 13365, 97.71, 56, 0x0000000000000000, Not Active, Not Active
2026/09/30 06:34:47.866, 2782, 13365, 97.71, 56, 0x0000000000000000, Not Active, Not Active
2026/09/30 06:34:47.966, 2782, 13365, 97.71, 56, 0x0000000000000000, Not Active, Not Active
2026/09/30 06:34:48.066, 2782, 13365, 97.71, 56, 0x0000000000000000, Not Active, Not Active
2026/09/30 06:34:48.167, 2782, 13365, 97.71, 56, 0x0000000000000000, Not Active, Not Active
2026/09/30 06:34:48.267, 2610, 13365, 128.83, 64, 0x0000000000000004, Active, Not Active
2026/09/30 06:34:48.367, 2610, 13365, 128.83, 64, 0x0000000000000004, Active, Not Active
2026/09/30 06:34:48.467, 2610, 13365, 128.83, 64, 0x0000000000000004, Active, Not Active
2026/09/30 06:34:48.567, 2610, 13365, 128.83, 64, 0x0000000000000004, Active, Not Active
2026/09/30 06:34:48.667, 2610, 13365, 128.83, 64, 0x0000000000000004, Active, Not Active
2026/09/30 06:34:48.767, 2640, 13365, 251.94, 67, 0x0000000000000004, Active, Not Active
2026/09/30 06:34:48.867, 2640, 13365, 251.94, 67, 0x0000000000000004, Active, Not Active
2026/09/30 06:34:48.967, 2640, 13365, 251.94, 67, 0x0000000000000004, Active, Not Active
2026/09/30 06:34:49.067, 2640, 13365, 251.94, 67, 0x0000000000000004, Active, Not Active
2026/09/30 06:34:49.168, 2640, 13365, 251.94, 67, 0x0000000000000004, Active, Not Active
2026/09/30 06:34:49.268, 2527, 13365, 373.47, 63, 0x0000000000000000, Not Active, Not Active
2026/09/30 06:34:49.368, 2527, 13365, 373.47, 63, 0x0000000000000000, Not Active, Not Active
2026/09/30 06:34:49.468, 2527, 13365, 373.47, 63, 0x0000000000000000, Not Active, Not Active
2026/09/30 06:34:49.568, 2527, 13365, 373.47, 63, 0x0000000000000000, Not Active, Not Active
2026/09/30 06:34:49.668, 2527, 13365, 373.47, 63, 0x0000000000000000, Not Active, Not Active
2026/09/30 06:34:49.768, 2527, 13365, 365.95, 64, 0x0000000000000000, Not Active, Not Active
2026/09/30 06:34:49.868, 2527, 13365, 365.95, 64, 0x0000000000000000, Not Active, Not Active
2026/09/30 06:34:49.969, 2527, 13365, 365.95, 64, 0x0000000000000000, Not Active, Not Active
2026/09/30 06:34:50.069, 2527, 13365, 365.95, 64, 0x0000000000000000, Not Active, Not Active
2026/09/30 06:34:50.169, 2527, 13365, 365.95, 64, 0x0000000000000000, Not Active, Not Active
2026/09/30 06:34:50.269, 2505, 13365, 380.88, 67, 0x0000000000000004, Active, Not Active
2026/09/30 06:34:50.369, 2505, 13365, 380.88, 67, 0x0000000000000004, Active, Not Active
2026/09/30 06:34:50.469, 2505, 13365, 380.88, 67, 0x0000000000000004, Active, Not Active
2026/09/30 06:34:50.569, 2505, 13365, 380.88, 67, 0x0000000000000004, Active, Not Active
2026/09/30 06:34:50.669, 2505, 13365, 380.88, 67, 0x0000000000000004, Active, Not Active
2026/09/30 06:34:50.770, 2520, 13365, 363.18, 61, 0x0000000000000000, Not Active, Not Active
2026/09/30 06:34:50.870, 2520, 13365, 363.18, 61, 0x0000000000000000, Not Active, Not Active
2026/09/30 06:34:50.970, 2520, 13365, 363.18, 61, 0x0000000000000000, Not Active, Not Active
2026/09/30 06:34:51.070, 2520, 13365, 363.18, 61, 0x0000000000000000, Not Active, Not Active
2026/09/30 06:34:51.170, 2520, 13365, 363.18, 61, 0x0000000000000000, Not Active, Not Active
2026/09/30 06:34:51.270, 2520, 13365, 368.78, 64, 0x0000000000000000, Not Active, Not Active
2026/09/30 06:34:51.370, 2520, 13365, 368.78, 64, 0x0000000000000000, Not Active, Not Active
2026/09/30 06:34:51.470, 2520, 13365, 368.78, 64, 0x0000000000000000, Not Active, Not Active
2026/09/30 06:34:51.571, 2520, 13365, 368.78, 64, 0x0000000000000000, Not Active, Not Active
2026/09/30 06:34:51.671, 2520, 13365, 368.78, 64, 0x0000000000000000, Not Active, Not Active
2026/09/30 06:34:51.771, 2527, 13365, 387.78, 63, 0x0000000000000000, Not Active, Not Active
2026/09/30 06:34:51.871, 2527, 13365, 387.78, 63, 0x0000000000000000, Not Active, Not Active
2026/09/30 06:34:51.971, 2527, 13365, 387.78, 63, 0x0000000000000000, Not Active, Not Active
2026/09/30 06:34:52.072, 2527, 13365, 387.78, 63, 0x0000000000000000, Not Active, Not Active
2026/09/30 06:34:52.172, 2527, 13365, 387.78, 63, 0x0000000000000000, Not Active, Not Active
2026/09/30 06:34:52.272, 2827, 13365, 281.24, 60, 0x0000000000000000, Not Active, Not Active
2026/09/30 06:34:52.372, 2827, 13365, 281.24, 60, 0x0000000000000000, Not Active, Not Active
2026/09/30 06:34:52.472, 2827, 13365, 281.24, 60, 0x0000000000000000, Not Active, Not Active
2026/09/30 06:34:52.572, 2827, 13365, 281.24, 60, 0x0000000000000000, Not Active, Not Active
2026/09/30 06:34:52.673, 2827, 13365, 281.24, 60, 0x0000000000000000, Not Active, Not Active
2026/09/30 06:34:52.773, 2827, 13365, 165.92, 59, 0x0000000000000000, Not Active, Not Active
2026/09/30 06:34:52.873, 2827, 13365, 165.92, 59, 0x0000000000000000, Not Active, Not Active
2026/09/30 06:34:52.973, 2827, 13365, 165.92, 59, 0x0000000000000000, Not Active, Not Active
2026/09/30 06:34:53.073, 2827, 13365, 165.92, 59, 0x0000000000000000, Not Active, Not Active
2026/09/30 06:34:53.173, 2827, 13365, 165.92, 59, 0x0000000000000000, Not Active, Not Active
2026/09/30 06:34:53.273, 2827, 13365, 149.82, 58, 0x0000000000000000, Not Active, Not Active
2026/09/30 06:34:53.373, 2827, 13365, 149.82, 58, 0x0000000000000000, Not Active, Not Active
2026/09/30 06:34:53.474, 2827, 13365, 149.82, 58, 0x0000000000000000, Not Active, Not Active
2026/09/30 06:34:53.574, 2827, 13365, 149.82, 58, 0x0000000000000000, Not Active, Not Active
2026/09/30 06:34:53.674, 2827, 13365, 149.82, 58, 0x0000000000000000, Not Active, Not Active
2026/09/30 06:34:53.774, 2775, 13365, 152.21, 58, 0x0000000000000000, Not Active, Not Active
2026/09/30 06:34:53.874, 2775, 13365, 152.21, 58, 0x0000000000000000, Not Active, Not Active
2026/09/30 06:34:53.974, 2775, 13365, 152.21, 58, 0x0000000000000000, Not Active, Not Active
2026/09/30 06:34:54.074, 2775, 13365, 152.21, 58, 0x0000000000000000, Not Active, Not Active
2026/09/30 06:34:54.174, 2775, 13365, 152.21, 58, 0x0000000000000000, Not Active, Not Active
2026/09/30 06:34:54.274, 2670, 13365, 149.59, 58, 0x0000000000000000, Not Active, Not Active
2026/09/30 06:34:54.375, 2670, 13365, 149.59, 58, 0x0000000000000000, Not Active, Not Active
2026/09/30 06:34:54.475, 2670, 13365, 149.59, 58, 0x0000000000000000, Not Active, Not Active
2026/09/30 06:34:54.575, 2670, 13365, 149.59, 58, 0x0000000000000000, Not Active, Not Active
2026/09/30 06:34:54.675, 2670, 13365, 149.59, 58, 0x0000000000000000, Not Active, Not Active
2026/09/30 06:34:54.775, 2670, 13365, 151.19, 58, 0x0000000000000000, Not Active, Not Active
2026/09/30 06:34:54.875, 2670, 13365, 151.19, 58, 0x0000000000000000, Not Active, Not Active
2026/09/30 06:34:54.975, 2670, 13365, 151.19, 58, 0x0000000000000000, Not Active, Not Active
2026/09/30 06:34:55.075, 2670, 13365, 151.19, 58, 0x0000000000000000, Not Active, Not Active
2026/09/30 06:34:55.175, 2670, 13365, 151.19, 58, 0x0000000000000000, Not Active, Not Active
2026/09/30 06:34:55.276, 2670, 13365, 149.21, 58, 0x0000000000000000, Not Active, Not Active
2026/09/30 06:34:55.376, 2670, 13365, 149.21, 58, 0x0000000000000000, Not Active, Not Active
2026/09/30 06:34:55.476, 2670, 13365, 149.21, 58, 0x0000000000000000, Not Active, Not Active
2026/09/30 06:34:55.576, 2670, 13365, 149.21, 58, 0x0000000000000000, Not Active, Not Active
2026/09/30 06:34:55.676, 2670, 13365, 149.21, 58, 0x0000000000000000, Not Active, Not Active
2026/09/30 06:34:55.776, 2662, 13365, 137.63, 57, 0x0000000000000000, Not Active, Not Active
2026/09/30 06:34:55.876, 2662, 13365, 137.63, 57, 0x0000000000000000, Not Active, Not Active
2026/09/30 06:34:55.976, 2662, 13365, 137.63, 57, 0x0000000000000000, Not Active, Not Active
2026/09/30 06:34:56.077, 2662, 13365, 137.63, 57, 0x0000000000000000, Not Active, Not Active
2026/09/30 06:34:56.177, 2662, 13365, 137.63, 57, 0x0000000000000000, Not Active, Not Active
2026/09/30 06:34:56.277, 2640, 13365, 139.35, 58, 0x0000000000000000, Not Active, Not Active
2026/09/30 06:34:56.377, 2640, 13365, 139.35, 58, 0x0000000000000000, Not Active, Not Active
2026/09/30 06:34:56.477, 2640, 13365, 139.35, 58, 0x0000000000000000, Not Active, Not Active
2026/09/30 06:34:56.577, 2640, 13365, 139.35, 58, 0x0000000000000000, Not Active, Not Active
2026/09/30 06:34:56.677, 2640, 13365, 139.35, 58, 0x0000000000000000, Not Active, Not Active
2026/09/30 06:34:56.777, 2647, 13365, 144.93, 57, 0x0000000000000000, Not Active, Not Active
2026/09/30 06:34:56.878, 2647, 13365, 144.93, 57, 0x0000000000000000, Not Active, Not Active
2026/09/30 06:34:56.978, 2647, 13365, 144.93, 57, 0x0000000000000000, Not Active, Not Active
2026/09/30 06:34:57.078, 2647, 13365, 144.93, 57, 0x0000000000000000, Not Active, Not Active
2026/09/30 06:34:57.178, 2647, 13365, 144.93, 57, 0x0000000000000000, Not Active, Not Active
2026/09/30 06:34:57.278, 2647, 13365, 156.70, 58, 0x0000000000000000, Not Active, Not Active
2026/09/30 06:34:57.378, 2647, 13365, 156.70, 58, 0x0000000000000000, Not Active, Not Active
2026/09/30 06:34:57.478, 2647, 13365, 156.70, 58, 0x0000000000000000, Not Active, Not Active
2026/09/30 06:34:57.579, 2647, 13365, 156.70, 58, 0x0000000000000000, Not Active, Not Active
2026/09/30 06:34:57.679, 2647, 13365, 156.70, 58, 0x0000000000000000, Not Active, Not Active
2026/09/30 06:34:57.779, 2647, 13365, 148.72, 57, 0x0000000000000000, Not Active, Not Active
2026/09/30 06:34:57.879, 2647, 13365, 148.72, 57, 0x0000000000000000, Not Active, Not Active
2026/09/30 06:34:57.979, 2647, 13365, 148.72, 57, 0x0000000000000000, Not Active, Not Active
2026/09/30 06:34:58.079, 2647, 13365, 148.72, 57, 0x0000000000000000, Not Active, Not Active
2026/09/30 06:34:58.179, 2647, 13365, 148.72, 57, 0x0000000000000000, Not Active, Not Active
2026/09/30 06:34:58.280, 2632, 13365, 153.92, 58, 0x0000000000000000, Not Active, Not Active
2026/09/30 06:34:58.380, 2632, 13365, 153.92, 58, 0x0000000000000000, Not Active, Not Active
2026/09/30 06:34:58.480, 2632, 13365, 153.92, 58, 0x0000000000000000, Not Active, Not Active
2026/09/30 06:34:58.580, 2632, 13365, 153.92, 58, 0x0000000000000000, Not Active, Not Active
2026/09/30 06:34:58.680, 2632, 13365, 153.92, 58, 0x0000000000000000, Not Active, Not Active
2026/09/30 06:34:58.780, 2632, 13365, 167.25, 59, 0x0000000000000000, Not Active, Not Active
2026/09/30 06:34:58.880, 2632, 13365, 167.25, 59, 0x0000000000000000, Not Active, Not Active
2026/09/30 06:34:58.981, 2632, 13365, 167.25, 59, 0x0000000000000000, Not Active, Not Active
2026/09/30 06:34:59.081, 2632, 13365, 167.25, 59, 0x0000000000000000, Not Active, Not Active
2026/09/30 06:34:59.181, 2632, 13365, 167.25, 59, 0x0000000000000000, Not Active, Not Active
2026/09/30 06:34:59.281, 2640, 13365, 171.15, 59, 0x0000000000000000, Not Active, Not Active
2026/09/30 06:34:59.381, 2640, 13365, 171.15, 59, 0x0000000000000000, Not Active, Not Active
2026/09/30 06:34:59.481, 2640, 13365, 171.15, 59, 0x0000000000000000, Not Active, Not Active
2026/09/30 06:34:59.581, 2640, 13365, 171.15, 59, 0x0000000000000000, Not Active, Not Active
2026/09/30 06:34:59.682, 2640, 13365, 171.15, 59, 0x0000000000000000, Not Active, Not Active
2026/09/30 06:34:59.782, 2640, 13365, 171.99, 58, 0x0000000000000000, Not Active, Not Active
2026/09/30 06:34:59.882, 2640, 13365, 171.99, 58, 0x0000000000000000, Not Active, Not Active
2026/09/30 06:34:59.982, 2640, 13365, 171.99, 58, 0x0000000000000000, Not Active, Not Active
2026/09/30 06:35:00.082, 2640, 13365, 171.99, 58, 0x0000000000000000, Not Active, Not Active
2026/09/30 06:35:00.182, 2640, 13365, 171.99, 58, 0x0000000000000000, Not Active, Not Active
2026/09/30 06:35:00.282, 2602, 13365, 167.53, 61, 0x0000000000000000, Not Active, Not Active
2026/09/30 06:35:00.382, 2602, 13365, 167.53, 61, 0x0000000000000000, Not Active, Not Active
2026/09/30 06:35:00.483, 2602, 13365, 167.53, 61, 0x0000000000000000, Not Active, Not Active
2026/09/30 06:35:00.583, 2602, 13365, 167.53, 61, 0x0000000000000000, Not Active, Not Active
2026/09/30 06:35:00.683, 2602, 13365, 167.53, 61, 0x0000000000000000, Not Active, Not Active
2026/09/30 06:35:00.783, 2602, 13365, 175.96, 58, 0x0000000000000000, Not Active, Not Active
2026/09/30 06:35:00.883, 2602, 13365, 175.96, 58, 0x0000000000000000, Not Active, Not Active
2026/09/30 06:35:00.983, 2602, 13365, 175.96, 58, 0x0000000000000000, Not Active, Not Active
2026/09/30 06:35:01.083, 2602, 13365, 175.96, 58, 0x0000000000000000, Not Active, Not Active
2026/09/30 06:35:01.184, 2602, 13365, 175.96, 58, 0x0000000000000000, Not Active, Not Active
2026/09/30 06:35:01.284, 2602, 13365, 201.27, 58, 0x0000000000000000, Not Active, Not Active
2026/09/30 06:35:01.384, 2602, 13365, 201.27, 58, 0x0000000000000000, Not Active, Not Active
2026/09/30 06:35:01.484, 2602, 13365, 201.27, 58, 0x0000000000000000, Not Active, Not Active
2026/09/30 06:35:01.584, 2602, 13365, 201.27, 58, 0x0000000000000000, Not Active, Not Active
2026/09/30 06:35:01.684, 2602, 13365, 201.27, 58, 0x0000000000000000, Not Active, Not Active
2026/09/30 06:35:01.784, 2602, 13365, 204.16, 60, 0x0000000000000000, Not Active, Not Active
2026/09/30 06:35:01.884, 2602, 13365, 204.16, 60, 0x0000000000000000, Not Active, Not Active
2026/09/30 06:35:01.985, 2602, 13365, 204.16, 60, 0x0000000000000000, Not Active, Not Active
2026/09/30 06:35:02.085, 2602, 13365, 204.16, 60, 0x0000000000000000, Not Active, Not Active
2026/09/30 06:35:02.185, 2602, 13365, 204.16, 60, 0x0000000000000000, Not Active, Not Active
2026/09/30 06:35:02.285, 2610, 13365, 169.42, 57, 0x0000000000000000, Not Active, Not Active
2026/09/30 06:35:02.385, 2610, 13365, 169.42, 57, 0x0000000000000000, Not Active, Not Active
2026/09/30 06:35:02.485, 2610, 13365, 169.42, 57, 0x0000000000000000, Not Active, Not Active
2026/09/30 06:35:02.585, 2610, 13365, 169.42, 57, 0x0000000000000000, Not Active, Not Active
2026/09/30 06:35:02.685, 2610, 13365, 169.42, 57, 0x0000000000000000, Not Active, Not Active
2026/09/30 06:35:02.786, 2542, 13365, 183.19, 62, 0x0000000000000000, Not Active, Not Active
2026/09/30 06:35:02.886, 2542, 13365, 183.19, 62, 0x0000000000000000, Not Active, Not Active
2026/09/30 06:35:02.986, 2542, 13365, 183.19, 62, 0x0000000000000000, Not Active, Not Active
2026/09/30 06:35:03.086, 2542, 13365, 183.19, 62, 0x0000000000000000, Not Active, Not Active
2026/09/30 06:35:03.186, 2542, 13365, 183.19, 62, 0x0000000000000000, Not Active, Not Active
2026/09/30 06:35:03.286, 2572, 13365, 212.47, 62, 0x0000000000000000, Not Active, Not Active
2026/09/30 06:35:03.386, 2572, 13365, 212.47, 62, 0x0000000000000000, Not Active, Not Active
2026/09/30 06:35:03.486, 2572, 13365, 212.47, 62, 0x0000000000000000, Not Active, Not Active
2026/09/30 06:35:03.587, 2572, 13365, 212.47, 62, 0x0000000000000000, Not Active, Not Active
2026/09/30 06:35:03.687, 2572, 13365, 212.47, 62, 0x0000000000000000, Not Active, Not Active
2026/09/30 06:35:03.787, 2542, 13365, 227.10, 58, 0x0000000000000000, Not Active, Not Active
2026/09/30 06:35:03.887, 2542, 13365, 227.10, 58, 0x0000000000000000, Not Active, Not Active
2026/09/30 06:35:03.987, 2542, 13365, 227.10, 58, 0x0000000000000000, Not Active, Not Active
2026/09/30 06:35:04.087, 2542, 13365, 227.10, 58, 0x0000000000000000, Not Active, Not Active
2026/09/30 06:35:04.187, 2542, 13365, 227.10, 58, 0x0000000000000000, Not Active, Not Active
2026/09/30 06:35:04.287, 2542, 13365, 233.43, 60, 0x0000000000000000, Not Active, Not Active
2026/09/30 06:35:04.388, 2542, 13365, 233.43, 60, 0x0000000000000000, Not Active, Not Active
2026/09/30 06:35:04.488, 2542, 13365, 233.43, 60, 0x0000000000000000, Not Active, Not Active
2026/09/30 06:35:04.588, 2542, 13365, 233.43, 60, 0x0000000000000000, Not Active, Not Active
2026/09/30 06:35:04.688, 2542, 13365, 233.43, 60, 0x0000000000000000, Not Active, Not Active
2026/09/30 06:35:04.788, 2572, 13365, 237.54, 63, 0x0000000000000000, Not Active, Not Active
2026/09/30 06:35:04.888, 2572, 13365, 237.54, 63, 0x0000000000000000, Not Active, Not Active
2026/09/30 06:35:04.988, 2572, 13365, 237.54, 63, 0x0000000000000000, Not Active, Not Active
2026/09/30 06:35:05.089, 2572, 13365, 237.54, 63, 0x0000000000000000, Not Active, Not Active
2026/09/30 06:35:05.189, 2572, 13365, 237.54, 63, 0x0000000000000000, Not Active, Not Active
2026/09/30 06:35:05.289, 2610, 13365, 173.29, 57, 0x0000000000000000, Not Active, Not Active
2026/09/30 06:35:05.389, 2610, 13365, 173.29, 57, 0x0000000000000000, Not Active, Not Active
2026/09/30 06:35:05.489, 2610, 13365, 173.29, 57, 0x0000000000000000, Not Active, Not Active
2026/09/30 06:35:05.589, 2610, 13365, 173.29, 57, 0x0000000000000000, Not Active, Not Active
2026/09/30 06:35:05.689, 2610, 13365, 173.29, 57, 0x0000000000000000, Not Active, Not Active
2026/09/30 06:35:05.789, 2505, 13365, 204.12, 66, 0x0000000000000004, Active, Not Active
2026/09/30 06:35:05.890, 2505, 13365, 204.12, 66, 0x0000000000000004, Active, Not Active
2026/09/30 06:35:05.990, 2505, 13365, 204.12, 66, 0x0000000000000004, Active, Not Active
2026/09/30 06:35:06.090, 2505, 13365, 204.12, 66, 0x0000000000000004, Active, Not Active
2026/09/30 06:35:06.190, 2505, 13365, 204.12, 66, 0x0000000000000004, Active, Not Active
2026/09/30 06:35:06.290, 2670, 13365, 285.62, 64, 0x0000000000000004, Active, Not Active
2026/09/30 06:35:06.390, 2670, 13365, 285.62, 64, 0x0000000000000004, Active, Not Active
2026/09/30 06:35:06.490, 2670, 13365, 285.62, 64, 0x0000000000000004, Active, Not Active
2026/09/30 06:35:06.591, 2670, 13365, 285.62, 64, 0x0000000000000004, Active, Not Active
2026/09/30 06:35:06.691, 2670, 13365, 285.62, 64, 0x0000000000000004, Active, Not Active
2026/09/30 06:35:06.791, 2565, 13365, 304.39, 63, 0x0000000000000000, Not Active, Not Active
2026/09/30 06:35:06.891, 2565, 13365, 304.39, 63, 0x0000000000000000, Not Active, Not Active
2026/09/30 06:35:06.991, 2565, 13365, 304.39, 63, 0x0000000000000000, Not Active, Not Active
2026/09/30 06:35:07.091, 2565, 13365, 304.39, 63, 0x0000000000000000, Not Active, Not Active
2026/09/30 06:35:07.191, 2565, 13365, 304.39, 63, 0x0000000000000000, Not Active, Not Active
2026/09/30 06:35:07.292, 2520, 13365, 303.08, 62, 0x0000000000000000, Not Active, Not Active
2026/09/30 06:35:07.392, 2520, 13365, 303.08, 62, 0x0000000000000000, Not Active, Not Active
2026/09/30 06:35:07.492, 2520, 13365, 303.08, 62, 0x0000000000000000, Not Active, Not Active
2026/09/30 06:35:07.592, 2520, 13365, 303.08, 62, 0x0000000000000000, Not Active, Not Active
2026/09/30 06:35:07.692, 2520, 13365, 303.08, 62, 0x0000000000000000, Not Active, Not Active
2026/09/30 06:35:07.792, 2550, 13365, 286.03, 60, 0x0000000000000000, Not Active, Not Active
2026/09/30 06:35:07.892, 2550, 13365, 286.03, 60, 0x0000000000000000, Not Active, Not Active
2026/09/30 06:35:07.992, 2550, 13365, 286.03, 60, 0x0000000000000000, Not Active, Not Active
2026/09/30 06:35:08.093, 2550, 13365, 286.03, 60, 0x0000000000000000, Not Active, Not Active
2026/09/30 06:35:08.193, 2550, 13365, 286.03, 60, 0x0000000000000000, Not Active, Not Active
2026/09/30 06:35:08.293, 2572, 13365, 312.63, 66, 0x0000000000000004, Active, Not Active
2026/09/30 06:35:08.393, 2572, 13365, 312.63, 66, 0x0000000000000004, Active, Not Active
2026/09/30 06:35:08.493, 2572, 13365, 312.63, 66, 0x0000000000000004, Active, Not Active
2026/09/30 06:35:08.593, 2572, 13365, 312.63, 66, 0x0000000000000004, Active, Not Active
2026/09/30 06:35:08.693, 2572, 13365, 312.63, 66, 0x0000000000000004, Active, Not Active
2026/09/30 06:35:08.793, 2827, 13365, 244.65, 59, 0x0000000000000000, Not Active, Not Active
2026/09/30 06:35:08.894, 2827, 13365, 244.65, 59, 0x0000000000000000, Not Active, Not Active
2026/09/30 06:35:08.994, 2827, 13365, 244.65, 59, 0x0000000000000000, Not Active, Not Active
2026/09/30 06:35:09.094, 2827, 13365, 244.65, 59, 0x0000000000000000, Not Active, Not Active
2026/09/30 06:35:09.194, 2827, 13365, 244.65, 59, 0x0000000000000000, Not Active, Not Active
2026/09/30 06:35:09.294, 2827, 13365, 166.05, 58, 0x0000000000000000, Not Active, Not Active
2026/09/30 06:35:09.394, 2827, 13365, 166.05, 58, 0x0000000000000000, Not Active, Not Active
2026/09/30 06:35:09.494, 2827, 13365, 166.05, 58, 0x0000000000000000, Not Active, Not Active
2026/09/30 06:35:09.594, 2827, 13365, 166.05, 58, 0x0000000000000000, Not Active, Not Active
2026/09/30 06:35:09.695, 2827, 13365, 166.05, 58, 0x0000000000000000, Not Active, Not Active
2026/09/30 06:35:09.795, 2827, 13365, 147.03, 59, 0x0000000000000000, Not Active, Not Active
2026/09/30 06:35:09.895, 2827, 13365, 147.03, 59, 0x0000000000000000, Not Active, Not Active
2026/09/30 06:35:09.995, 2827, 13365, 147.03, 59, 0x0000000000000000, Not Active, Not Active
2026/09/30 06:35:10.095, 2827, 13365, 147.03, 59, 0x0000000000000000, Not Active, Not Active
2026/09/30 06:35:10.195, 2827, 13365, 147.03, 59, 0x0000000000000000, Not Active, Not Active
2026/09/30 06:35:10.295, 2737, 13365, 144.28, 58, 0x0000000000000000, Not Active, Not Active
2026/09/30 06:35:10.395, 2737, 13365, 144.28, 58, 0x0000000000000000, Not Active, Not Active
2026/09/30 06:35:10.496, 2737, 13365, 144.28, 58, 0x0000000000000000, Not Active, Not Active
2026/09/30 06:35:10.596, 2737, 13365, 144.28, 58, 0x0000000000000000, Not Active, Not Active
2026/09/30 06:35:10.696, 2737, 13365, 144.28, 58, 0x0000000000000000, Not Active, Not Active
2026/09/30 06:35:10.796, 2625, 13365, 129.93, 59, 0x0000000000000000, Not Active, Not Active
2026/09/30 06:35:10.896, 2625, 13365, 129.93, 59, 0x0000000000000000, Not Active, Not Active
2026/09/30 06:35:10.996, 2625, 13365, 129.93, 59, 0x0000000000000000, Not Active, Not Active
2026/09/30 06:35:11.096, 2625, 13365, 129.93, 59, 0x0000000000000000, Not Active, Not Active
2026/09/30 06:35:11.196, 2625, 13365, 129.93, 59, 0x0000000000000000, Not Active, Not Active
2026/09/30 06:35:11.297, 2662, 13365, 126.03, 58, 0x0000000000000000, Not Active, Not Active
2026/09/30 06:35:11.397, 2662, 13365, 126.03, 58, 0x0000000000000000, Not Active, Not Active
2026/09/30 06:35:11.497, 2662, 13365, 126.03, 58, 0x0000000000000000, Not Active, Not Active
2026/09/30 06:35:11.597, 2662, 13365, 126.03, 58, 0x0000000000000000, Not Active, Not Active
2026/09/30 06:35:11.697, 2662, 13365, 126.03, 58, 0x0000000000000000, Not Active, Not Active
2026/09/30 06:35:11.797, 2685, 13365, 135.29, 58, 0x0000000000000000, Not Active, Not Active
2026/09/30 06:35:11.897, 2685, 13365, 135.29, 58, 0x0000000000000000, Not Active, Not Active
2026/09/30 06:35:11.997, 2685, 13365, 135.29, 58, 0x0000000000000000, Not Active, Not Active
2026/09/30 06:35:12.097, 2685, 13365, 135.29, 58, 0x0000000000000000, Not Active, Not Active
2026/09/30 06:35:12.198, 2685, 13365, 135.29, 58, 0x0000000000000000, Not Active, Not Active
2026/09/30 06:35:12.298, 2692, 13365, 141.24, 58, 0x0000000000000000, Not Active, Not Active
2026/09/30 06:35:12.398, 2692, 13365, 141.24, 58, 0x0000000000000000, Not Active, Not Active
2026/09/30 06:35:12.498, 2692, 13365, 141.24, 58, 0x0000000000000000, Not Active, Not Active
2026/09/30 06:35:12.598, 2692, 13365, 141.24, 58, 0x0000000000000000, Not Active, Not Active
2026/09/30 06:35:12.698, 2692, 13365, 141.24, 58, 0x0000000000000000, Not Active, Not Active
2026/09/30 06:35:12.798, 2655, 13365, 131.94, 58, 0x0000000000000000, Not Active, Not Active
2026/09/30 06:35:12.899, 2655, 13365, 131.94, 58, 0x0000000000000000, Not Active, Not Active
2026/09/30 06:35:12.999, 2655, 13365, 131.94, 58, 0x0000000000000000, Not Active, Not Active
2026/09/30 06:35:13.099, 2655, 13365, 131.94, 58, 0x0000000000000000, Not Active, Not Active
2026/09/30 06:35:13.199, 2655, 13365, 131.94, 58, 0x0000000000000000, Not Active, Not Active
2026/09/30 06:35:13.299, 2647, 13365, 131.49, 58, 0x0000000000000000, Not Active, Not Active
2026/09/30 06:35:13.399, 2647, 13365, 131.49, 58, 0x0000000000000000, Not Active, Not Active
2026/09/30 06:35:13.499, 2647, 13365, 131.49, 58, 0x0000000000000000, Not Active, Not Active
2026/09/30 06:35:13.599, 2647, 13365, 131.49, 58, 0x0000000000000000, Not Active, Not Active
2026/09/30 06:35:13.700, 2647, 13365, 131.49, 58, 0x0000000000000000, Not Active, Not Active
2026/09/30 06:35:13.800, 2662, 13365, 134.78, 57, 0x0000000000000000, Not Active, Not Active
2026/09/30 06:35:13.900, 2662, 13365, 134.78, 57, 0x0000000000000000, Not Active, Not Active
2026/09/30 06:35:14.000, 2662, 13365, 134.78, 57, 0x0000000000000000, Not Active, Not Active
2026/09/30 06:35:14.100, 2662, 13365, 134.78, 57, 0x0000000000000000, Not Active, Not Active
2026/09/30 06:35:14.200, 2662, 13365, 134.78, 57, 0x0000000000000000, Not Active, Not Active
2026/09/30 06:35:14.300, 2685, 13365, 135.29, 57, 0x0000000000000000, Not Active, Not Active
2026/09/30 06:35:14.401, 2685, 13365, 135.29, 57, 0x0000000000000000, Not Active, Not Active
2026/09/30 06:35:14.501, 2685, 13365, 135.29, 57, 0x0000000000000000, Not Active, Not Active
2026/09/30 06:35:14.601, 2685, 13365, 135.29, 57, 0x0000000000000000, Not Active, Not Active
2026/09/30 06:35:14.701, 2685, 13365, 135.29, 57, 0x0000000000000000, Not Active, Not Active
2026/09/30 06:35:14.801, 2647, 13365, 136.55, 58, 0x0000000000000000, Not Active, Not Active
2026/09/30 06:35:14.901, 2647, 13365, 136.55, 58, 0x0000000000000000, Not Active, Not Active
2026/09/30 06:35:15.001, 2647, 13365, 136.55, 58, 0x0000000000000000, Not Active, Not Active
2026/09/30 06:35:15.102, 2647, 13365, 136.55, 58, 0x0000000000000000, Not Active, Not Active
2026/09/30 06:35:15.202, 2647, 13365, 136.55, 58, 0x0000000000000000, Not Active, Not Active
2026/09/30 06:35:15.302, 2670, 13365, 137.70, 58, 0x0000000000000000, Not Active, Not Active
2026/09/30 06:35:15.402, 2670, 13365, 137.70, 58, 0x0000000000000000, Not Active, Not Active
2026/09/30 06:35:15.502, 2670, 13365, 137.70, 58, 0x0000000000000000, Not Active, Not Active
2026/09/30 06:35:15.602, 2670, 13365, 137.70, 58, 0x0000000000000000, Not Active, Not Active
2026/09/30 06:35:15.702, 2670, 13365, 137.70, 58, 0x0000000000000000, Not Active, Not Active
2026/09/30 06:35:15.803, 2647, 13365, 143.30, 58, 0x0000000000000000, Not Active, Not Active
2026/09/30 06:35:15.903, 2647, 13365, 143.30, 58, 0x0000000000000000, Not Active, Not Active
2026/09/30 06:35:16.003, 2647, 13365, 143.30, 58, 0x0000000000000000, Not Active, Not Active
2026/09/30 06:35:16.103, 2647, 13365, 143.30, 58, 0x0000000000000000, Not Active, Not Active
2026/09/30 06:35:16.203, 2647, 13365, 143.30, 58, 0x0000000000000000, Not Active, Not Active
2026/09/30 06:35:16.303, 2662, 13365, 141.46, 58, 0x0000000000000000, Not Active, Not Active
2026/09/30 06:35:16.403, 2662, 13365, 141.46, 58, 0x0000000000000000, Not Active, Not Active
2026/09/30 06:35:16.504, 2662, 13365, 141.46, 58, 0x0000000000000000, Not Active, Not Active
2026/09/30 06:35:16.604, 2662, 13365, 141.46, 58, 0x0000000000000000, Not Active, Not Active
2026/09/30 06:35:16.704, 2662, 13365, 141.46, 58, 0x0000000000000000, Not Active, Not Active
2026/09/30 06:35:16.804, 2647, 13365, 131.46, 57, 0x0000000000000000, Not Active, Not Active
2026/09/30 06:35:16.904, 2647, 13365, 131.46, 57, 0x0000000000000000, Not Active, Not Active
2026/09/30 06:35:17.004, 2647, 13365, 131.46, 57, 0x0000000000000000, Not Active, Not Active
2026/09/30 06:35:17.104, 2647, 13365, 131.46, 57, 0x0000000000000000, Not Active, Not Active
2026/09/30 06:35:17.205, 2647, 13365, 131.46, 57, 0x0000000000000000, Not Active, Not Active
2026/09/30 06:35:17.305, 2647, 13365, 134.58, 59, 0x0000000000000000, Not Active, Not Active
2026/09/30 06:35:17.405, 2647, 13365, 134.58, 59, 0x0000000000000000, Not Active, Not Active
2026/09/30 06:35:17.505, 2647, 13365, 134.58, 59, 0x0000000000000000, Not Active, Not Active
2026/09/30 06:35:17.605, 2647, 13365, 134.58, 59, 0x0000000000000000, Not Active, Not Active
2026/09/30 06:35:17.705, 2647, 13365, 134.58, 59, 0x0000000000000000, Not Active, Not Active
2026/09/30 06:35:17.805, 2647, 13365, 140.92, 57, 0x0000000000000000, Not Active, Not Active
2026/09/30 06:35:17.905, 2647, 13365, 140.92, 57, 0x0000000000000000, Not Active, Not Active
2026/09/30 06:35:18.006, 2647, 13365, 140.92, 57, 0x0000000000000000, Not Active, Not Active
2026/09/30 06:35:18.106, 2647, 13365, 140.92, 57, 0x0000000000000000, Not Active, Not Active
2026/09/30 06:35:18.206, 2647, 13365, 140.92, 57, 0x0000000000000000, Not Active, Not Active
2026/09/30 06:35:18.306, 2677, 13365, 147.98, 58, 0x0000000000000000, Not Active, Not Active
2026/09/30 06:35:18.406, 2677, 13365, 147.98, 58, 0x0000000000000000, Not Active, Not Active
2026/09/30 06:35:18.506, 2677, 13365, 147.98, 58, 0x0000000000000000, Not Active, Not Active
2026/09/30 06:35:18.606, 2677, 13365, 147.98, 58, 0x0000000000000000, Not Active, Not Active
2026/09/30 06:35:18.707, 2677, 13365, 147.98, 58, 0x0000000000000000, Not Active, Not Active
2026/09/30 06:35:18.807, 2677, 13365, 148.97, 57, 0x0000000000000000, Not Active, Not Active
2026/09/30 06:35:18.907, 2677, 13365, 148.97, 57, 0x0000000000000000, Not Active, Not Active
2026/09/30 06:35:19.007, 2677, 13365, 148.97, 57, 0x0000000000000000, Not Active, Not Active
2026/09/30 06:35:19.107, 2677, 13365, 148.97, 57, 0x0000000000000000, Not Active, Not Active
2026/09/30 06:35:19.207, 2677, 13365, 148.97, 57, 0x0000000000000000, Not Active, Not Active
2026/09/30 06:35:19.307, 2610, 13365, 126.08, 57, 0x0000000000000000, Not Active, Not Active
2026/09/30 06:35:19.407, 2610, 13365, 126.08, 57, 0x0000000000000000, Not Active, Not Active
2026/09/30 06:35:19.508, 2610, 13365, 126.08, 57, 0x0000000000000000, Not Active, Not Active
2026/09/30 06:35:19.608, 2610, 13365, 126.08, 57, 0x0000000000000000, Not Active, Not Active
2026/09/30 06:35:19.708, 2610, 13365, 126.08, 57, 0x0000000000000000, Not Active, Not Active
2026/09/30 06:35:19.808, 2670, 13365, 132.10, 57, 0x0000000000000000, Not Active, Not Active
2026/09/30 06:35:19.908, 2670, 13365, 132.10, 57, 0x0000000000000000, Not Active, Not Active
2026/09/30 06:35:20.008, 2670, 13365, 132.10, 57, 0x0000000000000000, Not Active, Not Active
2026/09/30 06:35:20.108, 2670, 13365, 132.10, 57, 0x0000000000000000, Not Active, Not Active
2026/09/30 06:35:20.208, 2670, 13365, 132.10, 57, 0x0000000000000000, Not Active, Not Active
2026/09/30 06:35:20.309, 2670, 13365, 163.71, 58, 0x0000000000000000, Not Active, Not Active
2026/09/30 06:35:20.409, 2670, 13365, 163.71, 58, 0x0000000000000000, Not Active, Not Active
2026/09/30 06:35:20.509, 2670, 13365, 163.71, 58, 0x0000000000000000, Not Active, Not Active
2026/09/30 06:35:20.609, 2670, 13365, 163.71, 58, 0x0000000000000000, Not Active, Not Active
2026/09/30 06:35:20.709, 2670, 13365, 163.71, 58, 0x0000000000000000, Not Active, Not Active
2026/09/30 06:35:20.809, 2647, 13365, 160.79, 59, 0x0000000000000000, Not Active, Not Active
2026/09/30 06:35:20.909, 2647, 13365, 160.79, 59, 0x0000000000000000, Not Active, Not Active
2026/09/30 06:35:21.010, 2647, 13365, 160.79, 59, 0x0000000000000000, Not Active, Not Active
2026/09/30 06:35:21.110, 2647, 13365, 160.79, 59, 0x0000000000000000, Not Active, Not Active
2026/09/30 06:35:21.210, 2647, 13365, 160.79, 59, 0x0000000000000000, Not Active, Not Active
2026/09/30 06:35:21.310, 2647, 13365, 152.22, 57, 0x0000000000000000, Not Active, Not Active
2026/09/30 06:35:21.410, 2647, 13365, 152.22, 57, 0x0000000000000000, Not Active, Not Active
2026/09/30 06:35:21.510, 2647, 13365, 152.22, 57, 0x0000000000000000, Not Active, Not Active
2026/09/30 06:35:21.610, 2647, 13365, 152.22, 57, 0x0000000000000000, Not Active, Not Active
2026/09/30 06:35:21.710, 2610, 13365, 123.92, 56, 0x0000000000000000, Not Active, Not Active
2026/09/30 06:35:21.811, 2610, 13365, 123.92, 56, 0x0000000000000000, Not Active, Not Active
2026/09/30 06:35:21.911, 2610, 13365, 123.92, 56, 0x0000000000000000, Not Active, Not Active
2026/09/30 06:35:22.011, 2610, 13365, 123.92, 56, 0x0000000000000000, Not Active, Not Active
2026/09/30 06:35:22.111, 2610, 13365, 123.92, 56, 0x0000000000000000, Not Active, Not Active
2026/09/30 06:35:22.211, 2632, 13365, 128.90, 59, 0x0000000000000000, Not Active, Not Active
2026/09/30 06:35:22.311, 2632, 13365, 128.90, 59, 0x0000000000000000, Not Active, Not Active
2026/09/30 06:35:22.412, 2632, 13365, 128.90, 59, 0x0000000000000000, Not Active, Not Active
2026/09/30 06:35:22.512, 2632, 13365, 128.90, 59, 0x0000000000000000, Not Active, Not Active
2026/09/30 06:35:22.612, 2632, 13365, 128.90, 59, 0x0000000000000000, Not Active, Not Active
2026/09/30 06:35:22.712, 2632, 13365, 173.83, 59, 0x0000000000000000, Not Active, Not Active
2026/09/30 06:35:22.815, 2632, 13365, 173.83, 59, 0x0000000000000000, Not Active, Not Active
2026/09/30 06:35:22.915, 2632, 13365, 173.83, 59, 0x0000000000000000, Not Active, Not Active
2026/09/30 06:35:23.015, 2632, 13365, 173.83, 59, 0x0000000000000000, Not Active, Not Active
2026/09/30 06:35:23.116, 2632, 13365, 173.83, 59, 0x0000000000000000, Not Active, Not Active
2026/09/30 06:35:23.216, 2632, 13365, 180.95, 59, 0x0000000000000000, Not Active, Not Active
2026/09/30 06:35:23.316, 2632, 13365, 180.95, 59, 0x0000000000000000, Not Active, Not Active
2026/09/30 06:35:23.416, 2632, 13365, 180.95, 59, 0x0000000000000000, Not Active, Not Active
2026/09/30 06:35:23.516, 2632, 13365, 180.95, 59, 0x0000000000000000, Not Active, Not Active
2026/09/30 06:35:23.616, 2632, 13365, 180.95, 59, 0x0000000000000000, Not Active, Not Active
2026/09/30 06:35:23.716, 2640, 13365, 177.42, 57, 0x0000000000000000, Not Active, Not Active
2026/09/30 06:35:23.817, 2640, 13365, 177.42, 57, 0x0000000000000000, Not Active, Not Active
2026/09/30 06:35:23.917, 2640, 13365, 177.42, 57, 0x0000000000000000, Not Active, Not Active
2026/09/30 06:35:24.017, 2640, 13365, 177.42, 57, 0x0000000000000000, Not Active, Not Active
2026/09/30 06:35:24.117, 2640, 13365, 177.42, 57, 0x0000000000000000, Not Active, Not Active
2026/09/30 06:35:24.217, 2647, 13365, 171.17, 57, 0x0000000000000000, Not Active, Not Active
2026/09/30 06:35:24.317, 2647, 13365, 171.17, 57, 0x0000000000000000, Not Active, Not Active
2026/09/30 06:35:24.417, 2647, 13365, 171.17, 57, 0x0000000000000000, Not Active, Not Active
2026/09/30 06:35:24.517, 2647, 13365, 171.17, 57, 0x0000000000000000, Not Active, Not Active
2026/09/30 06:35:24.618, 2647, 13365, 171.17, 57, 0x0000000000000000, Not Active, Not Active
2026/09/30 06:35:24.718, 2662, 13365, 151.10, 58, 0x0000000000000000, Not Active, Not Active
2026/09/30 06:35:24.818, 2662, 13365, 151.10, 58, 0x0000000000000000, Not Active, Not Active
2026/09/30 06:35:24.918, 2662, 13365, 151.10, 58, 0x0000000000000000, Not Active, Not Active
2026/09/30 06:35:25.018, 2662, 13365, 151.10, 58, 0x0000000000000000, Not Active, Not Active
2026/09/30 06:35:25.118, 2662, 13365, 151.10, 58, 0x0000000000000000, Not Active, Not Active
2026/09/30 06:35:25.218, 2655, 13365, 138.07, 57, 0x0000000000000000, Not Active, Not Active
2026/09/30 06:35:25.318, 2655, 13365, 138.07, 57, 0x0000000000000000, Not Active, Not Active
2026/09/30 06:35:25.419, 2655, 13365, 138.07, 57, 0x0000000000000000, Not Active, Not Active
2026/09/30 06:35:25.519, 2655, 13365, 138.07, 57, 0x0000000000000000, Not Active, Not Active
2026/09/30 06:35:25.619, 2655, 13365, 138.07, 57, 0x0000000000000000, Not Active, Not Active
2026/09/30 06:35:25.719, 2662, 13365, 136.68, 58, 0x0000000000000000, Not Active, Not Active
2026/09/30 06:35:25.820, 2662, 13365, 136.68, 58, 0x0000000000000000, Not Active, Not Active
2026/09/30 06:35:25.920, 2662, 13365, 136.68, 58, 0x0000000000000000, Not Active, Not Active
2026/09/30 06:35:26.020, 2662, 13365, 136.68, 58, 0x0000000000000000, Not Active, Not Active
2026/09/30 06:35:26.120, 2662, 13365, 136.68, 58, 0x0000000000000000, Not Active, Not Active
2026/09/30 06:35:26.220, 2647, 13365, 133.03, 57, 0x0000000000000000, Not Active, Not Active
2026/09/30 06:35:26.321, 2647, 13365, 133.03, 57, 0x0000000000000000, Not Active, Not Active
2026/09/30 06:35:26.421, 2647, 13365, 133.03, 57, 0x0000000000000000, Not Active, Not Active
2026/09/30 06:35:26.521, 2647, 13365, 133.03, 57, 0x0000000000000000, Not Active, Not Active
2026/09/30 06:35:26.621, 2647, 13365, 133.03, 57, 0x0000000000000000, Not Active, Not Active
2026/09/30 06:35:26.721, 2685, 13365, 134.78, 57, 0x0000000000000000, Not Active, Not Active
2026/09/30 06:35:26.821, 2685, 13365, 134.78, 57, 0x0000000000000000, Not Active, Not Active
2026/09/30 06:35:26.921, 2685, 13365, 134.78, 57, 0x0000000000000000, Not Active, Not Active
2026/09/30 06:35:27.022, 2685, 13365, 134.78, 57, 0x0000000000000000, Not Active, Not Active
2026/09/30 06:35:27.122, 2685, 13365, 134.78, 57, 0x0000000000000000, Not Active, Not Active
2026/09/30 06:35:27.222, 2692, 13365, 140.96, 57, 0x0000000000000000, Not Active, Not Active
2026/09/30 06:35:27.322, 2692, 13365, 140.96, 57, 0x0000000000000000, Not Active, Not Active
2026/09/30 06:35:27.422, 2692, 13365, 140.96, 57, 0x0000000000000000, Not Active, Not Active
2026/09/30 06:35:27.522, 2692, 13365, 140.96, 57, 0x0000000000000000, Not Active, Not Active
2026/09/30 06:35:27.622, 2692, 13365, 140.96, 57, 0x0000000000000000, Not Active, Not Active
2026/09/30 06:35:27.722, 2685, 13365, 140.61, 57, 0x0000000000000000, Not Active, Not Active
2026/09/30 06:35:27.823, 2685, 13365, 140.61, 57, 0x0000000000000000, Not Active, Not Active
2026/09/30 06:35:27.923, 2685, 13365, 140.61, 57, 0x0000000000000000, Not Active, Not Active
2026/09/30 06:35:28.023, 2685, 13365, 140.61, 57, 0x0000000000000000, Not Active, Not Active
2026/09/30 06:35:28.123, 2685, 13365, 140.61, 57, 0x0000000000000000, Not Active, Not Active
2026/09/30 06:35:28.223, 2677, 13365, 136.02, 57, 0x0000000000000000, Not Active, Not Active
2026/09/30 06:35:28.323, 2677, 13365, 136.02, 57, 0x0000000000000000, Not Active, Not Active
2026/09/30 06:35:28.423, 2677, 13365, 136.02, 57, 0x0000000000000000, Not Active, Not Active
2026/09/30 06:35:28.524, 2677, 13365, 136.02, 57, 0x0000000000000000, Not Active, Not Active
2026/09/30 06:35:28.624, 2677, 13365, 136.02, 57, 0x0000000000000000, Not Active, Not Active
2026/09/30 06:35:28.724, 2662, 13365, 134.55, 57, 0x0000000000000000, Not Active, Not Active
2026/09/30 06:35:28.824, 2662, 13365, 134.55, 57, 0x0000000000000000, Not Active, Not Active
2026/09/30 06:35:28.924, 2662, 13365, 134.55, 57, 0x0000000000000000, Not Active, Not Active
2026/09/30 06:35:29.024, 2662, 13365, 134.55, 57, 0x0000000000000000, Not Active, Not Active
2026/09/30 06:35:29.124, 2662, 13365, 134.55, 57, 0x0000000000000000, Not Active, Not Active
2026/09/30 06:35:29.224, 2647, 13365, 137.80, 57, 0x0000000000000000, Not Active, Not Active
2026/09/30 06:35:29.325, 2647, 13365, 137.80, 57, 0x0000000000000000, Not Active, Not Active
2026/09/30 06:35:29.425, 2647, 13365, 137.80, 57, 0x0000000000000000, Not Active, Not Active
2026/09/30 06:35:29.525, 2647, 13365, 137.80, 57, 0x0000000000000000, Not Active, Not Active
2026/09/30 06:35:29.625, 2647, 13365, 137.80, 57, 0x0000000000000000, Not Active, Not Active
2026/09/30 06:35:29.726, 2670, 13365, 135.66, 57, 0x0000000000000000, Not Active, Not Active
2026/09/30 06:35:29.826, 2670, 13365, 135.66, 57, 0x0000000000000000, Not Active, Not Active
2026/09/30 06:35:29.926, 2670, 13365, 135.66, 57, 0x0000000000000000, Not Active, Not Active
2026/09/30 06:35:30.026, 2670, 13365, 135.66, 57, 0x0000000000000000, Not Active, Not Active
2026/09/30 06:35:30.126, 2670, 13365, 135.66, 57, 0x0000000000000000, Not Active, Not Active
2026/09/30 06:35:30.226, 2655, 13365, 133.31, 58, 0x0000000000000000, Not Active, Not Active
2026/09/30 06:35:30.327, 2655, 13365, 133.31, 58, 0x0000000000000000, Not Active, Not Active
2026/09/30 06:35:30.427, 2655, 13365, 133.31, 58, 0x0000000000000000, Not Active, Not Active
2026/09/30 06:35:30.528, 2655, 13365, 133.31, 58, 0x0000000000000000, Not Active, Not Active
2026/09/30 06:35:30.628, 2655, 13365, 133.31, 58, 0x0000000000000000, Not Active, Not Active
2026/09/30 06:35:30.728, 2662, 13365, 134.99, 57, 0x0000000000000000, Not Active, Not Active
2026/09/30 06:35:30.828, 2662, 13365, 134.99, 57, 0x0000000000000000, Not Active, Not Active
2026/09/30 06:35:30.929, 2662, 13365, 134.99, 57, 0x0000000000000000, Not Active, Not Active
2026/09/30 06:35:31.029, 2662, 13365, 134.99, 57, 0x0000000000000000, Not Active, Not Active
2026/09/30 06:35:31.129, 2662, 13365, 134.99, 57, 0x0000000000000000, Not Active, Not Active
2026/09/30 06:35:31.230, 2655, 13365, 143.96, 58, 0x0000000000000000, Not Active, Not Active
2026/09/30 06:35:31.330, 2655, 13365, 143.96, 58, 0x0000000000000000, Not Active, Not Active
2026/09/30 06:35:31.431, 2655, 13365, 143.96, 58, 0x0000000000000000, Not Active, Not Active
2026/09/30 06:35:31.531, 2655, 13365, 143.96, 58, 0x0000000000000000, Not Active, Not Active
2026/09/30 06:35:31.631, 2655, 13365, 143.96, 58, 0x0000000000000000, Not Active, Not Active
2026/09/30 06:35:31.731, 2662, 13365, 144.51, 57, 0x0000000000000000, Not Active, Not Active
2026/09/30 06:35:31.831, 2662, 13365, 144.51, 57, 0x0000000000000000, Not Active, Not Active
2026/09/30 06:35:31.931, 2662, 13365, 144.51, 57, 0x0000000000000000, Not Active, Not Active
2026/09/30 06:35:32.031, 2662, 13365, 144.51, 57, 0x0000000000000000, Not Active, Not Active
2026/09/30 06:35:32.131, 2662, 13365, 144.51, 57, 0x0000000000000000, Not Active, Not Active
2026/09/30 06:35:32.232, 2632, 13365, 132.54, 57, 0x0000000000000000, Not Active, Not Active
2026/09/30 06:35:32.332, 2632, 13365, 132.54, 57, 0x0000000000000000, Not Active, Not Active
2026/09/30 06:35:32.432, 2632, 13365, 132.54, 57, 0x0000000000000000, Not Active, Not Active
2026/09/30 06:35:32.533, 2632, 13365, 132.54, 57, 0x0000000000000000, Not Active, Not Active
2026/09/30 06:35:32.633, 2632, 13365, 132.54, 57, 0x0000000000000000, Not Active, Not Active
2026/09/30 06:35:32.733, 2670, 13365, 134.11, 58, 0x0000000000000000, Not Active, Not Active
2026/09/30 06:35:32.833, 2670, 13365, 134.11, 58, 0x0000000000000000, Not Active, Not Active
2026/09/30 06:35:32.933, 2670, 13365, 134.11, 58, 0x0000000000000000, Not Active, Not Active
2026/09/30 06:35:33.034, 2670, 13365, 134.11, 58, 0x0000000000000000, Not Active, Not Active
2026/09/30 06:35:33.134, 2670, 13365, 134.11, 58, 0x0000000000000000, Not Active, Not Active
2026/09/30 06:35:33.234, 2647, 13365, 143.96, 57, 0x0000000000000000, Not Active, Not Active
2026/09/30 06:35:33.334, 2647, 13365, 143.96, 57, 0x0000000000000000, Not Active, Not Active
2026/09/30 06:35:33.435, 2647, 13365, 143.96, 57, 0x0000000000000000, Not Active, Not Active
2026/09/30 06:35:33.535, 2647, 13365, 143.96, 57, 0x0000000000000000, Not Active, Not Active
2026/09/30 06:35:33.635, 2647, 13365, 143.96, 57, 0x0000000000000000, Not Active, Not Active
2026/09/30 06:35:33.735, 2662, 13365, 145.69, 58, 0x0000000000000000, Not Active, Not Active
2026/09/30 06:35:33.836, 2662, 13365, 145.69, 58, 0x0000000000000000, Not Active, Not Active
2026/09/30 06:35:33.936, 2662, 13365, 145.69, 58, 0x0000000000000000, Not Active, Not Active
2026/09/30 06:35:34.036, 2662, 13365, 145.69, 58, 0x0000000000000000, Not Active, Not Active
2026/09/30 06:35:34.136, 2662, 13365, 145.69, 58, 0x0000000000000000, Not Active, Not Active
2026/09/30 06:35:34.236, 2647, 13365, 138.70, 56, 0x0000000000000000, Not Active, Not Active
2026/09/30 06:35:34.336, 2647, 13365, 138.70, 56, 0x0000000000000000, Not Active, Not Active
2026/09/30 06:35:34.437, 2647, 13365, 138.70, 56, 0x0000000000000000, Not Active, Not Active
2026/09/30 06:35:34.537, 2647, 13365, 138.70, 56, 0x0000000000000000, Not Active, Not Active
2026/09/30 06:35:34.637, 2647, 13365, 138.70, 56, 0x0000000000000000, Not Active, Not Active
2026/09/30 06:35:34.737, 2655, 13365, 134.33, 57, 0x0000000000000000, Not Active, Not Active
2026/09/30 06:35:34.837, 2655, 13365, 134.33, 57, 0x0000000000000000, Not Active, Not Active
2026/09/30 06:35:34.937, 2655, 13365, 134.33, 57, 0x0000000000000000, Not Active, Not Active
2026/09/30 06:35:35.037, 2655, 13365, 134.33, 57, 0x0000000000000000, Not Active, Not Active
2026/09/30 06:35:35.138, 2655, 13365, 134.33, 57, 0x0000000000000000, Not Active, Not Active
2026/09/30 06:35:35.238, 2655, 13365, 152.58, 59, 0x0000000000000000, Not Active, Not Active
2026/09/30 06:35:35.338, 2655, 13365, 152.58, 59, 0x0000000000000000, Not Active, Not Active
2026/09/30 06:35:35.439, 2655, 13365, 152.58, 59, 0x0000000000000000, Not Active, Not Active
2026/09/30 06:35:35.539, 2655, 13365, 152.58, 59, 0x0000000000000000, Not Active, Not Active
2026/09/30 06:35:35.639, 2655, 13365, 152.58, 59, 0x0000000000000000, Not Active, Not Active
2026/09/30 06:35:35.739, 2670, 13365, 166.69, 57, 0x0000000000000000, Not Active, Not Active
2026/09/30 06:35:35.839, 2670, 13365, 166.69, 57, 0x0000000000000000, Not Active, Not Active
2026/09/30 06:35:35.939, 2670, 13365, 166.69, 57, 0x0000000000000000, Not Active, Not Active
2026/09/30 06:35:36.039, 2670, 13365, 166.69, 57, 0x0000000000000000, Not Active, Not Active
2026/09/30 06:35:36.140, 2670, 13365, 166.69, 57, 0x0000000000000000, Not Active, Not Active
2026/09/30 06:35:36.240, 2677, 13365, 170.65, 59, 0x0000000000000000, Not Active, Not Active
2026/09/30 06:35:36.340, 2677, 13365, 170.65, 59, 0x0000000000000000, Not Active, Not Active
2026/09/30 06:35:36.440, 2677, 13365, 170.65, 59, 0x0000000000000000, Not Active, Not Active
2026/09/30 06:35:36.540, 2677, 13365, 170.65, 59, 0x0000000000000000, Not Active, Not Active
2026/09/30 06:35:36.640, 2677, 13365, 170.65, 59, 0x0000000000000000, Not Active, Not Active
2026/09/30 06:35:36.740, 2610, 13365, 133.27, 56, 0x0000000000000000, Not Active, Not Active
2026/09/30 06:35:36.840, 2610, 13365, 133.27, 56, 0x0000000000000000, Not Active, Not Active
2026/09/30 06:35:36.940, 2610, 13365, 133.27, 56, 0x0000000000000000, Not Active, Not Active
2026/09/30 06:35:37.041, 2610, 13365, 133.27, 56, 0x0000000000000000, Not Active, Not Active
2026/09/30 06:35:37.141, 2610, 13365, 133.27, 56, 0x0000000000000000, Not Active, Not Active
2026/09/30 06:35:37.241, 2625, 13365, 122.40, 58, 0x0000000000000000, Not Active, Not Active
2026/09/30 06:35:37.341, 2625, 13365, 122.40, 58, 0x0000000000000000, Not Active, Not Active
2026/09/30 06:35:37.441, 2625, 13365, 122.40, 58, 0x0000000000000000, Not Active, Not Active
2026/09/30 06:35:37.541, 2625, 13365, 122.40, 58, 0x0000000000000000, Not Active, Not Active
2026/09/30 06:35:37.641, 2625, 13365, 122.40, 58, 0x0000000000000000, Not Active, Not Active
2026/09/30 06:35:37.742, 2625, 13365, 166.18, 58, 0x0000000000000000, Not Active, Not Active
2026/09/30 06:35:37.842, 2625, 13365, 166.18, 58, 0x0000000000000000, Not Active, Not Active
2026/09/30 06:35:37.942, 2625, 13365, 166.18, 58, 0x0000000000000000, Not Active, Not Active
2026/09/30 06:35:38.042, 2625, 13365, 166.18, 58, 0x0000000000000000, Not Active, Not Active
2026/09/30 06:35:38.143, 2625, 13365, 166.18, 58, 0x0000000000000000, Not Active, Not Active
2026/09/30 06:35:38.243, 2640, 13365, 189.44, 57, 0x0000000000000000, Not Active, Not Active
2026/09/30 06:35:38.343, 2640, 13365, 189.44, 57, 0x0000000000000000, Not Active, Not Active
2026/09/30 06:35:38.443, 2640, 13365, 189.44, 57, 0x0000000000000000, Not Active, Not Active
2026/09/30 06:35:38.543, 2640, 13365, 189.44, 57, 0x0000000000000000, Not Active, Not Active
2026/09/30 06:35:38.643, 2640, 13365, 189.44, 57, 0x0000000000000000, Not Active, Not Active
2026/09/30 06:35:38.744, 2632, 13365, 189.66, 58, 0x0000000000000000, Not Active, Not Active
2026/09/30 06:35:38.844, 2632, 13365, 189.66, 58, 0x0000000000000000, Not Active, Not Active
2026/09/30 06:35:38.944, 2632, 13365, 189.66, 58, 0x0000000000000000, Not Active, Not Active
2026/09/30 06:35:39.044, 2632, 13365, 189.66, 58, 0x0000000000000000, Not Active, Not Active
2026/09/30 06:35:39.144, 2632, 13365, 189.66, 58, 0x0000000000000000, Not Active, Not Active
2026/09/30 06:35:39.244, 2625, 13365, 167.95, 57, 0x0000000000000000, Not Active, Not Active
2026/09/30 06:35:39.344, 2625, 13365, 167.95, 57, 0x0000000000000000, Not Active, Not Active
2026/09/30 06:35:39.444, 2625, 13365, 167.95, 57, 0x0000000000000000, Not Active, Not Active
2026/09/30 06:35:39.544, 2625, 13365, 167.95, 57, 0x0000000000000000, Not Active, Not Active
2026/09/30 06:35:39.645, 2625, 13365, 167.95, 57, 0x0000000000000000, Not Active, Not Active
2026/09/30 06:35:39.745, 2662, 13365, 140.68, 57, 0x0000000000000000, Not Active, Not Active
2026/09/30 06:35:39.845, 2662, 13365, 140.68, 57, 0x0000000000000000, Not Active, Not Active
2026/09/30 06:35:39.945, 2662, 13365, 140.68, 57, 0x0000000000000000, Not Active, Not Active
2026/09/30 06:35:40.045, 2662, 13365, 140.68, 57, 0x0000000000000000, Not Active, Not Active
2026/09/30 06:35:40.145, 2662, 13365, 140.68, 57, 0x0000000000000000, Not Active, Not Active
2026/09/30 06:35:40.245, 2685, 13365, 133.40, 56, 0x0000000000000000, Not Active, Not Active
2026/09/30 06:35:40.345, 2685, 13365, 133.40, 56, 0x0000000000000000, Not Active, Not Active
2026/09/30 06:35:40.445, 2685, 13365, 133.40, 56, 0x0000000000000000, Not Active, Not Active
2026/09/30 06:35:40.546, 2685, 13365, 133.40, 56, 0x0000000000000000, Not Active, Not Active
2026/09/30 06:35:40.646, 2685, 13365, 133.40, 56, 0x0000000000000000, Not Active, Not Active
2026/09/30 06:35:40.746, 2685, 13365, 139.79, 57, 0x0000000000000000, Not Active, Not Active
2026/09/30 06:35:40.846, 2685, 13365, 139.79, 57, 0x0000000000000000, Not Active, Not Active
2026/09/30 06:35:40.946, 2685, 13365, 139.79, 57, 0x0000000000000000, Not Active, Not Active
2026/09/30 06:35:41.046, 2685, 13365, 139.79, 57, 0x0000000000000000, Not Active, Not Active
2026/09/30 06:35:41.146, 2685, 13365, 139.79, 57, 0x0000000000000000, Not Active, Not Active
2026/09/30 06:35:41.246, 2677, 13365, 131.95, 56, 0x0000000000000000, Not Active, Not Active
2026/09/30 06:35:41.347, 2677, 13365, 131.95, 56, 0x0000000000000000, Not Active, Not Active
2026/09/30 06:35:41.447, 2677, 13365, 131.95, 56, 0x0000000000000000, Not Active, Not Active
2026/09/30 06:35:41.547, 2677, 13365, 131.95, 56, 0x0000000000000000, Not Active, Not Active
2026/09/30 06:35:41.647, 2677, 13365, 131.95, 56, 0x0000000000000000, Not Active, Not Active
2026/09/30 06:35:41.747, 2655, 13365, 127.38, 57, 0x0000000000000000, Not Active, Not Active
2026/09/30 06:35:41.848, 2655, 13365, 127.38, 57, 0x0000000000000000, Not Active, Not Active
2026/09/30 06:35:41.948, 2655, 13365, 127.38, 57, 0x0000000000000000, Not Active, Not Active
2026/09/30 06:35:42.048, 2655, 13365, 127.38, 57, 0x0000000000000000, Not Active, Not Active
2026/09/30 06:35:42.148, 2655, 13365, 127.38, 57, 0x0000000000000000, Not Active, Not Active
2026/09/30 06:35:42.249, 2655, 13365, 139.16, 57, 0x0000000000000000, Not Active, Not Active
2026/09/30 06:35:42.349, 2655, 13365, 139.16, 57, 0x0000000000000000, Not Active, Not Active
2026/09/30 06:35:42.449, 2655, 13365, 139.16, 57, 0x0000000000000000, Not Active, Not Active
2026/09/30 06:35:42.550, 2655, 13365, 139.16, 57, 0x0000000000000000, Not Active, Not Active
2026/09/30 06:35:42.650, 2655, 13365, 139.16, 57, 0x0000000000000000, Not Active, Not Active
2026/09/30 06:35:42.750, 2692, 13365, 140.63, 56, 0x0000000000000000, Not Active, Not Active
2026/09/30 06:35:42.850, 2692, 13365, 140.63, 56, 0x0000000000000000, Not Active, Not Active
2026/09/30 06:35:42.950, 2692, 13365, 140.63, 56, 0x0000000000000000, Not Active, Not Active
2026/09/30 06:35:43.051, 2692, 13365, 140.63, 56, 0x0000000000000000, Not Active, Not Active
2026/09/30 06:35:43.151, 2692, 13365, 140.63, 56, 0x0000000000000000, Not Active, Not Active
2026/09/30 06:35:43.251, 2677, 13365, 137.01, 56, 0x0000000000000000, Not Active, Not Active
2026/09/30 06:35:43.351, 2677, 13365, 137.01, 56, 0x0000000000000000, Not Active, Not Active
2026/09/30 06:35:43.451, 2677, 13365, 137.01, 56, 0x0000000000000000, Not Active, Not Active
2026/09/30 06:35:43.552, 2677, 13365, 137.01, 56, 0x0000000000000000, Not Active, Not Active
2026/09/30 06:35:43.652, 2677, 13365, 137.01, 56, 0x0000000000000000, Not Active, Not Active
2026/09/30 06:35:43.752, 2647, 13365, 136.62, 58, 0x0000000000000000, Not Active, Not Active
2026/09/30 06:35:43.852, 2647, 13365, 136.62, 58, 0x0000000000000000, Not Active, Not Active
2026/09/30 06:35:43.952, 2647, 13365, 136.62, 58, 0x0000000000000000, Not Active, Not Active
2026/09/30 06:35:44.053, 2647, 13365, 136.62, 58, 0x0000000000000000, Not Active, Not Active
2026/09/30 06:35:44.153, 2647, 13365, 136.62, 58, 0x0000000000000000, Not Active, Not Active
2026/09/30 06:35:44.253, 2640, 13365, 140.42, 56, 0x0000000000000000, Not Active, Not Active
2026/09/30 06:35:44.353, 2640, 13365, 140.42, 56, 0x0000000000000000, Not Active, Not Active
2026/09/30 06:35:44.453, 2640, 13365, 140.42, 56, 0x0000000000000000, Not Active, Not Active
2026/09/30 06:35:44.553, 2640, 13365, 140.42, 56, 0x0000000000000000, Not Active, Not Active
2026/09/30 06:35:44.654, 2640, 13365, 140.42, 56, 0x0000000000000000, Not Active, Not Active
2026/09/30 06:35:44.754, 2670, 13365, 141.40, 57, 0x0000000000000000, Not Active, Not Active
2026/09/30 06:35:44.854, 2670, 13365, 141.40, 57, 0x0000000000000000, Not Active, Not Active
2026/09/30 06:35:44.954, 2670, 13365, 141.40, 57, 0x0000000000000000, Not Active, Not Active
2026/09/30 06:35:45.054, 2670, 13365, 141.40, 57, 0x0000000000000000, Not Active, Not Active
2026/09/30 06:35:45.154, 2670, 13365, 141.40, 57, 0x0000000000000000, Not Active, Not Active
2026/09/30 06:35:45.254, 2685, 13365, 144.56, 56, 0x0000000000000000, Not Active, Not Active
2026/09/30 06:35:45.355, 2685, 13365, 144.56, 56, 0x0000000000000000, Not Active, Not Active
2026/09/30 06:35:45.455, 2685, 13365, 144.56, 56, 0x0000000000000000, Not Active, Not Active
2026/09/30 06:35:45.555, 2685, 13365, 144.56, 56, 0x0000000000000000, Not Active, Not Active
2026/09/30 06:35:45.655, 2685, 13365, 144.56, 56, 0x0000000000000000, Not Active, Not Active
2026/09/30 06:35:45.755, 2655, 13365, 145.93, 57, 0x0000000000000000, Not Active, Not Active
2026/09/30 06:35:45.856, 2655, 13365, 145.93, 57, 0x0000000000000000, Not Active, Not Active
2026/09/30 06:35:45.956, 2655, 13365, 145.93, 57, 0x0000000000000000, Not Active, Not Active
2026/09/30 06:35:46.056, 2655, 13365, 145.93, 57, 0x0000000000000000, Not Active, Not Active
2026/09/30 06:35:46.156, 2655, 13365, 145.93, 57, 0x0000000000000000, Not Active, Not Active
2026/09/30 06:35:46.257, 2647, 13365, 151.42, 58, 0x0000000000000000, Not Active, Not Active
2026/09/30 06:35:46.357, 2647, 13365, 151.42, 58, 0x0000000000000000, Not Active, Not Active
2026/09/30 06:35:46.457, 2647, 13365, 151.42, 58, 0x0000000000000000, Not Active, Not Active
2026/09/30 06:35:46.557, 2647, 13365, 151.42, 58, 0x0000000000000000, Not Active, Not Active
2026/09/30 06:35:46.657, 2647, 13365, 151.42, 58, 0x0000000000000000, Not Active, Not Active
2026/09/30 06:35:46.757, 2640, 13365, 157.60, 57, 0x0000000000000000, Not Active, Not Active
2026/09/30 06:35:46.858, 2640, 13365, 157.60, 57, 0x0000000000000000, Not Active, Not Active
2026/09/30 06:35:46.958, 2640, 13365, 157.60, 57, 0x0000000000000000, Not Active, Not Active
2026/09/30 06:35:47.058, 2640, 13365, 157.60, 57, 0x0000000000000000, Not Active, Not Active
2026/09/30 06:35:47.158, 2640, 13365, 157.60, 57, 0x0000000000000000, Not Active, Not Active
2026/09/30 06:35:47.258, 2647, 13365, 158.11, 57, 0x0000000000000000, Not Active, Not Active
2026/09/30 06:35:47.359, 2647, 13365, 158.11, 57, 0x0000000000000000, Not Active, Not Active
2026/09/30 06:35:47.459, 2647, 13365, 158.11, 57, 0x0000000000000000, Not Active, Not Active
2026/09/30 06:35:47.559, 2647, 13365, 158.11, 57, 0x0000000000000000, Not Active, Not Active
2026/09/30 06:35:47.660, 2647, 13365, 158.11, 57, 0x0000000000000000, Not Active, Not Active
2026/09/30 06:35:47.760, 2625, 13365, 148.91, 57, 0x0000000000000000, Not Active, Not Active
2026/09/30 06:35:47.860, 2625, 13365, 148.91, 57, 0x0000000000000000, Not Active, Not Active
2026/09/30 06:35:47.960, 2625, 13365, 148.91, 57, 0x0000000000000000, Not Active, Not Active
2026/09/30 06:35:48.060, 2625, 13365, 148.91, 57, 0x0000000000000000, Not Active, Not Active
2026/09/30 06:35:48.160, 2625, 13365, 148.91, 57, 0x0000000000000000, Not Active, Not Active
2026/09/30 06:35:48.260, 2632, 13365, 159.86, 59, 0x0000000000000000, Not Active, Not Active
2026/09/30 06:35:48.361, 2632, 13365, 159.86, 59, 0x0000000000000000, Not Active, Not Active
2026/09/30 06:35:48.462, 2632, 13365, 159.86, 59, 0x0000000000000000, Not Active, Not Active
2026/09/30 06:35:48.562, 2632, 13365, 159.86, 59, 0x0000000000000000, Not Active, Not Active
2026/09/30 06:35:48.662, 2632, 13365, 159.86, 59, 0x0000000000000000, Not Active, Not Active
2026/09/30 06:35:48.762, 2632, 13365, 170.34, 58, 0x0000000000000000, Not Active, Not Active
2026/09/30 06:35:48.862, 2632, 13365, 170.34, 58, 0x0000000000000000, Not Active, Not Active
2026/09/30 06:35:48.962, 2632, 13365, 170.34, 58, 0x0000000000000000, Not Active, Not Active
2026/09/30 06:35:49.062, 2632, 13365, 170.34, 58, 0x0000000000000000, Not Active, Not Active
2026/09/30 06:35:49.163, 2632, 13365, 170.34, 58, 0x0000000000000000, Not Active, Not Active
2026/09/30 06:35:49.263, 2640, 13365, 170.88, 57, 0x0000000000000000, Not Active, Not Active
2026/09/30 06:35:49.363, 2640, 13365, 170.88, 57, 0x0000000000000000, Not Active, Not Active
2026/09/30 06:35:49.464, 2640, 13365, 170.88, 57, 0x0000000000000000, Not Active, Not Active
2026/09/30 06:35:49.564, 2640, 13365, 170.88, 57, 0x0000000000000000, Not Active, Not Active
2026/09/30 06:35:49.665, 2640, 13365, 170.88, 57, 0x0000000000000000, Not Active, Not Active
2026/09/30 06:35:49.765, 2617, 13365, 152.74, 56, 0x0000000000000000, Not Active, Not Active
2026/09/30 06:35:49.865, 2617, 13365, 152.74, 56, 0x0000000000000000, Not Active, Not Active
2026/09/30 06:35:49.965, 2617, 13365, 152.74, 56, 0x0000000000000000, Not Active, Not Active
2026/09/30 06:35:50.065, 2617, 13365, 152.74, 56, 0x0000000000000000, Not Active, Not Active
2026/09/30 06:35:50.166, 2617, 13365, 152.74, 56, 0x0000000000000000, Not Active, Not Active
2026/09/30 06:35:50.266, 2595, 13365, 148.77, 58, 0x0000000000000000, Not Active, Not Active
2026/09/30 06:35:50.366, 2595, 13365, 148.77, 58, 0x0000000000000000, Not Active, Not Active
2026/09/30 06:35:50.466, 2595, 13365, 148.77, 58, 0x0000000000000000, Not Active, Not Active
2026/09/30 06:35:50.566, 2595, 13365, 148.77, 58, 0x0000000000000000, Not Active, Not Active
2026/09/30 06:35:50.667, 2595, 13365, 148.77, 58, 0x0000000000000000, Not Active, Not Active
2026/09/30 06:35:50.767, 2595, 13365, 196.25, 60, 0x0000000000000000, Not Active, Not Active
2026/09/30 06:35:50.867, 2595, 13365, 196.25, 60, 0x0000000000000000, Not Active, Not Active
2026/09/30 06:35:50.968, 2595, 13365, 196.25, 60, 0x0000000000000000, Not Active, Not Active
2026/09/30 06:35:51.068, 2595, 13365, 196.25, 60, 0x0000000000000000, Not Active, Not Active
2026/09/30 06:35:51.168, 2595, 13365, 196.25, 60, 0x0000000000000000, Not Active, Not Active
2026/09/30 06:35:51.268, 2595, 13365, 204.93, 58, 0x0000000000000000, Not Active, Not Active
2026/09/30 06:35:51.368, 2595, 13365, 204.93, 58, 0x0000000000000000, Not Active, Not Active
2026/09/30 06:35:51.468, 2595, 13365, 204.93, 58, 0x0000000000000000, Not Active, Not Active
2026/09/30 06:35:51.568, 2595, 13365, 204.93, 58, 0x0000000000000000, Not Active, Not Active
2026/09/30 06:35:51.668, 2595, 13365, 204.93, 58, 0x0000000000000000, Not Active, Not Active
2026/09/30 06:35:51.769, 2602, 13365, 192.18, 60, 0x0000000000000000, Not Active, Not Active
2026/09/30 06:35:51.869, 2602, 13365, 192.18, 60, 0x0000000000000000, Not Active, Not Active
2026/09/30 06:35:51.969, 2602, 13365, 192.18, 60, 0x0000000000000000, Not Active, Not Active
2026/09/30 06:35:52.069, 2602, 13365, 192.18, 60, 0x0000000000000000, Not Active, Not Active
2026/09/30 06:35:52.169, 2602, 13365, 192.18, 60, 0x0000000000000000, Not Active, Not Active
2026/09/30 06:35:52.269, 2595, 13365, 179.08, 56, 0x0000000000000000, Not Active, Not Active
2026/09/30 06:35:52.370, 2595, 13365, 179.08, 56, 0x0000000000000000, Not Active, Not Active
2026/09/30 06:35:52.470, 2595, 13365, 179.08, 56, 0x0000000000000000, Not Active, Not Active
2026/09/30 06:35:52.570, 2595, 13365, 179.08, 56, 0x0000000000000000, Not Active, Not Active
2026/09/30 06:35:52.670, 2595, 13365, 179.08, 56, 0x0000000000000000, Not Active, Not Active
2026/09/30 06:35:52.770, 2610, 13365, 138.02, 56, 0x0000000000000000, Not Active, Not Active
2026/09/30 06:35:52.871, 2610, 13365, 138.02, 56, 0x0000000000000000, Not Active, Not Active
2026/09/30 06:35:52.971, 2610, 13365, 138.02, 56, 0x0000000000000000, Not Active, Not Active
2026/09/30 06:35:53.071, 2610, 13365, 138.02, 56, 0x0000000000000000, Not Active, Not Active
2026/09/30 06:35:53.171, 2610, 13365, 138.02, 56, 0x0000000000000000, Not Active, Not Active
2026/09/30 06:35:53.271, 2557, 13365, 125.73, 60, 0x0000000000000000, Not Active, Not Active
2026/09/30 06:35:53.372, 2557, 13365, 125.73, 60, 0x0000000000000000, Not Active, Not Active
2026/09/30 06:35:53.472, 2557, 13365, 125.73, 60, 0x0000000000000000, Not Active, Not Active
2026/09/30 06:35:53.572, 2557, 13365, 125.73, 60, 0x0000000000000000, Not Active, Not Active
2026/09/30 06:35:53.672, 2557, 13365, 125.73, 60, 0x0000000000000000, Not Active, Not Active
2026/09/30 06:35:53.773, 2542, 13365, 226.52, 63, 0x0000000000000000, Not Active, Not Active
2026/09/30 06:35:53.873, 2542, 13365, 226.52, 63, 0x0000000000000000, Not Active, Not Active
2026/09/30 06:35:53.973, 2542, 13365, 226.52, 63, 0x0000000000000000, Not Active, Not Active
2026/09/30 06:35:54.073, 2542, 13365, 226.52, 63, 0x0000000000000000, Not Active, Not Active
2026/09/30 06:35:54.174, 2542, 13365, 226.52, 63, 0x0000000000000000, Not Active, Not Active
2026/09/30 06:35:54.274, 2707, 13365, 266.20, 60, 0x0000000000000000, Not Active, Not Active
2026/09/30 06:35:54.374, 2707, 13365, 266.20, 60, 0x0000000000000000, Not Active, Not Active
2026/09/30 06:35:54.474, 2707, 13365, 266.20, 60, 0x0000000000000000, Not Active, Not Active
2026/09/30 06:35:54.574, 2707, 13365, 266.20, 60, 0x0000000000000000, Not Active, Not Active
2026/09/30 06:35:54.675, 2707, 13365, 266.20, 60, 0x0000000000000000, Not Active, Not Active
2026/09/30 06:35:54.775, 2640, 13365, 254.38, 59, 0x0000000000000000, Not Active, Not Active
2026/09/30 06:35:54.875, 2640, 13365, 254.38, 59, 0x0000000000000000, Not Active, Not Active
2026/09/30 06:35:54.975, 2640, 13365, 254.38, 59, 0x0000000000000000, Not Active, Not Active
2026/09/30 06:35:55.075, 2640, 13365, 254.38, 59, 0x0000000000000000, Not Active, Not Active
2026/09/30 06:35:55.175, 2640, 13365, 254.38, 59, 0x0000000000000000, Not Active, Not Active
2026/09/30 06:35:55.275, 2662, 13365, 267.11, 63, 0x0000000000000000, Not Active, Not Active
2026/09/30 06:35:55.376, 2662, 13365, 267.11, 63, 0x0000000000000000, Not Active, Not Active
2026/09/30 06:35:55.476, 2662, 13365, 267.11, 63, 0x0000000000000000, Not Active, Not Active
2026/09/30 06:35:55.576, 2662, 13365, 267.11, 63, 0x0000000000000000, Not Active, Not Active
2026/09/30 06:35:55.676, 2662, 13365, 267.11, 63, 0x0000000000000000, Not Active, Not Active
2026/09/30 06:35:55.776, 2835, 13365, 218.53, 57, 0x0000000000000000, Not Active, Not Active
2026/09/30 06:35:55.876, 2835, 13365, 218.53, 57, 0x0000000000000000, Not Active, Not Active
2026/09/30 06:35:55.976, 2835, 13365, 218.53, 57, 0x0000000000000000, Not Active, Not Active
2026/09/30 06:35:56.076, 2835, 13365, 218.53, 57, 0x0000000000000000, Not Active, Not Active
