unit,shape,tokens,kernel,pattern,f,kernel_build,width,schedule,us,round_medians
256x64,4096x4096,1,adopted,all,0.0,n16k64_wA_g32_n16_t0,16,"[0, 1]",8.512,8.559 8.544 8.496
256x64,4096x4096,1,adopted,all,1.0,n16k64_wA_g32_n16_t0,16,"[0, 1]",8.512,8.544 8.495 8.528
256x64,4096x4096,1,adopted,random,0.01,n16k64_wA_g32_n16_t0,16,"[0, 1]",8.512,8.608 8.463 8.495
256x64,4096x4096,1,adopted,random,0.02,n16k64_wA_g32_n16_t0,16,"[0, 1]",8.496,8.528 8.496 8.480
256x64,4096x4096,1,adopted,random,0.05,n16k64_wA_g32_n16_t0,16,"[0, 1]",8.511,8.544 8.512 8.448
256x64,4096x4096,1,adopted,random,0.1,n16k64_wA_g32_n16_t0,16,"[0, 1]",8.512,8.544 8.480 8.464
256x64,4096x4096,1,adopted,random,0.25,n16k64_wA_g32_n16_t0,16,"[0, 1]",8.512,8.576 8.496 8.480
256x64,4096x4096,1,adopted,random,0.5,n16k64_wA_g32_n16_t0,16,"[0, 1]",8.512,8.560 8.479 8.528
256x64,4096x4096,1,adopted,random,0.75,n16k64_wA_g32_n16_t0,16,"[0, 1]",8.480,8.544 8.479 8.496
256x64,4096x4096,1,adopted,contiguous,0.01,n16k64_wA_g32_n16_t0,16,"[0, 1]",8.528,8.560 8.496 8.528
256x64,4096x4096,1,adopted,contiguous,0.02,n16k64_wA_g32_n16_t0,16,"[0, 1]",8.512,8.560 8.512 8.465
256x64,4096x4096,1,adopted,contiguous,0.05,n16k64_wA_g32_n16_t0,16,"[0, 1]",8.512,8.560 8.512 8.480
256x64,4096x4096,1,adopted,contiguous,0.1,n16k64_wA_g32_n16_t0,16,"[0, 1]",8.512,8.544 8.512 8.496
256x64,4096x4096,1,adopted,contiguous,0.25,n16k64_wA_g32_n16_t0,16,"[0, 1]",8.512,8.560 8.480 8.480
256x64,4096x4096,1,adopted,contiguous,0.5,n16k64_wA_g32_n16_t0,16,"[0, 1]",8.512,8.544 8.528 8.496
256x64,4096x4096,1,adopted,contiguous,0.75,n16k64_wA_g32_n16_t0,16,"[0, 1]",8.512,8.528 8.528 8.512
256x64,4096x4096,1,adopted,real,0.1083984375,n16k64_wA_g32_n16_t0,16,"[0, 1]",8.480,8.544 8.480 8.449
256x64,4096x4096,1,previous,all,0.0,n16k64_wA_g32_n16,16,"[0, 1]",8.528,8.512 8.544 8.512
256x64,4096x4096,1,previous,all,1.0,n16k64_wA_g32_n16,16,"[0, 1]",8.575,8.576 8.544 8.576
256x64,4096x4096,1,previous,random,0.01,n16k64_wA_g32_n16,16,"[0, 1]",8.512,8.544 8.480 8.528
256x64,4096x4096,1,previous,random,0.02,n16k64_wA_g32_n16,16,"[0, 1]",8.544,8.544 8.544 8.480
256x64,4096x4096,1,previous,random,0.05,n16k64_wA_g32_n16,16,"[0, 1]",8.544,8.559 8.512 8.544
256x64,4096x4096,1,previous,random,0.1,n16k64_wA_g32_n16,16,"[0, 1]",8.480,8.464 8.480 8.352
256x64,4096x4096,1,previous,random,0.25,n16k64_wA_g32_n16,16,"[0, 1]",8.544,8.560 8.559 8.544
256x64,4096x4096,1,previous,random,0.5,n16k64_wA_g32_n16,16,"[0, 1]",8.543,8.576 8.528 8.527
256x64,4096x4096,1,previous,random,0.75,n16k64_wA_g32_n16,16,"[0, 1]",8.512,8.528 8.512 8.544
256x64,4096x4096,1,previous,contiguous,0.01,n16k64_wA_g32_n16,16,"[0, 1]",8.512,8.512 8.512 8.528
256x64,4096x4096,1,previous,contiguous,0.02,n16k64_wA_g32_n16,16,"[0, 1]",8.512,8.464 8.528 8.544
256x64,4096x4096,1,previous,contiguous,0.05,n16k64_wA_g32_n16,16,"[0, 1]",8.512,8.528 8.544 8.512
256x64,4096x4096,1,previous,contiguous,0.1,n16k64_wA_g32_n16,16,"[0, 1]",8.496,8.512 8.512 8.399
256x64,4096x4096,1,previous,contiguous,0.25,n16k64_wA_g32_n16,16,"[0, 1]",8.543,8.528 8.512 8.575
256x64,4096x4096,1,previous,contiguous,0.5,n16k64_wA_g32_n16,16,"[0, 1]",8.576,8.576 8.575 8.608
256x64,4096x4096,1,previous,contiguous,0.75,n16k64_wA_g32_n16,16,"[0, 1]",8.544,8.543 8.544 8.544
256x64,4096x4096,1,previous,real,0.1083984375,n16k64_wA_g32_n16,16,"[0, 1]",8.544,8.496 8.544 8.544
256x64,4096x4096,1,paper,all,0.0,n16k64_wA,128,"[0, 1]",15.984,16.000 15.984 15.968
256x64,4096x4096,1,paper,all,1.0,n16k64_wA,128,"[0, 1]",17.728,17.743 17.759 17.728
256x64,4096x4096,1,paper,random,0.01,n16k64_wA,128,"[0, 1]",16.000,16.015 16.015 16.000
256x64,4096x4096,1,paper,random,0.02,n16k64_wA,128,"[0, 1]",16.032,16.031 16.032 16.032
256x64,4096x4096,1,paper,random,0.05,n16k64_wA,128,"[0, 1]",16.032,16.048 16.015 16.031
256x64,4096x4096,1,paper,random,0.1,n16k64_wA,128,"[0, 1]",16.079,16.111 16.063 16.112
256x64,4096x4096,1,paper,random,0.25,n16k64_wA,128,"[0, 1]",16.303,16.288 16.256 16.352
256x64,4096x4096,1,paper,random,0.5,n16k64_wA,128,"[0, 1]",16.735,16.704 16.752 16.736
256x64,4096x4096,1,paper,random,0.75,n16k64_wA,128,"[0, 1]",17.152,17.167 17.120 17.184
256x64,4096x4096,1,paper,contiguous,0.01,n16k64_wA,128,"[0, 1]",16.528,16.512 16.607 16.528
256x64,4096x4096,1,paper,contiguous,0.02,n16k64_wA,128,"[0, 1]",16.832,16.816 16.800 16.848
256x64,4096x4096,1,paper,contiguous,0.05,n16k64_wA,128,"[0, 1]",17.568,17.552 17.568 17.568
256x64,4096x4096,1,paper,contiguous,0.1,n16k64_wA,128,"[0, 1]",17.744,17.727 17.744 17.743
256x64,4096x4096,1,paper,contiguous,0.25,n16k64_wA,128,"[0, 1]",17.728,17.728 17.776 17.759
256x64,4096x4096,1,paper,contiguous,0.5,n16k64_wA,128,"[0, 1]",17.760,17.888 17.712 17.728
256x64,4096x4096,1,paper,contiguous,0.75,n16k64_wA,128,"[0, 1]",17.791,17.760 17.808 17.760
256x64,4096x4096,1,paper,real,0.1083984375,n16k64_wA,128,"[0, 1]",16.064,16.112 16.064 16.064
256x64,4096x4096,1,ceiling,reference,,n16k64_wA_nodisp_n16_t0,16,"[0, 1]",8.512,8.543 8.512 8.480
256x64,4096x4096,1,stock_ko,reference,,stock_wA_n16,16,"[1, 1]",8.448,8.480 8.384 8.447
256x64,4096x4096,1,stock,reference,,stock_wA_n16,16,"[0, 1]",8.512,8.480 8.544 8.512
256x64,4096x4096,16,adopted,all,0.0,n16k64_wA_g32_n16_t0,16,"[0, 1]",8.416,8.447 8.416 8.416
256x64,4096x4096,16,adopted,all,1.0,n16k64_wA_g32_n16_t0,16,"[0, 1]",8.448,8.464 8.432 8.448
256x64,4096x4096,16,adopted,random,0.01,n16k64_wA_g32_n16_t0,16,"[0, 1]",8.479,8.480 8.432 8.480
256x64,4096x4096,16,adopted,random,0.02,n16k64_wA_g32_n16_t0,16,"[0, 1]",8.416,8.384 8.464 8.416
256x64,4096x4096,16,adopted,random,0.05,n16k64_wA_g32_n16_t0,16,"[0, 1]",8.416,8.416 8.448 8.416
256x64,4096x4096,16,adopted,random,0.1,n16k64_wA_g32_n16_t0,16,"[0, 1]",8.447,8.447 8.416 8.448
256x64,4096x4096,16,adopted,random,0.25,n16k64_wA_g32_n16_t0,16,"[0, 1]",8.448,8.448 8.416 8.432
256x64,4096x4096,16,adopted,random,0.5,n16k64_wA_g32_n16_t0,16,"[0, 1]",8.416,8.416 8.416 8.448
256x64,4096x4096,16,adopted,random,0.75,n16k64_wA_g32_n16_t0,16,"[0, 1]",8.448,8.448 8.447 8.448
256x64,4096x4096,16,adopted,contiguous,0.01,n16k64_wA_g32_n16_t0,16,"[0, 1]",8.448,8.480 8.447 8.447
256x64,4096x4096,16,adopted,contiguous,0.02,n16k64_wA_g32_n16_t0,16,"[0, 1]",8.447,8.416 8.448 8.416
256x64,4096x4096,16,adopted,contiguous,0.05,n16k64_wA_g32_n16_t0,16,"[0, 1]",8.432,8.400 8.448 8.384
256x64,4096x4096,16,adopted,contiguous,0.1,n16k64_wA_g32_n16_t0,16,"[0, 1]",8.416,8.432 8.447 8.368
256x64,4096x4096,16,adopted,contiguous,0.25,n16k64_wA_g32_n16_t0,16,"[0, 1]",8.448,8.448 8.448 8.400
256x64,4096x4096,16,adopted,contiguous,0.5,n16k64_wA_g32_n16_t0,16,"[0, 1]",8.416,8.448 8.448 8.384
256x64,4096x4096,16,adopted,contiguous,0.75,n16k64_wA_g32_n16_t0,16,"[0, 1]",8.448,8.448 8.480 8.416
256x64,4096x4096,16,adopted,real,0.1083984375,n16k64_wA_g32_n16_t0,16,"[0, 1]",8.448,8.448 8.448 8.463
256x64,4096x4096,16,previous,all,0.0,n16k64_wA_g32_n16,16,"[0, 1]",8.448,8.447 8.463 8.463
256x64,4096x4096,16,previous,all,1.0,n16k64_wA_g32_n16,16,"[0, 1]",8.480,8.480 8.480 8.480
256x64,4096x4096,16,previous,random,0.01,n16k64_wA_g32_n16,16,"[0, 1]",8.480,8.448 8.512 8.495
256x64,4096x4096,16,previous,random,0.02,n16k64_wA_g32_n16,16,"[0, 1]",8.481,8.480 8.512 8.480
256x64,4096x4096,16,previous,random,0.05,n16k64_wA_g32_n16,16,"[0, 1]",8.480,8.480 8.415 8.465
256x64,4096x4096,16,previous,random,0.1,n16k64_wA_g32_n16,16,"[0, 1]",8.480,8.448 8.480 8.480
256x64,4096x4096,16,previous,random,0.25,n16k64_wA_g32_n16,16,"[0, 1]",8.480,8.496 8.496 8.416
256x64,4096x4096,16,previous,random,0.5,n16k64_wA_g32_n16,16,"[0, 1]",8.480,8.481 8.416 8.512
256x64,4096x4096,16,previous,random,0.75,n16k64_wA_g32_n16,16,"[0, 1]",8.480,8.480 8.480 8.496
256x64,4096x4096,16,previous,contiguous,0.01,n16k64_wA_g32_n16,16,"[0, 1]",8.480,8.448 8.495 8.480
256x64,4096x4096,16,previous,contiguous,0.02,n16k64_wA_g32_n16,16,"[0, 1]",8.480,8.479 8.448 8.480
256x64,4096x4096,16,previous,contiguous,0.05,n16k64_wA_g32_n16,16,"[0, 1]",8.463,8.448 8.448 8.480
256x64,4096x4096,16,previous,contiguous,0.1,n16k64_wA_g32_n16,16,"[0, 1]",8.449,8.448 8.496 8.448
256x64,4096x4096,16,previous,contiguous,0.25,n16k64_wA_g32_n16,16,"[0, 1]",8.448,8.464 8.432 8.416
256x64,4096x4096,16,previous,contiguous,0.5,n16k64_wA_g32_n16,16,"[0, 1]",8.481,8.448 8.481 8.512
256x64,4096x4096,16,previous,contiguous,0.75,n16k64_wA_g32_n16,16,"[0, 1]",8.480,8.480 8.480 8.480
256x64,4096x4096,16,previous,real,0.1083984375,n16k64_wA_g32_n16,16,"[0, 1]",8.480,8.496 8.481 8.383
256x64,4096x4096,16,paper,all,0.0,n16k64_wA,128,"[0, 1]",15.967,15.936 15.968 15.968
256x64,4096x4096,16,paper,all,1.0,n16k64_wA,128,"[0, 1]",17.696,17.728 17.712 17.696
256x64,4096x4096,16,paper,random,0.01,n16k64_wA,128,"[0, 1]",16.031,16.032 16.032 15.968
256x64,4096x4096,16,paper,random,0.02,n16k64_wA,128,"[0, 1]",15.968,15.968 16.000 16.000
256x64,4096x4096,16,paper,random,0.05,n16k64_wA,128,"[0, 1]",16.048,16.064 16.064 16.000
256x64,4096x4096,16,paper,random,0.1,n16k64_wA,128,"[0, 1]",16.064,16.064 16.064 16.016
256x64,4096x4096,16,paper,random,0.25,n16k64_wA,128,"[0, 1]",16.384,16.384 16.352 16.416
256x64,4096x4096,16,paper,random,0.5,n16k64_wA,128,"[0, 1]",16.768,16.736 16.736 16.784
256x64,4096x4096,16,paper,random,0.75,n16k64_wA,128,"[0, 1]",17.152,17.167 17.152 17.152
256x64,4096x4096,16,paper,contiguous,0.01,n16k64_wA,128,"[0, 1]",16.320,16.288 16.320 16.304
256x64,4096x4096,16,paper,contiguous,0.02,n16k64_wA,128,"[0, 1]",16.543,16.544 16.512 16.544
256x64,4096x4096,16,paper,contiguous,0.05,n16k64_wA,128,"[0, 1]",17.343,17.312 17.344 17.328
256x64,4096x4096,16,paper,contiguous,0.1,n16k64_wA,128,"[0, 1]",17.600,17.584 17.568 17.632
256x64,4096x4096,16,paper,contiguous,0.25,n16k64_wA,128,"[0, 1]",17.696,17.696 17.695 17.696
256x64,4096x4096,16,paper,contiguous,0.5,n16k64_wA,128,"[0, 1]",17.696,17.728 17.664 17.712
256x64,4096x4096,16,paper,contiguous,0.75,n16k64_wA,128,"[0, 1]",17.696,17.664 17.696 17.696
256x64,4096x4096,16,paper,real,0.1083984375,n16k64_wA,128,"[0, 1]",16.096,16.096 16.080 16.096
256x64,4096x4096,16,ceiling,reference,,n16k64_wA_nodisp_n16_t0,16,"[0, 1]",8.432,8.416 8.416 8.448
256x64,4096x4096,16,stock_ko,reference,,stock_wA_n16,16,"[1, 1]",8.352,8.335 8.336 8.384
256x64,4096x4096,16,stock,reference,,stock_wA_n16,16,"[0, 1]",8.448,8.447 8.448 8.448
256x64,4096x4096,128,adopted,all,0.0,n16k64_wA_g32_n64_t0,64,"[1, 1]",9.824,9.856 9.809 9.824
256x64,4096x4096,128,adopted,all,1.0,n16k64_wA_g32_n64_t0,64,"[1, 1]",9.824,9.856 9.824 9.808
256x64,4096x4096,128,adopted,random,0.01,n16k64_wA_g32_n64_t0,64,"[1, 1]",9.840,9.872 9.856 9.824
256x64,4096x4096,128,adopted,random,0.02,n16k64_wA_g32_n64_t0,64,"[1, 1]",9.824,9.872 9.824 9.824
256x64,4096x4096,128,adopted,random,0.05,n16k64_wA_g32_n64_t0,64,"[1, 1]",9.808,9.824 9.823 9.792
256x64,4096x4096,128,adopted,random,0.1,n16k64_wA_g32_n64_t0,64,"[1, 1]",9.856,9.856 9.840 9.872
256x64,4096x4096,128,adopted,random,0.25,n16k64_wA_g32_n64_t0,64,"[1, 1]",9.872,9.888 9.856 9.872
256x64,4096x4096,128,adopted,random,0.5,n16k64_wA_g32_n64_t0,64,"[1, 1]",9.919,9.919 9.887 9.920
256x64,4096x4096,128,adopted,random,0.75,n16k64_wA_g32_n64_t0,64,"[1, 1]",9.888,9.824 9.968 9.888
256x64,4096x4096,128,adopted,contiguous,0.01,n16k64_wA_g32_n64_t0,64,"[1, 1]",9.825,9.919 9.824 9.824
256x64,4096x4096,128,adopted,contiguous,0.02,n16k64_wA_g32_n64_t0,64,"[1, 1]",9.792,9.840 9.792 9.776
256x64,4096x4096,128,adopted,contiguous,0.05,n16k64_wA_g32_n64_t0,64,"[1, 1]",9.792,9.791 9.792 9.791
256x64,4096x4096,128,adopted,contiguous,0.1,n16k64_wA_g32_n64_t0,64,"[1, 1]",9.824,9.935 9.792 9.824
256x64,4096x4096,128,adopted,contiguous,0.25,n16k64_wA_g32_n64_t0,64,"[1, 1]",9.825,9.824 9.839 9.856
256x64,4096x4096,128,adopted,contiguous,0.5,n16k64_wA_g32_n64_t0,64,"[1, 1]",9.823,9.840 9.824 9.792
256x64,4096x4096,128,adopted,contiguous,0.75,n16k64_wA_g32_n64_t0,64,"[1, 1]",9.824,9.856 9.824 9.808
256x64,4096x4096,128,adopted,real,0.1083984375,n16k64_wA_g32_n64_t0,64,"[1, 1]",9.920,9.921 9.856 9.952
256x64,4096x4096,128,previous,all,0.0,n16k64_wA_g32_n32,32,"[0, 1]",10.752,10.768 10.752 10.768
256x64,4096x4096,128,previous,all,1.0,n16k64_wA_g32_n32,32,"[0, 1]",10.752,10.784 10.736 10.736
256x64,4096x4096,128,previous,random,0.01,n16k64_wA_g32_n32,32,"[0, 1]",10.720,10.720 10.720 10.720
256x64,4096x4096,128,previous,random,0.02,n16k64_wA_g32_n32,32,"[0, 1]",10.751,10.752 10.752 10.720
256x64,4096x4096,128,previous,random,0.05,n16k64_wA_g32_n32,32,"[0, 1]",10.720,10.720 10.719 10.768
256x64,4096x4096,128,previous,random,0.1,n16k64_wA_g32_n32,32,"[0, 1]",10.720,10.720 10.736 10.720
256x64,4096x4096,128,previous,random,0.25,n16k64_wA_g32_n32,32,"[0, 1]",10.751,10.751 10.767 10.720
256x64,4096x4096,128,previous,random,0.5,n16k64_wA_g32_n32,32,"[0, 1]",10.752,10.784 10.720 10.720
256x64,4096x4096,128,previous,random,0.75,n16k64_wA_g32_n32,32,"[0, 1]",10.784,10.784 10.784 10.768
256x64,4096x4096,128,previous,contiguous,0.01,n16k64_wA_g32_n32,32,"[0, 1]",10.752,10.720 10.768 10.752
256x64,4096x4096,128,previous,contiguous,0.02,n16k64_wA_g32_n32,32,"[0, 1]",10.752,10.720 10.752 10.752
256x64,4096x4096,128,previous,contiguous,0.05,n16k64_wA_g32_n32,32,"[0, 1]",10.752,10.720 10.752 10.752
256x64,4096x4096,128,previous,contiguous,0.1,n16k64_wA_g32_n32,32,"[0, 1]",10.720,10.720 10.736 10.736
256x64,4096x4096,128,previous,contiguous,0.25,n16k64_wA_g32_n32,32,"[0, 1]",10.752,10.736 10.752 10.752
256x64,4096x4096,128,previous,contiguous,0.5,n16k64_wA_g32_n32,32,"[0, 1]",10.752,10.736 10.752 10.736
256x64,4096x4096,128,previous,contiguous,0.75,n16k64_wA_g32_n32,32,"[0, 1]",10.784,10.784 10.800 10.784
256x64,4096x4096,128,previous,real,0.1083984375,n16k64_wA_g32_n32,32,"[0, 1]",10.752,10.784 10.720 10.752
256x64,4096x4096,128,paper,all,0.0,n16k64_wA,128,"[0, 1]",16.032,16.031 16.032 16.016
256x64,4096x4096,128,paper,all,1.0,n16k64_wA,128,"[0, 1]",17.856,17.856 17.856 17.824
256x64,4096x4096,128,paper,random,0.01,n16k64_wA,128,"[0, 1]",16.096,16.096 16.064 16.096
256x64,4096x4096,128,paper,random,0.02,n16k64_wA,128,"[0, 1]",16.096,16.096 16.079 16.096
256x64,4096x4096,128,paper,random,0.05,n16k64_wA,128,"[0, 1]",16.128,16.128 16.128 16.144
256x64,4096x4096,128,paper,random,0.1,n16k64_wA,128,"[0, 1]",16.255,16.225 16.256 16.255
256x64,4096x4096,128,paper,random,0.25,n16k64_wA,128,"[0, 1]",16.528,16.544 16.512 16.528
256x64,4096x4096,128,paper,random,0.5,n16k64_wA,128,"[0, 1]",16.992,16.992 16.976 17.008
256x64,4096x4096,128,paper,random,0.75,n16k64_wA,128,"[0, 1]",17.376,17.376 17.376 17.391
256x64,4096x4096,128,paper,contiguous,0.01,n16k64_wA,128,"[0, 1]",16.384,16.384 16.383 16.368
256x64,4096x4096,128,paper,contiguous,0.02,n16k64_wA,128,"[0, 1]",16.624,16.640 16.608 16.639
256x64,4096x4096,128,paper,contiguous,0.05,n16k64_wA,128,"[0, 1]",17.424,17.408 17.377 17.440
256x64,4096x4096,128,paper,contiguous,0.1,n16k64_wA,128,"[0, 1]",17.696,17.696 17.680 17.728
256x64,4096x4096,128,paper,contiguous,0.25,n16k64_wA,128,"[0, 1]",17.760,17.744 17.792 17.760
256x64,4096x4096,128,paper,contiguous,0.5,n16k64_wA,128,"[0, 1]",17.824,17.856 17.792 17.824
256x64,4096x4096,128,paper,contiguous,0.75,n16k64_wA,128,"[0, 1]",17.824,17.840 17.824 17.856
256x64,4096x4096,128,paper,real,0.1083984375,n16k64_wA,128,"[0, 1]",16.256,16.240 16.224 16.288
256x64,4096x4096,128,ceiling,reference,,n16k64_wA_nodisp_n64_t0,64,"[1, 1]",9.696,9.728 9.680 9.632
256x64,4096x4096,128,stock_ko,reference,,stock_wA_n64,64,"[1, 1]",9.680,9.664 9.648 9.712
256x64,4096x4096,128,stock,reference,,stock_wA_n64,64,"[0, 1]",9.728,9.728 9.728 9.696
256x64,4096x4096,512,adopted,all,0.0,n16k64_wA_g32_e64_t0,128,"[0, 1]",16.448,16.447 16.479 16.448
256x64,4096x4096,512,adopted,all,1.0,n16k64_wA_g32_e64_t0,128,"[0, 1]",16.480,16.479 16.480 16.480
256x64,4096x4096,512,adopted,random,0.01,n16k64_wA_g32_e64_t0,128,"[0, 1]",16.480,16.512 16.480 16.480
256x64,4096x4096,512,adopted,random,0.02,n16k64_wA_g32_e64_t0,128,"[0, 1]",16.527,16.544 16.544 16.496
256x64,4096x4096,512,adopted,random,0.05,n16k64_wA_g32_e64_t0,128,"[0, 1]",16.512,16.480 16.512 16.512
256x64,4096x4096,512,adopted,random,0.1,n16k64_wA_g32_e64_t0,128,"[0, 1]",16.512,16.480 16.560 16.512
256x64,4096x4096,512,adopted,random,0.25,n16k64_wA_g32_e64_t0,128,"[0, 1]",16.512,16.480 16.575 16.544
256x64,4096x4096,512,adopted,random,0.5,n16k64_wA_g32_e64_t0,128,"[0, 1]",16.512,16.512 16.544 16.544
256x64,4096x4096,512,adopted,random,0.75,n16k64_wA_g32_e64_t0,128,"[0, 1]",16.544,16.512 16.544 16.544
256x64,4096x4096,512,adopted,contiguous,0.01,n16k64_wA_g32_e64_t0,128,"[0, 1]",16.496,16.463 16.480 16.592
256x64,4096x4096,512,adopted,contiguous,0.02,n16k64_wA_g32_e64_t0,128,"[0, 1]",16.496,16.496 16.480 16.512
256x64,4096x4096,512,adopted,contiguous,0.05,n16k64_wA_g32_e64_t0,128,"[0, 1]",16.479,16.448 16.463 16.544
256x64,4096x4096,512,adopted,contiguous,0.1,n16k64_wA_g32_e64_t0,128,"[0, 1]",16.480,16.480 16.480 16.511
256x64,4096x4096,512,adopted,contiguous,0.25,n16k64_wA_g32_e64_t0,128,"[0, 1]",16.480,16.480 16.480 16.448
256x64,4096x4096,512,adopted,contiguous,0.5,n16k64_wA_g32_e64_t0,128,"[0, 1]",16.480,16.448 16.512 16.496
256x64,4096x4096,512,adopted,contiguous,0.75,n16k64_wA_g32_e64_t0,128,"[0, 1]",16.480,16.480 16.496 16.479
256x64,4096x4096,512,adopted,real,0.1083984375,n16k64_wA_g32_e64_t0,128,"[0, 1]",16.512,16.512 16.512 16.480
256x64,4096x4096,512,previous,all,0.0,n16k64_wA_g32,128,"[0, 1]",16.736,16.736 16.800 16.736
256x64,4096x4096,512,previous,all,1.0,n16k64_wA_g32,128,"[0, 1]",16.640,16.640 16.672 16.639
256x64,4096x4096,512,previous,random,0.01,n16k64_wA_g32,128,"[0, 1]",16.752,16.736 16.736 16.784
256x64,4096x4096,512,previous,random,0.02,n16k64_wA_g32,128,"[0, 1]",16.799,16.800 16.800 16.768
256x64,4096x4096,512,previous,random,0.05,n16k64_wA_g32,128,"[0, 1]",16.736,16.815 16.736 16.736
256x64,4096x4096,512,previous,random,0.1,n16k64_wA_g32,128,"[0, 1]",16.736,16.752 16.736 16.752
256x64,4096x4096,512,previous,random,0.25,n16k64_wA_g32,128,"[0, 1]",16.704,16.704 16.704 16.736
256x64,4096x4096,512,previous,random,0.5,n16k64_wA_g32,128,"[0, 1]",16.703,16.688 16.688 16.704
256x64,4096x4096,512,previous,random,0.75,n16k64_wA_g32,128,"[0, 1]",16.672,16.672 16.672 16.688
256x64,4096x4096,512,previous,contiguous,0.01,n16k64_wA_g32,128,"[0, 1]",16.767,16.720 16.768 16.799
256x64,4096x4096,512,previous,contiguous,0.02,n16k64_wA_g32,128,"[0, 1]",16.768,16.768 16.768 16.784
256x64,4096x4096,512,previous,contiguous,0.05,n16k64_wA_g32,128,"[0, 1]",16.736,16.768 16.720 16.704
256x64,4096x4096,512,previous,contiguous,0.1,n16k64_wA_g32,128,"[0, 1]",16.735,16.752 16.705 16.704
256x64,4096x4096,512,previous,contiguous,0.25,n16k64_wA_g32,128,"[0, 1]",16.720,16.751 16.688 16.736
256x64,4096x4096,512,previous,contiguous,0.5,n16k64_wA_g32,128,"[0, 1]",16.704,16.704 16.703 16.704
256x64,4096x4096,512,previous,contiguous,0.75,n16k64_wA_g32,128,"[0, 1]",16.704,16.704 16.720 16.704
256x64,4096x4096,512,previous,real,0.1083984375,n16k64_wA_g32,128,"[0, 1]",16.768,16.752 16.768 16.768
256x64,4096x4096,512,paper,all,0.0,n16k64_wA,128,"[0, 1]",16.960,16.928 16.991 16.960
256x64,4096x4096,512,paper,all,1.0,n16k64_wA,128,"[0, 1]",18.560,18.607 18.560 18.576
256x64,4096x4096,512,paper,random,0.01,n16k64_wA,128,"[0, 1]",16.992,17.024 16.991 16.992
256x64,4096x4096,512,paper,random,0.02,n16k64_wA,128,"[0, 1]",16.976,16.960 16.992 16.992
256x64,4096x4096,512,paper,random,0.05,n16k64_wA,128,"[0, 1]",17.023,17.024 16.976 17.024
256x64,4096x4096,512,paper,random,0.1,n16k64_wA,128,"[0, 1]",17.088,17.056 17.120 17.088
256x64,4096x4096,512,paper,random,0.25,n16k64_wA,128,"[0, 1]",17.376,17.440 17.376 17.344
256x64,4096x4096,512,paper,random,0.5,n16k64_wA,128,"[0, 1]",17.792,17.824 17.856 17.760
256x64,4096x4096,512,paper,random,0.75,n16k64_wA,128,"[0, 1]",18.112,18.144 18.128 18.112
256x64,4096x4096,512,paper,contiguous,0.01,n16k64_wA,128,"[0, 1]",17.184,17.216 17.216 17.152
256x64,4096x4096,512,paper,contiguous,0.02,n16k64_wA,128,"[0, 1]",17.440,17.440 17.440 17.409
256x64,4096x4096,512,paper,contiguous,0.05,n16k64_wA,128,"[0, 1]",18.176,18.160 18.208 18.192
256x64,4096x4096,512,paper,contiguous,0.1,n16k64_wA,128,"[0, 1]",18.432,18.416 18.480 18.432
256x64,4096x4096,512,paper,contiguous,0.25,n16k64_wA,128,"[0, 1]",18.592,18.624 18.561 18.560
256x64,4096x4096,512,paper,contiguous,0.5,n16k64_wA,128,"[0, 1]",18.576,18.576 18.528 18.623
256x64,4096x4096,512,paper,contiguous,0.75,n16k64_wA,128,"[0, 1]",18.560,18.576 18.544 18.543
256x64,4096x4096,512,paper,real,0.1083984375,n16k64_wA,128,"[0, 1]",17.120,17.184 17.056 17.120
256x64,4096x4096,512,ceiling,reference,,n16k64_wA_nodisp_e64_t0,128,"[0, 1]",16.384,16.352 16.400 16.384
256x64,4096x4096,512,stock_ko,reference,,stock_wA_e64,128,"[0, 1]",16.416,16.416 16.432 16.416
256x64,4096x4096,512,stock,reference,,stock_wA,128,"[0, 1]",16.576,16.608 16.544 16.544
256x64,4096x4096,2048,adopted,all,0.0,n16k64_wA_g32_e64_t0,128,"[0, 1]",51.120,50.927 51.216 51.120
256x64,4096x4096,2048,adopted,all,1.0,n16k64_wA_g32_e64_t0,128,"[0, 1]",53.024,51.056 53.408 53.039
256x64,4096x4096,2048,adopted,random,0.01,n16k64_wA_g32_e64_t0,128,"[0, 1]",52.256,50.944 53.312 52.144
256x64,4096x4096,2048,adopted,random,0.02,n16k64_wA_g32_e64_t0,128,"[0, 1]",50.944,50.832 50.816 52.751
256x64,4096x4096,2048,adopted,random,0.05,n16k64_wA_g32_e64_t0,128,"[0, 1]",52.895,51.007 53.152 53.087
256x64,4096x4096,2048,adopted,random,0.1,n16k64_wA_g32_e64_t0,128,"[0, 1]",52.176,52.192 51.456 53.072
256x64,4096x4096,2048,adopted,random,0.25,n16k64_wA_g32_e64_t0,128,"[0, 1]",52.592,51.343 53.296 51.679
256x64,4096x4096,2048,adopted,random,0.5,n16k64_wA_g32_e64_t0,128,"[0, 1]",53.151,51.936 53.424 53.215
256x64,4096x4096,2048,adopted,random,0.75,n16k64_wA_g32_e64_t0,128,"[0, 1]",51.328,51.135 51.328 53.024
256x64,4096x4096,2048,adopted,contiguous,0.01,n16k64_wA_g32_e64_t0,128,"[0, 1]",52.832,52.591 52.832 53.135
256x64,4096x4096,2048,adopted,contiguous,0.02,n16k64_wA_g32_e64_t0,128,"[0, 1]",51.087,50.927 51.071 51.359
256x64,4096x4096,2048,adopted,contiguous,0.05,n16k64_wA_g32_e64_t0,128,"[0, 1]",51.279,50.895 50.752 53.247
256x64,4096x4096,2048,adopted,contiguous,0.1,n16k64_wA_g32_e64_t0,128,"[0, 1]",52.863,51.919 53.024 53.120
256x64,4096x4096,2048,adopted,contiguous,0.25,n16k64_wA_g32_e64_t0,128,"[0, 1]",51.599,50.944 51.200 53.119
256x64,4096x4096,2048,adopted,contiguous,0.5,n16k64_wA_g32_e64_t0,128,"[0, 1]",51.136,51.231 51.087 51.072
256x64,4096x4096,2048,adopted,contiguous,0.75,n16k64_wA_g32_e64_t0,128,"[0, 1]",51.696,51.391 51.039 52.800
256x64,4096x4096,2048,adopted,real,0.1083984375,n16k64_wA_g32_e64_t0,128,"[0, 1]",51.279,50.991 50.928 53.119
256x64,4096x4096,2048,previous,all,0.0,n16k64_wA_g32,128,"[0, 1]",54.591,54.672 54.544 54.543
256x64,4096x4096,2048,previous,all,1.0,n16k64_wA_g32,128,"[0, 1]",54.304,54.303 54.352 54.272
256x64,4096x4096,2048,previous,random,0.01,n16k64_wA_g32,128,"[0, 1]",54.560,54.623 54.528 54.560
256x64,4096x4096,2048,previous,random,0.02,n16k64_wA_g32,128,"[0, 1]",54.656,54.560 54.672 54.688
256x64,4096x4096,2048,previous,random,0.05,n16k64_wA_g32,128,"[0, 1]",54.720,54.623 54.864 54.784
256x64,4096x4096,2048,previous,random,0.1,n16k64_wA_g32,128,"[0, 1]",54.623,54.528 54.608 54.671
256x64,4096x4096,2048,previous,random,0.25,n16k64_wA_g32,128,"[0, 1]",54.736,54.688 54.815 54.784
256x64,4096x4096,2048,previous,random,0.5,n16k64_wA_g32,128,"[0, 1]",54.656,54.656 54.799 54.464
256x64,4096x4096,2048,previous,random,0.75,n16k64_wA_g32,128,"[0, 1]",54.432,54.415 54.383 54.559
256x64,4096x4096,2048,previous,contiguous,0.01,n16k64_wA_g32,128,"[0, 1]",54.576,54.303 54.671 54.624
256x64,4096x4096,2048,previous,contiguous,0.02,n16k64_wA_g32,128,"[0, 1]",54.623,54.688 54.591 54.592
256x64,4096x4096,2048,previous,contiguous,0.05,n16k64_wA_g32,128,"[0, 1]",54.703,54.703 54.672 54.719
256x64,4096x4096,2048,previous,contiguous,0.1,n16k64_wA_g32,128,"[0, 1]",54.719,54.687 54.816 54.751
256x64,4096x4096,2048,previous,contiguous,0.25,n16k64_wA_g32,128,"[0, 1]",54.543,54.432 54.592 54.688
256x64,4096x4096,2048,previous,contiguous,0.5,n16k64_wA_g32,128,"[0, 1]",54.704,54.704 54.768 54.655
256x64,4096x4096,2048,previous,contiguous,0.75,n16k64_wA_g32,128,"[0, 1]",54.624,54.416 54.751 54.656
256x64,4096x4096,2048,previous,real,0.1083984375,n16k64_wA_g32,128,"[0, 1]",54.592,54.624 54.575 54.608
256x64,4096x4096,2048,paper,all,0.0,n16k64_wA,128,"[0, 1]",54.896,54.976 55.120 53.632
256x64,4096x4096,2048,paper,all,1.0,n16k64_wA,128,"[0, 1]",57.631,57.391 57.200 58.560
256x64,4096x4096,2048,paper,random,0.01,n16k64_wA,128,"[0, 1]",55.039,54.879 55.039 55.296
256x64,4096x4096,2048,paper,random,0.02,n16k64_wA,128,"[0, 1]",53.423,53.455 53.136 53.631
256x64,4096x4096,2048,paper,random,0.05,n16k64_wA,128,"[0, 1]",53.648,53.680 53.375 53.808
256x64,4096x4096,2048,paper,random,0.1,n16k64_wA,128,"[0, 1]",53.711,53.600 54.015 53.680
256x64,4096x4096,2048,paper,random,0.25,n16k64_wA,128,"[0, 1]",54.560,54.608 54.544 54.528
256x64,4096x4096,2048,paper,random,0.5,n16k64_wA,128,"[0, 1]",55.727,55.631 55.839 55.647
256x64,4096x4096,2048,paper,random,0.75,n16k64_wA,128,"[0, 1]",56.623,56.352 56.736 56.608
256x64,4096x4096,2048,paper,contiguous,0.01,n16k64_wA,128,"[0, 1]",54.543,53.343 55.280 53.296
256x64,4096x4096,2048,paper,contiguous,0.02,n16k64_wA,128,"[0, 1]",54.608,55.024 53.168 55.136
256x64,4096x4096,2048,paper,contiguous,0.05,n16k64_wA,128,"[0, 1]",54.864,53.103 54.959 55.071
256x64,4096x4096,2048,paper,contiguous,0.1,n16k64_wA,128,"[0, 1]",53.967,53.264 53.552 54.383
256x64,4096x4096,2048,paper,contiguous,0.25,n16k64_wA,128,"[0, 1]",55.424,55.952 54.431 55.664
256x64,4096x4096,2048,paper,contiguous,0.5,n16k64_wA,128,"[0, 1]",55.920,55.583 55.711 56.719
256x64,4096x4096,2048,paper,contiguous,0.75,n16k64_wA,128,"[0, 1]",56.864,56.576 56.639 57.903
256x64,4096x4096,2048,paper,real,0.1083984375,n16k64_wA,128,"[0, 1]",54.880,54.304 53.919 55.200
256x64,4096x4096,2048,ceiling,reference,,n16k64_wA_nodisp_e64_t0,128,"[0, 1]",51.808,51.967 51.999 50.112
256x64,4096x4096,2048,stock_ko,reference,,stock_wA_e64,128,"[0, 1]",49.855,49.776 49.871 49.856
256x64,4096x4096,2048,stock,reference,,stock_wA,128,"[0, 1]",50.415,50.319 50.447 50.463
256x64,4096x4096,8192,adopted,all,0.0,n16k64_wA_g32_e64_t0,128,"[0, 1]",213.583,214.351 212.782 213.694
256x64,4096x4096,8192,adopted,all,1.0,n16k64_wA_g32_e64_t0,128,"[0, 1]",213.182,213.454 212.767 213.390
256x64,4096x4096,8192,adopted,random,0.01,n16k64_wA_g32_e64_t0,128,"[0, 1]",213.215,213.118 212.910 213.677
256x64,4096x4096,8192,adopted,random,0.02,n16k64_wA_g32_e64_t0,128,"[0, 1]",213.263,213.583 212.942 213.549
256x64,4096x4096,8192,adopted,random,0.05,n16k64_wA_g32_e64_t0,128,"[0, 1]",213.359,213.790 213.343 213.103
256x64,4096x4096,8192,adopted,random,0.1,n16k64_wA_g32_e64_t0,128,"[0, 1]",213.326,213.550 213.358 213.134
256x64,4096x4096,8192,adopted,random,0.25,n16k64_wA_g32_e64_t0,128,"[0, 1]",213.871,214.542 213.534 213.694
256x64,4096x4096,8192,adopted,random,0.5,n16k64_wA_g32_e64_t0,128,"[0, 1]",214.270,214.926 213.807 213.967
256x64,4096x4096,8192,adopted,random,0.75,n16k64_wA_g32_e64_t0,128,"[0, 1]",214.319,215.054 214.062 214.047
256x64,4096x4096,8192,adopted,contiguous,0.01,n16k64_wA_g32_e64_t0,128,"[0, 1]",213.214,213.630 213.230 212.735
256x64,4096x4096,8192,adopted,contiguous,0.02,n16k64_wA_g32_e64_t0,128,"[0, 1]",213.311,213.822 213.071 213.278
256x64,4096x4096,8192,adopted,contiguous,0.05,n16k64_wA_g32_e64_t0,128,"[0, 1]",213.294,213.919 213.038 213.054
256x64,4096x4096,8192,adopted,contiguous,0.1,n16k64_wA_g32_e64_t0,128,"[0, 1]",212.959,213.311 212.862 212.911
256x64,4096x4096,8192,adopted,contiguous,0.25,n16k64_wA_g32_e64_t0,128,"[0, 1]",212.975,212.799 212.959 213.375
256x64,4096x4096,8192,adopted,contiguous,0.5,n16k64_wA_g32_e64_t0,128,"[0, 1]",213.006,212.910 212.878 213.326
256x64,4096x4096,8192,adopted,contiguous,0.75,n16k64_wA_g32_e64_t0,128,"[0, 1]",213.166,213.023 213.231 213.294
256x64,4096x4096,8192,adopted,real,0.1083984375,n16k64_wA_g32_e64_t0,128,"[0, 1]",213.022,212.782 213.165 213.022
256x64,4096x4096,8192,previous,all,0.0,n16k64_wA_g32,128,"[0, 1]",217.054,216.654 217.998 217.022
256x64,4096x4096,8192,previous,all,1.0,n16k64_wA_g32,128,"[0, 1]",215.775,215.918 215.582 215.519
256x64,4096x4096,8192,previous,random,0.01,n16k64_wA_g32,128,"[0, 1]",216.798,216.718 216.783 216.878
256x64,4096x4096,8192,previous,random,0.02,n16k64_wA_g32,128,"[0, 1]",216.814,216.782 216.511 217.102
256x64,4096x4096,8192,previous,random,0.05,n16k64_wA_g32,128,"[0, 1]",216.831,216.718 216.894 217.070
256x64,4096x4096,8192,previous,random,0.1,n16k64_wA_g32,128,"[0, 1]",216.974,216.959 216.958 217.021
256x64,4096x4096,8192,previous,random,0.25,n16k64_wA_g32,128,"[0, 1]",217.039,216.830 217.022 217.230
256x64,4096x4096,8192,previous,random,0.5,n16k64_wA_g32,128,"[0, 1]",216.879,216.959 216.782 217.054
256x64,4096x4096,8192,previous,random,0.75,n16k64_wA_g32,128,"[0, 1]",216.574,216.367 216.510 216.798
256x64,4096x4096,8192,previous,contiguous,0.01,n16k64_wA_g32,128,"[0, 1]",216.751,216.622 216.399 217.006
256x64,4096x4096,8192,previous,contiguous,0.02,n16k64_wA_g32,128,"[0, 1]",216.719,216.494 216.958 216.735
256x64,4096x4096,8192,previous,contiguous,0.05,n16k64_wA_g32,128,"[0, 1]",216.687,217.006 216.558 216.718
256x64,4096x4096,8192,previous,contiguous,0.1,n16k64_wA_g32,128,"[0, 1]",216.559,216.559 216.495 216.734
256x64,4096x4096,8192,previous,contiguous,0.25,n16k64_wA_g32,128,"[0, 1]",216.671,216.719 216.734 216.511
256x64,4096x4096,8192,previous,contiguous,0.5,n16k64_wA_g32,128,"[0, 1]",216.543,216.575 216.351 216.638
256x64,4096x4096,8192,previous,contiguous,0.75,n16k64_wA_g32,128,"[0, 1]",216.366,215.758 216.735 216.447
256x64,4096x4096,8192,previous,real,0.1083984375,n16k64_wA_g32,128,"[0, 1]",216.798,216.494 216.975 216.942
256x64,4096x4096,8192,paper,all,0.0,n16k64_wA,128,"[0, 1]",219.150,219.086 219.070 219.166
256x64,4096x4096,8192,paper,all,1.0,n16k64_wA,128,"[0, 1]",229.519,229.342 229.679 229.502
256x64,4096x4096,8192,paper,random,0.01,n16k64_wA,128,"[0, 1]",219.727,219.055 219.167 222.207
256x64,4096x4096,8192,paper,random,0.02,n16k64_wA,128,"[0, 1]",220.287,219.102 219.182 222.350
256x64,4096x4096,8192,paper,random,0.05,n16k64_wA,128,"[0, 1]",219.694,219.343 219.550 220.478
256x64,4096x4096,8192,paper,random,0.1,n16k64_wA,128,"[0, 1]",220.366,220.286 220.671 220.430
256x64,4096x4096,8192,paper,random,0.25,n16k64_wA,128,"[0, 1]",222.207,222.079 221.454 222.767
256x64,4096x4096,8192,paper,random,0.5,n16k64_wA,128,"[0, 1]",225.054,224.974 225.006 225.102
256x64,4096x4096,8192,paper,random,0.75,n16k64_wA,128,"[0, 1]",226.782,226.894 226.814 226.590
256x64,4096x4096,8192,paper,contiguous,0.01,n16k64_wA,128,"[0, 1]",219.454,219.502 219.439 219.262
256x64,4096x4096,8192,paper,contiguous,0.02,n16k64_wA,128,"[0, 1]",219.998,219.903 220.414 219.998
256x64,4096x4096,8192,paper,contiguous,0.05,n16k64_wA,128,"[0, 1]",222.286,221.535 223.630 221.502
256x64,4096x4096,8192,paper,contiguous,0.1,n16k64_wA,128,"[0, 1]",223.422,222.991 225.519 222.366
256x64,4096x4096,8192,paper,contiguous,0.25,n16k64_wA,128,"[0, 1]",226.110,225.118 227.262 225.023
256x64,4096x4096,8192,paper,contiguous,0.5,n16k64_wA,128,"[0, 1]",227.998,227.247 230.910 227.391
256x64,4096x4096,8192,paper,contiguous,0.75,n16k64_wA,128,"[0, 1]",229.390,228.926 229.790 229.374
256x64,4096x4096,8192,paper,real,0.1083984375,n16k64_wA,128,"[0, 1]",220.591,220.047 221.118 220.078
256x64,4096x4096,8192,ceiling,reference,,n16k64_wA_nodisp_e64_t0,128,"[0, 1]",210.639,210.607 210.894 210.367
256x64,4096x4096,8192,stock_ko,reference,,stock_wA_e64,128,"[0, 1]",210.462,210.799 210.510 210.015
256x64,4096x4096,8192,stock,reference,,stock_wA,128,"[0, 1]",212.622,212.831 212.735 212.335
256x64,14336x4096,1,adopted,all,0.0,n16k64_wA_g32_n16_t0,16,"[0, 1]",22.496,22.720 22.496 22.464
256x64,14336x4096,1,adopted,all,1.0,n16k64_wA_g32_n16_t0,16,"[0, 1]",22.527,22.688 22.495 22.496
256x64,14336x4096,1,adopted,random,0.01,n16k64_wA_g32_n16_t0,16,"[0, 1]",22.528,22.592 22.528 22.464
256x64,14336x4096,1,adopted,random,0.02,n16k64_wA_g32_n16_t0,16,"[0, 1]",22.560,22.671 22.544 22.511
256x64,14336x4096,1,adopted,random,0.05,n16k64_wA_g32_n16_t0,16,"[0, 1]",22.495,22.592 22.448 22.464
256x64,14336x4096,1,adopted,random,0.1,n16k64_wA_g32_n16_t0,16,"[0, 1]",22.464,22.527 22.464 22.463
256x64,14336x4096,1,adopted,random,0.25,n16k64_wA_g32_n16_t0,16,"[0, 1]",22.527,22.624 22.496 22.496
256x64,14336x4096,1,adopted,random,0.5,n16k64_wA_g32_n16_t0,16,"[0, 1]",22.528,22.624 22.464 22.496
256x64,14336x4096,1,adopted,random,0.75,n16k64_wA_g32_n16_t0,16,"[0, 1]",22.528,22.639 22.528 22.512
256x64,14336x4096,1,adopted,contiguous,0.01,n16k64_wA_g32_n16_t0,16,"[0, 1]",22.528,22.560 22.511 22.512
256x64,14336x4096,1,adopted,contiguous,0.02,n16k64_wA_g32_n16_t0,16,"[0, 1]",22.496,22.544 22.528 22.464
256x64,14336x4096,1,adopted,contiguous,0.05,n16k64_wA_g32_n16_t0,16,"[0, 1]",22.513,22.624 22.497 22.464
256x64,14336x4096,1,adopted,contiguous,0.1,n16k64_wA_g32_n16_t0,16,"[0, 1]",22.496,22.528 22.479 22.480
256x64,14336x4096,1,adopted,contiguous,0.25,n16k64_wA_g32_n16_t0,16,"[0, 1]",22.496,22.559 22.495 22.479
256x64,14336x4096,1,adopted,contiguous,0.5,n16k64_wA_g32_n16_t0,16,"[0, 1]",22.497,22.497 22.496 22.512
256x64,14336x4096,1,adopted,contiguous,0.75,n16k64_wA_g32_n16_t0,16,"[0, 1]",22.512,22.544 22.495 22.512
256x64,14336x4096,1,adopted,real,0.0613839291036129,n16k64_wA_g32_n16_t0,16,"[0, 1]",22.496,22.495 22.496 22.512
256x64,14336x4096,1,previous,all,0.0,n16k64_wA_g32_n16,16,"[0, 1]",22.528,22.608 22.528 22.496
256x64,14336x4096,1,previous,all,1.0,n16k64_wA_g32_n16,16,"[0, 1]",22.560,22.544 22.592 22.560
256x64,14336x4096,1,previous,random,0.01,n16k64_wA_g32_n16,16,"[0, 1]",22.528,22.528 22.512 22.544
256x64,14336x4096,1,previous,random,0.02,n16k64_wA_g32_n16,16,"[0, 1]",22.560,22.591 22.576 22.544
256x64,14336x4096,1,previous,random,0.05,n16k64_wA_g32_n16,16,"[0, 1]",22.560,22.544 22.560 22.576
256x64,14336x4096,1,previous,random,0.1,n16k64_wA_g32_n16,16,"[0, 1]",22.528,22.528 22.527 22.576
256x64,14336x4096,1,previous,random,0.25,n16k64_wA_g32_n16,16,"[0, 1]",22.559,22.528 22.544 22.576
256x64,14336x4096,1,previous,random,0.5,n16k64_wA_g32_n16,16,"[0, 1]",22.560,22.576 22.591 22.560
256x64,14336x4096,1,previous,random,0.75,n16k64_wA_g32_n16,16,"[0, 1]",22.528,22.544 22.545 22.528
256x64,14336x4096,1,previous,contiguous,0.01,n16k64_wA_g32_n16,16,"[0, 1]",22.559,22.544 22.559 22.543
256x64,14336x4096,1,previous,contiguous,0.02,n16k64_wA_g32_n16,16,"[0, 1]",22.528,22.591 22.528 22.528
256x64,14336x4096,1,previous,contiguous,0.05,n16k64_wA_g32_n16,16,"[0, 1]",22.544,22.528 22.576 22.544
256x64,14336x4096,1,previous,contiguous,0.1,n16k64_wA_g32_n16,16,"[0, 1]",22.560,22.560 22.575 22.560
256x64,14336x4096,1,previous,contiguous,0.25,n16k64_wA_g32_n16,16,"[0, 1]",22.560,22.592 22.559 22.560
256x64,14336x4096,1,previous,contiguous,0.5,n16k64_wA_g32_n16,16,"[0, 1]",22.559,22.559 22.560 22.528
256x64,14336x4096,1,previous,contiguous,0.75,n16k64_wA_g32_n16,16,"[0, 1]",22.560,22.560 22.544 22.560
256x64,14336x4096,1,previous,real,0.0613839291036129,n16k64_wA_g32_n16,16,"[0, 1]",22.560,22.527 22.528 22.608
256x64,14336x4096,1,paper,all,0.0,n16k64_wA,128,"[0, 1]",32.176,32.144 32.159 32.192
256x64,14336x4096,1,paper,all,1.0,n16k64_wA,128,"[0, 1]",32.256,32.287 32.256 32.224
256x64,14336x4096,1,paper,random,0.01,n16k64_wA,128,"[0, 1]",32.160,32.160 32.160 32.176
256x64,14336x4096,1,paper,random,0.02,n16k64_wA,128,"[0, 1]",32.192,32.223 32.192 32.160
256x64,14336x4096,1,paper,random,0.05,n16k64_wA,128,"[0, 1]",32.176,32.192 32.176 32.128
256x64,14336x4096,1,paper,random,0.1,n16k64_wA,128,"[0, 1]",32.191,32.240 32.144 32.175
256x64,14336x4096,1,paper,random,0.25,n16k64_wA,128,"[0, 1]",32.224,32.192 32.208 32.255
256x64,14336x4096,1,paper,random,0.5,n16k64_wA,128,"[0, 1]",32.256,32.303 32.208 32.272
256x64,14336x4096,1,paper,random,0.75,n16k64_wA,128,"[0, 1]",32.239,32.287 32.160 32.192
256x64,14336x4096,1,paper,contiguous,0.01,n16k64_wA,128,"[0, 1]",32.159,32.096 32.176 32.192
256x64,14336x4096,1,paper,contiguous,0.02,n16k64_wA,128,"[0, 1]",32.223,32.256 32.159 32.223
256x64,14336x4096,1,paper,contiguous,0.05,n16k64_wA,128,"[0, 1]",32.160,32.256 32.159 32.176
256x64,14336x4096,1,paper,contiguous,0.1,n16k64_wA,128,"[0, 1]",32.128,32.144 32.096 32.128
256x64,14336x4096,1,paper,contiguous,0.25,n16k64_wA,128,"[0, 1]",32.160,32.144 32.160 32.192
256x64,14336x4096,1,paper,contiguous,0.5,n16k64_wA,128,"[0, 1]",32.192,32.192 32.192 32.192
256x64,14336x4096,1,paper,contiguous,0.75,n16k64_wA,128,"[0, 1]",32.160,32.224 32.159 32.064
256x64,14336x4096,1,paper,real,0.0613839291036129,n16k64_wA,128,"[0, 1]",32.192,32.208 32.192 32.192
256x64,14336x4096,1,ceiling,reference,,n16k64_wA_nodisp_n16_t0,16,"[0, 1]",22.527,22.544 22.464 22.528
256x64,14336x4096,1,stock_ko,reference,,stock_wA_n16,16,"[0, 1]",22.496,22.528 22.496 22.480
256x64,14336x4096,1,stock,reference,,stock_wA_n16,16,"[0, 1]",22.496,22.496 22.527 22.464
256x64,14336x4096,16,adopted,all,0.0,n16k64_wA_g32_n16_t0,16,"[0, 1]",22.431,22.448 22.431 22.400
256x64,14336x4096,16,adopted,all,1.0,n16k64_wA_g32_n16_t0,16,"[0, 1]",22.432,22.464 22.416 22.415
256x64,14336x4096,16,adopted,random,0.01,n16k64_wA_g32_n16_t0,16,"[0, 1]",22.432,22.431 22.447 22.400
256x64,14336x4096,16,adopted,random,0.02,n16k64_wA_g32_n16_t0,16,"[0, 1]",22.400,22.399 22.432 22.368
256x64,14336x4096,16,adopted,random,0.05,n16k64_wA_g32_n16_t0,16,"[0, 1]",22.431,22.416 22.400 22.432
256x64,14336x4096,16,adopted,random,0.1,n16k64_wA_g32_n16_t0,16,"[0, 1]",22.400,22.400 22.400 22.432
256x64,14336x4096,16,adopted,random,0.25,n16k64_wA_g32_n16_t0,16,"[0, 1]",22.400,22.400 22.399 22.431
256x64,14336x4096,16,adopted,random,0.5,n16k64_wA_g32_n16_t0,16,"[0, 1]",22.416,22.432 22.400 22.400
256x64,14336x4096,16,adopted,random,0.75,n16k64_wA_g32_n16_t0,16,"[0, 1]",22.432,22.432 22.432 22.432
256x64,14336x4096,16,adopted,contiguous,0.01,n16k64_wA_g32_n16_t0,16,"[0, 1]",22.400,22.400 22.400 22.400
256x64,14336x4096,16,adopted,contiguous,0.02,n16k64_wA_g32_n16_t0,16,"[0, 1]",22.416,22.400 22.400 22.431
256x64,14336x4096,16,adopted,contiguous,0.05,n16k64_wA_g32_n16_t0,16,"[0, 1]",22.401,22.432 22.400 22.400
256x64,14336x4096,16,adopted,contiguous,0.1,n16k64_wA_g32_n16_t0,16,"[0, 1]",22.400,22.400 22.400 22.432
256x64,14336x4096,16,adopted,contiguous,0.25,n16k64_wA_g32_n16_t0,16,"[0, 1]",22.432,22.448 22.416 22.415
256x64,14336x4096,16,adopted,contiguous,0.5,n16k64_wA_g32_n16_t0,16,"[0, 1]",22.400,22.432 22.400 22.399
256x64,14336x4096,16,adopted,contiguous,0.75,n16k64_wA_g32_n16_t0,16,"[0, 1]",22.432,22.432 22.432 22.432
256x64,14336x4096,16,adopted,real,0.0613839291036129,n16k64_wA_g32_n16_t0,16,"[0, 1]",22.400,22.400 22.448 22.400
256x64,14336x4096,16,previous,all,0.0,n16k64_wA_g32_n16,16,"[0, 1]",22.464,22.464 22.432 22.464
256x64,14336x4096,16,previous,all,1.0,n16k64_wA_g32_n16,16,"[0, 1]",22.496,22.496 22.480 22.559
256x64,14336x4096,16,previous,random,0.01,n16k64_wA_g32_n16,16,"[0, 1]",22.432,22.432 22.463 22.432
256x64,14336x4096,16,previous,random,0.02,n16k64_wA_g32_n16,16,"[0, 1]",22.464,22.464 22.447 22.432
256x64,14336x4096,16,previous,random,0.05,n16k64_wA_g32_n16,16,"[0, 1]",22.464,22.479 22.464 22.432
256x64,14336x4096,16,previous,random,0.1,n16k64_wA_g32_n16,16,"[0, 1]",22.464,22.464 22.432 22.464
256x64,14336x4096,16,previous,random,0.25,n16k64_wA_g32_n16,16,"[0, 1]",22.432,22.432 22.432 22.464
256x64,14336x4096,16,previous,random,0.5,n16k64_wA_g32_n16,16,"[0, 1]",22.464,22.464 22.448 22.464
256x64,14336x4096,16,previous,random,0.75,n16k64_wA_g32_n16,16,"[0, 1]",22.464,22.496 22.464 22.464
256x64,14336x4096,16,previous,contiguous,0.01,n16k64_wA_g32_n16,16,"[0, 1]",22.432,22.448 22.432 22.448
256x64,14336x4096,16,previous,contiguous,0.02,n16k64_wA_g32_n16,16,"[0, 1]",22.432,22.432 22.463 22.432
256x64,14336x4096,16,previous,contiguous,0.05,n16k64_wA_g32_n16,16,"[0, 1]",22.464,22.464 22.432 22.464
256x64,14336x4096,16,previous,contiguous,0.1,n16k64_wA_g32_n16,16,"[0, 1]",22.464,22.480 22.432 22.464
256x64,14336x4096,16,previous,contiguous,0.25,n16k64_wA_g32_n16,16,"[0, 1]",22.464,22.464 22.432 22.464
256x64,14336x4096,16,previous,contiguous,0.5,n16k64_wA_g32_n16,16,"[0, 1]",22.464,22.448 22.464 22.464
256x64,14336x4096,16,previous,contiguous,0.75,n16k64_wA_g32_n16,16,"[0, 1]",22.495,22.464 22.512 22.495
256x64,14336x4096,16,previous,real,0.0613839291036129,n16k64_wA_g32_n16,16,"[0, 1]",22.496,22.464 22.576 22.480
256x64,14336x4096,16,paper,all,0.0,n16k64_wA,128,"[0, 1]",31.855,31.823 31.872 31.856
256x64,14336x4096,16,paper,all,1.0,n16k64_wA,128,"[0, 1]",31.935,31.936 31.904 31.936
256x64,14336x4096,16,paper,random,0.01,n16k64_wA,128,"[0, 1]",31.840,31.840 31.840 31.840
256x64,14336x4096,16,paper,random,0.02,n16k64_wA,128,"[0, 1]",31.839,31.839 31.840 31.808
256x64,14336x4096,16,paper,random,0.05,n16k64_wA,128,"[0, 1]",31.871,31.904 31.840 31.824
256x64,14336x4096,16,paper,random,0.1,n16k64_wA,128,"[0, 1]",31.840,31.872 31.840 31.840
256x64,14336x4096,16,paper,random,0.25,n16k64_wA,128,"[0, 1]",31.872,31.904 31.840 31.919
256x64,14336x4096,16,paper,random,0.5,n16k64_wA,128,"[0, 1]",31.904,31.903 31.920 31.936
256x64,14336x4096,16,paper,random,0.75,n16k64_wA,128,"[0, 1]",31.872,31.888 31.855 31.872
256x64,14336x4096,16,paper,contiguous,0.01,n16k64_wA,128,"[0, 1]",31.840,31.841 31.840 31.871
256x64,14336x4096,16,paper,contiguous,0.02,n16k64_wA,128,"[0, 1]",31.872,31.904 31.871 31.887
256x64,14336x4096,16,paper,contiguous,0.05,n16k64_wA,128,"[0, 1]",31.872,31.872 31.856 31.903
256x64,14336x4096,16,paper,contiguous,0.1,n16k64_wA,128,"[0, 1]",31.872,31.887 31.888 31.872
256x64,14336x4096,16,paper,contiguous,0.25,n16k64_wA,128,"[0, 1]",31.936,31.919 31.967 31.920
256x64,14336x4096,16,paper,contiguous,0.5,n16k64_wA,128,"[0, 1]",31.935,31.935 31.920 31.904
256x64,14336x4096,16,paper,contiguous,0.75,n16k64_wA,128,"[0, 1]",31.936,31.967 31.952 31.919
256x64,14336x4096,16,paper,real,0.0613839291036129,n16k64_wA,128,"[0, 1]",31.840,31.840 31.855 31.871
256x64,14336x4096,16,ceiling,reference,,n16k64_wA_nodisp_n16_t0,16,"[0, 1]",22.431,22.400 22.432 22.432
256x64,14336x4096,16,stock_ko,reference,,stock_wA_n16,16,"[0, 1]",22.400,22.400 22.416 22.416
256x64,14336x4096,16,stock,reference,,stock_wA_n16,16,"[0, 1]",22.432,22.448 22.432 22.432
256x64,14336x4096,128,adopted,all,0.0,n16k64_wA_g32_e64_t0,128,"[0, 1]",23.520,23.536 23.520 23.520
256x64,14336x4096,128,adopted,all,1.0,n16k64_wA_g32_e64_t0,128,"[0, 1]",23.552,23.520 23.648 23.552
256x64,14336x4096,128,adopted,random,0.01,n16k64_wA_g32_e64_t0,128,"[0, 1]",23.552,23.552 23.520 23.552
256x64,14336x4096,128,adopted,random,0.02,n16k64_wA_g32_e64_t0,128,"[0, 1]",23.520,23.519 23.520 23.535
256x64,14336x4096,128,adopted,random,0.05,n16k64_wA_g32_e64_t0,128,"[0, 1]",23.552,23.551 23.552 23.552
256x64,14336x4096,128,adopted,random,0.1,n16k64_wA_g32_e64_t0,128,"[0, 1]",23.552,23.536 23.552 23.568
256x64,14336x4096,128,adopted,random,0.25,n16k64_wA_g32_e64_t0,128,"[0, 1]",23.552,23.552 23.568 23.552
256x64,14336x4096,128,adopted,random,0.5,n16k64_wA_g32_e64_t0,128,"[0, 1]",23.584,23.583 23.584 23.584
256x64,14336x4096,128,adopted,random,0.75,n16k64_wA_g32_e64_t0,128,"[0, 1]",23.584,23.584 23.584 23.552
256x64,14336x4096,128,adopted,contiguous,0.01,n16k64_wA_g32_e64_t0,128,"[0, 1]",23.488,23.488 23.520 23.488
256x64,14336x4096,128,adopted,contiguous,0.02,n16k64_wA_g32_e64_t0,128,"[0, 1]",23.520,23.552 23.520 23.520
256x64,14336x4096,128,adopted,contiguous,0.05,n16k64_wA_g32_e64_t0,128,"[0, 1]",23.488,23.520 23.488 23.488
256x64,14336x4096,128,adopted,contiguous,0.1,n16k64_wA_g32_e64_t0,128,"[0, 1]",23.520,23.504 23.552 23.520
256x64,14336x4096,128,adopted,contiguous,0.25,n16k64_wA_g32_e64_t0,128,"[0, 1]",23.520,23.520 23.520 23.520
256x64,14336x4096,128,adopted,contiguous,0.5,n16k64_wA_g32_e64_t0,128,"[0, 1]",23.536,23.520 23.552 23.551
256x64,14336x4096,128,adopted,contiguous,0.75,n16k64_wA_g32_e64_t0,128,"[0, 1]",23.584,23.583 23.584 23.584
256x64,14336x4096,128,adopted,real,0.0613839291036129,n16k64_wA_g32_e64_t0,128,"[0, 1]",23.552,23.552 23.552 23.552
256x64,14336x4096,128,previous,all,0.0,n16k64_wA_g32,128,"[0, 1]",23.872,23.856 23.920 23.872
256x64,14336x4096,128,previous,all,1.0,n16k64_wA_g32,128,"[0, 1]",23.871,23.856 23.840 23.872
256x64,14336x4096,128,previous,random,0.01,n16k64_wA_g32,128,"[0, 1]",23.871,23.824 23.888 23.903
256x64,14336x4096,128,previous,random,0.02,n16k64_wA_g32,128,"[0, 1]",23.871,23.856 23.808 23.919
256x64,14336x4096,128,previous,random,0.05,n16k64_wA_g32,128,"[0, 1]",23.871,23.840 23.871 23.903
256x64,14336x4096,128,previous,random,0.1,n16k64_wA_g32,128,"[0, 1]",23.839,23.824 23.840 23.839
256x64,14336x4096,128,previous,random,0.25,n16k64_wA_g32,128,"[0, 1]",23.839,23.808 23.840 23.839
256x64,14336x4096,128,previous,random,0.5,n16k64_wA_g32,128,"[0, 1]",23.856,23.872 23.856 23.840
256x64,14336x4096,128,previous,random,0.75,n16k64_wA_g32,128,"[0, 1]",23.904,23.952 23.872 23.904
256x64,14336x4096,128,previous,contiguous,0.01,n16k64_wA_g32,128,"[0, 1]",23.872,23.871 23.887 23.872
256x64,14336x4096,128,previous,contiguous,0.02,n16k64_wA_g32,128,"[0, 1]",23.856,23.840 23.840 23.872
256x64,14336x4096,128,previous,contiguous,0.05,n16k64_wA_g32,128,"[0, 1]",23.840,23.808 23.840 23.840
256x64,14336x4096,128,previous,contiguous,0.1,n16k64_wA_g32,128,"[0, 1]",23.840,23.839 23.856 23.840
256x64,14336x4096,128,previous,contiguous,0.25,n16k64_wA_g32,128,"[0, 1]",23.840,23.823 23.840 23.840
256x64,14336x4096,128,previous,contiguous,0.5,n16k64_wA_g32,128,"[0, 1]",23.871,23.840 23.855 23.904
256x64,14336x4096,128,previous,contiguous,0.75,n16k64_wA_g32,128,"[0, 1]",23.840,23.808 23.840 23.856
256x64,14336x4096,128,previous,real,0.0613839291036129,n16k64_wA_g32,128,"[0, 1]",23.871,23.855 23.903 23.840
256x64,14336x4096,128,paper,all,0.0,n16k64_wA,128,"[0, 1]",23.936,23.888 23.936 23.936
256x64,14336x4096,128,paper,all,1.0,n16k64_wA,128,"[0, 1]",24.095,24.160 24.048 24.079
256x64,14336x4096,128,paper,random,0.01,n16k64_wA,128,"[0, 1]",23.936,23.952 23.936 23.904
256x64,14336x4096,128,paper,random,0.02,n16k64_wA,128,"[0, 1]",23.904,23.936 23.872 23.888
256x64,14336x4096,128,paper,random,0.05,n16k64_wA,128,"[0, 1]",23.936,23.984 23.920 23.904
256x64,14336x4096,128,paper,random,0.1,n16k64_wA,128,"[0, 1]",23.968,24.000 23.967 23.968
256x64,14336x4096,128,paper,random,0.25,n16k64_wA,128,"[0, 1]",24.000,23.984 23.968 24.032
256x64,14336x4096,128,paper,random,0.5,n16k64_wA,128,"[0, 1]",24.000,23.984 24.000 24.000
256x64,14336x4096,128,paper,random,0.75,n16k64_wA,128,"[0, 1]",24.064,24.000 24.032 24.096
256x64,14336x4096,128,paper,contiguous,0.01,n16k64_wA,128,"[0, 1]",23.936,23.920 23.968 23.936
256x64,14336x4096,128,paper,contiguous,0.02,n16k64_wA,128,"[0, 1]",23.984,23.936 23.967 24.000
256x64,14336x4096,128,paper,contiguous,0.05,n16k64_wA,128,"[0, 1]",23.968,23.968 23.984 23.968
256x64,14336x4096,128,paper,contiguous,0.1,n16k64_wA,128,"[0, 1]",24.016,24.016 23.984 24.032
256x64,14336x4096,128,paper,contiguous,0.25,n16k64_wA,128,"[0, 1]",24.031,24.032 24.001 24.000
256x64,14336x4096,128,paper,contiguous,0.5,n16k64_wA,128,"[0, 1]",24.079,24.112 24.079 24.064
256x64,14336x4096,128,paper,contiguous,0.75,n16k64_wA,128,"[0, 1]",24.096,24.064 24.032 24.191
256x64,14336x4096,128,paper,real,0.0613839291036129,n16k64_wA,128,"[0, 1]",23.936,23.920 23.935 23.952
256x64,14336x4096,128,ceiling,reference,,n16k64_wA_nodisp_e64_t0,128,"[0, 1]",23.631,23.616 23.647 23.632
256x64,14336x4096,128,stock_ko,reference,,stock_wA_e64,128,"[0, 1]",23.647,23.648 23.631 23.632
256x64,14336x4096,128,stock,reference,,stock_wA,128,"[0, 1]",23.808,23.808 23.776 23.808
256x64,14336x4096,512,adopted,all,0.0,n16k64_wA_g32_e64_t0,128,"[0, 1]",58.688,58.800 58.399 58.943
256x64,14336x4096,512,adopted,all,1.0,n16k64_wA_g32_e64_t0,128,"[0, 1]",59.055,59.040 58.832 59.312
256x64,14336x4096,512,adopted,random,0.01,n16k64_wA_g32_e64_t0,128,"[0, 1]",58.735,58.640 58.656 58.880
256x64,14336x4096,512,adopted,random,0.02,n16k64_wA_g32_e64_t0,128,"[0, 1]",58.623,58.576 58.512 58.880
256x64,14336x4096,512,adopted,random,0.05,n16k64_wA_g32_e64_t0,128,"[0, 1]",58.864,58.895 59.039 58.736
256x64,14336x4096,512,adopted,random,0.1,n16k64_wA_g32_e64_t0,128,"[0, 1]",58.768,58.735 58.624 59.008
256x64,14336x4096,512,adopted,random,0.25,n16k64_wA_g32_e64_t0,128,"[0, 1]",58.912,59.104 58.576 59.199
256x64,14336x4096,512,adopted,random,0.5,n16k64_wA_g32_e64_t0,128,"[0, 1]",59.231,59.104 58.991 59.504
256x64,14336x4096,512,adopted,random,0.75,n16k64_wA_g32_e64_t0,128,"[0, 1]",59.263,59.312 58.847 59.887
256x64,14336x4096,512,adopted,contiguous,0.01,n16k64_wA_g32_e64_t0,128,"[0, 1]",58.671,58.815 58.640 58.848
256x64,14336x4096,512,adopted,contiguous,0.02,n16k64_wA_g32_e64_t0,128,"[0, 1]",58.608,58.480 58.847 58.543
256x64,14336x4096,512,adopted,contiguous,0.05,n16k64_wA_g32_e64_t0,128,"[0, 1]",58.800,58.767 58.432 58.832
256x64,14336x4096,512,adopted,contiguous,0.1,n16k64_wA_g32_e64_t0,128,"[0, 1]",59.087,58.799 59.136 59.247
256x64,14336x4096,512,adopted,contiguous,0.25,n16k64_wA_g32_e64_t0,128,"[0, 1]",58.592,58.559 58.639 58.592
256x64,14336x4096,512,adopted,contiguous,0.5,n16k64_wA_g32_e64_t0,128,"[0, 1]",58.624,58.496 58.544 58.831
256x64,14336x4096,512,adopted,contiguous,0.75,n16k64_wA_g32_e64_t0,128,"[0, 1]",59.008,58.847 59.168 58.880
256x64,14336x4096,512,adopted,real,0.0613839291036129,n16k64_wA_g32_e64_t0,128,"[0, 1]",58.848,58.816 58.896 58.815
256x64,14336x4096,512,previous,all,0.0,n16k64_wA_g32,128,"[0, 1]",61.695,61.871 61.648 61.695
256x64,14336x4096,512,previous,all,1.0,n16k64_wA_g32,128,"[0, 1]",61.519,61.695 61.263 61.551
256x64,14336x4096,512,previous,random,0.01,n16k64_wA_g32,128,"[0, 1]",61.727,61.663 61.584 61.871
256x64,14336x4096,512,previous,random,0.02,n16k64_wA_g32,128,"[0, 1]",61.711,61.312 61.728 61.791
256x64,14336x4096,512,previous,random,0.05,n16k64_wA_g32,128,"[0, 1]",61.824,61.871 61.631 61.936
256x64,14336x4096,512,previous,random,0.1,n16k64_wA_g32,128,"[0, 1]",61.935,61.952 62.063 61.759
256x64,14336x4096,512,previous,random,0.25,n16k64_wA_g32,128,"[0, 1]",61.983,61.967 62.031 61.936
256x64,14336x4096,512,previous,random,0.5,n16k64_wA_g32,128,"[0, 1]",62.191,62.240 62.336 62.000
256x64,14336x4096,512,previous,random,0.75,n16k64_wA_g32,128,"[0, 1]",61.984,61.984 62.208 61.487
256x64,14336x4096,512,previous,contiguous,0.01,n16k64_wA_g32,128,"[0, 1]",61.583,61.568 61.664 61.487
256x64,14336x4096,512,previous,contiguous,0.02,n16k64_wA_g32,128,"[0, 1]",61.727,61.792 61.888 61.472
256x64,14336x4096,512,previous,contiguous,0.05,n16k64_wA_g32,128,"[0, 1]",61.919,61.808 61.871 62.016
256x64,14336x4096,512,previous,contiguous,0.1,n16k64_wA_g32,128,"[0, 1]",61.680,61.440 61.935 61.583
256x64,14336x4096,512,previous,contiguous,0.25,n16k64_wA_g32,128,"[0, 1]",61.743,61.951 61.615 61.616
256x64,14336x4096,512,previous,contiguous,0.5,n16k64_wA_g32,128,"[0, 1]",61.760,61.712 61.935 61.744
256x64,14336x4096,512,previous,contiguous,0.75,n16k64_wA_g32,128,"[0, 1]",61.855,61.968 61.967 61.664
256x64,14336x4096,512,previous,real,0.0613839291036129,n16k64_wA_g32,128,"[0, 1]",61.696,61.744 61.760 61.584
256x64,14336x4096,512,paper,all,0.0,n16k64_wA,128,"[0, 1]",61.999,62.032 61.904 61.968
256x64,14336x4096,512,paper,all,1.0,n16k64_wA,128,"[0, 1]",65.360,65.631 65.519 65.119
256x64,14336x4096,512,paper,random,0.01,n16k64_wA,128,"[0, 1]",61.984,62.031 61.807 62.160
256x64,14336x4096,512,paper,random,0.02,n16k64_wA,128,"[0, 1]",61.952,61.792 61.919 62.256
256x64,14336x4096,512,paper,random,0.05,n16k64_wA,128,"[0, 1]",62.095,62.512 61.696 62.336
256x64,14336x4096,512,paper,random,0.1,n16k64_wA,128,"[0, 1]",62.239,61.935 62.288 62.623
256x64,14336x4096,512,paper,random,0.25,n16k64_wA,128,"[0, 1]",62.848,62.928 62.768 62.688
256x64,14336x4096,512,paper,random,0.5,n16k64_wA,128,"[0, 1]",63.807,63.568 63.872 63.840
256x64,14336x4096,512,paper,random,0.75,n16k64_wA,128,"[0, 1]",64.976,64.832 64.959 65.136
256x64,14336x4096,512,paper,contiguous,0.01,n16k64_wA,128,"[0, 1]",61.888,61.568 62.015 62.016
256x64,14336x4096,512,paper,contiguous,0.02,n16k64_wA,128,"[0, 1]",61.632,61.408 61.583 62.063
256x64,14336x4096,512,paper,contiguous,0.05,n16k64_wA,128,"[0, 1]",61.472,61.311 61.583 61.632
256x64,14336x4096,512,paper,contiguous,0.1,n16k64_wA,128,"[0, 1]",61.120,61.168 60.959 61.712
256x64,14336x4096,512,paper,contiguous,0.25,n16k64_wA,128,"[0, 1]",61.056,61.088 61.023 61.024
256x64,14336x4096,512,paper,contiguous,0.5,n16k64_wA,128,"[0, 1]",63.871,63.728 64.016 63.759
256x64,14336x4096,512,paper,contiguous,0.75,n16k64_wA,128,"[0, 1]",62.927,62.528 62.863 63.311
256x64,14336x4096,512,paper,real,0.0613839291036129,n16k64_wA,128,"[0, 1]",62.144,61.984 62.112 62.383
256x64,14336x4096,512,ceiling,reference,,n16k64_wA_nodisp_e64_t0,128,"[0, 1]",58.032,57.664 57.823 58.335
256x64,14336x4096,512,stock_ko,reference,,stock_wA_e64,128,"[0, 1]",57.103,56.992 57.167 57.391
256x64,14336x4096,512,stock,reference,,stock_wA,128,"[0, 1]",57.855,57.680 57.920 58.048
256x64,14336x4096,2048,adopted,all,0.0,n16k64_wA_g32_e64_t0,128,"[1, 1]",189.039,189.615 188.703 188.847
256x64,14336x4096,2048,adopted,all,1.0,n16k64_wA_g32_e64_t0,128,"[1, 1]",189.199,189.263 189.166 189.198
256x64,14336x4096,2048,adopted,random,0.01,n16k64_wA_g32_e64_t0,128,"[1, 1]",188.782,188.799 188.782 188.735
256x64,14336x4096,2048,adopted,random,0.02,n16k64_wA_g32_e64_t0,128,"[1, 1]",188.894,188.863 188.623 189.326
256x64,14336x4096,2048,adopted,random,0.05,n16k64_wA_g32_e64_t0,128,"[1, 1]",188.783,189.151 188.670 188.767
256x64,14336x4096,2048,adopted,random,0.1,n16k64_wA_g32_e64_t0,128,"[1, 1]",189.038,189.311 188.878 189.070
256x64,14336x4096,2048,adopted,random,0.25,n16k64_wA_g32_e64_t0,128,"[1, 1]",189.999,189.647 189.151 192.334
256x64,14336x4096,2048,adopted,random,0.5,n16k64_wA_g32_e64_t0,128,"[1, 1]",190.686,190.575 189.743 192.622
256x64,14336x4096,2048,adopted,random,0.75,n16k64_wA_g32_e64_t0,128,"[1, 1]",190.287,189.870 189.566 193.278
256x64,14336x4096,2048,adopted,contiguous,0.01,n16k64_wA_g32_e64_t0,128,"[1, 1]",189.807,189.150 188.814 191.535
256x64,14336x4096,2048,adopted,contiguous,0.02,n16k64_wA_g32_e64_t0,128,"[1, 1]",189.791,189.390 188.878 191.631
256x64,14336x4096,2048,adopted,contiguous,0.05,n16k64_wA_g32_e64_t0,128,"[1, 1]",189.391,188.991 188.479 192.399
256x64,14336x4096,2048,adopted,contiguous,0.1,n16k64_wA_g32_e64_t0,128,"[1, 1]",190.030,189.279 188.655 192.606
256x64,14336x4096,2048,adopted,contiguous,0.25,n16k64_wA_g32_e64_t0,128,"[1, 1]",189.694,189.407 188.926 192.063
256x64,14336x4096,2048,adopted,contiguous,0.5,n16k64_wA_g32_e64_t0,128,"[1, 1]",189.759,189.182 188.751 191.631
256x64,14336x4096,2048,adopted,contiguous,0.75,n16k64_wA_g32_e64_t0,128,"[1, 1]",189.263,189.278 189.294 189.135
256x64,14336x4096,2048,adopted,real,0.0613839291036129,n16k64_wA_g32_e64_t0,128,"[1, 1]",189.087,189.278 189.055 188.990
256x64,14336x4096,2048,previous,all,0.0,n16k64_wA_g32,128,"[0, 1]",193.278,193.342 193.231 193.327
256x64,14336x4096,2048,previous,all,1.0,n16k64_wA_g32,128,"[0, 1]",192.030,191.983 191.839 192.287
256x64,14336x4096,2048,previous,random,0.01,n16k64_wA_g32,128,"[0, 1]",192.942,192.671 192.815 193.150
256x64,14336x4096,2048,previous,random,0.02,n16k64_wA_g32,128,"[0, 1]",192.831,192.942 192.622 193.150
256x64,14336x4096,2048,previous,random,0.05,n16k64_wA_g32,128,"[0, 1]",193.086,193.071 192.750 193.294
256x64,14336x4096,2048,previous,random,0.1,n16k64_wA_g32,128,"[0, 1]",193.311,192.991 193.215 193.806
256x64,14336x4096,2048,previous,random,0.25,n16k64_wA_g32,128,"[0, 1]",193.230,193.198 192.910 194.046
256x64,14336x4096,2048,previous,random,0.5,n16k64_wA_g32,128,"[0, 1]",193.102,192.830 193.022 193.455
256x64,14336x4096,2048,previous,random,0.75,n16k64_wA_g32,128,"[0, 1]",192.543,192.494 192.335 192.815
256x64,14336x4096,2048,previous,contiguous,0.01,n16k64_wA_g32,128,"[0, 1]",192.958,192.767 192.798 193.455
256x64,14336x4096,2048,previous,contiguous,0.02,n16k64_wA_g32,128,"[0, 1]",193.454,193.246 193.166 193.694
256x64,14336x4096,2048,previous,contiguous,0.05,n16k64_wA_g32,128,"[0, 1]",193.390,193.231 193.310 193.534
256x64,14336x4096,2048,previous,contiguous,0.1,n16k64_wA_g32,128,"[0, 1]",193.262,193.134 193.246 193.327
256x64,14336x4096,2048,previous,contiguous,0.25,n16k64_wA_g32,128,"[0, 1]",193.342,193.279 193.230 193.566
256x64,14336x4096,2048,previous,contiguous,0.5,n16k64_wA_g32,128,"[0, 1]",192.910,192.830 193.135 192.814
256x64,14336x4096,2048,previous,contiguous,0.75,n16k64_wA_g32,128,"[0, 1]",192.606,192.399 192.606 192.862
256x64,14336x4096,2048,previous,real,0.0613839291036129,n16k64_wA_g32,128,"[0, 1]",192.943,192.782 192.991 193.246
256x64,14336x4096,2048,paper,all,0.0,n16k64_wA,128,"[0, 1]",195.167,195.055 195.118 195.295
256x64,14336x4096,2048,paper,all,1.0,n16k64_wA,128,"[0, 1]",204.783,204.574 204.734 205.039
256x64,14336x4096,2048,paper,random,0.01,n16k64_wA,128,"[0, 1]",195.390,195.102 195.710 195.215
256x64,14336x4096,2048,paper,random,0.02,n16k64_wA,128,"[0, 1]",195.438,195.247 195.311 195.695
256x64,14336x4096,2048,paper,random,0.05,n16k64_wA,128,"[0, 1]",195.503,195.630 195.039 195.806
256x64,14336x4096,2048,paper,random,0.1,n16k64_wA,128,"[0, 1]",195.966,195.982 195.598 196.462
256x64,14336x4096,2048,paper,random,0.25,n16k64_wA,128,"[0, 1]",197.726,197.022 197.470 200.878
256x64,14336x4096,2048,paper,random,0.5,n16k64_wA,128,"[0, 1]",200.287,199.950 200.399 200.878
256x64,14336x4096,2048,paper,random,0.75,n16k64_wA,128,"[0, 1]",202.686,202.862 202.623 202.638
256x64,14336x4096,2048,paper,contiguous,0.01,n16k64_wA,128,"[0, 1]",195.310,195.294 195.038 195.470
256x64,14336x4096,2048,paper,contiguous,0.02,n16k64_wA,128,"[0, 1]",195.182,195.166 195.327 195.071
256x64,14336x4096,2048,paper,contiguous,0.05,n16k64_wA,128,"[0, 1]",195.503,195.486 195.198 195.711
256x64,14336x4096,2048,paper,contiguous,0.1,n16k64_wA,128,"[0, 1]",196.047,196.255 195.967 196.127
256x64,14336x4096,2048,paper,contiguous,0.25,n16k64_wA,128,"[0, 1]",197.167,196.942 197.471 197.135
256x64,14336x4096,2048,paper,contiguous,0.5,n16k64_wA,128,"[0, 1]",200.383,199.678 200.174 203.390
256x64,14336x4096,2048,paper,contiguous,0.75,n16k64_wA,128,"[0, 1]",201.326,200.926 200.926 204.942
256x64,14336x4096,2048,paper,real,0.0613839291036129,n16k64_wA,128,"[0, 1]",196.031,195.326 195.774 199.391
256x64,14336x4096,2048,ceiling,reference,,n16k64_wA_nodisp_e64_t0,128,"[1, 1]",186.879,185.854 186.558 189.902
256x64,14336x4096,2048,stock_ko,reference,,stock_wA_e64,128,"[0, 1]",188.558,187.758 187.614 191.919
256x64,14336x4096,2048,stock,reference,,stock_wA,128,"[0, 1]",189.663,188.783 189.470 190.558
256x64,14336x4096,8192,adopted,all,0.0,n16k64_wA_g32_e64_t0,128,"[0, 1]",750.314,745.786 750.090 751.418
256x64,14336x4096,8192,adopted,all,1.0,n16k64_wA_g32_e64_t0,128,"[0, 1]",750.858,745.849 751.274 753.945
256x64,14336x4096,8192,adopted,random,0.01,n16k64_wA_g32_e64_t0,128,"[0, 1]",749.674,744.506 749.658 753.401
256x64,14336x4096,8192,adopted,random,0.02,n16k64_wA_g32_e64_t0,128,"[0, 1]",750.058,744.777 750.058 752.553
256x64,14336x4096,8192,adopted,random,0.05,n16k64_wA_g32_e64_t0,128,"[0, 1]",749.786,745.145 749.962 752.554
256x64,14336x4096,8192,adopted,random,0.1,n16k64_wA_g32_e64_t0,128,"[0, 1]",750.235,743.802 750.171 753.402
256x64,14336x4096,8192,adopted,random,0.25,n16k64_wA_g32_e64_t0,128,"[0, 1]",752.298,745.641 752.474 754.570
256x64,14336x4096,8192,adopted,random,0.5,n16k64_wA_g32_e64_t0,128,"[0, 1]",753.322,748.314 753.179 755.850
256x64,14336x4096,8192,adopted,random,0.75,n16k64_wA_g32_e64_t0,128,"[0, 1]",753.450,749.545 753.034 757.098
256x64,14336x4096,8192,adopted,contiguous,0.01,n16k64_wA_g32_e64_t0,128,"[0, 1]",749.482,746.122 749.627 753.402
256x64,14336x4096,8192,adopted,contiguous,0.02,n16k64_wA_g32_e64_t0,128,"[0, 1]",750.538,745.530 751.306 752.714
256x64,14336x4096,8192,adopted,contiguous,0.05,n16k64_wA_g32_e64_t0,128,"[0, 1]",750.699,745.098 751.003 753.066
256x64,14336x4096,8192,adopted,contiguous,0.1,n16k64_wA_g32_e64_t0,128,"[0, 1]",751.995,745.178 753.690 753.114
256x64,14336x4096,8192,adopted,contiguous,0.25,n16k64_wA_g32_e64_t0,128,"[0, 1]",751.322,746.394 751.562 752.921
256x64,14336x4096,8192,adopted,contiguous,0.5,n16k64_wA_g32_e64_t0,128,"[0, 1]",751.082,746.555 752.378 751.626
256x64,14336x4096,8192,adopted,contiguous,0.75,n16k64_wA_g32_e64_t0,128,"[0, 1]",752.202,746.906 753.258 753.531
256x64,14336x4096,8192,adopted,real,0.0613839291036129,n16k64_wA_g32_e64_t0,128,"[0, 1]",751.738,746.746 753.034 752.746
256x64,14336x4096,8192,previous,all,0.0,n16k64_wA_g32,128,"[0, 1]",764.490,759.994 765.050 766.361
256x64,14336x4096,8192,previous,all,1.0,n16k64_wA_g32,128,"[0, 1]",760.250,752.682 760.106 763.290
256x64,14336x4096,8192,previous,random,0.01,n16k64_wA_g32,128,"[0, 1]",762.458,758.699 762.283 765.194
256x64,14336x4096,8192,previous,random,0.02,n16k64_wA_g32,128,"[0, 1]",762.011,758.650 760.459 767.466
256x64,14336x4096,8192,previous,random,0.05,n16k64_wA_g32,128,"[0, 1]",763.354,759.754 761.786 766.746
256x64,14336x4096,8192,previous,random,0.1,n16k64_wA_g32,128,"[0, 1]",762.170,759.242 761.578 767.546
256x64,14336x4096,8192,previous,random,0.25,n16k64_wA_g32,128,"[0, 1]",761.225,759.882 758.761 767.913
256x64,14336x4096,8192,previous,random,0.5,n16k64_wA_g32,128,"[0, 1]",762.122,760.074 760.314 766.057
256x64,14336x4096,8192,previous,random,0.75,n16k64_wA_g32,128,"[0, 1]",760.667,759.130 759.690 766.250
256x64,14336x4096,8192,previous,contiguous,0.01,n16k64_wA_g32,128,"[0, 1]",763.002,759.610 762.026 767.050
256x64,14336x4096,8192,previous,contiguous,0.02,n16k64_wA_g32,128,"[0, 1]",761.818,760.122 761.498 763.930
256x64,14336x4096,8192,previous,contiguous,0.05,n16k64_wA_g32,128,"[0, 1]",763.370,763.690 761.178 765.226
256x64,14336x4096,8192,previous,contiguous,0.1,n16k64_wA_g32,128,"[0, 1]",764.106,763.898 761.962 766.793
256x64,14336x4096,8192,previous,contiguous,0.25,n16k64_wA_g32,128,"[0, 1]",762.602,761.003 760.906 766.939
256x64,14336x4096,8192,previous,contiguous,0.5,n16k64_wA_g32,128,"[0, 1]",761.113,758.761 760.250 766.905
256x64,14336x4096,8192,previous,contiguous,0.75,n16k64_wA_g32,128,"[0, 1]",761.210,759.770 759.306 764.746
256x64,14336x4096,8192,previous,real,0.0613839291036129,n16k64_wA_g32,128,"[0, 1]",764.602,764.091 762.794 766.859
256x64,14336x4096,8192,paper,all,0.0,n16k64_wA,128,"[0, 1]",771.290,770.394 768.906 774.858
256x64,14336x4096,8192,paper,all,1.0,n16k64_wA,128,"[0, 1]",801.610,800.826 800.378 805.626
256x64,14336x4096,8192,paper,random,0.01,n16k64_wA,128,"[0, 1]",771.642,770.698 766.650 774.442
256x64,14336x4096,8192,paper,random,0.02,n16k64_wA,128,"[0, 1]",771.801,771.514 770.186 774.266
256x64,14336x4096,8192,paper,random,0.05,n16k64_wA,128,"[0, 1]",772.698,771.978 771.370 774.554
256x64,14336x4096,8192,paper,random,0.1,n16k64_wA,128,"[0, 1]",774.331,773.226 772.090 776.474
256x64,14336x4096,8192,paper,random,0.25,n16k64_wA,128,"[0, 1]",776.730,777.322 775.593 777.321
256x64,14336x4096,8192,paper,random,0.5,n16k64_wA,128,"[0, 1]",786.074,785.530 784.971 787.290
256x64,14336x4096,8192,paper,random,0.75,n16k64_wA,128,"[0, 1]",794.154,793.546 792.810 795.401
256x64,14336x4096,8192,paper,contiguous,0.01,n16k64_wA,128,"[0, 1]",772.634,772.698 770.538 773.579
256x64,14336x4096,8192,paper,contiguous,0.02,n16k64_wA,128,"[0, 1]",771.434,767.467 771.675 773.673
256x64,14336x4096,8192,paper,contiguous,0.05,n16k64_wA,128,"[0, 1]",772.905,769.082 772.986 775.434
256x64,14336x4096,8192,paper,contiguous,0.1,n16k64_wA,128,"[0, 1]",774.425,771.642 774.281 777.178
256x64,14336x4096,8192,paper,contiguous,0.25,n16k64_wA,128,"[0, 1]",778.443,775.258 778.186 780.427
256x64,14336x4096,8192,paper,contiguous,0.5,n16k64_wA,128,"[0, 1]",783.595,781.258 782.874 785.482
256x64,14336x4096,8192,paper,contiguous,0.75,n16k64_wA,128,"[0, 1]",792.234,789.866 792.010 793.066
256x64,14336x4096,8192,paper,real,0.0613839291036129,n16k64_wA,128,"[0, 1]",770.106,769.418 768.842 772.474
256x64,14336x4096,8192,ceiling,reference,,n16k64_wA_nodisp_e64_t0,128,"[0, 1]",739.290,738.395 737.051 742.874
256x64,14336x4096,8192,stock_ko,reference,,stock_wA_e64,128,"[0, 1]",739.658,738.602 737.242 742.938
256x64,14336x4096,8192,stock,reference,,stock_wA,128,"[0, 1]",743.594,741.835 743.498 745.786
256x64,4096x14336,1,adopted,all,0.0,n16k64_wA_g32_n16_t0,16,"[0, 1]",25.632,25.648 25.648 25.632
256x64,4096x14336,1,adopted,all,1.0,n16k64_wA_g32_n16_t0,16,"[0, 1]",25.631,25.648 25.600 25.648
256x64,4096x14336,1,adopted,random,0.01,n16k64_wA_g32_n16_t0,16,"[0, 1]",25.488,25.520 25.471 25.536
256x64,4096x14336,1,adopted,random,0.02,n16k64_wA_g32_n16_t0,16,"[0, 1]",25.536,25.632 25.488 25.504
256x64,4096x14336,1,adopted,random,0.05,n16k64_wA_g32_n16_t0,16,"[0, 1]",25.536,25.696 25.520 25.536
256x64,4096x14336,1,adopted,random,0.1,n16k64_wA_g32_n16_t0,16,"[0, 1]",25.536,25.552 25.568 25.520
256x64,4096x14336,1,adopted,random,0.25,n16k64_wA_g32_n16_t0,16,"[0, 1]",25.631,25.679 25.696 25.568
256x64,4096x14336,1,adopted,random,0.5,n16k64_wA_g32_n16_t0,16,"[0, 1]",25.792,25.808 25.744 25.808
256x64,4096x14336,1,adopted,random,0.75,n16k64_wA_g32_n16_t0,16,"[0, 1]",25.648,25.696 25.616 25.616
256x64,4096x14336,1,adopted,contiguous,0.01,n16k64_wA_g32_n16_t0,16,"[0, 1]",25.695,25.664 25.711 25.727
256x64,4096x14336,1,adopted,contiguous,0.02,n16k64_wA_g32_n16_t0,16,"[0, 1]",25.600,25.631 25.664 25.536
256x64,4096x14336,1,adopted,contiguous,0.05,n16k64_wA_g32_n16_t0,16,"[0, 1]",25.728,25.680 25.808 25.775
256x64,4096x14336,1,adopted,contiguous,0.1,n16k64_wA_g32_n16_t0,16,"[0, 1]",25.600,25.599 25.568 25.600
256x64,4096x14336,1,adopted,contiguous,0.25,n16k64_wA_g32_n16_t0,16,"[0, 1]",25.648,25.567 25.648 25.663
256x64,4096x14336,1,adopted,contiguous,0.5,n16k64_wA_g32_n16_t0,16,"[0, 1]",25.760,25.760 25.792 25.760
256x64,4096x14336,1,adopted,contiguous,0.75,n16k64_wA_g32_n16_t0,16,"[0, 1]",25.584,25.647 25.600 25.471
256x64,4096x14336,1,adopted,real,0.0714285746216774,n16k64_wA_g32_n16_t0,16,"[0, 1]",25.856,25.888 25.839 25.888
256x64,4096x14336,1,previous,all,0.0,n16k64_wA_g32_n16,16,"[0, 1]",25.664,25.680 25.664 25.616
256x64,4096x14336,1,previous,all,1.0,n16k64_wA_g32_n16,16,"[0, 1]",25.664,25.664 25.632 25.680
256x64,4096x14336,1,previous,random,0.01,n16k64_wA_g32_n16,16,"[0, 1]",25.487,25.504 25.503 25.472
256x64,4096x14336,1,previous,random,0.02,n16k64_wA_g32_n16,16,"[0, 1]",25.600,25.600 25.600 25.632
256x64,4096x14336,1,previous,random,0.05,n16k64_wA_g32_n16,16,"[0, 1]",25.600,25.599 25.615 25.696
256x64,4096x14336,1,previous,random,0.1,n16k64_wA_g32_n16,16,"[0, 1]",25.647,25.616 25.712 25.600
256x64,4096x14336,1,previous,random,0.25,n16k64_wA_g32_n16,16,"[0, 1]",25.792,25.824 25.776 25.743
256x64,4096x14336,1,previous,random,0.5,n16k64_wA_g32_n16,16,"[0, 1]",25.792,25.744 25.776 25.823
256x64,4096x14336,1,previous,random,0.75,n16k64_wA_g32_n16,16,"[0, 1]",25.760,25.776 25.760 25.727
256x64,4096x14336,1,previous,contiguous,0.01,n16k64_wA_g32_n16,16,"[0, 1]",25.759,25.760 25.664 25.760
256x64,4096x14336,1,previous,contiguous,0.02,n16k64_wA_g32_n16,16,"[0, 1]",25.600,25.616 25.600 25.616
256x64,4096x14336,1,previous,contiguous,0.05,n16k64_wA_g32_n16,16,"[0, 1]",25.744,25.792 25.776 25.711
256x64,4096x14336,1,previous,contiguous,0.1,n16k64_wA_g32_n16,16,"[0, 1]",25.664,25.664 25.648 25.664
256x64,4096x14336,1,previous,contiguous,0.25,n16k64_wA_g32_n16,16,"[0, 1]",25.695,25.696 25.696 25.648
256x64,4096x14336,1,previous,contiguous,0.5,n16k64_wA_g32_n16,16,"[0, 1]",25.760,25.807 25.711 25.840
256x64,4096x14336,1,previous,contiguous,0.75,n16k64_wA_g32_n16,16,"[0, 1]",25.600,25.616 25.583 25.679
256x64,4096x14336,1,previous,real,0.0714285746216774,n16k64_wA_g32_n16,16,"[0, 1]",25.903,25.840 25.920 25.840
256x64,4096x14336,1,paper,all,0.0,n16k64_wA,128,"[0, 1]",47.488,47.456 47.504 47.456
256x64,4096x14336,1,paper,all,1.0,n16k64_wA,128,"[0, 1]",53.279,53.344 53.247 53.248
256x64,4096x14336,1,paper,random,0.01,n16k64_wA,128,"[0, 1]",47.456,47.439 47.456 47.487
256x64,4096x14336,1,paper,random,0.02,n16k64_wA,128,"[0, 1]",47.552,47.583 47.568 47.520
256x64,4096x14336,1,paper,random,0.05,n16k64_wA,128,"[0, 1]",47.616,47.647 47.647 47.615
256x64,4096x14336,1,paper,random,0.1,n16k64_wA,128,"[0, 1]",47.919,48.095 47.807 47.855
256x64,4096x14336,1,paper,random,0.25,n16k64_wA,128,"[0, 1]",48.480,48.576 48.496 48.368
256x64,4096x14336,1,paper,random,0.5,n16k64_wA,128,"[0, 1]",49.696,49.856 49.599 49.695
256x64,4096x14336,1,paper,random,0.75,n16k64_wA,128,"[0, 1]",51.199,51.423 51.135 51.088
256x64,4096x14336,1,paper,contiguous,0.01,n16k64_wA,128,"[0, 1]",48.527,48.656 48.416 48.431
256x64,4096x14336,1,paper,contiguous,0.02,n16k64_wA,128,"[0, 1]",49.503,49.664 49.408 49.375
256x64,4096x14336,1,paper,contiguous,0.05,n16k64_wA,128,"[0, 1]",52.096,52.224 52.063 52.095
256x64,4096x14336,1,paper,contiguous,0.1,n16k64_wA,128,"[0, 1]",53.152,53.280 53.119 53.120
256x64,4096x14336,1,paper,contiguous,0.25,n16k64_wA,128,"[0, 1]",53.168,53.184 53.151 53.199
256x64,4096x14336,1,paper,contiguous,0.5,n16k64_wA,128,"[0, 1]",53.184,53.215 53.152 53.184
256x64,4096x14336,1,paper,contiguous,0.75,n16k64_wA,128,"[0, 1]",53.247,53.280 53.248 53.167
256x64,4096x14336,1,paper,real,0.0714285746216774,n16k64_wA,128,"[0, 1]",47.743,47.791 47.743 47.727
256x64,4096x14336,1,ceiling,reference,,n16k64_wA_nodisp_n16_t0,16,"[0, 1]",25.552,25.568 25.504 25.536
256x64,4096x14336,1,stock_ko,reference,,stock_wA_n16,16,"[0, 1]",25.488,25.424 25.504 25.551
256x64,4096x14336,1,stock,reference,,stock_wA_n16,16,"[0, 1]",25.520,25.536 25.472 25.616
256x64,4096x14336,16,adopted,all,0.0,n16k64_wA_g32_n16_t0,16,"[0, 1]",25.568,25.536 25.552 25.600
256x64,4096x14336,16,adopted,all,1.0,n16k64_wA_g32_n16_t0,16,"[0, 1]",25.503,25.488 25.487 25.503
256x64,4096x14336,16,adopted,random,0.01,n16k64_wA_g32_n16_t0,16,"[0, 1]",25.344,25.424 25.344 25.312
256x64,4096x14336,16,adopted,random,0.02,n16k64_wA_g32_n16_t0,16,"[0, 1]",25.455,25.376 25.440 25.504
256x64,4096x14336,16,adopted,random,0.05,n16k64_wA_g32_n16_t0,16,"[0, 1]",25.471,25.439 25.488 25.471
256x64,4096x14336,16,adopted,random,0.1,n16k64_wA_g32_n16_t0,16,"[0, 1]",25.503,25.536 25.456 25.488
256x64,4096x14336,16,adopted,random,0.25,n16k64_wA_g32_n16_t0,16,"[0, 1]",25.520,25.552 25.488 25.552
256x64,4096x14336,16,adopted,random,0.5,n16k64_wA_g32_n16_t0,16,"[0, 1]",25.663,25.744 25.680 25.552
256x64,4096x14336,16,adopted,random,0.75,n16k64_wA_g32_n16_t0,16,"[0, 1]",25.584,25.584 25.552 25.616
256x64,4096x14336,16,adopted,contiguous,0.01,n16k64_wA_g32_n16_t0,16,"[0, 1]",25.505,25.521 25.520 25.503
256x64,4096x14336,16,adopted,contiguous,0.02,n16k64_wA_g32_n16_t0,16,"[0, 1]",25.440,25.488 25.423 25.440
256x64,4096x14336,16,adopted,contiguous,0.05,n16k64_wA_g32_n16_t0,16,"[0, 1]",25.536,25.536 25.535 25.616
256x64,4096x14336,16,adopted,contiguous,0.1,n16k64_wA_g32_n16_t0,16,"[0, 1]",25.487,25.504 25.519 25.440
256x64,4096x14336,16,adopted,contiguous,0.25,n16k64_wA_g32_n16_t0,16,"[0, 1]",25.536,25.631 25.536 25.472
256x64,4096x14336,16,adopted,contiguous,0.5,n16k64_wA_g32_n16_t0,16,"[0, 1]",25.632,25.696 25.696 25.536
256x64,4096x14336,16,adopted,contiguous,0.75,n16k64_wA_g32_n16_t0,16,"[0, 1]",25.488,25.456 25.519 25.488
256x64,4096x14336,16,adopted,real,0.0714285746216774,n16k64_wA_g32_n16_t0,16,"[0, 1]",25.712,25.728 25.727 25.696
256x64,4096x14336,16,previous,all,0.0,n16k64_wA_g32_n16,16,"[0, 1]",25.568,25.599 25.520 25.520
256x64,4096x14336,16,previous,all,1.0,n16k64_wA_g32_n16,16,"[0, 1]",25.504,25.536 25.487 25.488
256x64,4096x14336,16,previous,random,0.01,n16k64_wA_g32_n16,16,"[0, 1]",25.408,25.440 25.471 25.376
256x64,4096x14336,16,previous,random,0.02,n16k64_wA_g32_n16,16,"[0, 1]",25.503,25.455 25.472 25.504
256x64,4096x14336,16,previous,random,0.05,n16k64_wA_g32_n16,16,"[0, 1]",25.536,25.424 25.520 25.551
256x64,4096x14336,16,previous,random,0.1,n16k64_wA_g32_n16,16,"[0, 1]",25.584,25.584 25.599 25.568
256x64,4096x14336,16,previous,random,0.25,n16k64_wA_g32_n16,16,"[0, 1]",25.552,25.568 25.504 25.552
256x64,4096x14336,16,previous,random,0.5,n16k64_wA_g32_n16,16,"[0, 1]",25.696,25.664 25.696 25.728
256x64,4096x14336,16,previous,random,0.75,n16k64_wA_g32_n16,16,"[0, 1]",25.664,25.696 25.584 25.696
256x64,4096x14336,16,previous,contiguous,0.01,n16k64_wA_g32_n16,16,"[0, 1]",25.568,25.568 25.600 25.504
256x64,4096x14336,16,previous,contiguous,0.02,n16k64_wA_g32_n16,16,"[0, 1]",25.488,25.471 25.519 25.536
256x64,4096x14336,16,previous,contiguous,0.05,n16k64_wA_g32_n16,16,"[0, 1]",25.631,25.600 25.632 25.632
256x64,4096x14336,16,previous,contiguous,0.1,n16k64_wA_g32_n16,16,"[0, 1]",25.504,25.488 25.519 25.472
256x64,4096x14336,16,previous,contiguous,0.25,n16k64_wA_g32_n16,16,"[0, 1]",25.584,25.552 25.519 25.632
256x64,4096x14336,16,previous,contiguous,0.5,n16k64_wA_g32_n16,16,"[0, 1]",25.664,25.696 25.664 25.664
256x64,4096x14336,16,previous,contiguous,0.75,n16k64_wA_g32_n16,16,"[0, 1]",25.599,25.551 25.488 25.600
256x64,4096x14336,16,previous,real,0.0714285746216774,n16k64_wA_g32_n16,16,"[0, 1]",25.791,25.808 25.792 25.728
256x64,4096x14336,16,paper,all,0.0,n16k64_wA,128,"[0, 1]",47.391,47.391 47.392 47.343
256x64,4096x14336,16,paper,all,1.0,n16k64_wA,128,"[0, 1]",53.184,53.247 53.119 53.168
256x64,4096x14336,16,paper,random,0.01,n16k64_wA,128,"[0, 1]",47.359,47.408 47.343 47.328
256x64,4096x14336,16,paper,random,0.02,n16k64_wA,128,"[0, 1]",47.392,47.375 47.471 47.391
256x64,4096x14336,16,paper,random,0.05,n16k64_wA,128,"[0, 1]",47.535,47.488 47.519 47.552
256x64,4096x14336,16,paper,random,0.1,n16k64_wA,128,"[0, 1]",47.744,47.744 47.840 47.680
256x64,4096x14336,16,paper,random,0.25,n16k64_wA,128,"[0, 1]",48.256,48.319 48.176 48.272
256x64,4096x14336,16,paper,random,0.5,n16k64_wA,128,"[0, 1]",49.664,49.648 49.679 49.664
256x64,4096x14336,16,paper,random,0.75,n16k64_wA,128,"[0, 1]",51.167,51.199 51.087 51.200
256x64,4096x14336,16,paper,contiguous,0.01,n16k64_wA,128,"[0, 1]",48.191,48.160 48.144 48.192
256x64,4096x14336,16,paper,contiguous,0.02,n16k64_wA,128,"[0, 1]",49.135,49.088 49.216 49.120
256x64,4096x14336,16,paper,contiguous,0.05,n16k64_wA,128,"[0, 1]",51.776,51.760 51.711 51.808
256x64,4096x14336,16,paper,contiguous,0.1,n16k64_wA,128,"[0, 1]",52.944,52.960 52.959 52.911
256x64,4096x14336,16,paper,contiguous,0.25,n16k64_wA,128,"[0, 1]",53.104,53.087 53.088 53.183
256x64,4096x14336,16,paper,contiguous,0.5,n16k64_wA,128,"[0, 1]",53.184,53.120 53.184 53.216
256x64,4096x14336,16,paper,contiguous,0.75,n16k64_wA,128,"[0, 1]",53.215,53.215 53.184 53.215
256x64,4096x14336,16,paper,real,0.0714285746216774,n16k64_wA,128,"[0, 1]",47.679,47.664 47.696 47.664
256x64,4096x14336,16,ceiling,reference,,n16k64_wA_nodisp_n16_t0,16,"[0, 1]",25.391,25.376 25.440 25.360
256x64,4096x14336,16,stock_ko,reference,,stock_wA_n16,16,"[0, 1]",25.408,25.408 25.359 25.440
256x64,4096x14336,16,stock,reference,,stock_wA_n16,16,"[0, 1]",25.503,25.408 25.536 25.488
256x64,4096x14336,128,adopted,all,0.0,n16k64_wA_g32_n64_t0,64,"[0, 1]",27.968,27.952 27.968 28.031
256x64,4096x14336,128,adopted,all,1.0,n16k64_wA_g32_n64_t0,64,"[0, 1]",27.872,27.856 27.888 27.855
256x64,4096x14336,128,adopted,random,0.01,n16k64_wA_g32_n64_t0,64,"[0, 1]",27.840,27.871 27.872 27.776
256x64,4096x14336,128,adopted,random,0.02,n16k64_wA_g32_n64_t0,64,"[0, 1]",27.936,27.967 27.920 27.856
256x64,4096x14336,128,adopted,random,0.05,n16k64_wA_g32_n64_t0,64,"[0, 1]",27.968,27.919 28.000 27.968
256x64,4096x14336,128,adopted,random,0.1,n16k64_wA_g32_n64_t0,64,"[0, 1]",28.032,28.032 28.080 28.047
256x64,4096x14336,128,adopted,random,0.25,n16k64_wA_g32_n64_t0,64,"[0, 1]",28.032,28.032 28.032 28.080
256x64,4096x14336,128,adopted,random,0.5,n16k64_wA_g32_n64_t0,64,"[0, 1]",28.064,28.048 28.048 28.096
256x64,4096x14336,128,adopted,random,0.75,n16k64_wA_g32_n64_t0,64,"[0, 1]",28.064,28.080 28.032 28.063
256x64,4096x14336,128,adopted,contiguous,0.01,n16k64_wA_g32_n64_t0,64,"[0, 1]",27.936,27.904 27.951 27.920
256x64,4096x14336,128,adopted,contiguous,0.02,n16k64_wA_g32_n64_t0,64,"[0, 1]",27.935,27.872 27.919 27.936
256x64,4096x14336,128,adopted,contiguous,0.05,n16k64_wA_g32_n64_t0,64,"[0, 1]",27.951,27.983 27.936 27.919
256x64,4096x14336,128,adopted,contiguous,0.1,n16k64_wA_g32_n64_t0,64,"[0, 1]",27.903,27.920 27.935 27.871
256x64,4096x14336,128,adopted,contiguous,0.25,n16k64_wA_g32_n64_t0,64,"[0, 1]",27.951,28.000 27.952 27.936
256x64,4096x14336,128,adopted,contiguous,0.5,n16k64_wA_g32_n64_t0,64,"[0, 1]",27.952,27.904 27.984 27.984
256x64,4096x14336,128,adopted,contiguous,0.75,n16k64_wA_g32_n64_t0,64,"[0, 1]",27.904,27.856 28.016 27.920
256x64,4096x14336,128,adopted,real,0.0714285746216774,n16k64_wA_g32_n64_t0,64,"[0, 1]",28.064,28.176 28.031 27.967
256x64,4096x14336,128,previous,all,0.0,n16k64_wA_g32_n32,32,"[0, 1]",29.520,29.552 29.504 29.472
256x64,4096x14336,128,previous,all,1.0,n16k64_wA_g32_n32,32,"[0, 1]",29.552,29.488 29.584 29.600
256x64,4096x14336,128,previous,random,0.01,n16k64_wA_g32_n32,32,"[0, 1]",29.375,29.376 29.408 29.360
256x64,4096x14336,128,previous,random,0.02,n16k64_wA_g32_n32,32,"[0, 1]",29.376,29.391 29.391 29.376
256x64,4096x14336,128,previous,random,0.05,n16k64_wA_g32_n32,32,"[0, 1]",29.472,29.472 29.471 29.456
256x64,4096x14336,128,previous,random,0.1,n16k64_wA_g32_n32,32,"[0, 1]",29.504,29.520 29.488 29.440
256x64,4096x14336,128,previous,random,0.25,n16k64_wA_g32_n32,32,"[0, 1]",29.536,29.488 29.552 29.552
256x64,4096x14336,128,previous,random,0.5,n16k64_wA_g32_n32,32,"[0, 1]",29.567,29.600 29.536 29.567
256x64,4096x14336,128,previous,random,0.75,n16k64_wA_g32_n32,32,"[0, 1]",29.504,29.504 29.488 29.552
256x64,4096x14336,128,previous,contiguous,0.01,n16k64_wA_g32_n32,32,"[0, 1]",29.504,29.456 29.504 29.536
256x64,4096x14336,128,previous,contiguous,0.02,n16k64_wA_g32_n32,32,"[0, 1]",29.408,29.455 29.424 29.407
256x64,4096x14336,128,previous,contiguous,0.05,n16k64_wA_g32_n32,32,"[0, 1]",29.440,29.456 29.424 29.439
256x64,4096x14336,128,previous,contiguous,0.1,n16k64_wA_g32_n32,32,"[0, 1]",29.409,29.408 29.456 29.376
256x64,4096x14336,128,previous,contiguous,0.25,n16k64_wA_g32_n32,32,"[0, 1]",29.424,29.424 29.440 29.392
256x64,4096x14336,128,previous,contiguous,0.5,n16k64_wA_g32_n32,32,"[0, 1]",29.487,29.472 29.504 29.456
256x64,4096x14336,128,previous,contiguous,0.75,n16k64_wA_g32_n32,32,"[0, 1]",29.472,29.535 29.472 29.472
256x64,4096x14336,128,previous,real,0.0714285746216774,n16k64_wA_g32_n32,32,"[0, 1]",29.536,29.615 29.552 29.487
256x64,4096x14336,128,paper,all,0.0,n16k64_wA,128,"[0, 1]",47.392,47.392 47.407 47.392
256x64,4096x14336,128,paper,all,1.0,n16k64_wA,128,"[0, 1]",53.312,53.343 53.296 53.312
256x64,4096x14336,128,paper,random,0.01,n16k64_wA,128,"[0, 1]",47.408,47.376 47.375 47.440
256x64,4096x14336,128,paper,random,0.02,n16k64_wA,128,"[0, 1]",47.424,47.440 47.424 47.440
256x64,4096x14336,128,paper,random,0.05,n16k64_wA,128,"[0, 1]",47.568,47.600 47.536 47.567
256x64,4096x14336,128,paper,random,0.1,n16k64_wA,128,"[0, 1]",47.839,47.840 47.840 47.776
256x64,4096x14336,128,paper,random,0.25,n16k64_wA,128,"[0, 1]",48.368,48.399 48.368 48.320
256x64,4096x14336,128,paper,random,0.5,n16k64_wA,128,"[0, 1]",49.744,49.727 49.759 49.760
256x64,4096x14336,128,paper,random,0.75,n16k64_wA,128,"[0, 1]",51.263,51.200 51.216 51.343
256x64,4096x14336,128,paper,contiguous,0.01,n16k64_wA,128,"[0, 1]",48.240,48.271 48.319 48.191
256x64,4096x14336,128,paper,contiguous,0.02,n16k64_wA,128,"[0, 1]",49.200,49.215 49.215 49.104
256x64,4096x14336,128,paper,contiguous,0.05,n16k64_wA,128,"[0, 1]",51.776,51.808 51.727 51.791
256x64,4096x14336,128,paper,contiguous,0.1,n16k64_wA,128,"[0, 1]",52.896,52.896 52.976 52.864
256x64,4096x14336,128,paper,contiguous,0.25,n16k64_wA,128,"[0, 1]",53.152,53.120 53.199 53.167
256x64,4096x14336,128,paper,contiguous,0.5,n16k64_wA,128,"[0, 1]",53.215,53.248 53.232 53.184
256x64,4096x14336,128,paper,contiguous,0.75,n16k64_wA,128,"[0, 1]",53.280,53.296 53.280 53.231
256x64,4096x14336,128,paper,real,0.0714285746216774,n16k64_wA,128,"[0, 1]",47.696,47.712 47.616 47.775
256x64,4096x14336,128,ceiling,reference,,n16k64_wA_nodisp_n64_t0,64,"[0, 1]",27.776,27.760 27.824 27.776
256x64,4096x14336,128,stock_ko,reference,,stock_wA_n64,64,"[1, 1]",27.583,27.567 27.520 27.584
256x64,4096x14336,128,stock,reference,,stock_wA_n64,64,"[0, 1]",27.744,27.744 27.775 27.759
256x64,4096x14336,512,adopted,all,0.0,n16k64_wA_g32_e64_t0,128,"[0, 1]",50.896,50.912 50.912 50.832
256x64,4096x14336,512,adopted,all,1.0,n16k64_wA_g32_e64_t0,128,"[0, 1]",50.672,50.656 50.720 50.624
256x64,4096x14336,512,adopted,random,0.01,n16k64_wA_g32_e64_t0,128,"[0, 1]",50.928,50.815 50.863 51.024
256x64,4096x14336,512,adopted,random,0.02,n16k64_wA_g32_e64_t0,128,"[0, 1]",50.991,50.928 50.991 51.055
256x64,4096x14336,512,adopted,random,0.05,n16k64_wA_g32_e64_t0,128,"[0, 1]",51.008,50.863 51.120 51.072
256x64,4096x14336,512,adopted,random,0.1,n16k64_wA_g32_e64_t0,128,"[0, 1]",51.103,50.960 51.007 51.695
256x64,4096x14336,512,adopted,random,0.25,n16k64_wA_g32_e64_t0,128,"[0, 1]",51.103,50.863 50.975 51.519
256x64,4096x14336,512,adopted,random,0.5,n16k64_wA_g32_e64_t0,128,"[0, 1]",51.135,50.880 50.976 51.663
256x64,4096x14336,512,adopted,random,0.75,n16k64_wA_g32_e64_t0,128,"[0, 1]",51.119,50.912 51.023 51.552
256x64,4096x14336,512,adopted,contiguous,0.01,n16k64_wA_g32_e64_t0,128,"[0, 1]",51.104,50.832 50.976 51.520
256x64,4096x14336,512,adopted,contiguous,0.02,n16k64_wA_g32_e64_t0,128,"[0, 1]",51.264,51.023 51.040 51.616
256x64,4096x14336,512,adopted,contiguous,0.05,n16k64_wA_g32_e64_t0,128,"[0, 1]",51.200,50.959 50.944 51.856
256x64,4096x14336,512,adopted,contiguous,0.1,n16k64_wA_g32_e64_t0,128,"[0, 1]",51.184,50.928 50.959 51.856
256x64,4096x14336,512,adopted,contiguous,0.25,n16k64_wA_g32_e64_t0,128,"[0, 1]",51.103,50.832 50.895 51.983
256x64,4096x14336,512,adopted,contiguous,0.5,n16k64_wA_g32_e64_t0,128,"[0, 1]",51.071,50.992 50.800 51.391
256x64,4096x14336,512,adopted,contiguous,0.75,n16k64_wA_g32_e64_t0,128,"[0, 1]",51.135,50.880 51.008 51.376
256x64,4096x14336,512,adopted,real,0.0714285746216774,n16k64_wA_g32_e64_t0,128,"[0, 1]",51.168,50.848 50.992 51.456
256x64,4096x14336,512,previous,all,0.0,n16k64_wA_g32,128,"[0, 1]",51.471,51.152 51.279 51.887
256x64,4096x14336,512,previous,all,1.0,n16k64_wA_g32,128,"[0, 1]",50.815,50.656 50.672 51.232
256x64,4096x14336,512,previous,random,0.01,n16k64_wA_g32,128,"[0, 1]",51.359,51.152 51.184 51.776
256x64,4096x14336,512,previous,random,0.02,n16k64_wA_g32,128,"[0, 1]",51.376,51.168 51.184 51.936
256x64,4096x14336,512,previous,random,0.05,n16k64_wA_g32,128,"[0, 1]",51.376,51.216 51.232 51.744
256x64,4096x14336,512,previous,random,0.1,n16k64_wA_g32,128,"[0, 1]",51.392,51.216 51.311 51.952
256x64,4096x14336,512,previous,random,0.25,n16k64_wA_g32,128,"[0, 1]",51.120,50.944 50.944 51.551
256x64,4096x14336,512,previous,random,0.5,n16k64_wA_g32,128,"[0, 1]",51.056,50.880 50.943 51.504
256x64,4096x14336,512,previous,random,0.75,n16k64_wA_g32,128,"[0, 1]",51.104,50.784 51.072 51.392
256x64,4096x14336,512,previous,contiguous,0.01,n16k64_wA_g32,128,"[0, 1]",51.232,51.103 51.040 51.856
256x64,4096x14336,512,previous,contiguous,0.02,n16k64_wA_g32,128,"[0, 1]",51.344,51.167 51.311 51.775
256x64,4096x14336,512,previous,contiguous,0.05,n16k64_wA_g32,128,"[0, 1]",51.392,51.232 51.200 51.903
256x64,4096x14336,512,previous,contiguous,0.1,n16k64_wA_g32,128,"[0, 1]",51.343,51.184 51.168 51.743
256x64,4096x14336,512,previous,contiguous,0.25,n16k64_wA_g32,128,"[0, 1]",51.360,51.232 51.103 51.760
256x64,4096x14336,512,previous,contiguous,0.5,n16k64_wA_g32,128,"[0, 1]",51.487,51.248 51.311 51.872
256x64,4096x14336,512,previous,contiguous,0.75,n16k64_wA_g32,128,"[0, 1]",51.552,51.408 51.360 51.999
256x64,4096x14336,512,previous,real,0.0714285746216774,n16k64_wA_g32,128,"[0, 1]",51.296,51.136 51.232 51.615
256x64,4096x14336,512,paper,all,0.0,n16k64_wA,128,"[0, 1]",52.352,52.240 52.256 52.784
256x64,4096x14336,512,paper,all,1.0,n16k64_wA,128,"[0, 1]",58.191,57.951 57.872 58.799
256x64,4096x14336,512,paper,random,0.01,n16k64_wA,128,"[0, 1]",52.256,52.192 52.319 52.368
256x64,4096x14336,512,paper,random,0.02,n16k64_wA,128,"[0, 1]",52.416,52.544 52.272 52.528
256x64,4096x14336,512,paper,random,0.05,n16k64_wA,128,"[0, 1]",52.543,52.383 52.544 52.575
256x64,4096x14336,512,paper,random,0.1,n16k64_wA,128,"[0, 1]",53.008,52.896 53.008 53.168
256x64,4096x14336,512,paper,random,0.25,n16k64_wA,128,"[0, 1]",53.791,53.807 53.776 53.776
256x64,4096x14336,512,paper,random,0.5,n16k64_wA,128,"[0, 1]",55.264,55.247 55.439 55.199
256x64,4096x14336,512,paper,random,0.75,n16k64_wA,128,"[0, 1]",56.416,56.303 56.607 56.448
256x64,4096x14336,512,paper,contiguous,0.01,n16k64_wA,128,"[0, 1]",53.327,53.247 53.391 53.359
256x64,4096x14336,512,paper,contiguous,0.02,n16k64_wA,128,"[0, 1]",54.560,54.576 54.448 54.560
256x64,4096x14336,512,paper,contiguous,0.05,n16k64_wA,128,"[0, 1]",58.655,58.575 58.592 58.703
256x64,4096x14336,512,paper,contiguous,0.1,n16k64_wA,128,"[0, 1]",60.175,60.063 60.288 60.096
256x64,4096x14336,512,paper,contiguous,0.25,n16k64_wA,128,"[0, 1]",60.192,60.207 60.192 60.160
256x64,4096x14336,512,paper,contiguous,0.5,n16k64_wA,128,"[0, 1]",59.456,59.423 59.584 59.440
256x64,4096x14336,512,paper,contiguous,0.75,n16k64_wA,128,"[0, 1]",58.848,58.800 58.784 58.943
256x64,4096x14336,512,paper,real,0.0714285746216774,n16k64_wA,128,"[0, 1]",52.863,52.736 52.864 52.880
256x64,4096x14336,512,ceiling,reference,,n16k64_wA_nodisp_e64_t0,128,"[0, 1]",49.983,49.888 50.032 49.984
256x64,4096x14336,512,stock_ko,reference,,stock_wA_e64,128,"[1, 1]",49.855,49.872 49.871 49.824
256x64,4096x14336,512,stock,reference,,stock_wA,128,"[0, 1]",50.271,50.336 50.271 50.192
256x64,4096x14336,2048,adopted,all,0.0,n16k64_wA_g32_e64_t0,128,"[2, 2]",201.135,203.791 200.207 199.998
256x64,4096x14336,2048,adopted,all,1.0,n16k64_wA_g32_e64_t0,128,"[2, 2]",201.199,203.071 200.238 200.447
256x64,4096x14336,2048,adopted,random,0.01,n16k64_wA_g32_e64_t0,128,"[2, 2]",201.518,203.182 200.479 200.590
256x64,4096x14336,2048,adopted,random,0.02,n16k64_wA_g32_e64_t0,128,"[2, 2]",201.390,203.534 201.118 200.430
256x64,4096x14336,2048,adopted,random,0.05,n16k64_wA_g32_e64_t0,128,"[2, 2]",202.015,204.047 201.103 200.302
256x64,4096x14336,2048,adopted,random,0.1,n16k64_wA_g32_e64_t0,128,"[2, 2]",201.838,204.175 200.702 200.286
256x64,4096x14336,2048,adopted,random,0.25,n16k64_wA_g32_e64_t0,128,"[2, 2]",201.583,204.030 200.287 200.510
256x64,4096x14336,2048,adopted,random,0.5,n16k64_wA_g32_e64_t0,128,"[2, 2]",201.582,204.591 200.879 200.558
256x64,4096x14336,2048,adopted,random,0.75,n16k64_wA_g32_e64_t0,128,"[2, 2]",201.871,204.047 200.350 201.086
256x64,4096x14336,2048,adopted,contiguous,0.01,n16k64_wA_g32_e64_t0,128,"[2, 2]",200.702,204.223 199.822 199.966
256x64,4096x14336,2048,adopted,contiguous,0.02,n16k64_wA_g32_e64_t0,128,"[2, 2]",201.502,203.790 200.255 200.702
256x64,4096x14336,2048,adopted,contiguous,0.05,n16k64_wA_g32_e64_t0,128,"[2, 2]",201.935,203.582 201.918 200.399
256x64,4096x14336,2048,adopted,contiguous,0.1,n16k64_wA_g32_e64_t0,128,"[2, 2]",202.207,203.823 202.207 199.934
256x64,4096x14336,2048,adopted,contiguous,0.25,n16k64_wA_g32_e64_t0,128,"[2, 2]",202.302,203.614 201.838 200.030
256x64,4096x14336,2048,adopted,contiguous,0.5,n16k64_wA_g32_e64_t0,128,"[2, 2]",201.871,203.822 200.703 201.550
256x64,4096x14336,2048,adopted,contiguous,0.75,n16k64_wA_g32_e64_t0,128,"[2, 2]",201.998,203.919 201.262 200.606
256x64,4096x14336,2048,adopted,real,0.0714285746216774,n16k64_wA_g32_e64_t0,128,"[2, 2]",202.478,203.886 202.222 200.542
256x64,4096x14336,2048,previous,all,0.0,n16k64_wA_g32,128,"[0, 1]",202.318,204.159 201.087 201.919
256x64,4096x14336,2048,previous,all,1.0,n16k64_wA_g32,128,"[0, 1]",200.894,203.247 200.126 199.614
256x64,4096x14336,2048,previous,random,0.01,n16k64_wA_g32,128,"[0, 1]",201.726,203.566 201.311 201.215
256x64,4096x14336,2048,previous,random,0.02,n16k64_wA_g32,128,"[0, 1]",201.390,202.159 201.070 200.991
256x64,4096x14336,2048,previous,random,0.05,n16k64_wA_g32,128,"[0, 1]",201.343,202.702 200.910 201.198
256x64,4096x14336,2048,previous,random,0.1,n16k64_wA_g32,128,"[0, 1]",201.230,201.535 201.070 201.407
256x64,4096x14336,2048,previous,random,0.25,n16k64_wA_g32,128,"[0, 1]",201.359,202.734 200.814 201.407
256x64,4096x14336,2048,previous,random,0.5,n16k64_wA_g32,128,"[0, 1]",201.327,201.726 200.910 201.215
256x64,4096x14336,2048,previous,random,0.75,n16k64_wA_g32,128,"[0, 1]",200.799,201.166 200.543 200.879
256x64,4096x14336,2048,previous,contiguous,0.01,n16k64_wA_g32,128,"[0, 1]",201.087,201.567 200.910 200.943
256x64,4096x14336,2048,previous,contiguous,0.02,n16k64_wA_g32,128,"[0, 1]",200.813,200.974 200.958 200.718
256x64,4096x14336,2048,previous,contiguous,0.05,n16k64_wA_g32,128,"[0, 1]",200.926,200.814 200.798 201.054
256x64,4096x14336,2048,previous,contiguous,0.1,n16k64_wA_g32,128,"[0, 1]",200.847,201.038 201.167 200.655
256x64,4096x14336,2048,previous,contiguous,0.25,n16k64_wA_g32,128,"[0, 1]",200.719,200.686 200.591 201.039
256x64,4096x14336,2048,previous,contiguous,0.5,n16k64_wA_g32,128,"[0, 1]",200.942,200.783 200.958 200.991
256x64,4096x14336,2048,previous,contiguous,0.75,n16k64_wA_g32,128,"[0, 1]",200.478,200.254 201.039 200.478
256x64,4096x14336,2048,previous,real,0.0714285746216774,n16k64_wA_g32,128,"[0, 1]",201.295,201.838 201.550 200.815
256x64,4096x14336,2048,paper,all,0.0,n16k64_wA,128,"[0, 1]",203.454,203.535 203.246 203.438
256x64,4096x14336,2048,paper,all,1.0,n16k64_wA,128,"[0, 1]",213.710,213.903 213.455 213.838
256x64,4096x14336,2048,paper,random,0.01,n16k64_wA,128,"[0, 1]",203.294,203.246 203.406 203.262
256x64,4096x14336,2048,paper,random,0.02,n16k64_wA,128,"[0, 1]",203.439,203.695 203.551 203.326
256x64,4096x14336,2048,paper,random,0.05,n16k64_wA,128,"[0, 1]",203.967,203.758 203.999 203.902
256x64,4096x14336,2048,paper,random,0.1,n16k64_wA,128,"[0, 1]",204.351,204.895 204.174 204.191
256x64,4096x14336,2048,paper,random,0.25,n16k64_wA,128,"[0, 1]",205.998,206.270 205.391 205.918
256x64,4096x14336,2048,paper,random,0.5,n16k64_wA,128,"[0, 1]",208.783,208.623 208.399 209.022
256x64,4096x14336,2048,paper,random,0.75,n16k64_wA,128,"[0, 1]",211.583,211.279 211.582 211.678
256x64,4096x14336,2048,paper,contiguous,0.01,n16k64_wA,128,"[0, 1]",203.583,203.695 203.103 203.951
256x64,4096x14336,2048,paper,contiguous,0.02,n16k64_wA,128,"[0, 1]",204.286,204.191 204.046 204.798
256x64,4096x14336,2048,paper,contiguous,0.05,n16k64_wA,128,"[0, 1]",205.023,204.686 205.230 205.119
256x64,4096x14336,2048,paper,contiguous,0.1,n16k64_wA,128,"[0, 1]",206.462,206.158 206.543 206.415
256x64,4096x14336,2048,paper,contiguous,0.25,n16k64_wA,128,"[0, 1]",207.342,207.086 207.406 207.503
256x64,4096x14336,2048,paper,contiguous,0.5,n16k64_wA,128,"[0, 1]",210.686,210.494 210.686 210.751
256x64,4096x14336,2048,paper,contiguous,0.75,n16k64_wA,128,"[0, 1]",212.975,212.751 212.959 213.086
256x64,4096x14336,2048,paper,real,0.0714285746216774,n16k64_wA,128,"[0, 1]",204.110,204.062 203.919 204.366
256x64,4096x14336,2048,ceiling,reference,,n16k64_wA_nodisp_e64_t0,128,"[2, 2]",199.038,198.975 198.191 199.503
256x64,4096x14336,2048,stock_ko,reference,,stock_wA_e64,128,"[0, 1]",199.582,199.422 199.423 199.806
256x64,4096x14336,2048,stock,reference,,stock_wA,128,"[0, 1]",200.015,200.319 200.047 199.903
256x64,4096x14336,8192,adopted,all,0.0,n16k64_wA_g32_e64_t0,128,"[2, 4]",731.578,739.178 728.842 730.715
256x64,4096x14336,8192,adopted,all,1.0,n16k64_wA_g32_e64_t0,128,"[2, 4]",728.010,727.210 728.746 728.794
256x64,4096x14336,8192,adopted,random,0.01,n16k64_wA_g32_e64_t0,128,"[2, 4]",728.251,723.291 728.170 731.674
256x64,4096x14336,8192,adopted,random,0.02,n16k64_wA_g32_e64_t0,128,"[2, 4]",729.114,724.267 730.378 731.353
256x64,4096x14336,8192,adopted,random,0.05,n16k64_wA_g32_e64_t0,128,"[2, 4]",728.170,720.315 728.715 730.378
256x64,4096x14336,8192,adopted,random,0.1,n16k64_wA_g32_e64_t0,128,"[2, 4]",728.858,724.426 729.802 730.762
256x64,4096x14336,8192,adopted,random,0.25,n16k64_wA_g32_e64_t0,128,"[2, 4]",731.226,726.506 730.714 732.330
256x64,4096x14336,8192,adopted,random,0.5,n16k64_wA_g32_e64_t0,128,"[2, 4]",731.978,729.946 732.315 733.626
256x64,4096x14336,8192,adopted,random,0.75,n16k64_wA_g32_e64_t0,128,"[2, 4]",730.986,729.482 730.875 733.498
256x64,4096x14336,8192,adopted,contiguous,0.01,n16k64_wA_g32_e64_t0,128,"[2, 4]",729.562,727.546 729.834 731.146
256x64,4096x14336,8192,adopted,contiguous,0.02,n16k64_wA_g32_e64_t0,128,"[2, 4]",727.706,725.450 727.562 729.706
256x64,4096x14336,8192,adopted,contiguous,0.05,n16k64_wA_g32_e64_t0,128,"[2, 4]",729.066,728.330 729.706 729.945
256x64,4096x14336,8192,adopted,contiguous,0.1,n16k64_wA_g32_e64_t0,128,"[2, 4]",731.434,730.330 732.586 732.090
256x64,4096x14336,8192,adopted,contiguous,0.25,n16k64_wA_g32_e64_t0,128,"[2, 4]",729.258,726.330 730.635 731.898
256x64,4096x14336,8192,adopted,contiguous,0.5,n16k64_wA_g32_e64_t0,128,"[2, 4]",728.682,727.034 729.626 729.450
256x64,4096x14336,8192,adopted,contiguous,0.75,n16k64_wA_g32_e64_t0,128,"[2, 4]",730.890,728.522 730.010 734.427
256x64,4096x14336,8192,adopted,real,0.0714285746216774,n16k64_wA_g32_e64_t0,128,"[2, 4]",731.674,729.482 731.354 733.385
256x64,4096x14336,8192,previous,all,0.0,n16k64_wA_g32,128,"[0, 1]",746.090,742.938 746.090 750.186
256x64,4096x14336,8192,previous,all,1.0,n16k64_wA_g32,128,"[0, 1]",741.434,737.595 741.642 743.626
256x64,4096x14336,8192,previous,random,0.01,n16k64_wA_g32,128,"[0, 1]",744.938,738.011 745.050 748.314
256x64,4096x14336,8192,previous,random,0.02,n16k64_wA_g32,128,"[0, 1]",746.490,744.154 746.506 748.683
256x64,4096x14336,8192,previous,random,0.05,n16k64_wA_g32,128,"[0, 1]",746.522,744.122 746.634 748.970
256x64,4096x14336,8192,previous,random,0.1,n16k64_wA_g32,128,"[0, 1]",746.890,743.370 747.658 748.954
256x64,4096x14336,8192,previous,random,0.25,n16k64_wA_g32,128,"[0, 1]",744.458,743.803 741.546 749.066
256x64,4096x14336,8192,previous,random,0.5,n16k64_wA_g32,128,"[0, 1]",746.009,742.954 745.466 749.049
256x64,4096x14336,8192,previous,random,0.75,n16k64_wA_g32,128,"[0, 1]",745.418,742.410 745.482 748.282
256x64,4096x14336,8192,previous,contiguous,0.01,n16k64_wA_g32,128,"[0, 1]",746.410,743.627 746.170 749.193
256x64,4096x14336,8192,previous,contiguous,0.02,n16k64_wA_g32,128,"[0, 1]",743.499,743.867 744.218 742.553
256x64,4096x14336,8192,previous,contiguous,0.05,n16k64_wA_g32,128,"[0, 1]",745.419,744.314 745.163 747.962
256x64,4096x14336,8192,previous,contiguous,0.1,n16k64_wA_g32,128,"[0, 1]",746.490,744.346 746.282 748.345
256x64,4096x14336,8192,previous,contiguous,0.25,n16k64_wA_g32,128,"[0, 1]",745.561,742.970 745.434 748.090
256x64,4096x14336,8192,previous,contiguous,0.5,n16k64_wA_g32,128,"[0, 1]",744.089,742.442 743.978 745.450
256x64,4096x14336,8192,previous,contiguous,0.75,n16k64_wA_g32,128,"[0, 1]",743.290,737.994 743.882 745.610
256x64,4096x14336,8192,previous,real,0.0714285746216774,n16k64_wA_g32,128,"[0, 1]",746.091,744.585 745.386 749.498
256x64,4096x14336,8192,paper,all,0.0,n16k64_wA,128,"[0, 1]",753.706,751.307 753.498 757.176
256x64,4096x14336,8192,paper,all,1.0,n16k64_wA,128,"[0, 1]",783.946,781.385 783.594 787.993
256x64,4096x14336,8192,paper,random,0.01,n16k64_wA,128,"[0, 1]",752.363,752.393 749.626 754.489
256x64,4096x14336,8192,paper,random,0.02,n16k64_wA,128,"[0, 1]",753.769,754.042 754.521 752.314
256x64,4096x14336,8192,paper,random,0.05,n16k64_wA,128,"[0, 1]",755.002,755.018 754.970 754.954
256x64,4096x14336,8192,paper,random,0.1,n16k64_wA,128,"[0, 1]",755.834,755.066 756.042 756.378
256x64,4096x14336,8192,paper,random,0.25,n16k64_wA,128,"[0, 1]",760.426,758.873 760.250 761.274
256x64,4096x14336,8192,paper,random,0.5,n16k64_wA,128,"[0, 1]",766.857,767.722 767.737 762.905
256x64,4096x14336,8192,paper,random,0.75,n16k64_wA,128,"[0, 1]",774.474,774.810 774.057 774.090
256x64,4096x14336,8192,paper,contiguous,0.01,n16k64_wA,128,"[0, 1]",752.714,753.402 751.898 752.346
256x64,4096x14336,8192,paper,contiguous,0.02,n16k64_wA,128,"[0, 1]",753.546,754.826 751.098 754.314
256x64,4096x14336,8192,paper,contiguous,0.05,n16k64_wA,128,"[0, 1]",758.682,759.914 757.274 759.529
256x64,4096x14336,8192,paper,contiguous,0.1,n16k64_wA,128,"[0, 1]",760.842,756.634 760.474 764.314
256x64,4096x14336,8192,paper,contiguous,0.25,n16k64_wA,128,"[0, 1]",768.298,765.898 767.995 769.594
256x64,4096x14336,8192,paper,contiguous,0.5,n16k64_wA,128,"[0, 1]",777.482,775.034 777.754 778.394
256x64,4096x14336,8192,paper,contiguous,0.75,n16k64_wA,128,"[0, 1]",780.826,780.666 776.202 783.707
256x64,4096x14336,8192,paper,real,0.0714285746216774,n16k64_wA,128,"[0, 1]",756.106,757.946 754.746 755.674
256x64,4096x14336,8192,ceiling,reference,,n16k64_wA_nodisp_e64_t0,128,"[2, 4]",720.314,720.427 717.066 721.930
256x64,4096x14336,8192,stock_ko,reference,,stock_wA_e64,128,"[2, 1]",718.106,719.066 717.002 718.138
256x64,4096x14336,8192,stock,reference,,stock_wA,128,"[0, 1]",729.754,730.986 727.962 730.074
16x64,4096x4096,1,adopted,all,0.0,n16k64_wA_n16_t0,16,"[0, 1]",8.576,8.672 8.559 8.544
16x64,4096x4096,1,adopted,all,1.0,n16k64_wA_n16_t0,16,"[0, 1]",8.800,8.832 8.800 8.768
16x64,4096x4096,1,adopted,random,0.01,n16k64_wA_n16_t0,16,"[0, 1]",8.544,8.640 8.560 8.496
16x64,4096x4096,1,adopted,random,0.02,n16k64_wA_n16_t0,16,"[0, 1]",8.560,8.624 8.352 8.576
16x64,4096x4096,1,adopted,random,0.05,n16k64_wA_n16_t0,16,"[0, 1]",8.672,8.688 8.624 8.672
16x64,4096x4096,1,adopted,random,0.1,n16k64_wA_n16_t0,16,"[0, 1]",8.672,8.719 8.688 8.576
16x64,4096x4096,1,adopted,random,0.25,n16k64_wA_n16_t0,16,"[0, 1]",8.735,8.832 8.512 8.608
16x64,4096x4096,1,adopted,random,0.5,n16k64_wA_n16_t0,16,"[0, 1]",8.831,8.848 8.832 8.640
16x64,4096x4096,1,adopted,random,0.75,n16k64_wA_n16_t0,16,"[0, 1]",8.896,8.960 8.848 8.832
16x64,4096x4096,1,adopted,contiguous,0.01,n16k64_wA_n16_t0,16,"[0, 1]",8.592,8.672 8.432 8.576
16x64,4096x4096,1,adopted,contiguous,0.02,n16k64_wA_n16_t0,16,"[0, 1]",8.800,8.784 8.847 8.736
16x64,4096x4096,1,adopted,contiguous,0.05,n16k64_wA_n16_t0,16,"[0, 1]",8.736,8.800 8.672 8.735
16x64,4096x4096,1,adopted,contiguous,0.1,n16k64_wA_n16_t0,16,"[0, 1]",8.640,8.704 8.528 8.640
16x64,4096x4096,1,adopted,contiguous,0.25,n16k64_wA_n16_t0,16,"[0, 1]",8.672,8.768 8.672 8.544
16x64,4096x4096,1,adopted,contiguous,0.5,n16k64_wA_n16_t0,16,"[0, 1]",8.736,8.848 8.672 8.704
16x64,4096x4096,1,adopted,contiguous,0.75,n16k64_wA_n16_t0,16,"[0, 1]",8.768,8.768 8.768 8.768
16x64,4096x4096,1,adopted,real,0.03765869140625,n16k64_wA_n16_t0,16,"[0, 1]",8.640,8.640 8.656 8.656
16x64,4096x4096,1,previous,all,0.0,n16k64_wA_n16_t0,16,"[0, 1]",8.544,8.560 8.543 8.544
16x64,4096x4096,1,previous,all,1.0,n16k64_wA_n16_t0,16,"[0, 1]",8.736,8.832 8.720 8.720
16x64,4096x4096,1,previous,random,0.01,n16k64_wA_n16_t0,16,"[0, 1]",8.576,8.608 8.575 8.576
16x64,4096x4096,1,previous,random,0.02,n16k64_wA_n16_t0,16,"[0, 1]",8.576,8.576 8.544 8.592
16x64,4096x4096,1,previous,random,0.05,n16k64_wA_n16_t0,16,"[0, 1]",8.671,8.640 8.640 8.688
16x64,4096x4096,1,previous,random,0.1,n16k64_wA_n16_t0,16,"[0, 1]",8.608,8.496 8.672 8.624
16x64,4096x4096,1,previous,random,0.25,n16k64_wA_n16_t0,16,"[0, 1]",8.704,8.704 8.720 8.720
16x64,4096x4096,1,previous,random,0.5,n16k64_wA_n16_t0,16,"[0, 1]",8.832,8.768 8.864 8.832
16x64,4096x4096,1,previous,random,0.75,n16k64_wA_n16_t0,16,"[0, 1]",8.896,8.928 8.864 8.848
16x64,4096x4096,1,previous,contiguous,0.01,n16k64_wA_n16_t0,16,"[0, 1]",8.576,8.560 8.575 8.608
16x64,4096x4096,1,previous,contiguous,0.02,n16k64_wA_n16_t0,16,"[0, 1]",8.768,8.768 8.736 8.768
16x64,4096x4096,1,previous,contiguous,0.05,n16k64_wA_n16_t0,16,"[0, 1]",8.704,8.736 8.640 8.688
16x64,4096x4096,1,previous,contiguous,0.1,n16k64_wA_n16_t0,16,"[0, 1]",8.608,8.512 8.656 8.640
16x64,4096x4096,1,previous,contiguous,0.25,n16k64_wA_n16_t0,16,"[0, 1]",8.672,8.624 8.688 8.672
16x64,4096x4096,1,previous,contiguous,0.5,n16k64_wA_n16_t0,16,"[0, 1]",8.704,8.704 8.577 8.736
16x64,4096x4096,1,previous,contiguous,0.75,n16k64_wA_n16_t0,16,"[0, 1]",8.704,8.704 8.704 8.736
16x64,4096x4096,1,previous,real,0.03765869140625,n16k64_wA_n16_t0,16,"[0, 1]",8.609,8.640 8.592 8.656
16x64,4096x4096,1,paper,all,0.0,n16k64_wA_n16,16,"[0, 1]",8.640,8.464 8.640 8.639
16x64,4096x4096,1,paper,all,1.0,n16k64_wA_n16,16,"[0, 1]",8.640,8.672 8.656 8.560
16x64,4096x4096,1,paper,random,0.01,n16k64_wA_n16,16,"[0, 1]",8.624,8.687 8.576 8.560
16x64,4096x4096,1,paper,random,0.02,n16k64_wA_n16,16,"[0, 1]",8.640,8.672 8.671 8.640
16x64,4096x4096,1,paper,random,0.05,n16k64_wA_n16,16,"[0, 1]",8.640,8.672 8.640 8.432
16x64,4096x4096,1,paper,random,0.1,n16k64_wA_n16,16,"[0, 1]",8.464,8.496 8.384 8.576
16x64,4096x4096,1,paper,random,0.25,n16k64_wA_n16,16,"[0, 1]",8.672,8.704 8.640 8.656
16x64,4096x4096,1,paper,random,0.5,n16k64_wA_n16,16,"[0, 1]",8.768,8.752 8.752 8.799
16x64,4096x4096,1,paper,random,0.75,n16k64_wA_n16,16,"[0, 1]",8.687,8.592 8.720 8.672
16x64,4096x4096,1,paper,contiguous,0.01,n16k64_wA_n16,16,"[0, 1]",8.608,8.624 8.561 8.576
16x64,4096x4096,1,paper,contiguous,0.02,n16k64_wA_n16,16,"[0, 1]",8.704,8.704 8.736 8.704
16x64,4096x4096,1,paper,contiguous,0.05,n16k64_wA_n16,16,"[0, 1]",8.672,8.703 8.608 8.672
16x64,4096x4096,1,paper,contiguous,0.1,n16k64_wA_n16,16,"[0, 1]",8.593,8.592 8.512 8.608
16x64,4096x4096,1,paper,contiguous,0.25,n16k64_wA_n16,16,"[0, 1]",8.640,8.624 8.592 8.704
16x64,4096x4096,1,paper,contiguous,0.5,n16k64_wA_n16,16,"[0, 1]",8.624,8.448 8.672 8.624
16x64,4096x4096,1,paper,contiguous,0.75,n16k64_wA_n16,16,"[0, 1]",8.609,8.673 8.464 8.560
16x64,4096x4096,1,paper,real,0.03765869140625,n16k64_wA_n16,16,"[0, 1]",8.640,8.623 8.640 8.608
16x64,4096x4096,1,ceiling,reference,,n16k64_wA_nodisp_n16_t0,16,"[0, 1]",8.512,8.496 8.480 8.543
16x64,4096x4096,1,stock_ko,reference,,stock_wA_n16,16,"[1, 1]",8.416,8.416 8.336 8.432
16x64,4096x4096,1,stock,reference,,stock_wA_n16,16,"[0, 1]",8.463,8.352 8.512 8.464
16x64,4096x4096,16,adopted,all,0.0,n16k64_wA_n16_t0,16,"[0, 1]",8.480,8.448 8.511 8.464
16x64,4096x4096,16,adopted,all,1.0,n16k64_wA_n16_t0,16,"[0, 1]",8.736,8.704 8.752 8.784
16x64,4096x4096,16,adopted,random,0.01,n16k64_wA_n16_t0,16,"[0, 1]",8.560,8.560 8.528 8.576
16x64,4096x4096,16,adopted,random,0.02,n16k64_wA_n16_t0,16,"[0, 1]",8.512,8.512 8.592 8.384
16x64,4096x4096,16,adopted,random,0.05,n16k64_wA_n16_t0,16,"[0, 1]",8.576,8.576 8.576 8.577
16x64,4096x4096,16,adopted,random,0.1,n16k64_wA_n16_t0,16,"[0, 1]",8.640,8.624 8.640 8.624
16x64,4096x4096,16,adopted,random,0.25,n16k64_wA_n16_t0,16,"[0, 1]",8.623,8.560 8.656 8.608
16x64,4096x4096,16,adopted,random,0.5,n16k64_wA_n16_t0,16,"[0, 1]",8.768,8.640 8.800 8.784
16x64,4096x4096,16,adopted,random,0.75,n16k64_wA_n16_t0,16,"[0, 1]",8.832,8.831 8.847 8.864
16x64,4096x4096,16,adopted,contiguous,0.01,n16k64_wA_n16_t0,16,"[0, 1]",8.560,8.608 8.544 8.544
16x64,4096x4096,16,adopted,contiguous,0.02,n16k64_wA_n16_t0,16,"[0, 1]",8.672,8.720 8.736 8.591
16x64,4096x4096,16,adopted,contiguous,0.05,n16k64_wA_n16_t0,16,"[0, 1]",8.640,8.577 8.656 8.656
16x64,4096x4096,16,adopted,contiguous,0.1,n16k64_wA_n16_t0,16,"[0, 1]",8.640,8.671 8.608 8.560
16x64,4096x4096,16,adopted,contiguous,0.25,n16k64_wA_n16_t0,16,"[0, 1]",8.640,8.592 8.672 8.624
16x64,4096x4096,16,adopted,contiguous,0.5,n16k64_wA_n16_t0,16,"[0, 1]",8.704,8.720 8.704 8.688
16x64,4096x4096,16,adopted,contiguous,0.75,n16k64_wA_n16_t0,16,"[0, 1]",8.704,8.688 8.640 8.736
16x64,4096x4096,16,adopted,real,0.03765869140625,n16k64_wA_n16_t0,16,"[0, 1]",8.543,8.543 8.576 8.320
16x64,4096x4096,16,previous,all,0.0,n16k64_wA_n16_t0,16,"[0, 1]",8.480,8.288 8.480 8.480
16x64,4096x4096,16,previous,all,1.0,n16k64_wA_n16_t0,16,"[0, 1]",8.752,8.784 8.592 8.768
16x64,4096x4096,16,previous,random,0.01,n16k64_wA_n16_t0,16,"[0, 1]",8.512,8.496 8.511 8.544
16x64,4096x4096,16,previous,random,0.02,n16k64_wA_n16_t0,16,"[0, 1]",8.544,8.544 8.528 8.545
16x64,4096x4096,16,previous,random,0.05,n16k64_wA_n16_t0,16,"[0, 1]",8.608,8.608 8.480 8.640
16x64,4096x4096,16,previous,random,0.1,n16k64_wA_n16_t0,16,"[0, 1]",8.640,8.640 8.640 8.624
16x64,4096x4096,16,previous,random,0.25,n16k64_wA_n16_t0,16,"[0, 1]",8.672,8.672 8.688 8.656
16x64,4096x4096,16,previous,random,0.5,n16k64_wA_n16_t0,16,"[0, 1]",8.768,8.800 8.767 8.752
16x64,4096x4096,16,previous,random,0.75,n16k64_wA_n16_t0,16,"[0, 1]",8.831,8.863 8.624 8.864
16x64,4096x4096,16,previous,contiguous,0.01,n16k64_wA_n16_t0,16,"[0, 1]",8.544,8.543 8.512 8.544
16x64,4096x4096,16,previous,contiguous,0.02,n16k64_wA_n16_t0,16,"[0, 1]",8.705,8.735 8.656 8.704
16x64,4096x4096,16,previous,contiguous,0.05,n16k64_wA_n16_t0,16,"[0, 1]",8.624,8.640 8.400 8.704
16x64,4096x4096,16,previous,contiguous,0.1,n16k64_wA_n16_t0,16,"[0, 1]",8.607,8.607 8.608 8.577
16x64,4096x4096,16,previous,contiguous,0.25,n16k64_wA_n16_t0,16,"[0, 1]",8.608,8.640 8.688 8.400
16x64,4096x4096,16,previous,contiguous,0.5,n16k64_wA_n16_t0,16,"[0, 1]",8.640,8.720 8.640 8.592
16x64,4096x4096,16,previous,contiguous,0.75,n16k64_wA_n16_t0,16,"[0, 1]",8.704,8.752 8.560 8.688
16x64,4096x4096,16,previous,real,0.03765869140625,n16k64_wA_n16_t0,16,"[0, 1]",8.544,8.559 8.575 8.464
16x64,4096x4096,16,paper,all,0.0,n16k64_wA_n16,16,"[0, 1]",8.576,8.608 8.592 8.560
16x64,4096x4096,16,paper,all,1.0,n16k64_wA_n16,16,"[0, 1]",8.672,8.672 8.672 8.560
16x64,4096x4096,16,paper,random,0.01,n16k64_wA_n16,16,"[0, 1]",8.592,8.592 8.560 8.640
16x64,4096x4096,16,paper,random,0.02,n16k64_wA_n16,16,"[0, 1]",8.608,8.608 8.608 8.576
16x64,4096x4096,16,paper,random,0.05,n16k64_wA_n16,16,"[0, 1]",8.576,8.544 8.608 8.416
16x64,4096x4096,16,paper,random,0.1,n16k64_wA_n16,16,"[0, 1]",8.640,8.608 8.608 8.672
16x64,4096x4096,16,paper,random,0.25,n16k64_wA_n16,16,"[0, 1]",8.608,8.592 8.624 8.608
16x64,4096x4096,16,paper,random,0.5,n16k64_wA_n16,16,"[0, 1]",8.703,8.720 8.704 8.672
16x64,4096x4096,16,paper,random,0.75,n16k64_wA_n16,16,"[0, 1]",8.736,8.768 8.736 8.736
16x64,4096x4096,16,paper,contiguous,0.01,n16k64_wA_n16,16,"[0, 1]",8.576,8.560 8.575 8.576
16x64,4096x4096,16,paper,contiguous,0.02,n16k64_wA_n16,16,"[0, 1]",8.640,8.704 8.624 8.560
16x64,4096x4096,16,paper,contiguous,0.05,n16k64_wA_n16,16,"[0, 1]",8.576,8.576 8.560 8.608
16x64,4096x4096,16,paper,contiguous,0.1,n16k64_wA_n16,16,"[0, 1]",8.592,8.592 8.575 8.592
16x64,4096x4096,16,paper,contiguous,0.25,n16k64_wA_n16,16,"[0, 1]",8.608,8.592 8.608 8.528
16x64,4096x4096,16,paper,contiguous,0.5,n16k64_wA_n16,16,"[0, 1]",8.608,8.624 8.608 8.608
16x64,4096x4096,16,paper,contiguous,0.75,n16k64_wA_n16,16,"[0, 1]",8.656,8.640 8.640 8.672
16x64,4096x4096,16,paper,real,0.03765869140625,n16k64_wA_n16,16,"[0, 1]",8.608,8.592 8.607 8.608
16x64,4096x4096,16,ceiling,reference,,n16k64_wA_nodisp_n16_t0,16,"[0, 1]",8.448,8.480 8.448 8.448
16x64,4096x4096,16,stock_ko,reference,,stock_wA_n16,16,"[1, 1]",8.352,8.208 8.368 8.383
16x64,4096x4096,16,stock,reference,,stock_wA_n16,16,"[0, 1]",8.480,8.480 8.480 8.512
16x64,4096x4096,128,adopted,all,0.0,n16k64_wA_n32_t0,32,"[1, 1]",10.368,10.368 10.383 10.352
16x64,4096x4096,128,adopted,all,1.0,n16k64_wA_n32_t0,32,"[1, 1]",10.720,10.720 10.688 10.751
16x64,4096x4096,128,adopted,random,0.01,n16k64_wA_n32_t0,32,"[1, 1]",10.400,10.369 10.416 10.416
16x64,4096x4096,128,adopted,random,0.02,n16k64_wA_n32_t0,32,"[1, 1]",10.432,10.448 10.432 10.463
16x64,4096x4096,128,adopted,random,0.05,n16k64_wA_n32_t0,32,"[1, 1]",10.496,10.464 10.496 10.512
16x64,4096x4096,128,adopted,random,0.1,n16k64_wA_n32_t0,32,"[1, 1]",10.560,10.528 10.544 10.560
16x64,4096x4096,128,adopted,random,0.25,n16k64_wA_n32_t0,32,"[1, 1]",10.656,10.655 10.656 10.624
16x64,4096x4096,128,adopted,random,0.5,n16k64_wA_n32_t0,32,"[1, 1]",10.720,10.752 10.720 10.720
16x64,4096x4096,128,adopted,random,0.75,n16k64_wA_n32_t0,32,"[1, 1]",10.768,10.784 10.736 10.768
16x64,4096x4096,128,adopted,contiguous,0.01,n16k64_wA_n32_t0,32,"[1, 1]",10.431,10.400 10.432 10.431
16x64,4096x4096,128,adopted,contiguous,0.02,n16k64_wA_n32_t0,32,"[1, 1]",10.496,10.512 10.496 10.496
16x64,4096x4096,128,adopted,contiguous,0.05,n16k64_wA_n32_t0,32,"[1, 1]",10.559,10.528 10.528 10.592
16x64,4096x4096,128,adopted,contiguous,0.1,n16k64_wA_n32_t0,32,"[1, 1]",10.592,10.592 10.591 10.592
16x64,4096x4096,128,adopted,contiguous,0.25,n16k64_wA_n32_t0,32,"[1, 1]",10.624,10.625 10.624 10.608
16x64,4096x4096,128,adopted,contiguous,0.5,n16k64_wA_n32_t0,32,"[1, 1]",10.688,10.688 10.687 10.688
16x64,4096x4096,128,adopted,contiguous,0.75,n16k64_wA_n32_t0,32,"[1, 1]",10.688,10.656 10.704 10.720
16x64,4096x4096,128,adopted,real,0.03765869140625,n16k64_wA_n32_t0,32,"[1, 1]",10.495,10.496 10.479 10.480
16x64,4096x4096,128,previous,all,0.0,n16k64_wA_n32_t0,32,"[1, 1]",10.368,10.400 10.336 10.400
16x64,4096x4096,128,previous,all,1.0,n16k64_wA_n32_t0,32,"[1, 1]",10.720,10.720 10.752 10.720
16x64,4096x4096,128,previous,random,0.01,n16k64_wA_n32_t0,32,"[1, 1]",10.400,10.431 10.384 10.400
16x64,4096x4096,128,previous,random,0.02,n16k64_wA_n32_t0,32,"[1, 1]",10.432,10.432 10.447 10.432
16x64,4096x4096,128,previous,random,0.05,n16k64_wA_n32_t0,32,"[1, 1]",10.528,10.527 10.528 10.544
16x64,4096x4096,128,previous,random,0.1,n16k64_wA_n32_t0,32,"[1, 1]",10.560,10.559 10.560 10.560
16x64,4096x4096,128,previous,random,0.25,n16k64_wA_n32_t0,32,"[1, 1]",10.624,10.608 10.656 10.640
16x64,4096x4096,128,previous,random,0.5,n16k64_wA_n32_t0,32,"[1, 1]",10.720,10.720 10.751 10.704
16x64,4096x4096,128,previous,random,0.75,n16k64_wA_n32_t0,32,"[1, 1]",10.752,10.753 10.752 10.752
16x64,4096x4096,128,previous,contiguous,0.01,n16k64_wA_n32_t0,32,"[1, 1]",10.368,10.416 10.384 10.336
16x64,4096x4096,128,previous,contiguous,0.02,n16k64_wA_n32_t0,32,"[1, 1]",10.432,10.416 10.432 10.416
16x64,4096x4096,128,previous,contiguous,0.05,n16k64_wA_n32_t0,32,"[1, 1]",10.432,10.416 10.464 10.463
16x64,4096x4096,128,previous,contiguous,0.1,n16k64_wA_n32_t0,32,"[1, 1]",10.592,10.624 10.560 10.576
16x64,4096x4096,128,previous,contiguous,0.25,n16k64_wA_n32_t0,32,"[1, 1]",10.608,10.576 10.592 10.624
16x64,4096x4096,128,previous,contiguous,0.5,n16k64_wA_n32_t0,32,"[1, 1]",10.688,10.688 10.720 10.688
16x64,4096x4096,128,previous,contiguous,0.75,n16k64_wA_n32_t0,32,"[1, 1]",10.720,10.720 10.720 10.720
16x64,4096x4096,128,previous,real,0.03765869140625,n16k64_wA_n32_t0,32,"[1, 1]",10.464,10.464 10.464 10.464
16x64,4096x4096,128,paper,all,0.0,n16k64_wA_n32,32,"[0, 1]",10.848,10.832 10.848 10.848
16x64,4096x4096,128,paper,all,1.0,n16k64_wA_n32,32,"[0, 1]",10.912,10.913 10.880 10.944
16x64,4096x4096,128,paper,random,0.01,n16k64_wA_n32,32,"[0, 1]",10.848,10.816 10.848 10.848
16x64,4096x4096,128,paper,random,0.02,n16k64_wA_n32,32,"[0, 1]",10.832,10.784 10.847 10.832
16x64,4096x4096,128,paper,random,0.05,n16k64_wA_n32,32,"[0, 1]",10.848,10.848 10.848 10.848
16x64,4096x4096,128,paper,random,0.1,n16k64_wA_n32,32,"[0, 1]",10.912,10.848 10.896 10.928
16x64,4096x4096,128,paper,random,0.25,n16k64_wA_n32,32,"[0, 1]",10.912,10.912 10.912 10.880
16x64,4096x4096,128,paper,random,0.5,n16k64_wA_n32,32,"[0, 1]",11.008,10.976 11.008 11.008
16x64,4096x4096,128,paper,random,0.75,n16k64_wA_n32,32,"[0, 1]",11.009,11.008 11.040 11.008
16x64,4096x4096,128,paper,contiguous,0.01,n16k64_wA_n32,32,"[0, 1]",10.863,10.848 10.880 10.848
16x64,4096x4096,128,paper,contiguous,0.02,n16k64_wA_n32,32,"[0, 1]",10.848,10.880 10.848 10.848
16x64,4096x4096,128,paper,contiguous,0.05,n16k64_wA_n32,32,"[0, 1]",10.879,10.880 10.880 10.848
16x64,4096x4096,128,paper,contiguous,0.1,n16k64_wA_n32,32,"[0, 1]",10.848,10.848 10.816 10.864
16x64,4096x4096,128,paper,contiguous,0.25,n16k64_wA_n32,32,"[0, 1]",10.816,10.816 10.800 10.832
16x64,4096x4096,128,paper,contiguous,0.5,n16k64_wA_n32,32,"[0, 1]",10.912,10.912 10.912 10.911
16x64,4096x4096,128,paper,contiguous,0.75,n16k64_wA_n32,32,"[0, 1]",10.912,10.912 10.848 10.912
16x64,4096x4096,128,paper,real,0.03765869140625,n16k64_wA_n32,32,"[0, 1]",10.849,10.848 10.879 10.864
16x64,4096x4096,128,ceiling,reference,,n16k64_wA_nodisp_n32_t0,32,"[1, 1]",10.304,10.288 10.304 10.304
16x64,4096x4096,128,stock_ko,reference,,stock_wA_n64,64,"[1, 1]",9.744,9.744 9.695 9.760
16x64,4096x4096,128,stock,reference,,stock_wA_n64,64,"[0, 1]",9.792,9.808 9.887 9.728
16x64,4096x4096,512,adopted,all,0.0,n16k64_wA_e64_t0,128,"[0, 1]",16.336,16.336 16.320 16.352
16x64,4096x4096,512,adopted,all,1.0,n16k64_wA_e64_t0,128,"[0, 1]",17.888,17.856 17.936 17.872
16x64,4096x4096,512,adopted,random,0.01,n16k64_wA_e64_t0,128,"[0, 1]",16.384,16.352 16.400 16.415
16x64,4096x4096,512,adopted,random,0.02,n16k64_wA_e64_t0,128,"[0, 1]",16.544,16.560 16.544 16.544
16x64,4096x4096,512,adopted,random,0.05,n16k64_wA_e64_t0,128,"[0, 1]",16.576,16.575 16.592 16.592
16x64,4096x4096,512,adopted,random,0.1,n16k64_wA_e64_t0,128,"[0, 1]",16.768,16.736 16.800 16.768
16x64,4096x4096,512,adopted,random,0.25,n16k64_wA_e64_t0,128,"[0, 1]",17.791,17.792 17.760 17.807
16x64,4096x4096,512,adopted,random,0.5,n16k64_wA_e64_t0,128,"[0, 1]",18.176,18.177 18.144 18.176
16x64,4096x4096,512,adopted,random,0.75,n16k64_wA_e64_t0,128,"[0, 1]",18.112,18.095 18.112 18.112
16x64,4096x4096,512,adopted,contiguous,0.01,n16k64_wA_e64_t0,128,"[0, 1]",19.024,19.039 19.024 19.008
16x64,4096x4096,512,adopted,contiguous,0.02,n16k64_wA_e64_t0,128,"[0, 1]",18.688,18.688 18.704 18.719
16x64,4096x4096,512,adopted,contiguous,0.05,n16k64_wA_e64_t0,128,"[0, 1]",18.768,18.752 18.752 18.784
16x64,4096x4096,512,adopted,contiguous,0.1,n16k64_wA_e64_t0,128,"[0, 1]",19.072,19.088 19.056 19.103
16x64,4096x4096,512,adopted,contiguous,0.25,n16k64_wA_e64_t0,128,"[0, 1]",17.888,17.856 17.888 17.952
16x64,4096x4096,512,adopted,contiguous,0.5,n16k64_wA_e64_t0,128,"[0, 1]",17.856,17.856 17.856 17.856
16x64,4096x4096,512,adopted,contiguous,0.75,n16k64_wA_e64_t0,128,"[0, 1]",17.888,17.888 17.920 17.888
16x64,4096x4096,512,adopted,real,0.03765869140625,n16k64_wA_e64_t0,128,"[0, 1]",16.544,16.544 16.575 16.528
16x64,4096x4096,512,previous,all,0.0,n16k64_wA_e64_t0,128,"[0, 1]",16.447,16.448 16.447 16.432
16x64,4096x4096,512,previous,all,1.0,n16k64_wA_e64_t0,128,"[0, 1]",17.504,17.455 17.520 17.520
16x64,4096x4096,512,previous,random,0.01,n16k64_wA_e64_t0,128,"[0, 1]",16.448,16.447 16.448 16.448
16x64,4096x4096,512,previous,random,0.02,n16k64_wA_e64_t0,128,"[0, 1]",16.544,16.592 16.544 16.575
16x64,4096x4096,512,previous,random,0.05,n16k64_wA_e64_t0,128,"[0, 1]",16.640,16.640 16.639 16.657
16x64,4096x4096,512,previous,random,0.1,n16k64_wA_e64_t0,128,"[0, 1]",16.960,16.943 16.960 16.992
16x64,4096x4096,512,previous,random,0.25,n16k64_wA_e64_t0,128,"[0, 1]",18.080,18.048 18.112 18.112
16x64,4096x4096,512,previous,random,0.5,n16k64_wA_e64_t0,128,"[0, 1]",18.912,18.912 18.912 18.912
16x64,4096x4096,512,previous,random,0.75,n16k64_wA_e64_t0,128,"[0, 1]",18.880,18.880 18.880 18.880
16x64,4096x4096,512,previous,contiguous,0.01,n16k64_wA_e64_t0,128,"[0, 1]",19.344,19.360 19.312 19.344
16x64,4096x4096,512,previous,contiguous,0.02,n16k64_wA_e64_t0,128,"[0, 1]",19.168,19.136 19.167 19.200
16x64,4096x4096,512,previous,contiguous,0.05,n16k64_wA_e64_t0,128,"[0, 1]",19.136,19.151 19.136 19.136
16x64,4096x4096,512,previous,contiguous,0.1,n16k64_wA_e64_t0,128,"[0, 1]",19.488,19.488 19.488 19.535
16x64,4096x4096,512,previous,contiguous,0.25,n16k64_wA_e64_t0,128,"[0, 1]",17.440,17.440 17.440 17.472
16x64,4096x4096,512,previous,contiguous,0.5,n16k64_wA_e64_t0,128,"[0, 1]",17.504,17.488 17.488 17.504
16x64,4096x4096,512,previous,contiguous,0.75,n16k64_wA_e64_t0,128,"[0, 1]",17.503,17.473 17.504 17.520
16x64,4096x4096,512,previous,real,0.03765869140625,n16k64_wA_e64_t0,128,"[0, 1]",16.608,16.608 16.592 16.592
16x64,4096x4096,512,paper,all,0.0,n16k64_wA,128,"[0, 1]",16.959,16.976 16.944 16.928
16x64,4096x4096,512,paper,all,1.0,n16k64_wA,128,"[0, 1]",18.528,18.528 18.528 18.575
16x64,4096x4096,512,paper,random,0.01,n16k64_wA,128,"[0, 1]",16.960,16.992 16.944 16.944
16x64,4096x4096,512,paper,random,0.02,n16k64_wA,128,"[0, 1]",17.088,17.088 17.056 17.119
16x64,4096x4096,512,paper,random,0.05,n16k64_wA,128,"[0, 1]",17.119,17.088 17.104 17.120
16x64,4096x4096,512,paper,random,0.1,n16k64_wA,128,"[0, 1]",17.215,17.216 17.200 17.200
16x64,4096x4096,512,paper,random,0.25,n16k64_wA,128,"[0, 1]",17.600,17.584 17.631 17.600
16x64,4096x4096,512,paper,random,0.5,n16k64_wA,128,"[0, 1]",18.048,18.048 18.032 18.048
16x64,4096x4096,512,paper,random,0.75,n16k64_wA,128,"[0, 1]",18.304,18.336 18.303 18.256
16x64,4096x4096,512,paper,contiguous,0.01,n16k64_wA,128,"[0, 1]",17.648,17.712 17.631 17.583
16x64,4096x4096,512,paper,contiguous,0.02,n16k64_wA,128,"[0, 1]",18.432,18.463 18.400 18.463
16x64,4096x4096,512,paper,contiguous,0.05,n16k64_wA,128,"[0, 1]",18.400,18.431 18.400 18.416
16x64,4096x4096,512,paper,contiguous,0.1,n16k64_wA,128,"[0, 1]",18.432,18.432 18.464 18.432
16x64,4096x4096,512,paper,contiguous,0.25,n16k64_wA,128,"[0, 1]",18.560,18.559 18.559 18.560
16x64,4096x4096,512,paper,contiguous,0.5,n16k64_wA,128,"[0, 1]",18.561,18.560 18.545 18.591
16x64,4096x4096,512,paper,contiguous,0.75,n16k64_wA,128,"[0, 1]",18.528,18.560 18.496 18.560
16x64,4096x4096,512,paper,real,0.03765869140625,n16k64_wA,128,"[0, 1]",17.104,17.088 17.136 17.088
16x64,4096x4096,512,ceiling,reference,,n16k64_wA_nodisp_e64_t0,128,"[0, 1]",16.448,16.432 16.480 16.416
16x64,4096x4096,512,stock_ko,reference,,stock_wA_e64,128,"[0, 1]",16.464,16.448 16.479 16.432
16x64,4096x4096,512,stock,reference,,stock_wA,128,"[0, 1]",16.576,16.576 16.576 16.576
16x64,4096x4096,2048,adopted,all,0.0,n16k64_wA_e64_t0,128,"[0, 1]",54.159,54.784 54.063 53.712
16x64,4096x4096,2048,adopted,all,1.0,n16k64_wA_e64_t0,128,"[0, 1]",56.128,56.528 55.936 55.856
16x64,4096x4096,2048,adopted,random,0.01,n16k64_wA_e64_t0,128,"[0, 1]",54.144,54.735 54.064 53.872
16x64,4096x4096,2048,adopted,random,0.02,n16k64_wA_e64_t0,128,"[0, 1]",54.176,54.816 53.839 53.903
16x64,4096x4096,2048,adopted,random,0.05,n16k64_wA_e64_t0,128,"[0, 1]",54.464,55.039 54.160 54.224
16x64,4096x4096,2048,adopted,random,0.1,n16k64_wA_e64_t0,128,"[0, 1]",54.687,55.296 54.288 54.544
16x64,4096x4096,2048,adopted,random,0.25,n16k64_wA_e64_t0,128,"[0, 1]",54.543,55.200 54.448 54.367
16x64,4096x4096,2048,adopted,random,0.5,n16k64_wA_e64_t0,128,"[0, 1]",56.704,57.199 56.415 56.560
16x64,4096x4096,2048,adopted,random,0.75,n16k64_wA_e64_t0,128,"[0, 1]",56.688,57.120 56.447 56.320
16x64,4096x4096,2048,adopted,contiguous,0.01,n16k64_wA_e64_t0,128,"[0, 1]",53.599,54.255 53.376 53.440
16x64,4096x4096,2048,adopted,contiguous,0.02,n16k64_wA_e64_t0,128,"[0, 1]",53.712,54.383 53.343 53.504
16x64,4096x4096,2048,adopted,contiguous,0.05,n16k64_wA_e64_t0,128,"[0, 1]",53.759,54.528 53.695 53.535
16x64,4096x4096,2048,adopted,contiguous,0.1,n16k64_wA_e64_t0,128,"[0, 1]",53.856,54.640 53.552 53.600
16x64,4096x4096,2048,adopted,contiguous,0.25,n16k64_wA_e64_t0,128,"[0, 1]",54.432,55.200 54.271 54.224
16x64,4096x4096,2048,adopted,contiguous,0.5,n16k64_wA_e64_t0,128,"[0, 1]",54.176,54.719 53.807 53.952
16x64,4096x4096,2048,adopted,contiguous,0.75,n16k64_wA_e64_t0,128,"[0, 1]",54.079,54.656 53.823 53.840
16x64,4096x4096,2048,adopted,real,0.03765869140625,n16k64_wA_e64_t0,128,"[0, 1]",54.368,54.943 54.063 54.032
16x64,4096x4096,2048,previous,all,0.0,n16k64_wA_e64_t0,128,"[0, 1]",54.576,55.056 54.160 54.272
16x64,4096x4096,2048,previous,all,1.0,n16k64_wA_e64_t0,128,"[0, 1]",55.599,55.760 55.872 54.896
16x64,4096x4096,2048,previous,random,0.01,n16k64_wA_e64_t0,128,"[0, 1]",54.848,54.976 55.263 54.335
16x64,4096x4096,2048,previous,random,0.02,n16k64_wA_e64_t0,128,"[0, 1]",55.039,55.455 55.503 54.640
16x64,4096x4096,2048,previous,random,0.05,n16k64_wA_e64_t0,128,"[0, 1]",55.312,55.584 55.504 54.736
16x64,4096x4096,2048,previous,random,0.1,n16k64_wA_e64_t0,128,"[0, 1]",55.696,55.952 56.031 54.959
16x64,4096x4096,2048,previous,random,0.25,n16k64_wA_e64_t0,128,"[0, 1]",56.688,56.752 56.975 56.016
16x64,4096x4096,2048,previous,random,0.5,n16k64_wA_e64_t0,128,"[0, 1]",59.648,59.983 59.728 58.751
16x64,4096x4096,2048,previous,random,0.75,n16k64_wA_e64_t0,128,"[0, 1]",59.392,59.647 59.567 58.656
16x64,4096x4096,2048,previous,contiguous,0.01,n16k64_wA_e64_t0,128,"[0, 1]",54.607,55.071 54.656 53.967
16x64,4096x4096,2048,previous,contiguous,0.02,n16k64_wA_e64_t0,128,"[0, 1]",54.655,54.751 54.944 54.048
16x64,4096x4096,2048,previous,contiguous,0.05,n16k64_wA_e64_t0,128,"[0, 1]",54.528,54.703 54.863 53.999
16x64,4096x4096,2048,previous,contiguous,0.1,n16k64_wA_e64_t0,128,"[0, 1]",54.703,54.751 55.040 54.208
16x64,4096x4096,2048,previous,contiguous,0.25,n16k64_wA_e64_t0,128,"[0, 1]",55.040,55.007 55.295 54.656
16x64,4096x4096,2048,previous,contiguous,0.5,n16k64_wA_e64_t0,128,"[0, 1]",55.856,55.391 56.383 55.760
16x64,4096x4096,2048,previous,contiguous,0.75,n16k64_wA_e64_t0,128,"[0, 1]",54.128,54.639 54.368 53.568
16x64,4096x4096,2048,previous,real,0.03765869140625,n16k64_wA_e64_t0,128,"[0, 1]",55.359,55.936 55.391 54.688
16x64,4096x4096,2048,paper,all,0.0,n16k64_wA,128,"[0, 1]",56.335,56.959 56.656 56.063
16x64,4096x4096,2048,paper,all,1.0,n16k64_wA,128,"[0, 1]",59.071,59.615 59.088 57.792
16x64,4096x4096,2048,paper,random,0.01,n16k64_wA,128,"[0, 1]",56.671,57.871 56.751 56.191
16x64,4096x4096,2048,paper,random,0.02,n16k64_wA,128,"[0, 1]",56.896,58.207 56.975 56.031
16x64,4096x4096,2048,paper,random,0.05,n16k64_wA,128,"[0, 1]",56.863,58.048 57.024 56.384
16x64,4096x4096,2048,paper,random,0.1,n16k64_wA,128,"[0, 1]",56.831,57.488 57.248 56.495
16x64,4096x4096,2048,paper,random,0.25,n16k64_wA,128,"[0, 1]",56.288,56.560 56.544 55.600
16x64,4096x4096,2048,paper,random,0.5,n16k64_wA,128,"[0, 1]",57.440,57.647 57.519 56.991
16x64,4096x4096,2048,paper,random,0.75,n16k64_wA,128,"[0, 1]",58.336,58.479 58.640 57.551
16x64,4096x4096,2048,paper,contiguous,0.01,n16k64_wA,128,"[0, 1]",56.383,56.544 56.688 56.096
16x64,4096x4096,2048,paper,contiguous,0.02,n16k64_wA,128,"[0, 1]",56.336,56.608 56.671 55.855
16x64,4096x4096,2048,paper,contiguous,0.05,n16k64_wA,128,"[0, 1]",56.128,56.528 56.496 55.632
16x64,4096x4096,2048,paper,contiguous,0.1,n16k64_wA,128,"[0, 1]",56.527,56.816 56.832 56.303
16x64,4096x4096,2048,paper,contiguous,0.25,n16k64_wA,128,"[0, 1]",57.263,57.408 57.376 56.591
16x64,4096x4096,2048,paper,contiguous,0.5,n16k64_wA,128,"[0, 1]",56.832,57.216 57.072 56.144
16x64,4096x4096,2048,paper,contiguous,0.75,n16k64_wA,128,"[0, 1]",57.760,58.047 57.904 56.928
16x64,4096x4096,2048,paper,real,0.03765869140625,n16k64_wA,128,"[0, 1]",56.575,57.136 56.623 56.159
16x64,4096x4096,2048,ceiling,reference,,n16k64_wA_nodisp_e64_t0,128,"[0, 1]",53.343,53.536 53.728 52.832
16x64,4096x4096,2048,stock_ko,reference,,stock_wA_e64,128,"[0, 1]",50.736,50.928 50.943 50.208
16x64,4096x4096,2048,stock,reference,,stock_wA,128,"[0, 1]",51.199,51.504 51.247 50.720
16x64,4096x4096,8192,adopted,all,0.0,n16k64_wA_e64_t0,128,"[0, 1]",215.390,214.735 215.374 216.334
16x64,4096x4096,8192,adopted,all,1.0,n16k64_wA_e64_t0,128,"[0, 1]",226.654,225.342 226.270 227.790
16x64,4096x4096,8192,adopted,random,0.01,n16k64_wA_e64_t0,128,"[0, 1]",215.119,214.302 214.654 216.574
16x64,4096x4096,8192,adopted,random,0.02,n16k64_wA_e64_t0,128,"[0, 1]",215.118,214.446 214.702 216.670
16x64,4096x4096,8192,adopted,random,0.05,n16k64_wA_e64_t0,128,"[0, 1]",215.822,215.279 215.486 217.790
16x64,4096x4096,8192,adopted,random,0.1,n16k64_wA_e64_t0,128,"[0, 1]",217.277,216.750 216.671 218.878
16x64,4096x4096,8192,adopted,random,0.25,n16k64_wA_e64_t0,128,"[0, 1]",223.342,222.862 223.006 225.102
16x64,4096x4096,8192,adopted,random,0.5,n16k64_wA_e64_t0,128,"[0, 1]",227.806,226.942 227.374 229.806
16x64,4096x4096,8192,adopted,random,0.75,n16k64_wA_e64_t0,128,"[0, 1]",227.934,227.150 227.214 229.599
16x64,4096x4096,8192,adopted,contiguous,0.01,n16k64_wA_e64_t0,128,"[0, 1]",218.670,217.646 218.111 220.142
16x64,4096x4096,8192,adopted,contiguous,0.02,n16k64_wA_e64_t0,128,"[0, 1]",218.063,217.502 217.646 219.902
16x64,4096x4096,8192,adopted,contiguous,0.05,n16k64_wA_e64_t0,128,"[0, 1]",219.039,218.286 218.830 220.718
16x64,4096x4096,8192,adopted,contiguous,0.1,n16k64_wA_e64_t0,128,"[0, 1]",220.511,220.142 219.262 221.342
16x64,4096x4096,8192,adopted,contiguous,0.25,n16k64_wA_e64_t0,128,"[0, 1]",220.430,220.031 219.295 221.534
16x64,4096x4096,8192,adopted,contiguous,0.5,n16k64_wA_e64_t0,128,"[0, 1]",223.806,222.622 223.438 225.342
16x64,4096x4096,8192,adopted,contiguous,0.75,n16k64_wA_e64_t0,128,"[0, 1]",225.502,224.895 224.943 227.118
16x64,4096x4096,8192,adopted,real,0.03765869140625,n16k64_wA_e64_t0,128,"[0, 1]",215.599,214.686 215.199 217.134
16x64,4096x4096,8192,previous,all,0.0,n16k64_wA_e64_t0,128,"[0, 1]",216.271,215.231 215.822 217.822
16x64,4096x4096,8192,previous,all,1.0,n16k64_wA_e64_t0,128,"[0, 1]",226.767,225.021 227.758 226.799
16x64,4096x4096,8192,previous,random,0.01,n16k64_wA_e64_t0,128,"[0, 1]",217.822,216.062 218.591 218.222
16x64,4096x4096,8192,previous,random,0.02,n16k64_wA_e64_t0,128,"[0, 1]",218.174,216.414 218.654 218.575
16x64,4096x4096,8192,previous,random,0.05,n16k64_wA_e64_t0,128,"[0, 1]",219.038,216.958 219.567 219.310
16x64,4096x4096,8192,previous,random,0.1,n16k64_wA_e64_t0,128,"[0, 1]",220.639,218.623 221.406 220.910
16x64,4096x4096,8192,previous,random,0.25,n16k64_wA_e64_t0,128,"[0, 1]",228.126,226.575 228.878 228.270
16x64,4096x4096,8192,previous,random,0.5,n16k64_wA_e64_t0,128,"[0, 1]",234.334,232.669 234.878 234.703
16x64,4096x4096,8192,previous,random,0.75,n16k64_wA_e64_t0,128,"[0, 1]",235.214,233.230 235.438 235.597
16x64,4096x4096,8192,previous,contiguous,0.01,n16k64_wA_e64_t0,128,"[0, 1]",222.383,220.894 222.959 223.022
16x64,4096x4096,8192,previous,contiguous,0.02,n16k64_wA_e64_t0,128,"[0, 1]",221.951,220.526 222.286 223.342
16x64,4096x4096,8192,previous,contiguous,0.05,n16k64_wA_e64_t0,128,"[0, 1]",222.367,220.670 222.862 222.767
16x64,4096x4096,8192,previous,contiguous,0.1,n16k64_wA_e64_t0,128,"[0, 1]",223.486,223.102 224.126 223.262
16x64,4096x4096,8192,previous,contiguous,0.25,n16k64_wA_e64_t0,128,"[0, 1]",221.151,219.199 221.647 221.615
16x64,4096x4096,8192,previous,contiguous,0.5,n16k64_wA_e64_t0,128,"[0, 1]",223.758,221.854 224.815 224.207
16x64,4096x4096,8192,previous,contiguous,0.75,n16k64_wA_e64_t0,128,"[0, 1]",226.014,224.110 226.350 226.366
16x64,4096x4096,8192,previous,real,0.03765869140625,n16k64_wA_e64_t0,128,"[0, 1]",218.078,216.143 218.287 218.799
16x64,4096x4096,8192,paper,all,0.0,n16k64_wA,128,"[0, 1]",222.799,220.991 223.359 223.614
16x64,4096x4096,8192,paper,all,1.0,n16k64_wA,128,"[0, 1]",233.182,231.183 233.582 233.663
16x64,4096x4096,8192,paper,random,0.01,n16k64_wA,128,"[0, 1]",221.790,221.566 223.807 221.246
16x64,4096x4096,8192,paper,random,0.02,n16k64_wA,128,"[0, 1]",222.159,221.534 224.015 221.502
16x64,4096x4096,8192,paper,random,0.05,n16k64_wA,128,"[0, 1]",222.606,222.063 224.495 222.014
16x64,4096x4096,8192,paper,random,0.1,n16k64_wA,128,"[0, 1]",223.039,222.382 225.966 222.287
16x64,4096x4096,8192,paper,random,0.25,n16k64_wA,128,"[0, 1]",226.734,225.998 228.190 226.334
16x64,4096x4096,8192,paper,random,0.5,n16k64_wA,128,"[0, 1]",229.661,229.502 230.926 229.086
16x64,4096x4096,8192,paper,random,0.75,n16k64_wA,128,"[0, 1]",231.230,230.878 232.830 230.430
16x64,4096x4096,8192,paper,contiguous,0.01,n16k64_wA,128,"[0, 1]",222.158,221.486 223.678 221.838
16x64,4096x4096,8192,paper,contiguous,0.02,n16k64_wA,128,"[0, 1]",223.758,223.822 224.702 222.990
16x64,4096x4096,8192,paper,contiguous,0.05,n16k64_wA,128,"[0, 1]",224.351,223.695 226.638 223.822
16x64,4096x4096,8192,paper,contiguous,0.1,n16k64_wA,128,"[0, 1]",225.102,224.254 227.342 224.846
16x64,4096x4096,8192,paper,contiguous,0.25,n16k64_wA,128,"[0, 1]",228.749,226.750 229.054 229.294
16x64,4096x4096,8192,paper,contiguous,0.5,n16k64_wA,128,"[0, 1]",231.150,229.246 231.758 232.079
16x64,4096x4096,8192,paper,contiguous,0.75,n16k64_wA,128,"[0, 1]",233.101,231.230 233.358 233.710
16x64,4096x4096,8192,paper,real,0.03765869140625,n16k64_wA,128,"[0, 1]",223.678,221.966 223.983 224.334
16x64,4096x4096,8192,ceiling,reference,,n16k64_wA_nodisp_e64_t0,128,"[0, 1]",213.998,212.606 214.062 215.039
16x64,4096x4096,8192,stock_ko,reference,,stock_wA_e64,128,"[0, 1]",213.598,211.598 214.126 215.006
16x64,4096x4096,8192,stock,reference,,stock_wA,128,"[0, 1]",216.366,216.463 215.583 217.134
16x64,14336x4096,1,adopted,all,0.0,n16k64_wA_n16_t0,16,"[0, 1]",22.591,22.640 22.527 22.592
16x64,14336x4096,1,adopted,all,1.0,n16k64_wA_n16_t0,16,"[0, 1]",22.704,22.704 22.704 22.720
16x64,14336x4096,1,adopted,random,0.01,n16k64_wA_n16_t0,16,"[0, 1]",22.560,22.656 22.560 22.528
16x64,14336x4096,1,adopted,random,0.02,n16k64_wA_n16_t0,16,"[0, 1]",22.559,22.608 22.576 22.496
16x64,14336x4096,1,adopted,random,0.05,n16k64_wA_n16_t0,16,"[0, 1]",22.560,22.640 22.560 22.528
16x64,14336x4096,1,adopted,random,0.1,n16k64_wA_n16_t0,16,"[0, 1]",22.592,22.688 22.559 22.592
16x64,14336x4096,1,adopted,random,0.25,n16k64_wA_n16_t0,16,"[0, 1]",22.655,22.720 22.592 22.671
16x64,14336x4096,1,adopted,random,0.5,n16k64_wA_n16_t0,16,"[0, 1]",22.624,22.720 22.655 22.592
16x64,14336x4096,1,adopted,random,0.75,n16k64_wA_n16_t0,16,"[0, 1]",22.720,22.815 22.704 22.640
16x64,14336x4096,1,adopted,contiguous,0.01,n16k64_wA_n16_t0,16,"[0, 1]",22.592,22.640 22.560 22.560
16x64,14336x4096,1,adopted,contiguous,0.02,n16k64_wA_n16_t0,16,"[0, 1]",22.560,22.624 22.559 22.560
16x64,14336x4096,1,adopted,contiguous,0.05,n16k64_wA_n16_t0,16,"[0, 1]",22.560,22.624 22.560 22.544
16x64,14336x4096,1,adopted,contiguous,0.1,n16k64_wA_n16_t0,16,"[0, 1]",22.592,22.640 22.560 22.544
16x64,14336x4096,1,adopted,contiguous,0.25,n16k64_wA_n16_t0,16,"[0, 1]",22.592,22.592 22.608 22.623
16x64,14336x4096,1,adopted,contiguous,0.5,n16k64_wA_n16_t0,16,"[0, 1]",22.624,22.688 22.608 22.592
16x64,14336x4096,1,adopted,contiguous,0.75,n16k64_wA_n16_t0,16,"[0, 1]",22.688,22.720 22.688 22.655
16x64,14336x4096,1,adopted,real,0.02103097178041935,n16k64_wA_n16_t0,16,"[0, 1]",22.576,22.591 22.591 22.544
16x64,14336x4096,1,previous,all,0.0,n16k64_wA_n16_t0,16,"[0, 1]",22.528,22.528 22.528 22.560
16x64,14336x4096,1,previous,all,1.0,n16k64_wA_n16_t0,16,"[0, 1]",22.624,22.624 22.624 22.703
16x64,14336x4096,1,previous,random,0.01,n16k64_wA_n16_t0,16,"[0, 1]",22.559,22.560 22.528 22.559
16x64,14336x4096,1,previous,random,0.02,n16k64_wA_n16_t0,16,"[0, 1]",22.591,22.672 22.560 22.576
16x64,14336x4096,1,previous,random,0.05,n16k64_wA_n16_t0,16,"[0, 1]",22.559,22.575 22.528 22.560
16x64,14336x4096,1,previous,random,0.1,n16k64_wA_n16_t0,16,"[0, 1]",22.592,22.592 22.592 22.592
16x64,14336x4096,1,previous,random,0.25,n16k64_wA_n16_t0,16,"[0, 1]",22.655,22.608 22.704 22.640
16x64,14336x4096,1,previous,random,0.5,n16k64_wA_n16_t0,16,"[0, 1]",22.656,22.656 22.624 22.656
16x64,14336x4096,1,previous,random,0.75,n16k64_wA_n16_t0,16,"[0, 1]",22.656,22.640 22.640 22.688
16x64,14336x4096,1,previous,contiguous,0.01,n16k64_wA_n16_t0,16,"[0, 1]",22.560,22.543 22.560 22.592
16x64,14336x4096,1,previous,contiguous,0.02,n16k64_wA_n16_t0,16,"[0, 1]",22.560,22.528 22.560 22.560
16x64,14336x4096,1,previous,contiguous,0.05,n16k64_wA_n16_t0,16,"[0, 1]",22.560,22.544 22.592 22.528
16x64,14336x4096,1,previous,contiguous,0.1,n16k64_wA_n16_t0,16,"[0, 1]",22.528,22.528 22.527 22.528
16x64,14336x4096,1,previous,contiguous,0.25,n16k64_wA_n16_t0,16,"[0, 1]",22.624,22.639 22.608 22.624
16x64,14336x4096,1,previous,contiguous,0.5,n16k64_wA_n16_t0,16,"[0, 1]",22.624,22.688 22.624 22.608
16x64,14336x4096,1,previous,contiguous,0.75,n16k64_wA_n16_t0,16,"[0, 1]",22.656,22.624 22.640 22.656
16x64,14336x4096,1,previous,real,0.02103097178041935,n16k64_wA_n16_t0,16,"[0, 1]",22.623,22.591 22.639 22.607
16x64,14336x4096,1,paper,all,0.0,n16k64_wA_n16,16,"[0, 1]",22.592,22.560 22.592 22.656
16x64,14336x4096,1,paper,all,1.0,n16k64_wA_n16,16,"[0, 1]",22.624,22.608 22.639 22.640
16x64,14336x4096,1,paper,random,0.01,n16k64_wA_n16,16,"[0, 1]",22.623,22.623 22.672 22.592
16x64,14336x4096,1,paper,random,0.02,n16k64_wA_n16,16,"[0, 1]",22.591,22.591 22.592 22.591
16x64,14336x4096,1,paper,random,0.05,n16k64_wA_n16,16,"[0, 1]",22.560,22.575 22.592 22.527
16x64,14336x4096,1,paper,random,0.1,n16k64_wA_n16,16,"[0, 1]",22.592,22.623 22.560 22.592
16x64,14336x4096,1,paper,random,0.25,n16k64_wA_n16,16,"[0, 1]",22.592,22.591 22.623 22.592
16x64,14336x4096,1,paper,random,0.5,n16k64_wA_n16,16,"[0, 1]",22.624,22.624 22.608 22.624
16x64,14336x4096,1,paper,random,0.75,n16k64_wA_n16,16,"[0, 1]",22.592,22.592 22.593 22.560
16x64,14336x4096,1,paper,contiguous,0.01,n16k64_wA_n16,16,"[0, 1]",22.608,22.607 22.592 22.656
16x64,14336x4096,1,paper,contiguous,0.02,n16k64_wA_n16,16,"[0, 1]",22.592,22.608 22.592 22.560
16x64,14336x4096,1,paper,contiguous,0.05,n16k64_wA_n16,16,"[0, 1]",22.624,22.639 22.624 22.592
16x64,14336x4096,1,paper,contiguous,0.1,n16k64_wA_n16,16,"[0, 1]",22.608,22.592 22.592 22.624
16x64,14336x4096,1,paper,contiguous,0.25,n16k64_wA_n16,16,"[0, 1]",22.623,22.592 22.623 22.624
16x64,14336x4096,1,paper,contiguous,0.5,n16k64_wA_n16,16,"[0, 1]",22.624,22.624 22.608 22.656
16x64,14336x4096,1,paper,contiguous,0.75,n16k64_wA_n16,16,"[0, 1]",22.656,22.672 22.656 22.639
16x64,14336x4096,1,paper,real,0.02103097178041935,n16k64_wA_n16,16,"[0, 1]",22.592,22.608 22.608 22.592
16x64,14336x4096,1,ceiling,reference,,n16k64_wA_nodisp_n16_t0,16,"[0, 1]",22.496,22.496 22.464 22.496
16x64,14336x4096,1,stock_ko,reference,,stock_wA_n16,16,"[0, 1]",22.496,22.496 22.496 22.512
16x64,14336x4096,1,stock,reference,,stock_wA_n16,16,"[0, 1]",22.495,22.495 22.464 22.496
16x64,14336x4096,16,adopted,all,0.0,n16k64_wA_n16_t0,16,"[0, 1]",22.464,22.464 22.463 22.464
16x64,14336x4096,16,adopted,all,1.0,n16k64_wA_n16_t0,16,"[0, 1]",22.560,22.576 22.560 22.576
16x64,14336x4096,16,adopted,random,0.01,n16k64_wA_n16_t0,16,"[0, 1]",22.464,22.496 22.448 22.432
16x64,14336x4096,16,adopted,random,0.02,n16k64_wA_n16_t0,16,"[0, 1]",22.464,22.464 22.432 22.464
16x64,14336x4096,16,adopted,random,0.05,n16k64_wA_n16_t0,16,"[0, 1]",22.496,22.527 22.496 22.496
16x64,14336x4096,16,adopted,random,0.1,n16k64_wA_n16_t0,16,"[0, 1]",22.528,22.512 22.496 22.560
16x64,14336x4096,16,adopted,random,0.25,n16k64_wA_n16_t0,16,"[0, 1]",22.528,22.592 22.527 22.560
16x64,14336x4096,16,adopted,random,0.5,n16k64_wA_n16_t0,16,"[0, 1]",22.560,22.560 22.560 22.560
16x64,14336x4096,16,adopted,random,0.75,n16k64_wA_n16_t0,16,"[0, 1]",22.560,22.560 22.560 22.592
16x64,14336x4096,16,adopted,contiguous,0.01,n16k64_wA_n16_t0,16,"[0, 1]",22.528,22.528 22.528 22.528
16x64,14336x4096,16,adopted,contiguous,0.02,n16k64_wA_n16_t0,16,"[0, 1]",22.496,22.464 22.512 22.496
16x64,14336x4096,16,adopted,contiguous,0.05,n16k64_wA_n16_t0,16,"[0, 1]",22.464,22.480 22.464 22.464
16x64,14336x4096,16,adopted,contiguous,0.1,n16k64_wA_n16_t0,16,"[0, 1]",22.528,22.576 22.527 22.528
16x64,14336x4096,16,adopted,contiguous,0.25,n16k64_wA_n16_t0,16,"[0, 1]",22.528,22.544 22.560 22.528
16x64,14336x4096,16,adopted,contiguous,0.5,n16k64_wA_n16_t0,16,"[0, 1]",22.560,22.560 22.528 22.592
16x64,14336x4096,16,adopted,contiguous,0.75,n16k64_wA_n16_t0,16,"[0, 1]",22.560,22.560 22.559 22.592
16x64,14336x4096,16,adopted,real,0.02103097178041935,n16k64_wA_n16_t0,16,"[0, 1]",22.479,22.464 22.496 22.495
16x64,14336x4096,16,previous,all,0.0,n16k64_wA_n16_t0,16,"[0, 1]",22.464,22.463 22.480 22.463
16x64,14336x4096,16,previous,all,1.0,n16k64_wA_n16_t0,16,"[0, 1]",22.560,22.560 22.560 22.576
16x64,14336x4096,16,previous,random,0.01,n16k64_wA_n16_t0,16,"[0, 1]",22.495,22.495 22.496 22.480
16x64,14336x4096,16,previous,random,0.02,n16k64_wA_n16_t0,16,"[0, 1]",22.495,22.464 22.480 22.511
16x64,14336x4096,16,previous,random,0.05,n16k64_wA_n16_t0,16,"[0, 1]",22.496,22.496 22.576 22.496
16x64,14336x4096,16,previous,random,0.1,n16k64_wA_n16_t0,16,"[0, 1]",22.528,22.528 22.528 22.528
16x64,14336x4096,16,previous,random,0.25,n16k64_wA_n16_t0,16,"[0, 1]",22.560,22.544 22.591 22.528
16x64,14336x4096,16,previous,random,0.5,n16k64_wA_n16_t0,16,"[0, 1]",22.560,22.559 22.592 22.576
16x64,14336x4096,16,previous,random,0.75,n16k64_wA_n16_t0,16,"[0, 1]",22.592,22.560 22.607 22.592
16x64,14336x4096,16,previous,contiguous,0.01,n16k64_wA_n16_t0,16,"[0, 1]",22.496,22.512 22.512 22.496
16x64,14336x4096,16,previous,contiguous,0.02,n16k64_wA_n16_t0,16,"[0, 1]",22.464,22.464 22.464 22.464
16x64,14336x4096,16,previous,contiguous,0.05,n16k64_wA_n16_t0,16,"[0, 1]",22.464,22.479 22.464 22.464
16x64,14336x4096,16,previous,contiguous,0.1,n16k64_wA_n16_t0,16,"[0, 1]",22.496,22.527 22.464 22.528
16x64,14336x4096,16,previous,contiguous,0.25,n16k64_wA_n16_t0,16,"[0, 1]",22.528,22.528 22.512 22.528
16x64,14336x4096,16,previous,contiguous,0.5,n16k64_wA_n16_t0,16,"[0, 1]",22.560,22.560 22.560 22.559
16x64,14336x4096,16,previous,contiguous,0.75,n16k64_wA_n16_t0,16,"[0, 1]",22.560,22.560 22.576 22.528
16x64,14336x4096,16,previous,real,0.02103097178041935,n16k64_wA_n16_t0,16,"[0, 1]",22.496,22.496 22.512 22.496
16x64,14336x4096,16,paper,all,0.0,n16k64_wA_n16,16,"[0, 1]",22.527,22.528 22.496 22.527
16x64,14336x4096,16,paper,all,1.0,n16k64_wA_n16,16,"[0, 1]",22.528,22.528 22.544 22.528
16x64,14336x4096,16,paper,random,0.01,n16k64_wA_n16,16,"[0, 1]",22.496,22.496 22.496 22.512
16x64,14336x4096,16,paper,random,0.02,n16k64_wA_n16,16,"[0, 1]",22.496,22.512 22.496 22.496
16x64,14336x4096,16,paper,random,0.05,n16k64_wA_n16,16,"[0, 1]",22.528,22.528 22.528 22.527
16x64,14336x4096,16,paper,random,0.1,n16k64_wA_n16,16,"[0, 1]",22.528,22.496 22.528 22.512
16x64,14336x4096,16,paper,random,0.25,n16k64_wA_n16,16,"[0, 1]",22.528,22.559 22.512 22.528
16x64,14336x4096,16,paper,random,0.5,n16k64_wA_n16,16,"[0, 1]",22.560,22.592 22.560 22.544
16x64,14336x4096,16,paper,random,0.75,n16k64_wA_n16,16,"[0, 1]",22.560,22.560 22.592 22.560
16x64,14336x4096,16,paper,contiguous,0.01,n16k64_wA_n16,16,"[0, 1]",22.528,22.560 22.496 22.528
16x64,14336x4096,16,paper,contiguous,0.02,n16k64_wA_n16,16,"[0, 1]",22.528,22.496 22.528 22.528
16x64,14336x4096,16,paper,contiguous,0.05,n16k64_wA_n16,16,"[0, 1]",22.528,22.528 22.528 22.528
16x64,14336x4096,16,paper,contiguous,0.1,n16k64_wA_n16,16,"[0, 1]",22.544,22.528 22.560 22.560
16x64,14336x4096,16,paper,contiguous,0.25,n16k64_wA_n16,16,"[0, 1]",22.527,22.496 22.528 22.512
16x64,14336x4096,16,paper,contiguous,0.5,n16k64_wA_n16,16,"[0, 1]",22.560,22.543 22.560 22.608
16x64,14336x4096,16,paper,contiguous,0.75,n16k64_wA_n16,16,"[0, 1]",22.576,22.592 22.576 22.560
16x64,14336x4096,16,paper,real,0.02103097178041935,n16k64_wA_n16,16,"[0, 1]",22.528,22.496 22.528 22.576
16x64,14336x4096,16,ceiling,reference,,n16k64_wA_nodisp_n16_t0,16,"[0, 1]",22.400,22.400 22.400 22.400
16x64,14336x4096,16,stock_ko,reference,,stock_wA_n16,16,"[0, 1]",22.432,22.416 22.432 22.480
16x64,14336x4096,16,stock,reference,,stock_wA_n16,16,"[0, 1]",22.431,22.432 22.400 22.448
16x64,14336x4096,128,adopted,all,0.0,n16k64_wA_e64_t0,128,"[0, 1]",23.615,23.584 23.615 23.632
16x64,14336x4096,128,adopted,all,1.0,n16k64_wA_e64_t0,128,"[0, 1]",23.744,23.760 23.728 23.728
16x64,14336x4096,128,adopted,random,0.01,n16k64_wA_e64_t0,128,"[0, 1]",23.647,23.647 23.632 23.648
16x64,14336x4096,128,adopted,random,0.02,n16k64_wA_e64_t0,128,"[0, 1]",23.648,23.648 23.648 23.648
16x64,14336x4096,128,adopted,random,0.05,n16k64_wA_e64_t0,128,"[0, 1]",23.680,23.680 23.680 23.712
16x64,14336x4096,128,adopted,random,0.1,n16k64_wA_e64_t0,128,"[0, 1]",23.680,23.696 23.680 23.680
16x64,14336x4096,128,adopted,random,0.25,n16k64_wA_e64_t0,128,"[0, 1]",23.744,23.744 23.727 23.744
16x64,14336x4096,128,adopted,random,0.5,n16k64_wA_e64_t0,128,"[0, 1]",23.807,23.823 23.776 23.808
16x64,14336x4096,128,adopted,random,0.75,n16k64_wA_e64_t0,128,"[0, 1]",23.840,23.824 23.855 23.840
16x64,14336x4096,128,adopted,contiguous,0.01,n16k64_wA_e64_t0,128,"[0, 1]",23.584,23.585 23.584 23.552
16x64,14336x4096,128,adopted,contiguous,0.02,n16k64_wA_e64_t0,128,"[0, 1]",23.648,23.664 23.632 23.648
16x64,14336x4096,128,adopted,contiguous,0.05,n16k64_wA_e64_t0,128,"[0, 1]",23.648,23.648 23.632 23.632
16x64,14336x4096,128,adopted,contiguous,0.1,n16k64_wA_e64_t0,128,"[0, 1]",23.712,23.711 23.712 23.744
16x64,14336x4096,128,adopted,contiguous,0.25,n16k64_wA_e64_t0,128,"[0, 1]",23.712,23.680 23.712 23.712
16x64,14336x4096,128,adopted,contiguous,0.5,n16k64_wA_e64_t0,128,"[0, 1]",23.776,23.808 23.760 23.776
16x64,14336x4096,128,adopted,contiguous,0.75,n16k64_wA_e64_t0,128,"[0, 1]",23.745,23.776 23.776 23.744
16x64,14336x4096,128,adopted,real,0.02103097178041935,n16k64_wA_e64_t0,128,"[0, 1]",23.648,23.664 23.648 23.664
16x64,14336x4096,128,previous,all,0.0,n16k64_wA_e64_t0,128,"[0, 1]",23.648,23.616 23.648 23.632
16x64,14336x4096,128,previous,all,1.0,n16k64_wA_e64_t0,128,"[0, 1]",23.776,23.776 23.759 23.776
16x64,14336x4096,128,previous,random,0.01,n16k64_wA_e64_t0,128,"[0, 1]",23.616,23.616 23.616 23.648
16x64,14336x4096,128,previous,random,0.02,n16k64_wA_e64_t0,128,"[0, 1]",23.647,23.664 23.616 23.648
16x64,14336x4096,128,previous,random,0.05,n16k64_wA_e64_t0,128,"[0, 1]",23.680,23.695 23.680 23.696
16x64,14336x4096,128,previous,random,0.1,n16k64_wA_e64_t0,128,"[0, 1]",23.712,23.712 23.712 23.680
16x64,14336x4096,128,previous,random,0.25,n16k64_wA_e64_t0,128,"[0, 1]",23.824,23.824 23.824 23.824
16x64,14336x4096,128,previous,random,0.5,n16k64_wA_e64_t0,128,"[0, 1]",23.903,23.872 23.936 23.887
16x64,14336x4096,128,previous,random,0.75,n16k64_wA_e64_t0,128,"[0, 1]",23.903,23.920 23.872 23.920
16x64,14336x4096,128,previous,contiguous,0.01,n16k64_wA_e64_t0,128,"[0, 1]",23.648,23.648 23.616 23.647
16x64,14336x4096,128,previous,contiguous,0.02,n16k64_wA_e64_t0,128,"[0, 1]",23.664,23.648 23.679 23.664
16x64,14336x4096,128,previous,contiguous,0.05,n16k64_wA_e64_t0,128,"[0, 1]",23.711,23.711 23.695 23.743
16x64,14336x4096,128,previous,contiguous,0.1,n16k64_wA_e64_t0,128,"[0, 1]",23.776,23.840 23.792 23.744
16x64,14336x4096,128,previous,contiguous,0.25,n16k64_wA_e64_t0,128,"[0, 1]",23.743,23.744 23.744 23.728
16x64,14336x4096,128,previous,contiguous,0.5,n16k64_wA_e64_t0,128,"[0, 1]",23.840,23.824 23.808 23.872
16x64,14336x4096,128,previous,contiguous,0.75,n16k64_wA_e64_t0,128,"[0, 1]",23.808,23.824 23.792 23.808
16x64,14336x4096,128,previous,real,0.02103097178041935,n16k64_wA_e64_t0,128,"[0, 1]",23.648,23.647 23.663 23.680
16x64,14336x4096,128,paper,all,0.0,n16k64_wA,128,"[0, 1]",23.904,23.904 23.872 23.936
16x64,14336x4096,128,paper,all,1.0,n16k64_wA,128,"[0, 1]",24.000,24.000 24.032 24.000
16x64,14336x4096,128,paper,random,0.01,n16k64_wA,128,"[0, 1]",23.936,23.919 23.951 23.936
16x64,14336x4096,128,paper,random,0.02,n16k64_wA,128,"[0, 1]",23.968,23.968 23.952 23.951
16x64,14336x4096,128,paper,random,0.05,n16k64_wA,128,"[0, 1]",24.000,23.968 23.999 24.000
16x64,14336x4096,128,paper,random,0.1,n16k64_wA,128,"[0, 1]",23.984,23.968 24.000 23.968
16x64,14336x4096,128,paper,random,0.25,n16k64_wA,128,"[0, 1]",24.032,24.032 24.016 24.016
16x64,14336x4096,128,paper,random,0.5,n16k64_wA,128,"[0, 1]",24.032,24.032 24.064 24.048
16x64,14336x4096,128,paper,random,0.75,n16k64_wA,128,"[0, 1]",24.096,24.096 24.096 24.191
16x64,14336x4096,128,paper,contiguous,0.01,n16k64_wA,128,"[0, 1]",23.936,23.968 23.952 23.936
16x64,14336x4096,128,paper,contiguous,0.02,n16k64_wA,128,"[0, 1]",23.936,23.951 23.920 23.936
16x64,14336x4096,128,paper,contiguous,0.05,n16k64_wA,128,"[0, 1]",23.967,23.967 23.967 23.984
16x64,14336x4096,128,paper,contiguous,0.1,n16k64_wA,128,"[0, 1]",24.015,24.048 24.031 24.000
16x64,14336x4096,128,paper,contiguous,0.25,n16k64_wA,128,"[0, 1]",24.016,24.032 24.000 24.016
16x64,14336x4096,128,paper,contiguous,0.5,n16k64_wA,128,"[0, 1]",24.032,24.032 24.032 24.064
16x64,14336x4096,128,paper,contiguous,0.75,n16k64_wA,128,"[0, 1]",24.064,24.080 24.064 24.079
16x64,14336x4096,128,paper,real,0.02103097178041935,n16k64_wA,128,"[0, 1]",23.936,23.904 23.968 23.920
16x64,14336x4096,128,ceiling,reference,,n16k64_wA_nodisp_e64_t0,128,"[0, 1]",23.680,23.680 23.663 23.680
16x64,14336x4096,128,stock_ko,reference,,stock_wA_e64,128,"[0, 1]",23.648,23.648 23.680 23.680
16x64,14336x4096,128,stock,reference,,stock_wA,128,"[0, 1]",23.808,23.808 23.824 23.776
16x64,14336x4096,512,adopted,all,0.0,n16k64_wA_e64_t0,128,"[0, 1]",60.271,60.191 60.096 60.528
16x64,14336x4096,512,adopted,all,1.0,n16k64_wA_e64_t0,128,"[0, 1]",63.535,63.120 63.648 63.599
16x64,14336x4096,512,adopted,random,0.01,n16k64_wA_e64_t0,128,"[0, 1]",60.479,60.224 60.624 60.560
16x64,14336x4096,512,adopted,random,0.02,n16k64_wA_e64_t0,128,"[0, 1]",60.399,60.224 60.608 60.304
16x64,14336x4096,512,adopted,random,0.05,n16k64_wA_e64_t0,128,"[0, 1]",60.736,60.639 60.880 60.623
16x64,14336x4096,512,adopted,random,0.1,n16k64_wA_e64_t0,128,"[0, 1]",60.159,60.127 60.463 60.127
16x64,14336x4096,512,adopted,random,0.25,n16k64_wA_e64_t0,128,"[0, 1]",62.032,62.016 62.032 62.352
16x64,14336x4096,512,adopted,random,0.5,n16k64_wA_e64_t0,128,"[0, 1]",64.608,64.495 64.944 64.447
16x64,14336x4096,512,adopted,random,0.75,n16k64_wA_e64_t0,128,"[0, 1]",64.191,64.159 64.175 64.351
16x64,14336x4096,512,adopted,contiguous,0.01,n16k64_wA_e64_t0,128,"[0, 1]",60.544,60.576 60.639 60.351
16x64,14336x4096,512,adopted,contiguous,0.02,n16k64_wA_e64_t0,128,"[0, 1]",60.368,60.351 60.576 60.208
16x64,14336x4096,512,adopted,contiguous,0.05,n16k64_wA_e64_t0,128,"[0, 1]",60.111,60.287 59.935 60.303
16x64,14336x4096,512,adopted,contiguous,0.1,n16k64_wA_e64_t0,128,"[0, 1]",60.256,60.352 60.288 60.080
16x64,14336x4096,512,adopted,contiguous,0.25,n16k64_wA_e64_t0,128,"[0, 1]",60.320,60.192 60.239 60.431
16x64,14336x4096,512,adopted,contiguous,0.5,n16k64_wA_e64_t0,128,"[0, 1]",62.207,61.999 62.191 62.288
16x64,14336x4096,512,adopted,contiguous,0.75,n16k64_wA_e64_t0,128,"[0, 1]",61.168,61.216 61.231 61.023
16x64,14336x4096,512,adopted,real,0.02103097178041935,n16k64_wA_e64_t0,128,"[0, 1]",60.576,60.608 60.608 60.415
16x64,14336x4096,512,previous,all,0.0,n16k64_wA_e64_t0,128,"[0, 1]",60.959,61.263 60.959 60.783
16x64,14336x4096,512,previous,all,1.0,n16k64_wA_e64_t0,128,"[0, 1]",62.720,62.719 62.624 62.864
16x64,14336x4096,512,previous,random,0.01,n16k64_wA_e64_t0,128,"[0, 1]",61.200,61.407 61.023 61.216
16x64,14336x4096,512,previous,random,0.02,n16k64_wA_e64_t0,128,"[0, 1]",61.167,61.359 61.104 61.231
16x64,14336x4096,512,previous,random,0.05,n16k64_wA_e64_t0,128,"[0, 1]",61.727,61.760 61.680 61.696
16x64,14336x4096,512,previous,random,0.1,n16k64_wA_e64_t0,128,"[0, 1]",61.616,61.392 61.791 61.679
16x64,14336x4096,512,previous,random,0.25,n16k64_wA_e64_t0,128,"[0, 1]",64.111,64.127 64.191 63.919
16x64,14336x4096,512,previous,random,0.5,n16k64_wA_e64_t0,128,"[0, 1]",66.736,66.800 66.528 66.752
16x64,14336x4096,512,previous,random,0.75,n16k64_wA_e64_t0,128,"[0, 1]",66.703,66.656 66.800 66.656
16x64,14336x4096,512,previous,contiguous,0.01,n16k64_wA_e64_t0,128,"[0, 1]",60.864,60.896 60.959 60.799
16x64,14336x4096,512,previous,contiguous,0.02,n16k64_wA_e64_t0,128,"[0, 1]",60.800,60.896 60.703 60.784
16x64,14336x4096,512,previous,contiguous,0.05,n16k64_wA_e64_t0,128,"[0, 1]",60.784,60.896 60.751 60.751
16x64,14336x4096,512,previous,contiguous,0.1,n16k64_wA_e64_t0,128,"[0, 1]",60.831,60.831 61.087 60.735
16x64,14336x4096,512,previous,contiguous,0.25,n16k64_wA_e64_t0,128,"[0, 1]",60.976,61.216 61.152 60.784
16x64,14336x4096,512,previous,contiguous,0.5,n16k64_wA_e64_t0,128,"[0, 1]",62.688,62.832 62.751 62.624
16x64,14336x4096,512,previous,contiguous,0.75,n16k64_wA_e64_t0,128,"[0, 1]",60.991,60.880 61.023 61.168
16x64,14336x4096,512,previous,real,0.02103097178041935,n16k64_wA_e64_t0,128,"[0, 1]",61.199,61.055 61.488 61.135
16x64,14336x4096,512,paper,all,0.0,n16k64_wA,128,"[0, 1]",62.159,62.383 62.144 61.840
16x64,14336x4096,512,paper,all,1.0,n16k64_wA,128,"[0, 1]",65.743,66.095 65.664 65.088
16x64,14336x4096,512,paper,random,0.01,n16k64_wA,128,"[0, 1]",62.623,62.848 62.351 62.672
16x64,14336x4096,512,paper,random,0.02,n16k64_wA,128,"[0, 1]",62.463,62.256 62.863 62.432
16x64,14336x4096,512,paper,random,0.05,n16k64_wA,128,"[0, 1]",62.847,62.783 62.800 63.023
16x64,14336x4096,512,paper,random,0.1,n16k64_wA,128,"[0, 1]",62.799,62.704 62.895 62.783
16x64,14336x4096,512,paper,random,0.25,n16k64_wA,128,"[0, 1]",63.599,63.679 63.583 63.424
16x64,14336x4096,512,paper,random,0.5,n16k64_wA,128,"[0, 1]",65.119,65.056 65.071 65.376
16x64,14336x4096,512,paper,random,0.75,n16k64_wA,128,"[0, 1]",65.423,65.423 65.280 65.504
16x64,14336x4096,512,paper,contiguous,0.01,n16k64_wA,128,"[0, 1]",62.079,62.192 61.920 62.079
16x64,14336x4096,512,paper,contiguous,0.02,n16k64_wA,128,"[0, 1]",62.159,62.192 61.984 62.431
16x64,14336x4096,512,paper,contiguous,0.05,n16k64_wA,128,"[0, 1]",61.920,62.144 61.743 62.207
16x64,14336x4096,512,paper,contiguous,0.1,n16k64_wA,128,"[0, 1]",61.855,62.144 61.680 61.776
16x64,14336x4096,512,paper,contiguous,0.25,n16k64_wA,128,"[0, 1]",61.648,61.632 61.247 61.903
16x64,14336x4096,512,paper,contiguous,0.5,n16k64_wA,128,"[0, 1]",63.903,63.919 63.663 63.967
16x64,14336x4096,512,paper,contiguous,0.75,n16k64_wA,128,"[0, 1]",63.120,63.183 62.928 63.087
16x64,14336x4096,512,paper,real,0.02103097178041935,n16k64_wA,128,"[0, 1]",62.527,62.528 62.272 62.511
16x64,14336x4096,512,ceiling,reference,,n16k64_wA_nodisp_e64_t0,128,"[0, 1]",58.608,58.432 58.575 58.671
16x64,14336x4096,512,stock_ko,reference,,stock_wA_e64,128,"[0, 1]",57.296,57.583 57.279 57.152
16x64,14336x4096,512,stock,reference,,stock_wA,128,"[0, 1]",58.064,58.239 58.015 57.936
16x64,14336x4096,2048,adopted,all,0.0,n16k64_wA_e64_t0,128,"[1, 1]",189.454,194.974 189.006 189.215
16x64,14336x4096,2048,adopted,all,1.0,n16k64_wA_e64_t0,128,"[1, 1]",199.646,202.014 199.214 198.926
16x64,14336x4096,2048,adopted,random,0.01,n16k64_wA_e64_t0,128,"[1, 1]",189.550,191.854 189.007 189.134
16x64,14336x4096,2048,adopted,random,0.02,n16k64_wA_e64_t0,128,"[1, 1]",189.615,191.454 189.022 189.534
16x64,14336x4096,2048,adopted,random,0.05,n16k64_wA_e64_t0,128,"[1, 1]",190.351,192.911 189.375 190.175
16x64,14336x4096,2048,adopted,random,0.1,n16k64_wA_e64_t0,128,"[1, 1]",192.047,194.111 190.798 191.791
16x64,14336x4096,2048,adopted,random,0.25,n16k64_wA_e64_t0,128,"[1, 1]",198.687,198.991 196.415 199.566
16x64,14336x4096,2048,adopted,random,0.5,n16k64_wA_e64_t0,128,"[1, 1]",202.398,202.558 199.902 202.831
16x64,14336x4096,2048,adopted,random,0.75,n16k64_wA_e64_t0,128,"[1, 1]",202.255,202.383 199.982 202.975
16x64,14336x4096,2048,adopted,contiguous,0.01,n16k64_wA_e64_t0,128,"[1, 1]",193.326,193.438 191.199 194.127
16x64,14336x4096,2048,adopted,contiguous,0.02,n16k64_wA_e64_t0,128,"[1, 1]",193.807,194.495 191.486 194.414
16x64,14336x4096,2048,adopted,contiguous,0.05,n16k64_wA_e64_t0,128,"[1, 1]",193.551,193.855 191.102 195.167
16x64,14336x4096,2048,adopted,contiguous,0.1,n16k64_wA_e64_t0,128,"[1, 1]",194.014,194.831 191.823 194.703
16x64,14336x4096,2048,adopted,contiguous,0.25,n16k64_wA_e64_t0,128,"[1, 1]",194.863,195.615 191.982 196.767
16x64,14336x4096,2048,adopted,contiguous,0.5,n16k64_wA_e64_t0,128,"[1, 1]",197.007,197.711 194.687 197.679
16x64,14336x4096,2048,adopted,contiguous,0.75,n16k64_wA_e64_t0,128,"[1, 1]",199.278,199.679 197.007 199.631
16x64,14336x4096,2048,adopted,real,0.02103097178041935,n16k64_wA_e64_t0,128,"[1, 1]",191.358,191.678 189.727 191.679
16x64,14336x4096,2048,previous,all,0.0,n16k64_wA_e64_t0,128,"[1, 1]",192.462,192.718 190.462 192.751
16x64,14336x4096,2048,previous,all,1.0,n16k64_wA_e64_t0,128,"[1, 1]",200.991,201.151 200.751 201.023
16x64,14336x4096,2048,previous,random,0.01,n16k64_wA_e64_t0,128,"[1, 1]",192.943,192.782 192.782 193.310
16x64,14336x4096,2048,previous,random,0.02,n16k64_wA_e64_t0,128,"[1, 1]",193.166,193.167 193.102 193.278
16x64,14336x4096,2048,previous,random,0.05,n16k64_wA_e64_t0,128,"[1, 1]",193.774,193.790 193.903 193.679
16x64,14336x4096,2048,previous,random,0.1,n16k64_wA_e64_t0,128,"[1, 1]",195.790,195.886 195.503 195.790
16x64,14336x4096,2048,previous,random,0.25,n16k64_wA_e64_t0,128,"[1, 1]",201.791,201.598 201.854 201.918
16x64,14336x4096,2048,previous,random,0.5,n16k64_wA_e64_t0,128,"[1, 1]",207.022,206.927 206.623 207.230
16x64,14336x4096,2048,previous,random,0.75,n16k64_wA_e64_t0,128,"[1, 1]",207.278,206.878 207.391 207.678
16x64,14336x4096,2048,previous,contiguous,0.01,n16k64_wA_e64_t0,128,"[1, 1]",195.358,195.262 195.086 195.742
16x64,14336x4096,2048,previous,contiguous,0.02,n16k64_wA_e64_t0,128,"[1, 1]",195.710,195.599 195.503 195.934
16x64,14336x4096,2048,previous,contiguous,0.05,n16k64_wA_e64_t0,128,"[1, 1]",195.551,195.215 195.647 195.791
16x64,14336x4096,2048,previous,contiguous,0.1,n16k64_wA_e64_t0,128,"[1, 1]",196.015,196.318 195.999 195.807
16x64,14336x4096,2048,previous,contiguous,0.25,n16k64_wA_e64_t0,128,"[1, 1]",195.102,195.038 195.550 194.799
16x64,14336x4096,2048,previous,contiguous,0.5,n16k64_wA_e64_t0,128,"[1, 1]",197.871,197.966 197.982 197.743
16x64,14336x4096,2048,previous,contiguous,0.75,n16k64_wA_e64_t0,128,"[1, 1]",199.470,199.247 199.822 199.631
16x64,14336x4096,2048,previous,real,0.02103097178041935,n16k64_wA_e64_t0,128,"[1, 1]",193.151,192.959 193.022 193.343
16x64,14336x4096,2048,paper,all,0.0,n16k64_wA,128,"[0, 1]",198.814,198.783 198.895 198.623
16x64,14336x4096,2048,paper,all,1.0,n16k64_wA,128,"[0, 1]",208.431,208.702 208.702 207.550
16x64,14336x4096,2048,paper,random,0.01,n16k64_wA,128,"[0, 1]",198.718,199.295 199.647 196.878
16x64,14336x4096,2048,paper,random,0.02,n16k64_wA,128,"[0, 1]",199.022,199.582 199.422 196.879
16x64,14336x4096,2048,paper,random,0.05,n16k64_wA,128,"[0, 1]",199.727,200.654 199.743 197.471
16x64,14336x4096,2048,paper,random,0.1,n16k64_wA,128,"[0, 1]",200.910,201.551 201.790 197.983
16x64,14336x4096,2048,paper,random,0.25,n16k64_wA,128,"[0, 1]",202.814,203.087 203.070 201.342
16x64,14336x4096,2048,paper,random,0.5,n16k64_wA,128,"[0, 1]",205.183,206.383 205.055 203.727
16x64,14336x4096,2048,paper,random,0.75,n16k64_wA,128,"[0, 1]",206.703,207.935 206.575 205.534
16x64,14336x4096,2048,paper,contiguous,0.01,n16k64_wA,128,"[0, 1]",197.519,199.215 197.102 196.622
16x64,14336x4096,2048,paper,contiguous,0.02,n16k64_wA,128,"[0, 1]",197.358,199.630 196.895 196.511
16x64,14336x4096,2048,paper,contiguous,0.05,n16k64_wA,128,"[0, 1]",197.246,199.599 196.799 196.719
16x64,14336x4096,2048,paper,contiguous,0.1,n16k64_wA,128,"[0, 1]",197.791,200.094 196.926 197.439
16x64,14336x4096,2048,paper,contiguous,0.25,n16k64_wA,128,"[0, 1]",198.991,200.814 198.047 198.639
16x64,14336x4096,2048,paper,contiguous,0.5,n16k64_wA,128,"[0, 1]",201.391,203.071 200.591 200.990
16x64,14336x4096,2048,paper,contiguous,0.75,n16k64_wA,128,"[0, 1]",202.718,205.102 202.175 202.367
16x64,14336x4096,2048,paper,real,0.02103097178041935,n16k64_wA,128,"[0, 1]",197.246,199.518 196.318 196.958
16x64,14336x4096,2048,ceiling,reference,,n16k64_wA_nodisp_e64_t0,128,"[1, 1]",188.415,190.575 187.438 187.695
16x64,14336x4096,2048,stock_ko,reference,,stock_wA_e64,128,"[0, 1]",189.743,191.791 188.687 188.847
16x64,14336x4096,2048,stock,reference,,stock_wA,128,"[0, 1]",191.054,193.599 189.903 190.383
16x64,14336x4096,8192,adopted,all,0.0,n16k64_wA_e64_t0,128,"[0, 1]",754.170,752.042 754.298 755.738
16x64,14336x4096,8192,adopted,all,1.0,n16k64_wA_e64_t0,128,"[0, 1]",789.883,786.954 791.673 790.394
16x64,14336x4096,8192,adopted,random,0.01,n16k64_wA_e64_t0,128,"[0, 1]",753.610,750.298 755.818 754.362
16x64,14336x4096,8192,adopted,random,0.02,n16k64_wA_e64_t0,128,"[0, 1]",753.833,751.274 754.809 755.211
16x64,14336x4096,8192,adopted,random,0.05,n16k64_wA_e64_t0,128,"[0, 1]",756.698,752.043 757.898 758.122
16x64,14336x4096,8192,adopted,random,0.1,n16k64_wA_e64_t0,128,"[0, 1]",762.186,758.106 763.658 763.849
16x64,14336x4096,8192,adopted,random,0.25,n16k64_wA_e64_t0,128,"[0, 1]",781.002,777.930 781.418 781.674
16x64,14336x4096,8192,adopted,random,0.5,n16k64_wA_e64_t0,128,"[0, 1]",794.698,789.802 795.706 796.890
16x64,14336x4096,8192,adopted,random,0.75,n16k64_wA_e64_t0,128,"[0, 1]",794.890,790.601 795.466 796.538
16x64,14336x4096,8192,adopted,contiguous,0.01,n16k64_wA_e64_t0,128,"[0, 1]",754.714,752.538 755.258 756.970
16x64,14336x4096,8192,adopted,contiguous,0.02,n16k64_wA_e64_t0,128,"[0, 1]",752.251,750.218 751.946 755.642
16x64,14336x4096,8192,adopted,contiguous,0.05,n16k64_wA_e64_t0,128,"[0, 1]",755.946,753.802 755.946 758.969
16x64,14336x4096,8192,adopted,contiguous,0.1,n16k64_wA_e64_t0,128,"[0, 1]",758.297,756.346 758.297 760.298
16x64,14336x4096,8192,adopted,contiguous,0.25,n16k64_wA_e64_t0,128,"[0, 1]",763.386,759.850 763.434 765.194
16x64,14336x4096,8192,adopted,contiguous,0.5,n16k64_wA_e64_t0,128,"[0, 1]",770.122,768.954 771.817 770.042
16x64,14336x4096,8192,adopted,contiguous,0.75,n16k64_wA_e64_t0,128,"[0, 1]",779.369,778.187 780.682 779.882
16x64,14336x4096,8192,adopted,real,0.02103097178041935,n16k64_wA_e64_t0,128,"[0, 1]",754.330,752.907 755.818 754.458
16x64,14336x4096,8192,previous,all,0.0,n16k64_wA_e64_t0,128,"[0, 1]",758.218,757.018 759.226 758.169
16x64,14336x4096,8192,previous,all,1.0,n16k64_wA_e64_t0,128,"[0, 1]",786.409,786.570 785.353 787.305
16x64,14336x4096,8192,previous,random,0.01,n16k64_wA_e64_t0,128,"[0, 1]",756.938,754.170 757.081 758.618
16x64,14336x4096,8192,previous,random,0.02,n16k64_wA_e64_t0,128,"[0, 1]",757.802,754.714 758.058 760.202
16x64,14336x4096,8192,previous,random,0.05,n16k64_wA_e64_t0,128,"[0, 1]",761.674,760.634 761.259 763.771
16x64,14336x4096,8192,previous,random,0.1,n16k64_wA_e64_t0,128,"[0, 1]",767.625,764.474 767.386 769.017
16x64,14336x4096,8192,previous,random,0.25,n16k64_wA_e64_t0,128,"[0, 1]",789.338,788.089 787.113 792.762
16x64,14336x4096,8192,previous,random,0.5,n16k64_wA_e64_t0,128,"[0, 1]",810.298,809.881 807.002 812.186
16x64,14336x4096,8192,previous,random,0.75,n16k64_wA_e64_t0,128,"[0, 1]",809.370,808.297 808.074 812.713
16x64,14336x4096,8192,previous,contiguous,0.01,n16k64_wA_e64_t0,128,"[0, 1]",757.946,756.250 757.866 760.970
16x64,14336x4096,8192,previous,contiguous,0.02,n16k64_wA_e64_t0,128,"[0, 1]",755.098,754.010 756.345 755.946
16x64,14336x4096,8192,previous,contiguous,0.05,n16k64_wA_e64_t0,128,"[0, 1]",758.905,757.226 758.874 760.938
16x64,14336x4096,8192,previous,contiguous,0.1,n16k64_wA_e64_t0,128,"[0, 1]",761.514,759.738 761.994 763.113
16x64,14336x4096,8192,previous,contiguous,0.25,n16k64_wA_e64_t0,128,"[0, 1]",764.297,762.794 764.346 766.137
16x64,14336x4096,8192,previous,contiguous,0.5,n16k64_wA_e64_t0,128,"[0, 1]",770.410,769.098 769.994 771.994
16x64,14336x4096,8192,previous,contiguous,0.75,n16k64_wA_e64_t0,128,"[0, 1]",777.018,773.146 777.354 779.289
16x64,14336x4096,8192,previous,real,0.02103097178041935,n16k64_wA_e64_t0,128,"[0, 1]",757.706,754.538 758.090 760.458
16x64,14336x4096,8192,paper,all,0.0,n16k64_wA,128,"[0, 1]",775.306,771.961 775.146 777.322
16x64,14336x4096,8192,paper,all,1.0,n16k64_wA,128,"[0, 1]",806.362,803.034 805.690 810.217
16x64,14336x4096,8192,paper,random,0.01,n16k64_wA,128,"[0, 1]",775.770,775.690 772.250 779.801
16x64,14336x4096,8192,paper,random,0.02,n16k64_wA,128,"[0, 1]",776.570,774.058 774.905 780.106
16x64,14336x4096,8192,paper,random,0.05,n16k64_wA,128,"[0, 1]",779.433,779.497 777.625 781.114
16x64,14336x4096,8192,paper,random,0.1,n16k64_wA,128,"[0, 1]",781.962,779.514 780.234 784.746
16x64,14336x4096,8192,paper,random,0.25,n16k64_wA,128,"[0, 1]",788.153,786.361 787.289 791.674
16x64,14336x4096,8192,paper,random,0.5,n16k64_wA,128,"[0, 1]",799.482,799.850 798.777 799.529
16x64,14336x4096,8192,paper,random,0.75,n16k64_wA,128,"[0, 1]",804.954,804.442 804.170 806.954
16x64,14336x4096,8192,paper,contiguous,0.01,n16k64_wA,128,"[0, 1]",776.826,774.186 776.409 779.689
16x64,14336x4096,8192,paper,contiguous,0.02,n16k64_wA,128,"[0, 1]",777.050,774.522 776.074 778.986
16x64,14336x4096,8192,paper,contiguous,0.05,n16k64_wA,128,"[0, 1]",778.841,776.186 779.594 780.794
16x64,14336x4096,8192,paper,contiguous,0.1,n16k64_wA,128,"[0, 1]",779.242,774.378 779.017 783.706
16x64,14336x4096,8192,paper,contiguous,0.25,n16k64_wA,128,"[0, 1]",783.433,781.577 782.522 785.978
16x64,14336x4096,8192,paper,contiguous,0.5,n16k64_wA,128,"[0, 1]",791.914,787.435 792.617 793.242
16x64,14336x4096,8192,paper,contiguous,0.75,n16k64_wA,128,"[0, 1]",797.498,794.858 797.081 800.217
16x64,14336x4096,8192,paper,real,0.02103097178041935,n16k64_wA,128,"[0, 1]",778.698,775.498 779.738 780.537
16x64,14336x4096,8192,ceiling,reference,,n16k64_wA_nodisp_e64_t0,128,"[0, 1]",745.946,742.106 746.938 746.634
16x64,14336x4096,8192,stock_ko,reference,,stock_wA_e64,128,"[0, 1]",745.514,742.666 745.177 747.913
16x64,14336x4096,8192,stock,reference,,stock_wA,128,"[0, 1]",751.178,747.899 751.354 752.698
16x64,4096x14336,1,adopted,all,0.0,n16k64_wA_n16_t0,16,"[0, 1]",25.696,25.680 25.696 25.680
16x64,4096x14336,1,adopted,all,1.0,n16k64_wA_n16_t0,16,"[0, 1]",26.080,26.111 26.079 26.096
16x64,4096x14336,1,adopted,random,0.01,n16k64_wA_n16_t0,16,"[0, 1]",25.600,25.615 25.600 25.536
16x64,4096x14336,1,adopted,random,0.02,n16k64_wA_n16_t0,16,"[0, 1]",25.632,25.663 25.615 25.600
16x64,4096x14336,1,adopted,random,0.05,n16k64_wA_n16_t0,16,"[0, 1]",25.791,25.791 25.791 25.808
16x64,4096x14336,1,adopted,random,0.1,n16k64_wA_n16_t0,16,"[0, 1]",25.888,25.888 25.872 25.888
16x64,4096x14336,1,adopted,random,0.25,n16k64_wA_n16_t0,16,"[0, 1]",25.984,25.952 26.032 25.984
16x64,4096x14336,1,adopted,random,0.5,n16k64_wA_n16_t0,16,"[0, 1]",26.143,26.096 26.144 26.159
16x64,4096x14336,1,adopted,random,0.75,n16k64_wA_n16_t0,16,"[0, 1]",26.048,26.175 25.967 26.015
16x64,4096x14336,1,adopted,contiguous,0.01,n16k64_wA_n16_t0,16,"[0, 1]",25.760,25.808 25.824 25.680
16x64,4096x14336,1,adopted,contiguous,0.02,n16k64_wA_n16_t0,16,"[0, 1]",25.696,25.760 25.680 25.680
16x64,4096x14336,1,adopted,contiguous,0.05,n16k64_wA_n16_t0,16,"[0, 1]",25.792,25.872 25.760 25.823
16x64,4096x14336,1,adopted,contiguous,0.1,n16k64_wA_n16_t0,16,"[0, 1]",25.696,25.696 25.664 25.696
16x64,4096x14336,1,adopted,contiguous,0.25,n16k64_wA_n16_t0,16,"[0, 1]",25.824,25.823 25.728 25.903
16x64,4096x14336,1,adopted,contiguous,0.5,n16k64_wA_n16_t0,16,"[0, 1]",25.952,25.967 25.952 25.919
16x64,4096x14336,1,adopted,contiguous,0.75,n16k64_wA_n16_t0,16,"[0, 1]",25.920,25.919 25.904 25.968
16x64,4096x14336,1,adopted,real,0.02432687021791935,n16k64_wA_n16_t0,16,"[0, 1]",25.887,25.888 25.840 25.919
16x64,4096x14336,1,previous,all,0.0,n16k64_wA_n16_t0,16,"[0, 1]",25.631,25.631 25.648 25.616
16x64,4096x14336,1,previous,all,1.0,n16k64_wA_n16_t0,16,"[0, 1]",26.112,26.128 26.128 26.096
16x64,4096x14336,1,previous,random,0.01,n16k64_wA_n16_t0,16,"[0, 1]",25.599,25.616 25.504 25.600
16x64,4096x14336,1,previous,random,0.02,n16k64_wA_n16_t0,16,"[0, 1]",25.616,25.567 25.664 25.632
16x64,4096x14336,1,previous,random,0.05,n16k64_wA_n16_t0,16,"[0, 1]",25.760,25.776 25.808 25.728
16x64,4096x14336,1,previous,random,0.1,n16k64_wA_n16_t0,16,"[0, 1]",25.887,25.904 25.856 25.887
16x64,4096x14336,1,previous,random,0.25,n16k64_wA_n16_t0,16,"[0, 1]",25.984,26.032 25.984 25.951
16x64,4096x14336,1,previous,random,0.5,n16k64_wA_n16_t0,16,"[0, 1]",26.144,26.239 26.144 26.095
16x64,4096x14336,1,previous,random,0.75,n16k64_wA_n16_t0,16,"[0, 1]",26.048,26.016 26.127 26.000
16x64,4096x14336,1,previous,contiguous,0.01,n16k64_wA_n16_t0,16,"[0, 1]",25.728,25.728 25.664 25.840
16x64,4096x14336,1,previous,contiguous,0.02,n16k64_wA_n16_t0,16,"[0, 1]",25.664,25.680 25.616 25.743
16x64,4096x14336,1,previous,contiguous,0.05,n16k64_wA_n16_t0,16,"[0, 1]",25.840,25.791 25.824 25.872
16x64,4096x14336,1,previous,contiguous,0.1,n16k64_wA_n16_t0,16,"[0, 1]",25.728,25.728 25.696 25.760
16x64,4096x14336,1,previous,contiguous,0.25,n16k64_wA_n16_t0,16,"[0, 1]",25.807,25.807 25.760 25.824
16x64,4096x14336,1,previous,contiguous,0.5,n16k64_wA_n16_t0,16,"[0, 1]",25.888,25.968 25.872 25.840
16x64,4096x14336,1,previous,contiguous,0.75,n16k64_wA_n16_t0,16,"[0, 1]",25.952,25.872 25.968 25.952
16x64,4096x14336,1,previous,real,0.02432687021791935,n16k64_wA_n16_t0,16,"[0, 1]",25.919,25.904 25.872 25.936
16x64,4096x14336,1,paper,all,0.0,n16k64_wA_n16,16,"[0, 1]",25.792,25.744 25.839 25.824
16x64,4096x14336,1,paper,all,1.0,n16k64_wA_n16,16,"[0, 1]",26.047,26.031 26.032 26.079
16x64,4096x14336,1,paper,random,0.01,n16k64_wA_n16,16,"[0, 1]",25.775,25.792 25.791 25.632
16x64,4096x14336,1,paper,random,0.02,n16k64_wA_n16,16,"[0, 1]",25.648,25.695 25.632 25.648
16x64,4096x14336,1,paper,random,0.05,n16k64_wA_n16,16,"[0, 1]",25.744,25.760 25.744 25.728
16x64,4096x14336,1,paper,random,0.1,n16k64_wA_n16,16,"[0, 1]",25.903,25.888 25.871 25.919
16x64,4096x14336,1,paper,random,0.25,n16k64_wA_n16,16,"[0, 1]",25.920,25.919 25.984 25.887
16x64,4096x14336,1,paper,random,0.5,n16k64_wA_n16,16,"[0, 1]",26.064,26.047 26.095 26.047
16x64,4096x14336,1,paper,random,0.75,n16k64_wA_n16,16,"[0, 1]",25.968,25.952 25.920 25.984
16x64,4096x14336,1,paper,contiguous,0.01,n16k64_wA_n16,16,"[0, 1]",25.888,25.840 25.904 25.984
16x64,4096x14336,1,paper,contiguous,0.02,n16k64_wA_n16,16,"[0, 1]",25.760,25.760 25.728 25.776
16x64,4096x14336,1,paper,contiguous,0.05,n16k64_wA_n16,16,"[0, 1]",25.920,25.888 25.920 25.984
16x64,4096x14336,1,paper,contiguous,0.1,n16k64_wA_n16,16,"[0, 1]",25.776,25.776 25.744 25.792
16x64,4096x14336,1,paper,contiguous,0.25,n16k64_wA_n16,16,"[0, 1]",25.936,25.919 25.889 25.984
16x64,4096x14336,1,paper,contiguous,0.5,n16k64_wA_n16,16,"[0, 1]",25.920,25.952 25.919 25.968
16x64,4096x14336,1,paper,contiguous,0.75,n16k64_wA_n16,16,"[0, 1]",25.872,25.903 25.808 25.888
16x64,4096x14336,1,paper,real,0.02432687021791935,n16k64_wA_n16,16,"[0, 1]",25.984,25.904 26.096 25.984
16x64,4096x14336,1,ceiling,reference,,n16k64_wA_nodisp_n16_t0,16,"[0, 1]",25.521,25.504 25.536 25.504
16x64,4096x14336,1,stock_ko,reference,,stock_wA_n16,16,"[0, 1]",25.535,25.536 25.504 25.519
16x64,4096x14336,1,stock,reference,,stock_wA_n16,16,"[0, 1]",25.536,25.504 25.599 25.536
16x64,4096x14336,16,adopted,all,0.0,n16k64_wA_n16_t0,16,"[0, 1]",25.551,25.456 25.552 25.568
16x64,4096x14336,16,adopted,all,1.0,n16k64_wA_n16_t0,16,"[0, 1]",25.935,26.000 25.903 25.888
16x64,4096x14336,16,adopted,random,0.01,n16k64_wA_n16_t0,16,"[0, 1]",25.520,25.472 25.520 25.568
16x64,4096x14336,16,adopted,random,0.02,n16k64_wA_n16_t0,16,"[0, 1]",25.472,25.472 25.456 25.472
16x64,4096x14336,16,adopted,random,0.05,n16k64_wA_n16_t0,16,"[0, 1]",25.680,25.679 25.696 25.696
16x64,4096x14336,16,adopted,random,0.1,n16k64_wA_n16_t0,16,"[0, 1]",25.856,25.824 25.871 25.856
16x64,4096x14336,16,adopted,random,0.25,n16k64_wA_n16_t0,16,"[0, 1]",25.887,25.967 25.952 25.792
16x64,4096x14336,16,adopted,random,0.5,n16k64_wA_n16_t0,16,"[0, 1]",26.016,26.032 26.032 26.016
16x64,4096x14336,16,adopted,random,0.75,n16k64_wA_n16_t0,16,"[0, 1]",26.016,25.983 26.112 25.904
16x64,4096x14336,16,adopted,contiguous,0.01,n16k64_wA_n16_t0,16,"[0, 1]",25.632,25.599 25.696 25.568
16x64,4096x14336,16,adopted,contiguous,0.02,n16k64_wA_n16_t0,16,"[0, 1]",25.568,25.520 25.599 25.504
16x64,4096x14336,16,adopted,contiguous,0.05,n16k64_wA_n16_t0,16,"[0, 1]",25.664,25.727 25.632 25.663
16x64,4096x14336,16,adopted,contiguous,0.1,n16k64_wA_n16_t0,16,"[0, 1]",25.519,25.536 25.568 25.440
16x64,4096x14336,16,adopted,contiguous,0.25,n16k64_wA_n16_t0,16,"[0, 1]",25.680,25.728 25.664 25.680
16x64,4096x14336,16,adopted,contiguous,0.5,n16k64_wA_n16_t0,16,"[0, 1]",25.856,25.792 25.872 25.872
16x64,4096x14336,16,adopted,contiguous,0.75,n16k64_wA_n16_t0,16,"[0, 1]",25.824,25.792 25.840 25.824
16x64,4096x14336,16,adopted,real,0.02432687021791935,n16k64_wA_n16_t0,16,"[0, 1]",25.792,25.840 25.696 25.904
16x64,4096x14336,16,previous,all,0.0,n16k64_wA_n16_t0,16,"[0, 1]",25.520,25.568 25.536 25.472
16x64,4096x14336,16,previous,all,1.0,n16k64_wA_n16_t0,16,"[0, 1]",25.983,26.000 26.032 25.952
16x64,4096x14336,16,previous,random,0.01,n16k64_wA_n16_t0,16,"[0, 1]",25.568,25.600 25.552 25.520
16x64,4096x14336,16,previous,random,0.02,n16k64_wA_n16_t0,16,"[0, 1]",25.504,25.520 25.487 25.473
16x64,4096x14336,16,previous,random,0.05,n16k64_wA_n16_t0,16,"[0, 1]",25.696,25.711 25.680 25.696
16x64,4096x14336,16,previous,random,0.1,n16k64_wA_n16_t0,16,"[0, 1]",25.856,25.856 25.824 25.872
16x64,4096x14336,16,previous,random,0.25,n16k64_wA_n16_t0,16,"[0, 1]",25.952,25.920 25.984 26.000
16x64,4096x14336,16,previous,random,0.5,n16k64_wA_n16_t0,16,"[0, 1]",26.032,25.968 25.952 26.111
16x64,4096x14336,16,previous,random,0.75,n16k64_wA_n16_t0,16,"[0, 1]",25.952,25.952 25.968 25.904
16x64,4096x14336,16,previous,contiguous,0.01,n16k64_wA_n16_t0,16,"[0, 1]",25.648,25.712 25.600 25.599
16x64,4096x14336,16,previous,contiguous,0.02,n16k64_wA_n16_t0,16,"[0, 1]",25.599,25.616 25.552 25.600
16x64,4096x14336,16,previous,contiguous,0.05,n16k64_wA_n16_t0,16,"[0, 1]",25.679,25.695 25.568 25.712
16x64,4096x14336,16,previous,contiguous,0.1,n16k64_wA_n16_t0,16,"[0, 1]",25.536,25.536 25.568 25.552
16x64,4096x14336,16,previous,contiguous,0.25,n16k64_wA_n16_t0,16,"[0, 1]",25.664,25.695 25.616 25.744
16x64,4096x14336,16,previous,contiguous,0.5,n16k64_wA_n16_t0,16,"[0, 1]",25.744,25.792 25.728 25.744
16x64,4096x14336,16,previous,contiguous,0.75,n16k64_wA_n16_t0,16,"[0, 1]",25.776,25.760 25.824 25.760
16x64,4096x14336,16,previous,real,0.02432687021791935,n16k64_wA_n16_t0,16,"[0, 1]",25.824,25.856 25.856 25.792
16x64,4096x14336,16,paper,all,0.0,n16k64_wA_n16,16,"[0, 1]",25.696,25.728 25.632 25.696
16x64,4096x14336,16,paper,all,1.0,n16k64_wA_n16,16,"[0, 1]",25.936,25.824 26.000 25.936
16x64,4096x14336,16,paper,random,0.01,n16k64_wA_n16,16,"[0, 1]",25.663,25.663 25.696 25.631
16x64,4096x14336,16,paper,random,0.02,n16k64_wA_n16,16,"[0, 1]",25.600,25.600 25.632 25.584
16x64,4096x14336,16,paper,random,0.05,n16k64_wA_n16,16,"[0, 1]",25.712,25.743 25.679 25.712
16x64,4096x14336,16,paper,random,0.1,n16k64_wA_n16,16,"[0, 1]",25.792,25.776 25.792 25.823
16x64,4096x14336,16,paper,random,0.25,n16k64_wA_n16,16,"[0, 1]",25.840,25.856 25.792 25.824
16x64,4096x14336,16,paper,random,0.5,n16k64_wA_n16,16,"[0, 1]",25.968,25.935 26.016 25.936
16x64,4096x14336,16,paper,random,0.75,n16k64_wA_n16,16,"[0, 1]",25.888,25.872 25.904 25.888
16x64,4096x14336,16,paper,contiguous,0.01,n16k64_wA_n16,16,"[0, 1]",25.760,25.680 25.775 25.711
16x64,4096x14336,16,paper,contiguous,0.02,n16k64_wA_n16,16,"[0, 1]",25.696,25.696 25.648 25.728
16x64,4096x14336,16,paper,contiguous,0.05,n16k64_wA_n16,16,"[0, 1]",25.824,25.807 25.824 25.823
16x64,4096x14336,16,paper,contiguous,0.1,n16k64_wA_n16,16,"[0, 1]",25.743,25.760 25.616 25.792
16x64,4096x14336,16,paper,contiguous,0.25,n16k64_wA_n16,16,"[0, 1]",25.792,25.776 25.744 25.840
16x64,4096x14336,16,paper,contiguous,0.5,n16k64_wA_n16,16,"[0, 1]",25.872,25.792 25.952 25.824
16x64,4096x14336,16,paper,contiguous,0.75,n16k64_wA_n16,16,"[0, 1]",25.760,25.712 25.760 25.792
16x64,4096x14336,16,paper,real,0.02432687021791935,n16k64_wA_n16,16,"[0, 1]",25.904,25.840 25.888 25.967
16x64,4096x14336,16,ceiling,reference,,n16k64_wA_nodisp_n16_t0,16,"[0, 1]",25.408,25.440 25.375 25.376
16x64,4096x14336,16,stock_ko,reference,,stock_wA_n16,16,"[0, 1]",25.408,25.440 25.375 25.376
16x64,4096x14336,16,stock,reference,,stock_wA_n16,16,"[0, 1]",25.392,25.359 25.328 25.440
16x64,4096x14336,128,adopted,all,0.0,n16k64_wA_n32_t0,32,"[1, 1]",28.191,28.192 28.192 28.144
16x64,4096x14336,128,adopted,all,1.0,n16k64_wA_n32_t0,32,"[1, 1]",28.960,28.960 29.008 28.896
16x64,4096x14336,128,adopted,random,0.01,n16k64_wA_n32_t0,32,"[1, 1]",28.224,28.224 28.256 28.208
16x64,4096x14336,128,adopted,random,0.02,n16k64_wA_n32_t0,32,"[1, 1]",28.256,28.256 28.304 28.208
16x64,4096x14336,128,adopted,random,0.05,n16k64_wA_n32_t0,32,"[1, 1]",28.352,28.383 28.351 28.399
16x64,4096x14336,128,adopted,random,0.1,n16k64_wA_n32_t0,32,"[1, 1]",28.544,28.512 28.576 28.544
16x64,4096x14336,128,adopted,random,0.25,n16k64_wA_n32_t0,32,"[1, 1]",28.800,28.784 28.720 28.800
16x64,4096x14336,128,adopted,random,0.5,n16k64_wA_n32_t0,32,"[1, 1]",28.832,28.800 28.816 28.896
16x64,4096x14336,128,adopted,random,0.75,n16k64_wA_n32_t0,32,"[1, 1]",28.992,29.023 29.024 28.992
16x64,4096x14336,128,adopted,contiguous,0.01,n16k64_wA_n32_t0,32,"[1, 1]",28.240,28.255 28.256 28.240
16x64,4096x14336,128,adopted,contiguous,0.02,n16k64_wA_n32_t0,32,"[1, 1]",28.288,28.335 28.320 28.239
16x64,4096x14336,128,adopted,contiguous,0.05,n16k64_wA_n32_t0,32,"[1, 1]",28.320,28.399 28.320 28.304
16x64,4096x14336,128,adopted,contiguous,0.1,n16k64_wA_n32_t0,32,"[1, 1]",28.768,28.768 28.720 28.736
16x64,4096x14336,128,adopted,contiguous,0.25,n16k64_wA_n32_t0,32,"[1, 1]",28.799,28.815 28.768 28.832
16x64,4096x14336,128,adopted,contiguous,0.5,n16k64_wA_n32_t0,32,"[1, 1]",28.864,28.832 28.848 28.896
16x64,4096x14336,128,adopted,contiguous,0.75,n16k64_wA_n32_t0,32,"[1, 1]",28.847,28.896 28.831 28.832
16x64,4096x14336,128,adopted,real,0.02432687021791935,n16k64_wA_n32_t0,32,"[1, 1]",28.416,28.400 28.384 28.480
16x64,4096x14336,128,previous,all,0.0,n16k64_wA_n32_t0,32,"[1, 1]",28.192,28.208 28.159 28.223
16x64,4096x14336,128,previous,all,1.0,n16k64_wA_n32_t0,32,"[1, 1]",28.928,28.944 28.928 28.928
16x64,4096x14336,128,previous,random,0.01,n16k64_wA_n32_t0,32,"[1, 1]",28.191,28.048 28.208 28.224
16x64,4096x14336,128,previous,random,0.02,n16k64_wA_n32_t0,32,"[1, 1]",28.288,28.352 28.288 28.304
16x64,4096x14336,128,previous,random,0.05,n16k64_wA_n32_t0,32,"[1, 1]",28.320,28.320 28.256 28.351
16x64,4096x14336,128,previous,random,0.1,n16k64_wA_n32_t0,32,"[1, 1]",28.544,28.575 28.528 28.560
16x64,4096x14336,128,previous,random,0.25,n16k64_wA_n32_t0,32,"[1, 1]",28.752,28.768 28.719 28.752
16x64,4096x14336,128,previous,random,0.5,n16k64_wA_n32_t0,32,"[1, 1]",28.896,28.896 28.848 28.896
16x64,4096x14336,128,previous,random,0.75,n16k64_wA_n32_t0,32,"[1, 1]",28.960,29.008 28.880 28.943
16x64,4096x14336,128,previous,contiguous,0.01,n16k64_wA_n32_t0,32,"[1, 1]",28.192,28.224 28.160 28.239
16x64,4096x14336,128,previous,contiguous,0.02,n16k64_wA_n32_t0,32,"[1, 1]",28.192,28.208 28.160 28.256
16x64,4096x14336,128,previous,contiguous,0.05,n16k64_wA_n32_t0,32,"[1, 1]",28.255,28.255 28.271 28.192
16x64,4096x14336,128,previous,contiguous,0.1,n16k64_wA_n32_t0,32,"[1, 1]",28.672,28.624 28.703 28.672
16x64,4096x14336,128,previous,contiguous,0.25,n16k64_wA_n32_t0,32,"[1, 1]",28.768,28.800 28.736 28.769
16x64,4096x14336,128,previous,contiguous,0.5,n16k64_wA_n32_t0,32,"[1, 1]",28.800,28.832 28.784 28.735
16x64,4096x14336,128,previous,contiguous,0.75,n16k64_wA_n32_t0,32,"[1, 1]",28.880,28.896 28.864 28.864
16x64,4096x14336,128,previous,real,0.02432687021791935,n16k64_wA_n32_t0,32,"[1, 1]",28.384,28.384 28.400 28.336
16x64,4096x14336,128,paper,all,0.0,n16k64_wA_n32,32,"[0, 1]",29.631,29.664 29.647 29.568
16x64,4096x14336,128,paper,all,1.0,n16k64_wA_n32,32,"[0, 1]",29.760,29.743 29.760 29.744
16x64,4096x14336,128,paper,random,0.01,n16k64_wA_n32,32,"[0, 1]",29.632,29.584 29.632 29.663
16x64,4096x14336,128,paper,random,0.02,n16k64_wA_n32,32,"[0, 1]",29.600,29.680 29.568 29.584
16x64,4096x14336,128,paper,random,0.05,n16k64_wA_n32,32,"[0, 1]",29.568,29.568 29.520 29.664
16x64,4096x14336,128,paper,random,0.1,n16k64_wA_n32,32,"[0, 1]",29.824,29.824 29.824 29.792
16x64,4096x14336,128,paper,random,0.25,n16k64_wA_n32,32,"[0, 1]",29.728,29.727 29.792 29.728
16x64,4096x14336,128,paper,random,0.5,n16k64_wA_n32,32,"[0, 1]",29.919,29.936 29.855 29.919
16x64,4096x14336,128,paper,random,0.75,n16k64_wA_n32,32,"[0, 1]",29.951,29.968 29.920 29.920
16x64,4096x14336,128,paper,contiguous,0.01,n16k64_wA_n32,32,"[0, 1]",29.648,29.648 29.680 29.616
16x64,4096x14336,128,paper,contiguous,0.02,n16k64_wA_n32,32,"[0, 1]",29.616,29.616 29.599 29.680
16x64,4096x14336,128,paper,contiguous,0.05,n16k64_wA_n32,32,"[0, 1]",29.664,29.584 29.712 29.648
16x64,4096x14336,128,paper,contiguous,0.1,n16k64_wA_n32,32,"[0, 1]",29.727,29.744 29.727 29.696
16x64,4096x14336,128,paper,contiguous,0.25,n16k64_wA_n32,32,"[0, 1]",29.728,29.759 29.760 29.584
16x64,4096x14336,128,paper,contiguous,0.5,n16k64_wA_n32,32,"[0, 1]",29.711,29.712 29.728 29.632
16x64,4096x14336,128,paper,contiguous,0.75,n16k64_wA_n32,32,"[0, 1]",29.728,29.712 29.728 29.728
16x64,4096x14336,128,paper,real,0.02432687021791935,n16k64_wA_n32,32,"[0, 1]",29.856,29.824 29.936 29.775
16x64,4096x14336,128,ceiling,reference,,n16k64_wA_nodisp_n32_t0,32,"[1, 1]",27.936,27.952 27.920 27.968
16x64,4096x14336,128,stock_ko,reference,,stock_wA_n64,64,"[1, 1]",27.616,27.568 27.632 27.695
16x64,4096x14336,128,stock,reference,,stock_wA_n64,64,"[0, 1]",27.776,27.696 27.744 27.856
16x64,4096x14336,512,adopted,all,0.0,n16k64_wA_e64_t0,128,"[0, 1]",49.952,49.983 50.064 49.952
16x64,4096x14336,512,adopted,all,1.0,n16k64_wA_e64_t0,128,"[0, 1]",56.528,56.688 56.415 56.400
16x64,4096x14336,512,adopted,random,0.01,n16k64_wA_e64_t0,128,"[0, 1]",50.303,50.303 50.288 50.304
16x64,4096x14336,512,adopted,random,0.02,n16k64_wA_e64_t0,128,"[0, 1]",50.527,50.640 50.527 50.383
16x64,4096x14336,512,adopted,random,0.05,n16k64_wA_e64_t0,128,"[0, 1]",51.023,51.007 51.007 51.024
16x64,4096x14336,512,adopted,random,0.1,n16k64_wA_e64_t0,128,"[0, 1]",51.856,51.872 51.824 51.920
16x64,4096x14336,512,adopted,random,0.25,n16k64_wA_e64_t0,128,"[0, 1]",54.655,54.543 54.767 54.608
16x64,4096x14336,512,adopted,random,0.5,n16k64_wA_e64_t0,128,"[0, 1]",56.768,56.656 56.928 56.799
16x64,4096x14336,512,adopted,random,0.75,n16k64_wA_e64_t0,128,"[0, 1]",56.480,56.399 56.495 56.624
16x64,4096x14336,512,adopted,contiguous,0.01,n16k64_wA_e64_t0,128,"[0, 1]",64.800,64.720 64.976 64.687
16x64,4096x14336,512,adopted,contiguous,0.02,n16k64_wA_e64_t0,128,"[0, 1]",62.912,62.976 62.847 62.959
16x64,4096x14336,512,adopted,contiguous,0.05,n16k64_wA_e64_t0,128,"[0, 1]",63.455,63.567 63.216 63.375
16x64,4096x14336,512,adopted,contiguous,0.1,n16k64_wA_e64_t0,128,"[0, 1]",64.463,64.448 64.416 64.527
16x64,4096x14336,512,adopted,contiguous,0.25,n16k64_wA_e64_t0,128,"[0, 1]",58.000,58.016 58.032 57.999
16x64,4096x14336,512,adopted,contiguous,0.5,n16k64_wA_e64_t0,128,"[0, 1]",57.695,57.824 57.408 57.679
16x64,4096x14336,512,adopted,contiguous,0.75,n16k64_wA_e64_t0,128,"[0, 1]",57.087,57.183 57.072 56.912
16x64,4096x14336,512,adopted,real,0.02432687021791935,n16k64_wA_e64_t0,128,"[0, 1]",50.591,50.672 50.639 50.527
16x64,4096x14336,512,previous,all,0.0,n16k64_wA_e64_t0,128,"[0, 1]",50.496,50.495 50.559 50.431
16x64,4096x14336,512,previous,all,1.0,n16k64_wA_e64_t0,128,"[0, 1]",54.832,54.559 55.503 54.592
16x64,4096x14336,512,previous,random,0.01,n16k64_wA_e64_t0,128,"[0, 1]",51.120,51.360 51.392 50.592
16x64,4096x14336,512,previous,random,0.02,n16k64_wA_e64_t0,128,"[0, 1]",51.168,51.424 51.327 50.688
16x64,4096x14336,512,previous,random,0.05,n16k64_wA_e64_t0,128,"[0, 1]",51.903,52.144 51.919 51.503
16x64,4096x14336,512,previous,random,0.1,n16k64_wA_e64_t0,128,"[0, 1]",53.120,53.568 53.119 52.719
16x64,4096x14336,512,previous,random,0.25,n16k64_wA_e64_t0,128,"[0, 1]",56.704,57.119 56.624 56.336
16x64,4096x14336,512,previous,random,0.5,n16k64_wA_e64_t0,128,"[0, 1]",59.440,60.192 59.103 59.264
16x64,4096x14336,512,previous,random,0.75,n16k64_wA_e64_t0,128,"[0, 1]",59.919,60.655 59.584 59.584
16x64,4096x14336,512,previous,contiguous,0.01,n16k64_wA_e64_t0,128,"[0, 1]",66.816,68.480 66.543 66.543
16x64,4096x14336,512,previous,contiguous,0.02,n16k64_wA_e64_t0,128,"[0, 1]",65.567,66.720 65.232 65.263
16x64,4096x14336,512,previous,contiguous,0.05,n16k64_wA_e64_t0,128,"[0, 1]",65.759,66.688 65.408 65.376
16x64,4096x14336,512,previous,contiguous,0.1,n16k64_wA_e64_t0,128,"[0, 1]",67.200,67.999 66.943 66.703
16x64,4096x14336,512,previous,contiguous,0.25,n16k64_wA_e64_t0,128,"[0, 1]",56.127,56.752 55.871 55.776
16x64,4096x14336,512,previous,contiguous,0.5,n16k64_wA_e64_t0,128,"[0, 1]",55.871,56.352 55.599 55.519
16x64,4096x14336,512,previous,contiguous,0.75,n16k64_wA_e64_t0,128,"[0, 1]",55.375,55.728 55.263 55.215
16x64,4096x14336,512,previous,real,0.02432687021791935,n16k64_wA_e64_t0,128,"[0, 1]",51.120,51.568 50.831 51.024
16x64,4096x14336,512,paper,all,0.0,n16k64_wA,128,"[0, 1]",52.416,52.895 52.303 52.304
16x64,4096x14336,512,paper,all,1.0,n16k64_wA,128,"[0, 1]",58.320,59.088 58.047 58.144
16x64,4096x14336,512,paper,random,0.01,n16k64_wA,128,"[0, 1]",52.863,53.264 52.591 52.575
16x64,4096x14336,512,paper,random,0.02,n16k64_wA,128,"[0, 1]",52.767,53.392 52.608 52.560
16x64,4096x14336,512,paper,random,0.05,n16k64_wA,128,"[0, 1]",53.168,53.759 53.008 53.056
16x64,4096x14336,512,paper,random,0.1,n16k64_wA,128,"[0, 1]",53.888,54.431 53.727 53.568
16x64,4096x14336,512,paper,random,0.25,n16k64_wA,128,"[0, 1]",54.816,55.328 54.608 54.592
16x64,4096x14336,512,paper,random,0.5,n16k64_wA,128,"[0, 1]",56.143,56.783 56.016 55.727
16x64,4096x14336,512,paper,random,0.75,n16k64_wA,128,"[0, 1]",57.279,57.807 57.135 56.960
16x64,4096x14336,512,paper,contiguous,0.01,n16k64_wA,128,"[0, 1]",56.256,57.072 55.952 55.951
16x64,4096x14336,512,paper,contiguous,0.02,n16k64_wA,128,"[0, 1]",60.799,61.311 60.304 60.191
16x64,4096x14336,512,paper,contiguous,0.05,n16k64_wA,128,"[0, 1]",60.848,61.247 60.368 60.223
16x64,4096x14336,512,paper,contiguous,0.1,n16k64_wA,128,"[0, 1]",60.591,61.168 60.463 60.336
16x64,4096x14336,512,paper,contiguous,0.25,n16k64_wA,128,"[0, 1]",60.368,60.847 60.096 60.175
16x64,4096x14336,512,paper,contiguous,0.5,n16k64_wA,128,"[0, 1]",59.696,60.192 59.535 59.439
16x64,4096x14336,512,paper,contiguous,0.75,n16k64_wA,128,"[0, 1]",59.088,59.488 58.895 58.816
16x64,4096x14336,512,paper,real,0.02432687021791935,n16k64_wA,128,"[0, 1]",52.912,53.200 52.816 52.687
16x64,4096x14336,512,ceiling,reference,,n16k64_wA_nodisp_e64_t0,128,"[0, 1]",50.496,50.544 50.640 50.160
16x64,4096x14336,512,stock_ko,reference,,stock_wA_e64,128,"[1, 1]",50.528,50.528 50.527 50.544
16x64,4096x14336,512,stock,reference,,stock_wA,128,"[0, 1]",50.799,50.912 50.864 50.495
16x64,4096x14336,2048,adopted,all,0.0,n16k64_wA_e64_t0,128,"[0, 2]",199.695,202.559 199.039 199.214
16x64,4096x14336,2048,adopted,all,1.0,n16k64_wA_e64_t0,128,"[0, 2]",211.390,211.119 211.550 211.438
16x64,4096x14336,2048,adopted,random,0.01,n16k64_wA_e64_t0,128,"[0, 2]",199.614,201.711 199.198 199.086
16x64,4096x14336,2048,adopted,random,0.02,n16k64_wA_e64_t0,128,"[0, 2]",199.935,202.159 199.663 199.614
16x64,4096x14336,2048,adopted,random,0.05,n16k64_wA_e64_t0,128,"[0, 2]",200.382,202.078 200.302 200.238
16x64,4096x14336,2048,adopted,random,0.1,n16k64_wA_e64_t0,128,"[0, 2]",202.414,203.374 201.855 202.079
16x64,4096x14336,2048,adopted,random,0.25,n16k64_wA_e64_t0,128,"[0, 2]",208.766,209.615 208.574 208.238
16x64,4096x14336,2048,adopted,random,0.5,n16k64_wA_e64_t0,128,"[0, 2]",212.494,213.135 211.582 212.286
16x64,4096x14336,2048,adopted,random,0.75,n16k64_wA_e64_t0,128,"[0, 2]",212.143,212.974 211.549 211.870
16x64,4096x14336,2048,adopted,contiguous,0.01,n16k64_wA_e64_t0,128,"[0, 2]",201.007,203.406 200.223 200.335
16x64,4096x14336,2048,adopted,contiguous,0.02,n16k64_wA_e64_t0,128,"[0, 2]",200.366,200.158 200.094 200.766
16x64,4096x14336,2048,adopted,contiguous,0.05,n16k64_wA_e64_t0,128,"[0, 2]",201.294,201.758 201.407 200.638
16x64,4096x14336,2048,adopted,contiguous,0.1,n16k64_wA_e64_t0,128,"[0, 2]",203.519,203.550 203.839 203.471
16x64,4096x14336,2048,adopted,contiguous,0.25,n16k64_wA_e64_t0,128,"[0, 2]",204.158,204.206 203.966 204.334
16x64,4096x14336,2048,adopted,contiguous,0.5,n16k64_wA_e64_t0,128,"[0, 2]",207.855,207.647 207.998 207.742
16x64,4096x14336,2048,adopted,contiguous,0.75,n16k64_wA_e64_t0,128,"[0, 2]",209.038,209.054 209.023 208.894
16x64,4096x14336,2048,adopted,real,0.02432687021791935,n16k64_wA_e64_t0,128,"[0, 2]",200.127,200.494 200.047 199.599
16x64,4096x14336,2048,previous,all,0.0,n16k64_wA_e64_t0,128,"[0, 2]",200.063,200.126 200.126 199.934
16x64,4096x14336,2048,previous,all,1.0,n16k64_wA_e64_t0,128,"[0, 2]",209.742,209.678 209.742 209.870
16x64,4096x14336,2048,previous,random,0.01,n16k64_wA_e64_t0,128,"[0, 2]",200.190,200.495 200.030 200.094
16x64,4096x14336,2048,previous,random,0.02,n16k64_wA_e64_t0,128,"[0, 2]",200.542,200.367 200.606 200.639
16x64,4096x14336,2048,previous,random,0.05,n16k64_wA_e64_t0,128,"[0, 2]",201.278,201.262 201.022 201.342
16x64,4096x14336,2048,previous,random,0.1,n16k64_wA_e64_t0,128,"[0, 2]",202.974,202.911 202.942 203.246
16x64,4096x14336,2048,previous,random,0.25,n16k64_wA_e64_t0,128,"[0, 2]",210.910,210.830 210.910 210.974
16x64,4096x14336,2048,previous,random,0.5,n16k64_wA_e64_t0,128,"[0, 2]",215.997,216.046 215.727 216.286
16x64,4096x14336,2048,previous,random,0.75,n16k64_wA_e64_t0,128,"[0, 2]",216.686,216.494 216.510 216.990
16x64,4096x14336,2048,previous,contiguous,0.01,n16k64_wA_e64_t0,128,"[0, 2]",200.639,200.542 200.014 201.311
16x64,4096x14336,2048,previous,contiguous,0.02,n16k64_wA_e64_t0,128,"[0, 2]",200.639,200.446 200.639 201.039
16x64,4096x14336,2048,previous,contiguous,0.05,n16k64_wA_e64_t0,128,"[0, 2]",201.262,201.246 200.735 202.126
16x64,4096x14336,2048,previous,contiguous,0.1,n16k64_wA_e64_t0,128,"[0, 2]",202.670,202.335 202.510 203.086
16x64,4096x14336,2048,previous,contiguous,0.25,n16k64_wA_e64_t0,128,"[0, 2]",204.063,204.126 203.455 204.398
16x64,4096x14336,2048,previous,contiguous,0.5,n16k64_wA_e64_t0,128,"[0, 2]",207.310,207.311 206.974 207.518
16x64,4096x14336,2048,previous,contiguous,0.75,n16k64_wA_e64_t0,128,"[0, 2]",207.614,208.079 207.534 207.550
16x64,4096x14336,2048,previous,real,0.02432687021791935,n16k64_wA_e64_t0,128,"[0, 2]",200.703,200.590 200.639 200.815
16x64,4096x14336,2048,paper,all,0.0,n16k64_wA,128,"[0, 1]",203.454,203.503 203.678 203.375
16x64,4096x14336,2048,paper,all,1.0,n16k64_wA,128,"[0, 1]",214.414,214.414 214.078 214.958
16x64,4096x14336,2048,paper,random,0.01,n16k64_wA,128,"[0, 1]",203.502,203.278 203.327 203.774
16x64,4096x14336,2048,paper,random,0.02,n16k64_wA,128,"[0, 1]",203.967,204.046 204.079 203.838
16x64,4096x14336,2048,paper,random,0.05,n16k64_wA,128,"[0, 1]",204.606,204.670 204.543 204.782
16x64,4096x14336,2048,paper,random,0.1,n16k64_wA,128,"[0, 1]",205.455,205.438 205.374 205.710
16x64,4096x14336,2048,paper,random,0.25,n16k64_wA,128,"[0, 1]",208.655,208.814 208.606 208.702
16x64,4096x14336,2048,paper,random,0.5,n16k64_wA,128,"[0, 1]",211.406,211.550 211.230 211.486
16x64,4096x14336,2048,paper,random,0.75,n16k64_wA,128,"[0, 1]",213.134,213.118 212.926 213.278
16x64,4096x14336,2048,paper,contiguous,0.01,n16k64_wA,128,"[0, 1]",204.303,203.758 203.694 205.471
16x64,4096x14336,2048,paper,contiguous,0.02,n16k64_wA,128,"[0, 1]",204.575,204.350 203.903 205.870
16x64,4096x14336,2048,paper,contiguous,0.05,n16k64_wA,128,"[0, 1]",206.415,206.142 205.551 207.614
16x64,4096x14336,2048,paper,contiguous,0.1,n16k64_wA,128,"[0, 1]",206.734,206.606 206.783 206.782
16x64,4096x14336,2048,paper,contiguous,0.25,n16k64_wA,128,"[0, 1]",207.598,207.631 207.343 207.695
16x64,4096x14336,2048,paper,contiguous,0.5,n16k64_wA,128,"[0, 1]",210.926,210.926 210.799 211.071
16x64,4096x14336,2048,paper,contiguous,0.75,n16k64_wA,128,"[0, 1]",213.454,213.374 213.438 213.614
16x64,4096x14336,2048,paper,real,0.02432687021791935,n16k64_wA,128,"[0, 1]",204.302,204.318 204.126 204.255
16x64,4096x14336,2048,ceiling,reference,,n16k64_wA_nodisp_e64_t0,128,"[0, 2]",198.750,198.286 199.823 198.606
16x64,4096x14336,2048,stock_ko,reference,,stock_wA_e64,128,"[0, 1]",199.919,199.550 199.807 200.382
16x64,4096x14336,2048,stock,reference,,stock_wA,128,"[0, 1]",200.606,200.382 200.558 200.926
16x64,4096x14336,8192,adopted,all,0.0,n16k64_wA_e64_t0,128,"[2, 2]",726.057,727.690 728.713 722.378
16x64,4096x14336,8192,adopted,all,1.0,n16k64_wA_e64_t0,128,"[2, 2]",761.194,758.986 763.578 760.570
16x64,4096x14336,8192,adopted,random,0.01,n16k64_wA_e64_t0,128,"[2, 2]",727.850,721.691 729.083 728.762
16x64,4096x14336,8192,adopted,random,0.02,n16k64_wA_e64_t0,128,"[2, 2]",727.514,722.362 728.826 727.770
16x64,4096x14336,8192,adopted,random,0.05,n16k64_wA_e64_t0,128,"[2, 2]",730.009,725.051 732.490 729.466
16x64,4096x14336,8192,adopted,random,0.1,n16k64_wA_e64_t0,128,"[2, 2]",735.034,732.554 737.802 734.314
16x64,4096x14336,8192,adopted,random,0.25,n16k64_wA_e64_t0,128,"[2, 2]",753.081,742.379 756.106 753.257
16x64,4096x14336,8192,adopted,random,0.5,n16k64_wA_e64_t0,128,"[2, 2]",768.057,759.162 769.897 768.681
16x64,4096x14336,8192,adopted,random,0.75,n16k64_wA_e64_t0,128,"[2, 2]",769.306,761.449 771.657 769.673
16x64,4096x14336,8192,adopted,contiguous,0.01,n16k64_wA_e64_t0,128,"[2, 2]",732.569,729.546 733.674 732.186
16x64,4096x14336,8192,adopted,contiguous,0.02,n16k64_wA_e64_t0,128,"[2, 2]",729.083,725.786 729.114 731.994
16x64,4096x14336,8192,adopted,contiguous,0.05,n16k64_wA_e64_t0,128,"[2, 2]",732.457,728.650 733.593 732.425
16x64,4096x14336,8192,adopted,contiguous,0.1,n16k64_wA_e64_t0,128,"[2, 2]",734.842,729.946 736.202 735.673
16x64,4096x14336,8192,adopted,contiguous,0.25,n16k64_wA_e64_t0,128,"[2, 2]",735.274,730.874 736.122 736.426
16x64,4096x14336,8192,adopted,contiguous,0.5,n16k64_wA_e64_t0,128,"[2, 2]",741.690,737.626 743.226 742.313
16x64,4096x14336,8192,adopted,contiguous,0.75,n16k64_wA_e64_t0,128,"[2, 2]",748.986,748.347 753.241 746.777
16x64,4096x14336,8192,adopted,real,0.02432687021791935,n16k64_wA_e64_t0,128,"[2, 2]",728.825,727.355 730.202 728.074
16x64,4096x14336,8192,previous,all,0.0,n16k64_wA_e64_t0,128,"[2, 2]",732.554,729.083 732.138 733.257
16x64,4096x14336,8192,previous,all,1.0,n16k64_wA_e64_t0,128,"[2, 2]",757.257,754.682 756.217 761.769
16x64,4096x14336,8192,previous,random,0.01,n16k64_wA_e64_t0,128,"[2, 2]",729.898,721.114 729.866 734.586
16x64,4096x14336,8192,previous,random,0.02,n16k64_wA_e64_t0,128,"[2, 2]",730.361,726.299 730.057 735.722
16x64,4096x14336,8192,previous,random,0.05,n16k64_wA_e64_t0,128,"[2, 2]",731.929,730.251 731.785 738.649
16x64,4096x14336,8192,previous,random,0.1,n16k64_wA_e64_t0,128,"[2, 2]",738.971,737.035 738.490 743.242
16x64,4096x14336,8192,previous,random,0.25,n16k64_wA_e64_t0,128,"[2, 2]",761.274,757.962 761.243 765.850
16x64,4096x14336,8192,previous,random,0.5,n16k64_wA_e64_t0,128,"[2, 2]",778.522,778.170 773.674 785.738
16x64,4096x14336,8192,previous,random,0.75,n16k64_wA_e64_t0,128,"[2, 2]",781.737,780.553 780.634 788.089
16x64,4096x14336,8192,previous,contiguous,0.01,n16k64_wA_e64_t0,128,"[2, 2]",736.521,734.842 735.402 739.386
16x64,4096x14336,8192,previous,contiguous,0.02,n16k64_wA_e64_t0,128,"[2, 2]",735.514,734.011 733.482 737.850
16x64,4096x14336,8192,previous,contiguous,0.05,n16k64_wA_e64_t0,128,"[2, 2]",734.521,734.090 734.521 734.746
16x64,4096x14336,8192,previous,contiguous,0.1,n16k64_wA_e64_t0,128,"[2, 2]",740.378,738.266 739.146 742.889
16x64,4096x14336,8192,previous,contiguous,0.25,n16k64_wA_e64_t0,128,"[2, 2]",735.626,734.634 733.865 740.521
16x64,4096x14336,8192,previous,contiguous,0.5,n16k64_wA_e64_t0,128,"[2, 2]",740.618,739.450 740.090 744.826
16x64,4096x14336,8192,previous,contiguous,0.75,n16k64_wA_e64_t0,128,"[2, 2]",747.914,741.898 747.834 754.298
16x64,4096x14336,8192,previous,real,0.02432687021791935,n16k64_wA_e64_t0,128,"[2, 2]",732.026,729.706 730.762 735.994
16x64,4096x14336,8192,paper,all,0.0,n16k64_wA,128,"[0, 1]",752.570,751.129 751.099 756.778
16x64,4096x14336,8192,paper,all,1.0,n16k64_wA,128,"[0, 1]",785.081,781.322 784.058 788.633
16x64,4096x14336,8192,paper,random,0.01,n16k64_wA,128,"[0, 1]",753.961,750.298 754.121 756.233
16x64,4096x14336,8192,paper,random,0.02,n16k64_wA,128,"[0, 1]",751.754,751.113 749.657 756.489
16x64,4096x14336,8192,paper,random,0.05,n16k64_wA,128,"[0, 1]",755.385,752.474 755.497 757.322
16x64,4096x14336,8192,paper,random,0.1,n16k64_wA,128,"[0, 1]",759.001,755.370 759.514 760.873
16x64,4096x14336,8192,paper,random,0.25,n16k64_wA,128,"[0, 1]",767.177,764.426 767.593 769.498
16x64,4096x14336,8192,paper,random,0.5,n16k64_wA,128,"[0, 1]",776.906,776.057 778.474 775.705
16x64,4096x14336,8192,paper,random,0.75,n16k64_wA,128,"[0, 1]",783.402,782.410 783.034 784.649
16x64,4096x14336,8192,paper,contiguous,0.01,n16k64_wA,128,"[0, 1]",755.130,753.785 754.603 756.346
16x64,4096x14336,8192,paper,contiguous,0.02,n16k64_wA,128,"[0, 1]",760.762,757.865 761.577 762.698
16x64,4096x14336,8192,paper,contiguous,0.05,n16k64_wA,128,"[0, 1]",760.905,755.066 761.579 762.633
16x64,4096x14336,8192,paper,contiguous,0.1,n16k64_wA,128,"[0, 1]",765.209,762.218 765.481 766.617
16x64,4096x14336,8192,paper,contiguous,0.25,n16k64_wA,128,"[0, 1]",772.250,769.498 772.761 773.401
16x64,4096x14336,8192,paper,contiguous,0.5,n16k64_wA,128,"[0, 1]",782.346,778.649 782.858 783.417
16x64,4096x14336,8192,paper,contiguous,0.75,n16k64_wA,128,"[0, 1]",786.649,782.762 787.961 787.257
16x64,4096x14336,8192,paper,real,0.02432687021791935,n16k64_wA,128,"[0, 1]",754.473,753.930 757.001 752.809
16x64,4096x14336,8192,ceiling,reference,,n16k64_wA_nodisp_e64_t0,128,"[2, 2]",719.402,719.994 717.114 723.673
16x64,4096x14336,8192,stock_ko,reference,,stock_wA_e64,128,"[2, 1]",720.298,719.082 720.986 720.010
16x64,4096x14336,8192,stock,reference,,stock_wA,128,"[0, 1]",730.986,729.322 731.754 731.385
8x64,4096x4096,1,adopted,all,0.0,n8k64_wB_m16_t0,16,"[0, 1]",8.704,8.768 8.672 8.704
8x64,4096x4096,1,adopted,all,1.0,n8k64_wB_m16_t0,16,"[0, 1]",8.896,8.960 8.832 8.896
8x64,4096x4096,1,adopted,random,0.01,n8k64_wB_m16_t0,16,"[0, 1]",8.672,8.688 8.688 8.656
8x64,4096x4096,1,adopted,random,0.02,n8k64_wB_m16_t0,16,"[0, 1]",8.719,8.768 8.704 8.704
8x64,4096x4096,1,adopted,random,0.05,n8k64_wB_m16_t0,16,"[0, 1]",8.736,8.704 8.703 8.767
8x64,4096x4096,1,adopted,random,0.1,n8k64_wB_m16_t0,16,"[0, 1]",8.800,8.784 8.800 8.800
8x64,4096x4096,1,adopted,random,0.25,n8k64_wB_m16_t0,16,"[0, 1]",8.832,8.928 8.800 8.783
8x64,4096x4096,1,adopted,random,0.5,n8k64_wB_m16_t0,16,"[0, 1]",8.896,8.960 8.863 8.896
8x64,4096x4096,1,adopted,random,0.75,n8k64_wB_m16_t0,16,"[0, 1]",8.960,8.992 8.896 8.943
8x64,4096x4096,1,adopted,contiguous,0.01,n8k64_wB_m16_t0,16,"[0, 1]",8.864,8.864 8.864 8.800
8x64,4096x4096,1,adopted,contiguous,0.02,n8k64_wB_m16_t0,16,"[0, 1]",8.863,8.912 8.832 8.816
8x64,4096x4096,1,adopted,contiguous,0.05,n8k64_wB_m16_t0,16,"[0, 1]",8.832,8.896 8.800 8.816
8x64,4096x4096,1,adopted,contiguous,0.1,n8k64_wB_m16_t0,16,"[0, 1]",8.800,8.848 8.784 8.768
8x64,4096x4096,1,adopted,contiguous,0.25,n8k64_wB_m16_t0,16,"[0, 1]",8.864,8.912 8.864 8.832
8x64,4096x4096,1,adopted,contiguous,0.5,n8k64_wB_m16_t0,16,"[0, 1]",8.896,8.928 8.864 8.848
8x64,4096x4096,1,adopted,contiguous,0.75,n8k64_wB_m16_t0,16,"[0, 1]",8.927,8.992 8.912 8.896
8x64,4096x4096,1,adopted,real,0.029388427734375,n8k64_wB_m16_t0,16,"[0, 1]",8.736,8.736 8.720 8.736
8x64,4096x4096,1,previous,all,0.0,n8k64_wB_m16_t0,16,"[0, 1]",8.672,8.656 8.672 8.688
8x64,4096x4096,1,previous,all,1.0,n8k64_wB_m16_t0,16,"[0, 1]",8.960,8.880 8.960 8.960
8x64,4096x4096,1,previous,random,0.01,n8k64_wB_m16_t0,16,"[0, 1]",8.672,8.448 8.719 8.672
8x64,4096x4096,1,previous,random,0.02,n8k64_wB_m16_t0,16,"[0, 1]",8.704,8.672 8.704 8.703
8x64,4096x4096,1,previous,random,0.05,n8k64_wB_m16_t0,16,"[0, 1]",8.768,8.768 8.768 8.768
8x64,4096x4096,1,previous,random,0.1,n8k64_wB_m16_t0,16,"[0, 1]",8.800,8.800 8.816 8.624
8x64,4096x4096,1,previous,random,0.25,n8k64_wB_m16_t0,16,"[0, 1]",8.864,8.833 8.864 8.863
8x64,4096x4096,1,previous,random,0.5,n8k64_wB_m16_t0,16,"[0, 1]",8.880,8.864 8.896 8.896
8x64,4096x4096,1,previous,random,0.75,n8k64_wB_m16_t0,16,"[0, 1]",8.960,8.976 8.944 8.959
8x64,4096x4096,1,previous,contiguous,0.01,n8k64_wB_m16_t0,16,"[0, 1]",8.768,8.768 8.816 8.752
8x64,4096x4096,1,previous,contiguous,0.02,n8k64_wB_m16_t0,16,"[0, 1]",8.800,8.752 8.768 8.832
8x64,4096x4096,1,previous,contiguous,0.05,n8k64_wB_m16_t0,16,"[0, 1]",8.831,8.864 8.831 8.800
8x64,4096x4096,1,previous,contiguous,0.1,n8k64_wB_m16_t0,16,"[0, 1]",8.768,8.768 8.816 8.736
8x64,4096x4096,1,previous,contiguous,0.25,n8k64_wB_m16_t0,16,"[0, 1]",8.863,8.864 8.832 8.832
8x64,4096x4096,1,previous,contiguous,0.5,n8k64_wB_m16_t0,16,"[0, 1]",8.927,8.928 8.928 8.880
8x64,4096x4096,1,previous,contiguous,0.75,n8k64_wB_m16_t0,16,"[0, 1]",8.959,8.880 8.912 8.960
8x64,4096x4096,1,previous,real,0.029388427734375,n8k64_wB_m16_t0,16,"[0, 1]",8.752,8.753 8.768 8.736
8x64,4096x4096,1,paper,all,0.0,n8k64_wB,128,"[0, 1]",18.256,18.240 18.288 18.288
8x64,4096x4096,1,paper,all,1.0,n8k64_wB,128,"[0, 1]",19.135,19.135 19.024 19.184
8x64,4096x4096,1,paper,random,0.01,n8k64_wB,128,"[0, 1]",17.728,17.728 17.728 17.759
8x64,4096x4096,1,paper,random,0.02,n8k64_wB,128,"[0, 1]",17.568,17.552 17.568 17.584
8x64,4096x4096,1,paper,random,0.05,n8k64_wB,128,"[0, 1]",17.696,17.696 17.728 17.664
8x64,4096x4096,1,paper,random,0.1,n8k64_wB,128,"[0, 1]",17.856,17.904 17.856 17.824
8x64,4096x4096,1,paper,random,0.25,n8k64_wB,128,"[0, 1]",18.464,18.464 18.496 18.464
8x64,4096x4096,1,paper,random,0.5,n8k64_wB,128,"[0, 1]",18.656,18.672 18.608 18.705
8x64,4096x4096,1,paper,random,0.75,n8k64_wB,128,"[0, 1]",18.751,18.720 18.751 18.784
8x64,4096x4096,1,paper,contiguous,0.01,n8k64_wB,128,"[0, 1]",18.240,18.225 18.224 18.272
8x64,4096x4096,1,paper,contiguous,0.02,n8k64_wB,128,"[0, 1]",18.303,18.303 18.368 18.255
8x64,4096x4096,1,paper,contiguous,0.05,n8k64_wB,128,"[0, 1]",19.071,19.040 19.071 19.072
8x64,4096x4096,1,paper,contiguous,0.1,n8k64_wB,128,"[0, 1]",18.496,18.496 18.480 18.496
8x64,4096x4096,1,paper,contiguous,0.25,n8k64_wB,128,"[0, 1]",19.104,19.104 19.056 19.136
8x64,4096x4096,1,paper,contiguous,0.5,n8k64_wB,128,"[0, 1]",19.135,19.135 19.135 19.120
8x64,4096x4096,1,paper,contiguous,0.75,n8k64_wB,128,"[0, 1]",19.136,19.088 19.136 19.136
8x64,4096x4096,1,paper,real,0.029388427734375,n8k64_wB,128,"[0, 1]",17.568,17.568 17.536 17.632
8x64,4096x4096,1,ceiling,reference,,n8k64_wB_m16_nodisp_t0,16,"[0, 1]",8.592,8.624 8.576 8.576
8x64,4096x4096,1,stock_ko,reference,,stock_wA_n16,16,"[1, 1]",8.416,8.416 8.448 8.416
8x64,4096x4096,1,stock_wB_ko,reference,,stock_wB_e64,128,"[0, 1]",15.392,15.424 15.376 15.392
8x64,4096x4096,1,stock,reference,,stock_wA_n16,16,"[0, 1]",8.512,8.512 8.544 8.512
8x64,4096x4096,16,adopted,all,0.0,n8k64_wB_m16_t0,16,"[0, 1]",8.672,8.688 8.592 8.688
8x64,4096x4096,16,adopted,all,1.0,n8k64_wB_m16_t0,16,"[0, 1]",8.928,8.912 8.976 8.960
8x64,4096x4096,16,adopted,random,0.01,n8k64_wB_m16_t0,16,"[0, 1]",8.704,8.704 8.719 8.703
8x64,4096x4096,16,adopted,random,0.02,n8k64_wB_m16_t0,16,"[0, 1]",8.735,8.736 8.704 8.736
8x64,4096x4096,16,adopted,random,0.05,n8k64_wB_m16_t0,16,"[0, 1]",8.768,8.704 8.768 8.800
8x64,4096x4096,16,adopted,random,0.1,n8k64_wB_m16_t0,16,"[0, 1]",8.800,8.816 8.800 8.768
8x64,4096x4096,16,adopted,random,0.25,n8k64_wB_m16_t0,16,"[0, 1]",8.832,8.864 8.816 8.815
8x64,4096x4096,16,adopted,random,0.5,n8k64_wB_m16_t0,16,"[0, 1]",8.928,8.944 8.848 8.928
8x64,4096x4096,16,adopted,random,0.75,n8k64_wB_m16_t0,16,"[0, 1]",8.960,8.960 8.912 8.975
8x64,4096x4096,16,adopted,contiguous,0.01,n8k64_wB_m16_t0,16,"[0, 1]",8.768,8.704 8.768 8.832
8x64,4096x4096,16,adopted,contiguous,0.02,n8k64_wB_m16_t0,16,"[0, 1]",8.800,8.800 8.784 8.784
8x64,4096x4096,16,adopted,contiguous,0.05,n8k64_wB_m16_t0,16,"[0, 1]",8.800,8.799 8.800 8.800
8x64,4096x4096,16,adopted,contiguous,0.1,n8k64_wB_m16_t0,16,"[0, 1]",8.800,8.768 8.800 8.816
8x64,4096x4096,16,adopted,contiguous,0.25,n8k64_wB_m16_t0,16,"[0, 1]",8.832,8.800 8.848 8.896
8x64,4096x4096,16,adopted,contiguous,0.5,n8k64_wB_m16_t0,16,"[0, 1]",8.863,8.896 8.848 8.863
8x64,4096x4096,16,adopted,contiguous,0.75,n8k64_wB_m16_t0,16,"[0, 1]",8.863,8.832 8.880 8.880
8x64,4096x4096,16,adopted,real,0.029388427734375,n8k64_wB_m16_t0,16,"[0, 1]",8.736,8.768 8.720 8.736
8x64,4096x4096,16,previous,all,0.0,n8k64_wB_m16_t0,16,"[0, 1]",8.703,8.688 8.703 8.688
8x64,4096x4096,16,previous,all,1.0,n8k64_wB_m16_t0,16,"[0, 1]",8.960,8.992 9.007 8.944
8x64,4096x4096,16,previous,random,0.01,n8k64_wB_m16_t0,16,"[0, 1]",8.704,8.704 8.720 8.672
8x64,4096x4096,16,previous,random,0.02,n8k64_wB_m16_t0,16,"[0, 1]",8.735,8.688 8.736 8.736
8x64,4096x4096,16,previous,random,0.05,n8k64_wB_m16_t0,16,"[0, 1]",8.752,8.752 8.735 8.784
8x64,4096x4096,16,previous,random,0.1,n8k64_wB_m16_t0,16,"[0, 1]",8.800,8.815 8.832 8.768
8x64,4096x4096,16,previous,random,0.25,n8k64_wB_m16_t0,16,"[0, 1]",8.800,8.688 8.720 8.863
8x64,4096x4096,16,previous,random,0.5,n8k64_wB_m16_t0,16,"[0, 1]",8.960,8.960 8.912 8.960
8x64,4096x4096,16,previous,random,0.75,n8k64_wB_m16_t0,16,"[0, 1]",8.928,8.832 8.896 8.991
8x64,4096x4096,16,previous,contiguous,0.01,n8k64_wB_m16_t0,16,"[0, 1]",8.767,8.720 8.768 8.768
8x64,4096x4096,16,previous,contiguous,0.02,n8k64_wB_m16_t0,16,"[0, 1]",8.752,8.704 8.768 8.768
8x64,4096x4096,16,previous,contiguous,0.05,n8k64_wB_m16_t0,16,"[0, 1]",8.768,8.784 8.784 8.720
8x64,4096x4096,16,previous,contiguous,0.1,n8k64_wB_m16_t0,16,"[0, 1]",8.800,8.800 8.736 8.816
8x64,4096x4096,16,previous,contiguous,0.25,n8k64_wB_m16_t0,16,"[0, 1]",8.863,8.880 8.863 8.832
8x64,4096x4096,16,previous,contiguous,0.5,n8k64_wB_m16_t0,16,"[0, 1]",8.864,8.880 8.863 8.864
8x64,4096x4096,16,previous,contiguous,0.75,n8k64_wB_m16_t0,16,"[0, 1]",8.896,8.896 8.896 8.928
8x64,4096x4096,16,previous,real,0.029388427734375,n8k64_wB_m16_t0,16,"[0, 1]",8.736,8.751 8.736 8.720
8x64,4096x4096,16,paper,all,0.0,n8k64_wB,128,"[0, 1]",18.112,18.112 18.176 18.128
8x64,4096x4096,16,paper,all,1.0,n8k64_wB,128,"[0, 1]",19.136,19.152 19.184 19.105
8x64,4096x4096,16,paper,random,0.01,n8k64_wB,128,"[0, 1]",17.728,17.728 17.760 17.791
8x64,4096x4096,16,paper,random,0.02,n8k64_wB,128,"[0, 1]",17.536,17.536 17.568 17.536
8x64,4096x4096,16,paper,random,0.05,n8k64_wB,128,"[0, 1]",17.808,17.792 17.855 17.728
8x64,4096x4096,16,paper,random,0.1,n8k64_wB,128,"[0, 1]",17.823,17.856 17.792 17.808
8x64,4096x4096,16,paper,random,0.25,n8k64_wB,128,"[0, 1]",18.528,18.528 18.560 18.528
8x64,4096x4096,16,paper,random,0.5,n8k64_wB,128,"[0, 1]",18.656,18.720 18.624 18.656
8x64,4096x4096,16,paper,random,0.75,n8k64_wB,128,"[0, 1]",18.848,18.848 18.848 18.816
8x64,4096x4096,16,paper,contiguous,0.01,n8k64_wB,128,"[0, 1]",18.080,18.080 18.096 18.080
8x64,4096x4096,16,paper,contiguous,0.02,n8k64_wB,128,"[0, 1]",18.128,18.128 18.143 18.112
8x64,4096x4096,16,paper,contiguous,0.05,n8k64_wB,128,"[0, 1]",18.207,18.224 18.144 18.209
8x64,4096x4096,16,paper,contiguous,0.1,n8k64_wB,128,"[0, 1]",18.160,18.112 18.175 18.207
8x64,4096x4096,16,paper,contiguous,0.25,n8k64_wB,128,"[0, 1]",18.400,18.368 18.400 18.400
8x64,4096x4096,16,paper,contiguous,0.5,n8k64_wB,128,"[0, 1]",18.367,18.367 18.352 18.320
8x64,4096x4096,16,paper,contiguous,0.75,n8k64_wB,128,"[0, 1]",18.368,18.384 18.368 18.368
8x64,4096x4096,16,paper,real,0.029388427734375,n8k64_wB,128,"[0, 1]",17.632,17.632 17.600 17.632
8x64,4096x4096,16,ceiling,reference,,n8k64_wB_m16_nodisp_t0,16,"[0, 1]",8.576,8.576 8.576 8.576
8x64,4096x4096,16,stock_ko,reference,,stock_wA_n16,16,"[1, 1]",8.352,8.273 8.351 8.352
8x64,4096x4096,16,stock_wB_ko,reference,,stock_wB_e64,128,"[0, 1]",15.360,15.360 15.376 15.376
8x64,4096x4096,16,stock,reference,,stock_wA_n16,16,"[0, 1]",8.448,8.448 8.465 8.431
8x64,4096x4096,128,adopted,all,0.0,n8k64_wB_m64_t0,64,"[0, 1]",10.048,10.048 10.048 10.049
8x64,4096x4096,128,adopted,all,1.0,n8k64_wB_m64_t0,64,"[0, 1]",10.560,10.560 10.575 10.560
8x64,4096x4096,128,adopted,random,0.01,n8k64_wB_m64_t0,64,"[0, 1]",10.064,10.081 10.064 10.048
8x64,4096x4096,128,adopted,random,0.02,n8k64_wB_m64_t0,64,"[0, 1]",10.081,10.112 10.080 10.097
8x64,4096x4096,128,adopted,random,0.05,n8k64_wB_m64_t0,64,"[0, 1]",10.208,10.192 10.224 10.176
8x64,4096x4096,128,adopted,random,0.1,n8k64_wB_m64_t0,64,"[0, 1]",10.239,10.272 10.207 10.224
8x64,4096x4096,128,adopted,random,0.25,n8k64_wB_m64_t0,64,"[0, 1]",10.336,10.368 10.304 10.336
8x64,4096x4096,128,adopted,random,0.5,n8k64_wB_m64_t0,64,"[0, 1]",10.432,10.464 10.448 10.385
8x64,4096x4096,128,adopted,random,0.75,n8k64_wB_m64_t0,64,"[0, 1]",10.560,10.592 10.496 10.575
8x64,4096x4096,128,adopted,contiguous,0.01,n8k64_wB_m64_t0,64,"[0, 1]",10.176,10.191 10.208 10.159
8x64,4096x4096,128,adopted,contiguous,0.02,n8k64_wB_m64_t0,64,"[0, 1]",10.208,10.208 10.239 10.177
8x64,4096x4096,128,adopted,contiguous,0.05,n8k64_wB_m64_t0,64,"[0, 1]",10.256,10.272 10.223 10.272
8x64,4096x4096,128,adopted,contiguous,0.1,n8k64_wB_m64_t0,64,"[0, 1]",10.288,10.304 10.320 10.240
8x64,4096x4096,128,adopted,contiguous,0.25,n8k64_wB_m64_t0,64,"[0, 1]",10.432,10.400 10.432 10.448
8x64,4096x4096,128,adopted,contiguous,0.5,n8k64_wB_m64_t0,64,"[0, 1]",10.527,10.512 10.544 10.512
8x64,4096x4096,128,adopted,contiguous,0.75,n8k64_wB_m64_t0,64,"[0, 1]",10.479,10.496 10.432 10.496
8x64,4096x4096,128,adopted,real,0.029388427734375,n8k64_wB_m64_t0,64,"[0, 1]",10.160,10.191 10.112 10.208
8x64,4096x4096,128,previous,all,0.0,n8k64_wB_m64_t0,64,"[0, 1]",10.112,10.111 10.112 10.128
8x64,4096x4096,128,previous,all,1.0,n8k64_wB_m64_t0,64,"[0, 1]",10.992,11.040 10.992 10.976
8x64,4096x4096,128,previous,random,0.01,n8k64_wB_m64_t0,64,"[0, 1]",10.175,10.144 10.208 10.144
8x64,4096x4096,128,previous,random,0.02,n8k64_wB_m64_t0,64,"[0, 1]",10.239,10.271 10.256 10.159
8x64,4096x4096,128,previous,random,0.05,n8k64_wB_m64_t0,64,"[0, 1]",10.272,10.320 10.304 10.239
8x64,4096x4096,128,previous,random,0.1,n8k64_wB_m64_t0,64,"[0, 1]",10.368,10.368 10.368 10.368
8x64,4096x4096,128,previous,random,0.25,n8k64_wB_m64_t0,64,"[0, 1]",10.592,10.576 10.591 10.592
8x64,4096x4096,128,previous,random,0.5,n8k64_wB_m64_t0,64,"[0, 1]",10.752,10.784 10.752 10.704
8x64,4096x4096,128,previous,random,0.75,n8k64_wB_m64_t0,64,"[0, 1]",11.040,11.024 11.072 11.024
8x64,4096x4096,128,previous,contiguous,0.01,n8k64_wB_m64_t0,64,"[0, 1]",10.688,10.736 10.672 10.640
8x64,4096x4096,128,previous,contiguous,0.02,n8k64_wB_m64_t0,64,"[0, 1]",10.768,10.752 10.816 10.768
8x64,4096x4096,128,previous,contiguous,0.05,n8k64_wB_m64_t0,64,"[0, 1]",10.816,10.736 10.816 10.832
8x64,4096x4096,128,previous,contiguous,0.1,n8k64_wB_m64_t0,64,"[0, 1]",10.832,10.785 10.847 10.863
8x64,4096x4096,128,previous,contiguous,0.25,n8k64_wB_m64_t0,64,"[0, 1]",10.912,10.944 10.880 10.913
8x64,4096x4096,128,previous,contiguous,0.5,n8k64_wB_m64_t0,64,"[0, 1]",11.007,11.040 10.992 10.976
8x64,4096x4096,128,previous,contiguous,0.75,n8k64_wB_m64_t0,64,"[0, 1]",10.976,10.975 10.976 11.024
8x64,4096x4096,128,previous,real,0.029388427734375,n8k64_wB_m64_t0,64,"[0, 1]",10.208,10.240 10.224 10.208
8x64,4096x4096,128,paper,all,0.0,n8k64_wB,128,"[0, 1]",17.984,18.016 17.968 17.952
8x64,4096x4096,128,paper,all,1.0,n8k64_wB,128,"[0, 1]",19.104,19.136 19.104 19.072
8x64,4096x4096,128,paper,random,0.01,n8k64_wB,128,"[0, 1]",18.015,18.048 18.015 17.999
8x64,4096x4096,128,paper,random,0.02,n8k64_wB,128,"[0, 1]",18.080,18.144 18.047 18.080
8x64,4096x4096,128,paper,random,0.05,n8k64_wB,128,"[0, 1]",18.208,18.272 18.192 18.208
8x64,4096x4096,128,paper,random,0.1,n8k64_wB,128,"[0, 1]",18.336,18.320 18.288 18.399
8x64,4096x4096,128,paper,random,0.25,n8k64_wB,128,"[0, 1]",18.560,18.543 18.575 18.576
8x64,4096x4096,128,paper,random,0.5,n8k64_wB,128,"[0, 1]",18.815,18.752 18.832 18.816
8x64,4096x4096,128,paper,random,0.75,n8k64_wB,128,"[0, 1]",18.976,18.944 18.977 18.976
8x64,4096x4096,128,paper,contiguous,0.01,n8k64_wB,128,"[0, 1]",17.920,17.936 17.952 17.920
8x64,4096x4096,128,paper,contiguous,0.02,n8k64_wB,128,"[0, 1]",18.176,18.144 18.128 18.208
8x64,4096x4096,128,paper,contiguous,0.05,n8k64_wB,128,"[0, 1]",18.272,18.272 18.272 18.304
8x64,4096x4096,128,paper,contiguous,0.1,n8k64_wB,128,"[0, 1]",17.984,17.984 17.984 17.984
8x64,4096x4096,128,paper,contiguous,0.25,n8k64_wB,128,"[0, 1]",18.079,18.079 18.080 18.048
8x64,4096x4096,128,paper,contiguous,0.5,n8k64_wB,128,"[0, 1]",18.080,18.111 18.080 18.080
8x64,4096x4096,128,paper,contiguous,0.75,n8k64_wB,128,"[0, 1]",18.144,18.175 18.112 18.112
8x64,4096x4096,128,paper,real,0.029388427734375,n8k64_wB,128,"[0, 1]",18.048,18.063 18.048 18.032
8x64,4096x4096,128,ceiling,reference,,n8k64_wB_m64_nodisp_t0,64,"[0, 1]",9.919,9.920 9.888 9.904
8x64,4096x4096,128,stock_ko,reference,,stock_wA_n64,64,"[1, 1]",9.680,9.760 9.600 9.696
8x64,4096x4096,128,stock_wB_ko,reference,,stock_wB_e64,128,"[0, 1]",15.519,15.552 15.487 15.489
8x64,4096x4096,128,stock,reference,,stock_wA_n64,64,"[0, 1]",9.728,9.776 9.776 9.696
8x64,4096x4096,512,adopted,all,0.0,n8k64_wB_t0,128,"[0, 1]",17.312,17.296 17.280 17.312
8x64,4096x4096,512,adopted,all,1.0,n8k64_wB_t0,128,"[0, 1]",19.071,19.088 19.007 19.072
8x64,4096x4096,512,adopted,random,0.01,n8k64_wB_t0,128,"[0, 1]",17.472,17.472 17.488 17.488
8x64,4096x4096,512,adopted,random,0.02,n8k64_wB_t0,128,"[0, 1]",17.696,17.728 17.680 17.680
8x64,4096x4096,512,adopted,random,0.05,n8k64_wB_t0,128,"[0, 1]",17.856,17.904 17.856 17.840
8x64,4096x4096,512,adopted,random,0.1,n8k64_wB_t0,128,"[0, 1]",18.112,18.112 18.112 18.144
8x64,4096x4096,512,adopted,random,0.25,n8k64_wB_t0,128,"[0, 1]",18.656,18.656 18.656 18.656
8x64,4096x4096,512,adopted,random,0.5,n8k64_wB_t0,128,"[0, 1]",19.168,19.200 19.168 19.168
8x64,4096x4096,512,adopted,random,0.75,n8k64_wB_t0,128,"[0, 1]",19.360,19.408 19.392 19.280
8x64,4096x4096,512,adopted,contiguous,0.01,n8k64_wB_t0,128,"[0, 1]",18.784,18.800 18.768 18.752
8x64,4096x4096,512,adopted,contiguous,0.02,n8k64_wB_t0,128,"[0, 1]",18.976,18.944 19.008 19.007
8x64,4096x4096,512,adopted,contiguous,0.05,n8k64_wB_t0,128,"[0, 1]",18.880,18.880 18.880 18.879
8x64,4096x4096,512,adopted,contiguous,0.1,n8k64_wB_t0,128,"[0, 1]",18.880,18.880 18.912 18.880
8x64,4096x4096,512,adopted,contiguous,0.25,n8k64_wB_t0,128,"[0, 1]",18.976,18.992 18.944 18.976
8x64,4096x4096,512,adopted,contiguous,0.5,n8k64_wB_t0,128,"[0, 1]",19.008,18.975 19.055 19.008
8x64,4096x4096,512,adopted,contiguous,0.75,n8k64_wB_t0,128,"[0, 1]",19.072,19.039 19.072 19.087
8x64,4096x4096,512,adopted,real,0.029388427734375,n8k64_wB_t0,128,"[0, 1]",17.696,17.695 17.664 17.696
8x64,4096x4096,512,previous,all,0.0,n8k64_wB_t0,128,"[0, 1]",17.312,17.312 17.264 17.312
8x64,4096x4096,512,previous,all,1.0,n8k64_wB_t0,128,"[0, 1]",19.200,19.200 19.247 19.168
8x64,4096x4096,512,previous,random,0.01,n8k64_wB_t0,128,"[0, 1]",17.536,17.536 17.600 17.536
8x64,4096x4096,512,previous,random,0.02,n8k64_wB_t0,128,"[0, 1]",17.600,17.632 17.600 17.583
8x64,4096x4096,512,previous,random,0.05,n8k64_wB_t0,128,"[0, 1]",17.760,17.791 17.760 17.743
8x64,4096x4096,512,previous,random,0.1,n8k64_wB_t0,128,"[0, 1]",18.016,18.064 18.016 17.952
8x64,4096x4096,512,previous,random,0.25,n8k64_wB_t0,128,"[0, 1]",18.528,18.512 18.608 18.512
8x64,4096x4096,512,previous,random,0.5,n8k64_wB_t0,128,"[0, 1]",19.135,19.151 19.136 19.103
8x64,4096x4096,512,previous,random,0.75,n8k64_wB_t0,128,"[0, 1]",19.360,19.359 19.392 19.296
8x64,4096x4096,512,previous,contiguous,0.01,n8k64_wB_t0,128,"[0, 1]",18.784,18.800 18.816 18.720
8x64,4096x4096,512,previous,contiguous,0.02,n8k64_wB_t0,128,"[0, 1]",19.007,19.040 18.992 18.944
8x64,4096x4096,512,previous,contiguous,0.05,n8k64_wB_t0,128,"[0, 1]",18.927,18.943 18.943 18.896
8x64,4096x4096,512,previous,contiguous,0.1,n8k64_wB_t0,128,"[0, 1]",19.008,19.008 18.960 18.992
8x64,4096x4096,512,previous,contiguous,0.25,n8k64_wB_t0,128,"[0, 1]",19.071,19.104 19.056 19.040
8x64,4096x4096,512,previous,contiguous,0.5,n8k64_wB_t0,128,"[0, 1]",19.104,19.136 19.087 19.072
8x64,4096x4096,512,previous,contiguous,0.75,n8k64_wB_t0,128,"[0, 1]",19.136,19.199 19.056 19.104
8x64,4096x4096,512,previous,real,0.029388427734375,n8k64_wB_t0,128,"[0, 1]",17.664,17.696 17.696 17.663
8x64,4096x4096,512,paper,all,0.0,n8k64_wB,128,"[0, 1]",18.528,18.559 18.512 18.528
8x64,4096x4096,512,paper,all,1.0,n8k64_wB,128,"[0, 1]",20.000,20.064 20.000 19.999
8x64,4096x4096,512,paper,random,0.01,n8k64_wB,128,"[0, 1]",18.752,18.687 18.752 18.816
8x64,4096x4096,512,paper,random,0.02,n8k64_wB,128,"[0, 1]",18.751,18.720 18.751 18.751
8x64,4096x4096,512,paper,random,0.05,n8k64_wB,128,"[0, 1]",18.864,18.816 18.881 18.880
8x64,4096x4096,512,paper,random,0.1,n8k64_wB,128,"[0, 1]",19.040,19.039 19.056 19.072
8x64,4096x4096,512,paper,random,0.25,n8k64_wB,128,"[0, 1]",19.263,19.199 19.281 19.248
8x64,4096x4096,512,paper,random,0.5,n8k64_wB,128,"[0, 1]",19.424,19.456 19.392 19.424
8x64,4096x4096,512,paper,random,0.75,n8k64_wB,128,"[0, 1]",19.584,19.616 19.536 19.583
8x64,4096x4096,512,paper,contiguous,0.01,n8k64_wB,128,"[0, 1]",18.624,18.656 18.593 18.592
8x64,4096x4096,512,paper,contiguous,0.02,n8k64_wB,128,"[0, 1]",19.136,19.168 19.119 19.088
8x64,4096x4096,512,paper,contiguous,0.05,n8k64_wB,128,"[0, 1]",18.944,18.928 19.008 18.880
8x64,4096x4096,512,paper,contiguous,0.1,n8k64_wB,128,"[0, 1]",18.912,18.960 18.912 18.848
8x64,4096x4096,512,paper,contiguous,0.25,n8k64_wB,128,"[0, 1]",18.912,18.912 18.928 18.944
8x64,4096x4096,512,paper,contiguous,0.5,n8k64_wB,128,"[0, 1]",18.880,18.928 18.912 18.848
8x64,4096x4096,512,paper,contiguous,0.75,n8k64_wB,128,"[0, 1]",18.880,18.896 18.912 18.848
8x64,4096x4096,512,paper,real,0.029388427734375,n8k64_wB,128,"[0, 1]",18.800,18.847 18.784 18.800
8x64,4096x4096,512,ceiling,reference,,n8k64_wB_nodisp_t0,128,"[0, 1]",16.960,16.912 16.992 16.976
8x64,4096x4096,512,stock_ko,reference,,stock_wA_e64,128,"[0, 1]",16.512,16.448 16.512 16.544
8x64,4096x4096,512,stock_wB_ko,reference,,stock_wB_e64,128,"[0, 1]",16.447,16.448 16.432 16.416
8x64,4096x4096,512,stock,reference,,stock_wA,128,"[0, 1]",16.608,16.640 16.607 16.608
8x64,4096x4096,2048,adopted,all,0.0,n8k64_wB_t0,128,"[0, 1]",59.392,59.343 59.376 59.551
8x64,4096x4096,2048,adopted,all,1.0,n8k64_wB_t0,128,"[0, 1]",62.048,62.111 62.048 61.984
8x64,4096x4096,2048,adopted,random,0.01,n8k64_wB_t0,128,"[0, 1]",59.728,59.695 59.807 59.535
8x64,4096x4096,2048,adopted,random,0.02,n8k64_wB_t0,128,"[0, 1]",59.775,59.999 59.887 59.455
8x64,4096x4096,2048,adopted,random,0.05,n8k64_wB_t0,128,"[0, 1]",60.271,60.592 60.495 60.080
8x64,4096x4096,2048,adopted,random,0.1,n8k64_wB_t0,128,"[0, 1]",61.039,61.151 61.136 60.847
8x64,4096x4096,2048,adopted,random,0.25,n8k64_wB_t0,128,"[0, 1]",62.335,62.495 62.511 62.032
8x64,4096x4096,2048,adopted,random,0.5,n8k64_wB_t0,128,"[0, 1]",62.000,62.271 62.128 61.520
8x64,4096x4096,2048,adopted,random,0.75,n8k64_wB_t0,128,"[0, 1]",62.672,62.768 62.816 61.952
8x64,4096x4096,2048,adopted,contiguous,0.01,n8k64_wB_t0,128,"[0, 1]",59.071,59.248 59.216 58.528
8x64,4096x4096,2048,adopted,contiguous,0.02,n8k64_wB_t0,128,"[0, 1]",58.975,59.231 59.295 58.528
8x64,4096x4096,2048,adopted,contiguous,0.05,n8k64_wB_t0,128,"[0, 1]",58.863,59.056 58.991 58.527
8x64,4096x4096,2048,adopted,contiguous,0.1,n8k64_wB_t0,128,"[0, 1]",58.784,59.055 59.103 58.415
8x64,4096x4096,2048,adopted,contiguous,0.25,n8k64_wB_t0,128,"[0, 1]",59.216,59.248 59.535 58.671
8x64,4096x4096,2048,adopted,contiguous,0.5,n8k64_wB_t0,128,"[0, 1]",61.504,61.424 61.856 60.896
8x64,4096x4096,2048,adopted,contiguous,0.75,n8k64_wB_t0,128,"[0, 1]",61.040,61.007 61.631 60.512
8x64,4096x4096,2048,adopted,real,0.029388427734375,n8k64_wB_t0,128,"[0, 1]",59.535,59.519 60.176 59.040
8x64,4096x4096,2048,previous,all,0.0,n8k64_wB_t0,128,"[0, 1]",59.055,58.848 59.567 58.640
8x64,4096x4096,2048,previous,all,1.0,n8k64_wB_t0,128,"[0, 1]",61.536,61.680 61.343 61.663
8x64,4096x4096,2048,previous,random,0.01,n8k64_wB_t0,128,"[0, 1]",59.296,59.328 59.215 59.247
8x64,4096x4096,2048,previous,random,0.02,n8k64_wB_t0,128,"[0, 1]",59.424,59.279 59.487 59.407
8x64,4096x4096,2048,previous,random,0.05,n8k64_wB_t0,128,"[0, 1]",59.855,59.775 59.936 59.728
8x64,4096x4096,2048,previous,random,0.1,n8k64_wB_t0,128,"[0, 1]",60.240,60.271 60.287 60.208
8x64,4096x4096,2048,previous,random,0.25,n8k64_wB_t0,128,"[0, 1]",61.439,61.423 61.471 61.456
8x64,4096x4096,2048,previous,random,0.5,n8k64_wB_t0,128,"[0, 1]",61.856,61.743 62.688 61.504
8x64,4096x4096,2048,previous,random,0.75,n8k64_wB_t0,128,"[0, 1]",62.816,62.672 63.424 62.368
8x64,4096x4096,2048,previous,contiguous,0.01,n8k64_wB_t0,128,"[0, 1]",58.912,58.687 59.615 58.719
8x64,4096x4096,2048,previous,contiguous,0.02,n8k64_wB_t0,128,"[0, 1]",58.800,58.783 59.936 58.383
8x64,4096x4096,2048,previous,contiguous,0.05,n8k64_wB_t0,128,"[0, 1]",58.752,58.624 59.984 58.464
8x64,4096x4096,2048,previous,contiguous,0.1,n8k64_wB_t0,128,"[0, 1]",58.848,58.655 60.431 58.624
8x64,4096x4096,2048,previous,contiguous,0.25,n8k64_wB_t0,128,"[0, 1]",59.392,59.199 61.504 59.199
8x64,4096x4096,2048,previous,contiguous,0.5,n8k64_wB_t0,128,"[0, 1]",61.760,61.487 62.255 61.407
8x64,4096x4096,2048,previous,contiguous,0.75,n8k64_wB_t0,128,"[0, 1]",61.583,61.248 62.223 61.200
8x64,4096x4096,2048,previous,real,0.029388427734375,n8k64_wB_t0,128,"[0, 1]",59.663,59.360 60.383 59.424
8x64,4096x4096,2048,paper,all,0.0,n8k64_wB,128,"[0, 1]",61.183,60.992 61.759 61.024
8x64,4096x4096,2048,paper,all,1.0,n8k64_wB,128,"[0, 1]",61.984,61.872 62.656 61.952
8x64,4096x4096,2048,paper,random,0.01,n8k64_wB,128,"[0, 1]",61.600,61.183 61.919 61.808
8x64,4096x4096,2048,paper,random,0.02,n8k64_wB,128,"[0, 1]",61.600,61.247 61.968 61.968
8x64,4096x4096,2048,paper,random,0.05,n8k64_wB,128,"[0, 1]",62.079,61.776 62.240 62.223
8x64,4096x4096,2048,paper,random,0.1,n8k64_wB,128,"[0, 1]",62.511,61.887 62.687 62.655
8x64,4096x4096,2048,paper,random,0.25,n8k64_wB,128,"[0, 1]",63.072,62.335 63.344 63.200
8x64,4096x4096,2048,paper,random,0.5,n8k64_wB,128,"[0, 1]",62.399,61.983 62.543 62.672
8x64,4096x4096,2048,paper,random,0.75,n8k64_wB,128,"[0, 1]",62.447,61.727 62.591 62.575
8x64,4096x4096,2048,paper,contiguous,0.01,n8k64_wB,128,"[0, 1]",61.568,60.992 61.807 61.792
8x64,4096x4096,2048,paper,contiguous,0.02,n8k64_wB,128,"[0, 1]",61.535,61.119 61.855 61.679
8x64,4096x4096,2048,paper,contiguous,0.05,n8k64_wB,128,"[0, 1]",61.471,61.136 61.600 61.919
8x64,4096x4096,2048,paper,contiguous,0.1,n8k64_wB,128,"[0, 1]",61.615,61.200 61.840 61.776
8x64,4096x4096,2048,paper,contiguous,0.25,n8k64_wB,128,"[0, 1]",61.712,61.039 62.144 62.096
8x64,4096x4096,2048,paper,contiguous,0.5,n8k64_wB,128,"[0, 1]",62.383,61.823 62.767 62.560
8x64,4096x4096,2048,paper,contiguous,0.75,n8k64_wB,128,"[0, 1]",62.175,62.112 61.439 62.463
8x64,4096x4096,2048,paper,real,0.029388427734375,n8k64_wB,128,"[0, 1]",61.887,61.200 62.016 62.112
8x64,4096x4096,2048,ceiling,reference,,n8k64_wB_nodisp_t0,128,"[0, 1]",57.840,57.407 58.112 58.144
8x64,4096x4096,2048,stock_ko,reference,,stock_wA_e64,128,"[0, 1]",50.816,50.176 50.912 50.928
8x64,4096x4096,2048,stock_wB_ko,reference,,stock_wB_e64,128,"[0, 1]",50.688,50.112 51.135 50.784
8x64,4096x4096,2048,stock,reference,,stock_wA,128,"[0, 1]",51.360,50.816 51.439 51.440
8x64,4096x4096,8192,adopted,all,0.0,n8k64_wB_t0,128,"[0, 1]",226.030,226.062 225.903 226.366
8x64,4096x4096,8192,adopted,all,1.0,n8k64_wB_t0,128,"[0, 1]",242.270,241.854 242.574 242.302
8x64,4096x4096,8192,adopted,random,0.01,n8k64_wB_t0,128,"[0, 1]",226.334,225.967 226.686 226.591
8x64,4096x4096,8192,adopted,random,0.02,n8k64_wB_t0,128,"[0, 1]",227.135,226.974 227.135 227.455
8x64,4096x4096,8192,adopted,random,0.05,n8k64_wB_t0,128,"[0, 1]",228.958,228.622 229.183 228.957
8x64,4096x4096,8192,adopted,random,0.1,n8k64_wB_t0,128,"[0, 1]",231.870,230.782 233.774 231.486
8x64,4096x4096,8192,adopted,random,0.25,n8k64_wB_t0,128,"[0, 1]",236.990,236.638 237.022 237.198
8x64,4096x4096,8192,adopted,random,0.5,n8k64_wB_t0,128,"[0, 1]",242.446,242.174 242.606 242.766
8x64,4096x4096,8192,adopted,random,0.75,n8k64_wB_t0,128,"[0, 1]",245.166,246.734 244.590 244.718
8x64,4096x4096,8192,adopted,contiguous,0.01,n8k64_wB_t0,128,"[0, 1]",229.070,230.366 228.638 228.255
8x64,4096x4096,8192,adopted,contiguous,0.02,n8k64_wB_t0,128,"[0, 1]",229.662,230.558 228.654 229.310
8x64,4096x4096,8192,adopted,contiguous,0.05,n8k64_wB_t0,128,"[0, 1]",230.446,232.110 229.902 229.951
8x64,4096x4096,8192,adopted,contiguous,0.1,n8k64_wB_t0,128,"[0, 1]",231.694,233.694 230.718 231.230
8x64,4096x4096,8192,adopted,contiguous,0.25,n8k64_wB_t0,128,"[0, 1]",234.557,236.542 233.950 233.934
8x64,4096x4096,8192,adopted,contiguous,0.5,n8k64_wB_t0,128,"[0, 1]",238.942,242.142 238.126 238.494
8x64,4096x4096,8192,adopted,contiguous,0.75,n8k64_wB_t0,128,"[0, 1]",241.455,243.631 240.430 240.831
8x64,4096x4096,8192,adopted,real,0.029388427734375,n8k64_wB_t0,128,"[0, 1]",228.350,229.790 227.902 227.982
8x64,4096x4096,8192,previous,all,0.0,n8k64_wB_t0,128,"[0, 1]",226.686,228.270 225.934 226.238
8x64,4096x4096,8192,previous,all,1.0,n8k64_wB_t0,128,"[0, 1]",245.230,245.454 245.998 244.030
8x64,4096x4096,8192,previous,random,0.01,n8k64_wB_t0,128,"[0, 1]",228.654,228.926 229.310 227.357
8x64,4096x4096,8192,previous,random,0.02,n8k64_wB_t0,128,"[0, 1]",229.678,230.062 230.319 228.158
8x64,4096x4096,8192,previous,random,0.05,n8k64_wB_t0,128,"[0, 1]",231.646,231.935 231.983 229.998
8x64,4096x4096,8192,previous,random,0.1,n8k64_wB_t0,128,"[0, 1]",234.207,234.622 234.558 232.383
8x64,4096x4096,8192,previous,random,0.25,n8k64_wB_t0,128,"[0, 1]",240.221,240.830 240.606 238.814
8x64,4096x4096,8192,previous,random,0.5,n8k64_wB_t0,128,"[0, 1]",245.918,246.269 246.510 244.766
8x64,4096x4096,8192,previous,random,0.75,n8k64_wB_t0,128,"[0, 1]",248.302,248.510 248.718 246.398
8x64,4096x4096,8192,previous,contiguous,0.01,n8k64_wB_t0,128,"[0, 1]",229.886,230.846 230.510 228.878
8x64,4096x4096,8192,previous,contiguous,0.02,n8k64_wB_t0,128,"[0, 1]",230.382,231.054 231.102 228.958
8x64,4096x4096,8192,previous,contiguous,0.05,n8k64_wB_t0,128,"[0, 1]",232.238,232.606 232.718 230.078
8x64,4096x4096,8192,previous,contiguous,0.1,n8k64_wB_t0,128,"[0, 1]",233.198,233.598 233.886 231.630
8x64,4096x4096,8192,previous,contiguous,0.25,n8k64_wB_t0,128,"[0, 1]",236.334,236.814 236.638 234.590
8x64,4096x4096,8192,previous,contiguous,0.5,n8k64_wB_t0,128,"[0, 1]",241.022,241.406 241.454 239.102
8x64,4096x4096,8192,previous,contiguous,0.75,n8k64_wB_t0,128,"[0, 1]",244.157,244.638 244.782 241.902
8x64,4096x4096,8192,previous,real,0.029388427734375,n8k64_wB_t0,128,"[0, 1]",229.710,230.511 229.742 228.382
8x64,4096x4096,8192,paper,all,0.0,n8k64_wB,128,"[0, 1]",234.590,235.646 234.526 233.214
8x64,4096x4096,8192,paper,all,1.0,n8k64_wB,128,"[0, 1]",238.094,239.630 237.310 237.822
8x64,4096x4096,8192,paper,random,0.01,n8k64_wB,128,"[0, 1]",234.190,236.431 233.822 233.678
8x64,4096x4096,8192,paper,random,0.02,n8k64_wB,128,"[0, 1]",234.766,236.382 233.887 234.382
8x64,4096x4096,8192,paper,random,0.05,n8k64_wB,128,"[0, 1]",235.807,237.502 235.310 235.327
8x64,4096x4096,8192,paper,random,0.1,n8k64_wB,128,"[0, 1]",237.214,238.959 236.654 236.846
8x64,4096x4096,8192,paper,random,0.25,n8k64_wB,128,"[0, 1]",240.478,241.663 239.854 239.870
8x64,4096x4096,8192,paper,random,0.5,n8k64_wB,128,"[0, 1]",242.910,246.078 242.030 242.206
8x64,4096x4096,8192,paper,random,0.75,n8k64_wB,128,"[0, 1]",243.599,246.015 242.925 242.382
8x64,4096x4096,8192,paper,contiguous,0.01,n8k64_wB,128,"[0, 1]",234.142,236.814 233.518 233.839
8x64,4096x4096,8192,paper,contiguous,0.02,n8k64_wB,128,"[0, 1]",234.638,237.822 233.918 234.126
8x64,4096x4096,8192,paper,contiguous,0.05,n8k64_wB,128,"[0, 1]",235.262,236.831 234.750 234.350
8x64,4096x4096,8192,paper,contiguous,0.1,n8k64_wB,128,"[0, 1]",235.246,236.846 234.766 234.558
8x64,4096x4096,8192,paper,contiguous,0.25,n8k64_wB,128,"[0, 1]",235.838,237.390 235.646 235.214
8x64,4096x4096,8192,paper,contiguous,0.5,n8k64_wB,128,"[0, 1]",237.118,238.559 236.094 236.606
8x64,4096x4096,8192,paper,contiguous,0.75,n8k64_wB,128,"[0, 1]",237.630,239.678 237.053 237.055
8x64,4096x4096,8192,paper,real,0.029388427734375,n8k64_wB,128,"[0, 1]",235.150,236.702 234.159 234.543
8x64,4096x4096,8192,ceiling,reference,,n8k64_wB_nodisp_t0,128,"[0, 1]",222.366,223.551 221.582 221.406
8x64,4096x4096,8192,stock_ko,reference,,stock_wA_e64,128,"[0, 1]",212.158,213.726 211.486 211.327
8x64,4096x4096,8192,stock_wB_ko,reference,,stock_wB_e64,128,"[0, 1]",213.118,214.510 212.382 212.318
8x64,4096x4096,8192,stock,reference,,stock_wA,128,"[0, 1]",214.670,215.807 213.439 214.030
8x64,14336x4096,1,adopted,all,0.0,n8k64_wB_m16_t0,16,"[0, 1]",23.680,23.680 23.712 23.648
8x64,14336x4096,1,adopted,all,1.0,n8k64_wB_m16_t0,16,"[0, 1]",24.992,25.168 24.928 24.976
8x64,14336x4096,1,adopted,random,0.01,n8k64_wB_m16_t0,16,"[0, 1]",23.712,23.792 23.664 23.712
8x64,14336x4096,1,adopted,random,0.02,n8k64_wB_m16_t0,16,"[0, 1]",23.839,23.904 23.696 23.776
8x64,14336x4096,1,adopted,random,0.05,n8k64_wB_m16_t0,16,"[0, 1]",23.968,24.032 23.984 23.904
8x64,14336x4096,1,adopted,random,0.1,n8k64_wB_m16_t0,16,"[0, 1]",24.288,24.336 24.272 24.208
8x64,14336x4096,1,adopted,random,0.25,n8k64_wB_m16_t0,16,"[0, 1]",24.608,24.671 24.528 24.608
8x64,14336x4096,1,adopted,random,0.5,n8k64_wB_m16_t0,16,"[0, 1]",24.864,24.976 24.800 24.848
8x64,14336x4096,1,adopted,random,0.75,n8k64_wB_m16_t0,16,"[0, 1]",25.104,25.280 25.056 25.024
8x64,14336x4096,1,adopted,contiguous,0.01,n8k64_wB_m16_t0,16,"[0, 1]",23.648,23.712 23.599 23.647
8x64,14336x4096,1,adopted,contiguous,0.02,n8k64_wB_m16_t0,16,"[0, 1]",23.648,23.680 23.631 23.568
8x64,14336x4096,1,adopted,contiguous,0.05,n8k64_wB_m16_t0,16,"[0, 1]",23.711,23.712 23.664 23.695
8x64,14336x4096,1,adopted,contiguous,0.1,n8k64_wB_m16_t0,16,"[0, 1]",23.616,23.728 23.616 23.568
8x64,14336x4096,1,adopted,contiguous,0.25,n8k64_wB_m16_t0,16,"[0, 1]",23.648,23.711 23.680 23.552
8x64,14336x4096,1,adopted,contiguous,0.5,n8k64_wB_m16_t0,16,"[0, 1]",23.664,23.744 23.648 23.631
8x64,14336x4096,1,adopted,contiguous,0.75,n8k64_wB_m16_t0,16,"[0, 1]",23.680,23.696 23.680 23.664
8x64,14336x4096,1,adopted,real,0.01595633290708065,n8k64_wB_m16_t0,16,"[0, 1]",23.776,23.824 23.823 23.696
8x64,14336x4096,1,previous,all,0.0,n8k64_wB_m16_t0,16,"[0, 1]",23.616,23.584 23.711 23.584
8x64,14336x4096,1,previous,all,1.0,n8k64_wB_m16_t0,16,"[0, 1]",24.991,24.991 25.023 24.944
8x64,14336x4096,1,previous,random,0.01,n8k64_wB_m16_t0,16,"[0, 1]",23.680,23.744 23.616 23.664
8x64,14336x4096,1,previous,random,0.02,n8k64_wB_m16_t0,16,"[0, 1]",23.808,23.871 23.776 23.776
8x64,14336x4096,1,previous,random,0.05,n8k64_wB_m16_t0,16,"[0, 1]",24.032,24.096 24.016 23.936
8x64,14336x4096,1,previous,random,0.1,n8k64_wB_m16_t0,16,"[0, 1]",24.288,24.288 24.303 24.272
8x64,14336x4096,1,previous,random,0.25,n8k64_wB_m16_t0,16,"[0, 1]",24.575,24.544 24.575 24.576
8x64,14336x4096,1,previous,random,0.5,n8k64_wB_m16_t0,16,"[0, 1]",24.928,24.959 24.896 24.960
8x64,14336x4096,1,previous,random,0.75,n8k64_wB_m16_t0,16,"[0, 1]",25.184,25.216 25.136 25.152
8x64,14336x4096,1,previous,contiguous,0.01,n8k64_wB_m16_t0,16,"[0, 1]",23.647,23.631 23.664 23.631
8x64,14336x4096,1,previous,contiguous,0.02,n8k64_wB_m16_t0,16,"[0, 1]",23.680,23.728 23.648 23.680
8x64,14336x4096,1,previous,contiguous,0.05,n8k64_wB_m16_t0,16,"[0, 1]",23.679,23.680 23.680 23.648
8x64,14336x4096,1,previous,contiguous,0.1,n8k64_wB_m16_t0,16,"[0, 1]",23.680,23.680 23.680 23.696
8x64,14336x4096,1,previous,contiguous,0.25,n8k64_wB_m16_t0,16,"[0, 1]",23.648,23.648 23.680 23.568
8x64,14336x4096,1,previous,contiguous,0.5,n8k64_wB_m16_t0,16,"[0, 1]",23.648,23.680 23.600 23.616
8x64,14336x4096,1,previous,contiguous,0.75,n8k64_wB_m16_t0,16,"[0, 1]",23.680,23.600 23.680 23.648
8x64,14336x4096,1,previous,real,0.01595633290708065,n8k64_wB_m16_t0,16,"[0, 1]",23.808,23.824 23.776 23.839
8x64,14336x4096,1,paper,all,0.0,n8k64_wB,128,"[0, 1]",31.872,31.840 31.904 31.872
8x64,14336x4096,1,paper,all,1.0,n8k64_wB,128,"[0, 1]",32.000,32.032 32.032 31.983
8x64,14336x4096,1,paper,random,0.01,n8k64_wB,128,"[0, 1]",31.903,31.903 31.841 31.936
8x64,14336x4096,1,paper,random,0.02,n8k64_wB,128,"[0, 1]",31.872,31.840 31.872 31.872
8x64,14336x4096,1,paper,random,0.05,n8k64_wB,128,"[0, 1]",31.919,31.904 31.952 31.904
8x64,14336x4096,1,paper,random,0.1,n8k64_wB,128,"[0, 1]",31.968,31.967 31.936 32.048
8x64,14336x4096,1,paper,random,0.25,n8k64_wB,128,"[0, 1]",31.936,31.935 31.920 31.999
8x64,14336x4096,1,paper,random,0.5,n8k64_wB,128,"[0, 1]",32.032,32.064 32.064 32.016
8x64,14336x4096,1,paper,random,0.75,n8k64_wB,128,"[0, 1]",32.032,32.064 31.952 32.128
8x64,14336x4096,1,paper,contiguous,0.01,n8k64_wB,128,"[0, 1]",32.320,32.288 32.416 32.304
8x64,14336x4096,1,paper,contiguous,0.02,n8k64_wB,128,"[0, 1]",32.063,32.064 32.064 32.032
8x64,14336x4096,1,paper,contiguous,0.05,n8k64_wB,128,"[0, 1]",32.031,31.936 32.064 32.032
8x64,14336x4096,1,paper,contiguous,0.1,n8k64_wB,128,"[0, 1]",31.984,31.968 32.000 32.000
8x64,14336x4096,1,paper,contiguous,0.25,n8k64_wB,128,"[0, 1]",32.063,32.079 32.031 32.080
8x64,14336x4096,1,paper,contiguous,0.5,n8k64_wB,128,"[0, 1]",32.000,32.047 32.096 31.952
8x64,14336x4096,1,paper,contiguous,0.75,n8k64_wB,128,"[0, 1]",32.032,32.095 32.016 31.968
8x64,14336x4096,1,paper,real,0.01595633290708065,n8k64_wB,128,"[0, 1]",31.840,31.840 31.856 31.824
8x64,14336x4096,1,ceiling,reference,,n8k64_wB_m16_nodisp_t0,16,"[0, 1]",23.552,23.631 23.552 23.488
8x64,14336x4096,1,stock_ko,reference,,stock_wA_n16,16,"[0, 1]",22.528,22.496 22.512 22.528
8x64,14336x4096,1,stock_wB_ko,reference,,stock_wB_e64,128,"[0, 1]",31.552,31.567 31.536 31.551
8x64,14336x4096,1,stock,reference,,stock_wA_n16,16,"[0, 1]",22.496,22.528 22.496 22.496
8x64,14336x4096,16,adopted,all,0.0,n8k64_wB_m16_t0,16,"[0, 1]",23.519,23.520 23.504 23.503
8x64,14336x4096,16,adopted,all,1.0,n8k64_wB_m16_t0,16,"[0, 1]",24.800,24.863 24.799 24.784
8x64,14336x4096,16,adopted,random,0.01,n8k64_wB_m16_t0,16,"[0, 1]",23.552,23.520 23.599 23.519
8x64,14336x4096,16,adopted,random,0.02,n8k64_wB_m16_t0,16,"[0, 1]",23.585,23.584 23.631 23.584
8x64,14336x4096,16,adopted,random,0.05,n8k64_wB_m16_t0,16,"[0, 1]",23.808,23.808 23.792 23.808
8x64,14336x4096,16,adopted,random,0.1,n8k64_wB_m16_t0,16,"[0, 1]",24.064,24.063 24.064 24.064
8x64,14336x4096,16,adopted,random,0.25,n8k64_wB_m16_t0,16,"[0, 1]",24.384,24.415 24.400 24.352
8x64,14336x4096,16,adopted,random,0.5,n8k64_wB_m16_t0,16,"[0, 1]",24.736,24.768 24.720 24.736
8x64,14336x4096,16,adopted,random,0.75,n8k64_wB_m16_t0,16,"[0, 1]",24.959,24.992 24.928 24.927
8x64,14336x4096,16,adopted,contiguous,0.01,n8k64_wB_m16_t0,16,"[0, 1]",23.519,23.520 23.488 23.504
8x64,14336x4096,16,adopted,contiguous,0.02,n8k64_wB_m16_t0,16,"[0, 1]",23.520,23.520 23.488 23.520
8x64,14336x4096,16,adopted,contiguous,0.05,n8k64_wB_m16_t0,16,"[0, 1]",23.519,23.504 23.504 23.520
8x64,14336x4096,16,adopted,contiguous,0.1,n8k64_wB_m16_t0,16,"[0, 1]",23.488,23.503 23.488 23.488
8x64,14336x4096,16,adopted,contiguous,0.25,n8k64_wB_m16_t0,16,"[0, 1]",23.488,23.488 23.504 23.488
8x64,14336x4096,16,adopted,contiguous,0.5,n8k64_wB_m16_t0,16,"[0, 1]",23.488,23.583 23.520 23.456
8x64,14336x4096,16,adopted,contiguous,0.75,n8k64_wB_m16_t0,16,"[0, 1]",23.520,23.552 23.520 23.552
8x64,14336x4096,16,adopted,real,0.01595633290708065,n8k64_wB_m16_t0,16,"[0, 1]",23.615,23.552 23.648 23.616
8x64,14336x4096,16,previous,all,0.0,n8k64_wB_m16_t0,16,"[0, 1]",23.551,23.552 23.552 23.504
8x64,14336x4096,16,previous,all,1.0,n8k64_wB_m16_t0,16,"[0, 1]",24.831,24.831 24.832 24.816
8x64,14336x4096,16,previous,random,0.01,n8k64_wB_m16_t0,16,"[0, 1]",23.583,23.616 23.616 23.520
8x64,14336x4096,16,previous,random,0.02,n8k64_wB_m16_t0,16,"[0, 1]",23.616,23.616 23.584 23.648
8x64,14336x4096,16,previous,random,0.05,n8k64_wB_m16_t0,16,"[0, 1]",23.807,23.807 23.792 23.808
8x64,14336x4096,16,previous,random,0.1,n8k64_wB_m16_t0,16,"[0, 1]",24.095,24.080 24.095 24.095
8x64,14336x4096,16,previous,random,0.25,n8k64_wB_m16_t0,16,"[0, 1]",24.384,24.384 24.415 24.399
8x64,14336x4096,16,previous,random,0.5,n8k64_wB_m16_t0,16,"[0, 1]",24.768,24.799 24.784 24.767
8x64,14336x4096,16,previous,random,0.75,n8k64_wB_m16_t0,16,"[0, 1]",24.960,24.991 24.991 24.896
8x64,14336x4096,16,previous,contiguous,0.01,n8k64_wB_m16_t0,16,"[0, 1]",23.504,23.488 23.488 23.520
8x64,14336x4096,16,previous,contiguous,0.02,n8k64_wB_m16_t0,16,"[0, 1]",23.536,23.552 23.568 23.520
8x64,14336x4096,16,previous,contiguous,0.05,n8k64_wB_m16_t0,16,"[0, 1]",23.552,23.552 23.647 23.520
8x64,14336x4096,16,previous,contiguous,0.1,n8k64_wB_m16_t0,16,"[0, 1]",23.488,23.488 23.519 23.520
8x64,14336x4096,16,previous,contiguous,0.25,n8k64_wB_m16_t0,16,"[0, 1]",23.520,23.488 23.488 23.552
8x64,14336x4096,16,previous,contiguous,0.5,n8k64_wB_m16_t0,16,"[0, 1]",23.504,23.488 23.551 23.488
8x64,14336x4096,16,previous,contiguous,0.75,n8k64_wB_m16_t0,16,"[0, 1]",23.520,23.567 23.504 23.535
8x64,14336x4096,16,previous,real,0.01595633290708065,n8k64_wB_m16_t0,16,"[0, 1]",23.648,23.600 23.712 23.648
8x64,14336x4096,16,paper,all,0.0,n8k64_wB,128,"[0, 1]",31.584,31.584 31.584 31.632
8x64,14336x4096,16,paper,all,1.0,n8k64_wB,128,"[0, 1]",31.616,31.615 31.647 31.616
8x64,14336x4096,16,paper,random,0.01,n8k64_wB,128,"[0, 1]",31.647,31.648 31.616 31.648
8x64,14336x4096,16,paper,random,0.02,n8k64_wB,128,"[0, 1]",31.631,31.648 31.600 31.631
8x64,14336x4096,16,paper,random,0.05,n8k64_wB,128,"[0, 1]",31.648,31.648 31.680 31.648
8x64,14336x4096,16,paper,random,0.1,n8k64_wB,128,"[0, 1]",31.680,31.648 31.712 31.664
8x64,14336x4096,16,paper,random,0.25,n8k64_wB,128,"[0, 1]",31.680,31.711 31.648 31.680
8x64,14336x4096,16,paper,random,0.5,n8k64_wB,128,"[0, 1]",31.712,31.696 31.744 31.680
8x64,14336x4096,16,paper,random,0.75,n8k64_wB,128,"[0, 1]",31.712,31.727 31.712 31.727
8x64,14336x4096,16,paper,contiguous,0.01,n8k64_wB,128,"[0, 1]",31.999,31.904 32.032 31.952
8x64,14336x4096,16,paper,contiguous,0.02,n8k64_wB,128,"[0, 1]",31.680,31.712 31.696 31.648
8x64,14336x4096,16,paper,contiguous,0.05,n8k64_wB,128,"[0, 1]",31.584,31.552 31.584 31.584
8x64,14336x4096,16,paper,contiguous,0.1,n8k64_wB,128,"[0, 1]",31.696,31.711 31.712 31.648
8x64,14336x4096,16,paper,contiguous,0.25,n8k64_wB,128,"[0, 1]",31.615,31.600 31.552 31.648
8x64,14336x4096,16,paper,contiguous,0.5,n8k64_wB,128,"[0, 1]",31.584,31.552 31.584 31.552
8x64,14336x4096,16,paper,contiguous,0.75,n8k64_wB,128,"[0, 1]",31.584,31.600 31.568 31.568
8x64,14336x4096,16,paper,real,0.01595633290708065,n8k64_wB,128,"[0, 1]",31.616,31.615 31.647 31.616
8x64,14336x4096,16,ceiling,reference,,n8k64_wB_m16_nodisp_t0,16,"[0, 1]",23.392,23.391 23.376 23.424
8x64,14336x4096,16,stock_ko,reference,,stock_wA_n16,16,"[0, 1]",22.432,22.400 22.432 22.432
8x64,14336x4096,16,stock_wB_ko,reference,,stock_wB_e64,128,"[0, 1]",31.296,31.296 31.296 31.328
8x64,14336x4096,16,stock,reference,,stock_wA_n16,16,"[0, 1]",22.432,22.432 22.432 22.432
8x64,14336x4096,128,adopted,all,0.0,n8k64_wB_t0,128,"[0, 1]",23.936,23.968 23.904 23.904
8x64,14336x4096,128,adopted,all,1.0,n8k64_wB_t0,128,"[0, 1]",24.096,24.144 24.096 24.096
8x64,14336x4096,128,adopted,random,0.01,n8k64_wB_t0,128,"[0, 1]",23.904,23.904 23.904 23.888
8x64,14336x4096,128,adopted,random,0.02,n8k64_wB_t0,128,"[0, 1]",23.904,23.888 23.920 23.904
8x64,14336x4096,128,adopted,random,0.05,n8k64_wB_t0,128,"[0, 1]",23.936,23.999 23.920 23.920
8x64,14336x4096,128,adopted,random,0.1,n8k64_wB_t0,128,"[0, 1]",23.936,23.920 23.936 23.967
8x64,14336x4096,128,adopted,random,0.25,n8k64_wB_t0,128,"[0, 1]",24.000,23.968 24.048 24.047
8x64,14336x4096,128,adopted,random,0.5,n8k64_wB_t0,128,"[0, 1]",24.000,24.016 24.031 24.000
8x64,14336x4096,128,adopted,random,0.75,n8k64_wB_t0,128,"[0, 1]",24.096,24.160 24.112 24.095
8x64,14336x4096,128,adopted,contiguous,0.01,n8k64_wB_t0,128,"[0, 1]",24.063,24.064 24.000 24.064
8x64,14336x4096,128,adopted,contiguous,0.02,n8k64_wB_t0,128,"[0, 1]",24.064,24.032 24.064 24.096
8x64,14336x4096,128,adopted,contiguous,0.05,n8k64_wB_t0,128,"[0, 1]",24.079,24.112 24.064 24.080
8x64,14336x4096,128,adopted,contiguous,0.1,n8k64_wB_t0,128,"[0, 1]",24.224,24.208 24.272 24.192
8x64,14336x4096,128,adopted,contiguous,0.25,n8k64_wB_t0,128,"[0, 1]",24.160,24.192 24.175 24.160
8x64,14336x4096,128,adopted,contiguous,0.5,n8k64_wB_t0,128,"[0, 1]",24.223,24.239 24.192 24.256
8x64,14336x4096,128,adopted,contiguous,0.75,n8k64_wB_t0,128,"[0, 1]",24.159,24.176 24.160 24.128
8x64,14336x4096,128,adopted,real,0.01595633290708065,n8k64_wB_t0,128,"[0, 1]",23.919,23.936 23.920 23.904
8x64,14336x4096,128,previous,all,0.0,n8k64_wB_t0,128,"[0, 1]",23.824,23.871 23.776 23.824
8x64,14336x4096,128,previous,all,1.0,n8k64_wB_t0,128,"[0, 1]",24.096,24.096 24.032 24.095
8x64,14336x4096,128,previous,random,0.01,n8k64_wB_t0,128,"[0, 1]",23.840,23.872 23.840 23.808
8x64,14336x4096,128,previous,random,0.02,n8k64_wB_t0,128,"[0, 1]",23.888,23.904 23.888 23.871
8x64,14336x4096,128,previous,random,0.05,n8k64_wB_t0,128,"[0, 1]",23.935,23.952 23.904 23.904
8x64,14336x4096,128,previous,random,0.1,n8k64_wB_t0,128,"[0, 1]",23.936,23.936 23.952 23.952
8x64,14336x4096,128,previous,random,0.25,n8k64_wB_t0,128,"[0, 1]",23.984,23.968 23.968 24.048
8x64,14336x4096,128,previous,random,0.5,n8k64_wB_t0,128,"[0, 1]",24.032,24.047 24.000 24.032
8x64,14336x4096,128,previous,random,0.75,n8k64_wB_t0,128,"[0, 1]",24.128,24.128 24.160 24.128
8x64,14336x4096,128,previous,contiguous,0.01,n8k64_wB_t0,128,"[0, 1]",23.968,24.000 24.000 23.967
8x64,14336x4096,128,previous,contiguous,0.02,n8k64_wB_t0,128,"[0, 1]",24.032,24.064 24.032 24.016
8x64,14336x4096,128,previous,contiguous,0.05,n8k64_wB_t0,128,"[0, 1]",24.096,24.160 24.048 24.080
8x64,14336x4096,128,previous,contiguous,0.1,n8k64_wB_t0,128,"[0, 1]",24.128,24.128 24.143 24.128
8x64,14336x4096,128,previous,contiguous,0.25,n8k64_wB_t0,128,"[0, 1]",24.192,24.224 24.191 24.175
8x64,14336x4096,128,previous,contiguous,0.5,n8k64_wB_t0,128,"[0, 1]",24.224,24.192 24.255 24.255
8x64,14336x4096,128,previous,contiguous,0.75,n8k64_wB_t0,128,"[0, 1]",24.160,24.160 24.176 24.159
8x64,14336x4096,128,previous,real,0.01595633290708065,n8k64_wB_t0,128,"[0, 1]",23.872,23.871 23.872 23.904
8x64,14336x4096,128,paper,all,0.0,n8k64_wB,128,"[0, 1]",23.968,23.968 23.968 23.983
8x64,14336x4096,128,paper,all,1.0,n8k64_wB,128,"[0, 1]",24.320,24.320 24.304 24.352
8x64,14336x4096,128,paper,random,0.01,n8k64_wB,128,"[0, 1]",24.000,24.064 23.968 23.984
8x64,14336x4096,128,paper,random,0.02,n8k64_wB,128,"[0, 1]",23.999,24.000 24.016 23.984
8x64,14336x4096,128,paper,random,0.05,n8k64_wB,128,"[0, 1]",24.032,24.064 24.000 24.016
8x64,14336x4096,128,paper,random,0.1,n8k64_wB,128,"[0, 1]",24.032,24.032 24.032 24.031
8x64,14336x4096,128,paper,random,0.25,n8k64_wB,128,"[0, 1]",24.032,24.032 24.048 24.000
8x64,14336x4096,128,paper,random,0.5,n8k64_wB,128,"[0, 1]",24.032,24.048 24.015 24.064
8x64,14336x4096,128,paper,random,0.75,n8k64_wB,128,"[0, 1]",24.128,24.112 24.160 24.112
8x64,14336x4096,128,paper,contiguous,0.01,n8k64_wB,128,"[0, 1]",24.320,24.336 24.288 24.320
8x64,14336x4096,128,paper,contiguous,0.02,n8k64_wB,128,"[0, 1]",24.000,24.047 23.984 24.000
8x64,14336x4096,128,paper,contiguous,0.05,n8k64_wB,128,"[0, 1]",24.000,23.967 24.016 24.016
8x64,14336x4096,128,paper,contiguous,0.1,n8k64_wB,128,"[0, 1]",24.000,24.047 23.999 24.000
8x64,14336x4096,128,paper,contiguous,0.25,n8k64_wB,128,"[0, 1]",23.968,24.000 23.967 23.984
8x64,14336x4096,128,paper,contiguous,0.5,n8k64_wB,128,"[0, 1]",24.063,24.048 24.048 24.063
8x64,14336x4096,128,paper,contiguous,0.75,n8k64_wB,128,"[0, 1]",24.032,24.063 24.031 24.048
8x64,14336x4096,128,paper,real,0.01595633290708065,n8k64_wB,128,"[0, 1]",24.032,23.984 24.032 24.048
8x64,14336x4096,128,ceiling,reference,,n8k64_wB_nodisp_t0,128,"[0, 1]",23.744,23.760 23.744 23.744
8x64,14336x4096,128,stock_ko,reference,,stock_wA_e64,128,"[0, 1]",23.679,23.664 23.679 23.680
8x64,14336x4096,128,stock_wB_ko,reference,,stock_wB_e64,128,"[0, 1]",23.680,23.664 23.680 23.680
8x64,14336x4096,128,stock,reference,,stock_wA,128,"[0, 1]",23.840,23.872 23.808 23.840
8x64,14336x4096,512,adopted,all,0.0,n8k64_wB_t0,128,"[0, 1]",64.799,64.816 64.640 65.087
8x64,14336x4096,512,adopted,all,1.0,n8k64_wB_t0,128,"[0, 1]",70.191,70.431 70.015 70.383
8x64,14336x4096,512,adopted,random,0.01,n8k64_wB_t0,128,"[0, 1]",65.183,65.264 64.991 65.392
8x64,14336x4096,512,adopted,random,0.02,n8k64_wB_t0,128,"[0, 1]",65.535,65.680 65.392 65.519
8x64,14336x4096,512,adopted,random,0.05,n8k64_wB_t0,128,"[0, 1]",66.175,66.287 66.112 66.079
8x64,14336x4096,512,adopted,random,0.1,n8k64_wB_t0,128,"[0, 1]",67.104,67.455 66.912 67.120
8x64,14336x4096,512,adopted,random,0.25,n8k64_wB_t0,128,"[0, 1]",69.024,69.072 68.911 69.263
8x64,14336x4096,512,adopted,random,0.5,n8k64_wB_t0,128,"[0, 1]",70.704,70.704 70.752 70.511
8x64,14336x4096,512,adopted,random,0.75,n8k64_wB_t0,128,"[0, 1]",71.215,71.344 70.816 71.375
8x64,14336x4096,512,adopted,contiguous,0.01,n8k64_wB_t0,128,"[0, 1]",64.831,65.007 64.639 64.959
8x64,14336x4096,512,adopted,contiguous,0.02,n8k64_wB_t0,128,"[0, 1]",64.831,64.847 64.671 64.896
8x64,14336x4096,512,adopted,contiguous,0.05,n8k64_wB_t0,128,"[0, 1]",64.511,64.816 64.352 64.607
8x64,14336x4096,512,adopted,contiguous,0.1,n8k64_wB_t0,128,"[0, 1]",64.719,64.687 64.447 65.167
8x64,14336x4096,512,adopted,contiguous,0.25,n8k64_wB_t0,128,"[0, 1]",65.568,65.616 65.280 65.936
8x64,14336x4096,512,adopted,contiguous,0.5,n8k64_wB_t0,128,"[0, 1]",68.656,68.816 68.511 68.799
8x64,14336x4096,512,adopted,contiguous,0.75,n8k64_wB_t0,128,"[0, 1]",67.119,67.327 66.863 67.279
8x64,14336x4096,512,adopted,real,0.01595633290708065,n8k64_wB_t0,128,"[0, 1]",65.376,65.456 65.279 65.439
8x64,14336x4096,512,previous,all,0.0,n8k64_wB_t0,128,"[0, 1]",64.959,64.976 64.927 64.864
8x64,14336x4096,512,previous,all,1.0,n8k64_wB_t0,128,"[0, 1]",70.239,70.351 70.143 70.287
8x64,14336x4096,512,previous,random,0.01,n8k64_wB_t0,128,"[0, 1]",65.471,65.488 65.359 65.551
8x64,14336x4096,512,previous,random,0.02,n8k64_wB_t0,128,"[0, 1]",65.664,65.967 65.440 65.584
8x64,14336x4096,512,previous,random,0.05,n8k64_wB_t0,128,"[0, 1]",66.352,66.784 66.143 66.367
8x64,14336x4096,512,previous,random,0.1,n8k64_wB_t0,128,"[0, 1]",67.568,67.743 67.167 67.520
8x64,14336x4096,512,previous,random,0.25,n8k64_wB_t0,128,"[0, 1]",68.991,69.264 68.927 69.264
8x64,14336x4096,512,previous,random,0.5,n8k64_wB_t0,128,"[0, 1]",71.071,70.992 70.447 71.359
8x64,14336x4096,512,previous,random,0.75,n8k64_wB_t0,128,"[0, 1]",71.648,71.840 71.344 71.680
8x64,14336x4096,512,previous,contiguous,0.01,n8k64_wB_t0,128,"[0, 1]",64.943,64.928 64.688 65.007
8x64,14336x4096,512,previous,contiguous,0.02,n8k64_wB_t0,128,"[0, 1]",64.976,65.088 64.767 65.103
8x64,14336x4096,512,previous,contiguous,0.05,n8k64_wB_t0,128,"[0, 1]",64.736,64.768 64.703 64.863
8x64,14336x4096,512,previous,contiguous,0.1,n8k64_wB_t0,128,"[0, 1]",64.848,64.863 64.608 65.008
8x64,14336x4096,512,previous,contiguous,0.25,n8k64_wB_t0,128,"[0, 1]",65.119,65.136 65.072 65.215
8x64,14336x4096,512,previous,contiguous,0.5,n8k64_wB_t0,128,"[0, 1]",68.623,68.991 68.624 68.608
8x64,14336x4096,512,previous,contiguous,0.75,n8k64_wB_t0,128,"[0, 1]",67.615,67.647 67.504 67.807
8x64,14336x4096,512,previous,real,0.01595633290708065,n8k64_wB_t0,128,"[0, 1]",65.535,65.744 65.295 65.663
8x64,14336x4096,512,paper,all,0.0,n8k64_wB,128,"[0, 1]",67.520,67.951 67.215 67.855
8x64,14336x4096,512,paper,all,1.0,n8k64_wB,128,"[0, 1]",68.976,69.263 68.784 68.959
8x64,14336x4096,512,paper,random,0.01,n8k64_wB,128,"[0, 1]",67.791,68.255 67.696 67.855
8x64,14336x4096,512,paper,random,0.02,n8k64_wB,128,"[0, 1]",68.144,68.175 68.031 68.207
8x64,14336x4096,512,paper,random,0.05,n8k64_wB,128,"[0, 1]",68.672,69.024 68.400 68.704
8x64,14336x4096,512,paper,random,0.1,n8k64_wB,128,"[0, 1]",69.215,69.504 68.847 69.024
8x64,14336x4096,512,paper,random,0.25,n8k64_wB,128,"[0, 1]",70.192,70.383 70.015 70.224
8x64,14336x4096,512,paper,random,0.5,n8k64_wB,128,"[0, 1]",70.688,71.023 70.511 70.415
8x64,14336x4096,512,paper,random,0.75,n8k64_wB,128,"[0, 1]",70.720,70.895 70.592 70.720
8x64,14336x4096,512,paper,contiguous,0.01,n8k64_wB,128,"[0, 1]",67.456,68.016 67.360 67.184
8x64,14336x4096,512,paper,contiguous,0.02,n8k64_wB,128,"[0, 1]",67.647,67.727 67.712 67.519
8x64,14336x4096,512,paper,contiguous,0.05,n8k64_wB,128,"[0, 1]",67.616,67.680 67.712 67.391
8x64,14336x4096,512,paper,contiguous,0.1,n8k64_wB,128,"[0, 1]",67.776,68.255 67.824 67.503
8x64,14336x4096,512,paper,contiguous,0.25,n8k64_wB,128,"[0, 1]",68.400,69.040 68.127 68.032
8x64,14336x4096,512,paper,contiguous,0.5,n8k64_wB,128,"[0, 1]",69.200,69.487 69.120 69.232
8x64,14336x4096,512,paper,contiguous,0.75,n8k64_wB,128,"[0, 1]",68.320,68.479 68.240 68.272
8x64,14336x4096,512,paper,real,0.01595633290708065,n8k64_wB,128,"[0, 1]",68.112,68.208 68.320 67.984
8x64,14336x4096,512,ceiling,reference,,n8k64_wB_nodisp_t0,128,"[0, 1]",63.232,63.264 63.216 63.279
8x64,14336x4096,512,stock_ko,reference,,stock_wA_e64,128,"[0, 1]",57.375,57.456 57.215 57.375
8x64,14336x4096,512,stock_wB_ko,reference,,stock_wB_e64,128,"[0, 1]",57.151,57.423 56.960 57.247
8x64,14336x4096,512,stock,reference,,stock_wA,128,"[0, 1]",57.919,57.984 57.648 58.096
8x64,14336x4096,2048,adopted,all,0.0,n8k64_wB_t0,128,"[0, 1]",203.086,203.119 203.279 202.927
8x64,14336x4096,2048,adopted,all,1.0,n8k64_wB_t0,128,"[0, 1]",217.150,216.639 217.247 217.343
8x64,14336x4096,2048,adopted,random,0.01,n8k64_wB_t0,128,"[0, 1]",203.390,203.086 203.582 203.518
8x64,14336x4096,2048,adopted,random,0.02,n8k64_wB_t0,128,"[0, 1]",203.615,202.478 203.870 203.918
8x64,14336x4096,2048,adopted,random,0.05,n8k64_wB_t0,128,"[0, 1]",205.118,203.054 205.582 205.374
8x64,14336x4096,2048,adopted,random,0.1,n8k64_wB_t0,128,"[0, 1]",207.326,204.783 207.838 207.599
8x64,14336x4096,2048,adopted,random,0.25,n8k64_wB_t0,128,"[0, 1]",211.199,208.526 211.678 211.791
8x64,14336x4096,2048,adopted,random,0.5,n8k64_wB_t0,128,"[0, 1]",216.798,214.238 217.327 216.911
8x64,14336x4096,2048,adopted,random,0.75,n8k64_wB_t0,128,"[0, 1]",218.447,215.647 218.958 218.751
8x64,14336x4096,2048,adopted,contiguous,0.01,n8k64_wB_t0,128,"[0, 1]",202.655,199.839 202.974 203.118
8x64,14336x4096,2048,adopted,contiguous,0.02,n8k64_wB_t0,128,"[0, 1]",202.846,199.951 203.102 203.390
8x64,14336x4096,2048,adopted,contiguous,0.05,n8k64_wB_t0,128,"[0, 1]",202.799,200.382 202.783 203.438
8x64,14336x4096,2048,adopted,contiguous,0.1,n8k64_wB_t0,128,"[0, 1]",202.750,200.351 202.750 203.759
8x64,14336x4096,2048,adopted,contiguous,0.25,n8k64_wB_t0,128,"[0, 1]",204.687,203.134 204.558 206.302
8x64,14336x4096,2048,adopted,contiguous,0.5,n8k64_wB_t0,128,"[0, 1]",208.014,206.799 207.567 209.598
8x64,14336x4096,2048,adopted,contiguous,0.75,n8k64_wB_t0,128,"[0, 1]",209.502,208.942 209.086 212.271
8x64,14336x4096,2048,adopted,real,0.01595633290708065,n8k64_wB_t0,128,"[0, 1]",203.263,201.119 203.470 203.694
8x64,14336x4096,2048,previous,all,0.0,n8k64_wB_t0,128,"[0, 1]",203.054,201.023 203.167 203.615
8x64,14336x4096,2048,previous,all,1.0,n8k64_wB_t0,128,"[0, 1]",215.535,214.847 214.974 217.358
8x64,14336x4096,2048,previous,random,0.01,n8k64_wB_t0,128,"[0, 1]",201.934,201.310 201.694 203.150
8x64,14336x4096,2048,previous,random,0.02,n8k64_wB_t0,128,"[0, 1]",202.079,201.566 202.063 203.214
8x64,14336x4096,2048,previous,random,0.05,n8k64_wB_t0,128,"[0, 1]",203.343,203.150 203.118 204.030
8x64,14336x4096,2048,previous,random,0.1,n8k64_wB_t0,128,"[0, 1]",205.871,205.854 205.774 206.031
8x64,14336x4096,2048,previous,random,0.25,n8k64_wB_t0,128,"[0, 1]",210.143,209.967 210.574 210.191
8x64,14336x4096,2048,previous,random,0.5,n8k64_wB_t0,128,"[0, 1]",215.583,215.326 215.710 215.839
8x64,14336x4096,2048,previous,random,0.75,n8k64_wB_t0,128,"[0, 1]",217.470,217.278 217.519 217.518
8x64,14336x4096,2048,previous,contiguous,0.01,n8k64_wB_t0,128,"[0, 1]",201.103,200.686 204.830 200.814
8x64,14336x4096,2048,previous,contiguous,0.02,n8k64_wB_t0,128,"[0, 1]",201.614,201.278 204.591 200.798
8x64,14336x4096,2048,previous,contiguous,0.05,n8k64_wB_t0,128,"[0, 1]",201.278,200.767 204.350 200.830
8x64,14336x4096,2048,previous,contiguous,0.1,n8k64_wB_t0,128,"[0, 1]",202.046,201.470 205.119 201.566
8x64,14336x4096,2048,previous,contiguous,0.25,n8k64_wB_t0,128,"[0, 1]",204.063,203.614 206.990 203.470
8x64,14336x4096,2048,previous,contiguous,0.5,n8k64_wB_t0,128,"[0, 1]",207.502,207.166 210.287 206.958
8x64,14336x4096,2048,previous,contiguous,0.75,n8k64_wB_t0,128,"[0, 1]",210.750,210.014 213.215 210.175
8x64,14336x4096,2048,previous,real,0.01595633290708065,n8k64_wB_t0,128,"[0, 1]",202.142,201.662 204.847 201.631
8x64,14336x4096,2048,paper,all,0.0,n8k64_wB,128,"[0, 1]",206.830,206.558 211.135 206.254
8x64,14336x4096,2048,paper,all,1.0,n8k64_wB,128,"[0, 1]",210.350,209.838 213.839 209.774
8x64,14336x4096,2048,paper,random,0.01,n8k64_wB,128,"[0, 1]",209.039,206.830 209.279 209.663
8x64,14336x4096,2048,paper,random,0.02,n8k64_wB,128,"[0, 1]",209.663,207.215 209.886 210.110
8x64,14336x4096,2048,paper,random,0.05,n8k64_wB,128,"[0, 1]",210.830,207.998 210.910 211.487
8x64,14336x4096,2048,paper,random,0.1,n8k64_wB,128,"[0, 1]",211.886,209.390 212.127 212.383
8x64,14336x4096,2048,paper,random,0.25,n8k64_wB,128,"[0, 1]",214.142,211.822 214.527 214.351
8x64,14336x4096,2048,paper,random,0.5,n8k64_wB,128,"[0, 1]",216.014,213.647 216.350 216.447
8x64,14336x4096,2048,paper,random,0.75,n8k64_wB,128,"[0, 1]",216.958,213.918 217.646 217.806
8x64,14336x4096,2048,paper,contiguous,0.01,n8k64_wB,128,"[0, 1]",209.086,206.751 209.102 209.631
8x64,14336x4096,2048,paper,contiguous,0.02,n8k64_wB,128,"[0, 1]",208.990,206.815 209.263 209.502
8x64,14336x4096,2048,paper,contiguous,0.05,n8k64_wB,128,"[0, 1]",209.151,206.478 209.167 209.598
8x64,14336x4096,2048,paper,contiguous,0.1,n8k64_wB,128,"[0, 1]",209.006,206.766 209.486 209.327
8x64,14336x4096,2048,paper,contiguous,0.25,n8k64_wB,128,"[0, 1]",209.359,206.974 210.367 209.662
8x64,14336x4096,2048,paper,contiguous,0.5,n8k64_wB,128,"[0, 1]",210.335,207.807 211.215 210.782
8x64,14336x4096,2048,paper,contiguous,0.75,n8k64_wB,128,"[0, 1]",210.894,208.222 211.471 211.231
8x64,14336x4096,2048,paper,real,0.01595633290708065,n8k64_wB,128,"[0, 1]",209.518,207.199 209.566 210.206
8x64,14336x4096,2048,ceiling,reference,,n8k64_wB_nodisp_t0,128,"[0, 1]",198.495,196.606 199.167 198.591
8x64,14336x4096,2048,stock_ko,reference,,stock_wA_e64,128,"[0, 1]",191.950,188.095 192.239 192.190
8x64,14336x4096,2048,stock_wB_ko,reference,,stock_wB_e64,128,"[0, 1]",190.687,188.589 191.727 191.870
8x64,14336x4096,2048,stock,reference,,stock_wA,128,"[0, 1]",193.278,190.766 193.839 193.615
8x64,14336x4096,8192,adopted,all,0.0,n8k64_wB_t0,128,"[0, 1]",797.625,796.234 797.978 797.226
8x64,14336x4096,8192,adopted,all,1.0,n8k64_wB_t0,128,"[0, 1]",849.256,843.914 851.370 849.977
8x64,14336x4096,8192,adopted,random,0.01,n8k64_wB_t0,128,"[0, 1]",799.417,793.338 800.922 800.697
8x64,14336x4096,8192,adopted,random,0.02,n8k64_wB_t0,128,"[0, 1]",799.370,796.138 799.434 801.929
8x64,14336x4096,8192,adopted,random,0.05,n8k64_wB_t0,128,"[0, 1]",806.409,804.346 806.346 807.273
8x64,14336x4096,8192,adopted,random,0.1,n8k64_wB_t0,128,"[0, 1]",813.833,813.481 815.146 812.905
8x64,14336x4096,8192,adopted,random,0.25,n8k64_wB_t0,128,"[0, 1]",833.177,832.746 832.905 833.337
8x64,14336x4096,8192,adopted,random,0.5,n8k64_wB_t0,128,"[0, 1]",850.169,849.194 849.929 852.425
8x64,14336x4096,8192,adopted,random,0.75,n8k64_wB_t0,128,"[0, 1]",857.433,856.665 857.833 857.561
8x64,14336x4096,8192,adopted,contiguous,0.01,n8k64_wB_t0,128,"[0, 1]",797.577,797.466 797.146 798.201
8x64,14336x4096,8192,adopted,contiguous,0.02,n8k64_wB_t0,128,"[0, 1]",797.370,796.202 797.226 798.666
8x64,14336x4096,8192,adopted,contiguous,0.05,n8k64_wB_t0,128,"[0, 1]",798.713,797.130 799.145 799.497
8x64,14336x4096,8192,adopted,contiguous,0.1,n8k64_wB_t0,128,"[0, 1]",802.040,800.874 801.145 802.666
8x64,14336x4096,8192,adopted,contiguous,0.25,n8k64_wB_t0,128,"[0, 1]",808.330,806.953 808.233 808.922
8x64,14336x4096,8192,adopted,contiguous,0.5,n8k64_wB_t0,128,"[0, 1]",819.449,815.210 820.154 820.361
8x64,14336x4096,8192,adopted,contiguous,0.75,n8k64_wB_t0,128,"[0, 1]",833.913,831.114 834.025 835.849
8x64,14336x4096,8192,adopted,real,0.01595633290708065,n8k64_wB_t0,128,"[0, 1]",798.074,797.771 796.906 801.721
8x64,14336x4096,8192,previous,all,0.0,n8k64_wB_t0,128,"[0, 1]",795.913,794.170 795.577 798.409
8x64,14336x4096,8192,previous,all,1.0,n8k64_wB_t0,128,"[0, 1]",851.706,849.482 851.609 854.121
8x64,14336x4096,8192,previous,random,0.01,n8k64_wB_t0,128,"[0, 1]",799.818,798.026 799.242 801.705
8x64,14336x4096,8192,previous,random,0.02,n8k64_wB_t0,128,"[0, 1]",800.873,800.810 801.419 800.729
8x64,14336x4096,8192,previous,random,0.05,n8k64_wB_t0,128,"[0, 1]",807.673,807.082 808.074 807.785
8x64,14336x4096,8192,previous,random,0.1,n8k64_wB_t0,128,"[0, 1]",817.257,816.570 816.426 818.552
8x64,14336x4096,8192,previous,random,0.25,n8k64_wB_t0,128,"[0, 1]",837.354,836.441 835.961 838.392
8x64,14336x4096,8192,previous,random,0.5,n8k64_wB_t0,128,"[0, 1]",855.097,852.697 854.042 857.529
8x64,14336x4096,8192,previous,random,0.75,n8k64_wB_t0,128,"[0, 1]",862.905,860.489 861.530 866.506
8x64,14336x4096,8192,previous,contiguous,0.01,n8k64_wB_t0,128,"[0, 1]",796.522,794.427 796.234 800.794
8x64,14336x4096,8192,previous,contiguous,0.02,n8k64_wB_t0,128,"[0, 1]",797.451,792.969 797.786 799.721
8x64,14336x4096,8192,previous,contiguous,0.05,n8k64_wB_t0,128,"[0, 1]",798.953,795.770 799.482 801.097
8x64,14336x4096,8192,previous,contiguous,0.1,n8k64_wB_t0,128,"[0, 1]",802.713,799.562 802.762 804.169
8x64,14336x4096,8192,previous,contiguous,0.25,n8k64_wB_t0,128,"[0, 1]",809.002,806.554 808.954 810.794
8x64,14336x4096,8192,previous,contiguous,0.5,n8k64_wB_t0,128,"[0, 1]",821.385,818.585 820.122 823.593
8x64,14336x4096,8192,previous,contiguous,0.75,n8k64_wB_t0,128,"[0, 1]",835.880,833.162 836.697 838.088
8x64,14336x4096,8192,previous,real,0.01595633290708065,n8k64_wB_t0,128,"[0, 1]",799.001,797.721 800.650 798.969
8x64,14336x4096,8192,paper,all,0.0,n8k64_wB,128,"[0, 1]",821.129,818.858 821.817 821.337
8x64,14336x4096,8192,paper,all,1.0,n8k64_wB,128,"[0, 1]",834.906,832.985 835.513 835.737
8x64,14336x4096,8192,paper,random,0.01,n8k64_wB,128,"[0, 1]",822.842,821.210 824.746 822.760
8x64,14336x4096,8192,paper,random,0.02,n8k64_wB,128,"[0, 1]",823.530,822.250 825.930 823.626
8x64,14336x4096,8192,paper,random,0.05,n8k64_wB,128,"[0, 1]",829.417,829.385 829.818 828.538
8x64,14336x4096,8192,paper,random,0.1,n8k64_wB,128,"[0, 1]",834.681,834.185 835.337 834.281
8x64,14336x4096,8192,paper,random,0.25,n8k64_wB,128,"[0, 1]",844.665,841.753 846.649 845.161
8x64,14336x4096,8192,paper,random,0.5,n8k64_wB,128,"[0, 1]",852.408,850.553 853.465 852.408
8x64,14336x4096,8192,paper,random,0.75,n8k64_wB,128,"[0, 1]",853.498,849.817 854.378 854.136
8x64,14336x4096,8192,paper,contiguous,0.01,n8k64_wB,128,"[0, 1]",822.041,818.505 823.434 822.233
8x64,14336x4096,8192,paper,contiguous,0.02,n8k64_wB,128,"[0, 1]",821.082,820.553 820.745 822.138
8x64,14336x4096,8192,paper,contiguous,0.05,n8k64_wB,128,"[0, 1]",821.337,819.162 821.737 821.962
8x64,14336x4096,8192,paper,contiguous,0.1,n8k64_wB,128,"[0, 1]",822.425,820.042 823.753 822.888
8x64,14336x4096,8192,paper,contiguous,0.25,n8k64_wB,128,"[0, 1]",824.218,824.826 825.065 821.434
8x64,14336x4096,8192,paper,contiguous,0.5,n8k64_wB,128,"[0, 1]",827.034,826.632 827.737 825.545
8x64,14336x4096,8192,paper,contiguous,0.75,n8k64_wB,128,"[0, 1]",831.594,831.114 832.025 829.177
8x64,14336x4096,8192,paper,real,0.01595633290708065,n8k64_wB,128,"[0, 1]",824.378,824.217 824.634 824.602
8x64,14336x4096,8192,ceiling,reference,,n8k64_wB_nodisp_t0,128,"[0, 1]",779.354,778.490 781.290 779.241
8x64,14336x4096,8192,stock_ko,reference,,stock_wA_e64,128,"[0, 1]",746.907,746.570 747.915 746.507
8x64,14336x4096,8192,stock_wB_ko,reference,,stock_wB_e64,128,"[0, 1]",745.610,744.281 746.762 746.170
8x64,14336x4096,8192,stock,reference,,stock_wA,128,"[0, 1]",751.722,750.218 752.634 751.850
8x64,4096x14336,1,adopted,all,0.0,n8k64_wB_m16_t0,16,"[0, 1]",24.895,24.864 24.848 24.912
8x64,4096x14336,1,adopted,all,1.0,n8k64_wB_m16_t0,16,"[0, 1]",25.472,25.456 25.616 25.423
8x64,4096x14336,1,adopted,random,0.01,n8k64_wB_m16_t0,16,"[0, 1]",24.847,24.863 24.832 24.816
8x64,4096x14336,1,adopted,random,0.02,n8k64_wB_m16_t0,16,"[0, 1]",24.864,24.879 24.895 24.832
8x64,4096x14336,1,adopted,random,0.05,n8k64_wB_m16_t0,16,"[0, 1]",25.056,25.071 24.944 25.087
8x64,4096x14336,1,adopted,random,0.1,n8k64_wB_m16_t0,16,"[0, 1]",25.152,25.152 25.216 25.056
8x64,4096x14336,1,adopted,random,0.25,n8k64_wB_m16_t0,16,"[0, 1]",25.392,25.392 25.504 25.296
8x64,4096x14336,1,adopted,random,0.5,n8k64_wB_m16_t0,16,"[0, 1]",25.520,25.536 25.504 25.520
8x64,4096x14336,1,adopted,random,0.75,n8k64_wB_m16_t0,16,"[0, 1]",25.439,25.456 25.360 25.407
8x64,4096x14336,1,adopted,contiguous,0.01,n8k64_wB_m16_t0,16,"[0, 1]",25.072,25.104 25.103 25.008
8x64,4096x14336,1,adopted,contiguous,0.02,n8k64_wB_m16_t0,16,"[0, 1]",24.911,24.911 24.880 24.912
8x64,4096x14336,1,adopted,contiguous,0.05,n8k64_wB_m16_t0,16,"[0, 1]",25.056,25.056 25.136 25.024
8x64,4096x14336,1,adopted,contiguous,0.1,n8k64_wB_m16_t0,16,"[0, 1]",24.976,24.976 24.992 24.992
8x64,4096x14336,1,adopted,contiguous,0.25,n8k64_wB_m16_t0,16,"[0, 1]",25.088,25.008 25.136 25.119
8x64,4096x14336,1,adopted,contiguous,0.5,n8k64_wB_m16_t0,16,"[0, 1]",25.376,25.296 25.360 25.440
8x64,4096x14336,1,adopted,contiguous,0.75,n8k64_wB_m16_t0,16,"[0, 1]",25.312,25.344 25.311 25.231
8x64,4096x14336,1,adopted,real,0.01813616044819355,n8k64_wB_m16_t0,16,"[0, 1]",25.151,25.151 25.136 25.119
8x64,4096x14336,1,previous,all,0.0,n8k64_wB_m16_t0,16,"[0, 1]",24.832,24.959 24.768 24.816
8x64,4096x14336,1,previous,all,1.0,n8k64_wB_m16_t0,16,"[0, 1]",25.504,25.471 25.488 25.647
8x64,4096x14336,1,previous,random,0.01,n8k64_wB_m16_t0,16,"[0, 1]",24.832,24.768 24.832 24.864
8x64,4096x14336,1,previous,random,0.02,n8k64_wB_m16_t0,16,"[0, 1]",24.800,24.768 24.800 24.832
8x64,4096x14336,1,previous,random,0.05,n8k64_wB_m16_t0,16,"[0, 1]",25.088,24.960 25.184 25.056
8x64,4096x14336,1,previous,random,0.1,n8k64_wB_m16_t0,16,"[0, 1]",25.168,25.168 25.104 25.216
8x64,4096x14336,1,previous,random,0.25,n8k64_wB_m16_t0,16,"[0, 1]",25.296,25.344 25.360 25.200
8x64,4096x14336,1,previous,random,0.5,n8k64_wB_m16_t0,16,"[0, 1]",25.584,25.599 25.583 25.600
8x64,4096x14336,1,previous,random,0.75,n8k64_wB_m16_t0,16,"[0, 1]",25.344,25.360 25.344 25.360
8x64,4096x14336,1,previous,contiguous,0.01,n8k64_wB_m16_t0,16,"[0, 1]",25.056,25.072 25.023 25.071
8x64,4096x14336,1,previous,contiguous,0.02,n8k64_wB_m16_t0,16,"[0, 1]",24.896,24.847 24.896 24.863
8x64,4096x14336,1,previous,contiguous,0.05,n8k64_wB_m16_t0,16,"[0, 1]",25.120,25.136 25.120 25.152
8x64,4096x14336,1,previous,contiguous,0.1,n8k64_wB_m16_t0,16,"[0, 1]",24.927,24.895 24.976 24.928
8x64,4096x14336,1,previous,contiguous,0.25,n8k64_wB_m16_t0,16,"[0, 1]",25.088,25.120 25.088 25.104
8x64,4096x14336,1,previous,contiguous,0.5,n8k64_wB_m16_t0,16,"[0, 1]",25.280,25.392 25.344 25.200
8x64,4096x14336,1,previous,contiguous,0.75,n8k64_wB_m16_t0,16,"[0, 1]",25.344,25.296 25.360 25.376
8x64,4096x14336,1,previous,real,0.01813616044819355,n8k64_wB_m16_t0,16,"[0, 1]",25.088,25.056 25.120 25.072
8x64,4096x14336,1,paper,all,0.0,n8k64_wB,128,"[0, 1]",51.456,51.440 51.424 51.504
8x64,4096x14336,1,paper,all,1.0,n8k64_wB,128,"[0, 1]",54.383,54.319 54.399 54.447
8x64,4096x14336,1,paper,random,0.01,n8k64_wB,128,"[0, 1]",51.039,51.056 50.991 51.023
8x64,4096x14336,1,paper,random,0.02,n8k64_wB,128,"[0, 1]",51.200,51.232 51.136 51.280
8x64,4096x14336,1,paper,random,0.05,n8k64_wB,128,"[0, 1]",51.647,51.647 51.616 51.648
8x64,4096x14336,1,paper,random,0.1,n8k64_wB,128,"[0, 1]",52.095,52.095 52.096 52.016
8x64,4096x14336,1,paper,random,0.25,n8k64_wB,128,"[0, 1]",53.152,53.167 53.184 53.120
8x64,4096x14336,1,paper,random,0.5,n8k64_wB,128,"[0, 1]",53.999,53.984 54.047 53.983
8x64,4096x14336,1,paper,random,0.75,n8k64_wB,128,"[0, 1]",54.320,54.399 54.288 54.272
8x64,4096x14336,1,paper,contiguous,0.01,n8k64_wB,128,"[0, 1]",52.640,52.672 52.511 52.575
8x64,4096x14336,1,paper,contiguous,0.02,n8k64_wB,128,"[0, 1]",54.112,54.080 54.144 54.112
8x64,4096x14336,1,paper,contiguous,0.05,n8k64_wB,128,"[0, 1]",53.535,53.535 53.519 53.520
8x64,4096x14336,1,paper,contiguous,0.1,n8k64_wB,128,"[0, 1]",53.151,53.167 53.168 53.104
8x64,4096x14336,1,paper,contiguous,0.25,n8k64_wB,128,"[0, 1]",53.263,53.280 53.263 53.232
8x64,4096x14336,1,paper,contiguous,0.5,n8k64_wB,128,"[0, 1]",53.280,53.280 53.279 53.328
8x64,4096x14336,1,paper,contiguous,0.75,n8k64_wB,128,"[0, 1]",54.368,54.368 54.367 54.416
8x64,4096x14336,1,paper,real,0.01813616044819355,n8k64_wB,128,"[0, 1]",51.135,51.104 51.135 51.119
8x64,4096x14336,1,ceiling,reference,,n8k64_wB_m16_nodisp_t0,16,"[0, 1]",24.624,24.608 24.656 24.640
8x64,4096x14336,1,stock_ko,reference,,stock_wA_n16,16,"[0, 1]",25.568,25.584 25.552 25.600
8x64,4096x14336,1,stock_wB_ko,reference,,stock_wB_e64,128,"[0, 1]",46.432,46.432 46.447 46.368
8x64,4096x14336,1,stock,reference,,stock_wA_n16,16,"[0, 1]",25.536,25.552 25.504 25.488
8x64,4096x14336,16,adopted,all,0.0,n8k64_wB_m16_t0,16,"[0, 1]",24.832,24.864 24.768 24.895
8x64,4096x14336,16,adopted,all,1.0,n8k64_wB_m16_t0,16,"[0, 1]",25.376,25.296 25.423 25.376
8x64,4096x14336,16,adopted,random,0.01,n8k64_wB_m16_t0,16,"[0, 1]",24.784,24.880 24.704 24.816
8x64,4096x14336,16,adopted,random,0.02,n8k64_wB_m16_t0,16,"[0, 1]",24.799,24.832 24.704 24.768
8x64,4096x14336,16,adopted,random,0.05,n8k64_wB_m16_t0,16,"[0, 1]",24.992,24.960 25.040 24.896
8x64,4096x14336,16,adopted,random,0.1,n8k64_wB_m16_t0,16,"[0, 1]",25.151,25.200 25.151 25.023
8x64,4096x14336,16,adopted,random,0.25,n8k64_wB_m16_t0,16,"[0, 1]",25.183,25.168 25.232 25.152
8x64,4096x14336,16,adopted,random,0.5,n8k64_wB_m16_t0,16,"[0, 1]",25.423,25.455 25.408 25.392
8x64,4096x14336,16,adopted,random,0.75,n8k64_wB_m16_t0,16,"[0, 1]",25.296,25.312 25.328 25.232
8x64,4096x14336,16,adopted,contiguous,0.01,n8k64_wB_m16_t0,16,"[0, 1]",25.024,25.024 25.008 25.008
8x64,4096x14336,16,adopted,contiguous,0.02,n8k64_wB_m16_t0,16,"[0, 1]",24.768,24.784 24.784 24.767
8x64,4096x14336,16,adopted,contiguous,0.05,n8k64_wB_m16_t0,16,"[0, 1]",24.992,24.992 24.832 25.088
8x64,4096x14336,16,adopted,contiguous,0.1,n8k64_wB_m16_t0,16,"[0, 1]",24.895,24.928 24.832 24.864
8x64,4096x14336,16,adopted,contiguous,0.25,n8k64_wB_m16_t0,16,"[0, 1]",25.056,25.056 25.120 24.976
8x64,4096x14336,16,adopted,contiguous,0.5,n8k64_wB_m16_t0,16,"[0, 1]",25.247,25.232 25.232 25.247
8x64,4096x14336,16,adopted,contiguous,0.75,n8k64_wB_m16_t0,16,"[0, 1]",25.215,25.200 25.248 25.152
8x64,4096x14336,16,adopted,real,0.01813616044819355,n8k64_wB_m16_t0,16,"[0, 1]",25.088,25.152 24.944 25.104
8x64,4096x14336,16,previous,all,0.0,n8k64_wB_m16_t0,16,"[0, 1]",24.768,24.800 24.848 24.672
8x64,4096x14336,16,previous,all,1.0,n8k64_wB_m16_t0,16,"[0, 1]",25.408,25.408 25.408 25.344
8x64,4096x14336,16,previous,random,0.01,n8k64_wB_m16_t0,16,"[0, 1]",24.736,24.800 24.704 24.672
8x64,4096x14336,16,previous,random,0.02,n8k64_wB_m16_t0,16,"[0, 1]",24.752,24.751 24.736 24.767
8x64,4096x14336,16,previous,random,0.05,n8k64_wB_m16_t0,16,"[0, 1]",24.992,25.008 25.008 24.960
8x64,4096x14336,16,previous,random,0.1,n8k64_wB_m16_t0,16,"[0, 1]",25.103,25.024 25.200 25.104
8x64,4096x14336,16,previous,random,0.25,n8k64_wB_m16_t0,16,"[0, 1]",25.247,25.280 25.296 25.168
8x64,4096x14336,16,previous,random,0.5,n8k64_wB_m16_t0,16,"[0, 1]",25.504,25.568 25.519 25.392
8x64,4096x14336,16,previous,random,0.75,n8k64_wB_m16_t0,16,"[0, 1]",25.408,25.456 25.376 25.407
8x64,4096x14336,16,previous,contiguous,0.01,n8k64_wB_m16_t0,16,"[0, 1]",24.960,24.976 24.943 24.960
8x64,4096x14336,16,previous,contiguous,0.02,n8k64_wB_m16_t0,16,"[0, 1]",24.767,24.832 24.768 24.672
8x64,4096x14336,16,previous,contiguous,0.05,n8k64_wB_m16_t0,16,"[0, 1]",24.912,24.991 24.816 24.832
8x64,4096x14336,16,previous,contiguous,0.1,n8k64_wB_m16_t0,16,"[0, 1]",24.928,24.911 24.960 24.912
8x64,4096x14336,16,previous,contiguous,0.25,n8k64_wB_m16_t0,16,"[0, 1]",25.055,25.152 25.120 25.024
8x64,4096x14336,16,previous,contiguous,0.5,n8k64_wB_m16_t0,16,"[0, 1]",25.279,25.296 25.216 25.296
8x64,4096x14336,16,previous,contiguous,0.75,n8k64_wB_m16_t0,16,"[0, 1]",25.152,25.200 25.152 25.120
8x64,4096x14336,16,previous,real,0.01813616044819355,n8k64_wB_m16_t0,16,"[0, 1]",25.088,25.104 25.072 25.071
8x64,4096x14336,16,paper,all,0.0,n8k64_wB,128,"[0, 1]",51.168,51.263 51.247 51.023
8x64,4096x14336,16,paper,all,1.0,n8k64_wB,128,"[0, 1]",54.176,54.240 54.176 54.208
8x64,4096x14336,16,paper,random,0.01,n8k64_wB,128,"[0, 1]",50.975,50.992 50.959 50.943
8x64,4096x14336,16,paper,random,0.02,n8k64_wB,128,"[0, 1]",51.151,51.200 51.167 51.120
8x64,4096x14336,16,paper,random,0.05,n8k64_wB,128,"[0, 1]",51.631,51.631 51.567 51.663
8x64,4096x14336,16,paper,random,0.1,n8k64_wB,128,"[0, 1]",52.127,52.191 52.111 52.080
8x64,4096x14336,16,paper,random,0.25,n8k64_wB,128,"[0, 1]",53.151,53.152 53.152 53.120
8x64,4096x14336,16,paper,random,0.5,n8k64_wB,128,"[0, 1]",54.000,53.983 54.048 54.000
8x64,4096x14336,16,paper,random,0.75,n8k64_wB,128,"[0, 1]",54.319,54.304 54.335 54.303
8x64,4096x14336,16,paper,contiguous,0.01,n8k64_wB,128,"[0, 1]",52.287,52.256 52.319 52.256
8x64,4096x14336,16,paper,contiguous,0.02,n8k64_wB,128,"[0, 1]",53.824,53.824 53.823 53.840
8x64,4096x14336,16,paper,contiguous,0.05,n8k64_wB,128,"[0, 1]",53.247,53.264 53.247 53.199
8x64,4096x14336,16,paper,contiguous,0.1,n8k64_wB,128,"[0, 1]",53.023,53.023 53.023 53.039
8x64,4096x14336,16,paper,contiguous,0.25,n8k64_wB,128,"[0, 1]",53.056,53.008 53.072 53.088
8x64,4096x14336,16,paper,contiguous,0.5,n8k64_wB,128,"[0, 1]",53.072,53.072 53.055 53.104
8x64,4096x14336,16,paper,contiguous,0.75,n8k64_wB,128,"[0, 1]",53.056,53.055 53.087 53.056
8x64,4096x14336,16,paper,real,0.01813616044819355,n8k64_wB,128,"[0, 1]",51.136,51.167 51.120 51.136
8x64,4096x14336,16,ceiling,reference,,n8k64_wB_m16_nodisp_t0,16,"[0, 1]",24.671,24.624 24.671 24.703
8x64,4096x14336,16,stock_ko,reference,,stock_wA_n16,16,"[0, 1]",25.424,25.408 25.408 25.488
8x64,4096x14336,16,stock_wB_ko,reference,,stock_wB_e64,128,"[0, 1]",46.208,46.176 46.208 46.224
8x64,4096x14336,16,stock,reference,,stock_wA_n16,16,"[0, 1]",25.440,25.439 25.488 25.424
8x64,4096x14336,128,adopted,all,0.0,n8k64_wB_m64_t0,64,"[0, 1]",27.904,27.936 27.904 27.824
8x64,4096x14336,128,adopted,all,1.0,n8k64_wB_m64_t0,64,"[0, 1]",28.880,28.880 28.896 28.848
8x64,4096x14336,128,adopted,random,0.01,n8k64_wB_m64_t0,64,"[0, 1]",27.840,27.840 27.856 27.840
8x64,4096x14336,128,adopted,random,0.02,n8k64_wB_m64_t0,64,"[0, 1]",27.936,27.999 27.919 27.839
8x64,4096x14336,128,adopted,random,0.05,n8k64_wB_m64_t0,64,"[0, 1]",27.968,27.936 27.968 27.968
8x64,4096x14336,128,adopted,random,0.1,n8k64_wB_m64_t0,64,"[0, 1]",28.192,28.176 28.240 28.176
8x64,4096x14336,128,adopted,random,0.25,n8k64_wB_m64_t0,64,"[0, 1]",28.352,28.368 28.368 28.320
8x64,4096x14336,128,adopted,random,0.5,n8k64_wB_m64_t0,64,"[0, 1]",28.575,28.576 28.512 28.575
8x64,4096x14336,128,adopted,random,0.75,n8k64_wB_m64_t0,64,"[0, 1]",28.735,28.736 28.720 28.720
8x64,4096x14336,128,adopted,contiguous,0.01,n8k64_wB_m64_t0,64,"[0, 1]",28.239,28.288 28.159 28.272
8x64,4096x14336,128,adopted,contiguous,0.02,n8k64_wB_m64_t0,64,"[0, 1]",28.128,28.128 28.000 28.191
8x64,4096x14336,128,adopted,contiguous,0.05,n8k64_wB_m64_t0,64,"[0, 1]",28.288,28.256 28.319 28.272
8x64,4096x14336,128,adopted,contiguous,0.1,n8k64_wB_m64_t0,64,"[0, 1]",28.256,28.272 28.256 28.256
8x64,4096x14336,128,adopted,contiguous,0.25,n8k64_wB_m64_t0,64,"[0, 1]",28.688,28.736 28.703 28.672
8x64,4096x14336,128,adopted,contiguous,0.5,n8k64_wB_m64_t0,64,"[0, 1]",28.832,28.832 28.832 28.800
8x64,4096x14336,128,adopted,contiguous,0.75,n8k64_wB_m64_t0,64,"[0, 1]",28.896,28.896 28.880 28.880
8x64,4096x14336,128,adopted,real,0.01813616044819355,n8k64_wB_m64_t0,64,"[0, 1]",27.999,27.951 28.000 28.047
8x64,4096x14336,128,previous,all,0.0,n8k64_wB_m64_t0,64,"[0, 1]",27.936,27.904 27.968 27.936
8x64,4096x14336,128,previous,all,1.0,n8k64_wB_m64_t0,64,"[0, 1]",29.951,29.887 29.968 29.951
8x64,4096x14336,128,previous,random,0.01,n8k64_wB_m64_t0,64,"[0, 1]",28.015,28.015 28.032 28.000
8x64,4096x14336,128,previous,random,0.02,n8k64_wB_m64_t0,64,"[0, 1]",28.095,28.111 28.096 28.032
8x64,4096x14336,128,previous,random,0.05,n8k64_wB_m64_t0,64,"[0, 1]",28.223,28.191 28.208 28.224
8x64,4096x14336,128,previous,random,0.1,n8k64_wB_m64_t0,64,"[0, 1]",28.479,28.511 28.479 28.464
8x64,4096x14336,128,previous,random,0.25,n8k64_wB_m64_t0,64,"[0, 1]",28.671,28.671 28.688 28.640
8x64,4096x14336,128,previous,random,0.5,n8k64_wB_m64_t0,64,"[0, 1]",28.944,28.992 28.959 28.928
8x64,4096x14336,128,previous,random,0.75,n8k64_wB_m64_t0,64,"[0, 1]",29.440,29.440 29.441 29.440
8x64,4096x14336,128,previous,contiguous,0.01,n8k64_wB_m64_t0,64,"[0, 1]",29.504,29.456 29.488 29.599
8x64,4096x14336,128,previous,contiguous,0.02,n8k64_wB_m64_t0,64,"[0, 1]",29.536,29.536 29.535 29.552
8x64,4096x14336,128,previous,contiguous,0.05,n8k64_wB_m64_t0,64,"[0, 1]",29.600,29.632 29.568 29.600
8x64,4096x14336,128,previous,contiguous,0.1,n8k64_wB_m64_t0,64,"[0, 1]",29.664,29.648 29.712 29.615
8x64,4096x14336,128,previous,contiguous,0.25,n8k64_wB_m64_t0,64,"[0, 1]",29.952,29.936 29.952 30.063
8x64,4096x14336,128,previous,contiguous,0.5,n8k64_wB_m64_t0,64,"[0, 1]",30.016,30.016 30.048 30.016
8x64,4096x14336,128,previous,contiguous,0.75,n8k64_wB_m64_t0,64,"[0, 1]",29.920,29.824 29.952 30.000
8x64,4096x14336,128,previous,real,0.01813616044819355,n8k64_wB_m64_t0,64,"[0, 1]",28.159,28.096 28.224 28.080
8x64,4096x14336,128,paper,all,0.0,n8k64_wB,128,"[0, 1]",50.975,50.959 50.992 50.944
8x64,4096x14336,128,paper,all,1.0,n8k64_wB,128,"[0, 1]",54.384,54.464 54.208 54.448
8x64,4096x14336,128,paper,random,0.01,n8k64_wB,128,"[0, 1]",51.328,51.471 51.199 51.360
8x64,4096x14336,128,paper,random,0.02,n8k64_wB,128,"[0, 1]",51.551,51.584 51.391 51.616
8x64,4096x14336,128,paper,random,0.05,n8k64_wB,128,"[0, 1]",51.935,51.999 51.695 52.048
8x64,4096x14336,128,paper,random,0.1,n8k64_wB,128,"[0, 1]",52.240,52.415 52.128 52.176
8x64,4096x14336,128,paper,random,0.25,n8k64_wB,128,"[0, 1]",53.119,53.280 53.072 53.024
8x64,4096x14336,128,paper,random,0.5,n8k64_wB,128,"[0, 1]",53.984,54.144 53.856 53.903
8x64,4096x14336,128,paper,random,0.75,n8k64_wB,128,"[0, 1]",54.431,54.464 54.496 54.255
8x64,4096x14336,128,paper,contiguous,0.01,n8k64_wB,128,"[0, 1]",52.415,52.463 52.464 52.287
8x64,4096x14336,128,paper,contiguous,0.02,n8k64_wB,128,"[0, 1]",53.983,53.951 53.984 53.983
8x64,4096x14336,128,paper,contiguous,0.05,n8k64_wB,128,"[0, 1]",53.791,53.776 53.744 53.807
8x64,4096x14336,128,paper,contiguous,0.1,n8k64_wB,128,"[0, 1]",53.056,52.912 53.136 53.168
8x64,4096x14336,128,paper,contiguous,0.25,n8k64_wB,128,"[0, 1]",53.311,53.088 53.343 53.360
8x64,4096x14336,128,paper,contiguous,0.5,n8k64_wB,128,"[0, 1]",53.264,53.040 53.328 53.312
8x64,4096x14336,128,paper,contiguous,0.75,n8k64_wB,128,"[0, 1]",53.327,53.343 53.279 53.343
8x64,4096x14336,128,paper,real,0.01813616044819355,n8k64_wB,128,"[0, 1]",51.552,51.583 51.552 51.520
8x64,4096x14336,128,ceiling,reference,,n8k64_wB_m64_nodisp_t0,64,"[0, 1]",27.616,27.679 27.632 27.568
8x64,4096x14336,128,stock_ko,reference,,stock_wA_n64,64,"[1, 1]",27.680,27.648 27.680 27.696
8x64,4096x14336,128,stock_wB_ko,reference,,stock_wB_e64,128,"[0, 1]",46.272,46.367 46.319 46.079
8x64,4096x14336,128,stock,reference,,stock_wA_n64,64,"[0, 1]",27.744,27.728 27.759 27.776
8x64,4096x14336,512,adopted,all,0.0,n8k64_wB_t0,128,"[0, 1]",54.272,54.544 53.695 54.464
8x64,4096x14336,512,adopted,all,1.0,n8k64_wB_t0,128,"[0, 1]",62.176,62.239 61.391 62.704
8x64,4096x14336,512,adopted,random,0.01,n8k64_wB_t0,128,"[0, 1]",54.671,54.800 54.048 54.975
8x64,4096x14336,512,adopted,random,0.02,n8k64_wB_t0,128,"[0, 1]",55.151,55.264 54.480 55.424
8x64,4096x14336,512,adopted,random,0.05,n8k64_wB_t0,128,"[0, 1]",56.063,56.128 55.631 56.384
8x64,4096x14336,512,adopted,random,0.1,n8k64_wB_t0,128,"[0, 1]",57.151,57.136 56.912 57.296
8x64,4096x14336,512,adopted,random,0.25,n8k64_wB_t0,128,"[0, 1]",59.568,59.376 59.839 59.504
8x64,4096x14336,512,adopted,random,0.5,n8k64_wB_t0,128,"[0, 1]",61.744,61.695 61.919 61.552
8x64,4096x14336,512,adopted,random,0.75,n8k64_wB_t0,128,"[0, 1]",62.464,62.032 62.688 62.191
8x64,4096x14336,512,adopted,contiguous,0.01,n8k64_wB_t0,128,"[0, 1]",63.168,62.896 63.311 63.087
8x64,4096x14336,512,adopted,contiguous,0.02,n8k64_wB_t0,128,"[0, 1]",64.400,64.271 64.560 64.512
8x64,4096x14336,512,adopted,contiguous,0.05,n8k64_wB_t0,128,"[0, 1]",65.743,65.488 66.431 65.487
8x64,4096x14336,512,adopted,contiguous,0.1,n8k64_wB_t0,128,"[0, 1]",65.759,65.407 66.240 65.440
8x64,4096x14336,512,adopted,contiguous,0.25,n8k64_wB_t0,128,"[0, 1]",65.151,64.864 65.263 65.055
8x64,4096x14336,512,adopted,contiguous,0.5,n8k64_wB_t0,128,"[0, 1]",64.112,63.648 64.592 64.000
8x64,4096x14336,512,adopted,contiguous,0.75,n8k64_wB_t0,128,"[0, 1]",63.247,62.688 63.728 63.119
8x64,4096x14336,512,adopted,real,0.01813616044819355,n8k64_wB_t0,128,"[0, 1]",55.023,54.256 55.487 55.008
8x64,4096x14336,512,previous,all,0.0,n8k64_wB_t0,128,"[0, 1]",54.527,53.935 54.880 54.671
8x64,4096x14336,512,previous,all,1.0,n8k64_wB_t0,128,"[0, 1]",62.111,61.840 61.968 62.495
8x64,4096x14336,512,previous,random,0.01,n8k64_wB_t0,128,"[0, 1]",54.768,54.416 54.544 55.120
8x64,4096x14336,512,previous,random,0.02,n8k64_wB_t0,128,"[0, 1]",55.136,54.912 54.896 55.631
8x64,4096x14336,512,previous,random,0.05,n8k64_wB_t0,128,"[0, 1]",56.064,55.776 55.967 56.575
8x64,4096x14336,512,previous,random,0.1,n8k64_wB_t0,128,"[0, 1]",57.264,56.992 56.927 57.823
8x64,4096x14336,512,previous,random,0.25,n8k64_wB_t0,128,"[0, 1]",59.456,59.231 59.104 59.919
8x64,4096x14336,512,previous,random,0.5,n8k64_wB_t0,128,"[0, 1]",61.359,61.311 61.135 61.712
8x64,4096x14336,512,previous,random,0.75,n8k64_wB_t0,128,"[0, 1]",62.256,62.015 62.176 62.463
8x64,4096x14336,512,previous,contiguous,0.01,n8k64_wB_t0,128,"[0, 1]",62.864,62.495 62.751 63.232
8x64,4096x14336,512,previous,contiguous,0.02,n8k64_wB_t0,128,"[0, 1]",63.552,63.583 63.488 63.679
8x64,4096x14336,512,previous,contiguous,0.05,n8k64_wB_t0,128,"[0, 1]",63.087,63.056 63.008 63.231
8x64,4096x14336,512,previous,contiguous,0.1,n8k64_wB_t0,128,"[0, 1]",63.408,63.295 63.584 63.215
8x64,4096x14336,512,previous,contiguous,0.25,n8k64_wB_t0,128,"[0, 1]",63.840,63.856 63.296 64.191
8x64,4096x14336,512,previous,contiguous,0.5,n8k64_wB_t0,128,"[0, 1]",63.360,63.248 63.343 63.567
8x64,4096x14336,512,previous,contiguous,0.75,n8k64_wB_t0,128,"[0, 1]",62.623,62.623 62.447 62.768
8x64,4096x14336,512,previous,real,0.01813616044819355,n8k64_wB_t0,128,"[0, 1]",54.784,54.799 54.767 54.847
8x64,4096x14336,512,paper,all,0.0,n8k64_wB,128,"[0, 1]",56.559,56.608 56.527 56.575
8x64,4096x14336,512,paper,all,1.0,n8k64_wB,128,"[0, 1]",59.263,59.343 59.184 59.247
8x64,4096x14336,512,paper,random,0.01,n8k64_wB,128,"[0, 1]",57.151,56.815 56.927 57.615
8x64,4096x14336,512,paper,random,0.02,n8k64_wB,128,"[0, 1]",57.439,57.088 57.168 57.951
8x64,4096x14336,512,paper,random,0.05,n8k64_wB,128,"[0, 1]",58.207,58.160 57.504 58.608
8x64,4096x14336,512,paper,random,0.1,n8k64_wB,128,"[0, 1]",58.496,58.112 58.192 58.944
8x64,4096x14336,512,paper,random,0.25,n8k64_wB,128,"[0, 1]",59.600,59.263 59.216 60.224
8x64,4096x14336,512,paper,random,0.5,n8k64_wB,128,"[0, 1]",60.319,59.888 60.079 60.800
8x64,4096x14336,512,paper,random,0.75,n8k64_wB,128,"[0, 1]",60.512,60.207 60.287 61.439
8x64,4096x14336,512,paper,contiguous,0.01,n8k64_wB,128,"[0, 1]",59.951,59.632 59.487 60.687
8x64,4096x14336,512,paper,contiguous,0.02,n8k64_wB,128,"[0, 1]",61.744,61.264 61.328 62.448
8x64,4096x14336,512,paper,contiguous,0.05,n8k64_wB,128,"[0, 1]",60.832,60.447 60.607 61.839
8x64,4096x14336,512,paper,contiguous,0.1,n8k64_wB,128,"[0, 1]",60.703,60.447 60.272 61.423
8x64,4096x14336,512,paper,contiguous,0.25,n8k64_wB,128,"[0, 1]",60.655,60.304 60.192 61.296
8x64,4096x14336,512,paper,contiguous,0.5,n8k64_wB,128,"[0, 1]",60.127,59.744 59.807 60.544
8x64,4096x14336,512,paper,contiguous,0.75,n8k64_wB,128,"[0, 1]",59.664,59.359 59.343 60.080
8x64,4096x14336,512,paper,real,0.01813616044819355,n8k64_wB,128,"[0, 1]",57.344,56.959 57.023 57.872
8x64,4096x14336,512,ceiling,reference,,n8k64_wB_nodisp_t0,128,"[0, 1]",53.184,53.055 53.071 53.456
8x64,4096x14336,512,stock_ko,reference,,stock_wA_e64,128,"[1, 1]",50.288,50.127 50.160 50.480
8x64,4096x14336,512,stock_wB_ko,reference,,stock_wB_e64,128,"[0, 1]",50.176,49.952 49.951 50.576
8x64,4096x14336,512,stock,reference,,stock_wA,128,"[0, 1]",50.655,50.336 50.528 50.944
8x64,4096x14336,2048,adopted,all,0.0,n8k64_wB_t0,128,"[0, 1]",208.590,208.110 208.094 209.886
8x64,4096x14336,2048,adopted,all,1.0,n8k64_wB_t0,128,"[0, 1]",224.798,223.694 224.670 225.838
8x64,4096x14336,2048,adopted,random,0.01,n8k64_wB_t0,128,"[0, 1]",209.166,208.334 209.038 210.639
8x64,4096x14336,2048,adopted,random,0.02,n8k64_wB_t0,128,"[0, 1]",209.711,209.262 209.022 210.974
8x64,4096x14336,2048,adopted,random,0.05,n8k64_wB_t0,128,"[0, 1]",211.966,212.078 211.070 212.382
8x64,4096x14336,2048,adopted,random,0.1,n8k64_wB_t0,128,"[0, 1]",213.999,214.063 212.782 214.287
8x64,4096x14336,2048,adopted,random,0.25,n8k64_wB_t0,128,"[0, 1]",218.494,219.022 217.245 218.831
8x64,4096x14336,2048,adopted,random,0.5,n8k64_wB_t0,128,"[0, 1]",224.062,224.527 223.566 224.334
8x64,4096x14336,2048,adopted,random,0.75,n8k64_wB_t0,128,"[0, 1]",225.966,224.814 226.638 226.510
8x64,4096x14336,2048,adopted,contiguous,0.01,n8k64_wB_t0,128,"[0, 1]",209.966,208.175 210.143 210.366
8x64,4096x14336,2048,adopted,contiguous,0.02,n8k64_wB_t0,128,"[0, 1]",209.599,207.998 210.126 210.334
8x64,4096x14336,2048,adopted,contiguous,0.05,n8k64_wB_t0,128,"[0, 1]",210.303,208.510 210.878 210.735
8x64,4096x14336,2048,adopted,contiguous,0.1,n8k64_wB_t0,128,"[0, 1]",211.246,209.374 211.854 211.775
8x64,4096x14336,2048,adopted,contiguous,0.25,n8k64_wB_t0,128,"[0, 1]",214.222,212.767 214.559 214.543
8x64,4096x14336,2048,adopted,contiguous,0.5,n8k64_wB_t0,128,"[0, 1]",220.975,219.230 221.183 221.599
8x64,4096x14336,2048,adopted,contiguous,0.75,n8k64_wB_t0,128,"[0, 1]",224.494,222.622 224.942 225.070
8x64,4096x14336,2048,adopted,real,0.01813616044819355,n8k64_wB_t0,128,"[0, 1]",210.174,208.686 210.702 210.767
8x64,4096x14336,2048,previous,all,0.0,n8k64_wB_t0,128,"[0, 1]",209.406,208.078 209.727 209.934
8x64,4096x14336,2048,previous,all,1.0,n8k64_wB_t0,128,"[0, 1]",224.782,224.398 224.319 225.886
8x64,4096x14336,2048,previous,random,0.01,n8k64_wB_t0,128,"[0, 1]",209.070,208.718 208.718 209.566
8x64,4096x14336,2048,previous,random,0.02,n8k64_wB_t0,128,"[0, 1]",210.287,211.390 209.358 209.839
8x64,4096x14336,2048,previous,random,0.05,n8k64_wB_t0,128,"[0, 1]",211.534,212.414 211.102 211.375
8x64,4096x14336,2048,previous,random,0.1,n8k64_wB_t0,128,"[0, 1]",214.254,214.766 214.015 214.126
8x64,4096x14336,2048,previous,random,0.25,n8k64_wB_t0,128,"[0, 1]",218.591,218.398 218.463 219.390
8x64,4096x14336,2048,previous,random,0.5,n8k64_wB_t0,128,"[0, 1]",224.814,223.903 224.943 225.055
8x64,4096x14336,2048,previous,random,0.75,n8k64_wB_t0,128,"[0, 1]",226.447,226.255 226.302 226.543
8x64,4096x14336,2048,previous,contiguous,0.01,n8k64_wB_t0,128,"[0, 1]",208.799,208.799 208.766 208.862
8x64,4096x14336,2048,previous,contiguous,0.02,n8k64_wB_t0,128,"[0, 1]",208.766,208.350 208.782 208.990
8x64,4096x14336,2048,previous,contiguous,0.05,n8k64_wB_t0,128,"[0, 1]",209.278,209.151 209.278 209.694
8x64,4096x14336,2048,previous,contiguous,0.1,n8k64_wB_t0,128,"[0, 1]",210.207,210.031 210.271 210.366
8x64,4096x14336,2048,previous,contiguous,0.25,n8k64_wB_t0,128,"[0, 1]",212.606,212.510 212.670 212.846
8x64,4096x14336,2048,previous,contiguous,0.5,n8k64_wB_t0,128,"[0, 1]",219.438,219.551 219.342 219.071
8x64,4096x14336,2048,previous,contiguous,0.75,n8k64_wB_t0,128,"[0, 1]",221.326,220.782 221.247 221.854
8x64,4096x14336,2048,previous,real,0.01813616044819355,n8k64_wB_t0,128,"[0, 1]",209.662,209.662 209.486 209.887
8x64,4096x14336,2048,paper,all,0.0,n8k64_wB,128,"[0, 1]",213.854,213.854 213.855 213.918
8x64,4096x14336,2048,paper,all,1.0,n8k64_wB,128,"[0, 1]",217.151,217.199 217.151 217.150
8x64,4096x14336,2048,paper,random,0.01,n8k64_wB,128,"[0, 1]",214.463,213.854 214.142 215.166
8x64,4096x14336,2048,paper,random,0.02,n8k64_wB,128,"[0, 1]",214.990,214.623 214.431 215.886
8x64,4096x14336,2048,paper,random,0.05,n8k64_wB,128,"[0, 1]",215.742,215.038 215.294 216.462
8x64,4096x14336,2048,paper,random,0.1,n8k64_wB,128,"[0, 1]",217.503,217.071 216.799 218.862
8x64,4096x14336,2048,paper,random,0.25,n8k64_wB,128,"[0, 1]",219.823,219.550 219.455 220.686
8x64,4096x14336,2048,paper,random,0.5,n8k64_wB,128,"[0, 1]",221.502,221.198 220.734 222.383
8x64,4096x14336,2048,paper,random,0.75,n8k64_wB,128,"[0, 1]",221.967,221.183 221.438 223.118
8x64,4096x14336,2048,paper,contiguous,0.01,n8k64_wB,128,"[0, 1]",214.751,214.142 214.415 215.487
8x64,4096x14336,2048,paper,contiguous,0.02,n8k64_wB,128,"[0, 1]",214.783,214.367 214.158 215.758
8x64,4096x14336,2048,paper,contiguous,0.05,n8k64_wB,128,"[0, 1]",215.086,214.398 214.526 216.333
8x64,4096x14336,2048,paper,contiguous,0.1,n8k64_wB,128,"[0, 1]",215.791,215.358 215.518 217.231
8x64,4096x14336,2048,paper,contiguous,0.25,n8k64_wB,128,"[0, 1]",215.054,214.366 214.719 216.318
8x64,4096x14336,2048,paper,contiguous,0.5,n8k64_wB,128,"[0, 1]",216.927,216.286 216.543 218.414
8x64,4096x14336,2048,paper,contiguous,0.75,n8k64_wB,128,"[0, 1]",216.078,215.278 215.791 218.143
8x64,4096x14336,2048,paper,real,0.01813616044819355,n8k64_wB,128,"[0, 1]",214.718,214.335 214.367 215.598
8x64,4096x14336,2048,ceiling,reference,,n8k64_wB_nodisp_t0,128,"[0, 1]",205.006,204.174 204.895 206.046
8x64,4096x14336,2048,stock_ko,reference,,stock_wA_e64,128,"[0, 1]",200.574,199.870 199.726 201.359
8x64,4096x14336,2048,stock_wB_ko,reference,,stock_wB_e64,128,"[0, 1]",199.775,199.119 199.423 201.198
8x64,4096x14336,2048,stock,reference,,stock_wA,128,"[0, 1]",200.927,200.382 200.703 202.222
8x64,4096x14336,8192,adopted,all,0.0,n8k64_wB_t0,128,"[0, 1]",778.105,814.569 772.377 780.009
8x64,4096x14336,8192,adopted,all,1.0,n8k64_wB_t0,128,"[0, 1]",832.648,838.602 828.552 833.673
8x64,4096x14336,8192,adopted,random,0.01,n8k64_wB_t0,128,"[0, 1]",776.041,774.809 777.209 776.186
8x64,4096x14336,8192,adopted,random,0.02,n8k64_wB_t0,128,"[0, 1]",779.593,776.506 779.481 783.033
8x64,4096x14336,8192,adopted,random,0.05,n8k64_wB_t0,128,"[0, 1]",786.169,782.538 785.994 789.897
8x64,4096x14336,8192,adopted,random,0.1,n8k64_wB_t0,128,"[0, 1]",796.745,792.073 797.738 797.961
8x64,4096x14336,8192,adopted,random,0.25,n8k64_wB_t0,128,"[0, 1]",814.521,808.778 815.289 816.680
8x64,4096x14336,8192,adopted,random,0.5,n8k64_wB_t0,128,"[0, 1]",832.969,828.026 832.969 834.825
8x64,4096x14336,8192,adopted,random,0.75,n8k64_wB_t0,128,"[0, 1]",841.832,835.817 842.921 843.128
8x64,4096x14336,8192,adopted,contiguous,0.01,n8k64_wB_t0,128,"[0, 1]",786.730,780.170 787.593 788.298
8x64,4096x14336,8192,adopted,contiguous,0.02,n8k64_wB_t0,128,"[0, 1]",786.249,776.794 787.385 788.537
8x64,4096x14336,8192,adopted,contiguous,0.05,n8k64_wB_t0,128,"[0, 1]",789.913,783.721 790.905 791.177
8x64,4096x14336,8192,adopted,contiguous,0.1,n8k64_wB_t0,128,"[0, 1]",790.425,788.698 788.617 794.953
8x64,4096x14336,8192,adopted,contiguous,0.25,n8k64_wB_t0,128,"[0, 1]",801.001,797.433 801.417 803.226
8x64,4096x14336,8192,adopted,contiguous,0.5,n8k64_wB_t0,128,"[0, 1]",816.314,812.953 818.361 816.778
8x64,4096x14336,8192,adopted,contiguous,0.75,n8k64_wB_t0,128,"[0, 1]",824.522,821.609 826.105 824.522
8x64,4096x14336,8192,adopted,real,0.01813616044819355,n8k64_wB_t0,128,"[0, 1]",781.530,778.490 782.313 783.593
8x64,4096x14336,8192,previous,all,0.0,n8k64_wB_t0,128,"[0, 1]",778.586,774.570 779.241 779.961
8x64,4096x14336,8192,previous,all,1.0,n8k64_wB_t0,128,"[0, 1]",829.881,827.962 828.233 832.441
8x64,4096x14336,8192,previous,random,0.01,n8k64_wB_t0,128,"[0, 1]",780.058,777.739 779.754 783.337
8x64,4096x14336,8192,previous,random,0.02,n8k64_wB_t0,128,"[0, 1]",781.641,780.218 781.338 784.857
8x64,4096x14336,8192,previous,random,0.05,n8k64_wB_t0,128,"[0, 1]",788.874,786.138 788.794 791.816
8x64,4096x14336,8192,previous,random,0.1,n8k64_wB_t0,128,"[0, 1]",797.545,796.618 797.049 801.369
8x64,4096x14336,8192,previous,random,0.25,n8k64_wB_t0,128,"[0, 1]",816.441,810.137 816.329 820.713
8x64,4096x14336,8192,previous,random,0.5,n8k64_wB_t0,128,"[0, 1]",837.785,834.634 836.474 840.713
8x64,4096x14336,8192,previous,random,0.75,n8k64_wB_t0,128,"[0, 1]",843.865,841.609 842.393 848.553
8x64,4096x14336,8192,previous,contiguous,0.01,n8k64_wB_t0,128,"[0, 1]",782.361,782.073 776.266 788.217
8x64,4096x14336,8192,previous,contiguous,0.02,n8k64_wB_t0,128,"[0, 1]",783.258,782.393 781.465 790.281
8x64,4096x14336,8192,previous,contiguous,0.05,n8k64_wB_t0,128,"[0, 1]",786.474,787.081 784.825 787.369
8x64,4096x14336,8192,previous,contiguous,0.1,n8k64_wB_t0,128,"[0, 1]",791.515,789.946 789.641 795.082
8x64,4096x14336,8192,previous,contiguous,0.25,n8k64_wB_t0,128,"[0, 1]",800.282,799.178 798.393 803.497
8x64,4096x14336,8192,previous,contiguous,0.5,n8k64_wB_t0,128,"[0, 1]",816.233,814.729 814.137 818.936
8x64,4096x14336,8192,previous,contiguous,0.75,n8k64_wB_t0,128,"[0, 1]",825.641,823.753 823.657 829.592
8x64,4096x14336,8192,previous,real,0.01813616044819355,n8k64_wB_t0,128,"[0, 1]",781.818,781.081 780.153 784.729
8x64,4096x14336,8192,paper,all,0.0,n8k64_wB,128,"[0, 1]",800.057,799.017 798.538 802.520
8x64,4096x14336,8192,paper,all,1.0,n8k64_wB,128,"[0, 1]",813.113,812.825 811.322 816.121
8x64,4096x14336,8192,paper,random,0.01,n8k64_wB,128,"[0, 1]",802.122,799.882 802.042 803.720
8x64,4096x14336,8192,paper,random,0.02,n8k64_wB,128,"[0, 1]",803.513,796.570 804.137 805.001
8x64,4096x14336,8192,paper,random,0.05,n8k64_wB,128,"[0, 1]",807.834,804.442 808.698 809.433
8x64,4096x14336,8192,paper,random,0.1,n8k64_wB,128,"[0, 1]",811.832,811.497 804.712 814.937
8x64,4096x14336,8192,paper,random,0.25,n8k64_wB,128,"[0, 1]",822.202,821.866 819.368 825.545
8x64,4096x14336,8192,paper,random,0.5,n8k64_wB,128,"[0, 1]",830.938,830.137 829.720 834.169
8x64,4096x14336,8192,paper,random,0.75,n8k64_wB,128,"[0, 1]",830.490,829.418 829.161 833.033
8x64,4096x14336,8192,paper,contiguous,0.01,n8k64_wB,128,"[0, 1]",802.489,801.882 800.234 805.801
8x64,4096x14336,8192,paper,contiguous,0.02,n8k64_wB,128,"[0, 1]",801.065,802.426 801.225 797.624
8x64,4096x14336,8192,paper,contiguous,0.05,n8k64_wB,128,"[0, 1]",802.233,802.042 802.841 802.313
8x64,4096x14336,8192,paper,contiguous,0.1,n8k64_wB,128,"[0, 1]",802.889,804.441 802.825 802.074
8x64,4096x14336,8192,paper,contiguous,0.25,n8k64_wB,128,"[0, 1]",806.329,805.498 805.193 808.761
8x64,4096x14336,8192,paper,contiguous,0.5,n8k64_wB,128,"[0, 1]",810.201,809.737 809.273 811.641
8x64,4096x14336,8192,paper,contiguous,0.75,n8k64_wB,128,"[0, 1]",814.361,813.385 813.065 816.184
8x64,4096x14336,8192,paper,real,0.01813616044819355,n8k64_wB,128,"[0, 1]",801.482,796.873 801.305 806.633
8x64,4096x14336,8192,ceiling,reference,,n8k64_wB_nodisp_t0,128,"[0, 1]",760.186,758.537 759.322 762.953
8x64,4096x14336,8192,stock_ko,reference,,stock_wA_e64,128,"[2, 1]",721.609,720.714 721.466 722.778
8x64,4096x14336,8192,stock_wB_ko,reference,,stock_wB_e64,128,"[1, 1]",721.242,720.202 722.443 722.537
8x64,4096x14336,8192,stock,reference,,stock_wA,128,"[0, 1]",732.490,732.347 724.697 735.034
