model,N,stratum,module,tile,objective,baseline_loss_restored_exact,predicted,predicted_se,actual,actual_se,pointwise_ci_low,pointwise_ci_high,effect_over_se,sign_agreement,pointwise_resolvable,se_unit,valid_target_tokens,stratum_size,within_stratum_inclusion_probability,predictor_data,reference,precision,source,source_sha256
llama8b,16,selected,model.layers.30.mlp.down_proj,3647,ce,False,-2.1041320218406767e-06,6.162587147809309e-07,3.092671977356076e-05,0.0002517869775389919,-0.00046257575620286336,0.0005244291957499849,0.12282890908752987,False,False,128 calibration sequences; not held-out documents,65408,1781,0.022459292532285232,same frozen seed0 calibration sequences as finite effect,all FourOverSix; causal-per-token activation,"BF16 forward, FP32 log_softmax, FP64 paired sequence summaries",research_runs/mixfp4_n16k64_full_validation_20260911T065444Z/runs/V43_fidelity_llama8b_attempt1/fidelity/fidelity_report.json,bc9be3a83c1777a9b43827b2f3bb2c81eb8d0b6cb757d80f8448bb406ab32527
llama8b,16,selected,model.layers.30.mlp.down_proj,3647,kl,False,-1.0930746732196184e-06,2.755612539500628e-07,7.26994796222993e-05,8.532359947235118e-05,-9.4534775343509e-05,0.0002399337345881076,0.8520442183859968,False,False,128 calibration sequences; not held-out documents,65408,1781,0.022459292532285232,same frozen seed0 calibration sequences as finite effect,all FourOverSix; causal-per-token activation,"BF16 forward, FP32 log_softmax, FP64 paired sequence summaries",research_runs/mixfp4_n16k64_full_validation_20260911T065444Z/runs/V43_fidelity_llama8b_attempt1/fidelity/fidelity_report.json,bc9be3a83c1777a9b43827b2f3bb2c81eb8d0b6cb757d80f8448bb406ab32527
llama8b,16,selected,model.layers.30.mlp.down_proj,39705,ce,False,-2.9923146900312503e-06,9.638089607194587e-07,0.0001089462311938405,0.000249378136571732,-0.0003798349164867541,0.0005977273788744351,0.43687162271542135,False,False,128 calibration sequences; not held-out documents,65408,1781,0.022459292532285232,same frozen seed0 calibration sequences as finite effect,all FourOverSix; causal-per-token activation,"BF16 forward, FP32 log_softmax, FP64 paired sequence summaries",research_runs/mixfp4_n16k64_full_validation_20260911T065444Z/runs/V43_fidelity_llama8b_attempt1/fidelity/fidelity_report.json,bc9be3a83c1777a9b43827b2f3bb2c81eb8d0b6cb757d80f8448bb406ab32527
llama8b,16,selected,model.layers.30.mlp.down_proj,39705,kl,False,-1.1299129109021422e-06,3.726780919283216e-07,0.00015813511204250475,8.946790484919383e-05,-1.7221981461915147e-05,0.00033349220554692465,1.7675065970199666,False,False,128 calibration sequences; not held-out documents,65408,1781,0.022459292532285232,same frozen seed0 calibration sequences as finite effect,all FourOverSix; causal-per-token activation,"BF16 forward, FP32 log_softmax, FP64 paired sequence summaries",research_runs/mixfp4_n16k64_full_validation_20260911T065444Z/runs/V43_fidelity_llama8b_attempt1/fidelity/fidelity_report.json,bc9be3a83c1777a9b43827b2f3bb2c81eb8d0b6cb757d80f8448bb406ab32527
llama8b,16,selected,model.layers.24.mlp.down_proj,35791,ce,False,-2.244045335109135e-06,6.640616452376346e-07,-0.00020297762239351869,0.0006475255680553079,-0.001472127735781922,0.0010661724909948847,-0.31346657554097,True,False,128 calibration sequences; not held-out documents,65408,1781,0.022459292532285232,same frozen seed0 calibration sequences as finite effect,all FourOverSix; causal-per-token activation,"BF16 forward, FP32 log_softmax, FP64 paired sequence summaries",research_runs/mixfp4_n16k64_full_validation_20260911T065444Z/runs/V43_fidelity_llama8b_attempt1/fidelity/fidelity_report.json,bc9be3a83c1777a9b43827b2f3bb2c81eb8d0b6cb757d80f8448bb406ab32527
llama8b,16,selected,model.layers.24.mlp.down_proj,35791,kl,False,-1.4569648117412903e-06,4.84315561622366e-07,-0.00015952333876902543,0.00033989643538993305,-0.0008257203521332942,0.0005066736745952434,-0.46932924902851203,True,False,128 calibration sequences; not held-out documents,65408,1781,0.022459292532285232,same frozen seed0 calibration sequences as finite effect,all FourOverSix; causal-per-token activation,"BF16 forward, FP32 log_softmax, FP64 paired sequence summaries",research_runs/mixfp4_n16k64_full_validation_20260911T065444Z/runs/V43_fidelity_llama8b_attempt1/fidelity/fidelity_report.json,bc9be3a83c1777a9b43827b2f3bb2c81eb8d0b6cb757d80f8448bb406ab32527
llama8b,16,selected,model.layers.23.mlp.down_proj,22228,ce,False,-2.4648559293627414e-06,7.016246911311027e-07,-0.000158927112352103,0.0007243748015838198,-0.0015787017234563897,0.0012608474987521837,-0.219399007260626,True,False,128 calibration sequences; not held-out documents,65408,1781,0.022459292532285232,same frozen seed0 calibration sequences as finite effect,all FourOverSix; causal-per-token activation,"BF16 forward, FP32 log_softmax, FP64 paired sequence summaries",research_runs/mixfp4_n16k64_full_validation_20260911T065444Z/runs/V43_fidelity_llama8b_attempt1/fidelity/fidelity_report.json,bc9be3a83c1777a9b43827b2f3bb2c81eb8d0b6cb757d80f8448bb406ab32527
llama8b,16,selected,model.layers.23.mlp.down_proj,22228,kl,False,-1.9310321287546728e-06,5.518403183015733e-07,-0.0006215232399512772,0.0004055890626069977,-0.0014164778026609925,0.0001734313227584383,-1.5323964506249828,True,False,128 calibration sequences; not held-out documents,65408,1781,0.022459292532285232,same frozen seed0 calibration sequences as finite effect,all FourOverSix; causal-per-token activation,"BF16 forward, FP32 log_softmax, FP64 paired sequence summaries",research_runs/mixfp4_n16k64_full_validation_20260911T065444Z/runs/V43_fidelity_llama8b_attempt1/fidelity/fidelity_report.json,bc9be3a83c1777a9b43827b2f3bb2c81eb8d0b6cb757d80f8448bb406ab32527
llama8b,16,selected,model.layers.31.mlp.down_proj,40680,ce,False,-8.488206307610824e-06,1.4514060285240318e-06,-3.773486241698265e-06,1.5963997066547337e-05,-3.506292049213104e-05,2.7515948008734512e-05,-0.2363747766908346,True,False,128 calibration sequences; not held-out documents,65408,1781,0.022459292532285232,same frozen seed0 calibration sequences as finite effect,all FourOverSix; causal-per-token activation,"BF16 forward, FP32 log_softmax, FP64 paired sequence summaries",research_runs/mixfp4_n16k64_full_validation_20260911T065444Z/runs/V43_fidelity_llama8b_attempt1/fidelity/fidelity_report.json,bc9be3a83c1777a9b43827b2f3bb2c81eb8d0b6cb757d80f8448bb406ab32527
llama8b,16,selected,model.layers.31.mlp.down_proj,40680,kl,False,-7.299861316090173e-06,6.035127721259939e-07,-3.507655534954775e-06,4.665415972277204e-06,-1.2651870840618095e-05,5.6365597707085455e-06,-0.7518419698903455,True,False,128 calibration sequences; not held-out documents,65408,1781,0.022459292532285232,same frozen seed0 calibration sequences as finite effect,all FourOverSix; causal-per-token activation,"BF16 forward, FP32 log_softmax, FP64 paired sequence summaries",research_runs/mixfp4_n16k64_full_validation_20260911T065444Z/runs/V43_fidelity_llama8b_attempt1/fidelity/fidelity_report.json,bc9be3a83c1777a9b43827b2f3bb2c81eb8d0b6cb757d80f8448bb406ab32527
llama8b,16,selected,model.layers.30.mlp.gate_proj,36479,ce,False,-2.8850988550432888e-06,9.585218154554816e-07,-0.00016181322280317545,0.00027000886172124386,-0.0006910305917768135,0.00036740414617046256,-0.5992885632406791,True,False,128 calibration sequences; not held-out documents,65408,1781,0.022459292532285232,same frozen seed0 calibration sequences as finite effect,all FourOverSix; causal-per-token activation,"BF16 forward, FP32 log_softmax, FP64 paired sequence summaries",research_runs/mixfp4_n16k64_full_validation_20260911T065444Z/runs/V43_fidelity_llama8b_attempt1/fidelity/fidelity_report.json,bc9be3a83c1777a9b43827b2f3bb2c81eb8d0b6cb757d80f8448bb406ab32527
llama8b,16,selected,model.layers.30.mlp.gate_proj,36479,kl,False,-2.1744350945651636e-06,6.78149744700422e-07,6.0789739161348086e-05,9.107651876871528e-05,-0.00011772023762533384,0.00023929971594803003,0.6674578693079046,False,False,128 calibration sequences; not held-out documents,65408,1781,0.022459292532285232,same frozen seed0 calibration sequences as finite effect,all FourOverSix; causal-per-token activation,"BF16 forward, FP32 log_softmax, FP64 paired sequence summaries",research_runs/mixfp4_n16k64_full_validation_20260911T065444Z/runs/V43_fidelity_llama8b_attempt1/fidelity/fidelity_report.json,bc9be3a83c1777a9b43827b2f3bb2c81eb8d0b6cb757d80f8448bb406ab32527
llama8b,16,selected,model.layers.8.self_attn.o_proj,9377,ce,False,-6.03369811447152e-06,1.9311108543865556e-06,0.002335610392037779,0.0013787149647697203,-0.0003666709389108726,0.00503789172298643,1.6940487712976149,False,False,128 calibration sequences; not held-out documents,65408,1781,0.022459292532285232,same frozen seed0 calibration sequences as finite effect,all FourOverSix; causal-per-token activation,"BF16 forward, FP32 log_softmax, FP64 paired sequence summaries",research_runs/mixfp4_n16k64_full_validation_20260911T065444Z/runs/V43_fidelity_llama8b_attempt1/fidelity/fidelity_report.json,bc9be3a83c1777a9b43827b2f3bb2c81eb8d0b6cb757d80f8448bb406ab32527
llama8b,16,selected,model.layers.8.self_attn.o_proj,9377,kl,False,-4.7666966467296845e-06,1.3518625284062022e-06,0.0005087959496279262,0.0007361049539182978,-0.0009339697600519374,0.0019515616593077899,0.6912002791444314,False,False,128 calibration sequences; not held-out documents,65408,1781,0.022459292532285232,same frozen seed0 calibration sequences as finite effect,all FourOverSix; causal-per-token activation,"BF16 forward, FP32 log_softmax, FP64 paired sequence summaries",research_runs/mixfp4_n16k64_full_validation_20260911T065444Z/runs/V43_fidelity_llama8b_attempt1/fidelity/fidelity_report.json,bc9be3a83c1777a9b43827b2f3bb2c81eb8d0b6cb757d80f8448bb406ab32527
llama8b,16,selected,model.layers.12.mlp.down_proj,42656,ce,False,-2.560778875615455e-06,8.506404812076573e-07,0.0011085662408731878,0.0011257261810401712,-0.001097857073965548,0.0033149895557119235,0.9847565594049454,False,False,128 calibration sequences; not held-out documents,65408,1781,0.022459292532285232,same frozen seed0 calibration sequences as finite effect,all FourOverSix; causal-per-token activation,"BF16 forward, FP32 log_softmax, FP64 paired sequence summaries",research_runs/mixfp4_n16k64_full_validation_20260911T065444Z/runs/V43_fidelity_llama8b_attempt1/fidelity/fidelity_report.json,bc9be3a83c1777a9b43827b2f3bb2c81eb8d0b6cb757d80f8448bb406ab32527
llama8b,16,selected,model.layers.12.mlp.down_proj,42656,kl,False,-1.0620300540664651e-06,2.9207356168184013e-07,0.0006673271868844057,0.0008177899697734956,-0.0009355411538716456,0.002270195527640457,0.8160129269734577,False,False,128 calibration sequences; not held-out documents,65408,1781,0.022459292532285232,same frozen seed0 calibration sequences as finite effect,all FourOverSix; causal-per-token activation,"BF16 forward, FP32 log_softmax, FP64 paired sequence summaries",research_runs/mixfp4_n16k64_full_validation_20260911T065444Z/runs/V43_fidelity_llama8b_attempt1/fidelity/fidelity_report.json,bc9be3a83c1777a9b43827b2f3bb2c81eb8d0b6cb757d80f8448bb406ab32527
llama8b,16,selected,model.layers.10.mlp.up_proj,52615,ce,False,-2.4773749014439517e-06,7.351269247250948e-07,0.0018073628307320178,0.0011225627668669397,-0.0003928601923271838,0.004007585853791219,1.6100327608195555,False,False,128 calibration sequences; not held-out documents,65408,1781,0.022459292532285232,same frozen seed0 calibration sequences as finite effect,all FourOverSix; causal-per-token activation,"BF16 forward, FP32 log_softmax, FP64 paired sequence summaries",research_runs/mixfp4_n16k64_full_validation_20260911T065444Z/runs/V43_fidelity_llama8b_attempt1/fidelity/fidelity_report.json,bc9be3a83c1777a9b43827b2f3bb2c81eb8d0b6cb757d80f8448bb406ab32527
llama8b,16,selected,model.layers.10.mlp.up_proj,52615,kl,False,-1.8958316331252334e-06,5.885743249340675e-07,0.0004296010146250208,0.0006955985096105743,-0.0009337720642117048,0.0017929740934617463,0.6175991016218965,False,False,128 calibration sequences; not held-out documents,65408,1781,0.022459292532285232,same frozen seed0 calibration sequences as finite effect,all FourOverSix; causal-per-token activation,"BF16 forward, FP32 log_softmax, FP64 paired sequence summaries",research_runs/mixfp4_n16k64_full_validation_20260911T065444Z/runs/V43_fidelity_llama8b_attempt1/fidelity/fidelity_report.json,bc9be3a83c1777a9b43827b2f3bb2c81eb8d0b6cb757d80f8448bb406ab32527
llama8b,16,selected,model.layers.8.mlp.down_proj,54123,ce,False,-2.8873861801503864e-06,8.097181467643061e-07,0.002506143180653453,0.0012817433568475354,-6.073798767716569e-06,0.005018360160074622,1.9552612988120688,False,False,128 calibration sequences; not held-out documents,65408,1781,0.022459292532285232,same frozen seed0 calibration sequences as finite effect,all FourOverSix; causal-per-token activation,"BF16 forward, FP32 log_softmax, FP64 paired sequence summaries",research_runs/mixfp4_n16k64_full_validation_20260911T065444Z/runs/V43_fidelity_llama8b_attempt1/fidelity/fidelity_report.json,bc9be3a83c1777a9b43827b2f3bb2c81eb8d0b6cb757d80f8448bb406ab32527
llama8b,16,selected,model.layers.8.mlp.down_proj,54123,kl,False,-1.837478558641692e-06,5.552200449194802e-07,0.00020891897887065974,0.0006150476005925604,-0.0009965743182907586,0.001414412276032078,0.33967936574239005,False,False,128 calibration sequences; not held-out documents,65408,1781,0.022459292532285232,same frozen seed0 calibration sequences as finite effect,all FourOverSix; causal-per-token activation,"BF16 forward, FP32 log_softmax, FP64 paired sequence summaries",research_runs/mixfp4_n16k64_full_validation_20260911T065444Z/runs/V43_fidelity_llama8b_attempt1/fidelity/fidelity_report.json,bc9be3a83c1777a9b43827b2f3bb2c81eb8d0b6cb757d80f8448bb406ab32527
llama8b,16,selected,model.layers.3.mlp.gate_proj,40727,ce,False,-2.2751213175631335e-06,7.493995760163802e-07,0.002949449059087783,0.0014192580972147227,0.00016770318854692672,0.00573119492962864,2.0781625730203985,False,True,128 calibration sequences; not held-out documents,65408,1781,0.022459292532285232,same frozen seed0 calibration sequences as finite effect,all FourOverSix; causal-per-token activation,"BF16 forward, FP32 log_softmax, FP64 paired sequence summaries",research_runs/mixfp4_n16k64_full_validation_20260911T065444Z/runs/V43_fidelity_llama8b_attempt1/fidelity/fidelity_report.json,bc9be3a83c1777a9b43827b2f3bb2c81eb8d0b6cb757d80f8448bb406ab32527
llama8b,16,selected,model.layers.3.mlp.gate_proj,40727,kl,False,-1.8893333958436287e-06,5.326162231562416e-07,0.000629812545489551,0.0008639985809646036,-0.0010636246732010721,0.002323249764180174,0.7289509026581992,False,False,128 calibration sequences; not held-out documents,65408,1781,0.022459292532285232,same frozen seed0 calibration sequences as finite effect,all FourOverSix; causal-per-token activation,"BF16 forward, FP32 log_softmax, FP64 paired sequence summaries",research_runs/mixfp4_n16k64_full_validation_20260911T065444Z/runs/V43_fidelity_llama8b_attempt1/fidelity/fidelity_report.json,bc9be3a83c1777a9b43827b2f3bb2c81eb8d0b6cb757d80f8448bb406ab32527
llama8b,16,selected,model.layers.31.mlp.down_proj,6184,ce,False,-1.255730512550457e-05,1.853362222710888e-06,-2.6320340111851692e-05,1.4075916922963644e-05,-5.3909137280860435e-05,1.2684570571570503e-06,-1.8698845876897958,True,False,128 calibration sequences; not held-out documents,65408,1781,0.022459292532285232,same frozen seed0 calibration sequences as finite effect,all FourOverSix; causal-per-token activation,"BF16 forward, FP32 log_softmax, FP64 paired sequence summaries",research_runs/mixfp4_n16k64_full_validation_20260911T065444Z/runs/V43_fidelity_llama8b_attempt1/fidelity/fidelity_report.json,bc9be3a83c1777a9b43827b2f3bb2c81eb8d0b6cb757d80f8448bb406ab32527
llama8b,16,selected,model.layers.31.mlp.down_proj,6184,kl,False,-1.1523931735979431e-05,5.784745399527365e-07,-1.52852491030977e-05,4.4448254744895665e-06,-2.399710703309725e-05,-6.573391173098151e-06,-3.438886226427827,True,True,128 calibration sequences; not held-out documents,65408,1781,0.022459292532285232,same frozen seed0 calibration sequences as finite effect,all FourOverSix; causal-per-token activation,"BF16 forward, FP32 log_softmax, FP64 paired sequence summaries",research_runs/mixfp4_n16k64_full_validation_20260911T065444Z/runs/V43_fidelity_llama8b_attempt1/fidelity/fidelity_report.json,bc9be3a83c1777a9b43827b2f3bb2c81eb8d0b6cb757d80f8448bb406ab32527
llama8b,16,selected,model.layers.13.mlp.up_proj,4073,ce,False,-3.1051590698716325e-06,7.41037017736901e-07,0.0008486384176649153,0.0012179235372724276,-0.0015384917153890426,0.0032357685507188733,0.6967912120045432,False,False,128 calibration sequences; not held-out documents,65408,1781,0.022459292532285232,same frozen seed0 calibration sequences as finite effect,all FourOverSix; causal-per-token activation,"BF16 forward, FP32 log_softmax, FP64 paired sequence summaries",research_runs/mixfp4_n16k64_full_validation_20260911T065444Z/runs/V43_fidelity_llama8b_attempt1/fidelity/fidelity_report.json,bc9be3a83c1777a9b43827b2f3bb2c81eb8d0b6cb757d80f8448bb406ab32527
llama8b,16,selected,model.layers.13.mlp.up_proj,4073,kl,False,-3.157120498364918e-06,5.432714026649987e-07,0.00016688047702651155,0.0006697310129300498,-0.0011457923083163862,0.0014795532623694092,0.24917537609079096,False,False,128 calibration sequences; not held-out documents,65408,1781,0.022459292532285232,same frozen seed0 calibration sequences as finite effect,all FourOverSix; causal-per-token activation,"BF16 forward, FP32 log_softmax, FP64 paired sequence summaries",research_runs/mixfp4_n16k64_full_validation_20260911T065444Z/runs/V43_fidelity_llama8b_attempt1/fidelity/fidelity_report.json,bc9be3a83c1777a9b43827b2f3bb2c81eb8d0b6cb757d80f8448bb406ab32527
llama8b,16,selected,model.layers.12.mlp.up_proj,55351,ce,False,-2.8882933760243645e-06,9.192401957353358e-07,0.0027467833715490997,0.0012145500411686802,0.00036626529085848633,0.0051273014522397135,2.261564594659314,False,True,128 calibration sequences; not held-out documents,65408,1781,0.022459292532285232,same frozen seed0 calibration sequences as finite effect,all FourOverSix; causal-per-token activation,"BF16 forward, FP32 log_softmax, FP64 paired sequence summaries",research_runs/mixfp4_n16k64_full_validation_20260911T065444Z/runs/V43_fidelity_llama8b_attempt1/fidelity/fidelity_report.json,bc9be3a83c1777a9b43827b2f3bb2c81eb8d0b6cb757d80f8448bb406ab32527
llama8b,16,selected,model.layers.12.mlp.up_proj,55351,kl,False,-1.3805953574808072e-06,4.407585010569419e-07,0.0009129936385259797,0.0007611371699863739,-0.0005788352146473131,0.0024048224916992725,1.1995126168156054,False,False,128 calibration sequences; not held-out documents,65408,1781,0.022459292532285232,same frozen seed0 calibration sequences as finite effect,all FourOverSix; causal-per-token activation,"BF16 forward, FP32 log_softmax, FP64 paired sequence summaries",research_runs/mixfp4_n16k64_full_validation_20260911T065444Z/runs/V43_fidelity_llama8b_attempt1/fidelity/fidelity_report.json,bc9be3a83c1777a9b43827b2f3bb2c81eb8d0b6cb757d80f8448bb406ab32527
llama8b,16,selected,model.layers.31.mlp.down_proj,26406,ce,False,-1.5214659713436163e-05,2.0073710623668693e-06,-2.4565611965954304e-05,1.750119490950665e-05,-5.8867953988587336e-05,9.736730056678728e-06,-1.403653412979834,True,False,128 calibration sequences; not held-out documents,65408,1781,0.022459292532285232,same frozen seed0 calibration sequences as finite effect,all FourOverSix; causal-per-token activation,"BF16 forward, FP32 log_softmax, FP64 paired sequence summaries",research_runs/mixfp4_n16k64_full_validation_20260911T065444Z/runs/V43_fidelity_llama8b_attempt1/fidelity/fidelity_report.json,bc9be3a83c1777a9b43827b2f3bb2c81eb8d0b6cb757d80f8448bb406ab32527
llama8b,16,selected,model.layers.31.mlp.down_proj,26406,kl,False,-1.1441139985635118e-05,5.774891647021169e-07,-1.2861874968790805e-05,5.23749827045263e-06,-2.312737157887796e-05,-2.5963783587036496e-06,-2.4557287286090634,True,True,128 calibration sequences; not held-out documents,65408,1781,0.022459292532285232,same frozen seed0 calibration sequences as finite effect,all FourOverSix; causal-per-token activation,"BF16 forward, FP32 log_softmax, FP64 paired sequence summaries",research_runs/mixfp4_n16k64_full_validation_20260911T065444Z/runs/V43_fidelity_llama8b_attempt1/fidelity/fidelity_report.json,bc9be3a83c1777a9b43827b2f3bb2c81eb8d0b6cb757d80f8448bb406ab32527
llama8b,16,selected,model.layers.12.mlp.up_proj,33806,ce,False,-5.038017854896992e-06,1.449302008819073e-06,0.002277931198477745,0.0010686690392524294,0.0001833398815429834,0.004372522515412506,2.1315590840651994,False,True,128 calibration sequences; not held-out documents,65408,1781,0.022459292532285232,same frozen seed0 calibration sequences as finite effect,all FourOverSix; causal-per-token activation,"BF16 forward, FP32 log_softmax, FP64 paired sequence summaries",research_runs/mixfp4_n16k64_full_validation_20260911T065444Z/runs/V43_fidelity_llama8b_attempt1/fidelity/fidelity_report.json,bc9be3a83c1777a9b43827b2f3bb2c81eb8d0b6cb757d80f8448bb406ab32527
llama8b,16,selected,model.layers.12.mlp.up_proj,33806,kl,False,-4.54489405443681e-06,1.241560121664523e-06,0.0006725467442577843,0.0008092305421229273,-0.0009135451183031531,0.0022586386068187215,0.8310941187333735,False,False,128 calibration sequences; not held-out documents,65408,1781,0.022459292532285232,same frozen seed0 calibration sequences as finite effect,all FourOverSix; causal-per-token activation,"BF16 forward, FP32 log_softmax, FP64 paired sequence summaries",research_runs/mixfp4_n16k64_full_validation_20260911T065444Z/runs/V43_fidelity_llama8b_attempt1/fidelity/fidelity_report.json,bc9be3a83c1777a9b43827b2f3bb2c81eb8d0b6cb757d80f8448bb406ab32527
llama8b,16,selected,model.layers.15.mlp.gate_proj,17201,ce,False,-2.432329631041341e-06,7.157159254790016e-07,0.0021045978646725416,0.0011435157542408034,-0.00013669301363943313,0.004345888742984517,1.8404625007285662,False,False,128 calibration sequences; not held-out documents,65408,1781,0.022459292532285232,same frozen seed0 calibration sequences as finite effect,all FourOverSix; causal-per-token activation,"BF16 forward, FP32 log_softmax, FP64 paired sequence summaries",research_runs/mixfp4_n16k64_full_validation_20260911T065444Z/runs/V43_fidelity_llama8b_attempt1/fidelity/fidelity_report.json,bc9be3a83c1777a9b43827b2f3bb2c81eb8d0b6cb757d80f8448bb406ab32527
llama8b,16,selected,model.layers.15.mlp.gate_proj,17201,kl,False,-1.4926151326311032e-06,4.659808238305051e-07,0.0010468118737135272,0.0007074286543650734,-0.00033974828884201645,0.0024333720362690707,1.4797419743381115,False,False,128 calibration sequences; not held-out documents,65408,1781,0.022459292532285232,same frozen seed0 calibration sequences as finite effect,all FourOverSix; causal-per-token activation,"BF16 forward, FP32 log_softmax, FP64 paired sequence summaries",research_runs/mixfp4_n16k64_full_validation_20260911T065444Z/runs/V43_fidelity_llama8b_attempt1/fidelity/fidelity_report.json,bc9be3a83c1777a9b43827b2f3bb2c81eb8d0b6cb757d80f8448bb406ab32527
llama8b,16,selected,model.layers.17.self_attn.q_proj,9651,ce,False,-9.868115057320992e-07,3.2348210045772123e-07,0.0011880630627274513,0.0009907377394671726,-0.0007537829066282069,0.0031299090320831098,1.1991700885104084,False,False,128 calibration sequences; not held-out documents,65408,1781,0.022459292532285232,same frozen seed0 calibration sequences as finite effect,all FourOverSix; causal-per-token activation,"BF16 forward, FP32 log_softmax, FP64 paired sequence summaries",research_runs/mixfp4_n16k64_full_validation_20260911T065444Z/runs/V43_fidelity_llama8b_attempt1/fidelity/fidelity_report.json,bc9be3a83c1777a9b43827b2f3bb2c81eb8d0b6cb757d80f8448bb406ab32527
llama8b,16,selected,model.layers.17.self_attn.q_proj,9651,kl,False,-5.691867435431153e-07,1.7197346998185704e-07,0.0004670341796720881,0.0006807777081880796,-0.000867290128376548,0.0018013584877207241,0.6860303650586922,False,False,128 calibration sequences; not held-out documents,65408,1781,0.022459292532285232,same frozen seed0 calibration sequences as finite effect,all FourOverSix; causal-per-token activation,"BF16 forward, FP32 log_softmax, FP64 paired sequence summaries",research_runs/mixfp4_n16k64_full_validation_20260911T065444Z/runs/V43_fidelity_llama8b_attempt1/fidelity/fidelity_report.json,bc9be3a83c1777a9b43827b2f3bb2c81eb8d0b6cb757d80f8448bb406ab32527
llama8b,16,selected,model.layers.14.mlp.up_proj,18082,ce,False,-4.677297722910367e-06,1.4019554323550264e-06,0.0028448679950088263,0.000992278389746025,0.0009000023511066173,0.004789733638911035,2.8670058971424077,False,True,128 calibration sequences; not held-out documents,65408,1781,0.022459292532285232,same frozen seed0 calibration sequences as finite effect,all FourOverSix; causal-per-token activation,"BF16 forward, FP32 log_softmax, FP64 paired sequence summaries",research_runs/mixfp4_n16k64_full_validation_20260911T065444Z/runs/V43_fidelity_llama8b_attempt1/fidelity/fidelity_report.json,bc9be3a83c1777a9b43827b2f3bb2c81eb8d0b6cb757d80f8448bb406ab32527
llama8b,16,selected,model.layers.14.mlp.up_proj,18082,kl,False,-4.858848920985537e-06,1.1271776568102309e-06,0.00027813435050856535,0.0006434792342625269,-0.0009830849486459875,0.001539353649663118,0.4322351611351175,False,False,128 calibration sequences; not held-out documents,65408,1781,0.022459292532285232,same frozen seed0 calibration sequences as finite effect,all FourOverSix; causal-per-token activation,"BF16 forward, FP32 log_softmax, FP64 paired sequence summaries",research_runs/mixfp4_n16k64_full_validation_20260911T065444Z/runs/V43_fidelity_llama8b_attempt1/fidelity/fidelity_report.json,bc9be3a83c1777a9b43827b2f3bb2c81eb8d0b6cb757d80f8448bb406ab32527
llama8b,16,selected,model.layers.8.mlp.up_proj,19600,ce,False,-1.932233295365293e-06,6.398672703883197e-07,0.001570525811985135,0.0014523571437080201,-0.0012760941896825845,0.004417145813652854,1.0813633676737513,False,False,128 calibration sequences; not held-out documents,65408,1781,0.022459292532285232,same frozen seed0 calibration sequences as finite effect,all FourOverSix; causal-per-token activation,"BF16 forward, FP32 log_softmax, FP64 paired sequence summaries",research_runs/mixfp4_n16k64_full_validation_20260911T065444Z/runs/V43_fidelity_llama8b_attempt1/fidelity/fidelity_report.json,bc9be3a83c1777a9b43827b2f3bb2c81eb8d0b6cb757d80f8448bb406ab32527
llama8b,16,selected,model.layers.8.mlp.up_proj,19600,kl,False,-1.282792102430541e-06,4.0622720456667836e-07,0.00042730396716681574,0.0007347129575591885,-0.0010127334296491936,0.0018673413639828252,0.5815930735540241,False,False,128 calibration sequences; not held-out documents,65408,1781,0.022459292532285232,same frozen seed0 calibration sequences as finite effect,all FourOverSix; causal-per-token activation,"BF16 forward, FP32 log_softmax, FP64 paired sequence summaries",research_runs/mixfp4_n16k64_full_validation_20260911T065444Z/runs/V43_fidelity_llama8b_attempt1/fidelity/fidelity_report.json,bc9be3a83c1777a9b43827b2f3bb2c81eb8d0b6cb757d80f8448bb406ab32527
llama8b,16,selected,model.layers.5.mlp.down_proj,26092,ce,False,-3.7918580053641904e-06,1.0910883898835955e-06,0.002267513773404062,0.0016316719432950685,-0.0009305632354542725,0.0054655907822623966,1.3896872975734,False,False,128 calibration sequences; not held-out documents,65408,1781,0.022459292532285232,same frozen seed0 calibration sequences as finite effect,all FourOverSix; causal-per-token activation,"BF16 forward, FP32 log_softmax, FP64 paired sequence summaries",research_runs/mixfp4_n16k64_full_validation_20260911T065444Z/runs/V43_fidelity_llama8b_attempt1/fidelity/fidelity_report.json,bc9be3a83c1777a9b43827b2f3bb2c81eb8d0b6cb757d80f8448bb406ab32527
llama8b,16,selected,model.layers.5.mlp.down_proj,26092,kl,False,-1.7179846260040321e-06,5.337387485985156e-07,0.0012634737848941063,0.0009371339254884087,-0.0005733087090631747,0.0031002562788513873,1.3482318274152951,False,False,128 calibration sequences; not held-out documents,65408,1781,0.022459292532285232,same frozen seed0 calibration sequences as finite effect,all FourOverSix; causal-per-token activation,"BF16 forward, FP32 log_softmax, FP64 paired sequence summaries",research_runs/mixfp4_n16k64_full_validation_20260911T065444Z/runs/V43_fidelity_llama8b_attempt1/fidelity/fidelity_report.json,bc9be3a83c1777a9b43827b2f3bb2c81eb8d0b6cb757d80f8448bb406ab32527
llama8b,16,selected,model.layers.3.self_attn.o_proj,2227,ce,False,-3.87273627366902e-06,1.1435208844967737e-06,0.0031645360868424177,0.0014712125382935397,0.00028095951178708006,0.006048112661897755,2.150971395684926,False,True,128 calibration sequences; not held-out documents,65408,1781,0.022459292532285232,same frozen seed0 calibration sequences as finite effect,all FourOverSix; causal-per-token activation,"BF16 forward, FP32 log_softmax, FP64 paired sequence summaries",research_runs/mixfp4_n16k64_full_validation_20260911T065444Z/runs/V43_fidelity_llama8b_attempt1/fidelity/fidelity_report.json,bc9be3a83c1777a9b43827b2f3bb2c81eb8d0b6cb757d80f8448bb406ab32527
llama8b,16,selected,model.layers.3.self_attn.o_proj,2227,kl,False,-2.3227577524709275e-06,7.35849276457165e-07,0.0007467146636034315,0.0007927651124954772,-0.0008071049568877038,0.002300534284094567,0.9419116101778402,False,False,128 calibration sequences; not held-out documents,65408,1781,0.022459292532285232,same frozen seed0 calibration sequences as finite effect,all FourOverSix; causal-per-token activation,"BF16 forward, FP32 log_softmax, FP64 paired sequence summaries",research_runs/mixfp4_n16k64_full_validation_20260911T065444Z/runs/V43_fidelity_llama8b_attempt1/fidelity/fidelity_report.json,bc9be3a83c1777a9b43827b2f3bb2c81eb8d0b6cb757d80f8448bb406ab32527
llama8b,16,selected,model.layers.6.mlp.up_proj,5910,ce,False,-5.989940216277745e-06,1.3133616129706448e-06,0.0013186797150410712,0.0013235752025880264,-0.0012755276820314606,0.003912887112113603,0.9963013151520345,False,False,128 calibration sequences; not held-out documents,65408,1781,0.022459292532285232,same frozen seed0 calibration sequences as finite effect,all FourOverSix; causal-per-token activation,"BF16 forward, FP32 log_softmax, FP64 paired sequence summaries",research_runs/mixfp4_n16k64_full_validation_20260911T065444Z/runs/V43_fidelity_llama8b_attempt1/fidelity/fidelity_report.json,bc9be3a83c1777a9b43827b2f3bb2c81eb8d0b6cb757d80f8448bb406ab32527
llama8b,16,selected,model.layers.6.mlp.up_proj,5910,kl,False,-6.145729050444082e-06,1.6527822481473707e-06,-5.649294137788938e-05,0.0008486619352513825,-0.0017198703344705993,0.0016068844517148203,-0.06656707344975427,True,False,128 calibration sequences; not held-out documents,65408,1781,0.022459292532285232,same frozen seed0 calibration sequences as finite effect,all FourOverSix; causal-per-token activation,"BF16 forward, FP32 log_softmax, FP64 paired sequence summaries",research_runs/mixfp4_n16k64_full_validation_20260911T065444Z/runs/V43_fidelity_llama8b_attempt1/fidelity/fidelity_report.json,bc9be3a83c1777a9b43827b2f3bb2c81eb8d0b6cb757d80f8448bb406ab32527
llama8b,16,selected,model.layers.29.self_attn.k_proj,3908,ce,False,-2.6816519462791177e-06,8.920149896014784e-07,-0.00016869674436748028,0.0004418357608885338,-0.0010346948357090064,0.000697301346974046,-0.38180871559203433,True,False,128 calibration sequences; not held-out documents,65408,1781,0.022459292532285232,same frozen seed0 calibration sequences as finite effect,all FourOverSix; causal-per-token activation,"BF16 forward, FP32 log_softmax, FP64 paired sequence summaries",research_runs/mixfp4_n16k64_full_validation_20260911T065444Z/runs/V43_fidelity_llama8b_attempt1/fidelity/fidelity_report.json,bc9be3a83c1777a9b43827b2f3bb2c81eb8d0b6cb757d80f8448bb406ab32527
llama8b,16,selected,model.layers.29.self_attn.k_proj,3908,kl,False,-1.6778680891338382e-06,3.531607171644494e-07,-5.5743411091790584e-05,0.00015586498974055592,-0.0003612387909832802,0.00024975196879969903,-0.3576390771563128,True,False,128 calibration sequences; not held-out documents,65408,1781,0.022459292532285232,same frozen seed0 calibration sequences as finite effect,all FourOverSix; causal-per-token activation,"BF16 forward, FP32 log_softmax, FP64 paired sequence summaries",research_runs/mixfp4_n16k64_full_validation_20260911T065444Z/runs/V43_fidelity_llama8b_attempt1/fidelity/fidelity_report.json,bc9be3a83c1777a9b43827b2f3bb2c81eb8d0b6cb757d80f8448bb406ab32527
llama8b,16,selected,model.layers.31.mlp.down_proj,32767,ce,False,-5.232800157628503e-06,1.5437617377310845e-06,-2.1577579900622368e-05,1.995049007775437e-05,-6.0680540453020934e-05,1.7525380651776198e-05,-1.0815563836540674,True,False,128 calibration sequences; not held-out documents,65408,1781,0.022459292532285232,same frozen seed0 calibration sequences as finite effect,all FourOverSix; causal-per-token activation,"BF16 forward, FP32 log_softmax, FP64 paired sequence summaries",research_runs/mixfp4_n16k64_full_validation_20260911T065444Z/runs/V43_fidelity_llama8b_attempt1/fidelity/fidelity_report.json,bc9be3a83c1777a9b43827b2f3bb2c81eb8d0b6cb757d80f8448bb406ab32527
llama8b,16,selected,model.layers.31.mlp.down_proj,32767,kl,False,-2.9389233461296627e-06,5.524601822674143e-07,-7.318947503740384e-06,3.875228775702634e-06,-1.4914395904117547e-05,2.7650089663677787e-07,-1.8886491423756926,True,False,128 calibration sequences; not held-out documents,65408,1781,0.022459292532285232,same frozen seed0 calibration sequences as finite effect,all FourOverSix; causal-per-token activation,"BF16 forward, FP32 log_softmax, FP64 paired sequence summaries",research_runs/mixfp4_n16k64_full_validation_20260911T065444Z/runs/V43_fidelity_llama8b_attempt1/fidelity/fidelity_report.json,bc9be3a83c1777a9b43827b2f3bb2c81eb8d0b6cb757d80f8448bb406ab32527
llama8b,16,selected,model.layers.31.self_attn.q_proj,1709,ce,False,-1.8292623248372664e-06,5.88056780462806e-07,2.654694253578782e-05,0.0001772195109054705,-0.0003208032988389343,0.00037389718391050996,0.149796951815018,False,False,128 calibration sequences; not held-out documents,65408,1781,0.022459292532285232,same frozen seed0 calibration sequences as finite effect,all FourOverSix; causal-per-token activation,"BF16 forward, FP32 log_softmax, FP64 paired sequence summaries",research_runs/mixfp4_n16k64_full_validation_20260911T065444Z/runs/V43_fidelity_llama8b_attempt1/fidelity/fidelity_report.json,bc9be3a83c1777a9b43827b2f3bb2c81eb8d0b6cb757d80f8448bb406ab32527
llama8b,16,selected,model.layers.31.self_attn.q_proj,1709,kl,False,-1.1137959795293195e-06,2.5267248735727354e-07,-1.6230980454644663e-05,4.8152126211420786e-05,-0.0001106091478290294,7.814718691974007e-05,-0.3370771289180368,True,False,128 calibration sequences; not held-out documents,65408,1781,0.022459292532285232,same frozen seed0 calibration sequences as finite effect,all FourOverSix; causal-per-token activation,"BF16 forward, FP32 log_softmax, FP64 paired sequence summaries",research_runs/mixfp4_n16k64_full_validation_20260911T065444Z/runs/V43_fidelity_llama8b_attempt1/fidelity/fidelity_report.json,bc9be3a83c1777a9b43827b2f3bb2c81eb8d0b6cb757d80f8448bb406ab32527
llama8b,16,selected,model.layers.31.self_attn.q_proj,2964,ce,False,-2.396047388497635e-06,6.885145974078007e-07,-3.207789268344641e-05,0.00014351883785475352,-0.0003133748148787633,0.0002492190295118705,-0.2235099807309647,True,False,128 calibration sequences; not held-out documents,65408,1781,0.022459292532285232,same frozen seed0 calibration sequences as finite effect,all FourOverSix; causal-per-token activation,"BF16 forward, FP32 log_softmax, FP64 paired sequence summaries",research_runs/mixfp4_n16k64_full_validation_20260911T065444Z/runs/V43_fidelity_llama8b_attempt1/fidelity/fidelity_report.json,bc9be3a83c1777a9b43827b2f3bb2c81eb8d0b6cb757d80f8448bb406ab32527
llama8b,16,selected,model.layers.31.self_attn.q_proj,2964,kl,False,-1.9521784257459096e-06,4.400238129207304e-07,3.771240617119018e-06,5.287621759510817e-05,-9.9866145869293e-05,0.00010740862710353104,0.07132205722422766,False,False,128 calibration sequences; not held-out documents,65408,1781,0.022459292532285232,same frozen seed0 calibration sequences as finite effect,all FourOverSix; causal-per-token activation,"BF16 forward, FP32 log_softmax, FP64 paired sequence summaries",research_runs/mixfp4_n16k64_full_validation_20260911T065444Z/runs/V43_fidelity_llama8b_attempt1/fidelity/fidelity_report.json,bc9be3a83c1777a9b43827b2f3bb2c81eb8d0b6cb757d80f8448bb406ab32527
llama8b,16,selected,model.layers.9.self_attn.o_proj,16207,ce,False,-6.4245107784799416e-06,1.9528610872595673e-06,0.0028502975474111736,0.0013388061357553463,0.00022623752133069499,0.005474357573491653,2.128984526802346,False,True,128 calibration sequences; not held-out documents,65408,1781,0.022459292532285232,same frozen seed0 calibration sequences as finite effect,all FourOverSix; causal-per-token activation,"BF16 forward, FP32 log_softmax, FP64 paired sequence summaries",research_runs/mixfp4_n16k64_full_validation_20260911T065444Z/runs/V43_fidelity_llama8b_attempt1/fidelity/fidelity_report.json,bc9be3a83c1777a9b43827b2f3bb2c81eb8d0b6cb757d80f8448bb406ab32527
llama8b,16,selected,model.layers.9.self_attn.o_proj,16207,kl,False,-3.950573052136086e-06,9.992043469714079e-07,0.0014370812219333493,0.0007009370520950681,6.324459982701603e-05,0.0028109178440396823,2.0502286441242914,False,True,128 calibration sequences; not held-out documents,65408,1781,0.022459292532285232,same frozen seed0 calibration sequences as finite effect,all FourOverSix; causal-per-token activation,"BF16 forward, FP32 log_softmax, FP64 paired sequence summaries",research_runs/mixfp4_n16k64_full_validation_20260911T065444Z/runs/V43_fidelity_llama8b_attempt1/fidelity/fidelity_report.json,bc9be3a83c1777a9b43827b2f3bb2c81eb8d0b6cb757d80f8448bb406ab32527
llama8b,16,selected,model.layers.18.mlp.down_proj,1010,ce,False,-3.188594028147307e-06,8.792522160849035e-07,0.0006838158587925136,0.0008957616066620328,-0.0010718768902650707,0.002439508607850098,0.7633904531147365,False,False,128 calibration sequences; not held-out documents,65408,1781,0.022459292532285232,same frozen seed0 calibration sequences as finite effect,all FourOverSix; causal-per-token activation,"BF16 forward, FP32 log_softmax, FP64 paired sequence summaries",research_runs/mixfp4_n16k64_full_validation_20260911T065444Z/runs/V43_fidelity_llama8b_attempt1/fidelity/fidelity_report.json,bc9be3a83c1777a9b43827b2f3bb2c81eb8d0b6cb757d80f8448bb406ab32527
llama8b,16,selected,model.layers.18.mlp.down_proj,1010,kl,False,-2.794449616094763e-06,8.732258149598614e-07,0.00041766662198182533,0.0005689625191775527,-0.000697499915606178,0.0015328331595698286,0.7340845976736239,False,False,128 calibration sequences; not held-out documents,65408,1781,0.022459292532285232,same frozen seed0 calibration sequences as finite effect,all FourOverSix; causal-per-token activation,"BF16 forward, FP32 log_softmax, FP64 paired sequence summaries",research_runs/mixfp4_n16k64_full_validation_20260911T065444Z/runs/V43_fidelity_llama8b_attempt1/fidelity/fidelity_report.json,bc9be3a83c1777a9b43827b2f3bb2c81eb8d0b6cb757d80f8448bb406ab32527
llama8b,16,selected,model.layers.19.mlp.gate_proj,44983,ce,False,-2.0307824273313457e-06,6.078465084127901e-07,0.0006403001607395709,0.000883916589146162,-0.0010921763539869067,0.0023727766754660486,0.7243897994471202,False,False,128 calibration sequences; not held-out documents,65408,1781,0.022459292532285232,same frozen seed0 calibration sequences as finite effect,all FourOverSix; causal-per-token activation,"BF16 forward, FP32 log_softmax, FP64 paired sequence summaries",research_runs/mixfp4_n16k64_full_validation_20260911T065444Z/runs/V43_fidelity_llama8b_attempt1/fidelity/fidelity_report.json,bc9be3a83c1777a9b43827b2f3bb2c81eb8d0b6cb757d80f8448bb406ab32527
llama8b,16,selected,model.layers.19.mlp.gate_proj,44983,kl,False,-1.2386707959333165e-06,3.880855790988589e-07,0.0001310281439560278,0.0005281505777155102,-0.0009041469883663721,0.0011662032762784279,0.24808861238547483,False,False,128 calibration sequences; not held-out documents,65408,1781,0.022459292532285232,same frozen seed0 calibration sequences as finite effect,all FourOverSix; causal-per-token activation,"BF16 forward, FP32 log_softmax, FP64 paired sequence summaries",research_runs/mixfp4_n16k64_full_validation_20260911T065444Z/runs/V43_fidelity_llama8b_attempt1/fidelity/fidelity_report.json,bc9be3a83c1777a9b43827b2f3bb2c81eb8d0b6cb757d80f8448bb406ab32527
llama8b,16,selected,model.layers.14.self_attn.o_proj,12776,ce,False,-3.824225241144674e-06,1.1939901721201792e-06,0.0011887236032634974,0.0012174384155293199,-0.0011974556911739697,0.0035749028977009644,0.9764137455336187,False,False,128 calibration sequences; not held-out documents,65408,1781,0.022459292532285232,same frozen seed0 calibration sequences as finite effect,all FourOverSix; causal-per-token activation,"BF16 forward, FP32 log_softmax, FP64 paired sequence summaries",research_runs/mixfp4_n16k64_full_validation_20260911T065444Z/runs/V43_fidelity_llama8b_attempt1/fidelity/fidelity_report.json,bc9be3a83c1777a9b43827b2f3bb2c81eb8d0b6cb757d80f8448bb406ab32527
llama8b,16,selected,model.layers.14.self_attn.o_proj,12776,kl,False,-3.068143767825937e-06,8.061151773239934e-07,0.0005092529749691997,0.0008053884401821963,-0.001069308367787905,0.002087814317726305,0.6323072812592091,False,False,128 calibration sequences; not held-out documents,65408,1781,0.022459292532285232,same frozen seed0 calibration sequences as finite effect,all FourOverSix; causal-per-token activation,"BF16 forward, FP32 log_softmax, FP64 paired sequence summaries",research_runs/mixfp4_n16k64_full_validation_20260911T065444Z/runs/V43_fidelity_llama8b_attempt1/fidelity/fidelity_report.json,bc9be3a83c1777a9b43827b2f3bb2c81eb8d0b6cb757d80f8448bb406ab32527
llama8b,16,selected,model.layers.30.mlp.up_proj,13333,ce,False,-1.2555052107510178e-05,2.1864384807753246e-06,-0.00031486956868320704,0.0002987450545765779,-0.0009004098756532997,0.0002706707382868856,-1.0539741624492596,True,False,128 calibration sequences; not held-out documents,65408,1781,0.022459292532285232,same frozen seed0 calibration sequences as finite effect,all FourOverSix; causal-per-token activation,"BF16 forward, FP32 log_softmax, FP64 paired sequence summaries",research_runs/mixfp4_n16k64_full_validation_20260911T065444Z/runs/V43_fidelity_llama8b_attempt1/fidelity/fidelity_report.json,bc9be3a83c1777a9b43827b2f3bb2c81eb8d0b6cb757d80f8448bb406ab32527
llama8b,16,selected,model.layers.30.mlp.up_proj,13333,kl,False,-1.0263111944519565e-05,1.035171088534196e-06,-8.891025395159199e-05,7.664390986727758e-05,-0.00023913231729145605,6.131180938827206e-05,-1.160043297706964,True,False,128 calibration sequences; not held-out documents,65408,1781,0.022459292532285232,same frozen seed0 calibration sequences as finite effect,all FourOverSix; causal-per-token activation,"BF16 forward, FP32 log_softmax, FP64 paired sequence summaries",research_runs/mixfp4_n16k64_full_validation_20260911T065444Z/runs/V43_fidelity_llama8b_attempt1/fidelity/fidelity_report.json,bc9be3a83c1777a9b43827b2f3bb2c81eb8d0b6cb757d80f8448bb406ab32527
llama8b,16,selected,model.layers.15.mlp.gate_proj,15598,ce,False,-2.9092777391603875e-06,8.681429804873006e-07,0.0019314195960760117,0.0010878669283132367,-0.00020079958341793222,0.004063638775569955,1.7754189835246883,False,False,128 calibration sequences; not held-out documents,65408,1781,0.022459292532285232,same frozen seed0 calibration sequences as finite effect,all FourOverSix; causal-per-token activation,"BF16 forward, FP32 log_softmax, FP64 paired sequence summaries",research_runs/mixfp4_n16k64_full_validation_20260911T065444Z/runs/V43_fidelity_llama8b_attempt1/fidelity/fidelity_report.json,bc9be3a83c1777a9b43827b2f3bb2c81eb8d0b6cb757d80f8448bb406ab32527
llama8b,16,selected,model.layers.15.mlp.gate_proj,15598,kl,False,-2.2614055662506516e-06,7.249153826673293e-07,0.0012876236374671243,0.0008035239012946505,-0.0002872832090703905,0.002862530484004639,1.6024708604093603,False,False,128 calibration sequences; not held-out documents,65408,1781,0.022459292532285232,same frozen seed0 calibration sequences as finite effect,all FourOverSix; causal-per-token activation,"BF16 forward, FP32 log_softmax, FP64 paired sequence summaries",research_runs/mixfp4_n16k64_full_validation_20260911T065444Z/runs/V43_fidelity_llama8b_attempt1/fidelity/fidelity_report.json,bc9be3a83c1777a9b43827b2f3bb2c81eb8d0b6cb757d80f8448bb406ab32527
llama8b,16,selected,model.layers.11.mlp.up_proj,54054,ce,False,-2.661774263668093e-06,7.495530421567953e-07,0.003630855993833393,0.0015591066451441256,0.0005750069693509067,0.0066867050183158794,2.3288054124724433,False,True,128 calibration sequences; not held-out documents,65408,1781,0.022459292532285232,same frozen seed0 calibration sequences as finite effect,all FourOverSix; causal-per-token activation,"BF16 forward, FP32 log_softmax, FP64 paired sequence summaries",research_runs/mixfp4_n16k64_full_validation_20260911T065444Z/runs/V43_fidelity_llama8b_attempt1/fidelity/fidelity_report.json,bc9be3a83c1777a9b43827b2f3bb2c81eb8d0b6cb757d80f8448bb406ab32527
llama8b,16,selected,model.layers.11.mlp.up_proj,54054,kl,False,-2.262777762496171e-06,6.791838991456081e-07,0.0011141978049780824,0.000952734246159216,-0.0007531613174939808,0.0029815569274501456,1.1694738689931417,False,False,128 calibration sequences; not held-out documents,65408,1781,0.022459292532285232,same frozen seed0 calibration sequences as finite effect,all FourOverSix; causal-per-token activation,"BF16 forward, FP32 log_softmax, FP64 paired sequence summaries",research_runs/mixfp4_n16k64_full_validation_20260911T065444Z/runs/V43_fidelity_llama8b_attempt1/fidelity/fidelity_report.json,bc9be3a83c1777a9b43827b2f3bb2c81eb8d0b6cb757d80f8448bb406ab32527
llama8b,16,selected,model.layers.31.mlp.down_proj,44040,ce,False,-8.491359813511679e-06,1.8716324262179076e-06,-1.4983117580413818e-05,1.6857709758670017e-05,-4.802422870740705e-05,1.8057993546579414e-05,-0.8887991189139981,True,False,128 calibration sequences; not held-out documents,65408,1781,0.022459292532285232,same frozen seed0 calibration sequences as finite effect,all FourOverSix; causal-per-token activation,"BF16 forward, FP32 log_softmax, FP64 paired sequence summaries",research_runs/mixfp4_n16k64_full_validation_20260911T065444Z/runs/V43_fidelity_llama8b_attempt1/fidelity/fidelity_report.json,bc9be3a83c1777a9b43827b2f3bb2c81eb8d0b6cb757d80f8448bb406ab32527
llama8b,16,selected,model.layers.31.mlp.down_proj,44040,kl,False,-1.1577475867219356e-05,7.429106275924929e-07,-1.677260100599609e-05,4.739257995166027e-06,-2.6061546676521502e-05,-7.483655335470678e-06,-3.539077430075319,True,True,128 calibration sequences; not held-out documents,65408,1781,0.022459292532285232,same frozen seed0 calibration sequences as finite effect,all FourOverSix; causal-per-token activation,"BF16 forward, FP32 log_softmax, FP64 paired sequence summaries",research_runs/mixfp4_n16k64_full_validation_20260911T065444Z/runs/V43_fidelity_llama8b_attempt1/fidelity/fidelity_report.json,bc9be3a83c1777a9b43827b2f3bb2c81eb8d0b6cb757d80f8448bb406ab32527
llama8b,16,selected,model.layers.30.mlp.up_proj,13068,ce,False,-2.0325041123703258e-05,1.718967597121583e-06,1.526466803625226e-05,0.0002971565372499568,-0.000567162144973663,0.0005976914810461675,0.05136911399466269,False,False,128 calibration sequences; not held-out documents,65408,1781,0.022459292532285232,same frozen seed0 calibration sequences as finite effect,all FourOverSix; causal-per-token activation,"BF16 forward, FP32 log_softmax, FP64 paired sequence summaries",research_runs/mixfp4_n16k64_full_validation_20260911T065444Z/runs/V43_fidelity_llama8b_attempt1/fidelity/fidelity_report.json,bc9be3a83c1777a9b43827b2f3bb2c81eb8d0b6cb757d80f8448bb406ab32527
llama8b,16,selected,model.layers.30.mlp.up_proj,13068,kl,False,-1.737792357409118e-05,9.289649057294693e-07,5.04117929347948e-05,9.317614094252618e-05,-0.0001322134433125565,0.0002330370291821461,0.5410375706146737,False,False,128 calibration sequences; not held-out documents,65408,1781,0.022459292532285232,same frozen seed0 calibration sequences as finite effect,all FourOverSix; causal-per-token activation,"BF16 forward, FP32 log_softmax, FP64 paired sequence summaries",research_runs/mixfp4_n16k64_full_validation_20260911T065444Z/runs/V43_fidelity_llama8b_attempt1/fidelity/fidelity_report.json,bc9be3a83c1777a9b43827b2f3bb2c81eb8d0b6cb757d80f8448bb406ab32527
llama8b,16,selected,model.layers.25.self_attn.o_proj,977,ce,False,-1.5162956709113828e-06,4.738964232617779e-07,0.0009519096929579973,0.0006382042376724635,-0.0002989706128800312,0.002202789998796026,1.491543986654837,False,False,128 calibration sequences; not held-out documents,65408,1781,0.022459292532285232,same frozen seed0 calibration sequences as finite effect,all FourOverSix; causal-per-token activation,"BF16 forward, FP32 log_softmax, FP64 paired sequence summaries",research_runs/mixfp4_n16k64_full_validation_20260911T065444Z/runs/V43_fidelity_llama8b_attempt1/fidelity/fidelity_report.json,bc9be3a83c1777a9b43827b2f3bb2c81eb8d0b6cb757d80f8448bb406ab32527
llama8b,16,selected,model.layers.25.self_attn.o_proj,977,kl,False,-1.3173056112869563e-06,4.339264587631911e-07,3.132337312020971e-05,0.0003082221870523441,-0.0005727921135023846,0.0006354388597428041,0.10162595178422439,False,False,128 calibration sequences; not held-out documents,65408,1781,0.022459292532285232,same frozen seed0 calibration sequences as finite effect,all FourOverSix; causal-per-token activation,"BF16 forward, FP32 log_softmax, FP64 paired sequence summaries",research_runs/mixfp4_n16k64_full_validation_20260911T065444Z/runs/V43_fidelity_llama8b_attempt1/fidelity/fidelity_report.json,bc9be3a83c1777a9b43827b2f3bb2c81eb8d0b6cb757d80f8448bb406ab32527
llama8b,16,selected,model.layers.31.mlp.down_proj,43368,ce,False,-1.327786370763917e-05,1.4834228197600974e-06,-5.1803828682750463e-05,1.5996578157905483e-05,-8.315712187224521e-05,-2.0450535493255718e-05,-3.2384318803299252,True,True,128 calibration sequences; not held-out documents,65408,1781,0.022459292532285232,same frozen seed0 calibration sequences as finite effect,all FourOverSix; causal-per-token activation,"BF16 forward, FP32 log_softmax, FP64 paired sequence summaries",research_runs/mixfp4_n16k64_full_validation_20260911T065444Z/runs/V43_fidelity_llama8b_attempt1/fidelity/fidelity_report.json,bc9be3a83c1777a9b43827b2f3bb2c81eb8d0b6cb757d80f8448bb406ab32527
llama8b,16,selected,model.layers.31.mlp.down_proj,43368,kl,False,-1.322912923362729e-05,7.515698719944366e-07,-1.4164504903241336e-05,4.425570508855852e-06,-2.2838623100598808e-05,-5.490386705883866e-06,-3.2006054077993444,True,True,128 calibration sequences; not held-out documents,65408,1781,0.022459292532285232,same frozen seed0 calibration sequences as finite effect,all FourOverSix; causal-per-token activation,"BF16 forward, FP32 log_softmax, FP64 paired sequence summaries",research_runs/mixfp4_n16k64_full_validation_20260911T065444Z/runs/V43_fidelity_llama8b_attempt1/fidelity/fidelity_report.json,bc9be3a83c1777a9b43827b2f3bb2c81eb8d0b6cb757d80f8448bb406ab32527
llama8b,16,selected,model.layers.14.self_attn.q_proj,6312,ce,False,-2.0143397840843846e-06,6.203579622861196e-07,0.001960951369255781,0.0011674418391336356,-0.0003272346354461445,0.004249137373957707,1.6796994107312557,False,False,128 calibration sequences; not held-out documents,65408,1781,0.022459292532285232,same frozen seed0 calibration sequences as finite effect,all FourOverSix; causal-per-token activation,"BF16 forward, FP32 log_softmax, FP64 paired sequence summaries",research_runs/mixfp4_n16k64_full_validation_20260911T065444Z/runs/V43_fidelity_llama8b_attempt1/fidelity/fidelity_report.json,bc9be3a83c1777a9b43827b2f3bb2c81eb8d0b6cb757d80f8448bb406ab32527
llama8b,16,selected,model.layers.14.self_attn.q_proj,6312,kl,False,-1.1266838016998904e-06,3.650875355710552e-07,0.00018205137463294855,0.0006077909889159163,-0.0010092189636422473,0.0013733217129081442,0.2995295717655566,False,False,128 calibration sequences; not held-out documents,65408,1781,0.022459292532285232,same frozen seed0 calibration sequences as finite effect,all FourOverSix; causal-per-token activation,"BF16 forward, FP32 log_softmax, FP64 paired sequence summaries",research_runs/mixfp4_n16k64_full_validation_20260911T065444Z/runs/V43_fidelity_llama8b_attempt1/fidelity/fidelity_report.json,bc9be3a83c1777a9b43827b2f3bb2c81eb8d0b6cb757d80f8448bb406ab32527
llama8b,16,selected,model.layers.29.self_attn.q_proj,15736,ce,False,-7.602182178212402e-07,2.0362764834733266e-07,-0.00042261084308847785,0.00044553650478630516,-0.0012958623924696358,0.00045064070629268025,-0.9485436963042495,True,False,128 calibration sequences; not held-out documents,65408,1781,0.022459292532285232,same frozen seed0 calibration sequences as finite effect,all FourOverSix; causal-per-token activation,"BF16 forward, FP32 log_softmax, FP64 paired sequence summaries",research_runs/mixfp4_n16k64_full_validation_20260911T065444Z/runs/V43_fidelity_llama8b_attempt1/fidelity/fidelity_report.json,bc9be3a83c1777a9b43827b2f3bb2c81eb8d0b6cb757d80f8448bb406ab32527
llama8b,16,selected,model.layers.29.self_attn.q_proj,15736,kl,False,-3.4575443537410155e-07,1.0404939848892445e-07,-0.00014008915797922576,0.00016269285329338222,-0.0004589671504342549,0.00017878883447580338,-0.861065222862645,True,False,128 calibration sequences; not held-out documents,65408,1781,0.022459292532285232,same frozen seed0 calibration sequences as finite effect,all FourOverSix; causal-per-token activation,"BF16 forward, FP32 log_softmax, FP64 paired sequence summaries",research_runs/mixfp4_n16k64_full_validation_20260911T065444Z/runs/V43_fidelity_llama8b_attempt1/fidelity/fidelity_report.json,bc9be3a83c1777a9b43827b2f3bb2c81eb8d0b6cb757d80f8448bb406ab32527
llama8b,16,near_threshold,model.layers.28.mlp.gate_proj,44254,ce,False,-8.660287083017693e-07,4.6358302019478123e-07,-0.0006673806346952915,0.00046929360249074086,-0.0015871960955771436,0.0002524348261865605,-1.4220961699738042,True,False,128 calibration sequences; not held-out documents,65408,682646,5.85955238879302e-05,same frozen seed0 calibration sequences as finite effect,all FourOverSix; causal-per-token activation,"BF16 forward, FP32 log_softmax, FP64 paired sequence summaries",research_runs/mixfp4_n16k64_full_validation_20260911T065444Z/runs/V43_fidelity_llama8b_attempt1/fidelity/fidelity_report.json,bc9be3a83c1777a9b43827b2f3bb2c81eb8d0b6cb757d80f8448bb406ab32527
llama8b,16,near_threshold,model.layers.28.mlp.gate_proj,44254,kl,False,-4.5110336124865036e-07,3.3861303418854486e-07,-0.0001415238919774856,0.00022729456823973089,-0.0005870212457273581,0.00030397346177238696,-0.6226452883300682,True,False,128 calibration sequences; not held-out documents,65408,682646,5.85955238879302e-05,same frozen seed0 calibration sequences as finite effect,all FourOverSix; causal-per-token activation,"BF16 forward, FP32 log_softmax, FP64 paired sequence summaries",research_runs/mixfp4_n16k64_full_validation_20260911T065444Z/runs/V43_fidelity_llama8b_attempt1/fidelity/fidelity_report.json,bc9be3a83c1777a9b43827b2f3bb2c81eb8d0b6cb757d80f8448bb406ab32527
llama8b,16,near_threshold,model.layers.20.self_attn.q_proj,9563,ce,False,3.6798602845444783e-08,1.198544297490784e-07,-9.809155017137527e-06,0.0009424734829152641,-0.001857057181531055,0.00183743887149678,-0.010407884354258748,False,False,128 calibration sequences; not held-out documents,65408,682646,5.85955238879302e-05,same frozen seed0 calibration sequences as finite effect,all FourOverSix; causal-per-token activation,"BF16 forward, FP32 log_softmax, FP64 paired sequence summaries",research_runs/mixfp4_n16k64_full_validation_20260911T065444Z/runs/V43_fidelity_llama8b_attempt1/fidelity/fidelity_report.json,bc9be3a83c1777a9b43827b2f3bb2c81eb8d0b6cb757d80f8448bb406ab32527
llama8b,16,near_threshold,model.layers.20.self_attn.q_proj,9563,kl,False,1.3326298392221658e-07,7.96413257081736e-08,-0.0005178238537180912,0.0004352416650234198,-0.001370897517163994,0.00033524980972781163,-1.1897387022683772,False,False,128 calibration sequences; not held-out documents,65408,682646,5.85955238879302e-05,same frozen seed0 calibration sequences as finite effect,all FourOverSix; causal-per-token activation,"BF16 forward, FP32 log_softmax, FP64 paired sequence summaries",research_runs/mixfp4_n16k64_full_validation_20260911T065444Z/runs/V43_fidelity_llama8b_attempt1/fidelity/fidelity_report.json,bc9be3a83c1777a9b43827b2f3bb2c81eb8d0b6cb757d80f8448bb406ab32527
llama8b,16,near_threshold,model.layers.15.mlp.gate_proj,12981,ce,False,-9.121110697840606e-07,4.545666255125299e-07,0.001408926967997104,0.000995405376172468,-0.0005420675693009332,0.003359921505295141,1.4154303379540796,False,False,128 calibration sequences; not held-out documents,65408,682646,5.85955238879302e-05,same frozen seed0 calibration sequences as finite effect,all FourOverSix; causal-per-token activation,"BF16 forward, FP32 log_softmax, FP64 paired sequence summaries",research_runs/mixfp4_n16k64_full_validation_20260911T065444Z/runs/V43_fidelity_llama8b_attempt1/fidelity/fidelity_report.json,bc9be3a83c1777a9b43827b2f3bb2c81eb8d0b6cb757d80f8448bb406ab32527
llama8b,16,near_threshold,model.layers.15.mlp.gate_proj,12981,kl,False,-3.239592908932387e-07,3.2314079140428134e-07,0.0005932897403744733,0.0006405740992038711,-0.000662235494065114,0.0018488149748140605,0.9261844041334726,False,False,128 calibration sequences; not held-out documents,65408,682646,5.85955238879302e-05,same frozen seed0 calibration sequences as finite effect,all FourOverSix; causal-per-token activation,"BF16 forward, FP32 log_softmax, FP64 paired sequence summaries",research_runs/mixfp4_n16k64_full_validation_20260911T065444Z/runs/V43_fidelity_llama8b_attempt1/fidelity/fidelity_report.json,bc9be3a83c1777a9b43827b2f3bb2c81eb8d0b6cb757d80f8448bb406ab32527
llama8b,16,near_threshold,model.layers.25.mlp.up_proj,14092,ce,False,-1.4893203137411604e-06,5.490218990043769e-07,-4.249496851116419e-05,0.0006292133380174957,-0.0012757531110254557,0.0011907631740031273,-0.06753666196119731,True,False,128 calibration sequences; not held-out documents,65408,682646,5.85955238879302e-05,same frozen seed0 calibration sequences as finite effect,all FourOverSix; causal-per-token activation,"BF16 forward, FP32 log_softmax, FP64 paired sequence summaries",research_runs/mixfp4_n16k64_full_validation_20260911T065444Z/runs/V43_fidelity_llama8b_attempt1/fidelity/fidelity_report.json,bc9be3a83c1777a9b43827b2f3bb2c81eb8d0b6cb757d80f8448bb406ab32527
llama8b,16,near_threshold,model.layers.25.mlp.up_proj,14092,kl,False,-8.34123371568074e-07,3.667803454651171e-07,-0.00027984171622325043,0.000286130951967253,-0.0008406583820790663,0.0002809749496325655,-0.9780197294254193,True,False,128 calibration sequences; not held-out documents,65408,682646,5.85955238879302e-05,same frozen seed0 calibration sequences as finite effect,all FourOverSix; causal-per-token activation,"BF16 forward, FP32 log_softmax, FP64 paired sequence summaries",research_runs/mixfp4_n16k64_full_validation_20260911T065444Z/runs/V43_fidelity_llama8b_attempt1/fidelity/fidelity_report.json,bc9be3a83c1777a9b43827b2f3bb2c81eb8d0b6cb757d80f8448bb406ab32527
llama8b,16,near_threshold,model.layers.27.self_attn.o_proj,13028,ce,False,-1.4558197442005039e-07,3.011265456771246e-07,0.00012382911518216133,0.0005708468612320717,-0.0009950307328326993,0.001242688963197022,0.21692177638482263,False,False,128 calibration sequences; not held-out documents,65408,682646,5.85955238879302e-05,same frozen seed0 calibration sequences as finite effect,all FourOverSix; causal-per-token activation,"BF16 forward, FP32 log_softmax, FP64 paired sequence summaries",research_runs/mixfp4_n16k64_full_validation_20260911T065444Z/runs/V43_fidelity_llama8b_attempt1/fidelity/fidelity_report.json,bc9be3a83c1777a9b43827b2f3bb2c81eb8d0b6cb757d80f8448bb406ab32527
llama8b,16,near_threshold,model.layers.27.self_attn.o_proj,13028,kl,False,1.873778548988625e-08,1.8264793933631414e-07,-9.307368013864042e-05,0.00022751499642269273,-0.0005390030731271182,0.00035285571284983733,-0.40908811112267013,False,False,128 calibration sequences; not held-out documents,65408,682646,5.85955238879302e-05,same frozen seed0 calibration sequences as finite effect,all FourOverSix; causal-per-token activation,"BF16 forward, FP32 log_softmax, FP64 paired sequence summaries",research_runs/mixfp4_n16k64_full_validation_20260911T065444Z/runs/V43_fidelity_llama8b_attempt1/fidelity/fidelity_report.json,bc9be3a83c1777a9b43827b2f3bb2c81eb8d0b6cb757d80f8448bb406ab32527
llama8b,16,near_threshold,model.layers.28.mlp.up_proj,14180,ce,False,-6.690891062310911e-07,4.874000609429113e-07,-0.000689587090164423,0.0005100359225086684,-0.0016892574982814129,0.0003100833179525669,-1.35203631691786,True,False,128 calibration sequences; not held-out documents,65408,682646,5.85955238879302e-05,same frozen seed0 calibration sequences as finite effect,all FourOverSix; causal-per-token activation,"BF16 forward, FP32 log_softmax, FP64 paired sequence summaries",research_runs/mixfp4_n16k64_full_validation_20260911T065444Z/runs/V43_fidelity_llama8b_attempt1/fidelity/fidelity_report.json,bc9be3a83c1777a9b43827b2f3bb2c81eb8d0b6cb757d80f8448bb406ab32527
llama8b,16,near_threshold,model.layers.28.mlp.up_proj,14180,kl,False,-1.6315862488847088e-07,3.1318695098363285e-07,-0.00014050071584127086,0.00017116280332030927,-0.00047597981034907703,0.0001949783786665353,-0.8208600999502313,True,False,128 calibration sequences; not held-out documents,65408,682646,5.85955238879302e-05,same frozen seed0 calibration sequences as finite effect,all FourOverSix; causal-per-token activation,"BF16 forward, FP32 log_softmax, FP64 paired sequence summaries",research_runs/mixfp4_n16k64_full_validation_20260911T065444Z/runs/V43_fidelity_llama8b_attempt1/fidelity/fidelity_report.json,bc9be3a83c1777a9b43827b2f3bb2c81eb8d0b6cb757d80f8448bb406ab32527
llama8b,16,near_threshold,model.layers.12.self_attn.q_proj,8577,ce,False,-6.876818952061825e-07,5.383622974359154e-07,0.002867439470719546,0.001094735520625552,0.0007217578502934645,0.005013121091145628,2.6192988321791537,False,True,128 calibration sequences; not held-out documents,65408,682646,5.85955238879302e-05,same frozen seed0 calibration sequences as finite effect,all FourOverSix; causal-per-token activation,"BF16 forward, FP32 log_softmax, FP64 paired sequence summaries",research_runs/mixfp4_n16k64_full_validation_20260911T065444Z/runs/V43_fidelity_llama8b_attempt1/fidelity/fidelity_report.json,bc9be3a83c1777a9b43827b2f3bb2c81eb8d0b6cb757d80f8448bb406ab32527
llama8b,16,near_threshold,model.layers.12.self_attn.q_proj,8577,kl,False,-4.409613973965776e-08,3.133913636180247e-07,0.0008159232495624341,0.0006508599573614837,-0.0004597622668660739,0.002091608765990942,1.2536080002065255,False,False,128 calibration sequences; not held-out documents,65408,682646,5.85955238879302e-05,same frozen seed0 calibration sequences as finite effect,all FourOverSix; causal-per-token activation,"BF16 forward, FP32 log_softmax, FP64 paired sequence summaries",research_runs/mixfp4_n16k64_full_validation_20260911T065444Z/runs/V43_fidelity_llama8b_attempt1/fidelity/fidelity_report.json,bc9be3a83c1777a9b43827b2f3bb2c81eb8d0b6cb757d80f8448bb406ab32527
llama8b,16,near_threshold,model.layers.30.mlp.gate_proj,6651,ce,False,-1.096033360181714e-07,3.588950102431843e-07,4.22949087806046e-05,0.000306788797469334,-0.0005590111342592901,0.0006436009518204993,0.13786327639565235,False,False,128 calibration sequences; not held-out documents,65408,682646,5.85955238879302e-05,same frozen seed0 calibration sequences as finite effect,all FourOverSix; causal-per-token activation,"BF16 forward, FP32 log_softmax, FP64 paired sequence summaries",research_runs/mixfp4_n16k64_full_validation_20260911T065444Z/runs/V43_fidelity_llama8b_attempt1/fidelity/fidelity_report.json,bc9be3a83c1777a9b43827b2f3bb2c81eb8d0b6cb757d80f8448bb406ab32527
llama8b,16,near_threshold,model.layers.30.mlp.gate_proj,6651,kl,False,7.75309561273918e-08,1.9605056529324362e-07,1.511129936774385e-05,8.278676798231678e-05,-0.00014715076587759705,0.00017737336461308472,0.1825327855650992,True,False,128 calibration sequences; not held-out documents,65408,682646,5.85955238879302e-05,same frozen seed0 calibration sequences as finite effect,all FourOverSix; causal-per-token activation,"BF16 forward, FP32 log_softmax, FP64 paired sequence summaries",research_runs/mixfp4_n16k64_full_validation_20260911T065444Z/runs/V43_fidelity_llama8b_attempt1/fidelity/fidelity_report.json,bc9be3a83c1777a9b43827b2f3bb2c81eb8d0b6cb757d80f8448bb406ab32527
llama8b,16,near_threshold,model.layers.13.mlp.down_proj,6611,ce,False,-1.1650386566586235e-06,7.318478606894303e-07,0.00248142599593848,0.0011277360604018774,0.00027106331755080053,0.00469178867432616,2.200360601268886,False,True,128 calibration sequences; not held-out documents,65408,682646,5.85955238879302e-05,same frozen seed0 calibration sequences as finite effect,all FourOverSix; causal-per-token activation,"BF16 forward, FP32 log_softmax, FP64 paired sequence summaries",research_runs/mixfp4_n16k64_full_validation_20260911T065444Z/runs/V43_fidelity_llama8b_attempt1/fidelity/fidelity_report.json,bc9be3a83c1777a9b43827b2f3bb2c81eb8d0b6cb757d80f8448bb406ab32527
llama8b,16,near_threshold,model.layers.13.mlp.down_proj,6611,kl,False,-5.614735841819041e-07,5.154225054796412e-07,0.0005503123698512152,0.0008204880979853431,-0.0010578443022000571,0.0021584690419024877,0.6707134097404612,False,False,128 calibration sequences; not held-out documents,65408,682646,5.85955238879302e-05,same frozen seed0 calibration sequences as finite effect,all FourOverSix; causal-per-token activation,"BF16 forward, FP32 log_softmax, FP64 paired sequence summaries",research_runs/mixfp4_n16k64_full_validation_20260911T065444Z/runs/V43_fidelity_llama8b_attempt1/fidelity/fidelity_report.json,bc9be3a83c1777a9b43827b2f3bb2c81eb8d0b6cb757d80f8448bb406ab32527
llama8b,16,near_threshold,model.layers.27.self_attn.v_proj,1854,ce,False,-1.4243702382010781e-06,6.059433479397272e-07,-0.000715932750608772,0.0006234235519444208,-0.001937842912419837,0.0005059774112022928,-1.1483890019487082,True,False,128 calibration sequences; not held-out documents,65408,682646,5.85955238879302e-05,same frozen seed0 calibration sequences as finite effect,all FourOverSix; causal-per-token activation,"BF16 forward, FP32 log_softmax, FP64 paired sequence summaries",research_runs/mixfp4_n16k64_full_validation_20260911T065444Z/runs/V43_fidelity_llama8b_attempt1/fidelity/fidelity_report.json,bc9be3a83c1777a9b43827b2f3bb2c81eb8d0b6cb757d80f8448bb406ab32527
llama8b,16,near_threshold,model.layers.27.self_attn.v_proj,1854,kl,False,-8.266260332900899e-07,4.0077714987695836e-07,-0.00017877097947921196,0.00028431013649295845,-0.0007360188470054104,0.0003784768880469866,-0.6287886238753208,True,False,128 calibration sequences; not held-out documents,65408,682646,5.85955238879302e-05,same frozen seed0 calibration sequences as finite effect,all FourOverSix; causal-per-token activation,"BF16 forward, FP32 log_softmax, FP64 paired sequence summaries",research_runs/mixfp4_n16k64_full_validation_20260911T065444Z/runs/V43_fidelity_llama8b_attempt1/fidelity/fidelity_report.json,bc9be3a83c1777a9b43827b2f3bb2c81eb8d0b6cb757d80f8448bb406ab32527
llama8b,16,near_threshold,model.layers.18.self_attn.q_proj,9740,ce,False,6.510371036716478e-08,6.131519613210162e-08,0.0003145379014313221,0.0008204399109694855,-0.0012935243240688693,0.0019226001269315135,0.3833771336887348,True,False,128 calibration sequences; not held-out documents,65408,682646,5.85955238879302e-05,same frozen seed0 calibration sequences as finite effect,all FourOverSix; causal-per-token activation,"BF16 forward, FP32 log_softmax, FP64 paired sequence summaries",research_runs/mixfp4_n16k64_full_validation_20260911T065444Z/runs/V43_fidelity_llama8b_attempt1/fidelity/fidelity_report.json,bc9be3a83c1777a9b43827b2f3bb2c81eb8d0b6cb757d80f8448bb406ab32527
llama8b,16,near_threshold,model.layers.18.self_attn.q_proj,9740,kl,False,3.6163328259036787e-08,3.303952242852459e-08,-0.00026848039611772714,0.0005838944098187337,-0.001412913439362445,0.0008759526471269908,-0.4598098416476965,False,False,128 calibration sequences; not held-out documents,65408,682646,5.85955238879302e-05,same frozen seed0 calibration sequences as finite effect,all FourOverSix; causal-per-token activation,"BF16 forward, FP32 log_softmax, FP64 paired sequence summaries",research_runs/mixfp4_n16k64_full_validation_20260911T065444Z/runs/V43_fidelity_llama8b_attempt1/fidelity/fidelity_report.json,bc9be3a83c1777a9b43827b2f3bb2c81eb8d0b6cb757d80f8448bb406ab32527
llama8b,16,near_threshold,model.layers.24.mlp.down_proj,19313,ce,False,-1.4087572851595453e-06,6.930339440352593e-07,0.0005078873946331441,0.0008239882280494311,-0.0011071295323437408,0.002122904321610029,0.6163770031465498,False,False,128 calibration sequences; not held-out documents,65408,682646,5.85955238879302e-05,same frozen seed0 calibration sequences as finite effect,all FourOverSix; causal-per-token activation,"BF16 forward, FP32 log_softmax, FP64 paired sequence summaries",research_runs/mixfp4_n16k64_full_validation_20260911T065444Z/runs/V43_fidelity_llama8b_attempt1/fidelity/fidelity_report.json,bc9be3a83c1777a9b43827b2f3bb2c81eb8d0b6cb757d80f8448bb406ab32527
llama8b,16,near_threshold,model.layers.24.mlp.down_proj,19313,kl,False,-7.310038934726926e-07,4.1958364356841383e-07,0.00028144060371937873,0.0004724205249031667,-0.000644503625090828,0.0012073848325295853,0.5957416938585942,False,False,128 calibration sequences; not held-out documents,65408,682646,5.85955238879302e-05,same frozen seed0 calibration sequences as finite effect,all FourOverSix; causal-per-token activation,"BF16 forward, FP32 log_softmax, FP64 paired sequence summaries",research_runs/mixfp4_n16k64_full_validation_20260911T065444Z/runs/V43_fidelity_llama8b_attempt1/fidelity/fidelity_report.json,bc9be3a83c1777a9b43827b2f3bb2c81eb8d0b6cb757d80f8448bb406ab32527
llama8b,16,near_threshold,model.layers.26.self_attn.o_proj,1893,ce,False,-2.6244538448016996e-07,3.994628746492128e-07,0.0007659015827812254,0.0005860791355546104,-0.00038281352290581096,0.0019146166884682618,1.3068228099545771,False,False,128 calibration sequences; not held-out documents,65408,682646,5.85955238879302e-05,same frozen seed0 calibration sequences as finite effect,all FourOverSix; causal-per-token activation,"BF16 forward, FP32 log_softmax, FP64 paired sequence summaries",research_runs/mixfp4_n16k64_full_validation_20260911T065444Z/runs/V43_fidelity_llama8b_attempt1/fidelity/fidelity_report.json,bc9be3a83c1777a9b43827b2f3bb2c81eb8d0b6cb757d80f8448bb406ab32527
llama8b,16,near_threshold,model.layers.26.self_attn.o_proj,1893,kl,False,-2.5557349027371945e-07,3.4601308787196127e-07,0.0001249742199386872,0.00024929477862602986,-0.00036364354616833135,0.0006135919860457057,0.5013110207420852,False,False,128 calibration sequences; not held-out documents,65408,682646,5.85955238879302e-05,same frozen seed0 calibration sequences as finite effect,all FourOverSix; causal-per-token activation,"BF16 forward, FP32 log_softmax, FP64 paired sequence summaries",research_runs/mixfp4_n16k64_full_validation_20260911T065444Z/runs/V43_fidelity_llama8b_attempt1/fidelity/fidelity_report.json,bc9be3a83c1777a9b43827b2f3bb2c81eb8d0b6cb757d80f8448bb406ab32527
llama8b,16,near_threshold,model.layers.28.mlp.gate_proj,913,ce,False,-8.49384112600049e-07,4.513699710477172e-07,-7.66574521549046e-05,0.00045868292369192283,-0.0009756759825910734,0.0008223610782812641,-0.16712514941234666,True,False,128 calibration sequences; not held-out documents,65408,682646,5.85955238879302e-05,same frozen seed0 calibration sequences as finite effect,all FourOverSix; causal-per-token activation,"BF16 forward, FP32 log_softmax, FP64 paired sequence summaries",research_runs/mixfp4_n16k64_full_validation_20260911T065444Z/runs/V43_fidelity_llama8b_attempt1/fidelity/fidelity_report.json,bc9be3a83c1777a9b43827b2f3bb2c81eb8d0b6cb757d80f8448bb406ab32527
llama8b,16,near_threshold,model.layers.28.mlp.gate_proj,913,kl,False,-4.982239400416755e-07,3.1894179361597466e-07,-0.00015857636790042476,0.00016877918996604477,-0.0004893835802338725,0.00017223084443302296,-0.9395492888212544,True,False,128 calibration sequences; not held-out documents,65408,682646,5.85955238879302e-05,same frozen seed0 calibration sequences as finite effect,all FourOverSix; causal-per-token activation,"BF16 forward, FP32 log_softmax, FP64 paired sequence summaries",research_runs/mixfp4_n16k64_full_validation_20260911T065444Z/runs/V43_fidelity_llama8b_attempt1/fidelity/fidelity_report.json,bc9be3a83c1777a9b43827b2f3bb2c81eb8d0b6cb757d80f8448bb406ab32527
llama8b,16,near_threshold,model.layers.18.mlp.up_proj,55999,ce,False,-6.550350337697353e-07,5.183980681434175e-07,0.0010013417340815067,0.000862625261208561,-0.0006894037778872727,0.002692087246050286,1.1608073390739801,False,False,128 calibration sequences; not held-out documents,65408,682646,5.85955238879302e-05,same frozen seed0 calibration sequences as finite effect,all FourOverSix; causal-per-token activation,"BF16 forward, FP32 log_softmax, FP64 paired sequence summaries",research_runs/mixfp4_n16k64_full_validation_20260911T065444Z/runs/V43_fidelity_llama8b_attempt1/fidelity/fidelity_report.json,bc9be3a83c1777a9b43827b2f3bb2c81eb8d0b6cb757d80f8448bb406ab32527
llama8b,16,near_threshold,model.layers.18.mlp.up_proj,55999,kl,False,-8.561721330235805e-07,4.5604119857911463e-07,-0.0003455752372143393,0.0006195343440228117,-0.0015598625514990504,0.0008687120770703717,-0.5577983537933048,True,False,128 calibration sequences; not held-out documents,65408,682646,5.85955238879302e-05,same frozen seed0 calibration sequences as finite effect,all FourOverSix; causal-per-token activation,"BF16 forward, FP32 log_softmax, FP64 paired sequence summaries",research_runs/mixfp4_n16k64_full_validation_20260911T065444Z/runs/V43_fidelity_llama8b_attempt1/fidelity/fidelity_report.json,bc9be3a83c1777a9b43827b2f3bb2c81eb8d0b6cb757d80f8448bb406ab32527
llama8b,16,near_threshold,model.layers.9.self_attn.q_proj,7952,ce,False,2.3468169685347817e-08,3.2516846959923144e-07,0.0031199820223264396,0.0017408737487160377,-0.0002921305251569941,0.006532094569809873,1.7921931585375148,True,False,128 calibration sequences; not held-out documents,65408,682646,5.85955238879302e-05,same frozen seed0 calibration sequences as finite effect,all FourOverSix; causal-per-token activation,"BF16 forward, FP32 log_softmax, FP64 paired sequence summaries",research_runs/mixfp4_n16k64_full_validation_20260911T065444Z/runs/V43_fidelity_llama8b_attempt1/fidelity/fidelity_report.json,bc9be3a83c1777a9b43827b2f3bb2c81eb8d0b6cb757d80f8448bb406ab32527
llama8b,16,near_threshold,model.layers.9.self_attn.q_proj,7952,kl,False,-1.1404762721711759e-07,1.5244889396854906e-07,0.001310687820707353,0.001029033372727885,-0.0007062175898393016,0.0033275932312540075,1.273707787758938,False,False,128 calibration sequences; not held-out documents,65408,682646,5.85955238879302e-05,same frozen seed0 calibration sequences as finite effect,all FourOverSix; causal-per-token activation,"BF16 forward, FP32 log_softmax, FP64 paired sequence summaries",research_runs/mixfp4_n16k64_full_validation_20260911T065444Z/runs/V43_fidelity_llama8b_attempt1/fidelity/fidelity_report.json,bc9be3a83c1777a9b43827b2f3bb2c81eb8d0b6cb757d80f8448bb406ab32527
llama8b,16,near_threshold,model.layers.30.mlp.down_proj,12311,ce,False,-5.959921598464035e-07,4.514471295881354e-07,-0.00016514305025339127,0.0002341697647721021,-0.0006241157892067113,0.0002938296886999288,-0.7052278948740937,True,False,128 calibration sequences; not held-out documents,65408,682646,5.85955238879302e-05,same frozen seed0 calibration sequences as finite effect,all FourOverSix; causal-per-token activation,"BF16 forward, FP32 log_softmax, FP64 paired sequence summaries",research_runs/mixfp4_n16k64_full_validation_20260911T065444Z/runs/V43_fidelity_llama8b_attempt1/fidelity/fidelity_report.json,bc9be3a83c1777a9b43827b2f3bb2c81eb8d0b6cb757d80f8448bb406ab32527
llama8b,16,near_threshold,model.layers.30.mlp.down_proj,12311,kl,False,-2.1756515566906387e-07,1.7675844308926424e-07,-1.4323197797676409e-05,6.32166112672561e-05,-0.00013822775588149836,0.00010958136028614554,-0.22657332480419276,True,False,128 calibration sequences; not held-out documents,65408,682646,5.85955238879302e-05,same frozen seed0 calibration sequences as finite effect,all FourOverSix; causal-per-token activation,"BF16 forward, FP32 log_softmax, FP64 paired sequence summaries",research_runs/mixfp4_n16k64_full_validation_20260911T065444Z/runs/V43_fidelity_llama8b_attempt1/fidelity/fidelity_report.json,bc9be3a83c1777a9b43827b2f3bb2c81eb8d0b6cb757d80f8448bb406ab32527
llama8b,16,near_threshold,model.layers.25.self_attn.o_proj,13444,ce,False,2.5277144932722706e-08,2.931768879485752e-07,0.00111617601942271,0.0006342415000625797,-0.00012693732069994613,0.0023592893595453662,1.7598596422854362,True,False,128 calibration sequences; not held-out documents,65408,682646,5.85955238879302e-05,same frozen seed0 calibration sequences as finite effect,all FourOverSix; causal-per-token activation,"BF16 forward, FP32 log_softmax, FP64 paired sequence summaries",research_runs/mixfp4_n16k64_full_validation_20260911T065444Z/runs/V43_fidelity_llama8b_attempt1/fidelity/fidelity_report.json,bc9be3a83c1777a9b43827b2f3bb2c81eb8d0b6cb757d80f8448bb406ab32527
llama8b,16,near_threshold,model.layers.25.self_attn.o_proj,13444,kl,False,9.6383691999824e-09,1.3445642047129883e-07,0.00024665266275810684,0.00032586951062387994,-0.0003920515780646978,0.0008853569035809115,0.7569062299995118,True,False,128 calibration sequences; not held-out documents,65408,682646,5.85955238879302e-05,same frozen seed0 calibration sequences as finite effect,all FourOverSix; causal-per-token activation,"BF16 forward, FP32 log_softmax, FP64 paired sequence summaries",research_runs/mixfp4_n16k64_full_validation_20260911T065444Z/runs/V43_fidelity_llama8b_attempt1/fidelity/fidelity_report.json,bc9be3a83c1777a9b43827b2f3bb2c81eb8d0b6cb757d80f8448bb406ab32527
llama8b,16,near_threshold,model.layers.2.mlp.gate_proj,19403,ce,False,-1.4357563371536486e-06,7.980289451055453e-07,0.0015553883276879787,0.001610503944453688,-0.0016011994034412498,0.004711976058817208,0.9657774096390646,False,False,128 calibration sequences; not held-out documents,65408,682646,5.85955238879302e-05,same frozen seed0 calibration sequences as finite effect,all FourOverSix; causal-per-token activation,"BF16 forward, FP32 log_softmax, FP64 paired sequence summaries",research_runs/mixfp4_n16k64_full_validation_20260911T065444Z/runs/V43_fidelity_llama8b_attempt1/fidelity/fidelity_report.json,bc9be3a83c1777a9b43827b2f3bb2c81eb8d0b6cb757d80f8448bb406ab32527
llama8b,16,near_threshold,model.layers.2.mlp.gate_proj,19403,kl,False,-1.2585596143033229e-06,6.074763151069445e-07,-0.0009416712805244685,0.0008567351494643711,-0.0026208721734746355,0.0007375296124256987,-1.0991393094040782,True,False,128 calibration sequences; not held-out documents,65408,682646,5.85955238879302e-05,same frozen seed0 calibration sequences as finite effect,all FourOverSix; causal-per-token activation,"BF16 forward, FP32 log_softmax, FP64 paired sequence summaries",research_runs/mixfp4_n16k64_full_validation_20260911T065444Z/runs/V43_fidelity_llama8b_attempt1/fidelity/fidelity_report.json,bc9be3a83c1777a9b43827b2f3bb2c81eb8d0b6cb757d80f8448bb406ab32527
llama8b,16,near_threshold,model.layers.9.self_attn.q_proj,1317,ce,False,-4.3189010368038794e-08,1.7031853366371115e-07,0.002980973687954247,0.001441522811682403,0.0001555889770567375,0.0058063583988517565,2.067933759907101,False,True,128 calibration sequences; not held-out documents,65408,682646,5.85955238879302e-05,same frozen seed0 calibration sequences as finite effect,all FourOverSix; causal-per-token activation,"BF16 forward, FP32 log_softmax, FP64 paired sequence summaries",research_runs/mixfp4_n16k64_full_validation_20260911T065444Z/runs/V43_fidelity_llama8b_attempt1/fidelity/fidelity_report.json,bc9be3a83c1777a9b43827b2f3bb2c81eb8d0b6cb757d80f8448bb406ab32527
llama8b,16,near_threshold,model.layers.9.self_attn.q_proj,1317,kl,False,6.52505530163161e-08,1.540006424037312e-07,0.0008059223245083642,0.0008297356692781266,-0.0008203595872767639,0.0024322042362934925,0.9713000830849178,True,False,128 calibration sequences; not held-out documents,65408,682646,5.85955238879302e-05,same frozen seed0 calibration sequences as finite effect,all FourOverSix; causal-per-token activation,"BF16 forward, FP32 log_softmax, FP64 paired sequence summaries",research_runs/mixfp4_n16k64_full_validation_20260911T065444Z/runs/V43_fidelity_llama8b_attempt1/fidelity/fidelity_report.json,bc9be3a83c1777a9b43827b2f3bb2c81eb8d0b6cb757d80f8448bb406ab32527
llama8b,16,near_threshold,model.layers.29.self_attn.q_proj,15194,ce,False,5.890575127676101e-08,2.4120560528592536e-07,0.0004425999941304326,0.0004354053170782113,-0.00041079442734286153,0.0012959944156037267,1.016524090933251,True,False,128 calibration sequences; not held-out documents,65408,682646,5.85955238879302e-05,same frozen seed0 calibration sequences as finite effect,all FourOverSix; causal-per-token activation,"BF16 forward, FP32 log_softmax, FP64 paired sequence summaries",research_runs/mixfp4_n16k64_full_validation_20260911T065444Z/runs/V43_fidelity_llama8b_attempt1/fidelity/fidelity_report.json,bc9be3a83c1777a9b43827b2f3bb2c81eb8d0b6cb757d80f8448bb406ab32527
llama8b,16,near_threshold,model.layers.29.self_attn.q_proj,15194,kl,False,1.0665823891448101e-07,1.7023339105788277e-07,-7.16097025477742e-05,0.00015495180505625141,-0.00037531524045802695,0.00023209583536247858,-0.46214177706273296,False,False,128 calibration sequences; not held-out documents,65408,682646,5.85955238879302e-05,same frozen seed0 calibration sequences as finite effect,all FourOverSix; causal-per-token activation,"BF16 forward, FP32 log_softmax, FP64 paired sequence summaries",research_runs/mixfp4_n16k64_full_validation_20260911T065444Z/runs/V43_fidelity_llama8b_attempt1/fidelity/fidelity_report.json,bc9be3a83c1777a9b43827b2f3bb2c81eb8d0b6cb757d80f8448bb406ab32527
llama8b,16,near_threshold,model.layers.9.self_attn.q_proj,7010,ce,False,-6.171497011209226e-07,4.7019021849985606e-07,0.001789795933291316,0.0011417624519623343,-0.00044805847255485927,0.004027650339137491,1.5675729484843488,False,False,128 calibration sequences; not held-out documents,65408,682646,5.85955238879302e-05,same frozen seed0 calibration sequences as finite effect,all FourOverSix; causal-per-token activation,"BF16 forward, FP32 log_softmax, FP64 paired sequence summaries",research_runs/mixfp4_n16k64_full_validation_20260911T065444Z/runs/V43_fidelity_llama8b_attempt1/fidelity/fidelity_report.json,bc9be3a83c1777a9b43827b2f3bb2c81eb8d0b6cb757d80f8448bb406ab32527
llama8b,16,near_threshold,model.layers.9.self_attn.q_proj,7010,kl,False,-2.722290722012577e-07,2.6939092303540615e-07,0.0011820725812152627,0.0008425230441081963,-0.0004692725852368021,0.0028334177476673278,1.4030151335106529,False,False,128 calibration sequences; not held-out documents,65408,682646,5.85955238879302e-05,same frozen seed0 calibration sequences as finite effect,all FourOverSix; causal-per-token activation,"BF16 forward, FP32 log_softmax, FP64 paired sequence summaries",research_runs/mixfp4_n16k64_full_validation_20260911T065444Z/runs/V43_fidelity_llama8b_attempt1/fidelity/fidelity_report.json,bc9be3a83c1777a9b43827b2f3bb2c81eb8d0b6cb757d80f8448bb406ab32527
llama8b,16,near_threshold,model.layers.12.mlp.up_proj,30651,ce,False,-1.6000363872725742e-06,7.87427220381882e-07,0.000864282832480967,0.001136210377113618,-0.0013626895066617241,0.003091255171623658,0.7606714829313173,False,False,128 calibration sequences; not held-out documents,65408,682646,5.85955238879302e-05,same frozen seed0 calibration sequences as finite effect,all FourOverSix; causal-per-token activation,"BF16 forward, FP32 log_softmax, FP64 paired sequence summaries",research_runs/mixfp4_n16k64_full_validation_20260911T065444Z/runs/V43_fidelity_llama8b_attempt1/fidelity/fidelity_report.json,bc9be3a83c1777a9b43827b2f3bb2c81eb8d0b6cb757d80f8448bb406ab32527
llama8b,16,near_threshold,model.layers.12.mlp.up_proj,30651,kl,False,-1.1252921994220344e-06,5.1876713182165e-07,0.001206552919968908,0.0007944447096831336,-0.0003505587110100338,0.0027636645509478497,1.5187374341634736,False,False,128 calibration sequences; not held-out documents,65408,682646,5.85955238879302e-05,same frozen seed0 calibration sequences as finite effect,all FourOverSix; causal-per-token activation,"BF16 forward, FP32 log_softmax, FP64 paired sequence summaries",research_runs/mixfp4_n16k64_full_validation_20260911T065444Z/runs/V43_fidelity_llama8b_attempt1/fidelity/fidelity_report.json,bc9be3a83c1777a9b43827b2f3bb2c81eb8d0b6cb757d80f8448bb406ab32527
llama8b,16,near_threshold,model.layers.27.mlp.down_proj,5260,ce,False,-8.444347597835744e-07,5.791854803278125e-07,-0.0002956459065899253,0.00047477987656710784,-0.0012262144646614567,0.0006349226514816061,-0.6227010056272618,True,False,128 calibration sequences; not held-out documents,65408,682646,5.85955238879302e-05,same frozen seed0 calibration sequences as finite effect,all FourOverSix; causal-per-token activation,"BF16 forward, FP32 log_softmax, FP64 paired sequence summaries",research_runs/mixfp4_n16k64_full_validation_20260911T065444Z/runs/V43_fidelity_llama8b_attempt1/fidelity/fidelity_report.json,bc9be3a83c1777a9b43827b2f3bb2c81eb8d0b6cb757d80f8448bb406ab32527
llama8b,16,near_threshold,model.layers.27.mlp.down_proj,5260,kl,False,-3.952942694840367e-07,3.2539912623595e-07,-0.00026394241750533583,0.00020725841605027497,-0.0006701689129638747,0.0001422840779532031,-1.2734943291340746,True,False,128 calibration sequences; not held-out documents,65408,682646,5.85955238879302e-05,same frozen seed0 calibration sequences as finite effect,all FourOverSix; causal-per-token activation,"BF16 forward, FP32 log_softmax, FP64 paired sequence summaries",research_runs/mixfp4_n16k64_full_validation_20260911T065444Z/runs/V43_fidelity_llama8b_attempt1/fidelity/fidelity_report.json,bc9be3a83c1777a9b43827b2f3bb2c81eb8d0b6cb757d80f8448bb406ab32527
llama8b,16,near_threshold,model.layers.0.mlp.down_proj,44377,ce,False,-7.541339953176518e-06,2.6706259469132817e-06,0.001621173054445535,0.0016393947350571672,-0.001592040626266513,0.004834386735157583,0.9888851170361989,False,False,128 calibration sequences; not held-out documents,65408,682646,5.85955238879302e-05,same frozen seed0 calibration sequences as finite effect,all FourOverSix; causal-per-token activation,"BF16 forward, FP32 log_softmax, FP64 paired sequence summaries",research_runs/mixfp4_n16k64_full_validation_20260911T065444Z/runs/V43_fidelity_llama8b_attempt1/fidelity/fidelity_report.json,bc9be3a83c1777a9b43827b2f3bb2c81eb8d0b6cb757d80f8448bb406ab32527
llama8b,16,near_threshold,model.layers.0.mlp.down_proj,44377,kl,False,-6.419599624996053e-06,2.275895535107491e-06,0.00036260847302593916,0.0009882822219724318,-0.0015744246820400272,0.0022996416280919056,0.3669078173866555,False,False,128 calibration sequences; not held-out documents,65408,682646,5.85955238879302e-05,same frozen seed0 calibration sequences as finite effect,all FourOverSix; causal-per-token activation,"BF16 forward, FP32 log_softmax, FP64 paired sequence summaries",research_runs/mixfp4_n16k64_full_validation_20260911T065444Z/runs/V43_fidelity_llama8b_attempt1/fidelity/fidelity_report.json,bc9be3a83c1777a9b43827b2f3bb2c81eb8d0b6cb757d80f8448bb406ab32527
llama8b,16,near_threshold,model.layers.29.mlp.down_proj,20523,ce,False,-8.18115472700498e-07,5.754898859390225e-07,-0.00043560349149629474,0.00043368984014666753,-0.001285635578183763,0.0004144285951911736,-1.0044124883095717,True,False,128 calibration sequences; not held-out documents,65408,682646,5.85955238879302e-05,same frozen seed0 calibration sequences as finite effect,all FourOverSix; causal-per-token activation,"BF16 forward, FP32 log_softmax, FP64 paired sequence summaries",research_runs/mixfp4_n16k64_full_validation_20260911T065444Z/runs/V43_fidelity_llama8b_attempt1/fidelity/fidelity_report.json,bc9be3a83c1777a9b43827b2f3bb2c81eb8d0b6cb757d80f8448bb406ab32527
llama8b,16,near_threshold,model.layers.29.mlp.down_proj,20523,kl,False,-1.6395126944956928e-07,3.688939486045938e-07,-8.37283332332249e-06,0.00015926088639812557,-0.0003205241706636486,0.00030377850401700363,-0.052573067453560496,True,False,128 calibration sequences; not held-out documents,65408,682646,5.85955238879302e-05,same frozen seed0 calibration sequences as finite effect,all FourOverSix; causal-per-token activation,"BF16 forward, FP32 log_softmax, FP64 paired sequence summaries",research_runs/mixfp4_n16k64_full_validation_20260911T065444Z/runs/V43_fidelity_llama8b_attempt1/fidelity/fidelity_report.json,bc9be3a83c1777a9b43827b2f3bb2c81eb8d0b6cb757d80f8448bb406ab32527
llama8b,16,near_threshold,model.layers.10.self_attn.q_proj,2247,ce,False,-4.4611004834660406e-07,2.7240397597254226e-07,0.003095655411016196,0.0014057065169783079,0.0003404706377387128,0.005850840184293679,2.202206060530035,False,True,128 calibration sequences; not held-out documents,65408,682646,5.85955238879302e-05,same frozen seed0 calibration sequences as finite effect,all FourOverSix; causal-per-token activation,"BF16 forward, FP32 log_softmax, FP64 paired sequence summaries",research_runs/mixfp4_n16k64_full_validation_20260911T065444Z/runs/V43_fidelity_llama8b_attempt1/fidelity/fidelity_report.json,bc9be3a83c1777a9b43827b2f3bb2c81eb8d0b6cb757d80f8448bb406ab32527
llama8b,16,near_threshold,model.layers.10.self_attn.q_proj,2247,kl,False,-1.9350529162354135e-07,1.8926926115846128e-07,0.00017181696539402924,0.0008241634081342095,-0.0014435433145490214,0.00178717724533708,0.20847439196918335,False,False,128 calibration sequences; not held-out documents,65408,682646,5.85955238879302e-05,same frozen seed0 calibration sequences as finite effect,all FourOverSix; causal-per-token activation,"BF16 forward, FP32 log_softmax, FP64 paired sequence summaries",research_runs/mixfp4_n16k64_full_validation_20260911T065444Z/runs/V43_fidelity_llama8b_attempt1/fidelity/fidelity_report.json,bc9be3a83c1777a9b43827b2f3bb2c81eb8d0b6cb757d80f8448bb406ab32527
llama8b,16,near_threshold,model.layers.28.mlp.down_proj,44170,ce,False,-8.030874110165342e-07,4.949135337866673e-07,-0.00035147916059941053,0.0004473933256014566,-0.0012283700787782655,0.0005254117575794443,-0.7856155657371439,True,False,128 calibration sequences; not held-out documents,65408,682646,5.85955238879302e-05,same frozen seed0 calibration sequences as finite effect,all FourOverSix; causal-per-token activation,"BF16 forward, FP32 log_softmax, FP64 paired sequence summaries",research_runs/mixfp4_n16k64_full_validation_20260911T065444Z/runs/V43_fidelity_llama8b_attempt1/fidelity/fidelity_report.json,bc9be3a83c1777a9b43827b2f3bb2c81eb8d0b6cb757d80f8448bb406ab32527
llama8b,16,near_threshold,model.layers.28.mlp.down_proj,44170,kl,False,-6.751897226875414e-07,2.869152319932343e-07,-2.98679678037661e-05,0.00018171041399220184,-0.00038602037922848173,0.0003262844436209495,-0.1643712495479092,True,False,128 calibration sequences; not held-out documents,65408,682646,5.85955238879302e-05,same frozen seed0 calibration sequences as finite effect,all FourOverSix; causal-per-token activation,"BF16 forward, FP32 log_softmax, FP64 paired sequence summaries",research_runs/mixfp4_n16k64_full_validation_20260911T065444Z/runs/V43_fidelity_llama8b_attempt1/fidelity/fidelity_report.json,bc9be3a83c1777a9b43827b2f3bb2c81eb8d0b6cb757d80f8448bb406ab32527
llama8b,16,near_threshold,model.layers.10.self_attn.q_proj,16236,ce,False,-1.3997862036152497e-08,2.493327575969939e-07,0.0011229334049858153,0.001228569824323334,-0.0012850634506879196,0.00353093026065955,0.914016755705602,False,False,128 calibration sequences; not held-out documents,65408,682646,5.85955238879302e-05,same frozen seed0 calibration sequences as finite effect,all FourOverSix; causal-per-token activation,"BF16 forward, FP32 log_softmax, FP64 paired sequence summaries",research_runs/mixfp4_n16k64_full_validation_20260911T065444Z/runs/V43_fidelity_llama8b_attempt1/fidelity/fidelity_report.json,bc9be3a83c1777a9b43827b2f3bb2c81eb8d0b6cb757d80f8448bb406ab32527
llama8b,16,near_threshold,model.layers.10.self_attn.q_proj,16236,kl,False,-1.4373770043651923e-07,1.4226609162066019e-07,-0.0002214312118510961,0.0008971764028327717,-0.0019798969614033286,0.0015370345377011363,-0.24680900116403257,True,False,128 calibration sequences; not held-out documents,65408,682646,5.85955238879302e-05,same frozen seed0 calibration sequences as finite effect,all FourOverSix; causal-per-token activation,"BF16 forward, FP32 log_softmax, FP64 paired sequence summaries",research_runs/mixfp4_n16k64_full_validation_20260911T065444Z/runs/V43_fidelity_llama8b_attempt1/fidelity/fidelity_report.json,bc9be3a83c1777a9b43827b2f3bb2c81eb8d0b6cb757d80f8448bb406ab32527
llama8b,16,near_threshold,model.layers.12.mlp.up_proj,32485,ce,False,-1.2102889372922476e-06,6.883021677245938e-07,0.002016228507272899,0.0011555777381503586,-0.0002487038595018038,0.0042811608740476025,1.7447796376729408,False,False,128 calibration sequences; not held-out documents,65408,682646,5.85955238879302e-05,same frozen seed0 calibration sequences as finite effect,all FourOverSix; causal-per-token activation,"BF16 forward, FP32 log_softmax, FP64 paired sequence summaries",research_runs/mixfp4_n16k64_full_validation_20260911T065444Z/runs/V43_fidelity_llama8b_attempt1/fidelity/fidelity_report.json,bc9be3a83c1777a9b43827b2f3bb2c81eb8d0b6cb757d80f8448bb406ab32527
llama8b,16,near_threshold,model.layers.12.mlp.up_proj,32485,kl,False,-5.969524548010696e-07,2.7436461782304555e-07,0.0012762959988503711,0.0007567904389115318,-0.00020701326141623114,0.0027596052591169736,1.6864589366192682,False,False,128 calibration sequences; not held-out documents,65408,682646,5.85955238879302e-05,same frozen seed0 calibration sequences as finite effect,all FourOverSix; causal-per-token activation,"BF16 forward, FP32 log_softmax, FP64 paired sequence summaries",research_runs/mixfp4_n16k64_full_validation_20260911T065444Z/runs/V43_fidelity_llama8b_attempt1/fidelity/fidelity_report.json,bc9be3a83c1777a9b43827b2f3bb2c81eb8d0b6cb757d80f8448bb406ab32527
llama8b,16,near_threshold,model.layers.28.mlp.down_proj,50054,ce,False,-3.415838900622248e-07,4.444581665282599e-07,0.00018735381308943033,0.000488358527639233,-0.0007698289010834664,0.001144536527262327,0.3836398925910329,False,False,128 calibration sequences; not held-out documents,65408,682646,5.85955238879302e-05,same frozen seed0 calibration sequences as finite effect,all FourOverSix; causal-per-token activation,"BF16 forward, FP32 log_softmax, FP64 paired sequence summaries",research_runs/mixfp4_n16k64_full_validation_20260911T065444Z/runs/V43_fidelity_llama8b_attempt1/fidelity/fidelity_report.json,bc9be3a83c1777a9b43827b2f3bb2c81eb8d0b6cb757d80f8448bb406ab32527
llama8b,16,near_threshold,model.layers.28.mlp.down_proj,50054,kl,False,1.1584920028839818e-07,2.3677299214793626e-07,-0.0001655306424390766,0.00018353575273510656,-0.0005252607177998854,0.00019419943292173225,-0.9018986217796139,False,False,128 calibration sequences; not held-out documents,65408,682646,5.85955238879302e-05,same frozen seed0 calibration sequences as finite effect,all FourOverSix; causal-per-token activation,"BF16 forward, FP32 log_softmax, FP64 paired sequence summaries",research_runs/mixfp4_n16k64_full_validation_20260911T065444Z/runs/V43_fidelity_llama8b_attempt1/fidelity/fidelity_report.json,bc9be3a83c1777a9b43827b2f3bb2c81eb8d0b6cb757d80f8448bb406ab32527
llama8b,16,near_threshold,model.layers.28.mlp.down_proj,50039,ce,False,-8.6706593149799e-07,5.128621180100709e-07,-0.0001522719394415617,0.0005366371354760155,-0.001204080724974552,0.0008995368460914285,-0.28375214716829333,True,False,128 calibration sequences; not held-out documents,65408,682646,5.85955238879302e-05,same frozen seed0 calibration sequences as finite effect,all FourOverSix; causal-per-token activation,"BF16 forward, FP32 log_softmax, FP64 paired sequence summaries",research_runs/mixfp4_n16k64_full_validation_20260911T065444Z/runs/V43_fidelity_llama8b_attempt1/fidelity/fidelity_report.json,bc9be3a83c1777a9b43827b2f3bb2c81eb8d0b6cb757d80f8448bb406ab32527
llama8b,16,near_threshold,model.layers.28.mlp.down_proj,50039,kl,False,-8.647300471231745e-07,3.119890658813016e-07,4.8325218364997846e-05,0.0001814607271561762,-0.00030733780686110747,0.00040398824359110316,0.26631227110319144,False,False,128 calibration sequences; not held-out documents,65408,682646,5.85955238879302e-05,same frozen seed0 calibration sequences as finite effect,all FourOverSix; causal-per-token activation,"BF16 forward, FP32 log_softmax, FP64 paired sequence summaries",research_runs/mixfp4_n16k64_full_validation_20260911T065444Z/runs/V43_fidelity_llama8b_attempt1/fidelity/fidelity_report.json,bc9be3a83c1777a9b43827b2f3bb2c81eb8d0b6cb757d80f8448bb406ab32527
llama8b,16,near_threshold,model.layers.18.mlp.gate_proj,4627,ce,False,-6.020029730269272e-07,5.441945797931656e-07,-0.0006496593123301864,0.0009884172822123148,-0.0025869571854663237,0.0012876385608059507,-0.6572723120300903,True,False,128 calibration sequences; not held-out documents,65408,682646,5.85955238879302e-05,same frozen seed0 calibration sequences as finite effect,all FourOverSix; causal-per-token activation,"BF16 forward, FP32 log_softmax, FP64 paired sequence summaries",research_runs/mixfp4_n16k64_full_validation_20260911T065444Z/runs/V43_fidelity_llama8b_attempt1/fidelity/fidelity_report.json,bc9be3a83c1777a9b43827b2f3bb2c81eb8d0b6cb757d80f8448bb406ab32527
llama8b,16,near_threshold,model.layers.18.mlp.gate_proj,4627,kl,False,-8.208596126713097e-07,5.328648946898049e-07,-0.0009176895932342805,0.0007371393945116518,-0.0023624828064771177,0.000527103620008557,-1.244933590670787,True,False,128 calibration sequences; not held-out documents,65408,682646,5.85955238879302e-05,same frozen seed0 calibration sequences as finite effect,all FourOverSix; causal-per-token activation,"BF16 forward, FP32 log_softmax, FP64 paired sequence summaries",research_runs/mixfp4_n16k64_full_validation_20260911T065444Z/runs/V43_fidelity_llama8b_attempt1/fidelity/fidelity_report.json,bc9be3a83c1777a9b43827b2f3bb2c81eb8d0b6cb757d80f8448bb406ab32527
llama8b,16,near_threshold,model.layers.27.mlp.gate_proj,24474,ce,False,-1.2086616429929364e-06,5.90571442436822e-07,-0.0001054314780049026,0.0005259141214644066,-0.0011362231560751396,0.0009253602000653344,-0.20047280288144556,True,False,128 calibration sequences; not held-out documents,65408,682646,5.85955238879302e-05,same frozen seed0 calibration sequences as finite effect,all FourOverSix; causal-per-token activation,"BF16 forward, FP32 log_softmax, FP64 paired sequence summaries",research_runs/mixfp4_n16k64_full_validation_20260911T065444Z/runs/V43_fidelity_llama8b_attempt1/fidelity/fidelity_report.json,bc9be3a83c1777a9b43827b2f3bb2c81eb8d0b6cb757d80f8448bb406ab32527
llama8b,16,near_threshold,model.layers.27.mlp.gate_proj,24474,kl,False,-1.0971139694226917e-06,4.441565292631841e-07,-6.619090963296898e-05,0.0001960993870501714,-0.00045054570825130494,0.000318163888985367,-0.33753756515329775,True,False,128 calibration sequences; not held-out documents,65408,682646,5.85955238879302e-05,same frozen seed0 calibration sequences as finite effect,all FourOverSix; causal-per-token activation,"BF16 forward, FP32 log_softmax, FP64 paired sequence summaries",research_runs/mixfp4_n16k64_full_validation_20260911T065444Z/runs/V43_fidelity_llama8b_attempt1/fidelity/fidelity_report.json,bc9be3a83c1777a9b43827b2f3bb2c81eb8d0b6cb757d80f8448bb406ab32527
llama8b,16,near_threshold,model.layers.16.mlp.gate_proj,29998,ce,False,-1.9934031274537745e-06,8.320070832626849e-07,0.0015645617386326194,0.0011246613062701985,-0.0006397744216569698,0.0037688978989222086,1.3911403636898443,False,False,128 calibration sequences; not held-out documents,65408,682646,5.85955238879302e-05,same frozen seed0 calibration sequences as finite effect,all FourOverSix; causal-per-token activation,"BF16 forward, FP32 log_softmax, FP64 paired sequence summaries",research_runs/mixfp4_n16k64_full_validation_20260911T065444Z/runs/V43_fidelity_llama8b_attempt1/fidelity/fidelity_report.json,bc9be3a83c1777a9b43827b2f3bb2c81eb8d0b6cb757d80f8448bb406ab32527
llama8b,16,near_threshold,model.layers.16.mlp.gate_proj,29998,kl,False,-1.2508559135149255e-06,6.612826928015825e-07,0.0008999321061011402,0.0007257825995195157,-0.0005226017889571105,0.0023224660011593908,1.2399472055363623,False,False,128 calibration sequences; not held-out documents,65408,682646,5.85955238879302e-05,same frozen seed0 calibration sequences as finite effect,all FourOverSix; causal-per-token activation,"BF16 forward, FP32 log_softmax, FP64 paired sequence summaries",research_runs/mixfp4_n16k64_full_validation_20260911T065444Z/runs/V43_fidelity_llama8b_attempt1/fidelity/fidelity_report.json,bc9be3a83c1777a9b43827b2f3bb2c81eb8d0b6cb757d80f8448bb406ab32527
llama8b,16,near_threshold,model.layers.24.mlp.up_proj,17906,ce,False,-1.2584151807271127e-06,5.793474705408955e-07,-7.894862210378051e-05,0.000673292916998124,-0.0013986027394201034,0.0012407054952125423,-0.11725746715972135,True,False,128 calibration sequences; not held-out documents,65408,682646,5.85955238879302e-05,same frozen seed0 calibration sequences as finite effect,all FourOverSix; causal-per-token activation,"BF16 forward, FP32 log_softmax, FP64 paired sequence summaries",research_runs/mixfp4_n16k64_full_validation_20260911T065444Z/runs/V43_fidelity_llama8b_attempt1/fidelity/fidelity_report.json,bc9be3a83c1777a9b43827b2f3bb2c81eb8d0b6cb757d80f8448bb406ab32527
llama8b,16,near_threshold,model.layers.24.mlp.up_proj,17906,kl,False,-8.601512440642445e-07,3.657389382476956e-07,0.0001265155957396804,0.00034530796728202406,-0.0005502880201330867,0.0008033192116124477,0.3663848150840698,False,False,128 calibration sequences; not held-out documents,65408,682646,5.85955238879302e-05,same frozen seed0 calibration sequences as finite effect,all FourOverSix; causal-per-token activation,"BF16 forward, FP32 log_softmax, FP64 paired sequence summaries",research_runs/mixfp4_n16k64_full_validation_20260911T065444Z/runs/V43_fidelity_llama8b_attempt1/fidelity/fidelity_report.json,bc9be3a83c1777a9b43827b2f3bb2c81eb8d0b6cb757d80f8448bb406ab32527
llama8b,16,near_threshold,model.layers.16.mlp.gate_proj,40759,ce,False,-6.588089399572894e-07,5.44482568907705e-07,0.0027511981315910816,0.001095944573361175,0.0006031467678031788,0.004899249495378984,2.5103442258520205,False,True,128 calibration sequences; not held-out documents,65408,682646,5.85955238879302e-05,same frozen seed0 calibration sequences as finite effect,all FourOverSix; causal-per-token activation,"BF16 forward, FP32 log_softmax, FP64 paired sequence summaries",research_runs/mixfp4_n16k64_full_validation_20260911T065444Z/runs/V43_fidelity_llama8b_attempt1/fidelity/fidelity_report.json,bc9be3a83c1777a9b43827b2f3bb2c81eb8d0b6cb757d80f8448bb406ab32527
llama8b,16,near_threshold,model.layers.16.mlp.gate_proj,40759,kl,False,-3.450834721308027e-07,4.4816844263545723e-07,0.0008798486658273221,0.0005439194947652476,-0.00018623354391256316,0.0019459308755672075,1.6176082569113643,False,False,128 calibration sequences; not held-out documents,65408,682646,5.85955238879302e-05,same frozen seed0 calibration sequences as finite effect,all FourOverSix; causal-per-token activation,"BF16 forward, FP32 log_softmax, FP64 paired sequence summaries",research_runs/mixfp4_n16k64_full_validation_20260911T065444Z/runs/V43_fidelity_llama8b_attempt1/fidelity/fidelity_report.json,bc9be3a83c1777a9b43827b2f3bb2c81eb8d0b6cb757d80f8448bb406ab32527
llama8b,16,near_threshold,model.layers.23.self_attn.q_proj,9439,ce,False,-3.9831962866943016e-08,3.730683262737069e-07,0.0001948235440067947,0.000740306872653249,-0.0012561779263935732,0.0016458250144071626,0.26316592646040143,False,False,128 calibration sequences; not held-out documents,65408,682646,5.85955238879302e-05,same frozen seed0 calibration sequences as finite effect,all FourOverSix; causal-per-token activation,"BF16 forward, FP32 log_softmax, FP64 paired sequence summaries",research_runs/mixfp4_n16k64_full_validation_20260911T065444Z/runs/V43_fidelity_llama8b_attempt1/fidelity/fidelity_report.json,bc9be3a83c1777a9b43827b2f3bb2c81eb8d0b6cb757d80f8448bb406ab32527
llama8b,16,near_threshold,model.layers.23.self_attn.q_proj,9439,kl,False,2.3759612023666055e-07,2.208246825411401e-07,-2.15168425882236e-06,0.0004248098543549022,-0.0008347789987944307,0.000830475630276786,-0.005065052603569695,False,False,128 calibration sequences; not held-out documents,65408,682646,5.85955238879302e-05,same frozen seed0 calibration sequences as finite effect,all FourOverSix; causal-per-token activation,"BF16 forward, FP32 log_softmax, FP64 paired sequence summaries",research_runs/mixfp4_n16k64_full_validation_20260911T065444Z/runs/V43_fidelity_llama8b_attempt1/fidelity/fidelity_report.json,bc9be3a83c1777a9b43827b2f3bb2c81eb8d0b6cb757d80f8448bb406ab32527
llama8b,16,near_threshold,model.layers.29.mlp.gate_proj,50590,ce,False,-4.1375260778631073e-07,4.4040661561573796e-07,-0.000555265462026,0.0004200652517792396,-0.0013785933555133098,0.0002680624314613096,-1.3218552586154242,True,False,128 calibration sequences; not held-out documents,65408,682646,5.85955238879302e-05,same frozen seed0 calibration sequences as finite effect,all FourOverSix; causal-per-token activation,"BF16 forward, FP32 log_softmax, FP64 paired sequence summaries",research_runs/mixfp4_n16k64_full_validation_20260911T065444Z/runs/V43_fidelity_llama8b_attempt1/fidelity/fidelity_report.json,bc9be3a83c1777a9b43827b2f3bb2c81eb8d0b6cb757d80f8448bb406ab32527
llama8b,16,near_threshold,model.layers.29.mlp.gate_proj,50590,kl,False,-3.459582532394645e-07,2.9738562553218726e-07,-8.183528387526893e-05,0.0001508246684357471,-0.00037745163400933326,0.0002137810662587954,-0.5425855380556107,True,False,128 calibration sequences; not held-out documents,65408,682646,5.85955238879302e-05,same frozen seed0 calibration sequences as finite effect,all FourOverSix; causal-per-token activation,"BF16 forward, FP32 log_softmax, FP64 paired sequence summaries",research_runs/mixfp4_n16k64_full_validation_20260911T065444Z/runs/V43_fidelity_llama8b_attempt1/fidelity/fidelity_report.json,bc9be3a83c1777a9b43827b2f3bb2c81eb8d0b6cb757d80f8448bb406ab32527
llama8b,16,near_threshold,model.layers.22.self_attn.q_proj,14911,ce,False,4.107618345461361e-08,1.222320229193712e-07,-0.0006505829514935613,0.0006743219470957307,-0.0019722539678011936,0.0006710880648140708,-0.9647957541580664,False,False,128 calibration sequences; not held-out documents,65408,682646,5.85955238879302e-05,same frozen seed0 calibration sequences as finite effect,all FourOverSix; causal-per-token activation,"BF16 forward, FP32 log_softmax, FP64 paired sequence summaries",research_runs/mixfp4_n16k64_full_validation_20260911T065444Z/runs/V43_fidelity_llama8b_attempt1/fidelity/fidelity_report.json,bc9be3a83c1777a9b43827b2f3bb2c81eb8d0b6cb757d80f8448bb406ab32527
llama8b,16,near_threshold,model.layers.22.self_attn.q_proj,14911,kl,False,1.3710578841696908e-07,6.118445238060319e-08,-0.00028476559747914307,0.000285298840871496,-0.0008439513255872751,0.000274420130628989,-0.9981309303931133,False,False,128 calibration sequences; not held-out documents,65408,682646,5.85955238879302e-05,same frozen seed0 calibration sequences as finite effect,all FourOverSix; causal-per-token activation,"BF16 forward, FP32 log_softmax, FP64 paired sequence summaries",research_runs/mixfp4_n16k64_full_validation_20260911T065444Z/runs/V43_fidelity_llama8b_attempt1/fidelity/fidelity_report.json,bc9be3a83c1777a9b43827b2f3bb2c81eb8d0b6cb757d80f8448bb406ab32527
llama8b,16,rejected,model.layers.6.mlp.up_proj,28878,ce,False,-1.7800470371032162e-06,1.66155526284092e-06,0.0031418114085681736,0.0014134246645020616,0.0003714990661441331,0.005912123750992215,2.2228361280754987,False,True,128 calibration sequences; not held-out documents,65408,3406044,1.1743829498385811e-05,same frozen seed0 calibration sequences as finite effect,all FourOverSix; causal-per-token activation,"BF16 forward, FP32 log_softmax, FP64 paired sequence summaries",research_runs/mixfp4_n16k64_full_validation_20260911T065444Z/runs/V43_fidelity_llama8b_attempt1/fidelity/fidelity_report.json,bc9be3a83c1777a9b43827b2f3bb2c81eb8d0b6cb757d80f8448bb406ab32527
llama8b,16,rejected,model.layers.6.mlp.up_proj,28878,kl,False,-1.609835419413841e-06,9.310239735936028e-07,0.0018080547507085334,0.0007472497448915395,0.0003434452507211161,0.0032726642506959508,2.419612402773006,False,True,128 calibration sequences; not held-out documents,65408,3406044,1.1743829498385811e-05,same frozen seed0 calibration sequences as finite effect,all FourOverSix; causal-per-token activation,"BF16 forward, FP32 log_softmax, FP64 paired sequence summaries",research_runs/mixfp4_n16k64_full_validation_20260911T065444Z/runs/V43_fidelity_llama8b_attempt1/fidelity/fidelity_report.json,bc9be3a83c1777a9b43827b2f3bb2c81eb8d0b6cb757d80f8448bb406ab32527
llama8b,16,rejected,model.layers.23.mlp.up_proj,48121,ce,False,7.930903096475816e-07,9.181548723294444e-07,-0.0004758944851346314,0.000756907704352793,-0.001959433585666106,0.0010076446153968429,-0.6287351580620429,False,False,128 calibration sequences; not held-out documents,65408,3406044,1.1743829498385811e-05,same frozen seed0 calibration sequences as finite effect,all FourOverSix; causal-per-token activation,"BF16 forward, FP32 log_softmax, FP64 paired sequence summaries",research_runs/mixfp4_n16k64_full_validation_20260911T065444Z/runs/V43_fidelity_llama8b_attempt1/fidelity/fidelity_report.json,bc9be3a83c1777a9b43827b2f3bb2c81eb8d0b6cb757d80f8448bb406ab32527
llama8b,16,rejected,model.layers.23.mlp.up_proj,48121,kl,False,6.7343280574228e-07,6.780337417537998e-07,-0.0003740237247589867,0.0003979747288073129,-0.0011540541932213199,0.0004060067437033466,-0.939817776570626,False,False,128 calibration sequences; not held-out documents,65408,3406044,1.1743829498385811e-05,same frozen seed0 calibration sequences as finite effect,all FourOverSix; causal-per-token activation,"BF16 forward, FP32 log_softmax, FP64 paired sequence summaries",research_runs/mixfp4_n16k64_full_validation_20260911T065444Z/runs/V43_fidelity_llama8b_attempt1/fidelity/fidelity_report.json,bc9be3a83c1777a9b43827b2f3bb2c81eb8d0b6cb757d80f8448bb406ab32527
llama8b,16,rejected,model.layers.16.mlp.gate_proj,7343,ce,False,8.964457944848903e-07,7.600867855808432e-07,0.0026392298750579357,0.0009344208868109876,0.0008077649369083999,0.004470694813207472,2.8244551382676795,True,True,128 calibration sequences; not held-out documents,65408,3406044,1.1743829498385811e-05,same frozen seed0 calibration sequences as finite effect,all FourOverSix; causal-per-token activation,"BF16 forward, FP32 log_softmax, FP64 paired sequence summaries",research_runs/mixfp4_n16k64_full_validation_20260911T065444Z/runs/V43_fidelity_llama8b_attempt1/fidelity/fidelity_report.json,bc9be3a83c1777a9b43827b2f3bb2c81eb8d0b6cb757d80f8448bb406ab32527
llama8b,16,rejected,model.layers.16.mlp.gate_proj,7343,kl,False,-1.5071986669834558e-07,5.242335256921868e-07,0.0002169011756220843,0.0007511736657643771,-0.0012553992092760946,0.0016892015605202634,0.28874970663590904,False,False,128 calibration sequences; not held-out documents,65408,3406044,1.1743829498385811e-05,same frozen seed0 calibration sequences as finite effect,all FourOverSix; causal-per-token activation,"BF16 forward, FP32 log_softmax, FP64 paired sequence summaries",research_runs/mixfp4_n16k64_full_validation_20260911T065444Z/runs/V43_fidelity_llama8b_attempt1/fidelity/fidelity_report.json,bc9be3a83c1777a9b43827b2f3bb2c81eb8d0b6cb757d80f8448bb406ab32527
llama8b,16,rejected,model.layers.4.mlp.gate_proj,13579,ce,False,8.823101875776729e-07,1.0134022790076688e-06,0.0005622141761705279,0.001298430475612458,-0.0019827095560298897,0.0031071379083709456,0.43299520977843386,True,False,128 calibration sequences; not held-out documents,65408,3406044,1.1743829498385811e-05,same frozen seed0 calibration sequences as finite effect,all FourOverSix; causal-per-token activation,"BF16 forward, FP32 log_softmax, FP64 paired sequence summaries",research_runs/mixfp4_n16k64_full_validation_20260911T065444Z/runs/V43_fidelity_llama8b_attempt1/fidelity/fidelity_report.json,bc9be3a83c1777a9b43827b2f3bb2c81eb8d0b6cb757d80f8448bb406ab32527
llama8b,16,rejected,model.layers.4.mlp.gate_proj,13579,kl,False,3.7186489487694985e-07,6.90755545318577e-07,0.0009399791932652864,0.0006914374351474257,-0.000415238179623668,0.002295196566154241,1.3594566123901977,True,False,128 calibration sequences; not held-out documents,65408,3406044,1.1743829498385811e-05,same frozen seed0 calibration sequences as finite effect,all FourOverSix; causal-per-token activation,"BF16 forward, FP32 log_softmax, FP64 paired sequence summaries",research_runs/mixfp4_n16k64_full_validation_20260911T065444Z/runs/V43_fidelity_llama8b_attempt1/fidelity/fidelity_report.json,bc9be3a83c1777a9b43827b2f3bb2c81eb8d0b6cb757d80f8448bb406ab32527
llama8b,16,rejected,model.layers.3.mlp.gate_proj,6570,ce,False,4.2004698319608735e-07,7.841143690155425e-07,0.0034825862385332584,0.0013881488190500921,0.0007618145531950778,0.006203357923871439,2.5087989059533156,True,True,128 calibration sequences; not held-out documents,65408,3406044,1.1743829498385811e-05,same frozen seed0 calibration sequences as finite effect,all FourOverSix; causal-per-token activation,"BF16 forward, FP32 log_softmax, FP64 paired sequence summaries",research_runs/mixfp4_n16k64_full_validation_20260911T065444Z/runs/V43_fidelity_llama8b_attempt1/fidelity/fidelity_report.json,bc9be3a83c1777a9b43827b2f3bb2c81eb8d0b6cb757d80f8448bb406ab32527
llama8b,16,rejected,model.layers.3.mlp.gate_proj,6570,kl,False,2.5770451439477426e-07,5.017601714041534e-07,0.0006953656783100703,0.0006902565319120089,-0.000657537124237467,0.002048268480857608,1.0074018081131504,True,False,128 calibration sequences; not held-out documents,65408,3406044,1.1743829498385811e-05,same frozen seed0 calibration sequences as finite effect,all FourOverSix; causal-per-token activation,"BF16 forward, FP32 log_softmax, FP64 paired sequence summaries",research_runs/mixfp4_n16k64_full_validation_20260911T065444Z/runs/V43_fidelity_llama8b_attempt1/fidelity/fidelity_report.json,bc9be3a83c1777a9b43827b2f3bb2c81eb8d0b6cb757d80f8448bb406ab32527
llama8b,16,rejected,model.layers.15.mlp.up_proj,6224,ce,False,-2.226162680862842e-07,1.0508524770845236e-06,0.0019457534654065967,0.001071888984758373,-0.00015514894471981445,0.004046655875533008,1.8152565173017536,False,False,128 calibration sequences; not held-out documents,65408,3406044,1.1743829498385811e-05,same frozen seed0 calibration sequences as finite effect,all FourOverSix; causal-per-token activation,"BF16 forward, FP32 log_softmax, FP64 paired sequence summaries",research_runs/mixfp4_n16k64_full_validation_20260911T065444Z/runs/V43_fidelity_llama8b_attempt1/fidelity/fidelity_report.json,bc9be3a83c1777a9b43827b2f3bb2c81eb8d0b6cb757d80f8448bb406ab32527
llama8b,16,rejected,model.layers.15.mlp.up_proj,6224,kl,False,1.4753930366318002e-07,1.0386751166217409e-06,0.0007294676066291838,0.0008186040828563323,-0.0008749963957692275,0.002333931609027595,0.8911116153780627,True,False,128 calibration sequences; not held-out documents,65408,3406044,1.1743829498385811e-05,same frozen seed0 calibration sequences as finite effect,all FourOverSix; causal-per-token activation,"BF16 forward, FP32 log_softmax, FP64 paired sequence summaries",research_runs/mixfp4_n16k64_full_validation_20260911T065444Z/runs/V43_fidelity_llama8b_attempt1/fidelity/fidelity_report.json,bc9be3a83c1777a9b43827b2f3bb2c81eb8d0b6cb757d80f8448bb406ab32527
llama8b,16,rejected,model.layers.15.mlp.down_proj,50316,ce,False,1.3490626304957232e-07,9.098802653917266e-07,0.0011492236517369747,0.0008762760464514067,-0.0005682773993077824,0.002866724702781732,1.3114858683983257,True,False,128 calibration sequences; not held-out documents,65408,3406044,1.1743829498385811e-05,same frozen seed0 calibration sequences as finite effect,all FourOverSix; causal-per-token activation,"BF16 forward, FP32 log_softmax, FP64 paired sequence summaries",research_runs/mixfp4_n16k64_full_validation_20260911T065444Z/runs/V43_fidelity_llama8b_attempt1/fidelity/fidelity_report.json,bc9be3a83c1777a9b43827b2f3bb2c81eb8d0b6cb757d80f8448bb406ab32527
llama8b,16,rejected,model.layers.15.mlp.down_proj,50316,kl,False,8.26279211718628e-08,6.028162490292234e-07,0.0007493836033999914,0.0007046112519808408,-0.0006316544504824564,0.002130421657282439,1.0635419194531512,True,False,128 calibration sequences; not held-out documents,65408,3406044,1.1743829498385811e-05,same frozen seed0 calibration sequences as finite effect,all FourOverSix; causal-per-token activation,"BF16 forward, FP32 log_softmax, FP64 paired sequence summaries",research_runs/mixfp4_n16k64_full_validation_20260911T065444Z/runs/V43_fidelity_llama8b_attempt1/fidelity/fidelity_report.json,bc9be3a83c1777a9b43827b2f3bb2c81eb8d0b6cb757d80f8448bb406ab32527
llama8b,16,rejected,model.layers.1.mlp.up_proj,21948,ce,False,6.323944814479177e-07,9.633477419956116e-07,0.004386946849990636,0.0015097434941958936,0.0014278496013666844,0.007346044098614588,2.9057564194553285,True,True,128 calibration sequences; not held-out documents,65408,3406044,1.1743829498385811e-05,same frozen seed0 calibration sequences as finite effect,all FourOverSix; causal-per-token activation,"BF16 forward, FP32 log_softmax, FP64 paired sequence summaries",research_runs/mixfp4_n16k64_full_validation_20260911T065444Z/runs/V43_fidelity_llama8b_attempt1/fidelity/fidelity_report.json,bc9be3a83c1777a9b43827b2f3bb2c81eb8d0b6cb757d80f8448bb406ab32527
llama8b,16,rejected,model.layers.1.mlp.up_proj,21948,kl,False,3.341805505652218e-07,5.210351714197673e-07,0.0012945079593639278,0.001037292316033513,-0.0007385849800617577,0.003327600898789613,1.2479683300016895,True,False,128 calibration sequences; not held-out documents,65408,3406044,1.1743829498385811e-05,same frozen seed0 calibration sequences as finite effect,all FourOverSix; causal-per-token activation,"BF16 forward, FP32 log_softmax, FP64 paired sequence summaries",research_runs/mixfp4_n16k64_full_validation_20260911T065444Z/runs/V43_fidelity_llama8b_attempt1/fidelity/fidelity_report.json,bc9be3a83c1777a9b43827b2f3bb2c81eb8d0b6cb757d80f8448bb406ab32527
llama8b,16,rejected,model.layers.5.mlp.down_proj,1002,ce,False,9.00262822511877e-07,1.0224816015202762e-06,0.0021761885727755725,0.0015223557156196592,-0.0008076286298389595,0.005160005775390105,1.4294875701174594,True,False,128 calibration sequences; not held-out documents,65408,3406044,1.1743829498385811e-05,same frozen seed0 calibration sequences as finite effect,all FourOverSix; causal-per-token activation,"BF16 forward, FP32 log_softmax, FP64 paired sequence summaries",research_runs/mixfp4_n16k64_full_validation_20260911T065444Z/runs/V43_fidelity_llama8b_attempt1/fidelity/fidelity_report.json,bc9be3a83c1777a9b43827b2f3bb2c81eb8d0b6cb757d80f8448bb406ab32527
llama8b,16,rejected,model.layers.5.mlp.down_proj,1002,kl,False,8.391141602670515e-07,6.89451198711019e-07,0.0012913975887347575,0.0008399752245408358,-0.00035495385136528066,0.0029377490288347956,1.5374234275072665,True,False,128 calibration sequences; not held-out documents,65408,3406044,1.1743829498385811e-05,same frozen seed0 calibration sequences as finite effect,all FourOverSix; causal-per-token activation,"BF16 forward, FP32 log_softmax, FP64 paired sequence summaries",research_runs/mixfp4_n16k64_full_validation_20260911T065444Z/runs/V43_fidelity_llama8b_attempt1/fidelity/fidelity_report.json,bc9be3a83c1777a9b43827b2f3bb2c81eb8d0b6cb757d80f8448bb406ab32527
llama8b,16,rejected,model.layers.7.mlp.gate_proj,4804,ce,False,1.768642832189471e-07,8.586511850202288e-07,0.002531498670578003,0.001466381627482881,-0.000342609319288444,0.005405606660444449,1.72635732958783,True,False,128 calibration sequences; not held-out documents,65408,3406044,1.1743829498385811e-05,same frozen seed0 calibration sequences as finite effect,all FourOverSix; causal-per-token activation,"BF16 forward, FP32 log_softmax, FP64 paired sequence summaries",research_runs/mixfp4_n16k64_full_validation_20260911T065444Z/runs/V43_fidelity_llama8b_attempt1/fidelity/fidelity_report.json,bc9be3a83c1777a9b43827b2f3bb2c81eb8d0b6cb757d80f8448bb406ab32527
llama8b,16,rejected,model.layers.7.mlp.gate_proj,4804,kl,False,5.829563188841647e-07,7.904478660085758e-07,0.001022311042585373,0.0009012557965242526,-0.0007441503186021619,0.002788772403772908,1.1343184105200514,True,False,128 calibration sequences; not held-out documents,65408,3406044,1.1743829498385811e-05,same frozen seed0 calibration sequences as finite effect,all FourOverSix; causal-per-token activation,"BF16 forward, FP32 log_softmax, FP64 paired sequence summaries",research_runs/mixfp4_n16k64_full_validation_20260911T065444Z/runs/V43_fidelity_llama8b_attempt1/fidelity/fidelity_report.json,bc9be3a83c1777a9b43827b2f3bb2c81eb8d0b6cb757d80f8448bb406ab32527
llama8b,16,rejected,model.layers.12.self_attn.k_proj,1977,ce,False,-1.074891481822604e-06,1.3481447933048531e-06,0.001584946527145803,0.0011260269780722322,-0.0006220663498757721,0.003791959404167378,1.4075564422614857,False,False,128 calibration sequences; not held-out documents,65408,3406044,1.1743829498385811e-05,same frozen seed0 calibration sequences as finite effect,all FourOverSix; causal-per-token activation,"BF16 forward, FP32 log_softmax, FP64 paired sequence summaries",research_runs/mixfp4_n16k64_full_validation_20260911T065444Z/runs/V43_fidelity_llama8b_attempt1/fidelity/fidelity_report.json,bc9be3a83c1777a9b43827b2f3bb2c81eb8d0b6cb757d80f8448bb406ab32527
llama8b,16,rejected,model.layers.12.self_attn.k_proj,1977,kl,False,-7.194139217681084e-07,8.314049333693931e-07,0.0004911343056225935,0.0006688989889234158,-0.0008199077126673016,0.0018021763239124886,0.734242858421819,False,False,128 calibration sequences; not held-out documents,65408,3406044,1.1743829498385811e-05,same frozen seed0 calibration sequences as finite effect,all FourOverSix; causal-per-token activation,"BF16 forward, FP32 log_softmax, FP64 paired sequence summaries",research_runs/mixfp4_n16k64_full_validation_20260911T065444Z/runs/V43_fidelity_llama8b_attempt1/fidelity/fidelity_report.json,bc9be3a83c1777a9b43827b2f3bb2c81eb8d0b6cb757d80f8448bb406ab32527
llama8b,16,rejected,model.layers.12.mlp.down_proj,24407,ce,False,-1.0530438121492125e-07,1.0128573789715036e-06,0.0030842515407130122,0.0012444809001485922,0.0006450689764217715,0.0055234341050042525,2.478343814151547,False,True,128 calibration sequences; not held-out documents,65408,3406044,1.1743829498385811e-05,same frozen seed0 calibration sequences as finite effect,all FourOverSix; causal-per-token activation,"BF16 forward, FP32 log_softmax, FP64 paired sequence summaries",research_runs/mixfp4_n16k64_full_validation_20260911T065444Z/runs/V43_fidelity_llama8b_attempt1/fidelity/fidelity_report.json,bc9be3a83c1777a9b43827b2f3bb2c81eb8d0b6cb757d80f8448bb406ab32527
llama8b,16,rejected,model.layers.12.mlp.down_proj,24407,kl,False,7.184217141187332e-07,7.215067267189427e-07,0.0008300807587178405,0.0007097341270448589,-0.0005609981302900828,0.002221159647725764,1.1695657952564187,True,False,128 calibration sequences; not held-out documents,65408,3406044,1.1743829498385811e-05,same frozen seed0 calibration sequences as finite effect,all FourOverSix; causal-per-token activation,"BF16 forward, FP32 log_softmax, FP64 paired sequence summaries",research_runs/mixfp4_n16k64_full_validation_20260911T065444Z/runs/V43_fidelity_llama8b_attempt1/fidelity/fidelity_report.json,bc9be3a83c1777a9b43827b2f3bb2c81eb8d0b6cb757d80f8448bb406ab32527
llama8b,16,rejected,model.layers.22.mlp.up_proj,43334,ce,False,5.5301415002873e-07,7.846386264076084e-07,-0.0002654282143339515,0.0008135432976646566,-0.0018599730777566785,0.0013291166490887755,-0.3262619397097673,False,False,128 calibration sequences; not held-out documents,65408,3406044,1.1743829498385811e-05,same frozen seed0 calibration sequences as finite effect,all FourOverSix; causal-per-token activation,"BF16 forward, FP32 log_softmax, FP64 paired sequence summaries",research_runs/mixfp4_n16k64_full_validation_20260911T065444Z/runs/V43_fidelity_llama8b_attempt1/fidelity/fidelity_report.json,bc9be3a83c1777a9b43827b2f3bb2c81eb8d0b6cb757d80f8448bb406ab32527
llama8b,16,rejected,model.layers.22.mlp.up_proj,43334,kl,False,3.169195086361043e-07,5.86445967422984e-07,-0.0007241724361158424,0.00043865242094732576,-0.0015839311811726008,0.00013558630894091608,-1.6509026316369115,False,False,128 calibration sequences; not held-out documents,65408,3406044,1.1743829498385811e-05,same frozen seed0 calibration sequences as finite effect,all FourOverSix; causal-per-token activation,"BF16 forward, FP32 log_softmax, FP64 paired sequence summaries",research_runs/mixfp4_n16k64_full_validation_20260911T065444Z/runs/V43_fidelity_llama8b_attempt1/fidelity/fidelity_report.json,bc9be3a83c1777a9b43827b2f3bb2c81eb8d0b6cb757d80f8448bb406ab32527
llama8b,16,rejected,model.layers.2.mlp.gate_proj,49015,ce,False,-4.60160727744352e-07,1.014339868886887e-06,0.0029283807380124927,0.0015360697968670673,-8.231606384695922e-05,0.005939077539871945,1.906411247708373,False,False,128 calibration sequences; not held-out documents,65408,3406044,1.1743829498385811e-05,same frozen seed0 calibration sequences as finite effect,all FourOverSix; causal-per-token activation,"BF16 forward, FP32 log_softmax, FP64 paired sequence summaries",research_runs/mixfp4_n16k64_full_validation_20260911T065444Z/runs/V43_fidelity_llama8b_attempt1/fidelity/fidelity_report.json,bc9be3a83c1777a9b43827b2f3bb2c81eb8d0b6cb757d80f8448bb406ab32527
llama8b,16,rejected,model.layers.2.mlp.gate_proj,49015,kl,False,-1.9795229649899326e-07,7.067646992812933e-07,0.0015547365893651998,0.001168460843402471,-0.0007354466637036433,0.003844919842434043,1.3305851010273675,False,False,128 calibration sequences; not held-out documents,65408,3406044,1.1743829498385811e-05,same frozen seed0 calibration sequences as finite effect,all FourOverSix; causal-per-token activation,"BF16 forward, FP32 log_softmax, FP64 paired sequence summaries",research_runs/mixfp4_n16k64_full_validation_20260911T065444Z/runs/V43_fidelity_llama8b_attempt1/fidelity/fidelity_report.json,bc9be3a83c1777a9b43827b2f3bb2c81eb8d0b6cb757d80f8448bb406ab32527
llama8b,16,rejected,model.layers.8.mlp.up_proj,1969,ce,False,4.3782921266277697e-07,1.0573426006025233e-06,0.0023064949200488627,0.0013472856529966107,-0.00033418495982449415,0.004947174799922219,1.7119568629850652,True,False,128 calibration sequences; not held-out documents,65408,3406044,1.1743829498385811e-05,same frozen seed0 calibration sequences as finite effect,all FourOverSix; causal-per-token activation,"BF16 forward, FP32 log_softmax, FP64 paired sequence summaries",research_runs/mixfp4_n16k64_full_validation_20260911T065444Z/runs/V43_fidelity_llama8b_attempt1/fidelity/fidelity_report.json,bc9be3a83c1777a9b43827b2f3bb2c81eb8d0b6cb757d80f8448bb406ab32527
llama8b,16,rejected,model.layers.8.mlp.up_proj,1969,kl,False,1.5524896318508397e-07,6.796817043278759e-07,0.00024560918834157583,0.0008230464549569607,-0.0013675618633740671,0.0018587802400572187,0.298414733290382,True,False,128 calibration sequences; not held-out documents,65408,3406044,1.1743829498385811e-05,same frozen seed0 calibration sequences as finite effect,all FourOverSix; causal-per-token activation,"BF16 forward, FP32 log_softmax, FP64 paired sequence summaries",research_runs/mixfp4_n16k64_full_validation_20260911T065444Z/runs/V43_fidelity_llama8b_attempt1/fidelity/fidelity_report.json,bc9be3a83c1777a9b43827b2f3bb2c81eb8d0b6cb757d80f8448bb406ab32527
llama8b,16,rejected,model.layers.12.mlp.down_proj,17864,ce,False,-1.7985736366910032e-07,8.660725782966951e-07,0.0011460877140052617,0.001041956728054949,-0.0008961474729824383,0.0031883229009929616,1.0999379179063387,False,False,128 calibration sequences; not held-out documents,65408,3406044,1.1743829498385811e-05,same frozen seed0 calibration sequences as finite effect,all FourOverSix; causal-per-token activation,"BF16 forward, FP32 log_softmax, FP64 paired sequence summaries",research_runs/mixfp4_n16k64_full_validation_20260911T065444Z/runs/V43_fidelity_llama8b_attempt1/fidelity/fidelity_report.json,bc9be3a83c1777a9b43827b2f3bb2c81eb8d0b6cb757d80f8448bb406ab32527
llama8b,16,rejected,model.layers.12.mlp.down_proj,17864,kl,False,-2.546184527663087e-07,4.934719915442954e-07,0.0002034413093285464,0.0006573660302116217,-0.001084996109886232,0.001491878728543325,0.30947949845089173,False,False,128 calibration sequences; not held-out documents,65408,3406044,1.1743829498385811e-05,same frozen seed0 calibration sequences as finite effect,all FourOverSix; causal-per-token activation,"BF16 forward, FP32 log_softmax, FP64 paired sequence summaries",research_runs/mixfp4_n16k64_full_validation_20260911T065444Z/runs/V43_fidelity_llama8b_attempt1/fidelity/fidelity_report.json,bc9be3a83c1777a9b43827b2f3bb2c81eb8d0b6cb757d80f8448bb406ab32527
llama8b,16,rejected,model.layers.5.mlp.up_proj,31162,ce,False,2.497849811433639e-07,1.0232952988451573e-06,0.0014176214463077486,0.0013216147516186452,-0.001172743466864796,0.004007986359480293,1.072643479933558,True,False,128 calibration sequences; not held-out documents,65408,3406044,1.1743829498385811e-05,same frozen seed0 calibration sequences as finite effect,all FourOverSix; causal-per-token activation,"BF16 forward, FP32 log_softmax, FP64 paired sequence summaries",research_runs/mixfp4_n16k64_full_validation_20260911T065444Z/runs/V43_fidelity_llama8b_attempt1/fidelity/fidelity_report.json,bc9be3a83c1777a9b43827b2f3bb2c81eb8d0b6cb757d80f8448bb406ab32527
llama8b,16,rejected,model.layers.5.mlp.up_proj,31162,kl,False,7.20021844258234e-07,1.0061427205254884e-06,0.001484306827702826,0.0008924206200052535,-0.0002648375875074708,0.003233451242913123,1.6632368128092874,True,False,128 calibration sequences; not held-out documents,65408,3406044,1.1743829498385811e-05,same frozen seed0 calibration sequences as finite effect,all FourOverSix; causal-per-token activation,"BF16 forward, FP32 log_softmax, FP64 paired sequence summaries",research_runs/mixfp4_n16k64_full_validation_20260911T065444Z/runs/V43_fidelity_llama8b_attempt1/fidelity/fidelity_report.json,bc9be3a83c1777a9b43827b2f3bb2c81eb8d0b6cb757d80f8448bb406ab32527
llama8b,16,rejected,model.layers.8.mlp.down_proj,42063,ce,False,1.1361283536182043e-06,7.242147177086215e-07,0.0017560870037414134,0.0013091516132299255,-0.0008098501581892408,0.004322024165672067,1.3413931480470878,True,False,128 calibration sequences; not held-out documents,65408,3406044,1.1743829498385811e-05,same frozen seed0 calibration sequences as finite effect,all FourOverSix; causal-per-token activation,"BF16 forward, FP32 log_softmax, FP64 paired sequence summaries",research_runs/mixfp4_n16k64_full_validation_20260911T065444Z/runs/V43_fidelity_llama8b_attempt1/fidelity/fidelity_report.json,bc9be3a83c1777a9b43827b2f3bb2c81eb8d0b6cb757d80f8448bb406ab32527
llama8b,16,rejected,model.layers.8.mlp.down_proj,42063,kl,False,6.183368861933936e-07,4.4651918065951456e-07,-0.0003564453322388182,0.0006842394766670951,-0.0016975547065063246,0.0009846640420286882,-0.5209365206097872,False,False,128 calibration sequences; not held-out documents,65408,3406044,1.1743829498385811e-05,same frozen seed0 calibration sequences as finite effect,all FourOverSix; causal-per-token activation,"BF16 forward, FP32 log_softmax, FP64 paired sequence summaries",research_runs/mixfp4_n16k64_full_validation_20260911T065444Z/runs/V43_fidelity_llama8b_attempt1/fidelity/fidelity_report.json,bc9be3a83c1777a9b43827b2f3bb2c81eb8d0b6cb757d80f8448bb406ab32527
llama8b,16,rejected,model.layers.22.mlp.down_proj,10836,ce,False,4.450816171175376e-07,7.014793708707865e-07,0.00027749413857236505,0.0007606513444148481,-0.0012133824964807372,0.0017683707736254673,0.3648112116147445,True,False,128 calibration sequences; not held-out documents,65408,3406044,1.1743829498385811e-05,same frozen seed0 calibration sequences as finite effect,all FourOverSix; causal-per-token activation,"BF16 forward, FP32 log_softmax, FP64 paired sequence summaries",research_runs/mixfp4_n16k64_full_validation_20260911T065444Z/runs/V43_fidelity_llama8b_attempt1/fidelity/fidelity_report.json,bc9be3a83c1777a9b43827b2f3bb2c81eb8d0b6cb757d80f8448bb406ab32527
llama8b,16,rejected,model.layers.22.mlp.down_proj,10836,kl,False,-6.11145261619761e-07,6.115018397858577e-07,-0.00022936488052855114,0.00042789717508682086,-0.00106804334369872,0.0006093135826416177,-0.5360280316924568,True,False,128 calibration sequences; not held-out documents,65408,3406044,1.1743829498385811e-05,same frozen seed0 calibration sequences as finite effect,all FourOverSix; causal-per-token activation,"BF16 forward, FP32 log_softmax, FP64 paired sequence summaries",research_runs/mixfp4_n16k64_full_validation_20260911T065444Z/runs/V43_fidelity_llama8b_attempt1/fidelity/fidelity_report.json,bc9be3a83c1777a9b43827b2f3bb2c81eb8d0b6cb757d80f8448bb406ab32527
llama8b,16,rejected,model.layers.9.mlp.gate_proj,19330,ce,False,1.9685316487993987e-08,7.660185504935629e-07,0.002848614938557148,0.001226013551688681,0.0004456283772473332,0.005251601499866963,2.3234775297822243,True,True,128 calibration sequences; not held-out documents,65408,3406044,1.1743829498385811e-05,same frozen seed0 calibration sequences as finite effect,all FourOverSix; causal-per-token activation,"BF16 forward, FP32 log_softmax, FP64 paired sequence summaries",research_runs/mixfp4_n16k64_full_validation_20260911T065444Z/runs/V43_fidelity_llama8b_attempt1/fidelity/fidelity_report.json,bc9be3a83c1777a9b43827b2f3bb2c81eb8d0b6cb757d80f8448bb406ab32527
llama8b,16,rejected,model.layers.9.mlp.gate_proj,19330,kl,False,2.6876600461855915e-07,5.737210844317416e-07,0.0012640374554486033,0.0006769661809758072,-6.281625926397882e-05,0.002590891170161185,1.867209161950405,True,False,128 calibration sequences; not held-out documents,65408,3406044,1.1743829498385811e-05,same frozen seed0 calibration sequences as finite effect,all FourOverSix; causal-per-token activation,"BF16 forward, FP32 log_softmax, FP64 paired sequence summaries",research_runs/mixfp4_n16k64_full_validation_20260911T065444Z/runs/V43_fidelity_llama8b_attempt1/fidelity/fidelity_report.json,bc9be3a83c1777a9b43827b2f3bb2c81eb8d0b6cb757d80f8448bb406ab32527
llama8b,16,rejected,model.layers.31.mlp.up_proj,41058,ce,False,1.7198096554649211e-06,1.4564949599754156e-06,1.593580236658454e-05,2.499162257042379e-05,-3.304777787144609e-05,6.491938260461518e-05,0.6376457679640091,True,False,128 calibration sequences; not held-out documents,65408,3406044,1.1743829498385811e-05,same frozen seed0 calibration sequences as finite effect,all FourOverSix; causal-per-token activation,"BF16 forward, FP32 log_softmax, FP64 paired sequence summaries",research_runs/mixfp4_n16k64_full_validation_20260911T065444Z/runs/V43_fidelity_llama8b_attempt1/fidelity/fidelity_report.json,bc9be3a83c1777a9b43827b2f3bb2c81eb8d0b6cb757d80f8448bb406ab32527
llama8b,16,rejected,model.layers.31.mlp.up_proj,41058,kl,False,1.806628219247486e-08,3.19723729073607e-07,-6.908064710623276e-06,5.758810483798676e-06,-1.819533325886868e-05,4.3792038376221285e-06,-1.199564515980828,False,False,128 calibration sequences; not held-out documents,65408,3406044,1.1743829498385811e-05,same frozen seed0 calibration sequences as finite effect,all FourOverSix; causal-per-token activation,"BF16 forward, FP32 log_softmax, FP64 paired sequence summaries",research_runs/mixfp4_n16k64_full_validation_20260911T065444Z/runs/V43_fidelity_llama8b_attempt1/fidelity/fidelity_report.json,bc9be3a83c1777a9b43827b2f3bb2c81eb8d0b6cb757d80f8448bb406ab32527
llama8b,16,rejected,model.layers.19.mlp.gate_proj,17926,ce,False,8.402105677873806e-10,9.542715948024894e-07,0.00045595935080200434,0.001040285021880773,-0.0015829992920843106,0.0024949179936883193,0.4383023317760138,True,False,128 calibration sequences; not held-out documents,65408,3406044,1.1743829498385811e-05,same frozen seed0 calibration sequences as finite effect,all FourOverSix; causal-per-token activation,"BF16 forward, FP32 log_softmax, FP64 paired sequence summaries",research_runs/mixfp4_n16k64_full_validation_20260911T065444Z/runs/V43_fidelity_llama8b_attempt1/fidelity/fidelity_report.json,bc9be3a83c1777a9b43827b2f3bb2c81eb8d0b6cb757d80f8448bb406ab32527
llama8b,16,rejected,model.layers.19.mlp.gate_proj,17926,kl,False,-5.20977784412846e-07,5.576491669617456e-07,1.1107172005694573e-05,0.0006285987759678364,-0.0012209464288912646,0.0012431607729026539,0.017669732157198626,False,False,128 calibration sequences; not held-out documents,65408,3406044,1.1743829498385811e-05,same frozen seed0 calibration sequences as finite effect,all FourOverSix; causal-per-token activation,"BF16 forward, FP32 log_softmax, FP64 paired sequence summaries",research_runs/mixfp4_n16k64_full_validation_20260911T065444Z/runs/V43_fidelity_llama8b_attempt1/fidelity/fidelity_report.json,bc9be3a83c1777a9b43827b2f3bb2c81eb8d0b6cb757d80f8448bb406ab32527
llama8b,16,rejected,model.layers.22.mlp.gate_proj,28596,ce,False,9.124735203536183e-07,6.911681992929053e-07,7.833761628717184e-06,0.0007538354709510731,-0.001469683761435386,0.0014853512846928203,0.01039187187468607,True,False,128 calibration sequences; not held-out documents,65408,3406044,1.1743829498385811e-05,same frozen seed0 calibration sequences as finite effect,all FourOverSix; causal-per-token activation,"BF16 forward, FP32 log_softmax, FP64 paired sequence summaries",research_runs/mixfp4_n16k64_full_validation_20260911T065444Z/runs/V43_fidelity_llama8b_attempt1/fidelity/fidelity_report.json,bc9be3a83c1777a9b43827b2f3bb2c81eb8d0b6cb757d80f8448bb406ab32527
llama8b,16,rejected,model.layers.22.mlp.gate_proj,28596,kl,False,5.702711945998473e-07,4.7397224741455015e-07,-0.00040160301598613814,0.00046780447178638074,-0.0013184997806874443,0.0005152937487151681,-0.8584847734622063,False,False,128 calibration sequences; not held-out documents,65408,3406044,1.1743829498385811e-05,same frozen seed0 calibration sequences as finite effect,all FourOverSix; causal-per-token activation,"BF16 forward, FP32 log_softmax, FP64 paired sequence summaries",research_runs/mixfp4_n16k64_full_validation_20260911T065444Z/runs/V43_fidelity_llama8b_attempt1/fidelity/fidelity_report.json,bc9be3a83c1777a9b43827b2f3bb2c81eb8d0b6cb757d80f8448bb406ab32527
llama8b,16,rejected,model.layers.21.mlp.gate_proj,47416,ce,False,4.3483808487287945e-07,8.827320977405938e-07,0.0009377303067594767,0.0008697592311626206,-0.0007669977863192597,0.002642458399838213,1.0781493005897713,True,False,128 calibration sequences; not held-out documents,65408,3406044,1.1743829498385811e-05,same frozen seed0 calibration sequences as finite effect,all FourOverSix; causal-per-token activation,"BF16 forward, FP32 log_softmax, FP64 paired sequence summaries",research_runs/mixfp4_n16k64_full_validation_20260911T065444Z/runs/V43_fidelity_llama8b_attempt1/fidelity/fidelity_report.json,bc9be3a83c1777a9b43827b2f3bb2c81eb8d0b6cb757d80f8448bb406ab32527
llama8b,16,rejected,model.layers.21.mlp.gate_proj,47416,kl,False,1.6658251172918526e-07,5.283669731753059e-07,-2.0641567134349148e-05,0.0004669876587468702,-0.0009359373782782147,0.0008946542440095163,-0.04420152598837279,False,False,128 calibration sequences; not held-out documents,65408,3406044,1.1743829498385811e-05,same frozen seed0 calibration sequences as finite effect,all FourOverSix; causal-per-token activation,"BF16 forward, FP32 log_softmax, FP64 paired sequence summaries",research_runs/mixfp4_n16k64_full_validation_20260911T065444Z/runs/V43_fidelity_llama8b_attempt1/fidelity/fidelity_report.json,bc9be3a83c1777a9b43827b2f3bb2c81eb8d0b6cb757d80f8448bb406ab32527
llama8b,16,rejected,model.layers.12.self_attn.o_proj,12406,ce,False,2.871702164952694e-07,1.5143625767423626e-06,0.0023204911849461496,0.0011077072754587932,0.00014938492504691474,0.0044915974448453844,2.0948595683684053,True,True,128 calibration sequences; not held-out documents,65408,3406044,1.1743829498385811e-05,same frozen seed0 calibration sequences as finite effect,all FourOverSix; causal-per-token activation,"BF16 forward, FP32 log_softmax, FP64 paired sequence summaries",research_runs/mixfp4_n16k64_full_validation_20260911T065444Z/runs/V43_fidelity_llama8b_attempt1/fidelity/fidelity_report.json,bc9be3a83c1777a9b43827b2f3bb2c81eb8d0b6cb757d80f8448bb406ab32527
llama8b,16,rejected,model.layers.12.self_attn.o_proj,12406,kl,False,-5.603274180199236e-07,7.992481344874249e-07,0.0005472038114182603,0.0006443602572857439,-0.0007157422928617976,0.0018101499156983182,0.8492203006486801,False,False,128 calibration sequences; not held-out documents,65408,3406044,1.1743829498385811e-05,same frozen seed0 calibration sequences as finite effect,all FourOverSix; causal-per-token activation,"BF16 forward, FP32 log_softmax, FP64 paired sequence summaries",research_runs/mixfp4_n16k64_full_validation_20260911T065444Z/runs/V43_fidelity_llama8b_attempt1/fidelity/fidelity_report.json,bc9be3a83c1777a9b43827b2f3bb2c81eb8d0b6cb757d80f8448bb406ab32527
llama8b,16,rejected,model.layers.31.mlp.up_proj,16940,ce,False,2.65844794888892e-06,9.582261772978252e-07,7.41082476451993e-06,2.4735153472706192e-05,-4.1070076041984204e-05,5.5891725571024064e-05,0.29960698536588204,True,False,128 calibration sequences; not held-out documents,65408,3406044,1.1743829498385811e-05,same frozen seed0 calibration sequences as finite effect,all FourOverSix; causal-per-token activation,"BF16 forward, FP32 log_softmax, FP64 paired sequence summaries",research_runs/mixfp4_n16k64_full_validation_20260911T065444Z/runs/V43_fidelity_llama8b_attempt1/fidelity/fidelity_report.json,bc9be3a83c1777a9b43827b2f3bb2c81eb8d0b6cb757d80f8448bb406ab32527
llama8b,16,rejected,model.layers.31.mlp.up_proj,16940,kl,False,-7.933401161008824e-08,3.4158485933001803e-07,-3.3907782394758124e-06,6.078991765326787e-06,-1.5305602099516315e-05,8.52404562056469e-06,-0.5577862860114493,True,False,128 calibration sequences; not held-out documents,65408,3406044,1.1743829498385811e-05,same frozen seed0 calibration sequences as finite effect,all FourOverSix; causal-per-token activation,"BF16 forward, FP32 log_softmax, FP64 paired sequence summaries",research_runs/mixfp4_n16k64_full_validation_20260911T065444Z/runs/V43_fidelity_llama8b_attempt1/fidelity/fidelity_report.json,bc9be3a83c1777a9b43827b2f3bb2c81eb8d0b6cb757d80f8448bb406ab32527
llama8b,16,rejected,model.layers.15.mlp.up_proj,36994,ce,False,1.2807173304096864e-06,8.897241676342129e-07,0.0014281949843280017,0.001044096345065167,-0.0006182338519997257,0.003474623820655729,1.3678766246795562,True,False,128 calibration sequences; not held-out documents,65408,3406044,1.1743829498385811e-05,same frozen seed0 calibration sequences as finite effect,all FourOverSix; causal-per-token activation,"BF16 forward, FP32 log_softmax, FP64 paired sequence summaries",research_runs/mixfp4_n16k64_full_validation_20260911T065444Z/runs/V43_fidelity_llama8b_attempt1/fidelity/fidelity_report.json,bc9be3a83c1777a9b43827b2f3bb2c81eb8d0b6cb757d80f8448bb406ab32527
llama8b,16,rejected,model.layers.15.mlp.up_proj,36994,kl,False,-1.3030597645347086e-07,6.651188681098442e-07,0.0004215566992795406,0.0007848106863704593,-0.0011166722460065597,0.001959785644565641,0.5371444433677734,False,False,128 calibration sequences; not held-out documents,65408,3406044,1.1743829498385811e-05,same frozen seed0 calibration sequences as finite effect,all FourOverSix; causal-per-token activation,"BF16 forward, FP32 log_softmax, FP64 paired sequence summaries",research_runs/mixfp4_n16k64_full_validation_20260911T065444Z/runs/V43_fidelity_llama8b_attempt1/fidelity/fidelity_report.json,bc9be3a83c1777a9b43827b2f3bb2c81eb8d0b6cb757d80f8448bb406ab32527
llama8b,16,rejected,model.layers.20.mlp.down_proj,46746,ce,False,-1.5019560417606215e-07,8.655532693072247e-07,0.0008730777772143483,0.0009087368161738596,-0.0009080463824864165,0.0026542019369151133,0.960759772989445,False,False,128 calibration sequences; not held-out documents,65408,3406044,1.1743829498385811e-05,same frozen seed0 calibration sequences as finite effect,all FourOverSix; causal-per-token activation,"BF16 forward, FP32 log_softmax, FP64 paired sequence summaries",research_runs/mixfp4_n16k64_full_validation_20260911T065444Z/runs/V43_fidelity_llama8b_attempt1/fidelity/fidelity_report.json,bc9be3a83c1777a9b43827b2f3bb2c81eb8d0b6cb757d80f8448bb406ab32527
llama8b,16,rejected,model.layers.20.mlp.down_proj,46746,kl,False,4.855379474449917e-07,9.226516923010211e-07,-1.1991073431601282e-05,0.0003991237798405783,-0.0007942736819191347,0.0007702915350559323,-0.030043495369759393,False,False,128 calibration sequences; not held-out documents,65408,3406044,1.1743829498385811e-05,same frozen seed0 calibration sequences as finite effect,all FourOverSix; causal-per-token activation,"BF16 forward, FP32 log_softmax, FP64 paired sequence summaries",research_runs/mixfp4_n16k64_full_validation_20260911T065444Z/runs/V43_fidelity_llama8b_attempt1/fidelity/fidelity_report.json,bc9be3a83c1777a9b43827b2f3bb2c81eb8d0b6cb757d80f8448bb406ab32527
llama8b,16,rejected,model.layers.10.mlp.down_proj,25274,ce,False,5.783745982146371e-07,7.103334805362781e-07,0.00233967206440866,0.0014170923984594581,-0.00043782903657187816,0.005117173165389198,1.6510370579590659,True,False,128 calibration sequences; not held-out documents,65408,3406044,1.1743829498385811e-05,same frozen seed0 calibration sequences as finite effect,all FourOverSix; causal-per-token activation,"BF16 forward, FP32 log_softmax, FP64 paired sequence summaries",research_runs/mixfp4_n16k64_full_validation_20260911T065444Z/runs/V43_fidelity_llama8b_attempt1/fidelity/fidelity_report.json,bc9be3a83c1777a9b43827b2f3bb2c81eb8d0b6cb757d80f8448bb406ab32527
llama8b,16,rejected,model.layers.10.mlp.down_proj,25274,kl,False,2.0101764514057763e-07,4.1581619811138663e-07,0.0007207670146012648,0.0008884387151225639,-0.0010205728670389603,0.0024621068962414902,0.8112737573596531,True,False,128 calibration sequences; not held-out documents,65408,3406044,1.1743829498385811e-05,same frozen seed0 calibration sequences as finite effect,all FourOverSix; causal-per-token activation,"BF16 forward, FP32 log_softmax, FP64 paired sequence summaries",research_runs/mixfp4_n16k64_full_validation_20260911T065444Z/runs/V43_fidelity_llama8b_attempt1/fidelity/fidelity_report.json,bc9be3a83c1777a9b43827b2f3bb2c81eb8d0b6cb757d80f8448bb406ab32527
llama8b,16,rejected,model.layers.10.self_attn.v_proj,803,ce,False,-1.484412213592634e-06,1.8616956858519724e-06,0.003982189227826893,0.0013106102473943938,0.0014133931429338815,0.006550985312719905,3.0384236928894985,False,True,128 calibration sequences; not held-out documents,65408,3406044,1.1743829498385811e-05,same frozen seed0 calibration sequences as finite effect,all FourOverSix; causal-per-token activation,"BF16 forward, FP32 log_softmax, FP64 paired sequence summaries",research_runs/mixfp4_n16k64_full_validation_20260911T065444Z/runs/V43_fidelity_llama8b_attempt1/fidelity/fidelity_report.json,bc9be3a83c1777a9b43827b2f3bb2c81eb8d0b6cb757d80f8448bb406ab32527
llama8b,16,rejected,model.layers.10.self_attn.v_proj,803,kl,False,4.98894457523491e-07,9.754559693125374e-07,0.0013199885766114665,0.0007971888424063976,-0.00024250155450507272,0.0028824787077280055,1.6558041287017309,True,False,128 calibration sequences; not held-out documents,65408,3406044,1.1743829498385811e-05,same frozen seed0 calibration sequences as finite effect,all FourOverSix; causal-per-token activation,"BF16 forward, FP32 log_softmax, FP64 paired sequence summaries",research_runs/mixfp4_n16k64_full_validation_20260911T065444Z/runs/V43_fidelity_llama8b_attempt1/fidelity/fidelity_report.json,bc9be3a83c1777a9b43827b2f3bb2c81eb8d0b6cb757d80f8448bb406ab32527
llama8b,16,rejected,model.layers.7.mlp.up_proj,41260,ce,False,1.4797472891459051e-06,7.39909348230059e-07,0.0015891860821284354,0.0016915253816461823,-0.0017262036658980818,0.004904575830154953,0.9394988094011626,True,False,128 calibration sequences; not held-out documents,65408,3406044,1.1743829498385811e-05,same frozen seed0 calibration sequences as finite effect,all FourOverSix; causal-per-token activation,"BF16 forward, FP32 log_softmax, FP64 paired sequence summaries",research_runs/mixfp4_n16k64_full_validation_20260911T065444Z/runs/V43_fidelity_llama8b_attempt1/fidelity/fidelity_report.json,bc9be3a83c1777a9b43827b2f3bb2c81eb8d0b6cb757d80f8448bb406ab32527
llama8b,16,rejected,model.layers.7.mlp.up_proj,41260,kl,False,4.223467225950017e-07,5.046653160031364e-07,0.0007282477300325444,0.0010034195172881457,-0.001238454523852221,0.00269494998391731,0.725765960782501,True,False,128 calibration sequences; not held-out documents,65408,3406044,1.1743829498385811e-05,same frozen seed0 calibration sequences as finite effect,all FourOverSix; causal-per-token activation,"BF16 forward, FP32 log_softmax, FP64 paired sequence summaries",research_runs/mixfp4_n16k64_full_validation_20260911T065444Z/runs/V43_fidelity_llama8b_attempt1/fidelity/fidelity_report.json,bc9be3a83c1777a9b43827b2f3bb2c81eb8d0b6cb757d80f8448bb406ab32527
llama8b,16,rejected,model.layers.20.mlp.gate_proj,30633,ce,False,8.388927927871492e-07,6.598410462548041e-07,0.0004559941589832306,0.000916788217352161,-0.001340910747027005,0.0022528990649934664,0.49738222018190703,True,False,128 calibration sequences; not held-out documents,65408,3406044,1.1743829498385811e-05,same frozen seed0 calibration sequences as finite effect,all FourOverSix; causal-per-token activation,"BF16 forward, FP32 log_softmax, FP64 paired sequence summaries",research_runs/mixfp4_n16k64_full_validation_20260911T065444Z/runs/V43_fidelity_llama8b_attempt1/fidelity/fidelity_report.json,bc9be3a83c1777a9b43827b2f3bb2c81eb8d0b6cb757d80f8448bb406ab32527
llama8b,16,rejected,model.layers.20.mlp.gate_proj,30633,kl,False,3.6186101248780744e-07,4.192675908043805e-07,-0.00035107882984485695,0.00045231287351105897,-0.0012376120619265326,0.0005354544022368186,-0.7761858005933433,False,False,128 calibration sequences; not held-out documents,65408,3406044,1.1743829498385811e-05,same frozen seed0 calibration sequences as finite effect,all FourOverSix; causal-per-token activation,"BF16 forward, FP32 log_softmax, FP64 paired sequence summaries",research_runs/mixfp4_n16k64_full_validation_20260911T065444Z/runs/V43_fidelity_llama8b_attempt1/fidelity/fidelity_report.json,bc9be3a83c1777a9b43827b2f3bb2c81eb8d0b6cb757d80f8448bb406ab32527
llama8b,16,rejected,model.layers.4.mlp.up_proj,27575,ce,False,-3.287796987994085e-07,1.1506141130494139e-06,0.002111245004925877,0.0015959434308254878,-0.001016804119492079,0.005239294129343833,1.3228821048085984,False,False,128 calibration sequences; not held-out documents,65408,3406044,1.1743829498385811e-05,same frozen seed0 calibration sequences as finite effect,all FourOverSix; causal-per-token activation,"BF16 forward, FP32 log_softmax, FP64 paired sequence summaries",research_runs/mixfp4_n16k64_full_validation_20260911T065444Z/runs/V43_fidelity_llama8b_attempt1/fidelity/fidelity_report.json,bc9be3a83c1777a9b43827b2f3bb2c81eb8d0b6cb757d80f8448bb406ab32527
llama8b,16,rejected,model.layers.4.mlp.up_proj,27575,kl,False,6.130289972317016e-07,9.63644817172828e-07,0.0006712495796620964,0.000822630220116293,-0.0009411056517658379,0.002283604811090031,0.815979723632331,True,False,128 calibration sequences; not held-out documents,65408,3406044,1.1743829498385811e-05,same frozen seed0 calibration sequences as finite effect,all FourOverSix; causal-per-token activation,"BF16 forward, FP32 log_softmax, FP64 paired sequence summaries",research_runs/mixfp4_n16k64_full_validation_20260911T065444Z/runs/V43_fidelity_llama8b_attempt1/fidelity/fidelity_report.json,bc9be3a83c1777a9b43827b2f3bb2c81eb8d0b6cb757d80f8448bb406ab32527
llama8b,16,rejected,model.layers.16.mlp.up_proj,39442,ce,False,-2.400115286516069e-07,1.121073423023521e-06,0.002276349870953709,0.0011763090496810448,-2.9215866421138798e-05,0.004581915608328557,1.935163103243097,False,False,128 calibration sequences; not held-out documents,65408,3406044,1.1743829498385811e-05,same frozen seed0 calibration sequences as finite effect,all FourOverSix; causal-per-token activation,"BF16 forward, FP32 log_softmax, FP64 paired sequence summaries",research_runs/mixfp4_n16k64_full_validation_20260911T065444Z/runs/V43_fidelity_llama8b_attempt1/fidelity/fidelity_report.json,bc9be3a83c1777a9b43827b2f3bb2c81eb8d0b6cb757d80f8448bb406ab32527
llama8b,16,rejected,model.layers.16.mlp.up_proj,39442,kl,False,-6.139699442186952e-07,7.730308991922772e-07,0.00101368620980138,0.0007482820949397066,-0.00045294669628044484,0.002480319115883205,1.3546845723778258,False,False,128 calibration sequences; not held-out documents,65408,3406044,1.1743829498385811e-05,same frozen seed0 calibration sequences as finite effect,all FourOverSix; causal-per-token activation,"BF16 forward, FP32 log_softmax, FP64 paired sequence summaries",research_runs/mixfp4_n16k64_full_validation_20260911T065444Z/runs/V43_fidelity_llama8b_attempt1/fidelity/fidelity_report.json,bc9be3a83c1777a9b43827b2f3bb2c81eb8d0b6cb757d80f8448bb406ab32527
llama8b,16,rejected,model.layers.24.mlp.up_proj,13649,ce,False,5.6980041462928455e-08,7.622861950259346e-07,-0.0002192988176830113,0.0005707710381737019,-0.001338010052503467,0.0008994124171374444,-0.3842150407363038,False,False,128 calibration sequences; not held-out documents,65408,3406044,1.1743829498385811e-05,same frozen seed0 calibration sequences as finite effect,all FourOverSix; causal-per-token activation,"BF16 forward, FP32 log_softmax, FP64 paired sequence summaries",research_runs/mixfp4_n16k64_full_validation_20260911T065444Z/runs/V43_fidelity_llama8b_attempt1/fidelity/fidelity_report.json,bc9be3a83c1777a9b43827b2f3bb2c81eb8d0b6cb757d80f8448bb406ab32527
llama8b,16,rejected,model.layers.24.mlp.up_proj,13649,kl,False,8.26913187645939e-08,5.632831892690205e-07,-0.000412572852174284,0.00032919756969021437,-0.0010578000887671041,0.00023265438441853617,-1.2532682199401668,False,False,128 calibration sequences; not held-out documents,65408,3406044,1.1743829498385811e-05,same frozen seed0 calibration sequences as finite effect,all FourOverSix; causal-per-token activation,"BF16 forward, FP32 log_softmax, FP64 paired sequence summaries",research_runs/mixfp4_n16k64_full_validation_20260911T065444Z/runs/V43_fidelity_llama8b_attempt1/fidelity/fidelity_report.json,bc9be3a83c1777a9b43827b2f3bb2c81eb8d0b6cb757d80f8448bb406ab32527
llama8b,16,rejected,model.layers.20.mlp.down_proj,26746,ce,False,1.499262158866088e-08,9.679724805043749e-07,0.0010559387737885118,0.0009255766845131239,-0.0007581915278572111,0.0028700690754342346,1.1408441801275078,True,False,128 calibration sequences; not held-out documents,65408,3406044,1.1743829498385811e-05,same frozen seed0 calibration sequences as finite effect,all FourOverSix; causal-per-token activation,"BF16 forward, FP32 log_softmax, FP64 paired sequence summaries",research_runs/mixfp4_n16k64_full_validation_20260911T065444Z/runs/V43_fidelity_llama8b_attempt1/fidelity/fidelity_report.json,bc9be3a83c1777a9b43827b2f3bb2c81eb8d0b6cb757d80f8448bb406ab32527
llama8b,16,rejected,model.layers.20.mlp.down_proj,26746,kl,False,1.4768475931070668e-07,6.596393114060732e-07,0.00032566271222080946,0.0004703307438334503,-0.0005961855456927532,0.001247510970134372,0.6924121301671287,True,False,128 calibration sequences; not held-out documents,65408,3406044,1.1743829498385811e-05,same frozen seed0 calibration sequences as finite effect,all FourOverSix; causal-per-token activation,"BF16 forward, FP32 log_softmax, FP64 paired sequence summaries",research_runs/mixfp4_n16k64_full_validation_20260911T065444Z/runs/V43_fidelity_llama8b_attempt1/fidelity/fidelity_report.json,bc9be3a83c1777a9b43827b2f3bb2c81eb8d0b6cb757d80f8448bb406ab32527
llama8b,16,rejected,model.layers.13.mlp.gate_proj,25094,ce,False,1.0753962382814564e-06,4.943459156648516e-07,0.0025343478773720562,0.0011506941383834543,0.00027898736614048606,0.004789708388603627,2.2024513663834417,True,True,128 calibration sequences; not held-out documents,65408,3406044,1.1743829498385811e-05,same frozen seed0 calibration sequences as finite effect,all FourOverSix; causal-per-token activation,"BF16 forward, FP32 log_softmax, FP64 paired sequence summaries",research_runs/mixfp4_n16k64_full_validation_20260911T065444Z/runs/V43_fidelity_llama8b_attempt1/fidelity/fidelity_report.json,bc9be3a83c1777a9b43827b2f3bb2c81eb8d0b6cb757d80f8448bb406ab32527
llama8b,16,rejected,model.layers.13.mlp.gate_proj,25094,kl,False,6.175968175758939e-07,2.867566608722898e-07,0.0008820480283570595,0.0006588270097092181,-0.00040925291067300796,0.002173348967387127,1.3388158277638966,True,False,128 calibration sequences; not held-out documents,65408,3406044,1.1743829498385811e-05,same frozen seed0 calibration sequences as finite effect,all FourOverSix; causal-per-token activation,"BF16 forward, FP32 log_softmax, FP64 paired sequence summaries",research_runs/mixfp4_n16k64_full_validation_20260911T065444Z/runs/V43_fidelity_llama8b_attempt1/fidelity/fidelity_report.json,bc9be3a83c1777a9b43827b2f3bb2c81eb8d0b6cb757d80f8448bb406ab32527
llama8b,16,rejected,model.layers.14.self_attn.o_proj,8352,ce,False,-1.3395623881251595e-06,2.0166907108831937e-06,0.0018397773383185267,0.0010485570697363834,-0.00021539451836478452,0.003894949195001838,1.7545800714319375,False,False,128 calibration sequences; not held-out documents,65408,3406044,1.1743829498385811e-05,same frozen seed0 calibration sequences as finite effect,all FourOverSix; causal-per-token activation,"BF16 forward, FP32 log_softmax, FP64 paired sequence summaries",research_runs/mixfp4_n16k64_full_validation_20260911T065444Z/runs/V43_fidelity_llama8b_attempt1/fidelity/fidelity_report.json,bc9be3a83c1777a9b43827b2f3bb2c81eb8d0b6cb757d80f8448bb406ab32527
llama8b,16,rejected,model.layers.14.self_attn.o_proj,8352,kl,False,-1.853379025806845e-07,1.1409535300889814e-06,6.109790148089257e-05,0.0005830614462417127,-0.0010817025331528644,0.0012038983361146495,0.1047881005933703,False,False,128 calibration sequences; not held-out documents,65408,3406044,1.1743829498385811e-05,same frozen seed0 calibration sequences as finite effect,all FourOverSix; causal-per-token activation,"BF16 forward, FP32 log_softmax, FP64 paired sequence summaries",research_runs/mixfp4_n16k64_full_validation_20260911T065444Z/runs/V43_fidelity_llama8b_attempt1/fidelity/fidelity_report.json,bc9be3a83c1777a9b43827b2f3bb2c81eb8d0b6cb757d80f8448bb406ab32527
llama8b,16,rejected,model.layers.7.mlp.up_proj,27596,ce,False,-2.9009828939052795e-07,1.0754739212886477e-06,0.0040794790256768465,0.0013177475279858714,0.0014966938708245387,0.006662264180529154,3.0957971379481015,False,True,128 calibration sequences; not held-out documents,65408,3406044,1.1743829498385811e-05,same frozen seed0 calibration sequences as finite effect,all FourOverSix; causal-per-token activation,"BF16 forward, FP32 log_softmax, FP64 paired sequence summaries",research_runs/mixfp4_n16k64_full_validation_20260911T065444Z/runs/V43_fidelity_llama8b_attempt1/fidelity/fidelity_report.json,bc9be3a83c1777a9b43827b2f3bb2c81eb8d0b6cb757d80f8448bb406ab32527
llama8b,16,rejected,model.layers.7.mlp.up_proj,27596,kl,False,4.062427643169997e-07,5.976664054506738e-07,0.0013251871221840246,0.0009126869827621421,-0.0004636793640297738,0.003114053608397823,1.4519623345273298,True,False,128 calibration sequences; not held-out documents,65408,3406044,1.1743829498385811e-05,same frozen seed0 calibration sequences as finite effect,all FourOverSix; causal-per-token activation,"BF16 forward, FP32 log_softmax, FP64 paired sequence summaries",research_runs/mixfp4_n16k64_full_validation_20260911T065444Z/runs/V43_fidelity_llama8b_attempt1/fidelity/fidelity_report.json,bc9be3a83c1777a9b43827b2f3bb2c81eb8d0b6cb757d80f8448bb406ab32527
llama8b,16,rejected,model.layers.20.mlp.up_proj,46465,ce,False,-3.0342141354999796e-07,8.007697815560511e-07,0.0012216566246934235,0.0008653647159227153,-0.00047445821851509846,0.0029177714679019455,1.4117245621585157,False,False,128 calibration sequences; not held-out documents,65408,3406044,1.1743829498385811e-05,same frozen seed0 calibration sequences as finite effect,all FourOverSix; causal-per-token activation,"BF16 forward, FP32 log_softmax, FP64 paired sequence summaries",research_runs/mixfp4_n16k64_full_validation_20260911T065444Z/runs/V43_fidelity_llama8b_attempt1/fidelity/fidelity_report.json,bc9be3a83c1777a9b43827b2f3bb2c81eb8d0b6cb757d80f8448bb406ab32527
llama8b,16,rejected,model.layers.20.mlp.up_proj,46465,kl,False,2.497334657403094e-07,7.09976760752233e-07,0.0009364188878200719,0.0005399449965302902,-0.00012187330537929693,0.001994711081019441,1.7342857028725887,True,False,128 calibration sequences; not held-out documents,65408,3406044,1.1743829498385811e-05,same frozen seed0 calibration sequences as finite effect,all FourOverSix; causal-per-token activation,"BF16 forward, FP32 log_softmax, FP64 paired sequence summaries",research_runs/mixfp4_n16k64_full_validation_20260911T065444Z/runs/V43_fidelity_llama8b_attempt1/fidelity/fidelity_report.json,bc9be3a83c1777a9b43827b2f3bb2c81eb8d0b6cb757d80f8448bb406ab32527
llama8b,16,random,model.layers.25.mlp.gate_proj,39947,ce,False,2.89430999389495e-07,7.276133460165371e-07,0.0001171439653262496,0.0006933497108902616,-0.001241821468018663,0.0014761093986711622,0.16895365136279736,True,False,128 calibration sequences; not held-out documents,65408,6815744,5.868765024038462e-06,same frozen seed0 calibration sequences as finite effect,all FourOverSix; causal-per-token activation,"BF16 forward, FP32 log_softmax, FP64 paired sequence summaries",research_runs/mixfp4_n16k64_full_validation_20260911T065444Z/runs/V43_fidelity_llama8b_attempt1/fidelity/fidelity_report.json,bc9be3a83c1777a9b43827b2f3bb2c81eb8d0b6cb757d80f8448bb406ab32527
llama8b,16,random,model.layers.25.mlp.gate_proj,39947,kl,False,2.0680957502072772e-08,4.202799160063094e-07,-7.530793261021002e-06,0.00033877808898995465,-0.000671535847681332,0.0006564742611592901,-0.022229280776314617,False,False,128 calibration sequences; not held-out documents,65408,6815744,5.868765024038462e-06,same frozen seed0 calibration sequences as finite effect,all FourOverSix; causal-per-token activation,"BF16 forward, FP32 log_softmax, FP64 paired sequence summaries",research_runs/mixfp4_n16k64_full_validation_20260911T065444Z/runs/V43_fidelity_llama8b_attempt1/fidelity/fidelity_report.json,bc9be3a83c1777a9b43827b2f3bb2c81eb8d0b6cb757d80f8448bb406ab32527
llama8b,16,random,model.layers.3.mlp.down_proj,26736,ce,False,8.289384734183614e-07,9.177457289924466e-07,0.0009804929723031819,0.0015831176153209957,-0.0021224175537259697,0.004083403498332333,0.6193431004836463,True,False,128 calibration sequences; not held-out documents,65408,6815744,5.868765024038462e-06,same frozen seed0 calibration sequences as finite effect,all FourOverSix; causal-per-token activation,"BF16 forward, FP32 log_softmax, FP64 paired sequence summaries",research_runs/mixfp4_n16k64_full_validation_20260911T065444Z/runs/V43_fidelity_llama8b_attempt1/fidelity/fidelity_report.json,bc9be3a83c1777a9b43827b2f3bb2c81eb8d0b6cb757d80f8448bb406ab32527
llama8b,16,random,model.layers.3.mlp.down_proj,26736,kl,False,4.682603443884048e-07,7.884567356783667e-07,0.0008871446699906969,0.0010921882139652017,-0.0012535442293810984,0.0030278335693624922,0.8122635445496231,True,False,128 calibration sequences; not held-out documents,65408,6815744,5.868765024038462e-06,same frozen seed0 calibration sequences as finite effect,all FourOverSix; causal-per-token activation,"BF16 forward, FP32 log_softmax, FP64 paired sequence summaries",research_runs/mixfp4_n16k64_full_validation_20260911T065444Z/runs/V43_fidelity_llama8b_attempt1/fidelity/fidelity_report.json,bc9be3a83c1777a9b43827b2f3bb2c81eb8d0b6cb757d80f8448bb406ab32527
llama8b,16,random,model.layers.11.mlp.up_proj,7956,ce,False,8.460973621726708e-08,7.29628956483197e-07,0.00210334308212623,0.0010403367712320624,6.428301051138782e-05,0.004142403153741072,2.0217905780983383,True,True,128 calibration sequences; not held-out documents,65408,6815744,5.868765024038462e-06,same frozen seed0 calibration sequences as finite effect,all FourOverSix; causal-per-token activation,"BF16 forward, FP32 log_softmax, FP64 paired sequence summaries",research_runs/mixfp4_n16k64_full_validation_20260911T065444Z/runs/V43_fidelity_llama8b_attempt1/fidelity/fidelity_report.json,bc9be3a83c1777a9b43827b2f3bb2c81eb8d0b6cb757d80f8448bb406ab32527
llama8b,16,random,model.layers.11.mlp.up_proj,7956,kl,False,3.2749269041065787e-07,3.829151376180452e-07,0.0006833479396255716,0.0007689012888768538,-0.0008236985865730616,0.0021903944658242048,0.888732987590317,True,False,128 calibration sequences; not held-out documents,65408,6815744,5.868765024038462e-06,same frozen seed0 calibration sequences as finite effect,all FourOverSix; causal-per-token activation,"BF16 forward, FP32 log_softmax, FP64 paired sequence summaries",research_runs/mixfp4_n16k64_full_validation_20260911T065444Z/runs/V43_fidelity_llama8b_attempt1/fidelity/fidelity_report.json,bc9be3a83c1777a9b43827b2f3bb2c81eb8d0b6cb757d80f8448bb406ab32527
llama8b,16,random,model.layers.4.mlp.gate_proj,9177,ce,False,-9.162575476118207e-08,7.734289329472036e-07,0.0013454710133373737,0.0013422156228711669,-0.0012852716074901135,0.0039762136341648605,1.002425385616689,False,False,128 calibration sequences; not held-out documents,65408,6815744,5.868765024038462e-06,same frozen seed0 calibration sequences as finite effect,all FourOverSix; causal-per-token activation,"BF16 forward, FP32 log_softmax, FP64 paired sequence summaries",research_runs/mixfp4_n16k64_full_validation_20260911T065444Z/runs/V43_fidelity_llama8b_attempt1/fidelity/fidelity_report.json,bc9be3a83c1777a9b43827b2f3bb2c81eb8d0b6cb757d80f8448bb406ab32527
llama8b,16,random,model.layers.4.mlp.gate_proj,9177,kl,False,2.0261796351839223e-08,5.723796893816898e-07,0.0005765215501216899,0.0007369858980471823,-0.0008679708100507873,0.002021013910294167,0.7822694459274181,True,False,128 calibration sequences; not held-out documents,65408,6815744,5.868765024038462e-06,same frozen seed0 calibration sequences as finite effect,all FourOverSix; causal-per-token activation,"BF16 forward, FP32 log_softmax, FP64 paired sequence summaries",research_runs/mixfp4_n16k64_full_validation_20260911T065444Z/runs/V43_fidelity_llama8b_attempt1/fidelity/fidelity_report.json,bc9be3a83c1777a9b43827b2f3bb2c81eb8d0b6cb757d80f8448bb406ab32527
llama8b,16,random,model.layers.27.mlp.gate_proj,33296,ce,False,-1.770146856205912e-06,6.31611515059484e-07,7.291720248758793e-05,0.0006496088277121522,-0.0012003160998282302,0.001346150504803406,0.11224786267821199,False,False,128 calibration sequences; not held-out documents,65408,6815744,5.868765024038462e-06,same frozen seed0 calibration sequences as finite effect,all FourOverSix; causal-per-token activation,"BF16 forward, FP32 log_softmax, FP64 paired sequence summaries",research_runs/mixfp4_n16k64_full_validation_20260911T065444Z/runs/V43_fidelity_llama8b_attempt1/fidelity/fidelity_report.json,bc9be3a83c1777a9b43827b2f3bb2c81eb8d0b6cb757d80f8448bb406ab32527
llama8b,16,random,model.layers.27.mlp.gate_proj,33296,kl,False,-9.892514105935835e-07,5.554777747975087e-07,-0.00013704867387416325,0.0002900412429800049,-0.0007055295101149728,0.0004314321623666463,-0.4725144343820483,True,False,128 calibration sequences; not held-out documents,65408,6815744,5.868765024038462e-06,same frozen seed0 calibration sequences as finite effect,all FourOverSix; causal-per-token activation,"BF16 forward, FP32 log_softmax, FP64 paired sequence summaries",research_runs/mixfp4_n16k64_full_validation_20260911T065444Z/runs/V43_fidelity_llama8b_attempt1/fidelity/fidelity_report.json,bc9be3a83c1777a9b43827b2f3bb2c81eb8d0b6cb757d80f8448bb406ab32527
llama8b,16,random,model.layers.24.mlp.gate_proj,54595,ce,False,9.359794828078805e-08,6.91320953242744e-07,-4.741246812045574e-05,0.0007111068850567826,-0.0014411819628317496,0.001346357026590838,-0.06667417953163231,False,False,128 calibration sequences; not held-out documents,65408,6815744,5.868765024038462e-06,same frozen seed0 calibration sequences as finite effect,all FourOverSix; causal-per-token activation,"BF16 forward, FP32 log_softmax, FP64 paired sequence summaries",research_runs/mixfp4_n16k64_full_validation_20260911T065444Z/runs/V43_fidelity_llama8b_attempt1/fidelity/fidelity_report.json,bc9be3a83c1777a9b43827b2f3bb2c81eb8d0b6cb757d80f8448bb406ab32527
llama8b,16,random,model.layers.24.mlp.gate_proj,54595,kl,False,-1.5204847927940968e-07,5.053829582030689e-07,-0.00035703204475458645,0.00030228217333171917,-0.0009495051044847559,0.00023544101497558308,-1.1811217341049938,True,False,128 calibration sequences; not held-out documents,65408,6815744,5.868765024038462e-06,same frozen seed0 calibration sequences as finite effect,all FourOverSix; causal-per-token activation,"BF16 forward, FP32 log_softmax, FP64 paired sequence summaries",research_runs/mixfp4_n16k64_full_validation_20260911T065444Z/runs/V43_fidelity_llama8b_attempt1/fidelity/fidelity_report.json,bc9be3a83c1777a9b43827b2f3bb2c81eb8d0b6cb757d80f8448bb406ab32527
llama8b,16,random,model.layers.4.mlp.gate_proj,33519,ce,False,1.296341153533831e-06,9.399868278941249e-07,0.0013269909541122615,0.001489799217396578,-0.0015930155119850313,0.004246997420209554,0.8907179830790731,True,False,128 calibration sequences; not held-out documents,65408,6815744,5.868765024038462e-06,same frozen seed0 calibration sequences as finite effect,all FourOverSix; causal-per-token activation,"BF16 forward, FP32 log_softmax, FP64 paired sequence summaries",research_runs/mixfp4_n16k64_full_validation_20260911T065444Z/runs/V43_fidelity_llama8b_attempt1/fidelity/fidelity_report.json,bc9be3a83c1777a9b43827b2f3bb2c81eb8d0b6cb757d80f8448bb406ab32527
llama8b,16,random,model.layers.4.mlp.gate_proj,33519,kl,False,7.772252917925826e-07,7.665695294122767e-07,-0.00031272357239621126,0.0007246616471004567,-0.0017330604007131062,0.0011076132559206839,-0.4315442574441362,False,False,128 calibration sequences; not held-out documents,65408,6815744,5.868765024038462e-06,same frozen seed0 calibration sequences as finite effect,all FourOverSix; causal-per-token activation,"BF16 forward, FP32 log_softmax, FP64 paired sequence summaries",research_runs/mixfp4_n16k64_full_validation_20260911T065444Z/runs/V43_fidelity_llama8b_attempt1/fidelity/fidelity_report.json,bc9be3a83c1777a9b43827b2f3bb2c81eb8d0b6cb757d80f8448bb406ab32527
llama8b,16,random,model.layers.24.mlp.up_proj,8896,ce,False,2.0938890266108956e-07,7.528694914586368e-07,-0.00017332728020846844,0.0007154382861955492,-0.0015755863211517449,0.001228931760734808,-0.24226726966229656,False,False,128 calibration sequences; not held-out documents,65408,6815744,5.868765024038462e-06,same frozen seed0 calibration sequences as finite effect,all FourOverSix; causal-per-token activation,"BF16 forward, FP32 log_softmax, FP64 paired sequence summaries",research_runs/mixfp4_n16k64_full_validation_20260911T065444Z/runs/V43_fidelity_llama8b_attempt1/fidelity/fidelity_report.json,bc9be3a83c1777a9b43827b2f3bb2c81eb8d0b6cb757d80f8448bb406ab32527
llama8b,16,random,model.layers.24.mlp.up_proj,8896,kl,False,4.281625659574573e-08,5.514659590043718e-07,0.00013661671557632041,0.00045866765517672456,-0.0007623718885700597,0.0010356053197227006,0.29785556935267654,True,False,128 calibration sequences; not held-out documents,65408,6815744,5.868765024038462e-06,same frozen seed0 calibration sequences as finite effect,all FourOverSix; causal-per-token activation,"BF16 forward, FP32 log_softmax, FP64 paired sequence summaries",research_runs/mixfp4_n16k64_full_validation_20260911T065444Z/runs/V43_fidelity_llama8b_attempt1/fidelity/fidelity_report.json,bc9be3a83c1777a9b43827b2f3bb2c81eb8d0b6cb757d80f8448bb406ab32527
llama8b,16,random,model.layers.28.mlp.up_proj,5595,ce,False,-1.019444110017531e-06,6.212333069393569e-07,0.00024688366102054715,0.0005114623556230084,-0.0007555825560005493,0.0012493498780416436,0.4827015288736549,False,False,128 calibration sequences; not held-out documents,65408,6815744,5.868765024038462e-06,same frozen seed0 calibration sequences as finite effect,all FourOverSix; causal-per-token activation,"BF16 forward, FP32 log_softmax, FP64 paired sequence summaries",research_runs/mixfp4_n16k64_full_validation_20260911T065444Z/runs/V43_fidelity_llama8b_attempt1/fidelity/fidelity_report.json,bc9be3a83c1777a9b43827b2f3bb2c81eb8d0b6cb757d80f8448bb406ab32527
llama8b,16,random,model.layers.28.mlp.up_proj,5595,kl,False,-8.85119269655732e-07,4.7527114346836074e-07,-9.945397627981887e-05,0.00021811704765664798,-0.0005269633896868488,0.00032805543712721117,-0.4559660849452526,True,False,128 calibration sequences; not held-out documents,65408,6815744,5.868765024038462e-06,same frozen seed0 calibration sequences as finite effect,all FourOverSix; causal-per-token activation,"BF16 forward, FP32 log_softmax, FP64 paired sequence summaries",research_runs/mixfp4_n16k64_full_validation_20260911T065444Z/runs/V43_fidelity_llama8b_attempt1/fidelity/fidelity_report.json,bc9be3a83c1777a9b43827b2f3bb2c81eb8d0b6cb757d80f8448bb406ab32527
llama8b,16,random,model.layers.2.self_attn.o_proj,1932,ce,False,1.6760439862650856e-06,1.521670910732436e-06,0.000905774359125644,0.0014102787264048536,-0.0018583719446278691,0.003669920662879157,0.6422662004089681,True,False,128 calibration sequences; not held-out documents,65408,6815744,5.868765024038462e-06,same frozen seed0 calibration sequences as finite effect,all FourOverSix; causal-per-token activation,"BF16 forward, FP32 log_softmax, FP64 paired sequence summaries",research_runs/mixfp4_n16k64_full_validation_20260911T065444Z/runs/V43_fidelity_llama8b_attempt1/fidelity/fidelity_report.json,bc9be3a83c1777a9b43827b2f3bb2c81eb8d0b6cb757d80f8448bb406ab32527
llama8b,16,random,model.layers.2.self_attn.o_proj,1932,kl,False,1.7609719089595188e-06,8.701249634331404e-07,-0.0008333566650398802,0.0009098320914015863,-0.0026166275641869895,0.000949914234107229,-0.915945560632076,False,False,128 calibration sequences; not held-out documents,65408,6815744,5.868765024038462e-06,same frozen seed0 calibration sequences as finite effect,all FourOverSix; causal-per-token activation,"BF16 forward, FP32 log_softmax, FP64 paired sequence summaries",research_runs/mixfp4_n16k64_full_validation_20260911T065444Z/runs/V43_fidelity_llama8b_attempt1/fidelity/fidelity_report.json,bc9be3a83c1777a9b43827b2f3bb2c81eb8d0b6cb757d80f8448bb406ab32527
llama8b,16,random,model.layers.17.mlp.gate_proj,39271,ce,False,2.3960241235521096e-08,7.512496504481326e-07,0.0016075271996669471,0.000900132230871294,-0.00015673197284078906,0.0033717863721746833,1.7858789459310012,True,False,128 calibration sequences; not held-out documents,65408,6815744,5.868765024038462e-06,same frozen seed0 calibration sequences as finite effect,all FourOverSix; causal-per-token activation,"BF16 forward, FP32 log_softmax, FP64 paired sequence summaries",research_runs/mixfp4_n16k64_full_validation_20260911T065444Z/runs/V43_fidelity_llama8b_attempt1/fidelity/fidelity_report.json,bc9be3a83c1777a9b43827b2f3bb2c81eb8d0b6cb757d80f8448bb406ab32527
llama8b,16,random,model.layers.17.mlp.gate_proj,39271,kl,False,-1.9071961138150684e-07,4.511297085777687e-07,0.00017542709222153648,0.0005490553507920933,-0.0009007213953309663,0.0012515755797740393,0.3195071170301082,False,False,128 calibration sequences; not held-out documents,65408,6815744,5.868765024038462e-06,same frozen seed0 calibration sequences as finite effect,all FourOverSix; causal-per-token activation,"BF16 forward, FP32 log_softmax, FP64 paired sequence summaries",research_runs/mixfp4_n16k64_full_validation_20260911T065444Z/runs/V43_fidelity_llama8b_attempt1/fidelity/fidelity_report.json,bc9be3a83c1777a9b43827b2f3bb2c81eb8d0b6cb757d80f8448bb406ab32527
llama8b,16,random,model.layers.26.self_attn.q_proj,6153,ce,False,5.61308783966763e-08,4.9925207413374976e-08,-3.1215662602335215e-05,0.0005759987270803885,-0.0011601731676798967,0.0010977418424752263,-0.0541939784495021,False,False,128 calibration sequences; not held-out documents,65408,6815744,5.868765024038462e-06,same frozen seed0 calibration sequences as finite effect,all FourOverSix; causal-per-token activation,"BF16 forward, FP32 log_softmax, FP64 paired sequence summaries",research_runs/mixfp4_n16k64_full_validation_20260911T065444Z/runs/V43_fidelity_llama8b_attempt1/fidelity/fidelity_report.json,bc9be3a83c1777a9b43827b2f3bb2c81eb8d0b6cb757d80f8448bb406ab32527
llama8b,16,random,model.layers.26.self_attn.q_proj,6153,kl,False,-1.9711089769072765e-08,1.5634743722334998e-08,-4.634362175756851e-05,0.00028938810639499857,-0.0006135443102917657,0.0005208570667766287,-0.16014349150310989,True,False,128 calibration sequences; not held-out documents,65408,6815744,5.868765024038462e-06,same frozen seed0 calibration sequences as finite effect,all FourOverSix; causal-per-token activation,"BF16 forward, FP32 log_softmax, FP64 paired sequence summaries",research_runs/mixfp4_n16k64_full_validation_20260911T065444Z/runs/V43_fidelity_llama8b_attempt1/fidelity/fidelity_report.json,bc9be3a83c1777a9b43827b2f3bb2c81eb8d0b6cb757d80f8448bb406ab32527
llama8b,16,random,model.layers.8.mlp.down_proj,27564,ce,False,-7.217094504241572e-07,9.501770199992069e-07,0.002139411633834243,0.0013908532234082841,-0.000586660684045994,0.00486548395171448,1.5382008667971572,False,False,128 calibration sequences; not held-out documents,65408,6815744,5.868765024038462e-06,same frozen seed0 calibration sequences as finite effect,all FourOverSix; causal-per-token activation,"BF16 forward, FP32 log_softmax, FP64 paired sequence summaries",research_runs/mixfp4_n16k64_full_validation_20260911T065444Z/runs/V43_fidelity_llama8b_attempt1/fidelity/fidelity_report.json,bc9be3a83c1777a9b43827b2f3bb2c81eb8d0b6cb757d80f8448bb406ab32527
llama8b,16,random,model.layers.8.mlp.down_proj,27564,kl,False,-1.1855029214968837e-06,6.724310143441842e-07,0.0006498688305943267,0.0008552418316688792,-0.0010264051594766766,0.0023261428206653298,0.7598655801555015,False,False,128 calibration sequences; not held-out documents,65408,6815744,5.868765024038462e-06,same frozen seed0 calibration sequences as finite effect,all FourOverSix; causal-per-token activation,"BF16 forward, FP32 log_softmax, FP64 paired sequence summaries",research_runs/mixfp4_n16k64_full_validation_20260911T065444Z/runs/V43_fidelity_llama8b_attempt1/fidelity/fidelity_report.json,bc9be3a83c1777a9b43827b2f3bb2c81eb8d0b6cb757d80f8448bb406ab32527
llama8b,16,random,model.layers.28.mlp.gate_proj,22743,ce,False,-4.2775967190600284e-07,5.340788452819349e-07,-6.435479735955596e-05,0.00046811592683058755,-0.0009818620139475077,0.0008531524192283956,-0.1374761969653003,True,False,128 calibration sequences; not held-out documents,65408,6815744,5.868765024038462e-06,same frozen seed0 calibration sequences as finite effect,all FourOverSix; causal-per-token activation,"BF16 forward, FP32 log_softmax, FP64 paired sequence summaries",research_runs/mixfp4_n16k64_full_validation_20260911T065444Z/runs/V43_fidelity_llama8b_attempt1/fidelity/fidelity_report.json,bc9be3a83c1777a9b43827b2f3bb2c81eb8d0b6cb757d80f8448bb406ab32527
llama8b,16,random,model.layers.28.mlp.gate_proj,22743,kl,False,5.367288585800267e-08,4.454310213743295e-07,2.856722344734037e-05,0.00018897632089429534,-0.00034182636550547847,0.00039896081240015926,0.1511682697184033,True,False,128 calibration sequences; not held-out documents,65408,6815744,5.868765024038462e-06,same frozen seed0 calibration sequences as finite effect,all FourOverSix; causal-per-token activation,"BF16 forward, FP32 log_softmax, FP64 paired sequence summaries",research_runs/mixfp4_n16k64_full_validation_20260911T065444Z/runs/V43_fidelity_llama8b_attempt1/fidelity/fidelity_report.json,bc9be3a83c1777a9b43827b2f3bb2c81eb8d0b6cb757d80f8448bb406ab32527
llama8b,16,random,model.layers.20.mlp.down_proj,49078,ce,False,-2.3510012492344856e-07,8.682225998955589e-07,0.0009710440644994378,0.0009488447125533658,-0.0008886915721051591,0.0028307797011040345,1.0233961908122278,False,False,128 calibration sequences; not held-out documents,65408,6815744,5.868765024038462e-06,same frozen seed0 calibration sequences as finite effect,all FourOverSix; causal-per-token activation,"BF16 forward, FP32 log_softmax, FP64 paired sequence summaries",research_runs/mixfp4_n16k64_full_validation_20260911T065444Z/runs/V43_fidelity_llama8b_attempt1/fidelity/fidelity_report.json,bc9be3a83c1777a9b43827b2f3bb2c81eb8d0b6cb757d80f8448bb406ab32527
llama8b,16,random,model.layers.20.mlp.down_proj,49078,kl,False,-8.230973940759334e-07,7.657784844314901e-07,-3.549099818476027e-05,0.00048197870422548694,-0.0009801692584667147,0.0009091872620971941,-0.07363602971171172,True,False,128 calibration sequences; not held-out documents,65408,6815744,5.868765024038462e-06,same frozen seed0 calibration sequences as finite effect,all FourOverSix; causal-per-token activation,"BF16 forward, FP32 log_softmax, FP64 paired sequence summaries",research_runs/mixfp4_n16k64_full_validation_20260911T065444Z/runs/V43_fidelity_llama8b_attempt1/fidelity/fidelity_report.json,bc9be3a83c1777a9b43827b2f3bb2c81eb8d0b6cb757d80f8448bb406ab32527
llama8b,16,random,model.layers.11.mlp.up_proj,5573,ce,False,-6.037454338692072e-07,8.672088868238991e-07,0.0012869529891759157,0.0010868746940929333,-0.0008433214112462334,0.003417227389598065,1.1840858897261939,False,False,128 calibration sequences; not held-out documents,65408,6815744,5.868765024038462e-06,same frozen seed0 calibration sequences as finite effect,all FourOverSix; causal-per-token activation,"BF16 forward, FP32 log_softmax, FP64 paired sequence summaries",research_runs/mixfp4_n16k64_full_validation_20260911T065444Z/runs/V43_fidelity_llama8b_attempt1/fidelity/fidelity_report.json,bc9be3a83c1777a9b43827b2f3bb2c81eb8d0b6cb757d80f8448bb406ab32527
llama8b,16,random,model.layers.11.mlp.up_proj,5573,kl,False,-1.284919194377565e-07,4.796831986239268e-07,2.157266719392324e-05,0.0006270939045728249,-0.0012075313857688133,0.0012506767201566598,0.034401015600077474,False,False,128 calibration sequences; not held-out documents,65408,6815744,5.868765024038462e-06,same frozen seed0 calibration sequences as finite effect,all FourOverSix; causal-per-token activation,"BF16 forward, FP32 log_softmax, FP64 paired sequence summaries",research_runs/mixfp4_n16k64_full_validation_20260911T065444Z/runs/V43_fidelity_llama8b_attempt1/fidelity/fidelity_report.json,bc9be3a83c1777a9b43827b2f3bb2c81eb8d0b6cb757d80f8448bb406ab32527
llama8b,16,random,model.layers.23.self_attn.k_proj,2337,ce,False,-3.034444858718288e-07,5.094803984142002e-07,-0.0007283778977580369,0.0006964478891078424,-0.0020934157604094077,0.0006366599648933342,-1.045846945836963,True,False,128 calibration sequences; not held-out documents,65408,6815744,5.868765024038462e-06,same frozen seed0 calibration sequences as finite effect,all FourOverSix; causal-per-token activation,"BF16 forward, FP32 log_softmax, FP64 paired sequence summaries",research_runs/mixfp4_n16k64_full_validation_20260911T065444Z/runs/V43_fidelity_llama8b_attempt1/fidelity/fidelity_report.json,bc9be3a83c1777a9b43827b2f3bb2c81eb8d0b6cb757d80f8448bb406ab32527
llama8b,16,random,model.layers.23.self_attn.k_proj,2337,kl,False,2.0930836694410537e-07,5.278986235009994e-07,-0.0006303091398436988,0.00027914727300803566,-0.0011774377949394488,-8.31804847479489e-05,-2.257980646028215,False,True,128 calibration sequences; not held-out documents,65408,6815744,5.868765024038462e-06,same frozen seed0 calibration sequences as finite effect,all FourOverSix; causal-per-token activation,"BF16 forward, FP32 log_softmax, FP64 paired sequence summaries",research_runs/mixfp4_n16k64_full_validation_20260911T065444Z/runs/V43_fidelity_llama8b_attempt1/fidelity/fidelity_report.json,bc9be3a83c1777a9b43827b2f3bb2c81eb8d0b6cb757d80f8448bb406ab32527
llama8b,16,random,model.layers.14.self_attn.q_proj,7925,ce,False,2.3060911580330412e-07,1.2159410438495143e-06,0.0021738470532000065,0.0011700861215925929,-0.00011952174512147541,0.004467215851521489,1.8578521812062896,True,False,128 calibration sequences; not held-out documents,65408,6815744,5.868765024038462e-06,same frozen seed0 calibration sequences as finite effect,all FourOverSix; causal-per-token activation,"BF16 forward, FP32 log_softmax, FP64 paired sequence summaries",research_runs/mixfp4_n16k64_full_validation_20260911T065444Z/runs/V43_fidelity_llama8b_attempt1/fidelity/fidelity_report.json,bc9be3a83c1777a9b43827b2f3bb2c81eb8d0b6cb757d80f8448bb406ab32527
llama8b,16,random,model.layers.14.self_attn.q_proj,7925,kl,False,2.9319808220185095e-07,1.0199833780217726e-06,0.0011052048323149507,0.0007149810556189508,-0.0002961580366981928,0.002506567701328094,1.5457819806962405,True,False,128 calibration sequences; not held-out documents,65408,6815744,5.868765024038462e-06,same frozen seed0 calibration sequences as finite effect,all FourOverSix; causal-per-token activation,"BF16 forward, FP32 log_softmax, FP64 paired sequence summaries",research_runs/mixfp4_n16k64_full_validation_20260911T065444Z/runs/V43_fidelity_llama8b_attempt1/fidelity/fidelity_report.json,bc9be3a83c1777a9b43827b2f3bb2c81eb8d0b6cb757d80f8448bb406ab32527
llama8b,16,random,model.layers.29.mlp.up_proj,31416,ce,False,1.543070307086225e-07,5.001385757149632e-07,-4.412134876474738e-05,0.00040578194667688215,-0.0008394539642514364,0.0007512112667219416,-0.10873167011513335,False,False,128 calibration sequences; not held-out documents,65408,6815744,5.868765024038462e-06,same frozen seed0 calibration sequences as finite effect,all FourOverSix; causal-per-token activation,"BF16 forward, FP32 log_softmax, FP64 paired sequence summaries",research_runs/mixfp4_n16k64_full_validation_20260911T065444Z/runs/V43_fidelity_llama8b_attempt1/fidelity/fidelity_report.json,bc9be3a83c1777a9b43827b2f3bb2c81eb8d0b6cb757d80f8448bb406ab32527
llama8b,16,random,model.layers.29.mlp.up_proj,31416,kl,False,-4.6895544381087007e-07,3.3728765427225273e-07,-3.0497247605873118e-05,0.00014684461928515257,-0.00031831270140477216,0.0002573182061930259,-0.20768379362032702,True,False,128 calibration sequences; not held-out documents,65408,6815744,5.868765024038462e-06,same frozen seed0 calibration sequences as finite effect,all FourOverSix; causal-per-token activation,"BF16 forward, FP32 log_softmax, FP64 paired sequence summaries",research_runs/mixfp4_n16k64_full_validation_20260911T065444Z/runs/V43_fidelity_llama8b_attempt1/fidelity/fidelity_report.json,bc9be3a83c1777a9b43827b2f3bb2c81eb8d0b6cb757d80f8448bb406ab32527
llama8b,16,random,model.layers.30.mlp.up_proj,55462,ce,False,-4.222074778681417e-07,3.8860742008261027e-07,-0.000178819231223315,0.0002853571265536136,-0.0007381191992683977,0.00038048073682176765,-0.6266506583627166,True,False,128 calibration sequences; not held-out documents,65408,6815744,5.868765024038462e-06,same frozen seed0 calibration sequences as finite effect,all FourOverSix; causal-per-token activation,"BF16 forward, FP32 log_softmax, FP64 paired sequence summaries",research_runs/mixfp4_n16k64_full_validation_20260911T065444Z/runs/V43_fidelity_llama8b_attempt1/fidelity/fidelity_report.json,bc9be3a83c1777a9b43827b2f3bb2c81eb8d0b6cb757d80f8448bb406ab32527
llama8b,16,random,model.layers.30.mlp.up_proj,55462,kl,False,9.815254767286952e-08,2.045628733516904e-07,-5.2704297662385736e-05,8.751817221120398e-05,-0.0002242399151963455,0.00011883131987157405,-0.6022097620502932,False,False,128 calibration sequences; not held-out documents,65408,6815744,5.868765024038462e-06,same frozen seed0 calibration sequences as finite effect,all FourOverSix; causal-per-token activation,"BF16 forward, FP32 log_softmax, FP64 paired sequence summaries",research_runs/mixfp4_n16k64_full_validation_20260911T065444Z/runs/V43_fidelity_llama8b_attempt1/fidelity/fidelity_report.json,bc9be3a83c1777a9b43827b2f3bb2c81eb8d0b6cb757d80f8448bb406ab32527
llama8b,16,random,model.layers.23.mlp.gate_proj,18395,ce,False,1.1006122124790352e-07,9.75419023822517e-07,-0.0003672331804409623,0.0008701598532140321,-0.002072746492740465,0.0013382801318585406,-0.42202956052792573,False,False,128 calibration sequences; not held-out documents,65408,6815744,5.868765024038462e-06,same frozen seed0 calibration sequences as finite effect,all FourOverSix; causal-per-token activation,"BF16 forward, FP32 log_softmax, FP64 paired sequence summaries",research_runs/mixfp4_n16k64_full_validation_20260911T065444Z/runs/V43_fidelity_llama8b_attempt1/fidelity/fidelity_report.json,bc9be3a83c1777a9b43827b2f3bb2c81eb8d0b6cb757d80f8448bb406ab32527
llama8b,16,random,model.layers.23.mlp.gate_proj,18395,kl,False,3.05341176787266e-07,7.690363926223503e-07,-0.0001632650593312638,0.00044508385837297045,-0.0010356294217422858,0.0007090993030797583,-0.36681864835109634,False,False,128 calibration sequences; not held-out documents,65408,6815744,5.868765024038462e-06,same frozen seed0 calibration sequences as finite effect,all FourOverSix; causal-per-token activation,"BF16 forward, FP32 log_softmax, FP64 paired sequence summaries",research_runs/mixfp4_n16k64_full_validation_20260911T065444Z/runs/V43_fidelity_llama8b_attempt1/fidelity/fidelity_report.json,bc9be3a83c1777a9b43827b2f3bb2c81eb8d0b6cb757d80f8448bb406ab32527
llama8b,16,random,model.layers.8.mlp.gate_proj,5122,ce,False,1.837837842355583e-06,7.570846313142417e-07,0.004347416688688099,0.0013906725796104693,0.0016216984326515795,0.00707313494472462,3.126125266600008,True,True,128 calibration sequences; not held-out documents,65408,6815744,5.868765024038462e-06,same frozen seed0 calibration sequences as finite effect,all FourOverSix; causal-per-token activation,"BF16 forward, FP32 log_softmax, FP64 paired sequence summaries",research_runs/mixfp4_n16k64_full_validation_20260911T065444Z/runs/V43_fidelity_llama8b_attempt1/fidelity/fidelity_report.json,bc9be3a83c1777a9b43827b2f3bb2c81eb8d0b6cb757d80f8448bb406ab32527
llama8b,16,random,model.layers.8.mlp.gate_proj,5122,kl,False,6.495427310460045e-07,4.3970080402127636e-07,0.001707625494355514,0.0007747962384457518,0.00018902486700184042,0.0032262261217091874,2.203967197596398,True,True,128 calibration sequences; not held-out documents,65408,6815744,5.868765024038462e-06,same frozen seed0 calibration sequences as finite effect,all FourOverSix; causal-per-token activation,"BF16 forward, FP32 log_softmax, FP64 paired sequence summaries",research_runs/mixfp4_n16k64_full_validation_20260911T065444Z/runs/V43_fidelity_llama8b_attempt1/fidelity/fidelity_report.json,bc9be3a83c1777a9b43827b2f3bb2c81eb8d0b6cb757d80f8448bb406ab32527
llama8b,16,random,model.layers.30.self_attn.o_proj,3511,ce,False,1.5223478944115243e-06,7.259741563901149e-07,-0.00032359594479203224,0.00031686190391960907,-0.000944645276474466,0.0002974533868904015,-1.0212522893699827,False,False,128 calibration sequences; not held-out documents,65408,6815744,5.868765024038462e-06,same frozen seed0 calibration sequences as finite effect,all FourOverSix; causal-per-token activation,"BF16 forward, FP32 log_softmax, FP64 paired sequence summaries",research_runs/mixfp4_n16k64_full_validation_20260911T065444Z/runs/V43_fidelity_llama8b_attempt1/fidelity/fidelity_report.json,bc9be3a83c1777a9b43827b2f3bb2c81eb8d0b6cb757d80f8448bb406ab32527
llama8b,16,random,model.layers.30.self_attn.o_proj,3511,kl,False,-3.104295220879294e-08,3.0221055572189813e-07,-1.861145894818058e-05,0.00010263821856028234,-0.00021978236732633397,0.00018255944942997278,-0.1813306895739772,True,False,128 calibration sequences; not held-out documents,65408,6815744,5.868765024038462e-06,same frozen seed0 calibration sequences as finite effect,all FourOverSix; causal-per-token activation,"BF16 forward, FP32 log_softmax, FP64 paired sequence summaries",research_runs/mixfp4_n16k64_full_validation_20260911T065444Z/runs/V43_fidelity_llama8b_attempt1/fidelity/fidelity_report.json,bc9be3a83c1777a9b43827b2f3bb2c81eb8d0b6cb757d80f8448bb406ab32527
llama8b,16,random,model.layers.12.mlp.down_proj,46252,ce,False,1.446112373404418e-06,8.542110481902031e-07,0.0019800125737674534,0.0011095848531654873,-0.00019477373843690155,0.004154798885971808,1.7844625114688255,True,False,128 calibration sequences; not held-out documents,65408,6815744,5.868765024038462e-06,same frozen seed0 calibration sequences as finite effect,all FourOverSix; causal-per-token activation,"BF16 forward, FP32 log_softmax, FP64 paired sequence summaries",research_runs/mixfp4_n16k64_full_validation_20260911T065444Z/runs/V43_fidelity_llama8b_attempt1/fidelity/fidelity_report.json,bc9be3a83c1777a9b43827b2f3bb2c81eb8d0b6cb757d80f8448bb406ab32527
llama8b,16,random,model.layers.12.mlp.down_proj,46252,kl,False,1.5196471325751304e-07,3.158557744481342e-07,0.0013245687525701003,0.0006075271276850538,0.00013381558230739503,0.002515321922832806,2.180262727719322,True,True,128 calibration sequences; not held-out documents,65408,6815744,5.868765024038462e-06,same frozen seed0 calibration sequences as finite effect,all FourOverSix; causal-per-token activation,"BF16 forward, FP32 log_softmax, FP64 paired sequence summaries",research_runs/mixfp4_n16k64_full_validation_20260911T065444Z/runs/V43_fidelity_llama8b_attempt1/fidelity/fidelity_report.json,bc9be3a83c1777a9b43827b2f3bb2c81eb8d0b6cb757d80f8448bb406ab32527
llama8b,16,random,model.layers.20.self_attn.o_proj,3577,ce,False,-1.7309834765555365e-07,4.2939632680732916e-07,0.0004623901331797242,0.000988057734619458,-0.0014742030266744134,0.002398983293033862,0.4679788609294272,False,False,128 calibration sequences; not held-out documents,65408,6815744,5.868765024038462e-06,same frozen seed0 calibration sequences as finite effect,all FourOverSix; causal-per-token activation,"BF16 forward, FP32 log_softmax, FP64 paired sequence summaries",research_runs/mixfp4_n16k64_full_validation_20260911T065444Z/runs/V43_fidelity_llama8b_attempt1/fidelity/fidelity_report.json,bc9be3a83c1777a9b43827b2f3bb2c81eb8d0b6cb757d80f8448bb406ab32527
llama8b,16,random,model.layers.20.self_attn.o_proj,3577,kl,False,-4.891177118326873e-07,3.6881251573507313e-07,0.00017239015553315745,0.0005281769939271948,-0.0008628367525641443,0.0012076170636304592,0.32638709658929244,False,False,128 calibration sequences; not held-out documents,65408,6815744,5.868765024038462e-06,same frozen seed0 calibration sequences as finite effect,all FourOverSix; causal-per-token activation,"BF16 forward, FP32 log_softmax, FP64 paired sequence summaries",research_runs/mixfp4_n16k64_full_validation_20260911T065444Z/runs/V43_fidelity_llama8b_attempt1/fidelity/fidelity_report.json,bc9be3a83c1777a9b43827b2f3bb2c81eb8d0b6cb757d80f8448bb406ab32527
llama8b,16,random,model.layers.5.mlp.down_proj,9590,ce,False,1.2432708849097196e-06,1.2453551450812377e-06,0.001193037023767829,0.001238546970380575,-0.001234515038178098,0.003620589085713756,0.9632553728674803,True,False,128 calibration sequences; not held-out documents,65408,6815744,5.868765024038462e-06,same frozen seed0 calibration sequences as finite effect,all FourOverSix; causal-per-token activation,"BF16 forward, FP32 log_softmax, FP64 paired sequence summaries",research_runs/mixfp4_n16k64_full_validation_20260911T065444Z/runs/V43_fidelity_llama8b_attempt1/fidelity/fidelity_report.json,bc9be3a83c1777a9b43827b2f3bb2c81eb8d0b6cb757d80f8448bb406ab32527
llama8b,16,random,model.layers.5.mlp.down_proj,9590,kl,False,1.0584734907448379e-06,1.1430222067218948e-06,0.000556912187568038,0.0008539245103756548,-0.0011167798527682452,0.002230604227904321,0.6521796491390599,True,False,128 calibration sequences; not held-out documents,65408,6815744,5.868765024038462e-06,same frozen seed0 calibration sequences as finite effect,all FourOverSix; causal-per-token activation,"BF16 forward, FP32 log_softmax, FP64 paired sequence summaries",research_runs/mixfp4_n16k64_full_validation_20260911T065444Z/runs/V43_fidelity_llama8b_attempt1/fidelity/fidelity_report.json,bc9be3a83c1777a9b43827b2f3bb2c81eb8d0b6cb757d80f8448bb406ab32527
llama8b,16,random,model.layers.2.self_attn.q_proj,14988,ce,False,-1.422021237429405e-07,5.196932209547219e-07,0.0016791134839877486,0.0013468058331617871,-0.0009606259490093543,0.0043188529169848515,1.2467376088250448,False,False,128 calibration sequences; not held-out documents,65408,6815744,5.868765024038462e-06,same frozen seed0 calibration sequences as finite effect,all FourOverSix; causal-per-token activation,"BF16 forward, FP32 log_softmax, FP64 paired sequence summaries",research_runs/mixfp4_n16k64_full_validation_20260911T065444Z/runs/V43_fidelity_llama8b_attempt1/fidelity/fidelity_report.json,bc9be3a83c1777a9b43827b2f3bb2c81eb8d0b6cb757d80f8448bb406ab32527
llama8b,16,random,model.layers.2.self_attn.q_proj,14988,kl,False,-5.604676253656571e-08,2.653757526165046e-07,0.0011831202280772524,0.0009501696032044952,-0.0006792121942035582,0.003045452650358063,1.2451674144143523,False,False,128 calibration sequences; not held-out documents,65408,6815744,5.868765024038462e-06,same frozen seed0 calibration sequences as finite effect,all FourOverSix; causal-per-token activation,"BF16 forward, FP32 log_softmax, FP64 paired sequence summaries",research_runs/mixfp4_n16k64_full_validation_20260911T065444Z/runs/V43_fidelity_llama8b_attempt1/fidelity/fidelity_report.json,bc9be3a83c1777a9b43827b2f3bb2c81eb8d0b6cb757d80f8448bb406ab32527
llama8b,16,random,model.layers.23.mlp.up_proj,36878,ce,False,7.51224083495039e-08,6.628140263967718e-07,0.0003443735186010599,0.0007109624731100816,-0.0010491129286947,0.0017378599658968198,0.4843765059702933,True,False,128 calibration sequences; not held-out documents,65408,6815744,5.868765024038462e-06,same frozen seed0 calibration sequences as finite effect,all FourOverSix; causal-per-token activation,"BF16 forward, FP32 log_softmax, FP64 paired sequence summaries",research_runs/mixfp4_n16k64_full_validation_20260911T065444Z/runs/V43_fidelity_llama8b_attempt1/fidelity/fidelity_report.json,bc9be3a83c1777a9b43827b2f3bb2c81eb8d0b6cb757d80f8448bb406ab32527
llama8b,16,random,model.layers.23.mlp.up_proj,36878,kl,False,2.847262549343643e-07,4.454291698541488e-07,-0.0004628563208148411,0.0003704692248130611,-0.0011889760014484408,0.0002632633598187586,-1.249378598312447,False,False,128 calibration sequences; not held-out documents,65408,6815744,5.868765024038462e-06,same frozen seed0 calibration sequences as finite effect,all FourOverSix; causal-per-token activation,"BF16 forward, FP32 log_softmax, FP64 paired sequence summaries",research_runs/mixfp4_n16k64_full_validation_20260911T065444Z/runs/V43_fidelity_llama8b_attempt1/fidelity/fidelity_report.json,bc9be3a83c1777a9b43827b2f3bb2c81eb8d0b6cb757d80f8448bb406ab32527
llama8b,16,random,model.layers.17.mlp.up_proj,8582,ce,False,1.3485871819263195e-07,7.191840601887705e-07,0.0009953110129572451,0.0009107519841086584,-0.0007897628758957254,0.0027803849018102154,1.0928452864490255,True,False,128 calibration sequences; not held-out documents,65408,6815744,5.868765024038462e-06,same frozen seed0 calibration sequences as finite effect,all FourOverSix; causal-per-token activation,"BF16 forward, FP32 log_softmax, FP64 paired sequence summaries",research_runs/mixfp4_n16k64_full_validation_20260911T065444Z/runs/V43_fidelity_llama8b_attempt1/fidelity/fidelity_report.json,bc9be3a83c1777a9b43827b2f3bb2c81eb8d0b6cb757d80f8448bb406ab32527
llama8b,16,random,model.layers.17.mlp.up_proj,8582,kl,False,-2.785515739733846e-07,5.1984226171438e-07,0.0006712597638779403,0.0006754712419862757,-0.00065266387041516,0.0019951833981710406,0.9937651259645766,False,False,128 calibration sequences; not held-out documents,65408,6815744,5.868765024038462e-06,same frozen seed0 calibration sequences as finite effect,all FourOverSix; causal-per-token activation,"BF16 forward, FP32 log_softmax, FP64 paired sequence summaries",research_runs/mixfp4_n16k64_full_validation_20260911T065444Z/runs/V43_fidelity_llama8b_attempt1/fidelity/fidelity_report.json,bc9be3a83c1777a9b43827b2f3bb2c81eb8d0b6cb757d80f8448bb406ab32527
llama8b,16,random,model.layers.29.mlp.up_proj,7617,ce,False,-4.856135556452479e-07,5.522119496814844e-07,-0.0004189455648884177,0.0003691268692344687,-0.0011424342285879764,0.0003045430988111409,-1.1349636122595679,True,False,128 calibration sequences; not held-out documents,65408,6815744,5.868765024038462e-06,same frozen seed0 calibration sequences as finite effect,all FourOverSix; causal-per-token activation,"BF16 forward, FP32 log_softmax, FP64 paired sequence summaries",research_runs/mixfp4_n16k64_full_validation_20260911T065444Z/runs/V43_fidelity_llama8b_attempt1/fidelity/fidelity_report.json,bc9be3a83c1777a9b43827b2f3bb2c81eb8d0b6cb757d80f8448bb406ab32527
llama8b,16,random,model.layers.29.mlp.up_proj,7617,kl,False,3.124820954769625e-07,3.024027855750581e-07,2.886519724735402e-06,0.0001482879664721353,-0.00028775789456064976,0.0002935309340101206,0.019465636985977593,True,False,128 calibration sequences; not held-out documents,65408,6815744,5.868765024038462e-06,same frozen seed0 calibration sequences as finite effect,all FourOverSix; causal-per-token activation,"BF16 forward, FP32 log_softmax, FP64 paired sequence summaries",research_runs/mixfp4_n16k64_full_validation_20260911T065444Z/runs/V43_fidelity_llama8b_attempt1/fidelity/fidelity_report.json,bc9be3a83c1777a9b43827b2f3bb2c81eb8d0b6cb757d80f8448bb406ab32527
llama8b,16,random,model.layers.1.mlp.down_proj,19079,ce,False,2.804488623553425e-07,9.815846428741158e-07,-0.0007333112880587578,0.0013984346394468278,-0.00347424318137454,0.0020076206052570245,-0.5243800942665653,False,False,128 calibration sequences; not held-out documents,65408,6815744,5.868765024038462e-06,same frozen seed0 calibration sequences as finite effect,all FourOverSix; causal-per-token activation,"BF16 forward, FP32 log_softmax, FP64 paired sequence summaries",research_runs/mixfp4_n16k64_full_validation_20260911T065444Z/runs/V43_fidelity_llama8b_attempt1/fidelity/fidelity_report.json,bc9be3a83c1777a9b43827b2f3bb2c81eb8d0b6cb757d80f8448bb406ab32527
llama8b,16,random,model.layers.1.mlp.down_proj,19079,kl,False,-7.953369285385037e-07,6.985920212125893e-07,0.0008116869441703181,0.0007483907585320518,-0.0006551589425525034,0.0022785328308931397,1.0845763859543378,False,False,128 calibration sequences; not held-out documents,65408,6815744,5.868765024038462e-06,same frozen seed0 calibration sequences as finite effect,all FourOverSix; causal-per-token activation,"BF16 forward, FP32 log_softmax, FP64 paired sequence summaries",research_runs/mixfp4_n16k64_full_validation_20260911T065444Z/runs/V43_fidelity_llama8b_attempt1/fidelity/fidelity_report.json,bc9be3a83c1777a9b43827b2f3bb2c81eb8d0b6cb757d80f8448bb406ab32527
llama8b,16,random,model.layers.12.mlp.up_proj,9069,ce,False,3.431995900804452e-07,7.299922945588433e-07,0.0013613721239380538,0.0012707926717024222,-0.0011293815125986936,0.0038521257604748013,1.0712779151569127,True,False,128 calibration sequences; not held-out documents,65408,6815744,5.868765024038462e-06,same frozen seed0 calibration sequences as finite effect,all FourOverSix; causal-per-token activation,"BF16 forward, FP32 log_softmax, FP64 paired sequence summaries",research_runs/mixfp4_n16k64_full_validation_20260911T065444Z/runs/V43_fidelity_llama8b_attempt1/fidelity/fidelity_report.json,bc9be3a83c1777a9b43827b2f3bb2c81eb8d0b6cb757d80f8448bb406ab32527
llama8b,16,random,model.layers.12.mlp.up_proj,9069,kl,False,1.203373828084775e-06,5.289361820490843e-07,0.0003383528231763275,0.0008543800000948897,-0.0013362319770096561,0.0020129376233623112,0.3960214695319988,True,False,128 calibration sequences; not held-out documents,65408,6815744,5.868765024038462e-06,same frozen seed0 calibration sequences as finite effect,all FourOverSix; causal-per-token activation,"BF16 forward, FP32 log_softmax, FP64 paired sequence summaries",research_runs/mixfp4_n16k64_full_validation_20260911T065444Z/runs/V43_fidelity_llama8b_attempt1/fidelity/fidelity_report.json,bc9be3a83c1777a9b43827b2f3bb2c81eb8d0b6cb757d80f8448bb406ab32527
llama8b,16,random,model.layers.19.mlp.up_proj,204,ce,False,4.4743282590076205e-07,7.317998301430313e-07,-5.026324652135372e-05,0.0010660868228905807,-0.002139793419386892,0.0020392669263441846,-0.04714742311988276,False,False,128 calibration sequences; not held-out documents,65408,6815744,5.868765024038462e-06,same frozen seed0 calibration sequences as finite effect,all FourOverSix; causal-per-token activation,"BF16 forward, FP32 log_softmax, FP64 paired sequence summaries",research_runs/mixfp4_n16k64_full_validation_20260911T065444Z/runs/V43_fidelity_llama8b_attempt1/fidelity/fidelity_report.json,bc9be3a83c1777a9b43827b2f3bb2c81eb8d0b6cb757d80f8448bb406ab32527
llama8b,16,random,model.layers.19.mlp.up_proj,204,kl,False,7.882946193582541e-07,5.346804412612287e-07,-0.0006083146702359817,0.0006233305525387361,-0.0018300425532119045,0.000613413212739941,-0.9759102417784644,False,False,128 calibration sequences; not held-out documents,65408,6815744,5.868765024038462e-06,same frozen seed0 calibration sequences as finite effect,all FourOverSix; causal-per-token activation,"BF16 forward, FP32 log_softmax, FP64 paired sequence summaries",research_runs/mixfp4_n16k64_full_validation_20260911T065444Z/runs/V43_fidelity_llama8b_attempt1/fidelity/fidelity_report.json,bc9be3a83c1777a9b43827b2f3bb2c81eb8d0b6cb757d80f8448bb406ab32527
llama8b,16,random,model.layers.13.mlp.gate_proj,55487,ce,False,-4.5047058483405067e-07,5.974371704749799e-07,0.0016296223038807511,0.0012135043804575708,-0.0007488462818160879,0.00400809088957759,1.3429059920379327,False,False,128 calibration sequences; not held-out documents,65408,6815744,5.868765024038462e-06,same frozen seed0 calibration sequences as finite effect,all FourOverSix; causal-per-token activation,"BF16 forward, FP32 log_softmax, FP64 paired sequence summaries",research_runs/mixfp4_n16k64_full_validation_20260911T065444Z/runs/V43_fidelity_llama8b_attempt1/fidelity/fidelity_report.json,bc9be3a83c1777a9b43827b2f3bb2c81eb8d0b6cb757d80f8448bb406ab32527
llama8b,16,random,model.layers.13.mlp.gate_proj,55487,kl,False,-1.9180332230805952e-07,3.903414832356879e-07,0.0007877813334382325,0.0007988896136624672,-0.0007780423093402032,0.0023536049762166683,0.9860953503033926,False,False,128 calibration sequences; not held-out documents,65408,6815744,5.868765024038462e-06,same frozen seed0 calibration sequences as finite effect,all FourOverSix; causal-per-token activation,"BF16 forward, FP32 log_softmax, FP64 paired sequence summaries",research_runs/mixfp4_n16k64_full_validation_20260911T065444Z/runs/V43_fidelity_llama8b_attempt1/fidelity/fidelity_report.json,bc9be3a83c1777a9b43827b2f3bb2c81eb8d0b6cb757d80f8448bb406ab32527
llama8b,16,random,model.layers.18.self_attn.v_proj,3383,ce,False,8.24579619251864e-07,9.984435514059782e-07,0.0001085926778614521,0.000905873197379105,-0.0016669187890015937,0.001884104144724498,0.11987624556685765,True,False,128 calibration sequences; not held-out documents,65408,6815744,5.868765024038462e-06,same frozen seed0 calibration sequences as finite effect,all FourOverSix; causal-per-token activation,"BF16 forward, FP32 log_softmax, FP64 paired sequence summaries",research_runs/mixfp4_n16k64_full_validation_20260911T065444Z/runs/V43_fidelity_llama8b_attempt1/fidelity/fidelity_report.json,bc9be3a83c1777a9b43827b2f3bb2c81eb8d0b6cb757d80f8448bb406ab32527
llama8b,16,random,model.layers.18.self_attn.v_proj,3383,kl,False,4.838240004190197e-07,4.814708523899258e-07,-0.0003540767365554299,0.0006773750399531777,-0.0016817318148636582,0.0009735783417527983,-0.5227189011568906,False,False,128 calibration sequences; not held-out documents,65408,6815744,5.868765024038462e-06,same frozen seed0 calibration sequences as finite effect,all FourOverSix; causal-per-token activation,"BF16 forward, FP32 log_softmax, FP64 paired sequence summaries",research_runs/mixfp4_n16k64_full_validation_20260911T065444Z/runs/V43_fidelity_llama8b_attempt1/fidelity/fidelity_report.json,bc9be3a83c1777a9b43827b2f3bb2c81eb8d0b6cb757d80f8448bb406ab32527
llama8b,16,random,model.layers.8.self_attn.q_proj,11860,ce,False,-3.0646569859626993e-07,1.0636478561096285e-06,0.002611272968351841,0.0013834113467339577,-0.0001002132712467161,0.005322759207950398,1.8875607566156618,False,False,128 calibration sequences; not held-out documents,65408,6815744,5.868765024038462e-06,same frozen seed0 calibration sequences as finite effect,all FourOverSix; causal-per-token activation,"BF16 forward, FP32 log_softmax, FP64 paired sequence summaries",research_runs/mixfp4_n16k64_full_validation_20260911T065444Z/runs/V43_fidelity_llama8b_attempt1/fidelity/fidelity_report.json,bc9be3a83c1777a9b43827b2f3bb2c81eb8d0b6cb757d80f8448bb406ab32527
llama8b,16,random,model.layers.8.self_attn.q_proj,11860,kl,False,-1.1637758356997097e-07,5.663701871297176e-07,0.0008056574425449824,0.0009405970898317094,-0.0010379128535251679,0.0026492277386151327,0.8565383108820056,False,False,128 calibration sequences; not held-out documents,65408,6815744,5.868765024038462e-06,same frozen seed0 calibration sequences as finite effect,all FourOverSix; causal-per-token activation,"BF16 forward, FP32 log_softmax, FP64 paired sequence summaries",research_runs/mixfp4_n16k64_full_validation_20260911T065444Z/runs/V43_fidelity_llama8b_attempt1/fidelity/fidelity_report.json,bc9be3a83c1777a9b43827b2f3bb2c81eb8d0b6cb757d80f8448bb406ab32527
llama8b,16,random,model.layers.23.mlp.gate_proj,177,ce,False,-7.285014643754195e-07,8.432176605982382e-07,0.00031010934617370367,0.0008765685937224537,-0.0014079650975223055,0.002028183789869713,0.3537764738487688,False,False,128 calibration sequences; not held-out documents,65408,6815744,5.868765024038462e-06,same frozen seed0 calibration sequences as finite effect,all FourOverSix; causal-per-token activation,"BF16 forward, FP32 log_softmax, FP64 paired sequence summaries",research_runs/mixfp4_n16k64_full_validation_20260911T065444Z/runs/V43_fidelity_llama8b_attempt1/fidelity/fidelity_report.json,bc9be3a83c1777a9b43827b2f3bb2c81eb8d0b6cb757d80f8448bb406ab32527
llama8b,16,random,model.layers.23.mlp.gate_proj,177,kl,False,-3.706365289818381e-07,5.479143928222975e-07,-0.00012342478305852662,0.0003536625907471884,-0.0008166034609230158,0.0005697538948059627,-0.3489902135189509,True,False,128 calibration sequences; not held-out documents,65408,6815744,5.868765024038462e-06,same frozen seed0 calibration sequences as finite effect,all FourOverSix; causal-per-token activation,"BF16 forward, FP32 log_softmax, FP64 paired sequence summaries",research_runs/mixfp4_n16k64_full_validation_20260911T065444Z/runs/V43_fidelity_llama8b_attempt1/fidelity/fidelity_report.json,bc9be3a83c1777a9b43827b2f3bb2c81eb8d0b6cb757d80f8448bb406ab32527
llama8b,16,random,model.layers.15.mlp.up_proj,29555,ce,False,6.773297300810555e-08,6.854234587761489e-07,0.0023070512106642127,0.0011432568506904018,6.626778331102505e-05,0.0045478346380174,2.0179640378021846,True,True,128 calibration sequences; not held-out documents,65408,6815744,5.868765024038462e-06,same frozen seed0 calibration sequences as finite effect,all FourOverSix; causal-per-token activation,"BF16 forward, FP32 log_softmax, FP64 paired sequence summaries",research_runs/mixfp4_n16k64_full_validation_20260911T065444Z/runs/V43_fidelity_llama8b_attempt1/fidelity/fidelity_report.json,bc9be3a83c1777a9b43827b2f3bb2c81eb8d0b6cb757d80f8448bb406ab32527
llama8b,16,random,model.layers.15.mlp.up_proj,29555,kl,False,5.956303484877523e-07,5.407523586149557e-07,0.0009288613805432178,0.0007715924694148679,-0.0005834598595099232,0.002441182620596359,1.203823802541274,True,False,128 calibration sequences; not held-out documents,65408,6815744,5.868765024038462e-06,same frozen seed0 calibration sequences as finite effect,all FourOverSix; causal-per-token activation,"BF16 forward, FP32 log_softmax, FP64 paired sequence summaries",research_runs/mixfp4_n16k64_full_validation_20260911T065444Z/runs/V43_fidelity_llama8b_attempt1/fidelity/fidelity_report.json,bc9be3a83c1777a9b43827b2f3bb2c81eb8d0b6cb757d80f8448bb406ab32527
llama8b,16,random,model.layers.0.mlp.gate_proj,18949,ce,False,1.0964867585006033e-06,6.629347958831494e-07,0.0021432145149447024,0.001656917337688971,-0.0011043434669256807,0.005390772496815086,1.29349513472652,True,False,128 calibration sequences; not held-out documents,65408,6815744,5.868765024038462e-06,same frozen seed0 calibration sequences as finite effect,all FourOverSix; causal-per-token activation,"BF16 forward, FP32 log_softmax, FP64 paired sequence summaries",research_runs/mixfp4_n16k64_full_validation_20260911T065444Z/runs/V43_fidelity_llama8b_attempt1/fidelity/fidelity_report.json,bc9be3a83c1777a9b43827b2f3bb2c81eb8d0b6cb757d80f8448bb406ab32527
llama8b,16,random,model.layers.0.mlp.gate_proj,18949,kl,False,2.4163471756821764e-07,4.424721420944996e-07,0.0019133931971091643,0.0010968073488074662,-0.0002363492065534695,0.004063135600771798,1.744511649369922,True,False,128 calibration sequences; not held-out documents,65408,6815744,5.868765024038462e-06,same frozen seed0 calibration sequences as finite effect,all FourOverSix; causal-per-token activation,"BF16 forward, FP32 log_softmax, FP64 paired sequence summaries",research_runs/mixfp4_n16k64_full_validation_20260911T065444Z/runs/V43_fidelity_llama8b_attempt1/fidelity/fidelity_report.json,bc9be3a83c1777a9b43827b2f3bb2c81eb8d0b6cb757d80f8448bb406ab32527
llama8b,16,random,model.layers.28.self_attn.v_proj,1353,ce,False,-7.300298228152258e-07,9.674155215468435e-07,0.0007685964810661972,0.0005582058194173378,-0.0003254869249917848,0.0018626798871241791,1.3769051742750869,False,False,128 calibration sequences; not held-out documents,65408,6815744,5.868765024038462e-06,same frozen seed0 calibration sequences as finite effect,all FourOverSix; causal-per-token activation,"BF16 forward, FP32 log_softmax, FP64 paired sequence summaries",research_runs/mixfp4_n16k64_full_validation_20260911T065444Z/runs/V43_fidelity_llama8b_attempt1/fidelity/fidelity_report.json,bc9be3a83c1777a9b43827b2f3bb2c81eb8d0b6cb757d80f8448bb406ab32527
llama8b,16,random,model.layers.28.self_attn.v_proj,1353,kl,False,-1.0437560792331269e-06,6.339444445985963e-07,8.975067944672836e-05,0.00020984334840043963,-0.00032154228341813333,0.00050104364231159,0.4277032373476,False,False,128 calibration sequences; not held-out documents,65408,6815744,5.868765024038462e-06,same frozen seed0 calibration sequences as finite effect,all FourOverSix; causal-per-token activation,"BF16 forward, FP32 log_softmax, FP64 paired sequence summaries",research_runs/mixfp4_n16k64_full_validation_20260911T065444Z/runs/V43_fidelity_llama8b_attempt1/fidelity/fidelity_report.json,bc9be3a83c1777a9b43827b2f3bb2c81eb8d0b6cb757d80f8448bb406ab32527
qwen4b,16,selected,model.layers.34.mlp.down_proj,14806,ce,False,-3.40269606091681e-06,1.0723243387685266e-06,0.00017425476107746363,0.00023814508289308404,-0.0002925096013929811,0.0006410191235479083,0.7317168129635321,False,False,128 calibration sequences; not held-out documents,65408,4077,0.009811135638950209,same frozen seed0 calibration sequences as finite effect,all FourOverSix; causal-per-token activation,"BF16 forward, FP32 log_softmax, FP64 paired sequence summaries",research_runs/mixfp4_n16k64_full_validation_20260911T065444Z/runs/V43_fidelity_qwen4b_attempt1/fidelity/fidelity_report.json,211dafbd55f3d33408a4de9c85fce51a0efc33849936504925be9bc11bbef2b3
qwen4b,16,selected,model.layers.34.mlp.down_proj,14806,kl,False,-1.923585662533256e-06,6.13608941100536e-07,2.202638764134846e-05,7.020370069669261e-05,-0.00011557286572416904,0.00015962564100686596,0.31374966594013404,False,False,128 calibration sequences; not held-out documents,65408,4077,0.009811135638950209,same frozen seed0 calibration sequences as finite effect,all FourOverSix; causal-per-token activation,"BF16 forward, FP32 log_softmax, FP64 paired sequence summaries",research_runs/mixfp4_n16k64_full_validation_20260911T065444Z/runs/V43_fidelity_qwen4b_attempt1/fidelity/fidelity_report.json,211dafbd55f3d33408a4de9c85fce51a0efc33849936504925be9bc11bbef2b3
qwen4b,16,selected,model.layers.34.mlp.down_proj,3370,ce,False,-3.4132536101960653e-06,1.11347236234561e-06,0.00021717522758990526,0.00022212499323242806,-0.0002181897591456537,0.0006525402143254642,0.977716304813374,False,False,128 calibration sequences; not held-out documents,65408,4077,0.009811135638950209,same frozen seed0 calibration sequences as finite effect,all FourOverSix; causal-per-token activation,"BF16 forward, FP32 log_softmax, FP64 paired sequence summaries",research_runs/mixfp4_n16k64_full_validation_20260911T065444Z/runs/V43_fidelity_qwen4b_attempt1/fidelity/fidelity_report.json,211dafbd55f3d33408a4de9c85fce51a0efc33849936504925be9bc11bbef2b3
qwen4b,16,selected,model.layers.34.mlp.down_proj,3370,kl,False,-2.2499883688409383e-06,5.900751215176744e-07,-0.00012724498664878843,8.305955555988845e-05,-0.0002900417155461698,3.5551742248592923e-05,-1.5319728812784335,True,False,128 calibration sequences; not held-out documents,65408,4077,0.009811135638950209,same frozen seed0 calibration sequences as finite effect,all FourOverSix; causal-per-token activation,"BF16 forward, FP32 log_softmax, FP64 paired sequence summaries",research_runs/mixfp4_n16k64_full_validation_20260911T065444Z/runs/V43_fidelity_qwen4b_attempt1/fidelity/fidelity_report.json,211dafbd55f3d33408a4de9c85fce51a0efc33849936504925be9bc11bbef2b3
qwen4b,16,selected,model.layers.21.self_attn.o_proj,1760,ce,False,-4.410268729326816e-06,1.0265944709376205e-06,0.001800444908440113,0.001264765826086747,-0.000678496110689911,0.004279385927570137,1.4235401299628612,False,False,128 calibration sequences; not held-out documents,65408,4077,0.009811135638950209,same frozen seed0 calibration sequences as finite effect,all FourOverSix; causal-per-token activation,"BF16 forward, FP32 log_softmax, FP64 paired sequence summaries",research_runs/mixfp4_n16k64_full_validation_20260911T065444Z/runs/V43_fidelity_qwen4b_attempt1/fidelity/fidelity_report.json,211dafbd55f3d33408a4de9c85fce51a0efc33849936504925be9bc11bbef2b3
qwen4b,16,selected,model.layers.21.self_attn.o_proj,1760,kl,False,-2.2821901728420357e-06,6.520059227805049e-07,0.00011483941342526271,0.0006397186793727549,-0.0011390091981453368,0.0013686880249958624,0.17951549193133287,False,False,128 calibration sequences; not held-out documents,65408,4077,0.009811135638950209,same frozen seed0 calibration sequences as finite effect,all FourOverSix; causal-per-token activation,"BF16 forward, FP32 log_softmax, FP64 paired sequence summaries",research_runs/mixfp4_n16k64_full_validation_20260911T065444Z/runs/V43_fidelity_qwen4b_attempt1/fidelity/fidelity_report.json,211dafbd55f3d33408a4de9c85fce51a0efc33849936504925be9bc11bbef2b3
qwen4b,16,selected,model.layers.13.mlp.up_proj,10486,ce,False,-1.885834597104008e-05,3.2537235705098135e-06,-0.00010168668814003468,0.001758313241012438,-0.003547980640524413,0.0033446072642443437,-0.057831952673849746,True,False,128 calibration sequences; not held-out documents,65408,4077,0.009811135638950209,same frozen seed0 calibration sequences as finite effect,all FourOverSix; causal-per-token activation,"BF16 forward, FP32 log_softmax, FP64 paired sequence summaries",research_runs/mixfp4_n16k64_full_validation_20260911T065444Z/runs/V43_fidelity_qwen4b_attempt1/fidelity/fidelity_report.json,211dafbd55f3d33408a4de9c85fce51a0efc33849936504925be9bc11bbef2b3
qwen4b,16,selected,model.layers.13.mlp.up_proj,10486,kl,False,-6.325014978880716e-06,1.7301544357778498e-06,-0.0011014040150399947,0.0009539582244403852,-0.00297116213494315,0.0007683541048631602,-1.154562104316575,True,False,128 calibration sequences; not held-out documents,65408,4077,0.009811135638950209,same frozen seed0 calibration sequences as finite effect,all FourOverSix; causal-per-token activation,"BF16 forward, FP32 log_softmax, FP64 paired sequence summaries",research_runs/mixfp4_n16k64_full_validation_20260911T065444Z/runs/V43_fidelity_qwen4b_attempt1/fidelity/fidelity_report.json,211dafbd55f3d33408a4de9c85fce51a0efc33849936504925be9bc11bbef2b3
qwen4b,16,selected,model.layers.27.mlp.up_proj,14000,ce,False,-9.218891030116083e-06,2.4618407864482285e-06,0.0007197727682068944,0.0009551451073818587,-0.0011523116422615487,0.0025918571786753375,0.7535742607527544,False,False,128 calibration sequences; not held-out documents,65408,4077,0.009811135638950209,same frozen seed0 calibration sequences as finite effect,all FourOverSix; causal-per-token activation,"BF16 forward, FP32 log_softmax, FP64 paired sequence summaries",research_runs/mixfp4_n16k64_full_validation_20260911T065444Z/runs/V43_fidelity_qwen4b_attempt1/fidelity/fidelity_report.json,211dafbd55f3d33408a4de9c85fce51a0efc33849936504925be9bc11bbef2b3
qwen4b,16,selected,model.layers.27.mlp.up_proj,14000,kl,False,-3.7278779938532125e-06,1.1901957616916687e-06,0.00018331250150917946,0.0004717167409075048,-0.0007412523106695299,0.0011078773136878888,0.3886071568215209,False,False,128 calibration sequences; not held-out documents,65408,4077,0.009811135638950209,same frozen seed0 calibration sequences as finite effect,all FourOverSix; causal-per-token activation,"BF16 forward, FP32 log_softmax, FP64 paired sequence summaries",research_runs/mixfp4_n16k64_full_validation_20260911T065444Z/runs/V43_fidelity_qwen4b_attempt1/fidelity/fidelity_report.json,211dafbd55f3d33408a4de9c85fce51a0efc33849936504925be9bc11bbef2b3
qwen4b,16,selected,model.layers.22.mlp.down_proj,2094,ce,False,-3.211472560105122e-06,9.846121871527219e-07,0.0025923169450834394,0.001372669478667607,-9.811523310507058e-05,0.00528274912327195,1.8885223175499561,False,False,128 calibration sequences; not held-out documents,65408,4077,0.009811135638950209,same frozen seed0 calibration sequences as finite effect,all FourOverSix; causal-per-token activation,"BF16 forward, FP32 log_softmax, FP64 paired sequence summaries",research_runs/mixfp4_n16k64_full_validation_20260911T065444Z/runs/V43_fidelity_qwen4b_attempt1/fidelity/fidelity_report.json,211dafbd55f3d33408a4de9c85fce51a0efc33849936504925be9bc11bbef2b3
qwen4b,16,selected,model.layers.22.mlp.down_proj,2094,kl,False,-2.2128734895598967e-06,6.103502970597647e-07,0.0010248815403552205,0.0009292361823317931,-0.0007964213770150939,0.002846184457725535,1.102929007546196,False,False,128 calibration sequences; not held-out documents,65408,4077,0.009811135638950209,same frozen seed0 calibration sequences as finite effect,all FourOverSix; causal-per-token activation,"BF16 forward, FP32 log_softmax, FP64 paired sequence summaries",research_runs/mixfp4_n16k64_full_validation_20260911T065444Z/runs/V43_fidelity_qwen4b_attempt1/fidelity/fidelity_report.json,211dafbd55f3d33408a4de9c85fce51a0efc33849936504925be9bc11bbef2b3
qwen4b,16,selected,model.layers.1.mlp.down_proj,15609,ce,False,-1.3267572860665988e-08,3.1425409102501095e-09,0.0013787599746137857,0.001766745530652926,-0.002084061265465949,0.004841581214693521,0.7803953374678951,False,False,128 calibration sequences; not held-out documents,65408,4077,0.009811135638950209,same frozen seed0 calibration sequences as finite effect,all FourOverSix; causal-per-token activation,"BF16 forward, FP32 log_softmax, FP64 paired sequence summaries",research_runs/mixfp4_n16k64_full_validation_20260911T065444Z/runs/V43_fidelity_qwen4b_attempt1/fidelity/fidelity_report.json,211dafbd55f3d33408a4de9c85fce51a0efc33849936504925be9bc11bbef2b3
qwen4b,16,selected,model.layers.1.mlp.down_proj,15609,kl,False,-6.667751868433963e-09,2.12020055230243e-09,0.0014708929644675888,0.0010662937329799658,-0.0006190427521731443,0.003560828681108322,1.3794444429087016,False,False,128 calibration sequences; not held-out documents,65408,4077,0.009811135638950209,same frozen seed0 calibration sequences as finite effect,all FourOverSix; causal-per-token activation,"BF16 forward, FP32 log_softmax, FP64 paired sequence summaries",research_runs/mixfp4_n16k64_full_validation_20260911T065444Z/runs/V43_fidelity_qwen4b_attempt1/fidelity/fidelity_report.json,211dafbd55f3d33408a4de9c85fce51a0efc33849936504925be9bc11bbef2b3
qwen4b,16,selected,model.layers.34.mlp.down_proj,18756,ce,False,-7.749545789526024e-06,1.010310212914831e-06,-6.659782957285643e-05,0.0002231125399112861,-0.0005038984077989771,0.0003707027486532643,-0.2984943365323035,True,False,128 calibration sequences; not held-out documents,65408,4077,0.009811135638950209,same frozen seed0 calibration sequences as finite effect,all FourOverSix; causal-per-token activation,"BF16 forward, FP32 log_softmax, FP64 paired sequence summaries",research_runs/mixfp4_n16k64_full_validation_20260911T065444Z/runs/V43_fidelity_qwen4b_attempt1/fidelity/fidelity_report.json,211dafbd55f3d33408a4de9c85fce51a0efc33849936504925be9bc11bbef2b3
qwen4b,16,selected,model.layers.34.mlp.down_proj,18756,kl,False,-2.3854130674072493e-06,7.849822422348974e-07,-5.230648241459846e-05,9.036824231533108e-05,-0.00022942823735264736,0.00012481527252345044,-0.5788148698530634,True,False,128 calibration sequences; not held-out documents,65408,4077,0.009811135638950209,same frozen seed0 calibration sequences as finite effect,all FourOverSix; causal-per-token activation,"BF16 forward, FP32 log_softmax, FP64 paired sequence summaries",research_runs/mixfp4_n16k64_full_validation_20260911T065444Z/runs/V43_fidelity_qwen4b_attempt1/fidelity/fidelity_report.json,211dafbd55f3d33408a4de9c85fce51a0efc33849936504925be9bc11bbef2b3
qwen4b,16,selected,model.layers.35.mlp.up_proj,164,ce,False,-4.196370020093099e-05,8.257068387096998e-06,-5.0675938837230206e-05,4.646173080621244e-05,-0.00014174093121740658,4.038905354294618e-05,-1.0907027774878821,True,False,128 calibration sequences; not held-out documents,65408,4077,0.009811135638950209,same frozen seed0 calibration sequences as finite effect,all FourOverSix; causal-per-token activation,"BF16 forward, FP32 log_softmax, FP64 paired sequence summaries",research_runs/mixfp4_n16k64_full_validation_20260911T065444Z/runs/V43_fidelity_qwen4b_attempt1/fidelity/fidelity_report.json,211dafbd55f3d33408a4de9c85fce51a0efc33849936504925be9bc11bbef2b3
qwen4b,16,selected,model.layers.35.mlp.up_proj,164,kl,False,-4.823816938226422e-06,1.5881174821804409e-06,-2.1956908516836555e-05,1.237942289230702e-05,-4.622057738575831e-05,2.306760352085203e-06,-1.773661721378086,True,False,128 calibration sequences; not held-out documents,65408,4077,0.009811135638950209,same frozen seed0 calibration sequences as finite effect,all FourOverSix; causal-per-token activation,"BF16 forward, FP32 log_softmax, FP64 paired sequence summaries",research_runs/mixfp4_n16k64_full_validation_20260911T065444Z/runs/V43_fidelity_qwen4b_attempt1/fidelity/fidelity_report.json,211dafbd55f3d33408a4de9c85fce51a0efc33849936504925be9bc11bbef2b3
qwen4b,16,selected,model.layers.34.self_attn.o_proj,8485,ce,False,-4.612879584642293e-06,4.871966949952621e-07,0.00012624834198504686,0.00023766943168514388,-0.00033958374411783513,0.0005920804280879289,0.5311930149784523,False,False,128 calibration sequences; not held-out documents,65408,4077,0.009811135638950209,same frozen seed0 calibration sequences as finite effect,all FourOverSix; causal-per-token activation,"BF16 forward, FP32 log_softmax, FP64 paired sequence summaries",research_runs/mixfp4_n16k64_full_validation_20260911T065444Z/runs/V43_fidelity_qwen4b_attempt1/fidelity/fidelity_report.json,211dafbd55f3d33408a4de9c85fce51a0efc33849936504925be9bc11bbef2b3
qwen4b,16,selected,model.layers.34.self_attn.o_proj,8485,kl,False,-6.066171593932523e-07,1.7163601380627738e-07,-0.00015064172617883717,8.318851548986109e-05,-0.0003136912165389649,1.2407764181290572e-05,-1.8108476307309174,True,False,128 calibration sequences; not held-out documents,65408,4077,0.009811135638950209,same frozen seed0 calibration sequences as finite effect,all FourOverSix; causal-per-token activation,"BF16 forward, FP32 log_softmax, FP64 paired sequence summaries",research_runs/mixfp4_n16k64_full_validation_20260911T065444Z/runs/V43_fidelity_qwen4b_attempt1/fidelity/fidelity_report.json,211dafbd55f3d33408a4de9c85fce51a0efc33849936504925be9bc11bbef2b3
qwen4b,16,selected,model.layers.30.self_attn.v_proj,2040,ce,False,-2.5378010934495876e-05,6.0086927636049415e-06,0.0003772855270653963,0.0008282033153328292,-0.0012459929709869489,0.0020005640251177415,0.4555469895864604,False,False,128 calibration sequences; not held-out documents,65408,4077,0.009811135638950209,same frozen seed0 calibration sequences as finite effect,all FourOverSix; causal-per-token activation,"BF16 forward, FP32 log_softmax, FP64 paired sequence summaries",research_runs/mixfp4_n16k64_full_validation_20260911T065444Z/runs/V43_fidelity_qwen4b_attempt1/fidelity/fidelity_report.json,211dafbd55f3d33408a4de9c85fce51a0efc33849936504925be9bc11bbef2b3
qwen4b,16,selected,model.layers.30.self_attn.v_proj,2040,kl,False,-8.532863500887444e-06,2.650835369787666e-06,-0.00042864220997439125,0.0003656746098319907,-0.001145364445245093,0.0002880800252963105,-1.1721957129354184,True,False,128 calibration sequences; not held-out documents,65408,4077,0.009811135638950209,same frozen seed0 calibration sequences as finite effect,all FourOverSix; causal-per-token activation,"BF16 forward, FP32 log_softmax, FP64 paired sequence summaries",research_runs/mixfp4_n16k64_full_validation_20260911T065444Z/runs/V43_fidelity_qwen4b_attempt1/fidelity/fidelity_report.json,211dafbd55f3d33408a4de9c85fce51a0efc33849936504925be9bc11bbef2b3
qwen4b,16,selected,model.layers.16.self_attn.o_proj,176,ce,False,-1.4894586065850035e-05,2.5543228049389123e-06,0.0030412885826081038,0.0016229875638913652,-0.000139767042618972,0.006222344207835179,1.8738828628582593,False,False,128 calibration sequences; not held-out documents,65408,4077,0.009811135638950209,same frozen seed0 calibration sequences as finite effect,all FourOverSix; causal-per-token activation,"BF16 forward, FP32 log_softmax, FP64 paired sequence summaries",research_runs/mixfp4_n16k64_full_validation_20260911T065444Z/runs/V43_fidelity_qwen4b_attempt1/fidelity/fidelity_report.json,211dafbd55f3d33408a4de9c85fce51a0efc33849936504925be9bc11bbef2b3
qwen4b,16,selected,model.layers.16.self_attn.o_proj,176,kl,False,-4.525777980379786e-06,1.2707601251744471e-06,0.00019800214572178573,0.0007297993000901292,-0.0012324044824548676,0.0016284087738984388,0.27131040780298465,False,False,128 calibration sequences; not held-out documents,65408,4077,0.009811135638950209,same frozen seed0 calibration sequences as finite effect,all FourOverSix; causal-per-token activation,"BF16 forward, FP32 log_softmax, FP64 paired sequence summaries",research_runs/mixfp4_n16k64_full_validation_20260911T065444Z/runs/V43_fidelity_qwen4b_attempt1/fidelity/fidelity_report.json,211dafbd55f3d33408a4de9c85fce51a0efc33849936504925be9bc11bbef2b3
qwen4b,16,selected,model.layers.6.mlp.down_proj,5616,ce,False,-6.112979724193224e-06,1.6413461677437472e-06,0.003141450695693493,0.002010285581992285,-0.000798709045011386,0.007081610436398372,1.5626887661305173,False,False,128 calibration sequences; not held-out documents,65408,4077,0.009811135638950209,same frozen seed0 calibration sequences as finite effect,all FourOverSix; causal-per-token activation,"BF16 forward, FP32 log_softmax, FP64 paired sequence summaries",research_runs/mixfp4_n16k64_full_validation_20260911T065444Z/runs/V43_fidelity_qwen4b_attempt1/fidelity/fidelity_report.json,211dafbd55f3d33408a4de9c85fce51a0efc33849936504925be9bc11bbef2b3
qwen4b,16,selected,model.layers.6.mlp.down_proj,5616,kl,False,-3.8187447306547995e-06,1.202291372671446e-06,-4.895488571126337e-05,0.0010253388072012954,-0.002058618947825802,0.0019607091764032754,-0.047745082276645465,True,False,128 calibration sequences; not held-out documents,65408,4077,0.009811135638950209,same frozen seed0 calibration sequences as finite effect,all FourOverSix; causal-per-token activation,"BF16 forward, FP32 log_softmax, FP64 paired sequence summaries",research_runs/mixfp4_n16k64_full_validation_20260911T065444Z/runs/V43_fidelity_qwen4b_attempt1/fidelity/fidelity_report.json,211dafbd55f3d33408a4de9c85fce51a0efc33849936504925be9bc11bbef2b3
qwen4b,16,selected,model.layers.10.self_attn.o_proj,1256,ce,False,-5.5527644127195686e-06,1.6242365135512453e-06,0.0008856749627739191,0.001997690426520433,-0.00302979827320613,0.004801148198753968,0.4433494554592141,False,False,128 calibration sequences; not held-out documents,65408,4077,0.009811135638950209,same frozen seed0 calibration sequences as finite effect,all FourOverSix; causal-per-token activation,"BF16 forward, FP32 log_softmax, FP64 paired sequence summaries",research_runs/mixfp4_n16k64_full_validation_20260911T065444Z/runs/V43_fidelity_qwen4b_attempt1/fidelity/fidelity_report.json,211dafbd55f3d33408a4de9c85fce51a0efc33849936504925be9bc11bbef2b3
qwen4b,16,selected,model.layers.10.self_attn.o_proj,1256,kl,False,-3.0715069008202533e-06,8.532730623150101e-07,0.000527171399821852,0.0009595118957623096,-0.001353471915872275,0.002407814715515979,0.5494162210495855,False,False,128 calibration sequences; not held-out documents,65408,4077,0.009811135638950209,same frozen seed0 calibration sequences as finite effect,all FourOverSix; causal-per-token activation,"BF16 forward, FP32 log_softmax, FP64 paired sequence summaries",research_runs/mixfp4_n16k64_full_validation_20260911T065444Z/runs/V43_fidelity_qwen4b_attempt1/fidelity/fidelity_report.json,211dafbd55f3d33408a4de9c85fce51a0efc33849936504925be9bc11bbef2b3
qwen4b,16,selected,model.layers.18.self_attn.o_proj,670,ce,False,-7.744857118296977e-06,1.8327638350478161e-06,-0.00022224767599254847,0.0016498117573515525,-0.003455878720401591,0.003011383368416494,-0.13471092989985917,True,False,128 calibration sequences; not held-out documents,65408,4077,0.009811135638950209,same frozen seed0 calibration sequences as finite effect,all FourOverSix; causal-per-token activation,"BF16 forward, FP32 log_softmax, FP64 paired sequence summaries",research_runs/mixfp4_n16k64_full_validation_20260911T065444Z/runs/V43_fidelity_qwen4b_attempt1/fidelity/fidelity_report.json,211dafbd55f3d33408a4de9c85fce51a0efc33849936504925be9bc11bbef2b3
qwen4b,16,selected,model.layers.18.self_attn.o_proj,670,kl,False,-3.390284028181867e-06,1.08569686006145e-06,0.00034192252304153444,0.00078837544551555,-0.0012032933501689436,0.0018871383962520125,0.433705190828131,False,False,128 calibration sequences; not held-out documents,65408,4077,0.009811135638950209,same frozen seed0 calibration sequences as finite effect,all FourOverSix; causal-per-token activation,"BF16 forward, FP32 log_softmax, FP64 paired sequence summaries",research_runs/mixfp4_n16k64_full_validation_20260911T065444Z/runs/V43_fidelity_qwen4b_attempt1/fidelity/fidelity_report.json,211dafbd55f3d33408a4de9c85fce51a0efc33849936504925be9bc11bbef2b3
qwen4b,16,selected,model.layers.35.mlp.down_proj,15843,ce,False,-2.6312693492513972e-05,4.090819200390052e-06,-3.9843376725912094e-05,3.206940182622531e-05,-0.0001026994043053137,2.3012650853489514e-05,-1.2424109729832715,True,False,128 calibration sequences; not held-out documents,65408,4077,0.009811135638950209,same frozen seed0 calibration sequences as finite effect,all FourOverSix; causal-per-token activation,"BF16 forward, FP32 log_softmax, FP64 paired sequence summaries",research_runs/mixfp4_n16k64_full_validation_20260911T065444Z/runs/V43_fidelity_qwen4b_attempt1/fidelity/fidelity_report.json,211dafbd55f3d33408a4de9c85fce51a0efc33849936504925be9bc11bbef2b3
qwen4b,16,selected,model.layers.35.mlp.down_proj,15843,kl,False,-6.644769619978952e-06,1.5957866458887927e-06,4.065181929685356e-06,8.284980564772475e-06,-1.2173379977268695e-05,2.0303743836639407e-05,0.4906688552741337,False,False,128 calibration sequences; not held-out documents,65408,4077,0.009811135638950209,same frozen seed0 calibration sequences as finite effect,all FourOverSix; causal-per-token activation,"BF16 forward, FP32 log_softmax, FP64 paired sequence summaries",research_runs/mixfp4_n16k64_full_validation_20260911T065444Z/runs/V43_fidelity_qwen4b_attempt1/fidelity/fidelity_report.json,211dafbd55f3d33408a4de9c85fce51a0efc33849936504925be9bc11bbef2b3
qwen4b,16,selected,model.layers.24.mlp.gate_proj,240,ce,False,-7.495980972294092e-05,8.934662122847488e-06,0.0008034525671973825,0.0012605187577156489,-0.0016671641979252895,0.0032740693323200544,0.6373983427691501,False,False,128 calibration sequences; not held-out documents,65408,4077,0.009811135638950209,same frozen seed0 calibration sequences as finite effect,all FourOverSix; causal-per-token activation,"BF16 forward, FP32 log_softmax, FP64 paired sequence summaries",research_runs/mixfp4_n16k64_full_validation_20260911T065444Z/runs/V43_fidelity_qwen4b_attempt1/fidelity/fidelity_report.json,211dafbd55f3d33408a4de9c85fce51a0efc33849936504925be9bc11bbef2b3
qwen4b,16,selected,model.layers.24.mlp.gate_proj,240,kl,False,-1.6239139518425816e-05,3.828751789284056e-06,-0.0008415434128544769,0.0005910679484158382,-0.00200003659174952,0.000316949766040566,-1.4237676313018752,True,False,128 calibration sequences; not held-out documents,65408,4077,0.009811135638950209,same frozen seed0 calibration sequences as finite effect,all FourOverSix; causal-per-token activation,"BF16 forward, FP32 log_softmax, FP64 paired sequence summaries",research_runs/mixfp4_n16k64_full_validation_20260911T065444Z/runs/V43_fidelity_qwen4b_attempt1/fidelity/fidelity_report.json,211dafbd55f3d33408a4de9c85fce51a0efc33849936504925be9bc11bbef2b3
qwen4b,16,selected,model.layers.35.mlp.down_proj,17935,ce,False,-3.5058345049243655e-06,6.274934605732697e-07,-3.559049218893051e-06,1.4025982340612692e-05,-3.104997460649393e-05,2.3931876168707826e-05,-0.25374687722140554,True,False,128 calibration sequences; not held-out documents,65408,4077,0.009811135638950209,same frozen seed0 calibration sequences as finite effect,all FourOverSix; causal-per-token activation,"BF16 forward, FP32 log_softmax, FP64 paired sequence summaries",research_runs/mixfp4_n16k64_full_validation_20260911T065444Z/runs/V43_fidelity_qwen4b_attempt1/fidelity/fidelity_report.json,211dafbd55f3d33408a4de9c85fce51a0efc33849936504925be9bc11bbef2b3
qwen4b,16,selected,model.layers.35.mlp.down_proj,17935,kl,False,-9.070534619515236e-07,2.68029737741077e-07,-9.570632466751258e-06,4.714273383785387e-06,-1.8810608298970617e-05,-3.306566345318995e-07,-2.0301394695668655,True,True,128 calibration sequences; not held-out documents,65408,4077,0.009811135638950209,same frozen seed0 calibration sequences as finite effect,all FourOverSix; causal-per-token activation,"BF16 forward, FP32 log_softmax, FP64 paired sequence summaries",research_runs/mixfp4_n16k64_full_validation_20260911T065444Z/runs/V43_fidelity_qwen4b_attempt1/fidelity/fidelity_report.json,211dafbd55f3d33408a4de9c85fce51a0efc33849936504925be9bc11bbef2b3
qwen4b,16,selected,model.layers.35.mlp.down_proj,3652,ce,False,-7.525954344700381e-05,8.411773033229207e-06,-9.627523832023144e-05,4.236762962575519e-05,-0.00017931579238671162,-1.3234684253751264e-05,-2.2723772646866687,True,True,128 calibration sequences; not held-out documents,65408,4077,0.009811135638950209,same frozen seed0 calibration sequences as finite effect,all FourOverSix; causal-per-token activation,"BF16 forward, FP32 log_softmax, FP64 paired sequence summaries",research_runs/mixfp4_n16k64_full_validation_20260911T065444Z/runs/V43_fidelity_qwen4b_attempt1/fidelity/fidelity_report.json,211dafbd55f3d33408a4de9c85fce51a0efc33849936504925be9bc11bbef2b3
qwen4b,16,selected,model.layers.35.mlp.down_proj,3652,kl,False,-2.0715934995418905e-05,2.25553618713336e-06,-4.818798792170179e-06,1.1491911851680294e-05,-2.7342946021463555e-05,1.7705348437123197e-05,-0.4193208975463553,True,False,128 calibration sequences; not held-out documents,65408,4077,0.009811135638950209,same frozen seed0 calibration sequences as finite effect,all FourOverSix; causal-per-token activation,"BF16 forward, FP32 log_softmax, FP64 paired sequence summaries",research_runs/mixfp4_n16k64_full_validation_20260911T065444Z/runs/V43_fidelity_qwen4b_attempt1/fidelity/fidelity_report.json,211dafbd55f3d33408a4de9c85fce51a0efc33849936504925be9bc11bbef2b3
qwen4b,16,selected,model.layers.17.mlp.up_proj,2164,ce,False,-5.31643066503662e-06,1.6901410833443273e-06,0.003036851529031992,0.0017179210088789398,-0.0003302736483707298,0.006403976706434713,1.767748059041285,False,False,128 calibration sequences; not held-out documents,65408,4077,0.009811135638950209,same frozen seed0 calibration sequences as finite effect,all FourOverSix; causal-per-token activation,"BF16 forward, FP32 log_softmax, FP64 paired sequence summaries",research_runs/mixfp4_n16k64_full_validation_20260911T065444Z/runs/V43_fidelity_qwen4b_attempt1/fidelity/fidelity_report.json,211dafbd55f3d33408a4de9c85fce51a0efc33849936504925be9bc11bbef2b3
qwen4b,16,selected,model.layers.17.mlp.up_proj,2164,kl,False,-2.6062013707139897e-06,7.919184725496977e-07,0.00035929122466614644,0.000687055161643579,-0.0009873368921552682,0.001705919341487561,0.5229437819907313,False,False,128 calibration sequences; not held-out documents,65408,4077,0.009811135638950209,same frozen seed0 calibration sequences as finite effect,all FourOverSix; causal-per-token activation,"BF16 forward, FP32 log_softmax, FP64 paired sequence summaries",research_runs/mixfp4_n16k64_full_validation_20260911T065444Z/runs/V43_fidelity_qwen4b_attempt1/fidelity/fidelity_report.json,211dafbd55f3d33408a4de9c85fce51a0efc33849936504925be9bc11bbef2b3
qwen4b,16,selected,model.layers.35.mlp.down_proj,1403,ce,False,-5.7938555281467075e-05,4.624945391163568e-06,-0.00010228808969259262,3.333986990783953e-05,-0.0001676342347119581,-3.6941944673227146e-05,-3.06804105640918,True,True,128 calibration sequences; not held-out documents,65408,4077,0.009811135638950209,same frozen seed0 calibration sequences as finite effect,all FourOverSix; causal-per-token activation,"BF16 forward, FP32 log_softmax, FP64 paired sequence summaries",research_runs/mixfp4_n16k64_full_validation_20260911T065444Z/runs/V43_fidelity_qwen4b_attempt1/fidelity/fidelity_report.json,211dafbd55f3d33408a4de9c85fce51a0efc33849936504925be9bc11bbef2b3
qwen4b,16,selected,model.layers.35.mlp.down_proj,1403,kl,False,-8.685073405345634e-06,1.986345096720408e-06,-7.604086404188251e-06,9.179710265833556e-06,-2.559631852522202e-05,1.0388145716845518e-05,-0.8283579964925798,True,False,128 calibration sequences; not held-out documents,65408,4077,0.009811135638950209,same frozen seed0 calibration sequences as finite effect,all FourOverSix; causal-per-token activation,"BF16 forward, FP32 log_softmax, FP64 paired sequence summaries",research_runs/mixfp4_n16k64_full_validation_20260911T065444Z/runs/V43_fidelity_qwen4b_attempt1/fidelity/fidelity_report.json,211dafbd55f3d33408a4de9c85fce51a0efc33849936504925be9bc11bbef2b3
qwen4b,16,selected,model.layers.35.mlp.down_proj,638,ce,False,-2.702657410047493e-05,2.3950126226441544e-06,-3.0443770810961723e-06,2.520116387885373e-05,-5.243865828364948e-05,4.634990412145714e-05,-0.12080303496025062,True,False,128 calibration sequences; not held-out documents,65408,4077,0.009811135638950209,same frozen seed0 calibration sequences as finite effect,all FourOverSix; causal-per-token activation,"BF16 forward, FP32 log_softmax, FP64 paired sequence summaries",research_runs/mixfp4_n16k64_full_validation_20260911T065444Z/runs/V43_fidelity_qwen4b_attempt1/fidelity/fidelity_report.json,211dafbd55f3d33408a4de9c85fce51a0efc33849936504925be9bc11bbef2b3
qwen4b,16,selected,model.layers.35.mlp.down_proj,638,kl,False,-3.2928259370290647e-06,5.950035708268485e-07,1.6950682751519606e-06,7.868774357561813e-06,-1.3727729465669194e-05,1.7117866015973115e-05,0.2154170647329615,False,False,128 calibration sequences; not held-out documents,65408,4077,0.009811135638950209,same frozen seed0 calibration sequences as finite effect,all FourOverSix; causal-per-token activation,"BF16 forward, FP32 log_softmax, FP64 paired sequence summaries",research_runs/mixfp4_n16k64_full_validation_20260911T065444Z/runs/V43_fidelity_qwen4b_attempt1/fidelity/fidelity_report.json,211dafbd55f3d33408a4de9c85fce51a0efc33849936504925be9bc11bbef2b3
qwen4b,16,selected,model.layers.33.self_attn.o_proj,24,ce,False,-9.341085894565282e-06,1.2354904586925119e-06,0.0009146718075498939,0.00041995480191152394,9.156039580330698e-05,0.0017377832192964808,2.178024404975364,False,True,128 calibration sequences; not held-out documents,65408,4077,0.009811135638950209,same frozen seed0 calibration sequences as finite effect,all FourOverSix; causal-per-token activation,"BF16 forward, FP32 log_softmax, FP64 paired sequence summaries",research_runs/mixfp4_n16k64_full_validation_20260911T065444Z/runs/V43_fidelity_qwen4b_attempt1/fidelity/fidelity_report.json,211dafbd55f3d33408a4de9c85fce51a0efc33849936504925be9bc11bbef2b3
qwen4b,16,selected,model.layers.33.self_attn.o_proj,24,kl,False,-1.4867770299908933e-06,2.593876307532567e-07,0.0003314426032145794,0.00018592054667023155,-3.296166825907446e-05,0.0006958468746882333,1.7827109975233735,False,False,128 calibration sequences; not held-out documents,65408,4077,0.009811135638950209,same frozen seed0 calibration sequences as finite effect,all FourOverSix; causal-per-token activation,"BF16 forward, FP32 log_softmax, FP64 paired sequence summaries",research_runs/mixfp4_n16k64_full_validation_20260911T065444Z/runs/V43_fidelity_qwen4b_attempt1/fidelity/fidelity_report.json,211dafbd55f3d33408a4de9c85fce51a0efc33849936504925be9bc11bbef2b3
qwen4b,16,selected,model.layers.22.self_attn.o_proj,7966,ce,False,-6.832405444967549e-06,2.131655276666019e-06,0.0010942057706415653,0.0011846404168786126,-0.0012276894464405153,0.003416100987723646,0.9236606780010664,False,False,128 calibration sequences; not held-out documents,65408,4077,0.009811135638950209,same frozen seed0 calibration sequences as finite effect,all FourOverSix; causal-per-token activation,"BF16 forward, FP32 log_softmax, FP64 paired sequence summaries",research_runs/mixfp4_n16k64_full_validation_20260911T065444Z/runs/V43_fidelity_qwen4b_attempt1/fidelity/fidelity_report.json,211dafbd55f3d33408a4de9c85fce51a0efc33849936504925be9bc11bbef2b3
qwen4b,16,selected,model.layers.22.self_attn.o_proj,7966,kl,False,-3.6513847481156603e-06,9.953232153630943e-07,-0.0003337286033922224,0.0008397877392084174,-0.0019797125722407207,0.0013122553654562757,-0.39739637507305653,True,False,128 calibration sequences; not held-out documents,65408,4077,0.009811135638950209,same frozen seed0 calibration sequences as finite effect,all FourOverSix; causal-per-token activation,"BF16 forward, FP32 log_softmax, FP64 paired sequence summaries",research_runs/mixfp4_n16k64_full_validation_20260911T065444Z/runs/V43_fidelity_qwen4b_attempt1/fidelity/fidelity_report.json,211dafbd55f3d33408a4de9c85fce51a0efc33849936504925be9bc11bbef2b3
qwen4b,16,selected,model.layers.1.mlp.down_proj,140,ce,False,-1.7587662078100141e-07,3.179769592865456e-08,0.0029058533255010843,0.002207006914624416,-0.0014198802271627713,0.00723158687816494,1.316648944888148,False,False,128 calibration sequences; not held-out documents,65408,4077,0.009811135638950209,same frozen seed0 calibration sequences as finite effect,all FourOverSix; causal-per-token activation,"BF16 forward, FP32 log_softmax, FP64 paired sequence summaries",research_runs/mixfp4_n16k64_full_validation_20260911T065444Z/runs/V43_fidelity_qwen4b_attempt1/fidelity/fidelity_report.json,211dafbd55f3d33408a4de9c85fce51a0efc33849936504925be9bc11bbef2b3
qwen4b,16,selected,model.layers.1.mlp.down_proj,140,kl,False,-7.033755014713983e-08,2.2948096562283783e-08,-0.0008114233741206844,0.0010866715703078047,-0.0029412996519239815,0.0013184529036826126,-0.7467052569442348,True,False,128 calibration sequences; not held-out documents,65408,4077,0.009811135638950209,same frozen seed0 calibration sequences as finite effect,all FourOverSix; causal-per-token activation,"BF16 forward, FP32 log_softmax, FP64 paired sequence summaries",research_runs/mixfp4_n16k64_full_validation_20260911T065444Z/runs/V43_fidelity_qwen4b_attempt1/fidelity/fidelity_report.json,211dafbd55f3d33408a4de9c85fce51a0efc33849936504925be9bc11bbef2b3
qwen4b,16,selected,model.layers.35.self_attn.q_proj,3681,ce,False,-1.88082565621972e-06,5.569608536094222e-07,-0.0001451901625841856,0.00010758163470966716,-0.00035605016661513327,6.566984144676204e-05,-1.349581301455526,True,False,128 calibration sequences; not held-out documents,65408,4077,0.009811135638950209,same frozen seed0 calibration sequences as finite effect,all FourOverSix; causal-per-token activation,"BF16 forward, FP32 log_softmax, FP64 paired sequence summaries",research_runs/mixfp4_n16k64_full_validation_20260911T065444Z/runs/V43_fidelity_qwen4b_attempt1/fidelity/fidelity_report.json,211dafbd55f3d33408a4de9c85fce51a0efc33849936504925be9bc11bbef2b3
qwen4b,16,selected,model.layers.35.self_attn.q_proj,3681,kl,False,-8.39007349068277e-07,2.2298047548292353e-07,-8.265689828753438e-05,4.330276665640977e-05,-0.00016753032093409754,2.216524359028766e-06,-1.9088133315680265,True,False,128 calibration sequences; not held-out documents,65408,4077,0.009811135638950209,same frozen seed0 calibration sequences as finite effect,all FourOverSix; causal-per-token activation,"BF16 forward, FP32 log_softmax, FP64 paired sequence summaries",research_runs/mixfp4_n16k64_full_validation_20260911T065444Z/runs/V43_fidelity_qwen4b_attempt1/fidelity/fidelity_report.json,211dafbd55f3d33408a4de9c85fce51a0efc33849936504925be9bc11bbef2b3
qwen4b,16,selected,model.layers.16.self_attn.q_proj,8881,ce,False,-9.126787586133389e-06,2.719798368349354e-06,0.0013121183728799224,0.0018729308395313486,-0.0023588260726015208,0.0049830628183613656,0.7005695806729549,False,False,128 calibration sequences; not held-out documents,65408,4077,0.009811135638950209,same frozen seed0 calibration sequences as finite effect,all FourOverSix; causal-per-token activation,"BF16 forward, FP32 log_softmax, FP64 paired sequence summaries",research_runs/mixfp4_n16k64_full_validation_20260911T065444Z/runs/V43_fidelity_qwen4b_attempt1/fidelity/fidelity_report.json,211dafbd55f3d33408a4de9c85fce51a0efc33849936504925be9bc11bbef2b3
qwen4b,16,selected,model.layers.16.self_attn.q_proj,8881,kl,False,-1.198797554202713e-05,1.7859629355367148e-06,-0.0006988336064145697,0.000794407041630615,-0.002255871408010575,0.0008582041951814357,-0.8796921097025153,True,False,128 calibration sequences; not held-out documents,65408,4077,0.009811135638950209,same frozen seed0 calibration sequences as finite effect,all FourOverSix; causal-per-token activation,"BF16 forward, FP32 log_softmax, FP64 paired sequence summaries",research_runs/mixfp4_n16k64_full_validation_20260911T065444Z/runs/V43_fidelity_qwen4b_attempt1/fidelity/fidelity_report.json,211dafbd55f3d33408a4de9c85fce51a0efc33849936504925be9bc11bbef2b3
qwen4b,16,selected,model.layers.1.mlp.down_proj,21529,ce,False,-1.8974829396958826e-08,5.057308628729666e-09,0.0016613509505987167,0.002029166592984303,-0.0023158155716505166,0.00563851747284795,0.8187356111335155,False,False,128 calibration sequences; not held-out documents,65408,4077,0.009811135638950209,same frozen seed0 calibration sequences as finite effect,all FourOverSix; causal-per-token activation,"BF16 forward, FP32 log_softmax, FP64 paired sequence summaries",research_runs/mixfp4_n16k64_full_validation_20260911T065444Z/runs/V43_fidelity_qwen4b_attempt1/fidelity/fidelity_report.json,211dafbd55f3d33408a4de9c85fce51a0efc33849936504925be9bc11bbef2b3
qwen4b,16,selected,model.layers.1.mlp.down_proj,21529,kl,False,-7.715308415149474e-09,2.3105622535917405e-09,0.0003180724773380917,0.0009861632547085437,-0.0016148075018906538,0.0022509524565668374,0.32253531635803717,False,False,128 calibration sequences; not held-out documents,65408,4077,0.009811135638950209,same frozen seed0 calibration sequences as finite effect,all FourOverSix; causal-per-token activation,"BF16 forward, FP32 log_softmax, FP64 paired sequence summaries",research_runs/mixfp4_n16k64_full_validation_20260911T065444Z/runs/V43_fidelity_qwen4b_attempt1/fidelity/fidelity_report.json,211dafbd55f3d33408a4de9c85fce51a0efc33849936504925be9bc11bbef2b3
qwen4b,16,selected,model.layers.1.self_attn.o_proj,8551,ce,False,-7.622269861062847e-06,1.2056569640363471e-06,0.004229149199090898,0.002622544242501241,-0.0009110375162115344,0.009369335914393331,1.612613099353231,False,False,128 calibration sequences; not held-out documents,65408,4077,0.009811135638950209,same frozen seed0 calibration sequences as finite effect,all FourOverSix; causal-per-token activation,"BF16 forward, FP32 log_softmax, FP64 paired sequence summaries",research_runs/mixfp4_n16k64_full_validation_20260911T065444Z/runs/V43_fidelity_qwen4b_attempt1/fidelity/fidelity_report.json,211dafbd55f3d33408a4de9c85fce51a0efc33849936504925be9bc11bbef2b3
qwen4b,16,selected,model.layers.1.self_attn.o_proj,8551,kl,False,-2.700151015222474e-06,8.895449059253309e-07,0.0013709494185646777,0.0011378424457320205,-0.0008592217750700824,0.003601120612199438,1.2048675312711594,False,False,128 calibration sequences; not held-out documents,65408,4077,0.009811135638950209,same frozen seed0 calibration sequences as finite effect,all FourOverSix; causal-per-token activation,"BF16 forward, FP32 log_softmax, FP64 paired sequence summaries",research_runs/mixfp4_n16k64_full_validation_20260911T065444Z/runs/V43_fidelity_qwen4b_attempt1/fidelity/fidelity_report.json,211dafbd55f3d33408a4de9c85fce51a0efc33849936504925be9bc11bbef2b3
qwen4b,16,selected,model.layers.35.mlp.up_proj,3039,ce,False,-6.918694529844949e-06,1.6855438428347647e-06,-6.911391392350197e-05,3.553313248516024e-05,-0.00013875885359441602,5.310257474120951e-07,-1.945055476107155,True,False,128 calibration sequences; not held-out documents,65408,4077,0.009811135638950209,same frozen seed0 calibration sequences as finite effect,all FourOverSix; causal-per-token activation,"BF16 forward, FP32 log_softmax, FP64 paired sequence summaries",research_runs/mixfp4_n16k64_full_validation_20260911T065444Z/runs/V43_fidelity_qwen4b_attempt1/fidelity/fidelity_report.json,211dafbd55f3d33408a4de9c85fce51a0efc33849936504925be9bc11bbef2b3
qwen4b,16,selected,model.layers.35.mlp.up_proj,3039,kl,False,-1.9892195506909793e-06,6.22069424973695e-07,-1.8859245975774312e-05,1.0508630832450796e-05,-3.9456162407377866e-05,1.7376704558292457e-06,-1.7946434960429576,True,False,128 calibration sequences; not held-out documents,65408,4077,0.009811135638950209,same frozen seed0 calibration sequences as finite effect,all FourOverSix; causal-per-token activation,"BF16 forward, FP32 log_softmax, FP64 paired sequence summaries",research_runs/mixfp4_n16k64_full_validation_20260911T065444Z/runs/V43_fidelity_qwen4b_attempt1/fidelity/fidelity_report.json,211dafbd55f3d33408a4de9c85fce51a0efc33849936504925be9bc11bbef2b3
qwen4b,16,selected,model.layers.34.self_attn.q_proj,4240,ce,False,-0.0004517530000116565,3.336123163109916e-05,3.115786239504814e-05,0.0003876329184545014,-0.0007286026577757747,0.000790918382565871,0.08037981531412511,False,False,128 calibration sequences; not held-out documents,65408,4077,0.009811135638950209,same frozen seed0 calibration sequences as finite effect,all FourOverSix; causal-per-token activation,"BF16 forward, FP32 log_softmax, FP64 paired sequence summaries",research_runs/mixfp4_n16k64_full_validation_20260911T065444Z/runs/V43_fidelity_qwen4b_attempt1/fidelity/fidelity_report.json,211dafbd55f3d33408a4de9c85fce51a0efc33849936504925be9bc11bbef2b3
qwen4b,16,selected,model.layers.34.self_attn.q_proj,4240,kl,False,-3.0143691785777804e-05,9.427132561694953e-06,-0.0001683530081287987,0.00014723832267691037,-0.000456940120575543,0.00012023410431794563,-1.143404821978453,True,False,128 calibration sequences; not held-out documents,65408,4077,0.009811135638950209,same frozen seed0 calibration sequences as finite effect,all FourOverSix; causal-per-token activation,"BF16 forward, FP32 log_softmax, FP64 paired sequence summaries",research_runs/mixfp4_n16k64_full_validation_20260911T065444Z/runs/V43_fidelity_qwen4b_attempt1/fidelity/fidelity_report.json,211dafbd55f3d33408a4de9c85fce51a0efc33849936504925be9bc11bbef2b3
qwen4b,16,selected,model.layers.20.mlp.gate_proj,523,ce,False,-5.997493811804588e-06,1.918259186445616e-06,0.0017073097405955195,0.001318787985754267,-0.0008775147114828434,0.0042921341926738825,1.2946051670458931,False,False,128 calibration sequences; not held-out documents,65408,4077,0.009811135638950209,same frozen seed0 calibration sequences as finite effect,all FourOverSix; causal-per-token activation,"BF16 forward, FP32 log_softmax, FP64 paired sequence summaries",research_runs/mixfp4_n16k64_full_validation_20260911T065444Z/runs/V43_fidelity_qwen4b_attempt1/fidelity/fidelity_report.json,211dafbd55f3d33408a4de9c85fce51a0efc33849936504925be9bc11bbef2b3
qwen4b,16,selected,model.layers.20.mlp.gate_proj,523,kl,False,-4.132918660193496e-06,9.314012522863937e-07,-1.6816566357315006e-05,0.0007018437146586701,-0.0013924302470883084,0.0013587971143736784,-0.02396055703867557,True,False,128 calibration sequences; not held-out documents,65408,4077,0.009811135638950209,same frozen seed0 calibration sequences as finite effect,all FourOverSix; causal-per-token activation,"BF16 forward, FP32 log_softmax, FP64 paired sequence summaries",research_runs/mixfp4_n16k64_full_validation_20260911T065444Z/runs/V43_fidelity_qwen4b_attempt1/fidelity/fidelity_report.json,211dafbd55f3d33408a4de9c85fce51a0efc33849936504925be9bc11bbef2b3
qwen4b,16,selected,model.layers.28.mlp.down_proj,9090,ce,False,-4.560275976839279e-06,1.4287499550027218e-06,0.0008550537750124931,0.0008861534800983491,-0.0008818070459802711,0.002591914596005257,0.9649048321940751,False,False,128 calibration sequences; not held-out documents,65408,4077,0.009811135638950209,same frozen seed0 calibration sequences as finite effect,all FourOverSix; causal-per-token activation,"BF16 forward, FP32 log_softmax, FP64 paired sequence summaries",research_runs/mixfp4_n16k64_full_validation_20260911T065444Z/runs/V43_fidelity_qwen4b_attempt1/fidelity/fidelity_report.json,211dafbd55f3d33408a4de9c85fce51a0efc33849936504925be9bc11bbef2b3
qwen4b,16,selected,model.layers.28.mlp.down_proj,9090,kl,False,-3.0727424980003804e-06,9.180218617283265e-07,-0.00013462657814280224,0.00043077159749740055,-0.0009789389092377072,0.0007096857529521028,-0.31252426790653165,True,False,128 calibration sequences; not held-out documents,65408,4077,0.009811135638950209,same frozen seed0 calibration sequences as finite effect,all FourOverSix; causal-per-token activation,"BF16 forward, FP32 log_softmax, FP64 paired sequence summaries",research_runs/mixfp4_n16k64_full_validation_20260911T065444Z/runs/V43_fidelity_qwen4b_attempt1/fidelity/fidelity_report.json,211dafbd55f3d33408a4de9c85fce51a0efc33849936504925be9bc11bbef2b3
qwen4b,16,selected,model.layers.35.mlp.down_proj,17079,ce,False,-5.058749538378038e-06,1.1052677637307195e-06,-7.565482519567013e-06,1.5339671276763305e-05,-3.763123822202309e-05,2.2500273182889065e-05,-0.49319717372479066,True,False,128 calibration sequences; not held-out documents,65408,4077,0.009811135638950209,same frozen seed0 calibration sequences as finite effect,all FourOverSix; causal-per-token activation,"BF16 forward, FP32 log_softmax, FP64 paired sequence summaries",research_runs/mixfp4_n16k64_full_validation_20260911T065444Z/runs/V43_fidelity_qwen4b_attempt1/fidelity/fidelity_report.json,211dafbd55f3d33408a4de9c85fce51a0efc33849936504925be9bc11bbef2b3
qwen4b,16,selected,model.layers.35.mlp.down_proj,17079,kl,False,-1.6899240000145532e-06,4.2938278552914946e-07,-1.0460193039671926e-05,5.220837113419783e-06,-2.06930337819747e-05,-2.27352297369152e-07,-2.0035470964579143,True,True,128 calibration sequences; not held-out documents,65408,4077,0.009811135638950209,same frozen seed0 calibration sequences as finite effect,all FourOverSix; causal-per-token activation,"BF16 forward, FP32 log_softmax, FP64 paired sequence summaries",research_runs/mixfp4_n16k64_full_validation_20260911T065444Z/runs/V43_fidelity_qwen4b_attempt1/fidelity/fidelity_report.json,211dafbd55f3d33408a4de9c85fce51a0efc33849936504925be9bc11bbef2b3
qwen4b,16,selected,model.layers.35.mlp.down_proj,912,ce,False,-0.00016348644503949572,1.1656645136012479e-05,-0.00018836359959095716,5.5897830519739194e-05,-0.000297923347409646,-7.880385177226834e-05,-3.3697837257644614,True,True,128 calibration sequences; not held-out documents,65408,4077,0.009811135638950209,same frozen seed0 calibration sequences as finite effect,all FourOverSix; causal-per-token activation,"BF16 forward, FP32 log_softmax, FP64 paired sequence summaries",research_runs/mixfp4_n16k64_full_validation_20260911T065444Z/runs/V43_fidelity_qwen4b_attempt1/fidelity/fidelity_report.json,211dafbd55f3d33408a4de9c85fce51a0efc33849936504925be9bc11bbef2b3
qwen4b,16,selected,model.layers.35.mlp.down_proj,912,kl,False,-2.8311904463507176e-05,3.092304180523813e-06,-2.993099361818085e-05,1.4790526588488937e-05,-5.8920425731619166e-05,-9.415615047425334e-07,-2.0236597689141997,True,True,128 calibration sequences; not held-out documents,65408,4077,0.009811135638950209,same frozen seed0 calibration sequences as finite effect,all FourOverSix; causal-per-token activation,"BF16 forward, FP32 log_softmax, FP64 paired sequence summaries",research_runs/mixfp4_n16k64_full_validation_20260911T065444Z/runs/V43_fidelity_qwen4b_attempt1/fidelity/fidelity_report.json,211dafbd55f3d33408a4de9c85fce51a0efc33849936504925be9bc11bbef2b3
qwen4b,16,selected,model.layers.7.self_attn.o_proj,5318,ce,False,-5.191719294916908e-06,1.6740268641219222e-06,0.0009050705702975392,0.0022609840905642416,-0.003526458247208374,0.005336599387803453,0.4002993979810241,False,False,128 calibration sequences; not held-out documents,65408,4077,0.009811135638950209,same frozen seed0 calibration sequences as finite effect,all FourOverSix; causal-per-token activation,"BF16 forward, FP32 log_softmax, FP64 paired sequence summaries",research_runs/mixfp4_n16k64_full_validation_20260911T065444Z/runs/V43_fidelity_qwen4b_attempt1/fidelity/fidelity_report.json,211dafbd55f3d33408a4de9c85fce51a0efc33849936504925be9bc11bbef2b3
qwen4b,16,selected,model.layers.7.self_attn.o_proj,5318,kl,False,-3.8137314017916424e-06,1.1761215219509663e-06,5.423639333941062e-05,0.0011550886914238247,-0.002209737441851286,0.002318210228530107,0.04695431073137415,False,False,128 calibration sequences; not held-out documents,65408,4077,0.009811135638950209,same frozen seed0 calibration sequences as finite effect,all FourOverSix; causal-per-token activation,"BF16 forward, FP32 log_softmax, FP64 paired sequence summaries",research_runs/mixfp4_n16k64_full_validation_20260911T065444Z/runs/V43_fidelity_qwen4b_attempt1/fidelity/fidelity_report.json,211dafbd55f3d33408a4de9c85fce51a0efc33849936504925be9bc11bbef2b3
qwen4b,16,selected,model.layers.35.mlp.down_proj,22494,ce,False,-3.890433990516584e-06,1.099797874177828e-06,-1.5239696949720383e-05,1.4288271754534778e-05,-4.324470958860855e-05,1.2765315689167784e-05,-1.066587842919746,True,False,128 calibration sequences; not held-out documents,65408,4077,0.009811135638950209,same frozen seed0 calibration sequences as finite effect,all FourOverSix; causal-per-token activation,"BF16 forward, FP32 log_softmax, FP64 paired sequence summaries",research_runs/mixfp4_n16k64_full_validation_20260911T065444Z/runs/V43_fidelity_qwen4b_attempt1/fidelity/fidelity_report.json,211dafbd55f3d33408a4de9c85fce51a0efc33849936504925be9bc11bbef2b3
qwen4b,16,selected,model.layers.35.mlp.down_proj,22494,kl,False,-1.6157265871896698e-06,3.6173636928257275e-07,-4.0021220954231476e-06,5.703658130749859e-06,-1.5181292031692872e-05,7.177047840846577e-06,-0.701676363428358,True,False,128 calibration sequences; not held-out documents,65408,4077,0.009811135638950209,same frozen seed0 calibration sequences as finite effect,all FourOverSix; causal-per-token activation,"BF16 forward, FP32 log_softmax, FP64 paired sequence summaries",research_runs/mixfp4_n16k64_full_validation_20260911T065444Z/runs/V43_fidelity_qwen4b_attempt1/fidelity/fidelity_report.json,211dafbd55f3d33408a4de9c85fce51a0efc33849936504925be9bc11bbef2b3
qwen4b,16,selected,model.layers.33.mlp.up_proj,23440,ce,False,-1.7388866289547167e-05,2.861850549783765e-06,0.0006572831189259887,0.00047812914262511174,-0.00027985000061923036,0.0015944162384712076,1.3746978804037193,False,False,128 calibration sequences; not held-out documents,65408,4077,0.009811135638950209,same frozen seed0 calibration sequences as finite effect,all FourOverSix; causal-per-token activation,"BF16 forward, FP32 log_softmax, FP64 paired sequence summaries",research_runs/mixfp4_n16k64_full_validation_20260911T065444Z/runs/V43_fidelity_qwen4b_attempt1/fidelity/fidelity_report.json,211dafbd55f3d33408a4de9c85fce51a0efc33849936504925be9bc11bbef2b3
qwen4b,16,selected,model.layers.33.mlp.up_proj,23440,kl,False,-3.970015525822657e-06,7.61258686224544e-07,0.00016429741935981347,0.00016869341525528763,-0.0001663416745405503,0.0004949365132601773,0.9739409158986935,False,False,128 calibration sequences; not held-out documents,65408,4077,0.009811135638950209,same frozen seed0 calibration sequences as finite effect,all FourOverSix; causal-per-token activation,"BF16 forward, FP32 log_softmax, FP64 paired sequence summaries",research_runs/mixfp4_n16k64_full_validation_20260911T065444Z/runs/V43_fidelity_qwen4b_attempt1/fidelity/fidelity_report.json,211dafbd55f3d33408a4de9c85fce51a0efc33849936504925be9bc11bbef2b3
qwen4b,16,selected,model.layers.35.mlp.down_proj,19912,ce,False,-0.00010284493140133577,1.0410455607194257e-05,-0.00012878701090812683,4.157557157858429e-05,-0.00021027513120215204,-4.7298890614101626e-05,-3.097660621807673,True,True,128 calibration sequences; not held-out documents,65408,4077,0.009811135638950209,same frozen seed0 calibration sequences as finite effect,all FourOverSix; causal-per-token activation,"BF16 forward, FP32 log_softmax, FP64 paired sequence summaries",research_runs/mixfp4_n16k64_full_validation_20260911T065444Z/runs/V43_fidelity_qwen4b_attempt1/fidelity/fidelity_report.json,211dafbd55f3d33408a4de9c85fce51a0efc33849936504925be9bc11bbef2b3
qwen4b,16,selected,model.layers.35.mlp.down_proj,19912,kl,False,-8.964129206034954e-06,2.9875013607367544e-06,7.402585083323663e-06,1.1529230664383431e-05,-1.5194707018867863e-05,2.999987718551519e-05,0.6420710365516434,False,False,128 calibration sequences; not held-out documents,65408,4077,0.009811135638950209,same frozen seed0 calibration sequences as finite effect,all FourOverSix; causal-per-token activation,"BF16 forward, FP32 log_softmax, FP64 paired sequence summaries",research_runs/mixfp4_n16k64_full_validation_20260911T065444Z/runs/V43_fidelity_qwen4b_attempt1/fidelity/fidelity_report.json,211dafbd55f3d33408a4de9c85fce51a0efc33849936504925be9bc11bbef2b3
qwen4b,16,selected,model.layers.35.mlp.down_proj,59,ce,False,-2.0589000282456027e-05,2.4691210000898894e-06,-6.383378058671951e-05,3.103161124462642e-05,-0.0001246557386261873,-3.0118225472517283e-06,-2.05705659572457,True,True,128 calibration sequences; not held-out documents,65408,4077,0.009811135638950209,same frozen seed0 calibration sequences as finite effect,all FourOverSix; causal-per-token activation,"BF16 forward, FP32 log_softmax, FP64 paired sequence summaries",research_runs/mixfp4_n16k64_full_validation_20260911T065444Z/runs/V43_fidelity_qwen4b_attempt1/fidelity/fidelity_report.json,211dafbd55f3d33408a4de9c85fce51a0efc33849936504925be9bc11bbef2b3
qwen4b,16,selected,model.layers.35.mlp.down_proj,59,kl,False,-5.926189710292462e-06,8.40917289481617e-07,-1.7122556355581996e-05,1.0380199600850348e-05,-3.746774757324868e-05,3.222634862084687e-06,-1.6495401836183683,True,False,128 calibration sequences; not held-out documents,65408,4077,0.009811135638950209,same frozen seed0 calibration sequences as finite effect,all FourOverSix; causal-per-token activation,"BF16 forward, FP32 log_softmax, FP64 paired sequence summaries",research_runs/mixfp4_n16k64_full_validation_20260911T065444Z/runs/V43_fidelity_qwen4b_attempt1/fidelity/fidelity_report.json,211dafbd55f3d33408a4de9c85fce51a0efc33849936504925be9bc11bbef2b3
qwen4b,16,near_threshold,model.layers.1.mlp.down_proj,17455,ce,False,5.561775055264173e-10,1.2654398855358624e-09,0.0026788031682372093,0.0016247943546514314,-0.0005057937668795963,0.005863400103354015,1.6487029023509225,True,False,128 calibration sequences; not held-out documents,65408,354969,0.00011268589651490693,same frozen seed0 calibration sequences as finite effect,all FourOverSix; causal-per-token activation,"BF16 forward, FP32 log_softmax, FP64 paired sequence summaries",research_runs/mixfp4_n16k64_full_validation_20260911T065444Z/runs/V43_fidelity_qwen4b_attempt1/fidelity/fidelity_report.json,211dafbd55f3d33408a4de9c85fce51a0efc33849936504925be9bc11bbef2b3
qwen4b,16,near_threshold,model.layers.1.mlp.down_proj,17455,kl,False,-1.7226040602627557e-10,1.0132292974056777e-09,0.00044818558068110057,0.0007754889298341784,-0.001071772721793889,0.0019681438831560902,0.5779393663000907,False,False,128 calibration sequences; not held-out documents,65408,354969,0.00011268589651490693,same frozen seed0 calibration sequences as finite effect,all FourOverSix; causal-per-token activation,"BF16 forward, FP32 log_softmax, FP64 paired sequence summaries",research_runs/mixfp4_n16k64_full_validation_20260911T065444Z/runs/V43_fidelity_qwen4b_attempt1/fidelity/fidelity_report.json,211dafbd55f3d33408a4de9c85fce51a0efc33849936504925be9bc11bbef2b3
qwen4b,16,near_threshold,model.layers.0.mlp.up_proj,24313,ce,False,-1.0326774115831938e-06,5.32740812756141e-07,-0.0006847059121355414,0.0024516779696852446,-0.005489994732718621,0.004120582908447538,-0.2792805256652229,True,False,128 calibration sequences; not held-out documents,65408,354969,0.00011268589651490693,same frozen seed0 calibration sequences as finite effect,all FourOverSix; causal-per-token activation,"BF16 forward, FP32 log_softmax, FP64 paired sequence summaries",research_runs/mixfp4_n16k64_full_validation_20260911T065444Z/runs/V43_fidelity_qwen4b_attempt1/fidelity/fidelity_report.json,211dafbd55f3d33408a4de9c85fce51a0efc33849936504925be9bc11bbef2b3
qwen4b,16,near_threshold,model.layers.0.mlp.up_proj,24313,kl,False,-7.110998287984671e-07,3.8291330868986563e-07,-0.0009395487366289245,0.001176761920738803,-0.0032460021012769786,0.0013669046280191293,-0.7984187116107992,True,False,128 calibration sequences; not held-out documents,65408,354969,0.00011268589651490693,same frozen seed0 calibration sequences as finite effect,all FourOverSix; causal-per-token activation,"BF16 forward, FP32 log_softmax, FP64 paired sequence summaries",research_runs/mixfp4_n16k64_full_validation_20260911T065444Z/runs/V43_fidelity_qwen4b_attempt1/fidelity/fidelity_report.json,211dafbd55f3d33408a4de9c85fce51a0efc33849936504925be9bc11bbef2b3
qwen4b,16,near_threshold,model.layers.2.mlp.gate_proj,18137,ce,False,1.506035893772406e-07,3.644626200615417e-07,-3.806222230195999e-05,0.0022308740784796207,-0.004410575416122016,0.004334450971518096,-0.017061573608807206,False,False,128 calibration sequences; not held-out documents,65408,354969,0.00011268589651490693,same frozen seed0 calibration sequences as finite effect,all FourOverSix; causal-per-token activation,"BF16 forward, FP32 log_softmax, FP64 paired sequence summaries",research_runs/mixfp4_n16k64_full_validation_20260911T065444Z/runs/V43_fidelity_qwen4b_attempt1/fidelity/fidelity_report.json,211dafbd55f3d33408a4de9c85fce51a0efc33849936504925be9bc11bbef2b3
qwen4b,16,near_threshold,model.layers.2.mlp.gate_proj,18137,kl,False,1.0592513949303495e-08,2.2805423031870186e-07,0.0002265266958448395,0.0011068695200770302,-0.0019429375635061394,0.0023959909551958185,0.20465528387580395,True,False,128 calibration sequences; not held-out documents,65408,354969,0.00011268589651490693,same frozen seed0 calibration sequences as finite effect,all FourOverSix; causal-per-token activation,"BF16 forward, FP32 log_softmax, FP64 paired sequence summaries",research_runs/mixfp4_n16k64_full_validation_20260911T065444Z/runs/V43_fidelity_qwen4b_attempt1/fidelity/fidelity_report.json,211dafbd55f3d33408a4de9c85fce51a0efc33849936504925be9bc11bbef2b3
qwen4b,16,near_threshold,model.layers.35.mlp.down_proj,79,ce,False,-9.27751241919239e-06,1.1058123408374068e-06,1.0098912753164768e-05,2.680164794279257e-05,-4.2432317214708666e-05,6.263014272103821e-05,0.3768019330274257,False,False,128 calibration sequences; not held-out documents,65408,354969,0.00011268589651490693,same frozen seed0 calibration sequences as finite effect,all FourOverSix; causal-per-token activation,"BF16 forward, FP32 log_softmax, FP64 paired sequence summaries",research_runs/mixfp4_n16k64_full_validation_20260911T065444Z/runs/V43_fidelity_qwen4b_attempt1/fidelity/fidelity_report.json,211dafbd55f3d33408a4de9c85fce51a0efc33849936504925be9bc11bbef2b3
qwen4b,16,near_threshold,model.layers.35.mlp.down_proj,79,kl,False,-8.048115657244281e-07,4.583829590121039e-07,-3.271767354437428e-06,9.128444922275678e-06,-2.1163519402097755e-05,1.46199846932229e-05,-0.3584145363525721,True,False,128 calibration sequences; not held-out documents,65408,354969,0.00011268589651490693,same frozen seed0 calibration sequences as finite effect,all FourOverSix; causal-per-token activation,"BF16 forward, FP32 log_softmax, FP64 paired sequence summaries",research_runs/mixfp4_n16k64_full_validation_20260911T065444Z/runs/V43_fidelity_qwen4b_attempt1/fidelity/fidelity_report.json,211dafbd55f3d33408a4de9c85fce51a0efc33849936504925be9bc11bbef2b3
qwen4b,16,near_threshold,model.layers.3.mlp.down_proj,4394,ce,False,-2.525345523668454e-08,7.04627419496492e-08,-0.00012653914745897055,0.002458298517584826,-0.0049448042419252295,0.0046917259470072884,-0.05147428050491195,True,False,128 calibration sequences; not held-out documents,65408,354969,0.00011268589651490693,same frozen seed0 calibration sequences as finite effect,all FourOverSix; causal-per-token activation,"BF16 forward, FP32 log_softmax, FP64 paired sequence summaries",research_runs/mixfp4_n16k64_full_validation_20260911T065444Z/runs/V43_fidelity_qwen4b_attempt1/fidelity/fidelity_report.json,211dafbd55f3d33408a4de9c85fce51a0efc33849936504925be9bc11bbef2b3
qwen4b,16,near_threshold,model.layers.3.mlp.down_proj,4394,kl,False,-4.59342830473608e-08,6.877798315989518e-08,0.001093214995417997,0.0012283112248680501,-0.0013142750053233812,0.0035007049961593754,0.8900146585694797,False,False,128 calibration sequences; not held-out documents,65408,354969,0.00011268589651490693,same frozen seed0 calibration sequences as finite effect,all FourOverSix; causal-per-token activation,"BF16 forward, FP32 log_softmax, FP64 paired sequence summaries",research_runs/mixfp4_n16k64_full_validation_20260911T065444Z/runs/V43_fidelity_qwen4b_attempt1/fidelity/fidelity_report.json,211dafbd55f3d33408a4de9c85fce51a0efc33849936504925be9bc11bbef2b3
qwen4b,16,near_threshold,model.layers.33.self_attn.q_proj,7148,ce,False,-5.688277859849933e-07,5.39138922187434e-07,8.800788782536983e-05,0.0005360986277593908,-0.0009627454225830361,0.0011387611982337758,0.16416361331346124,False,False,128 calibration sequences; not held-out documents,65408,354969,0.00011268589651490693,same frozen seed0 calibration sequences as finite effect,all FourOverSix; causal-per-token activation,"BF16 forward, FP32 log_softmax, FP64 paired sequence summaries",research_runs/mixfp4_n16k64_full_validation_20260911T065444Z/runs/V43_fidelity_qwen4b_attempt1/fidelity/fidelity_report.json,211dafbd55f3d33408a4de9c85fce51a0efc33849936504925be9bc11bbef2b3
qwen4b,16,near_threshold,model.layers.33.self_attn.q_proj,7148,kl,False,1.0960655635883221e-07,1.9093288574507206e-07,6.658497597641176e-05,0.0001899476527155444,-0.00030571242334605524,0.0004388823752988788,0.35054382101855147,True,False,128 calibration sequences; not held-out documents,65408,354969,0.00011268589651490693,same frozen seed0 calibration sequences as finite effect,all FourOverSix; causal-per-token activation,"BF16 forward, FP32 log_softmax, FP64 paired sequence summaries",research_runs/mixfp4_n16k64_full_validation_20260911T065444Z/runs/V43_fidelity_qwen4b_attempt1/fidelity/fidelity_report.json,211dafbd55f3d33408a4de9c85fce51a0efc33849936504925be9bc11bbef2b3
qwen4b,16,near_threshold,model.layers.19.self_attn.q_proj,2294,ce,False,-9.699662730788816e-07,4.760428977330179e-07,0.0005055312067270279,0.0014360800141501881,-0.0023091856210073407,0.0033202480344613964,0.35202161561045053,False,False,128 calibration sequences; not held-out documents,65408,354969,0.00011268589651490693,same frozen seed0 calibration sequences as finite effect,all FourOverSix; causal-per-token activation,"BF16 forward, FP32 log_softmax, FP64 paired sequence summaries",research_runs/mixfp4_n16k64_full_validation_20260911T065444Z/runs/V43_fidelity_qwen4b_attempt1/fidelity/fidelity_report.json,211dafbd55f3d33408a4de9c85fce51a0efc33849936504925be9bc11bbef2b3
qwen4b,16,near_threshold,model.layers.19.self_attn.q_proj,2294,kl,False,-6.051923605865372e-07,2.2981023329063605e-07,0.0015440236217034663,0.0007227008164939976,0.00012753002137523106,0.0029605172220317014,2.1364630929765807,False,True,128 calibration sequences; not held-out documents,65408,354969,0.00011268589651490693,same frozen seed0 calibration sequences as finite effect,all FourOverSix; causal-per-token activation,"BF16 forward, FP32 log_softmax, FP64 paired sequence summaries",research_runs/mixfp4_n16k64_full_validation_20260911T065444Z/runs/V43_fidelity_qwen4b_attempt1/fidelity/fidelity_report.json,211dafbd55f3d33408a4de9c85fce51a0efc33849936504925be9bc11bbef2b3
qwen4b,16,near_threshold,model.layers.3.mlp.gate_proj,17746,ce,False,-5.045810259618477e-07,5.957590509423044e-07,0.004116244148463011,0.0024889686044685033,-0.0007621343162952559,0.008994622613221277,1.653795126653274,False,False,128 calibration sequences; not held-out documents,65408,354969,0.00011268589651490693,same frozen seed0 calibration sequences as finite effect,all FourOverSix; causal-per-token activation,"BF16 forward, FP32 log_softmax, FP64 paired sequence summaries",research_runs/mixfp4_n16k64_full_validation_20260911T065444Z/runs/V43_fidelity_qwen4b_attempt1/fidelity/fidelity_report.json,211dafbd55f3d33408a4de9c85fce51a0efc33849936504925be9bc11bbef2b3
qwen4b,16,near_threshold,model.layers.3.mlp.gate_proj,17746,kl,False,-2.5415010396212523e-07,4.95519687110064e-07,-0.00046692540024797835,0.0011793601833075926,-0.0027784713595308598,0.001844620559034903,-0.39591416333766294,True,False,128 calibration sequences; not held-out documents,65408,354969,0.00011268589651490693,same frozen seed0 calibration sequences as finite effect,all FourOverSix; causal-per-token activation,"BF16 forward, FP32 log_softmax, FP64 paired sequence summaries",research_runs/mixfp4_n16k64_full_validation_20260911T065444Z/runs/V43_fidelity_qwen4b_attempt1/fidelity/fidelity_report.json,211dafbd55f3d33408a4de9c85fce51a0efc33849936504925be9bc11bbef2b3
qwen4b,16,near_threshold,model.layers.1.mlp.down_proj,13345,ce,False,1.959333048237588e-09,2.2470020721665185e-09,0.0028037577867507935,0.0017589236134717974,-0.0006437324956539295,0.006251248069155516,1.5940190723897796,True,False,128 calibration sequences; not held-out documents,65408,354969,0.00011268589651490693,same frozen seed0 calibration sequences as finite effect,all FourOverSix; causal-per-token activation,"BF16 forward, FP32 log_softmax, FP64 paired sequence summaries",research_runs/mixfp4_n16k64_full_validation_20260911T065444Z/runs/V43_fidelity_qwen4b_attempt1/fidelity/fidelity_report.json,211dafbd55f3d33408a4de9c85fce51a0efc33849936504925be9bc11bbef2b3
qwen4b,16,near_threshold,model.layers.1.mlp.down_proj,13345,kl,False,8.068668100194923e-10,2.0389979225768963e-09,0.0010109923394519128,0.0008616183101781339,-0.0006777795484972297,0.0026997642274010553,1.173364502018181,True,False,128 calibration sequences; not held-out documents,65408,354969,0.00011268589651490693,same frozen seed0 calibration sequences as finite effect,all FourOverSix; causal-per-token activation,"BF16 forward, FP32 log_softmax, FP64 paired sequence summaries",research_runs/mixfp4_n16k64_full_validation_20260911T065444Z/runs/V43_fidelity_qwen4b_attempt1/fidelity/fidelity_report.json,211dafbd55f3d33408a4de9c85fce51a0efc33849936504925be9bc11bbef2b3
qwen4b,16,near_threshold,model.layers.12.self_attn.q_proj,5690,ce,False,-1.2623520467269778e-06,7.586447871386527e-07,0.0012151087867096066,0.001956152244860425,-0.002618949613216826,0.005049167186636039,0.6211729122322516,False,False,128 calibration sequences; not held-out documents,65408,354969,0.00011268589651490693,same frozen seed0 calibration sequences as finite effect,all FourOverSix; causal-per-token activation,"BF16 forward, FP32 log_softmax, FP64 paired sequence summaries",research_runs/mixfp4_n16k64_full_validation_20260911T065444Z/runs/V43_fidelity_qwen4b_attempt1/fidelity/fidelity_report.json,211dafbd55f3d33408a4de9c85fce51a0efc33849936504925be9bc11bbef2b3
qwen4b,16,near_threshold,model.layers.12.self_attn.q_proj,5690,kl,False,-2.8964026621558503e-07,4.1134869633512543e-07,-0.0007606550515326779,0.0008598733601600912,-0.0024460068374464565,0.0009246967343811009,-0.8846128822865953,True,False,128 calibration sequences; not held-out documents,65408,354969,0.00011268589651490693,same frozen seed0 calibration sequences as finite effect,all FourOverSix; causal-per-token activation,"BF16 forward, FP32 log_softmax, FP64 paired sequence summaries",research_runs/mixfp4_n16k64_full_validation_20260911T065444Z/runs/V43_fidelity_qwen4b_attempt1/fidelity/fidelity_report.json,211dafbd55f3d33408a4de9c85fce51a0efc33849936504925be9bc11bbef2b3
qwen4b,16,near_threshold,model.layers.20.mlp.gate_proj,1090,ce,False,-2.0091580588132985e-06,1.0650609761483363e-06,-0.0004038300830870867,0.0014031828136089257,-0.003154068397760581,0.0023464082315864075,-0.2877957734163328,True,False,128 calibration sequences; not held-out documents,65408,354969,0.00011268589651490693,same frozen seed0 calibration sequences as finite effect,all FourOverSix; causal-per-token activation,"BF16 forward, FP32 log_softmax, FP64 paired sequence summaries",research_runs/mixfp4_n16k64_full_validation_20260911T065444Z/runs/V43_fidelity_qwen4b_attempt1/fidelity/fidelity_report.json,211dafbd55f3d33408a4de9c85fce51a0efc33849936504925be9bc11bbef2b3
qwen4b,16,near_threshold,model.layers.20.mlp.gate_proj,1090,kl,False,-8.026850612519176e-07,4.643622735002265e-07,-0.0008106690322604076,0.0007131057812628768,-0.002208356363535646,0.0005870182990148308,-1.1368145562145786,True,False,128 calibration sequences; not held-out documents,65408,354969,0.00011268589651490693,same frozen seed0 calibration sequences as finite effect,all FourOverSix; causal-per-token activation,"BF16 forward, FP32 log_softmax, FP64 paired sequence summaries",research_runs/mixfp4_n16k64_full_validation_20260911T065444Z/runs/V43_fidelity_qwen4b_attempt1/fidelity/fidelity_report.json,211dafbd55f3d33408a4de9c85fce51a0efc33849936504925be9bc11bbef2b3
qwen4b,16,near_threshold,model.layers.2.mlp.down_proj,9127,ce,False,-2.4750368698978065e-09,1.9829317663856324e-09,0.001868785242550075,0.0014950230737733438,-0.001061459982045679,0.004799030467145829,1.2500042810933876,False,False,128 calibration sequences; not held-out documents,65408,354969,0.00011268589651490693,same frozen seed0 calibration sequences as finite effect,all FourOverSix; causal-per-token activation,"BF16 forward, FP32 log_softmax, FP64 paired sequence summaries",research_runs/mixfp4_n16k64_full_validation_20260911T065444Z/runs/V43_fidelity_qwen4b_attempt1/fidelity/fidelity_report.json,211dafbd55f3d33408a4de9c85fce51a0efc33849936504925be9bc11bbef2b3
qwen4b,16,near_threshold,model.layers.2.mlp.down_proj,9127,kl,False,-7.231545267119555e-11,1.481556664463662e-09,0.0007317281166876026,0.0008079984017071356,-0.0008519487506583833,0.002315404984033588,0.9056058961770351,False,False,128 calibration sequences; not held-out documents,65408,354969,0.00011268589651490693,same frozen seed0 calibration sequences as finite effect,all FourOverSix; causal-per-token activation,"BF16 forward, FP32 log_softmax, FP64 paired sequence summaries",research_runs/mixfp4_n16k64_full_validation_20260911T065444Z/runs/V43_fidelity_qwen4b_attempt1/fidelity/fidelity_report.json,211dafbd55f3d33408a4de9c85fce51a0efc33849936504925be9bc11bbef2b3
qwen4b,16,near_threshold,model.layers.1.mlp.gate_proj,14307,ce,False,1.0747940225536504e-09,5.508259050391884e-10,0.002101519494317472,0.0023281536106305152,-0.002461661582518338,0.006664700571153282,0.9026549986743934,True,False,128 calibration sequences; not held-out documents,65408,354969,0.00011268589651490693,same frozen seed0 calibration sequences as finite effect,all FourOverSix; causal-per-token activation,"BF16 forward, FP32 log_softmax, FP64 paired sequence summaries",research_runs/mixfp4_n16k64_full_validation_20260911T065444Z/runs/V43_fidelity_qwen4b_attempt1/fidelity/fidelity_report.json,211dafbd55f3d33408a4de9c85fce51a0efc33849936504925be9bc11bbef2b3
qwen4b,16,near_threshold,model.layers.1.mlp.gate_proj,14307,kl,False,5.436384710455489e-10,3.5510945970332966e-10,0.00028219377422432666,0.0010679166411160304,-0.0018109228423630929,0.002375310390811746,0.2642470052057799,True,False,128 calibration sequences; not held-out documents,65408,354969,0.00011268589651490693,same frozen seed0 calibration sequences as finite effect,all FourOverSix; causal-per-token activation,"BF16 forward, FP32 log_softmax, FP64 paired sequence summaries",research_runs/mixfp4_n16k64_full_validation_20260911T065444Z/runs/V43_fidelity_qwen4b_attempt1/fidelity/fidelity_report.json,211dafbd55f3d33408a4de9c85fce51a0efc33849936504925be9bc11bbef2b3
qwen4b,16,near_threshold,model.layers.3.mlp.gate_proj,13835,ce,False,2.82421061204019e-07,3.5644178839711044e-07,0.0005412239115685225,0.0022027531027830755,-0.003776172169886305,0.00485861999302335,0.24570339312413697,True,False,128 calibration sequences; not held-out documents,65408,354969,0.00011268589651490693,same frozen seed0 calibration sequences as finite effect,all FourOverSix; causal-per-token activation,"BF16 forward, FP32 log_softmax, FP64 paired sequence summaries",research_runs/mixfp4_n16k64_full_validation_20260911T065444Z/runs/V43_fidelity_qwen4b_attempt1/fidelity/fidelity_report.json,211dafbd55f3d33408a4de9c85fce51a0efc33849936504925be9bc11bbef2b3
qwen4b,16,near_threshold,model.layers.3.mlp.gate_proj,13835,kl,False,1.1913459802004311e-08,2.493754576283396e-07,-0.000846017020548971,0.0012692044585344475,-0.0033336577592764883,0.0016416237181785462,-0.6665726824863728,False,False,128 calibration sequences; not held-out documents,65408,354969,0.00011268589651490693,same frozen seed0 calibration sequences as finite effect,all FourOverSix; causal-per-token activation,"BF16 forward, FP32 log_softmax, FP64 paired sequence summaries",research_runs/mixfp4_n16k64_full_validation_20260911T065444Z/runs/V43_fidelity_qwen4b_attempt1/fidelity/fidelity_report.json,211dafbd55f3d33408a4de9c85fce51a0efc33849936504925be9bc11bbef2b3
qwen4b,16,near_threshold,model.layers.25.mlp.gate_proj,23629,ce,False,-1.7641790817091163e-06,8.290978029806371e-07,-0.0003815306117758155,0.0011026011216646048,-0.002542628810238441,0.00177956758668681,-0.34602777403293045,True,False,128 calibration sequences; not held-out documents,65408,354969,0.00011268589651490693,same frozen seed0 calibration sequences as finite effect,all FourOverSix; causal-per-token activation,"BF16 forward, FP32 log_softmax, FP64 paired sequence summaries",research_runs/mixfp4_n16k64_full_validation_20260911T065444Z/runs/V43_fidelity_qwen4b_attempt1/fidelity/fidelity_report.json,211dafbd55f3d33408a4de9c85fce51a0efc33849936504925be9bc11bbef2b3
qwen4b,16,near_threshold,model.layers.25.mlp.gate_proj,23629,kl,False,-1.1499446664897661e-06,5.509787522368783e-07,4.1520654510247834e-05,0.0005461560114338366,-0.001028945127900072,0.0011119864369205676,0.07602343220802908,False,False,128 calibration sequences; not held-out documents,65408,354969,0.00011268589651490693,same frozen seed0 calibration sequences as finite effect,all FourOverSix; causal-per-token activation,"BF16 forward, FP32 log_softmax, FP64 paired sequence summaries",research_runs/mixfp4_n16k64_full_validation_20260911T065444Z/runs/V43_fidelity_qwen4b_attempt1/fidelity/fidelity_report.json,211dafbd55f3d33408a4de9c85fce51a0efc33849936504925be9bc11bbef2b3
qwen4b,16,near_threshold,model.layers.29.mlp.gate_proj,1239,ce,False,-3.437014777674108e-06,1.432276028176013e-06,0.0009124056668952107,0.0008274552641238461,-0.0007094066507875277,0.002534217984577949,1.1026646472076223,False,False,128 calibration sequences; not held-out documents,65408,354969,0.00011268589651490693,same frozen seed0 calibration sequences as finite effect,all FourOverSix; causal-per-token activation,"BF16 forward, FP32 log_softmax, FP64 paired sequence summaries",research_runs/mixfp4_n16k64_full_validation_20260911T065444Z/runs/V43_fidelity_qwen4b_attempt1/fidelity/fidelity_report.json,211dafbd55f3d33408a4de9c85fce51a0efc33849936504925be9bc11bbef2b3
qwen4b,16,near_threshold,model.layers.29.mlp.gate_proj,1239,kl,False,-9.462858713282785e-07,5.179332752822674e-07,-0.00020180065114406968,0.00041542177147103085,-0.00101602732322729,0.0006124260209391508,-0.48577293007413336,True,False,128 calibration sequences; not held-out documents,65408,354969,0.00011268589651490693,same frozen seed0 calibration sequences as finite effect,all FourOverSix; causal-per-token activation,"BF16 forward, FP32 log_softmax, FP64 paired sequence summaries",research_runs/mixfp4_n16k64_full_validation_20260911T065444Z/runs/V43_fidelity_qwen4b_attempt1/fidelity/fidelity_report.json,211dafbd55f3d33408a4de9c85fce51a0efc33849936504925be9bc11bbef2b3
qwen4b,16,near_threshold,model.layers.25.self_attn.q_proj,8820,ce,False,1.7512841982147975e-07,1.6484453804979115e-07,0.0013043656945228577,0.001096148015555706,-0.0008440844159663258,0.003452815805012041,1.1899539806780504,True,False,128 calibration sequences; not held-out documents,65408,354969,0.00011268589651490693,same frozen seed0 calibration sequences as finite effect,all FourOverSix; causal-per-token activation,"BF16 forward, FP32 log_softmax, FP64 paired sequence summaries",research_runs/mixfp4_n16k64_full_validation_20260911T065444Z/runs/V43_fidelity_qwen4b_attempt1/fidelity/fidelity_report.json,211dafbd55f3d33408a4de9c85fce51a0efc33849936504925be9bc11bbef2b3
qwen4b,16,near_threshold,model.layers.25.self_attn.q_proj,8820,kl,False,1.1756271761642623e-08,9.333130614891148e-08,0.0004166641460676174,0.0005464293596174286,-0.0006543373987825426,0.0014876656909177774,0.7625215203651142,True,False,128 calibration sequences; not held-out documents,65408,354969,0.00011268589651490693,same frozen seed0 calibration sequences as finite effect,all FourOverSix; causal-per-token activation,"BF16 forward, FP32 log_softmax, FP64 paired sequence summaries",research_runs/mixfp4_n16k64_full_validation_20260911T065444Z/runs/V43_fidelity_qwen4b_attempt1/fidelity/fidelity_report.json,211dafbd55f3d33408a4de9c85fce51a0efc33849936504925be9bc11bbef2b3
qwen4b,16,near_threshold,model.layers.0.self_attn.q_proj,8073,ce,False,3.5592727576361227e-07,2.9774748623725977e-07,0.002846424118615687,0.0022161628609880736,-0.0014972550889209377,0.0071901033261523115,1.2843930239615207,True,False,128 calibration sequences; not held-out documents,65408,354969,0.00011268589651490693,same frozen seed0 calibration sequences as finite effect,all FourOverSix; causal-per-token activation,"BF16 forward, FP32 log_softmax, FP64 paired sequence summaries",research_runs/mixfp4_n16k64_full_validation_20260911T065444Z/runs/V43_fidelity_qwen4b_attempt1/fidelity/fidelity_report.json,211dafbd55f3d33408a4de9c85fce51a0efc33849936504925be9bc11bbef2b3
qwen4b,16,near_threshold,model.layers.0.self_attn.q_proj,8073,kl,False,1.402155488938739e-07,1.7109103493327845e-07,-0.00025965367849010887,0.0011914778947724417,-0.002594950352244095,0.002075642995263877,-0.21792572034221389,False,False,128 calibration sequences; not held-out documents,65408,354969,0.00011268589651490693,same frozen seed0 calibration sequences as finite effect,all FourOverSix; causal-per-token activation,"BF16 forward, FP32 log_softmax, FP64 paired sequence summaries",research_runs/mixfp4_n16k64_full_validation_20260911T065444Z/runs/V43_fidelity_qwen4b_attempt1/fidelity/fidelity_report.json,211dafbd55f3d33408a4de9c85fce51a0efc33849936504925be9bc11bbef2b3
qwen4b,16,near_threshold,model.layers.35.mlp.up_proj,23151,ce,False,-4.890009250857474e-07,5.876130060450484e-07,-2.4947687052190304e-05,2.4178161264149303e-05,-7.233688312992294e-05,2.244150902554233e-05,-1.031827308108083,True,False,128 calibration sequences; not held-out documents,65408,354969,0.00011268589651490693,same frozen seed0 calibration sequences as finite effect,all FourOverSix; causal-per-token activation,"BF16 forward, FP32 log_softmax, FP64 paired sequence summaries",research_runs/mixfp4_n16k64_full_validation_20260911T065444Z/runs/V43_fidelity_qwen4b_attempt1/fidelity/fidelity_report.json,211dafbd55f3d33408a4de9c85fce51a0efc33849936504925be9bc11bbef2b3
qwen4b,16,near_threshold,model.layers.35.mlp.up_proj,23151,kl,False,9.298108050170839e-08,2.5771053189209496e-07,-6.049853669438547e-06,7.5689502170635605e-06,-2.0884996094883123e-05,8.78528875600603e-06,-0.7992989114659074,False,False,128 calibration sequences; not held-out documents,65408,354969,0.00011268589651490693,same frozen seed0 calibration sequences as finite effect,all FourOverSix; causal-per-token activation,"BF16 forward, FP32 log_softmax, FP64 paired sequence summaries",research_runs/mixfp4_n16k64_full_validation_20260911T065444Z/runs/V43_fidelity_qwen4b_attempt1/fidelity/fidelity_report.json,211dafbd55f3d33408a4de9c85fce51a0efc33849936504925be9bc11bbef2b3
qwen4b,16,near_threshold,model.layers.3.mlp.up_proj,20202,ce,False,6.309559690345634e-08,6.250679416226543e-08,0.0023408764973282814,0.0024103184693278555,-0.002383347702554315,0.007065100697210878,0.9711897108688137,True,False,128 calibration sequences; not held-out documents,65408,354969,0.00011268589651490693,same frozen seed0 calibration sequences as finite effect,all FourOverSix; causal-per-token activation,"BF16 forward, FP32 log_softmax, FP64 paired sequence summaries",research_runs/mixfp4_n16k64_full_validation_20260911T065444Z/runs/V43_fidelity_qwen4b_attempt1/fidelity/fidelity_report.json,211dafbd55f3d33408a4de9c85fce51a0efc33849936504925be9bc11bbef2b3
qwen4b,16,near_threshold,model.layers.3.mlp.up_proj,20202,kl,False,8.177086259324173e-08,6.888264705859496e-08,-0.0004994629928838314,0.001047959478279633,-0.002553463570311912,0.001554537584544249,-0.4766052535769488,False,False,128 calibration sequences; not held-out documents,65408,354969,0.00011268589651490693,same frozen seed0 calibration sequences as finite effect,all FourOverSix; causal-per-token activation,"BF16 forward, FP32 log_softmax, FP64 paired sequence summaries",research_runs/mixfp4_n16k64_full_validation_20260911T065444Z/runs/V43_fidelity_qwen4b_attempt1/fidelity/fidelity_report.json,211dafbd55f3d33408a4de9c85fce51a0efc33849936504925be9bc11bbef2b3
qwen4b,16,near_threshold,model.layers.10.self_attn.o_proj,1499,ce,False,-2.1186594838518147e-06,9.615665689327598e-07,0.002530939527787268,0.0020035932428789072,-0.0013961032282553895,0.006457982283829926,1.2632002712040653,False,False,128 calibration sequences; not held-out documents,65408,354969,0.00011268589651490693,same frozen seed0 calibration sequences as finite effect,all FourOverSix; causal-per-token activation,"BF16 forward, FP32 log_softmax, FP64 paired sequence summaries",research_runs/mixfp4_n16k64_full_validation_20260911T065444Z/runs/V43_fidelity_qwen4b_attempt1/fidelity/fidelity_report.json,211dafbd55f3d33408a4de9c85fce51a0efc33849936504925be9bc11bbef2b3
qwen4b,16,near_threshold,model.layers.10.self_attn.o_proj,1499,kl,False,-5.521919705930856e-07,5.646100327316264e-07,0.001084969416641774,0.0010453036132394697,-0.0009638256653075866,0.0031337644985911343,1.03794668161471,False,False,128 calibration sequences; not held-out documents,65408,354969,0.00011268589651490693,same frozen seed0 calibration sequences as finite effect,all FourOverSix; causal-per-token activation,"BF16 forward, FP32 log_softmax, FP64 paired sequence summaries",research_runs/mixfp4_n16k64_full_validation_20260911T065444Z/runs/V43_fidelity_qwen4b_attempt1/fidelity/fidelity_report.json,211dafbd55f3d33408a4de9c85fce51a0efc33849936504925be9bc11bbef2b3
qwen4b,16,near_threshold,model.layers.2.self_attn.q_proj,8252,ce,False,-5.936777787152181e-07,5.521282066606109e-07,0.0002779684728011489,0.002404463329048617,-0.00443477965213414,0.004990716597736438,0.11560520364065346,False,False,128 calibration sequences; not held-out documents,65408,354969,0.00011268589651490693,same frozen seed0 calibration sequences as finite effect,all FourOverSix; causal-per-token activation,"BF16 forward, FP32 log_softmax, FP64 paired sequence summaries",research_runs/mixfp4_n16k64_full_validation_20260911T065444Z/runs/V43_fidelity_qwen4b_attempt1/fidelity/fidelity_report.json,211dafbd55f3d33408a4de9c85fce51a0efc33849936504925be9bc11bbef2b3
qwen4b,16,near_threshold,model.layers.2.self_attn.q_proj,8252,kl,False,-3.623180402367865e-07,3.73565221382353e-07,0.00045079945362356405,0.0012286677979711131,-0.0019573894303998177,0.002858988337646946,0.3669010080413637,False,False,128 calibration sequences; not held-out documents,65408,354969,0.00011268589651490693,same frozen seed0 calibration sequences as finite effect,all FourOverSix; causal-per-token activation,"BF16 forward, FP32 log_softmax, FP64 paired sequence summaries",research_runs/mixfp4_n16k64_full_validation_20260911T065444Z/runs/V43_fidelity_qwen4b_attempt1/fidelity/fidelity_report.json,211dafbd55f3d33408a4de9c85fce51a0efc33849936504925be9bc11bbef2b3
qwen4b,16,near_threshold,model.layers.1.self_attn.q_proj,6755,ce,False,1.602303420500384e-07,2.2182711299925406e-07,0.0037337272660806775,0.002312375575051056,-0.0007985288610193918,0.008265983393180746,1.6146716417371945,True,False,128 calibration sequences; not held-out documents,65408,354969,0.00011268589651490693,same frozen seed0 calibration sequences as finite effect,all FourOverSix; causal-per-token activation,"BF16 forward, FP32 log_softmax, FP64 paired sequence summaries",research_runs/mixfp4_n16k64_full_validation_20260911T065444Z/runs/V43_fidelity_qwen4b_attempt1/fidelity/fidelity_report.json,211dafbd55f3d33408a4de9c85fce51a0efc33849936504925be9bc11bbef2b3
qwen4b,16,near_threshold,model.layers.1.self_attn.q_proj,6755,kl,False,2.834466955037307e-07,1.5671607293527568e-07,9.097018441908043e-05,0.0011299929264870438,-0.0021238159514955254,0.002305756320333686,0.08050509192291257,True,False,128 calibration sequences; not held-out documents,65408,354969,0.00011268589651490693,same frozen seed0 calibration sequences as finite effect,all FourOverSix; causal-per-token activation,"BF16 forward, FP32 log_softmax, FP64 paired sequence summaries",research_runs/mixfp4_n16k64_full_validation_20260911T065444Z/runs/V43_fidelity_qwen4b_attempt1/fidelity/fidelity_report.json,211dafbd55f3d33408a4de9c85fce51a0efc33849936504925be9bc11bbef2b3
qwen4b,16,near_threshold,model.layers.0.mlp.up_proj,22195,ce,False,-6.068697488981201e-07,5.097803685936298e-07,0.0034442313481122255,0.0024774066614764337,-0.001411485708381584,0.008299948404606034,1.3902567558527528,False,False,128 calibration sequences; not held-out documents,65408,354969,0.00011268589651490693,same frozen seed0 calibration sequences as finite effect,all FourOverSix; causal-per-token activation,"BF16 forward, FP32 log_softmax, FP64 paired sequence summaries",research_runs/mixfp4_n16k64_full_validation_20260911T065444Z/runs/V43_fidelity_qwen4b_attempt1/fidelity/fidelity_report.json,211dafbd55f3d33408a4de9c85fce51a0efc33849936504925be9bc11bbef2b3
qwen4b,16,near_threshold,model.layers.0.mlp.up_proj,22195,kl,False,-1.4423310323863348e-07,4.0596933402623933e-07,0.0007769596969700021,0.001118929845070624,-0.001416142799368421,0.0029700621933084256,0.6943774896995105,False,False,128 calibration sequences; not held-out documents,65408,354969,0.00011268589651490693,same frozen seed0 calibration sequences as finite effect,all FourOverSix; causal-per-token activation,"BF16 forward, FP32 log_softmax, FP64 paired sequence summaries",research_runs/mixfp4_n16k64_full_validation_20260911T065444Z/runs/V43_fidelity_qwen4b_attempt1/fidelity/fidelity_report.json,211dafbd55f3d33408a4de9c85fce51a0efc33849936504925be9bc11bbef2b3
qwen4b,16,near_threshold,model.layers.27.self_attn.q_proj,8113,ce,False,-3.1585516868659624e-08,3.470378007208067e-07,0.0009601791389286518,0.0009091000802103401,-0.0008216570182836148,0.0027420152961409186,1.056186397768762,False,False,128 calibration sequences; not held-out documents,65408,354969,0.00011268589651490693,same frozen seed0 calibration sequences as finite effect,all FourOverSix; causal-per-token activation,"BF16 forward, FP32 log_softmax, FP64 paired sequence summaries",research_runs/mixfp4_n16k64_full_validation_20260911T065444Z/runs/V43_fidelity_qwen4b_attempt1/fidelity/fidelity_report.json,211dafbd55f3d33408a4de9c85fce51a0efc33849936504925be9bc11bbef2b3
qwen4b,16,near_threshold,model.layers.27.self_attn.q_proj,8113,kl,False,-1.7941464539039664e-07,2.069587458403833e-07,-0.0004541181137043811,0.0006275961505215584,-0.0016842065687266356,0.0007759703413178734,-0.7235833319356565,True,False,128 calibration sequences; not held-out documents,65408,354969,0.00011268589651490693,same frozen seed0 calibration sequences as finite effect,all FourOverSix; causal-per-token activation,"BF16 forward, FP32 log_softmax, FP64 paired sequence summaries",research_runs/mixfp4_n16k64_full_validation_20260911T065444Z/runs/V43_fidelity_qwen4b_attempt1/fidelity/fidelity_report.json,211dafbd55f3d33408a4de9c85fce51a0efc33849936504925be9bc11bbef2b3
qwen4b,16,near_threshold,model.layers.34.mlp.gate_proj,23793,ce,False,-1.0893616754215074e-06,6.997267406334104e-07,0.0002205466153100133,0.00025817880896549574,-0.00028548385026235835,0.0007265770808823849,0.854239804551458,False,False,128 calibration sequences; not held-out documents,65408,354969,0.00011268589651490693,same frozen seed0 calibration sequences as finite effect,all FourOverSix; causal-per-token activation,"BF16 forward, FP32 log_softmax, FP64 paired sequence summaries",research_runs/mixfp4_n16k64_full_validation_20260911T065444Z/runs/V43_fidelity_qwen4b_attempt1/fidelity/fidelity_report.json,211dafbd55f3d33408a4de9c85fce51a0efc33849936504925be9bc11bbef2b3
qwen4b,16,near_threshold,model.layers.34.mlp.gate_proj,23793,kl,False,-5.506088529561026e-07,3.9046097306976994e-07,9.228964565779707e-05,9.784654674074217e-05,-9.948958595405757e-05,0.00028406887726965173,0.9432079999954534,False,False,128 calibration sequences; not held-out documents,65408,354969,0.00011268589651490693,same frozen seed0 calibration sequences as finite effect,all FourOverSix; causal-per-token activation,"BF16 forward, FP32 log_softmax, FP64 paired sequence summaries",research_runs/mixfp4_n16k64_full_validation_20260911T065444Z/runs/V43_fidelity_qwen4b_attempt1/fidelity/fidelity_report.json,211dafbd55f3d33408a4de9c85fce51a0efc33849936504925be9bc11bbef2b3
qwen4b,16,near_threshold,model.layers.35.mlp.gate_proj,22849,ce,False,-1.3038103422458036e-06,7.394445583879754e-07,8.940231055021286e-06,2.088039586971636e-05,-3.198534484962278e-05,4.9865806959665354e-05,0.4281638677161119,False,False,128 calibration sequences; not held-out documents,65408,354969,0.00011268589651490693,same frozen seed0 calibration sequences as finite effect,all FourOverSix; causal-per-token activation,"BF16 forward, FP32 log_softmax, FP64 paired sequence summaries",research_runs/mixfp4_n16k64_full_validation_20260911T065444Z/runs/V43_fidelity_qwen4b_attempt1/fidelity/fidelity_report.json,211dafbd55f3d33408a4de9c85fce51a0efc33849936504925be9bc11bbef2b3
qwen4b,16,near_threshold,model.layers.35.mlp.gate_proj,22849,kl,False,-5.261143491419595e-07,3.352744398296818e-07,-3.4415574681897164e-06,1.0314669062681932e-05,-2.3658308831046304e-05,1.677519389466687e-05,-0.3336566056822062,True,False,128 calibration sequences; not held-out documents,65408,354969,0.00011268589651490693,same frozen seed0 calibration sequences as finite effect,all FourOverSix; causal-per-token activation,"BF16 forward, FP32 log_softmax, FP64 paired sequence summaries",research_runs/mixfp4_n16k64_full_validation_20260911T065444Z/runs/V43_fidelity_qwen4b_attempt1/fidelity/fidelity_report.json,211dafbd55f3d33408a4de9c85fce51a0efc33849936504925be9bc11bbef2b3
qwen4b,16,near_threshold,model.layers.34.mlp.down_proj,1771,ce,False,-1.659618233951221e-06,7.992896697679218e-07,0.00015561585314571857,0.00020518939920382838,-0.00024655536929378503,0.0005577870755852222,0.7584010370396129,False,False,128 calibration sequences; not held-out documents,65408,354969,0.00011268589651490693,same frozen seed0 calibration sequences as finite effect,all FourOverSix; causal-per-token activation,"BF16 forward, FP32 log_softmax, FP64 paired sequence summaries",research_runs/mixfp4_n16k64_full_validation_20260911T065444Z/runs/V43_fidelity_qwen4b_attempt1/fidelity/fidelity_report.json,211dafbd55f3d33408a4de9c85fce51a0efc33849936504925be9bc11bbef2b3
qwen4b,16,near_threshold,model.layers.34.mlp.down_proj,1771,kl,False,-3.3429246426575077e-07,3.740483327631275e-07,-4.2596956800800776e-05,6.73870979377702e-05,-0.00017467566875883035,8.94817551572288e-05,-0.6321233307915661,True,False,128 calibration sequences; not held-out documents,65408,354969,0.00011268589651490693,same frozen seed0 calibration sequences as finite effect,all FourOverSix; causal-per-token activation,"BF16 forward, FP32 log_softmax, FP64 paired sequence summaries",research_runs/mixfp4_n16k64_full_validation_20260911T065444Z/runs/V43_fidelity_qwen4b_attempt1/fidelity/fidelity_report.json,211dafbd55f3d33408a4de9c85fce51a0efc33849936504925be9bc11bbef2b3
qwen4b,16,near_threshold,model.layers.27.self_attn.o_proj,5553,ce,False,-6.966552119624936e-07,6.345714170975345e-07,-0.00011470552999526262,0.0009808659748762397,-0.0020372028407526924,0.0018077917807621672,-0.11694312264194458,True,False,128 calibration sequences; not held-out documents,65408,354969,0.00011268589651490693,same frozen seed0 calibration sequences as finite effect,all FourOverSix; causal-per-token activation,"BF16 forward, FP32 log_softmax, FP64 paired sequence summaries",research_runs/mixfp4_n16k64_full_validation_20260911T065444Z/runs/V43_fidelity_qwen4b_attempt1/fidelity/fidelity_report.json,211dafbd55f3d33408a4de9c85fce51a0efc33849936504925be9bc11bbef2b3
qwen4b,16,near_threshold,model.layers.27.self_attn.o_proj,5553,kl,False,-1.3148824967723627e-07,3.1502592965483327e-07,-0.00038152859952261467,0.0005215865546869793,-0.001403838246709094,0.0006407810476638648,-0.7314770599322333,True,False,128 calibration sequences; not held-out documents,65408,354969,0.00011268589651490693,same frozen seed0 calibration sequences as finite effect,all FourOverSix; causal-per-token activation,"BF16 forward, FP32 log_softmax, FP64 paired sequence summaries",research_runs/mixfp4_n16k64_full_validation_20260911T065444Z/runs/V43_fidelity_qwen4b_attempt1/fidelity/fidelity_report.json,211dafbd55f3d33408a4de9c85fce51a0efc33849936504925be9bc11bbef2b3
qwen4b,16,near_threshold,model.layers.0.mlp.down_proj,6696,ce,False,-5.369866268090107e-06,1.6941450182211527e-06,0.0032627214677631855,0.0024523725998553,-0.0015439288279532025,0.008069371763479573,1.3304346443748798,False,False,128 calibration sequences; not held-out documents,65408,354969,0.00011268589651490693,same frozen seed0 calibration sequences as finite effect,all FourOverSix; causal-per-token activation,"BF16 forward, FP32 log_softmax, FP64 paired sequence summaries",research_runs/mixfp4_n16k64_full_validation_20260911T065444Z/runs/V43_fidelity_qwen4b_attempt1/fidelity/fidelity_report.json,211dafbd55f3d33408a4de9c85fce51a0efc33849936504925be9bc11bbef2b3
qwen4b,16,near_threshold,model.layers.0.mlp.down_proj,6696,kl,False,-1.8575162128442457e-06,1.0436340991171571e-06,0.001314344515737104,0.0011893888491684222,-0.0010168576286330036,0.0036455466601072115,1.105058717051237,False,False,128 calibration sequences; not held-out documents,65408,354969,0.00011268589651490693,same frozen seed0 calibration sequences as finite effect,all FourOverSix; causal-per-token activation,"BF16 forward, FP32 log_softmax, FP64 paired sequence summaries",research_runs/mixfp4_n16k64_full_validation_20260911T065444Z/runs/V43_fidelity_qwen4b_attempt1/fidelity/fidelity_report.json,211dafbd55f3d33408a4de9c85fce51a0efc33849936504925be9bc11bbef2b3
qwen4b,16,near_threshold,model.layers.1.mlp.down_proj,10914,ce,False,7.835712155079139e-10,1.6619264168875229e-09,0.0011863381369039416,0.0017164362358461614,-0.0021778768853545345,0.004550553159162418,0.6911635353113516,True,False,128 calibration sequences; not held-out documents,65408,354969,0.00011268589651490693,same frozen seed0 calibration sequences as finite effect,all FourOverSix; causal-per-token activation,"BF16 forward, FP32 log_softmax, FP64 paired sequence summaries",research_runs/mixfp4_n16k64_full_validation_20260911T065444Z/runs/V43_fidelity_qwen4b_attempt1/fidelity/fidelity_report.json,211dafbd55f3d33408a4de9c85fce51a0efc33849936504925be9bc11bbef2b3
qwen4b,16,near_threshold,model.layers.1.mlp.down_proj,10914,kl,False,6.421449524462303e-10,1.371184268458024e-09,0.0005265989323713666,0.0010040250352801807,-0.0014412901367777872,0.0024944880015205203,0.5244878502700038,True,False,128 calibration sequences; not held-out documents,65408,354969,0.00011268589651490693,same frozen seed0 calibration sequences as finite effect,all FourOverSix; causal-per-token activation,"BF16 forward, FP32 log_softmax, FP64 paired sequence summaries",research_runs/mixfp4_n16k64_full_validation_20260911T065444Z/runs/V43_fidelity_qwen4b_attempt1/fidelity/fidelity_report.json,211dafbd55f3d33408a4de9c85fce51a0efc33849936504925be9bc11bbef2b3
qwen4b,16,near_threshold,model.layers.24.mlp.gate_proj,17954,ce,False,-9.98680756314485e-07,7.574271116499076e-07,0.0027829273603856564,0.0011840742893564945,0.0004621417532469272,0.005103712967524385,2.35029793772322,False,True,128 calibration sequences; not held-out documents,65408,354969,0.00011268589651490693,same frozen seed0 calibration sequences as finite effect,all FourOverSix; causal-per-token activation,"BF16 forward, FP32 log_softmax, FP64 paired sequence summaries",research_runs/mixfp4_n16k64_full_validation_20260911T065444Z/runs/V43_fidelity_qwen4b_attempt1/fidelity/fidelity_report.json,211dafbd55f3d33408a4de9c85fce51a0efc33849936504925be9bc11bbef2b3
qwen4b,16,near_threshold,model.layers.24.mlp.gate_proj,17954,kl,False,-3.1415478890517434e-07,4.0411224026137574e-07,0.0005577106680661945,0.0006128921260123866,-0.0006435578989180831,0.001758979235050472,0.9099654643873221,False,False,128 calibration sequences; not held-out documents,65408,354969,0.00011268589651490693,same frozen seed0 calibration sequences as finite effect,all FourOverSix; causal-per-token activation,"BF16 forward, FP32 log_softmax, FP64 paired sequence summaries",research_runs/mixfp4_n16k64_full_validation_20260911T065444Z/runs/V43_fidelity_qwen4b_attempt1/fidelity/fidelity_report.json,211dafbd55f3d33408a4de9c85fce51a0efc33849936504925be9bc11bbef2b3
qwen4b,16,near_threshold,model.layers.33.self_attn.q_proj,1310,ce,False,3.0049171600987634e-07,2.1892962804649442e-07,0.00022550229914486408,0.0004842476697963184,-0.0007236231336559199,0.001174627731945648,0.4656755482988976,True,False,128 calibration sequences; not held-out documents,65408,354969,0.00011268589651490693,same frozen seed0 calibration sequences as finite effect,all FourOverSix; causal-per-token activation,"BF16 forward, FP32 log_softmax, FP64 paired sequence summaries",research_runs/mixfp4_n16k64_full_validation_20260911T065444Z/runs/V43_fidelity_qwen4b_attempt1/fidelity/fidelity_report.json,211dafbd55f3d33408a4de9c85fce51a0efc33849936504925be9bc11bbef2b3
qwen4b,16,near_threshold,model.layers.33.self_attn.q_proj,1310,kl,False,1.0158327543030587e-07,9.684108767883342e-08,-0.00023589047100842786,0.0001954210888787556,-0.0006189158052107888,0.00014713486319393312,-1.2070881006848782,False,False,128 calibration sequences; not held-out documents,65408,354969,0.00011268589651490693,same frozen seed0 calibration sequences as finite effect,all FourOverSix; causal-per-token activation,"BF16 forward, FP32 log_softmax, FP64 paired sequence summaries",research_runs/mixfp4_n16k64_full_validation_20260911T065444Z/runs/V43_fidelity_qwen4b_attempt1/fidelity/fidelity_report.json,211dafbd55f3d33408a4de9c85fce51a0efc33849936504925be9bc11bbef2b3
qwen4b,16,near_threshold,model.layers.1.mlp.down_proj,24256,ce,False,3.037368249275696e-09,4.54979376690054e-09,0.0015058793360367417,0.0023158473040859493,-0.0030331813799717193,0.006044940052045203,0.6502498387436226,True,False,128 calibration sequences; not held-out documents,65408,354969,0.00011268589651490693,same frozen seed0 calibration sequences as finite effect,all FourOverSix; causal-per-token activation,"BF16 forward, FP32 log_softmax, FP64 paired sequence summaries",research_runs/mixfp4_n16k64_full_validation_20260911T065444Z/runs/V43_fidelity_qwen4b_attempt1/fidelity/fidelity_report.json,211dafbd55f3d33408a4de9c85fce51a0efc33849936504925be9bc11bbef2b3
qwen4b,16,near_threshold,model.layers.1.mlp.down_proj,24256,kl,False,1.02732339692449e-09,3.165234346193368e-09,0.0001630131018184522,0.000877923794244841,-0.0015577175349014362,0.0018837437385383405,0.18568024114059958,True,False,128 calibration sequences; not held-out documents,65408,354969,0.00011268589651490693,same frozen seed0 calibration sequences as finite effect,all FourOverSix; causal-per-token activation,"BF16 forward, FP32 log_softmax, FP64 paired sequence summaries",research_runs/mixfp4_n16k64_full_validation_20260911T065444Z/runs/V43_fidelity_qwen4b_attempt1/fidelity/fidelity_report.json,211dafbd55f3d33408a4de9c85fce51a0efc33849936504925be9bc11bbef2b3
qwen4b,16,near_threshold,model.layers.20.self_attn.q_proj,4690,ce,False,1.6041560857438242e-08,2.529179893246232e-07,-0.0011710051912814379,0.0013499497214776034,-0.0038169066453775406,0.0014748962628146648,-0.8674435593050831,False,False,128 calibration sequences; not held-out documents,65408,354969,0.00011268589651490693,same frozen seed0 calibration sequences as finite effect,all FourOverSix; causal-per-token activation,"BF16 forward, FP32 log_softmax, FP64 paired sequence summaries",research_runs/mixfp4_n16k64_full_validation_20260911T065444Z/runs/V43_fidelity_qwen4b_attempt1/fidelity/fidelity_report.json,211dafbd55f3d33408a4de9c85fce51a0efc33849936504925be9bc11bbef2b3
qwen4b,16,near_threshold,model.layers.20.self_attn.q_proj,4690,kl,False,-9.131580611110302e-08,1.3979183760295254e-07,-0.00023259883501692533,0.0006483847307866819,-0.0015034329073588218,0.0010382352373249713,-0.35873583070766385,True,False,128 calibration sequences; not held-out documents,65408,354969,0.00011268589651490693,same frozen seed0 calibration sequences as finite effect,all FourOverSix; causal-per-token activation,"BF16 forward, FP32 log_softmax, FP64 paired sequence summaries",research_runs/mixfp4_n16k64_full_validation_20260911T065444Z/runs/V43_fidelity_qwen4b_attempt1/fidelity/fidelity_report.json,211dafbd55f3d33408a4de9c85fce51a0efc33849936504925be9bc11bbef2b3
qwen4b,16,near_threshold,model.layers.14.mlp.up_proj,21601,ce,False,-5.548603363880744e-06,1.8752637921803562e-06,0.0013548694550991058,0.0017441873894176595,-0.0020637378281595066,0.004773476738357718,0.7767912228464527,False,False,128 calibration sequences; not held-out documents,65408,354969,0.00011268589651490693,same frozen seed0 calibration sequences as finite effect,all FourOverSix; causal-per-token activation,"BF16 forward, FP32 log_softmax, FP64 paired sequence summaries",research_runs/mixfp4_n16k64_full_validation_20260911T065444Z/runs/V43_fidelity_qwen4b_attempt1/fidelity/fidelity_report.json,211dafbd55f3d33408a4de9c85fce51a0efc33849936504925be9bc11bbef2b3
qwen4b,16,near_threshold,model.layers.14.mlp.up_proj,21601,kl,False,-2.6329994993190553e-06,1.2422442338430176e-06,-0.0016732437226750017,0.0008189136954131835,-0.0032783145656848415,-6.817287966516192e-05,-2.043247941812434,True,True,128 calibration sequences; not held-out documents,65408,354969,0.00011268589651490693,same frozen seed0 calibration sequences as finite effect,all FourOverSix; causal-per-token activation,"BF16 forward, FP32 log_softmax, FP64 paired sequence summaries",research_runs/mixfp4_n16k64_full_validation_20260911T065444Z/runs/V43_fidelity_qwen4b_attempt1/fidelity/fidelity_report.json,211dafbd55f3d33408a4de9c85fce51a0efc33849936504925be9bc11bbef2b3
qwen4b,16,near_threshold,model.layers.30.self_attn.q_proj,8736,ce,False,1.0744529060913166e-07,2.2775303468964978e-07,0.0009428918128833175,0.0007860781971681715,-0.0005978214535662986,0.0024836050793329333,1.1994885703229823,True,False,128 calibration sequences; not held-out documents,65408,354969,0.00011268589651490693,same frozen seed0 calibration sequences as finite effect,all FourOverSix; causal-per-token activation,"BF16 forward, FP32 log_softmax, FP64 paired sequence summaries",research_runs/mixfp4_n16k64_full_validation_20260911T065444Z/runs/V43_fidelity_qwen4b_attempt1/fidelity/fidelity_report.json,211dafbd55f3d33408a4de9c85fce51a0efc33849936504925be9bc11bbef2b3
qwen4b,16,near_threshold,model.layers.30.self_attn.q_proj,8736,kl,False,8.565405529292747e-08,8.421055368545135e-08,0.0001847111233193152,0.00031636138915733166,-0.0004353571994290548,0.0008047794460676852,0.5838611463027031,True,False,128 calibration sequences; not held-out documents,65408,354969,0.00011268589651490693,same frozen seed0 calibration sequences as finite effect,all FourOverSix; causal-per-token activation,"BF16 forward, FP32 log_softmax, FP64 paired sequence summaries",research_runs/mixfp4_n16k64_full_validation_20260911T065444Z/runs/V43_fidelity_qwen4b_attempt1/fidelity/fidelity_report.json,211dafbd55f3d33408a4de9c85fce51a0efc33849936504925be9bc11bbef2b3
qwen4b,16,near_threshold,model.layers.33.self_attn.q_proj,5942,ce,False,4.818238019677068e-08,6.82732371268087e-08,0.0003464285982772708,0.00047319888122113993,-0.0005810412089161635,0.001273898405470705,0.732099360385796,True,False,128 calibration sequences; not held-out documents,65408,354969,0.00011268589651490693,same frozen seed0 calibration sequences as finite effect,all FourOverSix; causal-per-token activation,"BF16 forward, FP32 log_softmax, FP64 paired sequence summaries",research_runs/mixfp4_n16k64_full_validation_20260911T065444Z/runs/V43_fidelity_qwen4b_attempt1/fidelity/fidelity_report.json,211dafbd55f3d33408a4de9c85fce51a0efc33849936504925be9bc11bbef2b3
qwen4b,16,near_threshold,model.layers.33.self_attn.q_proj,5942,kl,False,-2.2888307166235577e-08,3.154699782044569e-08,-3.9848859266190985e-05,0.00016757668385002184,-0.0003682991596122338,0.00028860144107985177,-0.23779477162738824,True,False,128 calibration sequences; not held-out documents,65408,354969,0.00011268589651490693,same frozen seed0 calibration sequences as finite effect,all FourOverSix; causal-per-token activation,"BF16 forward, FP32 log_softmax, FP64 paired sequence summaries",research_runs/mixfp4_n16k64_full_validation_20260911T065444Z/runs/V43_fidelity_qwen4b_attempt1/fidelity/fidelity_report.json,211dafbd55f3d33408a4de9c85fce51a0efc33849936504925be9bc11bbef2b3
qwen4b,16,near_threshold,model.layers.1.mlp.up_proj,9495,ce,False,-5.543024088616733e-07,4.928579002370053e-07,0.0013754051178693771,0.002041465458406139,-0.002625867180606655,0.005376677416345409,0.673734210003835,False,False,128 calibration sequences; not held-out documents,65408,354969,0.00011268589651490693,same frozen seed0 calibration sequences as finite effect,all FourOverSix; causal-per-token activation,"BF16 forward, FP32 log_softmax, FP64 paired sequence summaries",research_runs/mixfp4_n16k64_full_validation_20260911T065444Z/runs/V43_fidelity_qwen4b_attempt1/fidelity/fidelity_report.json,211dafbd55f3d33408a4de9c85fce51a0efc33849936504925be9bc11bbef2b3
qwen4b,16,near_threshold,model.layers.1.mlp.up_proj,9495,kl,False,9.45803393936906e-09,3.137516590584282e-07,0.001987548182497735,0.0012487933734608464,-0.0004600868294855243,0.004435183194480994,1.591574895204271,True,False,128 calibration sequences; not held-out documents,65408,354969,0.00011268589651490693,same frozen seed0 calibration sequences as finite effect,all FourOverSix; causal-per-token activation,"BF16 forward, FP32 log_softmax, FP64 paired sequence summaries",research_runs/mixfp4_n16k64_full_validation_20260911T065444Z/runs/V43_fidelity_qwen4b_attempt1/fidelity/fidelity_report.json,211dafbd55f3d33408a4de9c85fce51a0efc33849936504925be9bc11bbef2b3
qwen4b,16,near_threshold,model.layers.0.mlp.gate_proj,11296,ce,False,-6.975953927845779e-07,6.466172593600244e-07,0.0033668630057945848,0.002297746717490412,-0.0011367205604866223,0.007870446572075793,1.4652890069066693,False,False,128 calibration sequences; not held-out documents,65408,354969,0.00011268589651490693,same frozen seed0 calibration sequences as finite effect,all FourOverSix; causal-per-token activation,"BF16 forward, FP32 log_softmax, FP64 paired sequence summaries",research_runs/mixfp4_n16k64_full_validation_20260911T065444Z/runs/V43_fidelity_qwen4b_attempt1/fidelity/fidelity_report.json,211dafbd55f3d33408a4de9c85fce51a0efc33849936504925be9bc11bbef2b3
qwen4b,16,near_threshold,model.layers.0.mlp.gate_proj,11296,kl,False,-1.8543944513282895e-07,4.678946036654036e-07,0.000479305022344797,0.0013771204933799258,-0.0022198511446798576,0.003178461189369451,0.3480487180670866,False,False,128 calibration sequences; not held-out documents,65408,354969,0.00011268589651490693,same frozen seed0 calibration sequences as finite effect,all FourOverSix; causal-per-token activation,"BF16 forward, FP32 log_softmax, FP64 paired sequence summaries",research_runs/mixfp4_n16k64_full_validation_20260911T065444Z/runs/V43_fidelity_qwen4b_attempt1/fidelity/fidelity_report.json,211dafbd55f3d33408a4de9c85fce51a0efc33849936504925be9bc11bbef2b3
qwen4b,16,rejected,model.layers.17.self_attn.o_proj,368,ce,False,7.791413182189899e-06,2.4998533126210382e-06,0.002582141081802547,0.0015168986915164815,-0.0003909803535697568,0.005555262517174851,1.7022501873352638,True,False,128 calibration sequences; not held-out documents,65408,1771081,2.2585076571878983e-05,same frozen seed0 calibration sequences as finite effect,all FourOverSix; causal-per-token activation,"BF16 forward, FP32 log_softmax, FP64 paired sequence summaries",research_runs/mixfp4_n16k64_full_validation_20260911T065444Z/runs/V43_fidelity_qwen4b_attempt1/fidelity/fidelity_report.json,211dafbd55f3d33408a4de9c85fce51a0efc33849936504925be9bc11bbef2b3
qwen4b,16,rejected,model.layers.17.self_attn.o_proj,368,kl,False,4.058625536096372e-06,1.686527041831658e-06,-7.476715478214879e-05,0.000725570793688832,-0.0014968859104122596,0.001347351600847962,-0.10304598177392102,False,False,128 calibration sequences; not held-out documents,65408,1771081,2.2585076571878983e-05,same frozen seed0 calibration sequences as finite effect,all FourOverSix; causal-per-token activation,"BF16 forward, FP32 log_softmax, FP64 paired sequence summaries",research_runs/mixfp4_n16k64_full_validation_20260911T065444Z/runs/V43_fidelity_qwen4b_attempt1/fidelity/fidelity_report.json,211dafbd55f3d33408a4de9c85fce51a0efc33849936504925be9bc11bbef2b3
qwen4b,16,rejected,model.layers.28.self_attn.v_proj,2182,ce,False,1.7531039286922123e-06,1.9227919875644135e-06,0.000774414511397481,0.0008727611469134125,-0.0009361973365528075,0.0024850263593477694,0.8873155205593855,True,False,128 calibration sequences; not held-out documents,65408,1771081,2.2585076571878983e-05,same frozen seed0 calibration sequences as finite effect,all FourOverSix; causal-per-token activation,"BF16 forward, FP32 log_softmax, FP64 paired sequence summaries",research_runs/mixfp4_n16k64_full_validation_20260911T065444Z/runs/V43_fidelity_qwen4b_attempt1/fidelity/fidelity_report.json,211dafbd55f3d33408a4de9c85fce51a0efc33849936504925be9bc11bbef2b3
qwen4b,16,rejected,model.layers.28.self_attn.v_proj,2182,kl,False,-9.316071162279727e-07,1.0544535635620218e-06,-0.00033322469068284525,0.00046794982495171236,-0.0012504063475882014,0.0005839569662225109,-0.7120949146999481,True,False,128 calibration sequences; not held-out documents,65408,1771081,2.2585076571878983e-05,same frozen seed0 calibration sequences as finite effect,all FourOverSix; causal-per-token activation,"BF16 forward, FP32 log_softmax, FP64 paired sequence summaries",research_runs/mixfp4_n16k64_full_validation_20260911T065444Z/runs/V43_fidelity_qwen4b_attempt1/fidelity/fidelity_report.json,211dafbd55f3d33408a4de9c85fce51a0efc33849936504925be9bc11bbef2b3
qwen4b,16,rejected,model.layers.5.mlp.down_proj,8886,ce,False,1.8978639850786294e-06,2.008152789082371e-06,0.003518660902045667,0.0023898401785080034,-0.0011654258478300192,0.008202747651921354,1.4723415120765087,True,False,128 calibration sequences; not held-out documents,65408,1771081,2.2585076571878983e-05,same frozen seed0 calibration sequences as finite effect,all FourOverSix; causal-per-token activation,"BF16 forward, FP32 log_softmax, FP64 paired sequence summaries",research_runs/mixfp4_n16k64_full_validation_20260911T065444Z/runs/V43_fidelity_qwen4b_attempt1/fidelity/fidelity_report.json,211dafbd55f3d33408a4de9c85fce51a0efc33849936504925be9bc11bbef2b3
qwen4b,16,rejected,model.layers.5.mlp.down_proj,8886,kl,False,4.336916941127811e-07,1.227975861407729e-06,0.0010907144627005957,0.0011447526513443747,-0.0011530007339343785,0.00333442965933557,0.9527948779325232,True,False,128 calibration sequences; not held-out documents,65408,1771081,2.2585076571878983e-05,same frozen seed0 calibration sequences as finite effect,all FourOverSix; causal-per-token activation,"BF16 forward, FP32 log_softmax, FP64 paired sequence summaries",research_runs/mixfp4_n16k64_full_validation_20260911T065444Z/runs/V43_fidelity_qwen4b_attempt1/fidelity/fidelity_report.json,211dafbd55f3d33408a4de9c85fce51a0efc33849936504925be9bc11bbef2b3
qwen4b,16,rejected,model.layers.31.mlp.down_proj,19764,ce,False,-3.652483295812914e-06,1.8545898768806975e-06,0.0002985738683491945,0.000607536191750513,-0.0008921970674818109,0.0014893448041802,0.4914503405779075,False,False,128 calibration sequences; not held-out documents,65408,1771081,2.2585076571878983e-05,same frozen seed0 calibration sequences as finite effect,all FourOverSix; causal-per-token activation,"BF16 forward, FP32 log_softmax, FP64 paired sequence summaries",research_runs/mixfp4_n16k64_full_validation_20260911T065444Z/runs/V43_fidelity_qwen4b_attempt1/fidelity/fidelity_report.json,211dafbd55f3d33408a4de9c85fce51a0efc33849936504925be9bc11bbef2b3
qwen4b,16,rejected,model.layers.31.mlp.down_proj,19764,kl,False,2.910882908602197e-07,1.1932829922986833e-06,-0.0002403716266956445,0.00024736958612576836,-0.0007252160155021504,0.0002444727621108615,-0.9717105100116635,False,False,128 calibration sequences; not held-out documents,65408,1771081,2.2585076571878983e-05,same frozen seed0 calibration sequences as finite effect,all FourOverSix; causal-per-token activation,"BF16 forward, FP32 log_softmax, FP64 paired sequence summaries",research_runs/mixfp4_n16k64_full_validation_20260911T065444Z/runs/V43_fidelity_qwen4b_attempt1/fidelity/fidelity_report.json,211dafbd55f3d33408a4de9c85fce51a0efc33849936504925be9bc11bbef2b3
qwen4b,16,rejected,model.layers.5.mlp.up_proj,2411,ce,False,2.5201026288002026e-06,1.8730952716018927e-06,0.002430033404380083,0.0021666443605026105,-0.0018165895422050339,0.0066766563509652,1.1215654256319079,True,False,128 calibration sequences; not held-out documents,65408,1771081,2.2585076571878983e-05,same frozen seed0 calibration sequences as finite effect,all FourOverSix; causal-per-token activation,"BF16 forward, FP32 log_softmax, FP64 paired sequence summaries",research_runs/mixfp4_n16k64_full_validation_20260911T065444Z/runs/V43_fidelity_qwen4b_attempt1/fidelity/fidelity_report.json,211dafbd55f3d33408a4de9c85fce51a0efc33849936504925be9bc11bbef2b3
qwen4b,16,rejected,model.layers.5.mlp.up_proj,2411,kl,False,-7.791111118482519e-07,1.1945465426968718e-06,-0.0007519594445981132,0.001148023269110916,-0.0030020850520555086,0.0014981661628592825,-0.6550036613634725,True,False,128 calibration sequences; not held-out documents,65408,1771081,2.2585076571878983e-05,same frozen seed0 calibration sequences as finite effect,all FourOverSix; causal-per-token activation,"BF16 forward, FP32 log_softmax, FP64 paired sequence summaries",research_runs/mixfp4_n16k64_full_validation_20260911T065444Z/runs/V43_fidelity_qwen4b_attempt1/fidelity/fidelity_report.json,211dafbd55f3d33408a4de9c85fce51a0efc33849936504925be9bc11bbef2b3
qwen4b,16,rejected,model.layers.29.mlp.up_proj,5779,ce,False,6.502902896166063e-07,1.2142908787005777e-06,0.0007383147021755576,0.0007747658931879217,-0.0007802264484727689,0.002256855852823884,0.9529519931983857,True,False,128 calibration sequences; not held-out documents,65408,1771081,2.2585076571878983e-05,same frozen seed0 calibration sequences as finite effect,all FourOverSix; causal-per-token activation,"BF16 forward, FP32 log_softmax, FP64 paired sequence summaries",research_runs/mixfp4_n16k64_full_validation_20260911T065444Z/runs/V43_fidelity_qwen4b_attempt1/fidelity/fidelity_report.json,211dafbd55f3d33408a4de9c85fce51a0efc33849936504925be9bc11bbef2b3
qwen4b,16,rejected,model.layers.29.mlp.up_proj,5779,kl,False,-1.7513844247085686e-07,1.0126487312923334e-06,3.939502029462439e-06,0.00040512722638291054,-0.0007901098616810423,0.000797988865739967,0.00972411078029837,False,False,128 calibration sequences; not held-out documents,65408,1771081,2.2585076571878983e-05,same frozen seed0 calibration sequences as finite effect,all FourOverSix; causal-per-token activation,"BF16 forward, FP32 log_softmax, FP64 paired sequence summaries",research_runs/mixfp4_n16k64_full_validation_20260911T065444Z/runs/V43_fidelity_qwen4b_attempt1/fidelity/fidelity_report.json,211dafbd55f3d33408a4de9c85fce51a0efc33849936504925be9bc11bbef2b3
qwen4b,16,rejected,model.layers.34.mlp.down_proj,1274,ce,False,8.223728487077864e-07,1.2999075936394742e-06,3.6492710933089256e-06,0.0002292967258566155,-0.00044577231158565744,0.0004530708537722753,0.015915059753582782,True,False,128 calibration sequences; not held-out documents,65408,1771081,2.2585076571878983e-05,same frozen seed0 calibration sequences as finite effect,all FourOverSix; causal-per-token activation,"BF16 forward, FP32 log_softmax, FP64 paired sequence summaries",research_runs/mixfp4_n16k64_full_validation_20260911T065444Z/runs/V43_fidelity_qwen4b_attempt1/fidelity/fidelity_report.json,211dafbd55f3d33408a4de9c85fce51a0efc33849936504925be9bc11bbef2b3
qwen4b,16,rejected,model.layers.34.mlp.down_proj,1274,kl,False,-1.1316587778531506e-06,9.798151881646742e-07,-9.781037083317126e-05,8.284632548167113e-05,-0.0002601891687772467,6.456842711090416e-05,-1.1806241286441939,True,False,128 calibration sequences; not held-out documents,65408,1771081,2.2585076571878983e-05,same frozen seed0 calibration sequences as finite effect,all FourOverSix; causal-per-token activation,"BF16 forward, FP32 log_softmax, FP64 paired sequence summaries",research_runs/mixfp4_n16k64_full_validation_20260911T065444Z/runs/V43_fidelity_qwen4b_attempt1/fidelity/fidelity_report.json,211dafbd55f3d33408a4de9c85fce51a0efc33849936504925be9bc11bbef2b3
qwen4b,16,rejected,model.layers.5.mlp.down_proj,23088,ce,False,8.761625256425987e-07,1.6319784106110149e-06,0.0004881075583398342,0.0021465501049227694,-0.0037191306473087936,0.004695345763988462,0.22739164449058868,True,False,128 calibration sequences; not held-out documents,65408,1771081,2.2585076571878983e-05,same frozen seed0 calibration sequences as finite effect,all FourOverSix; causal-per-token activation,"BF16 forward, FP32 log_softmax, FP64 paired sequence summaries",research_runs/mixfp4_n16k64_full_validation_20260911T065444Z/runs/V43_fidelity_qwen4b_attempt1/fidelity/fidelity_report.json,211dafbd55f3d33408a4de9c85fce51a0efc33849936504925be9bc11bbef2b3
qwen4b,16,rejected,model.layers.5.mlp.down_proj,23088,kl,False,6.656014708283919e-07,1.1557781556566378e-06,-0.0009687570727528193,0.001056543052845126,-0.003039581456329266,0.0011020673108236277,-0.9169120653853992,False,False,128 calibration sequences; not held-out documents,65408,1771081,2.2585076571878983e-05,same frozen seed0 calibration sequences as finite effect,all FourOverSix; causal-per-token activation,"BF16 forward, FP32 log_softmax, FP64 paired sequence summaries",research_runs/mixfp4_n16k64_full_validation_20260911T065444Z/runs/V43_fidelity_qwen4b_attempt1/fidelity/fidelity_report.json,211dafbd55f3d33408a4de9c85fce51a0efc33849936504925be9bc11bbef2b3
qwen4b,16,rejected,model.layers.6.mlp.gate_proj,20986,ce,False,2.7747870938732433e-06,1.4189959143143059e-06,0.0010371803073212504,0.0022972280209608265,-0.003465386613761969,0.00553974722840447,0.45149210172329557,True,False,128 calibration sequences; not held-out documents,65408,1771081,2.2585076571878983e-05,same frozen seed0 calibration sequences as finite effect,all FourOverSix; causal-per-token activation,"BF16 forward, FP32 log_softmax, FP64 paired sequence summaries",research_runs/mixfp4_n16k64_full_validation_20260911T065444Z/runs/V43_fidelity_qwen4b_attempt1/fidelity/fidelity_report.json,211dafbd55f3d33408a4de9c85fce51a0efc33849936504925be9bc11bbef2b3
qwen4b,16,rejected,model.layers.6.mlp.gate_proj,20986,kl,False,1.2337939203632686e-06,9.380840516340548e-07,-0.0006651379071222836,0.001019543513968105,-0.0026634431944997693,0.001333167380255202,-0.6523879540300734,False,False,128 calibration sequences; not held-out documents,65408,1771081,2.2585076571878983e-05,same frozen seed0 calibration sequences as finite effect,all FourOverSix; causal-per-token activation,"BF16 forward, FP32 log_softmax, FP64 paired sequence summaries",research_runs/mixfp4_n16k64_full_validation_20260911T065444Z/runs/V43_fidelity_qwen4b_attempt1/fidelity/fidelity_report.json,211dafbd55f3d33408a4de9c85fce51a0efc33849936504925be9bc11bbef2b3
qwen4b,16,rejected,model.layers.9.mlp.gate_proj,15448,ce,False,-8.783999128070263e-07,1.5135662082312152e-06,0.0025169894797727466,0.0021948023456314,-0.0017848231176647968,0.00681880207721029,1.146795512034438,False,False,128 calibration sequences; not held-out documents,65408,1771081,2.2585076571878983e-05,same frozen seed0 calibration sequences as finite effect,all FourOverSix; causal-per-token activation,"BF16 forward, FP32 log_softmax, FP64 paired sequence summaries",research_runs/mixfp4_n16k64_full_validation_20260911T065444Z/runs/V43_fidelity_qwen4b_attempt1/fidelity/fidelity_report.json,211dafbd55f3d33408a4de9c85fce51a0efc33849936504925be9bc11bbef2b3
qwen4b,16,rejected,model.layers.9.mlp.gate_proj,15448,kl,False,1.1782240997293414e-06,1.0629757356664589e-06,-0.0001686109281039178,0.0010146109240237878,-0.002157248339190542,0.0018200264829827063,-0.16618284320775228,False,False,128 calibration sequences; not held-out documents,65408,1771081,2.2585076571878983e-05,same frozen seed0 calibration sequences as finite effect,all FourOverSix; causal-per-token activation,"BF16 forward, FP32 log_softmax, FP64 paired sequence summaries",research_runs/mixfp4_n16k64_full_validation_20260911T065444Z/runs/V43_fidelity_qwen4b_attempt1/fidelity/fidelity_report.json,211dafbd55f3d33408a4de9c85fce51a0efc33849936504925be9bc11bbef2b3
qwen4b,16,rejected,model.layers.27.mlp.up_proj,6721,ce,False,4.280544054324764e-06,1.257341531602926e-06,0.0005748771363869309,0.0010669482592161367,-0.001516341451676697,0.002666095724450559,0.5388050745865414,True,False,128 calibration sequences; not held-out documents,65408,1771081,2.2585076571878983e-05,same frozen seed0 calibration sequences as finite effect,all FourOverSix; causal-per-token activation,"BF16 forward, FP32 log_softmax, FP64 paired sequence summaries",research_runs/mixfp4_n16k64_full_validation_20260911T065444Z/runs/V43_fidelity_qwen4b_attempt1/fidelity/fidelity_report.json,211dafbd55f3d33408a4de9c85fce51a0efc33849936504925be9bc11bbef2b3
qwen4b,16,rejected,model.layers.27.mlp.up_proj,6721,kl,False,1.9448927972565144e-06,1.2272841292127683e-06,8.259984421419252e-05,0.00046961369710625084,-0.0008378430021140592,0.0010030426905424442,0.1758889161946743,True,False,128 calibration sequences; not held-out documents,65408,1771081,2.2585076571878983e-05,same frozen seed0 calibration sequences as finite effect,all FourOverSix; causal-per-token activation,"BF16 forward, FP32 log_softmax, FP64 paired sequence summaries",research_runs/mixfp4_n16k64_full_validation_20260911T065444Z/runs/V43_fidelity_qwen4b_attempt1/fidelity/fidelity_report.json,211dafbd55f3d33408a4de9c85fce51a0efc33849936504925be9bc11bbef2b3
qwen4b,16,rejected,model.layers.23.self_attn.q_proj,10078,ce,False,8.158052198226073e-07,2.0040295713459846e-06,0.0015971313696354628,0.0010669171323809982,-0.0004940262098312937,0.003688288949102219,1.496959155648017,True,False,128 calibration sequences; not held-out documents,65408,1771081,2.2585076571878983e-05,same frozen seed0 calibration sequences as finite effect,all FourOverSix; causal-per-token activation,"BF16 forward, FP32 log_softmax, FP64 paired sequence summaries",research_runs/mixfp4_n16k64_full_validation_20260911T065444Z/runs/V43_fidelity_qwen4b_attempt1/fidelity/fidelity_report.json,211dafbd55f3d33408a4de9c85fce51a0efc33849936504925be9bc11bbef2b3
qwen4b,16,rejected,model.layers.23.self_attn.q_proj,10078,kl,False,-4.327529088410387e-07,1.2675877895419995e-06,0.0004011584291660026,0.0006302200734583524,-0.0008340729148123679,0.0016363897731443732,0.6365370543731385,False,False,128 calibration sequences; not held-out documents,65408,1771081,2.2585076571878983e-05,same frozen seed0 calibration sequences as finite effect,all FourOverSix; causal-per-token activation,"BF16 forward, FP32 log_softmax, FP64 paired sequence summaries",research_runs/mixfp4_n16k64_full_validation_20260911T065444Z/runs/V43_fidelity_qwen4b_attempt1/fidelity/fidelity_report.json,211dafbd55f3d33408a4de9c85fce51a0efc33849936504925be9bc11bbef2b3
qwen4b,16,rejected,model.layers.12.mlp.down_proj,7033,ce,False,3.6531053582145034e-06,2.3010986410937957e-06,0.003883816418237984,0.0017583716228368306,0.0004374080374777963,0.007330224798998172,2.2087574479688845,True,True,128 calibration sequences; not held-out documents,65408,1771081,2.2585076571878983e-05,same frozen seed0 calibration sequences as finite effect,all FourOverSix; causal-per-token activation,"BF16 forward, FP32 log_softmax, FP64 paired sequence summaries",research_runs/mixfp4_n16k64_full_validation_20260911T065444Z/runs/V43_fidelity_qwen4b_attempt1/fidelity/fidelity_report.json,211dafbd55f3d33408a4de9c85fce51a0efc33849936504925be9bc11bbef2b3
qwen4b,16,rejected,model.layers.12.mlp.down_proj,7033,kl,False,1.0751810191056421e-06,1.150144183926921e-06,6.541391187241314e-05,0.0009033291534701541,-0.001705111228929089,0.0018359390526739153,0.0724142596539971,True,False,128 calibration sequences; not held-out documents,65408,1771081,2.2585076571878983e-05,same frozen seed0 calibration sequences as finite effect,all FourOverSix; causal-per-token activation,"BF16 forward, FP32 log_softmax, FP64 paired sequence summaries",research_runs/mixfp4_n16k64_full_validation_20260911T065444Z/runs/V43_fidelity_qwen4b_attempt1/fidelity/fidelity_report.json,211dafbd55f3d33408a4de9c85fce51a0efc33849936504925be9bc11bbef2b3
qwen4b,16,rejected,model.layers.9.mlp.gate_proj,10472,ce,False,-3.814642548505276e-07,1.415007549815312e-06,0.0012408504262566566,0.0018015876691122108,-0.0022902614052032763,0.00477196225771659,0.6887538405877993,False,False,128 calibration sequences; not held-out documents,65408,1771081,2.2585076571878983e-05,same frozen seed0 calibration sequences as finite effect,all FourOverSix; causal-per-token activation,"BF16 forward, FP32 log_softmax, FP64 paired sequence summaries",research_runs/mixfp4_n16k64_full_validation_20260911T065444Z/runs/V43_fidelity_qwen4b_attempt1/fidelity/fidelity_report.json,211dafbd55f3d33408a4de9c85fce51a0efc33849936504925be9bc11bbef2b3
qwen4b,16,rejected,model.layers.9.mlp.gate_proj,10472,kl,False,1.523344178133712e-06,9.122692181393748e-07,-0.0001244725737554948,0.0008191399027113475,-0.0017299867830697358,0.0014810416355587463,-0.1519552073381988,False,False,128 calibration sequences; not held-out documents,65408,1771081,2.2585076571878983e-05,same frozen seed0 calibration sequences as finite effect,all FourOverSix; causal-per-token activation,"BF16 forward, FP32 log_softmax, FP64 paired sequence summaries",research_runs/mixfp4_n16k64_full_validation_20260911T065444Z/runs/V43_fidelity_qwen4b_attempt1/fidelity/fidelity_report.json,211dafbd55f3d33408a4de9c85fce51a0efc33849936504925be9bc11bbef2b3
qwen4b,16,rejected,model.layers.11.mlp.gate_proj,17576,ce,False,-6.407965034149754e-07,1.532398203463726e-06,0.001772712217643857,0.0017390984779412,-0.0016359207991208948,0.005181345234408609,1.019328255489275,False,False,128 calibration sequences; not held-out documents,65408,1771081,2.2585076571878983e-05,same frozen seed0 calibration sequences as finite effect,all FourOverSix; causal-per-token activation,"BF16 forward, FP32 log_softmax, FP64 paired sequence summaries",research_runs/mixfp4_n16k64_full_validation_20260911T065444Z/runs/V43_fidelity_qwen4b_attempt1/fidelity/fidelity_report.json,211dafbd55f3d33408a4de9c85fce51a0efc33849936504925be9bc11bbef2b3
qwen4b,16,rejected,model.layers.11.mlp.gate_proj,17576,kl,False,-9.113227228407794e-07,9.174181454571001e-07,-0.0010428411247272687,0.0009931541362935964,-0.002989423231862718,0.0009037409824081803,-1.0500294834587325,True,False,128 calibration sequences; not held-out documents,65408,1771081,2.2585076571878983e-05,same frozen seed0 calibration sequences as finite effect,all FourOverSix; causal-per-token activation,"BF16 forward, FP32 log_softmax, FP64 paired sequence summaries",research_runs/mixfp4_n16k64_full_validation_20260911T065444Z/runs/V43_fidelity_qwen4b_attempt1/fidelity/fidelity_report.json,211dafbd55f3d33408a4de9c85fce51a0efc33849936504925be9bc11bbef2b3
qwen4b,16,rejected,model.layers.25.mlp.up_proj,7657,ce,False,1.4848745661932838e-06,1.0726383549854018e-06,0.0006344364956021309,0.001103541611621958,-0.0015285050631769067,0.0027973780543811685,0.5749094451179344,True,False,128 calibration sequences; not held-out documents,65408,1771081,2.2585076571878983e-05,same frozen seed0 calibration sequences as finite effect,all FourOverSix; causal-per-token activation,"BF16 forward, FP32 log_softmax, FP64 paired sequence summaries",research_runs/mixfp4_n16k64_full_validation_20260911T065444Z/runs/V43_fidelity_qwen4b_attempt1/fidelity/fidelity_report.json,211dafbd55f3d33408a4de9c85fce51a0efc33849936504925be9bc11bbef2b3
qwen4b,16,rejected,model.layers.25.mlp.up_proj,7657,kl,False,2.85409524680702e-07,6.194659507364787e-07,-0.00045243878170568943,0.0006018657383855059,-0.0016320956289412809,0.000727218065529902,-0.7517270926890579,False,False,128 calibration sequences; not held-out documents,65408,1771081,2.2585076571878983e-05,same frozen seed0 calibration sequences as finite effect,all FourOverSix; causal-per-token activation,"BF16 forward, FP32 log_softmax, FP64 paired sequence summaries",research_runs/mixfp4_n16k64_full_validation_20260911T065444Z/runs/V43_fidelity_qwen4b_attempt1/fidelity/fidelity_report.json,211dafbd55f3d33408a4de9c85fce51a0efc33849936504925be9bc11bbef2b3
qwen4b,16,rejected,model.layers.25.mlp.down_proj,10490,ce,False,7.949269908991141e-07,2.425037658905634e-06,0.0018121512839570642,0.0010106663682628106,-0.00016875479783804445,0.0037930573657521728,1.793026206137531,True,False,128 calibration sequences; not held-out documents,65408,1771081,2.2585076571878983e-05,same frozen seed0 calibration sequences as finite effect,all FourOverSix; causal-per-token activation,"BF16 forward, FP32 log_softmax, FP64 paired sequence summaries",research_runs/mixfp4_n16k64_full_validation_20260911T065444Z/runs/V43_fidelity_qwen4b_attempt1/fidelity/fidelity_report.json,211dafbd55f3d33408a4de9c85fce51a0efc33849936504925be9bc11bbef2b3
qwen4b,16,rejected,model.layers.25.mlp.down_proj,10490,kl,False,-2.06406776959156e-06,1.523398110397791e-06,-0.00028155769378658535,0.000567892141455877,-0.0013946262910401043,0.0008315109034669337,-0.49579431239314176,True,False,128 calibration sequences; not held-out documents,65408,1771081,2.2585076571878983e-05,same frozen seed0 calibration sequences as finite effect,all FourOverSix; causal-per-token activation,"BF16 forward, FP32 log_softmax, FP64 paired sequence summaries",research_runs/mixfp4_n16k64_full_validation_20260911T065444Z/runs/V43_fidelity_qwen4b_attempt1/fidelity/fidelity_report.json,211dafbd55f3d33408a4de9c85fce51a0efc33849936504925be9bc11bbef2b3
qwen4b,16,rejected,model.layers.22.mlp.up_proj,15686,ce,False,1.9474776027372798e-06,1.1547754425491459e-06,0.001506058732047677,0.0012849779807605902,-0.0010124981102430796,0.004024615574338433,1.1720502254491763,True,False,128 calibration sequences; not held-out documents,65408,1771081,2.2585076571878983e-05,same frozen seed0 calibration sequences as finite effect,all FourOverSix; causal-per-token activation,"BF16 forward, FP32 log_softmax, FP64 paired sequence summaries",research_runs/mixfp4_n16k64_full_validation_20260911T065444Z/runs/V43_fidelity_qwen4b_attempt1/fidelity/fidelity_report.json,211dafbd55f3d33408a4de9c85fce51a0efc33849936504925be9bc11bbef2b3
qwen4b,16,rejected,model.layers.22.mlp.up_proj,15686,kl,False,1.3903390296832185e-06,5.511778806435921e-07,-0.000244152980309359,0.0005818595961404105,-0.0013845977887445634,0.0008962918281258455,-0.4196080668409938,False,False,128 calibration sequences; not held-out documents,65408,1771081,2.2585076571878983e-05,same frozen seed0 calibration sequences as finite effect,all FourOverSix; causal-per-token activation,"BF16 forward, FP32 log_softmax, FP64 paired sequence summaries",research_runs/mixfp4_n16k64_full_validation_20260911T065444Z/runs/V43_fidelity_qwen4b_attempt1/fidelity/fidelity_report.json,211dafbd55f3d33408a4de9c85fce51a0efc33849936504925be9bc11bbef2b3
qwen4b,16,rejected,model.layers.5.mlp.down_proj,5681,ce,False,-2.5115200852354747e-07,1.9319852387571305e-06,-3.6599813029170036e-06,0.0020189646849795282,-0.003960830763862792,0.003953510801256958,-0.0018128010510268609,True,False,128 calibration sequences; not held-out documents,65408,1771081,2.2585076571878983e-05,same frozen seed0 calibration sequences as finite effect,all FourOverSix; causal-per-token activation,"BF16 forward, FP32 log_softmax, FP64 paired sequence summaries",research_runs/mixfp4_n16k64_full_validation_20260911T065444Z/runs/V43_fidelity_qwen4b_attempt1/fidelity/fidelity_report.json,211dafbd55f3d33408a4de9c85fce51a0efc33849936504925be9bc11bbef2b3
qwen4b,16,rejected,model.layers.5.mlp.down_proj,5681,kl,False,-6.874081814878252e-08,1.2999065006490546e-06,-0.001134081913815722,0.001000258296854133,-0.0030945881756498225,0.0008264243480183787,-1.1337890596683593,True,False,128 calibration sequences; not held-out documents,65408,1771081,2.2585076571878983e-05,same frozen seed0 calibration sequences as finite effect,all FourOverSix; causal-per-token activation,"BF16 forward, FP32 log_softmax, FP64 paired sequence summaries",research_runs/mixfp4_n16k64_full_validation_20260911T065444Z/runs/V43_fidelity_qwen4b_attempt1/fidelity/fidelity_report.json,211dafbd55f3d33408a4de9c85fce51a0efc33849936504925be9bc11bbef2b3
qwen4b,16,rejected,model.layers.21.mlp.gate_proj,19561,ce,False,1.9721955726303975e-06,1.3623441946112637e-06,0.0018288224237039685,0.0013623911996854033,-0.0008414643276794219,0.004499109175087359,1.3423621821149985,True,False,128 calibration sequences; not held-out documents,65408,1771081,2.2585076571878983e-05,same frozen seed0 calibration sequences as finite effect,all FourOverSix; causal-per-token activation,"BF16 forward, FP32 log_softmax, FP64 paired sequence summaries",research_runs/mixfp4_n16k64_full_validation_20260911T065444Z/runs/V43_fidelity_qwen4b_attempt1/fidelity/fidelity_report.json,211dafbd55f3d33408a4de9c85fce51a0efc33849936504925be9bc11bbef2b3
qwen4b,16,rejected,model.layers.21.mlp.gate_proj,19561,kl,False,-8.257626817886887e-07,8.745136543701995e-07,-0.0003261318966619357,0.0006431423294879673,-0.0015866908624583517,0.0009344270691344802,-0.5070913259924643,True,False,128 calibration sequences; not held-out documents,65408,1771081,2.2585076571878983e-05,same frozen seed0 calibration sequences as finite effect,all FourOverSix; causal-per-token activation,"BF16 forward, FP32 log_softmax, FP64 paired sequence summaries",research_runs/mixfp4_n16k64_full_validation_20260911T065444Z/runs/V43_fidelity_qwen4b_attempt1/fidelity/fidelity_report.json,211dafbd55f3d33408a4de9c85fce51a0efc33849936504925be9bc11bbef2b3
qwen4b,16,rejected,model.layers.26.mlp.gate_proj,13528,ce,False,8.815251266724999e-07,2.06461580474529e-06,0.0006079216254875064,0.0009204760193431927,-0.0011962113724251512,0.0024120546234001642,0.6604426543575681,True,False,128 calibration sequences; not held-out documents,65408,1771081,2.2585076571878983e-05,same frozen seed0 calibration sequences as finite effect,all FourOverSix; causal-per-token activation,"BF16 forward, FP32 log_softmax, FP64 paired sequence summaries",research_runs/mixfp4_n16k64_full_validation_20260911T065444Z/runs/V43_fidelity_qwen4b_attempt1/fidelity/fidelity_report.json,211dafbd55f3d33408a4de9c85fce51a0efc33849936504925be9bc11bbef2b3
qwen4b,16,rejected,model.layers.26.mlp.gate_proj,13528,kl,False,3.7452284995520557e-07,8.701923170266371e-07,0.0003150210269293815,0.0004389685928201373,-0.0005453574149980875,0.0011753994688568506,0.7176391023912227,True,False,128 calibration sequences; not held-out documents,65408,1771081,2.2585076571878983e-05,same frozen seed0 calibration sequences as finite effect,all FourOverSix; causal-per-token activation,"BF16 forward, FP32 log_softmax, FP64 paired sequence summaries",research_runs/mixfp4_n16k64_full_validation_20260911T065444Z/runs/V43_fidelity_qwen4b_attempt1/fidelity/fidelity_report.json,211dafbd55f3d33408a4de9c85fce51a0efc33849936504925be9bc11bbef2b3
qwen4b,16,rejected,model.layers.18.mlp.up_proj,10536,ce,False,1.090923360980156e-06,1.178196786082696e-06,0.002569365198723972,0.0014481756158867438,-0.00026905900841404625,0.0054077894058619895,1.7742083008010763,True,False,128 calibration sequences; not held-out documents,65408,1771081,2.2585076571878983e-05,same frozen seed0 calibration sequences as finite effect,all FourOverSix; causal-per-token activation,"BF16 forward, FP32 log_softmax, FP64 paired sequence summaries",research_runs/mixfp4_n16k64_full_validation_20260911T065444Z/runs/V43_fidelity_qwen4b_attempt1/fidelity/fidelity_report.json,211dafbd55f3d33408a4de9c85fce51a0efc33849936504925be9bc11bbef2b3
qwen4b,16,rejected,model.layers.18.mlp.up_proj,10536,kl,False,2.71264043227859e-07,7.619311418172493e-07,0.0002161657259986227,0.0006987123394549795,-0.0011533104593331371,0.0015856419113303825,0.3093772841728252,True,False,128 calibration sequences; not held-out documents,65408,1771081,2.2585076571878983e-05,same frozen seed0 calibration sequences as finite effect,all FourOverSix; causal-per-token activation,"BF16 forward, FP32 log_softmax, FP64 paired sequence summaries",research_runs/mixfp4_n16k64_full_validation_20260911T065444Z/runs/V43_fidelity_qwen4b_attempt1/fidelity/fidelity_report.json,211dafbd55f3d33408a4de9c85fce51a0efc33849936504925be9bc11bbef2b3
qwen4b,16,rejected,model.layers.21.self_attn.o_proj,4179,ce,False,5.855283101041664e-06,2.373098118153812e-06,0.0016484431689605117,0.001240091369822474,-0.0007821359158915373,0.004079022253812561,1.329291703075472,True,False,128 calibration sequences; not held-out documents,65408,1771081,2.2585076571878983e-05,same frozen seed0 calibration sequences as finite effect,all FourOverSix; causal-per-token activation,"BF16 forward, FP32 log_softmax, FP64 paired sequence summaries",research_runs/mixfp4_n16k64_full_validation_20260911T065444Z/runs/V43_fidelity_qwen4b_attempt1/fidelity/fidelity_report.json,211dafbd55f3d33408a4de9c85fce51a0efc33849936504925be9bc11bbef2b3
qwen4b,16,rejected,model.layers.21.self_attn.o_proj,4179,kl,False,3.0263114192408125e-07,1.06308726215999e-06,1.9379997840905097e-05,0.0006337463134046524,-0.0012227627764322135,0.0012615227721140237,0.03058005613759019,True,False,128 calibration sequences; not held-out documents,65408,1771081,2.2585076571878983e-05,same frozen seed0 calibration sequences as finite effect,all FourOverSix; causal-per-token activation,"BF16 forward, FP32 log_softmax, FP64 paired sequence summaries",research_runs/mixfp4_n16k64_full_validation_20260911T065444Z/runs/V43_fidelity_qwen4b_attempt1/fidelity/fidelity_report.json,211dafbd55f3d33408a4de9c85fce51a0efc33849936504925be9bc11bbef2b3
qwen4b,16,rejected,model.layers.11.self_attn.o_proj,3630,ce,False,2.2916215529633632e-06,1.1139668525330316e-06,0.0020513952476903796,0.0018185598087034393,-0.0015129819773683612,0.005615772472749121,1.1280328740757462,True,False,128 calibration sequences; not held-out documents,65408,1771081,2.2585076571878983e-05,same frozen seed0 calibration sequences as finite effect,all FourOverSix; causal-per-token activation,"BF16 forward, FP32 log_softmax, FP64 paired sequence summaries",research_runs/mixfp4_n16k64_full_validation_20260911T065444Z/runs/V43_fidelity_qwen4b_attempt1/fidelity/fidelity_report.json,211dafbd55f3d33408a4de9c85fce51a0efc33849936504925be9bc11bbef2b3
qwen4b,16,rejected,model.layers.11.self_attn.o_proj,3630,kl,False,-1.7507392890969697e-07,7.684886902575023e-07,-0.0007161142013524196,0.0008555457504689121,-0.0023929838722714872,0.0009607554695666482,-0.8370261917143856,True,False,128 calibration sequences; not held-out documents,65408,1771081,2.2585076571878983e-05,same frozen seed0 calibration sequences as finite effect,all FourOverSix; causal-per-token activation,"BF16 forward, FP32 log_softmax, FP64 paired sequence summaries",research_runs/mixfp4_n16k64_full_validation_20260911T065444Z/runs/V43_fidelity_qwen4b_attempt1/fidelity/fidelity_report.json,211dafbd55f3d33408a4de9c85fce51a0efc33849936504925be9bc11bbef2b3
qwen4b,16,rejected,model.layers.30.mlp.gate_proj,5310,ce,False,4.822964222439552e-07,1.3725798532930728e-06,0.0007152953185141087,0.000655447579881082,-0.0005693819380528122,0.0019999725750810297,1.0913081998775322,True,False,128 calibration sequences; not held-out documents,65408,1771081,2.2585076571878983e-05,same frozen seed0 calibration sequences as finite effect,all FourOverSix; causal-per-token activation,"BF16 forward, FP32 log_softmax, FP64 paired sequence summaries",research_runs/mixfp4_n16k64_full_validation_20260911T065444Z/runs/V43_fidelity_qwen4b_attempt1/fidelity/fidelity_report.json,211dafbd55f3d33408a4de9c85fce51a0efc33849936504925be9bc11bbef2b3
qwen4b,16,rejected,model.layers.30.mlp.gate_proj,5310,kl,False,1.1088052732644016e-06,8.098610639080471e-07,0.000312182013734856,0.0003479571570705723,-0.0003698140141234657,0.0009941780415931778,0.897185206256699,True,False,128 calibration sequences; not held-out documents,65408,1771081,2.2585076571878983e-05,same frozen seed0 calibration sequences as finite effect,all FourOverSix; causal-per-token activation,"BF16 forward, FP32 log_softmax, FP64 paired sequence summaries",research_runs/mixfp4_n16k64_full_validation_20260911T065444Z/runs/V43_fidelity_qwen4b_attempt1/fidelity/fidelity_report.json,211dafbd55f3d33408a4de9c85fce51a0efc33849936504925be9bc11bbef2b3
qwen4b,16,rejected,model.layers.8.mlp.gate_proj,12423,ce,False,9.402471947694835e-07,1.4847950073511106e-06,0.0036852738121524453,0.0020658368773269053,-0.0003637664674082889,0.0077343140917131795,1.7839132666278155,True,False,128 calibration sequences; not held-out documents,65408,1771081,2.2585076571878983e-05,same frozen seed0 calibration sequences as finite effect,all FourOverSix; causal-per-token activation,"BF16 forward, FP32 log_softmax, FP64 paired sequence summaries",research_runs/mixfp4_n16k64_full_validation_20260911T065444Z/runs/V43_fidelity_qwen4b_attempt1/fidelity/fidelity_report.json,211dafbd55f3d33408a4de9c85fce51a0efc33849936504925be9bc11bbef2b3
qwen4b,16,rejected,model.layers.8.mlp.gate_proj,12423,kl,False,4.626459388923365e-07,8.843321510624356e-07,0.0007139163423292939,0.001110703698662173,-0.001463062907048565,0.002890895591707153,0.6427603898224127,True,False,128 calibration sequences; not held-out documents,65408,1771081,2.2585076571878983e-05,same frozen seed0 calibration sequences as finite effect,all FourOverSix; causal-per-token activation,"BF16 forward, FP32 log_softmax, FP64 paired sequence summaries",research_runs/mixfp4_n16k64_full_validation_20260911T065444Z/runs/V43_fidelity_qwen4b_attempt1/fidelity/fidelity_report.json,211dafbd55f3d33408a4de9c85fce51a0efc33849936504925be9bc11bbef2b3
qwen4b,16,rejected,model.layers.11.mlp.up_proj,9481,ce,False,-1.2714860595508526e-06,2.4244251139192675e-06,0.0019804465118795633,0.001741606362195097,-0.0014331019580228269,0.0053939949817819535,1.137137848637298,False,False,128 calibration sequences; not held-out documents,65408,1771081,2.2585076571878983e-05,same frozen seed0 calibration sequences as finite effect,all FourOverSix; causal-per-token activation,"BF16 forward, FP32 log_softmax, FP64 paired sequence summaries",research_runs/mixfp4_n16k64_full_validation_20260911T065444Z/runs/V43_fidelity_qwen4b_attempt1/fidelity/fidelity_report.json,211dafbd55f3d33408a4de9c85fce51a0efc33849936504925be9bc11bbef2b3
qwen4b,16,rejected,model.layers.11.mlp.up_proj,9481,kl,False,1.2092162045007626e-06,1.3342709388585449e-06,-0.0021671345681412335,0.0008345058149134384,-0.003802765965371573,-0.0005315031709108942,-2.596907690051298,False,True,128 calibration sequences; not held-out documents,65408,1771081,2.2585076571878983e-05,same frozen seed0 calibration sequences as finite effect,all FourOverSix; causal-per-token activation,"BF16 forward, FP32 log_softmax, FP64 paired sequence summaries",research_runs/mixfp4_n16k64_full_validation_20260911T065444Z/runs/V43_fidelity_qwen4b_attempt1/fidelity/fidelity_report.json,211dafbd55f3d33408a4de9c85fce51a0efc33849936504925be9bc11bbef2b3
qwen4b,16,rejected,model.layers.24.mlp.down_proj,17655,ce,False,-1.0204949822956166e-06,2.160576179689307e-06,0.0012938522268086672,0.0010930304032528066,-0.000848487363566834,0.0034361918171841683,1.1837294030964045,False,False,128 calibration sequences; not held-out documents,65408,1771081,2.2585076571878983e-05,same frozen seed0 calibration sequences as finite effect,all FourOverSix; causal-per-token activation,"BF16 forward, FP32 log_softmax, FP64 paired sequence summaries",research_runs/mixfp4_n16k64_full_validation_20260911T065444Z/runs/V43_fidelity_qwen4b_attempt1/fidelity/fidelity_report.json,211dafbd55f3d33408a4de9c85fce51a0efc33849936504925be9bc11bbef2b3
qwen4b,16,rejected,model.layers.24.mlp.down_proj,17655,kl,False,1.2044641506392395e-08,1.0654357308679693e-06,-0.00014848160841898458,0.0006471799609920159,-0.0014169543319633355,0.0011199911151253666,-0.2294286247543693,False,False,128 calibration sequences; not held-out documents,65408,1771081,2.2585076571878983e-05,same frozen seed0 calibration sequences as finite effect,all FourOverSix; causal-per-token activation,"BF16 forward, FP32 log_softmax, FP64 paired sequence summaries",research_runs/mixfp4_n16k64_full_validation_20260911T065444Z/runs/V43_fidelity_qwen4b_attempt1/fidelity/fidelity_report.json,211dafbd55f3d33408a4de9c85fce51a0efc33849936504925be9bc11bbef2b3
qwen4b,16,rejected,model.layers.1.self_attn.v_proj,1207,ce,False,2.071146291804382e-06,2.0128292980114576e-06,0.0036027542082592845,0.0023150939862904645,-0.0009348300048700256,0.008140338421388595,1.5562021367573382,True,False,128 calibration sequences; not held-out documents,65408,1771081,2.2585076571878983e-05,same frozen seed0 calibration sequences as finite effect,all FourOverSix; causal-per-token activation,"BF16 forward, FP32 log_softmax, FP64 paired sequence summaries",research_runs/mixfp4_n16k64_full_validation_20260911T065444Z/runs/V43_fidelity_qwen4b_attempt1/fidelity/fidelity_report.json,211dafbd55f3d33408a4de9c85fce51a0efc33849936504925be9bc11bbef2b3
qwen4b,16,rejected,model.layers.1.self_attn.v_proj,1207,kl,False,3.311855633292282e-06,1.364094615270722e-06,-0.0009447409122126059,0.0011473801942752826,-0.00319360609299216,0.0013041242685669478,-0.8233895938994578,False,False,128 calibration sequences; not held-out documents,65408,1771081,2.2585076571878983e-05,same frozen seed0 calibration sequences as finite effect,all FourOverSix; causal-per-token activation,"BF16 forward, FP32 log_softmax, FP64 paired sequence summaries",research_runs/mixfp4_n16k64_full_validation_20260911T065444Z/runs/V43_fidelity_qwen4b_attempt1/fidelity/fidelity_report.json,211dafbd55f3d33408a4de9c85fce51a0efc33849936504925be9bc11bbef2b3
qwen4b,16,rejected,model.layers.4.mlp.up_proj,12400,ce,False,2.4361208811995994e-05,6.733265502325474e-06,0.0022213305346667767,0.002385584877960048,-0.002454415826134917,0.0068970768954684705,0.9311471392987166,True,False,128 calibration sequences; not held-out documents,65408,1771081,2.2585076571878983e-05,same frozen seed0 calibration sequences as finite effect,all FourOverSix; causal-per-token activation,"BF16 forward, FP32 log_softmax, FP64 paired sequence summaries",research_runs/mixfp4_n16k64_full_validation_20260911T065444Z/runs/V43_fidelity_qwen4b_attempt1/fidelity/fidelity_report.json,211dafbd55f3d33408a4de9c85fce51a0efc33849936504925be9bc11bbef2b3
qwen4b,16,rejected,model.layers.4.mlp.up_proj,12400,kl,False,1.6155713274290662e-05,4.649324300650587e-06,-0.0006861289033729804,0.0010150251746394135,-0.002675578245666231,0.00130332043892027,-0.6759723014916619,False,False,128 calibration sequences; not held-out documents,65408,1771081,2.2585076571878983e-05,same frozen seed0 calibration sequences as finite effect,all FourOverSix; causal-per-token activation,"BF16 forward, FP32 log_softmax, FP64 paired sequence summaries",research_runs/mixfp4_n16k64_full_validation_20260911T065444Z/runs/V43_fidelity_qwen4b_attempt1/fidelity/fidelity_report.json,211dafbd55f3d33408a4de9c85fce51a0efc33849936504925be9bc11bbef2b3
qwen4b,16,rejected,model.layers.14.self_attn.k_proj,1056,ce,False,2.36327490910071e-08,1.5434265941680692e-06,0.0022350121289491653,0.0016883287834716988,-0.0010741122866553643,0.005544136544553695,1.3238014721003128,True,False,128 calibration sequences; not held-out documents,65408,1771081,2.2585076571878983e-05,same frozen seed0 calibration sequences as finite effect,all FourOverSix; causal-per-token activation,"BF16 forward, FP32 log_softmax, FP64 paired sequence summaries",research_runs/mixfp4_n16k64_full_validation_20260911T065444Z/runs/V43_fidelity_qwen4b_attempt1/fidelity/fidelity_report.json,211dafbd55f3d33408a4de9c85fce51a0efc33849936504925be9bc11bbef2b3
qwen4b,16,rejected,model.layers.14.self_attn.k_proj,1056,kl,False,-7.937691559600779e-07,1.0293968738731125e-06,0.0004876635612918328,0.0007472339879199386,-0.0009769150550312468,0.0019522421776149124,0.652624973135032,False,False,128 calibration sequences; not held-out documents,65408,1771081,2.2585076571878983e-05,same frozen seed0 calibration sequences as finite effect,all FourOverSix; causal-per-token activation,"BF16 forward, FP32 log_softmax, FP64 paired sequence summaries",research_runs/mixfp4_n16k64_full_validation_20260911T065444Z/runs/V43_fidelity_qwen4b_attempt1/fidelity/fidelity_report.json,211dafbd55f3d33408a4de9c85fce51a0efc33849936504925be9bc11bbef2b3
qwen4b,16,rejected,model.layers.28.mlp.up_proj,3304,ce,False,1.6863324772131705e-06,1.085208721532059e-06,-0.0005177939310669899,0.0009542099606228828,-0.00238804545388784,0.0013524575917538604,-0.5426415070421061,False,False,128 calibration sequences; not held-out documents,65408,1771081,2.2585076571878983e-05,same frozen seed0 calibration sequences as finite effect,all FourOverSix; causal-per-token activation,"BF16 forward, FP32 log_softmax, FP64 paired sequence summaries",research_runs/mixfp4_n16k64_full_validation_20260911T065444Z/runs/V43_fidelity_qwen4b_attempt1/fidelity/fidelity_report.json,211dafbd55f3d33408a4de9c85fce51a0efc33849936504925be9bc11bbef2b3
qwen4b,16,rejected,model.layers.28.mlp.up_proj,3304,kl,False,4.887697641065003e-07,6.022290927947799e-07,-0.001042160076594141,0.0005550595237650143,-0.0021300767431735694,4.5756589985287066e-05,-1.8775645349260628,False,False,128 calibration sequences; not held-out documents,65408,1771081,2.2585076571878983e-05,same frozen seed0 calibration sequences as finite effect,all FourOverSix; causal-per-token activation,"BF16 forward, FP32 log_softmax, FP64 paired sequence summaries",research_runs/mixfp4_n16k64_full_validation_20260911T065444Z/runs/V43_fidelity_qwen4b_attempt1/fidelity/fidelity_report.json,211dafbd55f3d33408a4de9c85fce51a0efc33849936504925be9bc11bbef2b3
qwen4b,16,rejected,model.layers.3.mlp.down_proj,19473,ce,False,-1.2869180388008772e-07,1.6740274051582647e-06,0.00040026474744081497,0.002288698249611701,-0.004085583821798119,0.004886113316679749,0.17488751411800293,False,False,128 calibration sequences; not held-out documents,65408,1771081,2.2585076571878983e-05,same frozen seed0 calibration sequences as finite effect,all FourOverSix; causal-per-token activation,"BF16 forward, FP32 log_softmax, FP64 paired sequence summaries",research_runs/mixfp4_n16k64_full_validation_20260911T065444Z/runs/V43_fidelity_qwen4b_attempt1/fidelity/fidelity_report.json,211dafbd55f3d33408a4de9c85fce51a0efc33849936504925be9bc11bbef2b3
qwen4b,16,rejected,model.layers.3.mlp.down_proj,19473,kl,False,-5.273315593079531e-07,9.722200446033056e-07,-7.32260909910654e-05,0.0010993010912172918,-0.0022278562297769573,0.0020814040477948265,-0.06661149668284216,True,False,128 calibration sequences; not held-out documents,65408,1771081,2.2585076571878983e-05,same frozen seed0 calibration sequences as finite effect,all FourOverSix; causal-per-token activation,"BF16 forward, FP32 log_softmax, FP64 paired sequence summaries",research_runs/mixfp4_n16k64_full_validation_20260911T065444Z/runs/V43_fidelity_qwen4b_attempt1/fidelity/fidelity_report.json,211dafbd55f3d33408a4de9c85fce51a0efc33849936504925be9bc11bbef2b3
qwen4b,16,rejected,model.layers.23.mlp.up_proj,1901,ce,False,2.297430334863293e-07,1.433662023731081e-06,-9.960262104868889e-05,0.0010893427109507398,-0.002234714334512139,0.002035509092414761,-0.09143368753232786,False,False,128 calibration sequences; not held-out documents,65408,1771081,2.2585076571878983e-05,same frozen seed0 calibration sequences as finite effect,all FourOverSix; causal-per-token activation,"BF16 forward, FP32 log_softmax, FP64 paired sequence summaries",research_runs/mixfp4_n16k64_full_validation_20260911T065444Z/runs/V43_fidelity_qwen4b_attempt1/fidelity/fidelity_report.json,211dafbd55f3d33408a4de9c85fce51a0efc33849936504925be9bc11bbef2b3
qwen4b,16,rejected,model.layers.23.mlp.up_proj,1901,kl,False,-4.111691400687789e-07,8.367873073547696e-07,-0.0008708402869745578,0.0005571640971375149,-0.001962881917364087,0.00022120134341497134,-1.5629870830668828,True,False,128 calibration sequences; not held-out documents,65408,1771081,2.2585076571878983e-05,same frozen seed0 calibration sequences as finite effect,all FourOverSix; causal-per-token activation,"BF16 forward, FP32 log_softmax, FP64 paired sequence summaries",research_runs/mixfp4_n16k64_full_validation_20260911T065444Z/runs/V43_fidelity_qwen4b_attempt1/fidelity/fidelity_report.json,211dafbd55f3d33408a4de9c85fce51a0efc33849936504925be9bc11bbef2b3
qwen4b,16,rejected,model.layers.16.mlp.down_proj,2937,ce,False,2.2155234180587513e-07,1.2041385748235174e-06,0.0006763580022379756,0.0016613815686310784,-0.002579949872278938,0.003932665876754889,0.4071057576467948,True,False,128 calibration sequences; not held-out documents,65408,1771081,2.2585076571878983e-05,same frozen seed0 calibration sequences as finite effect,all FourOverSix; causal-per-token activation,"BF16 forward, FP32 log_softmax, FP64 paired sequence summaries",research_runs/mixfp4_n16k64_full_validation_20260911T065444Z/runs/V43_fidelity_qwen4b_attempt1/fidelity/fidelity_report.json,211dafbd55f3d33408a4de9c85fce51a0efc33849936504925be9bc11bbef2b3
qwen4b,16,rejected,model.layers.16.mlp.down_proj,2937,kl,False,-1.0593280519444193e-07,8.75941566859593e-07,0.0003629257077655201,0.0007381848177178485,-0.001083916534961463,0.0018097679504925032,0.491646128523113,False,False,128 calibration sequences; not held-out documents,65408,1771081,2.2585076571878983e-05,same frozen seed0 calibration sequences as finite effect,all FourOverSix; causal-per-token activation,"BF16 forward, FP32 log_softmax, FP64 paired sequence summaries",research_runs/mixfp4_n16k64_full_validation_20260911T065444Z/runs/V43_fidelity_qwen4b_attempt1/fidelity/fidelity_report.json,211dafbd55f3d33408a4de9c85fce51a0efc33849936504925be9bc11bbef2b3
qwen4b,16,rejected,model.layers.8.mlp.up_proj,13374,ce,False,-1.9909029980169635e-06,1.679426889084605e-06,0.0021091345697641373,0.0020060973818120387,-0.0018228162985874583,0.006041085438115733,1.0513620070921126,False,False,128 calibration sequences; not held-out documents,65408,1771081,2.2585076571878983e-05,same frozen seed0 calibration sequences as finite effect,all FourOverSix; causal-per-token activation,"BF16 forward, FP32 log_softmax, FP64 paired sequence summaries",research_runs/mixfp4_n16k64_full_validation_20260911T065444Z/runs/V43_fidelity_qwen4b_attempt1/fidelity/fidelity_report.json,211dafbd55f3d33408a4de9c85fce51a0efc33849936504925be9bc11bbef2b3
qwen4b,16,rejected,model.layers.8.mlp.up_proj,13374,kl,False,9.83493284145709e-07,9.453348051615206e-07,-0.0011478324656807495,0.0010328902428378246,-0.003172297341642886,0.0008766324102813868,-1.1112821266731359,False,False,128 calibration sequences; not held-out documents,65408,1771081,2.2585076571878983e-05,same frozen seed0 calibration sequences as finite effect,all FourOverSix; causal-per-token activation,"BF16 forward, FP32 log_softmax, FP64 paired sequence summaries",research_runs/mixfp4_n16k64_full_validation_20260911T065444Z/runs/V43_fidelity_qwen4b_attempt1/fidelity/fidelity_report.json,211dafbd55f3d33408a4de9c85fce51a0efc33849936504925be9bc11bbef2b3
qwen4b,16,rejected,model.layers.23.mlp.up_proj,4510,ce,False,1.7466451134318106e-06,8.926337668015188e-07,0.0015521992463618517,0.0012743427223507523,-0.0009455124894456228,0.004049910982169326,1.218039087239062,True,False,128 calibration sequences; not held-out documents,65408,1771081,2.2585076571878983e-05,same frozen seed0 calibration sequences as finite effect,all FourOverSix; causal-per-token activation,"BF16 forward, FP32 log_softmax, FP64 paired sequence summaries",research_runs/mixfp4_n16k64_full_validation_20260911T065444Z/runs/V43_fidelity_qwen4b_attempt1/fidelity/fidelity_report.json,211dafbd55f3d33408a4de9c85fce51a0efc33849936504925be9bc11bbef2b3
qwen4b,16,rejected,model.layers.23.mlp.up_proj,4510,kl,False,4.2569705299699834e-07,6.193497059389342e-07,0.0005193897251860135,0.0007162669214771068,-0.0008844934409091157,0.0019232728912811428,0.7251343174062997,True,False,128 calibration sequences; not held-out documents,65408,1771081,2.2585076571878983e-05,same frozen seed0 calibration sequences as finite effect,all FourOverSix; causal-per-token activation,"BF16 forward, FP32 log_softmax, FP64 paired sequence summaries",research_runs/mixfp4_n16k64_full_validation_20260911T065444Z/runs/V43_fidelity_qwen4b_attempt1/fidelity/fidelity_report.json,211dafbd55f3d33408a4de9c85fce51a0efc33849936504925be9bc11bbef2b3
qwen4b,16,rejected,model.layers.12.mlp.down_proj,3267,ce,False,7.08447877251217e-07,1.6987456589971193e-06,0.003977662418037653,0.0017765889995737297,0.000495547978873143,0.007459776857202163,2.238932256696424,True,True,128 calibration sequences; not held-out documents,65408,1771081,2.2585076571878983e-05,same frozen seed0 calibration sequences as finite effect,all FourOverSix; causal-per-token activation,"BF16 forward, FP32 log_softmax, FP64 paired sequence summaries",research_runs/mixfp4_n16k64_full_validation_20260911T065444Z/runs/V43_fidelity_qwen4b_attempt1/fidelity/fidelity_report.json,211dafbd55f3d33408a4de9c85fce51a0efc33849936504925be9bc11bbef2b3
qwen4b,16,rejected,model.layers.12.mlp.down_proj,3267,kl,False,4.787782890147696e-07,9.99409963796721e-07,-0.00047953176970688894,0.0008573333565824202,-0.0021599051486084326,0.0012008416091946546,-0.5593294207266609,False,False,128 calibration sequences; not held-out documents,65408,1771081,2.2585076571878983e-05,same frozen seed0 calibration sequences as finite effect,all FourOverSix; causal-per-token activation,"BF16 forward, FP32 log_softmax, FP64 paired sequence summaries",research_runs/mixfp4_n16k64_full_validation_20260911T065444Z/runs/V43_fidelity_qwen4b_attempt1/fidelity/fidelity_report.json,211dafbd55f3d33408a4de9c85fce51a0efc33849936504925be9bc11bbef2b3
qwen4b,16,rejected,model.layers.22.mlp.up_proj,11877,ce,False,1.755749359233505e-06,1.076295063129319e-06,-3.5425182431936264e-06,0.0011519480405243337,-0.0022613606776708877,0.0022542756411845005,-0.0030752413464596663,False,False,128 calibration sequences; not held-out documents,65408,1771081,2.2585076571878983e-05,same frozen seed0 calibration sequences as finite effect,all FourOverSix; causal-per-token activation,"BF16 forward, FP32 log_softmax, FP64 paired sequence summaries",research_runs/mixfp4_n16k64_full_validation_20260911T065444Z/runs/V43_fidelity_qwen4b_attempt1/fidelity/fidelity_report.json,211dafbd55f3d33408a4de9c85fce51a0efc33849936504925be9bc11bbef2b3
qwen4b,16,rejected,model.layers.22.mlp.up_proj,11877,kl,False,-1.360088996982256e-07,6.010966622200777e-07,-2.1249131254819716e-05,0.0006265110892226884,-0.0012492108661312888,0.0012067126036216496,-0.033916608373498205,True,False,128 calibration sequences; not held-out documents,65408,1771081,2.2585076571878983e-05,same frozen seed0 calibration sequences as finite effect,all FourOverSix; causal-per-token activation,"BF16 forward, FP32 log_softmax, FP64 paired sequence summaries",research_runs/mixfp4_n16k64_full_validation_20260911T065444Z/runs/V43_fidelity_qwen4b_attempt1/fidelity/fidelity_report.json,211dafbd55f3d33408a4de9c85fce51a0efc33849936504925be9bc11bbef2b3
qwen4b,16,rejected,model.layers.7.mlp.up_proj,692,ce,False,6.944375945394654e-07,1.7415278889604895e-06,0.0006827180041000247,0.002170876996268435,-0.0035722009085861076,0.004937636916786157,0.3144894921608008,True,False,128 calibration sequences; not held-out documents,65408,1771081,2.2585076571878983e-05,same frozen seed0 calibration sequences as finite effect,all FourOverSix; causal-per-token activation,"BF16 forward, FP32 log_softmax, FP64 paired sequence summaries",research_runs/mixfp4_n16k64_full_validation_20260911T065444Z/runs/V43_fidelity_qwen4b_attempt1/fidelity/fidelity_report.json,211dafbd55f3d33408a4de9c85fce51a0efc33849936504925be9bc11bbef2b3
qwen4b,16,rejected,model.layers.7.mlp.up_proj,692,kl,False,-3.275326019291924e-07,1.1408707979157758e-06,-0.001070708017623075,0.0009484720152279491,-0.0029297131674698553,0.0007882971322237054,-1.1288767622371532,True,False,128 calibration sequences; not held-out documents,65408,1771081,2.2585076571878983e-05,same frozen seed0 calibration sequences as finite effect,all FourOverSix; causal-per-token activation,"BF16 forward, FP32 log_softmax, FP64 paired sequence summaries",research_runs/mixfp4_n16k64_full_validation_20260911T065444Z/runs/V43_fidelity_qwen4b_attempt1/fidelity/fidelity_report.json,211dafbd55f3d33408a4de9c85fce51a0efc33849936504925be9bc11bbef2b3
qwen4b,16,random,model.layers.3.self_attn.o_proj,2715,ce,False,-7.537691004699809e-08,8.276034485595356e-07,0.003679915680550039,0.002427638414276234,-0.0010782556114313797,0.008438086972531457,1.515841757532558,False,False,128 calibration sequences; not held-out documents,65408,3548160,1.1273448773448773e-05,same frozen seed0 calibration sequences as finite effect,all FourOverSix; causal-per-token activation,"BF16 forward, FP32 log_softmax, FP64 paired sequence summaries",research_runs/mixfp4_n16k64_full_validation_20260911T065444Z/runs/V43_fidelity_qwen4b_attempt1/fidelity/fidelity_report.json,211dafbd55f3d33408a4de9c85fce51a0efc33849936504925be9bc11bbef2b3
qwen4b,16,random,model.layers.3.self_attn.o_proj,2715,kl,False,-4.3600618582217976e-07,5.369535650930319e-07,-0.0007048482867535036,0.0012951943237994655,-0.0032434291614004563,0.0018337325878934488,-0.5442027298929354,True,False,128 calibration sequences; not held-out documents,65408,3548160,1.1273448773448773e-05,same frozen seed0 calibration sequences as finite effect,all FourOverSix; causal-per-token activation,"BF16 forward, FP32 log_softmax, FP64 paired sequence summaries",research_runs/mixfp4_n16k64_full_validation_20260911T065444Z/runs/V43_fidelity_qwen4b_attempt1/fidelity/fidelity_report.json,211dafbd55f3d33408a4de9c85fce51a0efc33849936504925be9bc11bbef2b3
qwen4b,16,random,model.layers.9.mlp.down_proj,8289,ce,False,5.334816202129389e-07,2.2007549913518016e-06,0.0013654102804139256,0.002106033925239742,-0.002762416213055968,0.005493236773883819,0.6483325192677004,True,False,128 calibration sequences; not held-out documents,65408,3548160,1.1273448773448773e-05,same frozen seed0 calibration sequences as finite effect,all FourOverSix; causal-per-token activation,"BF16 forward, FP32 log_softmax, FP64 paired sequence summaries",research_runs/mixfp4_n16k64_full_validation_20260911T065444Z/runs/V43_fidelity_qwen4b_attempt1/fidelity/fidelity_report.json,211dafbd55f3d33408a4de9c85fce51a0efc33849936504925be9bc11bbef2b3
qwen4b,16,random,model.layers.9.mlp.down_proj,8289,kl,False,2.618713125679406e-06,1.4318655641467663e-06,0.00041067669521515255,0.0009042881516377125,-0.0013617280819947638,0.002183081472425069,0.45414362056098584,True,False,128 calibration sequences; not held-out documents,65408,3548160,1.1273448773448773e-05,same frozen seed0 calibration sequences as finite effect,all FourOverSix; causal-per-token activation,"BF16 forward, FP32 log_softmax, FP64 paired sequence summaries",research_runs/mixfp4_n16k64_full_validation_20260911T065444Z/runs/V43_fidelity_qwen4b_attempt1/fidelity/fidelity_report.json,211dafbd55f3d33408a4de9c85fce51a0efc33849936504925be9bc11bbef2b3
qwen4b,16,random,model.layers.31.mlp.gate_proj,3069,ce,False,-3.4920623148693153e-07,1.1734980031472056e-06,0.0008949820185080171,0.0006623528616444469,-0.00040322959031509884,0.0021931936273311328,1.351216353600426,False,False,128 calibration sequences; not held-out documents,65408,3548160,1.1273448773448773e-05,same frozen seed0 calibration sequences as finite effect,all FourOverSix; causal-per-token activation,"BF16 forward, FP32 log_softmax, FP64 paired sequence summaries",research_runs/mixfp4_n16k64_full_validation_20260911T065444Z/runs/V43_fidelity_qwen4b_attempt1/fidelity/fidelity_report.json,211dafbd55f3d33408a4de9c85fce51a0efc33849936504925be9bc11bbef2b3
qwen4b,16,random,model.layers.31.mlp.gate_proj,3069,kl,False,8.757624289090771e-07,6.547471527078359e-07,-4.100912451925588e-05,0.0002088725127707318,-0.0004503992495498902,0.00036838100051137846,-0.1963356689459154,False,False,128 calibration sequences; not held-out documents,65408,3548160,1.1273448773448773e-05,same frozen seed0 calibration sequences as finite effect,all FourOverSix; causal-per-token activation,"BF16 forward, FP32 log_softmax, FP64 paired sequence summaries",research_runs/mixfp4_n16k64_full_validation_20260911T065444Z/runs/V43_fidelity_qwen4b_attempt1/fidelity/fidelity_report.json,211dafbd55f3d33408a4de9c85fce51a0efc33849936504925be9bc11bbef2b3
qwen4b,16,random,model.layers.6.mlp.down_proj,13878,ce,False,3.2287129316799223e-06,2.1792882353423858e-06,0.0006023191381245852,0.002054223577821966,-0.003423959074406468,0.004628597350655638,0.29321011823026916,True,False,128 calibration sequences; not held-out documents,65408,3548160,1.1273448773448773e-05,same frozen seed0 calibration sequences as finite effect,all FourOverSix; causal-per-token activation,"BF16 forward, FP32 log_softmax, FP64 paired sequence summaries",research_runs/mixfp4_n16k64_full_validation_20260911T065444Z/runs/V43_fidelity_qwen4b_attempt1/fidelity/fidelity_report.json,211dafbd55f3d33408a4de9c85fce51a0efc33849936504925be9bc11bbef2b3
qwen4b,16,random,model.layers.6.mlp.down_proj,13878,kl,False,1.9201245970990044e-06,1.4660690734820538e-06,0.00012633941446891042,0.0009685943143615795,-0.0017721054416797856,0.0020247842706176064,0.1304358415031409,True,False,128 calibration sequences; not held-out documents,65408,3548160,1.1273448773448773e-05,same frozen seed0 calibration sequences as finite effect,all FourOverSix; causal-per-token activation,"BF16 forward, FP32 log_softmax, FP64 paired sequence summaries",research_runs/mixfp4_n16k64_full_validation_20260911T065444Z/runs/V43_fidelity_qwen4b_attempt1/fidelity/fidelity_report.json,211dafbd55f3d33408a4de9c85fce51a0efc33849936504925be9bc11bbef2b3
qwen4b,16,random,model.layers.29.mlp.gate_proj,13568,ce,False,3.917043063239589e-07,1.474334219731203e-06,0.0006278088549152017,0.0008075486342348715,-0.0009549864681851464,0.00221060417801555,0.7774254432490397,True,False,128 calibration sequences; not held-out documents,65408,3548160,1.1273448773448773e-05,same frozen seed0 calibration sequences as finite effect,all FourOverSix; causal-per-token activation,"BF16 forward, FP32 log_softmax, FP64 paired sequence summaries",research_runs/mixfp4_n16k64_full_validation_20260911T065444Z/runs/V43_fidelity_qwen4b_attempt1/fidelity/fidelity_report.json,211dafbd55f3d33408a4de9c85fce51a0efc33849936504925be9bc11bbef2b3
qwen4b,16,random,model.layers.29.mlp.gate_proj,13568,kl,False,-1.7465634322699763e-06,8.319729675423595e-07,7.944235442658399e-05,0.0003665787864805845,-0.0006390520670753616,0.0007979367759285296,0.2167129069013697,False,False,128 calibration sequences; not held-out documents,65408,3548160,1.1273448773448773e-05,same frozen seed0 calibration sequences as finite effect,all FourOverSix; causal-per-token activation,"BF16 forward, FP32 log_softmax, FP64 paired sequence summaries",research_runs/mixfp4_n16k64_full_validation_20260911T065444Z/runs/V43_fidelity_qwen4b_attempt1/fidelity/fidelity_report.json,211dafbd55f3d33408a4de9c85fce51a0efc33849936504925be9bc11bbef2b3
qwen4b,16,random,model.layers.16.mlp.down_proj,10555,ce,False,3.2208376232745195e-07,1.524659437198405e-06,0.002323322696611285,0.0015618966806178935,-0.000737994797399786,0.005384640190622356,1.487500886225181,True,False,128 calibration sequences; not held-out documents,65408,3548160,1.1273448773448773e-05,same frozen seed0 calibration sequences as finite effect,all FourOverSix; causal-per-token activation,"BF16 forward, FP32 log_softmax, FP64 paired sequence summaries",research_runs/mixfp4_n16k64_full_validation_20260911T065444Z/runs/V43_fidelity_qwen4b_attempt1/fidelity/fidelity_report.json,211dafbd55f3d33408a4de9c85fce51a0efc33849936504925be9bc11bbef2b3
qwen4b,16,random,model.layers.16.mlp.down_proj,10555,kl,False,5.579894217788706e-07,8.098318797994404e-07,0.0005122367982215393,0.0007519823483228493,-0.0009616486044912453,0.0019861222009343238,0.6811819444485421,True,False,128 calibration sequences; not held-out documents,65408,3548160,1.1273448773448773e-05,same frozen seed0 calibration sequences as finite effect,all FourOverSix; causal-per-token activation,"BF16 forward, FP32 log_softmax, FP64 paired sequence summaries",research_runs/mixfp4_n16k64_full_validation_20260911T065444Z/runs/V43_fidelity_qwen4b_attempt1/fidelity/fidelity_report.json,211dafbd55f3d33408a4de9c85fce51a0efc33849936504925be9bc11bbef2b3
qwen4b,16,random,model.layers.8.self_attn.o_proj,7066,ce,False,1.7805383389912777e-07,2.044909038487018e-06,0.00016811455134302378,0.002001358005720981,-0.0037545471398700986,0.004090776242556146,0.08400023926876651,True,False,128 calibration sequences; not held-out documents,65408,3548160,1.1273448773448773e-05,same frozen seed0 calibration sequences as finite effect,all FourOverSix; causal-per-token activation,"BF16 forward, FP32 log_softmax, FP64 paired sequence summaries",research_runs/mixfp4_n16k64_full_validation_20260911T065444Z/runs/V43_fidelity_qwen4b_attempt1/fidelity/fidelity_report.json,211dafbd55f3d33408a4de9c85fce51a0efc33849936504925be9bc11bbef2b3
qwen4b,16,random,model.layers.8.self_attn.o_proj,7066,kl,False,1.3808372263390822e-06,1.1028553903673523e-06,-0.00036713595978575596,0.0010646057967744547,-0.002453763321463687,0.0017194914018921754,-0.34485624716501206,False,False,128 calibration sequences; not held-out documents,65408,3548160,1.1273448773448773e-05,same frozen seed0 calibration sequences as finite effect,all FourOverSix; causal-per-token activation,"BF16 forward, FP32 log_softmax, FP64 paired sequence summaries",research_runs/mixfp4_n16k64_full_validation_20260911T065444Z/runs/V43_fidelity_qwen4b_attempt1/fidelity/fidelity_report.json,211dafbd55f3d33408a4de9c85fce51a0efc33849936504925be9bc11bbef2b3
qwen4b,16,random,model.layers.30.self_attn.q_proj,2048,ce,False,-1.3898525144107055e-06,1.164149538859016e-06,-0.0009443126618862152,0.0008196029735460257,-0.0025507344900364253,0.0006621091662639951,-1.1521586577469711,True,False,128 calibration sequences; not held-out documents,65408,3548160,1.1273448773448773e-05,same frozen seed0 calibration sequences as finite effect,all FourOverSix; causal-per-token activation,"BF16 forward, FP32 log_softmax, FP64 paired sequence summaries",research_runs/mixfp4_n16k64_full_validation_20260911T065444Z/runs/V43_fidelity_qwen4b_attempt1/fidelity/fidelity_report.json,211dafbd55f3d33408a4de9c85fce51a0efc33849936504925be9bc11bbef2b3
qwen4b,16,random,model.layers.30.self_attn.q_proj,2048,kl,False,-1.3111225899420376e-06,7.715186396757221e-07,-0.0008977758629239014,0.00040672576621880556,-0.0016949583647127603,-0.0001005933611350425,-2.2073247811915766,True,True,128 calibration sequences; not held-out documents,65408,3548160,1.1273448773448773e-05,same frozen seed0 calibration sequences as finite effect,all FourOverSix; causal-per-token activation,"BF16 forward, FP32 log_softmax, FP64 paired sequence summaries",research_runs/mixfp4_n16k64_full_validation_20260911T065444Z/runs/V43_fidelity_qwen4b_attempt1/fidelity/fidelity_report.json,211dafbd55f3d33408a4de9c85fce51a0efc33849936504925be9bc11bbef2b3
qwen4b,16,random,model.layers.26.mlp.gate_proj,5451,ce,False,-1.3898751349827876e-07,1.3404336249862965e-06,0.0009548520902171731,0.0010899621982535235,-0.001181473818359733,0.003091177998794079,0.876041473499869,False,False,128 calibration sequences; not held-out documents,65408,3548160,1.1273448773448773e-05,same frozen seed0 calibration sequences as finite effect,all FourOverSix; causal-per-token activation,"BF16 forward, FP32 log_softmax, FP64 paired sequence summaries",research_runs/mixfp4_n16k64_full_validation_20260911T065444Z/runs/V43_fidelity_qwen4b_attempt1/fidelity/fidelity_report.json,211dafbd55f3d33408a4de9c85fce51a0efc33849936504925be9bc11bbef2b3
qwen4b,16,random,model.layers.26.mlp.gate_proj,5451,kl,False,-1.1028956026226666e-08,1.0709330861562362e-06,-0.00024823159299999006,0.0005016156254764068,-0.0012313982189337475,0.0007349350329337674,-0.4948641557252795,True,False,128 calibration sequences; not held-out documents,65408,3548160,1.1273448773448773e-05,same frozen seed0 calibration sequences as finite effect,all FourOverSix; causal-per-token activation,"BF16 forward, FP32 log_softmax, FP64 paired sequence summaries",research_runs/mixfp4_n16k64_full_validation_20260911T065444Z/runs/V43_fidelity_qwen4b_attempt1/fidelity/fidelity_report.json,211dafbd55f3d33408a4de9c85fce51a0efc33849936504925be9bc11bbef2b3
qwen4b,16,random,model.layers.17.mlp.up_proj,13780,ce,False,-1.7239726886053575e-06,1.1999347292892758e-06,-0.0002649546368047595,0.0015942323033543602,-0.0033896499513793054,0.0028597406777697864,-0.16619575217945282,True,False,128 calibration sequences; not held-out documents,65408,3548160,1.1273448773448773e-05,same frozen seed0 calibration sequences as finite effect,all FourOverSix; causal-per-token activation,"BF16 forward, FP32 log_softmax, FP64 paired sequence summaries",research_runs/mixfp4_n16k64_full_validation_20260911T065444Z/runs/V43_fidelity_qwen4b_attempt1/fidelity/fidelity_report.json,211dafbd55f3d33408a4de9c85fce51a0efc33849936504925be9bc11bbef2b3
qwen4b,16,random,model.layers.17.mlp.up_proj,13780,kl,False,-6.919843604791254e-07,6.852974446782253e-07,-0.00039471406088864406,0.0006502814972165637,-0.0016692657954331088,0.0008798376736558208,-0.606989530808059,True,False,128 calibration sequences; not held-out documents,65408,3548160,1.1273448773448773e-05,same frozen seed0 calibration sequences as finite effect,all FourOverSix; causal-per-token activation,"BF16 forward, FP32 log_softmax, FP64 paired sequence summaries",research_runs/mixfp4_n16k64_full_validation_20260911T065444Z/runs/V43_fidelity_qwen4b_attempt1/fidelity/fidelity_report.json,211dafbd55f3d33408a4de9c85fce51a0efc33849936504925be9bc11bbef2b3
qwen4b,16,random,model.layers.22.mlp.down_proj,23834,ce,False,-2.765595907838758e-07,9.495876953403792e-07,0.0017051980830729008,0.0012946465041841783,-0.0008323090651280885,0.00424270523127389,1.3171148089936964,False,False,128 calibration sequences; not held-out documents,65408,3548160,1.1273448773448773e-05,same frozen seed0 calibration sequences as finite effect,all FourOverSix; causal-per-token activation,"BF16 forward, FP32 log_softmax, FP64 paired sequence summaries",research_runs/mixfp4_n16k64_full_validation_20260911T065444Z/runs/V43_fidelity_qwen4b_attempt1/fidelity/fidelity_report.json,211dafbd55f3d33408a4de9c85fce51a0efc33849936504925be9bc11bbef2b3
qwen4b,16,random,model.layers.22.mlp.down_proj,23834,kl,False,4.6457817637346466e-07,5.758494897616399e-07,0.0008762144428818861,0.000604153292119282,-0.00030792600967190654,0.0020603548954356786,1.4503180803803173,True,False,128 calibration sequences; not held-out documents,65408,3548160,1.1273448773448773e-05,same frozen seed0 calibration sequences as finite effect,all FourOverSix; causal-per-token activation,"BF16 forward, FP32 log_softmax, FP64 paired sequence summaries",research_runs/mixfp4_n16k64_full_validation_20260911T065444Z/runs/V43_fidelity_qwen4b_attempt1/fidelity/fidelity_report.json,211dafbd55f3d33408a4de9c85fce51a0efc33849936504925be9bc11bbef2b3
qwen4b,16,random,model.layers.20.mlp.gate_proj,11879,ce,False,1.4182439180832063e-06,7.38691118152969e-07,0.0007838633609935641,0.0014576876889693439,-0.00207320450938635,0.003640931231373478,0.5377443789401787,True,False,128 calibration sequences; not held-out documents,65408,3548160,1.1273448773448773e-05,same frozen seed0 calibration sequences as finite effect,all FourOverSix; causal-per-token activation,"BF16 forward, FP32 log_softmax, FP64 paired sequence summaries",research_runs/mixfp4_n16k64_full_validation_20260911T065444Z/runs/V43_fidelity_qwen4b_attempt1/fidelity/fidelity_report.json,211dafbd55f3d33408a4de9c85fce51a0efc33849936504925be9bc11bbef2b3
qwen4b,16,random,model.layers.20.mlp.gate_proj,11879,kl,False,3.9559761944030214e-07,4.320428210108703e-07,-0.00014453720562345975,0.0006126753968740996,-0.0013453809834966949,0.0010563065722497753,-0.23591155505981762,False,False,128 calibration sequences; not held-out documents,65408,3548160,1.1273448773448773e-05,same frozen seed0 calibration sequences as finite effect,all FourOverSix; causal-per-token activation,"BF16 forward, FP32 log_softmax, FP64 paired sequence summaries",research_runs/mixfp4_n16k64_full_validation_20260911T065444Z/runs/V43_fidelity_qwen4b_attempt1/fidelity/fidelity_report.json,211dafbd55f3d33408a4de9c85fce51a0efc33849936504925be9bc11bbef2b3
qwen4b,16,random,model.layers.34.mlp.gate_proj,20759,ce,False,9.178427007316969e-07,5.566819109027698e-07,-0.0001622962299734354,0.00025137685524965125,-0.0006549948662627518,0.00033040240631588105,-0.6456291682551811,False,False,128 calibration sequences; not held-out documents,65408,3548160,1.1273448773448773e-05,same frozen seed0 calibration sequences as finite effect,all FourOverSix; causal-per-token activation,"BF16 forward, FP32 log_softmax, FP64 paired sequence summaries",research_runs/mixfp4_n16k64_full_validation_20260911T065444Z/runs/V43_fidelity_qwen4b_attempt1/fidelity/fidelity_report.json,211dafbd55f3d33408a4de9c85fce51a0efc33849936504925be9bc11bbef2b3
qwen4b,16,random,model.layers.34.mlp.gate_proj,20759,kl,False,4.0657072819527684e-08,3.1392661820583014e-07,-2.9425268052912302e-05,0.00010215742285010872,-0.00022965381683912538,0.00017080328073330078,-0.28803847270194705,False,False,128 calibration sequences; not held-out documents,65408,3548160,1.1273448773448773e-05,same frozen seed0 calibration sequences as finite effect,all FourOverSix; causal-per-token activation,"BF16 forward, FP32 log_softmax, FP64 paired sequence summaries",research_runs/mixfp4_n16k64_full_validation_20260911T065444Z/runs/V43_fidelity_qwen4b_attempt1/fidelity/fidelity_report.json,211dafbd55f3d33408a4de9c85fce51a0efc33849936504925be9bc11bbef2b3
qwen4b,16,random,model.layers.14.mlp.up_proj,10806,ce,False,1.7748800589245661e-06,1.913211978381434e-06,0.0022295727394521236,0.001604233220223382,-0.000914724372185705,0.005373869851089952,1.3898058657217347,True,False,128 calibration sequences; not held-out documents,65408,3548160,1.1273448773448773e-05,same frozen seed0 calibration sequences as finite effect,all FourOverSix; causal-per-token activation,"BF16 forward, FP32 log_softmax, FP64 paired sequence summaries",research_runs/mixfp4_n16k64_full_validation_20260911T065444Z/runs/V43_fidelity_qwen4b_attempt1/fidelity/fidelity_report.json,211dafbd55f3d33408a4de9c85fce51a0efc33849936504925be9bc11bbef2b3
qwen4b,16,random,model.layers.14.mlp.up_proj,10806,kl,False,3.895991420588274e-07,9.701996074502673e-07,-0.0003456880009881059,0.0008703954139648056,-0.0020516630123591246,0.001360287010382913,-0.3971620202057771,False,False,128 calibration sequences; not held-out documents,65408,3548160,1.1273448773448773e-05,same frozen seed0 calibration sequences as finite effect,all FourOverSix; causal-per-token activation,"BF16 forward, FP32 log_softmax, FP64 paired sequence summaries",research_runs/mixfp4_n16k64_full_validation_20260911T065444Z/runs/V43_fidelity_qwen4b_attempt1/fidelity/fidelity_report.json,211dafbd55f3d33408a4de9c85fce51a0efc33849936504925be9bc11bbef2b3
qwen4b,16,random,model.layers.32.mlp.gate_proj,15848,ce,False,1.6275391274689355e-06,1.0779188964612476e-06,0.00028954760637134314,0.0005284220951328382,-0.0007461597000890197,0.001325254912831706,0.5479475764512738,True,False,128 calibration sequences; not held-out documents,65408,3548160,1.1273448773448773e-05,same frozen seed0 calibration sequences as finite effect,all FourOverSix; causal-per-token activation,"BF16 forward, FP32 log_softmax, FP64 paired sequence summaries",research_runs/mixfp4_n16k64_full_validation_20260911T065444Z/runs/V43_fidelity_qwen4b_attempt1/fidelity/fidelity_report.json,211dafbd55f3d33408a4de9c85fce51a0efc33849936504925be9bc11bbef2b3
qwen4b,16,random,model.layers.32.mlp.gate_proj,15848,kl,False,1.6865768862617259e-06,1.0472349003773389e-06,-0.00031549227381062837,0.00021318256578374266,-0.0007333301027467639,0.00010234555512550725,-1.4799159239441326,False,False,128 calibration sequences; not held-out documents,65408,3548160,1.1273448773448773e-05,same frozen seed0 calibration sequences as finite effect,all FourOverSix; causal-per-token activation,"BF16 forward, FP32 log_softmax, FP64 paired sequence summaries",research_runs/mixfp4_n16k64_full_validation_20260911T065444Z/runs/V43_fidelity_qwen4b_attempt1/fidelity/fidelity_report.json,211dafbd55f3d33408a4de9c85fce51a0efc33849936504925be9bc11bbef2b3
qwen4b,16,random,model.layers.32.mlp.up_proj,2322,ce,False,7.542645459768238e-06,1.7731216026486576e-06,0.0005877009825780988,0.0005564077778332641,-0.0005028582619750989,0.0016782602271312964,1.0562414940831617,True,False,128 calibration sequences; not held-out documents,65408,3548160,1.1273448773448773e-05,same frozen seed0 calibration sequences as finite effect,all FourOverSix; causal-per-token activation,"BF16 forward, FP32 log_softmax, FP64 paired sequence summaries",research_runs/mixfp4_n16k64_full_validation_20260911T065444Z/runs/V43_fidelity_qwen4b_attempt1/fidelity/fidelity_report.json,211dafbd55f3d33408a4de9c85fce51a0efc33849936504925be9bc11bbef2b3
qwen4b,16,random,model.layers.32.mlp.up_proj,2322,kl,False,5.673607501588407e-07,5.741440565311441e-07,-0.00019395332838650594,0.0002100090262805817,-0.0006055710198964461,0.00021766436312343422,-0.9235475818423889,False,False,128 calibration sequences; not held-out documents,65408,3548160,1.1273448773448773e-05,same frozen seed0 calibration sequences as finite effect,all FourOverSix; causal-per-token activation,"BF16 forward, FP32 log_softmax, FP64 paired sequence summaries",research_runs/mixfp4_n16k64_full_validation_20260911T065444Z/runs/V43_fidelity_qwen4b_attempt1/fidelity/fidelity_report.json,211dafbd55f3d33408a4de9c85fce51a0efc33849936504925be9bc11bbef2b3
qwen4b,16,random,model.layers.21.mlp.gate_proj,3505,ce,False,-5.608438102822078e-07,8.738385316774525e-07,0.0010485226521268487,0.0013212793533585374,-0.0015411848804558845,0.003638230184709582,0.7935662125209381,False,False,128 calibration sequences; not held-out documents,65408,3548160,1.1273448773448773e-05,same frozen seed0 calibration sequences as finite effect,all FourOverSix; causal-per-token activation,"BF16 forward, FP32 log_softmax, FP64 paired sequence summaries",research_runs/mixfp4_n16k64_full_validation_20260911T065444Z/runs/V43_fidelity_qwen4b_attempt1/fidelity/fidelity_report.json,211dafbd55f3d33408a4de9c85fce51a0efc33849936504925be9bc11bbef2b3
qwen4b,16,random,model.layers.21.mlp.gate_proj,3505,kl,False,-2.0313295479024163e-07,4.6267390730256815e-07,-0.0003018641557620473,0.0006519685892593528,-0.0015797225907103788,0.0009759942791862841,-0.46300413967024084,True,False,128 calibration sequences; not held-out documents,65408,3548160,1.1273448773448773e-05,same frozen seed0 calibration sequences as finite effect,all FourOverSix; causal-per-token activation,"BF16 forward, FP32 log_softmax, FP64 paired sequence summaries",research_runs/mixfp4_n16k64_full_validation_20260911T065444Z/runs/V43_fidelity_qwen4b_attempt1/fidelity/fidelity_report.json,211dafbd55f3d33408a4de9c85fce51a0efc33849936504925be9bc11bbef2b3
qwen4b,16,random,model.layers.31.mlp.gate_proj,1937,ce,False,-4.991053215164243e-07,1.2937965947118615e-06,0.0003023943863809109,0.0006390032384233926,-0.0009500519609289388,0.0015548407336907605,0.4732282533137172,False,False,128 calibration sequences; not held-out documents,65408,3548160,1.1273448773448773e-05,same frozen seed0 calibration sequences as finite effect,all FourOverSix; causal-per-token activation,"BF16 forward, FP32 log_softmax, FP64 paired sequence summaries",research_runs/mixfp4_n16k64_full_validation_20260911T065444Z/runs/V43_fidelity_qwen4b_attempt1/fidelity/fidelity_report.json,211dafbd55f3d33408a4de9c85fce51a0efc33849936504925be9bc11bbef2b3
qwen4b,16,random,model.layers.31.mlp.gate_proj,1937,kl,False,-6.14077878546837e-07,8.984845281116549e-07,-0.00021465391404244466,0.0002592621078960413,-0.0007228076455186856,0.00029349981743379623,-0.8279417142150075,True,False,128 calibration sequences; not held-out documents,65408,3548160,1.1273448773448773e-05,same frozen seed0 calibration sequences as finite effect,all FourOverSix; causal-per-token activation,"BF16 forward, FP32 log_softmax, FP64 paired sequence summaries",research_runs/mixfp4_n16k64_full_validation_20260911T065444Z/runs/V43_fidelity_qwen4b_attempt1/fidelity/fidelity_report.json,211dafbd55f3d33408a4de9c85fce51a0efc33849936504925be9bc11bbef2b3
qwen4b,16,random,model.layers.7.self_attn.q_proj,10119,ce,False,1.5578247669623124e-07,6.765190345949481e-07,0.0012715187622234225,0.0023166655731190794,-0.0032691457610899734,0.005812183285536818,0.5488572787445937,True,False,128 calibration sequences; not held-out documents,65408,3548160,1.1273448773448773e-05,same frozen seed0 calibration sequences as finite effect,all FourOverSix; causal-per-token activation,"BF16 forward, FP32 log_softmax, FP64 paired sequence summaries",research_runs/mixfp4_n16k64_full_validation_20260911T065444Z/runs/V43_fidelity_qwen4b_attempt1/fidelity/fidelity_report.json,211dafbd55f3d33408a4de9c85fce51a0efc33849936504925be9bc11bbef2b3
qwen4b,16,random,model.layers.7.self_attn.q_proj,10119,kl,False,-1.1289045598328329e-07,5.845002674467667e-07,-0.00031443388803628603,0.0010097451141801684,-0.0022935343118294163,0.001664666535756844,-0.3113992666273815,True,False,128 calibration sequences; not held-out documents,65408,3548160,1.1273448773448773e-05,same frozen seed0 calibration sequences as finite effect,all FourOverSix; causal-per-token activation,"BF16 forward, FP32 log_softmax, FP64 paired sequence summaries",research_runs/mixfp4_n16k64_full_validation_20260911T065444Z/runs/V43_fidelity_qwen4b_attempt1/fidelity/fidelity_report.json,211dafbd55f3d33408a4de9c85fce51a0efc33849936504925be9bc11bbef2b3
qwen4b,16,random,model.layers.19.mlp.up_proj,23051,ce,False,7.928319134542505e-07,9.175489831445857e-07,0.0003605472156777978,0.0014620207579076493,-0.002505013469821195,0.0032261079011767905,0.2466088212001791,True,False,128 calibration sequences; not held-out documents,65408,3548160,1.1273448773448773e-05,same frozen seed0 calibration sequences as finite effect,all FourOverSix; causal-per-token activation,"BF16 forward, FP32 log_softmax, FP64 paired sequence summaries",research_runs/mixfp4_n16k64_full_validation_20260911T065444Z/runs/V43_fidelity_qwen4b_attempt1/fidelity/fidelity_report.json,211dafbd55f3d33408a4de9c85fce51a0efc33849936504925be9bc11bbef2b3
qwen4b,16,random,model.layers.19.mlp.up_proj,23051,kl,False,-2.410289266507881e-07,6.378826663324694e-07,-0.00020573214516257974,0.0006047857540486337,-0.0013911122230979018,0.0009796479327727422,-0.3401735966585546,True,False,128 calibration sequences; not held-out documents,65408,3548160,1.1273448773448773e-05,same frozen seed0 calibration sequences as finite effect,all FourOverSix; causal-per-token activation,"BF16 forward, FP32 log_softmax, FP64 paired sequence summaries",research_runs/mixfp4_n16k64_full_validation_20260911T065444Z/runs/V43_fidelity_qwen4b_attempt1/fidelity/fidelity_report.json,211dafbd55f3d33408a4de9c85fce51a0efc33849936504925be9bc11bbef2b3
qwen4b,16,random,model.layers.9.mlp.up_proj,18691,ce,False,-3.0251504323786094e-06,2.0447184110340758e-06,0.0002043853746727109,0.002076660340917256,-0.0038658688935251104,0.004274639642870532,0.09842022339697322,False,False,128 calibration sequences; not held-out documents,65408,3548160,1.1273448773448773e-05,same frozen seed0 calibration sequences as finite effect,all FourOverSix; causal-per-token activation,"BF16 forward, FP32 log_softmax, FP64 paired sequence summaries",research_runs/mixfp4_n16k64_full_validation_20260911T065444Z/runs/V43_fidelity_qwen4b_attempt1/fidelity/fidelity_report.json,211dafbd55f3d33408a4de9c85fce51a0efc33849936504925be9bc11bbef2b3
qwen4b,16,random,model.layers.9.mlp.up_proj,18691,kl,False,-1.287520138282261e-06,1.3664074944526932e-06,-0.0005599948916057849,0.000834540445974847,-0.0021956941657164854,0.0010757043825049154,-0.6710218711468696,True,False,128 calibration sequences; not held-out documents,65408,3548160,1.1273448773448773e-05,same frozen seed0 calibration sequences as finite effect,all FourOverSix; causal-per-token activation,"BF16 forward, FP32 log_softmax, FP64 paired sequence summaries",research_runs/mixfp4_n16k64_full_validation_20260911T065444Z/runs/V43_fidelity_qwen4b_attempt1/fidelity/fidelity_report.json,211dafbd55f3d33408a4de9c85fce51a0efc33849936504925be9bc11bbef2b3
qwen4b,16,random,model.layers.33.mlp.up_proj,12142,ce,False,3.650269441157761e-07,6.969076137681339e-07,-4.79499576613307e-05,0.0004964316108176961,-0.0010209559148640149,0.0009250559995413536,-0.09658925140232316,False,False,128 calibration sequences; not held-out documents,65408,3548160,1.1273448773448773e-05,same frozen seed0 calibration sequences as finite effect,all FourOverSix; causal-per-token activation,"BF16 forward, FP32 log_softmax, FP64 paired sequence summaries",research_runs/mixfp4_n16k64_full_validation_20260911T065444Z/runs/V43_fidelity_qwen4b_attempt1/fidelity/fidelity_report.json,211dafbd55f3d33408a4de9c85fce51a0efc33849936504925be9bc11bbef2b3
qwen4b,16,random,model.layers.33.mlp.up_proj,12142,kl,False,-3.498518136302309e-08,5.329335892435929e-07,-0.00020987106810897875,0.00014216754514113323,-0.0004885194565855999,6.877732036764239e-05,-1.4762234791395925,True,False,128 calibration sequences; not held-out documents,65408,3548160,1.1273448773448773e-05,same frozen seed0 calibration sequences as finite effect,all FourOverSix; causal-per-token activation,"BF16 forward, FP32 log_softmax, FP64 paired sequence summaries",research_runs/mixfp4_n16k64_full_validation_20260911T065444Z/runs/V43_fidelity_qwen4b_attempt1/fidelity/fidelity_report.json,211dafbd55f3d33408a4de9c85fce51a0efc33849936504925be9bc11bbef2b3
qwen4b,16,random,model.layers.20.mlp.down_proj,23807,ce,False,-5.905021431829027e-07,1.4153724181650932e-06,-0.0005327927647158504,0.0014535464880763987,-0.003381743881345592,0.0023161583519138913,-0.366546766193175,True,False,128 calibration sequences; not held-out documents,65408,3548160,1.1273448773448773e-05,same frozen seed0 calibration sequences as finite effect,all FourOverSix; causal-per-token activation,"BF16 forward, FP32 log_softmax, FP64 paired sequence summaries",research_runs/mixfp4_n16k64_full_validation_20260911T065444Z/runs/V43_fidelity_qwen4b_attempt1/fidelity/fidelity_report.json,211dafbd55f3d33408a4de9c85fce51a0efc33849936504925be9bc11bbef2b3
qwen4b,16,random,model.layers.20.mlp.down_proj,23807,kl,False,1.2577581716133324e-06,8.911981215293593e-07,-0.0004903725625657597,0.0006760652057754809,-0.001815460365885702,0.0008347152407541827,-0.7253332346889197,False,False,128 calibration sequences; not held-out documents,65408,3548160,1.1273448773448773e-05,same frozen seed0 calibration sequences as finite effect,all FourOverSix; causal-per-token activation,"BF16 forward, FP32 log_softmax, FP64 paired sequence summaries",research_runs/mixfp4_n16k64_full_validation_20260911T065444Z/runs/V43_fidelity_qwen4b_attempt1/fidelity/fidelity_report.json,211dafbd55f3d33408a4de9c85fce51a0efc33849936504925be9bc11bbef2b3
qwen4b,16,random,model.layers.24.mlp.down_proj,13139,ce,False,3.8250435618891743e-07,1.4454471072128143e-06,0.0027004312723875046,0.0011231939694017487,0.000498971092360077,0.004901891452414932,2.404243030102669,True,True,128 calibration sequences; not held-out documents,65408,3548160,1.1273448773448773e-05,same frozen seed0 calibration sequences as finite effect,all FourOverSix; causal-per-token activation,"BF16 forward, FP32 log_softmax, FP64 paired sequence summaries",research_runs/mixfp4_n16k64_full_validation_20260911T065444Z/runs/V43_fidelity_qwen4b_attempt1/fidelity/fidelity_report.json,211dafbd55f3d33408a4de9c85fce51a0efc33849936504925be9bc11bbef2b3
qwen4b,16,random,model.layers.24.mlp.down_proj,13139,kl,False,2.6651959261769775e-07,1.1876017494259536e-06,0.00025784424280340755,0.0006851230269514188,-0.0010849968900213734,0.0016006853756281884,0.37634736048901035,True,False,128 calibration sequences; not held-out documents,65408,3548160,1.1273448773448773e-05,same frozen seed0 calibration sequences as finite effect,all FourOverSix; causal-per-token activation,"BF16 forward, FP32 log_softmax, FP64 paired sequence summaries",research_runs/mixfp4_n16k64_full_validation_20260911T065444Z/runs/V43_fidelity_qwen4b_attempt1/fidelity/fidelity_report.json,211dafbd55f3d33408a4de9c85fce51a0efc33849936504925be9bc11bbef2b3
qwen4b,16,random,model.layers.10.mlp.up_proj,12511,ce,False,-3.106232376204332e-06,1.607990378291072e-06,0.001953813130967319,0.002074396223677776,-0.0021120034674411217,0.00601962972937576,0.9418707519161066,False,False,128 calibration sequences; not held-out documents,65408,3548160,1.1273448773448773e-05,same frozen seed0 calibration sequences as finite effect,all FourOverSix; causal-per-token activation,"BF16 forward, FP32 log_softmax, FP64 paired sequence summaries",research_runs/mixfp4_n16k64_full_validation_20260911T065444Z/runs/V43_fidelity_qwen4b_attempt1/fidelity/fidelity_report.json,211dafbd55f3d33408a4de9c85fce51a0efc33849936504925be9bc11bbef2b3
qwen4b,16,random,model.layers.10.mlp.up_proj,12511,kl,False,-1.5143636953318662e-06,1.0813512974262198e-06,0.00015750596064778816,0.0008997187217956125,-0.0016059427340716123,0.0019209546553671886,0.17506133509531271,False,False,128 calibration sequences; not held-out documents,65408,3548160,1.1273448773448773e-05,same frozen seed0 calibration sequences as finite effect,all FourOverSix; causal-per-token activation,"BF16 forward, FP32 log_softmax, FP64 paired sequence summaries",research_runs/mixfp4_n16k64_full_validation_20260911T065444Z/runs/V43_fidelity_qwen4b_attempt1/fidelity/fidelity_report.json,211dafbd55f3d33408a4de9c85fce51a0efc33849936504925be9bc11bbef2b3
qwen4b,16,random,model.layers.19.mlp.up_proj,835,ce,False,-3.6291216511941116e-06,1.5403028514074433e-06,0.00198073813226074,0.0015179371917249716,-0.0009944187635202045,0.004955895028041684,1.3048880698481633,False,False,128 calibration sequences; not held-out documents,65408,3548160,1.1273448773448773e-05,same frozen seed0 calibration sequences as finite effect,all FourOverSix; causal-per-token activation,"BF16 forward, FP32 log_softmax, FP64 paired sequence summaries",research_runs/mixfp4_n16k64_full_validation_20260911T065444Z/runs/V43_fidelity_qwen4b_attempt1/fidelity/fidelity_report.json,211dafbd55f3d33408a4de9c85fce51a0efc33849936504925be9bc11bbef2b3
qwen4b,16,random,model.layers.19.mlp.up_proj,835,kl,False,4.3569984153890573e-07,7.216112614007989e-07,0.00044011957636365374,0.0008376871340946041,-0.0012017472064617702,0.002081986359189078,0.525398515090419,True,False,128 calibration sequences; not held-out documents,65408,3548160,1.1273448773448773e-05,same frozen seed0 calibration sequences as finite effect,all FourOverSix; causal-per-token activation,"BF16 forward, FP32 log_softmax, FP64 paired sequence summaries",research_runs/mixfp4_n16k64_full_validation_20260911T065444Z/runs/V43_fidelity_qwen4b_attempt1/fidelity/fidelity_report.json,211dafbd55f3d33408a4de9c85fce51a0efc33849936504925be9bc11bbef2b3
qwen4b,16,random,model.layers.22.mlp.down_proj,10401,ce,False,-1.126769962223051e-06,1.4125146606071245e-06,0.00048570288345217705,0.0013612164434682525,-0.002182281345745598,0.003153687112649952,0.35681532190035214,False,False,128 calibration sequences; not held-out documents,65408,3548160,1.1273448773448773e-05,same frozen seed0 calibration sequences as finite effect,all FourOverSix; causal-per-token activation,"BF16 forward, FP32 log_softmax, FP64 paired sequence summaries",research_runs/mixfp4_n16k64_full_validation_20260911T065444Z/runs/V43_fidelity_qwen4b_attempt1/fidelity/fidelity_report.json,211dafbd55f3d33408a4de9c85fce51a0efc33849936504925be9bc11bbef2b3
qwen4b,16,random,model.layers.22.mlp.down_proj,10401,kl,False,1.3363148083644916e-06,7.779555438889962e-07,-0.0004341801470288248,0.000603214025632068,-0.0016164796372676782,0.0007481193432100285,-0.7197779371490513,False,False,128 calibration sequences; not held-out documents,65408,3548160,1.1273448773448773e-05,same frozen seed0 calibration sequences as finite effect,all FourOverSix; causal-per-token activation,"BF16 forward, FP32 log_softmax, FP64 paired sequence summaries",research_runs/mixfp4_n16k64_full_validation_20260911T065444Z/runs/V43_fidelity_qwen4b_attempt1/fidelity/fidelity_report.json,211dafbd55f3d33408a4de9c85fce51a0efc33849936504925be9bc11bbef2b3
qwen4b,16,random,model.layers.17.mlp.down_proj,17223,ce,False,5.336209181194818e-07,1.7237747733281348e-06,0.0010465487139299512,0.0015536777032268013,-0.0019986595843945795,0.004091757012254482,0.6735944731371222,True,False,128 calibration sequences; not held-out documents,65408,3548160,1.1273448773448773e-05,same frozen seed0 calibration sequences as finite effect,all FourOverSix; causal-per-token activation,"BF16 forward, FP32 log_softmax, FP64 paired sequence summaries",research_runs/mixfp4_n16k64_full_validation_20260911T065444Z/runs/V43_fidelity_qwen4b_attempt1/fidelity/fidelity_report.json,211dafbd55f3d33408a4de9c85fce51a0efc33849936504925be9bc11bbef2b3
qwen4b,16,random,model.layers.17.mlp.down_proj,17223,kl,False,-7.977018730009888e-07,9.61006154518433e-07,-0.0005568885044225443,0.0007850646686050305,-0.002095615254888404,0.0009818382460433156,-0.7093536707136127,True,False,128 calibration sequences; not held-out documents,65408,3548160,1.1273448773448773e-05,same frozen seed0 calibration sequences as finite effect,all FourOverSix; causal-per-token activation,"BF16 forward, FP32 log_softmax, FP64 paired sequence summaries",research_runs/mixfp4_n16k64_full_validation_20260911T065444Z/runs/V43_fidelity_qwen4b_attempt1/fidelity/fidelity_report.json,211dafbd55f3d33408a4de9c85fce51a0efc33849936504925be9bc11bbef2b3
qwen4b,16,random,model.layers.28.mlp.down_proj,25,ce,False,1.4831513600377377e-05,3.6068705121096445e-06,0.0003964068600907922,0.0008938204471769796,-0.0013554812163760878,0.002148294936557672,0.4434971938075413,True,False,128 calibration sequences; not held-out documents,65408,3548160,1.1273448773448773e-05,same frozen seed0 calibration sequences as finite effect,all FourOverSix; causal-per-token activation,"BF16 forward, FP32 log_softmax, FP64 paired sequence summaries",research_runs/mixfp4_n16k64_full_validation_20260911T065444Z/runs/V43_fidelity_qwen4b_attempt1/fidelity/fidelity_report.json,211dafbd55f3d33408a4de9c85fce51a0efc33849936504925be9bc11bbef2b3
qwen4b,16,random,model.layers.28.mlp.down_proj,25,kl,False,1.7293524841033303e-06,8.663477069001034e-07,0.00011102456427851442,0.00045525382154208623,-0.0007812729259439747,0.0010033220545010034,0.24387398638948202,True,False,128 calibration sequences; not held-out documents,65408,3548160,1.1273448773448773e-05,same frozen seed0 calibration sequences as finite effect,all FourOverSix; causal-per-token activation,"BF16 forward, FP32 log_softmax, FP64 paired sequence summaries",research_runs/mixfp4_n16k64_full_validation_20260911T065444Z/runs/V43_fidelity_qwen4b_attempt1/fidelity/fidelity_report.json,211dafbd55f3d33408a4de9c85fce51a0efc33849936504925be9bc11bbef2b3
qwen4b,16,random,model.layers.35.self_attn.o_proj,7769,ce,False,1.527568562531556e-06,6.00109970371119e-07,-2.1181069314479828e-05,4.278177440997945e-05,-0.00010503334715803955,6.267120852907989e-05,-0.4950956244007272,False,False,128 calibration sequences; not held-out documents,65408,3548160,1.1273448773448773e-05,same frozen seed0 calibration sequences as finite effect,all FourOverSix; causal-per-token activation,"BF16 forward, FP32 log_softmax, FP64 paired sequence summaries",research_runs/mixfp4_n16k64_full_validation_20260911T065444Z/runs/V43_fidelity_qwen4b_attempt1/fidelity/fidelity_report.json,211dafbd55f3d33408a4de9c85fce51a0efc33849936504925be9bc11bbef2b3
qwen4b,16,random,model.layers.35.self_attn.o_proj,7769,kl,False,3.169782492040696e-08,2.998854347126971e-07,-7.84857225251127e-06,1.4797344973719146e-05,-3.6851368401000796e-05,2.1154223895978256e-05,-0.5304040871150022,False,False,128 calibration sequences; not held-out documents,65408,3548160,1.1273448773448773e-05,same frozen seed0 calibration sequences as finite effect,all FourOverSix; causal-per-token activation,"BF16 forward, FP32 log_softmax, FP64 paired sequence summaries",research_runs/mixfp4_n16k64_full_validation_20260911T065444Z/runs/V43_fidelity_qwen4b_attempt1/fidelity/fidelity_report.json,211dafbd55f3d33408a4de9c85fce51a0efc33849936504925be9bc11bbef2b3
qwen4b,16,random,model.layers.1.mlp.up_proj,1465,ce,False,-1.994666845028803e-07,1.2918974952931117e-06,-0.0007695163367316127,0.0023065910823965525,-0.005290434858228855,0.00375140218476563,-0.33361628014796785,True,False,128 calibration sequences; not held-out documents,65408,3548160,1.1273448773448773e-05,same frozen seed0 calibration sequences as finite effect,all FourOverSix; causal-per-token activation,"BF16 forward, FP32 log_softmax, FP64 paired sequence summaries",research_runs/mixfp4_n16k64_full_validation_20260911T065444Z/runs/V43_fidelity_qwen4b_attempt1/fidelity/fidelity_report.json,211dafbd55f3d33408a4de9c85fce51a0efc33849936504925be9bc11bbef2b3
qwen4b,16,random,model.layers.1.mlp.up_proj,1465,kl,False,-8.314669814879494e-07,8.653037954677935e-07,-0.0010907530190010868,0.0012914544631186479,-0.0036220037667136365,0.0014404977287114631,-0.8445927054734084,True,False,128 calibration sequences; not held-out documents,65408,3548160,1.1273448773448773e-05,same frozen seed0 calibration sequences as finite effect,all FourOverSix; causal-per-token activation,"BF16 forward, FP32 log_softmax, FP64 paired sequence summaries",research_runs/mixfp4_n16k64_full_validation_20260911T065444Z/runs/V43_fidelity_qwen4b_attempt1/fidelity/fidelity_report.json,211dafbd55f3d33408a4de9c85fce51a0efc33849936504925be9bc11bbef2b3
qwen4b,16,random,model.layers.29.mlp.down_proj,23577,ce,False,3.1681461547528045e-06,1.7136448541971788e-06,0.0010266558965668082,0.0007944297453409861,-0.0005304264043015246,0.002583738197435141,1.292318046482695,True,False,128 calibration sequences; not held-out documents,65408,3548160,1.1273448773448773e-05,same frozen seed0 calibration sequences as finite effect,all FourOverSix; causal-per-token activation,"BF16 forward, FP32 log_softmax, FP64 paired sequence summaries",research_runs/mixfp4_n16k64_full_validation_20260911T065444Z/runs/V43_fidelity_qwen4b_attempt1/fidelity/fidelity_report.json,211dafbd55f3d33408a4de9c85fce51a0efc33849936504925be9bc11bbef2b3
qwen4b,16,random,model.layers.29.mlp.down_proj,23577,kl,False,-6.583223902678625e-07,9.724973191865022e-07,0.0003167467491879775,0.00043422243854237034,-0.0005343292303550683,0.0011678227287310232,0.7294573496737207,False,False,128 calibration sequences; not held-out documents,65408,3548160,1.1273448773448773e-05,same frozen seed0 calibration sequences as finite effect,all FourOverSix; causal-per-token activation,"BF16 forward, FP32 log_softmax, FP64 paired sequence summaries",research_runs/mixfp4_n16k64_full_validation_20260911T065444Z/runs/V43_fidelity_qwen4b_attempt1/fidelity/fidelity_report.json,211dafbd55f3d33408a4de9c85fce51a0efc33849936504925be9bc11bbef2b3
qwen4b,16,random,model.layers.11.mlp.up_proj,16971,ce,False,-1.514997152174402e-07,1.7603214507989598e-06,5.4360716603696346e-05,0.0016903734003578285,-0.0032587711480976476,0.0033674925813050403,0.03215899906623527,False,False,128 calibration sequences; not held-out documents,65408,3548160,1.1273448773448773e-05,same frozen seed0 calibration sequences as finite effect,all FourOverSix; causal-per-token activation,"BF16 forward, FP32 log_softmax, FP64 paired sequence summaries",research_runs/mixfp4_n16k64_full_validation_20260911T065444Z/runs/V43_fidelity_qwen4b_attempt1/fidelity/fidelity_report.json,211dafbd55f3d33408a4de9c85fce51a0efc33849936504925be9bc11bbef2b3
qwen4b,16,random,model.layers.11.mlp.up_proj,16971,kl,False,9.673627445749844e-07,1.0224127002963424e-06,-8.353415866061559e-05,0.0008736553183563004,-0.0017958985826389644,0.0016288302653177332,-0.09561454832985757,False,False,128 calibration sequences; not held-out documents,65408,3548160,1.1273448773448773e-05,same frozen seed0 calibration sequences as finite effect,all FourOverSix; causal-per-token activation,"BF16 forward, FP32 log_softmax, FP64 paired sequence summaries",research_runs/mixfp4_n16k64_full_validation_20260911T065444Z/runs/V43_fidelity_qwen4b_attempt1/fidelity/fidelity_report.json,211dafbd55f3d33408a4de9c85fce51a0efc33849936504925be9bc11bbef2b3
qwen4b,16,random,model.layers.6.self_attn.v_proj,228,ce,False,-2.891294545115386e-06,2.168202913908106e-06,0.0016710811760276556,0.0021829553750467735,-0.0026075113590640206,0.005949673711119332,0.7655132098116526,False,False,128 calibration sequences; not held-out documents,65408,3548160,1.1273448773448773e-05,same frozen seed0 calibration sequences as finite effect,all FourOverSix; causal-per-token activation,"BF16 forward, FP32 log_softmax, FP64 paired sequence summaries",research_runs/mixfp4_n16k64_full_validation_20260911T065444Z/runs/V43_fidelity_qwen4b_attempt1/fidelity/fidelity_report.json,211dafbd55f3d33408a4de9c85fce51a0efc33849936504925be9bc11bbef2b3
qwen4b,16,random,model.layers.6.self_attn.v_proj,228,kl,False,-2.548381155875745e-06,1.562035565704548e-06,0.0002461805111154329,0.0010063813476664993,-0.0017263269303109058,0.0022186879525417716,0.24461950898260654,False,False,128 calibration sequences; not held-out documents,65408,3548160,1.1273448773448773e-05,same frozen seed0 calibration sequences as finite effect,all FourOverSix; causal-per-token activation,"BF16 forward, FP32 log_softmax, FP64 paired sequence summaries",research_runs/mixfp4_n16k64_full_validation_20260911T065444Z/runs/V43_fidelity_qwen4b_attempt1/fidelity/fidelity_report.json,211dafbd55f3d33408a4de9c85fce51a0efc33849936504925be9bc11bbef2b3
qwen4b,16,random,model.layers.30.mlp.gate_proj,23169,ce,False,-2.165335770798471e-06,1.3214201370448661e-06,0.0005626801867038012,0.0006685112979699539,-0.0007476019573173086,0.001872962330724911,0.8416913646971613,False,False,128 calibration sequences; not held-out documents,65408,3548160,1.1273448773448773e-05,same frozen seed0 calibration sequences as finite effect,all FourOverSix; causal-per-token activation,"BF16 forward, FP32 log_softmax, FP64 paired sequence summaries",research_runs/mixfp4_n16k64_full_validation_20260911T065444Z/runs/V43_fidelity_qwen4b_attempt1/fidelity/fidelity_report.json,211dafbd55f3d33408a4de9c85fce51a0efc33849936504925be9bc11bbef2b3
qwen4b,16,random,model.layers.30.mlp.gate_proj,23169,kl,False,-1.7423877937683407e-06,1.011195949708272e-06,3.004699832671496e-05,0.00031432935903358955,-0.0005860385453791205,0.0006461325420325505,0.09559081092232338,False,False,128 calibration sequences; not held-out documents,65408,3548160,1.1273448773448773e-05,same frozen seed0 calibration sequences as finite effect,all FourOverSix; causal-per-token activation,"BF16 forward, FP32 log_softmax, FP64 paired sequence summaries",research_runs/mixfp4_n16k64_full_validation_20260911T065444Z/runs/V43_fidelity_qwen4b_attempt1/fidelity/fidelity_report.json,211dafbd55f3d33408a4de9c85fce51a0efc33849936504925be9bc11bbef2b3
qwen4b,16,random,model.layers.34.mlp.up_proj,15749,ce,False,-1.1551203438209257e-07,5.308151368328831e-07,-0.00013603479601442814,0.0002933855739874907,-0.0007110705210299099,0.00043900092900105365,-0.46367240953786076,True,False,128 calibration sequences; not held-out documents,65408,3548160,1.1273448773448773e-05,same frozen seed0 calibration sequences as finite effect,all FourOverSix; causal-per-token activation,"BF16 forward, FP32 log_softmax, FP64 paired sequence summaries",research_runs/mixfp4_n16k64_full_validation_20260911T065444Z/runs/V43_fidelity_qwen4b_attempt1/fidelity/fidelity_report.json,211dafbd55f3d33408a4de9c85fce51a0efc33849936504925be9bc11bbef2b3
qwen4b,16,random,model.layers.34.mlp.up_proj,15749,kl,False,-7.240408961273204e-08,3.0940626766223643e-07,-0.00010365999050274569,8.946899719687322e-05,-0.0002790192250086172,7.16992440031258e-05,-1.1586135281548504,True,False,128 calibration sequences; not held-out documents,65408,3548160,1.1273448773448773e-05,same frozen seed0 calibration sequences as finite effect,all FourOverSix; causal-per-token activation,"BF16 forward, FP32 log_softmax, FP64 paired sequence summaries",research_runs/mixfp4_n16k64_full_validation_20260911T065444Z/runs/V43_fidelity_qwen4b_attempt1/fidelity/fidelity_report.json,211dafbd55f3d33408a4de9c85fce51a0efc33849936504925be9bc11bbef2b3
qwen4b,16,random,model.layers.6.mlp.gate_proj,14147,ce,False,8.302550371652728e-07,1.4171737256419839e-06,0.001754513243213296,0.0021597552350095563,-0.0024786070174054346,0.0059876335038320265,0.8123667046953739,True,False,128 calibration sequences; not held-out documents,65408,3548160,1.1273448773448773e-05,same frozen seed0 calibration sequences as finite effect,all FourOverSix; causal-per-token activation,"BF16 forward, FP32 log_softmax, FP64 paired sequence summaries",research_runs/mixfp4_n16k64_full_validation_20260911T065444Z/runs/V43_fidelity_qwen4b_attempt1/fidelity/fidelity_report.json,211dafbd55f3d33408a4de9c85fce51a0efc33849936504925be9bc11bbef2b3
qwen4b,16,random,model.layers.6.mlp.gate_proj,14147,kl,False,-6.785848860602073e-07,9.178841162139567e-07,-0.0006539393725117006,0.0009682578388029336,-0.0025517247365654506,0.0012438459915420494,-0.6753773078875066,True,False,128 calibration sequences; not held-out documents,65408,3548160,1.1273448773448773e-05,same frozen seed0 calibration sequences as finite effect,all FourOverSix; causal-per-token activation,"BF16 forward, FP32 log_softmax, FP64 paired sequence summaries",research_runs/mixfp4_n16k64_full_validation_20260911T065444Z/runs/V43_fidelity_qwen4b_attempt1/fidelity/fidelity_report.json,211dafbd55f3d33408a4de9c85fce51a0efc33849936504925be9bc11bbef2b3
qwen4b,16,random,model.layers.25.mlp.up_proj,18907,ce,False,-1.0832780392711072e-06,1.1880705191594275e-06,0.0013450979022309184,0.00113958731416154,-0.0008884932335256998,0.0035786890379875366,1.1803377288563313,False,False,128 calibration sequences; not held-out documents,65408,3548160,1.1273448773448773e-05,same frozen seed0 calibration sequences as finite effect,all FourOverSix; causal-per-token activation,"BF16 forward, FP32 log_softmax, FP64 paired sequence summaries",research_runs/mixfp4_n16k64_full_validation_20260911T065444Z/runs/V43_fidelity_qwen4b_attempt1/fidelity/fidelity_report.json,211dafbd55f3d33408a4de9c85fce51a0efc33849936504925be9bc11bbef2b3
qwen4b,16,random,model.layers.25.mlp.up_proj,18907,kl,False,-5.019213641377362e-07,9.65648378873631e-07,-0.0006394501496378756,0.0005433015252017839,-0.001704321139033372,0.0004254208397576208,-1.1769710188101934,True,False,128 calibration sequences; not held-out documents,65408,3548160,1.1273448773448773e-05,same frozen seed0 calibration sequences as finite effect,all FourOverSix; causal-per-token activation,"BF16 forward, FP32 log_softmax, FP64 paired sequence summaries",research_runs/mixfp4_n16k64_full_validation_20260911T065444Z/runs/V43_fidelity_qwen4b_attempt1/fidelity/fidelity_report.json,211dafbd55f3d33408a4de9c85fce51a0efc33849936504925be9bc11bbef2b3
qwen4b,16,random,model.layers.35.mlp.down_proj,22681,ce,False,9.776106142389551e-07,7.833970846277388e-07,3.02604166790843e-05,1.5647582077785045e-05,-4.088441933743851e-07,6.092967755154299e-05,1.9338717335789006,True,False,128 calibration sequences; not held-out documents,65408,3548160,1.1273448773448773e-05,same frozen seed0 calibration sequences as finite effect,all FourOverSix; causal-per-token activation,"BF16 forward, FP32 log_softmax, FP64 paired sequence summaries",research_runs/mixfp4_n16k64_full_validation_20260911T065444Z/runs/V43_fidelity_qwen4b_attempt1/fidelity/fidelity_report.json,211dafbd55f3d33408a4de9c85fce51a0efc33849936504925be9bc11bbef2b3
qwen4b,16,random,model.layers.35.mlp.down_proj,22681,kl,False,1.0341554101955808e-07,3.540630804457838e-07,1.5464472094498937e-06,4.589317687212986e-06,-7.4486154574875596e-06,1.0541509876387347e-05,0.3369666941468645,True,False,128 calibration sequences; not held-out documents,65408,3548160,1.1273448773448773e-05,same frozen seed0 calibration sequences as finite effect,all FourOverSix; causal-per-token activation,"BF16 forward, FP32 log_softmax, FP64 paired sequence summaries",research_runs/mixfp4_n16k64_full_validation_20260911T065444Z/runs/V43_fidelity_qwen4b_attempt1/fidelity/fidelity_report.json,211dafbd55f3d33408a4de9c85fce51a0efc33849936504925be9bc11bbef2b3
qwen4b,16,random,model.layers.30.self_attn.q_proj,1014,ce,False,4.3089010337560296e-07,4.6333878580283763e-07,0.00029524671845138073,0.0006611889547794472,-0.0010006836329163357,0.0015911770698190972,0.4465390964521877,True,False,128 calibration sequences; not held-out documents,65408,3548160,1.1273448773448773e-05,same frozen seed0 calibration sequences as finite effect,all FourOverSix; causal-per-token activation,"BF16 forward, FP32 log_softmax, FP64 paired sequence summaries",research_runs/mixfp4_n16k64_full_validation_20260911T065444Z/runs/V43_fidelity_qwen4b_attempt1/fidelity/fidelity_report.json,211dafbd55f3d33408a4de9c85fce51a0efc33849936504925be9bc11bbef2b3
qwen4b,16,random,model.layers.30.self_attn.q_proj,1014,kl,False,9.308589224432673e-08,2.6322371080171473e-07,-7.720062621649715e-05,0.0003296225506486353,-0.0007232608254878223,0.0005688595730548281,-0.23420917672222608,False,False,128 calibration sequences; not held-out documents,65408,3548160,1.1273448773448773e-05,same frozen seed0 calibration sequences as finite effect,all FourOverSix; causal-per-token activation,"BF16 forward, FP32 log_softmax, FP64 paired sequence summaries",research_runs/mixfp4_n16k64_full_validation_20260911T065444Z/runs/V43_fidelity_qwen4b_attempt1/fidelity/fidelity_report.json,211dafbd55f3d33408a4de9c85fce51a0efc33849936504925be9bc11bbef2b3
mistral7b,16,selected,model.layers.18.mlp.up_proj,94,ce,False,-1.390503465259485e-06,4.326001492512241e-07,0.0002811624435707927,0.00046952651993776537,-0.0006391095355072274,0.0012014344226488128,0.5988212201689057,False,False,128 calibration sequences; not held-out documents,65408,4179,0.00957166786312515,same frozen seed0 calibration sequences as finite effect,all FourOverSix; causal-per-token activation,"BF16 forward, FP32 log_softmax, FP64 paired sequence summaries",research_runs/mixfp4_n16k64_full_validation_20260911T065444Z/runs/V43_fidelity_mistral7b_attempt1/fidelity/fidelity_report.json,129ad7a5e54dbe371b7411970b39ee2e28ea06618892632dec7b66c62a0d920e
mistral7b,16,selected,model.layers.18.mlp.up_proj,94,kl,False,-3.564991008786489e-07,1.0948008932976311e-07,6.828564905188833e-05,0.00019325076037549397,-0.0003104858412840799,0.0004470571393878565,0.35335255043347086,False,False,128 calibration sequences; not held-out documents,65408,4179,0.00957166786312515,same frozen seed0 calibration sequences as finite effect,all FourOverSix; causal-per-token activation,"BF16 forward, FP32 log_softmax, FP64 paired sequence summaries",research_runs/mixfp4_n16k64_full_validation_20260911T065444Z/runs/V43_fidelity_mistral7b_attempt1/fidelity/fidelity_report.json,129ad7a5e54dbe371b7411970b39ee2e28ea06618892632dec7b66c62a0d920e
mistral7b,16,selected,model.layers.30.self_attn.o_proj,6972,ce,False,-6.775865265540304e-07,2.0973977261125205e-07,-4.923890810459852e-05,0.00016937811207940365,-0.0003812200077802297,0.00028274219157103264,-0.2907040791759183,True,False,128 calibration sequences; not held-out documents,65408,4179,0.00957166786312515,same frozen seed0 calibration sequences as finite effect,all FourOverSix; causal-per-token activation,"BF16 forward, FP32 log_softmax, FP64 paired sequence summaries",research_runs/mixfp4_n16k64_full_validation_20260911T065444Z/runs/V43_fidelity_mistral7b_attempt1/fidelity/fidelity_report.json,129ad7a5e54dbe371b7411970b39ee2e28ea06618892632dec7b66c62a0d920e
mistral7b,16,selected,model.layers.30.self_attn.o_proj,6972,kl,False,-2.3872698905191836e-07,6.976445459035501e-08,3.8268941572816426e-05,3.0269847404496855e-05,-2.1059959339997412e-05,9.759784248563027e-05,1.264259481107633,False,False,128 calibration sequences; not held-out documents,65408,4179,0.00957166786312515,same frozen seed0 calibration sequences as finite effect,all FourOverSix; causal-per-token activation,"BF16 forward, FP32 log_softmax, FP64 paired sequence summaries",research_runs/mixfp4_n16k64_full_validation_20260911T065444Z/runs/V43_fidelity_mistral7b_attempt1/fidelity/fidelity_report.json,129ad7a5e54dbe371b7411970b39ee2e28ea06618892632dec7b66c62a0d920e
mistral7b,16,selected,model.layers.30.mlp.gate_proj,47776,ce,False,-1.3219551391330242e-06,3.909643485791599e-07,0.0001511265290901065,0.00016945042034933303,-0.00018099629479458626,0.00048324935297479923,0.8918628161473389,False,False,128 calibration sequences; not held-out documents,65408,4179,0.00957166786312515,same frozen seed0 calibration sequences as finite effect,all FourOverSix; causal-per-token activation,"BF16 forward, FP32 log_softmax, FP64 paired sequence summaries",research_runs/mixfp4_n16k64_full_validation_20260911T065444Z/runs/V43_fidelity_mistral7b_attempt1/fidelity/fidelity_report.json,129ad7a5e54dbe371b7411970b39ee2e28ea06618892632dec7b66c62a0d920e
mistral7b,16,selected,model.layers.30.mlp.gate_proj,47776,kl,False,-9.420961690487228e-07,1.015847813595729e-07,-5.423629982619801e-06,3.514962457162247e-05,-7.431689414299983e-05,6.346963417776023e-05,-0.1543012208158402,True,False,128 calibration sequences; not held-out documents,65408,4179,0.00957166786312515,same frozen seed0 calibration sequences as finite effect,all FourOverSix; causal-per-token activation,"BF16 forward, FP32 log_softmax, FP64 paired sequence summaries",research_runs/mixfp4_n16k64_full_validation_20260911T065444Z/runs/V43_fidelity_mistral7b_attempt1/fidelity/fidelity_report.json,129ad7a5e54dbe371b7411970b39ee2e28ea06618892632dec7b66c62a0d920e
mistral7b,16,selected,model.layers.1.self_attn.q_proj,13492,ce,False,-6.72272066487567e-07,1.8437515345742557e-07,-0.0003337855450809002,0.0008876493080002468,-0.0020735781887613837,0.0014060070985995835,-0.3760331271286333,True,False,128 calibration sequences; not held-out documents,65408,4179,0.00957166786312515,same frozen seed0 calibration sequences as finite effect,all FourOverSix; causal-per-token activation,"BF16 forward, FP32 log_softmax, FP64 paired sequence summaries",research_runs/mixfp4_n16k64_full_validation_20260911T065444Z/runs/V43_fidelity_mistral7b_attempt1/fidelity/fidelity_report.json,129ad7a5e54dbe371b7411970b39ee2e28ea06618892632dec7b66c62a0d920e
mistral7b,16,selected,model.layers.1.self_attn.q_proj,13492,kl,False,-8.465832855020228e-07,1.1934392656346504e-07,5.4057550004033624e-05,0.0003000521913176246,-0.0005340447449785105,0.0006421598449865779,0.18016049063547823,False,False,128 calibration sequences; not held-out documents,65408,4179,0.00957166786312515,same frozen seed0 calibration sequences as finite effect,all FourOverSix; causal-per-token activation,"BF16 forward, FP32 log_softmax, FP64 paired sequence summaries",research_runs/mixfp4_n16k64_full_validation_20260911T065444Z/runs/V43_fidelity_mistral7b_attempt1/fidelity/fidelity_report.json,129ad7a5e54dbe371b7411970b39ee2e28ea06618892632dec7b66c62a0d920e
mistral7b,16,selected,model.layers.30.self_attn.v_proj,2023,ce,False,-1.7360531756605013e-06,5.422874451764264e-07,-0.00016587437130510807,0.00021024816306459247,-0.0005779607709117092,0.00024621202830149314,-0.788945638750471,True,False,128 calibration sequences; not held-out documents,65408,4179,0.00957166786312515,same frozen seed0 calibration sequences as finite effect,all FourOverSix; causal-per-token activation,"BF16 forward, FP32 log_softmax, FP64 paired sequence summaries",research_runs/mixfp4_n16k64_full_validation_20260911T065444Z/runs/V43_fidelity_mistral7b_attempt1/fidelity/fidelity_report.json,129ad7a5e54dbe371b7411970b39ee2e28ea06618892632dec7b66c62a0d920e
mistral7b,16,selected,model.layers.30.self_attn.v_proj,2023,kl,False,-8.918165494420371e-07,1.488380392252986e-07,-0.00011738199673084454,5.6984797156227064e-05,-0.00022907219915704958,-5.691794304639501e-06,-2.05988268079704,True,True,128 calibration sequences; not held-out documents,65408,4179,0.00957166786312515,same frozen seed0 calibration sequences as finite effect,all FourOverSix; causal-per-token activation,"BF16 forward, FP32 log_softmax, FP64 paired sequence summaries",research_runs/mixfp4_n16k64_full_validation_20260911T065444Z/runs/V43_fidelity_mistral7b_attempt1/fidelity/fidelity_report.json,129ad7a5e54dbe371b7411970b39ee2e28ea06618892632dec7b66c62a0d920e
mistral7b,16,selected,model.layers.12.mlp.gate_proj,19221,ce,False,-7.703612817655525e-07,2.549624192474908e-07,-0.000734557630494237,0.0006921222526305712,-0.0020911172456501564,0.0006220019846616825,-1.061311968662155,True,False,128 calibration sequences; not held-out documents,65408,4179,0.00957166786312515,same frozen seed0 calibration sequences as finite effect,all FourOverSix; causal-per-token activation,"BF16 forward, FP32 log_softmax, FP64 paired sequence summaries",research_runs/mixfp4_n16k64_full_validation_20260911T065444Z/runs/V43_fidelity_mistral7b_attempt1/fidelity/fidelity_report.json,129ad7a5e54dbe371b7411970b39ee2e28ea06618892632dec7b66c62a0d920e
mistral7b,16,selected,model.layers.12.mlp.gate_proj,19221,kl,False,-2.574207411121243e-07,8.535143228548495e-08,-0.00042877906783180626,0.00020268081727508913,-0.000826033469690981,-3.152466597263154e-05,-2.115538478660487,True,True,128 calibration sequences; not held-out documents,65408,4179,0.00957166786312515,same frozen seed0 calibration sequences as finite effect,all FourOverSix; causal-per-token activation,"BF16 forward, FP32 log_softmax, FP64 paired sequence summaries",research_runs/mixfp4_n16k64_full_validation_20260911T065444Z/runs/V43_fidelity_mistral7b_attempt1/fidelity/fidelity_report.json,129ad7a5e54dbe371b7411970b39ee2e28ea06618892632dec7b66c62a0d920e
mistral7b,16,selected,model.layers.14.self_attn.o_proj,2074,ce,False,-4.6971901457304455e-06,1.489966262282215e-06,-6.344157736748457e-05,0.0005952125113779164,-0.0012300580996682006,0.0011031749449332314,-0.10658643115652489,True,False,128 calibration sequences; not held-out documents,65408,4179,0.00957166786312515,same frozen seed0 calibration sequences as finite effect,all FourOverSix; causal-per-token activation,"BF16 forward, FP32 log_softmax, FP64 paired sequence summaries",research_runs/mixfp4_n16k64_full_validation_20260911T065444Z/runs/V43_fidelity_mistral7b_attempt1/fidelity/fidelity_report.json,129ad7a5e54dbe371b7411970b39ee2e28ea06618892632dec7b66c62a0d920e
mistral7b,16,selected,model.layers.14.self_attn.o_proj,2074,kl,False,-9.376498736335392e-07,3.0606222537007044e-07,-0.00044451347000054955,0.0001972307132910292,-0.0008310856680509668,-5.794127195013233e-05,-2.2537740830690782,True,True,128 calibration sequences; not held-out documents,65408,4179,0.00957166786312515,same frozen seed0 calibration sequences as finite effect,all FourOverSix; causal-per-token activation,"BF16 forward, FP32 log_softmax, FP64 paired sequence summaries",research_runs/mixfp4_n16k64_full_validation_20260911T065444Z/runs/V43_fidelity_mistral7b_attempt1/fidelity/fidelity_report.json,129ad7a5e54dbe371b7411970b39ee2e28ea06618892632dec7b66c62a0d920e
mistral7b,16,selected,model.layers.1.mlp.gate_proj,18423,ce,False,-3.3595805162267567e-06,5.830549967720326e-07,9.994220454245806e-05,0.000864547875265131,-0.0015945716309771986,0.0017944560400621147,0.11560054382391348,False,False,128 calibration sequences; not held-out documents,65408,4179,0.00957166786312515,same frozen seed0 calibration sequences as finite effect,all FourOverSix; causal-per-token activation,"BF16 forward, FP32 log_softmax, FP64 paired sequence summaries",research_runs/mixfp4_n16k64_full_validation_20260911T065444Z/runs/V43_fidelity_mistral7b_attempt1/fidelity/fidelity_report.json,129ad7a5e54dbe371b7411970b39ee2e28ea06618892632dec7b66c62a0d920e
mistral7b,16,selected,model.layers.1.mlp.gate_proj,18423,kl,False,-4.328505339601385e-06,3.535164125892547e-07,-0.0003400745891217653,0.00023307095040996074,-0.0007968936519252884,0.00011674447368175772,-1.4591032838866889,True,False,128 calibration sequences; not held-out documents,65408,4179,0.00957166786312515,same frozen seed0 calibration sequences as finite effect,all FourOverSix; causal-per-token activation,"BF16 forward, FP32 log_softmax, FP64 paired sequence summaries",research_runs/mixfp4_n16k64_full_validation_20260911T065444Z/runs/V43_fidelity_mistral7b_attempt1/fidelity/fidelity_report.json,129ad7a5e54dbe371b7411970b39ee2e28ea06618892632dec7b66c62a0d920e
mistral7b,16,selected,model.layers.31.self_attn.o_proj,10054,ce,False,-2.5010492381571936e-06,3.6718479620931933e-07,1.7273006960749626e-05,2.9133935840352867e-05,-3.9829507286341996e-05,7.437552120784124e-05,0.5928827143507712,False,False,128 calibration sequences; not held-out documents,65408,4179,0.00957166786312515,same frozen seed0 calibration sequences as finite effect,all FourOverSix; causal-per-token activation,"BF16 forward, FP32 log_softmax, FP64 paired sequence summaries",research_runs/mixfp4_n16k64_full_validation_20260911T065444Z/runs/V43_fidelity_mistral7b_attempt1/fidelity/fidelity_report.json,129ad7a5e54dbe371b7411970b39ee2e28ea06618892632dec7b66c62a0d920e
mistral7b,16,selected,model.layers.31.self_attn.o_proj,10054,kl,False,-2.790982274070153e-06,1.574845421036731e-07,-1.821262237370106e-06,5.583833155994126e-06,-1.2765575223118592e-05,9.12305074837838e-06,-0.32616702299119016,True,False,128 calibration sequences; not held-out documents,65408,4179,0.00957166786312515,same frozen seed0 calibration sequences as finite effect,all FourOverSix; causal-per-token activation,"BF16 forward, FP32 log_softmax, FP64 paired sequence summaries",research_runs/mixfp4_n16k64_full_validation_20260911T065444Z/runs/V43_fidelity_mistral7b_attempt1/fidelity/fidelity_report.json,129ad7a5e54dbe371b7411970b39ee2e28ea06618892632dec7b66c62a0d920e
mistral7b,16,selected,model.layers.1.mlp.up_proj,20469,ce,False,-2.3228578995837523e-06,5.491563985508854e-07,-0.0002908492460846901,0.000943959057786573,-0.0021410089993463732,0.001559310507176993,-0.3081163782322119,True,False,128 calibration sequences; not held-out documents,65408,4179,0.00957166786312515,same frozen seed0 calibration sequences as finite effect,all FourOverSix; causal-per-token activation,"BF16 forward, FP32 log_softmax, FP64 paired sequence summaries",research_runs/mixfp4_n16k64_full_validation_20260911T065444Z/runs/V43_fidelity_mistral7b_attempt1/fidelity/fidelity_report.json,129ad7a5e54dbe371b7411970b39ee2e28ea06618892632dec7b66c62a0d920e
mistral7b,16,selected,model.layers.1.mlp.up_proj,20469,kl,False,-2.274731081552961e-06,2.990781247203005e-07,-0.00014364967202664105,0.00028440995544400723,-0.0007010931846968952,0.00041379384064361307,-0.5050796193205757,True,False,128 calibration sequences; not held-out documents,65408,4179,0.00957166786312515,same frozen seed0 calibration sequences as finite effect,all FourOverSix; causal-per-token activation,"BF16 forward, FP32 log_softmax, FP64 paired sequence summaries",research_runs/mixfp4_n16k64_full_validation_20260911T065444Z/runs/V43_fidelity_mistral7b_attempt1/fidelity/fidelity_report.json,129ad7a5e54dbe371b7411970b39ee2e28ea06618892632dec7b66c62a0d920e
mistral7b,16,selected,model.layers.30.mlp.down_proj,55743,ce,False,-1.4481972119284592e-06,3.9633308567667294e-07,8.611555676907301e-05,0.00013321629841034447,-0.00017498838811520214,0.00034721950165334816,0.6464340909984779,False,False,128 calibration sequences; not held-out documents,65408,4179,0.00957166786312515,same frozen seed0 calibration sequences as finite effect,all FourOverSix; causal-per-token activation,"BF16 forward, FP32 log_softmax, FP64 paired sequence summaries",research_runs/mixfp4_n16k64_full_validation_20260911T065444Z/runs/V43_fidelity_mistral7b_attempt1/fidelity/fidelity_report.json,129ad7a5e54dbe371b7411970b39ee2e28ea06618892632dec7b66c62a0d920e
mistral7b,16,selected,model.layers.30.mlp.down_proj,55743,kl,False,-1.7313160392551374e-06,1.4379415397911624e-07,2.9123965494482797e-05,2.868372527499358e-05,-2.709613604450462e-05,8.534406703347022e-05,1.015348083809498,False,False,128 calibration sequences; not held-out documents,65408,4179,0.00957166786312515,same frozen seed0 calibration sequences as finite effect,all FourOverSix; causal-per-token activation,"BF16 forward, FP32 log_softmax, FP64 paired sequence summaries",research_runs/mixfp4_n16k64_full_validation_20260911T065444Z/runs/V43_fidelity_mistral7b_attempt1/fidelity/fidelity_report.json,129ad7a5e54dbe371b7411970b39ee2e28ea06618892632dec7b66c62a0d920e
mistral7b,16,selected,model.layers.30.mlp.up_proj,33267,ce,False,-1.3899140023365675e-06,4.04614652708021e-07,0.00016455608420073986,0.00015157214107082792,-0.00013252531229808283,0.00046163748069956255,1.085661804591417,False,False,128 calibration sequences; not held-out documents,65408,4179,0.00957166786312515,same frozen seed0 calibration sequences as finite effect,all FourOverSix; causal-per-token activation,"BF16 forward, FP32 log_softmax, FP64 paired sequence summaries",research_runs/mixfp4_n16k64_full_validation_20260911T065444Z/runs/V43_fidelity_mistral7b_attempt1/fidelity/fidelity_report.json,129ad7a5e54dbe371b7411970b39ee2e28ea06618892632dec7b66c62a0d920e
mistral7b,16,selected,model.layers.30.mlp.up_proj,33267,kl,False,-1.1819347959241e-06,1.0379813753616582e-07,2.7788012971706987e-06,3.308097492347994e-05,-6.205990955284998e-05,6.761751214719138e-05,0.08399998197146191,False,False,128 calibration sequences; not held-out documents,65408,4179,0.00957166786312515,same frozen seed0 calibration sequences as finite effect,all FourOverSix; causal-per-token activation,"BF16 forward, FP32 log_softmax, FP64 paired sequence summaries",research_runs/mixfp4_n16k64_full_validation_20260911T065444Z/runs/V43_fidelity_mistral7b_attempt1/fidelity/fidelity_report.json,129ad7a5e54dbe371b7411970b39ee2e28ea06618892632dec7b66c62a0d920e
mistral7b,16,selected,model.layers.30.mlp.down_proj,54172,ce,False,-1.3209898501731487e-06,3.2628933501348425e-07,0.00022110622376203537,0.00013493569132563992,-4.336773123621887e-05,0.0004855801787602896,1.6386044462353577,False,False,128 calibration sequences; not held-out documents,65408,4179,0.00957166786312515,same frozen seed0 calibration sequences as finite effect,all FourOverSix; causal-per-token activation,"BF16 forward, FP32 log_softmax, FP64 paired sequence summaries",research_runs/mixfp4_n16k64_full_validation_20260911T065444Z/runs/V43_fidelity_mistral7b_attempt1/fidelity/fidelity_report.json,129ad7a5e54dbe371b7411970b39ee2e28ea06618892632dec7b66c62a0d920e
mistral7b,16,selected,model.layers.30.mlp.down_proj,54172,kl,False,-7.582739289802021e-07,1.27298791861062e-07,-1.009776095272452e-05,2.3563020486926576e-05,-5.628128110710061e-05,3.608575920165157e-05,-0.42854272262450566,True,False,128 calibration sequences; not held-out documents,65408,4179,0.00957166786312515,same frozen seed0 calibration sequences as finite effect,all FourOverSix; causal-per-token activation,"BF16 forward, FP32 log_softmax, FP64 paired sequence summaries",research_runs/mixfp4_n16k64_full_validation_20260911T065444Z/runs/V43_fidelity_mistral7b_attempt1/fidelity/fidelity_report.json,129ad7a5e54dbe371b7411970b39ee2e28ea06618892632dec7b66c62a0d920e
mistral7b,16,selected,model.layers.0.mlp.down_proj,19191,ce,False,-1.515015996034208e-05,1.742729008353562e-06,-9.913323447108269e-05,0.0008340022170937923,-0.0017337775799749155,0.00153551111103275,-0.11886447354603868,True,False,128 calibration sequences; not held-out documents,65408,4179,0.00957166786312515,same frozen seed0 calibration sequences as finite effect,all FourOverSix; causal-per-token activation,"BF16 forward, FP32 log_softmax, FP64 paired sequence summaries",research_runs/mixfp4_n16k64_full_validation_20260911T065444Z/runs/V43_fidelity_mistral7b_attempt1/fidelity/fidelity_report.json,129ad7a5e54dbe371b7411970b39ee2e28ea06618892632dec7b66c62a0d920e
mistral7b,16,selected,model.layers.0.mlp.down_proj,19191,kl,False,-1.4687504400812124e-05,1.1995026189784646e-06,-0.0005100467781250817,0.00028482754499678997,-0.0010683087663187901,4.8215210068626555e-05,-1.7907213929426313,True,False,128 calibration sequences; not held-out documents,65408,4179,0.00957166786312515,same frozen seed0 calibration sequences as finite effect,all FourOverSix; causal-per-token activation,"BF16 forward, FP32 log_softmax, FP64 paired sequence summaries",research_runs/mixfp4_n16k64_full_validation_20260911T065444Z/runs/V43_fidelity_mistral7b_attempt1/fidelity/fidelity_report.json,129ad7a5e54dbe371b7411970b39ee2e28ea06618892632dec7b66c62a0d920e
mistral7b,16,selected,model.layers.30.mlp.down_proj,29984,ce,False,-1.8985768416523996e-05,2.459060284976736e-06,6.889028009027243e-05,0.00015083863243641173,-0.00022675343948509459,0.00036453399966563944,0.4567150933254062,False,False,128 calibration sequences; not held-out documents,65408,4179,0.00957166786312515,same frozen seed0 calibration sequences as finite effect,all FourOverSix; causal-per-token activation,"BF16 forward, FP32 log_softmax, FP64 paired sequence summaries",research_runs/mixfp4_n16k64_full_validation_20260911T065444Z/runs/V43_fidelity_mistral7b_attempt1/fidelity/fidelity_report.json,129ad7a5e54dbe371b7411970b39ee2e28ea06618892632dec7b66c62a0d920e
mistral7b,16,selected,model.layers.30.mlp.down_proj,29984,kl,False,-1.6645772221046684e-05,8.570773348802707e-07,-8.367304747707838e-05,2.8212153447314666e-05,-0.0001389688682338151,-2.8377226720341634e-05,-2.965851140478703,True,True,128 calibration sequences; not held-out documents,65408,4179,0.00957166786312515,same frozen seed0 calibration sequences as finite effect,all FourOverSix; causal-per-token activation,"BF16 forward, FP32 log_softmax, FP64 paired sequence summaries",research_runs/mixfp4_n16k64_full_validation_20260911T065444Z/runs/V43_fidelity_mistral7b_attempt1/fidelity/fidelity_report.json,129ad7a5e54dbe371b7411970b39ee2e28ea06618892632dec7b66c62a0d920e
mistral7b,16,selected,model.layers.0.mlp.down_proj,33205,ce,False,-2.019089239246874e-06,5.925711899579419e-07,0.00016961083747446537,0.0009220952220372902,-0.0016376957977186234,0.0019769174726675543,0.18394069660151235,False,False,128 calibration sequences; not held-out documents,65408,4179,0.00957166786312515,same frozen seed0 calibration sequences as finite effect,all FourOverSix; causal-per-token activation,"BF16 forward, FP32 log_softmax, FP64 paired sequence summaries",research_runs/mixfp4_n16k64_full_validation_20260911T065444Z/runs/V43_fidelity_mistral7b_attempt1/fidelity/fidelity_report.json,129ad7a5e54dbe371b7411970b39ee2e28ea06618892632dec7b66c62a0d920e
mistral7b,16,selected,model.layers.0.mlp.down_proj,33205,kl,False,-9.675048453505752e-07,2.0739221663955797e-07,-0.0005672472558244477,0.000250979112935644,-0.00105916631717831,-7.532819447058552e-05,-2.2601373046126794,True,True,128 calibration sequences; not held-out documents,65408,4179,0.00957166786312515,same frozen seed0 calibration sequences as finite effect,all FourOverSix; causal-per-token activation,"BF16 forward, FP32 log_softmax, FP64 paired sequence summaries",research_runs/mixfp4_n16k64_full_validation_20260911T065444Z/runs/V43_fidelity_mistral7b_attempt1/fidelity/fidelity_report.json,129ad7a5e54dbe371b7411970b39ee2e28ea06618892632dec7b66c62a0d920e
mistral7b,16,selected,model.layers.30.mlp.down_proj,45988,ce,False,-4.198858678083894e-06,7.208459524255362e-07,0.0002040620893239975,0.0001472778157069665,-8.460242946165686e-05,0.0004927266081096518,1.3855589067807244,False,False,128 calibration sequences; not held-out documents,65408,4179,0.00957166786312515,same frozen seed0 calibration sequences as finite effect,all FourOverSix; causal-per-token activation,"BF16 forward, FP32 log_softmax, FP64 paired sequence summaries",research_runs/mixfp4_n16k64_full_validation_20260911T065444Z/runs/V43_fidelity_mistral7b_attempt1/fidelity/fidelity_report.json,129ad7a5e54dbe371b7411970b39ee2e28ea06618892632dec7b66c62a0d920e
mistral7b,16,selected,model.layers.30.mlp.down_proj,45988,kl,False,-3.903847211855771e-06,3.79955551597942e-07,-2.7619888748657277e-05,3.0562986776917546e-05,-8.752334283141566e-05,3.228356533410111e-05,-0.9037038477377145,True,False,128 calibration sequences; not held-out documents,65408,4179,0.00957166786312515,same frozen seed0 calibration sequences as finite effect,all FourOverSix; causal-per-token activation,"BF16 forward, FP32 log_softmax, FP64 paired sequence summaries",research_runs/mixfp4_n16k64_full_validation_20260911T065444Z/runs/V43_fidelity_mistral7b_attempt1/fidelity/fidelity_report.json,129ad7a5e54dbe371b7411970b39ee2e28ea06618892632dec7b66c62a0d920e
mistral7b,16,selected,model.layers.1.self_attn.q_proj,14420,ce,False,-2.0969621039590436e-07,5.595626655776032e-08,-0.0011788568226620555,0.0008170850991388074,-0.002780343616974118,0.00042262997165000687,-1.4427589291550524,True,False,128 calibration sequences; not held-out documents,65408,4179,0.00957166786312515,same frozen seed0 calibration sequences as finite effect,all FourOverSix; causal-per-token activation,"BF16 forward, FP32 log_softmax, FP64 paired sequence summaries",research_runs/mixfp4_n16k64_full_validation_20260911T065444Z/runs/V43_fidelity_mistral7b_attempt1/fidelity/fidelity_report.json,129ad7a5e54dbe371b7411970b39ee2e28ea06618892632dec7b66c62a0d920e
mistral7b,16,selected,model.layers.1.self_attn.q_proj,14420,kl,False,-2.5274084931511953e-07,3.617805819113508e-08,-1.3044923085296601e-05,0.00027794984177940496,-0.0005578266129729303,0.0005317367668023371,-0.04693265159564189,True,False,128 calibration sequences; not held-out documents,65408,4179,0.00957166786312515,same frozen seed0 calibration sequences as finite effect,all FourOverSix; causal-per-token activation,"BF16 forward, FP32 log_softmax, FP64 paired sequence summaries",research_runs/mixfp4_n16k64_full_validation_20260911T065444Z/runs/V43_fidelity_mistral7b_attempt1/fidelity/fidelity_report.json,129ad7a5e54dbe371b7411970b39ee2e28ea06618892632dec7b66c62a0d920e
mistral7b,16,selected,model.layers.23.self_attn.o_proj,8271,ce,False,-7.807751192800971e-07,2.3792697579784024e-07,-0.0004262203583493829,0.0003802755280312405,-0.0011715603932906144,0.0003191196765918485,-1.1208198449056335,True,False,128 calibration sequences; not held-out documents,65408,4179,0.00957166786312515,same frozen seed0 calibration sequences as finite effect,all FourOverSix; causal-per-token activation,"BF16 forward, FP32 log_softmax, FP64 paired sequence summaries",research_runs/mixfp4_n16k64_full_validation_20260911T065444Z/runs/V43_fidelity_mistral7b_attempt1/fidelity/fidelity_report.json,129ad7a5e54dbe371b7411970b39ee2e28ea06618892632dec7b66c62a0d920e
mistral7b,16,selected,model.layers.23.self_attn.o_proj,8271,kl,False,-1.8420280280262435e-07,5.192191112112552e-08,-5.5838716496949204e-05,0.00011663580838961725,-0.000284444900940599,0.0001727674679467006,-0.4787441975831488,True,False,128 calibration sequences; not held-out documents,65408,4179,0.00957166786312515,same frozen seed0 calibration sequences as finite effect,all FourOverSix; causal-per-token activation,"BF16 forward, FP32 log_softmax, FP64 paired sequence summaries",research_runs/mixfp4_n16k64_full_validation_20260911T065444Z/runs/V43_fidelity_mistral7b_attempt1/fidelity/fidelity_report.json,129ad7a5e54dbe371b7411970b39ee2e28ea06618892632dec7b66c62a0d920e
mistral7b,16,selected,model.layers.1.mlp.down_proj,15367,ce,False,-2.3594200474486016e-06,6.765228243149126e-07,-0.0004098162753507495,0.000961328236704831,-0.002294019619292218,0.0014743870685907192,-0.4263021304310035,True,False,128 calibration sequences; not held-out documents,65408,4179,0.00957166786312515,same frozen seed0 calibration sequences as finite effect,all FourOverSix; causal-per-token activation,"BF16 forward, FP32 log_softmax, FP64 paired sequence summaries",research_runs/mixfp4_n16k64_full_validation_20260911T065444Z/runs/V43_fidelity_mistral7b_attempt1/fidelity/fidelity_report.json,129ad7a5e54dbe371b7411970b39ee2e28ea06618892632dec7b66c62a0d920e
mistral7b,16,selected,model.layers.1.mlp.down_proj,15367,kl,False,-1.6544454967126754e-06,2.8823887153686253e-07,-0.00015576597305130474,0.0002475519178923634,-0.000640967732120337,0.00032943578601772746,-0.6292254747104502,True,False,128 calibration sequences; not held-out documents,65408,4179,0.00957166786312515,same frozen seed0 calibration sequences as finite effect,all FourOverSix; causal-per-token activation,"BF16 forward, FP32 log_softmax, FP64 paired sequence summaries",research_runs/mixfp4_n16k64_full_validation_20260911T065444Z/runs/V43_fidelity_mistral7b_attempt1/fidelity/fidelity_report.json,129ad7a5e54dbe371b7411970b39ee2e28ea06618892632dec7b66c62a0d920e
mistral7b,16,selected,model.layers.1.self_attn.q_proj,15358,ce,False,-1.7391026037316681e-07,4.827840878242004e-08,-0.0014253410045057535,0.0008658678230632847,-0.0031224419377097914,0.0002717599286982844,-1.6461415547966123,True,False,128 calibration sequences; not held-out documents,65408,4179,0.00957166786312515,same frozen seed0 calibration sequences as finite effect,all FourOverSix; causal-per-token activation,"BF16 forward, FP32 log_softmax, FP64 paired sequence summaries",research_runs/mixfp4_n16k64_full_validation_20260911T065444Z/runs/V43_fidelity_mistral7b_attempt1/fidelity/fidelity_report.json,129ad7a5e54dbe371b7411970b39ee2e28ea06618892632dec7b66c62a0d920e
mistral7b,16,selected,model.layers.1.self_attn.q_proj,15358,kl,False,-1.717102925645475e-07,3.863567789788135e-08,-6.106348408679082e-05,0.00025156579836219724,-0.0005541324488766974,0.0004320054807031157,-0.24273364854976573,True,False,128 calibration sequences; not held-out documents,65408,4179,0.00957166786312515,same frozen seed0 calibration sequences as finite effect,all FourOverSix; causal-per-token activation,"BF16 forward, FP32 log_softmax, FP64 paired sequence summaries",research_runs/mixfp4_n16k64_full_validation_20260911T065444Z/runs/V43_fidelity_mistral7b_attempt1/fidelity/fidelity_report.json,129ad7a5e54dbe371b7411970b39ee2e28ea06618892632dec7b66c62a0d920e
mistral7b,16,selected,model.layers.1.mlp.gate_proj,34801,ce,False,-1.2768891785031045e-06,3.4636772350286355e-07,7.501582149416208e-05,0.000872653212071171,-0.001635384474165333,0.0017854161171536572,0.08596292370954342,False,False,128 calibration sequences; not held-out documents,65408,4179,0.00957166786312515,same frozen seed0 calibration sequences as finite effect,all FourOverSix; causal-per-token activation,"BF16 forward, FP32 log_softmax, FP64 paired sequence summaries",research_runs/mixfp4_n16k64_full_validation_20260911T065444Z/runs/V43_fidelity_mistral7b_attempt1/fidelity/fidelity_report.json,129ad7a5e54dbe371b7411970b39ee2e28ea06618892632dec7b66c62a0d920e
mistral7b,16,selected,model.layers.1.mlp.gate_proj,34801,kl,False,-7.296681854285225e-07,1.3107875607806348e-07,0.00011498906097797082,0.000277755293631645,-0.0004294113145400534,0.0006593894364959951,0.41399412941690905,False,False,128 calibration sequences; not held-out documents,65408,4179,0.00957166786312515,same frozen seed0 calibration sequences as finite effect,all FourOverSix; causal-per-token activation,"BF16 forward, FP32 log_softmax, FP64 paired sequence summaries",research_runs/mixfp4_n16k64_full_validation_20260911T065444Z/runs/V43_fidelity_mistral7b_attempt1/fidelity/fidelity_report.json,129ad7a5e54dbe371b7411970b39ee2e28ea06618892632dec7b66c62a0d920e
mistral7b,16,selected,model.layers.30.mlp.down_proj,48010,ce,False,-1.9947920785190476e-06,5.893561410408424e-07,0.00013810198288410902,0.00013200482660027314,-0.00012062747725242632,0.00039683144302064436,1.0461888890040272,False,False,128 calibration sequences; not held-out documents,65408,4179,0.00957166786312515,same frozen seed0 calibration sequences as finite effect,all FourOverSix; causal-per-token activation,"BF16 forward, FP32 log_softmax, FP64 paired sequence summaries",research_runs/mixfp4_n16k64_full_validation_20260911T065444Z/runs/V43_fidelity_mistral7b_attempt1/fidelity/fidelity_report.json,129ad7a5e54dbe371b7411970b39ee2e28ea06618892632dec7b66c62a0d920e
mistral7b,16,selected,model.layers.30.mlp.down_proj,48010,kl,False,-2.0846775614646873e-06,3.3175715234211157e-07,-5.866661151572849e-06,3.235797256543331e-05,-6.928828737982213e-05,5.7554965076676436e-05,-0.18130496710538538,True,False,128 calibration sequences; not held-out documents,65408,4179,0.00957166786312515,same frozen seed0 calibration sequences as finite effect,all FourOverSix; causal-per-token activation,"BF16 forward, FP32 log_softmax, FP64 paired sequence summaries",research_runs/mixfp4_n16k64_full_validation_20260911T065444Z/runs/V43_fidelity_mistral7b_attempt1/fidelity/fidelity_report.json,129ad7a5e54dbe371b7411970b39ee2e28ea06618892632dec7b66c62a0d920e
mistral7b,16,selected,model.layers.1.mlp.down_proj,30805,ce,False,-2.2725291497494027e-06,4.778801529895009e-07,-0.0007300261640921235,0.0008010282458843258,-0.002300041526025402,0.0008399891978411549,-0.9113613256997988,True,False,128 calibration sequences; not held-out documents,65408,4179,0.00957166786312515,same frozen seed0 calibration sequences as finite effect,all FourOverSix; causal-per-token activation,"BF16 forward, FP32 log_softmax, FP64 paired sequence summaries",research_runs/mixfp4_n16k64_full_validation_20260911T065444Z/runs/V43_fidelity_mistral7b_attempt1/fidelity/fidelity_report.json,129ad7a5e54dbe371b7411970b39ee2e28ea06618892632dec7b66c62a0d920e
mistral7b,16,selected,model.layers.1.mlp.down_proj,30805,kl,False,-1.3449056195380393e-06,1.917080129588087e-07,-0.0006003569354303565,0.00023764109402019768,-0.001066133479709944,-0.00013458039115076903,-2.52631784037878,True,True,128 calibration sequences; not held-out documents,65408,4179,0.00957166786312515,same frozen seed0 calibration sequences as finite effect,all FourOverSix; causal-per-token activation,"BF16 forward, FP32 log_softmax, FP64 paired sequence summaries",research_runs/mixfp4_n16k64_full_validation_20260911T065444Z/runs/V43_fidelity_mistral7b_attempt1/fidelity/fidelity_report.json,129ad7a5e54dbe371b7411970b39ee2e28ea06618892632dec7b66c62a0d920e
mistral7b,16,selected,model.layers.31.self_attn.q_proj,1019,ce,False,-4.875519349356594e-07,1.561128113282117e-07,0.00011995038948953152,6.598031350350109e-05,-9.371024977330604e-06,0.00024927180395639366,1.8179724090454137,False,False,128 calibration sequences; not held-out documents,65408,4179,0.00957166786312515,same frozen seed0 calibration sequences as finite effect,all FourOverSix; causal-per-token activation,"BF16 forward, FP32 log_softmax, FP64 paired sequence summaries",research_runs/mixfp4_n16k64_full_validation_20260911T065444Z/runs/V43_fidelity_mistral7b_attempt1/fidelity/fidelity_report.json,129ad7a5e54dbe371b7411970b39ee2e28ea06618892632dec7b66c62a0d920e
mistral7b,16,selected,model.layers.31.self_attn.q_proj,1019,kl,False,-2.8905613699836685e-07,5.853741093441881e-08,2.7978106232429776e-05,1.588328841304346e-05,-3.15313905713541e-06,5.910935152199496e-05,1.7614807151303737,False,False,128 calibration sequences; not held-out documents,65408,4179,0.00957166786312515,same frozen seed0 calibration sequences as finite effect,all FourOverSix; causal-per-token activation,"BF16 forward, FP32 log_softmax, FP64 paired sequence summaries",research_runs/mixfp4_n16k64_full_validation_20260911T065444Z/runs/V43_fidelity_mistral7b_attempt1/fidelity/fidelity_report.json,129ad7a5e54dbe371b7411970b39ee2e28ea06618892632dec7b66c62a0d920e
mistral7b,16,selected,model.layers.1.mlp.up_proj,29200,ce,False,-2.3335264556445523e-05,3.4032471438676128e-06,-0.0009005991742014885,0.0008970452889534483,-0.002658807940550247,0.0008576095921472701,-1.0039617679194173,True,False,128 calibration sequences; not held-out documents,65408,4179,0.00957166786312515,same frozen seed0 calibration sequences as finite effect,all FourOverSix; causal-per-token activation,"BF16 forward, FP32 log_softmax, FP64 paired sequence summaries",research_runs/mixfp4_n16k64_full_validation_20260911T065444Z/runs/V43_fidelity_mistral7b_attempt1/fidelity/fidelity_report.json,129ad7a5e54dbe371b7411970b39ee2e28ea06618892632dec7b66c62a0d920e
mistral7b,16,selected,model.layers.1.mlp.up_proj,29200,kl,False,-2.2837116431861926e-05,3.0645750265335114e-06,-0.0002823212856646102,0.00023762493733365094,-0.0007480661628385661,0.00018342359150934562,-1.1880962024966295,True,False,128 calibration sequences; not held-out documents,65408,4179,0.00957166786312515,same frozen seed0 calibration sequences as finite effect,all FourOverSix; causal-per-token activation,"BF16 forward, FP32 log_softmax, FP64 paired sequence summaries",research_runs/mixfp4_n16k64_full_validation_20260911T065444Z/runs/V43_fidelity_mistral7b_attempt1/fidelity/fidelity_report.json,129ad7a5e54dbe371b7411970b39ee2e28ea06618892632dec7b66c62a0d920e
mistral7b,16,selected,model.layers.30.mlp.gate_proj,35616,ce,False,-5.400474115124787e-06,1.2645191562974277e-06,0.00024492363445460796,0.0001701086414206774,-8.848930272991972e-05,0.0005783365716391356,1.4398071280159932,False,False,128 calibration sequences; not held-out documents,65408,4179,0.00957166786312515,same frozen seed0 calibration sequences as finite effect,all FourOverSix; causal-per-token activation,"BF16 forward, FP32 log_softmax, FP64 paired sequence summaries",research_runs/mixfp4_n16k64_full_validation_20260911T065444Z/runs/V43_fidelity_mistral7b_attempt1/fidelity/fidelity_report.json,129ad7a5e54dbe371b7411970b39ee2e28ea06618892632dec7b66c62a0d920e
mistral7b,16,selected,model.layers.30.mlp.gate_proj,35616,kl,False,-5.121642366712198e-06,6.839315434329653e-07,-7.297034437538651e-05,3.339590311078653e-05,-0.0001384263144725281,-7.514374278244922e-06,-2.1850088657077777,True,True,128 calibration sequences; not held-out documents,65408,4179,0.00957166786312515,same frozen seed0 calibration sequences as finite effect,all FourOverSix; causal-per-token activation,"BF16 forward, FP32 log_softmax, FP64 paired sequence summaries",research_runs/mixfp4_n16k64_full_validation_20260911T065444Z/runs/V43_fidelity_mistral7b_attempt1/fidelity/fidelity_report.json,129ad7a5e54dbe371b7411970b39ee2e28ea06618892632dec7b66c62a0d920e
mistral7b,16,selected,model.layers.31.self_attn.v_proj,1487,ce,False,-4.769259178472041e-06,9.92889674650316e-07,0.0002639739541336894,0.00012555786443849967,1.7880539834230064e-05,0.0005100673684331487,2.1024087604085384,False,True,128 calibration sequences; not held-out documents,65408,4179,0.00957166786312515,same frozen seed0 calibration sequences as finite effect,all FourOverSix; causal-per-token activation,"BF16 forward, FP32 log_softmax, FP64 paired sequence summaries",research_runs/mixfp4_n16k64_full_validation_20260911T065444Z/runs/V43_fidelity_mistral7b_attempt1/fidelity/fidelity_report.json,129ad7a5e54dbe371b7411970b39ee2e28ea06618892632dec7b66c62a0d920e
mistral7b,16,selected,model.layers.31.self_attn.v_proj,1487,kl,False,-1.8706603274187827e-06,3.52337363307224e-07,1.0901008603164875e-05,2.3486095239588648e-05,-3.5131738066428876e-05,5.6933755272758626e-05,0.46414733875343867,False,False,128 calibration sequences; not held-out documents,65408,4179,0.00957166786312515,same frozen seed0 calibration sequences as finite effect,all FourOverSix; causal-per-token activation,"BF16 forward, FP32 log_softmax, FP64 paired sequence summaries",research_runs/mixfp4_n16k64_full_validation_20260911T065444Z/runs/V43_fidelity_mistral7b_attempt1/fidelity/fidelity_report.json,129ad7a5e54dbe371b7411970b39ee2e28ea06618892632dec7b66c62a0d920e
mistral7b,16,selected,model.layers.31.self_attn.o_proj,4483,ce,False,-4.305536392079645e-06,7.863926567694412e-07,9.563693311065435e-05,3.466664823878053e-05,2.7690302562644522e-05,0.0001635835636586642,2.758759152367901,False,True,128 calibration sequences; not held-out documents,65408,4179,0.00957166786312515,same frozen seed0 calibration sequences as finite effect,all FourOverSix; causal-per-token activation,"BF16 forward, FP32 log_softmax, FP64 paired sequence summaries",research_runs/mixfp4_n16k64_full_validation_20260911T065444Z/runs/V43_fidelity_mistral7b_attempt1/fidelity/fidelity_report.json,129ad7a5e54dbe371b7411970b39ee2e28ea06618892632dec7b66c62a0d920e
mistral7b,16,selected,model.layers.31.self_attn.o_proj,4483,kl,False,-4.66850367375482e-06,4.886072729506678e-07,2.159850295876153e-06,6.676455692117928e-06,-1.0926002860674986e-05,1.5245703452427292e-05,0.32350252820909503,False,False,128 calibration sequences; not held-out documents,65408,4179,0.00957166786312515,same frozen seed0 calibration sequences as finite effect,all FourOverSix; causal-per-token activation,"BF16 forward, FP32 log_softmax, FP64 paired sequence summaries",research_runs/mixfp4_n16k64_full_validation_20260911T065444Z/runs/V43_fidelity_mistral7b_attempt1/fidelity/fidelity_report.json,129ad7a5e54dbe371b7411970b39ee2e28ea06618892632dec7b66c62a0d920e
mistral7b,16,selected,model.layers.0.self_attn.q_proj,11557,ce,False,-1.4756894338441295e-08,4.735330292839057e-09,-0.0004676093813031912,0.0008954473306407407,-0.002222686149359043,0.0012874673867526605,-0.5222075774893332,True,False,128 calibration sequences; not held-out documents,65408,4179,0.00957166786312515,same frozen seed0 calibration sequences as finite effect,all FourOverSix; causal-per-token activation,"BF16 forward, FP32 log_softmax, FP64 paired sequence summaries",research_runs/mixfp4_n16k64_full_validation_20260911T065444Z/runs/V43_fidelity_mistral7b_attempt1/fidelity/fidelity_report.json,129ad7a5e54dbe371b7411970b39ee2e28ea06618892632dec7b66c62a0d920e
mistral7b,16,selected,model.layers.0.self_attn.q_proj,11557,kl,False,-1.3857823542547457e-08,2.316748202415254e-09,-0.0003886329253389628,0.0002230460718756064,-0.0008258032262151514,4.853737553722569e-05,-1.7423885660524199,True,False,128 calibration sequences; not held-out documents,65408,4179,0.00957166786312515,same frozen seed0 calibration sequences as finite effect,all FourOverSix; causal-per-token activation,"BF16 forward, FP32 log_softmax, FP64 paired sequence summaries",research_runs/mixfp4_n16k64_full_validation_20260911T065444Z/runs/V43_fidelity_mistral7b_attempt1/fidelity/fidelity_report.json,129ad7a5e54dbe371b7411970b39ee2e28ea06618892632dec7b66c62a0d920e
mistral7b,16,selected,model.layers.31.self_attn.o_proj,2499,ce,False,-1.0971542445670224e-06,3.333952911127366e-07,4.09840140491724e-06,3.506110257787566e-05,-6.462135964771905e-05,7.281816245755353e-05,0.11689311241179914,False,False,128 calibration sequences; not held-out documents,65408,4179,0.00957166786312515,same frozen seed0 calibration sequences as finite effect,all FourOverSix; causal-per-token activation,"BF16 forward, FP32 log_softmax, FP64 paired sequence summaries",research_runs/mixfp4_n16k64_full_validation_20260911T065444Z/runs/V43_fidelity_mistral7b_attempt1/fidelity/fidelity_report.json,129ad7a5e54dbe371b7411970b39ee2e28ea06618892632dec7b66c62a0d920e
mistral7b,16,selected,model.layers.31.self_attn.o_proj,2499,kl,False,-1.0531214075792938e-06,1.0497222877622962e-07,2.4615586364317663e-06,7.1104479835377e-06,-1.1474919411302124e-05,1.6398036684165655e-05,0.3461889661707438,False,False,128 calibration sequences; not held-out documents,65408,4179,0.00957166786312515,same frozen seed0 calibration sequences as finite effect,all FourOverSix; causal-per-token activation,"BF16 forward, FP32 log_softmax, FP64 paired sequence summaries",research_runs/mixfp4_n16k64_full_validation_20260911T065444Z/runs/V43_fidelity_mistral7b_attempt1/fidelity/fidelity_report.json,129ad7a5e54dbe371b7411970b39ee2e28ea06618892632dec7b66c62a0d920e
mistral7b,16,selected,model.layers.30.mlp.down_proj,5050,ce,False,-1.4268339542100605e-06,3.757129970072092e-07,6.077392026782036e-05,0.00013568927367786887,-0.00020517705614080264,0.00032672489667644335,0.4478903793980045,False,False,128 calibration sequences; not held-out documents,65408,4179,0.00957166786312515,same frozen seed0 calibration sequences as finite effect,all FourOverSix; causal-per-token activation,"BF16 forward, FP32 log_softmax, FP64 paired sequence summaries",research_runs/mixfp4_n16k64_full_validation_20260911T065444Z/runs/V43_fidelity_mistral7b_attempt1/fidelity/fidelity_report.json,129ad7a5e54dbe371b7411970b39ee2e28ea06618892632dec7b66c62a0d920e
mistral7b,16,selected,model.layers.30.mlp.down_proj,5050,kl,False,-7.350511367076873e-07,1.4796826443491285e-07,-3.788779773758816e-05,2.318834276670112e-05,-8.333694956032234e-05,7.561354085146035e-06,-1.6339157187203444,True,False,128 calibration sequences; not held-out documents,65408,4179,0.00957166786312515,same frozen seed0 calibration sequences as finite effect,all FourOverSix; causal-per-token activation,"BF16 forward, FP32 log_softmax, FP64 paired sequence summaries",research_runs/mixfp4_n16k64_full_validation_20260911T065444Z/runs/V43_fidelity_mistral7b_attempt1/fidelity/fidelity_report.json,129ad7a5e54dbe371b7411970b39ee2e28ea06618892632dec7b66c62a0d920e
mistral7b,16,selected,model.layers.17.mlp.up_proj,45531,ce,False,-8.69590289553912e-07,2.6347597559341734e-07,0.00021792540792375803,0.0005543604719890557,-0.0008686211171747911,0.0013044719330223072,0.39311137596415846,False,False,128 calibration sequences; not held-out documents,65408,4179,0.00957166786312515,same frozen seed0 calibration sequences as finite effect,all FourOverSix; causal-per-token activation,"BF16 forward, FP32 log_softmax, FP64 paired sequence summaries",research_runs/mixfp4_n16k64_full_validation_20260911T065444Z/runs/V43_fidelity_mistral7b_attempt1/fidelity/fidelity_report.json,129ad7a5e54dbe371b7411970b39ee2e28ea06618892632dec7b66c62a0d920e
mistral7b,16,selected,model.layers.17.mlp.up_proj,45531,kl,False,-2.005674844540728e-07,6.679408832980718e-08,-0.0006057072514034675,0.00018707596940945262,-0.0009723761514459947,-0.0002390383513609404,-3.237760858946869,True,True,128 calibration sequences; not held-out documents,65408,4179,0.00957166786312515,same frozen seed0 calibration sequences as finite effect,all FourOverSix; causal-per-token activation,"BF16 forward, FP32 log_softmax, FP64 paired sequence summaries",research_runs/mixfp4_n16k64_full_validation_20260911T065444Z/runs/V43_fidelity_mistral7b_attempt1/fidelity/fidelity_report.json,129ad7a5e54dbe371b7411970b39ee2e28ea06618892632dec7b66c62a0d920e
mistral7b,16,selected,model.layers.0.self_attn.q_proj,9075,ce,False,-5.788415146333603e-08,1.2438622446951023e-08,6.173469591885805e-05,0.0008607891944535185,-0.0016254121252100382,0.0017488815170477543,0.07171871616958551,False,False,128 calibration sequences; not held-out documents,65408,4179,0.00957166786312515,same frozen seed0 calibration sequences as finite effect,all FourOverSix; causal-per-token activation,"BF16 forward, FP32 log_softmax, FP64 paired sequence summaries",research_runs/mixfp4_n16k64_full_validation_20260911T065444Z/runs/V43_fidelity_mistral7b_attempt1/fidelity/fidelity_report.json,129ad7a5e54dbe371b7411970b39ee2e28ea06618892632dec7b66c62a0d920e
mistral7b,16,selected,model.layers.0.self_attn.q_proj,9075,kl,False,-2.3962357278538987e-08,6.136563103057272e-09,-0.00012162586843298025,0.00028998916755408437,-0.0006900046368389855,0.00044675289997302505,-0.41941521284686073,True,False,128 calibration sequences; not held-out documents,65408,4179,0.00957166786312515,same frozen seed0 calibration sequences as finite effect,all FourOverSix; causal-per-token activation,"BF16 forward, FP32 log_softmax, FP64 paired sequence summaries",research_runs/mixfp4_n16k64_full_validation_20260911T065444Z/runs/V43_fidelity_mistral7b_attempt1/fidelity/fidelity_report.json,129ad7a5e54dbe371b7411970b39ee2e28ea06618892632dec7b66c62a0d920e
mistral7b,16,selected,model.layers.30.mlp.down_proj,54018,ce,False,-3.462211686122707e-06,5.541546156011207e-07,9.054969996213913e-05,0.00013382548645222254,-0.00017174825348421707,0.0003528476534084953,0.676625225602797,False,False,128 calibration sequences; not held-out documents,65408,4179,0.00957166786312515,same frozen seed0 calibration sequences as finite effect,all FourOverSix; causal-per-token activation,"BF16 forward, FP32 log_softmax, FP64 paired sequence summaries",research_runs/mixfp4_n16k64_full_validation_20260911T065444Z/runs/V43_fidelity_mistral7b_attempt1/fidelity/fidelity_report.json,129ad7a5e54dbe371b7411970b39ee2e28ea06618892632dec7b66c62a0d920e
mistral7b,16,selected,model.layers.30.mlp.down_proj,54018,kl,False,-3.348992854784738e-06,2.5581197741682643e-07,1.7038807187486253e-05,3.1172492912471025e-05,-4.405927892095695e-05,7.813689329592945e-05,0.5465975158075863,False,False,128 calibration sequences; not held-out documents,65408,4179,0.00957166786312515,same frozen seed0 calibration sequences as finite effect,all FourOverSix; causal-per-token activation,"BF16 forward, FP32 log_softmax, FP64 paired sequence summaries",research_runs/mixfp4_n16k64_full_validation_20260911T065444Z/runs/V43_fidelity_mistral7b_attempt1/fidelity/fidelity_report.json,129ad7a5e54dbe371b7411970b39ee2e28ea06618892632dec7b66c62a0d920e
mistral7b,16,selected,model.layers.31.self_attn.q_proj,798,ce,False,-2.5087034584703183e-06,5.599271337787845e-07,9.743240661919117e-05,7.758338850963781e-05,-5.463103485969895e-05,0.0002494958480980813,1.255841082618963,False,False,128 calibration sequences; not held-out documents,65408,4179,0.00957166786312515,same frozen seed0 calibration sequences as finite effect,all FourOverSix; causal-per-token activation,"BF16 forward, FP32 log_softmax, FP64 paired sequence summaries",research_runs/mixfp4_n16k64_full_validation_20260911T065444Z/runs/V43_fidelity_mistral7b_attempt1/fidelity/fidelity_report.json,129ad7a5e54dbe371b7411970b39ee2e28ea06618892632dec7b66c62a0d920e
mistral7b,16,selected,model.layers.31.self_attn.q_proj,798,kl,False,-3.1694069110854706e-06,4.4023270892383866e-07,-1.7121592219672486e-06,1.5238128710730303e-05,-3.157889149499865e-05,2.8154573051064146e-05,-0.11236020212649796,True,False,128 calibration sequences; not held-out documents,65408,4179,0.00957166786312515,same frozen seed0 calibration sequences as finite effect,all FourOverSix; causal-per-token activation,"BF16 forward, FP32 log_softmax, FP64 paired sequence summaries",research_runs/mixfp4_n16k64_full_validation_20260911T065444Z/runs/V43_fidelity_mistral7b_attempt1/fidelity/fidelity_report.json,129ad7a5e54dbe371b7411970b39ee2e28ea06618892632dec7b66c62a0d920e
mistral7b,16,selected,model.layers.31.self_attn.o_proj,15104,ce,False,-1.132301460260443e-06,3.175054616856502e-07,3.080745227634907e-05,3.2753210099632803e-05,-3.338883951893122e-05,9.500374407162935e-05,0.9405933703180578,False,False,128 calibration sequences; not held-out documents,65408,4179,0.00957166786312515,same frozen seed0 calibration sequences as finite effect,all FourOverSix; causal-per-token activation,"BF16 forward, FP32 log_softmax, FP64 paired sequence summaries",research_runs/mixfp4_n16k64_full_validation_20260911T065444Z/runs/V43_fidelity_mistral7b_attempt1/fidelity/fidelity_report.json,129ad7a5e54dbe371b7411970b39ee2e28ea06618892632dec7b66c62a0d920e
mistral7b,16,selected,model.layers.31.self_attn.o_proj,15104,kl,False,-1.1897564060614485e-06,1.2544017518625457e-07,2.270051125505485e-06,6.283073838374519e-06,-1.0044773597708572e-05,1.4584875848719542e-05,0.3612962673844312,False,False,128 calibration sequences; not held-out documents,65408,4179,0.00957166786312515,same frozen seed0 calibration sequences as finite effect,all FourOverSix; causal-per-token activation,"BF16 forward, FP32 log_softmax, FP64 paired sequence summaries",research_runs/mixfp4_n16k64_full_validation_20260911T065444Z/runs/V43_fidelity_mistral7b_attempt1/fidelity/fidelity_report.json,129ad7a5e54dbe371b7411970b39ee2e28ea06618892632dec7b66c62a0d920e
mistral7b,16,selected,model.layers.0.mlp.gate_proj,4940,ce,False,-6.716501151915466e-07,2.159609246654541e-07,-0.00020711030811071396,0.001023209712611908,-0.0022126013448300536,0.0017983807286086257,-0.20241237505655751,True,False,128 calibration sequences; not held-out documents,65408,4179,0.00957166786312515,same frozen seed0 calibration sequences as finite effect,all FourOverSix; causal-per-token activation,"BF16 forward, FP32 log_softmax, FP64 paired sequence summaries",research_runs/mixfp4_n16k64_full_validation_20260911T065444Z/runs/V43_fidelity_mistral7b_attempt1/fidelity/fidelity_report.json,129ad7a5e54dbe371b7411970b39ee2e28ea06618892632dec7b66c62a0d920e
mistral7b,16,selected,model.layers.0.mlp.gate_proj,4940,kl,False,-3.3129036440537885e-07,9.847814060548637e-08,-0.0002431752724447403,0.0002778957423735913,-0.0007878509274969793,0.0003015003826074987,-0.8750593671126696,True,False,128 calibration sequences; not held-out documents,65408,4179,0.00957166786312515,same frozen seed0 calibration sequences as finite effect,all FourOverSix; causal-per-token activation,"BF16 forward, FP32 log_softmax, FP64 paired sequence summaries",research_runs/mixfp4_n16k64_full_validation_20260911T065444Z/runs/V43_fidelity_mistral7b_attempt1/fidelity/fidelity_report.json,129ad7a5e54dbe371b7411970b39ee2e28ea06618892632dec7b66c62a0d920e
mistral7b,16,selected,model.layers.30.mlp.up_proj,30297,ce,False,-8.023653174094036e-06,9.634442690509638e-07,0.00013926485553383827,0.00014484638590854908,-0.00014463406084691793,0.0004231637719145945,0.9614658637169257,False,False,128 calibration sequences; not held-out documents,65408,4179,0.00957166786312515,same frozen seed0 calibration sequences as finite effect,all FourOverSix; causal-per-token activation,"BF16 forward, FP32 log_softmax, FP64 paired sequence summaries",research_runs/mixfp4_n16k64_full_validation_20260911T065444Z/runs/V43_fidelity_mistral7b_attempt1/fidelity/fidelity_report.json,129ad7a5e54dbe371b7411970b39ee2e28ea06618892632dec7b66c62a0d920e
mistral7b,16,selected,model.layers.30.mlp.up_proj,30297,kl,False,-7.218003334530376e-06,8.611501449995657e-07,-5.186296862969434e-05,4.045060394159217e-05,-0.00013114615235521499,2.7420215095826314e-05,-1.2821308849821087,True,False,128 calibration sequences; not held-out documents,65408,4179,0.00957166786312515,same frozen seed0 calibration sequences as finite effect,all FourOverSix; causal-per-token activation,"BF16 forward, FP32 log_softmax, FP64 paired sequence summaries",research_runs/mixfp4_n16k64_full_validation_20260911T065444Z/runs/V43_fidelity_mistral7b_attempt1/fidelity/fidelity_report.json,129ad7a5e54dbe371b7411970b39ee2e28ea06618892632dec7b66c62a0d920e
mistral7b,16,selected,model.layers.30.mlp.down_proj,6407,ce,False,-1.4093522120450785e-06,3.4750655424060073e-07,9.513390250504017e-05,0.00013096583437552896,-0.00016155913287099657,0.0003518269378810769,0.7264024465514801,False,False,128 calibration sequences; not held-out documents,65408,4179,0.00957166786312515,same frozen seed0 calibration sequences as finite effect,all FourOverSix; causal-per-token activation,"BF16 forward, FP32 log_softmax, FP64 paired sequence summaries",research_runs/mixfp4_n16k64_full_validation_20260911T065444Z/runs/V43_fidelity_mistral7b_attempt1/fidelity/fidelity_report.json,129ad7a5e54dbe371b7411970b39ee2e28ea06618892632dec7b66c62a0d920e
mistral7b,16,selected,model.layers.30.mlp.down_proj,6407,kl,False,-7.991241482985245e-07,1.4038858007070476e-07,5.205504899579287e-06,2.4043239221508556e-05,-4.191924397457748e-05,5.2330253773736057e-05,0.21650597291077803,False,False,128 calibration sequences; not held-out documents,65408,4179,0.00957166786312515,same frozen seed0 calibration sequences as finite effect,all FourOverSix; causal-per-token activation,"BF16 forward, FP32 log_softmax, FP64 paired sequence summaries",research_runs/mixfp4_n16k64_full_validation_20260911T065444Z/runs/V43_fidelity_mistral7b_attempt1/fidelity/fidelity_report.json,129ad7a5e54dbe371b7411970b39ee2e28ea06618892632dec7b66c62a0d920e
mistral7b,16,near_threshold,model.layers.0.mlp.down_proj,2638,ce,False,-5.952013990562222e-07,3.125035566123506e-07,-0.0008771207649260759,0.0007808230170167196,-0.0024075338782788462,0.0006532923484266944,-1.1233285210741866,True,False,128 calibration sequences; not held-out documents,65408,681471,5.869655495244845e-05,same frozen seed0 calibration sequences as finite effect,all FourOverSix; causal-per-token activation,"BF16 forward, FP32 log_softmax, FP64 paired sequence summaries",research_runs/mixfp4_n16k64_full_validation_20260911T065444Z/runs/V43_fidelity_mistral7b_attempt1/fidelity/fidelity_report.json,129ad7a5e54dbe371b7411970b39ee2e28ea06618892632dec7b66c62a0d920e
mistral7b,16,near_threshold,model.layers.0.mlp.down_proj,2638,kl,False,-8.087780656307331e-08,1.3756779316402962e-07,-0.0004629933414460279,0.0002762549394386437,-0.0010044530227457694,7.846633985371377e-05,-1.6759640294100835,True,False,128 calibration sequences; not held-out documents,65408,681471,5.869655495244845e-05,same frozen seed0 calibration sequences as finite effect,all FourOverSix; causal-per-token activation,"BF16 forward, FP32 log_softmax, FP64 paired sequence summaries",research_runs/mixfp4_n16k64_full_validation_20260911T065444Z/runs/V43_fidelity_mistral7b_attempt1/fidelity/fidelity_report.json,129ad7a5e54dbe371b7411970b39ee2e28ea06618892632dec7b66c62a0d920e
mistral7b,16,near_threshold,model.layers.21.mlp.up_proj,21686,ce,False,-5.846971988798799e-07,3.002852969188473e-07,-0.00018600095063447952,0.0004467471147739869,-0.0010616252955914938,0.0006896233943225348,-0.41634505178299575,True,False,128 calibration sequences; not held-out documents,65408,681471,5.869655495244845e-05,same frozen seed0 calibration sequences as finite effect,all FourOverSix; causal-per-token activation,"BF16 forward, FP32 log_softmax, FP64 paired sequence summaries",research_runs/mixfp4_n16k64_full_validation_20260911T065444Z/runs/V43_fidelity_mistral7b_attempt1/fidelity/fidelity_report.json,129ad7a5e54dbe371b7411970b39ee2e28ea06618892632dec7b66c62a0d920e
mistral7b,16,near_threshold,model.layers.21.mlp.up_proj,21686,kl,False,-1.513144990833437e-07,1.045773671650927e-07,-0.0002661478883516768,0.00017576468156048708,-0.0006106466642102314,7.835088750687786e-05,-1.5142284899829863,True,False,128 calibration sequences; not held-out documents,65408,681471,5.869655495244845e-05,same frozen seed0 calibration sequences as finite effect,all FourOverSix; causal-per-token activation,"BF16 forward, FP32 log_softmax, FP64 paired sequence summaries",research_runs/mixfp4_n16k64_full_validation_20260911T065444Z/runs/V43_fidelity_mistral7b_attempt1/fidelity/fidelity_report.json,129ad7a5e54dbe371b7411970b39ee2e28ea06618892632dec7b66c62a0d920e
mistral7b,16,near_threshold,model.layers.27.self_attn.q_proj,3083,ce,False,-7.541862936943922e-08,6.81542962946148e-08,-0.00028257397934794426,0.000229056214495425,-0.0007315241597589772,0.00016637620106308874,-1.233644675261968,True,False,128 calibration sequences; not held-out documents,65408,681471,5.869655495244845e-05,same frozen seed0 calibration sequences as finite effect,all FourOverSix; causal-per-token activation,"BF16 forward, FP32 log_softmax, FP64 paired sequence summaries",research_runs/mixfp4_n16k64_full_validation_20260911T065444Z/runs/V43_fidelity_mistral7b_attempt1/fidelity/fidelity_report.json,129ad7a5e54dbe371b7411970b39ee2e28ea06618892632dec7b66c62a0d920e
mistral7b,16,near_threshold,model.layers.27.self_attn.q_proj,3083,kl,False,-5.734249700073413e-09,2.5114255359304323e-08,-5.442969736857245e-05,8.191929003553526e-05,-0.00021499150583822156,0.00010613211110107667,-0.6644307750343262,True,False,128 calibration sequences; not held-out documents,65408,681471,5.869655495244845e-05,same frozen seed0 calibration sequences as finite effect,all FourOverSix; causal-per-token activation,"BF16 forward, FP32 log_softmax, FP64 paired sequence summaries",research_runs/mixfp4_n16k64_full_validation_20260911T065444Z/runs/V43_fidelity_mistral7b_attempt1/fidelity/fidelity_report.json,129ad7a5e54dbe371b7411970b39ee2e28ea06618892632dec7b66c62a0d920e
mistral7b,16,near_threshold,model.layers.29.self_attn.q_proj,560,ce,False,1.973422324164087e-08,3.669490904009284e-08,6.932870019227266e-05,0.00022735676877307163,-0.0003762905666029477,0.0005149479669874931,0.30493352173504334,True,False,128 calibration sequences; not held-out documents,65408,681471,5.869655495244845e-05,same frozen seed0 calibration sequences as finite effect,all FourOverSix; causal-per-token activation,"BF16 forward, FP32 log_softmax, FP64 paired sequence summaries",research_runs/mixfp4_n16k64_full_validation_20260911T065444Z/runs/V43_fidelity_mistral7b_attempt1/fidelity/fidelity_report.json,129ad7a5e54dbe371b7411970b39ee2e28ea06618892632dec7b66c62a0d920e
mistral7b,16,near_threshold,model.layers.29.self_attn.q_proj,560,kl,False,-8.88233632131974e-09,1.241508800280354e-08,-7.002279500776154e-05,6.71889291066392e-05,-0.00020171309605677436,6.166750604125128e-05,-1.0421775720911486,True,False,128 calibration sequences; not held-out documents,65408,681471,5.869655495244845e-05,same frozen seed0 calibration sequences as finite effect,all FourOverSix; causal-per-token activation,"BF16 forward, FP32 log_softmax, FP64 paired sequence summaries",research_runs/mixfp4_n16k64_full_validation_20260911T065444Z/runs/V43_fidelity_mistral7b_attempt1/fidelity/fidelity_report.json,129ad7a5e54dbe371b7411970b39ee2e28ea06618892632dec7b66c62a0d920e
mistral7b,16,near_threshold,model.layers.10.mlp.gate_proj,47627,ce,False,-5.850486572978042e-07,2.817316904100857e-07,-0.0005453163757920265,0.0006944362966032292,-0.0019064115171343557,0.0008157787655503027,-0.7852647945670338,True,False,128 calibration sequences; not held-out documents,65408,681471,5.869655495244845e-05,same frozen seed0 calibration sequences as finite effect,all FourOverSix; causal-per-token activation,"BF16 forward, FP32 log_softmax, FP64 paired sequence summaries",research_runs/mixfp4_n16k64_full_validation_20260911T065444Z/runs/V43_fidelity_mistral7b_attempt1/fidelity/fidelity_report.json,129ad7a5e54dbe371b7411970b39ee2e28ea06618892632dec7b66c62a0d920e
mistral7b,16,near_threshold,model.layers.10.mlp.gate_proj,47627,kl,False,-5.772242142598749e-08,1.0413520361894714e-07,-0.0002721168857594872,0.0002018024341153001,-0.0006676496566254754,0.000123415885106501,-1.3484321284450556,True,False,128 calibration sequences; not held-out documents,65408,681471,5.869655495244845e-05,same frozen seed0 calibration sequences as finite effect,all FourOverSix; causal-per-token activation,"BF16 forward, FP32 log_softmax, FP64 paired sequence summaries",research_runs/mixfp4_n16k64_full_validation_20260911T065444Z/runs/V43_fidelity_mistral7b_attempt1/fidelity/fidelity_report.json,129ad7a5e54dbe371b7411970b39ee2e28ea06618892632dec7b66c62a0d920e
mistral7b,16,near_threshold,model.layers.30.self_attn.q_proj,6168,ce,False,-5.562323399099789e-08,1.0323349605398232e-07,0.0003778443206101656,0.00018166256082731804,2.1785701388622226e-05,0.000733902939831709,2.07992400244391,False,True,128 calibration sequences; not held-out documents,65408,681471,5.869655495244845e-05,same frozen seed0 calibration sequences as finite effect,all FourOverSix; causal-per-token activation,"BF16 forward, FP32 log_softmax, FP64 paired sequence summaries",research_runs/mixfp4_n16k64_full_validation_20260911T065444Z/runs/V43_fidelity_mistral7b_attempt1/fidelity/fidelity_report.json,129ad7a5e54dbe371b7411970b39ee2e28ea06618892632dec7b66c62a0d920e
mistral7b,16,near_threshold,model.layers.30.self_attn.q_proj,6168,kl,False,-2.689934646554759e-08,2.2551107139326847e-08,4.1749880641657954e-06,3.6366024398354895e-05,-6.71024197566098e-05,7.545239588494139e-05,0.11480463243473656,False,False,128 calibration sequences; not held-out documents,65408,681471,5.869655495244845e-05,same frozen seed0 calibration sequences as finite effect,all FourOverSix; causal-per-token activation,"BF16 forward, FP32 log_softmax, FP64 paired sequence summaries",research_runs/mixfp4_n16k64_full_validation_20260911T065444Z/runs/V43_fidelity_mistral7b_attempt1/fidelity/fidelity_report.json,129ad7a5e54dbe371b7411970b39ee2e28ea06618892632dec7b66c62a0d920e
mistral7b,16,near_threshold,model.layers.11.mlp.gate_proj,29793,ce,False,-4.153536982687278e-07,2.5731157131602974e-07,-0.0007932558655738831,0.0007046797158199634,-0.0021744281085810113,0.000587916377433245,-1.1256970333690572,True,False,128 calibration sequences; not held-out documents,65408,681471,5.869655495244845e-05,same frozen seed0 calibration sequences as finite effect,all FourOverSix; causal-per-token activation,"BF16 forward, FP32 log_softmax, FP64 paired sequence summaries",research_runs/mixfp4_n16k64_full_validation_20260911T065444Z/runs/V43_fidelity_mistral7b_attempt1/fidelity/fidelity_report.json,129ad7a5e54dbe371b7411970b39ee2e28ea06618892632dec7b66c62a0d920e
mistral7b,16,near_threshold,model.layers.11.mlp.gate_proj,29793,kl,False,7.22970114885868e-08,7.521935481263166e-08,-0.0004100802071278741,0.00022440629680793394,-0.0008499165488714246,2.9756134615676385e-05,-1.827400625388225,False,False,128 calibration sequences; not held-out documents,65408,681471,5.869655495244845e-05,same frozen seed0 calibration sequences as finite effect,all FourOverSix; causal-per-token activation,"BF16 forward, FP32 log_softmax, FP64 paired sequence summaries",research_runs/mixfp4_n16k64_full_validation_20260911T065444Z/runs/V43_fidelity_mistral7b_attempt1/fidelity/fidelity_report.json,129ad7a5e54dbe371b7411970b39ee2e28ea06618892632dec7b66c62a0d920e
mistral7b,16,near_threshold,model.layers.12.self_attn.o_proj,2872,ce,False,-1.988226587590347e-06,7.161530417555829e-07,0.0007443028734996915,0.0006545597154012843,-0.0005386341686868257,0.0020272399156862084,1.1371046154946907,False,False,128 calibration sequences; not held-out documents,65408,681471,5.869655495244845e-05,same frozen seed0 calibration sequences as finite effect,all FourOverSix; causal-per-token activation,"BF16 forward, FP32 log_softmax, FP64 paired sequence summaries",research_runs/mixfp4_n16k64_full_validation_20260911T065444Z/runs/V43_fidelity_mistral7b_attempt1/fidelity/fidelity_report.json,129ad7a5e54dbe371b7411970b39ee2e28ea06618892632dec7b66c62a0d920e
mistral7b,16,near_threshold,model.layers.12.self_attn.o_proj,2872,kl,False,-5.463604418887158e-07,2.0370371730197343e-07,-0.00033218238703937883,0.00020339467737764331,-0.0007308359546995597,6.647118062080208e-05,-1.6331911499464418,True,False,128 calibration sequences; not held-out documents,65408,681471,5.869655495244845e-05,same frozen seed0 calibration sequences as finite effect,all FourOverSix; causal-per-token activation,"BF16 forward, FP32 log_softmax, FP64 paired sequence summaries",research_runs/mixfp4_n16k64_full_validation_20260911T065444Z/runs/V43_fidelity_mistral7b_attempt1/fidelity/fidelity_report.json,129ad7a5e54dbe371b7411970b39ee2e28ea06618892632dec7b66c62a0d920e
mistral7b,16,near_threshold,model.layers.24.self_attn.q_proj,14744,ce,False,-2.467220508450829e-07,2.2147259511674187e-07,-9.592226706445217e-05,0.00035743817938341265,-0.000796501098655941,0.0006046565645270366,-0.26836043992256176,True,False,128 calibration sequences; not held-out documents,65408,681471,5.869655495244845e-05,same frozen seed0 calibration sequences as finite effect,all FourOverSix; causal-per-token activation,"BF16 forward, FP32 log_softmax, FP64 paired sequence summaries",research_runs/mixfp4_n16k64_full_validation_20260911T065444Z/runs/V43_fidelity_mistral7b_attempt1/fidelity/fidelity_report.json,129ad7a5e54dbe371b7411970b39ee2e28ea06618892632dec7b66c62a0d920e
mistral7b,16,near_threshold,model.layers.24.self_attn.q_proj,14744,kl,False,4.412165322681405e-08,1.116584364713947e-07,-4.040248462217092e-05,0.00013195747108054953,-0.000299039127940048,0.00021823415869570614,-0.3061780760977787,False,False,128 calibration sequences; not held-out documents,65408,681471,5.869655495244845e-05,same frozen seed0 calibration sequences as finite effect,all FourOverSix; causal-per-token activation,"BF16 forward, FP32 log_softmax, FP64 paired sequence summaries",research_runs/mixfp4_n16k64_full_validation_20260911T065444Z/runs/V43_fidelity_mistral7b_attempt1/fidelity/fidelity_report.json,129ad7a5e54dbe371b7411970b39ee2e28ea06618892632dec7b66c62a0d920e
mistral7b,16,near_threshold,model.layers.25.self_attn.q_proj,11697,ce,False,-1.8593403289246524e-08,1.4819170425349893e-07,-0.0008674714481458068,0.0003190149150968808,-0.0014927406817356933,-0.0002422022145559204,-2.719219093196212,True,True,128 calibration sequences; not held-out documents,65408,681471,5.869655495244845e-05,same frozen seed0 calibration sequences as finite effect,all FourOverSix; causal-per-token activation,"BF16 forward, FP32 log_softmax, FP64 paired sequence summaries",research_runs/mixfp4_n16k64_full_validation_20260911T065444Z/runs/V43_fidelity_mistral7b_attempt1/fidelity/fidelity_report.json,129ad7a5e54dbe371b7411970b39ee2e28ea06618892632dec7b66c62a0d920e
mistral7b,16,near_threshold,model.layers.25.self_attn.q_proj,11697,kl,False,-5.1369974215370595e-08,4.060308247057672e-08,-0.00010255911730959302,9.941837644144939e-05,-0.0002974191351348338,9.230090051564776e-05,-1.0315911502537292,True,False,128 calibration sequences; not held-out documents,65408,681471,5.869655495244845e-05,same frozen seed0 calibration sequences as finite effect,all FourOverSix; causal-per-token activation,"BF16 forward, FP32 log_softmax, FP64 paired sequence summaries",research_runs/mixfp4_n16k64_full_validation_20260911T065444Z/runs/V43_fidelity_mistral7b_attempt1/fidelity/fidelity_report.json,129ad7a5e54dbe371b7411970b39ee2e28ea06618892632dec7b66c62a0d920e
mistral7b,16,near_threshold,model.layers.1.mlp.gate_proj,2660,ce,False,-4.1121880745009776e-07,2.043715315494417e-07,-0.0006537365261465311,0.0008581708254266244,-0.002335751343982715,0.0010282782916896528,-0.7617790150597785,True,False,128 calibration sequences; not held-out documents,65408,681471,5.869655495244845e-05,same frozen seed0 calibration sequences as finite effect,all FourOverSix; causal-per-token activation,"BF16 forward, FP32 log_softmax, FP64 paired sequence summaries",research_runs/mixfp4_n16k64_full_validation_20260911T065444Z/runs/V43_fidelity_mistral7b_attempt1/fidelity/fidelity_report.json,129ad7a5e54dbe371b7411970b39ee2e28ea06618892632dec7b66c62a0d920e
mistral7b,16,near_threshold,model.layers.1.mlp.gate_proj,2660,kl,False,-1.0985496376458848e-07,8.895022037019014e-08,-0.00024494555721010325,0.00026430222704955223,-0.0007629779222272257,0.00027308680780701916,-0.9267631224468649,True,False,128 calibration sequences; not held-out documents,65408,681471,5.869655495244845e-05,same frozen seed0 calibration sequences as finite effect,all FourOverSix; causal-per-token activation,"BF16 forward, FP32 log_softmax, FP64 paired sequence summaries",research_runs/mixfp4_n16k64_full_validation_20260911T065444Z/runs/V43_fidelity_mistral7b_attempt1/fidelity/fidelity_report.json,129ad7a5e54dbe371b7411970b39ee2e28ea06618892632dec7b66c62a0d920e
mistral7b,16,near_threshold,model.layers.19.self_attn.q_proj,5641,ce,False,-2.05378665879552e-08,9.742413139858508e-08,-0.0009108418598771095,0.0005239777787783217,-0.00193783830628262,0.00011615458652840097,-1.73832154104088,True,False,128 calibration sequences; not held-out documents,65408,681471,5.869655495244845e-05,same frozen seed0 calibration sequences as finite effect,all FourOverSix; causal-per-token activation,"BF16 forward, FP32 log_softmax, FP64 paired sequence summaries",research_runs/mixfp4_n16k64_full_validation_20260911T065444Z/runs/V43_fidelity_mistral7b_attempt1/fidelity/fidelity_report.json,129ad7a5e54dbe371b7411970b39ee2e28ea06618892632dec7b66c62a0d920e
mistral7b,16,near_threshold,model.layers.19.self_attn.q_proj,5641,kl,False,-2.8871688885143132e-08,6.268418024053323e-08,-0.00034480844713985427,0.0001582619378827824,-0.0006550018453901079,-3.461504888960075e-05,-2.178719986325699,True,True,128 calibration sequences; not held-out documents,65408,681471,5.869655495244845e-05,same frozen seed0 calibration sequences as finite effect,all FourOverSix; causal-per-token activation,"BF16 forward, FP32 log_softmax, FP64 paired sequence summaries",research_runs/mixfp4_n16k64_full_validation_20260911T065444Z/runs/V43_fidelity_mistral7b_attempt1/fidelity/fidelity_report.json,129ad7a5e54dbe371b7411970b39ee2e28ea06618892632dec7b66c62a0d920e
mistral7b,16,near_threshold,model.layers.25.self_attn.q_proj,7012,ce,False,5.400612367034707e-08,5.4666802405555404e-08,-0.0005577676929533482,0.0003394233040065852,-0.0012230373688062552,0.00010750198289955881,-1.6432804889039876,False,False,128 calibration sequences; not held-out documents,65408,681471,5.869655495244845e-05,same frozen seed0 calibration sequences as finite effect,all FourOverSix; causal-per-token activation,"BF16 forward, FP32 log_softmax, FP64 paired sequence summaries",research_runs/mixfp4_n16k64_full_validation_20260911T065444Z/runs/V43_fidelity_mistral7b_attempt1/fidelity/fidelity_report.json,129ad7a5e54dbe371b7411970b39ee2e28ea06618892632dec7b66c62a0d920e
mistral7b,16,near_threshold,model.layers.25.self_attn.q_proj,7012,kl,False,-2.7979862385341114e-09,1.5810389076770238e-08,-9.395440881656856e-05,0.00010995143794865108,-0.00030945922719592466,0.00012155040956278755,-0.8545082317199584,True,False,128 calibration sequences; not held-out documents,65408,681471,5.869655495244845e-05,same frozen seed0 calibration sequences as finite effect,all FourOverSix; causal-per-token activation,"BF16 forward, FP32 log_softmax, FP64 paired sequence summaries",research_runs/mixfp4_n16k64_full_validation_20260911T065444Z/runs/V43_fidelity_mistral7b_attempt1/fidelity/fidelity_report.json,129ad7a5e54dbe371b7411970b39ee2e28ea06618892632dec7b66c62a0d920e
mistral7b,16,near_threshold,model.layers.23.self_attn.q_proj,5220,ce,False,1.0114297602226152e-07,7.909949041406507e-08,-0.00024339754600077868,0.00037611355536435576,-0.000980580114514916,0.0004937850225133586,-0.6471384573336902,False,False,128 calibration sequences; not held-out documents,65408,681471,5.869655495244845e-05,same frozen seed0 calibration sequences as finite effect,all FourOverSix; causal-per-token activation,"BF16 forward, FP32 log_softmax, FP64 paired sequence summaries",research_runs/mixfp4_n16k64_full_validation_20260911T065444Z/runs/V43_fidelity_mistral7b_attempt1/fidelity/fidelity_report.json,129ad7a5e54dbe371b7411970b39ee2e28ea06618892632dec7b66c62a0d920e
mistral7b,16,near_threshold,model.layers.23.self_attn.q_proj,5220,kl,False,3.145125826442552e-11,1.2470761118326815e-08,-0.0001563911663620136,0.00013941816476081755,-0.000429650769293216,0.00011686843656918879,-1.1217416800050017,False,False,128 calibration sequences; not held-out documents,65408,681471,5.869655495244845e-05,same frozen seed0 calibration sequences as finite effect,all FourOverSix; causal-per-token activation,"BF16 forward, FP32 log_softmax, FP64 paired sequence summaries",research_runs/mixfp4_n16k64_full_validation_20260911T065444Z/runs/V43_fidelity_mistral7b_attempt1/fidelity/fidelity_report.json,129ad7a5e54dbe371b7411970b39ee2e28ea06618892632dec7b66c62a0d920e
mistral7b,16,near_threshold,model.layers.29.mlp.down_proj,45569,ce,False,-6.556183934636195e-07,3.3399648239275165e-07,-0.0001856680028140545,0.00020906140246755185,-0.0005954283516504561,0.00022409234602234712,-0.8881027326068559,True,False,128 calibration sequences; not held-out documents,65408,681471,5.869655495244845e-05,same frozen seed0 calibration sequences as finite effect,all FourOverSix; causal-per-token activation,"BF16 forward, FP32 log_softmax, FP64 paired sequence summaries",research_runs/mixfp4_n16k64_full_validation_20260911T065444Z/runs/V43_fidelity_mistral7b_attempt1/fidelity/fidelity_report.json,129ad7a5e54dbe371b7411970b39ee2e28ea06618892632dec7b66c62a0d920e
mistral7b,16,near_threshold,model.layers.29.mlp.down_proj,45569,kl,False,4.3826278280090225e-08,6.183536730427593e-08,-2.4542467966550855e-05,5.474732604347173e-05,-0.00013184722701175546,8.276229107865374e-05,-0.44828614911827985,False,False,128 calibration sequences; not held-out documents,65408,681471,5.869655495244845e-05,same frozen seed0 calibration sequences as finite effect,all FourOverSix; causal-per-token activation,"BF16 forward, FP32 log_softmax, FP64 paired sequence summaries",research_runs/mixfp4_n16k64_full_validation_20260911T065444Z/runs/V43_fidelity_mistral7b_attempt1/fidelity/fidelity_report.json,129ad7a5e54dbe371b7411970b39ee2e28ea06618892632dec7b66c62a0d920e
mistral7b,16,near_threshold,model.layers.28.self_attn.q_proj,12900,ce,False,-8.040866569802851e-09,7.701823061180317e-08,-0.0002472067717462778,0.0002567927858623867,-0.0007505206320365558,0.00025610708854400014,-0.9626702359105759,True,False,128 calibration sequences; not held-out documents,65408,681471,5.869655495244845e-05,same frozen seed0 calibration sequences as finite effect,all FourOverSix; causal-per-token activation,"BF16 forward, FP32 log_softmax, FP64 paired sequence summaries",research_runs/mixfp4_n16k64_full_validation_20260911T065444Z/runs/V43_fidelity_mistral7b_attempt1/fidelity/fidelity_report.json,129ad7a5e54dbe371b7411970b39ee2e28ea06618892632dec7b66c62a0d920e
mistral7b,16,near_threshold,model.layers.28.self_attn.q_proj,12900,kl,False,-6.1024885561478115e-09,1.3493233728726496e-08,-0.0001138299785642092,7.007464118489929e-05,-0.0002511762752866118,2.3516318158193418e-05,-1.6244104377767252,True,False,128 calibration sequences; not held-out documents,65408,681471,5.869655495244845e-05,same frozen seed0 calibration sequences as finite effect,all FourOverSix; causal-per-token activation,"BF16 forward, FP32 log_softmax, FP64 paired sequence summaries",research_runs/mixfp4_n16k64_full_validation_20260911T065444Z/runs/V43_fidelity_mistral7b_attempt1/fidelity/fidelity_report.json,129ad7a5e54dbe371b7411970b39ee2e28ea06618892632dec7b66c62a0d920e
mistral7b,16,near_threshold,model.layers.29.mlp.up_proj,7764,ce,False,-6.54471534300427e-07,2.4990128378710243e-07,-0.0002622168976813555,0.00023713039878867648,-0.0007269924793071613,0.00020255868394445043,-1.1057919989205405,True,False,128 calibration sequences; not held-out documents,65408,681471,5.869655495244845e-05,same frozen seed0 calibration sequences as finite effect,all FourOverSix; causal-per-token activation,"BF16 forward, FP32 log_softmax, FP64 paired sequence summaries",research_runs/mixfp4_n16k64_full_validation_20260911T065444Z/runs/V43_fidelity_mistral7b_attempt1/fidelity/fidelity_report.json,129ad7a5e54dbe371b7411970b39ee2e28ea06618892632dec7b66c62a0d920e
mistral7b,16,near_threshold,model.layers.29.mlp.up_proj,7764,kl,False,-4.278807133606399e-08,9.501227392926714e-08,-5.518142327451921e-05,7.241999375739801e-05,-0.00019712461103901931,8.67617644899809e-05,-0.7619639330455229,True,False,128 calibration sequences; not held-out documents,65408,681471,5.869655495244845e-05,same frozen seed0 calibration sequences as finite effect,all FourOverSix; causal-per-token activation,"BF16 forward, FP32 log_softmax, FP64 paired sequence summaries",research_runs/mixfp4_n16k64_full_validation_20260911T065444Z/runs/V43_fidelity_mistral7b_attempt1/fidelity/fidelity_report.json,129ad7a5e54dbe371b7411970b39ee2e28ea06618892632dec7b66c62a0d920e
mistral7b,16,near_threshold,model.layers.30.mlp.up_proj,23243,ce,False,-2.4088653860498965e-07,2.3296600737213826e-07,0.00024787662550807,0.0001429437592602477,-3.2293142642015465e-05,0.0005280463936581554,1.7340849771327083,False,False,128 calibration sequences; not held-out documents,65408,681471,5.869655495244845e-05,same frozen seed0 calibration sequences as finite effect,all FourOverSix; causal-per-token activation,"BF16 forward, FP32 log_softmax, FP64 paired sequence summaries",research_runs/mixfp4_n16k64_full_validation_20260911T065444Z/runs/V43_fidelity_mistral7b_attempt1/fidelity/fidelity_report.json,129ad7a5e54dbe371b7411970b39ee2e28ea06618892632dec7b66c62a0d920e
mistral7b,16,near_threshold,model.layers.30.mlp.up_proj,23243,kl,False,-9.854608690879063e-08,5.8726677884516154e-08,-2.6801875784820847e-05,2.863609041341845e-05,-8.292861299512102e-05,2.9324861425479314e-05,-0.935947449455666,True,False,128 calibration sequences; not held-out documents,65408,681471,5.869655495244845e-05,same frozen seed0 calibration sequences as finite effect,all FourOverSix; causal-per-token activation,"BF16 forward, FP32 log_softmax, FP64 paired sequence summaries",research_runs/mixfp4_n16k64_full_validation_20260911T065444Z/runs/V43_fidelity_mistral7b_attempt1/fidelity/fidelity_report.json,129ad7a5e54dbe371b7411970b39ee2e28ea06618892632dec7b66c62a0d920e
mistral7b,16,near_threshold,model.layers.28.self_attn.q_proj,1649,ce,False,7.569047721922573e-09,1.373234299786019e-07,0.0001927749253809452,0.00027778716442379943,-0.0003516879168897017,0.0007372377676515921,0.693966280914415,True,False,128 calibration sequences; not held-out documents,65408,681471,5.869655495244845e-05,same frozen seed0 calibration sequences as finite effect,all FourOverSix; causal-per-token activation,"BF16 forward, FP32 log_softmax, FP64 paired sequence summaries",research_runs/mixfp4_n16k64_full_validation_20260911T065444Z/runs/V43_fidelity_mistral7b_attempt1/fidelity/fidelity_report.json,129ad7a5e54dbe371b7411970b39ee2e28ea06618892632dec7b66c62a0d920e
mistral7b,16,near_threshold,model.layers.28.self_attn.q_proj,1649,kl,False,-2.648932680843208e-08,6.194769123934796e-08,9.022288937490737e-06,7.669183786435492e-05,-0.0001412937132766449,0.00015933829115162638,0.11764340494028172,False,False,128 calibration sequences; not held-out documents,65408,681471,5.869655495244845e-05,same frozen seed0 calibration sequences as finite effect,all FourOverSix; causal-per-token activation,"BF16 forward, FP32 log_softmax, FP64 paired sequence summaries",research_runs/mixfp4_n16k64_full_validation_20260911T065444Z/runs/V43_fidelity_mistral7b_attempt1/fidelity/fidelity_report.json,129ad7a5e54dbe371b7411970b39ee2e28ea06618892632dec7b66c62a0d920e
mistral7b,16,near_threshold,model.layers.30.mlp.gate_proj,53412,ce,False,-3.397371171054431e-07,2.5448738244289487e-07,4.842958878725767e-05,0.00014241342047832111,-0.00023070071535025171,0.00032755989292476706,0.34006337762689903,False,False,128 calibration sequences; not held-out documents,65408,681471,5.869655495244845e-05,same frozen seed0 calibration sequences as finite effect,all FourOverSix; causal-per-token activation,"BF16 forward, FP32 log_softmax, FP64 paired sequence summaries",research_runs/mixfp4_n16k64_full_validation_20260911T065444Z/runs/V43_fidelity_mistral7b_attempt1/fidelity/fidelity_report.json,129ad7a5e54dbe371b7411970b39ee2e28ea06618892632dec7b66c62a0d920e
mistral7b,16,near_threshold,model.layers.30.mlp.gate_proj,53412,kl,False,-5.5659557254839065e-08,5.933223421150052e-08,-8.783184167412508e-05,2.49268514097415e-05,-0.0001366884704372184,-3.897521291103174e-05,-3.5235834735148335,True,True,128 calibration sequences; not held-out documents,65408,681471,5.869655495244845e-05,same frozen seed0 calibration sequences as finite effect,all FourOverSix; causal-per-token activation,"BF16 forward, FP32 log_softmax, FP64 paired sequence summaries",research_runs/mixfp4_n16k64_full_validation_20260911T065444Z/runs/V43_fidelity_mistral7b_attempt1/fidelity/fidelity_report.json,129ad7a5e54dbe371b7411970b39ee2e28ea06618892632dec7b66c62a0d920e
mistral7b,16,near_threshold,model.layers.24.self_attn.o_proj,2863,ce,False,-9.405569303955197e-08,1.137001931570219e-07,-0.0012248775456100702,0.0003544436717537407,-0.001919587142247402,-0.0005301679489727385,-3.4557749036667436,True,True,128 calibration sequences; not held-out documents,65408,681471,5.869655495244845e-05,same frozen seed0 calibration sequences as finite effect,all FourOverSix; causal-per-token activation,"BF16 forward, FP32 log_softmax, FP64 paired sequence summaries",research_runs/mixfp4_n16k64_full_validation_20260911T065444Z/runs/V43_fidelity_mistral7b_attempt1/fidelity/fidelity_report.json,129ad7a5e54dbe371b7411970b39ee2e28ea06618892632dec7b66c62a0d920e
mistral7b,16,near_threshold,model.layers.24.self_attn.o_proj,2863,kl,False,-6.009952108546046e-08,3.2307582396495924e-08,-0.00026869437755724153,0.00010472243945556844,-0.00047395035889015566,-6.343839622432738e-05,-2.5657765322707458,True,True,128 calibration sequences; not held-out documents,65408,681471,5.869655495244845e-05,same frozen seed0 calibration sequences as finite effect,all FourOverSix; causal-per-token activation,"BF16 forward, FP32 log_softmax, FP64 paired sequence summaries",research_runs/mixfp4_n16k64_full_validation_20260911T065444Z/runs/V43_fidelity_mistral7b_attempt1/fidelity/fidelity_report.json,129ad7a5e54dbe371b7411970b39ee2e28ea06618892632dec7b66c62a0d920e
mistral7b,16,near_threshold,model.layers.30.self_attn.k_proj,66,ce,False,-3.0361759609243144e-07,2.0798212871754094e-07,-0.00017913396004587412,0.00019679339184164912,-0.0005648490080555064,0.00020658108796375814,-0.9102641017032485,True,False,128 calibration sequences; not held-out documents,65408,681471,5.869655495244845e-05,same frozen seed0 calibration sequences as finite effect,all FourOverSix; causal-per-token activation,"BF16 forward, FP32 log_softmax, FP64 paired sequence summaries",research_runs/mixfp4_n16k64_full_validation_20260911T065444Z/runs/V43_fidelity_mistral7b_attempt1/fidelity/fidelity_report.json,129ad7a5e54dbe371b7411970b39ee2e28ea06618892632dec7b66c62a0d920e
mistral7b,16,near_threshold,model.layers.30.self_attn.k_proj,66,kl,False,8.912784350834091e-09,3.472169413765845e-08,-4.223945302486965e-05,5.177951932977403e-05,-0.00014372731091122674,5.924840486148745e-05,-0.8157559894647634,False,False,128 calibration sequences; not held-out documents,65408,681471,5.869655495244845e-05,same frozen seed0 calibration sequences as finite effect,all FourOverSix; causal-per-token activation,"BF16 forward, FP32 log_softmax, FP64 paired sequence summaries",research_runs/mixfp4_n16k64_full_validation_20260911T065444Z/runs/V43_fidelity_mistral7b_attempt1/fidelity/fidelity_report.json,129ad7a5e54dbe371b7411970b39ee2e28ea06618892632dec7b66c62a0d920e
mistral7b,16,near_threshold,model.layers.16.mlp.gate_proj,10904,ce,False,-5.625654616592257e-07,2.628733787937151e-07,8.332310244441032e-06,0.0005561951199329628,-0.0010818101248241659,0.001098474745313048,0.014980912176009943,False,False,128 calibration sequences; not held-out documents,65408,681471,5.869655495244845e-05,same frozen seed0 calibration sequences as finite effect,all FourOverSix; causal-per-token activation,"BF16 forward, FP32 log_softmax, FP64 paired sequence summaries",research_runs/mixfp4_n16k64_full_validation_20260911T065444Z/runs/V43_fidelity_mistral7b_attempt1/fidelity/fidelity_report.json,129ad7a5e54dbe371b7411970b39ee2e28ea06618892632dec7b66c62a0d920e
mistral7b,16,near_threshold,model.layers.16.mlp.gate_proj,10904,kl,False,-9.828100444586596e-09,8.44689083823995e-08,-0.0002996676252335144,0.00018539304494759388,-0.0006630379933307985,6.370274286376958e-05,-1.6163908701009964,True,False,128 calibration sequences; not held-out documents,65408,681471,5.869655495244845e-05,same frozen seed0 calibration sequences as finite effect,all FourOverSix; causal-per-token activation,"BF16 forward, FP32 log_softmax, FP64 paired sequence summaries",research_runs/mixfp4_n16k64_full_validation_20260911T065444Z/runs/V43_fidelity_mistral7b_attempt1/fidelity/fidelity_report.json,129ad7a5e54dbe371b7411970b39ee2e28ea06618892632dec7b66c62a0d920e
mistral7b,16,near_threshold,model.layers.7.self_attn.q_proj,9053,ce,False,9.785013077578952e-08,9.051501540634635e-08,-0.001020191702991724,0.0007223011746353494,-0.002435902005277009,0.0003955185992935608,-1.4124187234040748,False,False,128 calibration sequences; not held-out documents,65408,681471,5.869655495244845e-05,same frozen seed0 calibration sequences as finite effect,all FourOverSix; causal-per-token activation,"BF16 forward, FP32 log_softmax, FP64 paired sequence summaries",research_runs/mixfp4_n16k64_full_validation_20260911T065444Z/runs/V43_fidelity_mistral7b_attempt1/fidelity/fidelity_report.json,129ad7a5e54dbe371b7411970b39ee2e28ea06618892632dec7b66c62a0d920e
mistral7b,16,near_threshold,model.layers.7.self_attn.q_proj,9053,kl,False,1.589630282267107e-08,2.6827061572559225e-08,-0.00032749229361448264,0.00018242908469949987,-0.0006850532996255024,3.0068712396537117e-05,-1.7951758852155248,False,False,128 calibration sequences; not held-out documents,65408,681471,5.869655495244845e-05,same frozen seed0 calibration sequences as finite effect,all FourOverSix; causal-per-token activation,"BF16 forward, FP32 log_softmax, FP64 paired sequence summaries",research_runs/mixfp4_n16k64_full_validation_20260911T065444Z/runs/V43_fidelity_mistral7b_attempt1/fidelity/fidelity_report.json,129ad7a5e54dbe371b7411970b39ee2e28ea06618892632dec7b66c62a0d920e
mistral7b,16,near_threshold,model.layers.23.self_attn.q_proj,7441,ce,False,1.2407119477642059e-08,2.462240305682656e-08,-0.0007113212486729026,0.0003968438647824278,-0.001489135223646461,6.649272630065593e-05,-1.7924461275541932,False,False,128 calibration sequences; not held-out documents,65408,681471,5.869655495244845e-05,same frozen seed0 calibration sequences as finite effect,all FourOverSix; causal-per-token activation,"BF16 forward, FP32 log_softmax, FP64 paired sequence summaries",research_runs/mixfp4_n16k64_full_validation_20260911T065444Z/runs/V43_fidelity_mistral7b_attempt1/fidelity/fidelity_report.json,129ad7a5e54dbe371b7411970b39ee2e28ea06618892632dec7b66c62a0d920e
mistral7b,16,near_threshold,model.layers.23.self_attn.q_proj,7441,kl,False,5.913649465515841e-09,6.954531318331367e-09,-0.0001272382444778877,0.00012257178298763307,-0.00036747893913364853,0.0001130024501778731,-1.0380712540562902,False,False,128 calibration sequences; not held-out documents,65408,681471,5.869655495244845e-05,same frozen seed0 calibration sequences as finite effect,all FourOverSix; causal-per-token activation,"BF16 forward, FP32 log_softmax, FP64 paired sequence summaries",research_runs/mixfp4_n16k64_full_validation_20260911T065444Z/runs/V43_fidelity_mistral7b_attempt1/fidelity/fidelity_report.json,129ad7a5e54dbe371b7411970b39ee2e28ea06618892632dec7b66c62a0d920e
mistral7b,16,near_threshold,model.layers.22.mlp.up_proj,52221,ce,False,-5.54902486904485e-07,3.280671634584895e-07,-8.039397653192282e-05,0.0003868737237226934,-0.0008386664750284019,0.0006778785219645562,-0.20780417899238948,True,False,128 calibration sequences; not held-out documents,65408,681471,5.869655495244845e-05,same frozen seed0 calibration sequences as finite effect,all FourOverSix; causal-per-token activation,"BF16 forward, FP32 log_softmax, FP64 paired sequence summaries",research_runs/mixfp4_n16k64_full_validation_20260911T065444Z/runs/V43_fidelity_mistral7b_attempt1/fidelity/fidelity_report.json,129ad7a5e54dbe371b7411970b39ee2e28ea06618892632dec7b66c62a0d920e
mistral7b,16,near_threshold,model.layers.22.mlp.up_proj,52221,kl,False,-1.4065654924122484e-07,1.0994532178967628e-07,-0.00010218641025890916,0.0001279779478742037,-0.0003530231880923484,0.0001486503675745301,-0.7984688921512759,True,False,128 calibration sequences; not held-out documents,65408,681471,5.869655495244845e-05,same frozen seed0 calibration sequences as finite effect,all FourOverSix; causal-per-token activation,"BF16 forward, FP32 log_softmax, FP64 paired sequence summaries",research_runs/mixfp4_n16k64_full_validation_20260911T065444Z/runs/V43_fidelity_mistral7b_attempt1/fidelity/fidelity_report.json,129ad7a5e54dbe371b7411970b39ee2e28ea06618892632dec7b66c62a0d920e
mistral7b,16,near_threshold,model.layers.10.mlp.down_proj,37244,ce,False,-8.242153768378557e-07,4.0130566257434776e-07,-0.0002833135658875108,0.0006401794687994117,-0.0015380653247343576,0.000971438192959336,-0.4425533458903878,True,False,128 calibration sequences; not held-out documents,65408,681471,5.869655495244845e-05,same frozen seed0 calibration sequences as finite effect,all FourOverSix; causal-per-token activation,"BF16 forward, FP32 log_softmax, FP64 paired sequence summaries",research_runs/mixfp4_n16k64_full_validation_20260911T065444Z/runs/V43_fidelity_mistral7b_attempt1/fidelity/fidelity_report.json,129ad7a5e54dbe371b7411970b39ee2e28ea06618892632dec7b66c62a0d920e
mistral7b,16,near_threshold,model.layers.10.mlp.down_proj,37244,kl,False,-2.5585620994084124e-07,1.257378106637084e-07,-6.986510823378535e-05,0.00019820021793484378,-0.0004583375353860791,0.00031860731891850846,-0.3524976357833913,True,False,128 calibration sequences; not held-out documents,65408,681471,5.869655495244845e-05,same frozen seed0 calibration sequences as finite effect,all FourOverSix; causal-per-token activation,"BF16 forward, FP32 log_softmax, FP64 paired sequence summaries",research_runs/mixfp4_n16k64_full_validation_20260911T065444Z/runs/V43_fidelity_mistral7b_attempt1/fidelity/fidelity_report.json,129ad7a5e54dbe371b7411970b39ee2e28ea06618892632dec7b66c62a0d920e
mistral7b,16,near_threshold,model.layers.22.self_attn.q_proj,10389,ce,False,-2.3227077095011595e-08,1.3446107506151043e-07,-0.0005692844279110432,0.0004280304761745623,-0.0014082241612131852,0.00026965530539109896,-1.3300090988821873,True,False,128 calibration sequences; not held-out documents,65408,681471,5.869655495244845e-05,same frozen seed0 calibration sequences as finite effect,all FourOverSix; causal-per-token activation,"BF16 forward, FP32 log_softmax, FP64 paired sequence summaries",research_runs/mixfp4_n16k64_full_validation_20260911T065444Z/runs/V43_fidelity_mistral7b_attempt1/fidelity/fidelity_report.json,129ad7a5e54dbe371b7411970b39ee2e28ea06618892632dec7b66c62a0d920e
mistral7b,16,near_threshold,model.layers.22.self_attn.q_proj,10389,kl,False,1.7562485833677588e-08,2.555485301670065e-08,-0.00018340697087436392,0.00011606909208229261,-0.0004109023913556574,4.408844960692958e-05,-1.5801534033222986,False,False,128 calibration sequences; not held-out documents,65408,681471,5.869655495244845e-05,same frozen seed0 calibration sequences as finite effect,all FourOverSix; causal-per-token activation,"BF16 forward, FP32 log_softmax, FP64 paired sequence summaries",research_runs/mixfp4_n16k64_full_validation_20260911T065444Z/runs/V43_fidelity_mistral7b_attempt1/fidelity/fidelity_report.json,129ad7a5e54dbe371b7411970b39ee2e28ea06618892632dec7b66c62a0d920e
mistral7b,16,near_threshold,model.layers.10.mlp.down_proj,49398,ce,False,-6.047509846229815e-07,3.449068402972929e-07,-0.0004281395813450217,0.0006859373771730694,-0.0017725768406042378,0.0009162976779141943,-0.6241671551847764,True,False,128 calibration sequences; not held-out documents,65408,681471,5.869655495244845e-05,same frozen seed0 calibration sequences as finite effect,all FourOverSix; causal-per-token activation,"BF16 forward, FP32 log_softmax, FP64 paired sequence summaries",research_runs/mixfp4_n16k64_full_validation_20260911T065444Z/runs/V43_fidelity_mistral7b_attempt1/fidelity/fidelity_report.json,129ad7a5e54dbe371b7411970b39ee2e28ea06618892632dec7b66c62a0d920e
mistral7b,16,near_threshold,model.layers.10.mlp.down_proj,49398,kl,False,-1.295891232100388e-07,1.1066375704194983e-07,-0.0003166076102063259,0.00022755718117573642,-0.0007626196853107693,0.00012940446489811746,-1.391332097587455,True,False,128 calibration sequences; not held-out documents,65408,681471,5.869655495244845e-05,same frozen seed0 calibration sequences as finite effect,all FourOverSix; causal-per-token activation,"BF16 forward, FP32 log_softmax, FP64 paired sequence summaries",research_runs/mixfp4_n16k64_full_validation_20260911T065444Z/runs/V43_fidelity_mistral7b_attempt1/fidelity/fidelity_report.json,129ad7a5e54dbe371b7411970b39ee2e28ea06618892632dec7b66c62a0d920e
mistral7b,16,near_threshold,model.layers.28.self_attn.q_proj,12616,ce,False,4.273620382577725e-08,9.167814552396187e-08,-0.0005337564507499337,0.00029721502548661155,-0.0011162979007036922,4.878499920382489e-05,-1.7958595796967118,False,False,128 calibration sequences; not held-out documents,65408,681471,5.869655495244845e-05,same frozen seed0 calibration sequences as finite effect,all FourOverSix; causal-per-token activation,"BF16 forward, FP32 log_softmax, FP64 paired sequence summaries",research_runs/mixfp4_n16k64_full_validation_20260911T065444Z/runs/V43_fidelity_mistral7b_attempt1/fidelity/fidelity_report.json,129ad7a5e54dbe371b7411970b39ee2e28ea06618892632dec7b66c62a0d920e
mistral7b,16,near_threshold,model.layers.28.self_attn.q_proj,12616,kl,False,-4.041792996817284e-08,2.6970791424379865e-08,-0.00015351413585922678,7.39619034398423e-05,-0.0002984794666013177,-8.54880511713587e-06,-2.0755838981900885,True,True,128 calibration sequences; not held-out documents,65408,681471,5.869655495244845e-05,same frozen seed0 calibration sequences as finite effect,all FourOverSix; causal-per-token activation,"BF16 forward, FP32 log_softmax, FP64 paired sequence summaries",research_runs/mixfp4_n16k64_full_validation_20260911T065444Z/runs/V43_fidelity_mistral7b_attempt1/fidelity/fidelity_report.json,129ad7a5e54dbe371b7411970b39ee2e28ea06618892632dec7b66c62a0d920e
mistral7b,16,near_threshold,model.layers.27.mlp.down_proj,5869,ce,False,-3.5131841913393913e-07,2.6156812163204634e-07,-0.00014633429236710072,0.0002811349727344841,-0.0006973588389266895,0.0004046902541924881,-0.5205125884686893,True,False,128 calibration sequences; not held-out documents,65408,681471,5.869655495244845e-05,same frozen seed0 calibration sequences as finite effect,all FourOverSix; causal-per-token activation,"BF16 forward, FP32 log_softmax, FP64 paired sequence summaries",research_runs/mixfp4_n16k64_full_validation_20260911T065444Z/runs/V43_fidelity_mistral7b_attempt1/fidelity/fidelity_report.json,129ad7a5e54dbe371b7411970b39ee2e28ea06618892632dec7b66c62a0d920e
mistral7b,16,near_threshold,model.layers.27.mlp.down_proj,5869,kl,False,5.905098909853024e-09,8.568042023130173e-08,-0.00012700254258178858,8.952046005099526e-05,-0.00030246264428173927,4.845755911816213e-05,-1.4186985021015495,False,False,128 calibration sequences; not held-out documents,65408,681471,5.869655495244845e-05,same frozen seed0 calibration sequences as finite effect,all FourOverSix; causal-per-token activation,"BF16 forward, FP32 log_softmax, FP64 paired sequence summaries",research_runs/mixfp4_n16k64_full_validation_20260911T065444Z/runs/V43_fidelity_mistral7b_attempt1/fidelity/fidelity_report.json,129ad7a5e54dbe371b7411970b39ee2e28ea06618892632dec7b66c62a0d920e
mistral7b,16,near_threshold,model.layers.19.mlp.down_proj,6044,ce,False,-8.034549424662529e-07,3.7328372073602924e-07,-0.00018758757505565882,0.00044890592932647665,-0.001067443196535553,0.0006922680464242354,-0.4178772495545089,True,False,128 calibration sequences; not held-out documents,65408,681471,5.869655495244845e-05,same frozen seed0 calibration sequences as finite effect,all FourOverSix; causal-per-token activation,"BF16 forward, FP32 log_softmax, FP64 paired sequence summaries",research_runs/mixfp4_n16k64_full_validation_20260911T065444Z/runs/V43_fidelity_mistral7b_attempt1/fidelity/fidelity_report.json,129ad7a5e54dbe371b7411970b39ee2e28ea06618892632dec7b66c62a0d920e
mistral7b,16,near_threshold,model.layers.19.mlp.down_proj,6044,kl,False,-7.436626983658989e-08,1.1228618428699977e-07,-0.00025074717035184787,0.00014964977011099815,-0.0005440607197694043,4.256637906570852e-05,-1.6755600103218589,True,False,128 calibration sequences; not held-out documents,65408,681471,5.869655495244845e-05,same frozen seed0 calibration sequences as finite effect,all FourOverSix; causal-per-token activation,"BF16 forward, FP32 log_softmax, FP64 paired sequence summaries",research_runs/mixfp4_n16k64_full_validation_20260911T065444Z/runs/V43_fidelity_mistral7b_attempt1/fidelity/fidelity_report.json,129ad7a5e54dbe371b7411970b39ee2e28ea06618892632dec7b66c62a0d920e
mistral7b,16,near_threshold,model.layers.16.self_attn.q_proj,2594,ce,False,5.291670022999906e-08,6.0182719657294e-08,2.9516639187932014e-05,0.0006000736403353912,-0.0011466276958694347,0.0012056609742452987,0.0491883615674814,True,False,128 calibration sequences; not held-out documents,65408,681471,5.869655495244845e-05,same frozen seed0 calibration sequences as finite effect,all FourOverSix; causal-per-token activation,"BF16 forward, FP32 log_softmax, FP64 paired sequence summaries",research_runs/mixfp4_n16k64_full_validation_20260911T065444Z/runs/V43_fidelity_mistral7b_attempt1/fidelity/fidelity_report.json,129ad7a5e54dbe371b7411970b39ee2e28ea06618892632dec7b66c62a0d920e
mistral7b,16,near_threshold,model.layers.16.self_attn.q_proj,2594,kl,False,-1.1598553471825479e-08,1.3056095943088168e-08,-0.00021882483140461698,0.0001736319446066303,-0.0005591434428336123,0.00012149378002437839,-1.2602797941379558,True,False,128 calibration sequences; not held-out documents,65408,681471,5.869655495244845e-05,same frozen seed0 calibration sequences as finite effect,all FourOverSix; causal-per-token activation,"BF16 forward, FP32 log_softmax, FP64 paired sequence summaries",research_runs/mixfp4_n16k64_full_validation_20260911T065444Z/runs/V43_fidelity_mistral7b_attempt1/fidelity/fidelity_report.json,129ad7a5e54dbe371b7411970b39ee2e28ea06618892632dec7b66c62a0d920e
mistral7b,16,near_threshold,model.layers.29.mlp.up_proj,44064,ce,False,-4.089851683986012e-07,2.671498682067289e-07,-9.556068107485771e-05,0.00025125333879798554,-0.0005880172251189093,0.0003968958629691939,-0.38033596501454286,True,False,128 calibration sequences; not held-out documents,65408,681471,5.869655495244845e-05,same frozen seed0 calibration sequences as finite effect,all FourOverSix; causal-per-token activation,"BF16 forward, FP32 log_softmax, FP64 paired sequence summaries",research_runs/mixfp4_n16k64_full_validation_20260911T065444Z/runs/V43_fidelity_mistral7b_attempt1/fidelity/fidelity_report.json,129ad7a5e54dbe371b7411970b39ee2e28ea06618892632dec7b66c62a0d920e
mistral7b,16,near_threshold,model.layers.29.mlp.up_proj,44064,kl,False,-1.305268334111931e-07,6.972321572694874e-08,-8.720189393576749e-05,6.499338483267008e-05,-0.0002145889282078008,4.018514033626585e-05,-1.341704146664691,True,False,128 calibration sequences; not held-out documents,65408,681471,5.869655495244845e-05,same frozen seed0 calibration sequences as finite effect,all FourOverSix; causal-per-token activation,"BF16 forward, FP32 log_softmax, FP64 paired sequence summaries",research_runs/mixfp4_n16k64_full_validation_20260911T065444Z/runs/V43_fidelity_mistral7b_attempt1/fidelity/fidelity_report.json,129ad7a5e54dbe371b7411970b39ee2e28ea06618892632dec7b66c62a0d920e
mistral7b,16,near_threshold,model.layers.21.self_attn.q_proj,8501,ce,False,-4.5726588751571207e-08,4.8679007611648646e-08,7.96932727098465e-06,0.00044194353179685225,-0.0008582399950508458,0.0008741786495928151,0.01803245595332732,False,False,128 calibration sequences; not held-out documents,65408,681471,5.869655495244845e-05,same frozen seed0 calibration sequences as finite effect,all FourOverSix; causal-per-token activation,"BF16 forward, FP32 log_softmax, FP64 paired sequence summaries",research_runs/mixfp4_n16k64_full_validation_20260911T065444Z/runs/V43_fidelity_mistral7b_attempt1/fidelity/fidelity_report.json,129ad7a5e54dbe371b7411970b39ee2e28ea06618892632dec7b66c62a0d920e
mistral7b,16,near_threshold,model.layers.21.self_attn.q_proj,8501,kl,False,-1.874475472410375e-09,9.428936776006226e-09,-0.00022810759060561283,0.00017830895026248232,-0.0005775931331200782,0.00012137795190885251,-1.2792828978569146,True,False,128 calibration sequences; not held-out documents,65408,681471,5.869655495244845e-05,same frozen seed0 calibration sequences as finite effect,all FourOverSix; causal-per-token activation,"BF16 forward, FP32 log_softmax, FP64 paired sequence summaries",research_runs/mixfp4_n16k64_full_validation_20260911T065444Z/runs/V43_fidelity_mistral7b_attempt1/fidelity/fidelity_report.json,129ad7a5e54dbe371b7411970b39ee2e28ea06618892632dec7b66c62a0d920e
mistral7b,16,near_threshold,model.layers.0.mlp.gate_proj,2427,ce,False,6.251406808877036e-08,1.300400075311019e-07,-0.0003607430262491107,0.0008630218504859786,-0.0020522658532016284,0.0013307798007034073,-0.4179998757226966,False,False,128 calibration sequences; not held-out documents,65408,681471,5.869655495244845e-05,same frozen seed0 calibration sequences as finite effect,all FourOverSix; causal-per-token activation,"BF16 forward, FP32 log_softmax, FP64 paired sequence summaries",research_runs/mixfp4_n16k64_full_validation_20260911T065444Z/runs/V43_fidelity_mistral7b_attempt1/fidelity/fidelity_report.json,129ad7a5e54dbe371b7411970b39ee2e28ea06618892632dec7b66c62a0d920e
mistral7b,16,near_threshold,model.layers.0.mlp.gate_proj,2427,kl,False,-2.469712001573754e-08,4.978030038677435e-08,-0.0002479609070395098,0.0002703136741111059,-0.0007777757082972774,0.0002818538942182578,-0.9173080416849035,True,False,128 calibration sequences; not held-out documents,65408,681471,5.869655495244845e-05,same frozen seed0 calibration sequences as finite effect,all FourOverSix; causal-per-token activation,"BF16 forward, FP32 log_softmax, FP64 paired sequence summaries",research_runs/mixfp4_n16k64_full_validation_20260911T065444Z/runs/V43_fidelity_mistral7b_attempt1/fidelity/fidelity_report.json,129ad7a5e54dbe371b7411970b39ee2e28ea06618892632dec7b66c62a0d920e
mistral7b,16,near_threshold,model.layers.28.self_attn.q_proj,8841,ce,False,-3.951076660291264e-08,9.942366742052074e-08,-0.0002020436804741621,0.00025706204760280994,-0.0007058852937756695,0.00030179793282734534,-0.785972423227339,True,False,128 calibration sequences; not held-out documents,65408,681471,5.869655495244845e-05,same frozen seed0 calibration sequences as finite effect,all FourOverSix; causal-per-token activation,"BF16 forward, FP32 log_softmax, FP64 paired sequence summaries",research_runs/mixfp4_n16k64_full_validation_20260911T065444Z/runs/V43_fidelity_mistral7b_attempt1/fidelity/fidelity_report.json,129ad7a5e54dbe371b7411970b39ee2e28ea06618892632dec7b66c62a0d920e
mistral7b,16,near_threshold,model.layers.28.self_attn.q_proj,8841,kl,False,-1.648064645171088e-08,3.2577187131839035e-08,-6.806541518623808e-05,7.092994441313602e-05,-0.00020708810623598468,7.095727586350851e-05,-0.9596146697900495,True,False,128 calibration sequences; not held-out documents,65408,681471,5.869655495244845e-05,same frozen seed0 calibration sequences as finite effect,all FourOverSix; causal-per-token activation,"BF16 forward, FP32 log_softmax, FP64 paired sequence summaries",research_runs/mixfp4_n16k64_full_validation_20260911T065444Z/runs/V43_fidelity_mistral7b_attempt1/fidelity/fidelity_report.json,129ad7a5e54dbe371b7411970b39ee2e28ea06618892632dec7b66c62a0d920e
mistral7b,16,near_threshold,model.layers.21.self_attn.q_proj,9350,ce,False,-1.211654137023288e-07,1.3623663149890478e-07,-0.0006716501666232944,0.0004123310804654413,-0.0014798190843355592,0.0001365187510889706,-1.6289098698675162,True,False,128 calibration sequences; not held-out documents,65408,681471,5.869655495244845e-05,same frozen seed0 calibration sequences as finite effect,all FourOverSix; causal-per-token activation,"BF16 forward, FP32 log_softmax, FP64 paired sequence summaries",research_runs/mixfp4_n16k64_full_validation_20260911T065444Z/runs/V43_fidelity_mistral7b_attempt1/fidelity/fidelity_report.json,129ad7a5e54dbe371b7411970b39ee2e28ea06618892632dec7b66c62a0d920e
mistral7b,16,near_threshold,model.layers.21.self_attn.q_proj,9350,kl,False,3.44845706504171e-08,6.432682238514539e-08,-0.00034687839625726995,0.00017046991066976851,-0.0006809994211700162,-1.2757371344523667e-05,-2.034836499264888,False,True,128 calibration sequences; not held-out documents,65408,681471,5.869655495244845e-05,same frozen seed0 calibration sequences as finite effect,all FourOverSix; causal-per-token activation,"BF16 forward, FP32 log_softmax, FP64 paired sequence summaries",research_runs/mixfp4_n16k64_full_validation_20260911T065444Z/runs/V43_fidelity_mistral7b_attempt1/fidelity/fidelity_report.json,129ad7a5e54dbe371b7411970b39ee2e28ea06618892632dec7b66c62a0d920e
mistral7b,16,near_threshold,model.layers.1.self_attn.q_proj,5374,ce,False,7.50297328953875e-08,4.059801791241018e-08,1.5629571862518787e-05,0.0008721148307579742,-0.0016937154964231107,0.0017249746401481482,0.017921460926119993,True,False,128 calibration sequences; not held-out documents,65408,681471,5.869655495244845e-05,same frozen seed0 calibration sequences as finite effect,all FourOverSix; causal-per-token activation,"BF16 forward, FP32 log_softmax, FP64 paired sequence summaries",research_runs/mixfp4_n16k64_full_validation_20260911T065444Z/runs/V43_fidelity_mistral7b_attempt1/fidelity/fidelity_report.json,129ad7a5e54dbe371b7411970b39ee2e28ea06618892632dec7b66c62a0d920e
mistral7b,16,near_threshold,model.layers.1.self_attn.q_proj,5374,kl,False,3.3954813783571014e-08,2.0678495964312375e-08,-0.00035102260646145326,0.00026697871821839645,-0.0008743008941695103,0.00017225568124660374,-1.314796208491444,False,False,128 calibration sequences; not held-out documents,65408,681471,5.869655495244845e-05,same frozen seed0 calibration sequences as finite effect,all FourOverSix; causal-per-token activation,"BF16 forward, FP32 log_softmax, FP64 paired sequence summaries",research_runs/mixfp4_n16k64_full_validation_20260911T065444Z/runs/V43_fidelity_mistral7b_attempt1/fidelity/fidelity_report.json,129ad7a5e54dbe371b7411970b39ee2e28ea06618892632dec7b66c62a0d920e
mistral7b,16,near_threshold,model.layers.0.self_attn.q_proj,12654,ce,False,-2.7304764938645976e-08,4.4601870594515236e-08,0.0009934795089066029,0.0008159487571093427,-0.0006057800550277087,0.0025927390728409144,1.2175758590848247,False,False,128 calibration sequences; not held-out documents,65408,681471,5.869655495244845e-05,same frozen seed0 calibration sequences as finite effect,all FourOverSix; causal-per-token activation,"BF16 forward, FP32 log_softmax, FP64 paired sequence summaries",research_runs/mixfp4_n16k64_full_validation_20260911T065444Z/runs/V43_fidelity_mistral7b_attempt1/fidelity/fidelity_report.json,129ad7a5e54dbe371b7411970b39ee2e28ea06618892632dec7b66c62a0d920e
mistral7b,16,near_threshold,model.layers.0.self_attn.q_proj,12654,kl,False,-5.1435801017279265e-08,1.8801206431457924e-08,-0.0003111026439846778,0.00029029382018783096,-0.0008800785315528265,0.0002578732435834708,-1.0716819386075211,True,False,128 calibration sequences; not held-out documents,65408,681471,5.869655495244845e-05,same frozen seed0 calibration sequences as finite effect,all FourOverSix; causal-per-token activation,"BF16 forward, FP32 log_softmax, FP64 paired sequence summaries",research_runs/mixfp4_n16k64_full_validation_20260911T065444Z/runs/V43_fidelity_mistral7b_attempt1/fidelity/fidelity_report.json,129ad7a5e54dbe371b7411970b39ee2e28ea06618892632dec7b66c62a0d920e
mistral7b,16,rejected,model.layers.17.mlp.down_proj,52862,ce,False,1.1528756838075083e-09,4.1537073490671797e-07,-0.00030279450584203005,0.0005361160751124971,-0.0013535820130625242,0.0007479930013784641,-0.564792812411925,False,False,128 calibration sequences; not held-out documents,65408,3407084,1.174024473714179e-05,same frozen seed0 calibration sequences as finite effect,all FourOverSix; causal-per-token activation,"BF16 forward, FP32 log_softmax, FP64 paired sequence summaries",research_runs/mixfp4_n16k64_full_validation_20260911T065444Z/runs/V43_fidelity_mistral7b_attempt1/fidelity/fidelity_report.json,129ad7a5e54dbe371b7411970b39ee2e28ea06618892632dec7b66c62a0d920e
mistral7b,16,rejected,model.layers.17.mlp.down_proj,52862,kl,False,-5.241474254624734e-09,1.1445294709778341e-07,-0.00019100214144118508,0.0001808552121967562,-0.0005454783573468272,0.00016347407446445708,-1.0561052629956267,True,False,128 calibration sequences; not held-out documents,65408,3407084,1.174024473714179e-05,same frozen seed0 calibration sequences as finite effect,all FourOverSix; causal-per-token activation,"BF16 forward, FP32 log_softmax, FP64 paired sequence summaries",research_runs/mixfp4_n16k64_full_validation_20260911T065444Z/runs/V43_fidelity_mistral7b_attempt1/fidelity/fidelity_report.json,129ad7a5e54dbe371b7411970b39ee2e28ea06618892632dec7b66c62a0d920e
mistral7b,16,rejected,model.layers.13.mlp.down_proj,22105,ce,False,2.52587531002213e-07,2.9892135868968454e-07,-2.1311920136213303e-05,0.000636758426433701,-0.0012693584359462673,0.0012267345956738407,-0.03346939632283341,False,False,128 calibration sequences; not held-out documents,65408,3407084,1.174024473714179e-05,same frozen seed0 calibration sequences as finite effect,all FourOverSix; causal-per-token activation,"BF16 forward, FP32 log_softmax, FP64 paired sequence summaries",research_runs/mixfp4_n16k64_full_validation_20260911T065444Z/runs/V43_fidelity_mistral7b_attempt1/fidelity/fidelity_report.json,129ad7a5e54dbe371b7411970b39ee2e28ea06618892632dec7b66c62a0d920e
mistral7b,16,rejected,model.layers.13.mlp.down_proj,22105,kl,False,1.2806360730199806e-07,8.191370639173997e-08,-0.0003514810058080986,0.0002034127796408564,-0.0007501700539041771,4.720804228797995e-05,-1.7279199784235288,False,False,128 calibration sequences; not held-out documents,65408,3407084,1.174024473714179e-05,same frozen seed0 calibration sequences as finite effect,all FourOverSix; causal-per-token activation,"BF16 forward, FP32 log_softmax, FP64 paired sequence summaries",research_runs/mixfp4_n16k64_full_validation_20260911T065444Z/runs/V43_fidelity_mistral7b_attempt1/fidelity/fidelity_report.json,129ad7a5e54dbe371b7411970b39ee2e28ea06618892632dec7b66c62a0d920e
mistral7b,16,rejected,model.layers.25.mlp.gate_proj,8055,ce,False,-2.073216665010591e-08,3.584347842475945e-07,0.00026492017786949873,0.0003493025591956934,-0.0004197128381540603,0.0009495531938930578,0.7584261005115618,False,False,128 calibration sequences; not held-out documents,65408,3407084,1.174024473714179e-05,same frozen seed0 calibration sequences as finite effect,all FourOverSix; causal-per-token activation,"BF16 forward, FP32 log_softmax, FP64 paired sequence summaries",research_runs/mixfp4_n16k64_full_validation_20260911T065444Z/runs/V43_fidelity_mistral7b_attempt1/fidelity/fidelity_report.json,129ad7a5e54dbe371b7411970b39ee2e28ea06618892632dec7b66c62a0d920e
mistral7b,16,rejected,model.layers.25.mlp.gate_proj,8055,kl,False,2.500303690478045e-08,1.332207802541029e-07,-7.646847456459135e-05,0.00011685806401425939,-0.00030551028003253974,0.00015257333090335705,-0.6543705409603604,False,False,128 calibration sequences; not held-out documents,65408,3407084,1.174024473714179e-05,same frozen seed0 calibration sequences as finite effect,all FourOverSix; causal-per-token activation,"BF16 forward, FP32 log_softmax, FP64 paired sequence summaries",research_runs/mixfp4_n16k64_full_validation_20260911T065444Z/runs/V43_fidelity_mistral7b_attempt1/fidelity/fidelity_report.json,129ad7a5e54dbe371b7411970b39ee2e28ea06618892632dec7b66c62a0d920e
mistral7b,16,rejected,model.layers.21.mlp.down_proj,3382,ce,False,1.0296451369296022e-07,3.860739340864997e-07,0.00017144065350294113,0.00044241017300862074,-0.0006956832855939555,0.0010385645925998378,0.3875151702255284,True,False,128 calibration sequences; not held-out documents,65408,3407084,1.174024473714179e-05,same frozen seed0 calibration sequences as finite effect,all FourOverSix; causal-per-token activation,"BF16 forward, FP32 log_softmax, FP64 paired sequence summaries",research_runs/mixfp4_n16k64_full_validation_20260911T065444Z/runs/V43_fidelity_mistral7b_attempt1/fidelity/fidelity_report.json,129ad7a5e54dbe371b7411970b39ee2e28ea06618892632dec7b66c62a0d920e
mistral7b,16,rejected,model.layers.21.mlp.down_proj,3382,kl,False,4.299120306971993e-08,1.4664677649791756e-07,-0.00019155218106548858,0.0001599280413356799,-0.0005050111420834212,0.00012190677995244404,-1.1977398051379333,False,False,128 calibration sequences; not held-out documents,65408,3407084,1.174024473714179e-05,same frozen seed0 calibration sequences as finite effect,all FourOverSix; causal-per-token activation,"BF16 forward, FP32 log_softmax, FP64 paired sequence summaries",research_runs/mixfp4_n16k64_full_validation_20260911T065444Z/runs/V43_fidelity_mistral7b_attempt1/fidelity/fidelity_report.json,129ad7a5e54dbe371b7411970b39ee2e28ea06618892632dec7b66c62a0d920e
mistral7b,16,rejected,model.layers.1.self_attn.o_proj,7497,ce,False,6.510618703048365e-07,5.360309283952852e-07,0.00012998015154153109,0.0008174059013857372,-0.0014721354151745138,0.001732095718257576,0.15901543079292368,True,False,128 calibration sequences; not held-out documents,65408,3407084,1.174024473714179e-05,same frozen seed0 calibration sequences as finite effect,all FourOverSix; causal-per-token activation,"BF16 forward, FP32 log_softmax, FP64 paired sequence summaries",research_runs/mixfp4_n16k64_full_validation_20260911T065444Z/runs/V43_fidelity_mistral7b_attempt1/fidelity/fidelity_report.json,129ad7a5e54dbe371b7411970b39ee2e28ea06618892632dec7b66c62a0d920e
mistral7b,16,rejected,model.layers.1.self_attn.o_proj,7497,kl,False,-2.2475307531744093e-07,2.1508208931970766e-07,-7.344372341411872e-05,0.0002231344337127845,-0.0005107872134911763,0.0003638997666629389,-0.32914562845398593,True,False,128 calibration sequences; not held-out documents,65408,3407084,1.174024473714179e-05,same frozen seed0 calibration sequences as finite effect,all FourOverSix; causal-per-token activation,"BF16 forward, FP32 log_softmax, FP64 paired sequence summaries",research_runs/mixfp4_n16k64_full_validation_20260911T065444Z/runs/V43_fidelity_mistral7b_attempt1/fidelity/fidelity_report.json,129ad7a5e54dbe371b7411970b39ee2e28ea06618892632dec7b66c62a0d920e
mistral7b,16,rejected,model.layers.31.self_attn.o_proj,7213,ce,False,4.4414158106853563e-07,4.6546387922904044e-07,2.4799257516860962e-05,3.488324586504984e-05,-4.3571904378636724e-05,9.317041941235865e-05,0.7109217305293195,True,False,128 calibration sequences; not held-out documents,65408,3407084,1.174024473714179e-05,same frozen seed0 calibration sequences as finite effect,all FourOverSix; causal-per-token activation,"BF16 forward, FP32 log_softmax, FP64 paired sequence summaries",research_runs/mixfp4_n16k64_full_validation_20260911T065444Z/runs/V43_fidelity_mistral7b_attempt1/fidelity/fidelity_report.json,129ad7a5e54dbe371b7411970b39ee2e28ea06618892632dec7b66c62a0d920e
mistral7b,16,rejected,model.layers.31.self_attn.o_proj,7213,kl,False,1.7574987160040578e-08,1.0412283494198639e-07,-1.1740655896154181e-05,5.981677169522703e-06,-2.346474314841868e-05,-1.6568643889684282e-08,-1.9627698993810805,False,True,128 calibration sequences; not held-out documents,65408,3407084,1.174024473714179e-05,same frozen seed0 calibration sequences as finite effect,all FourOverSix; causal-per-token activation,"BF16 forward, FP32 log_softmax, FP64 paired sequence summaries",research_runs/mixfp4_n16k64_full_validation_20260911T065444Z/runs/V43_fidelity_mistral7b_attempt1/fidelity/fidelity_report.json,129ad7a5e54dbe371b7411970b39ee2e28ea06618892632dec7b66c62a0d920e
mistral7b,16,rejected,model.layers.23.mlp.gate_proj,9427,ce,False,2.2167974256248613e-07,2.975503635327917e-07,-0.001020493684336543,0.00042785710521076395,-0.0018590936105496404,-0.00018189375812344578,-2.3851273518850276,False,True,128 calibration sequences; not held-out documents,65408,3407084,1.174024473714179e-05,same frozen seed0 calibration sequences as finite effect,all FourOverSix; causal-per-token activation,"BF16 forward, FP32 log_softmax, FP64 paired sequence summaries",research_runs/mixfp4_n16k64_full_validation_20260911T065444Z/runs/V43_fidelity_mistral7b_attempt1/fidelity/fidelity_report.json,129ad7a5e54dbe371b7411970b39ee2e28ea06618892632dec7b66c62a0d920e
mistral7b,16,rejected,model.layers.23.mlp.gate_proj,9427,kl,False,-5.038884087760209e-09,1.093004506441059e-07,-0.0003927749550157258,0.00013907247843722843,-0.0006653570127526935,-0.00012019289727875811,-2.824246460761884,True,True,128 calibration sequences; not held-out documents,65408,3407084,1.174024473714179e-05,same frozen seed0 calibration sequences as finite effect,all FourOverSix; causal-per-token activation,"BF16 forward, FP32 log_softmax, FP64 paired sequence summaries",research_runs/mixfp4_n16k64_full_validation_20260911T065444Z/runs/V43_fidelity_mistral7b_attempt1/fidelity/fidelity_report.json,129ad7a5e54dbe371b7411970b39ee2e28ea06618892632dec7b66c62a0d920e
mistral7b,16,rejected,model.layers.10.mlp.down_proj,19153,ce,False,8.955238932628617e-07,3.3051494652855524e-07,-0.0005426582647487521,0.0006279660090131088,-0.0017734716424144454,0.0006881551129169412,-0.8641522900285262,False,False,128 calibration sequences; not held-out documents,65408,3407084,1.174024473714179e-05,same frozen seed0 calibration sequences as finite effect,all FourOverSix; causal-per-token activation,"BF16 forward, FP32 log_softmax, FP64 paired sequence summaries",research_runs/mixfp4_n16k64_full_validation_20260911T065444Z/runs/V43_fidelity_mistral7b_attempt1/fidelity/fidelity_report.json,129ad7a5e54dbe371b7411970b39ee2e28ea06618892632dec7b66c62a0d920e
mistral7b,16,rejected,model.layers.10.mlp.down_proj,19153,kl,False,-8.094650794099323e-08,1.0819254331787702e-07,-0.00024532290240209686,0.00019256139472722297,-0.0006227432360674538,0.00013209743126326015,-1.2739983668565258,True,False,128 calibration sequences; not held-out documents,65408,3407084,1.174024473714179e-05,same frozen seed0 calibration sequences as finite effect,all FourOverSix; causal-per-token activation,"BF16 forward, FP32 log_softmax, FP64 paired sequence summaries",research_runs/mixfp4_n16k64_full_validation_20260911T065444Z/runs/V43_fidelity_mistral7b_attempt1/fidelity/fidelity_report.json,129ad7a5e54dbe371b7411970b39ee2e28ea06618892632dec7b66c62a0d920e
mistral7b,16,rejected,model.layers.19.mlp.down_proj,22423,ce,False,-2.923521640330051e-07,4.5765666749862375e-07,-0.00011241226457059383,0.00046417930121457076,-0.0010222036949511524,0.0007973791658099648,-0.24217422939035863,True,False,128 calibration sequences; not held-out documents,65408,3407084,1.174024473714179e-05,same frozen seed0 calibration sequences as finite effect,all FourOverSix; causal-per-token activation,"BF16 forward, FP32 log_softmax, FP64 paired sequence summaries",research_runs/mixfp4_n16k64_full_validation_20260911T065444Z/runs/V43_fidelity_mistral7b_attempt1/fidelity/fidelity_report.json,129ad7a5e54dbe371b7411970b39ee2e28ea06618892632dec7b66c62a0d920e
mistral7b,16,rejected,model.layers.19.mlp.down_proj,22423,kl,False,-1.3448428756723807e-07,1.3484131055381907e-07,-0.0002645699264154018,0.0001803095308983962,-0.0006179766069762583,8.883675414545476e-05,-1.4673097151169785,True,False,128 calibration sequences; not held-out documents,65408,3407084,1.174024473714179e-05,same frozen seed0 calibration sequences as finite effect,all FourOverSix; causal-per-token activation,"BF16 forward, FP32 log_softmax, FP64 paired sequence summaries",research_runs/mixfp4_n16k64_full_validation_20260911T065444Z/runs/V43_fidelity_mistral7b_attempt1/fidelity/fidelity_report.json,129ad7a5e54dbe371b7411970b39ee2e28ea06618892632dec7b66c62a0d920e
mistral7b,16,rejected,model.layers.18.mlp.down_proj,40652,ce,False,8.808457327980079e-07,4.860219215427045e-07,-6.783998105674982e-05,0.0004907379450800888,-0.0010296863534137238,0.0008940063913002242,-0.1382407489310375,False,False,128 calibration sequences; not held-out documents,65408,3407084,1.174024473714179e-05,same frozen seed0 calibration sequences as finite effect,all FourOverSix; causal-per-token activation,"BF16 forward, FP32 log_softmax, FP64 paired sequence summaries",research_runs/mixfp4_n16k64_full_validation_20260911T065444Z/runs/V43_fidelity_mistral7b_attempt1/fidelity/fidelity_report.json,129ad7a5e54dbe371b7411970b39ee2e28ea06618892632dec7b66c62a0d920e
mistral7b,16,rejected,model.layers.18.mlp.down_proj,40652,kl,False,2.3830671547209192e-08,1.385075100059775e-07,-7.734225646503272e-05,0.00018450396063295592,-0.00043897001930562633,0.00028428550637556085,-0.4191902233410263,False,False,128 calibration sequences; not held-out documents,65408,3407084,1.174024473714179e-05,same frozen seed0 calibration sequences as finite effect,all FourOverSix; causal-per-token activation,"BF16 forward, FP32 log_softmax, FP64 paired sequence summaries",research_runs/mixfp4_n16k64_full_validation_20260911T065444Z/runs/V43_fidelity_mistral7b_attempt1/fidelity/fidelity_report.json,129ad7a5e54dbe371b7411970b39ee2e28ea06618892632dec7b66c62a0d920e
mistral7b,16,rejected,model.layers.9.mlp.down_proj,51994,ce,False,1.0428426960862325e-06,3.654367549232378e-07,2.4173990823328495e-05,0.0007233524997558658,-0.0013935969086981686,0.0014419448903448256,0.033419378285811284,True,False,128 calibration sequences; not held-out documents,65408,3407084,1.174024473714179e-05,same frozen seed0 calibration sequences as finite effect,all FourOverSix; causal-per-token activation,"BF16 forward, FP32 log_softmax, FP64 paired sequence summaries",research_runs/mixfp4_n16k64_full_validation_20260911T065444Z/runs/V43_fidelity_mistral7b_attempt1/fidelity/fidelity_report.json,129ad7a5e54dbe371b7411970b39ee2e28ea06618892632dec7b66c62a0d920e
mistral7b,16,rejected,model.layers.9.mlp.down_proj,51994,kl,False,3.322085659340779e-08,8.33235890060044e-08,-0.00020858546822915175,0.00020873153738587381,-0.0006176992815054644,0.00020052834504716093,-0.9993002056203322,False,False,128 calibration sequences; not held-out documents,65408,3407084,1.174024473714179e-05,same frozen seed0 calibration sequences as finite effect,all FourOverSix; causal-per-token activation,"BF16 forward, FP32 log_softmax, FP64 paired sequence summaries",research_runs/mixfp4_n16k64_full_validation_20260911T065444Z/runs/V43_fidelity_mistral7b_attempt1/fidelity/fidelity_report.json,129ad7a5e54dbe371b7411970b39ee2e28ea06618892632dec7b66c62a0d920e
mistral7b,16,rejected,model.layers.30.mlp.up_proj,6834,ce,False,2.0997605287842447e-07,2.979453519590833e-07,-2.713582944124937e-05,0.00015814998319353996,-0.0003371097965005877,0.00028283813761808895,-0.1715828790701876,False,False,128 calibration sequences; not held-out documents,65408,3407084,1.174024473714179e-05,same frozen seed0 calibration sequences as finite effect,all FourOverSix; causal-per-token activation,"BF16 forward, FP32 log_softmax, FP64 paired sequence summaries",research_runs/mixfp4_n16k64_full_validation_20260911T065444Z/runs/V43_fidelity_mistral7b_attempt1/fidelity/fidelity_report.json,129ad7a5e54dbe371b7411970b39ee2e28ea06618892632dec7b66c62a0d920e
mistral7b,16,rejected,model.layers.30.mlp.up_proj,6834,kl,False,1.4400894751687154e-07,6.291812154283025e-08,-1.613714819333549e-05,2.9130884910058096e-05,-7.323368261704936e-05,4.095938623037838e-05,-0.5539532438907744,False,False,128 calibration sequences; not held-out documents,65408,3407084,1.174024473714179e-05,same frozen seed0 calibration sequences as finite effect,all FourOverSix; causal-per-token activation,"BF16 forward, FP32 log_softmax, FP64 paired sequence summaries",research_runs/mixfp4_n16k64_full_validation_20260911T065444Z/runs/V43_fidelity_mistral7b_attempt1/fidelity/fidelity_report.json,129ad7a5e54dbe371b7411970b39ee2e28ea06618892632dec7b66c62a0d920e
mistral7b,16,rejected,model.layers.1.self_attn.o_proj,5079,ce,False,9.437798533795672e-07,7.528450669436711e-07,-5.1254057325422764e-05,0.000886202455826063,-0.0017882108707445062,0.0016857027560936606,-0.05783560741506512,False,False,128 calibration sequences; not held-out documents,65408,3407084,1.174024473714179e-05,same frozen seed0 calibration sequences as finite effect,all FourOverSix; causal-per-token activation,"BF16 forward, FP32 log_softmax, FP64 paired sequence summaries",research_runs/mixfp4_n16k64_full_validation_20260911T065444Z/runs/V43_fidelity_mistral7b_attempt1/fidelity/fidelity_report.json,129ad7a5e54dbe371b7411970b39ee2e28ea06618892632dec7b66c62a0d920e
mistral7b,16,rejected,model.layers.1.self_attn.o_proj,5079,kl,False,7.34571905525172e-08,2.3146555558530285e-07,-0.00018742870212070894,0.0002277750552803227,-0.0006338678104701415,0.00025901040622872357,-0.822867551892548,False,False,128 calibration sequences; not held-out documents,65408,3407084,1.174024473714179e-05,same frozen seed0 calibration sequences as finite effect,all FourOverSix; causal-per-token activation,"BF16 forward, FP32 log_softmax, FP64 paired sequence summaries",research_runs/mixfp4_n16k64_full_validation_20260911T065444Z/runs/V43_fidelity_mistral7b_attempt1/fidelity/fidelity_report.json,129ad7a5e54dbe371b7411970b39ee2e28ea06618892632dec7b66c62a0d920e
mistral7b,16,rejected,model.layers.7.mlp.up_proj,47596,ce,False,3.2946619221707607e-07,5.161430545938705e-07,0.0003365159500390291,0.0007444139429710455,-0.00112253537818422,0.0017955672782622783,0.4520548724489946,True,False,128 calibration sequences; not held-out documents,65408,3407084,1.174024473714179e-05,same frozen seed0 calibration sequences as finite effect,all FourOverSix; causal-per-token activation,"BF16 forward, FP32 log_softmax, FP64 paired sequence summaries",research_runs/mixfp4_n16k64_full_validation_20260911T065444Z/runs/V43_fidelity_mistral7b_attempt1/fidelity/fidelity_report.json,129ad7a5e54dbe371b7411970b39ee2e28ea06618892632dec7b66c62a0d920e
mistral7b,16,rejected,model.layers.7.mlp.up_proj,47596,kl,False,-1.701403775367094e-07,2.740356898833967e-07,-0.00024015991885384535,0.0002404962588351324,-0.0007115325861707048,0.00023121274846301415,-0.9986014752041626,True,False,128 calibration sequences; not held-out documents,65408,3407084,1.174024473714179e-05,same frozen seed0 calibration sequences as finite effect,all FourOverSix; causal-per-token activation,"BF16 forward, FP32 log_softmax, FP64 paired sequence summaries",research_runs/mixfp4_n16k64_full_validation_20260911T065444Z/runs/V43_fidelity_mistral7b_attempt1/fidelity/fidelity_report.json,129ad7a5e54dbe371b7411970b39ee2e28ea06618892632dec7b66c62a0d920e
mistral7b,16,rejected,model.layers.5.self_attn.v_proj,704,ce,False,-7.2415882179655e-07,7.948167660850353e-07,-0.0010575689375400543,0.0007823018545550663,-0.002590880572467984,0.00047574269738787545,-1.3518681201919764,True,False,128 calibration sequences; not held-out documents,65408,3407084,1.174024473714179e-05,same frozen seed0 calibration sequences as finite effect,all FourOverSix; causal-per-token activation,"BF16 forward, FP32 log_softmax, FP64 paired sequence summaries",research_runs/mixfp4_n16k64_full_validation_20260911T065444Z/runs/V43_fidelity_mistral7b_attempt1/fidelity/fidelity_report.json,129ad7a5e54dbe371b7411970b39ee2e28ea06618892632dec7b66c62a0d920e
mistral7b,16,rejected,model.layers.5.self_attn.v_proj,704,kl,False,2.4925940256270707e-07,3.2661066252405775e-07,-0.00031957075931822703,0.00021708620936031418,-0.0007450597296644428,0.00010591821102798874,-1.4720914804303005,False,False,128 calibration sequences; not held-out documents,65408,3407084,1.174024473714179e-05,same frozen seed0 calibration sequences as finite effect,all FourOverSix; causal-per-token activation,"BF16 forward, FP32 log_softmax, FP64 paired sequence summaries",research_runs/mixfp4_n16k64_full_validation_20260911T065444Z/runs/V43_fidelity_mistral7b_attempt1/fidelity/fidelity_report.json,129ad7a5e54dbe371b7411970b39ee2e28ea06618892632dec7b66c62a0d920e
mistral7b,16,rejected,model.layers.3.mlp.up_proj,37014,ce,False,9.086722463358399e-08,3.960897200172215e-07,-0.00013588694855570793,0.0008202861277768599,-0.0017436477589983532,0.0014718738618869373,-0.16565798683440966,False,False,128 calibration sequences; not held-out documents,65408,3407084,1.174024473714179e-05,same frozen seed0 calibration sequences as finite effect,all FourOverSix; causal-per-token activation,"BF16 forward, FP32 log_softmax, FP64 paired sequence summaries",research_runs/mixfp4_n16k64_full_validation_20260911T065444Z/runs/V43_fidelity_mistral7b_attempt1/fidelity/fidelity_report.json,129ad7a5e54dbe371b7411970b39ee2e28ea06618892632dec7b66c62a0d920e
mistral7b,16,rejected,model.layers.3.mlp.up_proj,37014,kl,False,-1.3865475156915608e-07,1.7804086041631714e-07,3.915146025098513e-06,0.00024337127366626577,-0.0004730925503607824,0.00048092284241097946,0.016087132906521005,False,False,128 calibration sequences; not held-out documents,65408,3407084,1.174024473714179e-05,same frozen seed0 calibration sequences as finite effect,all FourOverSix; causal-per-token activation,"BF16 forward, FP32 log_softmax, FP64 paired sequence summaries",research_runs/mixfp4_n16k64_full_validation_20260911T065444Z/runs/V43_fidelity_mistral7b_attempt1/fidelity/fidelity_report.json,129ad7a5e54dbe371b7411970b39ee2e28ea06618892632dec7b66c62a0d920e
mistral7b,16,rejected,model.layers.1.mlp.down_proj,38471,ce,False,3.432096216116065e-07,3.419851872295887e-07,-0.0011885152198374271,0.0008213366156713964,-0.002798334986553364,0.0004213045468785099,-1.4470500853853725,False,False,128 calibration sequences; not held-out documents,65408,3407084,1.174024473714179e-05,same frozen seed0 calibration sequences as finite effect,all FourOverSix; causal-per-token activation,"BF16 forward, FP32 log_softmax, FP64 paired sequence summaries",research_runs/mixfp4_n16k64_full_validation_20260911T065444Z/runs/V43_fidelity_mistral7b_attempt1/fidelity/fidelity_report.json,129ad7a5e54dbe371b7411970b39ee2e28ea06618892632dec7b66c62a0d920e
mistral7b,16,rejected,model.layers.1.mlp.down_proj,38471,kl,False,-8.770686812931139e-08,1.0752996710149804e-07,-0.0004633808844090987,0.00025409618316773075,-0.000961409403417851,3.46476345996536e-05,-1.823643624364155,True,False,128 calibration sequences; not held-out documents,65408,3407084,1.174024473714179e-05,same frozen seed0 calibration sequences as finite effect,all FourOverSix; causal-per-token activation,"BF16 forward, FP32 log_softmax, FP64 paired sequence summaries",research_runs/mixfp4_n16k64_full_validation_20260911T065444Z/runs/V43_fidelity_mistral7b_attempt1/fidelity/fidelity_report.json,129ad7a5e54dbe371b7411970b39ee2e28ea06618892632dec7b66c62a0d920e
mistral7b,16,rejected,model.layers.3.mlp.up_proj,23045,ce,False,-4.3205821775860187e-07,4.826967299244974e-07,-0.0005412232130765915,0.0007741404664089826,-0.002058538527238197,0.0009760921010850143,-0.6991279187189012,True,False,128 calibration sequences; not held-out documents,65408,3407084,1.174024473714179e-05,same frozen seed0 calibration sequences as finite effect,all FourOverSix; causal-per-token activation,"BF16 forward, FP32 log_softmax, FP64 paired sequence summaries",research_runs/mixfp4_n16k64_full_validation_20260911T065444Z/runs/V43_fidelity_mistral7b_attempt1/fidelity/fidelity_report.json,129ad7a5e54dbe371b7411970b39ee2e28ea06618892632dec7b66c62a0d920e
mistral7b,16,rejected,model.layers.3.mlp.up_proj,23045,kl,False,-7.75655351059612e-09,1.3925674884910132e-07,-0.0003832340343762074,0.00025645294437634037,-0.0008858818053538344,0.00011941373660141969,-1.4943639477728823,True,False,128 calibration sequences; not held-out documents,65408,3407084,1.174024473714179e-05,same frozen seed0 calibration sequences as finite effect,all FourOverSix; causal-per-token activation,"BF16 forward, FP32 log_softmax, FP64 paired sequence summaries",research_runs/mixfp4_n16k64_full_validation_20260911T065444Z/runs/V43_fidelity_mistral7b_attempt1/fidelity/fidelity_report.json,129ad7a5e54dbe371b7411970b39ee2e28ea06618892632dec7b66c62a0d920e
mistral7b,16,rejected,model.layers.22.mlp.down_proj,48826,ce,False,1.0700261343643547e-08,4.175755347286148e-07,-0.00042861606925725937,0.00044754154656236994,-0.0013057975005195043,0.0004485653620049857,-0.9577123566505058,False,False,128 calibration sequences; not held-out documents,65408,3407084,1.174024473714179e-05,same frozen seed0 calibration sequences as finite effect,all FourOverSix; causal-per-token activation,"BF16 forward, FP32 log_softmax, FP64 paired sequence summaries",research_runs/mixfp4_n16k64_full_validation_20260911T065444Z/runs/V43_fidelity_mistral7b_attempt1/fidelity/fidelity_report.json,129ad7a5e54dbe371b7411970b39ee2e28ea06618892632dec7b66c62a0d920e
mistral7b,16,rejected,model.layers.22.mlp.down_proj,48826,kl,False,9.797990654925037e-09,1.5430777187333197e-07,-0.00018574820117746115,0.00013207637843920807,-0.000444617902918309,7.312150056338669e-05,-1.4063695823016307,False,False,128 calibration sequences; not held-out documents,65408,3407084,1.174024473714179e-05,same frozen seed0 calibration sequences as finite effect,all FourOverSix; causal-per-token activation,"BF16 forward, FP32 log_softmax, FP64 paired sequence summaries",research_runs/mixfp4_n16k64_full_validation_20260911T065444Z/runs/V43_fidelity_mistral7b_attempt1/fidelity/fidelity_report.json,129ad7a5e54dbe371b7411970b39ee2e28ea06618892632dec7b66c62a0d920e
mistral7b,16,rejected,model.layers.8.mlp.gate_proj,56406,ce,False,-3.529229752885499e-08,4.739357256937524e-07,-0.0009014859097078443,0.0006872433090824764,-0.002248482795509498,0.0004455109760938096,-1.3117419955843563,True,False,128 calibration sequences; not held-out documents,65408,3407084,1.174024473714179e-05,same frozen seed0 calibration sequences as finite effect,all FourOverSix; causal-per-token activation,"BF16 forward, FP32 log_softmax, FP64 paired sequence summaries",research_runs/mixfp4_n16k64_full_validation_20260911T065444Z/runs/V43_fidelity_mistral7b_attempt1/fidelity/fidelity_report.json,129ad7a5e54dbe371b7411970b39ee2e28ea06618892632dec7b66c62a0d920e
mistral7b,16,rejected,model.layers.8.mlp.gate_proj,56406,kl,False,-2.4947236121342087e-07,1.3400702633317684e-07,-0.0004208342902880249,0.00024684262651347,-0.0009046458382544261,6.297725767837633e-05,-1.704868791229866,True,False,128 calibration sequences; not held-out documents,65408,3407084,1.174024473714179e-05,same frozen seed0 calibration sequences as finite effect,all FourOverSix; causal-per-token activation,"BF16 forward, FP32 log_softmax, FP64 paired sequence summaries",research_runs/mixfp4_n16k64_full_validation_20260911T065444Z/runs/V43_fidelity_mistral7b_attempt1/fidelity/fidelity_report.json,129ad7a5e54dbe371b7411970b39ee2e28ea06618892632dec7b66c62a0d920e
mistral7b,16,rejected,model.layers.17.self_attn.q_proj,10224,ce,False,-5.463699714880477e-09,7.677310382320673e-07,-8.798902854323387e-05,0.0005881018273842585,-0.0012406686102163806,0.0010646905531299128,-0.14961529525352577,True,False,128 calibration sequences; not held-out documents,65408,3407084,1.174024473714179e-05,same frozen seed0 calibration sequences as finite effect,all FourOverSix; causal-per-token activation,"BF16 forward, FP32 log_softmax, FP64 paired sequence summaries",research_runs/mixfp4_n16k64_full_validation_20260911T065444Z/runs/V43_fidelity_mistral7b_attempt1/fidelity/fidelity_report.json,129ad7a5e54dbe371b7411970b39ee2e28ea06618892632dec7b66c62a0d920e
mistral7b,16,rejected,model.layers.17.self_attn.q_proj,10224,kl,False,5.716932480748227e-07,2.3467350104220727e-07,-0.00015971207846966277,0.00018933572558371036,-0.0005308101006137351,0.00021138594367440955,-0.8435390520055329,False,False,128 calibration sequences; not held-out documents,65408,3407084,1.174024473714179e-05,same frozen seed0 calibration sequences as finite effect,all FourOverSix; causal-per-token activation,"BF16 forward, FP32 log_softmax, FP64 paired sequence summaries",research_runs/mixfp4_n16k64_full_validation_20260911T065444Z/runs/V43_fidelity_mistral7b_attempt1/fidelity/fidelity_report.json,129ad7a5e54dbe371b7411970b39ee2e28ea06618892632dec7b66c62a0d920e
mistral7b,16,rejected,model.layers.17.self_attn.v_proj,3156,ce,False,1.1278290301675042e-07,6.625105605269201e-07,-0.00012482714373618364,0.0005392649424840856,-0.0011817864310049915,0.0009321321435326242,-0.23147646713538672,False,False,128 calibration sequences; not held-out documents,65408,3407084,1.174024473714179e-05,same frozen seed0 calibration sequences as finite effect,all FourOverSix; causal-per-token activation,"BF16 forward, FP32 log_softmax, FP64 paired sequence summaries",research_runs/mixfp4_n16k64_full_validation_20260911T065444Z/runs/V43_fidelity_mistral7b_attempt1/fidelity/fidelity_report.json,129ad7a5e54dbe371b7411970b39ee2e28ea06618892632dec7b66c62a0d920e
mistral7b,16,rejected,model.layers.17.self_attn.v_proj,3156,kl,False,1.6325840468400798e-07,1.8292752433397392e-07,-0.0002057904078569842,0.00020708300344629742,-0.0006116730946117272,0.0002000922788977587,-0.993758079766076,False,False,128 calibration sequences; not held-out documents,65408,3407084,1.174024473714179e-05,same frozen seed0 calibration sequences as finite effect,all FourOverSix; causal-per-token activation,"BF16 forward, FP32 log_softmax, FP64 paired sequence summaries",research_runs/mixfp4_n16k64_full_validation_20260911T065444Z/runs/V43_fidelity_mistral7b_attempt1/fidelity/fidelity_report.json,129ad7a5e54dbe371b7411970b39ee2e28ea06618892632dec7b66c62a0d920e
mistral7b,16,rejected,model.layers.26.mlp.down_proj,11402,ce,False,1.3334851745039344e-07,3.233768842164395e-07,-2.2481894120573997e-05,0.00030465922160445797,-0.0006196139684653116,0.0005746501802241636,-0.07379357828781713,False,False,128 calibration sequences; not held-out documents,65408,3407084,1.174024473714179e-05,same frozen seed0 calibration sequences as finite effect,all FourOverSix; causal-per-token activation,"BF16 forward, FP32 log_softmax, FP64 paired sequence summaries",research_runs/mixfp4_n16k64_full_validation_20260911T065444Z/runs/V43_fidelity_mistral7b_attempt1/fidelity/fidelity_report.json,129ad7a5e54dbe371b7411970b39ee2e28ea06618892632dec7b66c62a0d920e
mistral7b,16,rejected,model.layers.26.mlp.down_proj,11402,kl,False,1.4236558487645823e-08,9.004431565213885e-08,-0.00012218104570048264,7.751253809570048e-05,-0.0002741056203680556,2.9743528967090307e-05,-1.5762746092720172,False,False,128 calibration sequences; not held-out documents,65408,3407084,1.174024473714179e-05,same frozen seed0 calibration sequences as finite effect,all FourOverSix; causal-per-token activation,"BF16 forward, FP32 log_softmax, FP64 paired sequence summaries",research_runs/mixfp4_n16k64_full_validation_20260911T065444Z/runs/V43_fidelity_mistral7b_attempt1/fidelity/fidelity_report.json,129ad7a5e54dbe371b7411970b39ee2e28ea06618892632dec7b66c62a0d920e
mistral7b,16,rejected,model.layers.16.self_attn.o_proj,2921,ce,False,9.29768886992477e-07,5.98850855424658e-07,0.00020141189452260733,0.0005926789650707747,-0.0009602388770161112,0.0013630626660613258,0.3398330401325374,True,False,128 calibration sequences; not held-out documents,65408,3407084,1.174024473714179e-05,same frozen seed0 calibration sequences as finite effect,all FourOverSix; causal-per-token activation,"BF16 forward, FP32 log_softmax, FP64 paired sequence summaries",research_runs/mixfp4_n16k64_full_validation_20260911T065444Z/runs/V43_fidelity_mistral7b_attempt1/fidelity/fidelity_report.json,129ad7a5e54dbe371b7411970b39ee2e28ea06618892632dec7b66c62a0d920e
mistral7b,16,rejected,model.layers.16.self_attn.o_proj,2921,kl,False,8.049942629151374e-08,1.7576903938468046e-07,-0.00029206187159610457,0.0001871016405040015,-0.0006587810869839475,7.465734379173835e-05,-1.5609797477422884,False,False,128 calibration sequences; not held-out documents,65408,3407084,1.174024473714179e-05,same frozen seed0 calibration sequences as finite effect,all FourOverSix; causal-per-token activation,"BF16 forward, FP32 log_softmax, FP64 paired sequence summaries",research_runs/mixfp4_n16k64_full_validation_20260911T065444Z/runs/V43_fidelity_mistral7b_attempt1/fidelity/fidelity_report.json,129ad7a5e54dbe371b7411970b39ee2e28ea06618892632dec7b66c62a0d920e
mistral7b,16,rejected,model.layers.28.mlp.down_proj,13019,ce,False,5.035468304548374e-07,3.6894959455212444e-07,-0.0002691219560801983,0.00028933923903062255,-0.0008362268645802185,0.00029798295241982196,-0.9301260243230108,False,False,128 calibration sequences; not held-out documents,65408,3407084,1.174024473714179e-05,same frozen seed0 calibration sequences as finite effect,all FourOverSix; causal-per-token activation,"BF16 forward, FP32 log_softmax, FP64 paired sequence summaries",research_runs/mixfp4_n16k64_full_validation_20260911T065444Z/runs/V43_fidelity_mistral7b_attempt1/fidelity/fidelity_report.json,129ad7a5e54dbe371b7411970b39ee2e28ea06618892632dec7b66c62a0d920e
mistral7b,16,rejected,model.layers.28.mlp.down_proj,13019,kl,False,1.8205223249745384e-07,1.184988023268007e-07,-0.0001591394199193463,6.679660290201536e-05,-0.0002900607616072964,-2.8218078231396208e-05,-2.3824478043110906,False,True,128 calibration sequences; not held-out documents,65408,3407084,1.174024473714179e-05,same frozen seed0 calibration sequences as finite effect,all FourOverSix; causal-per-token activation,"BF16 forward, FP32 log_softmax, FP64 paired sequence summaries",research_runs/mixfp4_n16k64_full_validation_20260911T065444Z/runs/V43_fidelity_mistral7b_attempt1/fidelity/fidelity_report.json,129ad7a5e54dbe371b7411970b39ee2e28ea06618892632dec7b66c62a0d920e
mistral7b,16,rejected,model.layers.5.mlp.down_proj,54999,ce,False,-2.324217811544571e-07,4.577103313293674e-07,5.512556526809931e-05,0.0007593778414314928,-0.0014332550039376265,0.0015435061344738251,0.07259306534963261,False,False,128 calibration sequences; not held-out documents,65408,3407084,1.174024473714179e-05,same frozen seed0 calibration sequences as finite effect,all FourOverSix; causal-per-token activation,"BF16 forward, FP32 log_softmax, FP64 paired sequence summaries",research_runs/mixfp4_n16k64_full_validation_20260911T065444Z/runs/V43_fidelity_mistral7b_attempt1/fidelity/fidelity_report.json,129ad7a5e54dbe371b7411970b39ee2e28ea06618892632dec7b66c62a0d920e
mistral7b,16,rejected,model.layers.5.mlp.down_proj,54999,kl,False,3.5770970630011334e-08,1.4181855673848195e-07,-0.00010143300319026873,0.00024227642641200213,-0.0005762947989577929,0.00037342879257725543,-0.4186664162603145,False,False,128 calibration sequences; not held-out documents,65408,3407084,1.174024473714179e-05,same frozen seed0 calibration sequences as finite effect,all FourOverSix; causal-per-token activation,"BF16 forward, FP32 log_softmax, FP64 paired sequence summaries",research_runs/mixfp4_n16k64_full_validation_20260911T065444Z/runs/V43_fidelity_mistral7b_attempt1/fidelity/fidelity_report.json,129ad7a5e54dbe371b7411970b39ee2e28ea06618892632dec7b66c62a0d920e
mistral7b,16,rejected,model.layers.19.mlp.up_proj,4903,ce,False,6.306582756021584e-08,3.1353677793840837e-07,0.0006275243358686566,0.0005037138397778344,-0.00035975479009589875,0.001614803461833212,1.245795303431467,True,False,128 calibration sequences; not held-out documents,65408,3407084,1.174024473714179e-05,same frozen seed0 calibration sequences as finite effect,all FourOverSix; causal-per-token activation,"BF16 forward, FP32 log_softmax, FP64 paired sequence summaries",research_runs/mixfp4_n16k64_full_validation_20260911T065444Z/runs/V43_fidelity_mistral7b_attempt1/fidelity/fidelity_report.json,129ad7a5e54dbe371b7411970b39ee2e28ea06618892632dec7b66c62a0d920e
mistral7b,16,rejected,model.layers.19.mlp.up_proj,4903,kl,False,8.85154763236029e-08,1.0527744523831711e-07,-0.00011417199292069331,0.00017162229884291728,-0.00045055169865281116,0.00022220771281142456,-0.6652515068871838,False,False,128 calibration sequences; not held-out documents,65408,3407084,1.174024473714179e-05,same frozen seed0 calibration sequences as finite effect,all FourOverSix; causal-per-token activation,"BF16 forward, FP32 log_softmax, FP64 paired sequence summaries",research_runs/mixfp4_n16k64_full_validation_20260911T065444Z/runs/V43_fidelity_mistral7b_attempt1/fidelity/fidelity_report.json,129ad7a5e54dbe371b7411970b39ee2e28ea06618892632dec7b66c62a0d920e
mistral7b,16,rejected,model.layers.23.mlp.up_proj,30410,ce,False,4.129073657432869e-07,4.189098807262768e-07,-3.948924131691456e-05,0.0004205085264849008,-0.0008636859532273201,0.000784707470593491,-0.09390830109204099,False,False,128 calibration sequences; not held-out documents,65408,3407084,1.174024473714179e-05,same frozen seed0 calibration sequences as finite effect,all FourOverSix; causal-per-token activation,"BF16 forward, FP32 log_softmax, FP64 paired sequence summaries",research_runs/mixfp4_n16k64_full_validation_20260911T065444Z/runs/V43_fidelity_mistral7b_attempt1/fidelity/fidelity_report.json,129ad7a5e54dbe371b7411970b39ee2e28ea06618892632dec7b66c62a0d920e
mistral7b,16,rejected,model.layers.23.mlp.up_proj,30410,kl,False,5.5272361562663797e-08,1.1885924975404012e-07,-0.00015526089772216576,0.00013736881378706412,-0.0004245037727448114,0.00011398197730047989,-1.1302485145051644,False,False,128 calibration sequences; not held-out documents,65408,3407084,1.174024473714179e-05,same frozen seed0 calibration sequences as finite effect,all FourOverSix; causal-per-token activation,"BF16 forward, FP32 log_softmax, FP64 paired sequence summaries",research_runs/mixfp4_n16k64_full_validation_20260911T065444Z/runs/V43_fidelity_mistral7b_attempt1/fidelity/fidelity_report.json,129ad7a5e54dbe371b7411970b39ee2e28ea06618892632dec7b66c62a0d920e
mistral7b,16,rejected,model.layers.7.mlp.gate_proj,14748,ce,False,5.098150190896433e-08,3.312809319339752e-07,-0.00020877597853541374,0.0007219879282091881,-0.0016238723178254224,0.001206320360754595,-0.2891682400469765,False,False,128 calibration sequences; not held-out documents,65408,3407084,1.174024473714179e-05,same frozen seed0 calibration sequences as finite effect,all FourOverSix; causal-per-token activation,"BF16 forward, FP32 log_softmax, FP64 paired sequence summaries",research_runs/mixfp4_n16k64_full_validation_20260911T065444Z/runs/V43_fidelity_mistral7b_attempt1/fidelity/fidelity_report.json,129ad7a5e54dbe371b7411970b39ee2e28ea06618892632dec7b66c62a0d920e
mistral7b,16,rejected,model.layers.7.mlp.gate_proj,14748,kl,False,5.598416868979328e-08,1.243860155653295e-07,-0.0003194717834556941,0.0002196378872421584,-0.0007499620424503246,0.00011101847553893635,-1.4545385928952475,False,False,128 calibration sequences; not held-out documents,65408,3407084,1.174024473714179e-05,same frozen seed0 calibration sequences as finite effect,all FourOverSix; causal-per-token activation,"BF16 forward, FP32 log_softmax, FP64 paired sequence summaries",research_runs/mixfp4_n16k64_full_validation_20260911T065444Z/runs/V43_fidelity_mistral7b_attempt1/fidelity/fidelity_report.json,129ad7a5e54dbe371b7411970b39ee2e28ea06618892632dec7b66c62a0d920e
mistral7b,16,rejected,model.layers.16.self_attn.o_proj,2451,ce,False,2.1192051569141057e-07,3.5719606210592e-07,-0.0003517202567309141,0.0006186907041016268,-0.0015643540367701026,0.0008609135233082744,-0.5684912580699454,False,False,128 calibration sequences; not held-out documents,65408,3407084,1.174024473714179e-05,same frozen seed0 calibration sequences as finite effect,all FourOverSix; causal-per-token activation,"BF16 forward, FP32 log_softmax, FP64 paired sequence summaries",research_runs/mixfp4_n16k64_full_validation_20260911T065444Z/runs/V43_fidelity_mistral7b_attempt1/fidelity/fidelity_report.json,129ad7a5e54dbe371b7411970b39ee2e28ea06618892632dec7b66c62a0d920e
mistral7b,16,rejected,model.layers.16.self_attn.o_proj,2451,kl,False,7.784578970326805e-08,1.0361179420942057e-07,-0.0004678961238514594,0.0001894459195683568,-0.0008392101262054386,-9.65821214974801e-05,-2.469813680429421,False,True,128 calibration sequences; not held-out documents,65408,3407084,1.174024473714179e-05,same frozen seed0 calibration sequences as finite effect,all FourOverSix; causal-per-token activation,"BF16 forward, FP32 log_softmax, FP64 paired sequence summaries",research_runs/mixfp4_n16k64_full_validation_20260911T065444Z/runs/V43_fidelity_mistral7b_attempt1/fidelity/fidelity_report.json,129ad7a5e54dbe371b7411970b39ee2e28ea06618892632dec7b66c62a0d920e
mistral7b,16,rejected,model.layers.2.mlp.up_proj,53285,ce,False,4.433730451669504e-07,3.299590987044605e-07,-0.00040823151357471943,0.0008566216607813497,-0.002087209968706165,0.001270746941556726,-0.4765598773236244,False,False,128 calibration sequences; not held-out documents,65408,3407084,1.174024473714179e-05,same frozen seed0 calibration sequences as finite effect,all FourOverSix; causal-per-token activation,"BF16 forward, FP32 log_softmax, FP64 paired sequence summaries",research_runs/mixfp4_n16k64_full_validation_20260911T065444Z/runs/V43_fidelity_mistral7b_attempt1/fidelity/fidelity_report.json,129ad7a5e54dbe371b7411970b39ee2e28ea06618892632dec7b66c62a0d920e
mistral7b,16,rejected,model.layers.2.mlp.up_proj,53285,kl,False,-1.88919105359453e-08,1.3139445960111214e-07,-0.0001516561741792336,0.00022995328450565097,-0.0006023646118103094,0.0002990522634518423,-0.6595086236983353,True,False,128 calibration sequences; not held-out documents,65408,3407084,1.174024473714179e-05,same frozen seed0 calibration sequences as finite effect,all FourOverSix; causal-per-token activation,"BF16 forward, FP32 log_softmax, FP64 paired sequence summaries",research_runs/mixfp4_n16k64_full_validation_20260911T065444Z/runs/V43_fidelity_mistral7b_attempt1/fidelity/fidelity_report.json,129ad7a5e54dbe371b7411970b39ee2e28ea06618892632dec7b66c62a0d920e
mistral7b,16,rejected,model.layers.23.self_attn.v_proj,1265,ce,False,-4.0005402435205895e-07,5.851516610165431e-07,-0.00033978186547756195,0.00041686810088381,-0.0011568433432098295,0.00047727961225470564,-0.8150824319663317,True,False,128 calibration sequences; not held-out documents,65408,3407084,1.174024473714179e-05,same frozen seed0 calibration sequences as finite effect,all FourOverSix; causal-per-token activation,"BF16 forward, FP32 log_softmax, FP64 paired sequence summaries",research_runs/mixfp4_n16k64_full_validation_20260911T065444Z/runs/V43_fidelity_mistral7b_attempt1/fidelity/fidelity_report.json,129ad7a5e54dbe371b7411970b39ee2e28ea06618892632dec7b66c62a0d920e
mistral7b,16,rejected,model.layers.23.self_attn.v_proj,1265,kl,False,1.0174208731061896e-07,1.8184635983829115e-07,-9.506732604275504e-05,0.00014188502700853095,-0.00037316197897947567,0.0001830273268939656,-0.67003071463657,False,False,128 calibration sequences; not held-out documents,65408,3407084,1.174024473714179e-05,same frozen seed0 calibration sequences as finite effect,all FourOverSix; causal-per-token activation,"BF16 forward, FP32 log_softmax, FP64 paired sequence summaries",research_runs/mixfp4_n16k64_full_validation_20260911T065444Z/runs/V43_fidelity_mistral7b_attempt1/fidelity/fidelity_report.json,129ad7a5e54dbe371b7411970b39ee2e28ea06618892632dec7b66c62a0d920e
mistral7b,16,rejected,model.layers.5.self_attn.o_proj,4345,ce,False,1.26315615744943e-07,7.370917998711971e-07,9.486230555921793e-05,0.0008234121787741343,-0.0015190255648380854,0.0017087501759565213,0.11520634258828359,True,False,128 calibration sequences; not held-out documents,65408,3407084,1.174024473714179e-05,same frozen seed0 calibration sequences as finite effect,all FourOverSix; causal-per-token activation,"BF16 forward, FP32 log_softmax, FP64 paired sequence summaries",research_runs/mixfp4_n16k64_full_validation_20260911T065444Z/runs/V43_fidelity_mistral7b_attempt1/fidelity/fidelity_report.json,129ad7a5e54dbe371b7411970b39ee2e28ea06618892632dec7b66c62a0d920e
mistral7b,16,rejected,model.layers.5.self_attn.o_proj,4345,kl,False,6.211339186323883e-07,2.7593640390063737e-07,-0.00014041263100309615,0.00020771057646930605,-0.000547525360882936,0.0002667000988767437,-0.6760013543356821,False,False,128 calibration sequences; not held-out documents,65408,3407084,1.174024473714179e-05,same frozen seed0 calibration sequences as finite effect,all FourOverSix; causal-per-token activation,"BF16 forward, FP32 log_softmax, FP64 paired sequence summaries",research_runs/mixfp4_n16k64_full_validation_20260911T065444Z/runs/V43_fidelity_mistral7b_attempt1/fidelity/fidelity_report.json,129ad7a5e54dbe371b7411970b39ee2e28ea06618892632dec7b66c62a0d920e
mistral7b,16,rejected,model.layers.20.self_attn.k_proj,3536,ce,False,6.414531916743016e-07,5.67009706452959e-07,9.111710824072361e-06,0.0004799327616555,-0.0009315565020207076,0.0009497799236688523,0.018985390354769798,True,False,128 calibration sequences; not held-out documents,65408,3407084,1.174024473714179e-05,same frozen seed0 calibration sequences as finite effect,all FourOverSix; causal-per-token activation,"BF16 forward, FP32 log_softmax, FP64 paired sequence summaries",research_runs/mixfp4_n16k64_full_validation_20260911T065444Z/runs/V43_fidelity_mistral7b_attempt1/fidelity/fidelity_report.json,129ad7a5e54dbe371b7411970b39ee2e28ea06618892632dec7b66c62a0d920e
mistral7b,16,rejected,model.layers.20.self_attn.k_proj,3536,kl,False,-7.0054841927458256e-09,1.5062756564906388e-07,-0.00021309925162998238,0.00017136516181112666,-0.0005489749687797906,0.00012277646551982587,-1.2435389397575087,True,False,128 calibration sequences; not held-out documents,65408,3407084,1.174024473714179e-05,same frozen seed0 calibration sequences as finite effect,all FourOverSix; causal-per-token activation,"BF16 forward, FP32 log_softmax, FP64 paired sequence summaries",research_runs/mixfp4_n16k64_full_validation_20260911T065444Z/runs/V43_fidelity_mistral7b_attempt1/fidelity/fidelity_report.json,129ad7a5e54dbe371b7411970b39ee2e28ea06618892632dec7b66c62a0d920e
mistral7b,16,rejected,model.layers.9.mlp.down_proj,44835,ce,False,9.70056678983866e-07,3.4303917625672177e-07,0.0002926213201135397,0.0007329555653842102,-0.0011439715880395124,0.0017292142282665918,0.3992347339093464,True,False,128 calibration sequences; not held-out documents,65408,3407084,1.174024473714179e-05,same frozen seed0 calibration sequences as finite effect,all FourOverSix; causal-per-token activation,"BF16 forward, FP32 log_softmax, FP64 paired sequence summaries",research_runs/mixfp4_n16k64_full_validation_20260911T065444Z/runs/V43_fidelity_mistral7b_attempt1/fidelity/fidelity_report.json,129ad7a5e54dbe371b7411970b39ee2e28ea06618892632dec7b66c62a0d920e
mistral7b,16,rejected,model.layers.9.mlp.down_proj,44835,kl,False,1.3957391237218175e-07,1.1069997485208462e-07,-0.0002196238805504863,0.00022137309868322026,-0.0006535151539695979,0.00021426739286862538,-0.9920983256631509,False,False,128 calibration sequences; not held-out documents,65408,3407084,1.174024473714179e-05,same frozen seed0 calibration sequences as finite effect,all FourOverSix; causal-per-token activation,"BF16 forward, FP32 log_softmax, FP64 paired sequence summaries",research_runs/mixfp4_n16k64_full_validation_20260911T065444Z/runs/V43_fidelity_mistral7b_attempt1/fidelity/fidelity_report.json,129ad7a5e54dbe371b7411970b39ee2e28ea06618892632dec7b66c62a0d920e
mistral7b,16,rejected,model.layers.9.mlp.up_proj,39845,ce,False,-2.9637744092259055e-08,3.8051951052766335e-07,-0.00021683622617274523,0.0006003998908503356,-0.001393620012239403,0.0009599475598939125,-0.361153007315914,True,False,128 calibration sequences; not held-out documents,65408,3407084,1.174024473714179e-05,same frozen seed0 calibration sequences as finite effect,all FourOverSix; causal-per-token activation,"BF16 forward, FP32 log_softmax, FP64 paired sequence summaries",research_runs/mixfp4_n16k64_full_validation_20260911T065444Z/runs/V43_fidelity_mistral7b_attempt1/fidelity/fidelity_report.json,129ad7a5e54dbe371b7411970b39ee2e28ea06618892632dec7b66c62a0d920e
mistral7b,16,rejected,model.layers.9.mlp.up_proj,39845,kl,False,1.479444985408307e-07,1.2599866350588747e-07,-1.561409248033394e-05,0.00022825849490032995,-0.00046300074248498065,0.00043177255752431277,-0.06840530726863814,False,False,128 calibration sequences; not held-out documents,65408,3407084,1.174024473714179e-05,same frozen seed0 calibration sequences as finite effect,all FourOverSix; causal-per-token activation,"BF16 forward, FP32 log_softmax, FP64 paired sequence summaries",research_runs/mixfp4_n16k64_full_validation_20260911T065444Z/runs/V43_fidelity_mistral7b_attempt1/fidelity/fidelity_report.json,129ad7a5e54dbe371b7411970b39ee2e28ea06618892632dec7b66c62a0d920e
mistral7b,16,rejected,model.layers.2.mlp.up_proj,1302,ce,False,5.16470383571388e-07,3.8104629734470737e-07,0.0005072281928732991,0.0008895087579770973,-0.0012362089727618116,0.00225066535850841,0.5702340627053826,True,False,128 calibration sequences; not held-out documents,65408,3407084,1.174024473714179e-05,same frozen seed0 calibration sequences as finite effect,all FourOverSix; causal-per-token activation,"BF16 forward, FP32 log_softmax, FP64 paired sequence summaries",research_runs/mixfp4_n16k64_full_validation_20260911T065444Z/runs/V43_fidelity_mistral7b_attempt1/fidelity/fidelity_report.json,129ad7a5e54dbe371b7411970b39ee2e28ea06618892632dec7b66c62a0d920e
mistral7b,16,rejected,model.layers.2.mlp.up_proj,1302,kl,False,1.1563137986003724e-07,1.3128653983181814e-07,-0.0002438142928917087,0.0002508701255950682,-0.0007355197390580423,0.00024789115327462496,-0.9718745598479575,False,False,128 calibration sequences; not held-out documents,65408,3407084,1.174024473714179e-05,same frozen seed0 calibration sequences as finite effect,all FourOverSix; causal-per-token activation,"BF16 forward, FP32 log_softmax, FP64 paired sequence summaries",research_runs/mixfp4_n16k64_full_validation_20260911T065444Z/runs/V43_fidelity_mistral7b_attempt1/fidelity/fidelity_report.json,129ad7a5e54dbe371b7411970b39ee2e28ea06618892632dec7b66c62a0d920e
mistral7b,16,rejected,model.layers.3.self_attn.q_proj,1772,ce,False,4.4300721047108027e-07,3.158810362953289e-07,8.885911665856838e-05,0.0007726512450249537,-0.0014255373235903409,0.0016032555569074776,0.11500546621871885,True,False,128 calibration sequences; not held-out documents,65408,3407084,1.174024473714179e-05,same frozen seed0 calibration sequences as finite effect,all FourOverSix; causal-per-token activation,"BF16 forward, FP32 log_softmax, FP64 paired sequence summaries",research_runs/mixfp4_n16k64_full_validation_20260911T065444Z/runs/V43_fidelity_mistral7b_attempt1/fidelity/fidelity_report.json,129ad7a5e54dbe371b7411970b39ee2e28ea06618892632dec7b66c62a0d920e
mistral7b,16,rejected,model.layers.3.self_attn.q_proj,1772,kl,False,2.1991758633599368e-07,9.21071658561002e-08,-0.0003617339541649773,0.0002217914200713384,-0.0007964451375048005,7.297722917484593e-05,-1.6309645974971752,False,False,128 calibration sequences; not held-out documents,65408,3407084,1.174024473714179e-05,same frozen seed0 calibration sequences as finite effect,all FourOverSix; causal-per-token activation,"BF16 forward, FP32 log_softmax, FP64 paired sequence summaries",research_runs/mixfp4_n16k64_full_validation_20260911T065444Z/runs/V43_fidelity_mistral7b_attempt1/fidelity/fidelity_report.json,129ad7a5e54dbe371b7411970b39ee2e28ea06618892632dec7b66c62a0d920e
mistral7b,16,rejected,model.layers.5.self_attn.v_proj,1750,ce,False,2.898934432948863e-06,4.032957115544618e-06,3.795244265347719e-05,0.0008736367379180536,-0.0016743755636659079,0.0017502804489728623,0.04344190326052554,True,False,128 calibration sequences; not held-out documents,65408,3407084,1.174024473714179e-05,same frozen seed0 calibration sequences as finite effect,all FourOverSix; causal-per-token activation,"BF16 forward, FP32 log_softmax, FP64 paired sequence summaries",research_runs/mixfp4_n16k64_full_validation_20260911T065444Z/runs/V43_fidelity_mistral7b_attempt1/fidelity/fidelity_report.json,129ad7a5e54dbe371b7411970b39ee2e28ea06618892632dec7b66c62a0d920e
mistral7b,16,rejected,model.layers.5.self_attn.v_proj,1750,kl,False,2.4904123446800597e-06,1.3063250468733351e-06,-0.0003470275431252158,0.000253326673608862,-0.0008435478233985853,0.0001494927371481537,-1.3698815769437234,False,False,128 calibration sequences; not held-out documents,65408,3407084,1.174024473714179e-05,same frozen seed0 calibration sequences as finite effect,all FourOverSix; causal-per-token activation,"BF16 forward, FP32 log_softmax, FP64 paired sequence summaries",research_runs/mixfp4_n16k64_full_validation_20260911T065444Z/runs/V43_fidelity_mistral7b_attempt1/fidelity/fidelity_report.json,129ad7a5e54dbe371b7411970b39ee2e28ea06618892632dec7b66c62a0d920e
mistral7b,16,rejected,model.layers.19.mlp.gate_proj,36750,ce,False,2.874518846285312e-07,2.7243331714354797e-07,-0.00024415215011686087,0.0005275618106220525,-0.0012781732989360839,0.0007898689987023621,-0.462793449413973,False,False,128 calibration sequences; not held-out documents,65408,3407084,1.174024473714179e-05,same frozen seed0 calibration sequences as finite effect,all FourOverSix; causal-per-token activation,"BF16 forward, FP32 log_softmax, FP64 paired sequence summaries",research_runs/mixfp4_n16k64_full_validation_20260911T065444Z/runs/V43_fidelity_mistral7b_attempt1/fidelity/fidelity_report.json,129ad7a5e54dbe371b7411970b39ee2e28ea06618892632dec7b66c62a0d920e
mistral7b,16,rejected,model.layers.19.mlp.gate_proj,36750,kl,False,1.6673591118898656e-09,9.945208803251874e-08,-0.00033087039053555207,0.00019108433449230538,-0.0007053956861404705,4.365490506936647e-05,-1.7315411617317882,False,False,128 calibration sequences; not held-out documents,65408,3407084,1.174024473714179e-05,same frozen seed0 calibration sequences as finite effect,all FourOverSix; causal-per-token activation,"BF16 forward, FP32 log_softmax, FP64 paired sequence summaries",research_runs/mixfp4_n16k64_full_validation_20260911T065444Z/runs/V43_fidelity_mistral7b_attempt1/fidelity/fidelity_report.json,129ad7a5e54dbe371b7411970b39ee2e28ea06618892632dec7b66c62a0d920e
mistral7b,16,random,model.layers.10.mlp.down_proj,23871,ce,False,8.387691541322795e-08,3.312267613224008e-07,1.9953353330492973e-05,0.0007219611460724955,-0.001395090492971598,0.001434997199632584,0.027637710753605244,True,False,128 calibration sequences; not held-out documents,65408,6815744,5.868765024038462e-06,same frozen seed0 calibration sequences as finite effect,all FourOverSix; causal-per-token activation,"BF16 forward, FP32 log_softmax, FP64 paired sequence summaries",research_runs/mixfp4_n16k64_full_validation_20260911T065444Z/runs/V43_fidelity_mistral7b_attempt1/fidelity/fidelity_report.json,129ad7a5e54dbe371b7411970b39ee2e28ea06618892632dec7b66c62a0d920e
mistral7b,16,random,model.layers.10.mlp.down_proj,23871,kl,False,9.435360442955343e-08,9.733575962717013e-08,-0.0001812452015241222,0.00018920180253409165,-0.0005520807344909418,0.00018959033144269743,-0.9579464841063775,False,False,128 calibration sequences; not held-out documents,65408,6815744,5.868765024038462e-06,same frozen seed0 calibration sequences as finite effect,all FourOverSix; causal-per-token activation,"BF16 forward, FP32 log_softmax, FP64 paired sequence summaries",research_runs/mixfp4_n16k64_full_validation_20260911T065444Z/runs/V43_fidelity_mistral7b_attempt1/fidelity/fidelity_report.json,129ad7a5e54dbe371b7411970b39ee2e28ea06618892632dec7b66c62a0d920e
mistral7b,16,random,model.layers.5.mlp.up_proj,40815,ce,False,-9.633322806124056e-08,4.561419504905827e-07,0.00015463377349078655,0.0007997309419884793,-0.0014128388728066328,0.0017221064197882059,0.19335724725905898,False,False,128 calibration sequences; not held-out documents,65408,6815744,5.868765024038462e-06,same frozen seed0 calibration sequences as finite effect,all FourOverSix; causal-per-token activation,"BF16 forward, FP32 log_softmax, FP64 paired sequence summaries",research_runs/mixfp4_n16k64_full_validation_20260911T065444Z/runs/V43_fidelity_mistral7b_attempt1/fidelity/fidelity_report.json,129ad7a5e54dbe371b7411970b39ee2e28ea06618892632dec7b66c62a0d920e
mistral7b,16,random,model.layers.5.mlp.up_proj,40815,kl,False,1.3734093190498342e-07,1.5720060403733613e-07,-0.00012740688238404384,0.0002453658749066256,-0.00060832399720103,0.0003535102324329424,-0.5192526565991654,False,False,128 calibration sequences; not held-out documents,65408,6815744,5.868765024038462e-06,same frozen seed0 calibration sequences as finite effect,all FourOverSix; causal-per-token activation,"BF16 forward, FP32 log_softmax, FP64 paired sequence summaries",research_runs/mixfp4_n16k64_full_validation_20260911T065444Z/runs/V43_fidelity_mistral7b_attempt1/fidelity/fidelity_report.json,129ad7a5e54dbe371b7411970b39ee2e28ea06618892632dec7b66c62a0d920e
mistral7b,16,random,model.layers.23.self_attn.q_proj,14662,ce,False,-1.1804033056561636e-08,5.7437146804548415e-08,-0.0008319627959281206,0.0004150290113479125,-0.001645419658170029,-1.8505933686212154e-05,-2.0045894941804416,True,True,128 calibration sequences; not held-out documents,65408,6815744,5.868765024038462e-06,same frozen seed0 calibration sequences as finite effect,all FourOverSix; causal-per-token activation,"BF16 forward, FP32 log_softmax, FP64 paired sequence summaries",research_runs/mixfp4_n16k64_full_validation_20260911T065444Z/runs/V43_fidelity_mistral7b_attempt1/fidelity/fidelity_report.json,129ad7a5e54dbe371b7411970b39ee2e28ea06618892632dec7b66c62a0d920e
mistral7b,16,random,model.layers.23.self_attn.q_proj,14662,kl,False,-3.325859412872667e-08,2.5143715156143273e-08,-2.3617634570200898e-05,0.00012725574315467154,-0.0002730388911533571,0.0002258036220129553,-0.18559189538106044,True,False,128 calibration sequences; not held-out documents,65408,6815744,5.868765024038462e-06,same frozen seed0 calibration sequences as finite effect,all FourOverSix; causal-per-token activation,"BF16 forward, FP32 log_softmax, FP64 paired sequence summaries",research_runs/mixfp4_n16k64_full_validation_20260911T065444Z/runs/V43_fidelity_mistral7b_attempt1/fidelity/fidelity_report.json,129ad7a5e54dbe371b7411970b39ee2e28ea06618892632dec7b66c62a0d920e
mistral7b,16,random,model.layers.24.mlp.down_proj,2112,ce,False,-4.781451753421706e-07,4.565685162136218e-07,-0.00024914718233048916,0.0003860884338968647,-0.001005880512768344,0.0005075861481073656,-0.6453111786224695,True,False,128 calibration sequences; not held-out documents,65408,6815744,5.868765024038462e-06,same frozen seed0 calibration sequences as finite effect,all FourOverSix; causal-per-token activation,"BF16 forward, FP32 log_softmax, FP64 paired sequence summaries",research_runs/mixfp4_n16k64_full_validation_20260911T065444Z/runs/V43_fidelity_mistral7b_attempt1/fidelity/fidelity_report.json,129ad7a5e54dbe371b7411970b39ee2e28ea06618892632dec7b66c62a0d920e
mistral7b,16,random,model.layers.24.mlp.down_proj,2112,kl,False,-1.0508695513777866e-07,1.0919588145797487e-07,-0.00015566477350945974,0.00012353026040921378,-0.0003977840839115188,8.645453689259928e-05,-1.2601347475006952,True,False,128 calibration sequences; not held-out documents,65408,6815744,5.868765024038462e-06,same frozen seed0 calibration sequences as finite effect,all FourOverSix; causal-per-token activation,"BF16 forward, FP32 log_softmax, FP64 paired sequence summaries",research_runs/mixfp4_n16k64_full_validation_20260911T065444Z/runs/V43_fidelity_mistral7b_attempt1/fidelity/fidelity_report.json,129ad7a5e54dbe371b7411970b39ee2e28ea06618892632dec7b66c62a0d920e
mistral7b,16,random,model.layers.1.mlp.up_proj,6318,ce,False,2.2158938506322556e-07,3.175454889716035e-07,-0.00023713253904134035,0.0009249823148268872,-0.0020500978761020393,0.0015758327980193586,-0.25636440312452924,False,False,128 calibration sequences; not held-out documents,65408,6815744,5.868765024038462e-06,same frozen seed0 calibration sequences as finite effect,all FourOverSix; causal-per-token activation,"BF16 forward, FP32 log_softmax, FP64 paired sequence summaries",research_runs/mixfp4_n16k64_full_validation_20260911T065444Z/runs/V43_fidelity_mistral7b_attempt1/fidelity/fidelity_report.json,129ad7a5e54dbe371b7411970b39ee2e28ea06618892632dec7b66c62a0d920e
mistral7b,16,random,model.layers.1.mlp.up_proj,6318,kl,False,-1.6328589036440633e-09,1.0959615413274294e-07,-0.0002484530069479096,0.00024013255491077797,-0.0007191128145730344,0.00022220680067721525,-1.034649412863754,True,False,128 calibration sequences; not held-out documents,65408,6815744,5.868765024038462e-06,same frozen seed0 calibration sequences as finite effect,all FourOverSix; causal-per-token activation,"BF16 forward, FP32 log_softmax, FP64 paired sequence summaries",research_runs/mixfp4_n16k64_full_validation_20260911T065444Z/runs/V43_fidelity_mistral7b_attempt1/fidelity/fidelity_report.json,129ad7a5e54dbe371b7411970b39ee2e28ea06618892632dec7b66c62a0d920e
mistral7b,16,random,model.layers.7.mlp.up_proj,27208,ce,False,4.5778300483689804e-08,4.226162901972116e-07,-0.0006758588133379817,0.000712544313891096,-0.00207244566856453,0.0007207280418885665,-0.9485147802909543,False,False,128 calibration sequences; not held-out documents,65408,6815744,5.868765024038462e-06,same frozen seed0 calibration sequences as finite effect,all FourOverSix; causal-per-token activation,"BF16 forward, FP32 log_softmax, FP64 paired sequence summaries",research_runs/mixfp4_n16k64_full_validation_20260911T065444Z/runs/V43_fidelity_mistral7b_attempt1/fidelity/fidelity_report.json,129ad7a5e54dbe371b7411970b39ee2e28ea06618892632dec7b66c62a0d920e
mistral7b,16,random,model.layers.7.mlp.up_proj,27208,kl,False,-7.298315674031386e-08,1.585948825199851e-07,-0.0002576338721589994,0.0002050242065509462,-0.000659481316998854,0.00014421357268085518,-1.2566022153827006,True,False,128 calibration sequences; not held-out documents,65408,6815744,5.868765024038462e-06,same frozen seed0 calibration sequences as finite effect,all FourOverSix; causal-per-token activation,"BF16 forward, FP32 log_softmax, FP64 paired sequence summaries",research_runs/mixfp4_n16k64_full_validation_20260911T065444Z/runs/V43_fidelity_mistral7b_attempt1/fidelity/fidelity_report.json,129ad7a5e54dbe371b7411970b39ee2e28ea06618892632dec7b66c62a0d920e
mistral7b,16,random,model.layers.5.self_attn.q_proj,8582,ce,False,2.2818006001346092e-07,2.7849644147507306e-07,-0.0013764846371486783,0.0007542810202272713,-0.00285487543679413,0.00010190616249677355,-1.8248962922783496,False,False,128 calibration sequences; not held-out documents,65408,6815744,5.868765024038462e-06,same frozen seed0 calibration sequences as finite effect,all FourOverSix; causal-per-token activation,"BF16 forward, FP32 log_softmax, FP64 paired sequence summaries",research_runs/mixfp4_n16k64_full_validation_20260911T065444Z/runs/V43_fidelity_mistral7b_attempt1/fidelity/fidelity_report.json,129ad7a5e54dbe371b7411970b39ee2e28ea06618892632dec7b66c62a0d920e
mistral7b,16,random,model.layers.5.self_attn.q_proj,8582,kl,False,7.702314944180166e-08,1.3342189405637293e-07,-0.0004018579038997365,0.00021247380517360514,-0.0008183065620400026,1.459075424052955e-05,-1.891329162064905,False,False,128 calibration sequences; not held-out documents,65408,6815744,5.868765024038462e-06,same frozen seed0 calibration sequences as finite effect,all FourOverSix; causal-per-token activation,"BF16 forward, FP32 log_softmax, FP64 paired sequence summaries",research_runs/mixfp4_n16k64_full_validation_20260911T065444Z/runs/V43_fidelity_mistral7b_attempt1/fidelity/fidelity_report.json,129ad7a5e54dbe371b7411970b39ee2e28ea06618892632dec7b66c62a0d920e
mistral7b,16,random,model.layers.27.self_attn.q_proj,4580,ce,False,4.893028804353605e-08,2.342176629007316e-07,-0.0001563606783747673,0.00030673289022169187,-0.0007575571432092834,0.00044483578645974876,-0.5097616961185912,False,False,128 calibration sequences; not held-out documents,65408,6815744,5.868765024038462e-06,same frozen seed0 calibration sequences as finite effect,all FourOverSix; causal-per-token activation,"BF16 forward, FP32 log_softmax, FP64 paired sequence summaries",research_runs/mixfp4_n16k64_full_validation_20260911T065444Z/runs/V43_fidelity_mistral7b_attempt1/fidelity/fidelity_report.json,129ad7a5e54dbe371b7411970b39ee2e28ea06618892632dec7b66c62a0d920e
mistral7b,16,random,model.layers.27.self_attn.q_proj,4580,kl,False,5.664150532630474e-08,7.006666129671525e-08,-0.00010949234139439024,9.218004614623762e-05,-0.00029016523184101595,7.118054905223547e-05,-1.1878095745437989,False,False,128 calibration sequences; not held-out documents,65408,6815744,5.868765024038462e-06,same frozen seed0 calibration sequences as finite effect,all FourOverSix; causal-per-token activation,"BF16 forward, FP32 log_softmax, FP64 paired sequence summaries",research_runs/mixfp4_n16k64_full_validation_20260911T065444Z/runs/V43_fidelity_mistral7b_attempt1/fidelity/fidelity_report.json,129ad7a5e54dbe371b7411970b39ee2e28ea06618892632dec7b66c62a0d920e
mistral7b,16,random,model.layers.10.self_attn.q_proj,12247,ce,False,-4.4237542073943814e-07,1.0640342476741314e-06,-0.000639787525869906,0.0006904176876544192,-0.001993006193672568,0.0007134311419327557,-0.926667345449215,True,False,128 calibration sequences; not held-out documents,65408,6815744,5.868765024038462e-06,same frozen seed0 calibration sequences as finite effect,all FourOverSix; causal-per-token activation,"BF16 forward, FP32 log_softmax, FP64 paired sequence summaries",research_runs/mixfp4_n16k64_full_validation_20260911T065444Z/runs/V43_fidelity_mistral7b_attempt1/fidelity/fidelity_report.json,129ad7a5e54dbe371b7411970b39ee2e28ea06618892632dec7b66c62a0d920e
mistral7b,16,random,model.layers.10.self_attn.q_proj,12247,kl,False,-2.6375659545330166e-08,3.6641143752507983e-07,-0.00041186215687317855,0.00017773788324583898,-0.0007602284080350229,-6.349590571133417e-05,-2.3172446377315605,True,True,128 calibration sequences; not held-out documents,65408,6815744,5.868765024038462e-06,same frozen seed0 calibration sequences as finite effect,all FourOverSix; causal-per-token activation,"BF16 forward, FP32 log_softmax, FP64 paired sequence summaries",research_runs/mixfp4_n16k64_full_validation_20260911T065444Z/runs/V43_fidelity_mistral7b_attempt1/fidelity/fidelity_report.json,129ad7a5e54dbe371b7411970b39ee2e28ea06618892632dec7b66c62a0d920e
mistral7b,16,random,model.layers.11.mlp.up_proj,23614,ce,False,-1.9723444588670702e-07,3.5709997615252364e-07,-0.0005021430552005768,0.0006980376601424631,-0.0018702968690798045,0.0008660107586786509,-0.7193638450654567,True,False,128 calibration sequences; not held-out documents,65408,6815744,5.868765024038462e-06,same frozen seed0 calibration sequences as finite effect,all FourOverSix; causal-per-token activation,"BF16 forward, FP32 log_softmax, FP64 paired sequence summaries",research_runs/mixfp4_n16k64_full_validation_20260911T065444Z/runs/V43_fidelity_mistral7b_attempt1/fidelity/fidelity_report.json,129ad7a5e54dbe371b7411970b39ee2e28ea06618892632dec7b66c62a0d920e
mistral7b,16,random,model.layers.11.mlp.up_proj,23614,kl,False,1.2135600674367808e-07,9.221017279726414e-08,-0.00039627770212774494,0.00023120925851868185,-0.0008494478488243614,5.689244456887147e-05,-1.7139352665487029,False,False,128 calibration sequences; not held-out documents,65408,6815744,5.868765024038462e-06,same frozen seed0 calibration sequences as finite effect,all FourOverSix; causal-per-token activation,"BF16 forward, FP32 log_softmax, FP64 paired sequence summaries",research_runs/mixfp4_n16k64_full_validation_20260911T065444Z/runs/V43_fidelity_mistral7b_attempt1/fidelity/fidelity_report.json,129ad7a5e54dbe371b7411970b39ee2e28ea06618892632dec7b66c62a0d920e
mistral7b,16,random,model.layers.24.mlp.gate_proj,28138,ce,False,3.9925126538165046e-08,3.4778161276648713e-07,-0.0006653351010754704,0.0004195795678374899,-0.0014877110540369508,0.00015704085188600976,-1.5857185432184002,False,False,128 calibration sequences; not held-out documents,65408,6815744,5.868765024038462e-06,same frozen seed0 calibration sequences as finite effect,all FourOverSix; causal-per-token activation,"BF16 forward, FP32 log_softmax, FP64 paired sequence summaries",research_runs/mixfp4_n16k64_full_validation_20260911T065444Z/runs/V43_fidelity_mistral7b_attempt1/fidelity/fidelity_report.json,129ad7a5e54dbe371b7411970b39ee2e28ea06618892632dec7b66c62a0d920e
mistral7b,16,random,model.layers.24.mlp.gate_proj,28138,kl,False,5.6642338819301585e-08,9.524699452364175e-08,-0.00018301537177800998,0.0001555269964566655,-0.0004878482848330743,0.00012181754127705435,-1.176743433279145,False,False,128 calibration sequences; not held-out documents,65408,6815744,5.868765024038462e-06,same frozen seed0 calibration sequences as finite effect,all FourOverSix; causal-per-token activation,"BF16 forward, FP32 log_softmax, FP64 paired sequence summaries",research_runs/mixfp4_n16k64_full_validation_20260911T065444Z/runs/V43_fidelity_mistral7b_attempt1/fidelity/fidelity_report.json,129ad7a5e54dbe371b7411970b39ee2e28ea06618892632dec7b66c62a0d920e
mistral7b,16,random,model.layers.3.mlp.gate_proj,482,ce,False,3.2043882147725355e-07,3.8129402830246016e-07,-0.0001387844095006585,0.00083235598931336,-0.001770202148554844,0.001492633329553527,-0.16673684250791143,False,False,128 calibration sequences; not held-out documents,65408,6815744,5.868765024038462e-06,same frozen seed0 calibration sequences as finite effect,all FourOverSix; causal-per-token activation,"BF16 forward, FP32 log_softmax, FP64 paired sequence summaries",research_runs/mixfp4_n16k64_full_validation_20260911T065444Z/runs/V43_fidelity_mistral7b_attempt1/fidelity/fidelity_report.json,129ad7a5e54dbe371b7411970b39ee2e28ea06618892632dec7b66c62a0d920e
mistral7b,16,random,model.layers.3.mlp.gate_proj,482,kl,False,-1.8520112110564924e-09,1.2404667017257242e-07,-0.00023078165880274247,0.00025326444678362627,-0.00072717997449865,0.00026561665689316496,-0.911228013776084,True,False,128 calibration sequences; not held-out documents,65408,6815744,5.868765024038462e-06,same frozen seed0 calibration sequences as finite effect,all FourOverSix; causal-per-token activation,"BF16 forward, FP32 log_softmax, FP64 paired sequence summaries",research_runs/mixfp4_n16k64_full_validation_20260911T065444Z/runs/V43_fidelity_mistral7b_attempt1/fidelity/fidelity_report.json,129ad7a5e54dbe371b7411970b39ee2e28ea06618892632dec7b66c62a0d920e
mistral7b,16,random,model.layers.7.self_attn.o_proj,11094,ce,False,7.912720096925341e-07,4.796672733665064e-07,-0.0010361962486058474,0.0006823561626943473,-0.002373614327486768,0.00030122183027507326,-1.5185562983916336,False,False,128 calibration sequences; not held-out documents,65408,6815744,5.868765024038462e-06,same frozen seed0 calibration sequences as finite effect,all FourOverSix; causal-per-token activation,"BF16 forward, FP32 log_softmax, FP64 paired sequence summaries",research_runs/mixfp4_n16k64_full_validation_20260911T065444Z/runs/V43_fidelity_mistral7b_attempt1/fidelity/fidelity_report.json,129ad7a5e54dbe371b7411970b39ee2e28ea06618892632dec7b66c62a0d920e
mistral7b,16,random,model.layers.7.self_attn.o_proj,11094,kl,False,3.441300198137043e-07,1.5091798264093897e-07,-7.903759534568002e-05,0.0002121990294918953,-0.0004949476931497948,0.00033687250245843477,-0.37246916508022376,False,False,128 calibration sequences; not held-out documents,65408,6815744,5.868765024038462e-06,same frozen seed0 calibration sequences as finite effect,all FourOverSix; causal-per-token activation,"BF16 forward, FP32 log_softmax, FP64 paired sequence summaries",research_runs/mixfp4_n16k64_full_validation_20260911T065444Z/runs/V43_fidelity_mistral7b_attempt1/fidelity/fidelity_report.json,129ad7a5e54dbe371b7411970b39ee2e28ea06618892632dec7b66c62a0d920e
mistral7b,16,random,model.layers.19.mlp.up_proj,15355,ce,False,-2.965087487760698e-07,2.56936129742798e-07,-0.0004371769027784467,0.0005184912227317816,-0.0014534196993327387,0.0005790658937758454,-0.8431712700459747,True,False,128 calibration sequences; not held-out documents,65408,6815744,5.868765024038462e-06,same frozen seed0 calibration sequences as finite effect,all FourOverSix; causal-per-token activation,"BF16 forward, FP32 log_softmax, FP64 paired sequence summaries",research_runs/mixfp4_n16k64_full_validation_20260911T065444Z/runs/V43_fidelity_mistral7b_attempt1/fidelity/fidelity_report.json,129ad7a5e54dbe371b7411970b39ee2e28ea06618892632dec7b66c62a0d920e
mistral7b,16,random,model.layers.19.mlp.up_proj,15355,kl,False,5.342960499032934e-08,1.0667925169419068e-07,-0.0004447440476234865,0.00018040453337421201,-0.0007983369330369421,-9.115116221003092e-05,-2.4652598208325323,False,True,128 calibration sequences; not held-out documents,65408,6815744,5.868765024038462e-06,same frozen seed0 calibration sequences as finite effect,all FourOverSix; causal-per-token activation,"BF16 forward, FP32 log_softmax, FP64 paired sequence summaries",research_runs/mixfp4_n16k64_full_validation_20260911T065444Z/runs/V43_fidelity_mistral7b_attempt1/fidelity/fidelity_report.json,129ad7a5e54dbe371b7411970b39ee2e28ea06618892632dec7b66c62a0d920e
mistral7b,16,random,model.layers.11.mlp.down_proj,8376,ce,False,-4.6730677427664347e-07,3.6663948844948873e-07,0.00045643525663763285,0.000696058654152404,-0.0009078397055010789,0.0018207102187763446,0.6557425209998109,False,False,128 calibration sequences; not held-out documents,65408,6815744,5.868765024038462e-06,same frozen seed0 calibration sequences as finite effect,all FourOverSix; causal-per-token activation,"BF16 forward, FP32 log_softmax, FP64 paired sequence summaries",research_runs/mixfp4_n16k64_full_validation_20260911T065444Z/runs/V43_fidelity_mistral7b_attempt1/fidelity/fidelity_report.json,129ad7a5e54dbe371b7411970b39ee2e28ea06618892632dec7b66c62a0d920e
mistral7b,16,random,model.layers.11.mlp.down_proj,8376,kl,False,-2.1666282509769097e-07,1.1044515186733811e-07,-0.00020600623969008438,0.00020346995976181626,-0.0006048073608232443,0.0001927948814430755,-1.012465132107153,True,False,128 calibration sequences; not held-out documents,65408,6815744,5.868765024038462e-06,same frozen seed0 calibration sequences as finite effect,all FourOverSix; causal-per-token activation,"BF16 forward, FP32 log_softmax, FP64 paired sequence summaries",research_runs/mixfp4_n16k64_full_validation_20260911T065444Z/runs/V43_fidelity_mistral7b_attempt1/fidelity/fidelity_report.json,129ad7a5e54dbe371b7411970b39ee2e28ea06618892632dec7b66c62a0d920e
mistral7b,16,random,model.layers.29.self_attn.k_proj,1212,ce,False,-4.224262615259988e-07,2.678777272987882e-07,-8.15665116533637e-05,0.0002618586969102173,-0.0005948095575973897,0.00043167653429066226,-0.3114905581361316,True,False,128 calibration sequences; not held-out documents,65408,6815744,5.868765024038462e-06,same frozen seed0 calibration sequences as finite effect,all FourOverSix; causal-per-token activation,"BF16 forward, FP32 log_softmax, FP64 paired sequence summaries",research_runs/mixfp4_n16k64_full_validation_20260911T065444Z/runs/V43_fidelity_mistral7b_attempt1/fidelity/fidelity_report.json,129ad7a5e54dbe371b7411970b39ee2e28ea06618892632dec7b66c62a0d920e
mistral7b,16,random,model.layers.29.self_attn.k_proj,1212,kl,False,1.2638879644255585e-08,5.107835374736255e-08,-0.00011159549980565311,7.356365403108828e-05,-0.00025578026170658614,3.258926209527991e-05,-1.5169923418770421,False,False,128 calibration sequences; not held-out documents,65408,6815744,5.868765024038462e-06,same frozen seed0 calibration sequences as finite effect,all FourOverSix; causal-per-token activation,"BF16 forward, FP32 log_softmax, FP64 paired sequence summaries",research_runs/mixfp4_n16k64_full_validation_20260911T065444Z/runs/V43_fidelity_mistral7b_attempt1/fidelity/fidelity_report.json,129ad7a5e54dbe371b7411970b39ee2e28ea06618892632dec7b66c62a0d920e
mistral7b,16,random,model.layers.11.self_attn.o_proj,15491,ce,False,-3.7687724574464454e-07,3.5085008041199605e-07,0.00015402468852698803,0.0006395985134654958,-0.0010995883978653837,0.0014076377749193598,0.24081464431873972,False,False,128 calibration sequences; not held-out documents,65408,6815744,5.868765024038462e-06,same frozen seed0 calibration sequences as finite effect,all FourOverSix; causal-per-token activation,"BF16 forward, FP32 log_softmax, FP64 paired sequence summaries",research_runs/mixfp4_n16k64_full_validation_20260911T065444Z/runs/V43_fidelity_mistral7b_attempt1/fidelity/fidelity_report.json,129ad7a5e54dbe371b7411970b39ee2e28ea06618892632dec7b66c62a0d920e
mistral7b,16,random,model.layers.11.self_attn.o_proj,15491,kl,False,-6.519645137648133e-08,9.649611405425853e-08,-0.0003179963637952363,0.0002172300911553065,-0.000743767342459637,0.00010777461486916442,-1.463868850323724,True,False,128 calibration sequences; not held-out documents,65408,6815744,5.868765024038462e-06,same frozen seed0 calibration sequences as finite effect,all FourOverSix; causal-per-token activation,"BF16 forward, FP32 log_softmax, FP64 paired sequence summaries",research_runs/mixfp4_n16k64_full_validation_20260911T065444Z/runs/V43_fidelity_mistral7b_attempt1/fidelity/fidelity_report.json,129ad7a5e54dbe371b7411970b39ee2e28ea06618892632dec7b66c62a0d920e
mistral7b,16,random,model.layers.30.self_attn.k_proj,2713,ce,False,4.5581535113026206e-07,2.7040347645087336e-07,3.702356480062008e-05,0.00019368115075463476,-0.00034259149067846406,0.0004166386202797042,0.19115729463794562,True,False,128 calibration sequences; not held-out documents,65408,6815744,5.868765024038462e-06,same frozen seed0 calibration sequences as finite effect,all FourOverSix; causal-per-token activation,"BF16 forward, FP32 log_softmax, FP64 paired sequence summaries",research_runs/mixfp4_n16k64_full_validation_20260911T065444Z/runs/V43_fidelity_mistral7b_attempt1/fidelity/fidelity_report.json,129ad7a5e54dbe371b7411970b39ee2e28ea06618892632dec7b66c62a0d920e
mistral7b,16,random,model.layers.30.self_attn.k_proj,2713,kl,False,-2.9458486788813687e-08,9.492620599050253e-08,-1.3037690144068254e-06,5.445007293044122e-05,-0.00010802591195807162,0.00010541837392925797,-0.023944302445147538,True,False,128 calibration sequences; not held-out documents,65408,6815744,5.868765024038462e-06,same frozen seed0 calibration sequences as finite effect,all FourOverSix; causal-per-token activation,"BF16 forward, FP32 log_softmax, FP64 paired sequence summaries",research_runs/mixfp4_n16k64_full_validation_20260911T065444Z/runs/V43_fidelity_mistral7b_attempt1/fidelity/fidelity_report.json,129ad7a5e54dbe371b7411970b39ee2e28ea06618892632dec7b66c62a0d920e
mistral7b,16,random,model.layers.27.mlp.down_proj,55196,ce,False,3.3081592432093743e-07,2.396642643438167e-07,0.00012673099990934134,0.00026439372385105264,-0.00039148069883872185,0.0006449426986574045,0.4793268087586519,True,False,128 calibration sequences; not held-out documents,65408,6815744,5.868765024038462e-06,same frozen seed0 calibration sequences as finite effect,all FourOverSix; causal-per-token activation,"BF16 forward, FP32 log_softmax, FP64 paired sequence summaries",research_runs/mixfp4_n16k64_full_validation_20260911T065444Z/runs/V43_fidelity_mistral7b_attempt1/fidelity/fidelity_report.json,129ad7a5e54dbe371b7411970b39ee2e28ea06618892632dec7b66c62a0d920e
mistral7b,16,random,model.layers.27.mlp.down_proj,55196,kl,False,6.640698307219806e-08,7.415995321718798e-08,-0.00013127641388208875,7.577249420600643e-05,-0.00027979050252586134,1.7237674761683863e-05,-1.7325074917711045,False,False,128 calibration sequences; not held-out documents,65408,6815744,5.868765024038462e-06,same frozen seed0 calibration sequences as finite effect,all FourOverSix; causal-per-token activation,"BF16 forward, FP32 log_softmax, FP64 paired sequence summaries",research_runs/mixfp4_n16k64_full_validation_20260911T065444Z/runs/V43_fidelity_mistral7b_attempt1/fidelity/fidelity_report.json,129ad7a5e54dbe371b7411970b39ee2e28ea06618892632dec7b66c62a0d920e
mistral7b,16,random,model.layers.14.mlp.down_proj,53081,ce,False,-2.1410840123081698e-07,3.3678719278464417e-07,-4.265294410288334e-05,0.0006663983676704141,-0.001348793744736895,0.0012634878565311283,-0.06400517494061231,True,False,128 calibration sequences; not held-out documents,65408,6815744,5.868765024038462e-06,same frozen seed0 calibration sequences as finite effect,all FourOverSix; causal-per-token activation,"BF16 forward, FP32 log_softmax, FP64 paired sequence summaries",research_runs/mixfp4_n16k64_full_validation_20260911T065444Z/runs/V43_fidelity_mistral7b_attempt1/fidelity/fidelity_report.json,129ad7a5e54dbe371b7411970b39ee2e28ea06618892632dec7b66c62a0d920e
mistral7b,16,random,model.layers.14.mlp.down_proj,53081,kl,False,-8.08357666914894e-08,8.811861197271107e-08,-0.0002886056480734714,0.00019205318728614547,-0.0006650298951543165,8.781859900737368e-05,-1.5027381328666507,True,False,128 calibration sequences; not held-out documents,65408,6815744,5.868765024038462e-06,same frozen seed0 calibration sequences as finite effect,all FourOverSix; causal-per-token activation,"BF16 forward, FP32 log_softmax, FP64 paired sequence summaries",research_runs/mixfp4_n16k64_full_validation_20260911T065444Z/runs/V43_fidelity_mistral7b_attempt1/fidelity/fidelity_report.json,129ad7a5e54dbe371b7411970b39ee2e28ea06618892632dec7b66c62a0d920e
mistral7b,16,random,model.layers.7.mlp.up_proj,20597,ce,False,3.4752112143543457e-07,4.511268967351145e-07,-0.0005033239722251892,0.0007276952424953984,-0.0019296066475161702,0.0009229587030657918,-0.6916686310868275,False,False,128 calibration sequences; not held-out documents,65408,6815744,5.868765024038462e-06,same frozen seed0 calibration sequences as finite effect,all FourOverSix; causal-per-token activation,"BF16 forward, FP32 log_softmax, FP64 paired sequence summaries",research_runs/mixfp4_n16k64_full_validation_20260911T065444Z/runs/V43_fidelity_mistral7b_attempt1/fidelity/fidelity_report.json,129ad7a5e54dbe371b7411970b39ee2e28ea06618892632dec7b66c62a0d920e
mistral7b,16,random,model.layers.7.mlp.up_proj,20597,kl,False,-1.3503163115435868e-07,1.1835315294744828e-07,-0.00040968867775063964,0.0002303153304398758,-0.0008611067254127962,4.17293699115169e-05,-1.7788163600233704,True,False,128 calibration sequences; not held-out documents,65408,6815744,5.868765024038462e-06,same frozen seed0 calibration sequences as finite effect,all FourOverSix; causal-per-token activation,"BF16 forward, FP32 log_softmax, FP64 paired sequence summaries",research_runs/mixfp4_n16k64_full_validation_20260911T065444Z/runs/V43_fidelity_mistral7b_attempt1/fidelity/fidelity_report.json,129ad7a5e54dbe371b7411970b39ee2e28ea06618892632dec7b66c62a0d920e
mistral7b,16,random,model.layers.11.mlp.gate_proj,2485,ce,False,-1.0077745571379637e-07,2.268050556780655e-07,0.00020413636229932308,0.0006786721220634919,-0.001126060996945121,0.0015343337215437671,0.3007878998752,False,False,128 calibration sequences; not held-out documents,65408,6815744,5.868765024038462e-06,same frozen seed0 calibration sequences as finite effect,all FourOverSix; causal-per-token activation,"BF16 forward, FP32 log_softmax, FP64 paired sequence summaries",research_runs/mixfp4_n16k64_full_validation_20260911T065444Z/runs/V43_fidelity_mistral7b_attempt1/fidelity/fidelity_report.json,129ad7a5e54dbe371b7411970b39ee2e28ea06618892632dec7b66c62a0d920e
mistral7b,16,random,model.layers.11.mlp.gate_proj,2485,kl,False,1.0531208349817689e-07,8.118339455420732e-08,-0.0002010112826045964,0.00017936232941819392,-0.0005525614482642565,0.0001505388830550637,-1.120699554118338,False,False,128 calibration sequences; not held-out documents,65408,6815744,5.868765024038462e-06,same frozen seed0 calibration sequences as finite effect,all FourOverSix; causal-per-token activation,"BF16 forward, FP32 log_softmax, FP64 paired sequence summaries",research_runs/mixfp4_n16k64_full_validation_20260911T065444Z/runs/V43_fidelity_mistral7b_attempt1/fidelity/fidelity_report.json,129ad7a5e54dbe371b7411970b39ee2e28ea06618892632dec7b66c62a0d920e
mistral7b,16,random,model.layers.31.mlp.up_proj,3015,ce,False,-3.344524046600128e-08,4.886080352567497e-07,1.5945639461278915e-05,1.3109088906671331e-05,-9.748174795796891e-06,4.163945371835472e-05,1.2163804498391981,False,False,128 calibration sequences; not held-out documents,65408,6815744,5.868765024038462e-06,same frozen seed0 calibration sequences as finite effect,all FourOverSix; causal-per-token activation,"BF16 forward, FP32 log_softmax, FP64 paired sequence summaries",research_runs/mixfp4_n16k64_full_validation_20260911T065444Z/runs/V43_fidelity_mistral7b_attempt1/fidelity/fidelity_report.json,129ad7a5e54dbe371b7411970b39ee2e28ea06618892632dec7b66c62a0d920e
mistral7b,16,random,model.layers.31.mlp.up_proj,3015,kl,False,1.2425187369269342e-07,7.586061582887267e-08,-3.896390889073637e-07,1.7979699707819534e-06,-3.913660231639992e-06,3.134382053825265e-06,-0.21671056538163766,False,False,128 calibration sequences; not held-out documents,65408,6815744,5.868765024038462e-06,same frozen seed0 calibration sequences as finite effect,all FourOverSix; causal-per-token activation,"BF16 forward, FP32 log_softmax, FP64 paired sequence summaries",research_runs/mixfp4_n16k64_full_validation_20260911T065444Z/runs/V43_fidelity_mistral7b_attempt1/fidelity/fidelity_report.json,129ad7a5e54dbe371b7411970b39ee2e28ea06618892632dec7b66c62a0d920e
mistral7b,16,random,model.layers.27.mlp.down_proj,19706,ce,False,4.84764283603667e-07,2.4919452308315605e-07,-0.00029890460427850485,0.0002952372673639741,-0.0008775696483118941,0.0002797604397548844,-1.0124216598645372,False,False,128 calibration sequences; not held-out documents,65408,6815744,5.868765024038462e-06,same frozen seed0 calibration sequences as finite effect,all FourOverSix; causal-per-token activation,"BF16 forward, FP32 log_softmax, FP64 paired sequence summaries",research_runs/mixfp4_n16k64_full_validation_20260911T065444Z/runs/V43_fidelity_mistral7b_attempt1/fidelity/fidelity_report.json,129ad7a5e54dbe371b7411970b39ee2e28ea06618892632dec7b66c62a0d920e
mistral7b,16,random,model.layers.27.mlp.down_proj,19706,kl,False,1.0321911873834022e-07,8.444437641404306e-08,-0.0001902674270622701,6.891369440547355e-05,-0.00032533826809699826,-5.5196586027541955e-05,-2.7609523579272497,False,True,128 calibration sequences; not held-out documents,65408,6815744,5.868765024038462e-06,same frozen seed0 calibration sequences as finite effect,all FourOverSix; causal-per-token activation,"BF16 forward, FP32 log_softmax, FP64 paired sequence summaries",research_runs/mixfp4_n16k64_full_validation_20260911T065444Z/runs/V43_fidelity_mistral7b_attempt1/fidelity/fidelity_report.json,129ad7a5e54dbe371b7411970b39ee2e28ea06618892632dec7b66c62a0d920e
mistral7b,16,random,model.layers.25.mlp.up_proj,48533,ce,False,5.999888919028251e-07,2.8862565028123766e-07,6.0064950957894325e-05,0.00031046210148251083,-0.0005484407679478268,0.0006685706698636155,0.1934695110001307,True,False,128 calibration sequences; not held-out documents,65408,6815744,5.868765024038462e-06,same frozen seed0 calibration sequences as finite effect,all FourOverSix; causal-per-token activation,"BF16 forward, FP32 log_softmax, FP64 paired sequence summaries",research_runs/mixfp4_n16k64_full_validation_20260911T065444Z/runs/V43_fidelity_mistral7b_attempt1/fidelity/fidelity_report.json,129ad7a5e54dbe371b7411970b39ee2e28ea06618892632dec7b66c62a0d920e
mistral7b,16,random,model.layers.25.mlp.up_proj,48533,kl,False,1.0896482854905187e-07,1.2404997888867494e-07,-4.615381939561561e-05,0.00011372330941670203,-0.00026905150585235157,0.00017674386706112037,-0.4058430908522014,False,False,128 calibration sequences; not held-out documents,65408,6815744,5.868765024038462e-06,same frozen seed0 calibration sequences as finite effect,all FourOverSix; causal-per-token activation,"BF16 forward, FP32 log_softmax, FP64 paired sequence summaries",research_runs/mixfp4_n16k64_full_validation_20260911T065444Z/runs/V43_fidelity_mistral7b_attempt1/fidelity/fidelity_report.json,129ad7a5e54dbe371b7411970b39ee2e28ea06618892632dec7b66c62a0d920e
mistral7b,16,random,model.layers.24.mlp.down_proj,52744,ce,False,2.708086602465354e-07,3.294242693876066e-07,-0.0008157182019203901,0.0003950561943689953,-0.001590028342883621,-4.140806095715929e-05,-2.064815622555415,False,True,128 calibration sequences; not held-out documents,65408,6815744,5.868765024038462e-06,same frozen seed0 calibration sequences as finite effect,all FourOverSix; causal-per-token activation,"BF16 forward, FP32 log_softmax, FP64 paired sequence summaries",research_runs/mixfp4_n16k64_full_validation_20260911T065444Z/runs/V43_fidelity_mistral7b_attempt1/fidelity/fidelity_report.json,129ad7a5e54dbe371b7411970b39ee2e28ea06618892632dec7b66c62a0d920e
mistral7b,16,random,model.layers.24.mlp.down_proj,52744,kl,False,-3.784265260875497e-08,1.1712705838170612e-07,-8.840999797073695e-05,0.0001284344122222632,-0.00034014144592637283,0.00016332144998489897,-0.6883668982557285,True,False,128 calibration sequences; not held-out documents,65408,6815744,5.868765024038462e-06,same frozen seed0 calibration sequences as finite effect,all FourOverSix; causal-per-token activation,"BF16 forward, FP32 log_softmax, FP64 paired sequence summaries",research_runs/mixfp4_n16k64_full_validation_20260911T065444Z/runs/V43_fidelity_mistral7b_attempt1/fidelity/fidelity_report.json,129ad7a5e54dbe371b7411970b39ee2e28ea06618892632dec7b66c62a0d920e
mistral7b,16,random,model.layers.31.mlp.down_proj,24125,ce,False,-2.758401302926927e-07,3.878553604273817e-07,4.800735041499138e-06,8.710910746152657e-06,-1.227265002096007e-05,2.1874120103958345e-05,0.5511174642237582,False,False,128 calibration sequences; not held-out documents,65408,6815744,5.868765024038462e-06,same frozen seed0 calibration sequences as finite effect,all FourOverSix; causal-per-token activation,"BF16 forward, FP32 log_softmax, FP64 paired sequence summaries",research_runs/mixfp4_n16k64_full_validation_20260911T065444Z/runs/V43_fidelity_mistral7b_attempt1/fidelity/fidelity_report.json,129ad7a5e54dbe371b7411970b39ee2e28ea06618892632dec7b66c62a0d920e
mistral7b,16,random,model.layers.31.mlp.down_proj,24125,kl,False,-8.980972257544018e-08,9.004365738128063e-08,-1.2069340325415794e-06,1.810215385019026e-06,-4.7549561871788694e-06,2.341088122095711e-06,-0.666735042984343,True,False,128 calibration sequences; not held-out documents,65408,6815744,5.868765024038462e-06,same frozen seed0 calibration sequences as finite effect,all FourOverSix; causal-per-token activation,"BF16 forward, FP32 log_softmax, FP64 paired sequence summaries",research_runs/mixfp4_n16k64_full_validation_20260911T065444Z/runs/V43_fidelity_mistral7b_attempt1/fidelity/fidelity_report.json,129ad7a5e54dbe371b7411970b39ee2e28ea06618892632dec7b66c62a0d920e
mistral7b,16,random,model.layers.22.mlp.up_proj,54241,ce,False,5.206641086608066e-07,3.120318311268631e-07,-0.00019891827832907438,0.0004142561836458665,-0.0010108603982749726,0.000613023841616824,-0.4801817961494157,False,False,128 calibration sequences; not held-out documents,65408,6815744,5.868765024038462e-06,same frozen seed0 calibration sequences as finite effect,all FourOverSix; causal-per-token activation,"BF16 forward, FP32 log_softmax, FP64 paired sequence summaries",research_runs/mixfp4_n16k64_full_validation_20260911T065444Z/runs/V43_fidelity_mistral7b_attempt1/fidelity/fidelity_report.json,129ad7a5e54dbe371b7411970b39ee2e28ea06618892632dec7b66c62a0d920e
mistral7b,16,random,model.layers.22.mlp.up_proj,54241,kl,False,5.287776921880649e-08,1.2199879251238452e-07,-0.00010928948037589084,0.0001195259808429169,-0.00034356040282800795,0.0001249814420762263,-0.9143575280049026,False,False,128 calibration sequences; not held-out documents,65408,6815744,5.868765024038462e-06,same frozen seed0 calibration sequences as finite effect,all FourOverSix; causal-per-token activation,"BF16 forward, FP32 log_softmax, FP64 paired sequence summaries",research_runs/mixfp4_n16k64_full_validation_20260911T065444Z/runs/V43_fidelity_mistral7b_attempt1/fidelity/fidelity_report.json,129ad7a5e54dbe371b7411970b39ee2e28ea06618892632dec7b66c62a0d920e
mistral7b,16,random,model.layers.4.mlp.down_proj,57209,ce,False,1.1460919602246378e-07,5.149906676847445e-07,-2.187909558415413e-06,0.0008791551286331744,-0.0017253319616794371,0.0017209561425626063,-0.002488650167823014,False,False,128 calibration sequences; not held-out documents,65408,6815744,5.868765024038462e-06,same frozen seed0 calibration sequences as finite effect,all FourOverSix; causal-per-token activation,"BF16 forward, FP32 log_softmax, FP64 paired sequence summaries",research_runs/mixfp4_n16k64_full_validation_20260911T065444Z/runs/V43_fidelity_mistral7b_attempt1/fidelity/fidelity_report.json,129ad7a5e54dbe371b7411970b39ee2e28ea06618892632dec7b66c62a0d920e
mistral7b,16,random,model.layers.4.mlp.down_proj,57209,kl,False,6.242421717872482e-07,2.2061880753241946e-07,-3.8597012073703416e-05,0.0002635432983971103,-0.0005551418769320396,0.0004779478527846328,-0.14645415879839588,False,False,128 calibration sequences; not held-out documents,65408,6815744,5.868765024038462e-06,same frozen seed0 calibration sequences as finite effect,all FourOverSix; causal-per-token activation,"BF16 forward, FP32 log_softmax, FP64 paired sequence summaries",research_runs/mixfp4_n16k64_full_validation_20260911T065444Z/runs/V43_fidelity_mistral7b_attempt1/fidelity/fidelity_report.json,129ad7a5e54dbe371b7411970b39ee2e28ea06618892632dec7b66c62a0d920e
mistral7b,16,random,model.layers.13.mlp.up_proj,226,ce,False,-3.0523931837667106e-07,2.8837781016023766e-07,-5.3513795137405396e-05,0.0006237430909627675,-0.0012760502534244298,0.001169022663149619,-0.08579460985259994,True,False,128 calibration sequences; not held-out documents,65408,6815744,5.868765024038462e-06,same frozen seed0 calibration sequences as finite effect,all FourOverSix; causal-per-token activation,"BF16 forward, FP32 log_softmax, FP64 paired sequence summaries",research_runs/mixfp4_n16k64_full_validation_20260911T065444Z/runs/V43_fidelity_mistral7b_attempt1/fidelity/fidelity_report.json,129ad7a5e54dbe371b7411970b39ee2e28ea06618892632dec7b66c62a0d920e
mistral7b,16,random,model.layers.13.mlp.up_proj,226,kl,False,1.0968788549670094e-07,7.669593354313186e-08,-0.00019066701793872483,0.00018118887559486548,-0.0005457972141046612,0.00016446317822721153,-1.0523108403468007,False,False,128 calibration sequences; not held-out documents,65408,6815744,5.868765024038462e-06,same frozen seed0 calibration sequences as finite effect,all FourOverSix; causal-per-token activation,"BF16 forward, FP32 log_softmax, FP64 paired sequence summaries",research_runs/mixfp4_n16k64_full_validation_20260911T065444Z/runs/V43_fidelity_mistral7b_attempt1/fidelity/fidelity_report.json,129ad7a5e54dbe371b7411970b39ee2e28ea06618892632dec7b66c62a0d920e
mistral7b,16,random,model.layers.2.mlp.down_proj,2031,ce,False,-3.428208856792736e-07,4.832225377068005e-07,-0.00035935838241130114,0.0008457768273874766,-0.0020170809640907552,0.001298364199268153,-0.42488558538701593,True,False,128 calibration sequences; not held-out documents,65408,6815744,5.868765024038462e-06,same frozen seed0 calibration sequences as finite effect,all FourOverSix; causal-per-token activation,"BF16 forward, FP32 log_softmax, FP64 paired sequence summaries",research_runs/mixfp4_n16k64_full_validation_20260911T065444Z/runs/V43_fidelity_mistral7b_attempt1/fidelity/fidelity_report.json,129ad7a5e54dbe371b7411970b39ee2e28ea06618892632dec7b66c62a0d920e
mistral7b,16,random,model.layers.2.mlp.down_proj,2031,kl,False,-2.848736154192899e-07,2.8842328775139985e-07,-0.00012734423898438558,0.00023096230458233115,-0.0005800303559657546,0.0003253418779969834,-0.5513637353708998,True,False,128 calibration sequences; not held-out documents,65408,6815744,5.868765024038462e-06,same frozen seed0 calibration sequences as finite effect,all FourOverSix; causal-per-token activation,"BF16 forward, FP32 log_softmax, FP64 paired sequence summaries",research_runs/mixfp4_n16k64_full_validation_20260911T065444Z/runs/V43_fidelity_mistral7b_attempt1/fidelity/fidelity_report.json,129ad7a5e54dbe371b7411970b39ee2e28ea06618892632dec7b66c62a0d920e
mistral7b,16,random,model.layers.5.mlp.up_proj,10230,ce,False,1.8176436511474492e-07,3.512173874468816e-07,-0.001030274317599833,0.0007680349944025752,-0.00253562290662888,0.0004750742714292142,-1.3414418940653137,False,False,128 calibration sequences; not held-out documents,65408,6815744,5.868765024038462e-06,same frozen seed0 calibration sequences as finite effect,all FourOverSix; causal-per-token activation,"BF16 forward, FP32 log_softmax, FP64 paired sequence summaries",research_runs/mixfp4_n16k64_full_validation_20260911T065444Z/runs/V43_fidelity_mistral7b_attempt1/fidelity/fidelity_report.json,129ad7a5e54dbe371b7411970b39ee2e28ea06618892632dec7b66c62a0d920e
mistral7b,16,random,model.layers.5.mlp.up_proj,10230,kl,False,-1.296912992554411e-07,1.7726087872025154e-07,-0.0005583654185853782,0.00021645160567029847,-0.0009826105656991632,-0.0001341202714715932,-2.5796316772807253,True,True,128 calibration sequences; not held-out documents,65408,6815744,5.868765024038462e-06,same frozen seed0 calibration sequences as finite effect,all FourOverSix; causal-per-token activation,"BF16 forward, FP32 log_softmax, FP64 paired sequence summaries",research_runs/mixfp4_n16k64_full_validation_20260911T065444Z/runs/V43_fidelity_mistral7b_attempt1/fidelity/fidelity_report.json,129ad7a5e54dbe371b7411970b39ee2e28ea06618892632dec7b66c62a0d920e
mistral7b,16,random,model.layers.7.mlp.gate_proj,31262,ce,False,-1.9454611899227814e-07,3.7803288828762624e-07,-0.0005089114420115948,0.0007826071569818401,-0.002042821469696001,0.0010249985856728117,-0.6502770099550773,True,False,128 calibration sequences; not held-out documents,65408,6815744,5.868765024038462e-06,same frozen seed0 calibration sequences as finite effect,all FourOverSix; causal-per-token activation,"BF16 forward, FP32 log_softmax, FP64 paired sequence summaries",research_runs/mixfp4_n16k64_full_validation_20260911T065444Z/runs/V43_fidelity_mistral7b_attempt1/fidelity/fidelity_report.json,129ad7a5e54dbe371b7411970b39ee2e28ea06618892632dec7b66c62a0d920e
mistral7b,16,random,model.layers.7.mlp.gate_proj,31262,kl,False,-1.9429248421243273e-07,1.3628553571676123e-07,5.5986493676107266e-05,0.00022530266995490777,-0.00038560673943551193,0.0004975797267877265,0.24849458591552617,False,False,128 calibration sequences; not held-out documents,65408,6815744,5.868765024038462e-06,same frozen seed0 calibration sequences as finite effect,all FourOverSix; causal-per-token activation,"BF16 forward, FP32 log_softmax, FP64 paired sequence summaries",research_runs/mixfp4_n16k64_full_validation_20260911T065444Z/runs/V43_fidelity_mistral7b_attempt1/fidelity/fidelity_report.json,129ad7a5e54dbe371b7411970b39ee2e28ea06618892632dec7b66c62a0d920e
mistral7b,16,random,model.layers.29.mlp.down_proj,54965,ce,False,2.411874054919494e-07,2.851686516072431e-07,-0.0002428647130727768,0.00021796286939891022,-0.0006700719370946408,0.00018434251094908723,-1.1142480998829751,False,False,128 calibration sequences; not held-out documents,65408,6815744,5.868765024038462e-06,same frozen seed0 calibration sequences as finite effect,all FourOverSix; causal-per-token activation,"BF16 forward, FP32 log_softmax, FP64 paired sequence summaries",research_runs/mixfp4_n16k64_full_validation_20260911T065444Z/runs/V43_fidelity_mistral7b_attempt1/fidelity/fidelity_report.json,129ad7a5e54dbe371b7411970b39ee2e28ea06618892632dec7b66c62a0d920e
mistral7b,16,random,model.layers.29.mlp.down_proj,54965,kl,False,1.0696326624426433e-07,6.486493247219352e-08,-7.215869527197162e-05,4.8729520063375435e-05,-0.0001676685545961875,2.335116405224423e-05,-1.4808004506944712,False,False,128 calibration sequences; not held-out documents,65408,6815744,5.868765024038462e-06,same frozen seed0 calibration sequences as finite effect,all FourOverSix; causal-per-token activation,"BF16 forward, FP32 log_softmax, FP64 paired sequence summaries",research_runs/mixfp4_n16k64_full_validation_20260911T065444Z/runs/V43_fidelity_mistral7b_attempt1/fidelity/fidelity_report.json,129ad7a5e54dbe371b7411970b39ee2e28ea06618892632dec7b66c62a0d920e
mistral7b,16,random,model.layers.22.self_attn.v_proj,791,ce,False,1.2253756265234728e-06,7.023394476363112e-07,-0.00044306833297014236,0.0004378965182486638,-0.0013013455087375232,0.0004152088427972386,-1.0118105865334643,False,False,128 calibration sequences; not held-out documents,65408,6815744,5.868765024038462e-06,same frozen seed0 calibration sequences as finite effect,all FourOverSix; causal-per-token activation,"BF16 forward, FP32 log_softmax, FP64 paired sequence summaries",research_runs/mixfp4_n16k64_full_validation_20260911T065444Z/runs/V43_fidelity_mistral7b_attempt1/fidelity/fidelity_report.json,129ad7a5e54dbe371b7411970b39ee2e28ea06618892632dec7b66c62a0d920e
mistral7b,16,random,model.layers.22.self_attn.v_proj,791,kl,False,-1.9055127697953367e-07,2.8511835218165485e-07,-0.00032690248204498976,0.0001439244160088006,-0.0006089943374222389,-4.4810626667740594e-05,-2.2713483306751825,True,True,128 calibration sequences; not held-out documents,65408,6815744,5.868765024038462e-06,same frozen seed0 calibration sequences as finite effect,all FourOverSix; causal-per-token activation,"BF16 forward, FP32 log_softmax, FP64 paired sequence summaries",research_runs/mixfp4_n16k64_full_validation_20260911T065444Z/runs/V43_fidelity_mistral7b_attempt1/fidelity/fidelity_report.json,129ad7a5e54dbe371b7411970b39ee2e28ea06618892632dec7b66c62a0d920e
mistral7b,16,random,model.layers.20.mlp.up_proj,36976,ce,False,1.994009328765145e-07,3.5283484093231974e-07,-0.00023096974473446608,0.00047926389562001707,-0.0011703269801496994,0.0007083874906807674,-0.48192602623584596,False,False,128 calibration sequences; not held-out documents,65408,6815744,5.868765024038462e-06,same frozen seed0 calibration sequences as finite effect,all FourOverSix; causal-per-token activation,"BF16 forward, FP32 log_softmax, FP64 paired sequence summaries",research_runs/mixfp4_n16k64_full_validation_20260911T065444Z/runs/V43_fidelity_mistral7b_attempt1/fidelity/fidelity_report.json,129ad7a5e54dbe371b7411970b39ee2e28ea06618892632dec7b66c62a0d920e
mistral7b,16,random,model.layers.20.mlp.up_proj,36976,kl,False,2.8945520175183148e-08,9.960919918852972e-08,-0.0002498043557785839,0.0001654880497459589,-0.0005741609332806634,7.455222172349555e-05,-1.5095008743051788,False,False,128 calibration sequences; not held-out documents,65408,6815744,5.868765024038462e-06,same frozen seed0 calibration sequences as finite effect,all FourOverSix; causal-per-token activation,"BF16 forward, FP32 log_softmax, FP64 paired sequence summaries",research_runs/mixfp4_n16k64_full_validation_20260911T065444Z/runs/V43_fidelity_mistral7b_attempt1/fidelity/fidelity_report.json,129ad7a5e54dbe371b7411970b39ee2e28ea06618892632dec7b66c62a0d920e
mistral7b,16,random,model.layers.11.mlp.up_proj,3261,ce,False,-3.281059899329364e-07,3.3778196460676e-07,-0.0013043088838458061,0.0007309085755523563,-0.0027368896919284244,0.0001282719242368122,-1.7845034625023033,True,False,128 calibration sequences; not held-out documents,65408,6815744,5.868765024038462e-06,same frozen seed0 calibration sequences as finite effect,all FourOverSix; causal-per-token activation,"BF16 forward, FP32 log_softmax, FP64 paired sequence summaries",research_runs/mixfp4_n16k64_full_validation_20260911T065444Z/runs/V43_fidelity_mistral7b_attempt1/fidelity/fidelity_report.json,129ad7a5e54dbe371b7411970b39ee2e28ea06618892632dec7b66c62a0d920e
mistral7b,16,random,model.layers.11.mlp.up_proj,3261,kl,False,-1.3285912175975412e-07,9.116927092628065e-08,-0.00013785763775737812,0.00020859917345928943,-0.0005467120177375855,0.00027099674222282917,-0.660873365273821,True,False,128 calibration sequences; not held-out documents,65408,6815744,5.868765024038462e-06,same frozen seed0 calibration sequences as finite effect,all FourOverSix; causal-per-token activation,"BF16 forward, FP32 log_softmax, FP64 paired sequence summaries",research_runs/mixfp4_n16k64_full_validation_20260911T065444Z/runs/V43_fidelity_mistral7b_attempt1/fidelity/fidelity_report.json,129ad7a5e54dbe371b7411970b39ee2e28ea06618892632dec7b66c62a0d920e
mistral7b,16,random,model.layers.27.mlp.down_proj,45284,ce,False,1.1197777716187574e-07,2.9169803993995154e-07,8.674757555127144e-05,0.00028767744016807773,-0.00047710020717816085,0.0006505953582807037,0.30154458931707856,True,False,128 calibration sequences; not held-out documents,65408,6815744,5.868765024038462e-06,same frozen seed0 calibration sequences as finite effect,all FourOverSix; causal-per-token activation,"BF16 forward, FP32 log_softmax, FP64 paired sequence summaries",research_runs/mixfp4_n16k64_full_validation_20260911T065444Z/runs/V43_fidelity_mistral7b_attempt1/fidelity/fidelity_report.json,129ad7a5e54dbe371b7411970b39ee2e28ea06618892632dec7b66c62a0d920e
mistral7b,16,random,model.layers.27.mlp.down_proj,45284,kl,False,1.7428202978703178e-07,7.786658424242289e-08,1.3283387483004573e-05,6.65391838021549e-05,-0.00011713341276921902,0.00014370018773522816,0.199632558200607,True,False,128 calibration sequences; not held-out documents,65408,6815744,5.868765024038462e-06,same frozen seed0 calibration sequences as finite effect,all FourOverSix; causal-per-token activation,"BF16 forward, FP32 log_softmax, FP64 paired sequence summaries",research_runs/mixfp4_n16k64_full_validation_20260911T065444Z/runs/V43_fidelity_mistral7b_attempt1/fidelity/fidelity_report.json,129ad7a5e54dbe371b7411970b39ee2e28ea06618892632dec7b66c62a0d920e
mistral7b,16,random,model.layers.1.self_attn.o_proj,7919,ce,False,-1.312492321048353e-06,8.706348945805588e-07,-0.0005250901449471712,0.0008702511690418061,-0.002230782436269111,0.0011806021463747686,-0.6033776955741685,True,False,128 calibration sequences; not held-out documents,65408,6815744,5.868765024038462e-06,same frozen seed0 calibration sequences as finite effect,all FourOverSix; causal-per-token activation,"BF16 forward, FP32 log_softmax, FP64 paired sequence summaries",research_runs/mixfp4_n16k64_full_validation_20260911T065444Z/runs/V43_fidelity_mistral7b_attempt1/fidelity/fidelity_report.json,129ad7a5e54dbe371b7411970b39ee2e28ea06618892632dec7b66c62a0d920e
mistral7b,16,random,model.layers.1.self_attn.o_proj,7919,kl,False,-1.672852659173607e-07,3.444710361117622e-07,-0.00023389672426566902,0.00025062683951616437,-0.0007251253297173512,0.0002573318811860132,-0.9332469128893263,True,False,128 calibration sequences; not held-out documents,65408,6815744,5.868765024038462e-06,same frozen seed0 calibration sequences as finite effect,all FourOverSix; causal-per-token activation,"BF16 forward, FP32 log_softmax, FP64 paired sequence summaries",research_runs/mixfp4_n16k64_full_validation_20260911T065444Z/runs/V43_fidelity_mistral7b_attempt1/fidelity/fidelity_report.json,129ad7a5e54dbe371b7411970b39ee2e28ea06618892632dec7b66c62a0d920e
mistral7b,16,random,model.layers.11.self_attn.o_proj,8957,ce,False,-2.3562608664207119e-07,5.942411364093531e-07,5.392392631620169e-05,0.0006817228755579039,-0.00128225290977729,0.0013901007624096933,0.07909948198829587,False,False,128 calibration sequences; not held-out documents,65408,6815744,5.868765024038462e-06,same frozen seed0 calibration sequences as finite effect,all FourOverSix; causal-per-token activation,"BF16 forward, FP32 log_softmax, FP64 paired sequence summaries",research_runs/mixfp4_n16k64_full_validation_20260911T065444Z/runs/V43_fidelity_mistral7b_attempt1/fidelity/fidelity_report.json,129ad7a5e54dbe371b7411970b39ee2e28ea06618892632dec7b66c62a0d920e
mistral7b,16,random,model.layers.11.self_attn.o_proj,8957,kl,False,1.6375556899372867e-07,1.832488446729374e-07,-0.00027843630104231506,0.00020292827584176401,-0.0006761757216921726,0.00011930311960754242,-1.3720921832471953,False,False,128 calibration sequences; not held-out documents,65408,6815744,5.868765024038462e-06,same frozen seed0 calibration sequences as finite effect,all FourOverSix; causal-per-token activation,"BF16 forward, FP32 log_softmax, FP64 paired sequence summaries",research_runs/mixfp4_n16k64_full_validation_20260911T065444Z/runs/V43_fidelity_mistral7b_attempt1/fidelity/fidelity_report.json,129ad7a5e54dbe371b7411970b39ee2e28ea06618892632dec7b66c62a0d920e
