model,module,U,draws,all_empty,source_sha256,interpretation,K_mean,K_sample_sd,K_min,K_max,K_range,density_mean,density_sample_sd,density_min,density_max,density_range,density_ratio_denominator_zero
llama8b,ALL,6815744,5,False,49322fc37a509fcc19c4c2dcba27f571d7e08725b0f688e5e6e2da549664253f,Across-draw descriptive variation; count and density share fixed U; not identity stability or independent evidence,1850.6,413.4813175948824,1309.0,2463.0,1154.0,0.0002715184138371394,6.0665617369854616e-05,0.00019205533541165866,0.00036136920635516825,0.0001693138709435096,False
llama8b,model.layers.0.mlp.down_proj,57344,5,False,49322fc37a509fcc19c4c2dcba27f571d7e08725b0f688e5e6e2da549664253f,Across-draw descriptive variation; count and density share fixed U; not identity stability or independent evidence,10.2,4.147288270665544,5.0,15.0,10.0,0.00017787388392857145,7.232296788967537e-05,8.719308035714286e-05,0.00026157924107142856,0.0001743861607142857,False
llama8b,model.layers.0.mlp.gate_proj,57344,5,False,49322fc37a509fcc19c4c2dcba27f571d7e08725b0f688e5e6e2da549664253f,Across-draw descriptive variation; count and density share fixed U; not identity stability or independent evidence,9.0,6.041522986797286,4.0,17.0,13.0,0.00015694754464285715,0.0001053557998534683,6.975446428571428e-05,0.0002964564732142857,0.0002267020089285714,False
llama8b,model.layers.0.mlp.up_proj,57344,5,False,49322fc37a509fcc19c4c2dcba27f571d7e08725b0f688e5e6e2da549664253f,Across-draw descriptive variation; count and density share fixed U; not identity stability or independent evidence,7.8,2.16794833886788,5.0,10.0,5.0,0.00013602120535714286,3.780601874420829e-05,8.719308035714286e-05,0.00017438616071428572,8.719308035714286e-05,False
llama8b,model.layers.0.self_attn.k_proj,4096,5,False,49322fc37a509fcc19c4c2dcba27f571d7e08725b0f688e5e6e2da549664253f,Across-draw descriptive variation; count and density share fixed U; not identity stability or independent evidence,0.6,0.8944271909999159,0.0,2.0,2.0,0.000146484375,0.00021836601342771383,0.0,0.00048828125,0.00048828125,False
llama8b,model.layers.0.self_attn.o_proj,16384,5,False,49322fc37a509fcc19c4c2dcba27f571d7e08725b0f688e5e6e2da549664253f,Across-draw descriptive variation; count and density share fixed U; not identity stability or independent evidence,8.6,4.560701700396552,4.0,14.0,10.0,0.00052490234375,0.00027836314089334425,0.000244140625,0.0008544921875,0.0006103515625,False
llama8b,model.layers.0.self_attn.q_proj,16384,5,False,49322fc37a509fcc19c4c2dcba27f571d7e08725b0f688e5e6e2da549664253f,Across-draw descriptive variation; count and density share fixed U; not identity stability or independent evidence,3.2,1.0954451150103321,2.0,4.0,2.0,0.0001953125,6.686066375795484e-05,0.0001220703125,0.000244140625,0.0001220703125,False
llama8b,model.layers.0.self_attn.v_proj,4096,5,False,49322fc37a509fcc19c4c2dcba27f571d7e08725b0f688e5e6e2da549664253f,Across-draw descriptive variation; count and density share fixed U; not identity stability or independent evidence,4.8,2.4899799195977463,1.0,8.0,7.0,0.001171875,0.0006079052538080435,0.000244140625,0.001953125,0.001708984375,False
llama8b,model.layers.1.mlp.down_proj,57344,5,False,49322fc37a509fcc19c4c2dcba27f571d7e08725b0f688e5e6e2da549664253f,Across-draw descriptive variation; count and density share fixed U; not identity stability or independent evidence,38.0,3.5355339059327378,33.0,42.0,9.0,0.0006626674107142857,6.165481839307926e-05,0.0005754743303571429,0.000732421875,0.00015694754464285713,False
llama8b,model.layers.1.mlp.gate_proj,57344,5,False,49322fc37a509fcc19c4c2dcba27f571d7e08725b0f688e5e6e2da549664253f,Across-draw descriptive variation; count and density share fixed U; not identity stability or independent evidence,16.8,4.147288270665544,10.0,20.0,10.0,0.00029296875,7.232296788967537e-05,0.00017438616071428572,0.00034877232142857144,0.00017438616071428572,False
llama8b,model.layers.1.mlp.up_proj,57344,5,False,49322fc37a509fcc19c4c2dcba27f571d7e08725b0f688e5e6e2da549664253f,Across-draw descriptive variation; count and density share fixed U; not identity stability or independent evidence,17.4,3.5071355833500366,13.0,22.0,9.0,0.0003034319196428572,6.115959094848695e-05,0.00022670200892857144,0.00038364955357142856,0.00015694754464285713,False
llama8b,model.layers.1.self_attn.k_proj,4096,5,False,49322fc37a509fcc19c4c2dcba27f571d7e08725b0f688e5e6e2da549664253f,Across-draw descriptive variation; count and density share fixed U; not identity stability or independent evidence,3.0,3.24037034920393,0.0,7.0,7.0,0.000732421875,0.0007911060422861158,0.0,0.001708984375,0.001708984375,False
llama8b,model.layers.1.self_attn.o_proj,16384,5,False,49322fc37a509fcc19c4c2dcba27f571d7e08725b0f688e5e6e2da549664253f,Across-draw descriptive variation; count and density share fixed U; not identity stability or independent evidence,11.0,3.8078865529319543,7.0,15.0,8.0,0.00067138671875,0.00023241495074047573,0.00042724609375,0.00091552734375,0.00048828125,False
llama8b,model.layers.1.self_attn.q_proj,16384,5,False,49322fc37a509fcc19c4c2dcba27f571d7e08725b0f688e5e6e2da549664253f,Across-draw descriptive variation; count and density share fixed U; not identity stability or independent evidence,8.0,2.23606797749979,5.0,11.0,6.0,0.00048828125,0.00013647875839232116,0.00030517578125,0.00067138671875,0.0003662109375,False
llama8b,model.layers.1.self_attn.v_proj,4096,5,False,49322fc37a509fcc19c4c2dcba27f571d7e08725b0f688e5e6e2da549664253f,Across-draw descriptive variation; count and density share fixed U; not identity stability or independent evidence,4.0,1.4142135623730951,3.0,6.0,3.0,0.0009765625,0.00034526698300124393,0.000732421875,0.00146484375,0.000732421875,False
llama8b,model.layers.10.mlp.down_proj,57344,5,False,49322fc37a509fcc19c4c2dcba27f571d7e08725b0f688e5e6e2da549664253f,Across-draw descriptive variation; count and density share fixed U; not identity stability or independent evidence,10.2,4.54972526643093,7.0,18.0,11.0,0.00017787388392857145,7.934091215176706e-05,0.0001220703125,0.0003138950892857143,0.0001918247767857143,False
llama8b,model.layers.10.mlp.gate_proj,57344,5,False,49322fc37a509fcc19c4c2dcba27f571d7e08725b0f688e5e6e2da549664253f,Across-draw descriptive variation; count and density share fixed U; not identity stability or independent evidence,4.6,2.1908902300206643,1.0,7.0,6.0,8.021763392857143e-05,3.82060935759742e-05,1.743861607142857e-05,0.0001220703125,0.00010463169642857144,False
llama8b,model.layers.10.mlp.up_proj,57344,5,False,49322fc37a509fcc19c4c2dcba27f571d7e08725b0f688e5e6e2da549664253f,Across-draw descriptive variation; count and density share fixed U; not identity stability or independent evidence,8.4,3.5071355833500366,3.0,12.0,9.0,0.000146484375,6.115959094848695e-05,5.231584821428571e-05,0.00020926339285714285,0.00015694754464285713,False
llama8b,model.layers.10.self_attn.k_proj,4096,5,False,49322fc37a509fcc19c4c2dcba27f571d7e08725b0f688e5e6e2da549664253f,Across-draw descriptive variation; count and density share fixed U; not identity stability or independent evidence,0.2,0.44721359549995804,0.0,1.0,1.0,4.8828125e-05,0.00010918300671385694,0.0,0.000244140625,0.000244140625,False
llama8b,model.layers.10.self_attn.o_proj,16384,5,False,49322fc37a509fcc19c4c2dcba27f571d7e08725b0f688e5e6e2da549664253f,Across-draw descriptive variation; count and density share fixed U; not identity stability or independent evidence,10.2,5.06951674225463,5.0,18.0,13.0,0.00062255859375,0.00030941874647550234,0.00030517578125,0.0010986328125,0.00079345703125,False
llama8b,model.layers.10.self_attn.q_proj,16384,5,False,49322fc37a509fcc19c4c2dcba27f571d7e08725b0f688e5e6e2da549664253f,Across-draw descriptive variation; count and density share fixed U; not identity stability or independent evidence,2.2,2.16794833886788,1.0,6.0,5.0,0.00013427734375,0.000132321065604729,6.103515625e-05,0.0003662109375,0.00030517578125,False
llama8b,model.layers.10.self_attn.v_proj,4096,5,False,49322fc37a509fcc19c4c2dcba27f571d7e08725b0f688e5e6e2da549664253f,Across-draw descriptive variation; count and density share fixed U; not identity stability or independent evidence,1.6,1.51657508881031,0.0,4.0,4.0,0.000390625,0.0003702575900415796,0.0,0.0009765625,0.0009765625,False
llama8b,model.layers.11.mlp.down_proj,57344,5,False,49322fc37a509fcc19c4c2dcba27f571d7e08725b0f688e5e6e2da549664253f,Across-draw descriptive variation; count and density share fixed U; not identity stability or independent evidence,11.4,5.504543577809154,3.0,18.0,15.0,0.00019880022321428574,9.599162210186165e-05,5.231584821428571e-05,0.0003138950892857143,0.0002615792410714286,False
llama8b,model.layers.11.mlp.gate_proj,57344,5,False,49322fc37a509fcc19c4c2dcba27f571d7e08725b0f688e5e6e2da549664253f,Across-draw descriptive variation; count and density share fixed U; not identity stability or independent evidence,6.2,2.7748873851023217,3.0,10.0,7.0,0.00010811941964285715,4.839019575024975e-05,5.231584821428571e-05,0.00017438616071428572,0.0001220703125,False
llama8b,model.layers.11.mlp.up_proj,57344,5,False,49322fc37a509fcc19c4c2dcba27f571d7e08725b0f688e5e6e2da549664253f,Across-draw descriptive variation; count and density share fixed U; not identity stability or independent evidence,19.8,12.437845472588894,11.0,41.0,30.0,0.0003452845982142857,0.00021689881195223376,0.00019182477678571428,0.0007149832589285714,0.0005231584821428571,False
llama8b,model.layers.11.self_attn.k_proj,4096,5,False,49322fc37a509fcc19c4c2dcba27f571d7e08725b0f688e5e6e2da549664253f,Across-draw descriptive variation; count and density share fixed U; not identity stability or independent evidence,0.8,0.8366600265340756,0.0,2.0,2.0,0.0001953125,0.0002042627017905458,0.0,0.00048828125,0.00048828125,False
llama8b,model.layers.11.self_attn.o_proj,16384,5,False,49322fc37a509fcc19c4c2dcba27f571d7e08725b0f688e5e6e2da549664253f,Across-draw descriptive variation; count and density share fixed U; not identity stability or independent evidence,12.0,4.743416490252569,6.0,19.0,13.0,0.000732421875,0.00028951516664139215,0.0003662109375,0.00115966796875,0.00079345703125,False
llama8b,model.layers.11.self_attn.q_proj,16384,5,False,49322fc37a509fcc19c4c2dcba27f571d7e08725b0f688e5e6e2da549664253f,Across-draw descriptive variation; count and density share fixed U; not identity stability or independent evidence,5.0,3.5355339059327378,2.0,11.0,9.0,0.00030517578125,0.00021579186437577745,0.0001220703125,0.00067138671875,0.00054931640625,False
llama8b,model.layers.11.self_attn.v_proj,4096,5,False,49322fc37a509fcc19c4c2dcba27f571d7e08725b0f688e5e6e2da549664253f,Across-draw descriptive variation; count and density share fixed U; not identity stability or independent evidence,2.0,1.5811388300841898,0.0,4.0,4.0,0.00048828125,0.0003860202221885229,0.0,0.0009765625,0.0009765625,True
llama8b,model.layers.12.mlp.down_proj,57344,5,False,49322fc37a509fcc19c4c2dcba27f571d7e08725b0f688e5e6e2da549664253f,Across-draw descriptive variation; count and density share fixed U; not identity stability or independent evidence,13.2,8.78635305459552,4.0,25.0,21.0,0.00023018973214285714,0.00015322183758711494,6.975446428571428e-05,0.0004359654017857143,0.0003662109375,False
llama8b,model.layers.12.mlp.gate_proj,57344,5,False,49322fc37a509fcc19c4c2dcba27f571d7e08725b0f688e5e6e2da549664253f,Across-draw descriptive variation; count and density share fixed U; not identity stability or independent evidence,8.0,3.3166247903554,5.0,12.0,7.0,0.00013950892857142856,5.7837346371990086e-05,8.719308035714286e-05,0.00020926339285714285,0.00012207031249999999,False
llama8b,model.layers.12.mlp.up_proj,57344,5,False,49322fc37a509fcc19c4c2dcba27f571d7e08725b0f688e5e6e2da549664253f,Across-draw descriptive variation; count and density share fixed U; not identity stability or independent evidence,23.6,7.733045971672482,17.0,33.0,16.0,0.0004115513392857143,0.00013485361976270374,0.0002964564732142857,0.0005754743303571429,0.0002790178571428572,False
llama8b,model.layers.12.self_attn.k_proj,4096,5,False,49322fc37a509fcc19c4c2dcba27f571d7e08725b0f688e5e6e2da549664253f,Across-draw descriptive variation; count and density share fixed U; not identity stability or independent evidence,8.0,5.0990195135927845,0.0,12.0,12.0,0.001953125,0.0012448778109357384,0.0,0.0029296875,0.0029296875,False
llama8b,model.layers.12.self_attn.o_proj,16384,5,False,49322fc37a509fcc19c4c2dcba27f571d7e08725b0f688e5e6e2da549664253f,Across-draw descriptive variation; count and density share fixed U; not identity stability or independent evidence,7.2,5.540758070878028,2.0,16.0,14.0,0.000439453125,0.000338181034599489,0.0001220703125,0.0009765625,0.0008544921875,False
llama8b,model.layers.12.self_attn.q_proj,16384,5,False,49322fc37a509fcc19c4c2dcba27f571d7e08725b0f688e5e6e2da549664253f,Across-draw descriptive variation; count and density share fixed U; not identity stability or independent evidence,9.0,6.324555320336759,2.0,19.0,17.0,0.00054931640625,0.0003860202221885229,0.0001220703125,0.00115966796875,0.00103759765625,False
llama8b,model.layers.12.self_attn.v_proj,4096,5,False,49322fc37a509fcc19c4c2dcba27f571d7e08725b0f688e5e6e2da549664253f,Across-draw descriptive variation; count and density share fixed U; not identity stability or independent evidence,4.6,1.9493588689617927,2.0,7.0,5.0,0.001123046875,0.00047591769261762516,0.00048828125,0.001708984375,0.001220703125,False
llama8b,model.layers.13.mlp.down_proj,57344,5,False,49322fc37a509fcc19c4c2dcba27f571d7e08725b0f688e5e6e2da549664253f,Across-draw descriptive variation; count and density share fixed U; not identity stability or independent evidence,10.4,4.6690470119715,5.0,17.0,12.0,0.00018136160714285715,8.142171826122176e-05,8.719308035714286e-05,0.0002964564732142857,0.00020926339285714282,False
llama8b,model.layers.13.mlp.gate_proj,57344,5,False,49322fc37a509fcc19c4c2dcba27f571d7e08725b0f688e5e6e2da549664253f,Across-draw descriptive variation; count and density share fixed U; not identity stability or independent evidence,10.8,7.429670248402684,3.0,20.0,17.0,0.00018833705357142858,0.00012956316699920973,5.231584821428571e-05,0.00034877232142857144,0.00029645647321428575,False
llama8b,model.layers.13.mlp.up_proj,57344,5,False,49322fc37a509fcc19c4c2dcba27f571d7e08725b0f688e5e6e2da549664253f,Across-draw descriptive variation; count and density share fixed U; not identity stability or independent evidence,11.8,7.463243262818116,0.0,19.0,19.0,0.00020577566964285714,0.00013014863390796102,0.0,0.00033133370535714287,0.00033133370535714287,False
llama8b,model.layers.13.self_attn.k_proj,4096,5,False,49322fc37a509fcc19c4c2dcba27f571d7e08725b0f688e5e6e2da549664253f,Across-draw descriptive variation; count and density share fixed U; not identity stability or independent evidence,0.2,0.44721359549995804,0.0,1.0,1.0,4.8828125e-05,0.00010918300671385694,0.0,0.000244140625,0.000244140625,True
llama8b,model.layers.13.self_attn.o_proj,16384,5,False,49322fc37a509fcc19c4c2dcba27f571d7e08725b0f688e5e6e2da549664253f,Across-draw descriptive variation; count and density share fixed U; not identity stability or independent evidence,6.4,2.3021728866442674,3.0,9.0,6.0,0.000390625,0.0001405134818508464,0.00018310546875,0.00054931640625,0.0003662109375,False
llama8b,model.layers.13.self_attn.q_proj,16384,5,False,49322fc37a509fcc19c4c2dcba27f571d7e08725b0f688e5e6e2da549664253f,Across-draw descriptive variation; count and density share fixed U; not identity stability or independent evidence,0.6,0.8944271909999159,0.0,2.0,2.0,3.662109375e-05,5.459150335692846e-05,0.0,0.0001220703125,0.0001220703125,True
llama8b,model.layers.13.self_attn.v_proj,4096,5,False,49322fc37a509fcc19c4c2dcba27f571d7e08725b0f688e5e6e2da549664253f,Across-draw descriptive variation; count and density share fixed U; not identity stability or independent evidence,3.6,1.51657508881031,2.0,6.0,4.0,0.00087890625,0.0003702575900415796,0.00048828125,0.00146484375,0.0009765625,False
llama8b,model.layers.14.mlp.down_proj,57344,5,False,49322fc37a509fcc19c4c2dcba27f571d7e08725b0f688e5e6e2da549664253f,Across-draw descriptive variation; count and density share fixed U; not identity stability or independent evidence,10.0,2.1213203435596424,8.0,13.0,5.0,0.0001743861607142857,3.699289103584757e-05,0.00013950892857142856,0.00022670200892857144,8.719308035714287e-05,False
llama8b,model.layers.14.mlp.gate_proj,57344,5,False,49322fc37a509fcc19c4c2dcba27f571d7e08725b0f688e5e6e2da549664253f,Across-draw descriptive variation; count and density share fixed U; not identity stability or independent evidence,7.0,4.06201920231798,1.0,11.0,10.0,0.0001220703125,7.08359933439938e-05,1.743861607142857e-05,0.00019182477678571428,0.00017438616071428572,False
llama8b,model.layers.14.mlp.up_proj,57344,5,False,49322fc37a509fcc19c4c2dcba27f571d7e08725b0f688e5e6e2da549664253f,Across-draw descriptive variation; count and density share fixed U; not identity stability or independent evidence,10.2,1.9235384061671343,8.0,13.0,5.0,0.00017787388392857142,3.354384776379629e-05,0.00013950892857142856,0.00022670200892857144,8.719308035714287e-05,False
llama8b,model.layers.14.self_attn.k_proj,4096,5,False,49322fc37a509fcc19c4c2dcba27f571d7e08725b0f688e5e6e2da549664253f,Across-draw descriptive variation; count and density share fixed U; not identity stability or independent evidence,1.2,1.6431676725154982,0.0,4.0,4.0,0.00029296875,0.00040116398254772906,0.0,0.0009765625,0.0009765625,True
llama8b,model.layers.14.self_attn.o_proj,16384,5,False,49322fc37a509fcc19c4c2dcba27f571d7e08725b0f688e5e6e2da549664253f,Across-draw descriptive variation; count and density share fixed U; not identity stability or independent evidence,5.2,3.1144823004794877,0.0,8.0,8.0,0.0003173828125,0.00019009291384762498,0.0,0.00048828125,0.00048828125,False
llama8b,model.layers.14.self_attn.q_proj,16384,5,False,49322fc37a509fcc19c4c2dcba27f571d7e08725b0f688e5e6e2da549664253f,Across-draw descriptive variation; count and density share fixed U; not identity stability or independent evidence,6.0,4.301162633521313,2.0,12.0,10.0,0.0003662109375,0.00026252213339363485,0.0001220703125,0.000732421875,0.0006103515625,False
llama8b,model.layers.14.self_attn.v_proj,4096,5,False,49322fc37a509fcc19c4c2dcba27f571d7e08725b0f688e5e6e2da549664253f,Across-draw descriptive variation; count and density share fixed U; not identity stability or independent evidence,3.2,2.16794833886788,0.0,5.0,5.0,0.00078125,0.000529284262418916,0.0,0.001220703125,0.001220703125,False
llama8b,model.layers.15.mlp.down_proj,57344,5,False,49322fc37a509fcc19c4c2dcba27f571d7e08725b0f688e5e6e2da549664253f,Across-draw descriptive variation; count and density share fixed U; not identity stability or independent evidence,8.8,6.610597552415364,3.0,16.0,13.0,0.00015345982142857143,0.00011527967271929693,5.231584821428571e-05,0.00027901785714285713,0.0002267020089285714,False
llama8b,model.layers.15.mlp.gate_proj,57344,5,False,49322fc37a509fcc19c4c2dcba27f571d7e08725b0f688e5e6e2da549664253f,Across-draw descriptive variation; count and density share fixed U; not identity stability or independent evidence,7.2,2.588435821108957,4.0,10.0,6.0,0.0001255580357142857,4.5138738509852075e-05,6.975446428571428e-05,0.00017438616071428572,0.00010463169642857144,False
llama8b,model.layers.15.mlp.up_proj,57344,5,False,49322fc37a509fcc19c4c2dcba27f571d7e08725b0f688e5e6e2da549664253f,Across-draw descriptive variation; count and density share fixed U; not identity stability or independent evidence,6.8,3.96232255123179,3.0,12.0,9.0,0.00011858258928571427,6.909742172209455e-05,5.231584821428571e-05,0.00020926339285714285,0.00015694754464285713,False
llama8b,model.layers.15.self_attn.k_proj,4096,5,False,49322fc37a509fcc19c4c2dcba27f571d7e08725b0f688e5e6e2da549664253f,Across-draw descriptive variation; count and density share fixed U; not identity stability or independent evidence,0.4,0.5477225575051662,0.0,1.0,1.0,9.765625e-05,0.0001337213275159097,0.0,0.000244140625,0.000244140625,True
llama8b,model.layers.15.self_attn.o_proj,16384,5,False,49322fc37a509fcc19c4c2dcba27f571d7e08725b0f688e5e6e2da549664253f,Across-draw descriptive variation; count and density share fixed U; not identity stability or independent evidence,6.0,3.3166247903554,3.0,10.0,7.0,0.0003662109375,0.00020243071230196532,0.00018310546875,0.0006103515625,0.00042724609375,False
llama8b,model.layers.15.self_attn.q_proj,16384,5,False,49322fc37a509fcc19c4c2dcba27f571d7e08725b0f688e5e6e2da549664253f,Across-draw descriptive variation; count and density share fixed U; not identity stability or independent evidence,1.6,2.073644135332772,0.0,5.0,5.0,9.765625e-05,0.00012656519380693188,0.0,0.00030517578125,0.00030517578125,False
llama8b,model.layers.15.self_attn.v_proj,4096,5,False,49322fc37a509fcc19c4c2dcba27f571d7e08725b0f688e5e6e2da549664253f,Across-draw descriptive variation; count and density share fixed U; not identity stability or independent evidence,5.8,1.7888543819998317,3.0,7.0,4.0,0.001416015625,0.00043673202685542766,0.000732421875,0.001708984375,0.0009765625,False
llama8b,model.layers.16.mlp.down_proj,57344,5,False,49322fc37a509fcc19c4c2dcba27f571d7e08725b0f688e5e6e2da549664253f,Across-draw descriptive variation; count and density share fixed U; not identity stability or independent evidence,9.2,5.890670590009257,3.0,18.0,15.0,0.00016043526785714286,0.00010272514282242705,5.231584821428571e-05,0.0003138950892857143,0.0002615792410714286,False
llama8b,model.layers.16.mlp.gate_proj,57344,5,False,49322fc37a509fcc19c4c2dcba27f571d7e08725b0f688e5e6e2da549664253f,Across-draw descriptive variation; count and density share fixed U; not identity stability or independent evidence,5.0,4.06201920231798,1.0,11.0,10.0,8.719308035714285e-05,7.08359933439938e-05,1.743861607142857e-05,0.00019182477678571428,0.00017438616071428572,False
llama8b,model.layers.16.mlp.up_proj,57344,5,False,49322fc37a509fcc19c4c2dcba27f571d7e08725b0f688e5e6e2da549664253f,Across-draw descriptive variation; count and density share fixed U; not identity stability or independent evidence,6.6,3.361547262794322,3.0,12.0,9.0,0.00011509486607142857,5.8620732121831785e-05,5.231584821428571e-05,0.00020926339285714285,0.00015694754464285713,False
llama8b,model.layers.16.self_attn.k_proj,4096,5,False,49322fc37a509fcc19c4c2dcba27f571d7e08725b0f688e5e6e2da549664253f,Across-draw descriptive variation; count and density share fixed U; not identity stability or independent evidence,1.0,0.7071067811865476,0.0,2.0,2.0,0.000244140625,0.00017263349150062197,0.0,0.00048828125,0.00048828125,False
llama8b,model.layers.16.self_attn.o_proj,16384,5,False,49322fc37a509fcc19c4c2dcba27f571d7e08725b0f688e5e6e2da549664253f,Across-draw descriptive variation; count and density share fixed U; not identity stability or independent evidence,4.0,1.7320508075688772,3.0,7.0,4.0,0.000244140625,0.0001057159916729051,0.00018310546875,0.00042724609375,0.000244140625,False
llama8b,model.layers.16.self_attn.q_proj,16384,5,False,49322fc37a509fcc19c4c2dcba27f571d7e08725b0f688e5e6e2da549664253f,Across-draw descriptive variation; count and density share fixed U; not identity stability or independent evidence,3.6,1.9493588689617927,1.0,6.0,5.0,0.0002197265625,0.00011897942315440629,6.103515625e-05,0.0003662109375,0.00030517578125,False
llama8b,model.layers.16.self_attn.v_proj,4096,5,False,49322fc37a509fcc19c4c2dcba27f571d7e08725b0f688e5e6e2da549664253f,Across-draw descriptive variation; count and density share fixed U; not identity stability or independent evidence,3.8,1.6431676725154984,2.0,6.0,4.0,0.000927734375,0.0004011639825477291,0.00048828125,0.00146484375,0.0009765625,False
llama8b,model.layers.17.mlp.down_proj,57344,5,False,49322fc37a509fcc19c4c2dcba27f571d7e08725b0f688e5e6e2da549664253f,Across-draw descriptive variation; count and density share fixed U; not identity stability or independent evidence,9.2,6.1400325732035,2.0,18.0,16.0,0.00016043526785714286,0.00010707367071016149,3.487723214285714e-05,0.0003138950892857143,0.0002790178571428572,False
llama8b,model.layers.17.mlp.gate_proj,57344,5,False,49322fc37a509fcc19c4c2dcba27f571d7e08725b0f688e5e6e2da549664253f,Across-draw descriptive variation; count and density share fixed U; not identity stability or independent evidence,4.6,5.319774431308154,0.0,13.0,13.0,8.021763392857144e-05,9.276950389418517e-05,0.0,0.00022670200892857144,0.00022670200892857144,False
llama8b,model.layers.17.mlp.up_proj,57344,5,False,49322fc37a509fcc19c4c2dcba27f571d7e08725b0f688e5e6e2da549664253f,Across-draw descriptive variation; count and density share fixed U; not identity stability or independent evidence,5.0,4.0,1.0,9.0,8.0,8.719308035714285e-05,6.97544642857143e-05,1.743861607142857e-05,0.00015694754464285715,0.0001395089285714286,False
llama8b,model.layers.17.self_attn.k_proj,4096,5,False,49322fc37a509fcc19c4c2dcba27f571d7e08725b0f688e5e6e2da549664253f,Across-draw descriptive variation; count and density share fixed U; not identity stability or independent evidence,5.2,5.167204273105526,0.0,12.0,12.0,0.00126953125,0.0012615244807386537,0.0,0.0029296875,0.0029296875,False
llama8b,model.layers.17.self_attn.o_proj,16384,5,False,49322fc37a509fcc19c4c2dcba27f571d7e08725b0f688e5e6e2da549664253f,Across-draw descriptive variation; count and density share fixed U; not identity stability or independent evidence,6.4,1.816590212458495,4.0,9.0,5.0,0.000390625,0.00011087586745962494,0.000244140625,0.00054931640625,0.00030517578125,False
llama8b,model.layers.17.self_attn.q_proj,16384,5,False,49322fc37a509fcc19c4c2dcba27f571d7e08725b0f688e5e6e2da549664253f,Across-draw descriptive variation; count and density share fixed U; not identity stability or independent evidence,3.0,2.9154759474226504,1.0,8.0,7.0,0.00018310546875,0.00017794652999405825,6.103515625e-05,0.00048828125,0.00042724609375,False
llama8b,model.layers.17.self_attn.v_proj,4096,5,False,49322fc37a509fcc19c4c2dcba27f571d7e08725b0f688e5e6e2da549664253f,Across-draw descriptive variation; count and density share fixed U; not identity stability or independent evidence,3.0,1.0,2.0,4.0,2.0,0.000732421875,0.000244140625,0.00048828125,0.0009765625,0.00048828125,False
llama8b,model.layers.18.mlp.down_proj,57344,5,False,49322fc37a509fcc19c4c2dcba27f571d7e08725b0f688e5e6e2da549664253f,Across-draw descriptive variation; count and density share fixed U; not identity stability or independent evidence,9.8,4.764451699828638,3.0,16.0,13.0,0.0001708984375,8.308544398417685e-05,5.231584821428571e-05,0.00027901785714285713,0.0002267020089285714,False
llama8b,model.layers.18.mlp.gate_proj,57344,5,False,49322fc37a509fcc19c4c2dcba27f571d7e08725b0f688e5e6e2da549664253f,Across-draw descriptive variation; count and density share fixed U; not identity stability or independent evidence,7.6,3.9115214431215892,3.0,13.0,10.0,0.00013253348214285713,6.821152070175763e-05,5.231584821428571e-05,0.00022670200892857144,0.00017438616071428572,False
llama8b,model.layers.18.mlp.up_proj,57344,5,False,49322fc37a509fcc19c4c2dcba27f571d7e08725b0f688e5e6e2da549664253f,Across-draw descriptive variation; count and density share fixed U; not identity stability or independent evidence,8.0,2.9154759474226504,4.0,12.0,8.0,0.00013950892857142856,5.0841865712588066e-05,6.975446428571428e-05,0.00020926339285714285,0.00013950892857142856,False
llama8b,model.layers.18.self_attn.k_proj,4096,5,False,49322fc37a509fcc19c4c2dcba27f571d7e08725b0f688e5e6e2da549664253f,Across-draw descriptive variation; count and density share fixed U; not identity stability or independent evidence,0.4,0.5477225575051662,0.0,1.0,1.0,9.765625e-05,0.0001337213275159097,0.0,0.000244140625,0.000244140625,True
llama8b,model.layers.18.self_attn.o_proj,16384,5,False,49322fc37a509fcc19c4c2dcba27f571d7e08725b0f688e5e6e2da549664253f,Across-draw descriptive variation; count and density share fixed U; not identity stability or independent evidence,2.2,0.8366600265340756,1.0,3.0,2.0,0.00013427734375,5.106567544763645e-05,6.103515625e-05,0.00018310546875,0.0001220703125,False
llama8b,model.layers.18.self_attn.q_proj,16384,5,False,49322fc37a509fcc19c4c2dcba27f571d7e08725b0f688e5e6e2da549664253f,Across-draw descriptive variation; count and density share fixed U; not identity stability or independent evidence,1.4,1.140175425099138,0.0,3.0,3.0,8.544921875e-05,6.959078522333606e-05,0.0,0.00018310546875,0.00018310546875,False
llama8b,model.layers.18.self_attn.v_proj,4096,5,False,49322fc37a509fcc19c4c2dcba27f571d7e08725b0f688e5e6e2da549664253f,Across-draw descriptive variation; count and density share fixed U; not identity stability or independent evidence,3.6,1.816590212458495,2.0,6.0,4.0,0.00087890625,0.00044350346983849974,0.00048828125,0.00146484375,0.0009765625,False
llama8b,model.layers.19.mlp.down_proj,57344,5,False,49322fc37a509fcc19c4c2dcba27f571d7e08725b0f688e5e6e2da549664253f,Across-draw descriptive variation; count and density share fixed U; not identity stability or independent evidence,5.2,5.019960159204453,1.0,13.0,12.0,9.068080357142857e-05,8.754115791023391e-05,1.743861607142857e-05,0.00022670200892857144,0.00020926339285714287,False
llama8b,model.layers.19.mlp.gate_proj,57344,5,False,49322fc37a509fcc19c4c2dcba27f571d7e08725b0f688e5e6e2da549664253f,Across-draw descriptive variation; count and density share fixed U; not identity stability or independent evidence,9.2,3.03315017762062,5.0,13.0,8.0,0.00016043526785714286,5.289394143451138e-05,8.719308035714286e-05,0.00022670200892857144,0.00013950892857142856,False
llama8b,model.layers.19.mlp.up_proj,57344,5,False,49322fc37a509fcc19c4c2dcba27f571d7e08725b0f688e5e6e2da549664253f,Across-draw descriptive variation; count and density share fixed U; not identity stability or independent evidence,5.8,3.1144823004794877,2.0,9.0,7.0,0.00010114397321428572,5.431226109932142e-05,3.487723214285714e-05,0.00015694754464285715,0.0001220703125,False
llama8b,model.layers.19.self_attn.k_proj,4096,5,False,49322fc37a509fcc19c4c2dcba27f571d7e08725b0f688e5e6e2da549664253f,Across-draw descriptive variation; count and density share fixed U; not identity stability or independent evidence,0.4,0.5477225575051662,0.0,1.0,1.0,9.765625e-05,0.0001337213275159097,0.0,0.000244140625,0.000244140625,True
llama8b,model.layers.19.self_attn.o_proj,16384,5,False,49322fc37a509fcc19c4c2dcba27f571d7e08725b0f688e5e6e2da549664253f,Across-draw descriptive variation; count and density share fixed U; not identity stability or independent evidence,6.4,4.61519230368573,2.0,14.0,12.0,0.000390625,0.000281688983379256,0.0001220703125,0.0008544921875,0.000732421875,False
llama8b,model.layers.19.self_attn.q_proj,16384,5,False,49322fc37a509fcc19c4c2dcba27f571d7e08725b0f688e5e6e2da549664253f,Across-draw descriptive variation; count and density share fixed U; not identity stability or independent evidence,1.6,1.6733200530681511,0.0,4.0,4.0,9.765625e-05,0.0001021313508952729,0.0,0.000244140625,0.000244140625,False
llama8b,model.layers.19.self_attn.v_proj,4096,5,False,49322fc37a509fcc19c4c2dcba27f571d7e08725b0f688e5e6e2da549664253f,Across-draw descriptive variation; count and density share fixed U; not identity stability or independent evidence,2.0,1.224744871391589,1.0,4.0,3.0,0.00048828125,0.00029900997836708714,0.000244140625,0.0009765625,0.000732421875,False
llama8b,model.layers.2.mlp.down_proj,57344,5,False,49322fc37a509fcc19c4c2dcba27f571d7e08725b0f688e5e6e2da549664253f,Across-draw descriptive variation; count and density share fixed U; not identity stability or independent evidence,8.4,3.361547262794322,5.0,14.0,9.0,0.000146484375,5.86207321218318e-05,8.719308035714286e-05,0.000244140625,0.00015694754464285713,False
llama8b,model.layers.2.mlp.gate_proj,57344,5,False,49322fc37a509fcc19c4c2dcba27f571d7e08725b0f688e5e6e2da549664253f,Across-draw descriptive variation; count and density share fixed U; not identity stability or independent evidence,8.4,2.701851217221259,4.0,11.0,7.0,0.000146484375,4.71165460592435e-05,6.975446428571428e-05,0.00019182477678571428,0.0001220703125,False
llama8b,model.layers.2.mlp.up_proj,57344,5,False,49322fc37a509fcc19c4c2dcba27f571d7e08725b0f688e5e6e2da549664253f,Across-draw descriptive variation; count and density share fixed U; not identity stability or independent evidence,6.4,3.0495901363953815,4.0,11.0,7.0,0.00011160714285714285,5.318063156381455e-05,6.975446428571428e-05,0.00019182477678571428,0.0001220703125,False
llama8b,model.layers.2.self_attn.k_proj,4096,5,False,49322fc37a509fcc19c4c2dcba27f571d7e08725b0f688e5e6e2da549664253f,Across-draw descriptive variation; count and density share fixed U; not identity stability or independent evidence,2.0,2.345207879911715,0.0,5.0,5.0,0.00048828125,0.000572560517556571,0.0,0.001220703125,0.001220703125,False
llama8b,model.layers.2.self_attn.o_proj,16384,5,False,49322fc37a509fcc19c4c2dcba27f571d7e08725b0f688e5e6e2da549664253f,Across-draw descriptive variation; count and density share fixed U; not identity stability or independent evidence,5.0,1.8708286933869707,2.0,7.0,5.0,0.00030517578125,0.0001141863216178571,0.0001220703125,0.00042724609375,0.00030517578125,False
llama8b,model.layers.2.self_attn.q_proj,16384,5,False,49322fc37a509fcc19c4c2dcba27f571d7e08725b0f688e5e6e2da549664253f,Across-draw descriptive variation; count and density share fixed U; not identity stability or independent evidence,15.6,14.08190328045183,2.0,39.0,37.0,0.0009521484375,0.000859491167019765,0.0001220703125,0.00238037109375,0.00225830078125,False
llama8b,model.layers.2.self_attn.v_proj,4096,5,False,49322fc37a509fcc19c4c2dcba27f571d7e08725b0f688e5e6e2da549664253f,Across-draw descriptive variation; count and density share fixed U; not identity stability or independent evidence,7.4,2.9664793948382653,3.0,10.0,7.0,0.001806640625,0.0007242381335054359,0.000732421875,0.00244140625,0.001708984375,False
llama8b,model.layers.20.mlp.down_proj,57344,5,False,49322fc37a509fcc19c4c2dcba27f571d7e08725b0f688e5e6e2da549664253f,Across-draw descriptive variation; count and density share fixed U; not identity stability or independent evidence,6.6,2.1908902300206643,4.0,10.0,6.0,0.00011509486607142857,3.82060935759742e-05,6.975446428571428e-05,0.00017438616071428572,0.00010463169642857144,False
llama8b,model.layers.20.mlp.gate_proj,57344,5,False,49322fc37a509fcc19c4c2dcba27f571d7e08725b0f688e5e6e2da549664253f,Across-draw descriptive variation; count and density share fixed U; not identity stability or independent evidence,9.2,8.899438184514796,0.0,23.0,23.0,0.00016043526785714286,0.00015519388575116483,0.0,0.00040108816964285713,0.00040108816964285713,False
llama8b,model.layers.20.mlp.up_proj,57344,5,False,49322fc37a509fcc19c4c2dcba27f571d7e08725b0f688e5e6e2da549664253f,Across-draw descriptive variation; count and density share fixed U; not identity stability or independent evidence,5.2,4.494441010848846,2.0,13.0,11.0,9.068080357142856e-05,7.837683124387637e-05,3.487723214285714e-05,0.00022670200892857144,0.0001918247767857143,False
llama8b,model.layers.20.self_attn.k_proj,4096,5,False,49322fc37a509fcc19c4c2dcba27f571d7e08725b0f688e5e6e2da549664253f,Across-draw descriptive variation; count and density share fixed U; not identity stability or independent evidence,0.2,0.44721359549995804,0.0,1.0,1.0,4.8828125e-05,0.00010918300671385694,0.0,0.000244140625,0.000244140625,True
llama8b,model.layers.20.self_attn.o_proj,16384,5,False,49322fc37a509fcc19c4c2dcba27f571d7e08725b0f688e5e6e2da549664253f,Across-draw descriptive variation; count and density share fixed U; not identity stability or independent evidence,2.2,2.7748873851023217,0.0,7.0,7.0,0.00013427734375,0.00016936568512587413,0.0,0.00042724609375,0.00042724609375,False
llama8b,model.layers.20.self_attn.q_proj,16384,5,False,49322fc37a509fcc19c4c2dcba27f571d7e08725b0f688e5e6e2da549664253f,Across-draw descriptive variation; count and density share fixed U; not identity stability or independent evidence,2.2,0.8366600265340756,1.0,3.0,2.0,0.00013427734375,5.106567544763645e-05,6.103515625e-05,0.00018310546875,0.0001220703125,False
llama8b,model.layers.20.self_attn.v_proj,4096,5,False,49322fc37a509fcc19c4c2dcba27f571d7e08725b0f688e5e6e2da549664253f,Across-draw descriptive variation; count and density share fixed U; not identity stability or independent evidence,0.6,0.8944271909999159,0.0,2.0,2.0,0.000146484375,0.00021836601342771383,0.0,0.00048828125,0.00048828125,False
llama8b,model.layers.21.mlp.down_proj,57344,5,False,49322fc37a509fcc19c4c2dcba27f571d7e08725b0f688e5e6e2da549664253f,Across-draw descriptive variation; count and density share fixed U; not identity stability or independent evidence,8.4,5.128352561983234,3.0,15.0,12.0,0.000146484375,8.943137140735271e-05,5.231584821428571e-05,0.00026157924107142856,0.00020926339285714285,False
llama8b,model.layers.21.mlp.gate_proj,57344,5,False,49322fc37a509fcc19c4c2dcba27f571d7e08725b0f688e5e6e2da549664253f,Across-draw descriptive variation; count and density share fixed U; not identity stability or independent evidence,6.8,3.8987177379235853,3.0,11.0,8.0,0.00011858258928571427,6.798824180251788e-05,5.231584821428571e-05,0.00019182477678571428,0.00013950892857142856,False
llama8b,model.layers.21.mlp.up_proj,57344,5,False,49322fc37a509fcc19c4c2dcba27f571d7e08725b0f688e5e6e2da549664253f,Across-draw descriptive variation; count and density share fixed U; not identity stability or independent evidence,4.6,1.9493588689617927,2.0,7.0,5.0,8.021763392857143e-05,3.399412090125895e-05,3.487723214285714e-05,0.0001220703125,8.719308035714286e-05,False
llama8b,model.layers.21.self_attn.k_proj,4096,5,False,49322fc37a509fcc19c4c2dcba27f571d7e08725b0f688e5e6e2da549664253f,Across-draw descriptive variation; count and density share fixed U; not identity stability or independent evidence,0.6,0.8944271909999159,0.0,2.0,2.0,0.000146484375,0.00021836601342771383,0.0,0.00048828125,0.00048828125,True
llama8b,model.layers.21.self_attn.o_proj,16384,5,False,49322fc37a509fcc19c4c2dcba27f571d7e08725b0f688e5e6e2da549664253f,Across-draw descriptive variation; count and density share fixed U; not identity stability or independent evidence,4.6,2.073644135332772,3.0,8.0,5.0,0.00028076171875,0.00012656519380693188,0.00018310546875,0.00048828125,0.00030517578125,False
llama8b,model.layers.21.self_attn.q_proj,16384,5,False,49322fc37a509fcc19c4c2dcba27f571d7e08725b0f688e5e6e2da549664253f,Across-draw descriptive variation; count and density share fixed U; not identity stability or independent evidence,0.4,0.5477225575051662,0.0,1.0,1.0,2.44140625e-05,3.343033187897743e-05,0.0,6.103515625e-05,6.103515625e-05,True
llama8b,model.layers.21.self_attn.v_proj,4096,5,False,49322fc37a509fcc19c4c2dcba27f571d7e08725b0f688e5e6e2da549664253f,Across-draw descriptive variation; count and density share fixed U; not identity stability or independent evidence,0.8,0.8366600265340756,0.0,2.0,2.0,0.0001953125,0.0002042627017905458,0.0,0.00048828125,0.00048828125,True
llama8b,model.layers.22.mlp.down_proj,57344,5,False,49322fc37a509fcc19c4c2dcba27f571d7e08725b0f688e5e6e2da549664253f,Across-draw descriptive variation; count and density share fixed U; not identity stability or independent evidence,6.4,5.029910535983716,1.0,12.0,11.0,0.00011160714285714285,8.771467871065354e-05,1.743861607142857e-05,0.00020926339285714285,0.00019182477678571428,False
llama8b,model.layers.22.mlp.gate_proj,57344,5,False,49322fc37a509fcc19c4c2dcba27f571d7e08725b0f688e5e6e2da549664253f,Across-draw descriptive variation; count and density share fixed U; not identity stability or independent evidence,7.2,2.9495762407505253,4.0,12.0,8.0,0.00012555803571428573,5.143652763585597e-05,6.975446428571428e-05,0.00020926339285714285,0.00013950892857142856,False
llama8b,model.layers.22.mlp.up_proj,57344,5,False,49322fc37a509fcc19c4c2dcba27f571d7e08725b0f688e5e6e2da549664253f,Across-draw descriptive variation; count and density share fixed U; not identity stability or independent evidence,6.6,1.816590212458495,4.0,9.0,5.0,0.00011509486607142856,3.167881927417856e-05,6.975446428571428e-05,0.00015694754464285715,8.719308035714287e-05,False
llama8b,model.layers.22.self_attn.k_proj,4096,5,False,49322fc37a509fcc19c4c2dcba27f571d7e08725b0f688e5e6e2da549664253f,Across-draw descriptive variation; count and density share fixed U; not identity stability or independent evidence,0.4,0.8944271909999161,0.0,2.0,2.0,9.765625e-05,0.00021836601342771389,0.0,0.00048828125,0.00048828125,True
llama8b,model.layers.22.self_attn.o_proj,16384,5,False,49322fc37a509fcc19c4c2dcba27f571d7e08725b0f688e5e6e2da549664253f,Across-draw descriptive variation; count and density share fixed U; not identity stability or independent evidence,0.6,0.8944271909999157,0.0,2.0,2.0,3.662109375e-05,5.459150335692845e-05,0.0,0.0001220703125,0.0001220703125,False
llama8b,model.layers.22.self_attn.q_proj,16384,5,False,49322fc37a509fcc19c4c2dcba27f571d7e08725b0f688e5e6e2da549664253f,Across-draw descriptive variation; count and density share fixed U; not identity stability or independent evidence,1.4,1.140175425099138,0.0,3.0,3.0,8.544921875e-05,6.959078522333606e-05,0.0,0.00018310546875,0.00018310546875,False
llama8b,model.layers.22.self_attn.v_proj,4096,5,False,49322fc37a509fcc19c4c2dcba27f571d7e08725b0f688e5e6e2da549664253f,Across-draw descriptive variation; count and density share fixed U; not identity stability or independent evidence,1.0,0.7071067811865476,0.0,2.0,2.0,0.000244140625,0.00017263349150062197,0.0,0.00048828125,0.00048828125,False
llama8b,model.layers.23.mlp.down_proj,57344,5,False,49322fc37a509fcc19c4c2dcba27f571d7e08725b0f688e5e6e2da549664253f,Across-draw descriptive variation; count and density share fixed U; not identity stability or independent evidence,5.6,3.9749213828703582,3.0,12.0,9.0,9.765624999999999e-05,6.93171279099881e-05,5.231584821428571e-05,0.00020926339285714285,0.00015694754464285713,False
llama8b,model.layers.23.mlp.gate_proj,57344,5,False,49322fc37a509fcc19c4c2dcba27f571d7e08725b0f688e5e6e2da549664253f,Across-draw descriptive variation; count and density share fixed U; not identity stability or independent evidence,8.2,5.06951674225463,2.0,15.0,13.0,0.0001429966517857143,8.84053561358578e-05,3.487723214285714e-05,0.00026157924107142856,0.00022670200892857144,False
llama8b,model.layers.23.mlp.up_proj,57344,5,False,49322fc37a509fcc19c4c2dcba27f571d7e08725b0f688e5e6e2da549664253f,Across-draw descriptive variation; count and density share fixed U; not identity stability or independent evidence,7.0,1.5811388300841898,5.0,9.0,4.0,0.0001220703125,2.7572873013465924e-05,8.719308035714286e-05,0.00015694754464285715,6.97544642857143e-05,False
llama8b,model.layers.23.self_attn.k_proj,4096,5,True,49322fc37a509fcc19c4c2dcba27f571d7e08725b0f688e5e6e2da549664253f,Across-draw descriptive variation; count and density share fixed U; not identity stability or independent evidence,0.0,0.0,0.0,0.0,0.0,0.0,0.0,0.0,0.0,0.0,True
llama8b,model.layers.23.self_attn.o_proj,16384,5,False,49322fc37a509fcc19c4c2dcba27f571d7e08725b0f688e5e6e2da549664253f,Across-draw descriptive variation; count and density share fixed U; not identity stability or independent evidence,2.0,2.345207879911715,0.0,6.0,6.0,0.0001220703125,0.00014314012938914275,0.0,0.0003662109375,0.0003662109375,True
llama8b,model.layers.23.self_attn.q_proj,16384,5,False,49322fc37a509fcc19c4c2dcba27f571d7e08725b0f688e5e6e2da549664253f,Across-draw descriptive variation; count and density share fixed U; not identity stability or independent evidence,0.6,0.5477225575051662,0.0,1.0,1.0,3.662109375e-05,3.343033187897743e-05,0.0,6.103515625e-05,6.103515625e-05,False
llama8b,model.layers.23.self_attn.v_proj,4096,5,False,49322fc37a509fcc19c4c2dcba27f571d7e08725b0f688e5e6e2da549664253f,Across-draw descriptive variation; count and density share fixed U; not identity stability or independent evidence,0.4,0.5477225575051662,0.0,1.0,1.0,9.765625e-05,0.0001337213275159097,0.0,0.000244140625,0.000244140625,True
llama8b,model.layers.24.mlp.down_proj,57344,5,False,49322fc37a509fcc19c4c2dcba27f571d7e08725b0f688e5e6e2da549664253f,Across-draw descriptive variation; count and density share fixed U; not identity stability or independent evidence,8.0,2.0,6.0,10.0,4.0,0.00013950892857142856,3.487723214285715e-05,0.00010463169642857142,0.00017438616071428572,6.97544642857143e-05,False
llama8b,model.layers.24.mlp.gate_proj,57344,5,False,49322fc37a509fcc19c4c2dcba27f571d7e08725b0f688e5e6e2da549664253f,Across-draw descriptive variation; count and density share fixed U; not identity stability or independent evidence,7.2,6.833739825307955,1.0,18.0,17.0,0.00012555803571428573,0.0001191709651455768,1.743861607142857e-05,0.0003138950892857143,0.00029645647321428575,False
llama8b,model.layers.24.mlp.up_proj,57344,5,False,49322fc37a509fcc19c4c2dcba27f571d7e08725b0f688e5e6e2da549664253f,Across-draw descriptive variation; count and density share fixed U; not identity stability or independent evidence,4.4,2.1908902300206643,1.0,7.0,6.0,7.672991071428571e-05,3.82060935759742e-05,1.743861607142857e-05,0.0001220703125,0.00010463169642857144,False
llama8b,model.layers.24.self_attn.k_proj,4096,5,True,49322fc37a509fcc19c4c2dcba27f571d7e08725b0f688e5e6e2da549664253f,Across-draw descriptive variation; count and density share fixed U; not identity stability or independent evidence,0.0,0.0,0.0,0.0,0.0,0.0,0.0,0.0,0.0,0.0,True
llama8b,model.layers.24.self_attn.o_proj,16384,5,False,49322fc37a509fcc19c4c2dcba27f571d7e08725b0f688e5e6e2da549664253f,Across-draw descriptive variation; count and density share fixed U; not identity stability or independent evidence,1.8,0.8366600265340756,1.0,3.0,2.0,0.00010986328125,5.106567544763645e-05,6.103515625e-05,0.00018310546875,0.0001220703125,False
llama8b,model.layers.24.self_attn.q_proj,16384,5,False,49322fc37a509fcc19c4c2dcba27f571d7e08725b0f688e5e6e2da549664253f,Across-draw descriptive variation; count and density share fixed U; not identity stability or independent evidence,0.2,0.447213595499958,0.0,1.0,1.0,1.220703125e-05,2.7295751678464232e-05,0.0,6.103515625e-05,6.103515625e-05,True
llama8b,model.layers.24.self_attn.v_proj,4096,5,False,49322fc37a509fcc19c4c2dcba27f571d7e08725b0f688e5e6e2da549664253f,Across-draw descriptive variation; count and density share fixed U; not identity stability or independent evidence,1.4,1.140175425099138,0.0,3.0,3.0,0.000341796875,0.00027836314089334425,0.0,0.000732421875,0.000732421875,True
llama8b,model.layers.25.mlp.down_proj,57344,5,False,49322fc37a509fcc19c4c2dcba27f571d7e08725b0f688e5e6e2da549664253f,Across-draw descriptive variation; count and density share fixed U; not identity stability or independent evidence,6.4,3.714835124201342,1.0,11.0,10.0,0.00011160714285714287,6.478158349960488e-05,1.743861607142857e-05,0.00019182477678571428,0.00017438616071428572,False
llama8b,model.layers.25.mlp.gate_proj,57344,5,False,49322fc37a509fcc19c4c2dcba27f571d7e08725b0f688e5e6e2da549664253f,Across-draw descriptive variation; count and density share fixed U; not identity stability or independent evidence,8.0,4.898979485566356,1.0,13.0,12.0,0.0001395089285714286,8.543142239059634e-05,1.743861607142857e-05,0.00022670200892857144,0.00020926339285714287,False
llama8b,model.layers.25.mlp.up_proj,57344,5,False,49322fc37a509fcc19c4c2dcba27f571d7e08725b0f688e5e6e2da549664253f,Across-draw descriptive variation; count and density share fixed U; not identity stability or independent evidence,5.6,4.159326868617084,1.0,11.0,10.0,9.765624999999999e-05,7.253290437739057e-05,1.743861607142857e-05,0.00019182477678571428,0.00017438616071428572,False
llama8b,model.layers.25.self_attn.k_proj,4096,5,False,49322fc37a509fcc19c4c2dcba27f571d7e08725b0f688e5e6e2da549664253f,Across-draw descriptive variation; count and density share fixed U; not identity stability or independent evidence,1.4,1.6733200530681511,0.0,4.0,4.0,0.000341796875,0.0004085254035810916,0.0,0.0009765625,0.0009765625,False
llama8b,model.layers.25.self_attn.o_proj,16384,5,False,49322fc37a509fcc19c4c2dcba27f571d7e08725b0f688e5e6e2da549664253f,Across-draw descriptive variation; count and density share fixed U; not identity stability or independent evidence,3.0,1.8708286933869707,1.0,5.0,4.0,0.00018310546875,0.0001141863216178571,6.103515625e-05,0.00030517578125,0.000244140625,False
llama8b,model.layers.25.self_attn.q_proj,16384,5,False,49322fc37a509fcc19c4c2dcba27f571d7e08725b0f688e5e6e2da549664253f,Across-draw descriptive variation; count and density share fixed U; not identity stability or independent evidence,3.0,2.8284271247461903,1.0,8.0,7.0,0.00018310546875,0.00017263349150062197,6.103515625e-05,0.00048828125,0.00042724609375,False
llama8b,model.layers.25.self_attn.v_proj,4096,5,False,49322fc37a509fcc19c4c2dcba27f571d7e08725b0f688e5e6e2da549664253f,Across-draw descriptive variation; count and density share fixed U; not identity stability or independent evidence,2.2,1.6431676725154984,0.0,4.0,4.0,0.000537109375,0.0004011639825477291,0.0,0.0009765625,0.0009765625,True
llama8b,model.layers.26.mlp.down_proj,57344,5,False,49322fc37a509fcc19c4c2dcba27f571d7e08725b0f688e5e6e2da549664253f,Across-draw descriptive variation; count and density share fixed U; not identity stability or independent evidence,7.6,5.079370039680118,3.0,15.0,12.0,0.00013253348214285716,8.857718400669848e-05,5.231584821428571e-05,0.00026157924107142856,0.00020926339285714285,False
llama8b,model.layers.26.mlp.gate_proj,57344,5,False,49322fc37a509fcc19c4c2dcba27f571d7e08725b0f688e5e6e2da549664253f,Across-draw descriptive variation; count and density share fixed U; not identity stability or independent evidence,4.0,3.7416573867739413,0.0,10.0,10.0,6.975446428571428e-05,6.524932663877549e-05,0.0,0.00017438616071428572,0.00017438616071428572,False
llama8b,model.layers.26.mlp.up_proj,57344,5,False,49322fc37a509fcc19c4c2dcba27f571d7e08725b0f688e5e6e2da549664253f,Across-draw descriptive variation; count and density share fixed U; not identity stability or independent evidence,6.2,4.658325879540847,1.0,12.0,11.0,0.00010811941964285712,8.123475654891263e-05,1.743861607142857e-05,0.00020926339285714285,0.00019182477678571428,False
llama8b,model.layers.26.self_attn.k_proj,4096,5,False,49322fc37a509fcc19c4c2dcba27f571d7e08725b0f688e5e6e2da549664253f,Across-draw descriptive variation; count and density share fixed U; not identity stability or independent evidence,3.0,1.5811388300841898,1.0,5.0,4.0,0.000732421875,0.0003860202221885229,0.000244140625,0.001220703125,0.0009765625,False
llama8b,model.layers.26.self_attn.o_proj,16384,5,False,49322fc37a509fcc19c4c2dcba27f571d7e08725b0f688e5e6e2da549664253f,Across-draw descriptive variation; count and density share fixed U; not identity stability or independent evidence,5.0,1.224744871391589,3.0,6.0,3.0,0.00030517578125,7.475249459177179e-05,0.00018310546875,0.0003662109375,0.00018310546875,False
llama8b,model.layers.26.self_attn.q_proj,16384,5,False,49322fc37a509fcc19c4c2dcba27f571d7e08725b0f688e5e6e2da549664253f,Across-draw descriptive variation; count and density share fixed U; not identity stability or independent evidence,4.0,2.449489742783178,2.0,8.0,6.0,0.000244140625,0.00014950498918354357,0.0001220703125,0.00048828125,0.0003662109375,False
llama8b,model.layers.26.self_attn.v_proj,4096,5,False,49322fc37a509fcc19c4c2dcba27f571d7e08725b0f688e5e6e2da549664253f,Across-draw descriptive variation; count and density share fixed U; not identity stability or independent evidence,3.2,1.6431676725154984,1.0,5.0,4.0,0.00078125,0.0004011639825477291,0.000244140625,0.001220703125,0.0009765625,False
llama8b,model.layers.27.mlp.down_proj,57344,5,False,49322fc37a509fcc19c4c2dcba27f571d7e08725b0f688e5e6e2da549664253f,Across-draw descriptive variation; count and density share fixed U; not identity stability or independent evidence,10.2,6.833739825307955,3.0,21.0,18.0,0.00017787388392857142,0.00011917096514557678,5.231584821428571e-05,0.0003662109375,0.0003138950892857143,False
llama8b,model.layers.27.mlp.gate_proj,57344,5,False,49322fc37a509fcc19c4c2dcba27f571d7e08725b0f688e5e6e2da549664253f,Across-draw descriptive variation; count and density share fixed U; not identity stability or independent evidence,7.8,4.324349662087931,4.0,13.0,9.0,0.00013602120535714286,7.54106735157633e-05,6.975446428571428e-05,0.00022670200892857144,0.00015694754464285715,False
llama8b,model.layers.27.mlp.up_proj,57344,5,False,49322fc37a509fcc19c4c2dcba27f571d7e08725b0f688e5e6e2da549664253f,Across-draw descriptive variation; count and density share fixed U; not identity stability or independent evidence,8.0,5.5677643628300215,1.0,15.0,14.0,0.00013950892857142856,9.709410509957488e-05,1.743861607142857e-05,0.00026157924107142856,0.000244140625,False
llama8b,model.layers.27.self_attn.k_proj,4096,5,False,49322fc37a509fcc19c4c2dcba27f571d7e08725b0f688e5e6e2da549664253f,Across-draw descriptive variation; count and density share fixed U; not identity stability or independent evidence,4.2,3.1144823004794877,1.0,8.0,7.0,0.001025390625,0.0007603716553904999,0.000244140625,0.001953125,0.001708984375,False
llama8b,model.layers.27.self_attn.o_proj,16384,5,False,49322fc37a509fcc19c4c2dcba27f571d7e08725b0f688e5e6e2da549664253f,Across-draw descriptive variation; count and density share fixed U; not identity stability or independent evidence,3.0,2.5495097567963922,1.0,7.0,6.0,0.00018310546875,0.0001556097263669673,6.103515625e-05,0.00042724609375,0.0003662109375,False
llama8b,model.layers.27.self_attn.q_proj,16384,5,False,49322fc37a509fcc19c4c2dcba27f571d7e08725b0f688e5e6e2da549664253f,Across-draw descriptive variation; count and density share fixed U; not identity stability or independent evidence,7.4,8.87693640846886,0.0,18.0,18.0,0.00045166015625,0.0005418052007122107,0.0,0.0010986328125,0.0010986328125,True
llama8b,model.layers.27.self_attn.v_proj,4096,5,False,49322fc37a509fcc19c4c2dcba27f571d7e08725b0f688e5e6e2da549664253f,Across-draw descriptive variation; count and density share fixed U; not identity stability or independent evidence,1.0,1.7320508075688772,0.0,4.0,4.0,0.000244140625,0.0004228639666916204,0.0,0.0009765625,0.0009765625,False
llama8b,model.layers.28.mlp.down_proj,57344,5,False,49322fc37a509fcc19c4c2dcba27f571d7e08725b0f688e5e6e2da549664253f,Across-draw descriptive variation; count and density share fixed U; not identity stability or independent evidence,17.8,9.833615815151617,10.0,35.0,25.0,0.00031040736607142855,0.00017148465079435717,0.00017438616071428572,0.0006103515625,0.00043596540178571425,False
llama8b,model.layers.28.mlp.gate_proj,57344,5,False,49322fc37a509fcc19c4c2dcba27f571d7e08725b0f688e5e6e2da549664253f,Across-draw descriptive variation; count and density share fixed U; not identity stability or independent evidence,4.8,4.764451699828638,0.0,12.0,12.0,8.370535714285714e-05,8.308544398417686e-05,0.0,0.00020926339285714285,0.00020926339285714285,False
llama8b,model.layers.28.mlp.up_proj,57344,5,False,49322fc37a509fcc19c4c2dcba27f571d7e08725b0f688e5e6e2da549664253f,Across-draw descriptive variation; count and density share fixed U; not identity stability or independent evidence,6.6,1.51657508881031,5.0,8.0,3.0,0.00011509486607142857,2.6446970717255683e-05,8.719308035714286e-05,0.00013950892857142856,5.2315848214285705e-05,False
llama8b,model.layers.28.self_attn.k_proj,4096,5,False,49322fc37a509fcc19c4c2dcba27f571d7e08725b0f688e5e6e2da549664253f,Across-draw descriptive variation; count and density share fixed U; not identity stability or independent evidence,1.2,1.3038404810405297,0.0,3.0,3.0,0.00029296875,0.0003183204299415356,0.0,0.000732421875,0.000732421875,False
llama8b,model.layers.28.self_attn.o_proj,16384,5,False,49322fc37a509fcc19c4c2dcba27f571d7e08725b0f688e5e6e2da549664253f,Across-draw descriptive variation; count and density share fixed U; not identity stability or independent evidence,2.6,2.0736441353327724,0.0,5.0,5.0,0.00015869140625,0.0001265651938069319,0.0,0.00030517578125,0.00030517578125,False
llama8b,model.layers.28.self_attn.q_proj,16384,5,False,49322fc37a509fcc19c4c2dcba27f571d7e08725b0f688e5e6e2da549664253f,Across-draw descriptive variation; count and density share fixed U; not identity stability or independent evidence,4.6,4.159326868617085,2.0,12.0,10.0,0.00028076171875,0.000253865165320867,0.0001220703125,0.000732421875,0.0006103515625,False
llama8b,model.layers.28.self_attn.v_proj,4096,5,False,49322fc37a509fcc19c4c2dcba27f571d7e08725b0f688e5e6e2da549664253f,Across-draw descriptive variation; count and density share fixed U; not identity stability or independent evidence,4.2,3.420526275297414,1.0,9.0,8.0,0.001025390625,0.0008350894226800327,0.000244140625,0.002197265625,0.001953125,False
llama8b,model.layers.29.mlp.down_proj,57344,5,False,49322fc37a509fcc19c4c2dcba27f571d7e08725b0f688e5e6e2da549664253f,Across-draw descriptive variation; count and density share fixed U; not identity stability or independent evidence,26.2,17.683325479106017,13.0,57.0,44.0,0.0004568917410714286,0.0003083727238962405,0.00022670200892857144,0.0009940011160714285,0.000767299107142857,False
llama8b,model.layers.29.mlp.gate_proj,57344,5,False,49322fc37a509fcc19c4c2dcba27f571d7e08725b0f688e5e6e2da549664253f,Across-draw descriptive variation; count and density share fixed U; not identity stability or independent evidence,8.6,5.029910535983716,4.0,17.0,13.0,0.0001499720982142857,8.771467871065352e-05,6.975446428571428e-05,0.0002964564732142857,0.0002267020089285714,False
llama8b,model.layers.29.mlp.up_proj,57344,5,False,49322fc37a509fcc19c4c2dcba27f571d7e08725b0f688e5e6e2da549664253f,Across-draw descriptive variation; count and density share fixed U; not identity stability or independent evidence,23.6,9.316651759081692,12.0,34.0,22.0,0.0004115513392857143,0.0001624695130978253,0.00020926339285714285,0.0005929129464285714,0.0003836495535714285,False
llama8b,model.layers.29.self_attn.k_proj,4096,5,False,49322fc37a509fcc19c4c2dcba27f571d7e08725b0f688e5e6e2da549664253f,Across-draw descriptive variation; count and density share fixed U; not identity stability or independent evidence,2.0,1.0,1.0,3.0,2.0,0.00048828125,0.000244140625,0.000244140625,0.000732421875,0.00048828125,False
llama8b,model.layers.29.self_attn.o_proj,16384,5,False,49322fc37a509fcc19c4c2dcba27f571d7e08725b0f688e5e6e2da549664253f,Across-draw descriptive variation; count and density share fixed U; not identity stability or independent evidence,7.4,4.8270073544588685,0.0,11.0,11.0,0.00045166015625,0.0002946171480992962,0.0,0.00067138671875,0.00067138671875,False
llama8b,model.layers.29.self_attn.q_proj,16384,5,False,49322fc37a509fcc19c4c2dcba27f571d7e08725b0f688e5e6e2da549664253f,Across-draw descriptive variation; count and density share fixed U; not identity stability or independent evidence,20.2,9.364827814754525,11.0,33.0,22.0,0.00123291015625,0.0005715837289278885,0.00067138671875,0.00201416015625,0.0013427734375,False
llama8b,model.layers.29.self_attn.v_proj,4096,5,False,49322fc37a509fcc19c4c2dcba27f571d7e08725b0f688e5e6e2da549664253f,Across-draw descriptive variation; count and density share fixed U; not identity stability or independent evidence,3.4,2.3021728866442674,1.0,7.0,6.0,0.000830078125,0.0005620539274033856,0.000244140625,0.001708984375,0.00146484375,False
llama8b,model.layers.3.mlp.down_proj,57344,5,False,49322fc37a509fcc19c4c2dcba27f571d7e08725b0f688e5e6e2da549664253f,Across-draw descriptive variation; count and density share fixed U; not identity stability or independent evidence,8.8,4.658325879540846,5.0,16.0,11.0,0.0001534598214285714,8.123475654891264e-05,8.719308035714286e-05,0.00027901785714285713,0.00019182477678571425,False
llama8b,model.layers.3.mlp.gate_proj,57344,5,False,49322fc37a509fcc19c4c2dcba27f571d7e08725b0f688e5e6e2da549664253f,Across-draw descriptive variation; count and density share fixed U; not identity stability or independent evidence,8.0,2.5495097567963922,6.0,12.0,6.0,0.00013950892857142856,4.445992181913351e-05,0.00010463169642857142,0.00020926339285714285,0.00010463169642857142,False
llama8b,model.layers.3.mlp.up_proj,57344,5,False,49322fc37a509fcc19c4c2dcba27f571d7e08725b0f688e5e6e2da549664253f,Across-draw descriptive variation; count and density share fixed U; not identity stability or independent evidence,8.4,1.6733200530681511,7.0,11.0,4.0,0.000146484375,2.9180385970077973e-05,0.0001220703125,0.00019182477678571428,6.975446428571428e-05,False
llama8b,model.layers.3.self_attn.k_proj,4096,5,False,49322fc37a509fcc19c4c2dcba27f571d7e08725b0f688e5e6e2da549664253f,Across-draw descriptive variation; count and density share fixed U; not identity stability or independent evidence,1.0,1.224744871391589,0.0,3.0,3.0,0.000244140625,0.00029900997836708714,0.0,0.000732421875,0.000732421875,True
llama8b,model.layers.3.self_attn.o_proj,16384,5,False,49322fc37a509fcc19c4c2dcba27f571d7e08725b0f688e5e6e2da549664253f,Across-draw descriptive variation; count and density share fixed U; not identity stability or independent evidence,2.4,0.8944271909999159,1.0,3.0,2.0,0.000146484375,5.459150335692846e-05,6.103515625e-05,0.00018310546875,0.0001220703125,False
llama8b,model.layers.3.self_attn.q_proj,16384,5,False,49322fc37a509fcc19c4c2dcba27f571d7e08725b0f688e5e6e2da549664253f,Across-draw descriptive variation; count and density share fixed U; not identity stability or independent evidence,3.6,3.2863353450309964,0.0,7.0,7.0,0.0002197265625,0.00020058199127386453,0.0,0.00042724609375,0.00042724609375,False
llama8b,model.layers.3.self_attn.v_proj,4096,5,False,49322fc37a509fcc19c4c2dcba27f571d7e08725b0f688e5e6e2da549664253f,Across-draw descriptive variation; count and density share fixed U; not identity stability or independent evidence,1.6,1.51657508881031,0.0,4.0,4.0,0.000390625,0.0003702575900415796,0.0,0.0009765625,0.0009765625,False
llama8b,model.layers.30.mlp.down_proj,57344,5,False,49322fc37a509fcc19c4c2dcba27f571d7e08725b0f688e5e6e2da549664253f,Across-draw descriptive variation; count and density share fixed U; not identity stability or independent evidence,24.6,8.648699324175862,17.0,38.0,21.0,0.0004289899553571429,0.00015082134703152663,0.0002964564732142857,0.0006626674107142857,0.00036621093750000005,False
llama8b,model.layers.30.mlp.gate_proj,57344,5,False,49322fc37a509fcc19c4c2dcba27f571d7e08725b0f688e5e6e2da549664253f,Across-draw descriptive variation; count and density share fixed U; not identity stability or independent evidence,15.6,2.5099800796022267,12.0,18.0,6.0,0.0002720424107142857,4.377057895511696e-05,0.00020926339285714285,0.0003138950892857143,0.00010463169642857146,False
llama8b,model.layers.30.mlp.up_proj,57344,5,False,49322fc37a509fcc19c4c2dcba27f571d7e08725b0f688e5e6e2da549664253f,Across-draw descriptive variation; count and density share fixed U; not identity stability or independent evidence,27.0,5.0990195135927845,22.0,34.0,12.0,0.0004708426339285714,8.891984363826703e-05,0.00038364955357142856,0.0005929129464285714,0.00020926339285714282,False
llama8b,model.layers.30.self_attn.k_proj,4096,5,False,49322fc37a509fcc19c4c2dcba27f571d7e08725b0f688e5e6e2da549664253f,Across-draw descriptive variation; count and density share fixed U; not identity stability or independent evidence,0.2,0.44721359549995804,0.0,1.0,1.0,4.8828125e-05,0.00010918300671385694,0.0,0.000244140625,0.000244140625,True
llama8b,model.layers.30.self_attn.o_proj,16384,5,False,49322fc37a509fcc19c4c2dcba27f571d7e08725b0f688e5e6e2da549664253f,Across-draw descriptive variation; count and density share fixed U; not identity stability or independent evidence,4.0,1.0,3.0,5.0,2.0,0.000244140625,6.103515625e-05,0.00018310546875,0.00030517578125,0.0001220703125,False
llama8b,model.layers.30.self_attn.q_proj,16384,5,False,49322fc37a509fcc19c4c2dcba27f571d7e08725b0f688e5e6e2da549664253f,Across-draw descriptive variation; count and density share fixed U; not identity stability or independent evidence,1.8,2.04939015319192,0.0,4.0,4.0,0.00010986328125,0.00012508484821728026,0.0,0.000244140625,0.000244140625,True
llama8b,model.layers.30.self_attn.v_proj,4096,5,False,49322fc37a509fcc19c4c2dcba27f571d7e08725b0f688e5e6e2da549664253f,Across-draw descriptive variation; count and density share fixed U; not identity stability or independent evidence,4.0,1.5811388300841898,2.0,6.0,4.0,0.0009765625,0.0003860202221885229,0.00048828125,0.00146484375,0.0009765625,False
llama8b,model.layers.31.mlp.down_proj,57344,5,False,49322fc37a509fcc19c4c2dcba27f571d7e08725b0f688e5e6e2da549664253f,Across-draw descriptive variation; count and density share fixed U; not identity stability or independent evidence,393.6,41.11325820219069,340.0,431.0,91.0,0.006863839285714285,0.0007169583252335152,0.005929129464285714,0.007516043526785714,0.0015869140625,False
llama8b,model.layers.31.mlp.gate_proj,57344,5,False,49322fc37a509fcc19c4c2dcba27f571d7e08725b0f688e5e6e2da549664253f,Across-draw descriptive variation; count and density share fixed U; not identity stability or independent evidence,29.2,2.280350850198276,26.0,32.0,6.0,0.0005092075892857142,3.976616298476345e-05,0.00045340401785714287,0.0005580357142857143,0.00010463169642857138,False
llama8b,model.layers.31.mlp.up_proj,57344,5,False,49322fc37a509fcc19c4c2dcba27f571d7e08725b0f688e5e6e2da549664253f,Across-draw descriptive variation; count and density share fixed U; not identity stability or independent evidence,27.2,6.833739825307955,22.0,39.0,17.0,0.0004743303571428572,0.00011917096514557678,0.00038364955357142856,0.0006801060267857143,0.0002964564732142857,False
llama8b,model.layers.31.self_attn.k_proj,4096,5,False,49322fc37a509fcc19c4c2dcba27f571d7e08725b0f688e5e6e2da549664253f,Across-draw descriptive variation; count and density share fixed U; not identity stability or independent evidence,13.6,11.126544836560898,3.0,32.0,29.0,0.0033203125,0.0027164416104885005,0.000732421875,0.0078125,0.007080078125,False
llama8b,model.layers.31.self_attn.o_proj,16384,5,False,49322fc37a509fcc19c4c2dcba27f571d7e08725b0f688e5e6e2da549664253f,Across-draw descriptive variation; count and density share fixed U; not identity stability or independent evidence,11.0,4.69041575982343,5.0,18.0,13.0,0.00067138671875,0.0002862802587782855,0.00030517578125,0.0010986328125,0.00079345703125,False
llama8b,model.layers.31.self_attn.q_proj,16384,5,False,49322fc37a509fcc19c4c2dcba27f571d7e08725b0f688e5e6e2da549664253f,Across-draw descriptive variation; count and density share fixed U; not identity stability or independent evidence,26.8,14.906374475371267,13.0,50.0,37.0,0.0016357421875,0.0009098128952252971,0.00079345703125,0.0030517578125,0.00225830078125,False
llama8b,model.layers.31.self_attn.v_proj,4096,5,False,49322fc37a509fcc19c4c2dcba27f571d7e08725b0f688e5e6e2da549664253f,Across-draw descriptive variation; count and density share fixed U; not identity stability or independent evidence,3.4,1.6733200530681511,2.0,6.0,4.0,0.000830078125,0.0004085254035810916,0.00048828125,0.00146484375,0.0009765625,False
llama8b,model.layers.4.mlp.down_proj,57344,5,False,49322fc37a509fcc19c4c2dcba27f571d7e08725b0f688e5e6e2da549664253f,Across-draw descriptive variation; count and density share fixed U; not identity stability or independent evidence,10.0,4.301162633521313,5.0,16.0,11.0,0.00017438616071428572,7.50063238267528e-05,8.719308035714286e-05,0.00027901785714285713,0.00019182477678571425,False
llama8b,model.layers.4.mlp.gate_proj,57344,5,False,49322fc37a509fcc19c4c2dcba27f571d7e08725b0f688e5e6e2da549664253f,Across-draw descriptive variation; count and density share fixed U; not identity stability or independent evidence,5.4,1.816590212458495,3.0,7.0,4.0,9.416852678571429e-05,3.167881927417855e-05,5.231584821428571e-05,0.0001220703125,6.975446428571428e-05,False
llama8b,model.layers.4.mlp.up_proj,57344,5,False,49322fc37a509fcc19c4c2dcba27f571d7e08725b0f688e5e6e2da549664253f,Across-draw descriptive variation; count and density share fixed U; not identity stability or independent evidence,10.6,3.286335345030997,6.0,15.0,9.0,0.00018484933035714285,5.7309140363961295e-05,0.00010463169642857142,0.00026157924107142856,0.00015694754464285713,False
llama8b,model.layers.4.self_attn.k_proj,4096,5,False,49322fc37a509fcc19c4c2dcba27f571d7e08725b0f688e5e6e2da549664253f,Across-draw descriptive variation; count and density share fixed U; not identity stability or independent evidence,3.6,2.5099800796022267,0.0,7.0,7.0,0.00087890625,0.0006127881053716374,0.0,0.001708984375,0.001708984375,True
llama8b,model.layers.4.self_attn.o_proj,16384,5,False,49322fc37a509fcc19c4c2dcba27f571d7e08725b0f688e5e6e2da549664253f,Across-draw descriptive variation; count and density share fixed U; not identity stability or independent evidence,4.8,3.63318042491699,0.0,10.0,10.0,0.00029296875,0.00022175173491924987,0.0,0.0006103515625,0.0006103515625,False
llama8b,model.layers.4.self_attn.q_proj,16384,5,False,49322fc37a509fcc19c4c2dcba27f571d7e08725b0f688e5e6e2da549664253f,Across-draw descriptive variation; count and density share fixed U; not identity stability or independent evidence,23.0,17.592612085759182,3.0,40.0,37.0,0.00140380859375,0.00107376782749995,0.00018310546875,0.00244140625,0.00225830078125,False
llama8b,model.layers.4.self_attn.v_proj,4096,5,False,49322fc37a509fcc19c4c2dcba27f571d7e08725b0f688e5e6e2da549664253f,Across-draw descriptive variation; count and density share fixed U; not identity stability or independent evidence,2.6,0.8944271909999161,1.0,3.0,2.0,0.000634765625,0.00021836601342771389,0.000244140625,0.000732421875,0.00048828125,False
llama8b,model.layers.5.mlp.down_proj,57344,5,False,49322fc37a509fcc19c4c2dcba27f571d7e08725b0f688e5e6e2da549664253f,Across-draw descriptive variation; count and density share fixed U; not identity stability or independent evidence,10.0,4.06201920231798,5.0,16.0,11.0,0.0001743861607142857,7.08359933439938e-05,8.719308035714286e-05,0.00027901785714285713,0.00019182477678571425,False
llama8b,model.layers.5.mlp.gate_proj,57344,5,False,49322fc37a509fcc19c4c2dcba27f571d7e08725b0f688e5e6e2da549664253f,Across-draw descriptive variation; count and density share fixed U; not identity stability or independent evidence,8.6,3.5777087639996634,5.0,14.0,9.0,0.00014997209821428572,6.239028955077538e-05,8.719308035714286e-05,0.000244140625,0.00015694754464285713,False
llama8b,model.layers.5.mlp.up_proj,57344,5,False,49322fc37a509fcc19c4c2dcba27f571d7e08725b0f688e5e6e2da549664253f,Across-draw descriptive variation; count and density share fixed U; not identity stability or independent evidence,10.4,3.9749213828703582,7.0,16.0,9.0,0.00018136160714285715,6.93171279099881e-05,0.0001220703125,0.00027901785714285713,0.00015694754464285713,False
llama8b,model.layers.5.self_attn.k_proj,4096,5,False,49322fc37a509fcc19c4c2dcba27f571d7e08725b0f688e5e6e2da549664253f,Across-draw descriptive variation; count and density share fixed U; not identity stability or independent evidence,0.8,0.8366600265340756,0.0,2.0,2.0,0.0001953125,0.0002042627017905458,0.0,0.00048828125,0.00048828125,False
llama8b,model.layers.5.self_attn.o_proj,16384,5,False,49322fc37a509fcc19c4c2dcba27f571d7e08725b0f688e5e6e2da549664253f,Across-draw descriptive variation; count and density share fixed U; not identity stability or independent evidence,3.4,2.073644135332772,1.0,6.0,5.0,0.00020751953125,0.00012656519380693188,6.103515625e-05,0.0003662109375,0.00030517578125,False
llama8b,model.layers.5.self_attn.q_proj,16384,5,False,49322fc37a509fcc19c4c2dcba27f571d7e08725b0f688e5e6e2da549664253f,Across-draw descriptive variation; count and density share fixed U; not identity stability or independent evidence,6.0,3.9370039370059056,1.0,12.0,11.0,0.0003662109375,0.0002402956504520206,6.103515625e-05,0.000732421875,0.00067138671875,False
llama8b,model.layers.5.self_attn.v_proj,4096,5,False,49322fc37a509fcc19c4c2dcba27f571d7e08725b0f688e5e6e2da549664253f,Across-draw descriptive variation; count and density share fixed U; not identity stability or independent evidence,2.8,2.4899799195977463,1.0,6.0,5.0,0.00068359375,0.0006079052538080435,0.000244140625,0.00146484375,0.001220703125,False
llama8b,model.layers.6.mlp.down_proj,57344,5,False,49322fc37a509fcc19c4c2dcba27f571d7e08725b0f688e5e6e2da549664253f,Across-draw descriptive variation; count and density share fixed U; not identity stability or independent evidence,9.0,3.3166247903554,4.0,12.0,8.0,0.00015694754464285713,5.7837346371990086e-05,6.975446428571428e-05,0.00020926339285714285,0.00013950892857142856,False
llama8b,model.layers.6.mlp.gate_proj,57344,5,False,49322fc37a509fcc19c4c2dcba27f571d7e08725b0f688e5e6e2da549664253f,Across-draw descriptive variation; count and density share fixed U; not identity stability or independent evidence,9.8,4.658325879540846,4.0,17.0,13.0,0.0001708984375,8.123475654891263e-05,6.975446428571428e-05,0.0002964564732142857,0.0002267020089285714,False
llama8b,model.layers.6.mlp.up_proj,57344,5,False,49322fc37a509fcc19c4c2dcba27f571d7e08725b0f688e5e6e2da549664253f,Across-draw descriptive variation; count and density share fixed U; not identity stability or independent evidence,13.8,2.588435821108957,11.0,17.0,6.0,0.00024065290178571424,4.513873850985206e-05,0.00019182477678571428,0.0002964564732142857,0.00010463169642857141,False
llama8b,model.layers.6.self_attn.k_proj,4096,5,False,49322fc37a509fcc19c4c2dcba27f571d7e08725b0f688e5e6e2da549664253f,Across-draw descriptive variation; count and density share fixed U; not identity stability or independent evidence,2.0,2.1213203435596424,0.0,5.0,5.0,0.00048828125,0.0005179004745018658,0.0,0.001220703125,0.001220703125,False
llama8b,model.layers.6.self_attn.o_proj,16384,5,False,49322fc37a509fcc19c4c2dcba27f571d7e08725b0f688e5e6e2da549664253f,Across-draw descriptive variation; count and density share fixed U; not identity stability or independent evidence,7.0,1.5811388300841898,5.0,9.0,4.0,0.00042724609375,9.650505554713072e-05,0.00030517578125,0.00054931640625,0.000244140625,False
llama8b,model.layers.6.self_attn.q_proj,16384,5,False,49322fc37a509fcc19c4c2dcba27f571d7e08725b0f688e5e6e2da549664253f,Across-draw descriptive variation; count and density share fixed U; not identity stability or independent evidence,5.2,4.324349662087931,1.0,12.0,11.0,0.0003173828125,0.00026393735730517157,6.103515625e-05,0.000732421875,0.00067138671875,False
llama8b,model.layers.6.self_attn.v_proj,4096,5,False,49322fc37a509fcc19c4c2dcba27f571d7e08725b0f688e5e6e2da549664253f,Across-draw descriptive variation; count and density share fixed U; not identity stability or independent evidence,2.8,2.0493901531919194,1.0,5.0,4.0,0.00068359375,0.000500339392869121,0.000244140625,0.001220703125,0.0009765625,False
llama8b,model.layers.7.mlp.down_proj,57344,5,False,49322fc37a509fcc19c4c2dcba27f571d7e08725b0f688e5e6e2da549664253f,Across-draw descriptive variation; count and density share fixed U; not identity stability or independent evidence,7.8,5.974947698515862,3.0,18.0,15.0,0.00013602120535714286,0.00010419481896128388,5.231584821428571e-05,0.0003138950892857143,0.0002615792410714286,False
llama8b,model.layers.7.mlp.gate_proj,57344,5,False,49322fc37a509fcc19c4c2dcba27f571d7e08725b0f688e5e6e2da549664253f,Across-draw descriptive variation; count and density share fixed U; not identity stability or independent evidence,8.4,3.9749213828703582,3.0,13.0,10.0,0.000146484375,6.931712790998812e-05,5.231584821428571e-05,0.00022670200892857144,0.00017438616071428572,False
llama8b,model.layers.7.mlp.up_proj,57344,5,False,49322fc37a509fcc19c4c2dcba27f571d7e08725b0f688e5e6e2da549664253f,Across-draw descriptive variation; count and density share fixed U; not identity stability or independent evidence,8.6,3.361547262794322,3.0,11.0,8.0,0.0001499720982142857,5.862073212183179e-05,5.231584821428571e-05,0.00019182477678571428,0.00013950892857142856,False
llama8b,model.layers.7.self_attn.k_proj,4096,5,False,49322fc37a509fcc19c4c2dcba27f571d7e08725b0f688e5e6e2da549664253f,Across-draw descriptive variation; count and density share fixed U; not identity stability or independent evidence,3.0,4.06201920231798,0.0,10.0,10.0,0.000732421875,0.0009917039068159132,0.0,0.00244140625,0.00244140625,False
llama8b,model.layers.7.self_attn.o_proj,16384,5,False,49322fc37a509fcc19c4c2dcba27f571d7e08725b0f688e5e6e2da549664253f,Across-draw descriptive variation; count and density share fixed U; not identity stability or independent evidence,4.0,2.23606797749979,1.0,7.0,6.0,0.000244140625,0.00013647875839232116,6.103515625e-05,0.00042724609375,0.0003662109375,False
llama8b,model.layers.7.self_attn.q_proj,16384,5,False,49322fc37a509fcc19c4c2dcba27f571d7e08725b0f688e5e6e2da549664253f,Across-draw descriptive variation; count and density share fixed U; not identity stability or independent evidence,2.8,1.3038404810405297,1.0,4.0,3.0,0.0001708984375,7.95801074853839e-05,6.103515625e-05,0.000244140625,0.00018310546875,False
llama8b,model.layers.7.self_attn.v_proj,4096,5,False,49322fc37a509fcc19c4c2dcba27f571d7e08725b0f688e5e6e2da549664253f,Across-draw descriptive variation; count and density share fixed U; not identity stability or independent evidence,5.0,1.224744871391589,3.0,6.0,3.0,0.001220703125,0.00029900997836708714,0.000732421875,0.00146484375,0.000732421875,False
llama8b,model.layers.8.mlp.down_proj,57344,5,False,49322fc37a509fcc19c4c2dcba27f571d7e08725b0f688e5e6e2da549664253f,Across-draw descriptive variation; count and density share fixed U; not identity stability or independent evidence,6.4,2.3021728866442674,4.0,9.0,5.0,0.00011160714285714285,4.014670910024184e-05,6.975446428571428e-05,0.00015694754464285715,8.719308035714287e-05,False
llama8b,model.layers.8.mlp.gate_proj,57344,5,False,49322fc37a509fcc19c4c2dcba27f571d7e08725b0f688e5e6e2da549664253f,Across-draw descriptive variation; count and density share fixed U; not identity stability or independent evidence,7.2,2.0493901531919194,5.0,9.0,4.0,0.00012555803571428573,3.5738528062080075e-05,8.719308035714286e-05,0.00015694754464285715,6.97544642857143e-05,False
llama8b,model.layers.8.mlp.up_proj,57344,5,False,49322fc37a509fcc19c4c2dcba27f571d7e08725b0f688e5e6e2da549664253f,Across-draw descriptive variation; count and density share fixed U; not identity stability or independent evidence,10.0,3.3166247903554,6.0,15.0,9.0,0.0001743861607142857,5.7837346371990086e-05,0.00010463169642857142,0.00026157924107142856,0.00015694754464285713,False
llama8b,model.layers.8.self_attn.k_proj,4096,5,False,49322fc37a509fcc19c4c2dcba27f571d7e08725b0f688e5e6e2da549664253f,Across-draw descriptive variation; count and density share fixed U; not identity stability or independent evidence,0.4,0.5477225575051662,0.0,1.0,1.0,9.765625e-05,0.0001337213275159097,0.0,0.000244140625,0.000244140625,True
llama8b,model.layers.8.self_attn.o_proj,16384,5,False,49322fc37a509fcc19c4c2dcba27f571d7e08725b0f688e5e6e2da549664253f,Across-draw descriptive variation; count and density share fixed U; not identity stability or independent evidence,8.0,4.301162633521313,3.0,12.0,9.0,0.00048828125,0.00026252213339363485,0.00018310546875,0.000732421875,0.00054931640625,False
llama8b,model.layers.8.self_attn.q_proj,16384,5,False,49322fc37a509fcc19c4c2dcba27f571d7e08725b0f688e5e6e2da549664253f,Across-draw descriptive variation; count and density share fixed U; not identity stability or independent evidence,1.2,0.8366600265340756,0.0,2.0,2.0,7.32421875e-05,5.106567544763645e-05,0.0,0.0001220703125,0.0001220703125,True
llama8b,model.layers.8.self_attn.v_proj,4096,5,False,49322fc37a509fcc19c4c2dcba27f571d7e08725b0f688e5e6e2da549664253f,Across-draw descriptive variation; count and density share fixed U; not identity stability or independent evidence,0.8,0.8366600265340756,0.0,2.0,2.0,0.0001953125,0.0002042627017905458,0.0,0.00048828125,0.00048828125,False
llama8b,model.layers.9.mlp.down_proj,57344,5,False,49322fc37a509fcc19c4c2dcba27f571d7e08725b0f688e5e6e2da549664253f,Across-draw descriptive variation; count and density share fixed U; not identity stability or independent evidence,6.4,4.159326868617084,1.0,11.0,10.0,0.00011160714285714285,7.253290437739057e-05,1.743861607142857e-05,0.00019182477678571428,0.00017438616071428572,False
llama8b,model.layers.9.mlp.gate_proj,57344,5,False,49322fc37a509fcc19c4c2dcba27f571d7e08725b0f688e5e6e2da549664253f,Across-draw descriptive variation; count and density share fixed U; not identity stability or independent evidence,6.6,4.03732584763727,1.0,11.0,10.0,0.00011509486607142856,7.040537541220127e-05,1.743861607142857e-05,0.00019182477678571428,0.00017438616071428572,False
llama8b,model.layers.9.mlp.up_proj,57344,5,False,49322fc37a509fcc19c4c2dcba27f571d7e08725b0f688e5e6e2da549664253f,Across-draw descriptive variation; count and density share fixed U; not identity stability or independent evidence,7.8,2.949576240750525,3.0,11.0,8.0,0.00013602120535714286,5.143652763585597e-05,5.231584821428571e-05,0.00019182477678571428,0.00013950892857142856,False
llama8b,model.layers.9.self_attn.k_proj,4096,5,False,49322fc37a509fcc19c4c2dcba27f571d7e08725b0f688e5e6e2da549664253f,Across-draw descriptive variation; count and density share fixed U; not identity stability or independent evidence,1.2,1.3038404810405297,0.0,3.0,3.0,0.00029296875,0.0003183204299415356,0.0,0.000732421875,0.000732421875,True
llama8b,model.layers.9.self_attn.o_proj,16384,5,False,49322fc37a509fcc19c4c2dcba27f571d7e08725b0f688e5e6e2da549664253f,Across-draw descriptive variation; count and density share fixed U; not identity stability or independent evidence,4.6,2.5099800796022267,1.0,8.0,7.0,0.00028076171875,0.00015319702634290934,6.103515625e-05,0.00048828125,0.00042724609375,False
llama8b,model.layers.9.self_attn.q_proj,16384,5,False,49322fc37a509fcc19c4c2dcba27f571d7e08725b0f688e5e6e2da549664253f,Across-draw descriptive variation; count and density share fixed U; not identity stability or independent evidence,1.2,0.8366600265340756,0.0,2.0,2.0,7.32421875e-05,5.106567544763645e-05,0.0,0.0001220703125,0.0001220703125,True
llama8b,model.layers.9.self_attn.v_proj,4096,5,False,49322fc37a509fcc19c4c2dcba27f571d7e08725b0f688e5e6e2da549664253f,Across-draw descriptive variation; count and density share fixed U; not identity stability or independent evidence,1.4,1.140175425099138,0.0,3.0,3.0,0.000341796875,0.00027836314089334425,0.0,0.000732421875,0.000732421875,False
mistral7b,ALL,6815744,5,False,49322fc37a509fcc19c4c2dcba27f571d7e08725b0f688e5e6e2da549664253f,Across-draw descriptive variation; count and density share fixed U; not identity stability or independent evidence,3850.6,495.34058989749667,3355.0,4508.0,1153.0,0.0005649566650390624,7.26759382244252e-05,0.000492242666391226,0.0006614098182091346,0.00016916715181790863,False
mistral7b,model.layers.0.mlp.down_proj,57344,5,False,49322fc37a509fcc19c4c2dcba27f571d7e08725b0f688e5e6e2da549664253f,Across-draw descriptive variation; count and density share fixed U; not identity stability or independent evidence,115.0,21.106870919205434,96.0,148.0,52.0,0.0020054408482142855,0.0003680746184292242,0.0016741071428571428,0.0025809151785714285,0.0009068080357142857,False
mistral7b,model.layers.0.mlp.gate_proj,57344,5,False,49322fc37a509fcc19c4c2dcba27f571d7e08725b0f688e5e6e2da549664253f,Across-draw descriptive variation; count and density share fixed U; not identity stability or independent evidence,32.2,6.180614856144977,26.0,40.0,14.0,0.0005615234375000001,0.00010778136956168,0.00045340401785714287,0.0006975446428571429,0.000244140625,False
mistral7b,model.layers.0.mlp.up_proj,57344,5,False,49322fc37a509fcc19c4c2dcba27f571d7e08725b0f688e5e6e2da549664253f,Across-draw descriptive variation; count and density share fixed U; not identity stability or independent evidence,85.4,4.219004621945797,82.0,90.0,8.0,0.0014892578125,7.357360180569547e-05,0.0014299665178571428,0.0015694754464285715,0.00013950892857142873,False
mistral7b,model.layers.0.self_attn.k_proj,4096,5,False,49322fc37a509fcc19c4c2dcba27f571d7e08725b0f688e5e6e2da549664253f,Across-draw descriptive variation; count and density share fixed U; not identity stability or independent evidence,19.8,10.986355173577815,8.0,32.0,24.0,0.004833984375,0.002682215618549271,0.001953125,0.0078125,0.005859375,False
mistral7b,model.layers.0.self_attn.o_proj,16384,5,False,49322fc37a509fcc19c4c2dcba27f571d7e08725b0f688e5e6e2da549664253f,Across-draw descriptive variation; count and density share fixed U; not identity stability or independent evidence,33.0,7.648529270389178,23.0,42.0,19.0,0.00201416015625,0.00046682917910090195,0.00140380859375,0.0025634765625,0.00115966796875,False
mistral7b,model.layers.0.self_attn.q_proj,16384,5,False,49322fc37a509fcc19c4c2dcba27f571d7e08725b0f688e5e6e2da549664253f,Across-draw descriptive variation; count and density share fixed U; not identity stability or independent evidence,76.2,55.44997745716404,24.0,157.0,133.0,0.00465087890625,0.003384398038156985,0.00146484375,0.00958251953125,0.00811767578125,False
mistral7b,model.layers.0.self_attn.v_proj,4096,5,False,49322fc37a509fcc19c4c2dcba27f571d7e08725b0f688e5e6e2da549664253f,Across-draw descriptive variation; count and density share fixed U; not identity stability or independent evidence,71.0,3.24037034920393,68.0,75.0,7.0,0.017333984375,0.0007911060422861158,0.0166015625,0.018310546875,0.001708984375,False
mistral7b,model.layers.1.mlp.down_proj,57344,5,False,49322fc37a509fcc19c4c2dcba27f571d7e08725b0f688e5e6e2da549664253f,Across-draw descriptive variation; count and density share fixed U; not identity stability or independent evidence,212.2,30.82531427252608,180.0,260.0,80.0,0.003700474330357143,0.0005375508208797099,0.003138950892857143,0.004534040178571429,0.001395089285714286,False
mistral7b,model.layers.1.mlp.gate_proj,57344,5,False,49322fc37a509fcc19c4c2dcba27f571d7e08725b0f688e5e6e2da549664253f,Across-draw descriptive variation; count and density share fixed U; not identity stability or independent evidence,56.2,9.364827814754523,45.0,70.0,25.0,0.0009800502232142857,0.00016330963683653955,0.0007847377232142857,0.001220703125,0.00043596540178571425,False
mistral7b,model.layers.1.mlp.up_proj,57344,5,False,49322fc37a509fcc19c4c2dcba27f571d7e08725b0f688e5e6e2da549664253f,Across-draw descriptive variation; count and density share fixed U; not identity stability or independent evidence,272.2,16.63430190900718,248.0,295.0,47.0,0.004746791294642857,0.0002900792046074077,0.004324776785714286,0.005144391741071429,0.000819614955357143,False
mistral7b,model.layers.1.self_attn.k_proj,4096,5,False,49322fc37a509fcc19c4c2dcba27f571d7e08725b0f688e5e6e2da549664253f,Across-draw descriptive variation; count and density share fixed U; not identity stability or independent evidence,99.4,29.228410836034175,75.0,143.0,68.0,0.024267578125,0.007135842489266156,0.018310546875,0.034912109375,0.0166015625,False
mistral7b,model.layers.1.self_attn.o_proj,16384,5,False,49322fc37a509fcc19c4c2dcba27f571d7e08725b0f688e5e6e2da549664253f,Across-draw descriptive variation; count and density share fixed U; not identity stability or independent evidence,119.0,49.512624652708524,61.0,195.0,134.0,0.00726318359375,0.0030220107820256668,0.00372314453125,0.01190185546875,0.0081787109375,False
mistral7b,model.layers.1.self_attn.q_proj,16384,5,False,49322fc37a509fcc19c4c2dcba27f571d7e08725b0f688e5e6e2da549664253f,Across-draw descriptive variation; count and density share fixed U; not identity stability or independent evidence,306.0,79.95936467981721,236.0,434.0,198.0,0.0186767578125,0.004880332316883375,0.014404296875,0.0264892578125,0.0120849609375,False
mistral7b,model.layers.1.self_attn.v_proj,4096,5,False,49322fc37a509fcc19c4c2dcba27f571d7e08725b0f688e5e6e2da549664253f,Across-draw descriptive variation; count and density share fixed U; not identity stability or independent evidence,22.0,8.06225774829855,14.0,35.0,21.0,0.00537109375,0.0019683246455807005,0.00341796875,0.008544921875,0.005126953125,False
mistral7b,model.layers.10.mlp.down_proj,57344,5,False,49322fc37a509fcc19c4c2dcba27f571d7e08725b0f688e5e6e2da549664253f,Across-draw descriptive variation; count and density share fixed U; not identity stability or independent evidence,2.6,2.8809720581775866,0.0,7.0,7.0,4.534040178571429e-05,5.024016563507231e-05,0.0,0.0001220703125,0.0001220703125,False
mistral7b,model.layers.10.mlp.gate_proj,57344,5,False,49322fc37a509fcc19c4c2dcba27f571d7e08725b0f688e5e6e2da549664253f,Across-draw descriptive variation; count and density share fixed U; not identity stability or independent evidence,2.0,1.5811388300841898,0.0,4.0,4.0,3.487723214285714e-05,2.7572873013465917e-05,0.0,6.975446428571428e-05,6.975446428571428e-05,False
mistral7b,model.layers.10.mlp.up_proj,57344,5,False,49322fc37a509fcc19c4c2dcba27f571d7e08725b0f688e5e6e2da549664253f,Across-draw descriptive variation; count and density share fixed U; not identity stability or independent evidence,3.2,2.280350850198276,1.0,7.0,6.0,5.580357142857143e-05,3.976616298476347e-05,1.743861607142857e-05,0.0001220703125,0.00010463169642857144,False
mistral7b,model.layers.10.self_attn.k_proj,4096,5,False,49322fc37a509fcc19c4c2dcba27f571d7e08725b0f688e5e6e2da549664253f,Across-draw descriptive variation; count and density share fixed U; not identity stability or independent evidence,0.4,0.5477225575051662,0.0,1.0,1.0,9.765625e-05,0.0001337213275159097,0.0,0.000244140625,0.000244140625,True
mistral7b,model.layers.10.self_attn.o_proj,16384,5,False,49322fc37a509fcc19c4c2dcba27f571d7e08725b0f688e5e6e2da549664253f,Across-draw descriptive variation; count and density share fixed U; not identity stability or independent evidence,1.4,0.5477225575051661,1.0,2.0,1.0,8.544921875e-05,3.343033187897742e-05,6.103515625e-05,0.0001220703125,6.103515625e-05,False
mistral7b,model.layers.10.self_attn.q_proj,16384,5,False,49322fc37a509fcc19c4c2dcba27f571d7e08725b0f688e5e6e2da549664253f,Across-draw descriptive variation; count and density share fixed U; not identity stability or independent evidence,1.2,1.3038404810405297,0.0,3.0,3.0,7.32421875e-05,7.95801074853839e-05,0.0,0.00018310546875,0.00018310546875,False
mistral7b,model.layers.10.self_attn.v_proj,4096,5,False,49322fc37a509fcc19c4c2dcba27f571d7e08725b0f688e5e6e2da549664253f,Across-draw descriptive variation; count and density share fixed U; not identity stability or independent evidence,1.6,0.5477225575051661,1.0,2.0,1.0,0.000390625,0.00013372132751590969,0.000244140625,0.00048828125,0.000244140625,False
mistral7b,model.layers.11.mlp.down_proj,57344,5,False,49322fc37a509fcc19c4c2dcba27f571d7e08725b0f688e5e6e2da549664253f,Across-draw descriptive variation; count and density share fixed U; not identity stability or independent evidence,2.6,2.1908902300206647,1.0,5.0,4.0,4.534040178571429e-05,3.82060935759742e-05,1.743861607142857e-05,8.719308035714286e-05,6.975446428571428e-05,False
mistral7b,model.layers.11.mlp.gate_proj,57344,5,False,49322fc37a509fcc19c4c2dcba27f571d7e08725b0f688e5e6e2da549664253f,Across-draw descriptive variation; count and density share fixed U; not identity stability or independent evidence,3.0,1.4142135623730951,1.0,4.0,3.0,5.2315848214285705e-05,2.4661927357231706e-05,1.743861607142857e-05,6.975446428571428e-05,5.231584821428571e-05,False
mistral7b,model.layers.11.mlp.up_proj,57344,5,False,49322fc37a509fcc19c4c2dcba27f571d7e08725b0f688e5e6e2da549664253f,Across-draw descriptive variation; count and density share fixed U; not identity stability or independent evidence,2.2,0.8366600265340756,1.0,3.0,2.0,3.8364955357142856e-05,1.4590192985038985e-05,1.743861607142857e-05,5.231584821428571e-05,3.487723214285714e-05,False
mistral7b,model.layers.11.self_attn.k_proj,4096,5,True,49322fc37a509fcc19c4c2dcba27f571d7e08725b0f688e5e6e2da549664253f,Across-draw descriptive variation; count and density share fixed U; not identity stability or independent evidence,0.0,0.0,0.0,0.0,0.0,0.0,0.0,0.0,0.0,0.0,True
mistral7b,model.layers.11.self_attn.o_proj,16384,5,False,49322fc37a509fcc19c4c2dcba27f571d7e08725b0f688e5e6e2da549664253f,Across-draw descriptive variation; count and density share fixed U; not identity stability or independent evidence,1.6,0.8944271909999161,0.0,2.0,2.0,9.765625e-05,5.459150335692847e-05,0.0,0.0001220703125,0.0001220703125,False
mistral7b,model.layers.11.self_attn.q_proj,16384,5,False,49322fc37a509fcc19c4c2dcba27f571d7e08725b0f688e5e6e2da549664253f,Across-draw descriptive variation; count and density share fixed U; not identity stability or independent evidence,1.4,1.6733200530681511,0.0,4.0,4.0,8.544921875e-05,0.0001021313508952729,0.0,0.000244140625,0.000244140625,True
mistral7b,model.layers.11.self_attn.v_proj,4096,5,False,49322fc37a509fcc19c4c2dcba27f571d7e08725b0f688e5e6e2da549664253f,Across-draw descriptive variation; count and density share fixed U; not identity stability or independent evidence,1.2,0.8366600265340756,0.0,2.0,2.0,0.00029296875,0.0002042627017905458,0.0,0.00048828125,0.00048828125,False
mistral7b,model.layers.12.mlp.down_proj,57344,5,False,49322fc37a509fcc19c4c2dcba27f571d7e08725b0f688e5e6e2da549664253f,Across-draw descriptive variation; count and density share fixed U; not identity stability or independent evidence,3.4,2.4083189157584592,0.0,6.0,6.0,5.929129464285715e-05,4.19977489494709e-05,0.0,0.00010463169642857142,0.00010463169642857142,False
mistral7b,model.layers.12.mlp.gate_proj,57344,5,False,49322fc37a509fcc19c4c2dcba27f571d7e08725b0f688e5e6e2da549664253f,Across-draw descriptive variation; count and density share fixed U; not identity stability or independent evidence,3.2,1.6431676725154984,1.0,5.0,4.0,5.580357142857143e-05,2.8654570181980648e-05,1.743861607142857e-05,8.719308035714286e-05,6.975446428571428e-05,False
mistral7b,model.layers.12.mlp.up_proj,57344,5,False,49322fc37a509fcc19c4c2dcba27f571d7e08725b0f688e5e6e2da549664253f,Across-draw descriptive variation; count and density share fixed U; not identity stability or independent evidence,5.8,1.3038404810405297,4.0,7.0,3.0,0.00010114397321428572,2.2737173567252543e-05,6.975446428571428e-05,0.0001220703125,5.231584821428572e-05,False
mistral7b,model.layers.12.self_attn.k_proj,4096,5,False,49322fc37a509fcc19c4c2dcba27f571d7e08725b0f688e5e6e2da549664253f,Across-draw descriptive variation; count and density share fixed U; not identity stability or independent evidence,0.2,0.44721359549995804,0.0,1.0,1.0,4.8828125e-05,0.00010918300671385694,0.0,0.000244140625,0.000244140625,True
mistral7b,model.layers.12.self_attn.o_proj,16384,5,False,49322fc37a509fcc19c4c2dcba27f571d7e08725b0f688e5e6e2da549664253f,Across-draw descriptive variation; count and density share fixed U; not identity stability or independent evidence,6.2,3.5637059362410923,2.0,10.0,8.0,0.00037841796875,0.0002175113486475276,0.0001220703125,0.0006103515625,0.00048828125,False
mistral7b,model.layers.12.self_attn.q_proj,16384,5,False,49322fc37a509fcc19c4c2dcba27f571d7e08725b0f688e5e6e2da549664253f,Across-draw descriptive variation; count and density share fixed U; not identity stability or independent evidence,1.2,0.8366600265340756,0.0,2.0,2.0,7.32421875e-05,5.106567544763645e-05,0.0,0.0001220703125,0.0001220703125,False
mistral7b,model.layers.12.self_attn.v_proj,4096,5,False,49322fc37a509fcc19c4c2dcba27f571d7e08725b0f688e5e6e2da549664253f,Across-draw descriptive variation; count and density share fixed U; not identity stability or independent evidence,0.4,0.5477225575051662,0.0,1.0,1.0,9.765625e-05,0.0001337213275159097,0.0,0.000244140625,0.000244140625,True
mistral7b,model.layers.13.mlp.down_proj,57344,5,False,49322fc37a509fcc19c4c2dcba27f571d7e08725b0f688e5e6e2da549664253f,Across-draw descriptive variation; count and density share fixed U; not identity stability or independent evidence,2.6,1.140175425099138,1.0,4.0,3.0,4.534040178571428e-05,1.988308149238173e-05,1.743861607142857e-05,6.975446428571428e-05,5.231584821428571e-05,False
mistral7b,model.layers.13.mlp.gate_proj,57344,5,False,49322fc37a509fcc19c4c2dcba27f571d7e08725b0f688e5e6e2da549664253f,Across-draw descriptive variation; count and density share fixed U; not identity stability or independent evidence,1.8,1.4832396974191326,0.0,4.0,4.0,3.1389508928571425e-05,2.5865647625194134e-05,0.0,6.975446428571428e-05,6.975446428571428e-05,True
mistral7b,model.layers.13.mlp.up_proj,57344,5,False,49322fc37a509fcc19c4c2dcba27f571d7e08725b0f688e5e6e2da549664253f,Across-draw descriptive variation; count and density share fixed U; not identity stability or independent evidence,5.0,2.23606797749979,2.0,8.0,6.0,8.719308035714285e-05,3.899393096923461e-05,3.487723214285714e-05,0.00013950892857142856,0.00010463169642857142,False
mistral7b,model.layers.13.self_attn.k_proj,4096,5,False,49322fc37a509fcc19c4c2dcba27f571d7e08725b0f688e5e6e2da549664253f,Across-draw descriptive variation; count and density share fixed U; not identity stability or independent evidence,0.4,0.5477225575051662,0.0,1.0,1.0,9.765625e-05,0.0001337213275159097,0.0,0.000244140625,0.000244140625,True
mistral7b,model.layers.13.self_attn.o_proj,16384,5,False,49322fc37a509fcc19c4c2dcba27f571d7e08725b0f688e5e6e2da549664253f,Across-draw descriptive variation; count and density share fixed U; not identity stability or independent evidence,2.0,1.8708286933869707,0.0,4.0,4.0,0.0001220703125,0.0001141863216178571,0.0,0.000244140625,0.000244140625,False
mistral7b,model.layers.13.self_attn.q_proj,16384,5,False,49322fc37a509fcc19c4c2dcba27f571d7e08725b0f688e5e6e2da549664253f,Across-draw descriptive variation; count and density share fixed U; not identity stability or independent evidence,2.6,2.8809720581775866,0.0,7.0,7.0,0.00015869140625,0.0001758405797227531,0.0,0.00042724609375,0.00042724609375,False
mistral7b,model.layers.13.self_attn.v_proj,4096,5,False,49322fc37a509fcc19c4c2dcba27f571d7e08725b0f688e5e6e2da549664253f,Across-draw descriptive variation; count and density share fixed U; not identity stability or independent evidence,0.6,0.8944271909999159,0.0,2.0,2.0,0.000146484375,0.00021836601342771383,0.0,0.00048828125,0.00048828125,True
mistral7b,model.layers.14.mlp.down_proj,57344,5,False,49322fc37a509fcc19c4c2dcba27f571d7e08725b0f688e5e6e2da549664253f,Across-draw descriptive variation; count and density share fixed U; not identity stability or independent evidence,18.8,5.263078946776307,13.0,27.0,14.0,0.0003278459821428571,9.178081310645065e-05,0.00022670200892857144,0.00047084263392857144,0.000244140625,False
mistral7b,model.layers.14.mlp.gate_proj,57344,5,False,49322fc37a509fcc19c4c2dcba27f571d7e08725b0f688e5e6e2da549664253f,Across-draw descriptive variation; count and density share fixed U; not identity stability or independent evidence,4.6,1.6733200530681511,2.0,6.0,4.0,8.021763392857143e-05,2.918038597007797e-05,3.487723214285714e-05,0.00010463169642857142,6.975446428571428e-05,False
mistral7b,model.layers.14.mlp.up_proj,57344,5,False,49322fc37a509fcc19c4c2dcba27f571d7e08725b0f688e5e6e2da549664253f,Across-draw descriptive variation; count and density share fixed U; not identity stability or independent evidence,2.8,0.8366600265340756,2.0,4.0,2.0,4.8828124999999996e-05,1.4590192985038983e-05,3.487723214285714e-05,6.975446428571428e-05,3.487723214285714e-05,False
mistral7b,model.layers.14.self_attn.k_proj,4096,5,True,49322fc37a509fcc19c4c2dcba27f571d7e08725b0f688e5e6e2da549664253f,Across-draw descriptive variation; count and density share fixed U; not identity stability or independent evidence,0.0,0.0,0.0,0.0,0.0,0.0,0.0,0.0,0.0,0.0,True
mistral7b,model.layers.14.self_attn.o_proj,16384,5,False,49322fc37a509fcc19c4c2dcba27f571d7e08725b0f688e5e6e2da549664253f,Across-draw descriptive variation; count and density share fixed U; not identity stability or independent evidence,3.4,1.5165750888103102,2.0,5.0,3.0,0.00020751953125,9.256439751039491e-05,0.0001220703125,0.00030517578125,0.00018310546875,False
mistral7b,model.layers.14.self_attn.q_proj,16384,5,False,49322fc37a509fcc19c4c2dcba27f571d7e08725b0f688e5e6e2da549664253f,Across-draw descriptive variation; count and density share fixed U; not identity stability or independent evidence,0.6,0.8944271909999157,0.0,2.0,2.0,3.662109375e-05,5.459150335692845e-05,0.0,0.0001220703125,0.0001220703125,False
mistral7b,model.layers.14.self_attn.v_proj,4096,5,False,49322fc37a509fcc19c4c2dcba27f571d7e08725b0f688e5e6e2da549664253f,Across-draw descriptive variation; count and density share fixed U; not identity stability or independent evidence,2.2,1.6431676725154984,0.0,4.0,4.0,0.000537109375,0.0004011639825477291,0.0,0.0009765625,0.0009765625,True
mistral7b,model.layers.15.mlp.down_proj,57344,5,False,49322fc37a509fcc19c4c2dcba27f571d7e08725b0f688e5e6e2da549664253f,Across-draw descriptive variation; count and density share fixed U; not identity stability or independent evidence,2.0,1.224744871391589,0.0,3.0,3.0,3.487723214285714e-05,2.135785559764908e-05,0.0,5.231584821428571e-05,5.231584821428571e-05,True
mistral7b,model.layers.15.mlp.gate_proj,57344,5,False,49322fc37a509fcc19c4c2dcba27f571d7e08725b0f688e5e6e2da549664253f,Across-draw descriptive variation; count and density share fixed U; not identity stability or independent evidence,2.2,1.9235384061671346,0.0,5.0,5.0,3.8364955357142856e-05,3.354384776379629e-05,0.0,8.719308035714286e-05,8.719308035714286e-05,False
mistral7b,model.layers.15.mlp.up_proj,57344,5,False,49322fc37a509fcc19c4c2dcba27f571d7e08725b0f688e5e6e2da549664253f,Across-draw descriptive variation; count and density share fixed U; not identity stability or independent evidence,1.6,1.9493588689617927,0.0,5.0,5.0,2.7901785714285713e-05,3.399412090125894e-05,0.0,8.719308035714286e-05,8.719308035714286e-05,False
mistral7b,model.layers.15.self_attn.k_proj,4096,5,True,49322fc37a509fcc19c4c2dcba27f571d7e08725b0f688e5e6e2da549664253f,Across-draw descriptive variation; count and density share fixed U; not identity stability or independent evidence,0.0,0.0,0.0,0.0,0.0,0.0,0.0,0.0,0.0,0.0,True
mistral7b,model.layers.15.self_attn.o_proj,16384,5,False,49322fc37a509fcc19c4c2dcba27f571d7e08725b0f688e5e6e2da549664253f,Across-draw descriptive variation; count and density share fixed U; not identity stability or independent evidence,3.8,1.9235384061671346,1.0,6.0,5.0,0.00023193359375,0.00011740346717328702,6.103515625e-05,0.0003662109375,0.00030517578125,False
mistral7b,model.layers.15.self_attn.q_proj,16384,5,False,49322fc37a509fcc19c4c2dcba27f571d7e08725b0f688e5e6e2da549664253f,Across-draw descriptive variation; count and density share fixed U; not identity stability or independent evidence,0.6,0.5477225575051662,0.0,1.0,1.0,3.662109375e-05,3.343033187897743e-05,0.0,6.103515625e-05,6.103515625e-05,False
mistral7b,model.layers.15.self_attn.v_proj,4096,5,False,49322fc37a509fcc19c4c2dcba27f571d7e08725b0f688e5e6e2da549664253f,Across-draw descriptive variation; count and density share fixed U; not identity stability or independent evidence,1.6,0.8944271909999159,1.0,3.0,2.0,0.000390625,0.00021836601342771383,0.000244140625,0.000732421875,0.00048828125,False
mistral7b,model.layers.16.mlp.down_proj,57344,5,False,49322fc37a509fcc19c4c2dcba27f571d7e08725b0f688e5e6e2da549664253f,Across-draw descriptive variation; count and density share fixed U; not identity stability or independent evidence,2.4,1.5165750888103102,1.0,5.0,4.0,4.1852678571428565e-05,2.6446970717255686e-05,1.743861607142857e-05,8.719308035714286e-05,6.975446428571428e-05,False
mistral7b,model.layers.16.mlp.gate_proj,57344,5,False,49322fc37a509fcc19c4c2dcba27f571d7e08725b0f688e5e6e2da549664253f,Across-draw descriptive variation; count and density share fixed U; not identity stability or independent evidence,1.6,0.8944271909999159,1.0,3.0,2.0,2.7901785714285713e-05,1.5597572387693846e-05,1.743861607142857e-05,5.231584821428571e-05,3.487723214285714e-05,False
mistral7b,model.layers.16.mlp.up_proj,57344,5,False,49322fc37a509fcc19c4c2dcba27f571d7e08725b0f688e5e6e2da549664253f,Across-draw descriptive variation; count and density share fixed U; not identity stability or independent evidence,4.8,1.9235384061671346,2.0,7.0,5.0,8.370535714285714e-05,3.354384776379629e-05,3.487723214285714e-05,0.0001220703125,8.719308035714286e-05,False
mistral7b,model.layers.16.self_attn.k_proj,4096,5,False,49322fc37a509fcc19c4c2dcba27f571d7e08725b0f688e5e6e2da549664253f,Across-draw descriptive variation; count and density share fixed U; not identity stability or independent evidence,0.2,0.447213595499958,0.0,1.0,1.0,4.8828125e-05,0.00010918300671385693,0.0,0.000244140625,0.000244140625,True
mistral7b,model.layers.16.self_attn.o_proj,16384,5,False,49322fc37a509fcc19c4c2dcba27f571d7e08725b0f688e5e6e2da549664253f,Across-draw descriptive variation; count and density share fixed U; not identity stability or independent evidence,1.4,1.3416407864998738,0.0,3.0,3.0,8.544921875e-05,8.188725503539269e-05,0.0,0.00018310546875,0.00018310546875,True
mistral7b,model.layers.16.self_attn.q_proj,16384,5,False,49322fc37a509fcc19c4c2dcba27f571d7e08725b0f688e5e6e2da549664253f,Across-draw descriptive variation; count and density share fixed U; not identity stability or independent evidence,0.8,0.8366600265340756,0.0,2.0,2.0,4.8828125e-05,5.106567544763645e-05,0.0,0.0001220703125,0.0001220703125,True
mistral7b,model.layers.16.self_attn.v_proj,4096,5,False,49322fc37a509fcc19c4c2dcba27f571d7e08725b0f688e5e6e2da549664253f,Across-draw descriptive variation; count and density share fixed U; not identity stability or independent evidence,0.8,0.8366600265340756,0.0,2.0,2.0,0.0001953125,0.0002042627017905458,0.0,0.00048828125,0.00048828125,False
mistral7b,model.layers.17.mlp.down_proj,57344,5,False,49322fc37a509fcc19c4c2dcba27f571d7e08725b0f688e5e6e2da549664253f,Across-draw descriptive variation; count and density share fixed U; not identity stability or independent evidence,2.6,1.140175425099138,1.0,4.0,3.0,4.534040178571428e-05,1.988308149238173e-05,1.743861607142857e-05,6.975446428571428e-05,5.231584821428571e-05,False
mistral7b,model.layers.17.mlp.gate_proj,57344,5,False,49322fc37a509fcc19c4c2dcba27f571d7e08725b0f688e5e6e2da549664253f,Across-draw descriptive variation; count and density share fixed U; not identity stability or independent evidence,2.0,1.5811388300841898,0.0,4.0,4.0,3.487723214285714e-05,2.7572873013465917e-05,0.0,6.975446428571428e-05,6.975446428571428e-05,False
mistral7b,model.layers.17.mlp.up_proj,57344,5,False,49322fc37a509fcc19c4c2dcba27f571d7e08725b0f688e5e6e2da549664253f,Across-draw descriptive variation; count and density share fixed U; not identity stability or independent evidence,3.2,0.8366600265340756,2.0,4.0,2.0,5.580357142857143e-05,1.4590192985038985e-05,3.487723214285714e-05,6.975446428571428e-05,3.487723214285714e-05,False
mistral7b,model.layers.17.self_attn.k_proj,4096,5,False,49322fc37a509fcc19c4c2dcba27f571d7e08725b0f688e5e6e2da549664253f,Across-draw descriptive variation; count and density share fixed U; not identity stability or independent evidence,1.0,1.0,0.0,2.0,2.0,0.000244140625,0.000244140625,0.0,0.00048828125,0.00048828125,False
mistral7b,model.layers.17.self_attn.o_proj,16384,5,False,49322fc37a509fcc19c4c2dcba27f571d7e08725b0f688e5e6e2da549664253f,Across-draw descriptive variation; count and density share fixed U; not identity stability or independent evidence,3.4,3.209361307176242,0.0,8.0,8.0,0.00020751953125,0.00019588386884620618,0.0,0.00048828125,0.00048828125,False
mistral7b,model.layers.17.self_attn.q_proj,16384,5,False,49322fc37a509fcc19c4c2dcba27f571d7e08725b0f688e5e6e2da549664253f,Across-draw descriptive variation; count and density share fixed U; not identity stability or independent evidence,2.6,2.1908902300206643,0.0,6.0,6.0,0.00015869140625,0.00013372132751590969,0.0,0.0003662109375,0.0003662109375,False
mistral7b,model.layers.17.self_attn.v_proj,4096,5,False,49322fc37a509fcc19c4c2dcba27f571d7e08725b0f688e5e6e2da549664253f,Across-draw descriptive variation; count and density share fixed U; not identity stability or independent evidence,2.2,1.3038404810405297,1.0,4.0,3.0,0.000537109375,0.0003183204299415356,0.000244140625,0.0009765625,0.000732421875,False
mistral7b,model.layers.18.mlp.down_proj,57344,5,False,49322fc37a509fcc19c4c2dcba27f571d7e08725b0f688e5e6e2da549664253f,Across-draw descriptive variation; count and density share fixed U; not identity stability or independent evidence,2.2,1.3038404810405297,1.0,4.0,3.0,3.836495535714285e-05,2.2737173567252543e-05,1.743861607142857e-05,6.975446428571428e-05,5.231584821428571e-05,False
mistral7b,model.layers.18.mlp.gate_proj,57344,5,False,49322fc37a509fcc19c4c2dcba27f571d7e08725b0f688e5e6e2da549664253f,Across-draw descriptive variation; count and density share fixed U; not identity stability or independent evidence,1.0,1.0,0.0,2.0,2.0,1.743861607142857e-05,1.743861607142857e-05,0.0,3.487723214285714e-05,3.487723214285714e-05,False
mistral7b,model.layers.18.mlp.up_proj,57344,5,False,49322fc37a509fcc19c4c2dcba27f571d7e08725b0f688e5e6e2da549664253f,Across-draw descriptive variation; count and density share fixed U; not identity stability or independent evidence,2.4,2.6076809620810595,1.0,7.0,6.0,4.1852678571428565e-05,4.5474347134505086e-05,1.743861607142857e-05,0.0001220703125,0.00010463169642857144,False
mistral7b,model.layers.18.self_attn.k_proj,4096,5,False,49322fc37a509fcc19c4c2dcba27f571d7e08725b0f688e5e6e2da549664253f,Across-draw descriptive variation; count and density share fixed U; not identity stability or independent evidence,1.4,2.073644135332772,0.0,5.0,5.0,0.000341796875,0.0005062607752277275,0.0,0.001220703125,0.001220703125,False
mistral7b,model.layers.18.self_attn.o_proj,16384,5,False,49322fc37a509fcc19c4c2dcba27f571d7e08725b0f688e5e6e2da549664253f,Across-draw descriptive variation; count and density share fixed U; not identity stability or independent evidence,1.2,1.3038404810405297,0.0,3.0,3.0,7.32421875e-05,7.95801074853839e-05,0.0,0.00018310546875,0.00018310546875,False
mistral7b,model.layers.18.self_attn.q_proj,16384,5,False,49322fc37a509fcc19c4c2dcba27f571d7e08725b0f688e5e6e2da549664253f,Across-draw descriptive variation; count and density share fixed U; not identity stability or independent evidence,1.8,1.9235384061671346,0.0,5.0,5.0,0.00010986328125,0.00011740346717328702,0.0,0.00030517578125,0.00030517578125,False
mistral7b,model.layers.18.self_attn.v_proj,4096,5,False,49322fc37a509fcc19c4c2dcba27f571d7e08725b0f688e5e6e2da549664253f,Across-draw descriptive variation; count and density share fixed U; not identity stability or independent evidence,2.8,3.1144823004794873,0.0,8.0,8.0,0.00068359375,0.0007603716553904998,0.0,0.001953125,0.001953125,False
mistral7b,model.layers.19.mlp.down_proj,57344,5,False,49322fc37a509fcc19c4c2dcba27f571d7e08725b0f688e5e6e2da549664253f,Across-draw descriptive variation; count and density share fixed U; not identity stability or independent evidence,62.0,5.0,57.0,69.0,12.0,0.0010811941964285715,8.71930803571429e-05,0.0009940011160714285,0.0012032645089285715,0.00020926339285714298,False
mistral7b,model.layers.19.mlp.gate_proj,57344,5,False,49322fc37a509fcc19c4c2dcba27f571d7e08725b0f688e5e6e2da549664253f,Across-draw descriptive variation; count and density share fixed U; not identity stability or independent evidence,16.0,2.9154759474226504,13.0,20.0,7.0,0.00027901785714285713,5.084186571258808e-05,0.00022670200892857144,0.00034877232142857144,0.0001220703125,False
mistral7b,model.layers.19.mlp.up_proj,57344,5,False,49322fc37a509fcc19c4c2dcba27f571d7e08725b0f688e5e6e2da549664253f,Across-draw descriptive variation; count and density share fixed U; not identity stability or independent evidence,13.0,2.8284271247461903,10.0,16.0,6.0,0.0002267020089285714,4.932385471446341e-05,0.00017438616071428572,0.00027901785714285713,0.00010463169642857141,False
mistral7b,model.layers.19.self_attn.k_proj,4096,5,False,49322fc37a509fcc19c4c2dcba27f571d7e08725b0f688e5e6e2da549664253f,Across-draw descriptive variation; count and density share fixed U; not identity stability or independent evidence,0.2,0.44721359549995804,0.0,1.0,1.0,4.8828125e-05,0.00010918300671385694,0.0,0.000244140625,0.000244140625,True
mistral7b,model.layers.19.self_attn.o_proj,16384,5,False,49322fc37a509fcc19c4c2dcba27f571d7e08725b0f688e5e6e2da549664253f,Across-draw descriptive variation; count and density share fixed U; not identity stability or independent evidence,1.6,1.5165750888103102,0.0,3.0,3.0,9.765625e-05,9.256439751039491e-05,0.0,0.00018310546875,0.00018310546875,False
mistral7b,model.layers.19.self_attn.q_proj,16384,5,False,49322fc37a509fcc19c4c2dcba27f571d7e08725b0f688e5e6e2da549664253f,Across-draw descriptive variation; count and density share fixed U; not identity stability or independent evidence,0.8,0.8366600265340756,0.0,2.0,2.0,4.8828125e-05,5.106567544763645e-05,0.0,0.0001220703125,0.0001220703125,False
mistral7b,model.layers.19.self_attn.v_proj,4096,5,False,49322fc37a509fcc19c4c2dcba27f571d7e08725b0f688e5e6e2da549664253f,Across-draw descriptive variation; count and density share fixed U; not identity stability or independent evidence,0.4,0.5477225575051662,0.0,1.0,1.0,9.765625e-05,0.0001337213275159097,0.0,0.000244140625,0.000244140625,False
mistral7b,model.layers.2.mlp.down_proj,57344,5,False,49322fc37a509fcc19c4c2dcba27f571d7e08725b0f688e5e6e2da549664253f,Across-draw descriptive variation; count and density share fixed U; not identity stability or independent evidence,1.8,1.7888543819998317,0.0,4.0,4.0,3.1389508928571425e-05,3.119514477538769e-05,0.0,6.975446428571428e-05,6.975446428571428e-05,True
mistral7b,model.layers.2.mlp.gate_proj,57344,5,False,49322fc37a509fcc19c4c2dcba27f571d7e08725b0f688e5e6e2da549664253f,Across-draw descriptive variation; count and density share fixed U; not identity stability or independent evidence,1.0,1.224744871391589,0.0,3.0,3.0,1.743861607142857e-05,2.135785559764908e-05,0.0,5.231584821428571e-05,5.231584821428571e-05,False
mistral7b,model.layers.2.mlp.up_proj,57344,5,False,49322fc37a509fcc19c4c2dcba27f571d7e08725b0f688e5e6e2da549664253f,Across-draw descriptive variation; count and density share fixed U; not identity stability or independent evidence,1.8,1.6431676725154984,0.0,4.0,4.0,3.1389508928571425e-05,2.8654570181980648e-05,0.0,6.975446428571428e-05,6.975446428571428e-05,False
mistral7b,model.layers.2.self_attn.k_proj,4096,5,False,49322fc37a509fcc19c4c2dcba27f571d7e08725b0f688e5e6e2da549664253f,Across-draw descriptive variation; count and density share fixed U; not identity stability or independent evidence,1.0,1.7320508075688772,0.0,4.0,4.0,0.000244140625,0.0004228639666916204,0.0,0.0009765625,0.0009765625,True
mistral7b,model.layers.2.self_attn.o_proj,16384,5,False,49322fc37a509fcc19c4c2dcba27f571d7e08725b0f688e5e6e2da549664253f,Across-draw descriptive variation; count and density share fixed U; not identity stability or independent evidence,2.6,0.8944271909999159,2.0,4.0,2.0,0.00015869140625,5.459150335692846e-05,0.0001220703125,0.000244140625,0.0001220703125,False
mistral7b,model.layers.2.self_attn.q_proj,16384,5,False,49322fc37a509fcc19c4c2dcba27f571d7e08725b0f688e5e6e2da549664253f,Across-draw descriptive variation; count and density share fixed U; not identity stability or independent evidence,4.4,2.6076809620810595,2.0,8.0,6.0,0.0002685546875,0.0001591602149707678,0.0001220703125,0.00048828125,0.0003662109375,False
mistral7b,model.layers.2.self_attn.v_proj,4096,5,False,49322fc37a509fcc19c4c2dcba27f571d7e08725b0f688e5e6e2da549664253f,Across-draw descriptive variation; count and density share fixed U; not identity stability or independent evidence,1.6,1.51657508881031,0.0,4.0,4.0,0.000390625,0.0003702575900415796,0.0,0.0009765625,0.0009765625,False
mistral7b,model.layers.20.mlp.down_proj,57344,5,False,49322fc37a509fcc19c4c2dcba27f571d7e08725b0f688e5e6e2da549664253f,Across-draw descriptive variation; count and density share fixed U; not identity stability or independent evidence,2.6,2.0736441353327724,0.0,5.0,5.0,4.534040178571429e-05,3.616148394483768e-05,0.0,8.719308035714286e-05,8.719308035714286e-05,False
mistral7b,model.layers.20.mlp.gate_proj,57344,5,False,49322fc37a509fcc19c4c2dcba27f571d7e08725b0f688e5e6e2da549664253f,Across-draw descriptive variation; count and density share fixed U; not identity stability or independent evidence,1.0,1.0,0.0,2.0,2.0,1.743861607142857e-05,1.743861607142857e-05,0.0,3.487723214285714e-05,3.487723214285714e-05,False
mistral7b,model.layers.20.mlp.up_proj,57344,5,False,49322fc37a509fcc19c4c2dcba27f571d7e08725b0f688e5e6e2da549664253f,Across-draw descriptive variation; count and density share fixed U; not identity stability or independent evidence,1.2,1.0954451150103321,0.0,3.0,3.0,2.0926339285714283e-05,1.9103046787987096e-05,0.0,5.231584821428571e-05,5.231584821428571e-05,False
mistral7b,model.layers.20.self_attn.k_proj,4096,5,True,49322fc37a509fcc19c4c2dcba27f571d7e08725b0f688e5e6e2da549664253f,Across-draw descriptive variation; count and density share fixed U; not identity stability or independent evidence,0.0,0.0,0.0,0.0,0.0,0.0,0.0,0.0,0.0,0.0,True
mistral7b,model.layers.20.self_attn.o_proj,16384,5,False,49322fc37a509fcc19c4c2dcba27f571d7e08725b0f688e5e6e2da549664253f,Across-draw descriptive variation; count and density share fixed U; not identity stability or independent evidence,0.2,0.44721359549995804,0.0,1.0,1.0,1.220703125e-05,2.7295751678464236e-05,0.0,6.103515625e-05,6.103515625e-05,False
mistral7b,model.layers.20.self_attn.q_proj,16384,5,False,49322fc37a509fcc19c4c2dcba27f571d7e08725b0f688e5e6e2da549664253f,Across-draw descriptive variation; count and density share fixed U; not identity stability or independent evidence,0.8,1.0954451150103324,0.0,2.0,2.0,4.8828125e-05,6.686066375795486e-05,0.0,0.0001220703125,0.0001220703125,False
mistral7b,model.layers.20.self_attn.v_proj,4096,5,False,49322fc37a509fcc19c4c2dcba27f571d7e08725b0f688e5e6e2da549664253f,Across-draw descriptive variation; count and density share fixed U; not identity stability or independent evidence,0.2,0.44721359549995804,0.0,1.0,1.0,4.8828125e-05,0.00010918300671385694,0.0,0.000244140625,0.000244140625,True
mistral7b,model.layers.21.mlp.down_proj,57344,5,False,49322fc37a509fcc19c4c2dcba27f571d7e08725b0f688e5e6e2da549664253f,Across-draw descriptive variation; count and density share fixed U; not identity stability or independent evidence,2.6,1.140175425099138,1.0,4.0,3.0,4.534040178571428e-05,1.988308149238173e-05,1.743861607142857e-05,6.975446428571428e-05,5.231584821428571e-05,False
mistral7b,model.layers.21.mlp.gate_proj,57344,5,False,49322fc37a509fcc19c4c2dcba27f571d7e08725b0f688e5e6e2da549664253f,Across-draw descriptive variation; count and density share fixed U; not identity stability or independent evidence,2.0,1.0,1.0,3.0,2.0,3.487723214285714e-05,1.743861607142857e-05,1.743861607142857e-05,5.231584821428571e-05,3.487723214285714e-05,False
mistral7b,model.layers.21.mlp.up_proj,57344,5,False,49322fc37a509fcc19c4c2dcba27f571d7e08725b0f688e5e6e2da549664253f,Across-draw descriptive variation; count and density share fixed U; not identity stability or independent evidence,1.0,1.224744871391589,0.0,3.0,3.0,1.743861607142857e-05,2.135785559764908e-05,0.0,5.231584821428571e-05,5.231584821428571e-05,True
mistral7b,model.layers.21.self_attn.k_proj,4096,5,True,49322fc37a509fcc19c4c2dcba27f571d7e08725b0f688e5e6e2da549664253f,Across-draw descriptive variation; count and density share fixed U; not identity stability or independent evidence,0.0,0.0,0.0,0.0,0.0,0.0,0.0,0.0,0.0,0.0,True
mistral7b,model.layers.21.self_attn.o_proj,16384,5,False,49322fc37a509fcc19c4c2dcba27f571d7e08725b0f688e5e6e2da549664253f,Across-draw descriptive variation; count and density share fixed U; not identity stability or independent evidence,0.2,0.44721359549995804,0.0,1.0,1.0,1.220703125e-05,2.7295751678464236e-05,0.0,6.103515625e-05,6.103515625e-05,False
mistral7b,model.layers.21.self_attn.q_proj,16384,5,False,49322fc37a509fcc19c4c2dcba27f571d7e08725b0f688e5e6e2da549664253f,Across-draw descriptive variation; count and density share fixed U; not identity stability or independent evidence,0.4,0.5477225575051662,0.0,1.0,1.0,2.44140625e-05,3.343033187897743e-05,0.0,6.103515625e-05,6.103515625e-05,False
mistral7b,model.layers.21.self_attn.v_proj,4096,5,False,49322fc37a509fcc19c4c2dcba27f571d7e08725b0f688e5e6e2da549664253f,Across-draw descriptive variation; count and density share fixed U; not identity stability or independent evidence,0.2,0.447213595499958,0.0,1.0,1.0,4.8828125e-05,0.00010918300671385693,0.0,0.000244140625,0.000244140625,True
mistral7b,model.layers.22.mlp.down_proj,57344,5,False,49322fc37a509fcc19c4c2dcba27f571d7e08725b0f688e5e6e2da549664253f,Across-draw descriptive variation; count and density share fixed U; not identity stability or independent evidence,1.4,0.5477225575051661,1.0,2.0,1.0,2.4414062499999998e-05,9.55152339399355e-06,1.743861607142857e-05,3.487723214285714e-05,1.743861607142857e-05,False
mistral7b,model.layers.22.mlp.gate_proj,57344,5,False,49322fc37a509fcc19c4c2dcba27f571d7e08725b0f688e5e6e2da549664253f,Across-draw descriptive variation; count and density share fixed U; not identity stability or independent evidence,1.2,1.0954451150103324,0.0,2.0,2.0,2.0926339285714286e-05,1.9103046787987096e-05,0.0,3.487723214285714e-05,3.487723214285714e-05,False
mistral7b,model.layers.22.mlp.up_proj,57344,5,False,49322fc37a509fcc19c4c2dcba27f571d7e08725b0f688e5e6e2da549664253f,Across-draw descriptive variation; count and density share fixed U; not identity stability or independent evidence,1.0,1.4142135623730951,0.0,3.0,3.0,1.743861607142857e-05,2.4661927357231706e-05,0.0,5.231584821428571e-05,5.231584821428571e-05,True
mistral7b,model.layers.22.self_attn.k_proj,4096,5,True,49322fc37a509fcc19c4c2dcba27f571d7e08725b0f688e5e6e2da549664253f,Across-draw descriptive variation; count and density share fixed U; not identity stability or independent evidence,0.0,0.0,0.0,0.0,0.0,0.0,0.0,0.0,0.0,0.0,True
mistral7b,model.layers.22.self_attn.o_proj,16384,5,False,49322fc37a509fcc19c4c2dcba27f571d7e08725b0f688e5e6e2da549664253f,Across-draw descriptive variation; count and density share fixed U; not identity stability or independent evidence,0.4,0.5477225575051662,0.0,1.0,1.0,2.44140625e-05,3.343033187897743e-05,0.0,6.103515625e-05,6.103515625e-05,True
mistral7b,model.layers.22.self_attn.q_proj,16384,5,False,49322fc37a509fcc19c4c2dcba27f571d7e08725b0f688e5e6e2da549664253f,Across-draw descriptive variation; count and density share fixed U; not identity stability or independent evidence,0.6,0.5477225575051662,0.0,1.0,1.0,3.662109375e-05,3.343033187897743e-05,0.0,6.103515625e-05,6.103515625e-05,False
mistral7b,model.layers.22.self_attn.v_proj,4096,5,False,49322fc37a509fcc19c4c2dcba27f571d7e08725b0f688e5e6e2da549664253f,Across-draw descriptive variation; count and density share fixed U; not identity stability or independent evidence,1.4,1.3416407864998738,0.0,3.0,3.0,0.000341796875,0.00032754902014157076,0.0,0.000732421875,0.000732421875,False
mistral7b,model.layers.23.mlp.down_proj,57344,5,False,49322fc37a509fcc19c4c2dcba27f571d7e08725b0f688e5e6e2da549664253f,Across-draw descriptive variation; count and density share fixed U; not identity stability or independent evidence,2.0,1.0,1.0,3.0,2.0,3.487723214285714e-05,1.743861607142857e-05,1.743861607142857e-05,5.231584821428571e-05,3.487723214285714e-05,False
mistral7b,model.layers.23.mlp.gate_proj,57344,5,False,49322fc37a509fcc19c4c2dcba27f571d7e08725b0f688e5e6e2da549664253f,Across-draw descriptive variation; count and density share fixed U; not identity stability or independent evidence,1.8,0.8366600265340756,1.0,3.0,2.0,3.1389508928571425e-05,1.4590192985038983e-05,1.743861607142857e-05,5.231584821428571e-05,3.487723214285714e-05,False
mistral7b,model.layers.23.mlp.up_proj,57344,5,False,49322fc37a509fcc19c4c2dcba27f571d7e08725b0f688e5e6e2da549664253f,Across-draw descriptive variation; count and density share fixed U; not identity stability or independent evidence,1.8,1.6431676725154984,0.0,4.0,4.0,3.1389508928571425e-05,2.8654570181980648e-05,0.0,6.975446428571428e-05,6.975446428571428e-05,False
mistral7b,model.layers.23.self_attn.k_proj,4096,5,False,49322fc37a509fcc19c4c2dcba27f571d7e08725b0f688e5e6e2da549664253f,Across-draw descriptive variation; count and density share fixed U; not identity stability or independent evidence,0.2,0.44721359549995804,0.0,1.0,1.0,4.8828125e-05,0.00010918300671385694,0.0,0.000244140625,0.000244140625,True
mistral7b,model.layers.23.self_attn.o_proj,16384,5,False,49322fc37a509fcc19c4c2dcba27f571d7e08725b0f688e5e6e2da549664253f,Across-draw descriptive variation; count and density share fixed U; not identity stability or independent evidence,1.2,1.3038404810405297,0.0,3.0,3.0,7.32421875e-05,7.95801074853839e-05,0.0,0.00018310546875,0.00018310546875,False
mistral7b,model.layers.23.self_attn.q_proj,16384,5,False,49322fc37a509fcc19c4c2dcba27f571d7e08725b0f688e5e6e2da549664253f,Across-draw descriptive variation; count and density share fixed U; not identity stability or independent evidence,2.0,0.7071067811865476,1.0,3.0,2.0,0.0001220703125,4.315837287515549e-05,6.103515625e-05,0.00018310546875,0.0001220703125,False
mistral7b,model.layers.23.self_attn.v_proj,4096,5,False,49322fc37a509fcc19c4c2dcba27f571d7e08725b0f688e5e6e2da549664253f,Across-draw descriptive variation; count and density share fixed U; not identity stability or independent evidence,1.4,1.6733200530681511,0.0,4.0,4.0,0.000341796875,0.0004085254035810916,0.0,0.0009765625,0.0009765625,False
mistral7b,model.layers.24.mlp.down_proj,57344,5,False,49322fc37a509fcc19c4c2dcba27f571d7e08725b0f688e5e6e2da549664253f,Across-draw descriptive variation; count and density share fixed U; not identity stability or independent evidence,0.2,0.447213595499958,0.0,1.0,1.0,3.487723214285714e-06,7.798786193846923e-06,0.0,1.743861607142857e-05,1.743861607142857e-05,True
mistral7b,model.layers.24.mlp.gate_proj,57344,5,False,49322fc37a509fcc19c4c2dcba27f571d7e08725b0f688e5e6e2da549664253f,Across-draw descriptive variation; count and density share fixed U; not identity stability or independent evidence,1.2,2.16794833886788,0.0,5.0,5.0,2.0926339285714286e-05,3.78060187442083e-05,0.0,8.719308035714286e-05,8.719308035714286e-05,False
mistral7b,model.layers.24.mlp.up_proj,57344,5,False,49322fc37a509fcc19c4c2dcba27f571d7e08725b0f688e5e6e2da549664253f,Across-draw descriptive variation; count and density share fixed U; not identity stability or independent evidence,1.8,1.6431676725154984,0.0,4.0,4.0,3.1389508928571425e-05,2.8654570181980648e-05,0.0,6.975446428571428e-05,6.975446428571428e-05,False
mistral7b,model.layers.24.self_attn.k_proj,4096,5,True,49322fc37a509fcc19c4c2dcba27f571d7e08725b0f688e5e6e2da549664253f,Across-draw descriptive variation; count and density share fixed U; not identity stability or independent evidence,0.0,0.0,0.0,0.0,0.0,0.0,0.0,0.0,0.0,0.0,True
mistral7b,model.layers.24.self_attn.o_proj,16384,5,True,49322fc37a509fcc19c4c2dcba27f571d7e08725b0f688e5e6e2da549664253f,Across-draw descriptive variation; count and density share fixed U; not identity stability or independent evidence,0.0,0.0,0.0,0.0,0.0,0.0,0.0,0.0,0.0,0.0,True
mistral7b,model.layers.24.self_attn.q_proj,16384,5,False,49322fc37a509fcc19c4c2dcba27f571d7e08725b0f688e5e6e2da549664253f,Across-draw descriptive variation; count and density share fixed U; not identity stability or independent evidence,0.2,0.447213595499958,0.0,1.0,1.0,1.220703125e-05,2.7295751678464232e-05,0.0,6.103515625e-05,6.103515625e-05,True
mistral7b,model.layers.24.self_attn.v_proj,4096,5,False,49322fc37a509fcc19c4c2dcba27f571d7e08725b0f688e5e6e2da549664253f,Across-draw descriptive variation; count and density share fixed U; not identity stability or independent evidence,1.2,0.8366600265340756,0.0,2.0,2.0,0.00029296875,0.0002042627017905458,0.0,0.00048828125,0.00048828125,False
mistral7b,model.layers.25.mlp.down_proj,57344,5,False,49322fc37a509fcc19c4c2dcba27f571d7e08725b0f688e5e6e2da549664253f,Across-draw descriptive variation; count and density share fixed U; not identity stability or independent evidence,1.2,0.8366600265340756,0.0,2.0,2.0,2.0926339285714283e-05,1.4590192985038983e-05,0.0,3.487723214285714e-05,3.487723214285714e-05,False
mistral7b,model.layers.25.mlp.gate_proj,57344,5,False,49322fc37a509fcc19c4c2dcba27f571d7e08725b0f688e5e6e2da549664253f,Across-draw descriptive variation; count and density share fixed U; not identity stability or independent evidence,2.2,2.387467277262665,0.0,6.0,6.0,3.836495535714285e-05,4.163412523128251e-05,0.0,0.00010463169642857142,0.00010463169642857142,True
mistral7b,model.layers.25.mlp.up_proj,57344,5,False,49322fc37a509fcc19c4c2dcba27f571d7e08725b0f688e5e6e2da549664253f,Across-draw descriptive variation; count and density share fixed U; not identity stability or independent evidence,2.4,2.0736441353327724,0.0,5.0,5.0,4.1852678571428565e-05,3.616148394483768e-05,0.0,8.719308035714286e-05,8.719308035714286e-05,False
mistral7b,model.layers.25.self_attn.k_proj,4096,5,False,49322fc37a509fcc19c4c2dcba27f571d7e08725b0f688e5e6e2da549664253f,Across-draw descriptive variation; count and density share fixed U; not identity stability or independent evidence,0.2,0.447213595499958,0.0,1.0,1.0,4.8828125e-05,0.00010918300671385693,0.0,0.000244140625,0.000244140625,True
mistral7b,model.layers.25.self_attn.o_proj,16384,5,False,49322fc37a509fcc19c4c2dcba27f571d7e08725b0f688e5e6e2da549664253f,Across-draw descriptive variation; count and density share fixed U; not identity stability or independent evidence,1.2,0.4472135954999579,1.0,2.0,1.0,7.32421875e-05,2.729575167846423e-05,6.103515625e-05,0.0001220703125,6.103515625e-05,False
mistral7b,model.layers.25.self_attn.q_proj,16384,5,False,49322fc37a509fcc19c4c2dcba27f571d7e08725b0f688e5e6e2da549664253f,Across-draw descriptive variation; count and density share fixed U; not identity stability or independent evidence,0.6,0.8944271909999159,0.0,2.0,2.0,3.662109375e-05,5.459150335692846e-05,0.0,0.0001220703125,0.0001220703125,True
mistral7b,model.layers.25.self_attn.v_proj,4096,5,False,49322fc37a509fcc19c4c2dcba27f571d7e08725b0f688e5e6e2da549664253f,Across-draw descriptive variation; count and density share fixed U; not identity stability or independent evidence,2.6,1.8165902124584952,1.0,5.0,4.0,0.000634765625,0.0004435034698384998,0.000244140625,0.001220703125,0.0009765625,False
mistral7b,model.layers.26.mlp.down_proj,57344,5,False,49322fc37a509fcc19c4c2dcba27f571d7e08725b0f688e5e6e2da549664253f,Across-draw descriptive variation; count and density share fixed U; not identity stability or independent evidence,2.0,1.5811388300841898,0.0,4.0,4.0,3.487723214285714e-05,2.7572873013465917e-05,0.0,6.975446428571428e-05,6.975446428571428e-05,False
mistral7b,model.layers.26.mlp.gate_proj,57344,5,False,49322fc37a509fcc19c4c2dcba27f571d7e08725b0f688e5e6e2da549664253f,Across-draw descriptive variation; count and density share fixed U; not identity stability or independent evidence,2.0,1.5811388300841898,0.0,4.0,4.0,3.487723214285714e-05,2.7572873013465917e-05,0.0,6.975446428571428e-05,6.975446428571428e-05,False
mistral7b,model.layers.26.mlp.up_proj,57344,5,False,49322fc37a509fcc19c4c2dcba27f571d7e08725b0f688e5e6e2da549664253f,Across-draw descriptive variation; count and density share fixed U; not identity stability or independent evidence,1.6,1.3416407864998738,1.0,4.0,3.0,2.7901785714285713e-05,2.339635858154077e-05,1.743861607142857e-05,6.975446428571428e-05,5.231584821428571e-05,False
mistral7b,model.layers.26.self_attn.k_proj,4096,5,False,49322fc37a509fcc19c4c2dcba27f571d7e08725b0f688e5e6e2da549664253f,Across-draw descriptive variation; count and density share fixed U; not identity stability or independent evidence,0.2,0.44721359549995804,0.0,1.0,1.0,4.8828125e-05,0.00010918300671385694,0.0,0.000244140625,0.000244140625,True
mistral7b,model.layers.26.self_attn.o_proj,16384,5,False,49322fc37a509fcc19c4c2dcba27f571d7e08725b0f688e5e6e2da549664253f,Across-draw descriptive variation; count and density share fixed U; not identity stability or independent evidence,0.8,0.8366600265340756,0.0,2.0,2.0,4.8828125e-05,5.106567544763645e-05,0.0,0.0001220703125,0.0001220703125,False
mistral7b,model.layers.26.self_attn.q_proj,16384,5,False,49322fc37a509fcc19c4c2dcba27f571d7e08725b0f688e5e6e2da549664253f,Across-draw descriptive variation; count and density share fixed U; not identity stability or independent evidence,1.0,0.7071067811865476,0.0,2.0,2.0,6.103515625e-05,4.315837287515549e-05,0.0,0.0001220703125,0.0001220703125,False
mistral7b,model.layers.26.self_attn.v_proj,4096,5,False,49322fc37a509fcc19c4c2dcba27f571d7e08725b0f688e5e6e2da549664253f,Across-draw descriptive variation; count and density share fixed U; not identity stability or independent evidence,2.2,0.4472135954999579,2.0,3.0,1.0,0.000537109375,0.00010918300671385692,0.00048828125,0.000732421875,0.000244140625,False
mistral7b,model.layers.27.mlp.down_proj,57344,5,False,49322fc37a509fcc19c4c2dcba27f571d7e08725b0f688e5e6e2da549664253f,Across-draw descriptive variation; count and density share fixed U; not identity stability or independent evidence,3.2,2.4899799195977463,1.0,7.0,6.0,5.580357142857143e-05,4.342180384343169e-05,1.743861607142857e-05,0.0001220703125,0.00010463169642857144,False
mistral7b,model.layers.27.mlp.gate_proj,57344,5,False,49322fc37a509fcc19c4c2dcba27f571d7e08725b0f688e5e6e2da549664253f,Across-draw descriptive variation; count and density share fixed U; not identity stability or independent evidence,2.4,1.140175425099138,1.0,4.0,3.0,4.185267857142857e-05,1.988308149238173e-05,1.743861607142857e-05,6.975446428571428e-05,5.231584821428571e-05,False
mistral7b,model.layers.27.mlp.up_proj,57344,5,False,49322fc37a509fcc19c4c2dcba27f571d7e08725b0f688e5e6e2da549664253f,Across-draw descriptive variation; count and density share fixed U; not identity stability or independent evidence,1.8,2.489979919597747,0.0,6.0,6.0,3.1389508928571425e-05,4.342180384343168e-05,0.0,0.00010463169642857142,0.00010463169642857142,False
mistral7b,model.layers.27.self_attn.k_proj,4096,5,True,49322fc37a509fcc19c4c2dcba27f571d7e08725b0f688e5e6e2da549664253f,Across-draw descriptive variation; count and density share fixed U; not identity stability or independent evidence,0.0,0.0,0.0,0.0,0.0,0.0,0.0,0.0,0.0,0.0,True
mistral7b,model.layers.27.self_attn.o_proj,16384,5,False,49322fc37a509fcc19c4c2dcba27f571d7e08725b0f688e5e6e2da549664253f,Across-draw descriptive variation; count and density share fixed U; not identity stability or independent evidence,10.4,3.2093613071762426,6.0,15.0,9.0,0.000634765625,0.0001958838688462062,0.0003662109375,0.00091552734375,0.00054931640625,False
mistral7b,model.layers.27.self_attn.q_proj,16384,5,False,49322fc37a509fcc19c4c2dcba27f571d7e08725b0f688e5e6e2da549664253f,Across-draw descriptive variation; count and density share fixed U; not identity stability or independent evidence,2.4,2.073644135332772,1.0,6.0,5.0,0.000146484375,0.00012656519380693188,6.103515625e-05,0.0003662109375,0.00030517578125,False
mistral7b,model.layers.27.self_attn.v_proj,4096,5,False,49322fc37a509fcc19c4c2dcba27f571d7e08725b0f688e5e6e2da549664253f,Across-draw descriptive variation; count and density share fixed U; not identity stability or independent evidence,3.0,2.5495097567963922,0.0,6.0,6.0,0.000732421875,0.0006224389054678692,0.0,0.00146484375,0.00146484375,False
mistral7b,model.layers.28.mlp.down_proj,57344,5,False,49322fc37a509fcc19c4c2dcba27f571d7e08725b0f688e5e6e2da549664253f,Across-draw descriptive variation; count and density share fixed U; not identity stability or independent evidence,15.0,4.301162633521313,10.0,19.0,9.0,0.00026157924107142856,7.500632382675281e-05,0.00017438616071428572,0.00033133370535714287,0.00015694754464285715,False
mistral7b,model.layers.28.mlp.gate_proj,57344,5,False,49322fc37a509fcc19c4c2dcba27f571d7e08725b0f688e5e6e2da549664253f,Across-draw descriptive variation; count and density share fixed U; not identity stability or independent evidence,10.4,4.03732584763727,6.0,16.0,10.0,0.00018136160714285712,7.040537541220127e-05,0.00010463169642857142,0.00027901785714285713,0.0001743861607142857,False
mistral7b,model.layers.28.mlp.up_proj,57344,5,False,49322fc37a509fcc19c4c2dcba27f571d7e08725b0f688e5e6e2da549664253f,Across-draw descriptive variation; count and density share fixed U; not identity stability or independent evidence,18.6,3.7815340802378077,13.0,23.0,10.0,0.00032435825892857147,6.594472098628988e-05,0.00022670200892857144,0.00040108816964285713,0.0001743861607142857,False
mistral7b,model.layers.28.self_attn.k_proj,4096,5,True,49322fc37a509fcc19c4c2dcba27f571d7e08725b0f688e5e6e2da549664253f,Across-draw descriptive variation; count and density share fixed U; not identity stability or independent evidence,0.0,0.0,0.0,0.0,0.0,0.0,0.0,0.0,0.0,0.0,True
mistral7b,model.layers.28.self_attn.o_proj,16384,5,False,49322fc37a509fcc19c4c2dcba27f571d7e08725b0f688e5e6e2da549664253f,Across-draw descriptive variation; count and density share fixed U; not identity stability or independent evidence,7.6,3.361547262794322,4.0,12.0,8.0,0.0004638671875,0.00020517256242641126,0.000244140625,0.000732421875,0.00048828125,False
mistral7b,model.layers.28.self_attn.q_proj,16384,5,False,49322fc37a509fcc19c4c2dcba27f571d7e08725b0f688e5e6e2da549664253f,Across-draw descriptive variation; count and density share fixed U; not identity stability or independent evidence,0.2,0.44721359549995804,0.0,1.0,1.0,1.220703125e-05,2.7295751678464236e-05,0.0,6.103515625e-05,6.103515625e-05,True
mistral7b,model.layers.28.self_attn.v_proj,4096,5,False,49322fc37a509fcc19c4c2dcba27f571d7e08725b0f688e5e6e2da549664253f,Across-draw descriptive variation; count and density share fixed U; not identity stability or independent evidence,2.4,2.0736441353327724,0.0,5.0,5.0,0.0005859375,0.0005062607752277276,0.0,0.001220703125,0.001220703125,False
mistral7b,model.layers.29.mlp.down_proj,57344,5,False,49322fc37a509fcc19c4c2dcba27f571d7e08725b0f688e5e6e2da549664253f,Across-draw descriptive variation; count and density share fixed U; not identity stability or independent evidence,65.2,13.198484761517134,47.0,83.0,36.0,0.001136997767857143,0.0002301633084806978,0.0008196149553571429,0.0014474051339285715,0.0006277901785714286,False
mistral7b,model.layers.29.mlp.gate_proj,57344,5,False,49322fc37a509fcc19c4c2dcba27f571d7e08725b0f688e5e6e2da549664253f,Across-draw descriptive variation; count and density share fixed U; not identity stability or independent evidence,30.8,3.1144823004794873,27.0,34.0,7.0,0.000537109375,5.43122610993214e-05,0.00047084263392857144,0.0005929129464285714,0.00012207031249999995,False
mistral7b,model.layers.29.mlp.up_proj,57344,5,False,49322fc37a509fcc19c4c2dcba27f571d7e08725b0f688e5e6e2da549664253f,Across-draw descriptive variation; count and density share fixed U; not identity stability or independent evidence,30.2,3.7013511046643495,25.0,35.0,10.0,0.0005266462053571429,6.454644085979961e-05,0.0004359654017857143,0.0006103515625,0.0001743861607142857,False
mistral7b,model.layers.29.self_attn.k_proj,4096,5,False,49322fc37a509fcc19c4c2dcba27f571d7e08725b0f688e5e6e2da549664253f,Across-draw descriptive variation; count and density share fixed U; not identity stability or independent evidence,0.4,0.5477225575051662,0.0,1.0,1.0,9.765625e-05,0.0001337213275159097,0.0,0.000244140625,0.000244140625,False
mistral7b,model.layers.29.self_attn.o_proj,16384,5,False,49322fc37a509fcc19c4c2dcba27f571d7e08725b0f688e5e6e2da549664253f,Across-draw descriptive variation; count and density share fixed U; not identity stability or independent evidence,49.4,18.20164827701052,30.0,77.0,47.0,0.00301513671875,0.0011109404465948804,0.0018310546875,0.00469970703125,0.00286865234375,False
mistral7b,model.layers.29.self_attn.q_proj,16384,5,False,49322fc37a509fcc19c4c2dcba27f571d7e08725b0f688e5e6e2da549664253f,Across-draw descriptive variation; count and density share fixed U; not identity stability or independent evidence,5.8,2.04939015319192,4.0,9.0,5.0,0.00035400390625,0.00012508484821728026,0.000244140625,0.00054931640625,0.00030517578125,False
mistral7b,model.layers.29.self_attn.v_proj,4096,5,False,49322fc37a509fcc19c4c2dcba27f571d7e08725b0f688e5e6e2da549664253f,Across-draw descriptive variation; count and density share fixed U; not identity stability or independent evidence,21.2,6.942621983083913,15.0,30.0,15.0,0.00517578125,0.001694976070088846,0.003662109375,0.00732421875,0.003662109375,False
mistral7b,model.layers.3.mlp.down_proj,57344,5,False,49322fc37a509fcc19c4c2dcba27f571d7e08725b0f688e5e6e2da549664253f,Across-draw descriptive variation; count and density share fixed U; not identity stability or independent evidence,2.6,0.8944271909999159,2.0,4.0,2.0,4.534040178571428e-05,1.5597572387693846e-05,3.487723214285714e-05,6.975446428571428e-05,3.487723214285714e-05,False
mistral7b,model.layers.3.mlp.gate_proj,57344,5,False,49322fc37a509fcc19c4c2dcba27f571d7e08725b0f688e5e6e2da549664253f,Across-draw descriptive variation; count and density share fixed U; not identity stability or independent evidence,1.0,1.0,0.0,2.0,2.0,1.743861607142857e-05,1.743861607142857e-05,0.0,3.487723214285714e-05,3.487723214285714e-05,False
mistral7b,model.layers.3.mlp.up_proj,57344,5,False,49322fc37a509fcc19c4c2dcba27f571d7e08725b0f688e5e6e2da549664253f,Across-draw descriptive variation; count and density share fixed U; not identity stability or independent evidence,3.0,1.5811388300841898,1.0,5.0,4.0,5.2315848214285705e-05,2.757287301346592e-05,1.743861607142857e-05,8.719308035714286e-05,6.975446428571428e-05,False
mistral7b,model.layers.3.self_attn.k_proj,4096,5,False,49322fc37a509fcc19c4c2dcba27f571d7e08725b0f688e5e6e2da549664253f,Across-draw descriptive variation; count and density share fixed U; not identity stability or independent evidence,1.2,0.4472135954999579,1.0,2.0,1.0,0.00029296875,0.00010918300671385692,0.000244140625,0.00048828125,0.000244140625,False
mistral7b,model.layers.3.self_attn.o_proj,16384,5,False,49322fc37a509fcc19c4c2dcba27f571d7e08725b0f688e5e6e2da549664253f,Across-draw descriptive variation; count and density share fixed U; not identity stability or independent evidence,1.4,1.6733200530681511,0.0,4.0,4.0,8.544921875e-05,0.0001021313508952729,0.0,0.000244140625,0.000244140625,True
mistral7b,model.layers.3.self_attn.q_proj,16384,5,False,49322fc37a509fcc19c4c2dcba27f571d7e08725b0f688e5e6e2da549664253f,Across-draw descriptive variation; count and density share fixed U; not identity stability or independent evidence,1.4,1.140175425099138,0.0,3.0,3.0,8.544921875e-05,6.959078522333606e-05,0.0,0.00018310546875,0.00018310546875,False
mistral7b,model.layers.3.self_attn.v_proj,4096,5,False,49322fc37a509fcc19c4c2dcba27f571d7e08725b0f688e5e6e2da549664253f,Across-draw descriptive variation; count and density share fixed U; not identity stability or independent evidence,1.0,1.0,0.0,2.0,2.0,0.000244140625,0.000244140625,0.0,0.00048828125,0.00048828125,False
mistral7b,model.layers.30.mlp.down_proj,57344,5,False,49322fc37a509fcc19c4c2dcba27f571d7e08725b0f688e5e6e2da549664253f,Across-draw descriptive variation; count and density share fixed U; not identity stability or independent evidence,613.2,78.97911116238268,516.0,703.0,187.0,0.010693359375000001,0.0013772863972234704,0.008998325892857142,0.012259347098214286,0.003261021205357144,False
mistral7b,model.layers.30.mlp.gate_proj,57344,5,False,49322fc37a509fcc19c4c2dcba27f571d7e08725b0f688e5e6e2da549664253f,Across-draw descriptive variation; count and density share fixed U; not identity stability or independent evidence,184.0,10.124228365658293,172.0,196.0,24.0,0.0032087053571428575,0.00017655253148818168,0.0029994419642857145,0.00341796875,0.00041852678571428553,False
mistral7b,model.layers.30.mlp.up_proj,57344,5,False,49322fc37a509fcc19c4c2dcba27f571d7e08725b0f688e5e6e2da549664253f,Across-draw descriptive variation; count and density share fixed U; not identity stability or independent evidence,212.4,10.784247771634329,201.0,228.0,27.0,0.003703962053571429,0.00018806235650869007,0.003505161830357143,0.003976004464285714,0.00047084263392857106,False
mistral7b,model.layers.30.self_attn.k_proj,4096,5,False,49322fc37a509fcc19c4c2dcba27f571d7e08725b0f688e5e6e2da549664253f,Across-draw descriptive variation; count and density share fixed U; not identity stability or independent evidence,1.0,1.4142135623730951,0.0,3.0,3.0,0.000244140625,0.00034526698300124393,0.0,0.000732421875,0.000732421875,True
mistral7b,model.layers.30.self_attn.o_proj,16384,5,False,49322fc37a509fcc19c4c2dcba27f571d7e08725b0f688e5e6e2da549664253f,Across-draw descriptive variation; count and density share fixed U; not identity stability or independent evidence,14.6,3.2093613071762426,11.0,19.0,8.0,0.00089111328125,0.0001958838688462062,0.00067138671875,0.00115966796875,0.00048828125,False
mistral7b,model.layers.30.self_attn.q_proj,16384,5,False,49322fc37a509fcc19c4c2dcba27f571d7e08725b0f688e5e6e2da549664253f,Across-draw descriptive variation; count and density share fixed U; not identity stability or independent evidence,2.8,0.8366600265340756,2.0,4.0,2.0,0.0001708984375,5.106567544763645e-05,0.0001220703125,0.000244140625,0.0001220703125,False
mistral7b,model.layers.30.self_attn.v_proj,4096,5,False,49322fc37a509fcc19c4c2dcba27f571d7e08725b0f688e5e6e2da549664253f,Across-draw descriptive variation; count and density share fixed U; not identity stability or independent evidence,15.8,4.494441010848846,10.0,22.0,12.0,0.003857421875,0.0010972756374142691,0.00244140625,0.00537109375,0.0029296875,False
mistral7b,model.layers.31.mlp.down_proj,57344,5,False,49322fc37a509fcc19c4c2dcba27f571d7e08725b0f688e5e6e2da549664253f,Across-draw descriptive variation; count and density share fixed U; not identity stability or independent evidence,33.0,9.591663046625438,23.0,48.0,25.0,0.0005754743303571428,0.0001672653293566099,0.00040108816964285713,0.0008370535714285714,0.00043596540178571425,False
mistral7b,model.layers.31.mlp.gate_proj,57344,5,False,49322fc37a509fcc19c4c2dcba27f571d7e08725b0f688e5e6e2da549664253f,Across-draw descriptive variation; count and density share fixed U; not identity stability or independent evidence,39.6,7.162401831787993,33.0,51.0,18.0,0.0006905691964285714,0.0001249023756938475,0.0005754743303571429,0.0008893694196428571,0.00031389508928571425,False
mistral7b,model.layers.31.mlp.up_proj,57344,5,False,49322fc37a509fcc19c4c2dcba27f571d7e08725b0f688e5e6e2da549664253f,Across-draw descriptive variation; count and density share fixed U; not identity stability or independent evidence,31.8,5.630275304103699,25.0,39.0,14.0,0.0005545479910714286,9.818420940471015e-05,0.0004359654017857143,0.0006801060267857143,0.00024414062499999995,False
mistral7b,model.layers.31.self_attn.k_proj,4096,5,False,49322fc37a509fcc19c4c2dcba27f571d7e08725b0f688e5e6e2da549664253f,Across-draw descriptive variation; count and density share fixed U; not identity stability or independent evidence,16.4,10.406728592598157,8.0,34.0,26.0,0.00400390625,0.0025407052228022843,0.001953125,0.00830078125,0.00634765625,False
mistral7b,model.layers.31.self_attn.o_proj,16384,5,False,49322fc37a509fcc19c4c2dcba27f571d7e08725b0f688e5e6e2da549664253f,Across-draw descriptive variation; count and density share fixed U; not identity stability or independent evidence,383.4,43.310506808394656,336.0,448.0,112.0,0.02340087890625,0.0026434635503170567,0.0205078125,0.02734375,0.0068359375,False
mistral7b,model.layers.31.self_attn.q_proj,16384,5,False,49322fc37a509fcc19c4c2dcba27f571d7e08725b0f688e5e6e2da549664253f,Across-draw descriptive variation; count and density share fixed U; not identity stability or independent evidence,69.4,18.0914344373242,45.0,91.0,46.0,0.00423583984375,0.0011042135276687134,0.00274658203125,0.00555419921875,0.0028076171875,False
mistral7b,model.layers.31.self_attn.v_proj,4096,5,False,49322fc37a509fcc19c4c2dcba27f571d7e08725b0f688e5e6e2da549664253f,Across-draw descriptive variation; count and density share fixed U; not identity stability or independent evidence,33.8,9.257429448826494,25.0,48.0,23.0,0.008251953125,0.002260114611529906,0.006103515625,0.01171875,0.005615234375,False
mistral7b,model.layers.4.mlp.down_proj,57344,5,False,49322fc37a509fcc19c4c2dcba27f571d7e08725b0f688e5e6e2da549664253f,Across-draw descriptive variation; count and density share fixed U; not identity stability or independent evidence,1.0,0.7071067811865476,0.0,2.0,2.0,1.743861607142857e-05,1.2330963678615853e-05,0.0,3.487723214285714e-05,3.487723214285714e-05,True
mistral7b,model.layers.4.mlp.gate_proj,57344,5,False,49322fc37a509fcc19c4c2dcba27f571d7e08725b0f688e5e6e2da549664253f,Across-draw descriptive variation; count and density share fixed U; not identity stability or independent evidence,0.6,0.5477225575051662,0.0,1.0,1.0,1.0463169642857143e-05,9.551523393993548e-06,0.0,1.743861607142857e-05,1.743861607142857e-05,True
mistral7b,model.layers.4.mlp.up_proj,57344,5,False,49322fc37a509fcc19c4c2dcba27f571d7e08725b0f688e5e6e2da549664253f,Across-draw descriptive variation; count and density share fixed U; not identity stability or independent evidence,3.0,2.1213203435596424,0.0,5.0,5.0,5.231584821428571e-05,3.6992891035847564e-05,0.0,8.719308035714286e-05,8.719308035714286e-05,False
mistral7b,model.layers.4.self_attn.k_proj,4096,5,False,49322fc37a509fcc19c4c2dcba27f571d7e08725b0f688e5e6e2da549664253f,Across-draw descriptive variation; count and density share fixed U; not identity stability or independent evidence,0.6,0.5477225575051662,0.0,1.0,1.0,0.000146484375,0.0001337213275159097,0.0,0.000244140625,0.000244140625,True
mistral7b,model.layers.4.self_attn.o_proj,16384,5,False,49322fc37a509fcc19c4c2dcba27f571d7e08725b0f688e5e6e2da549664253f,Across-draw descriptive variation; count and density share fixed U; not identity stability or independent evidence,1.6,0.8944271909999159,1.0,3.0,2.0,9.765625e-05,5.459150335692846e-05,6.103515625e-05,0.00018310546875,0.0001220703125,False
mistral7b,model.layers.4.self_attn.q_proj,16384,5,False,49322fc37a509fcc19c4c2dcba27f571d7e08725b0f688e5e6e2da549664253f,Across-draw descriptive variation; count and density share fixed U; not identity stability or independent evidence,1.2,1.6431676725154982,0.0,3.0,3.0,7.32421875e-05,0.00010029099563693226,0.0,0.00018310546875,0.00018310546875,True
mistral7b,model.layers.4.self_attn.v_proj,4096,5,False,49322fc37a509fcc19c4c2dcba27f571d7e08725b0f688e5e6e2da549664253f,Across-draw descriptive variation; count and density share fixed U; not identity stability or independent evidence,0.6,0.5477225575051662,0.0,1.0,1.0,0.000146484375,0.0001337213275159097,0.0,0.000244140625,0.000244140625,False
mistral7b,model.layers.5.mlp.down_proj,57344,5,False,49322fc37a509fcc19c4c2dcba27f571d7e08725b0f688e5e6e2da549664253f,Across-draw descriptive variation; count and density share fixed U; not identity stability or independent evidence,1.2,1.3038404810405297,0.0,3.0,3.0,2.0926339285714286e-05,2.2737173567252543e-05,0.0,5.231584821428571e-05,5.231584821428571e-05,False
mistral7b,model.layers.5.mlp.gate_proj,57344,5,False,49322fc37a509fcc19c4c2dcba27f571d7e08725b0f688e5e6e2da549664253f,Across-draw descriptive variation; count and density share fixed U; not identity stability or independent evidence,0.6,0.5477225575051662,0.0,1.0,1.0,1.0463169642857143e-05,9.551523393993548e-06,0.0,1.743861607142857e-05,1.743861607142857e-05,True
mistral7b,model.layers.5.mlp.up_proj,57344,5,False,49322fc37a509fcc19c4c2dcba27f571d7e08725b0f688e5e6e2da549664253f,Across-draw descriptive variation; count and density share fixed U; not identity stability or independent evidence,2.4,1.140175425099138,1.0,4.0,3.0,4.185267857142857e-05,1.988308149238173e-05,1.743861607142857e-05,6.975446428571428e-05,5.231584821428571e-05,False
mistral7b,model.layers.5.self_attn.k_proj,4096,5,False,49322fc37a509fcc19c4c2dcba27f571d7e08725b0f688e5e6e2da549664253f,Across-draw descriptive variation; count and density share fixed U; not identity stability or independent evidence,1.0,0.7071067811865476,0.0,2.0,2.0,0.000244140625,0.00017263349150062197,0.0,0.00048828125,0.00048828125,False
mistral7b,model.layers.5.self_attn.o_proj,16384,5,False,49322fc37a509fcc19c4c2dcba27f571d7e08725b0f688e5e6e2da549664253f,Across-draw descriptive variation; count and density share fixed U; not identity stability or independent evidence,0.6,1.3416407864998738,0.0,3.0,3.0,3.662109375e-05,8.188725503539269e-05,0.0,0.00018310546875,0.00018310546875,True
mistral7b,model.layers.5.self_attn.q_proj,16384,5,False,49322fc37a509fcc19c4c2dcba27f571d7e08725b0f688e5e6e2da549664253f,Across-draw descriptive variation; count and density share fixed U; not identity stability or independent evidence,1.4,1.140175425099138,0.0,3.0,3.0,8.544921875e-05,6.959078522333606e-05,0.0,0.00018310546875,0.00018310546875,True
mistral7b,model.layers.5.self_attn.v_proj,4096,5,False,49322fc37a509fcc19c4c2dcba27f571d7e08725b0f688e5e6e2da549664253f,Across-draw descriptive variation; count and density share fixed U; not identity stability or independent evidence,1.2,0.8366600265340756,0.0,2.0,2.0,0.00029296875,0.0002042627017905458,0.0,0.00048828125,0.00048828125,False
mistral7b,model.layers.6.mlp.down_proj,57344,5,False,49322fc37a509fcc19c4c2dcba27f571d7e08725b0f688e5e6e2da549664253f,Across-draw descriptive variation; count and density share fixed U; not identity stability or independent evidence,1.6,1.51657508881031,0.0,4.0,4.0,2.7901785714285713e-05,2.6446970717255686e-05,0.0,6.975446428571428e-05,6.975446428571428e-05,False
mistral7b,model.layers.6.mlp.gate_proj,57344,5,False,49322fc37a509fcc19c4c2dcba27f571d7e08725b0f688e5e6e2da549664253f,Across-draw descriptive variation; count and density share fixed U; not identity stability or independent evidence,0.4,0.5477225575051662,0.0,1.0,1.0,6.975446428571428e-06,9.55152339399355e-06,0.0,1.743861607142857e-05,1.743861607142857e-05,True
mistral7b,model.layers.6.mlp.up_proj,57344,5,False,49322fc37a509fcc19c4c2dcba27f571d7e08725b0f688e5e6e2da549664253f,Across-draw descriptive variation; count and density share fixed U; not identity stability or independent evidence,2.6,2.4083189157584592,0.0,5.0,5.0,4.534040178571428e-05,4.19977489494709e-05,0.0,8.719308035714286e-05,8.719308035714286e-05,False
mistral7b,model.layers.6.self_attn.k_proj,4096,5,False,49322fc37a509fcc19c4c2dcba27f571d7e08725b0f688e5e6e2da549664253f,Across-draw descriptive variation; count and density share fixed U; not identity stability or independent evidence,0.8,0.44721359549995804,0.0,1.0,1.0,0.0001953125,0.00010918300671385694,0.0,0.000244140625,0.000244140625,True
mistral7b,model.layers.6.self_attn.o_proj,16384,5,False,49322fc37a509fcc19c4c2dcba27f571d7e08725b0f688e5e6e2da549664253f,Across-draw descriptive variation; count and density share fixed U; not identity stability or independent evidence,1.4,1.51657508881031,0.0,4.0,4.0,8.544921875e-05,9.25643975103949e-05,0.0,0.000244140625,0.000244140625,False
mistral7b,model.layers.6.self_attn.q_proj,16384,5,False,49322fc37a509fcc19c4c2dcba27f571d7e08725b0f688e5e6e2da549664253f,Across-draw descriptive variation; count and density share fixed U; not identity stability or independent evidence,2.4,2.5099800796022267,0.0,6.0,6.0,0.000146484375,0.00015319702634290934,0.0,0.0003662109375,0.0003662109375,False
mistral7b,model.layers.6.self_attn.v_proj,4096,5,False,49322fc37a509fcc19c4c2dcba27f571d7e08725b0f688e5e6e2da549664253f,Across-draw descriptive variation; count and density share fixed U; not identity stability or independent evidence,1.6,0.8944271909999159,1.0,3.0,2.0,0.000390625,0.00021836601342771383,0.000244140625,0.000732421875,0.00048828125,False
mistral7b,model.layers.7.mlp.down_proj,57344,5,False,49322fc37a509fcc19c4c2dcba27f571d7e08725b0f688e5e6e2da549664253f,Across-draw descriptive variation; count and density share fixed U; not identity stability or independent evidence,3.4,1.3416407864998738,2.0,5.0,3.0,5.929129464285715e-05,2.339635858154077e-05,3.487723214285714e-05,8.719308035714286e-05,5.231584821428572e-05,False
mistral7b,model.layers.7.mlp.gate_proj,57344,5,False,49322fc37a509fcc19c4c2dcba27f571d7e08725b0f688e5e6e2da549664253f,Across-draw descriptive variation; count and density share fixed U; not identity stability or independent evidence,1.6,1.140175425099138,0.0,3.0,3.0,2.7901785714285713e-05,1.988308149238173e-05,0.0,5.231584821428571e-05,5.231584821428571e-05,False
mistral7b,model.layers.7.mlp.up_proj,57344,5,False,49322fc37a509fcc19c4c2dcba27f571d7e08725b0f688e5e6e2da549664253f,Across-draw descriptive variation; count and density share fixed U; not identity stability or independent evidence,1.6,1.140175425099138,0.0,3.0,3.0,2.7901785714285713e-05,1.988308149238173e-05,0.0,5.231584821428571e-05,5.231584821428571e-05,False
mistral7b,model.layers.7.self_attn.k_proj,4096,5,False,49322fc37a509fcc19c4c2dcba27f571d7e08725b0f688e5e6e2da549664253f,Across-draw descriptive variation; count and density share fixed U; not identity stability or independent evidence,0.8,1.3038404810405297,0.0,3.0,3.0,0.0001953125,0.0003183204299415356,0.0,0.000732421875,0.000732421875,False
mistral7b,model.layers.7.self_attn.o_proj,16384,5,False,49322fc37a509fcc19c4c2dcba27f571d7e08725b0f688e5e6e2da549664253f,Across-draw descriptive variation; count and density share fixed U; not identity stability or independent evidence,2.8,1.9235384061671346,0.0,5.0,5.0,0.0001708984375,0.00011740346717328702,0.0,0.00030517578125,0.00030517578125,False
mistral7b,model.layers.7.self_attn.q_proj,16384,5,False,49322fc37a509fcc19c4c2dcba27f571d7e08725b0f688e5e6e2da549664253f,Across-draw descriptive variation; count and density share fixed U; not identity stability or independent evidence,1.0,0.7071067811865476,0.0,2.0,2.0,6.103515625e-05,4.315837287515549e-05,0.0,0.0001220703125,0.0001220703125,False
mistral7b,model.layers.7.self_attn.v_proj,4096,5,False,49322fc37a509fcc19c4c2dcba27f571d7e08725b0f688e5e6e2da549664253f,Across-draw descriptive variation; count and density share fixed U; not identity stability or independent evidence,0.2,0.447213595499958,0.0,1.0,1.0,4.8828125e-05,0.00010918300671385693,0.0,0.000244140625,0.000244140625,True
mistral7b,model.layers.8.mlp.down_proj,57344,5,False,49322fc37a509fcc19c4c2dcba27f571d7e08725b0f688e5e6e2da549664253f,Across-draw descriptive variation; count and density share fixed U; not identity stability or independent evidence,3.2,2.1679483388678804,0.0,6.0,6.0,5.580357142857143e-05,3.780601874420828e-05,0.0,0.00010463169642857142,0.00010463169642857142,False
mistral7b,model.layers.8.mlp.gate_proj,57344,5,False,49322fc37a509fcc19c4c2dcba27f571d7e08725b0f688e5e6e2da549664253f,Across-draw descriptive variation; count and density share fixed U; not identity stability or independent evidence,2.8,0.8366600265340756,2.0,4.0,2.0,4.8828124999999996e-05,1.4590192985038985e-05,3.487723214285714e-05,6.975446428571428e-05,3.487723214285714e-05,False
mistral7b,model.layers.8.mlp.up_proj,57344,5,False,49322fc37a509fcc19c4c2dcba27f571d7e08725b0f688e5e6e2da549664253f,Across-draw descriptive variation; count and density share fixed U; not identity stability or independent evidence,3.2,3.03315017762062,0.0,8.0,8.0,5.580357142857143e-05,5.289394143451137e-05,0.0,0.00013950892857142856,0.00013950892857142856,False
mistral7b,model.layers.8.self_attn.k_proj,4096,5,False,49322fc37a509fcc19c4c2dcba27f571d7e08725b0f688e5e6e2da549664253f,Across-draw descriptive variation; count and density share fixed U; not identity stability or independent evidence,1.8,2.1679483388678804,0.0,5.0,5.0,0.000439453125,0.0005292842624189161,0.0,0.001220703125,0.001220703125,False
mistral7b,model.layers.8.self_attn.o_proj,16384,5,False,49322fc37a509fcc19c4c2dcba27f571d7e08725b0f688e5e6e2da549664253f,Across-draw descriptive variation; count and density share fixed U; not identity stability or independent evidence,1.0,1.0,0.0,2.0,2.0,6.103515625e-05,6.103515625e-05,0.0,0.0001220703125,0.0001220703125,False
mistral7b,model.layers.8.self_attn.q_proj,16384,5,False,49322fc37a509fcc19c4c2dcba27f571d7e08725b0f688e5e6e2da549664253f,Across-draw descriptive variation; count and density share fixed U; not identity stability or independent evidence,3.4,3.911521443121589,1.0,10.0,9.0,0.00020751953125,0.00023874032245615166,6.103515625e-05,0.0006103515625,0.00054931640625,False
mistral7b,model.layers.8.self_attn.v_proj,4096,5,False,49322fc37a509fcc19c4c2dcba27f571d7e08725b0f688e5e6e2da549664253f,Across-draw descriptive variation; count and density share fixed U; not identity stability or independent evidence,0.8,0.8366600265340756,0.0,2.0,2.0,0.0001953125,0.0002042627017905458,0.0,0.00048828125,0.00048828125,True
mistral7b,model.layers.9.mlp.down_proj,57344,5,False,49322fc37a509fcc19c4c2dcba27f571d7e08725b0f688e5e6e2da549664253f,Across-draw descriptive variation; count and density share fixed U; not identity stability or independent evidence,12.8,5.118593556827891,7.0,21.0,14.0,0.0002232142857142857,8.926118786320959e-05,0.0001220703125,0.0003662109375,0.000244140625,False
mistral7b,model.layers.9.mlp.gate_proj,57344,5,False,49322fc37a509fcc19c4c2dcba27f571d7e08725b0f688e5e6e2da549664253f,Across-draw descriptive variation; count and density share fixed U; not identity stability or independent evidence,3.4,1.816590212458495,1.0,6.0,5.0,5.9291294642857136e-05,3.167881927417855e-05,1.743861607142857e-05,0.00010463169642857142,8.719308035714285e-05,False
mistral7b,model.layers.9.mlp.up_proj,57344,5,False,49322fc37a509fcc19c4c2dcba27f571d7e08725b0f688e5e6e2da549664253f,Across-draw descriptive variation; count and density share fixed U; not identity stability or independent evidence,3.6,3.0495901363953815,0.0,8.0,8.0,6.277901785714285e-05,5.318063156381454e-05,0.0,0.00013950892857142856,0.00013950892857142856,True
mistral7b,model.layers.9.self_attn.k_proj,4096,5,True,49322fc37a509fcc19c4c2dcba27f571d7e08725b0f688e5e6e2da549664253f,Across-draw descriptive variation; count and density share fixed U; not identity stability or independent evidence,0.0,0.0,0.0,0.0,0.0,0.0,0.0,0.0,0.0,0.0,True
mistral7b,model.layers.9.self_attn.o_proj,16384,5,False,49322fc37a509fcc19c4c2dcba27f571d7e08725b0f688e5e6e2da549664253f,Across-draw descriptive variation; count and density share fixed U; not identity stability or independent evidence,1.4,1.6733200530681511,0.0,4.0,4.0,8.544921875e-05,0.0001021313508952729,0.0,0.000244140625,0.000244140625,False
mistral7b,model.layers.9.self_attn.q_proj,16384,5,False,49322fc37a509fcc19c4c2dcba27f571d7e08725b0f688e5e6e2da549664253f,Across-draw descriptive variation; count and density share fixed U; not identity stability or independent evidence,2.8,2.16794833886788,1.0,6.0,5.0,0.0001708984375,0.000132321065604729,6.103515625e-05,0.0003662109375,0.00030517578125,False
mistral7b,model.layers.9.self_attn.v_proj,4096,5,False,49322fc37a509fcc19c4c2dcba27f571d7e08725b0f688e5e6e2da549664253f,Across-draw descriptive variation; count and density share fixed U; not identity stability or independent evidence,0.8,0.8366600265340756,0.0,2.0,2.0,0.0001953125,0.0002042627017905458,0.0,0.00048828125,0.00048828125,False
qwen4b,ALL,3548160,5,False,49322fc37a509fcc19c4c2dcba27f571d7e08725b0f688e5e6e2da549664253f,Across-draw descriptive variation; count and density share fixed U; not identity stability or independent evidence,3645.0,706.1065783576868,2512.0,4278.0,1766.0,0.0010272930194805195,0.00019900640849276435,0.0007079725829725829,0.0012056953463203462,0.0004977227633477633,False
qwen4b,model.layers.0.mlp.down_proj,24320,5,False,49322fc37a509fcc19c4c2dcba27f571d7e08725b0f688e5e6e2da549664253f,Across-draw descriptive variation; count and density share fixed U; not identity stability or independent evidence,9.4,4.8270073544588685,3.0,15.0,12.0,0.00038651315789473684,0.00019847892082478896,0.00012335526315789474,0.0006167763157894736,0.000493421052631579,False
qwen4b,model.layers.0.mlp.gate_proj,24320,5,False,49322fc37a509fcc19c4c2dcba27f571d7e08725b0f688e5e6e2da549664253f,Across-draw descriptive variation; count and density share fixed U; not identity stability or independent evidence,1.6,1.51657508881031,0.0,4.0,4.0,6.578947368421054e-05,6.235917305963446e-05,0.0,0.0001644736842105263,0.0001644736842105263,False
qwen4b,model.layers.0.mlp.up_proj,24320,5,False,49322fc37a509fcc19c4c2dcba27f571d7e08725b0f688e5e6e2da549664253f,Across-draw descriptive variation; count and density share fixed U; not identity stability or independent evidence,2.2,1.9235384061671346,0.0,5.0,5.0,9.046052631578948e-05,7.909286209568808e-05,0.0,0.00020559210526315788,0.00020559210526315788,False
qwen4b,model.layers.0.self_attn.k_proj,2560,5,False,49322fc37a509fcc19c4c2dcba27f571d7e08725b0f688e5e6e2da549664253f,Across-draw descriptive variation; count and density share fixed U; not identity stability or independent evidence,0.2,0.44721359549995804,0.0,1.0,1.0,7.8125e-05,0.00017469281074217107,0.0,0.000390625,0.000390625,False
qwen4b,model.layers.0.self_attn.o_proj,10240,5,False,49322fc37a509fcc19c4c2dcba27f571d7e08725b0f688e5e6e2da549664253f,Across-draw descriptive variation; count and density share fixed U; not identity stability or independent evidence,15.0,8.276472678623424,3.0,25.0,22.0,0.00146484375,0.0008082492850218188,0.00029296875,0.00244140625,0.0021484375,False
qwen4b,model.layers.0.self_attn.q_proj,10240,5,False,49322fc37a509fcc19c4c2dcba27f571d7e08725b0f688e5e6e2da549664253f,Across-draw descriptive variation; count and density share fixed U; not identity stability or independent evidence,0.6,0.8944271909999157,0.0,2.0,2.0,5.859375000000001e-05,8.734640537108555e-05,0.0,0.0001953125,0.0001953125,False
qwen4b,model.layers.0.self_attn.v_proj,2560,5,False,49322fc37a509fcc19c4c2dcba27f571d7e08725b0f688e5e6e2da549664253f,Across-draw descriptive variation; count and density share fixed U; not identity stability or independent evidence,1.0,0.7071067811865476,0.0,2.0,2.0,0.000390625,0.0002762135864009952,0.0,0.00078125,0.00078125,False
qwen4b,model.layers.1.mlp.down_proj,24320,5,False,49322fc37a509fcc19c4c2dcba27f571d7e08725b0f688e5e6e2da549664253f,Across-draw descriptive variation; count and density share fixed U; not identity stability or independent evidence,305.6,183.82954060759658,58.0,574.0,516.0,0.01256578947368421,0.007558780452614991,0.0023848684210526316,0.023601973684210527,0.021217105263157895,False
qwen4b,model.layers.1.mlp.gate_proj,24320,5,False,49322fc37a509fcc19c4c2dcba27f571d7e08725b0f688e5e6e2da549664253f,Across-draw descriptive variation; count and density share fixed U; not identity stability or independent evidence,17.8,11.211601134539169,6.0,36.0,30.0,0.0007319078947368421,0.0004610033361241435,0.0002467105263157895,0.0014802631578947369,0.0012335526315789473,False
qwen4b,model.layers.1.mlp.up_proj,24320,5,False,49322fc37a509fcc19c4c2dcba27f571d7e08725b0f688e5e6e2da549664253f,Across-draw descriptive variation; count and density share fixed U; not identity stability or independent evidence,22.4,15.339491516996253,1.0,44.0,43.0,0.0009210526315789475,0.0006307356709291223,4.111842105263158e-05,0.0018092105263157895,0.001768092105263158,False
qwen4b,model.layers.1.self_attn.k_proj,2560,5,False,49322fc37a509fcc19c4c2dcba27f571d7e08725b0f688e5e6e2da549664253f,Across-draw descriptive variation; count and density share fixed U; not identity stability or independent evidence,2.4,2.0736441353327724,0.0,5.0,5.0,0.0009375,0.0008100172403643642,0.0,0.001953125,0.001953125,False
qwen4b,model.layers.1.self_attn.o_proj,10240,5,False,49322fc37a509fcc19c4c2dcba27f571d7e08725b0f688e5e6e2da549664253f,Across-draw descriptive variation; count and density share fixed U; not identity stability or independent evidence,29.4,19.71801207018598,5.0,59.0,54.0,0.00287109375,0.0019255871162290998,0.00048828125,0.00576171875,0.0052734375,False
qwen4b,model.layers.1.self_attn.q_proj,10240,5,False,49322fc37a509fcc19c4c2dcba27f571d7e08725b0f688e5e6e2da549664253f,Across-draw descriptive variation; count and density share fixed U; not identity stability or independent evidence,16.0,9.486832980505138,0.0,24.0,24.0,0.0015625,0.000926448533252455,0.0,0.00234375,0.00234375,False
qwen4b,model.layers.1.self_attn.v_proj,2560,5,False,49322fc37a509fcc19c4c2dcba27f571d7e08725b0f688e5e6e2da549664253f,Across-draw descriptive variation; count and density share fixed U; not identity stability or independent evidence,14.4,9.6591925128346,0.0,25.0,25.0,0.005625,0.0037731220753260157,0.0,0.009765625,0.009765625,False
qwen4b,model.layers.10.mlp.down_proj,24320,5,False,49322fc37a509fcc19c4c2dcba27f571d7e08725b0f688e5e6e2da549664253f,Across-draw descriptive variation; count and density share fixed U; not identity stability or independent evidence,5.6,2.1908902300206643,3.0,9.0,6.0,0.00023026315789473686,9.008594695808653e-05,0.00012335526315789474,0.0003700657894736842,0.0002467105263157895,False
qwen4b,model.layers.10.mlp.gate_proj,24320,5,False,49322fc37a509fcc19c4c2dcba27f571d7e08725b0f688e5e6e2da549664253f,Across-draw descriptive variation; count and density share fixed U; not identity stability or independent evidence,9.4,3.361547262794322,4.0,13.0,9.0,0.0003865131578947369,0.0001382215157398981,0.0001644736842105263,0.0005345394736842106,0.0003700657894736843,False
qwen4b,model.layers.10.mlp.up_proj,24320,5,False,49322fc37a509fcc19c4c2dcba27f571d7e08725b0f688e5e6e2da549664253f,Across-draw descriptive variation; count and density share fixed U; not identity stability or independent evidence,12.8,4.324349662087931,8.0,19.0,11.0,0.0005263157894736843,0.00017781043018453665,0.0003289473684210526,0.00078125,0.0004523026315789474,False
qwen4b,model.layers.10.self_attn.k_proj,2560,5,False,49322fc37a509fcc19c4c2dcba27f571d7e08725b0f688e5e6e2da549664253f,Across-draw descriptive variation; count and density share fixed U; not identity stability or independent evidence,1.4,1.51657508881031,0.0,3.0,3.0,0.0005468749999999999,0.0005924121440665273,0.0,0.001171875,0.001171875,False
qwen4b,model.layers.10.self_attn.o_proj,10240,5,False,49322fc37a509fcc19c4c2dcba27f571d7e08725b0f688e5e6e2da549664253f,Across-draw descriptive variation; count and density share fixed U; not identity stability or independent evidence,14.0,10.41633332799983,0.0,29.0,29.0,0.0013671875,0.0010172200515624833,0.0,0.00283203125,0.00283203125,False
qwen4b,model.layers.10.self_attn.q_proj,10240,5,False,49322fc37a509fcc19c4c2dcba27f571d7e08725b0f688e5e6e2da549664253f,Across-draw descriptive variation; count and density share fixed U; not identity stability or independent evidence,5.0,5.1478150704935,0.0,13.0,13.0,0.00048828125,0.0005027163154778809,0.0,0.00126953125,0.00126953125,False
qwen4b,model.layers.10.self_attn.v_proj,2560,5,False,49322fc37a509fcc19c4c2dcba27f571d7e08725b0f688e5e6e2da549664253f,Across-draw descriptive variation; count and density share fixed U; not identity stability or independent evidence,3.2,1.7888543819998317,1.0,6.0,5.0,0.00125,0.0006987712429686842,0.000390625,0.00234375,0.001953125,False
qwen4b,model.layers.11.mlp.down_proj,24320,5,False,49322fc37a509fcc19c4c2dcba27f571d7e08725b0f688e5e6e2da549664253f,Across-draw descriptive variation; count and density share fixed U; not identity stability or independent evidence,5.0,2.8284271247461903,0.0,7.0,7.0,0.00020559210526315788,0.00011630045743199794,0.0,0.000287828947368421,0.000287828947368421,False
qwen4b,model.layers.11.mlp.gate_proj,24320,5,False,49322fc37a509fcc19c4c2dcba27f571d7e08725b0f688e5e6e2da549664253f,Across-draw descriptive variation; count and density share fixed U; not identity stability or independent evidence,3.8,2.16794833886788,2.0,7.0,5.0,0.00015625,8.914261261792268e-05,8.223684210526316e-05,0.000287828947368421,0.00020559210526315788,False
qwen4b,model.layers.11.mlp.up_proj,24320,5,False,49322fc37a509fcc19c4c2dcba27f571d7e08725b0f688e5e6e2da549664253f,Across-draw descriptive variation; count and density share fixed U; not identity stability or independent evidence,10.2,5.310367218940701,2.0,15.0,13.0,0.00041940789473684213,0.00021835391525249593,8.223684210526316e-05,0.0006167763157894736,0.0005345394736842105,False
qwen4b,model.layers.11.self_attn.k_proj,2560,5,False,49322fc37a509fcc19c4c2dcba27f571d7e08725b0f688e5e6e2da549664253f,Across-draw descriptive variation; count and density share fixed U; not identity stability or independent evidence,0.4,0.894427190999916,0.0,2.0,2.0,0.00015625,0.00034938562148434214,0.0,0.00078125,0.00078125,True
qwen4b,model.layers.11.self_attn.o_proj,10240,5,False,49322fc37a509fcc19c4c2dcba27f571d7e08725b0f688e5e6e2da549664253f,Across-draw descriptive variation; count and density share fixed U; not identity stability or independent evidence,15.2,7.981227975693966,2.0,22.0,20.0,0.001484375,0.0007794167945013639,0.0001953125,0.0021484375,0.001953125,False
qwen4b,model.layers.11.self_attn.q_proj,10240,5,False,49322fc37a509fcc19c4c2dcba27f571d7e08725b0f688e5e6e2da549664253f,Across-draw descriptive variation; count and density share fixed U; not identity stability or independent evidence,2.0,0.7071067811865476,1.0,3.0,2.0,0.0001953125,6.905339660024878e-05,9.765625e-05,0.00029296875,0.00019531249999999998,False
qwen4b,model.layers.11.self_attn.v_proj,2560,5,False,49322fc37a509fcc19c4c2dcba27f571d7e08725b0f688e5e6e2da549664253f,Across-draw descriptive variation; count and density share fixed U; not identity stability or independent evidence,4.2,2.280350850198276,2.0,8.0,6.0,0.0016406250000000002,0.0008907620508587016,0.00078125,0.003125,0.0023437500000000003,False
qwen4b,model.layers.12.mlp.down_proj,24320,5,False,49322fc37a509fcc19c4c2dcba27f571d7e08725b0f688e5e6e2da549664253f,Across-draw descriptive variation; count and density share fixed U; not identity stability or independent evidence,6.0,0.7071067811865476,5.0,7.0,2.0,0.0002467105263157895,2.9075114357999482e-05,0.00020559210526315788,0.000287828947368421,8.223684210526314e-05,False
qwen4b,model.layers.12.mlp.gate_proj,24320,5,False,49322fc37a509fcc19c4c2dcba27f571d7e08725b0f688e5e6e2da549664253f,Across-draw descriptive variation; count and density share fixed U; not identity stability or independent evidence,7.4,3.286335345030997,3.0,12.0,9.0,0.0003042763157894737,0.00013512892043712982,0.00012335526315789474,0.000493421052631579,0.0003700657894736842,False
qwen4b,model.layers.12.mlp.up_proj,24320,5,False,49322fc37a509fcc19c4c2dcba27f571d7e08725b0f688e5e6e2da549664253f,Across-draw descriptive variation; count and density share fixed U; not identity stability or independent evidence,7.0,2.9154759474226504,4.0,11.0,7.0,0.00028782894736842097,0.0001198797675749445,0.0001644736842105263,0.00045230263157894736,0.0002878289473684211,False
qwen4b,model.layers.12.self_attn.k_proj,2560,5,False,49322fc37a509fcc19c4c2dcba27f571d7e08725b0f688e5e6e2da549664253f,Across-draw descriptive variation; count and density share fixed U; not identity stability or independent evidence,6.4,4.61519230368573,2.0,13.0,11.0,0.0025,0.0018028094936272385,0.00078125,0.005078125,0.004296875,False
qwen4b,model.layers.12.self_attn.o_proj,10240,5,False,49322fc37a509fcc19c4c2dcba27f571d7e08725b0f688e5e6e2da549664253f,Across-draw descriptive variation; count and density share fixed U; not identity stability or independent evidence,15.2,6.534523701081817,6.0,24.0,18.0,0.001484375,0.0006381370801837711,0.0005859375,0.00234375,0.0017578124999999998,False
qwen4b,model.layers.12.self_attn.q_proj,10240,5,False,49322fc37a509fcc19c4c2dcba27f571d7e08725b0f688e5e6e2da549664253f,Across-draw descriptive variation; count and density share fixed U; not identity stability or independent evidence,5.8,6.058052492344384,0.0,16.0,16.0,0.0005664062500000001,0.0005916066887055062,0.0,0.0015625,0.0015625,False
qwen4b,model.layers.12.self_attn.v_proj,2560,5,False,49322fc37a509fcc19c4c2dcba27f571d7e08725b0f688e5e6e2da549664253f,Across-draw descriptive variation; count and density share fixed U; not identity stability or independent evidence,9.2,5.805170109479997,0.0,16.0,16.0,0.0035937499999999997,0.0022676445740156237,0.0,0.00625,0.00625,False
qwen4b,model.layers.13.mlp.down_proj,24320,5,False,49322fc37a509fcc19c4c2dcba27f571d7e08725b0f688e5e6e2da549664253f,Across-draw descriptive variation; count and density share fixed U; not identity stability or independent evidence,5.4,3.2093613071762426,2.0,10.0,8.0,0.00022203947368421053,0.00013196386953849679,8.223684210526316e-05,0.00041118421052631577,0.0003289473684210526,False
qwen4b,model.layers.13.mlp.gate_proj,24320,5,False,49322fc37a509fcc19c4c2dcba27f571d7e08725b0f688e5e6e2da549664253f,Across-draw descriptive variation; count and density share fixed U; not identity stability or independent evidence,4.4,1.51657508881031,3.0,7.0,4.0,0.00018092105263157896,6.235917305963444e-05,0.00012335526315789474,0.000287828947368421,0.00016447368421052628,False
qwen4b,model.layers.13.mlp.up_proj,24320,5,False,49322fc37a509fcc19c4c2dcba27f571d7e08725b0f688e5e6e2da549664253f,Across-draw descriptive variation; count and density share fixed U; not identity stability or independent evidence,10.0,2.9154759474226504,6.0,13.0,7.0,0.00041118421052631577,0.00011987976757494452,0.0002467105263157895,0.0005345394736842106,0.0002878289473684211,False
qwen4b,model.layers.13.self_attn.k_proj,2560,5,False,49322fc37a509fcc19c4c2dcba27f571d7e08725b0f688e5e6e2da549664253f,Across-draw descriptive variation; count and density share fixed U; not identity stability or independent evidence,0.2,0.44721359549995804,0.0,1.0,1.0,7.8125e-05,0.00017469281074217107,0.0,0.000390625,0.000390625,True
qwen4b,model.layers.13.self_attn.o_proj,10240,5,False,49322fc37a509fcc19c4c2dcba27f571d7e08725b0f688e5e6e2da549664253f,Across-draw descriptive variation; count and density share fixed U; not identity stability or independent evidence,29.6,6.913754406977442,19.0,36.0,17.0,0.002890625,0.0006751713288063909,0.00185546875,0.003515625,0.0016601562500000002,False
qwen4b,model.layers.13.self_attn.q_proj,10240,5,False,49322fc37a509fcc19c4c2dcba27f571d7e08725b0f688e5e6e2da549664253f,Across-draw descriptive variation; count and density share fixed U; not identity stability or independent evidence,3.0,2.345207879911715,1.0,6.0,5.0,0.00029296875,0.00022902420702262838,9.765625e-05,0.0005859375,0.00048828125,False
qwen4b,model.layers.13.self_attn.v_proj,2560,5,False,49322fc37a509fcc19c4c2dcba27f571d7e08725b0f688e5e6e2da549664253f,Across-draw descriptive variation; count and density share fixed U; not identity stability or independent evidence,7.4,2.9664793948382653,3.0,10.0,7.0,0.002890625,0.0011587810136086973,0.001171875,0.00390625,0.002734375,False
qwen4b,model.layers.14.mlp.down_proj,24320,5,False,49322fc37a509fcc19c4c2dcba27f571d7e08725b0f688e5e6e2da549664253f,Across-draw descriptive variation; count and density share fixed U; not identity stability or independent evidence,6.6,2.4083189157584592,4.0,10.0,6.0,0.0002713815789473684,9.902627120717347e-05,0.0001644736842105263,0.00041118421052631577,0.0002467105263157895,False
qwen4b,model.layers.14.mlp.gate_proj,24320,5,False,49322fc37a509fcc19c4c2dcba27f571d7e08725b0f688e5e6e2da549664253f,Across-draw descriptive variation; count and density share fixed U; not identity stability or independent evidence,4.0,1.0,3.0,5.0,2.0,0.0001644736842105263,4.111842105263157e-05,0.00012335526315789474,0.00020559210526315788,8.223684210526314e-05,False
qwen4b,model.layers.14.mlp.up_proj,24320,5,False,49322fc37a509fcc19c4c2dcba27f571d7e08725b0f688e5e6e2da549664253f,Across-draw descriptive variation; count and density share fixed U; not identity stability or independent evidence,12.8,2.588435821108957,10.0,17.0,7.0,0.0005263157894736842,0.00010643239396007225,0.00041118421052631577,0.0006990131578947368,0.0002878289473684211,False
qwen4b,model.layers.14.self_attn.k_proj,2560,5,False,49322fc37a509fcc19c4c2dcba27f571d7e08725b0f688e5e6e2da549664253f,Across-draw descriptive variation; count and density share fixed U; not identity stability or independent evidence,0.4,0.5477225575051662,0.0,1.0,1.0,0.00015625,0.00021395412402545555,0.0,0.000390625,0.000390625,False
qwen4b,model.layers.14.self_attn.o_proj,10240,5,False,49322fc37a509fcc19c4c2dcba27f571d7e08725b0f688e5e6e2da549664253f,Across-draw descriptive variation; count and density share fixed U; not identity stability or independent evidence,15.0,5.244044240850758,9.0,21.0,12.0,0.0014648437500000002,0.0005121136953955819,0.00087890625,0.00205078125,0.0011718750000000002,False
qwen4b,model.layers.14.self_attn.q_proj,10240,5,False,49322fc37a509fcc19c4c2dcba27f571d7e08725b0f688e5e6e2da549664253f,Across-draw descriptive variation; count and density share fixed U; not identity stability or independent evidence,0.4,0.8944271909999161,0.0,2.0,2.0,3.90625e-05,8.734640537108554e-05,0.0,0.0001953125,0.0001953125,False
qwen4b,model.layers.14.self_attn.v_proj,2560,5,False,49322fc37a509fcc19c4c2dcba27f571d7e08725b0f688e5e6e2da549664253f,Across-draw descriptive variation; count and density share fixed U; not identity stability or independent evidence,3.8,2.7748873851023217,1.0,8.0,7.0,0.001484375,0.0010839403848055945,0.000390625,0.003125,0.0027343750000000003,False
qwen4b,model.layers.15.mlp.down_proj,24320,5,False,49322fc37a509fcc19c4c2dcba27f571d7e08725b0f688e5e6e2da549664253f,Across-draw descriptive variation; count and density share fixed U; not identity stability or independent evidence,9.0,0.7071067811865476,8.0,10.0,2.0,0.0003700657894736842,2.9075114357999482e-05,0.0003289473684210526,0.00041118421052631577,8.223684210526314e-05,False
qwen4b,model.layers.15.mlp.gate_proj,24320,5,False,49322fc37a509fcc19c4c2dcba27f571d7e08725b0f688e5e6e2da549664253f,Across-draw descriptive variation; count and density share fixed U; not identity stability or independent evidence,6.2,1.3038404810405297,5.0,8.0,3.0,0.0002549342105263158,5.3611861884890205e-05,0.00020559210526315788,0.0003289473684210526,0.00012335526315789474,False
qwen4b,model.layers.15.mlp.up_proj,24320,5,False,49322fc37a509fcc19c4c2dcba27f571d7e08725b0f688e5e6e2da549664253f,Across-draw descriptive variation; count and density share fixed U; not identity stability or independent evidence,21.8,4.969909455915671,17.0,30.0,13.0,0.0008963815789473685,0.00020435482960179567,0.0006990131578947368,0.0012335526315789473,0.0005345394736842105,False
qwen4b,model.layers.15.self_attn.k_proj,2560,5,False,49322fc37a509fcc19c4c2dcba27f571d7e08725b0f688e5e6e2da549664253f,Across-draw descriptive variation; count and density share fixed U; not identity stability or independent evidence,2.8,1.6431676725154984,1.0,5.0,4.0,0.00109375,0.0006418623720763666,0.000390625,0.001953125,0.0015625,False
qwen4b,model.layers.15.self_attn.o_proj,10240,5,False,49322fc37a509fcc19c4c2dcba27f571d7e08725b0f688e5e6e2da549664253f,Across-draw descriptive variation; count and density share fixed U; not identity stability or independent evidence,30.6,5.319774431308154,25.0,39.0,14.0,0.0029882812499999996,0.0005195092218074369,0.00244140625,0.00380859375,0.0013671875,False
qwen4b,model.layers.15.self_attn.q_proj,10240,5,False,49322fc37a509fcc19c4c2dcba27f571d7e08725b0f688e5e6e2da549664253f,Across-draw descriptive variation; count and density share fixed U; not identity stability or independent evidence,5.6,2.6076809620810595,3.0,9.0,6.0,0.0005468749999999999,0.0002546563439532285,0.00029296875,0.00087890625,0.0005859375000000001,False
qwen4b,model.layers.15.self_attn.v_proj,2560,5,False,49322fc37a509fcc19c4c2dcba27f571d7e08725b0f688e5e6e2da549664253f,Across-draw descriptive variation; count and density share fixed U; not identity stability or independent evidence,10.4,2.4083189157584592,7.0,13.0,6.0,0.0040625,0.0009407495764681481,0.002734375,0.005078125,0.0023437500000000003,False
qwen4b,model.layers.16.mlp.down_proj,24320,5,False,49322fc37a509fcc19c4c2dcba27f571d7e08725b0f688e5e6e2da549664253f,Across-draw descriptive variation; count and density share fixed U; not identity stability or independent evidence,25.0,3.5355339059327378,20.0,29.0,9.0,0.0010279605263157896,0.00014537557178999745,0.0008223684210526315,0.0011924342105263158,0.0003700657894736843,False
qwen4b,model.layers.16.mlp.gate_proj,24320,5,False,49322fc37a509fcc19c4c2dcba27f571d7e08725b0f688e5e6e2da549664253f,Across-draw descriptive variation; count and density share fixed U; not identity stability or independent evidence,12.4,4.61519230368573,6.0,19.0,13.0,0.0005098684210526316,0.00018976942038181457,0.0002467105263157895,0.00078125,0.0005345394736842106,False
qwen4b,model.layers.16.mlp.up_proj,24320,5,False,49322fc37a509fcc19c4c2dcba27f571d7e08725b0f688e5e6e2da549664253f,Across-draw descriptive variation; count and density share fixed U; not identity stability or independent evidence,32.4,3.5777087639996634,27.0,37.0,10.0,0.0013322368421052632,0.00014710973536182826,0.0011101973684210526,0.0015213815789473684,0.00041118421052631577,False
qwen4b,model.layers.16.self_attn.k_proj,2560,5,False,49322fc37a509fcc19c4c2dcba27f571d7e08725b0f688e5e6e2da549664253f,Across-draw descriptive variation; count and density share fixed U; not identity stability or independent evidence,1.6,0.8944271909999159,0.0,2.0,2.0,0.000625,0.00034938562148434214,0.0,0.00078125,0.00078125,False
qwen4b,model.layers.16.self_attn.o_proj,10240,5,False,49322fc37a509fcc19c4c2dcba27f571d7e08725b0f688e5e6e2da549664253f,Across-draw descriptive variation; count and density share fixed U; not identity stability or independent evidence,21.0,5.830951894845301,16.0,31.0,15.0,0.00205078125,0.0005694288959809864,0.0015625,0.00302734375,0.00146484375,False
qwen4b,model.layers.16.self_attn.q_proj,10240,5,False,49322fc37a509fcc19c4c2dcba27f571d7e08725b0f688e5e6e2da549664253f,Across-draw descriptive variation; count and density share fixed U; not identity stability or independent evidence,8.6,2.073644135332772,7.0,12.0,5.0,0.00083984375,0.000202504310091091,0.00068359375,0.001171875,0.00048828125,False
qwen4b,model.layers.16.self_attn.v_proj,2560,5,False,49322fc37a509fcc19c4c2dcba27f571d7e08725b0f688e5e6e2da549664253f,Across-draw descriptive variation; count and density share fixed U; not identity stability or independent evidence,5.6,2.6076809620810595,3.0,9.0,6.0,0.0021874999999999993,0.001018625375812914,0.001171875,0.003515625,0.0023437500000000003,False
qwen4b,model.layers.17.mlp.down_proj,24320,5,False,49322fc37a509fcc19c4c2dcba27f571d7e08725b0f688e5e6e2da549664253f,Across-draw descriptive variation; count and density share fixed U; not identity stability or independent evidence,9.4,2.3021728866442674,7.0,13.0,6.0,0.00038651315789473684,9.466171408899129e-05,0.000287828947368421,0.0005345394736842106,0.00024671052631578954,False
qwen4b,model.layers.17.mlp.gate_proj,24320,5,False,49322fc37a509fcc19c4c2dcba27f571d7e08725b0f688e5e6e2da549664253f,Across-draw descriptive variation; count and density share fixed U; not identity stability or independent evidence,5.0,2.9154759474226504,1.0,8.0,7.0,0.00020559210526315783,0.0001198797675749445,4.111842105263158e-05,0.0003289473684210526,0.000287828947368421,False
qwen4b,model.layers.17.mlp.up_proj,24320,5,False,49322fc37a509fcc19c4c2dcba27f571d7e08725b0f688e5e6e2da549664253f,Across-draw descriptive variation; count and density share fixed U; not identity stability or independent evidence,23.4,4.979959839195493,19.0,31.0,12.0,0.0009621710526315788,0.00020476808549323576,0.00078125,0.001274671052631579,0.000493421052631579,False
qwen4b,model.layers.17.self_attn.k_proj,2560,5,False,49322fc37a509fcc19c4c2dcba27f571d7e08725b0f688e5e6e2da549664253f,Across-draw descriptive variation; count and density share fixed U; not identity stability or independent evidence,1.0,0.7071067811865476,0.0,2.0,2.0,0.000390625,0.0002762135864009952,0.0,0.00078125,0.00078125,False
qwen4b,model.layers.17.self_attn.o_proj,10240,5,False,49322fc37a509fcc19c4c2dcba27f571d7e08725b0f688e5e6e2da549664253f,Across-draw descriptive variation; count and density share fixed U; not identity stability or independent evidence,32.6,13.352902306240393,13.0,48.0,35.0,0.0031835937500000002,0.0013039943658437881,0.00126953125,0.0046875,0.00341796875,False
qwen4b,model.layers.17.self_attn.q_proj,10240,5,False,49322fc37a509fcc19c4c2dcba27f571d7e08725b0f688e5e6e2da549664253f,Across-draw descriptive variation; count and density share fixed U; not identity stability or independent evidence,6.0,2.7386127875258306,3.0,10.0,7.0,0.0005859375,0.00026744265503181937,0.00029296875,0.0009765625,0.00068359375,False
qwen4b,model.layers.17.self_attn.v_proj,2560,5,False,49322fc37a509fcc19c4c2dcba27f571d7e08725b0f688e5e6e2da549664253f,Across-draw descriptive variation; count and density share fixed U; not identity stability or independent evidence,9.2,3.420526275297414,5.0,14.0,9.0,0.0035937499999999997,0.0013361430762880522,0.001953125,0.00546875,0.0035156249999999997,False
qwen4b,model.layers.18.mlp.down_proj,24320,5,False,49322fc37a509fcc19c4c2dcba27f571d7e08725b0f688e5e6e2da549664253f,Across-draw descriptive variation; count and density share fixed U; not identity stability or independent evidence,9.2,3.63318042491699,4.0,13.0,9.0,0.0003782894736842106,0.00014939064247191573,0.0001644736842105263,0.0005345394736842106,0.0003700657894736843,False
qwen4b,model.layers.18.mlp.gate_proj,24320,5,False,49322fc37a509fcc19c4c2dcba27f571d7e08725b0f688e5e6e2da549664253f,Across-draw descriptive variation; count and density share fixed U; not identity stability or independent evidence,6.0,2.5495097567963922,3.0,9.0,6.0,0.0002467105263157895,0.0001048318156577464,0.00012335526315789474,0.0003700657894736842,0.0002467105263157895,False
qwen4b,model.layers.18.mlp.up_proj,24320,5,False,49322fc37a509fcc19c4c2dcba27f571d7e08725b0f688e5e6e2da549664253f,Across-draw descriptive variation; count and density share fixed U; not identity stability or independent evidence,23.6,4.6690470119715,17.0,29.0,12.0,0.0009703947368421053,0.00019198384095277552,0.0006990131578947368,0.0011924342105263158,0.000493421052631579,False
qwen4b,model.layers.18.self_attn.k_proj,2560,5,False,49322fc37a509fcc19c4c2dcba27f571d7e08725b0f688e5e6e2da549664253f,Across-draw descriptive variation; count and density share fixed U; not identity stability or independent evidence,1.0,0.7071067811865476,0.0,2.0,2.0,0.000390625,0.0002762135864009952,0.0,0.00078125,0.00078125,False
qwen4b,model.layers.18.self_attn.o_proj,10240,5,False,49322fc37a509fcc19c4c2dcba27f571d7e08725b0f688e5e6e2da549664253f,Across-draw descriptive variation; count and density share fixed U; not identity stability or independent evidence,40.6,2.9664793948382653,37.0,45.0,8.0,0.00396484375,0.00028969525340217427,0.00361328125,0.00439453125,0.0007812499999999998,False
qwen4b,model.layers.18.self_attn.q_proj,10240,5,False,49322fc37a509fcc19c4c2dcba27f571d7e08725b0f688e5e6e2da549664253f,Across-draw descriptive variation; count and density share fixed U; not identity stability or independent evidence,4.6,1.51657508881031,2.0,6.0,4.0,0.0004492187500000001,0.00014810303601663183,0.0001953125,0.0005859375,0.00039062499999999997,False
qwen4b,model.layers.18.self_attn.v_proj,2560,5,False,49322fc37a509fcc19c4c2dcba27f571d7e08725b0f688e5e6e2da549664253f,Across-draw descriptive variation; count and density share fixed U; not identity stability or independent evidence,5.4,2.966479394838265,2.0,10.0,8.0,0.0021093749999999997,0.0011587810136086973,0.00078125,0.00390625,0.003125,False
qwen4b,model.layers.19.mlp.down_proj,24320,5,False,49322fc37a509fcc19c4c2dcba27f571d7e08725b0f688e5e6e2da549664253f,Across-draw descriptive variation; count and density share fixed U; not identity stability or independent evidence,7.0,2.8284271247461903,4.0,10.0,6.0,0.00028782894736842097,0.00011630045743199794,0.0001644736842105263,0.00041118421052631577,0.0002467105263157895,False
qwen4b,model.layers.19.mlp.gate_proj,24320,5,False,49322fc37a509fcc19c4c2dcba27f571d7e08725b0f688e5e6e2da549664253f,Across-draw descriptive variation; count and density share fixed U; not identity stability or independent evidence,4.6,1.9493588689617927,3.0,8.0,5.0,0.00018914473684210527,8.015455875665266e-05,0.00012335526315789474,0.0003289473684210526,0.00020559210526315788,False
qwen4b,model.layers.19.mlp.up_proj,24320,5,False,49322fc37a509fcc19c4c2dcba27f571d7e08725b0f688e5e6e2da549664253f,Across-draw descriptive variation; count and density share fixed U; not identity stability or independent evidence,10.6,3.361547262794322,7.0,15.0,8.0,0.0004358552631578947,0.0001382215157398981,0.000287828947368421,0.0006167763157894736,0.0003289473684210526,False
qwen4b,model.layers.19.self_attn.k_proj,2560,5,False,49322fc37a509fcc19c4c2dcba27f571d7e08725b0f688e5e6e2da549664253f,Across-draw descriptive variation; count and density share fixed U; not identity stability or independent evidence,0.4,0.5477225575051662,0.0,1.0,1.0,0.00015625,0.00021395412402545552,0.0,0.000390625,0.000390625,False
qwen4b,model.layers.19.self_attn.o_proj,10240,5,False,49322fc37a509fcc19c4c2dcba27f571d7e08725b0f688e5e6e2da549664253f,Across-draw descriptive variation; count and density share fixed U; not identity stability or independent evidence,22.0,4.847679857416329,18.0,30.0,12.0,0.0021484375,0.00047340623607581336,0.0017578125,0.0029296875,0.001171875,False
qwen4b,model.layers.19.self_attn.q_proj,10240,5,False,49322fc37a509fcc19c4c2dcba27f571d7e08725b0f688e5e6e2da549664253f,Across-draw descriptive variation; count and density share fixed U; not identity stability or independent evidence,5.2,0.8366600265340756,4.0,6.0,2.0,0.0005078125,8.17050807162183e-05,0.000390625,0.0005859375,0.00019531249999999996,False
qwen4b,model.layers.19.self_attn.v_proj,2560,5,False,49322fc37a509fcc19c4c2dcba27f571d7e08725b0f688e5e6e2da549664253f,Across-draw descriptive variation; count and density share fixed U; not identity stability or independent evidence,11.2,3.1937438845342623,7.0,15.0,8.0,0.004375,0.0012475562048961963,0.002734375,0.005859375,0.003125,False
qwen4b,model.layers.2.mlp.down_proj,24320,5,False,49322fc37a509fcc19c4c2dcba27f571d7e08725b0f688e5e6e2da549664253f,Across-draw descriptive variation; count and density share fixed U; not identity stability or independent evidence,19.6,13.03073290340954,3.0,39.0,36.0,0.000805921052631579,0.0005358031621467738,0.00012335526315789474,0.0016036184210526316,0.0014802631578947369,False
qwen4b,model.layers.2.mlp.gate_proj,24320,5,False,49322fc37a509fcc19c4c2dcba27f571d7e08725b0f688e5e6e2da549664253f,Across-draw descriptive variation; count and density share fixed U; not identity stability or independent evidence,14.8,10.61602562167217,3.0,32.0,29.0,0.0006085526315789474,0.0004365142114174412,0.00012335526315789474,0.0013157894736842105,0.0011924342105263158,False
qwen4b,model.layers.2.mlp.up_proj,24320,5,False,49322fc37a509fcc19c4c2dcba27f571d7e08725b0f688e5e6e2da549664253f,Across-draw descriptive variation; count and density share fixed U; not identity stability or independent evidence,43.4,22.97389823255949,10.0,73.0,63.0,0.0017845394736842105,0.0009446504207466894,0.00041118421052631577,0.003001644736842105,0.0025904605263157893,False
qwen4b,model.layers.2.self_attn.k_proj,2560,5,False,49322fc37a509fcc19c4c2dcba27f571d7e08725b0f688e5e6e2da549664253f,Across-draw descriptive variation; count and density share fixed U; not identity stability or independent evidence,1.2,1.6431676725154982,0.0,4.0,4.0,0.00046875,0.0006418623720763666,0.0,0.0015625,0.0015625,False
qwen4b,model.layers.2.self_attn.o_proj,10240,5,False,49322fc37a509fcc19c4c2dcba27f571d7e08725b0f688e5e6e2da549664253f,Across-draw descriptive variation; count and density share fixed U; not identity stability or independent evidence,22.8,14.096098751072939,8.0,44.0,36.0,0.0022265625000000002,0.0013765721436594667,0.00078125,0.004296875,0.0035156250000000005,False
qwen4b,model.layers.2.self_attn.q_proj,10240,5,False,49322fc37a509fcc19c4c2dcba27f571d7e08725b0f688e5e6e2da549664253f,Across-draw descriptive variation; count and density share fixed U; not identity stability or independent evidence,3.4,3.646916505762094,0.0,9.0,9.0,0.00033203125,0.0003561441900158295,0.0,0.00087890625,0.00087890625,False
qwen4b,model.layers.2.self_attn.v_proj,2560,5,False,49322fc37a509fcc19c4c2dcba27f571d7e08725b0f688e5e6e2da549664253f,Across-draw descriptive variation; count and density share fixed U; not identity stability or independent evidence,15.6,9.864076236526156,4.0,29.0,25.0,0.00609375,0.0038531547798930296,0.0015625,0.011328125,0.009765625,False
qwen4b,model.layers.20.mlp.down_proj,24320,5,False,49322fc37a509fcc19c4c2dcba27f571d7e08725b0f688e5e6e2da549664253f,Across-draw descriptive variation; count and density share fixed U; not identity stability or independent evidence,6.4,2.073644135332772,5.0,10.0,5.0,0.0002631578947368421,8.526497266993306e-05,0.00020559210526315788,0.00041118421052631577,0.00020559210526315788,False
qwen4b,model.layers.20.mlp.gate_proj,24320,5,False,49322fc37a509fcc19c4c2dcba27f571d7e08725b0f688e5e6e2da549664253f,Across-draw descriptive variation; count and density share fixed U; not identity stability or independent evidence,5.0,1.8708286933869707,3.0,7.0,4.0,0.00020559210526315794,7.692552193203004e-05,0.00012335526315789474,0.000287828947368421,0.00016447368421052628,False
qwen4b,model.layers.20.mlp.up_proj,24320,5,False,49322fc37a509fcc19c4c2dcba27f571d7e08725b0f688e5e6e2da549664253f,Across-draw descriptive variation; count and density share fixed U; not identity stability or independent evidence,10.4,1.3416407864998738,9.0,12.0,3.0,0.0004276315789473684,5.51661507606856e-05,0.0003700657894736842,0.000493421052631579,0.00012335526315789474,False
qwen4b,model.layers.20.self_attn.k_proj,2560,5,True,49322fc37a509fcc19c4c2dcba27f571d7e08725b0f688e5e6e2da549664253f,Across-draw descriptive variation; count and density share fixed U; not identity stability or independent evidence,0.0,0.0,0.0,0.0,0.0,0.0,0.0,0.0,0.0,0.0,True
qwen4b,model.layers.20.self_attn.o_proj,10240,5,False,49322fc37a509fcc19c4c2dcba27f571d7e08725b0f688e5e6e2da549664253f,Across-draw descriptive variation; count and density share fixed U; not identity stability or independent evidence,29.6,11.0589330407594,18.0,47.0,29.0,0.002890625,0.0010799739297616606,0.0017578125,0.00458984375,0.0028320312500000003,False
qwen4b,model.layers.20.self_attn.q_proj,10240,5,False,49322fc37a509fcc19c4c2dcba27f571d7e08725b0f688e5e6e2da549664253f,Across-draw descriptive variation; count and density share fixed U; not identity stability or independent evidence,2.2,1.0954451150103321,1.0,4.0,3.0,0.00021484375000000003,0.00010697706201272776,9.765625e-05,0.000390625,0.00029296875000000004,False
qwen4b,model.layers.20.self_attn.v_proj,2560,5,False,49322fc37a509fcc19c4c2dcba27f571d7e08725b0f688e5e6e2da549664253f,Across-draw descriptive variation; count and density share fixed U; not identity stability or independent evidence,3.8,1.4832396974191326,2.0,6.0,4.0,0.0014843749999999998,0.0005793905068043486,0.00078125,0.00234375,0.0015624999999999999,False
qwen4b,model.layers.21.mlp.down_proj,24320,5,False,49322fc37a509fcc19c4c2dcba27f571d7e08725b0f688e5e6e2da549664253f,Across-draw descriptive variation; count and density share fixed U; not identity stability or independent evidence,11.2,3.96232255123179,7.0,17.0,10.0,0.00046052631578947373,0.0001629244470078861,0.000287828947368421,0.0006990131578947368,0.0004111842105263158,False
qwen4b,model.layers.21.mlp.gate_proj,24320,5,False,49322fc37a509fcc19c4c2dcba27f571d7e08725b0f688e5e6e2da549664253f,Across-draw descriptive variation; count and density share fixed U; not identity stability or independent evidence,13.6,2.966479394838265,9.0,17.0,8.0,0.0005592105263157894,0.0001219769488009155,0.0003700657894736842,0.0006990131578947368,0.0003289473684210526,False
qwen4b,model.layers.21.mlp.up_proj,24320,5,False,49322fc37a509fcc19c4c2dcba27f571d7e08725b0f688e5e6e2da549664253f,Across-draw descriptive variation; count and density share fixed U; not identity stability or independent evidence,29.6,4.8270073544588685,22.0,35.0,13.0,0.0012171052631578948,0.00019847892082478896,0.0009046052631578947,0.0014391447368421052,0.0005345394736842105,False
qwen4b,model.layers.21.self_attn.k_proj,2560,5,False,49322fc37a509fcc19c4c2dcba27f571d7e08725b0f688e5e6e2da549664253f,Across-draw descriptive variation; count and density share fixed U; not identity stability or independent evidence,4.8,2.3874672772626644,2.0,8.0,6.0,0.001875,0.0009326044051807283,0.00078125,0.003125,0.0023437500000000003,False
qwen4b,model.layers.21.self_attn.o_proj,10240,5,False,49322fc37a509fcc19c4c2dcba27f571d7e08725b0f688e5e6e2da549664253f,Across-draw descriptive variation; count and density share fixed U; not identity stability or independent evidence,48.0,3.391164991562634,43.0,52.0,9.0,0.0046875,0.0003311684562072886,0.00419921875,0.005078125,0.0008789062500000003,False
qwen4b,model.layers.21.self_attn.q_proj,10240,5,False,49322fc37a509fcc19c4c2dcba27f571d7e08725b0f688e5e6e2da549664253f,Across-draw descriptive variation; count and density share fixed U; not identity stability or independent evidence,8.4,2.4083189157584592,5.0,11.0,6.0,0.0008203125000000001,0.00023518739411703703,0.00048828125,0.00107421875,0.0005859375000000001,False
qwen4b,model.layers.21.self_attn.v_proj,2560,5,False,49322fc37a509fcc19c4c2dcba27f571d7e08725b0f688e5e6e2da549664253f,Across-draw descriptive variation; count and density share fixed U; not identity stability or independent evidence,8.0,3.391164991562634,4.0,13.0,9.0,0.003125,0.0013246738248291541,0.0015625,0.005078125,0.003515625,False
qwen4b,model.layers.22.mlp.down_proj,24320,5,False,49322fc37a509fcc19c4c2dcba27f571d7e08725b0f688e5e6e2da549664253f,Across-draw descriptive variation; count and density share fixed U; not identity stability or independent evidence,8.2,3.3466401061363023,6.0,14.0,8.0,0.0003371710526315789,0.0001376085569957361,0.0002467105263157895,0.000575657894736842,0.00032894736842105257,False
qwen4b,model.layers.22.mlp.gate_proj,24320,5,False,49322fc37a509fcc19c4c2dcba27f571d7e08725b0f688e5e6e2da549664253f,Across-draw descriptive variation; count and density share fixed U; not identity stability or independent evidence,5.6,1.1401754250991378,4.0,7.0,3.0,0.0002302631578947368,4.6882213203089544e-05,0.0001644736842105263,0.000287828947368421,0.00012335526315789471,False
qwen4b,model.layers.22.mlp.up_proj,24320,5,False,49322fc37a509fcc19c4c2dcba27f571d7e08725b0f688e5e6e2da549664253f,Across-draw descriptive variation; count and density share fixed U; not identity stability or independent evidence,9.8,1.7888543819998317,8.0,12.0,4.0,0.0004029605263157895,7.355486768091413e-05,0.0003289473684210526,0.000493421052631579,0.00016447368421052634,False
qwen4b,model.layers.22.self_attn.k_proj,2560,5,False,49322fc37a509fcc19c4c2dcba27f571d7e08725b0f688e5e6e2da549664253f,Across-draw descriptive variation; count and density share fixed U; not identity stability or independent evidence,2.8,2.16794833886788,0.0,5.0,5.0,0.0010937499999999999,0.0008468548198702656,0.0,0.001953125,0.001953125,False
qwen4b,model.layers.22.self_attn.o_proj,10240,5,False,49322fc37a509fcc19c4c2dcba27f571d7e08725b0f688e5e6e2da549664253f,Across-draw descriptive variation; count and density share fixed U; not identity stability or independent evidence,22.8,4.969909455915671,16.0,28.0,12.0,0.0022265625000000002,0.0004853427203042647,0.0015625,0.002734375,0.0011718749999999997,False
qwen4b,model.layers.22.self_attn.q_proj,10240,5,False,49322fc37a509fcc19c4c2dcba27f571d7e08725b0f688e5e6e2da549664253f,Across-draw descriptive variation; count and density share fixed U; not identity stability or independent evidence,3.4,2.0736441353327724,1.0,6.0,5.0,0.00033203124999999997,0.000202504310091091,9.765625e-05,0.0005859375,0.00048828125,False
qwen4b,model.layers.22.self_attn.v_proj,2560,5,False,49322fc37a509fcc19c4c2dcba27f571d7e08725b0f688e5e6e2da549664253f,Across-draw descriptive variation; count and density share fixed U; not identity stability or independent evidence,11.4,3.2093613071762426,7.0,16.0,9.0,0.004453125,0.0012536567606157198,0.002734375,0.00625,0.0035156250000000005,False
qwen4b,model.layers.23.mlp.down_proj,24320,5,False,49322fc37a509fcc19c4c2dcba27f571d7e08725b0f688e5e6e2da549664253f,Across-draw descriptive variation; count and density share fixed U; not identity stability or independent evidence,4.0,2.5495097567963922,0.0,6.0,6.0,0.00016447368421052634,0.0001048318156577464,0.0,0.0002467105263157895,0.0002467105263157895,False
qwen4b,model.layers.23.mlp.gate_proj,24320,5,False,49322fc37a509fcc19c4c2dcba27f571d7e08725b0f688e5e6e2da549664253f,Across-draw descriptive variation; count and density share fixed U; not identity stability or independent evidence,2.2,1.7888543819998317,0.0,4.0,4.0,9.046052631578948e-05,7.355486768091413e-05,0.0,0.0001644736842105263,0.0001644736842105263,False
qwen4b,model.layers.23.mlp.up_proj,24320,5,False,49322fc37a509fcc19c4c2dcba27f571d7e08725b0f688e5e6e2da549664253f,Across-draw descriptive variation; count and density share fixed U; not identity stability or independent evidence,4.0,1.5811388300841898,2.0,6.0,4.0,0.00016447368421052634,6.5013932158067e-05,8.223684210526316e-05,0.0002467105263157895,0.00016447368421052634,False
qwen4b,model.layers.23.self_attn.k_proj,2560,5,False,49322fc37a509fcc19c4c2dcba27f571d7e08725b0f688e5e6e2da549664253f,Across-draw descriptive variation; count and density share fixed U; not identity stability or independent evidence,0.4,0.894427190999916,0.0,2.0,2.0,0.00015625,0.00034938562148434214,0.0,0.00078125,0.00078125,True
qwen4b,model.layers.23.self_attn.o_proj,10240,5,False,49322fc37a509fcc19c4c2dcba27f571d7e08725b0f688e5e6e2da549664253f,Across-draw descriptive variation; count and density share fixed U; not identity stability or independent evidence,15.2,2.7748873851023212,13.0,20.0,7.0,0.001484375,0.00027098509620139864,0.00126953125,0.001953125,0.00068359375,False
qwen4b,model.layers.23.self_attn.q_proj,10240,5,False,49322fc37a509fcc19c4c2dcba27f571d7e08725b0f688e5e6e2da549664253f,Across-draw descriptive variation; count and density share fixed U; not identity stability or independent evidence,4.2,2.280350850198276,2.0,8.0,6.0,0.00041015625000000004,0.0002226905127146754,0.0001953125,0.00078125,0.0005859375000000001,False
qwen4b,model.layers.23.self_attn.v_proj,2560,5,False,49322fc37a509fcc19c4c2dcba27f571d7e08725b0f688e5e6e2da549664253f,Across-draw descriptive variation; count and density share fixed U; not identity stability or independent evidence,2.6,0.5477225575051661,2.0,3.0,1.0,0.001015625,0.00021395412402545547,0.00078125,0.001171875,0.0003906249999999999,False
qwen4b,model.layers.24.mlp.down_proj,24320,5,False,49322fc37a509fcc19c4c2dcba27f571d7e08725b0f688e5e6e2da549664253f,Across-draw descriptive variation; count and density share fixed U; not identity stability or independent evidence,3.6,1.6733200530681511,2.0,6.0,4.0,0.0001480263157894737,6.880427849786805e-05,8.223684210526316e-05,0.0002467105263157895,0.00016447368421052634,False
qwen4b,model.layers.24.mlp.gate_proj,24320,5,False,49322fc37a509fcc19c4c2dcba27f571d7e08725b0f688e5e6e2da549664253f,Across-draw descriptive variation; count and density share fixed U; not identity stability or independent evidence,2.6,2.8809720581775866,0.0,7.0,7.0,0.00010690789473684211,0.00011846102212901259,0.0,0.000287828947368421,0.000287828947368421,False
qwen4b,model.layers.24.mlp.up_proj,24320,5,False,49322fc37a509fcc19c4c2dcba27f571d7e08725b0f688e5e6e2da549664253f,Across-draw descriptive variation; count and density share fixed U; not identity stability or independent evidence,2.0,1.4142135623730951,1.0,4.0,3.0,8.223684210526317e-05,5.815022871599897e-05,4.111842105263158e-05,0.0001644736842105263,0.00012335526315789474,False
qwen4b,model.layers.24.self_attn.k_proj,2560,5,False,49322fc37a509fcc19c4c2dcba27f571d7e08725b0f688e5e6e2da549664253f,Across-draw descriptive variation; count and density share fixed U; not identity stability or independent evidence,0.4,0.8944271909999161,0.0,2.0,2.0,0.00015625,0.00034938562148434214,0.0,0.00078125,0.00078125,True
qwen4b,model.layers.24.self_attn.o_proj,10240,5,False,49322fc37a509fcc19c4c2dcba27f571d7e08725b0f688e5e6e2da549664253f,Across-draw descriptive variation; count and density share fixed U; not identity stability or independent evidence,11.0,2.1213203435596424,8.0,13.0,5.0,0.00107421875,0.00020716018980074634,0.00078125,0.00126953125,0.00048828125,False
qwen4b,model.layers.24.self_attn.q_proj,10240,5,False,49322fc37a509fcc19c4c2dcba27f571d7e08725b0f688e5e6e2da549664253f,Across-draw descriptive variation; count and density share fixed U; not identity stability or independent evidence,1.6,1.140175425099138,0.0,3.0,3.0,0.00015625,0.0001113452563573377,0.0,0.00029296875,0.00029296875,True
qwen4b,model.layers.24.self_attn.v_proj,2560,5,False,49322fc37a509fcc19c4c2dcba27f571d7e08725b0f688e5e6e2da549664253f,Across-draw descriptive variation; count and density share fixed U; not identity stability or independent evidence,2.8,1.4832396974191326,1.0,5.0,4.0,0.0010937499999999999,0.0005793905068043486,0.000390625,0.001953125,0.0015625,False
qwen4b,model.layers.25.mlp.down_proj,24320,5,False,49322fc37a509fcc19c4c2dcba27f571d7e08725b0f688e5e6e2da549664253f,Across-draw descriptive variation; count and density share fixed U; not identity stability or independent evidence,5.6,1.1401754250991378,4.0,7.0,3.0,0.0002302631578947368,4.688221320308955e-05,0.0001644736842105263,0.000287828947368421,0.00012335526315789471,False
qwen4b,model.layers.25.mlp.gate_proj,24320,5,False,49322fc37a509fcc19c4c2dcba27f571d7e08725b0f688e5e6e2da549664253f,Across-draw descriptive variation; count and density share fixed U; not identity stability or independent evidence,1.6,1.3416407864998738,1.0,4.0,3.0,6.578947368421054e-05,5.5166150760685606e-05,4.111842105263158e-05,0.0001644736842105263,0.00012335526315789474,False
qwen4b,model.layers.25.mlp.up_proj,24320,5,False,49322fc37a509fcc19c4c2dcba27f571d7e08725b0f688e5e6e2da549664253f,Across-draw descriptive variation; count and density share fixed U; not identity stability or independent evidence,4.8,2.16794833886788,2.0,7.0,5.0,0.00019736842105263157,8.914261261792268e-05,8.223684210526316e-05,0.000287828947368421,0.00020559210526315788,False
qwen4b,model.layers.25.self_attn.k_proj,2560,5,False,49322fc37a509fcc19c4c2dcba27f571d7e08725b0f688e5e6e2da549664253f,Across-draw descriptive variation; count and density share fixed U; not identity stability or independent evidence,1.0,0.7071067811865476,0.0,2.0,2.0,0.000390625,0.0002762135864009952,0.0,0.00078125,0.00078125,False
qwen4b,model.layers.25.self_attn.o_proj,10240,5,False,49322fc37a509fcc19c4c2dcba27f571d7e08725b0f688e5e6e2da549664253f,Across-draw descriptive variation; count and density share fixed U; not identity stability or independent evidence,5.6,3.1304951684997055,1.0,9.0,8.0,0.000546875,0.0003057124187987994,9.765625e-05,0.00087890625,0.00078125,False
qwen4b,model.layers.25.self_attn.q_proj,10240,5,False,49322fc37a509fcc19c4c2dcba27f571d7e08725b0f688e5e6e2da549664253f,Across-draw descriptive variation; count and density share fixed U; not identity stability or independent evidence,1.4,1.140175425099138,0.0,3.0,3.0,0.00013671874999999999,0.00011134525635733769,0.0,0.00029296875,0.00029296875,False
qwen4b,model.layers.25.self_attn.v_proj,2560,5,True,49322fc37a509fcc19c4c2dcba27f571d7e08725b0f688e5e6e2da549664253f,Across-draw descriptive variation; count and density share fixed U; not identity stability or independent evidence,0.0,0.0,0.0,0.0,0.0,0.0,0.0,0.0,0.0,0.0,True
qwen4b,model.layers.26.mlp.down_proj,24320,5,False,49322fc37a509fcc19c4c2dcba27f571d7e08725b0f688e5e6e2da549664253f,Across-draw descriptive variation; count and density share fixed U; not identity stability or independent evidence,4.8,2.5884358211089573,1.0,8.0,7.0,0.00019736842105263157,0.00010643239396007223,4.111842105263158e-05,0.0003289473684210526,0.000287828947368421,False
qwen4b,model.layers.26.mlp.gate_proj,24320,5,False,49322fc37a509fcc19c4c2dcba27f571d7e08725b0f688e5e6e2da549664253f,Across-draw descriptive variation; count and density share fixed U; not identity stability or independent evidence,1.0,1.224744871391589,0.0,3.0,3.0,4.111842105263158e-05,5.0359575303930475e-05,0.0,0.00012335526315789474,0.00012335526315789474,False
qwen4b,model.layers.26.mlp.up_proj,24320,5,False,49322fc37a509fcc19c4c2dcba27f571d7e08725b0f688e5e6e2da549664253f,Across-draw descriptive variation; count and density share fixed U; not identity stability or independent evidence,1.2,0.8366600265340756,0.0,2.0,2.0,4.9342105263157894e-05,3.4402139248934026e-05,0.0,8.223684210526316e-05,8.223684210526316e-05,False
qwen4b,model.layers.26.self_attn.k_proj,2560,5,False,49322fc37a509fcc19c4c2dcba27f571d7e08725b0f688e5e6e2da549664253f,Across-draw descriptive variation; count and density share fixed U; not identity stability or independent evidence,0.4,0.5477225575051662,0.0,1.0,1.0,0.00015625,0.00021395412402545555,0.0,0.000390625,0.000390625,True
qwen4b,model.layers.26.self_attn.o_proj,10240,5,False,49322fc37a509fcc19c4c2dcba27f571d7e08725b0f688e5e6e2da549664253f,Across-draw descriptive variation; count and density share fixed U; not identity stability or independent evidence,7.4,1.51657508881031,5.0,9.0,4.0,0.00072265625,0.00014810303601663186,0.00048828125,0.00087890625,0.000390625,False
qwen4b,model.layers.26.self_attn.q_proj,10240,5,False,49322fc37a509fcc19c4c2dcba27f571d7e08725b0f688e5e6e2da549664253f,Across-draw descriptive variation; count and density share fixed U; not identity stability or independent evidence,1.0,0.7071067811865476,0.0,2.0,2.0,9.765625e-05,6.90533966002488e-05,0.0,0.0001953125,0.0001953125,False
qwen4b,model.layers.26.self_attn.v_proj,2560,5,False,49322fc37a509fcc19c4c2dcba27f571d7e08725b0f688e5e6e2da549664253f,Across-draw descriptive variation; count and density share fixed U; not identity stability or independent evidence,1.0,1.0,0.0,2.0,2.0,0.000390625,0.000390625,0.0,0.00078125,0.00078125,False
qwen4b,model.layers.27.mlp.down_proj,24320,5,False,49322fc37a509fcc19c4c2dcba27f571d7e08725b0f688e5e6e2da549664253f,Across-draw descriptive variation; count and density share fixed U; not identity stability or independent evidence,4.6,1.6733200530681511,2.0,6.0,4.0,0.00018914473684210527,6.880427849786805e-05,8.223684210526316e-05,0.0002467105263157895,0.00016447368421052634,False
qwen4b,model.layers.27.mlp.gate_proj,24320,5,False,49322fc37a509fcc19c4c2dcba27f571d7e08725b0f688e5e6e2da549664253f,Across-draw descriptive variation; count and density share fixed U; not identity stability or independent evidence,2.8,1.6431676725154984,0.0,4.0,4.0,0.00011513157894736843,6.75644602185649e-05,0.0,0.0001644736842105263,0.0001644736842105263,False
qwen4b,model.layers.27.mlp.up_proj,24320,5,False,49322fc37a509fcc19c4c2dcba27f571d7e08725b0f688e5e6e2da549664253f,Across-draw descriptive variation; count and density share fixed U; not identity stability or independent evidence,2.8,2.16794833886788,0.0,5.0,5.0,0.0001151315789473684,8.914261261792268e-05,0.0,0.00020559210526315788,0.00020559210526315788,False
qwen4b,model.layers.27.self_attn.k_proj,2560,5,False,49322fc37a509fcc19c4c2dcba27f571d7e08725b0f688e5e6e2da549664253f,Across-draw descriptive variation; count and density share fixed U; not identity stability or independent evidence,0.4,0.8944271909999161,0.0,2.0,2.0,0.00015625,0.00034938562148434214,0.0,0.00078125,0.00078125,True
qwen4b,model.layers.27.self_attn.o_proj,10240,5,False,49322fc37a509fcc19c4c2dcba27f571d7e08725b0f688e5e6e2da549664253f,Across-draw descriptive variation; count and density share fixed U; not identity stability or independent evidence,10.0,2.8284271247461903,6.0,12.0,6.0,0.0009765624999999998,0.0002762135864009951,0.0005859375,0.001171875,0.0005859375,False
qwen4b,model.layers.27.self_attn.q_proj,10240,5,False,49322fc37a509fcc19c4c2dcba27f571d7e08725b0f688e5e6e2da549664253f,Across-draw descriptive variation; count and density share fixed U; not identity stability or independent evidence,2.8,2.16794833886788,1.0,6.0,5.0,0.0002734375,0.0002117137049675664,9.765625e-05,0.0005859375,0.00048828125,False
qwen4b,model.layers.27.self_attn.v_proj,2560,5,False,49322fc37a509fcc19c4c2dcba27f571d7e08725b0f688e5e6e2da549664253f,Across-draw descriptive variation; count and density share fixed U; not identity stability or independent evidence,3.8,1.9235384061671346,2.0,7.0,5.0,0.001484375,0.0007513821899090368,0.00078125,0.002734375,0.0019531249999999998,False
qwen4b,model.layers.28.mlp.down_proj,24320,5,False,49322fc37a509fcc19c4c2dcba27f571d7e08725b0f688e5e6e2da549664253f,Across-draw descriptive variation; count and density share fixed U; not identity stability or independent evidence,6.0,1.5811388300841898,4.0,8.0,4.0,0.0002467105263157895,6.5013932158067e-05,0.0001644736842105263,0.0003289473684210526,0.0001644736842105263,False
qwen4b,model.layers.28.mlp.gate_proj,24320,5,False,49322fc37a509fcc19c4c2dcba27f571d7e08725b0f688e5e6e2da549664253f,Across-draw descriptive variation; count and density share fixed U; not identity stability or independent evidence,2.4,1.140175425099138,1.0,4.0,3.0,9.868421052631579e-05,4.688221320308955e-05,4.111842105263158e-05,0.0001644736842105263,0.00012335526315789474,False
qwen4b,model.layers.28.mlp.up_proj,24320,5,False,49322fc37a509fcc19c4c2dcba27f571d7e08725b0f688e5e6e2da549664253f,Across-draw descriptive variation; count and density share fixed U; not identity stability or independent evidence,3.6,0.5477225575051661,3.0,4.0,1.0,0.00014802631578947367,2.2521486739521626e-05,0.00012335526315789474,0.0001644736842105263,4.111842105263157e-05,False
qwen4b,model.layers.28.self_attn.k_proj,2560,5,False,49322fc37a509fcc19c4c2dcba27f571d7e08725b0f688e5e6e2da549664253f,Across-draw descriptive variation; count and density share fixed U; not identity stability or independent evidence,1.8,1.3038404810405297,1.0,4.0,3.0,0.000703125,0.000509312687906457,0.000390625,0.0015625,0.0011718750000000002,False
qwen4b,model.layers.28.self_attn.o_proj,10240,5,False,49322fc37a509fcc19c4c2dcba27f571d7e08725b0f688e5e6e2da549664253f,Across-draw descriptive variation; count and density share fixed U; not identity stability or independent evidence,8.2,3.420526275297414,4.0,11.0,7.0,0.00080078125,0.0003340357690720131,0.000390625,0.00107421875,0.0006835937500000001,False
qwen4b,model.layers.28.self_attn.q_proj,10240,5,False,49322fc37a509fcc19c4c2dcba27f571d7e08725b0f688e5e6e2da549664253f,Across-draw descriptive variation; count and density share fixed U; not identity stability or independent evidence,5.8,3.1144823004794873,3.0,11.0,8.0,0.00056640625,0.0003041486621562,0.00029296875,0.00107421875,0.00078125,False
qwen4b,model.layers.28.self_attn.v_proj,2560,5,False,49322fc37a509fcc19c4c2dcba27f571d7e08725b0f688e5e6e2da549664253f,Across-draw descriptive variation; count and density share fixed U; not identity stability or independent evidence,2.0,0.7071067811865476,1.0,3.0,2.0,0.00078125,0.0002762135864009951,0.000390625,0.001171875,0.0007812499999999999,False
qwen4b,model.layers.29.mlp.down_proj,24320,5,False,49322fc37a509fcc19c4c2dcba27f571d7e08725b0f688e5e6e2da549664253f,Across-draw descriptive variation; count and density share fixed U; not identity stability or independent evidence,4.4,1.3416407864998738,3.0,6.0,3.0,0.00018092105263157896,5.516615076068559e-05,0.00012335526315789474,0.0002467105263157895,0.00012335526315789474,False
qwen4b,model.layers.29.mlp.gate_proj,24320,5,False,49322fc37a509fcc19c4c2dcba27f571d7e08725b0f688e5e6e2da549664253f,Across-draw descriptive variation; count and density share fixed U; not identity stability or independent evidence,1.6,1.140175425099138,0.0,3.0,3.0,6.578947368421052e-05,4.688221320308956e-05,0.0,0.00012335526315789474,0.00012335526315789474,False
qwen4b,model.layers.29.mlp.up_proj,24320,5,False,49322fc37a509fcc19c4c2dcba27f571d7e08725b0f688e5e6e2da549664253f,Across-draw descriptive variation; count and density share fixed U; not identity stability or independent evidence,2.2,1.4832396974191326,0.0,4.0,4.0,9.046052631578946e-05,6.098847440045775e-05,0.0,0.0001644736842105263,0.0001644736842105263,False
qwen4b,model.layers.29.self_attn.k_proj,2560,5,True,49322fc37a509fcc19c4c2dcba27f571d7e08725b0f688e5e6e2da549664253f,Across-draw descriptive variation; count and density share fixed U; not identity stability or independent evidence,0.0,0.0,0.0,0.0,0.0,0.0,0.0,0.0,0.0,0.0,True
qwen4b,model.layers.29.self_attn.o_proj,10240,5,False,49322fc37a509fcc19c4c2dcba27f571d7e08725b0f688e5e6e2da549664253f,Across-draw descriptive variation; count and density share fixed U; not identity stability or independent evidence,4.0,1.5811388300841898,2.0,6.0,4.0,0.000390625,0.00015440808887540915,0.0001953125,0.0005859375,0.00039062499999999997,False
qwen4b,model.layers.29.self_attn.q_proj,10240,5,False,49322fc37a509fcc19c4c2dcba27f571d7e08725b0f688e5e6e2da549664253f,Across-draw descriptive variation; count and density share fixed U; not identity stability or independent evidence,0.2,0.44721359549995804,0.0,1.0,1.0,1.953125e-05,4.367320268554277e-05,0.0,9.765625e-05,9.765625e-05,True
qwen4b,model.layers.29.self_attn.v_proj,2560,5,False,49322fc37a509fcc19c4c2dcba27f571d7e08725b0f688e5e6e2da549664253f,Across-draw descriptive variation; count and density share fixed U; not identity stability or independent evidence,2.0,1.224744871391589,1.0,4.0,3.0,0.0007812500000000002,0.0004784159653873395,0.000390625,0.0015625,0.0011718750000000002,False
qwen4b,model.layers.3.mlp.down_proj,24320,5,False,49322fc37a509fcc19c4c2dcba27f571d7e08725b0f688e5e6e2da549664253f,Across-draw descriptive variation; count and density share fixed U; not identity stability or independent evidence,15.2,10.686440005914037,1.0,27.0,26.0,0.000625,0.00043940953971686005,4.111842105263158e-05,0.0011101973684210526,0.0010690789473684211,False
qwen4b,model.layers.3.mlp.gate_proj,24320,5,False,49322fc37a509fcc19c4c2dcba27f571d7e08725b0f688e5e6e2da549664253f,Across-draw descriptive variation; count and density share fixed U; not identity stability or independent evidence,4.2,2.2803508501982757,2.0,7.0,5.0,0.00017269736842105265,9.37644264061791e-05,8.223684210526316e-05,0.000287828947368421,0.00020559210526315788,False
qwen4b,model.layers.3.mlp.up_proj,24320,5,False,49322fc37a509fcc19c4c2dcba27f571d7e08725b0f688e5e6e2da549664253f,Across-draw descriptive variation; count and density share fixed U; not identity stability or independent evidence,30.2,14.324803663575986,6.0,44.0,38.0,0.0012417763157894738,0.0005890133085351967,0.0002467105263157895,0.0018092105263157895,0.0015625,False
qwen4b,model.layers.3.self_attn.k_proj,2560,5,False,49322fc37a509fcc19c4c2dcba27f571d7e08725b0f688e5e6e2da549664253f,Across-draw descriptive variation; count and density share fixed U; not identity stability or independent evidence,0.6,0.5477225575051662,0.0,1.0,1.0,0.00023437500000000005,0.00021395412402545552,0.0,0.000390625,0.000390625,False
qwen4b,model.layers.3.self_attn.o_proj,10240,5,False,49322fc37a509fcc19c4c2dcba27f571d7e08725b0f688e5e6e2da549664253f,Across-draw descriptive variation; count and density share fixed U; not identity stability or independent evidence,20.8,14.411800720243116,2.0,38.0,36.0,0.0020312499999999996,0.0014074024140862417,0.0001953125,0.0037109375,0.0035156249999999997,False
qwen4b,model.layers.3.self_attn.q_proj,10240,5,False,49322fc37a509fcc19c4c2dcba27f571d7e08725b0f688e5e6e2da549664253f,Across-draw descriptive variation; count and density share fixed U; not identity stability or independent evidence,1.0,0.7071067811865476,0.0,2.0,2.0,9.765625e-05,6.90533966002488e-05,0.0,0.0001953125,0.0001953125,False
qwen4b,model.layers.3.self_attn.v_proj,2560,5,False,49322fc37a509fcc19c4c2dcba27f571d7e08725b0f688e5e6e2da549664253f,Across-draw descriptive variation; count and density share fixed U; not identity stability or independent evidence,16.4,10.406728592598157,2.0,28.0,26.0,0.00640625,0.0040651283564836545,0.00078125,0.0109375,0.010156249999999999,False
qwen4b,model.layers.30.mlp.down_proj,24320,5,False,49322fc37a509fcc19c4c2dcba27f571d7e08725b0f688e5e6e2da549664253f,Across-draw descriptive variation; count and density share fixed U; not identity stability or independent evidence,7.4,3.646916505762094,3.0,12.0,9.0,0.0003042763157894737,0.00014995544842771768,0.00012335526315789474,0.000493421052631579,0.0003700657894736842,False
qwen4b,model.layers.30.mlp.gate_proj,24320,5,False,49322fc37a509fcc19c4c2dcba27f571d7e08725b0f688e5e6e2da549664253f,Across-draw descriptive variation; count and density share fixed U; not identity stability or independent evidence,1.8,1.30384048104053,1.0,4.0,3.0,7.401315789473686e-05,5.3611861884890205e-05,4.111842105263158e-05,0.0001644736842105263,0.00012335526315789474,False
qwen4b,model.layers.30.mlp.up_proj,24320,5,False,49322fc37a509fcc19c4c2dcba27f571d7e08725b0f688e5e6e2da549664253f,Across-draw descriptive variation; count and density share fixed U; not identity stability or independent evidence,2.4,0.5477225575051661,2.0,3.0,1.0,9.868421052631579e-05,2.2521486739521636e-05,8.223684210526316e-05,0.00012335526315789474,4.1118421052631585e-05,False
qwen4b,model.layers.30.self_attn.k_proj,2560,5,False,49322fc37a509fcc19c4c2dcba27f571d7e08725b0f688e5e6e2da549664253f,Across-draw descriptive variation; count and density share fixed U; not identity stability or independent evidence,0.4,0.8944271909999161,0.0,2.0,2.0,0.00015625,0.00034938562148434214,0.0,0.00078125,0.00078125,True
qwen4b,model.layers.30.self_attn.o_proj,10240,5,False,49322fc37a509fcc19c4c2dcba27f571d7e08725b0f688e5e6e2da549664253f,Across-draw descriptive variation; count and density share fixed U; not identity stability or independent evidence,13.2,1.4832396974191326,11.0,15.0,4.0,0.0012890624999999998,0.0001448476267010871,0.00107421875,0.00146484375,0.0003906249999999999,False
qwen4b,model.layers.30.self_attn.q_proj,10240,5,False,49322fc37a509fcc19c4c2dcba27f571d7e08725b0f688e5e6e2da549664253f,Across-draw descriptive variation; count and density share fixed U; not identity stability or independent evidence,4.6,2.5099800796022267,2.0,7.0,5.0,0.0004492187500000001,0.00024511524214865493,0.0001953125,0.00068359375,0.00048828124999999995,False
qwen4b,model.layers.30.self_attn.v_proj,2560,5,False,49322fc37a509fcc19c4c2dcba27f571d7e08725b0f688e5e6e2da549664253f,Across-draw descriptive variation; count and density share fixed U; not identity stability or independent evidence,3.2,0.8366600265340756,2.0,4.0,2.0,0.00125,0.0003268203228648733,0.00078125,0.0015625,0.00078125,False
qwen4b,model.layers.31.mlp.down_proj,24320,5,False,49322fc37a509fcc19c4c2dcba27f571d7e08725b0f688e5e6e2da549664253f,Across-draw descriptive variation; count and density share fixed U; not identity stability or independent evidence,4.2,3.1937438845342623,0.0,8.0,8.0,0.0001726973684210526,0.00013132170577854699,0.0,0.0003289473684210526,0.0003289473684210526,False
qwen4b,model.layers.31.mlp.gate_proj,24320,5,False,49322fc37a509fcc19c4c2dcba27f571d7e08725b0f688e5e6e2da549664253f,Across-draw descriptive variation; count and density share fixed U; not identity stability or independent evidence,2.0,1.224744871391589,1.0,4.0,3.0,8.223684210526316e-05,5.035957530393047e-05,4.111842105263158e-05,0.0001644736842105263,0.00012335526315789474,False
qwen4b,model.layers.31.mlp.up_proj,24320,5,False,49322fc37a509fcc19c4c2dcba27f571d7e08725b0f688e5e6e2da549664253f,Across-draw descriptive variation; count and density share fixed U; not identity stability or independent evidence,2.2,0.4472135954999579,2.0,3.0,1.0,9.046052631578948e-05,1.8388716920228536e-05,8.223684210526316e-05,0.00012335526315789474,4.1118421052631585e-05,False
qwen4b,model.layers.31.self_attn.k_proj,2560,5,False,49322fc37a509fcc19c4c2dcba27f571d7e08725b0f688e5e6e2da549664253f,Across-draw descriptive variation; count and density share fixed U; not identity stability or independent evidence,0.2,0.44721359549995804,0.0,1.0,1.0,7.8125e-05,0.00017469281074217107,0.0,0.000390625,0.000390625,True
qwen4b,model.layers.31.self_attn.o_proj,10240,5,False,49322fc37a509fcc19c4c2dcba27f571d7e08725b0f688e5e6e2da549664253f,Across-draw descriptive variation; count and density share fixed U; not identity stability or independent evidence,13.8,8.167006795638168,8.0,28.0,20.0,0.00134765625,0.0007975592573865397,0.00078125,0.002734375,0.0019531249999999998,False
qwen4b,model.layers.31.self_attn.q_proj,10240,5,False,49322fc37a509fcc19c4c2dcba27f571d7e08725b0f688e5e6e2da549664253f,Across-draw descriptive variation; count and density share fixed U; not identity stability or independent evidence,0.8,0.8366600265340756,0.0,2.0,2.0,7.8125e-05,8.170508071621833e-05,0.0,0.0001953125,0.0001953125,False
qwen4b,model.layers.31.self_attn.v_proj,2560,5,False,49322fc37a509fcc19c4c2dcba27f571d7e08725b0f688e5e6e2da549664253f,Across-draw descriptive variation; count and density share fixed U; not identity stability or independent evidence,1.6,1.3416407864998738,0.0,3.0,3.0,0.0006249999999999999,0.0005240784322265131,0.0,0.001171875,0.001171875,False
qwen4b,model.layers.32.mlp.down_proj,24320,5,False,49322fc37a509fcc19c4c2dcba27f571d7e08725b0f688e5e6e2da549664253f,Across-draw descriptive variation; count and density share fixed U; not identity stability or independent evidence,10.4,1.816590212458495,8.0,12.0,4.0,0.00042763157894736844,7.469532123595785e-05,0.0003289473684210526,0.000493421052631579,0.00016447368421052634,False
qwen4b,model.layers.32.mlp.gate_proj,24320,5,False,49322fc37a509fcc19c4c2dcba27f571d7e08725b0f688e5e6e2da549664253f,Across-draw descriptive variation; count and density share fixed U; not identity stability or independent evidence,3.4,2.701851217221259,0.0,7.0,7.0,0.00013980263157894736,0.00011109585597126887,0.0,0.000287828947368421,0.000287828947368421,False
qwen4b,model.layers.32.mlp.up_proj,24320,5,False,49322fc37a509fcc19c4c2dcba27f571d7e08725b0f688e5e6e2da549664253f,Across-draw descriptive variation; count and density share fixed U; not identity stability or independent evidence,6.0,2.5495097567963922,3.0,9.0,6.0,0.0002467105263157895,0.0001048318156577464,0.00012335526315789474,0.0003700657894736842,0.0002467105263157895,False
qwen4b,model.layers.32.self_attn.k_proj,2560,5,False,49322fc37a509fcc19c4c2dcba27f571d7e08725b0f688e5e6e2da549664253f,Across-draw descriptive variation; count and density share fixed U; not identity stability or independent evidence,1.0,1.224744871391589,0.0,3.0,3.0,0.000390625,0.00047841596538733945,0.0,0.001171875,0.001171875,False
qwen4b,model.layers.32.self_attn.o_proj,10240,5,False,49322fc37a509fcc19c4c2dcba27f571d7e08725b0f688e5e6e2da549664253f,Across-draw descriptive variation; count and density share fixed U; not identity stability or independent evidence,16.6,7.197221686178634,10.0,28.0,18.0,0.0016210937499999997,0.000702853680290882,0.0009765625,0.002734375,0.0017578124999999998,False
qwen4b,model.layers.32.self_attn.q_proj,10240,5,False,49322fc37a509fcc19c4c2dcba27f571d7e08725b0f688e5e6e2da549664253f,Across-draw descriptive variation; count and density share fixed U; not identity stability or independent evidence,8.6,7.733045971672482,2.0,18.0,16.0,0.0008398437500000001,0.0007551802706711408,0.0001953125,0.0017578125,0.0015625,False
qwen4b,model.layers.32.self_attn.v_proj,2560,5,False,49322fc37a509fcc19c4c2dcba27f571d7e08725b0f688e5e6e2da549664253f,Across-draw descriptive variation; count and density share fixed U; not identity stability or independent evidence,9.0,3.6742346141747673,3.0,12.0,9.0,0.003515625,0.0014352478961620185,0.001171875,0.0046875,0.0035156249999999997,False
qwen4b,model.layers.33.mlp.down_proj,24320,5,False,49322fc37a509fcc19c4c2dcba27f571d7e08725b0f688e5e6e2da549664253f,Across-draw descriptive variation; count and density share fixed U; not identity stability or independent evidence,21.0,8.48528137423857,15.0,33.0,18.0,0.0008634868421052632,0.0003489013722959939,0.0006167763157894736,0.0013569078947368422,0.0007401315789473686,False
qwen4b,model.layers.33.mlp.gate_proj,24320,5,False,49322fc37a509fcc19c4c2dcba27f571d7e08725b0f688e5e6e2da549664253f,Across-draw descriptive variation; count and density share fixed U; not identity stability or independent evidence,9.2,3.63318042491699,6.0,14.0,8.0,0.0003782894736842105,0.00014939064247191568,0.0002467105263157895,0.000575657894736842,0.00032894736842105257,False
qwen4b,model.layers.33.mlp.up_proj,24320,5,False,49322fc37a509fcc19c4c2dcba27f571d7e08725b0f688e5e6e2da549664253f,Across-draw descriptive variation; count and density share fixed U; not identity stability or independent evidence,12.8,7.918333157931662,7.0,26.0,19.0,0.0005263157894736842,0.00032558935682284795,0.000287828947368421,0.0010690789473684211,0.00078125,False
qwen4b,model.layers.33.self_attn.k_proj,2560,5,False,49322fc37a509fcc19c4c2dcba27f571d7e08725b0f688e5e6e2da549664253f,Across-draw descriptive variation; count and density share fixed U; not identity stability or independent evidence,1.0,0.7071067811865476,0.0,2.0,2.0,0.000390625,0.0002762135864009952,0.0,0.00078125,0.00078125,False
qwen4b,model.layers.33.self_attn.o_proj,10240,5,False,49322fc37a509fcc19c4c2dcba27f571d7e08725b0f688e5e6e2da549664253f,Across-draw descriptive variation; count and density share fixed U; not identity stability or independent evidence,25.0,11.0,16.0,38.0,22.0,0.00244140625,0.00107421875,0.0015625,0.0037109375,0.0021484374999999997,False
qwen4b,model.layers.33.self_attn.q_proj,10240,5,False,49322fc37a509fcc19c4c2dcba27f571d7e08725b0f688e5e6e2da549664253f,Across-draw descriptive variation; count and density share fixed U; not identity stability or independent evidence,1.6,0.5477225575051661,1.0,2.0,1.0,0.00015625,5.348853100636388e-05,9.765625e-05,0.0001953125,9.765625e-05,False
qwen4b,model.layers.33.self_attn.v_proj,2560,5,False,49322fc37a509fcc19c4c2dcba27f571d7e08725b0f688e5e6e2da549664253f,Across-draw descriptive variation; count and density share fixed U; not identity stability or independent evidence,8.8,3.271085446759225,4.0,13.0,9.0,0.0034375000000000005,0.0012777677526403224,0.0015625,0.005078125,0.003515625,False
qwen4b,model.layers.34.mlp.down_proj,24320,5,False,49322fc37a509fcc19c4c2dcba27f571d7e08725b0f688e5e6e2da549664253f,Across-draw descriptive variation; count and density share fixed U; not identity stability or independent evidence,302.4,45.87264980355942,240.0,361.0,121.0,0.01243421052631579,0.0018862109294226733,0.009868421052631578,0.01484375,0.004975328947368421,False
qwen4b,model.layers.34.mlp.gate_proj,24320,5,False,49322fc37a509fcc19c4c2dcba27f571d7e08725b0f688e5e6e2da549664253f,Across-draw descriptive variation; count and density share fixed U; not identity stability or independent evidence,51.2,5.761944116355173,43.0,59.0,16.0,0.002105263157894737,0.00023692204425802526,0.001768092105263158,0.0024259868421052633,0.0006578947368421054,False
qwen4b,model.layers.34.mlp.up_proj,24320,5,False,49322fc37a509fcc19c4c2dcba27f571d7e08725b0f688e5e6e2da549664253f,Across-draw descriptive variation; count and density share fixed U; not identity stability or independent evidence,40.2,10.353743284435827,25.0,51.0,26.0,0.0016529605263157893,0.000425729575840289,0.0010279605263157894,0.0020970394736842105,0.0010690789473684211,False
qwen4b,model.layers.34.self_attn.k_proj,2560,5,False,49322fc37a509fcc19c4c2dcba27f571d7e08725b0f688e5e6e2da549664253f,Across-draw descriptive variation; count and density share fixed U; not identity stability or independent evidence,9.8,3.7682887362833544,6.0,14.0,8.0,0.0038281249999999995,0.0014719877876106853,0.00234375,0.00546875,0.0031249999999999997,False
qwen4b,model.layers.34.self_attn.o_proj,10240,5,False,49322fc37a509fcc19c4c2dcba27f571d7e08725b0f688e5e6e2da549664253f,Across-draw descriptive variation; count and density share fixed U; not identity stability or independent evidence,66.4,42.52411080786993,38.0,139.0,101.0,0.006484374999999999,0.0041527451960810475,0.0037109375,0.01357421875,0.009863281250000001,False
qwen4b,model.layers.34.self_attn.q_proj,10240,5,False,49322fc37a509fcc19c4c2dcba27f571d7e08725b0f688e5e6e2da549664253f,Across-draw descriptive variation; count and density share fixed U; not identity stability or independent evidence,45.8,28.873863614002197,19.0,80.0,61.0,0.00447265625,0.002819713243554902,0.00185546875,0.0078125,0.00595703125,False
qwen4b,model.layers.34.self_attn.v_proj,2560,5,False,49322fc37a509fcc19c4c2dcba27f571d7e08725b0f688e5e6e2da549664253f,Across-draw descriptive variation; count and density share fixed U; not identity stability or independent evidence,19.6,6.61815684310972,14.0,31.0,17.0,0.007656250000000001,0.002585217516839734,0.00546875,0.012109375,0.006640625000000001,False
qwen4b,model.layers.35.mlp.down_proj,24320,5,False,49322fc37a509fcc19c4c2dcba27f571d7e08725b0f688e5e6e2da549664253f,Across-draw descriptive variation; count and density share fixed U; not identity stability or independent evidence,628.6,62.75587621888487,563.0,721.0,158.0,0.02584703947368421,0.0025804225418949367,0.02314967105263158,0.02964638157894737,0.006496710526315789,False
qwen4b,model.layers.35.mlp.gate_proj,24320,5,False,49322fc37a509fcc19c4c2dcba27f571d7e08725b0f688e5e6e2da549664253f,Across-draw descriptive variation; count and density share fixed U; not identity stability or independent evidence,48.4,3.286335345030997,44.0,53.0,9.0,0.001990131578947369,0.00013512892043712976,0.0018092105263157895,0.0021792763157894735,0.00037006578947368406,False
qwen4b,model.layers.35.mlp.up_proj,24320,5,False,49322fc37a509fcc19c4c2dcba27f571d7e08725b0f688e5e6e2da549664253f,Across-draw descriptive variation; count and density share fixed U; not identity stability or independent evidence,83.8,11.432410069622241,68.0,100.0,32.0,0.0034457236842105263,0.0004700826508890723,0.0027960526315789474,0.004111842105263158,0.0013157894736842103,False
qwen4b,model.layers.35.self_attn.k_proj,2560,5,False,49322fc37a509fcc19c4c2dcba27f571d7e08725b0f688e5e6e2da549664253f,Across-draw descriptive variation; count and density share fixed U; not identity stability or independent evidence,11.0,6.782329983125268,5.0,21.0,16.0,0.004296875,0.0026493476496583083,0.001953125,0.008203125,0.00625,False
qwen4b,model.layers.35.self_attn.o_proj,10240,5,False,49322fc37a509fcc19c4c2dcba27f571d7e08725b0f688e5e6e2da549664253f,Across-draw descriptive variation; count and density share fixed U; not identity stability or independent evidence,66.4,13.794926603646719,53.0,84.0,31.0,0.0064843750000000006,0.001347160801137375,0.00517578125,0.008203125,0.0030273437500000005,False
qwen4b,model.layers.35.self_attn.q_proj,10240,5,False,49322fc37a509fcc19c4c2dcba27f571d7e08725b0f688e5e6e2da549664253f,Across-draw descriptive variation; count and density share fixed U; not identity stability or independent evidence,18.8,7.5960516059331775,10.0,30.0,20.0,0.0018359375000000001,0.0007418019146419118,0.0009765625,0.0029296875,0.001953125,False
qwen4b,model.layers.35.self_attn.v_proj,2560,5,False,49322fc37a509fcc19c4c2dcba27f571d7e08725b0f688e5e6e2da549664253f,Across-draw descriptive variation; count and density share fixed U; not identity stability or independent evidence,30.6,11.148990985734988,21.0,47.0,26.0,0.011953125,0.00435507460380273,0.008203125,0.018359375,0.01015625,False
qwen4b,model.layers.4.mlp.down_proj,24320,5,False,49322fc37a509fcc19c4c2dcba27f571d7e08725b0f688e5e6e2da549664253f,Across-draw descriptive variation; count and density share fixed U; not identity stability or independent evidence,7.0,5.958187643906492,1.0,15.0,14.0,0.000287828947368421,0.00024499126825273406,4.111842105263158e-05,0.0006167763157894736,0.000575657894736842,False
qwen4b,model.layers.4.mlp.gate_proj,24320,5,False,49322fc37a509fcc19c4c2dcba27f571d7e08725b0f688e5e6e2da549664253f,Across-draw descriptive variation; count and density share fixed U; not identity stability or independent evidence,7.6,4.505552130427524,0.0,11.0,11.0,0.0003125,0.00018526118957350017,0.0,0.00045230263157894736,0.00045230263157894736,False
qwen4b,model.layers.4.mlp.up_proj,24320,5,False,49322fc37a509fcc19c4c2dcba27f571d7e08725b0f688e5e6e2da549664253f,Across-draw descriptive variation; count and density share fixed U; not identity stability or independent evidence,16.8,7.726577508832743,5.0,24.0,19.0,0.0006907894736842106,0.00031770466730397795,0.00020559210526315788,0.000986842105263158,0.00078125,False
qwen4b,model.layers.4.self_attn.k_proj,2560,5,False,49322fc37a509fcc19c4c2dcba27f571d7e08725b0f688e5e6e2da549664253f,Across-draw descriptive variation; count and density share fixed U; not identity stability or independent evidence,0.2,0.44721359549995804,0.0,1.0,1.0,7.8125e-05,0.00017469281074217107,0.0,0.000390625,0.000390625,True
qwen4b,model.layers.4.self_attn.o_proj,10240,5,False,49322fc37a509fcc19c4c2dcba27f571d7e08725b0f688e5e6e2da549664253f,Across-draw descriptive variation; count and density share fixed U; not identity stability or independent evidence,7.8,5.630275304103699,2.0,16.0,14.0,0.00076171875,0.0005498315726663769,0.0001953125,0.0015625,0.0013671875000000001,False
qwen4b,model.layers.4.self_attn.q_proj,10240,5,False,49322fc37a509fcc19c4c2dcba27f571d7e08725b0f688e5e6e2da549664253f,Across-draw descriptive variation; count and density share fixed U; not identity stability or independent evidence,1.8,1.0954451150103321,0.0,3.0,3.0,0.00017578125000000002,0.00010697706201272776,0.0,0.00029296875,0.00029296875,False
qwen4b,model.layers.4.self_attn.v_proj,2560,5,False,49322fc37a509fcc19c4c2dcba27f571d7e08725b0f688e5e6e2da549664253f,Across-draw descriptive variation; count and density share fixed U; not identity stability or independent evidence,10.8,6.978538528947161,1.0,20.0,19.0,0.004218749999999999,0.0027259916128699845,0.000390625,0.0078125,0.007421875,False
qwen4b,model.layers.5.mlp.down_proj,24320,5,False,49322fc37a509fcc19c4c2dcba27f571d7e08725b0f688e5e6e2da549664253f,Across-draw descriptive variation; count and density share fixed U; not identity stability or independent evidence,3.0,2.23606797749979,0.0,6.0,6.0,0.00012335526315789474,9.194358460114268e-05,0.0,0.0002467105263157895,0.0002467105263157895,False
qwen4b,model.layers.5.mlp.gate_proj,24320,5,False,49322fc37a509fcc19c4c2dcba27f571d7e08725b0f688e5e6e2da549664253f,Across-draw descriptive variation; count and density share fixed U; not identity stability or independent evidence,9.8,5.540758070878027,1.0,15.0,14.0,0.0004029605263157895,0.00022782722330912938,4.111842105263158e-05,0.0006167763157894736,0.000575657894736842,False
qwen4b,model.layers.5.mlp.up_proj,24320,5,False,49322fc37a509fcc19c4c2dcba27f571d7e08725b0f688e5e6e2da549664253f,Across-draw descriptive variation; count and density share fixed U; not identity stability or independent evidence,10.2,5.540758070878027,2.0,17.0,15.0,0.00041940789473684213,0.00022782722330912943,8.223684210526316e-05,0.0006990131578947368,0.0006167763157894736,False
qwen4b,model.layers.5.self_attn.k_proj,2560,5,False,49322fc37a509fcc19c4c2dcba27f571d7e08725b0f688e5e6e2da549664253f,Across-draw descriptive variation; count and density share fixed U; not identity stability or independent evidence,0.2,0.44721359549995804,0.0,1.0,1.0,7.8125e-05,0.00017469281074217107,0.0,0.000390625,0.000390625,False
qwen4b,model.layers.5.self_attn.o_proj,10240,5,False,49322fc37a509fcc19c4c2dcba27f571d7e08725b0f688e5e6e2da549664253f,Across-draw descriptive variation; count and density share fixed U; not identity stability or independent evidence,13.6,9.813256340277675,0.0,24.0,24.0,0.0013281249999999999,0.0009583258144802417,0.0,0.00234375,0.00234375,False
qwen4b,model.layers.5.self_attn.q_proj,10240,5,False,49322fc37a509fcc19c4c2dcba27f571d7e08725b0f688e5e6e2da549664253f,Across-draw descriptive variation; count and density share fixed U; not identity stability or independent evidence,0.6,0.5477225575051662,0.0,1.0,1.0,5.859375000000001e-05,5.348853100636388e-05,0.0,9.765625e-05,9.765625e-05,False
qwen4b,model.layers.5.self_attn.v_proj,2560,5,False,49322fc37a509fcc19c4c2dcba27f571d7e08725b0f688e5e6e2da549664253f,Across-draw descriptive variation; count and density share fixed U; not identity stability or independent evidence,7.4,4.878524367060187,0.0,13.0,13.0,0.002890625,0.0019056735808828855,0.0,0.005078125,0.005078125,False
qwen4b,model.layers.6.mlp.down_proj,24320,5,False,49322fc37a509fcc19c4c2dcba27f571d7e08725b0f688e5e6e2da549664253f,Across-draw descriptive variation; count and density share fixed U; not identity stability or independent evidence,21.0,9.192388155425117,5.0,28.0,23.0,0.000863486842105263,0.0003779764866539933,0.00020559210526315788,0.001151315789473684,0.0009457236842105262,False
qwen4b,model.layers.6.mlp.gate_proj,24320,5,False,49322fc37a509fcc19c4c2dcba27f571d7e08725b0f688e5e6e2da549664253f,Across-draw descriptive variation; count and density share fixed U; not identity stability or independent evidence,9.0,4.06201920231798,2.0,12.0,10.0,0.0003700657894736842,0.00016702381588478538,8.223684210526316e-05,0.000493421052631579,0.0004111842105263158,False
qwen4b,model.layers.6.mlp.up_proj,24320,5,False,49322fc37a509fcc19c4c2dcba27f571d7e08725b0f688e5e6e2da549664253f,Across-draw descriptive variation; count and density share fixed U; not identity stability or independent evidence,17.6,5.594640292279745,8.0,22.0,14.0,0.0007236842105263158,0.0002300427751759764,0.0003289473684210526,0.0009046052631578947,0.0005756578947368422,False
qwen4b,model.layers.6.self_attn.k_proj,2560,5,False,49322fc37a509fcc19c4c2dcba27f571d7e08725b0f688e5e6e2da549664253f,Across-draw descriptive variation; count and density share fixed U; not identity stability or independent evidence,0.2,0.44721359549995804,0.0,1.0,1.0,7.8125e-05,0.00017469281074217107,0.0,0.000390625,0.000390625,True
qwen4b,model.layers.6.self_attn.o_proj,10240,5,False,49322fc37a509fcc19c4c2dcba27f571d7e08725b0f688e5e6e2da549664253f,Across-draw descriptive variation; count and density share fixed U; not identity stability or independent evidence,7.0,5.0990195135927845,0.0,14.0,14.0,0.00068359375,0.0004979511243742953,0.0,0.0013671875,0.0013671875,False
qwen4b,model.layers.6.self_attn.q_proj,10240,5,False,49322fc37a509fcc19c4c2dcba27f571d7e08725b0f688e5e6e2da549664253f,Across-draw descriptive variation; count and density share fixed U; not identity stability or independent evidence,2.4,2.0736441353327724,0.0,5.0,5.0,0.000234375,0.00020250431009109104,0.0,0.00048828125,0.00048828125,False
qwen4b,model.layers.6.self_attn.v_proj,2560,5,False,49322fc37a509fcc19c4c2dcba27f571d7e08725b0f688e5e6e2da549664253f,Across-draw descriptive variation; count and density share fixed U; not identity stability or independent evidence,3.6,2.6076809620810595,0.0,6.0,6.0,0.0014062500000000002,0.001018625375812914,0.0,0.00234375,0.00234375,False
qwen4b,model.layers.7.mlp.down_proj,24320,5,False,49322fc37a509fcc19c4c2dcba27f571d7e08725b0f688e5e6e2da549664253f,Across-draw descriptive variation; count and density share fixed U; not identity stability or independent evidence,2.2,1.7888543819998317,0.0,4.0,4.0,9.046052631578948e-05,7.355486768091413e-05,0.0,0.0001644736842105263,0.0001644736842105263,False
qwen4b,model.layers.7.mlp.gate_proj,24320,5,False,49322fc37a509fcc19c4c2dcba27f571d7e08725b0f688e5e6e2da549664253f,Across-draw descriptive variation; count and density share fixed U; not identity stability or independent evidence,7.4,3.2093613071762426,2.0,10.0,8.0,0.0003042763157894737,0.00013196386953849684,8.223684210526316e-05,0.00041118421052631577,0.0003289473684210526,False
qwen4b,model.layers.7.mlp.up_proj,24320,5,False,49322fc37a509fcc19c4c2dcba27f571d7e08725b0f688e5e6e2da549664253f,Across-draw descriptive variation; count and density share fixed U; not identity stability or independent evidence,11.2,5.890670590009257,2.0,17.0,15.0,0.0004605263157894736,0.00024221507360235427,8.223684210526316e-05,0.0006990131578947368,0.0006167763157894736,False
qwen4b,model.layers.7.self_attn.k_proj,2560,5,False,49322fc37a509fcc19c4c2dcba27f571d7e08725b0f688e5e6e2da549664253f,Across-draw descriptive variation; count and density share fixed U; not identity stability or independent evidence,0.8,0.8366600265340756,0.0,2.0,2.0,0.0003125,0.0003268203228648733,0.0,0.00078125,0.00078125,False
qwen4b,model.layers.7.self_attn.o_proj,10240,5,False,49322fc37a509fcc19c4c2dcba27f571d7e08725b0f688e5e6e2da549664253f,Across-draw descriptive variation; count and density share fixed U; not identity stability or independent evidence,24.6,12.759310326189265,3.0,35.0,32.0,0.00240234375,0.0012460263990419205,0.00029296875,0.00341796875,0.003125,False
qwen4b,model.layers.7.self_attn.q_proj,10240,5,False,49322fc37a509fcc19c4c2dcba27f571d7e08725b0f688e5e6e2da549664253f,Across-draw descriptive variation; count and density share fixed U; not identity stability or independent evidence,3.4,3.507135583350036,0.0,9.0,9.0,0.00033203125,0.000342493709311527,0.0,0.00087890625,0.00087890625,False
qwen4b,model.layers.7.self_attn.v_proj,2560,5,False,49322fc37a509fcc19c4c2dcba27f571d7e08725b0f688e5e6e2da549664253f,Across-draw descriptive variation; count and density share fixed U; not identity stability or independent evidence,2.0,2.345207879911715,0.0,5.0,5.0,0.00078125,0.0009160968280905136,0.0,0.001953125,0.001953125,False
qwen4b,model.layers.8.mlp.down_proj,24320,5,False,49322fc37a509fcc19c4c2dcba27f571d7e08725b0f688e5e6e2da549664253f,Across-draw descriptive variation; count and density share fixed U; not identity stability or independent evidence,2.0,0.7071067811865476,1.0,3.0,2.0,8.223684210526316e-05,2.907511435799949e-05,4.111842105263158e-05,0.00012335526315789474,8.223684210526317e-05,False
qwen4b,model.layers.8.mlp.gate_proj,24320,5,False,49322fc37a509fcc19c4c2dcba27f571d7e08725b0f688e5e6e2da549664253f,Across-draw descriptive variation; count and density share fixed U; not identity stability or independent evidence,4.4,2.3021728866442674,2.0,8.0,6.0,0.00018092105263157896,9.466171408899126e-05,8.223684210526316e-05,0.0003289473684210526,0.0002467105263157895,False
qwen4b,model.layers.8.mlp.up_proj,24320,5,False,49322fc37a509fcc19c4c2dcba27f571d7e08725b0f688e5e6e2da549664253f,Across-draw descriptive variation; count and density share fixed U; not identity stability or independent evidence,5.4,2.5099800796022267,3.0,9.0,6.0,0.00022203947368421053,0.00010320641774680208,0.00012335526315789474,0.0003700657894736842,0.0002467105263157895,False
qwen4b,model.layers.8.self_attn.k_proj,2560,5,False,49322fc37a509fcc19c4c2dcba27f571d7e08725b0f688e5e6e2da549664253f,Across-draw descriptive variation; count and density share fixed U; not identity stability or independent evidence,0.4,0.5477225575051662,0.0,1.0,1.0,0.00015625,0.00021395412402545552,0.0,0.000390625,0.000390625,False
qwen4b,model.layers.8.self_attn.o_proj,10240,5,False,49322fc37a509fcc19c4c2dcba27f571d7e08725b0f688e5e6e2da549664253f,Across-draw descriptive variation; count and density share fixed U; not identity stability or independent evidence,9.0,6.324555320336759,2.0,18.0,16.0,0.00087890625,0.0006176323555016366,0.0001953125,0.0017578125,0.0015625,False
qwen4b,model.layers.8.self_attn.q_proj,10240,5,False,49322fc37a509fcc19c4c2dcba27f571d7e08725b0f688e5e6e2da549664253f,Across-draw descriptive variation; count and density share fixed U; not identity stability or independent evidence,2.0,1.5811388300841898,0.0,4.0,4.0,0.0001953125,0.00015440808887540915,0.0,0.000390625,0.000390625,False
qwen4b,model.layers.8.self_attn.v_proj,2560,5,False,49322fc37a509fcc19c4c2dcba27f571d7e08725b0f688e5e6e2da549664253f,Across-draw descriptive variation; count and density share fixed U; not identity stability or independent evidence,0.6,0.8944271909999159,0.0,2.0,2.0,0.00023437500000000005,0.0003493856214843422,0.0,0.00078125,0.00078125,True
qwen4b,model.layers.9.mlp.down_proj,24320,5,False,49322fc37a509fcc19c4c2dcba27f571d7e08725b0f688e5e6e2da549664253f,Across-draw descriptive variation; count and density share fixed U; not identity stability or independent evidence,6.0,3.5355339059327378,1.0,10.0,9.0,0.0002467105263157895,0.00014537557178999743,4.111842105263158e-05,0.00041118421052631577,0.00037006578947368417,False
qwen4b,model.layers.9.mlp.gate_proj,24320,5,False,49322fc37a509fcc19c4c2dcba27f571d7e08725b0f688e5e6e2da549664253f,Across-draw descriptive variation; count and density share fixed U; not identity stability or independent evidence,7.2,3.7013511046643495,2.0,11.0,9.0,0.00029605263157894733,0.00015219371318521174,8.223684210526316e-05,0.00045230263157894736,0.0003700657894736842,False
qwen4b,model.layers.9.mlp.up_proj,24320,5,False,49322fc37a509fcc19c4c2dcba27f571d7e08725b0f688e5e6e2da549664253f,Across-draw descriptive variation; count and density share fixed U; not identity stability or independent evidence,10.8,6.534523701081817,4.0,18.0,14.0,0.00044407894736842106,0.00026868929691948256,0.0001644736842105263,0.0007401315789473684,0.0005756578947368422,False
qwen4b,model.layers.9.self_attn.k_proj,2560,5,False,49322fc37a509fcc19c4c2dcba27f571d7e08725b0f688e5e6e2da549664253f,Across-draw descriptive variation; count and density share fixed U; not identity stability or independent evidence,0.6,0.8944271909999157,0.0,2.0,2.0,0.00023437500000000005,0.0003493856214843422,0.0,0.00078125,0.00078125,False
qwen4b,model.layers.9.self_attn.o_proj,10240,5,False,49322fc37a509fcc19c4c2dcba27f571d7e08725b0f688e5e6e2da549664253f,Across-draw descriptive variation; count and density share fixed U; not identity stability or independent evidence,26.8,16.31563667161046,2.0,47.0,45.0,0.0026171874999999997,0.0015933238937119588,0.0001953125,0.00458984375,0.00439453125,False
qwen4b,model.layers.9.self_attn.q_proj,10240,5,False,49322fc37a509fcc19c4c2dcba27f571d7e08725b0f688e5e6e2da549664253f,Across-draw descriptive variation; count and density share fixed U; not identity stability or independent evidence,3.4,4.39317652729776,0.0,11.0,11.0,0.00033203125,0.00042902114524392184,0.0,0.00107421875,0.00107421875,False
qwen4b,model.layers.9.self_attn.v_proj,2560,5,False,49322fc37a509fcc19c4c2dcba27f571d7e08725b0f688e5e6e2da549664253f,Across-draw descriptive variation; count and density share fixed U; not identity stability or independent evidence,1.8,2.9495762407505253,0.0,7.0,7.0,0.000703125,0.0011521782190431738,0.0,0.002734375,0.002734375,False
