model,draw,module,approving,veto_total,predicted_harmful,favorable_uncertainty_fail,neutral,invalid,near_zero_upper_abs_le_1e_10,both_means_negative,ce_negative_kl_nonnegative,ce_nonnegative_kl_negative,both_nonnegative,both_pass,only_ce_pass,only_kl_pass,neither_pass
llama8b,seed0,model.layers.0.mlp.down_proj,ce,69,2,67,0,0,0,21135,7822,7939,20448,11,69,88,57176
llama8b,seed0,model.layers.0.mlp.down_proj,kl,88,2,86,0,0,0,21135,7822,7939,20448,11,69,88,57176
llama8b,draw1,model.layers.0.mlp.down_proj,ce,65,0,65,0,0,0,22694,6266,6297,22087,13,65,55,57211
llama8b,draw1,model.layers.0.mlp.down_proj,kl,55,0,55,0,0,0,22694,6266,6297,22087,13,65,55,57211
llama8b,draw2,model.layers.0.mlp.down_proj,ce,66,1,65,0,0,0,22087,6870,6929,21458,5,66,49,57224
llama8b,draw2,model.layers.0.mlp.down_proj,kl,49,0,49,0,0,0,22087,6870,6929,21458,5,66,49,57224
llama8b,draw3,model.layers.0.mlp.down_proj,ce,78,0,78,0,0,0,22544,6330,6571,21899,15,78,40,57211
llama8b,draw3,model.layers.0.mlp.down_proj,kl,40,0,40,0,0,0,22544,6330,6571,21899,15,78,40,57211
llama8b,draw4,model.layers.0.mlp.down_proj,ce,91,0,91,0,0,0,22458,6665,6594,21627,7,91,56,57190
llama8b,draw4,model.layers.0.mlp.down_proj,kl,56,1,55,0,0,0,22458,6665,6594,21627,7,91,56,57190
llama8b,seed0,model.layers.0.mlp.gate_proj,ce,85,1,84,0,0,0,21009,7748,8041,20546,14,85,58,57187
llama8b,seed0,model.layers.0.mlp.gate_proj,kl,58,0,58,0,0,0,21009,7748,8041,20546,14,85,58,57187
llama8b,draw1,model.layers.0.mlp.gate_proj,ce,67,0,67,0,0,0,22733,6238,6440,21933,17,67,34,57226
llama8b,draw1,model.layers.0.mlp.gate_proj,kl,34,0,34,0,0,0,22733,6238,6440,21933,17,67,34,57226
llama8b,draw2,model.layers.0.mlp.gate_proj,ce,65,0,65,0,0,0,22189,6673,6832,21650,5,65,40,57234
llama8b,draw2,model.layers.0.mlp.gate_proj,kl,40,0,40,0,0,0,22189,6673,6832,21650,5,65,40,57234
llama8b,draw3,model.layers.0.mlp.gate_proj,ce,67,0,67,0,0,0,22553,6292,6344,22155,5,67,30,57242
llama8b,draw3,model.layers.0.mlp.gate_proj,kl,30,0,30,0,0,0,22553,6292,6344,22155,5,67,30,57242
llama8b,draw4,model.layers.0.mlp.gate_proj,ce,60,1,59,0,0,0,22681,6121,6409,22133,4,60,31,57249
llama8b,draw4,model.layers.0.mlp.gate_proj,kl,31,0,31,0,0,0,22681,6121,6409,22133,4,60,31,57249
llama8b,seed0,model.layers.0.mlp.up_proj,ce,89,0,89,0,0,0,21372,7753,7913,20306,9,89,58,57188
llama8b,seed0,model.layers.0.mlp.up_proj,kl,58,0,58,0,0,0,21372,7753,7913,20306,9,89,58,57188
llama8b,draw1,model.layers.0.mlp.up_proj,ce,75,0,75,0,0,0,22817,6125,6332,22070,6,75,35,57228
llama8b,draw1,model.layers.0.mlp.up_proj,kl,35,0,35,0,0,0,22817,6125,6332,22070,6,75,35,57228
llama8b,draw2,model.layers.0.mlp.up_proj,ce,71,0,71,0,0,0,22252,6695,6784,21613,9,71,38,57226
llama8b,draw2,model.layers.0.mlp.up_proj,kl,38,1,37,0,0,0,22252,6695,6784,21613,9,71,38,57226
llama8b,draw3,model.layers.0.mlp.up_proj,ce,69,0,69,0,0,0,22591,6421,6333,21999,5,69,37,57233
llama8b,draw3,model.layers.0.mlp.up_proj,kl,37,0,37,0,0,0,22591,6421,6333,21999,5,69,37,57233
llama8b,draw4,model.layers.0.mlp.up_proj,ce,61,3,58,0,0,0,22650,6348,6431,21915,10,61,42,57231
llama8b,draw4,model.layers.0.mlp.up_proj,kl,42,0,42,0,0,0,22650,6348,6431,21915,10,61,42,57231
llama8b,seed0,model.layers.0.self_attn.k_proj,ce,8,0,8,0,0,0,1486,591,596,1423,1,8,7,4080
llama8b,seed0,model.layers.0.self_attn.k_proj,kl,7,0,7,0,0,0,1486,591,596,1423,1,8,7,4080
llama8b,draw1,model.layers.0.self_attn.k_proj,ce,3,0,3,0,0,0,1560,551,538,1447,0,3,10,4083
llama8b,draw1,model.layers.0.self_attn.k_proj,kl,10,0,10,0,0,0,1560,551,538,1447,0,3,10,4083
llama8b,draw2,model.layers.0.self_attn.k_proj,ce,7,0,7,0,0,0,1584,520,570,1422,0,7,8,4081
llama8b,draw2,model.layers.0.self_attn.k_proj,kl,8,1,7,0,0,0,1584,520,570,1422,0,7,8,4081
llama8b,draw3,model.layers.0.self_attn.k_proj,ce,7,0,7,0,0,0,1535,501,530,1530,2,7,8,4079
llama8b,draw3,model.layers.0.self_attn.k_proj,kl,8,0,8,0,0,0,1535,501,530,1530,2,7,8,4079
llama8b,draw4,model.layers.0.self_attn.k_proj,ce,3,0,3,0,0,0,1544,481,493,1578,0,3,2,4091
llama8b,draw4,model.layers.0.self_attn.k_proj,kl,2,0,2,0,0,0,1544,481,493,1578,0,3,2,4091
llama8b,seed0,model.layers.0.self_attn.o_proj,ce,30,0,30,0,0,0,5918,2295,2429,5742,14,30,61,16279
llama8b,seed0,model.layers.0.self_attn.o_proj,kl,61,1,60,0,0,0,5918,2295,2429,5742,14,30,61,16279
llama8b,draw1,model.layers.0.self_attn.o_proj,ce,22,0,22,0,0,0,6343,1913,1950,6178,4,22,42,16316
llama8b,draw1,model.layers.0.self_attn.o_proj,kl,42,1,41,0,0,0,6343,1913,1950,6178,4,22,42,16316
llama8b,draw2,model.layers.0.self_attn.o_proj,ce,26,0,26,0,0,0,6199,2124,2151,5910,6,26,44,16308
llama8b,draw2,model.layers.0.self_attn.o_proj,kl,44,1,43,0,0,0,6199,2124,2151,5910,6,26,44,16308
llama8b,draw3,model.layers.0.self_attn.o_proj,ce,26,0,26,0,0,0,6215,1979,2043,6147,6,26,28,16324
llama8b,draw3,model.layers.0.self_attn.o_proj,kl,28,0,28,0,0,0,6215,1979,2043,6147,6,26,28,16324
llama8b,draw4,model.layers.0.self_attn.o_proj,ce,12,0,12,0,0,0,6377,1900,2013,6094,13,12,45,16314
llama8b,draw4,model.layers.0.self_attn.o_proj,kl,45,0,45,0,0,0,6377,1900,2013,6094,13,12,45,16314
llama8b,seed0,model.layers.0.self_attn.q_proj,ce,30,1,29,0,0,0,5675,2491,2412,5806,2,30,18,16334
llama8b,seed0,model.layers.0.self_attn.q_proj,kl,18,0,18,0,0,0,5675,2491,2412,5806,2,30,18,16334
llama8b,draw1,model.layers.0.self_attn.q_proj,ce,15,0,15,0,0,0,6278,2054,2078,5974,4,15,25,16340
llama8b,draw1,model.layers.0.self_attn.q_proj,kl,25,2,23,0,0,0,6278,2054,2078,5974,4,15,25,16340
llama8b,draw2,model.layers.0.self_attn.q_proj,ce,17,0,17,0,0,0,6210,2148,2101,5925,2,17,29,16336
llama8b,draw2,model.layers.0.self_attn.q_proj,kl,29,5,24,0,0,0,6210,2148,2101,5925,2,17,29,16336
llama8b,draw3,model.layers.0.self_attn.q_proj,ce,15,0,15,0,0,0,6194,2041,2053,6096,4,15,18,16347
llama8b,draw3,model.layers.0.self_attn.q_proj,kl,18,0,18,0,0,0,6194,2041,2053,6096,4,15,18,16347
llama8b,draw4,model.layers.0.self_attn.q_proj,ce,18,0,18,0,0,0,6277,1887,1872,6348,4,18,25,16337
llama8b,draw4,model.layers.0.self_attn.q_proj,kl,25,1,24,0,0,0,6277,1887,1872,6348,4,18,25,16337
llama8b,seed0,model.layers.0.self_attn.v_proj,ce,11,0,11,0,0,0,1542,560,578,1416,8,11,31,4046
llama8b,seed0,model.layers.0.self_attn.v_proj,kl,31,1,30,0,0,0,1542,560,578,1416,8,11,31,4046
llama8b,draw1,model.layers.0.self_attn.v_proj,ce,5,0,5,0,0,0,1655,432,449,1560,5,5,9,4077
llama8b,draw1,model.layers.0.self_attn.v_proj,kl,9,0,9,0,0,0,1655,432,449,1560,5,5,9,4077
llama8b,draw2,model.layers.0.self_attn.v_proj,ce,6,0,6,0,0,0,1609,511,496,1480,1,6,6,4083
llama8b,draw2,model.layers.0.self_attn.v_proj,kl,6,0,6,0,0,0,1609,511,496,1480,1,6,6,4083
llama8b,draw3,model.layers.0.self_attn.v_proj,ce,14,0,14,0,0,0,1616,478,481,1521,5,14,11,4066
llama8b,draw3,model.layers.0.self_attn.v_proj,kl,11,1,10,0,0,0,1616,478,481,1521,5,14,11,4066
llama8b,draw4,model.layers.0.self_attn.v_proj,ce,6,0,6,0,0,0,1619,441,456,1580,5,6,10,4075
llama8b,draw4,model.layers.0.self_attn.v_proj,kl,10,0,10,0,0,0,1619,441,456,1580,5,6,10,4075
llama8b,seed0,model.layers.1.mlp.down_proj,ce,91,1,90,0,0,0,21094,7704,7930,20616,33,91,103,57117
llama8b,seed0,model.layers.1.mlp.down_proj,kl,103,0,103,0,0,0,21094,7704,7930,20616,33,91,103,57117
llama8b,draw1,model.layers.1.mlp.down_proj,ce,71,0,71,0,0,0,22943,5910,5995,22496,40,71,59,57174
llama8b,draw1,model.layers.1.mlp.down_proj,kl,59,0,59,0,0,0,22943,5910,5995,22496,40,71,59,57174
llama8b,draw2,model.layers.1.mlp.down_proj,ce,62,0,62,0,0,0,22593,6514,6702,21535,39,62,64,57179
llama8b,draw2,model.layers.1.mlp.down_proj,kl,64,0,64,0,0,0,22593,6514,6702,21535,39,62,64,57179
llama8b,draw3,model.layers.1.mlp.down_proj,ce,82,1,81,0,0,0,23185,5789,5846,22524,42,82,41,57179
llama8b,draw3,model.layers.1.mlp.down_proj,kl,41,0,41,0,0,0,23185,5789,5846,22524,42,82,41,57179
llama8b,draw4,model.layers.1.mlp.down_proj,ce,71,0,71,0,0,0,22377,6320,6443,22204,36,71,66,57171
llama8b,draw4,model.layers.1.mlp.down_proj,kl,66,0,66,0,0,0,22377,6320,6443,22204,36,71,66,57171
llama8b,seed0,model.layers.1.mlp.gate_proj,ce,80,0,80,0,0,0,20985,7878,7982,20499,20,80,64,57180
llama8b,seed0,model.layers.1.mlp.gate_proj,kl,64,0,64,0,0,0,20985,7878,7982,20499,20,80,64,57180
llama8b,draw1,model.layers.1.mlp.gate_proj,ce,56,0,56,0,0,0,22951,5991,6267,22135,20,56,48,57220
llama8b,draw1,model.layers.1.mlp.gate_proj,kl,48,0,48,0,0,0,22951,5991,6267,22135,20,56,48,57220
llama8b,draw2,model.layers.1.mlp.gate_proj,ce,75,2,73,0,0,0,22348,6786,6760,21450,10,75,50,57209
llama8b,draw2,model.layers.1.mlp.gate_proj,kl,50,0,50,0,0,0,22348,6786,6760,21450,10,75,50,57209
llama8b,draw3,model.layers.1.mlp.gate_proj,ce,71,0,71,0,0,0,23014,5933,5940,22457,16,71,38,57219
llama8b,draw3,model.layers.1.mlp.gate_proj,kl,38,0,38,0,0,0,23014,5933,5940,22457,16,71,38,57219
llama8b,draw4,model.layers.1.mlp.gate_proj,ce,58,0,58,0,0,0,22516,6416,6411,22001,18,58,46,57222
llama8b,draw4,model.layers.1.mlp.gate_proj,kl,46,0,46,0,0,0,22516,6416,6411,22001,18,58,46,57222
llama8b,seed0,model.layers.1.mlp.up_proj,ce,94,3,91,0,0,0,21320,7909,7724,20391,22,94,89,57139
llama8b,seed0,model.layers.1.mlp.up_proj,kl,89,3,86,0,0,0,21320,7909,7724,20391,22,94,89,57139
llama8b,draw1,model.layers.1.mlp.up_proj,ce,74,0,74,0,0,0,22888,6087,6046,22323,18,74,49,57203
llama8b,draw1,model.layers.1.mlp.up_proj,kl,49,0,49,0,0,0,22888,6087,6046,22323,18,74,49,57203
llama8b,draw2,model.layers.1.mlp.up_proj,ce,75,1,74,0,0,0,21922,6752,6930,21740,15,75,61,57193
llama8b,draw2,model.layers.1.mlp.up_proj,kl,61,1,60,0,0,0,21922,6752,6930,21740,15,75,61,57193
llama8b,draw3,model.layers.1.mlp.up_proj,ce,63,0,63,0,0,0,23091,6040,6102,22111,13,63,38,57230
llama8b,draw3,model.layers.1.mlp.up_proj,kl,38,0,38,0,0,0,23091,6040,6102,22111,13,63,38,57230
llama8b,draw4,model.layers.1.mlp.up_proj,ce,72,0,72,0,0,0,22531,6421,6587,21805,19,72,55,57198
llama8b,draw4,model.layers.1.mlp.up_proj,kl,55,1,54,0,0,0,22531,6421,6587,21805,19,72,55,57198
llama8b,seed0,model.layers.1.self_attn.k_proj,ce,17,0,17,0,0,0,1601,416,446,1633,7,17,64,4008
llama8b,seed0,model.layers.1.self_attn.k_proj,kl,64,0,64,0,0,0,1601,416,446,1633,7,17,64,4008
llama8b,draw1,model.layers.1.self_attn.k_proj,ce,9,0,9,0,0,0,1671,404,377,1644,6,9,15,4066
llama8b,draw1,model.layers.1.self_attn.k_proj,kl,15,0,15,0,0,0,1671,404,377,1644,6,9,15,4066
llama8b,draw2,model.layers.1.self_attn.k_proj,ce,4,0,4,0,0,0,1535,485,518,1558,1,4,3,4088
llama8b,draw2,model.layers.1.self_attn.k_proj,kl,3,0,3,0,0,0,1535,485,518,1558,1,4,3,4088
llama8b,draw3,model.layers.1.self_attn.k_proj,ce,6,0,6,0,0,0,1597,438,415,1646,0,6,12,4078
llama8b,draw3,model.layers.1.self_attn.k_proj,kl,12,0,12,0,0,0,1597,438,415,1646,0,6,12,4078
llama8b,draw4,model.layers.1.self_attn.k_proj,ce,5,0,5,0,0,0,1613,492,465,1526,1,5,7,4083
llama8b,draw4,model.layers.1.self_attn.k_proj,kl,7,0,7,0,0,0,1613,492,465,1526,1,5,7,4083
llama8b,seed0,model.layers.1.self_attn.o_proj,ce,45,3,42,0,0,0,6016,2318,2389,5661,15,45,80,16244
llama8b,seed0,model.layers.1.self_attn.o_proj,kl,80,0,80,0,0,0,6016,2318,2389,5661,15,45,80,16244
llama8b,draw1,model.layers.1.self_attn.o_proj,ce,33,0,33,0,0,0,6434,1840,1824,6286,12,33,53,16286
llama8b,draw1,model.layers.1.self_attn.o_proj,kl,53,1,52,0,0,0,6434,1840,1824,6286,12,33,53,16286
llama8b,draw2,model.layers.1.self_attn.o_proj,ce,39,0,39,0,0,0,6193,2065,2144,5982,7,39,60,16278
llama8b,draw2,model.layers.1.self_attn.o_proj,kl,60,1,59,0,0,0,6193,2065,2144,5982,7,39,60,16278
llama8b,draw3,model.layers.1.self_attn.o_proj,ce,45,0,45,0,0,0,6533,1843,1835,6173,14,45,35,16290
llama8b,draw3,model.layers.1.self_attn.o_proj,kl,35,0,35,0,0,0,6533,1843,1835,6173,14,45,35,16290
llama8b,draw4,model.layers.1.self_attn.o_proj,ce,30,0,30,0,0,0,6377,1887,2023,6097,7,30,49,16298
llama8b,draw4,model.layers.1.self_attn.o_proj,kl,49,0,49,0,0,0,6377,1887,2023,6097,7,30,49,16298
llama8b,seed0,model.layers.1.self_attn.q_proj,ce,29,0,29,0,0,0,6088,2244,2202,5850,9,29,191,16155
llama8b,seed0,model.layers.1.self_attn.q_proj,kl,191,1,190,0,0,0,6088,2244,2202,5850,9,29,191,16155
llama8b,draw1,model.layers.1.self_attn.q_proj,ce,38,0,38,0,0,0,6450,1755,1741,6438,11,38,39,16296
llama8b,draw1,model.layers.1.self_attn.q_proj,kl,39,0,39,0,0,0,6450,1755,1741,6438,11,38,39,16296
llama8b,draw2,model.layers.1.self_attn.q_proj,ce,14,0,14,0,0,0,6181,1997,2072,6134,5,14,20,16345
llama8b,draw2,model.layers.1.self_attn.q_proj,kl,20,0,20,0,0,0,6181,1997,2072,6134,5,14,20,16345
llama8b,draw3,model.layers.1.self_attn.q_proj,ce,19,0,19,0,0,0,6332,1988,1915,6149,7,19,43,16315
llama8b,draw3,model.layers.1.self_attn.q_proj,kl,43,0,43,0,0,0,6332,1988,1915,6149,7,19,43,16315
llama8b,draw4,model.layers.1.self_attn.q_proj,ce,25,1,24,0,0,0,6119,2076,2045,6144,8,25,39,16312
llama8b,draw4,model.layers.1.self_attn.q_proj,kl,39,1,38,0,0,0,6119,2076,2045,6144,8,25,39,16312
llama8b,seed0,model.layers.1.self_attn.v_proj,ce,21,0,21,0,0,0,1553,533,585,1425,3,21,31,4041
llama8b,seed0,model.layers.1.self_attn.v_proj,kl,31,0,31,0,0,0,1553,533,585,1425,3,21,31,4041
llama8b,draw1,model.layers.1.self_attn.v_proj,ce,3,0,3,0,0,0,1694,418,414,1570,3,3,14,4076
llama8b,draw1,model.layers.1.self_attn.v_proj,kl,14,0,14,0,0,0,1694,418,414,1570,3,3,14,4076
llama8b,draw2,model.layers.1.self_attn.v_proj,ce,11,0,11,0,0,0,1585,529,517,1465,5,11,16,4064
llama8b,draw2,model.layers.1.self_attn.v_proj,kl,16,0,16,0,0,0,1585,529,517,1465,5,11,16,4064
llama8b,draw3,model.layers.1.self_attn.v_proj,ce,7,0,7,0,0,0,1625,452,453,1566,3,7,9,4077
llama8b,draw3,model.layers.1.self_attn.v_proj,kl,9,0,9,0,0,0,1625,452,453,1566,3,7,9,4077
llama8b,draw4,model.layers.1.self_attn.v_proj,ce,9,0,9,0,0,0,1703,429,419,1545,6,9,24,4057
llama8b,draw4,model.layers.1.self_attn.v_proj,kl,24,0,24,0,0,0,1703,429,419,1545,6,9,24,4057
llama8b,seed0,model.layers.10.mlp.down_proj,ce,83,0,83,0,0,0,21120,7695,8047,20482,9,83,74,57178
llama8b,seed0,model.layers.10.mlp.down_proj,kl,74,0,74,0,0,0,21120,7695,8047,20482,9,83,74,57178
llama8b,draw1,model.layers.10.mlp.down_proj,ce,71,0,71,0,0,0,23264,5488,5643,22949,18,71,55,57200
llama8b,draw1,model.layers.10.mlp.down_proj,kl,55,1,54,0,0,0,23264,5488,5643,22949,18,71,55,57200
llama8b,draw2,model.layers.10.mlp.down_proj,ce,71,0,71,0,0,0,21700,7312,7527,20805,7,71,67,57199
llama8b,draw2,model.layers.10.mlp.down_proj,kl,67,0,67,0,0,0,21700,7312,7527,20805,7,71,67,57199
llama8b,draw3,model.layers.10.mlp.down_proj,ce,57,1,56,0,0,0,22974,6051,6101,22218,7,57,31,57249
llama8b,draw3,model.layers.10.mlp.down_proj,kl,31,0,31,0,0,0,22974,6051,6101,22218,7,57,31,57249
llama8b,draw4,model.layers.10.mlp.down_proj,ce,64,1,63,0,0,0,22344,6285,6583,22132,10,64,45,57225
llama8b,draw4,model.layers.10.mlp.down_proj,kl,45,1,44,0,0,0,22344,6285,6583,22132,10,64,45,57225
llama8b,seed0,model.layers.10.mlp.gate_proj,ce,87,2,85,0,0,0,21169,7836,7817,20522,5,87,46,57206
llama8b,seed0,model.layers.10.mlp.gate_proj,kl,46,0,46,0,0,0,21169,7836,7817,20522,5,87,46,57206
llama8b,draw1,model.layers.10.mlp.gate_proj,ce,50,0,50,0,0,0,23316,5513,5448,23067,5,50,53,57236
llama8b,draw1,model.layers.10.mlp.gate_proj,kl,53,0,53,0,0,0,23316,5513,5448,23067,5,50,53,57236
llama8b,draw2,model.layers.10.mlp.gate_proj,ce,66,2,64,0,0,0,21697,7343,7326,20978,5,66,56,57217
llama8b,draw2,model.layers.10.mlp.gate_proj,kl,56,0,56,0,0,0,21697,7343,7326,20978,5,66,56,57217
llama8b,draw3,model.layers.10.mlp.gate_proj,ce,55,0,55,0,0,0,22707,6021,6008,22608,1,55,26,57262
llama8b,draw3,model.layers.10.mlp.gate_proj,kl,26,1,25,0,0,0,22707,6021,6008,22608,1,55,26,57262
llama8b,draw4,model.layers.10.mlp.gate_proj,ce,73,0,73,0,0,0,22492,6350,6469,22033,7,73,36,57228
llama8b,draw4,model.layers.10.mlp.gate_proj,kl,36,0,36,0,0,0,22492,6350,6469,22033,7,73,36,57228
llama8b,seed0,model.layers.10.mlp.up_proj,ce,74,2,72,0,0,0,20864,7984,7902,20594,12,74,72,57186
llama8b,seed0,model.layers.10.mlp.up_proj,kl,72,0,72,0,0,0,20864,7984,7902,20594,12,74,72,57186
llama8b,draw1,model.layers.10.mlp.up_proj,ce,66,1,65,0,0,0,23292,5575,5632,22845,11,66,54,57213
llama8b,draw1,model.layers.10.mlp.up_proj,kl,54,1,53,0,0,0,23292,5575,5632,22845,11,66,54,57213
llama8b,draw2,model.layers.10.mlp.up_proj,ce,106,0,106,0,0,0,21231,7536,7808,20769,3,106,57,57178
llama8b,draw2,model.layers.10.mlp.up_proj,kl,57,0,57,0,0,0,21231,7536,7808,20769,3,106,57,57178
llama8b,draw3,model.layers.10.mlp.up_proj,ce,81,0,81,0,0,0,22462,6207,6212,22463,8,81,23,57232
llama8b,draw3,model.layers.10.mlp.up_proj,kl,23,1,22,0,0,0,22462,6207,6212,22463,8,81,23,57232
llama8b,draw4,model.layers.10.mlp.up_proj,ce,86,0,86,0,0,0,22327,6418,6534,22065,8,86,54,57196
llama8b,draw4,model.layers.10.mlp.up_proj,kl,54,0,54,0,0,0,22327,6418,6534,22065,8,86,54,57196
llama8b,seed0,model.layers.10.self_attn.k_proj,ce,9,2,7,0,0,0,1558,535,584,1419,1,9,8,4078
llama8b,seed0,model.layers.10.self_attn.k_proj,kl,8,0,8,0,0,0,1558,535,584,1419,1,9,8,4078
llama8b,draw1,model.layers.10.self_attn.k_proj,ce,9,0,9,0,0,0,1693,388,448,1567,0,9,6,4081
llama8b,draw1,model.layers.10.self_attn.k_proj,kl,6,0,6,0,0,0,1693,388,448,1567,0,9,6,4081
llama8b,draw2,model.layers.10.self_attn.k_proj,ce,13,0,13,0,0,0,1530,561,587,1418,0,13,8,4075
llama8b,draw2,model.layers.10.self_attn.k_proj,kl,8,0,8,0,0,0,1530,561,587,1418,0,13,8,4075
llama8b,draw3,model.layers.10.self_attn.k_proj,ce,5,0,5,0,0,0,1570,520,531,1475,0,5,2,4089
llama8b,draw3,model.layers.10.self_attn.k_proj,kl,2,0,2,0,0,0,1570,520,531,1475,0,5,2,4089
llama8b,draw4,model.layers.10.self_attn.k_proj,ce,2,0,2,0,0,0,1569,550,481,1496,0,2,5,4089
llama8b,draw4,model.layers.10.self_attn.k_proj,kl,5,0,5,0,0,0,1569,550,481,1496,0,2,5,4089
llama8b,seed0,model.layers.10.self_attn.o_proj,ce,40,1,39,0,0,0,6144,2201,2355,5684,7,40,66,16271
llama8b,seed0,model.layers.10.self_attn.o_proj,kl,66,1,65,0,0,0,6144,2201,2355,5684,7,40,66,16271
llama8b,draw1,model.layers.10.self_attn.o_proj,ce,43,0,43,0,0,0,6632,1700,1687,6365,12,43,37,16292
llama8b,draw1,model.layers.10.self_attn.o_proj,kl,37,0,37,0,0,0,6632,1700,1687,6365,12,43,37,16292
llama8b,draw2,model.layers.10.self_attn.o_proj,ce,31,0,31,0,0,0,6116,2212,2269,5787,9,31,45,16299
llama8b,draw2,model.layers.10.self_attn.o_proj,kl,45,0,45,0,0,0,6116,2212,2269,5787,9,31,45,16299
llama8b,draw3,model.layers.10.self_attn.o_proj,ce,33,0,33,0,0,0,6522,1865,1867,6130,5,33,23,16323
llama8b,draw3,model.layers.10.self_attn.o_proj,kl,23,2,21,0,0,0,6522,1865,1867,6130,5,33,23,16323
llama8b,draw4,model.layers.10.self_attn.o_proj,ce,41,0,41,0,0,0,6394,1911,1915,6164,18,41,45,16280
llama8b,draw4,model.layers.10.self_attn.o_proj,kl,45,1,44,0,0,0,6394,1911,1915,6164,18,41,45,16280
llama8b,seed0,model.layers.10.self_attn.q_proj,ce,22,0,22,0,0,0,5945,2420,2407,5612,2,22,27,16333
llama8b,seed0,model.layers.10.self_attn.q_proj,kl,27,1,26,0,0,0,5945,2420,2407,5612,2,22,27,16333
llama8b,draw1,model.layers.10.self_attn.q_proj,ce,18,0,18,0,0,0,6420,1734,1764,6466,1,18,15,16350
llama8b,draw1,model.layers.10.self_attn.q_proj,kl,15,0,15,0,0,0,6420,1734,1764,6466,1,18,15,16350
llama8b,draw2,model.layers.10.self_attn.q_proj,ce,33,1,32,0,0,0,5913,2333,2355,5783,6,33,26,16319
llama8b,draw2,model.layers.10.self_attn.q_proj,kl,26,1,25,0,0,0,5913,2333,2355,5783,6,33,26,16319
llama8b,draw3,model.layers.10.self_attn.q_proj,ce,12,0,12,0,0,0,6305,1996,1998,6085,1,12,11,16360
llama8b,draw3,model.layers.10.self_attn.q_proj,kl,11,0,11,0,0,0,6305,1996,1998,6085,1,12,11,16360
llama8b,draw4,model.layers.10.self_attn.q_proj,ce,16,0,16,0,0,0,6213,2088,2095,5988,1,16,6,16361
llama8b,draw4,model.layers.10.self_attn.q_proj,kl,6,0,6,0,0,0,6213,2088,2095,5988,1,16,6,16361
llama8b,seed0,model.layers.10.self_attn.v_proj,ce,7,0,7,0,0,0,1487,571,608,1430,2,7,14,4073
llama8b,seed0,model.layers.10.self_attn.v_proj,kl,14,0,14,0,0,0,1487,571,608,1430,2,7,14,4073
llama8b,draw1,model.layers.10.self_attn.v_proj,ce,9,0,9,0,0,0,1686,418,440,1552,1,9,7,4079
llama8b,draw1,model.layers.10.self_attn.v_proj,kl,7,0,7,0,0,0,1686,418,440,1552,1,9,7,4079
llama8b,draw2,model.layers.10.self_attn.v_proj,ce,8,0,8,0,0,0,1536,567,595,1398,1,8,10,4077
llama8b,draw2,model.layers.10.self_attn.v_proj,kl,10,1,9,0,0,0,1536,567,595,1398,1,8,10,4077
llama8b,draw3,model.layers.10.self_attn.v_proj,ce,2,0,2,0,0,0,1618,461,519,1498,0,2,1,4093
llama8b,draw3,model.layers.10.self_attn.v_proj,kl,1,0,1,0,0,0,1618,461,519,1498,0,2,1,4093
llama8b,draw4,model.layers.10.self_attn.v_proj,ce,11,0,11,0,0,0,1569,520,555,1452,4,11,5,4076
llama8b,draw4,model.layers.10.self_attn.v_proj,kl,5,0,5,0,0,0,1569,520,555,1452,4,11,5,4076
llama8b,seed0,model.layers.11.mlp.down_proj,ce,82,5,77,0,0,0,21367,7684,7877,20416,10,82,67,57185
llama8b,seed0,model.layers.11.mlp.down_proj,kl,67,2,65,0,0,0,21367,7684,7877,20416,10,82,67,57185
llama8b,draw1,model.layers.11.mlp.down_proj,ce,61,0,61,0,0,0,23713,5344,5465,22822,13,61,50,57220
llama8b,draw1,model.layers.11.mlp.down_proj,kl,50,0,50,0,0,0,23713,5344,5465,22822,13,61,50,57220
llama8b,draw2,model.layers.11.mlp.down_proj,ce,85,0,85,0,0,0,21748,7193,7230,21173,18,85,64,57177
llama8b,draw2,model.layers.11.mlp.down_proj,kl,64,0,64,0,0,0,21748,7193,7230,21173,18,85,64,57177
llama8b,draw3,model.layers.11.mlp.down_proj,ce,57,1,56,0,0,0,23029,5955,5822,22538,3,57,29,57255
llama8b,draw3,model.layers.11.mlp.down_proj,kl,29,0,29,0,0,0,23029,5955,5822,22538,3,57,29,57255
llama8b,draw4,model.layers.11.mlp.down_proj,ce,88,0,88,0,0,0,22779,6285,6231,22049,13,88,46,57197
llama8b,draw4,model.layers.11.mlp.down_proj,kl,46,0,46,0,0,0,22779,6285,6231,22049,13,88,46,57197
llama8b,seed0,model.layers.11.mlp.gate_proj,ce,76,0,76,0,0,0,21156,7599,7780,20809,4,76,63,57201
llama8b,seed0,model.layers.11.mlp.gate_proj,kl,63,5,58,0,0,0,21156,7599,7780,20809,4,76,63,57201
llama8b,draw1,model.layers.11.mlp.gate_proj,ce,64,0,64,0,0,0,23531,5235,5310,23268,10,64,49,57221
llama8b,draw1,model.layers.11.mlp.gate_proj,kl,49,0,49,0,0,0,23531,5235,5310,23268,10,64,49,57221
llama8b,draw2,model.layers.11.mlp.gate_proj,ce,86,0,86,0,0,0,21650,7382,7144,21168,7,86,58,57193
llama8b,draw2,model.layers.11.mlp.gate_proj,kl,58,0,58,0,0,0,21650,7382,7144,21168,7,86,58,57193
llama8b,draw3,model.layers.11.mlp.gate_proj,ce,52,1,51,0,0,0,22599,6034,6180,22531,3,52,16,57273
llama8b,draw3,model.layers.11.mlp.gate_proj,kl,16,0,16,0,0,0,22599,6034,6180,22531,3,52,16,57273
llama8b,draw4,model.layers.11.mlp.gate_proj,ce,60,0,60,0,0,0,22729,6279,6262,22074,7,60,44,57233
llama8b,draw4,model.layers.11.mlp.gate_proj,kl,44,1,43,0,0,0,22729,6279,6262,22074,7,60,44,57233
llama8b,seed0,model.layers.11.mlp.up_proj,ce,90,7,83,0,0,0,21172,7805,7832,20535,20,90,130,57104
llama8b,seed0,model.layers.11.mlp.up_proj,kl,130,5,125,0,0,0,21172,7805,7832,20535,20,90,130,57104
llama8b,draw1,model.layers.11.mlp.up_proj,ce,66,0,66,0,0,0,23701,5444,5311,22888,41,66,91,57146
llama8b,draw1,model.layers.11.mlp.up_proj,kl,91,0,91,0,0,0,23701,5444,5311,22888,41,66,91,57146
llama8b,draw2,model.layers.11.mlp.up_proj,ce,105,1,104,0,0,0,21538,7400,7389,21017,16,105,116,57107
llama8b,draw2,model.layers.11.mlp.up_proj,kl,116,1,115,0,0,0,21538,7400,7389,21017,16,105,116,57107
llama8b,draw3,model.layers.11.mlp.up_proj,ce,73,0,73,0,0,0,22789,5931,5873,22751,11,73,41,57219
llama8b,draw3,model.layers.11.mlp.up_proj,kl,41,0,41,0,0,0,22789,5931,5873,22751,11,73,41,57219
llama8b,draw4,model.layers.11.mlp.up_proj,ce,81,1,80,0,0,0,22586,6450,6497,21811,11,81,76,57176
llama8b,draw4,model.layers.11.mlp.up_proj,kl,76,1,75,0,0,0,22586,6450,6497,21811,11,81,76,57176
llama8b,seed0,model.layers.11.self_attn.k_proj,ce,5,0,5,0,0,0,1512,578,578,1428,1,5,9,4081
llama8b,seed0,model.layers.11.self_attn.k_proj,kl,9,1,8,0,0,0,1512,578,578,1428,1,5,9,4081
llama8b,draw1,model.layers.11.self_attn.k_proj,ce,5,2,3,0,0,0,1642,408,408,1638,0,5,2,4089
llama8b,draw1,model.layers.11.self_attn.k_proj,kl,2,0,2,0,0,0,1642,408,408,1638,0,5,2,4089
llama8b,draw2,model.layers.11.self_attn.k_proj,ce,8,0,8,0,0,0,1522,561,571,1442,0,8,1,4087
llama8b,draw2,model.layers.11.self_attn.k_proj,kl,1,0,1,0,0,0,1522,561,571,1442,0,8,1,4087
llama8b,draw3,model.layers.11.self_attn.k_proj,ce,2,1,1,0,0,0,1638,431,465,1562,1,2,1,4092
llama8b,draw3,model.layers.11.self_attn.k_proj,kl,1,0,1,0,0,0,1638,431,465,1562,1,2,1,4092
llama8b,draw4,model.layers.11.self_attn.k_proj,ce,8,0,8,0,0,0,1632,448,456,1560,2,8,5,4081
llama8b,draw4,model.layers.11.self_attn.k_proj,kl,5,0,5,0,0,0,1632,448,456,1560,2,8,5,4081
llama8b,seed0,model.layers.11.self_attn.o_proj,ce,35,0,35,0,0,0,6141,2206,2220,5817,12,35,90,16247
llama8b,seed0,model.layers.11.self_attn.o_proj,kl,90,3,87,0,0,0,6141,2206,2220,5817,12,35,90,16247
llama8b,draw1,model.layers.11.self_attn.o_proj,ce,32,0,32,0,0,0,6826,1540,1598,6420,13,32,51,16288
llama8b,draw1,model.layers.11.self_attn.o_proj,kl,51,0,51,0,0,0,6826,1540,1598,6420,13,32,51,16288
llama8b,draw2,model.layers.11.self_attn.o_proj,ce,37,0,37,0,0,0,6326,2076,2156,5826,10,37,42,16295
llama8b,draw2,model.layers.11.self_attn.o_proj,kl,42,0,42,0,0,0,6326,2076,2156,5826,10,37,42,16295
llama8b,draw3,model.layers.11.self_attn.o_proj,ce,33,0,33,0,0,0,6704,1741,1678,6261,6,33,14,16331
llama8b,draw3,model.layers.11.self_attn.o_proj,kl,14,0,14,0,0,0,6704,1741,1678,6261,6,33,14,16331
llama8b,draw4,model.layers.11.self_attn.o_proj,ce,46,0,46,0,0,0,6585,1782,1729,6288,19,46,54,16265
llama8b,draw4,model.layers.11.self_attn.o_proj,kl,54,0,54,0,0,0,6585,1782,1729,6288,19,46,54,16265
llama8b,seed0,model.layers.11.self_attn.q_proj,ce,26,1,25,0,0,0,5866,2322,2414,5782,2,26,44,16312
llama8b,seed0,model.layers.11.self_attn.q_proj,kl,44,1,43,0,0,0,5866,2322,2414,5782,2,26,44,16312
llama8b,draw1,model.layers.11.self_attn.q_proj,ce,21,1,20,0,0,0,6668,1612,1630,6474,4,21,27,16332
llama8b,draw1,model.layers.11.self_attn.q_proj,kl,27,0,27,0,0,0,6668,1612,1630,6474,4,21,27,16332
llama8b,draw2,model.layers.11.self_attn.q_proj,ce,19,0,19,0,0,0,6000,2303,2312,5769,5,19,48,16312
llama8b,draw2,model.layers.11.self_attn.q_proj,kl,48,2,46,0,0,0,6000,2303,2312,5769,5,19,48,16312
llama8b,draw3,model.layers.11.self_attn.q_proj,ce,21,1,20,0,0,0,6480,1908,1883,6113,3,21,27,16333
llama8b,draw3,model.layers.11.self_attn.q_proj,kl,27,0,27,0,0,0,6480,1908,1883,6113,3,21,27,16333
llama8b,draw4,model.layers.11.self_attn.q_proj,ce,37,0,37,0,0,0,6406,1802,1915,6261,11,37,28,16308
llama8b,draw4,model.layers.11.self_attn.q_proj,kl,28,0,28,0,0,0,6406,1802,1915,6261,11,37,28,16308
llama8b,seed0,model.layers.11.self_attn.v_proj,ce,2,0,2,0,0,0,1518,582,540,1456,0,2,17,4077
llama8b,seed0,model.layers.11.self_attn.v_proj,kl,17,2,15,0,0,0,1518,582,540,1456,0,2,17,4077
llama8b,draw1,model.layers.11.self_attn.v_proj,ce,4,0,4,0,0,0,1658,419,444,1575,4,4,7,4081
llama8b,draw1,model.layers.11.self_attn.v_proj,kl,7,0,7,0,0,0,1658,419,444,1575,4,4,7,4081
llama8b,draw2,model.layers.11.self_attn.v_proj,ce,4,0,4,0,0,0,1504,584,572,1436,1,4,16,4075
llama8b,draw2,model.layers.11.self_attn.v_proj,kl,16,0,16,0,0,0,1504,584,572,1436,1,4,16,4075
llama8b,draw3,model.layers.11.self_attn.v_proj,ce,9,0,9,0,0,0,1607,470,481,1538,2,9,9,4076
llama8b,draw3,model.layers.11.self_attn.v_proj,kl,9,0,9,0,0,0,1607,470,481,1538,2,9,9,4076
llama8b,draw4,model.layers.11.self_attn.v_proj,ce,10,0,10,0,0,0,1641,440,463,1552,3,10,4,4079
llama8b,draw4,model.layers.11.self_attn.v_proj,kl,4,0,4,0,0,0,1641,440,463,1552,3,10,4,4079
llama8b,seed0,model.layers.12.mlp.down_proj,ce,76,3,73,0,0,0,21347,7693,7777,20527,5,76,101,57162
llama8b,seed0,model.layers.12.mlp.down_proj,kl,101,1,100,0,0,0,21347,7693,7777,20527,5,76,101,57162
llama8b,draw1,model.layers.12.mlp.down_proj,ce,63,0,63,0,0,0,23574,5228,5334,23208,17,63,59,57205
llama8b,draw1,model.layers.12.mlp.down_proj,kl,59,0,59,0,0,0,23574,5228,5334,23208,17,63,59,57205
llama8b,draw2,model.layers.12.mlp.down_proj,ce,78,0,78,0,0,0,22088,6965,7139,21152,25,78,75,57166
llama8b,draw2,model.layers.12.mlp.down_proj,kl,75,0,75,0,0,0,22088,6965,7139,21152,25,78,75,57166
llama8b,draw3,model.layers.12.mlp.down_proj,ce,65,0,65,0,0,0,23343,5509,5787,22705,4,65,33,57242
llama8b,draw3,model.layers.12.mlp.down_proj,kl,33,1,32,0,0,0,23343,5509,5787,22705,4,65,33,57242
llama8b,draw4,model.layers.12.mlp.down_proj,ce,73,1,72,0,0,0,22763,5993,6253,22335,15,73,58,57198
llama8b,draw4,model.layers.12.mlp.down_proj,kl,58,0,58,0,0,0,22763,5993,6253,22335,15,73,58,57198
llama8b,seed0,model.layers.12.mlp.gate_proj,ce,78,6,72,0,0,0,21085,7706,7776,20777,5,78,62,57199
llama8b,seed0,model.layers.12.mlp.gate_proj,kl,62,1,61,0,0,0,21085,7706,7776,20777,5,78,62,57199
llama8b,draw1,model.layers.12.mlp.gate_proj,ce,47,0,47,0,0,0,23612,5295,5479,22958,11,47,36,57250
llama8b,draw1,model.layers.12.mlp.gate_proj,kl,36,0,36,0,0,0,23612,5295,5479,22958,11,47,36,57250
llama8b,draw2,model.layers.12.mlp.gate_proj,ce,103,2,101,0,0,0,21944,7140,7197,21063,12,103,67,57162
llama8b,draw2,model.layers.12.mlp.gate_proj,kl,67,0,67,0,0,0,21944,7140,7197,21063,12,103,67,57162
llama8b,draw3,model.layers.12.mlp.gate_proj,ce,52,0,52,0,0,0,23205,5709,5752,22678,5,52,16,57271
llama8b,draw3,model.layers.12.mlp.gate_proj,kl,16,0,16,0,0,0,23205,5709,5752,22678,5,52,16,57271
llama8b,draw4,model.layers.12.mlp.gate_proj,ce,52,0,52,0,0,0,22384,6337,6318,22305,7,52,49,57236
llama8b,draw4,model.layers.12.mlp.gate_proj,kl,49,0,49,0,0,0,22384,6337,6318,22305,7,52,49,57236
llama8b,seed0,model.layers.12.mlp.up_proj,ce,93,8,85,0,0,0,21106,7818,7899,20521,19,93,125,57107
llama8b,seed0,model.layers.12.mlp.up_proj,kl,125,3,122,0,0,0,21106,7818,7899,20521,19,93,125,57107
llama8b,draw1,model.layers.12.mlp.up_proj,ce,74,0,74,0,0,0,23568,5282,5359,23135,31,74,77,57162
llama8b,draw1,model.layers.12.mlp.up_proj,kl,77,1,76,0,0,0,23568,5282,5359,23135,31,74,77,57162
llama8b,draw2,model.layers.12.mlp.up_proj,ce,91,1,90,0,0,0,21880,7078,7309,21077,33,91,106,57114
llama8b,draw2,model.layers.12.mlp.up_proj,kl,106,1,105,0,0,0,21880,7078,7309,21077,33,91,106,57114
llama8b,draw3,model.layers.12.mlp.up_proj,ce,58,0,58,0,0,0,23377,5691,5730,22546,17,58,40,57229
llama8b,draw3,model.layers.12.mlp.up_proj,kl,40,0,40,0,0,0,23377,5691,5730,22546,17,58,40,57229
llama8b,draw4,model.layers.12.mlp.up_proj,ce,72,0,72,0,0,0,22641,6291,6449,21963,18,72,82,57172
llama8b,draw4,model.layers.12.mlp.up_proj,kl,82,2,80,0,0,0,22641,6291,6449,21963,18,72,82,57172
llama8b,seed0,model.layers.12.self_attn.k_proj,ce,8,0,8,0,0,0,1506,542,520,1528,12,8,20,4056
llama8b,seed0,model.layers.12.self_attn.k_proj,kl,20,0,20,0,0,0,1506,542,520,1528,12,8,20,4056
llama8b,draw1,model.layers.12.self_attn.k_proj,ce,9,0,9,0,0,0,1754,347,382,1613,10,9,8,4069
llama8b,draw1,model.layers.12.self_attn.k_proj,kl,8,0,8,0,0,0,1754,347,382,1613,10,9,8,4069
llama8b,draw2,model.layers.12.self_attn.k_proj,ce,10,0,10,0,0,0,1529,532,523,1512,12,10,10,4064
llama8b,draw2,model.layers.12.self_attn.k_proj,kl,10,1,9,0,0,0,1529,532,523,1512,12,10,10,4064
llama8b,draw3,model.layers.12.self_attn.k_proj,ce,7,1,6,0,0,0,1637,431,433,1595,0,7,4,4085
llama8b,draw3,model.layers.12.self_attn.k_proj,kl,4,0,4,0,0,0,1637,431,433,1595,0,7,4,4085
llama8b,draw4,model.layers.12.self_attn.k_proj,ce,5,0,5,0,0,0,1663,466,450,1517,6,5,15,4070
llama8b,draw4,model.layers.12.self_attn.k_proj,kl,15,0,15,0,0,0,1663,466,450,1517,6,5,15,4070
llama8b,seed0,model.layers.12.self_attn.o_proj,ce,32,0,32,0,0,0,6126,2175,2276,5807,8,32,61,16283
llama8b,seed0,model.layers.12.self_attn.o_proj,kl,61,2,59,0,0,0,6126,2175,2276,5807,8,32,61,16283
llama8b,draw1,model.layers.12.self_attn.o_proj,ce,29,0,29,0,0,0,6694,1531,1707,6452,16,29,28,16311
llama8b,draw1,model.layers.12.self_attn.o_proj,kl,28,0,28,0,0,0,6694,1531,1707,6452,16,29,28,16311
llama8b,draw2,model.layers.12.self_attn.o_proj,ce,45,0,45,0,0,0,6285,2052,2135,5912,7,45,49,16283
llama8b,draw2,model.layers.12.self_attn.o_proj,kl,49,1,48,0,0,0,6285,2052,2135,5912,7,45,49,16283
llama8b,draw3,model.layers.12.self_attn.o_proj,ce,27,1,26,0,0,0,6675,1572,1692,6445,2,27,17,16338
llama8b,draw3,model.layers.12.self_attn.o_proj,kl,17,0,17,0,0,0,6675,1572,1692,6445,2,27,17,16338
llama8b,draw4,model.layers.12.self_attn.o_proj,ce,34,0,34,0,0,0,6591,1797,1795,6201,3,34,28,16319
llama8b,draw4,model.layers.12.self_attn.o_proj,kl,28,0,28,0,0,0,6591,1797,1795,6201,3,34,28,16319
llama8b,seed0,model.layers.12.self_attn.q_proj,ce,21,0,21,0,0,0,6045,2186,2221,5932,6,21,47,16310
llama8b,seed0,model.layers.12.self_attn.q_proj,kl,47,1,46,0,0,0,6045,2186,2221,5932,6,21,47,16310
llama8b,draw1,model.layers.12.self_attn.q_proj,ce,22,0,22,0,0,0,6802,1498,1446,6638,10,22,34,16318
llama8b,draw1,model.layers.12.self_attn.q_proj,kl,34,0,34,0,0,0,6802,1498,1446,6638,10,22,34,16318
llama8b,draw2,model.layers.12.self_attn.q_proj,ce,35,1,34,0,0,0,6053,2005,2188,6138,19,35,33,16297
llama8b,draw2,model.layers.12.self_attn.q_proj,kl,33,0,33,0,0,0,6053,2005,2188,6138,19,35,33,16297
llama8b,draw3,model.layers.12.self_attn.q_proj,ce,16,0,16,0,0,0,6691,1688,1624,6381,2,16,7,16359
llama8b,draw3,model.layers.12.self_attn.q_proj,kl,7,0,7,0,0,0,6691,1688,1624,6381,2,16,7,16359
llama8b,draw4,model.layers.12.self_attn.q_proj,ce,34,0,34,0,0,0,6357,1869,1877,6281,8,34,28,16314
llama8b,draw4,model.layers.12.self_attn.q_proj,kl,28,0,28,0,0,0,6357,1869,1877,6281,8,34,28,16314
llama8b,seed0,model.layers.12.self_attn.v_proj,ce,5,0,5,0,0,0,1531,540,536,1489,7,5,42,4042
llama8b,seed0,model.layers.12.self_attn.v_proj,kl,42,0,42,0,0,0,1531,540,536,1489,7,5,42,4042
llama8b,draw1,model.layers.12.self_attn.v_proj,ce,7,0,7,0,0,0,1686,394,439,1577,4,7,24,4061
llama8b,draw1,model.layers.12.self_attn.v_proj,kl,24,0,24,0,0,0,1686,394,439,1577,4,7,24,4061
llama8b,draw2,model.layers.12.self_attn.v_proj,ce,16,0,16,0,0,0,1625,484,515,1472,4,16,28,4048
llama8b,draw2,model.layers.12.self_attn.v_proj,kl,28,0,28,0,0,0,1625,484,515,1472,4,16,28,4048
llama8b,draw3,model.layers.12.self_attn.v_proj,ce,9,0,9,0,0,0,1661,412,417,1606,2,9,13,4072
llama8b,draw3,model.layers.12.self_attn.v_proj,kl,13,0,13,0,0,0,1661,412,417,1606,2,9,13,4072
llama8b,draw4,model.layers.12.self_attn.v_proj,ce,13,0,13,0,0,0,1653,441,445,1557,6,13,23,4054
llama8b,draw4,model.layers.12.self_attn.v_proj,kl,23,0,23,0,0,0,1653,441,445,1557,6,13,23,4054
llama8b,seed0,model.layers.13.mlp.down_proj,ce,90,2,88,0,0,0,21571,7444,7643,20686,9,90,76,57169
llama8b,seed0,model.layers.13.mlp.down_proj,kl,76,0,76,0,0,0,21571,7444,7643,20686,9,90,76,57169
llama8b,draw1,model.layers.13.mlp.down_proj,ce,66,0,66,0,0,0,23641,5369,5303,23031,17,66,60,57201
llama8b,draw1,model.layers.13.mlp.down_proj,kl,60,0,60,0,0,0,23641,5369,5303,23031,17,66,60,57201
llama8b,draw2,model.layers.13.mlp.down_proj,ce,96,1,95,0,0,0,22445,6585,6525,21789,8,96,62,57178
llama8b,draw2,model.layers.13.mlp.down_proj,kl,62,0,62,0,0,0,22445,6585,6525,21789,8,96,62,57178
llama8b,draw3,model.layers.13.mlp.down_proj,ce,59,0,59,0,0,0,23600,5470,5413,22861,5,59,18,57262
llama8b,draw3,model.layers.13.mlp.down_proj,kl,18,0,18,0,0,0,23600,5470,5413,22861,5,59,18,57262
llama8b,draw4,model.layers.13.mlp.down_proj,ce,64,1,63,0,0,0,23083,5823,5901,22537,13,64,37,57230
llama8b,draw4,model.layers.13.mlp.down_proj,kl,37,1,36,0,0,0,23083,5823,5901,22537,13,64,37,57230
llama8b,seed0,model.layers.13.mlp.gate_proj,ce,66,2,64,0,0,0,21392,7407,7560,20985,9,66,40,57229
llama8b,seed0,model.layers.13.mlp.gate_proj,kl,40,1,39,0,0,0,21392,7407,7560,20985,9,66,40,57229
llama8b,draw1,model.layers.13.mlp.gate_proj,ce,48,0,48,0,0,0,23546,5304,5304,23190,20,48,35,57241
llama8b,draw1,model.layers.13.mlp.gate_proj,kl,35,0,35,0,0,0,23546,5304,5304,23190,20,48,35,57241
llama8b,draw2,model.layers.13.mlp.gate_proj,ce,96,0,96,0,0,0,22276,6691,6947,21430,17,96,56,57175
llama8b,draw2,model.layers.13.mlp.gate_proj,kl,56,0,56,0,0,0,22276,6691,6947,21430,17,96,56,57175
llama8b,draw3,model.layers.13.mlp.gate_proj,ce,42,1,41,0,0,0,23368,5519,5386,23071,3,42,10,57289
llama8b,draw3,model.layers.13.mlp.gate_proj,kl,10,0,10,0,0,0,23368,5519,5386,23071,3,42,10,57289
llama8b,draw4,model.layers.13.mlp.gate_proj,ce,67,0,67,0,0,0,23240,5855,5893,22356,5,67,26,57246
llama8b,draw4,model.layers.13.mlp.gate_proj,kl,26,0,26,0,0,0,23240,5855,5893,22356,5,67,26,57246
llama8b,seed0,model.layers.13.mlp.up_proj,ce,72,3,69,0,0,0,21125,7502,7773,20944,10,72,73,57189
llama8b,seed0,model.layers.13.mlp.up_proj,kl,73,2,71,0,0,0,21125,7502,7773,20944,10,72,73,57189
llama8b,draw1,model.layers.13.mlp.up_proj,ce,49,0,49,0,0,0,23529,5379,5436,23000,17,49,44,57234
llama8b,draw1,model.layers.13.mlp.up_proj,kl,44,0,44,0,0,0,23529,5379,5436,23000,17,49,44,57234
llama8b,draw2,model.layers.13.mlp.up_proj,ce,87,0,87,0,0,0,22022,6979,6947,21396,19,87,71,57167
llama8b,draw2,model.layers.13.mlp.up_proj,kl,71,0,71,0,0,0,22022,6979,6947,21396,19,87,71,57167
llama8b,draw3,model.layers.13.mlp.up_proj,ce,53,1,52,0,0,0,23507,5548,5616,22673,0,53,24,57267
llama8b,draw3,model.layers.13.mlp.up_proj,kl,24,0,24,0,0,0,23507,5548,5616,22673,0,53,24,57267
llama8b,draw4,model.layers.13.mlp.up_proj,ce,71,0,71,0,0,0,23098,6048,5996,22202,13,71,60,57200
llama8b,draw4,model.layers.13.mlp.up_proj,kl,60,0,60,0,0,0,23098,6048,5996,22202,13,71,60,57200
llama8b,seed0,model.layers.13.self_attn.k_proj,ce,5,0,5,0,0,0,1417,606,638,1435,0,5,6,4085
llama8b,seed0,model.layers.13.self_attn.k_proj,kl,6,0,6,0,0,0,1417,606,638,1435,0,5,6,4085
llama8b,draw1,model.layers.13.self_attn.k_proj,ce,0,0,0,0,0,0,1665,411,418,1602,1,0,3,4092
llama8b,draw1,model.layers.13.self_attn.k_proj,kl,3,0,3,0,0,0,1665,411,418,1602,1,0,3,4092
llama8b,draw2,model.layers.13.self_attn.k_proj,ce,6,0,6,0,0,0,1494,559,627,1416,0,6,5,4085
llama8b,draw2,model.layers.13.self_attn.k_proj,kl,5,0,5,0,0,0,1494,559,627,1416,0,6,5,4085
llama8b,draw3,model.layers.13.self_attn.k_proj,ce,4,0,4,0,0,0,1619,437,460,1580,0,4,2,4090
llama8b,draw3,model.layers.13.self_attn.k_proj,kl,2,0,2,0,0,0,1619,437,460,1580,0,4,2,4090
llama8b,draw4,model.layers.13.self_attn.k_proj,ce,8,0,8,0,0,0,1561,526,524,1485,0,8,5,4083
llama8b,draw4,model.layers.13.self_attn.k_proj,kl,5,0,5,0,0,0,1561,526,524,1485,0,8,5,4083
llama8b,seed0,model.layers.13.self_attn.o_proj,ce,39,1,38,0,0,0,6008,2309,2369,5698,6,39,45,16294
llama8b,seed0,model.layers.13.self_attn.o_proj,kl,45,1,44,0,0,0,6008,2309,2369,5698,6,39,45,16294
llama8b,draw1,model.layers.13.self_attn.o_proj,ce,31,0,31,0,0,0,6717,1664,1602,6401,8,31,47,16298
llama8b,draw1,model.layers.13.self_attn.o_proj,kl,47,0,47,0,0,0,6717,1664,1602,6401,8,31,47,16298
llama8b,draw2,model.layers.13.self_attn.o_proj,ce,32,0,32,0,0,0,6218,1997,2258,5911,9,32,40,16303
llama8b,draw2,model.layers.13.self_attn.o_proj,kl,40,2,38,0,0,0,6218,1997,2258,5911,9,32,40,16303
llama8b,draw3,model.layers.13.self_attn.o_proj,ce,31,0,31,0,0,0,6673,1640,1722,6349,6,31,19,16328
llama8b,draw3,model.layers.13.self_attn.o_proj,kl,19,1,18,0,0,0,6673,1640,1722,6349,6,31,19,16328
llama8b,draw4,model.layers.13.self_attn.o_proj,ce,31,1,30,0,0,0,6488,1803,1947,6146,3,31,31,16319
llama8b,draw4,model.layers.13.self_attn.o_proj,kl,31,1,30,0,0,0,6488,1803,1947,6146,3,31,31,16319
llama8b,seed0,model.layers.13.self_attn.q_proj,ce,23,0,23,0,0,0,5913,2511,2462,5498,0,23,44,16317
llama8b,seed0,model.layers.13.self_attn.q_proj,kl,44,0,44,0,0,0,5913,2511,2462,5498,0,23,44,16317
llama8b,draw1,model.layers.13.self_attn.q_proj,ce,17,0,17,0,0,0,6526,1672,1675,6511,0,17,8,16359
llama8b,draw1,model.layers.13.self_attn.q_proj,kl,8,0,8,0,0,0,6526,1672,1675,6511,0,17,8,16359
llama8b,draw2,model.layers.13.self_attn.q_proj,ce,18,0,18,0,0,0,5918,2295,2346,5825,2,18,29,16335
llama8b,draw2,model.layers.13.self_attn.q_proj,kl,29,1,28,0,0,0,5918,2295,2346,5825,2,18,29,16335
llama8b,draw3,model.layers.13.self_attn.q_proj,ce,12,0,12,0,0,0,6550,1797,1787,6250,0,12,7,16365
llama8b,draw3,model.layers.13.self_attn.q_proj,kl,7,0,7,0,0,0,6550,1797,1787,6250,0,12,7,16365
llama8b,draw4,model.layers.13.self_attn.q_proj,ce,19,1,18,0,0,0,6238,2100,2086,5960,1,19,11,16353
llama8b,draw4,model.layers.13.self_attn.q_proj,kl,11,0,11,0,0,0,6238,2100,2086,5960,1,19,11,16353
llama8b,seed0,model.layers.13.self_attn.v_proj,ce,11,0,11,0,0,0,1548,605,593,1350,4,11,26,4055
llama8b,seed0,model.layers.13.self_attn.v_proj,kl,26,2,24,0,0,0,1548,605,593,1350,4,11,26,4055
llama8b,draw1,model.layers.13.self_attn.v_proj,ce,10,0,10,0,0,0,1741,396,431,1528,3,10,17,4066
llama8b,draw1,model.layers.13.self_attn.v_proj,kl,17,0,17,0,0,0,1741,396,431,1528,3,10,17,4066
llama8b,draw2,model.layers.13.self_attn.v_proj,ce,12,0,12,0,0,0,1563,514,551,1468,3,12,18,4063
llama8b,draw2,model.layers.13.self_attn.v_proj,kl,18,0,18,0,0,0,1563,514,551,1468,3,12,18,4063
llama8b,draw3,model.layers.13.self_attn.v_proj,ce,7,0,7,0,0,0,1713,417,424,1542,2,7,5,4082
llama8b,draw3,model.layers.13.self_attn.v_proj,kl,5,0,5,0,0,0,1713,417,424,1542,2,7,5,4082
llama8b,draw4,model.layers.13.self_attn.v_proj,ce,12,0,12,0,0,0,1590,487,492,1527,6,12,16,4062
llama8b,draw4,model.layers.13.self_attn.v_proj,kl,16,0,16,0,0,0,1590,487,492,1527,6,12,16,4062
llama8b,seed0,model.layers.14.mlp.down_proj,ce,87,3,84,0,0,0,21781,7106,7436,21021,11,87,70,57176
llama8b,seed0,model.layers.14.mlp.down_proj,kl,70,2,68,0,0,0,21781,7106,7436,21021,11,87,70,57176
llama8b,draw1,model.layers.14.mlp.down_proj,ce,51,0,51,0,0,0,23840,5034,5110,23360,8,51,44,57241
llama8b,draw1,model.layers.14.mlp.down_proj,kl,44,0,44,0,0,0,23840,5034,5110,23360,8,51,44,57241
llama8b,draw2,model.layers.14.mlp.down_proj,ce,67,0,67,0,0,0,22790,6176,6164,22214,13,67,57,57207
llama8b,draw2,model.layers.14.mlp.down_proj,kl,57,0,57,0,0,0,22790,6176,6164,22214,13,67,57,57207
llama8b,draw3,model.layers.14.mlp.down_proj,ce,40,0,40,0,0,0,24036,4834,4901,23573,8,40,18,57278
llama8b,draw3,model.layers.14.mlp.down_proj,kl,18,0,18,0,0,0,24036,4834,4901,23573,8,40,18,57278
llama8b,draw4,model.layers.14.mlp.down_proj,ce,64,1,63,0,0,0,23639,5389,5456,22860,10,64,31,57239
llama8b,draw4,model.layers.14.mlp.down_proj,kl,31,0,31,0,0,0,23639,5389,5456,22860,10,64,31,57239
llama8b,seed0,model.layers.14.mlp.gate_proj,ce,70,1,69,0,0,0,21717,7350,7312,20965,8,70,45,57221
llama8b,seed0,model.layers.14.mlp.gate_proj,kl,45,1,44,0,0,0,21717,7350,7312,20965,8,70,45,57221
llama8b,draw1,model.layers.14.mlp.gate_proj,ce,53,0,53,0,0,0,23642,5113,5247,23342,10,53,26,57255
llama8b,draw1,model.layers.14.mlp.gate_proj,kl,26,0,26,0,0,0,23642,5113,5247,23342,10,53,26,57255
llama8b,draw2,model.layers.14.mlp.gate_proj,ce,86,0,86,0,0,0,22512,6402,6387,22043,11,86,44,57203
llama8b,draw2,model.layers.14.mlp.gate_proj,kl,44,0,44,0,0,0,22512,6402,6387,22043,11,86,44,57203
llama8b,draw3,model.layers.14.mlp.gate_proj,ce,33,0,33,0,0,0,23569,5145,5245,23385,1,33,13,57297
llama8b,draw3,model.layers.14.mlp.gate_proj,kl,13,0,13,0,0,0,23569,5145,5245,23385,1,33,13,57297
llama8b,draw4,model.layers.14.mlp.gate_proj,ce,64,0,64,0,0,0,23379,5606,5730,22629,5,64,28,57247
llama8b,draw4,model.layers.14.mlp.gate_proj,kl,28,0,28,0,0,0,23379,5606,5730,22629,5,64,28,57247
llama8b,seed0,model.layers.14.mlp.up_proj,ce,82,0,82,0,0,0,21684,7480,7378,20802,8,82,92,57162
llama8b,seed0,model.layers.14.mlp.up_proj,kl,92,2,90,0,0,0,21684,7480,7378,20802,8,82,92,57162
llama8b,draw1,model.layers.14.mlp.up_proj,ce,55,0,55,0,0,0,23742,5326,5310,22966,13,55,51,57225
llama8b,draw1,model.layers.14.mlp.up_proj,kl,51,0,51,0,0,0,23742,5326,5310,22966,13,55,51,57225
llama8b,draw2,model.layers.14.mlp.up_proj,ce,87,0,87,0,0,0,22445,6426,6665,21808,9,87,71,57177
llama8b,draw2,model.layers.14.mlp.up_proj,kl,71,1,70,0,0,0,22445,6426,6665,21808,9,87,71,57177
llama8b,draw3,model.layers.14.mlp.up_proj,ce,47,0,47,0,0,0,23664,5205,5353,23122,10,47,30,57257
llama8b,draw3,model.layers.14.mlp.up_proj,kl,30,0,30,0,0,0,23664,5205,5353,23122,10,47,30,57257
llama8b,draw4,model.layers.14.mlp.up_proj,ce,62,0,62,0,0,0,23490,5632,5845,22377,11,62,46,57225
llama8b,draw4,model.layers.14.mlp.up_proj,kl,46,1,45,0,0,0,23490,5632,5845,22377,11,62,46,57225
llama8b,seed0,model.layers.14.self_attn.k_proj,ce,4,0,4,0,0,0,1525,539,565,1467,0,4,23,4069
llama8b,seed0,model.layers.14.self_attn.k_proj,kl,23,0,23,0,0,0,1525,539,565,1467,0,4,23,4069
llama8b,draw1,model.layers.14.self_attn.k_proj,ce,4,0,4,0,0,0,1689,378,376,1653,4,4,8,4080
llama8b,draw1,model.layers.14.self_attn.k_proj,kl,8,0,8,0,0,0,1689,378,376,1653,4,4,8,4080
llama8b,draw2,model.layers.14.self_attn.k_proj,ce,3,0,3,0,0,0,1572,498,549,1477,1,3,18,4074
llama8b,draw2,model.layers.14.self_attn.k_proj,kl,18,0,18,0,0,0,1572,498,549,1477,1,3,18,4074
llama8b,draw3,model.layers.14.self_attn.k_proj,ce,5,0,5,0,0,0,1619,433,426,1618,0,5,4,4087
llama8b,draw3,model.layers.14.self_attn.k_proj,kl,4,0,4,0,0,0,1619,433,426,1618,0,5,4,4087
llama8b,draw4,model.layers.14.self_attn.k_proj,ce,6,0,6,0,0,0,1573,490,528,1505,1,6,5,4084
llama8b,draw4,model.layers.14.self_attn.k_proj,kl,5,0,5,0,0,0,1573,490,528,1505,1,6,5,4084
llama8b,seed0,model.layers.14.self_attn.o_proj,ce,36,1,35,0,0,0,6067,2215,2202,5900,6,36,47,16295
llama8b,seed0,model.layers.14.self_attn.o_proj,kl,47,1,46,0,0,0,6067,2215,2202,5900,6,36,47,16295
llama8b,draw1,model.layers.14.self_attn.o_proj,ce,19,0,19,0,0,0,6600,1688,1628,6468,5,19,17,16343
llama8b,draw1,model.layers.14.self_attn.o_proj,kl,17,1,16,0,0,0,6600,1688,1628,6468,5,19,17,16343
llama8b,draw2,model.layers.14.self_attn.o_proj,ce,31,1,30,0,0,0,6307,2043,2120,5914,8,31,35,16310
llama8b,draw2,model.layers.14.self_attn.o_proj,kl,35,0,35,0,0,0,6307,2043,2120,5914,8,31,35,16310
llama8b,draw3,model.layers.14.self_attn.o_proj,ce,22,0,22,0,0,0,6618,1685,1726,6355,0,22,10,16352
llama8b,draw3,model.layers.14.self_attn.o_proj,kl,10,0,10,0,0,0,6618,1685,1726,6355,0,22,10,16352
llama8b,draw4,model.layers.14.self_attn.o_proj,ce,28,0,28,0,0,0,6471,1855,1854,6204,7,28,19,16330
llama8b,draw4,model.layers.14.self_attn.o_proj,kl,19,0,19,0,0,0,6471,1855,1854,6204,7,28,19,16330
llama8b,seed0,model.layers.14.self_attn.q_proj,ce,19,1,18,0,0,0,6019,2268,2371,5726,4,19,77,16284
llama8b,seed0,model.layers.14.self_attn.q_proj,kl,77,3,74,0,0,0,6019,2268,2371,5726,4,19,77,16284
llama8b,draw1,model.layers.14.self_attn.q_proj,ce,26,0,26,0,0,0,6652,1630,1645,6457,9,26,42,16307
llama8b,draw1,model.layers.14.self_attn.q_proj,kl,42,0,42,0,0,0,6652,1630,1645,6457,9,26,42,16307
llama8b,draw2,model.layers.14.self_attn.q_proj,ce,20,1,19,0,0,0,6103,2164,2223,5894,3,20,56,16305
llama8b,draw2,model.layers.14.self_attn.q_proj,kl,56,2,54,0,0,0,6103,2164,2223,5894,3,20,56,16305
llama8b,draw3,model.layers.14.self_attn.q_proj,ce,9,0,9,0,0,0,6409,1799,1730,6446,2,9,21,16352
llama8b,draw3,model.layers.14.self_attn.q_proj,kl,21,0,21,0,0,0,6409,1799,1730,6446,2,9,21,16352
llama8b,draw4,model.layers.14.self_attn.q_proj,ce,30,1,29,0,0,0,6325,1884,1995,6180,12,30,56,16286
llama8b,draw4,model.layers.14.self_attn.q_proj,kl,56,0,56,0,0,0,6325,1884,1995,6180,12,30,56,16286
llama8b,seed0,model.layers.14.self_attn.v_proj,ce,4,0,4,0,0,0,1571,537,589,1399,2,4,19,4071
llama8b,seed0,model.layers.14.self_attn.v_proj,kl,19,0,19,0,0,0,1571,537,589,1399,2,4,19,4071
llama8b,draw1,model.layers.14.self_attn.v_proj,ce,6,0,6,0,0,0,1667,413,413,1603,4,6,16,4070
llama8b,draw1,model.layers.14.self_attn.v_proj,kl,16,0,16,0,0,0,1667,413,413,1603,4,6,16,4070
llama8b,draw2,model.layers.14.self_attn.v_proj,ce,7,0,7,0,0,0,1617,519,491,1469,5,7,18,4066
llama8b,draw2,model.layers.14.self_attn.v_proj,kl,18,0,18,0,0,0,1617,519,491,1469,5,7,18,4066
llama8b,draw3,model.layers.14.self_attn.v_proj,ce,8,0,8,0,0,0,1730,409,429,1528,0,8,2,4086
llama8b,draw3,model.layers.14.self_attn.v_proj,kl,2,0,2,0,0,0,1730,409,429,1528,0,8,2,4086
llama8b,draw4,model.layers.14.self_attn.v_proj,ce,14,0,14,0,0,0,1552,457,492,1595,5,14,12,4065
llama8b,draw4,model.layers.14.self_attn.v_proj,kl,12,0,12,0,0,0,1552,457,492,1595,5,14,12,4065
llama8b,seed0,model.layers.15.mlp.down_proj,ce,64,0,64,0,0,0,21983,7123,7153,21085,3,64,66,57211
llama8b,seed0,model.layers.15.mlp.down_proj,kl,66,1,65,0,0,0,21983,7123,7153,21085,3,64,66,57211
llama8b,draw1,model.layers.15.mlp.down_proj,ce,59,0,59,0,0,0,23693,5198,5204,23249,16,59,44,57225
llama8b,draw1,model.layers.15.mlp.down_proj,kl,44,0,44,0,0,0,23693,5198,5204,23249,16,59,44,57225
llama8b,draw2,model.layers.15.mlp.down_proj,ce,65,0,65,0,0,0,23120,6037,6016,22171,16,65,46,57217
llama8b,draw2,model.layers.15.mlp.down_proj,kl,46,0,46,0,0,0,23120,6037,6016,22171,16,65,46,57217
llama8b,draw3,model.layers.15.mlp.down_proj,ce,39,0,39,0,0,0,24084,4810,4914,23536,5,39,11,57289
llama8b,draw3,model.layers.15.mlp.down_proj,kl,11,0,11,0,0,0,24084,4810,4914,23536,5,39,11,57289
llama8b,draw4,model.layers.15.mlp.down_proj,ce,46,0,46,0,0,0,23774,5213,5401,22956,4,46,31,57263
llama8b,draw4,model.layers.15.mlp.down_proj,kl,31,0,31,0,0,0,23774,5213,5401,22956,4,46,31,57263
llama8b,seed0,model.layers.15.mlp.gate_proj,ce,62,1,61,0,0,0,21807,6936,7180,21421,10,62,45,57227
llama8b,seed0,model.layers.15.mlp.gate_proj,kl,45,1,44,0,0,0,21807,6936,7180,21421,10,62,45,57227
llama8b,draw1,model.layers.15.mlp.gate_proj,ce,58,0,58,0,0,0,23822,5038,5123,23361,8,58,28,57250
llama8b,draw1,model.layers.15.mlp.gate_proj,kl,28,0,28,0,0,0,23822,5038,5123,23361,8,58,28,57250
llama8b,draw2,model.layers.15.mlp.gate_proj,ce,68,0,68,0,0,0,23045,6025,6067,22207,9,68,40,57227
llama8b,draw2,model.layers.15.mlp.gate_proj,kl,40,0,40,0,0,0,23045,6025,6067,22207,9,68,40,57227
llama8b,draw3,model.layers.15.mlp.gate_proj,ce,34,1,33,0,0,0,24073,4760,4767,23744,4,34,12,57294
llama8b,draw3,model.layers.15.mlp.gate_proj,kl,12,0,12,0,0,0,24073,4760,4767,23744,4,34,12,57294
llama8b,draw4,model.layers.15.mlp.gate_proj,ce,61,0,61,0,0,0,23982,5329,5152,22881,5,61,19,57259
llama8b,draw4,model.layers.15.mlp.gate_proj,kl,19,0,19,0,0,0,23982,5329,5152,22881,5,61,19,57259
llama8b,seed0,model.layers.15.mlp.up_proj,ce,81,1,80,0,0,0,21605,7154,7527,21058,4,81,61,57198
llama8b,seed0,model.layers.15.mlp.up_proj,kl,61,0,61,0,0,0,21605,7154,7527,21058,4,81,61,57198
llama8b,draw1,model.layers.15.mlp.up_proj,ce,56,0,56,0,0,0,23637,5327,5314,23066,5,56,27,57256
llama8b,draw1,model.layers.15.mlp.up_proj,kl,27,0,27,0,0,0,23637,5327,5314,23066,5,56,27,57256
llama8b,draw2,model.layers.15.mlp.up_proj,ce,68,0,68,0,0,0,22580,6164,6364,22236,12,68,49,57215
llama8b,draw2,model.layers.15.mlp.up_proj,kl,49,0,49,0,0,0,22580,6164,6364,22236,12,68,49,57215
llama8b,draw3,model.layers.15.mlp.up_proj,ce,57,0,57,0,0,0,23744,5210,5089,23301,3,57,14,57270
llama8b,draw3,model.layers.15.mlp.up_proj,kl,14,0,14,0,0,0,23744,5210,5089,23301,3,57,14,57270
llama8b,draw4,model.layers.15.mlp.up_proj,ce,64,0,64,0,0,0,23452,5472,5402,23018,10,64,29,57241
llama8b,draw4,model.layers.15.mlp.up_proj,kl,29,0,29,0,0,0,23452,5472,5402,23018,10,64,29,57241
llama8b,seed0,model.layers.15.self_attn.k_proj,ce,5,0,5,0,0,0,1531,492,555,1518,0,5,0,4091
llama8b,seed0,model.layers.15.self_attn.k_proj,kl,0,0,0,0,0,0,1531,492,555,1518,0,5,0,4091
llama8b,draw1,model.layers.15.self_attn.k_proj,ce,6,0,6,0,0,0,1653,416,374,1653,0,6,4,4086
llama8b,draw1,model.layers.15.self_attn.k_proj,kl,4,0,4,0,0,0,1653,416,374,1653,0,6,4,4086
llama8b,draw2,model.layers.15.self_attn.k_proj,ce,10,0,10,0,0,0,1583,523,501,1489,1,10,3,4082
llama8b,draw2,model.layers.15.self_attn.k_proj,kl,3,0,3,0,0,0,1583,523,501,1489,1,10,3,4082
llama8b,draw3,model.layers.15.self_attn.k_proj,ce,4,0,4,0,0,0,1659,395,372,1670,0,4,1,4091
llama8b,draw3,model.layers.15.self_attn.k_proj,kl,1,0,1,0,0,0,1659,395,372,1670,0,4,1,4091
llama8b,draw4,model.layers.15.self_attn.k_proj,ce,4,0,4,0,0,0,1703,446,411,1536,1,4,6,4085
llama8b,draw4,model.layers.15.self_attn.k_proj,kl,6,0,6,0,0,0,1703,446,411,1536,1,4,6,4085
llama8b,seed0,model.layers.15.self_attn.o_proj,ce,29,1,28,0,0,0,6272,2120,2181,5811,3,29,53,16299
llama8b,seed0,model.layers.15.self_attn.o_proj,kl,53,2,51,0,0,0,6272,2120,2181,5811,3,29,53,16299
llama8b,draw1,model.layers.15.self_attn.o_proj,ce,24,0,24,0,0,0,6727,1592,1546,6519,9,24,27,16324
llama8b,draw1,model.layers.15.self_attn.o_proj,kl,27,0,27,0,0,0,6727,1592,1546,6519,9,24,27,16324
llama8b,draw2,model.layers.15.self_attn.o_proj,ce,26,0,26,0,0,0,6430,1873,1966,6115,5,26,34,16319
llama8b,draw2,model.layers.15.self_attn.o_proj,kl,34,0,34,0,0,0,6430,1873,1966,6115,5,26,34,16319
llama8b,draw3,model.layers.15.self_attn.o_proj,ce,14,0,14,0,0,0,6743,1526,1546,6569,3,14,8,16359
llama8b,draw3,model.layers.15.self_attn.o_proj,kl,8,0,8,0,0,0,6743,1526,1546,6569,3,14,8,16359
llama8b,draw4,model.layers.15.self_attn.o_proj,ce,28,0,28,0,0,0,6713,1618,1700,6353,10,28,31,16315
llama8b,draw4,model.layers.15.self_attn.o_proj,kl,31,0,31,0,0,0,6713,1618,1700,6353,10,28,31,16315
llama8b,seed0,model.layers.15.self_attn.q_proj,ce,21,0,21,0,0,0,5994,2170,2345,5875,1,21,16,16346
llama8b,seed0,model.layers.15.self_attn.q_proj,kl,16,0,16,0,0,0,5994,2170,2345,5875,1,21,16,16346
llama8b,draw1,model.layers.15.self_attn.q_proj,ce,17,0,17,0,0,0,6492,1732,1766,6394,5,17,16,16346
llama8b,draw1,model.layers.15.self_attn.q_proj,kl,16,1,15,0,0,0,6492,1732,1766,6394,5,17,16,16346
llama8b,draw2,model.layers.15.self_attn.q_proj,ce,27,3,24,0,0,0,6264,2031,2058,6031,2,27,26,16329
llama8b,draw2,model.layers.15.self_attn.q_proj,kl,26,0,26,0,0,0,6264,2031,2058,6031,2,27,26,16329
llama8b,draw3,model.layers.15.self_attn.q_proj,ce,11,0,11,0,0,0,6523,1668,1694,6499,0,11,14,16359
llama8b,draw3,model.layers.15.self_attn.q_proj,kl,14,1,13,0,0,0,6523,1668,1694,6499,0,11,14,16359
llama8b,draw4,model.layers.15.self_attn.q_proj,ce,19,0,19,0,0,0,6548,1785,1782,6269,0,19,12,16353
llama8b,draw4,model.layers.15.self_attn.q_proj,kl,12,0,12,0,0,0,6548,1785,1782,6269,0,19,12,16353
llama8b,seed0,model.layers.15.self_attn.v_proj,ce,7,0,7,0,0,0,1629,484,539,1444,5,7,28,4056
llama8b,seed0,model.layers.15.self_attn.v_proj,kl,28,2,26,0,0,0,1629,484,539,1444,5,7,28,4056
llama8b,draw1,model.layers.15.self_attn.v_proj,ce,8,0,8,0,0,0,1738,391,373,1594,7,8,19,4062
llama8b,draw1,model.layers.15.self_attn.v_proj,kl,19,0,19,0,0,0,1738,391,373,1594,7,8,19,4062
llama8b,draw2,model.layers.15.self_attn.v_proj,ce,7,0,7,0,0,0,1632,433,466,1565,7,7,26,4056
llama8b,draw2,model.layers.15.self_attn.v_proj,kl,26,0,26,0,0,0,1632,433,466,1565,7,7,26,4056
llama8b,draw3,model.layers.15.self_attn.v_proj,ce,6,0,6,0,0,0,1724,369,348,1655,3,6,7,4080
llama8b,draw3,model.layers.15.self_attn.v_proj,kl,7,0,7,0,0,0,1724,369,348,1655,3,6,7,4080
llama8b,draw4,model.layers.15.self_attn.v_proj,ce,13,0,13,0,0,0,1709,421,403,1563,7,13,14,4062
llama8b,draw4,model.layers.15.self_attn.v_proj,kl,14,0,14,0,0,0,1709,421,403,1563,7,13,14,4062
llama8b,seed0,model.layers.16.mlp.down_proj,ce,77,0,77,0,0,0,22030,7135,7141,21038,3,77,47,57217
llama8b,seed0,model.layers.16.mlp.down_proj,kl,47,2,45,0,0,0,22030,7135,7141,21038,3,77,47,57217
llama8b,draw1,model.layers.16.mlp.down_proj,ce,40,0,40,0,0,0,24191,5004,5054,23095,18,40,34,57252
llama8b,draw1,model.layers.16.mlp.down_proj,kl,34,0,34,0,0,0,24191,5004,5054,23095,18,40,34,57252
llama8b,draw2,model.layers.16.mlp.down_proj,ce,82,0,82,0,0,0,23162,5675,5690,22817,12,82,43,57207
llama8b,draw2,model.layers.16.mlp.down_proj,kl,43,0,43,0,0,0,23162,5675,5690,22817,12,82,43,57207
llama8b,draw3,model.layers.16.mlp.down_proj,ce,29,0,29,0,0,0,24506,4669,4593,23576,7,29,16,57292
llama8b,draw3,model.layers.16.mlp.down_proj,kl,16,0,16,0,0,0,24506,4669,4593,23576,7,29,16,57292
llama8b,draw4,model.layers.16.mlp.down_proj,ce,42,0,42,0,0,0,23777,5104,5092,23371,6,42,22,57274
llama8b,draw4,model.layers.16.mlp.down_proj,kl,22,0,22,0,0,0,23777,5104,5092,23371,6,42,22,57274
llama8b,seed0,model.layers.16.mlp.gate_proj,ce,62,0,62,0,0,0,22141,6898,6980,21325,4,62,38,57240
llama8b,seed0,model.layers.16.mlp.gate_proj,kl,38,0,38,0,0,0,22141,6898,6980,21325,4,62,38,57240
llama8b,draw1,model.layers.16.mlp.gate_proj,ce,38,0,38,0,0,0,24095,4810,4974,23465,11,38,20,57275
llama8b,draw1,model.layers.16.mlp.gate_proj,kl,20,0,20,0,0,0,24095,4810,4974,23465,11,38,20,57275
llama8b,draw2,model.layers.16.mlp.gate_proj,ce,52,0,52,0,0,0,23107,5608,5686,22943,7,52,21,57264
llama8b,draw2,model.layers.16.mlp.gate_proj,kl,21,0,21,0,0,0,23107,5608,5686,22943,7,52,21,57264
llama8b,draw3,model.layers.16.mlp.gate_proj,ce,29,0,29,0,0,0,24377,4475,4604,23888,2,29,11,57302
llama8b,draw3,model.layers.16.mlp.gate_proj,kl,11,0,11,0,0,0,24377,4475,4604,23888,2,29,11,57302
llama8b,draw4,model.layers.16.mlp.gate_proj,ce,46,0,46,0,0,0,23860,4997,5019,23468,1,46,11,57286
llama8b,draw4,model.layers.16.mlp.gate_proj,kl,11,0,11,0,0,0,23860,4997,5019,23468,1,46,11,57286
llama8b,seed0,model.layers.16.mlp.up_proj,ce,68,1,67,0,0,0,21678,7137,7077,21452,12,68,42,57222
llama8b,seed0,model.layers.16.mlp.up_proj,kl,42,0,42,0,0,0,21678,7137,7077,21452,12,68,42,57222
llama8b,draw1,model.layers.16.mlp.up_proj,ce,63,0,63,0,0,0,23668,5215,5266,23195,7,63,40,57234
llama8b,draw1,model.layers.16.mlp.up_proj,kl,40,0,40,0,0,0,23668,5215,5266,23195,7,63,40,57234
llama8b,draw2,model.layers.16.mlp.up_proj,ce,77,0,77,0,0,0,23023,5934,6045,22342,5,77,32,57230
llama8b,draw2,model.layers.16.mlp.up_proj,kl,32,0,32,0,0,0,23023,5934,6045,22342,5,77,32,57230
llama8b,draw3,model.layers.16.mlp.up_proj,ce,40,0,40,0,0,0,24195,4838,4892,23419,6,40,12,57286
llama8b,draw3,model.layers.16.mlp.up_proj,kl,12,0,12,0,0,0,24195,4838,4892,23419,6,40,12,57286
llama8b,draw4,model.layers.16.mlp.up_proj,ce,53,1,52,0,0,0,23785,5286,5368,22905,3,53,21,57267
llama8b,draw4,model.layers.16.mlp.up_proj,kl,21,0,21,0,0,0,23785,5286,5368,22905,3,53,21,57267
llama8b,seed0,model.layers.16.self_attn.k_proj,ce,6,0,6,0,0,0,1512,581,569,1434,1,6,7,4082
llama8b,seed0,model.layers.16.self_attn.k_proj,kl,7,0,7,0,0,0,1512,581,569,1434,1,6,7,4082
llama8b,draw1,model.layers.16.self_attn.k_proj,ce,12,0,12,0,0,0,1690,421,395,1590,1,12,7,4076
llama8b,draw1,model.layers.16.self_attn.k_proj,kl,7,0,7,0,0,0,1690,421,395,1590,1,12,7,4076
llama8b,draw2,model.layers.16.self_attn.k_proj,ce,4,0,4,0,0,0,1573,518,513,1492,1,4,5,4086
llama8b,draw2,model.layers.16.self_attn.k_proj,kl,5,0,5,0,0,0,1573,518,513,1492,1,4,5,4086
llama8b,draw3,model.layers.16.self_attn.k_proj,ce,2,0,2,0,0,0,1690,402,377,1627,0,2,1,4093
llama8b,draw3,model.layers.16.self_attn.k_proj,kl,1,0,1,0,0,0,1690,402,377,1627,0,2,1,4093
llama8b,draw4,model.layers.16.self_attn.k_proj,ce,5,0,5,0,0,0,1636,435,472,1553,2,5,3,4086
llama8b,draw4,model.layers.16.self_attn.k_proj,kl,3,0,3,0,0,0,1636,435,472,1553,2,5,3,4086
llama8b,seed0,model.layers.16.self_attn.o_proj,ce,26,0,26,0,0,0,6227,2082,2285,5790,3,26,42,16313
llama8b,seed0,model.layers.16.self_attn.o_proj,kl,42,0,42,0,0,0,6227,2082,2285,5790,3,26,42,16313
llama8b,draw1,model.layers.16.self_attn.o_proj,ce,17,0,17,0,0,0,6584,1644,1706,6450,7,17,25,16335
llama8b,draw1,model.layers.16.self_attn.o_proj,kl,25,0,25,0,0,0,6584,1644,1706,6450,7,17,25,16335
llama8b,draw2,model.layers.16.self_attn.o_proj,ce,21,0,21,0,0,0,6435,1911,1850,6188,4,21,29,16330
llama8b,draw2,model.layers.16.self_attn.o_proj,kl,29,0,29,0,0,0,6435,1911,1850,6188,4,21,29,16330
llama8b,draw3,model.layers.16.self_attn.o_proj,ce,16,0,16,0,0,0,6818,1506,1556,6504,3,16,13,16352
llama8b,draw3,model.layers.16.self_attn.o_proj,kl,13,0,13,0,0,0,6818,1506,1556,6504,3,16,13,16352
llama8b,draw4,model.layers.16.self_attn.o_proj,ce,21,0,21,0,0,0,6537,1727,1767,6353,3,21,26,16334
llama8b,draw4,model.layers.16.self_attn.o_proj,kl,26,0,26,0,0,0,6537,1727,1767,6353,3,21,26,16334
llama8b,seed0,model.layers.16.self_attn.q_proj,ce,27,1,26,0,0,0,6006,2318,2269,5791,6,27,37,16314
llama8b,seed0,model.layers.16.self_attn.q_proj,kl,37,1,36,0,0,0,6006,2318,2269,5791,6,27,37,16314
llama8b,draw1,model.layers.16.self_attn.q_proj,ce,24,0,24,0,0,0,6577,1602,1802,6403,5,24,17,16338
llama8b,draw1,model.layers.16.self_attn.q_proj,kl,17,1,16,0,0,0,6577,1602,1802,6403,5,24,17,16338
llama8b,draw2,model.layers.16.self_attn.q_proj,ce,35,0,35,0,0,0,6331,1949,2013,6091,3,35,16,16330
llama8b,draw2,model.layers.16.self_attn.q_proj,kl,16,1,15,0,0,0,6331,1949,2013,6091,3,35,16,16330
llama8b,draw3,model.layers.16.self_attn.q_proj,ce,19,0,19,0,0,0,6700,1628,1567,6489,3,19,8,16354
llama8b,draw3,model.layers.16.self_attn.q_proj,kl,8,2,6,0,0,0,6700,1628,1567,6489,3,19,8,16354
llama8b,draw4,model.layers.16.self_attn.q_proj,ce,27,1,26,0,0,0,6483,1822,1855,6224,1,27,17,16339
llama8b,draw4,model.layers.16.self_attn.q_proj,kl,17,1,16,0,0,0,6483,1822,1855,6224,1,27,17,16339
llama8b,seed0,model.layers.16.self_attn.v_proj,ce,6,2,4,0,0,0,1560,525,586,1425,3,6,19,4068
llama8b,seed0,model.layers.16.self_attn.v_proj,kl,19,1,18,0,0,0,1560,525,586,1425,3,6,19,4068
llama8b,draw1,model.layers.16.self_attn.v_proj,ce,7,0,7,0,0,0,1674,441,423,1558,3,7,13,4073
llama8b,draw1,model.layers.16.self_attn.v_proj,kl,13,0,13,0,0,0,1674,441,423,1558,3,7,13,4073
llama8b,draw2,model.layers.16.self_attn.v_proj,ce,14,0,14,0,0,0,1633,464,469,1530,5,14,15,4062
llama8b,draw2,model.layers.16.self_attn.v_proj,kl,15,0,15,0,0,0,1633,464,469,1530,5,14,15,4062
llama8b,draw3,model.layers.16.self_attn.v_proj,ce,5,0,5,0,0,0,1666,381,378,1671,2,5,3,4086
llama8b,draw3,model.layers.16.self_attn.v_proj,kl,3,0,3,0,0,0,1666,381,378,1671,2,5,3,4086
llama8b,draw4,model.layers.16.self_attn.v_proj,ce,12,0,12,0,0,0,1760,403,454,1479,6,12,13,4065
llama8b,draw4,model.layers.16.self_attn.v_proj,kl,13,0,13,0,0,0,1760,403,454,1479,6,12,13,4065
llama8b,seed0,model.layers.17.mlp.down_proj,ce,84,0,84,0,0,0,22023,6965,7037,21319,10,84,46,57204
llama8b,seed0,model.layers.17.mlp.down_proj,kl,46,0,46,0,0,0,22023,6965,7037,21319,10,84,46,57204
llama8b,draw1,model.layers.17.mlp.down_proj,ce,49,0,49,0,0,0,23716,5137,5086,23405,18,49,48,57229
llama8b,draw1,model.layers.17.mlp.down_proj,kl,48,0,48,0,0,0,23716,5137,5086,23405,18,49,48,57229
llama8b,draw2,model.layers.17.mlp.down_proj,ce,54,0,54,0,0,0,23328,5608,5601,22807,11,54,42,57237
llama8b,draw2,model.layers.17.mlp.down_proj,kl,42,0,42,0,0,0,23328,5608,5601,22807,11,54,42,57237
llama8b,draw3,model.layers.17.mlp.down_proj,ce,38,0,38,0,0,0,24194,4528,4614,24008,2,38,18,57286
llama8b,draw3,model.layers.17.mlp.down_proj,kl,18,0,18,0,0,0,24194,4528,4614,24008,2,38,18,57286
llama8b,draw4,model.layers.17.mlp.down_proj,ce,41,1,40,0,0,0,24039,5253,5173,22879,5,41,22,57276
llama8b,draw4,model.layers.17.mlp.down_proj,kl,22,0,22,0,0,0,24039,5253,5173,22879,5,41,22,57276
llama8b,seed0,model.layers.17.mlp.gate_proj,ce,50,0,50,0,0,0,22132,6731,6888,21593,5,50,32,57257
llama8b,seed0,model.layers.17.mlp.gate_proj,kl,32,0,32,0,0,0,22132,6731,6888,21593,5,50,32,57257
llama8b,draw1,model.layers.17.mlp.gate_proj,ce,33,0,33,0,0,0,24292,4701,4863,23488,13,33,21,57277
llama8b,draw1,model.layers.17.mlp.gate_proj,kl,21,0,21,0,0,0,24292,4701,4863,23488,13,33,21,57277
llama8b,draw2,model.layers.17.mlp.gate_proj,ce,42,0,42,0,0,0,23603,5214,5337,23190,5,42,25,57272
llama8b,draw2,model.layers.17.mlp.gate_proj,kl,25,0,25,0,0,0,23603,5214,5337,23190,5,42,25,57272
llama8b,draw3,model.layers.17.mlp.gate_proj,ce,20,0,20,0,0,0,24627,4432,4470,23815,0,20,9,57315
llama8b,draw3,model.layers.17.mlp.gate_proj,kl,9,0,9,0,0,0,24627,4432,4470,23815,0,20,9,57315
llama8b,draw4,model.layers.17.mlp.gate_proj,ce,30,0,30,0,0,0,24231,4943,4937,23233,0,30,17,57297
llama8b,draw4,model.layers.17.mlp.gate_proj,kl,17,0,17,0,0,0,24231,4943,4937,23233,0,30,17,57297
llama8b,seed0,model.layers.17.mlp.up_proj,ce,69,1,68,0,0,0,21830,7143,7182,21189,9,69,41,57225
llama8b,seed0,model.layers.17.mlp.up_proj,kl,41,0,41,0,0,0,21830,7143,7182,21189,9,69,41,57225
llama8b,draw1,model.layers.17.mlp.up_proj,ce,48,0,48,0,0,0,24089,5003,5057,23195,5,48,35,57256
llama8b,draw1,model.layers.17.mlp.up_proj,kl,35,0,35,0,0,0,24089,5003,5057,23195,5,48,35,57256
llama8b,draw2,model.layers.17.mlp.up_proj,ce,65,0,65,0,0,0,23016,5620,5914,22794,9,65,39,57231
llama8b,draw2,model.layers.17.mlp.up_proj,kl,39,0,39,0,0,0,23016,5620,5914,22794,9,65,39,57231
llama8b,draw3,model.layers.17.mlp.up_proj,ce,36,0,36,0,0,0,24212,4685,4724,23723,1,36,16,57291
llama8b,draw3,model.layers.17.mlp.up_proj,kl,16,0,16,0,0,0,24212,4685,4724,23723,1,36,16,57291
llama8b,draw4,model.layers.17.mlp.up_proj,ce,36,0,36,0,0,0,23645,5119,5191,23389,1,36,21,57286
llama8b,draw4,model.layers.17.mlp.up_proj,kl,21,0,21,0,0,0,23645,5119,5191,23389,1,36,21,57286
llama8b,seed0,model.layers.17.self_attn.k_proj,ce,11,0,11,0,0,0,1533,477,537,1549,9,11,22,4054
llama8b,seed0,model.layers.17.self_attn.k_proj,kl,22,0,22,0,0,0,1533,477,537,1549,9,11,22,4054
llama8b,draw1,model.layers.17.self_attn.k_proj,ce,8,0,8,0,0,0,1662,401,375,1658,12,8,8,4068
llama8b,draw1,model.layers.17.self_attn.k_proj,kl,8,0,8,0,0,0,1662,401,375,1658,12,8,8,4068
llama8b,draw2,model.layers.17.self_attn.k_proj,ce,7,0,7,0,0,0,1608,462,449,1577,4,7,11,4074
llama8b,draw2,model.layers.17.self_attn.k_proj,kl,11,0,11,0,0,0,1608,462,449,1577,4,7,11,4074
llama8b,draw3,model.layers.17.self_attn.k_proj,ce,7,1,6,0,0,0,1702,346,387,1661,0,7,3,4086
llama8b,draw3,model.layers.17.self_attn.k_proj,kl,3,0,3,0,0,0,1702,346,387,1661,0,7,3,4086
llama8b,draw4,model.layers.17.self_attn.k_proj,ce,1,0,1,0,0,0,1630,449,421,1596,1,1,4,4090
llama8b,draw4,model.layers.17.self_attn.k_proj,kl,4,0,4,0,0,0,1630,449,421,1596,1,1,4,4090
llama8b,seed0,model.layers.17.self_attn.o_proj,ce,24,0,24,0,0,0,6176,2126,2231,5851,4,24,30,16326
llama8b,seed0,model.layers.17.self_attn.o_proj,kl,30,1,29,0,0,0,6176,2126,2231,5851,4,24,30,16326
llama8b,draw1,model.layers.17.self_attn.o_proj,ce,24,0,24,0,0,0,6650,1590,1609,6535,9,24,29,16322
llama8b,draw1,model.layers.17.self_attn.o_proj,kl,29,0,29,0,0,0,6650,1590,1609,6535,9,24,29,16322
llama8b,draw2,model.layers.17.self_attn.o_proj,ce,24,0,24,0,0,0,6445,1929,1795,6215,6,24,21,16333
llama8b,draw2,model.layers.17.self_attn.o_proj,kl,21,0,21,0,0,0,6445,1929,1795,6215,6,24,21,16333
llama8b,draw3,model.layers.17.self_attn.o_proj,ce,15,0,15,0,0,0,6845,1473,1455,6611,7,15,11,16351
llama8b,draw3,model.layers.17.self_attn.o_proj,kl,11,0,11,0,0,0,6845,1473,1455,6611,7,15,11,16351
llama8b,draw4,model.layers.17.self_attn.o_proj,ce,20,0,20,0,0,0,6761,1636,1629,6358,6,20,20,16338
llama8b,draw4,model.layers.17.self_attn.o_proj,kl,20,1,19,0,0,0,6761,1636,1629,6358,6,20,20,16338
llama8b,seed0,model.layers.17.self_attn.q_proj,ce,23,0,23,0,0,0,6029,2178,2241,5936,3,23,20,16338
llama8b,seed0,model.layers.17.self_attn.q_proj,kl,20,0,20,0,0,0,6029,2178,2241,5936,3,23,20,16338
llama8b,draw1,model.layers.17.self_attn.q_proj,ce,31,0,31,0,0,0,6718,1556,1558,6552,1,31,9,16343
llama8b,draw1,model.layers.17.self_attn.q_proj,kl,9,0,9,0,0,0,6718,1556,1558,6552,1,31,9,16343
llama8b,draw2,model.layers.17.self_attn.q_proj,ce,15,0,15,0,0,0,6335,1859,1885,6305,8,15,15,16346
llama8b,draw2,model.layers.17.self_attn.q_proj,kl,15,0,15,0,0,0,6335,1859,1885,6305,8,15,15,16346
llama8b,draw3,model.layers.17.self_attn.q_proj,ce,15,0,15,0,0,0,6767,1461,1455,6701,1,15,5,16363
llama8b,draw3,model.layers.17.self_attn.q_proj,kl,5,0,5,0,0,0,6767,1461,1455,6701,1,15,5,16363
llama8b,draw4,model.layers.17.self_attn.q_proj,ce,15,0,15,0,0,0,6487,1671,1687,6539,2,15,9,16358
llama8b,draw4,model.layers.17.self_attn.q_proj,kl,9,0,9,0,0,0,6487,1671,1687,6539,2,15,9,16358
llama8b,seed0,model.layers.17.self_attn.v_proj,ce,10,0,10,0,0,0,1557,512,572,1455,3,10,15,4068
llama8b,seed0,model.layers.17.self_attn.v_proj,kl,15,0,15,0,0,0,1557,512,572,1455,3,10,15,4068
llama8b,draw1,model.layers.17.self_attn.v_proj,ce,4,0,4,0,0,0,1697,404,395,1600,4,4,3,4085
llama8b,draw1,model.layers.17.self_attn.v_proj,kl,3,0,3,0,0,0,1697,404,395,1600,4,4,3,4085
llama8b,draw2,model.layers.17.self_attn.v_proj,ce,9,0,9,0,0,0,1596,475,448,1577,4,9,5,4078
llama8b,draw2,model.layers.17.self_attn.v_proj,kl,5,0,5,0,0,0,1596,475,448,1577,4,9,5,4078
llama8b,draw3,model.layers.17.self_attn.v_proj,ce,1,0,1,0,0,0,1754,337,331,1674,2,1,3,4090
llama8b,draw3,model.layers.17.self_attn.v_proj,kl,3,0,3,0,0,0,1754,337,331,1674,2,1,3,4090
llama8b,draw4,model.layers.17.self_attn.v_proj,ce,8,0,8,0,0,0,1683,406,412,1595,2,8,4,4082
llama8b,draw4,model.layers.17.self_attn.v_proj,kl,4,0,4,0,0,0,1683,406,412,1595,2,8,4,4082
llama8b,seed0,model.layers.18.mlp.down_proj,ce,71,0,71,0,0,0,22127,6883,6926,21408,12,71,53,57208
llama8b,seed0,model.layers.18.mlp.down_proj,kl,53,1,52,0,0,0,22127,6883,6926,21408,12,71,53,57208
llama8b,draw1,model.layers.18.mlp.down_proj,ce,41,0,41,0,0,0,24095,4912,5146,23191,16,41,31,57256
llama8b,draw1,model.layers.18.mlp.down_proj,kl,31,0,31,0,0,0,24095,4912,5146,23191,16,41,31,57256
llama8b,draw2,model.layers.18.mlp.down_proj,ce,48,0,48,0,0,0,23691,5437,5391,22825,9,48,42,57245
llama8b,draw2,model.layers.18.mlp.down_proj,kl,42,0,42,0,0,0,23691,5437,5391,22825,9,48,42,57245
llama8b,draw3,model.layers.18.mlp.down_proj,ce,37,0,37,0,0,0,24541,4583,4520,23700,3,37,15,57289
llama8b,draw3,model.layers.18.mlp.down_proj,kl,15,0,15,0,0,0,24541,4583,4520,23700,3,37,15,57289
llama8b,draw4,model.layers.18.mlp.down_proj,ce,47,0,47,0,0,0,24003,5016,5035,23290,9,47,17,57271
llama8b,draw4,model.layers.18.mlp.down_proj,kl,17,0,17,0,0,0,24003,5016,5035,23290,9,47,17,57271
llama8b,seed0,model.layers.18.mlp.gate_proj,ce,55,0,55,0,0,0,22412,6595,6663,21674,6,55,30,57253
llama8b,seed0,model.layers.18.mlp.gate_proj,kl,30,0,30,0,0,0,22412,6595,6663,21674,6,55,30,57253
llama8b,draw1,model.layers.18.mlp.gate_proj,ce,37,0,37,0,0,0,24169,4723,4893,23559,10,37,25,57272
llama8b,draw1,model.layers.18.mlp.gate_proj,kl,25,0,25,0,0,0,24169,4723,4893,23559,10,37,25,57272
llama8b,draw2,model.layers.18.mlp.gate_proj,ce,32,0,32,0,0,0,23735,5059,5039,23511,13,32,19,57280
llama8b,draw2,model.layers.18.mlp.gate_proj,kl,19,0,19,0,0,0,23735,5059,5039,23511,13,32,19,57280
llama8b,draw3,model.layers.18.mlp.gate_proj,ce,26,0,26,0,0,0,24786,4170,4294,24094,3,26,11,57304
llama8b,draw3,model.layers.18.mlp.gate_proj,kl,11,0,11,0,0,0,24786,4170,4294,24094,3,26,11,57304
llama8b,draw4,model.layers.18.mlp.gate_proj,ce,31,0,31,0,0,0,24442,4681,4647,23574,6,31,17,57290
llama8b,draw4,model.layers.18.mlp.gate_proj,kl,17,0,17,0,0,0,24442,4681,4647,23574,6,31,17,57290
llama8b,seed0,model.layers.18.mlp.up_proj,ce,51,0,51,0,0,0,22096,7058,6925,21265,7,51,33,57253
llama8b,seed0,model.layers.18.mlp.up_proj,kl,33,0,33,0,0,0,22096,7058,6925,21265,7,51,33,57253
llama8b,draw1,model.layers.18.mlp.up_proj,ce,38,0,38,0,0,0,23631,5053,5020,23640,12,38,28,57266
llama8b,draw1,model.layers.18.mlp.up_proj,kl,28,0,28,0,0,0,23631,5053,5020,23640,12,38,28,57266
llama8b,draw2,model.layers.18.mlp.up_proj,ce,61,0,61,0,0,0,23542,5427,5465,22910,9,61,28,57246
llama8b,draw2,model.layers.18.mlp.up_proj,kl,28,0,28,0,0,0,23542,5427,5465,22910,9,61,28,57246
llama8b,draw3,model.layers.18.mlp.up_proj,ce,42,0,42,0,0,0,24319,4636,4629,23760,4,42,14,57284
llama8b,draw3,model.layers.18.mlp.up_proj,kl,14,0,14,0,0,0,24319,4636,4629,23760,4,42,14,57284
llama8b,draw4,model.layers.18.mlp.up_proj,ce,44,0,44,0,0,0,23981,5026,5023,23314,8,44,18,57274
llama8b,draw4,model.layers.18.mlp.up_proj,kl,18,0,18,0,0,0,23981,5026,5023,23314,8,44,18,57274
llama8b,seed0,model.layers.18.self_attn.k_proj,ce,4,0,4,0,0,0,1559,497,515,1525,0,4,3,4089
llama8b,seed0,model.layers.18.self_attn.k_proj,kl,3,0,3,0,0,0,1559,497,515,1525,0,4,3,4089
llama8b,draw1,model.layers.18.self_attn.k_proj,ce,4,0,4,0,0,0,1733,336,370,1657,1,4,0,4091
llama8b,draw1,model.layers.18.self_attn.k_proj,kl,0,0,0,0,0,0,1733,336,370,1657,1,4,0,4091
llama8b,draw2,model.layers.18.self_attn.k_proj,ce,8,0,8,0,0,0,1603,407,447,1639,1,8,2,4085
llama8b,draw2,model.layers.18.self_attn.k_proj,kl,2,0,2,0,0,0,1603,407,447,1639,1,8,2,4085
llama8b,draw3,model.layers.18.self_attn.k_proj,ce,1,0,1,0,0,0,1714,356,354,1672,0,1,3,4092
llama8b,draw3,model.layers.18.self_attn.k_proj,kl,3,0,3,0,0,0,1714,356,354,1672,0,1,3,4092
llama8b,draw4,model.layers.18.self_attn.k_proj,ce,5,0,5,0,0,0,1664,386,377,1669,0,5,0,4091
llama8b,draw4,model.layers.18.self_attn.k_proj,kl,0,0,0,0,0,0,1664,386,377,1669,0,5,0,4091
llama8b,seed0,model.layers.18.self_attn.o_proj,ce,21,0,21,0,0,0,6350,1990,2018,6026,3,21,20,16340
llama8b,seed0,model.layers.18.self_attn.o_proj,kl,20,1,19,0,0,0,6350,1990,2018,6026,3,21,20,16340
llama8b,draw1,model.layers.18.self_attn.o_proj,ce,14,0,14,0,0,0,6754,1517,1468,6645,3,14,20,16347
llama8b,draw1,model.layers.18.self_attn.o_proj,kl,20,0,20,0,0,0,6754,1517,1468,6645,3,14,20,16347
llama8b,draw2,model.layers.18.self_attn.o_proj,ce,18,1,17,0,0,0,6710,1620,1710,6344,2,18,16,16348
llama8b,draw2,model.layers.18.self_attn.o_proj,kl,16,0,16,0,0,0,6710,1620,1710,6344,2,18,16,16348
llama8b,draw3,model.layers.18.self_attn.o_proj,ce,7,0,7,0,0,0,6862,1466,1551,6505,1,7,6,16370
llama8b,draw3,model.layers.18.self_attn.o_proj,kl,6,0,6,0,0,0,6862,1466,1551,6505,1,7,6,16370
llama8b,draw4,model.layers.18.self_attn.o_proj,ce,18,0,18,0,0,0,6765,1406,1455,6758,2,18,12,16352
llama8b,draw4,model.layers.18.self_attn.o_proj,kl,12,0,12,0,0,0,6765,1406,1455,6758,2,18,12,16352
llama8b,seed0,model.layers.18.self_attn.q_proj,ce,20,1,19,0,0,0,6146,2089,2287,5862,1,20,20,16343
llama8b,seed0,model.layers.18.self_attn.q_proj,kl,20,0,20,0,0,0,6146,2089,2287,5862,1,20,20,16343
llama8b,draw1,model.layers.18.self_attn.q_proj,ce,17,0,17,0,0,0,6637,1584,1594,6569,3,17,9,16355
llama8b,draw1,model.layers.18.self_attn.q_proj,kl,9,0,9,0,0,0,6637,1584,1594,6569,3,17,9,16355
llama8b,draw2,model.layers.18.self_attn.q_proj,ce,20,0,20,0,0,0,6501,1741,1839,6303,0,20,7,16357
llama8b,draw2,model.layers.18.self_attn.q_proj,kl,7,1,6,0,0,0,6501,1741,1839,6303,0,20,7,16357
llama8b,draw3,model.layers.18.self_attn.q_proj,ce,14,0,14,0,0,0,6777,1493,1525,6589,2,14,6,16362
llama8b,draw3,model.layers.18.self_attn.q_proj,kl,6,1,5,0,0,0,6777,1493,1525,6589,2,14,6,16362
llama8b,draw4,model.layers.18.self_attn.q_proj,ce,15,0,15,0,0,0,6605,1622,1657,6500,1,15,6,16362
llama8b,draw4,model.layers.18.self_attn.q_proj,kl,6,0,6,0,0,0,6605,1622,1657,6500,1,15,6,16362
llama8b,seed0,model.layers.18.self_attn.v_proj,ce,9,0,9,0,0,0,1608,512,487,1489,2,9,8,4077
llama8b,seed0,model.layers.18.self_attn.v_proj,kl,8,0,8,0,0,0,1608,512,487,1489,2,9,8,4077
llama8b,draw1,model.layers.18.self_attn.v_proj,ce,10,0,10,0,0,0,1756,353,377,1610,6,10,6,4074
llama8b,draw1,model.layers.18.self_attn.v_proj,kl,6,0,6,0,0,0,1756,353,377,1610,6,10,6,4074
llama8b,draw2,model.layers.18.self_attn.v_proj,ce,14,0,14,0,0,0,1696,399,417,1584,5,14,5,4072
llama8b,draw2,model.layers.18.self_attn.v_proj,kl,5,0,5,0,0,0,1696,399,417,1584,5,14,5,4072
llama8b,draw3,model.layers.18.self_attn.v_proj,ce,2,0,2,0,0,0,1718,360,360,1658,2,2,3,4089
llama8b,draw3,model.layers.18.self_attn.v_proj,kl,3,0,3,0,0,0,1718,360,360,1658,2,2,3,4089
llama8b,draw4,model.layers.18.self_attn.v_proj,ce,5,0,5,0,0,0,1815,350,338,1593,3,5,4,4084
llama8b,draw4,model.layers.18.self_attn.v_proj,kl,4,0,4,0,0,0,1815,350,338,1593,3,5,4,4084
llama8b,seed0,model.layers.19.mlp.down_proj,ce,65,1,64,0,0,0,22181,6805,6974,21384,4,65,40,57235
llama8b,seed0,model.layers.19.mlp.down_proj,kl,40,0,40,0,0,0,22181,6805,6974,21384,4,65,40,57235
llama8b,draw1,model.layers.19.mlp.down_proj,ce,47,0,47,0,0,0,24035,5038,4958,23313,13,47,27,57257
llama8b,draw1,model.layers.19.mlp.down_proj,kl,27,0,27,0,0,0,24035,5038,4958,23313,13,47,27,57257
llama8b,draw2,model.layers.19.mlp.down_proj,ce,55,0,55,0,0,0,23554,5326,5454,23010,7,55,34,57248
llama8b,draw2,model.layers.19.mlp.down_proj,kl,34,0,34,0,0,0,23554,5326,5454,23010,7,55,34,57248
llama8b,draw3,model.layers.19.mlp.down_proj,ce,38,0,38,0,0,0,24590,4528,4573,23653,1,38,10,57295
llama8b,draw3,model.layers.19.mlp.down_proj,kl,10,0,10,0,0,0,24590,4528,4573,23653,1,38,10,57295
llama8b,draw4,model.layers.19.mlp.down_proj,ce,49,0,49,0,0,0,24218,5008,4974,23144,1,49,10,57284
llama8b,draw4,model.layers.19.mlp.down_proj,kl,10,0,10,0,0,0,24218,5008,4974,23144,1,49,10,57284
llama8b,seed0,model.layers.19.mlp.gate_proj,ce,58,1,57,0,0,0,22451,6648,6602,21643,9,58,26,57251
llama8b,seed0,model.layers.19.mlp.gate_proj,kl,26,1,25,0,0,0,22451,6648,6602,21643,9,58,26,57251
llama8b,draw1,model.layers.19.mlp.gate_proj,ce,37,0,37,0,0,0,24232,4718,4839,23555,13,37,25,57269
llama8b,draw1,model.layers.19.mlp.gate_proj,kl,25,0,25,0,0,0,24232,4718,4839,23555,13,37,25,57269
llama8b,draw2,model.layers.19.mlp.gate_proj,ce,39,0,39,0,0,0,24028,5050,5026,23240,11,39,12,57282
llama8b,draw2,model.layers.19.mlp.gate_proj,kl,12,0,12,0,0,0,24028,5050,5026,23240,11,39,12,57282
llama8b,draw3,model.layers.19.mlp.gate_proj,ce,31,0,31,0,0,0,24788,4149,4232,24175,5,31,6,57302
llama8b,draw3,model.layers.19.mlp.gate_proj,kl,6,0,6,0,0,0,24788,4149,4232,24175,5,31,6,57302
llama8b,draw4,model.layers.19.mlp.gate_proj,ce,23,0,23,0,0,0,24333,4585,4707,23719,8,23,14,57299
llama8b,draw4,model.layers.19.mlp.gate_proj,kl,14,0,14,0,0,0,24333,4585,4707,23719,8,23,14,57299
llama8b,seed0,model.layers.19.mlp.up_proj,ce,67,1,66,0,0,0,21975,6904,7013,21452,8,67,37,57232
llama8b,seed0,model.layers.19.mlp.up_proj,kl,37,0,37,0,0,0,21975,6904,7013,21452,8,67,37,57232
llama8b,draw1,model.layers.19.mlp.up_proj,ce,46,0,46,0,0,0,23938,5094,5021,23291,7,46,28,57263
llama8b,draw1,model.layers.19.mlp.up_proj,kl,28,0,28,0,0,0,23938,5094,5021,23291,7,46,28,57263
llama8b,draw2,model.layers.19.mlp.up_proj,ce,57,0,57,0,0,0,23710,5417,5369,22848,9,57,33,57245
llama8b,draw2,model.layers.19.mlp.up_proj,kl,33,0,33,0,0,0,23710,5417,5369,22848,9,57,33,57245
llama8b,draw3,model.layers.19.mlp.up_proj,ce,43,0,43,0,0,0,24402,4672,4631,23639,3,43,15,57283
llama8b,draw3,model.layers.19.mlp.up_proj,kl,15,0,15,0,0,0,24402,4672,4631,23639,3,43,15,57283
llama8b,draw4,model.layers.19.mlp.up_proj,ce,55,0,55,0,0,0,23990,4876,4994,23484,2,55,18,57269
llama8b,draw4,model.layers.19.mlp.up_proj,kl,18,0,18,0,0,0,23990,4876,4994,23484,2,55,18,57269
llama8b,seed0,model.layers.19.self_attn.k_proj,ce,10,0,10,0,0,0,1570,577,554,1395,0,10,7,4079
llama8b,seed0,model.layers.19.self_attn.k_proj,kl,7,0,7,0,0,0,1570,577,554,1395,0,10,7,4079
llama8b,draw1,model.layers.19.self_attn.k_proj,ce,5,0,5,0,0,0,1692,383,397,1624,1,5,2,4088
llama8b,draw1,model.layers.19.self_attn.k_proj,kl,2,0,2,0,0,0,1692,383,397,1624,1,5,2,4088
llama8b,draw2,model.layers.19.self_attn.k_proj,ce,6,0,6,0,0,0,1586,424,461,1625,0,6,3,4087
llama8b,draw2,model.layers.19.self_attn.k_proj,kl,3,0,3,0,0,0,1586,424,461,1625,0,6,3,4087
llama8b,draw3,model.layers.19.self_attn.k_proj,ce,2,0,2,0,0,0,1763,350,371,1612,1,2,1,4092
llama8b,draw3,model.layers.19.self_attn.k_proj,kl,1,0,1,0,0,0,1763,350,371,1612,1,2,1,4092
llama8b,draw4,model.layers.19.self_attn.k_proj,ce,7,0,7,0,0,0,1659,390,396,1651,0,7,0,4089
llama8b,draw4,model.layers.19.self_attn.k_proj,kl,0,0,0,0,0,0,1659,390,396,1651,0,7,0,4089
llama8b,seed0,model.layers.19.self_attn.o_proj,ce,32,1,31,0,0,0,6222,2142,2117,5903,5,32,30,16317
llama8b,seed0,model.layers.19.self_attn.o_proj,kl,30,0,30,0,0,0,6222,2142,2117,5903,5,32,30,16317
llama8b,draw1,model.layers.19.self_attn.o_proj,ce,23,0,23,0,0,0,6859,1460,1596,6469,14,23,13,16334
llama8b,draw1,model.layers.19.self_attn.o_proj,kl,13,1,12,0,0,0,6859,1460,1596,6469,14,23,13,16334
llama8b,draw2,model.layers.19.self_attn.o_proj,ce,23,0,23,0,0,0,6536,1686,1698,6464,2,23,17,16342
llama8b,draw2,model.layers.19.self_attn.o_proj,kl,17,0,17,0,0,0,6536,1686,1698,6464,2,23,17,16342
llama8b,draw3,model.layers.19.self_attn.o_proj,ce,19,0,19,0,0,0,6704,1479,1466,6735,4,19,5,16356
llama8b,draw3,model.layers.19.self_attn.o_proj,kl,5,0,5,0,0,0,6704,1479,1466,6735,4,19,5,16356
llama8b,draw4,model.layers.19.self_attn.o_proj,ce,15,0,15,0,0,0,6774,1533,1582,6495,7,15,15,16347
llama8b,draw4,model.layers.19.self_attn.o_proj,kl,15,0,15,0,0,0,6774,1533,1582,6495,7,15,15,16347
llama8b,seed0,model.layers.19.self_attn.q_proj,ce,18,0,18,0,0,0,6088,2161,2251,5884,2,18,13,16351
llama8b,seed0,model.layers.19.self_attn.q_proj,kl,13,1,12,0,0,0,6088,2161,2251,5884,2,18,13,16351
llama8b,draw1,model.layers.19.self_attn.q_proj,ce,18,0,18,0,0,1,6615,1628,1609,6532,2,18,10,16354
llama8b,draw1,model.layers.19.self_attn.q_proj,kl,10,0,10,0,0,0,6615,1628,1609,6532,2,18,10,16354
llama8b,draw2,model.layers.19.self_attn.q_proj,ce,21,0,21,0,0,0,6434,1765,1861,6324,4,21,10,16349
llama8b,draw2,model.layers.19.self_attn.q_proj,kl,10,0,10,0,0,0,6434,1765,1861,6324,4,21,10,16349
llama8b,draw3,model.layers.19.self_attn.q_proj,ce,14,0,14,0,0,0,6772,1474,1527,6611,0,14,3,16367
llama8b,draw3,model.layers.19.self_attn.q_proj,kl,3,0,3,0,0,0,6772,1474,1527,6611,0,14,3,16367
llama8b,draw4,model.layers.19.self_attn.q_proj,ce,18,0,18,0,0,0,6742,1637,1596,6409,0,18,4,16362
llama8b,draw4,model.layers.19.self_attn.q_proj,kl,4,0,4,0,0,0,6742,1637,1596,6409,0,18,4,16362
llama8b,seed0,model.layers.19.self_attn.v_proj,ce,6,1,5,0,0,0,1585,530,508,1473,1,6,4,4085
llama8b,seed0,model.layers.19.self_attn.v_proj,kl,4,0,4,0,0,0,1585,530,508,1473,1,6,4,4085
llama8b,draw1,model.layers.19.self_attn.v_proj,ce,3,0,3,0,0,0,1667,390,386,1653,4,3,5,4084
llama8b,draw1,model.layers.19.self_attn.v_proj,kl,5,0,5,0,0,0,1667,390,386,1653,4,3,5,4084
llama8b,draw2,model.layers.19.self_attn.v_proj,ce,9,0,9,0,0,0,1681,411,447,1557,2,9,8,4077
llama8b,draw2,model.layers.19.self_attn.v_proj,kl,8,0,8,0,0,0,1681,411,447,1557,2,9,8,4077
llama8b,draw3,model.layers.19.self_attn.v_proj,ce,4,0,4,0,0,0,1733,331,320,1712,2,4,5,4085
llama8b,draw3,model.layers.19.self_attn.v_proj,kl,5,0,5,0,0,0,1733,331,320,1712,2,4,5,4085
llama8b,draw4,model.layers.19.self_attn.v_proj,ce,9,0,9,0,0,0,1666,389,369,1672,1,9,7,4079
llama8b,draw4,model.layers.19.self_attn.v_proj,kl,7,0,7,0,0,0,1666,389,369,1672,1,9,7,4079
llama8b,seed0,model.layers.2.mlp.down_proj,ce,65,1,64,0,0,0,21211,7745,7947,20441,8,65,58,57213
llama8b,seed0,model.layers.2.mlp.down_proj,kl,58,1,57,0,0,0,21211,7745,7947,20441,8,65,58,57213
llama8b,draw1,model.layers.2.mlp.down_proj,ce,53,0,53,0,0,0,23042,5919,5901,22482,14,53,41,57236
llama8b,draw1,model.layers.2.mlp.down_proj,kl,41,0,41,0,0,0,23042,5919,5901,22482,14,53,41,57236
llama8b,draw2,model.layers.2.mlp.down_proj,ce,71,0,71,0,0,0,22178,6782,6803,21581,8,71,38,57227
llama8b,draw2,model.layers.2.mlp.down_proj,kl,38,0,38,0,0,0,22178,6782,6803,21581,8,71,38,57227
llama8b,draw3,model.layers.2.mlp.down_proj,ce,78,0,78,0,0,0,22700,6215,6101,22328,7,78,37,57222
llama8b,draw3,model.layers.2.mlp.down_proj,kl,37,0,37,0,0,0,22700,6215,6101,22328,7,78,37,57222
llama8b,draw4,model.layers.2.mlp.down_proj,ce,70,0,70,0,0,0,22666,6405,6287,21986,5,70,54,57215
llama8b,draw4,model.layers.2.mlp.down_proj,kl,54,0,54,0,0,0,22666,6405,6287,21986,5,70,54,57215
llama8b,seed0,model.layers.2.mlp.gate_proj,ce,84,0,84,0,0,0,20990,7731,8025,20598,8,84,57,57195
llama8b,seed0,model.layers.2.mlp.gate_proj,kl,57,0,57,0,0,0,20990,7731,8025,20598,8,84,57,57195
llama8b,draw1,model.layers.2.mlp.gate_proj,ce,74,0,74,0,0,0,22897,5863,5941,22643,11,74,32,57227
llama8b,draw1,model.layers.2.mlp.gate_proj,kl,32,1,31,0,0,0,22897,5863,5941,22643,11,74,32,57227
llama8b,draw2,model.layers.2.mlp.gate_proj,ce,69,0,69,0,0,0,22073,6742,6862,21667,10,69,48,57217
llama8b,draw2,model.layers.2.mlp.gate_proj,kl,48,0,48,0,0,0,22073,6742,6862,21667,10,69,48,57217
llama8b,draw3,model.layers.2.mlp.gate_proj,ce,66,0,66,0,0,0,22813,5869,6004,22658,9,66,36,57233
llama8b,draw3,model.layers.2.mlp.gate_proj,kl,36,0,36,0,0,0,22813,5869,6004,22658,9,66,36,57233
llama8b,draw4,model.layers.2.mlp.gate_proj,ce,46,0,46,0,0,0,22284,6504,6398,22158,4,46,32,57262
llama8b,draw4,model.layers.2.mlp.gate_proj,kl,32,0,32,0,0,0,22284,6504,6398,22158,4,46,32,57262
llama8b,seed0,model.layers.2.mlp.up_proj,ce,75,0,75,0,0,0,20916,7847,8126,20455,8,75,72,57189
llama8b,seed0,model.layers.2.mlp.up_proj,kl,72,1,71,0,0,0,20916,7847,8126,20455,8,75,72,57189
llama8b,draw1,model.layers.2.mlp.up_proj,ce,77,0,77,0,0,0,22946,6005,6047,22346,4,77,53,57210
llama8b,draw1,model.layers.2.mlp.up_proj,kl,53,0,53,0,0,0,22946,6005,6047,22346,4,77,53,57210
llama8b,draw2,model.layers.2.mlp.up_proj,ce,89,0,89,0,0,0,22251,6795,6847,21451,4,89,40,57211
llama8b,draw2,model.layers.2.mlp.up_proj,kl,40,1,39,0,0,0,22251,6795,6847,21451,4,89,40,57211
llama8b,draw3,model.layers.2.mlp.up_proj,ce,63,0,63,0,0,0,22799,6105,6038,22402,5,63,28,57248
llama8b,draw3,model.layers.2.mlp.up_proj,kl,28,0,28,0,0,0,22799,6105,6038,22402,5,63,28,57248
llama8b,draw4,model.layers.2.mlp.up_proj,ce,66,0,66,0,0,0,22419,6413,6533,21979,11,66,38,57229
llama8b,draw4,model.layers.2.mlp.up_proj,kl,38,0,38,0,0,0,22419,6413,6533,21979,11,66,38,57229
llama8b,seed0,model.layers.2.self_attn.k_proj,ce,5,1,4,0,0,0,1419,644,621,1412,1,5,19,4071
llama8b,seed0,model.layers.2.self_attn.k_proj,kl,19,0,19,0,0,0,1419,644,621,1412,1,5,19,4071
llama8b,draw1,model.layers.2.self_attn.k_proj,ce,3,0,3,0,0,0,1517,500,550,1529,4,3,29,4060
llama8b,draw1,model.layers.2.self_attn.k_proj,kl,29,0,29,0,0,0,1517,500,550,1529,4,3,29,4060
llama8b,draw2,model.layers.2.self_attn.k_proj,ce,4,0,4,0,0,0,1568,495,523,1510,0,4,10,4082
llama8b,draw2,model.layers.2.self_attn.k_proj,kl,10,0,10,0,0,0,1568,495,523,1510,0,4,10,4082
llama8b,draw3,model.layers.2.self_attn.k_proj,ce,6,0,6,0,0,0,1601,483,498,1514,0,6,15,4075
llama8b,draw3,model.layers.2.self_attn.k_proj,kl,15,0,15,0,0,0,1601,483,498,1514,0,6,15,4075
llama8b,draw4,model.layers.2.self_attn.k_proj,ce,12,0,12,0,0,0,1573,493,556,1474,5,12,17,4062
llama8b,draw4,model.layers.2.self_attn.k_proj,kl,17,0,17,0,0,0,1573,493,556,1474,5,12,17,4062
llama8b,seed0,model.layers.2.self_attn.o_proj,ce,56,2,54,0,0,0,5842,2429,2397,5716,6,56,41,16281
llama8b,seed0,model.layers.2.self_attn.o_proj,kl,41,0,41,0,0,0,5842,2429,2397,5716,6,56,41,16281
llama8b,draw1,model.layers.2.self_attn.o_proj,ce,31,0,31,0,0,0,6423,1812,1754,6395,5,31,34,16314
llama8b,draw1,model.layers.2.self_attn.o_proj,kl,34,1,33,0,0,0,6423,1812,1754,6395,5,31,34,16314
llama8b,draw2,model.layers.2.self_attn.o_proj,ce,30,1,29,0,0,0,6272,1972,2056,6084,7,30,27,16320
llama8b,draw2,model.layers.2.self_attn.o_proj,kl,27,0,27,0,0,0,6272,1972,2056,6084,7,30,27,16320
llama8b,draw3,model.layers.2.self_attn.o_proj,ce,36,0,36,0,0,0,6366,1961,1896,6161,2,36,26,16320
llama8b,draw3,model.layers.2.self_attn.o_proj,kl,26,0,26,0,0,0,6366,1961,1896,6161,2,36,26,16320
llama8b,draw4,model.layers.2.self_attn.o_proj,ce,30,0,30,0,0,0,6305,2044,2006,6029,5,30,36,16313
llama8b,draw4,model.layers.2.self_attn.o_proj,kl,36,0,36,0,0,0,6305,2044,2006,6029,5,30,36,16313
llama8b,seed0,model.layers.2.self_attn.q_proj,ce,23,0,23,0,0,0,5701,2649,2629,5405,2,23,77,16282
llama8b,seed0,model.layers.2.self_attn.q_proj,kl,77,2,75,0,0,0,5701,2649,2629,5405,2,23,77,16282
llama8b,draw1,model.layers.2.self_attn.q_proj,ce,20,0,20,0,0,0,6239,2011,2048,6086,39,20,89,16236
llama8b,draw1,model.layers.2.self_attn.q_proj,kl,89,2,87,0,0,0,6239,2011,2048,6086,39,20,89,16236
llama8b,draw2,model.layers.2.self_attn.q_proj,ce,34,0,34,0,0,0,6159,1965,2122,6138,15,34,35,16300
llama8b,draw2,model.layers.2.self_attn.q_proj,kl,35,0,35,0,0,0,6159,1965,2122,6138,15,34,35,16300
llama8b,draw3,model.layers.2.self_attn.q_proj,ce,19,0,19,0,0,0,6155,1989,2137,6103,8,19,39,16318
llama8b,draw3,model.layers.2.self_attn.q_proj,kl,39,1,38,0,0,0,6155,1989,2137,6103,8,19,39,16318
llama8b,draw4,model.layers.2.self_attn.q_proj,ce,24,0,24,0,0,0,6077,2243,2211,5853,14,24,70,16276
llama8b,draw4,model.layers.2.self_attn.q_proj,kl,70,2,68,0,0,0,6077,2243,2211,5853,14,24,70,16276
llama8b,seed0,model.layers.2.self_attn.v_proj,ce,17,0,17,0,0,0,1483,589,614,1410,3,17,34,4042
llama8b,seed0,model.layers.2.self_attn.v_proj,kl,34,1,33,0,0,0,1483,589,614,1410,3,17,34,4042
llama8b,draw1,model.layers.2.self_attn.v_proj,ce,9,0,9,0,0,0,1699,448,431,1518,10,9,33,4044
llama8b,draw1,model.layers.2.self_attn.v_proj,kl,33,1,32,0,0,0,1699,448,431,1518,10,9,33,4044
llama8b,draw2,model.layers.2.self_attn.v_proj,ce,22,0,22,0,0,0,1612,487,485,1512,6,22,20,4048
llama8b,draw2,model.layers.2.self_attn.v_proj,kl,20,1,19,0,0,0,1612,487,485,1512,6,22,20,4048
llama8b,draw3,model.layers.2.self_attn.v_proj,ce,10,0,10,0,0,0,1657,442,471,1526,8,10,22,4056
llama8b,draw3,model.layers.2.self_attn.v_proj,kl,22,0,22,0,0,0,1657,442,471,1526,8,10,22,4056
llama8b,draw4,model.layers.2.self_attn.v_proj,ce,9,0,9,0,0,0,1616,471,494,1515,10,9,30,4047
llama8b,draw4,model.layers.2.self_attn.v_proj,kl,30,0,30,0,0,0,1616,471,494,1515,10,9,30,4047
llama8b,seed0,model.layers.20.mlp.down_proj,ce,54,0,54,0,0,0,22125,6752,7001,21466,10,54,39,57241
llama8b,seed0,model.layers.20.mlp.down_proj,kl,39,0,39,0,0,0,22125,6752,7001,21466,10,54,39,57241
llama8b,draw1,model.layers.20.mlp.down_proj,ce,56,0,56,0,0,0,24234,4935,4972,23203,7,56,36,57245
llama8b,draw1,model.layers.20.mlp.down_proj,kl,36,0,36,0,0,0,24234,4935,4972,23203,7,56,36,57245
llama8b,draw2,model.layers.20.mlp.down_proj,ce,61,0,61,0,0,0,23860,5152,5364,22968,6,61,35,57242
llama8b,draw2,model.layers.20.mlp.down_proj,kl,35,0,35,0,0,0,23860,5152,5364,22968,6,61,35,57242
llama8b,draw3,model.layers.20.mlp.down_proj,ce,36,0,36,0,0,0,24765,4483,4424,23672,6,36,15,57287
llama8b,draw3,model.layers.20.mlp.down_proj,kl,15,0,15,0,0,0,24765,4483,4424,23672,6,36,15,57287
llama8b,draw4,model.layers.20.mlp.down_proj,ce,37,0,37,0,0,0,24097,4866,4996,23385,4,37,16,57287
llama8b,draw4,model.layers.20.mlp.down_proj,kl,16,0,16,0,0,0,24097,4866,4996,23385,4,37,16,57287
llama8b,seed0,model.layers.20.mlp.gate_proj,ce,62,0,62,0,0,0,22366,6630,6839,21509,11,62,33,57238
llama8b,seed0,model.layers.20.mlp.gate_proj,kl,33,0,33,0,0,0,22366,6630,6839,21509,11,62,33,57238
llama8b,draw1,model.layers.20.mlp.gate_proj,ce,29,0,29,0,0,0,24150,4816,4810,23568,23,29,32,57260
llama8b,draw1,model.layers.20.mlp.gate_proj,kl,32,0,32,0,0,0,24150,4816,4810,23568,23,29,32,57260
llama8b,draw2,model.layers.20.mlp.gate_proj,ce,44,0,44,0,0,0,23874,4996,4946,23528,9,44,24,57267
llama8b,draw2,model.layers.20.mlp.gate_proj,kl,24,0,24,0,0,0,23874,4996,4946,23528,9,44,24,57267
llama8b,draw3,model.layers.20.mlp.gate_proj,ce,24,0,24,0,0,0,24762,4171,4080,24331,3,24,11,57306
llama8b,draw3,model.layers.20.mlp.gate_proj,kl,11,0,11,0,0,0,24762,4171,4080,24331,3,24,11,57306
llama8b,draw4,model.layers.20.mlp.gate_proj,ce,33,0,33,0,0,0,24280,4632,4643,23789,0,33,11,57300
llama8b,draw4,model.layers.20.mlp.gate_proj,kl,11,0,11,0,0,0,24280,4632,4643,23789,0,33,11,57300
llama8b,seed0,model.layers.20.mlp.up_proj,ce,59,2,57,0,0,0,22182,6983,7035,21144,3,59,34,57248
llama8b,seed0,model.layers.20.mlp.up_proj,kl,34,1,33,0,0,0,22182,6983,7035,21144,3,59,34,57248
llama8b,draw1,model.layers.20.mlp.up_proj,ce,50,0,50,0,0,0,23929,4992,5137,23286,13,50,38,57243
llama8b,draw1,model.layers.20.mlp.up_proj,kl,38,0,38,0,0,0,23929,4992,5137,23286,13,50,38,57243
llama8b,draw2,model.layers.20.mlp.up_proj,ce,62,0,62,0,0,0,23862,5225,5237,23020,5,62,32,57245
llama8b,draw2,model.layers.20.mlp.up_proj,kl,32,0,32,0,0,0,23862,5225,5237,23020,5,62,32,57245
llama8b,draw3,model.layers.20.mlp.up_proj,ce,36,0,36,0,0,0,24628,4438,4328,23950,2,36,12,57294
llama8b,draw3,model.layers.20.mlp.up_proj,kl,12,0,12,0,0,0,24628,4438,4328,23950,2,36,12,57294
llama8b,draw4,model.layers.20.mlp.up_proj,ce,38,0,38,0,0,0,24092,4855,4908,23489,3,38,19,57284
llama8b,draw4,model.layers.20.mlp.up_proj,kl,19,0,19,0,0,0,24092,4855,4908,23489,3,38,19,57284
llama8b,seed0,model.layers.20.self_attn.k_proj,ce,3,0,3,0,0,0,1406,596,657,1437,0,3,2,4091
llama8b,seed0,model.layers.20.self_attn.k_proj,kl,2,1,1,0,0,0,1406,596,657,1437,0,3,2,4091
llama8b,draw1,model.layers.20.self_attn.k_proj,ce,6,0,6,0,0,0,1616,423,434,1623,1,6,5,4084
llama8b,draw1,model.layers.20.self_attn.k_proj,kl,5,0,5,0,0,0,1616,423,434,1623,1,6,5,4084
llama8b,draw2,model.layers.20.self_attn.k_proj,ce,4,0,4,0,0,0,1504,489,547,1556,0,4,2,4090
llama8b,draw2,model.layers.20.self_attn.k_proj,kl,2,0,2,0,0,0,1504,489,547,1556,0,4,2,4090
llama8b,draw3,model.layers.20.self_attn.k_proj,ce,2,0,2,0,0,0,1711,312,376,1697,0,2,1,4093
llama8b,draw3,model.layers.20.self_attn.k_proj,kl,1,0,1,0,0,0,1711,312,376,1697,0,2,1,4093
llama8b,draw4,model.layers.20.self_attn.k_proj,ce,9,0,9,0,0,0,1687,407,428,1574,0,9,2,4085
llama8b,draw4,model.layers.20.self_attn.k_proj,kl,2,0,2,0,0,0,1687,407,428,1574,0,9,2,4085
llama8b,seed0,model.layers.20.self_attn.o_proj,ce,17,2,15,0,0,0,6131,2216,2231,5806,2,17,21,16344
llama8b,seed0,model.layers.20.self_attn.o_proj,kl,21,1,20,0,0,0,6131,2216,2231,5806,2,17,21,16344
llama8b,draw1,model.layers.20.self_attn.o_proj,ce,19,0,19,0,0,0,6750,1537,1499,6598,7,19,23,16335
llama8b,draw1,model.layers.20.self_attn.o_proj,kl,23,1,22,0,0,0,6750,1537,1499,6598,7,19,23,16335
llama8b,draw2,model.layers.20.self_attn.o_proj,ce,17,0,17,0,0,0,6534,1813,1806,6231,0,17,14,16353
llama8b,draw2,model.layers.20.self_attn.o_proj,kl,14,0,14,0,0,0,6534,1813,1806,6231,0,17,14,16353
llama8b,draw3,model.layers.20.self_attn.o_proj,ce,8,0,8,0,0,0,7031,1236,1261,6856,1,8,4,16371
llama8b,draw3,model.layers.20.self_attn.o_proj,kl,4,0,4,0,0,0,7031,1236,1261,6856,1,8,4,16371
llama8b,draw4,model.layers.20.self_attn.o_proj,ce,15,0,15,0,0,0,6716,1605,1602,6461,1,15,22,16346
llama8b,draw4,model.layers.20.self_attn.o_proj,kl,22,0,22,0,0,0,6716,1605,1602,6461,1,15,22,16346
llama8b,seed0,model.layers.20.self_attn.q_proj,ce,21,2,19,0,0,0,5877,2330,2469,5708,2,21,29,16332
llama8b,seed0,model.layers.20.self_attn.q_proj,kl,29,1,28,0,0,0,5877,2330,2469,5708,2,21,29,16332
llama8b,draw1,model.layers.20.self_attn.q_proj,ce,18,0,18,0,0,0,6499,1809,1678,6398,3,18,8,16355
llama8b,draw1,model.layers.20.self_attn.q_proj,kl,8,0,8,0,0,0,6499,1809,1678,6398,3,18,8,16355
llama8b,draw2,model.layers.20.self_attn.q_proj,ce,27,1,26,0,0,0,6257,1978,2068,6081,3,27,15,16339
llama8b,draw2,model.layers.20.self_attn.q_proj,kl,15,0,15,0,0,0,6257,1978,2068,6081,3,27,15,16339
llama8b,draw3,model.layers.20.self_attn.q_proj,ce,14,1,13,0,0,0,6902,1342,1336,6804,2,14,6,16362
llama8b,draw3,model.layers.20.self_attn.q_proj,kl,6,0,6,0,0,0,6902,1342,1336,6804,2,14,6,16362
llama8b,draw4,model.layers.20.self_attn.q_proj,ce,18,0,18,0,0,0,6549,1730,1769,6336,1,18,14,16351
llama8b,draw4,model.layers.20.self_attn.q_proj,kl,14,0,14,0,0,0,6549,1730,1769,6336,1,18,14,16351
llama8b,seed0,model.layers.20.self_attn.v_proj,ce,8,0,8,0,0,0,1517,532,582,1465,2,8,4,4082
llama8b,seed0,model.layers.20.self_attn.v_proj,kl,4,0,4,0,0,0,1517,532,582,1465,2,8,4,4082
llama8b,draw1,model.layers.20.self_attn.v_proj,ce,8,0,8,0,0,0,1662,405,447,1582,0,8,7,4081
llama8b,draw1,model.layers.20.self_attn.v_proj,kl,7,0,7,0,0,0,1662,405,447,1582,0,8,7,4081
llama8b,draw2,model.layers.20.self_attn.v_proj,ce,3,0,3,0,0,0,1666,468,470,1492,0,3,7,4086
llama8b,draw2,model.layers.20.self_attn.v_proj,kl,7,0,7,0,0,0,1666,468,470,1492,0,3,7,4086
llama8b,draw3,model.layers.20.self_attn.v_proj,ce,4,0,4,0,0,0,1752,317,318,1709,0,4,0,4092
llama8b,draw3,model.layers.20.self_attn.v_proj,kl,0,0,0,0,0,0,1752,317,318,1709,0,4,0,4092
llama8b,draw4,model.layers.20.self_attn.v_proj,ce,11,0,11,0,0,0,1671,434,422,1569,1,11,7,4077
llama8b,draw4,model.layers.20.self_attn.v_proj,kl,7,0,7,0,0,0,1671,434,422,1569,1,11,7,4077
llama8b,seed0,model.layers.21.mlp.down_proj,ce,61,0,61,0,0,0,21948,6945,7043,21408,8,61,47,57228
llama8b,seed0,model.layers.21.mlp.down_proj,kl,47,1,46,0,0,0,21948,6945,7043,21408,8,61,47,57228
llama8b,draw1,model.layers.21.mlp.down_proj,ce,46,0,46,0,0,0,24034,5031,5044,23235,15,46,38,57245
llama8b,draw1,model.layers.21.mlp.down_proj,kl,38,0,38,0,0,0,24034,5031,5044,23235,15,46,38,57245
llama8b,draw2,model.layers.21.mlp.down_proj,ce,48,0,48,0,0,0,23614,5350,5365,23015,12,48,39,57245
llama8b,draw2,model.layers.21.mlp.down_proj,kl,39,0,39,0,0,0,23614,5350,5365,23015,12,48,39,57245
llama8b,draw3,model.layers.21.mlp.down_proj,ce,32,0,32,0,0,0,24675,4514,4515,23640,4,32,15,57293
llama8b,draw3,model.layers.21.mlp.down_proj,kl,15,0,15,0,0,0,24675,4514,4515,23640,4,32,15,57293
llama8b,draw4,model.layers.21.mlp.down_proj,ce,40,0,40,0,0,0,24239,4975,5159,22971,3,40,16,57285
llama8b,draw4,model.layers.21.mlp.down_proj,kl,16,0,16,0,0,0,24239,4975,5159,22971,3,40,16,57285
llama8b,seed0,model.layers.21.mlp.gate_proj,ce,58,0,58,0,0,0,22324,6752,6643,21625,5,58,31,57250
llama8b,seed0,model.layers.21.mlp.gate_proj,kl,31,0,31,0,0,0,22324,6752,6643,21625,5,58,31,57250
llama8b,draw1,model.layers.21.mlp.gate_proj,ce,43,0,43,0,0,0,24075,4789,4902,23578,11,43,34,57256
llama8b,draw1,model.layers.21.mlp.gate_proj,kl,34,0,34,0,0,0,24075,4789,4902,23578,11,43,34,57256
llama8b,draw2,model.layers.21.mlp.gate_proj,ce,46,0,46,0,0,0,23902,4938,5002,23502,11,46,17,57270
llama8b,draw2,model.layers.21.mlp.gate_proj,kl,17,0,17,0,0,0,23902,4938,5002,23502,11,46,17,57270
llama8b,draw3,model.layers.21.mlp.gate_proj,ce,35,0,35,0,0,0,25014,4100,4081,24149,3,35,13,57293
llama8b,draw3,model.layers.21.mlp.gate_proj,kl,13,0,13,0,0,0,25014,4100,4081,24149,3,35,13,57293
llama8b,draw4,model.layers.21.mlp.gate_proj,ce,49,0,49,0,0,0,24329,4689,4700,23626,4,49,10,57281
llama8b,draw4,model.layers.21.mlp.gate_proj,kl,10,0,10,0,0,0,24329,4689,4700,23626,4,49,10,57281
llama8b,seed0,model.layers.21.mlp.up_proj,ce,81,0,81,0,0,0,22076,6932,6944,21392,6,81,35,57222
llama8b,seed0,model.layers.21.mlp.up_proj,kl,35,0,35,0,0,0,22076,6932,6944,21392,6,81,35,57222
llama8b,draw1,model.layers.21.mlp.up_proj,ce,60,0,60,0,0,0,23906,5016,5071,23351,7,60,32,57245
llama8b,draw1,model.layers.21.mlp.up_proj,kl,32,0,32,0,0,0,23906,5016,5071,23351,7,60,32,57245
llama8b,draw2,model.layers.21.mlp.up_proj,ce,51,0,51,0,0,0,23674,5393,5320,22957,4,51,23,57266
llama8b,draw2,model.layers.21.mlp.up_proj,kl,23,0,23,0,0,0,23674,5393,5320,22957,4,51,23,57266
llama8b,draw3,model.layers.21.mlp.up_proj,ce,32,0,32,0,0,0,24709,4390,4289,23956,2,32,12,57298
llama8b,draw3,model.layers.21.mlp.up_proj,kl,12,0,12,0,0,0,24709,4390,4289,23956,2,32,12,57298
llama8b,draw4,model.layers.21.mlp.up_proj,ce,38,0,38,0,0,0,24124,4902,4850,23468,4,38,12,57290
llama8b,draw4,model.layers.21.mlp.up_proj,kl,12,0,12,0,0,0,24124,4902,4850,23468,4,38,12,57290
llama8b,seed0,model.layers.21.self_attn.k_proj,ce,4,0,4,0,0,0,1595,488,517,1496,0,4,8,4084
llama8b,seed0,model.layers.21.self_attn.k_proj,kl,8,0,8,0,0,0,1595,488,517,1496,0,4,8,4084
llama8b,draw1,model.layers.21.self_attn.k_proj,ce,5,0,5,0,0,0,1681,379,386,1650,0,5,2,4089
llama8b,draw1,model.layers.21.self_attn.k_proj,kl,2,0,2,0,0,0,1681,379,386,1650,0,5,2,4089
llama8b,draw2,model.layers.21.self_attn.k_proj,ce,8,0,8,0,0,0,1630,482,464,1520,2,8,12,4074
llama8b,draw2,model.layers.21.self_attn.k_proj,kl,12,0,12,0,0,0,1630,482,464,1520,2,8,12,4074
llama8b,draw3,model.layers.21.self_attn.k_proj,ce,2,0,2,0,0,0,1710,341,353,1692,0,2,4,4090
llama8b,draw3,model.layers.21.self_attn.k_proj,kl,4,0,4,0,0,0,1710,341,353,1692,0,2,4,4090
llama8b,draw4,model.layers.21.self_attn.k_proj,ce,13,0,13,0,0,0,1648,411,439,1598,1,13,2,4080
llama8b,draw4,model.layers.21.self_attn.k_proj,kl,2,0,2,0,0,0,1648,411,439,1598,1,13,2,4080
llama8b,seed0,model.layers.21.self_attn.o_proj,ce,13,0,13,0,0,0,6017,2296,2168,5903,4,13,20,16347
llama8b,seed0,model.layers.21.self_attn.o_proj,kl,20,1,19,0,0,0,6017,2296,2168,5903,4,13,20,16347
llama8b,draw1,model.layers.21.self_attn.o_proj,ce,12,0,12,0,0,0,6730,1627,1579,6448,3,12,15,16354
llama8b,draw1,model.layers.21.self_attn.o_proj,kl,15,0,15,0,0,0,6730,1627,1579,6448,3,12,15,16354
llama8b,draw2,model.layers.21.self_attn.o_proj,ce,18,0,18,0,0,0,6427,1897,1825,6235,5,18,21,16340
llama8b,draw2,model.layers.21.self_attn.o_proj,kl,21,0,21,0,0,0,6427,1897,1825,6235,5,18,21,16340
llama8b,draw3,model.layers.21.self_attn.o_proj,ce,12,0,12,0,0,0,6924,1381,1502,6577,3,12,6,16363
llama8b,draw3,model.layers.21.self_attn.o_proj,kl,6,0,6,0,0,0,6924,1381,1502,6577,3,12,6,16363
llama8b,draw4,model.layers.21.self_attn.o_proj,ce,21,0,21,0,0,0,6603,1581,1609,6591,8,21,14,16341
llama8b,draw4,model.layers.21.self_attn.o_proj,kl,14,0,14,0,0,0,6603,1581,1609,6591,8,21,14,16341
llama8b,seed0,model.layers.21.self_attn.q_proj,ce,18,0,18,0,0,0,5987,2202,2173,6022,0,18,22,16344
llama8b,seed0,model.layers.21.self_attn.q_proj,kl,22,1,21,0,0,0,5987,2202,2173,6022,0,18,22,16344
llama8b,draw1,model.layers.21.self_attn.q_proj,ce,14,0,14,0,0,0,6717,1447,1549,6671,1,14,8,16361
llama8b,draw1,model.layers.21.self_attn.q_proj,kl,8,0,8,0,0,0,6717,1447,1549,6671,1,14,8,16361
llama8b,draw2,model.layers.21.self_attn.q_proj,ce,17,0,17,0,0,0,6337,1847,1885,6315,0,17,26,16341
llama8b,draw2,model.layers.21.self_attn.q_proj,kl,26,0,26,0,0,0,6337,1847,1885,6315,0,17,26,16341
llama8b,draw3,model.layers.21.self_attn.q_proj,ce,13,0,13,0,0,0,6952,1334,1395,6703,1,13,7,16363
llama8b,draw3,model.layers.21.self_attn.q_proj,kl,7,0,7,0,0,0,6952,1334,1395,6703,1,13,7,16363
llama8b,draw4,model.layers.21.self_attn.q_proj,ce,8,0,8,0,0,0,6493,1664,1651,6576,0,8,20,16356
llama8b,draw4,model.layers.21.self_attn.q_proj,kl,20,0,20,0,0,0,6493,1664,1651,6576,0,8,20,16356
llama8b,seed0,model.layers.21.self_attn.v_proj,ce,8,1,7,0,0,0,1578,528,546,1444,0,8,11,4077
llama8b,seed0,model.layers.21.self_attn.v_proj,kl,11,0,11,0,0,0,1578,528,546,1444,0,8,11,4077
llama8b,draw1,model.layers.21.self_attn.v_proj,ce,7,1,6,0,0,0,1680,381,381,1654,2,7,2,4085
llama8b,draw1,model.layers.21.self_attn.v_proj,kl,2,0,2,0,0,0,1680,381,381,1654,2,7,2,4085
llama8b,draw2,model.layers.21.self_attn.v_proj,ce,7,0,7,0,0,0,1583,466,451,1596,1,7,4,4084
llama8b,draw2,model.layers.21.self_attn.v_proj,kl,4,0,4,0,0,0,1583,466,451,1596,1,7,4,4084
llama8b,draw3,model.layers.21.self_attn.v_proj,ce,2,0,2,0,0,0,1716,314,332,1734,0,2,5,4089
llama8b,draw3,model.layers.21.self_attn.v_proj,kl,5,0,5,0,0,0,1716,314,332,1734,0,2,5,4089
llama8b,draw4,model.layers.21.self_attn.v_proj,ce,8,0,8,0,0,0,1660,405,402,1629,1,8,7,4080
llama8b,draw4,model.layers.21.self_attn.v_proj,kl,7,0,7,0,0,0,1660,405,402,1629,1,8,7,4080
llama8b,seed0,model.layers.22.mlp.down_proj,ce,80,1,79,0,0,0,22047,7025,7187,21085,6,80,48,57210
llama8b,seed0,model.layers.22.mlp.down_proj,kl,48,0,48,0,0,0,22047,7025,7187,21085,6,80,48,57210
llama8b,draw1,model.layers.22.mlp.down_proj,ce,50,0,50,0,0,0,24072,5067,5097,23108,12,50,30,57252
llama8b,draw1,model.layers.22.mlp.down_proj,kl,30,0,30,0,0,0,24072,5067,5097,23108,12,50,30,57252
llama8b,draw2,model.layers.22.mlp.down_proj,ce,50,0,50,0,0,0,23824,5305,5505,22710,11,50,21,57262
llama8b,draw2,model.layers.22.mlp.down_proj,kl,21,0,21,0,0,0,23824,5305,5505,22710,11,50,21,57262
llama8b,draw3,model.layers.22.mlp.down_proj,ce,37,0,37,0,0,0,24726,4261,4252,24105,2,37,12,57293
llama8b,draw3,model.layers.22.mlp.down_proj,kl,12,0,12,0,0,0,24726,4261,4252,24105,2,37,12,57293
llama8b,draw4,model.layers.22.mlp.down_proj,ce,46,0,46,0,0,0,24248,4975,5024,23097,1,46,12,57285
llama8b,draw4,model.layers.22.mlp.down_proj,kl,12,0,12,0,0,0,24248,4975,5024,23097,1,46,12,57285
llama8b,seed0,model.layers.22.mlp.gate_proj,ce,75,0,75,0,0,0,22276,6513,6704,21851,7,75,39,57223
llama8b,seed0,model.layers.22.mlp.gate_proj,kl,39,0,39,0,0,0,22276,6513,6704,21851,7,75,39,57223
llama8b,draw1,model.layers.22.mlp.gate_proj,ce,39,0,39,0,0,0,24294,4822,4833,23395,12,39,35,57258
llama8b,draw1,model.layers.22.mlp.gate_proj,kl,35,0,35,0,0,0,24294,4822,4833,23395,12,39,35,57258
llama8b,draw2,model.layers.22.mlp.gate_proj,ce,45,0,45,0,0,0,24084,4825,4828,23607,6,45,25,57268
llama8b,draw2,model.layers.22.mlp.gate_proj,kl,25,0,25,0,0,0,24084,4825,4828,23607,6,45,25,57268
llama8b,draw3,model.layers.22.mlp.gate_proj,ce,28,0,28,0,0,0,24773,3968,4034,24569,4,28,10,57302
llama8b,draw3,model.layers.22.mlp.gate_proj,kl,10,0,10,0,0,0,24773,3968,4034,24569,4,28,10,57302
llama8b,draw4,model.layers.22.mlp.gate_proj,ce,48,0,48,0,0,0,24590,4608,4566,23580,7,48,13,57276
llama8b,draw4,model.layers.22.mlp.gate_proj,kl,13,0,13,0,0,0,24590,4608,4566,23580,7,48,13,57276
llama8b,seed0,model.layers.22.mlp.up_proj,ce,67,1,66,0,0,0,22346,6912,6832,21254,7,67,53,57217
llama8b,seed0,model.layers.22.mlp.up_proj,kl,53,0,53,0,0,0,22346,6912,6832,21254,7,67,53,57217
llama8b,draw1,model.layers.22.mlp.up_proj,ce,46,0,46,0,0,0,23926,5033,4994,23391,7,46,33,57258
llama8b,draw1,model.layers.22.mlp.up_proj,kl,33,0,33,0,0,0,23926,5033,4994,23391,7,46,33,57258
llama8b,draw2,model.layers.22.mlp.up_proj,ce,61,0,61,0,0,0,23648,5129,5284,23283,9,61,28,57246
llama8b,draw2,model.layers.22.mlp.up_proj,kl,28,0,28,0,0,0,23648,5129,5284,23283,9,61,28,57246
llama8b,draw3,model.layers.22.mlp.up_proj,ce,27,0,27,0,0,0,24779,4221,4227,24117,4,27,12,57301
llama8b,draw3,model.layers.22.mlp.up_proj,kl,12,0,12,0,0,0,24779,4221,4227,24117,4,27,12,57301
llama8b,draw4,model.layers.22.mlp.up_proj,ce,31,0,31,0,0,0,24191,4896,4811,23446,6,31,5,57302
llama8b,draw4,model.layers.22.mlp.up_proj,kl,5,0,5,0,0,0,24191,4896,4811,23446,6,31,5,57302
llama8b,seed0,model.layers.22.self_attn.k_proj,ce,8,0,8,0,0,0,1517,554,574,1451,0,8,7,4081
llama8b,seed0,model.layers.22.self_attn.k_proj,kl,7,0,7,0,0,0,1517,554,574,1451,0,8,7,4081
llama8b,draw1,model.layers.22.self_attn.k_proj,ce,6,0,6,0,0,0,1744,408,407,1537,0,6,9,4081
llama8b,draw1,model.layers.22.self_attn.k_proj,kl,9,0,9,0,0,0,1744,408,407,1537,0,6,9,4081
llama8b,draw2,model.layers.22.self_attn.k_proj,ce,5,0,5,0,0,0,1650,433,472,1541,2,5,14,4075
llama8b,draw2,model.layers.22.self_attn.k_proj,kl,14,1,13,0,0,0,1650,433,472,1541,2,5,14,4075
llama8b,draw3,model.layers.22.self_attn.k_proj,ce,3,0,3,0,0,0,1682,399,395,1620,0,3,2,4091
llama8b,draw3,model.layers.22.self_attn.k_proj,kl,2,0,2,0,0,0,1682,399,395,1620,0,3,2,4091
llama8b,draw4,model.layers.22.self_attn.k_proj,ce,3,0,3,0,0,0,1662,390,397,1647,0,3,2,4091
llama8b,draw4,model.layers.22.self_attn.k_proj,kl,2,0,2,0,0,0,1662,390,397,1647,0,3,2,4091
llama8b,seed0,model.layers.22.self_attn.o_proj,ce,28,0,28,0,0,0,6042,2238,2280,5824,2,28,16,16338
llama8b,seed0,model.layers.22.self_attn.o_proj,kl,16,0,16,0,0,0,6042,2238,2280,5824,2,28,16,16338
llama8b,draw1,model.layers.22.self_attn.o_proj,ce,19,0,19,0,0,0,6621,1665,1638,6460,1,19,10,16354
llama8b,draw1,model.layers.22.self_attn.o_proj,kl,10,0,10,0,0,0,6621,1665,1638,6460,1,19,10,16354
llama8b,draw2,model.layers.22.self_attn.o_proj,ce,15,0,15,0,0,0,6499,1803,1880,6202,0,15,8,16361
llama8b,draw2,model.layers.22.self_attn.o_proj,kl,8,0,8,0,0,0,6499,1803,1880,6202,0,15,8,16361
llama8b,draw3,model.layers.22.self_attn.o_proj,ce,9,0,9,0,0,0,6737,1579,1579,6489,0,9,5,16370
llama8b,draw3,model.layers.22.self_attn.o_proj,kl,5,1,4,0,0,0,6737,1579,1579,6489,0,9,5,16370
llama8b,draw4,model.layers.22.self_attn.o_proj,ce,20,1,19,0,0,0,6620,1673,1714,6377,0,20,15,16349
llama8b,draw4,model.layers.22.self_attn.o_proj,kl,15,1,14,0,0,0,6620,1673,1714,6377,0,20,15,16349
llama8b,seed0,model.layers.22.self_attn.q_proj,ce,28,5,23,0,0,0,5860,2449,2439,5636,3,28,15,16338
llama8b,seed0,model.layers.22.self_attn.q_proj,kl,15,1,14,0,0,0,5860,2449,2439,5636,3,28,15,16338
llama8b,draw1,model.layers.22.self_attn.q_proj,ce,21,0,21,0,0,0,6602,1683,1665,6434,1,21,19,16343
llama8b,draw1,model.layers.22.self_attn.q_proj,kl,19,0,19,0,0,0,6602,1683,1665,6434,1,21,19,16343
llama8b,draw2,model.layers.22.self_attn.q_proj,ce,22,0,22,0,0,0,6299,1928,1922,6235,1,22,16,16345
llama8b,draw2,model.layers.22.self_attn.q_proj,kl,16,0,16,0,0,0,6299,1928,1922,6235,1,22,16,16345
llama8b,draw3,model.layers.22.self_attn.q_proj,ce,15,0,15,0,0,0,6820,1470,1465,6629,2,15,3,16364
llama8b,draw3,model.layers.22.self_attn.q_proj,kl,3,0,3,0,0,0,6820,1470,1465,6629,2,15,3,16364
llama8b,draw4,model.layers.22.self_attn.q_proj,ce,10,0,10,0,0,0,6467,1727,1657,6533,0,10,9,16365
llama8b,draw4,model.layers.22.self_attn.q_proj,kl,9,0,9,0,0,0,6467,1727,1657,6533,0,10,9,16365
llama8b,seed0,model.layers.22.self_attn.v_proj,ce,7,0,7,0,0,0,1559,511,549,1477,2,7,7,4080
llama8b,seed0,model.layers.22.self_attn.v_proj,kl,7,0,7,0,0,0,1559,511,549,1477,2,7,7,4080
llama8b,draw1,model.layers.22.self_attn.v_proj,ce,5,0,5,0,0,0,1683,412,407,1594,1,5,2,4088
llama8b,draw1,model.layers.22.self_attn.v_proj,kl,2,0,2,0,0,0,1683,412,407,1594,1,5,2,4088
llama8b,draw2,model.layers.22.self_attn.v_proj,ce,9,0,9,0,0,0,1609,468,457,1562,1,9,9,4077
llama8b,draw2,model.layers.22.self_attn.v_proj,kl,9,0,9,0,0,0,1609,468,457,1562,1,9,9,4077
llama8b,draw3,model.layers.22.self_attn.v_proj,ce,7,0,7,0,0,0,1710,393,383,1610,1,7,1,4087
llama8b,draw3,model.layers.22.self_attn.v_proj,kl,1,0,1,0,0,0,1710,393,383,1610,1,7,1,4087
llama8b,draw4,model.layers.22.self_attn.v_proj,ce,5,0,5,0,0,0,1698,414,420,1564,0,5,4,4087
llama8b,draw4,model.layers.22.self_attn.v_proj,kl,4,0,4,0,0,0,1698,414,420,1564,0,5,4,4087
llama8b,seed0,model.layers.23.mlp.down_proj,ce,75,0,75,0,0,0,21832,6964,7057,21491,3,75,40,57226
llama8b,seed0,model.layers.23.mlp.down_proj,kl,40,0,40,0,0,0,21832,6964,7057,21491,3,75,40,57226
llama8b,draw1,model.layers.23.mlp.down_proj,ce,64,0,64,0,0,0,24143,5027,4989,23185,12,64,33,57235
llama8b,draw1,model.layers.23.mlp.down_proj,kl,33,0,33,0,0,0,24143,5027,4989,23185,12,64,33,57235
llama8b,draw2,model.layers.23.mlp.down_proj,ce,51,0,51,0,0,0,23560,5392,5558,22834,7,51,27,57259
llama8b,draw2,model.layers.23.mlp.down_proj,kl,27,0,27,0,0,0,23560,5392,5558,22834,7,51,27,57259
llama8b,draw3,model.layers.23.mlp.down_proj,ce,39,0,39,0,0,0,24602,4122,4266,24354,3,39,13,57289
llama8b,draw3,model.layers.23.mlp.down_proj,kl,13,0,13,0,0,0,24602,4122,4266,24354,3,39,13,57289
llama8b,draw4,model.layers.23.mlp.down_proj,ce,34,0,34,0,0,0,24067,4915,4950,23412,3,34,9,57298
llama8b,draw4,model.layers.23.mlp.down_proj,kl,9,0,9,0,0,0,24067,4915,4950,23412,3,34,9,57298
llama8b,seed0,model.layers.23.mlp.gate_proj,ce,79,2,77,0,0,0,22415,6589,6694,21646,11,79,47,57207
llama8b,seed0,model.layers.23.mlp.gate_proj,kl,47,1,46,0,0,0,22415,6589,6694,21646,11,79,47,57207
llama8b,draw1,model.layers.23.mlp.gate_proj,ce,58,0,58,0,0,0,24177,4862,4903,23402,15,58,34,57237
llama8b,draw1,model.layers.23.mlp.gate_proj,kl,34,0,34,0,0,0,24177,4862,4903,23402,15,58,34,57237
llama8b,draw2,model.layers.23.mlp.gate_proj,ce,50,0,50,0,0,0,24071,4906,4850,23517,8,50,25,57261
llama8b,draw2,model.layers.23.mlp.gate_proj,kl,25,0,25,0,0,0,24071,4906,4850,23517,8,50,25,57261
llama8b,draw3,model.layers.23.mlp.gate_proj,ce,22,0,22,0,0,0,25030,3843,3819,24652,5,22,13,57304
llama8b,draw3,model.layers.23.mlp.gate_proj,kl,13,0,13,0,0,0,25030,3843,3819,24652,5,22,13,57304
llama8b,draw4,model.layers.23.mlp.gate_proj,ce,35,0,35,0,0,0,24470,4558,4655,23661,2,35,18,57289
llama8b,draw4,model.layers.23.mlp.gate_proj,kl,18,0,18,0,0,0,24470,4558,4655,23661,2,35,18,57289
llama8b,seed0,model.layers.23.mlp.up_proj,ce,75,1,74,0,0,0,22086,6816,6995,21447,7,75,31,57231
llama8b,seed0,model.layers.23.mlp.up_proj,kl,31,0,31,0,0,0,22086,6816,6995,21447,7,75,31,57231
llama8b,draw1,model.layers.23.mlp.up_proj,ce,55,0,55,0,0,0,24027,4919,5095,23303,8,55,24,57257
llama8b,draw1,model.layers.23.mlp.up_proj,kl,24,0,24,0,0,0,24027,4919,5095,23303,8,55,24,57257
llama8b,draw2,model.layers.23.mlp.up_proj,ce,48,0,48,0,0,0,23787,5220,5286,23051,9,48,28,57259
llama8b,draw2,model.layers.23.mlp.up_proj,kl,28,0,28,0,0,0,23787,5220,5286,23051,9,48,28,57259
llama8b,draw3,model.layers.23.mlp.up_proj,ce,31,0,31,0,0,0,24722,4150,4297,24175,5,31,14,57294
llama8b,draw3,model.layers.23.mlp.up_proj,kl,14,0,14,0,0,0,24722,4150,4297,24175,5,31,14,57294
llama8b,draw4,model.layers.23.mlp.up_proj,ce,47,0,47,0,0,0,24278,4804,4955,23307,6,47,14,57277
llama8b,draw4,model.layers.23.mlp.up_proj,kl,14,0,14,0,0,0,24278,4804,4955,23307,6,47,14,57277
llama8b,seed0,model.layers.23.self_attn.k_proj,ce,5,1,4,0,0,0,1515,552,561,1468,0,5,2,4089
llama8b,seed0,model.layers.23.self_attn.k_proj,kl,2,0,2,0,0,0,1515,552,561,1468,0,5,2,4089
llama8b,draw1,model.layers.23.self_attn.k_proj,ce,6,0,6,0,0,0,1651,409,408,1628,0,6,0,4090
llama8b,draw1,model.layers.23.self_attn.k_proj,kl,0,0,0,0,0,0,1651,409,408,1628,0,6,0,4090
llama8b,draw2,model.layers.23.self_attn.k_proj,ce,3,0,3,0,0,0,1649,460,436,1551,0,3,3,4090
llama8b,draw2,model.layers.23.self_attn.k_proj,kl,3,0,3,0,0,0,1649,460,436,1551,0,3,3,4090
llama8b,draw3,model.layers.23.self_attn.k_proj,ce,1,0,1,0,0,0,1794,294,261,1747,0,1,1,4094
llama8b,draw3,model.layers.23.self_attn.k_proj,kl,1,0,1,0,0,0,1794,294,261,1747,0,1,1,4094
llama8b,draw4,model.layers.23.self_attn.k_proj,ce,5,0,5,0,0,0,1669,391,327,1709,0,5,2,4089
llama8b,draw4,model.layers.23.self_attn.k_proj,kl,2,0,2,0,0,0,1669,391,327,1709,0,5,2,4089
llama8b,seed0,model.layers.23.self_attn.o_proj,ce,22,0,22,0,0,0,6113,2122,2172,5977,0,22,28,16334
llama8b,seed0,model.layers.23.self_attn.o_proj,kl,28,2,26,0,0,0,6113,2122,2172,5977,0,22,28,16334
llama8b,draw1,model.layers.23.self_attn.o_proj,ce,16,0,16,0,0,0,6821,1510,1500,6553,6,16,16,16346
llama8b,draw1,model.layers.23.self_attn.o_proj,kl,16,0,16,0,0,0,6821,1510,1500,6553,6,16,16,16346
llama8b,draw2,model.layers.23.self_attn.o_proj,ce,18,0,18,0,0,0,6546,1608,1703,6527,2,18,4,16360
llama8b,draw2,model.layers.23.self_attn.o_proj,kl,4,0,4,0,0,0,6546,1608,1703,6527,2,18,4,16360
llama8b,draw3,model.layers.23.self_attn.o_proj,ce,8,0,8,0,0,0,7078,1150,1151,7005,1,8,9,16366
llama8b,draw3,model.layers.23.self_attn.o_proj,kl,9,0,9,0,0,0,7078,1150,1151,7005,1,8,9,16366
llama8b,draw4,model.layers.23.self_attn.o_proj,ce,11,1,10,0,0,0,6765,1465,1458,6696,1,11,1,16371
llama8b,draw4,model.layers.23.self_attn.o_proj,kl,1,0,1,0,0,0,6765,1465,1458,6696,1,11,1,16371
llama8b,seed0,model.layers.23.self_attn.q_proj,ce,19,0,19,0,0,0,5936,2261,2261,5926,1,19,6,16358
llama8b,seed0,model.layers.23.self_attn.q_proj,kl,6,0,6,0,0,0,5936,2261,2261,5926,1,19,6,16358
llama8b,draw1,model.layers.23.self_attn.q_proj,ce,18,0,18,0,0,0,6553,1535,1540,6756,0,18,4,16362
llama8b,draw1,model.layers.23.self_attn.q_proj,kl,4,0,4,0,0,0,6553,1535,1540,6756,0,18,4,16362
llama8b,draw2,model.layers.23.self_attn.q_proj,ce,13,0,13,0,0,0,6504,1726,1760,6394,1,13,10,16360
llama8b,draw2,model.layers.23.self_attn.q_proj,kl,10,0,10,0,0,0,6504,1726,1760,6394,1,13,10,16360
llama8b,draw3,model.layers.23.self_attn.q_proj,ce,8,0,8,0,0,0,7057,1102,1111,7114,0,8,2,16374
llama8b,draw3,model.layers.23.self_attn.q_proj,kl,2,0,2,0,0,0,7057,1102,1111,7114,0,8,2,16374
llama8b,draw4,model.layers.23.self_attn.q_proj,ce,17,0,17,0,0,0,6804,1387,1513,6680,1,17,2,16364
llama8b,draw4,model.layers.23.self_attn.q_proj,kl,2,0,2,0,0,0,6804,1387,1513,6680,1,17,2,16364
llama8b,seed0,model.layers.23.self_attn.v_proj,ce,6,0,6,0,0,0,1551,499,526,1520,0,6,7,4083
llama8b,seed0,model.layers.23.self_attn.v_proj,kl,7,0,7,0,0,0,1551,499,526,1520,0,6,7,4083
llama8b,draw1,model.layers.23.self_attn.v_proj,ce,4,0,4,0,0,0,1756,330,360,1650,1,4,3,4088
llama8b,draw1,model.layers.23.self_attn.v_proj,kl,3,0,3,0,0,0,1756,330,360,1650,1,4,3,4088
llama8b,draw2,model.layers.23.self_attn.v_proj,ce,10,0,10,0,0,0,1634,414,432,1616,1,10,1,4084
llama8b,draw2,model.layers.23.self_attn.v_proj,kl,1,0,1,0,0,0,1634,414,432,1616,1,10,1,4084
llama8b,draw3,model.layers.23.self_attn.v_proj,ce,1,0,1,0,0,0,1814,274,276,1732,0,1,0,4095
llama8b,draw3,model.layers.23.self_attn.v_proj,kl,0,0,0,0,0,0,1814,274,276,1732,0,1,0,4095
llama8b,draw4,model.layers.23.self_attn.v_proj,ce,3,0,3,0,0,0,1768,343,312,1673,0,3,0,4093
llama8b,draw4,model.layers.23.self_attn.v_proj,kl,0,0,0,0,0,0,1768,343,312,1673,0,3,0,4093
llama8b,seed0,model.layers.24.mlp.down_proj,ce,65,0,65,0,0,0,22043,7084,7086,21131,10,65,52,57217
llama8b,seed0,model.layers.24.mlp.down_proj,kl,52,1,51,0,0,0,22043,7084,7086,21131,10,65,52,57217
llama8b,draw1,model.layers.24.mlp.down_proj,ce,61,0,61,0,0,0,23882,5060,5204,23198,10,61,27,57246
llama8b,draw1,model.layers.24.mlp.down_proj,kl,27,0,27,0,0,0,23882,5060,5204,23198,10,61,27,57246
llama8b,draw2,model.layers.24.mlp.down_proj,ce,51,0,51,0,0,0,23518,5540,5610,22676,8,51,40,57245
llama8b,draw2,model.layers.24.mlp.down_proj,kl,40,0,40,0,0,0,23518,5540,5610,22676,8,51,40,57245
llama8b,draw3,model.layers.24.mlp.down_proj,ce,35,0,35,0,0,0,24463,4298,4153,24430,6,35,16,57287
llama8b,draw3,model.layers.24.mlp.down_proj,kl,16,0,16,0,0,0,24463,4298,4153,24430,6,35,16,57287
llama8b,draw4,model.layers.24.mlp.down_proj,ce,28,0,28,0,0,0,24284,4875,4789,23396,6,28,14,57296
llama8b,draw4,model.layers.24.mlp.down_proj,kl,14,0,14,0,0,0,24284,4875,4789,23396,6,28,14,57296
llama8b,seed0,model.layers.24.mlp.gate_proj,ce,56,0,56,0,0,0,22378,6680,6809,21477,6,56,44,57238
llama8b,seed0,model.layers.24.mlp.gate_proj,kl,44,0,44,0,0,0,22378,6680,6809,21477,6,56,44,57238
llama8b,draw1,model.layers.24.mlp.gate_proj,ce,37,0,37,0,0,0,24177,4786,4863,23518,18,37,23,57266
llama8b,draw1,model.layers.24.mlp.gate_proj,kl,23,0,23,0,0,0,24177,4786,4863,23518,18,37,23,57266
llama8b,draw2,model.layers.24.mlp.gate_proj,ce,42,0,42,0,0,0,23959,4897,4994,23494,9,42,17,57276
llama8b,draw2,model.layers.24.mlp.gate_proj,kl,17,0,17,0,0,0,23959,4897,4994,23494,9,42,17,57276
llama8b,draw3,model.layers.24.mlp.gate_proj,ce,36,0,36,0,0,0,25309,3867,3852,24316,1,36,16,57291
llama8b,draw3,model.layers.24.mlp.gate_proj,kl,16,0,16,0,0,0,25309,3867,3852,24316,1,36,16,57291
llama8b,draw4,model.layers.24.mlp.gate_proj,ce,25,0,25,0,0,0,24479,4603,4557,23705,2,25,6,57311
llama8b,draw4,model.layers.24.mlp.gate_proj,kl,6,0,6,0,0,0,24479,4603,4557,23705,2,25,6,57311
llama8b,seed0,model.layers.24.mlp.up_proj,ce,73,0,73,0,0,0,22098,6873,6958,21415,4,73,35,57232
llama8b,seed0,model.layers.24.mlp.up_proj,kl,35,0,35,0,0,0,22098,6873,6958,21415,4,73,35,57232
llama8b,draw1,model.layers.24.mlp.up_proj,ce,53,0,53,0,0,0,24235,4905,5115,23089,5,53,33,57253
llama8b,draw1,model.layers.24.mlp.up_proj,kl,33,0,33,0,0,0,24235,4905,5115,23089,5,53,33,57253
llama8b,draw2,model.layers.24.mlp.up_proj,ce,45,0,45,0,0,0,23799,5088,5223,23234,7,45,16,57276
llama8b,draw2,model.layers.24.mlp.up_proj,kl,16,0,16,0,0,0,23799,5088,5223,23234,7,45,16,57276
llama8b,draw3,model.layers.24.mlp.up_proj,ce,28,0,28,0,0,0,24521,4032,4088,24703,1,28,17,57298
llama8b,draw3,model.layers.24.mlp.up_proj,kl,17,0,17,0,0,0,24521,4032,4088,24703,1,28,17,57298
llama8b,draw4,model.layers.24.mlp.up_proj,ce,59,0,59,0,0,0,23959,4891,4917,23577,5,59,14,57266
llama8b,draw4,model.layers.24.mlp.up_proj,kl,14,0,14,0,0,0,23959,4891,4917,23577,5,59,14,57266
llama8b,seed0,model.layers.24.self_attn.k_proj,ce,4,0,4,0,0,0,1479,596,596,1425,0,4,2,4090
llama8b,seed0,model.layers.24.self_attn.k_proj,kl,2,0,2,0,0,0,1479,596,596,1425,0,4,2,4090
llama8b,draw1,model.layers.24.self_attn.k_proj,ce,9,0,9,0,0,0,1644,441,474,1537,0,9,4,4083
llama8b,draw1,model.layers.24.self_attn.k_proj,kl,4,0,4,0,0,0,1644,441,474,1537,0,9,4,4083
llama8b,draw2,model.layers.24.self_attn.k_proj,ce,11,0,11,0,0,0,1557,478,551,1510,0,11,4,4081
llama8b,draw2,model.layers.24.self_attn.k_proj,kl,4,0,4,0,0,0,1557,478,551,1510,0,11,4,4081
llama8b,draw3,model.layers.24.self_attn.k_proj,ce,2,0,2,0,0,0,1688,336,375,1697,0,2,0,4094
llama8b,draw3,model.layers.24.self_attn.k_proj,kl,0,0,0,0,0,0,1688,336,375,1697,0,2,0,4094
llama8b,draw4,model.layers.24.self_attn.k_proj,ce,3,0,3,0,0,0,1692,441,420,1543,0,3,2,4091
llama8b,draw4,model.layers.24.self_attn.k_proj,kl,2,0,2,0,0,0,1692,441,420,1543,0,3,2,4091
llama8b,seed0,model.layers.24.self_attn.o_proj,ce,22,1,21,0,0,0,5876,2269,2342,5897,1,22,22,16339
llama8b,seed0,model.layers.24.self_attn.o_proj,kl,22,1,21,0,0,0,5876,2269,2342,5897,1,22,22,16339
llama8b,draw1,model.layers.24.self_attn.o_proj,ce,24,0,24,0,0,0,6503,1712,1741,6428,2,24,19,16339
llama8b,draw1,model.layers.24.self_attn.o_proj,kl,19,0,19,0,0,0,6503,1712,1741,6428,2,24,19,16339
llama8b,draw2,model.layers.24.self_attn.o_proj,ce,28,1,27,0,0,0,6386,1837,1901,6260,3,28,15,16338
llama8b,draw2,model.layers.24.self_attn.o_proj,kl,15,0,15,0,0,0,6386,1837,1901,6260,3,28,15,16338
llama8b,draw3,model.layers.24.self_attn.o_proj,ce,10,0,10,0,0,0,6931,1262,1332,6859,1,10,9,16364
llama8b,draw3,model.layers.24.self_attn.o_proj,kl,9,1,8,0,0,0,6931,1262,1332,6859,1,10,9,16364
llama8b,draw4,model.layers.24.self_attn.o_proj,ce,23,0,23,0,0,0,6447,1810,1814,6313,2,23,10,16349
llama8b,draw4,model.layers.24.self_attn.o_proj,kl,10,0,10,0,0,0,6447,1810,1814,6313,2,23,10,16349
llama8b,seed0,model.layers.24.self_attn.q_proj,ce,31,2,29,0,0,0,5972,2312,2344,5756,0,31,7,16346
llama8b,seed0,model.layers.24.self_attn.q_proj,kl,7,0,7,0,0,0,5972,2312,2344,5756,0,31,7,16346
llama8b,draw1,model.layers.24.self_attn.q_proj,ce,13,2,11,0,0,0,6433,1809,1810,6332,0,13,8,16363
llama8b,draw1,model.layers.24.self_attn.q_proj,kl,8,0,8,0,0,0,6433,1809,1810,6332,0,13,8,16363
llama8b,draw2,model.layers.24.self_attn.q_proj,ce,31,0,31,0,0,0,6346,1918,1866,6254,0,31,7,16346
llama8b,draw2,model.layers.24.self_attn.q_proj,kl,7,0,7,0,0,0,6346,1918,1866,6254,0,31,7,16346
llama8b,draw3,model.layers.24.self_attn.q_proj,ce,18,0,18,0,0,0,6977,1318,1284,6805,0,18,2,16364
llama8b,draw3,model.layers.24.self_attn.q_proj,kl,2,0,2,0,0,0,6977,1318,1284,6805,0,18,2,16364
llama8b,draw4,model.layers.24.self_attn.q_proj,ce,9,0,9,0,0,0,6408,1807,1795,6374,1,9,5,16369
llama8b,draw4,model.layers.24.self_attn.q_proj,kl,5,0,5,0,0,0,6408,1807,1795,6374,1,9,5,16369
llama8b,seed0,model.layers.24.self_attn.v_proj,ce,8,2,6,0,0,0,1511,555,575,1455,0,8,12,4076
llama8b,seed0,model.layers.24.self_attn.v_proj,kl,12,0,12,0,0,0,1511,555,575,1455,0,8,12,4076
llama8b,draw1,model.layers.24.self_attn.v_proj,ce,8,0,8,0,0,0,1662,422,388,1624,2,8,8,4078
llama8b,draw1,model.layers.24.self_attn.v_proj,kl,8,0,8,0,0,0,1662,422,388,1624,2,8,8,4078
llama8b,draw2,model.layers.24.self_attn.v_proj,ce,4,0,4,0,0,0,1583,455,449,1609,3,4,2,4087
llama8b,draw2,model.layers.24.self_attn.v_proj,kl,2,0,2,0,0,0,1583,455,449,1609,3,4,2,4087
llama8b,draw3,model.layers.24.self_attn.v_proj,ce,3,0,3,0,0,0,1793,263,304,1736,1,3,4,4088
llama8b,draw3,model.layers.24.self_attn.v_proj,kl,4,0,4,0,0,0,1793,263,304,1736,1,3,4,4088
llama8b,draw4,model.layers.24.self_attn.v_proj,ce,7,0,7,0,0,0,1668,405,399,1624,1,7,2,4086
llama8b,draw4,model.layers.24.self_attn.v_proj,kl,2,0,2,0,0,0,1668,405,399,1624,1,7,2,4086
llama8b,seed0,model.layers.25.mlp.down_proj,ce,75,1,74,0,0,0,21734,7241,7337,21032,5,75,47,57217
llama8b,seed0,model.layers.25.mlp.down_proj,kl,47,1,46,0,0,0,21734,7241,7337,21032,5,75,47,57217
llama8b,draw1,model.layers.25.mlp.down_proj,ce,64,0,64,0,0,0,23662,5168,5447,23067,11,64,41,57228
llama8b,draw1,model.layers.25.mlp.down_proj,kl,41,0,41,0,0,0,23662,5168,5447,23067,11,64,41,57228
llama8b,draw2,model.layers.25.mlp.down_proj,ce,64,0,64,0,0,0,23224,5728,5830,22562,8,64,30,57242
llama8b,draw2,model.layers.25.mlp.down_proj,kl,30,0,30,0,0,0,23224,5728,5830,22562,8,64,30,57242
llama8b,draw3,model.layers.25.mlp.down_proj,ce,36,0,36,0,0,0,24767,4278,4130,24169,7,36,10,57291
llama8b,draw3,model.layers.25.mlp.down_proj,kl,10,0,10,0,0,0,24767,4278,4130,24169,7,36,10,57291
llama8b,draw4,model.layers.25.mlp.down_proj,ce,36,0,36,0,0,0,24039,5012,4995,23298,1,36,16,57291
llama8b,draw4,model.layers.25.mlp.down_proj,kl,16,0,16,0,0,0,24039,5012,4995,23298,1,36,16,57291
llama8b,seed0,model.layers.25.mlp.gate_proj,ce,59,1,58,0,0,0,22317,6714,6751,21562,11,59,36,57238
llama8b,seed0,model.layers.25.mlp.gate_proj,kl,36,0,36,0,0,0,22317,6714,6751,21562,11,59,36,57238
llama8b,draw1,model.layers.25.mlp.gate_proj,ce,45,0,45,0,0,0,24142,4951,4781,23470,10,45,33,57256
llama8b,draw1,model.layers.25.mlp.gate_proj,kl,33,0,33,0,0,0,24142,4951,4781,23470,10,45,33,57256
llama8b,draw2,model.layers.25.mlp.gate_proj,ce,46,0,46,0,0,0,24122,4872,4899,23451,13,46,23,57262
llama8b,draw2,model.layers.25.mlp.gate_proj,kl,23,0,23,0,0,0,24122,4872,4899,23451,13,46,23,57262
llama8b,draw3,model.layers.25.mlp.gate_proj,ce,23,0,23,0,0,0,25103,3707,3709,24825,1,23,8,57312
llama8b,draw3,model.layers.25.mlp.gate_proj,kl,8,0,8,0,0,0,25103,3707,3709,24825,1,23,8,57312
llama8b,draw4,model.layers.25.mlp.gate_proj,ce,29,0,29,0,0,0,24408,4677,4580,23679,5,29,8,57302
llama8b,draw4,model.layers.25.mlp.gate_proj,kl,8,0,8,0,0,0,24408,4677,4580,23679,5,29,8,57302
llama8b,seed0,model.layers.25.mlp.up_proj,ce,60,2,58,0,0,0,22041,6849,7042,21412,6,60,53,57225
llama8b,seed0,model.layers.25.mlp.up_proj,kl,53,0,53,0,0,0,22041,6849,7042,21412,6,60,53,57225
llama8b,draw1,model.layers.25.mlp.up_proj,ce,40,0,40,0,0,0,23977,5104,5024,23239,11,40,32,57261
llama8b,draw1,model.layers.25.mlp.up_proj,kl,32,0,32,0,0,0,23977,5104,5024,23239,11,40,32,57261
llama8b,draw2,model.layers.25.mlp.up_proj,ce,51,0,51,0,0,0,24004,5063,5105,23172,8,51,30,57255
llama8b,draw2,model.layers.25.mlp.up_proj,kl,30,0,30,0,0,0,24004,5063,5105,23172,8,51,30,57255
llama8b,draw3,model.layers.25.mlp.up_proj,ce,36,0,36,0,0,0,24964,3938,3903,24539,1,36,13,57294
llama8b,draw3,model.layers.25.mlp.up_proj,kl,13,0,13,0,0,0,24964,3938,3903,24539,1,36,13,57294
llama8b,draw4,model.layers.25.mlp.up_proj,ce,32,0,32,0,0,0,24050,4810,4898,23586,2,32,11,57299
llama8b,draw4,model.layers.25.mlp.up_proj,kl,11,0,11,0,0,0,24050,4810,4898,23586,2,32,11,57299
llama8b,seed0,model.layers.25.self_attn.k_proj,ce,11,1,10,0,0,0,1535,514,555,1492,4,11,7,4074
llama8b,seed0,model.layers.25.self_attn.k_proj,kl,7,1,6,0,0,0,1535,514,555,1492,4,11,7,4074
llama8b,draw1,model.layers.25.self_attn.k_proj,ce,8,0,8,0,0,0,1617,431,423,1625,2,8,2,4084
llama8b,draw1,model.layers.25.self_attn.k_proj,kl,2,0,2,0,0,0,1617,431,423,1625,2,8,2,4084
llama8b,draw2,model.layers.25.self_attn.k_proj,ce,4,1,3,0,0,0,1632,461,492,1511,1,4,5,4086
llama8b,draw2,model.layers.25.self_attn.k_proj,kl,5,0,5,0,0,0,1632,461,492,1511,1,4,5,4086
llama8b,draw3,model.layers.25.self_attn.k_proj,ce,5,1,4,0,0,0,1785,295,276,1740,0,5,1,4090
llama8b,draw3,model.layers.25.self_attn.k_proj,kl,1,0,1,0,0,0,1785,295,276,1740,0,5,1,4090
llama8b,draw4,model.layers.25.self_attn.k_proj,ce,4,0,4,0,0,0,1654,438,442,1562,0,4,4,4088
llama8b,draw4,model.layers.25.self_attn.k_proj,kl,4,1,3,0,0,0,1654,438,442,1562,0,4,4,4088
llama8b,seed0,model.layers.25.self_attn.o_proj,ce,27,2,25,0,0,0,6117,2274,2259,5734,1,27,49,16307
llama8b,seed0,model.layers.25.self_attn.o_proj,kl,49,1,48,0,0,0,6117,2274,2259,5734,1,27,49,16307
llama8b,draw1,model.layers.25.self_attn.o_proj,ce,21,0,21,0,0,0,6597,1635,1700,6452,5,21,27,16331
llama8b,draw1,model.layers.25.self_attn.o_proj,kl,27,1,26,0,0,0,6597,1635,1700,6452,5,21,27,16331
llama8b,draw2,model.layers.25.self_attn.o_proj,ce,25,0,25,0,0,0,6394,1921,1862,6207,2,25,18,16339
llama8b,draw2,model.layers.25.self_attn.o_proj,kl,18,0,18,0,0,0,6394,1921,1862,6207,2,25,18,16339
llama8b,draw3,model.layers.25.self_attn.o_proj,ce,14,0,14,0,0,0,6897,1301,1339,6847,2,14,7,16361
llama8b,draw3,model.layers.25.self_attn.o_proj,kl,7,0,7,0,0,0,6897,1301,1339,6847,2,14,7,16361
llama8b,draw4,model.layers.25.self_attn.o_proj,ce,17,0,17,0,0,0,6635,1622,1623,6504,5,17,14,16348
llama8b,draw4,model.layers.25.self_attn.o_proj,kl,14,1,13,0,0,0,6635,1622,1623,6504,5,17,14,16348
llama8b,seed0,model.layers.25.self_attn.q_proj,ce,20,1,19,0,0,0,6102,2170,2215,5897,2,20,29,16333
llama8b,seed0,model.layers.25.self_attn.q_proj,kl,29,0,29,0,0,0,6102,2170,2215,5897,2,20,29,16333
llama8b,draw1,model.layers.25.self_attn.q_proj,ce,18,0,18,0,0,0,6733,1372,1418,6861,8,18,22,16336
llama8b,draw1,model.layers.25.self_attn.q_proj,kl,22,0,22,0,0,0,6733,1372,1418,6861,8,18,22,16336
llama8b,draw2,model.layers.25.self_attn.q_proj,ce,8,1,7,0,0,0,6618,1739,1781,6246,1,8,7,16368
llama8b,draw2,model.layers.25.self_attn.q_proj,kl,7,1,6,0,0,0,6618,1739,1781,6246,1,8,7,16368
llama8b,draw3,model.layers.25.self_attn.q_proj,ce,11,0,11,0,0,0,7090,1074,1197,7023,2,11,4,16367
llama8b,draw3,model.layers.25.self_attn.q_proj,kl,4,0,4,0,0,0,7090,1074,1197,7023,2,11,4,16367
llama8b,draw4,model.layers.25.self_attn.q_proj,ce,9,0,9,0,0,0,6663,1616,1526,6579,2,9,11,16362
llama8b,draw4,model.layers.25.self_attn.q_proj,kl,11,0,11,0,0,0,6663,1616,1526,6579,2,9,11,16362
llama8b,seed0,model.layers.25.self_attn.v_proj,ce,9,2,7,0,0,0,1552,587,560,1397,0,9,11,4076
llama8b,seed0,model.layers.25.self_attn.v_proj,kl,11,0,11,0,0,0,1552,587,560,1397,0,9,11,4076
llama8b,draw1,model.layers.25.self_attn.v_proj,ce,7,0,7,0,0,0,1610,419,437,1630,4,7,4,4081
llama8b,draw1,model.layers.25.self_attn.v_proj,kl,4,0,4,0,0,0,1610,419,437,1630,4,7,4,4081
llama8b,draw2,model.layers.25.self_attn.v_proj,ce,9,0,9,0,0,0,1626,465,492,1513,3,9,3,4081
llama8b,draw2,model.layers.25.self_attn.v_proj,kl,3,0,3,0,0,0,1626,465,492,1513,3,9,3,4081
llama8b,draw3,model.layers.25.self_attn.v_proj,ce,5,0,5,0,0,0,1794,276,296,1730,1,5,2,4088
llama8b,draw3,model.layers.25.self_attn.v_proj,kl,2,0,2,0,0,0,1794,276,296,1730,1,5,2,4088
llama8b,draw4,model.layers.25.self_attn.v_proj,ce,7,0,7,0,0,0,1665,416,436,1579,3,7,5,4081
llama8b,draw4,model.layers.25.self_attn.v_proj,kl,5,0,5,0,0,0,1665,416,436,1579,3,7,5,4081
llama8b,seed0,model.layers.26.mlp.down_proj,ce,67,1,66,0,0,0,21695,7423,7495,20731,15,67,55,57207
llama8b,seed0,model.layers.26.mlp.down_proj,kl,55,0,55,0,0,0,21695,7423,7495,20731,15,67,55,57207
llama8b,draw1,model.layers.26.mlp.down_proj,ce,59,0,59,0,0,0,23440,5531,5601,22772,10,59,48,57227
llama8b,draw1,model.layers.26.mlp.down_proj,kl,48,0,48,0,0,0,23440,5531,5601,22772,10,59,48,57227
llama8b,draw2,model.layers.26.mlp.down_proj,ce,65,0,65,0,0,0,22779,6119,6167,22279,7,65,38,57234
llama8b,draw2,model.layers.26.mlp.down_proj,kl,38,0,38,0,0,0,22779,6119,6167,22279,7,65,38,57234
llama8b,draw3,model.layers.26.mlp.down_proj,ce,38,0,38,0,0,0,24694,4233,4187,24230,3,38,10,57293
llama8b,draw3,model.layers.26.mlp.down_proj,kl,10,0,10,0,0,0,24694,4233,4187,24230,3,38,10,57293
llama8b,draw4,model.layers.26.mlp.down_proj,ce,56,0,56,0,0,0,23705,5275,5221,23143,3,56,19,57266
llama8b,draw4,model.layers.26.mlp.down_proj,kl,19,0,19,0,0,0,23705,5275,5221,23143,3,56,19,57266
llama8b,seed0,model.layers.26.mlp.gate_proj,ce,57,0,57,0,0,0,22109,7000,6845,21390,4,57,39,57244
llama8b,seed0,model.layers.26.mlp.gate_proj,kl,39,0,39,0,0,0,22109,7000,6845,21390,4,57,39,57244
llama8b,draw1,model.layers.26.mlp.gate_proj,ce,51,0,51,0,0,0,24078,4893,4950,23423,4,51,25,57264
llama8b,draw1,model.layers.26.mlp.gate_proj,kl,25,0,25,0,0,0,24078,4893,4950,23423,4,51,25,57264
llama8b,draw2,model.layers.26.mlp.gate_proj,ce,60,0,60,0,0,0,23892,5123,5201,23128,10,60,22,57252
llama8b,draw2,model.layers.26.mlp.gate_proj,kl,22,0,22,0,0,0,23892,5123,5201,23128,10,60,22,57252
llama8b,draw3,model.layers.26.mlp.gate_proj,ce,17,0,17,0,0,0,25301,3507,3530,25006,0,17,12,57315
llama8b,draw3,model.layers.26.mlp.gate_proj,kl,12,0,12,0,0,0,25301,3507,3530,25006,0,17,12,57315
llama8b,draw4,model.layers.26.mlp.gate_proj,ce,26,0,26,0,0,0,24422,4585,4613,23724,2,26,9,57307
llama8b,draw4,model.layers.26.mlp.gate_proj,kl,9,0,9,0,0,0,24422,4585,4613,23724,2,26,9,57307
llama8b,seed0,model.layers.26.mlp.up_proj,ce,63,1,62,0,0,0,21802,7016,7085,21441,5,63,50,57226
llama8b,seed0,model.layers.26.mlp.up_proj,kl,50,0,50,0,0,0,21802,7016,7085,21441,5,63,50,57226
llama8b,draw1,model.layers.26.mlp.up_proj,ce,51,0,51,0,0,0,23736,5161,5075,23372,12,51,25,57256
llama8b,draw1,model.layers.26.mlp.up_proj,kl,25,0,25,0,0,0,23736,5161,5075,23372,12,51,25,57256
llama8b,draw2,model.layers.26.mlp.up_proj,ce,51,0,51,0,0,0,23574,5389,5446,22935,10,51,22,57261
llama8b,draw2,model.layers.26.mlp.up_proj,kl,22,0,22,0,0,0,23574,5389,5446,22935,10,51,22,57261
llama8b,draw3,model.layers.26.mlp.up_proj,ce,33,0,33,0,0,0,24888,3857,3792,24807,1,33,9,57301
llama8b,draw3,model.layers.26.mlp.up_proj,kl,9,0,9,0,0,0,24888,3857,3792,24807,1,33,9,57301
llama8b,draw4,model.layers.26.mlp.up_proj,ce,38,0,38,0,0,0,23990,4934,4964,23456,3,38,17,57286
llama8b,draw4,model.layers.26.mlp.up_proj,kl,17,0,17,0,0,0,23990,4934,4964,23456,3,38,17,57286
llama8b,seed0,model.layers.26.self_attn.k_proj,ce,9,1,8,0,0,0,1539,544,558,1455,4,9,7,4076
llama8b,seed0,model.layers.26.self_attn.k_proj,kl,7,0,7,0,0,0,1539,544,558,1455,4,9,7,4076
llama8b,draw1,model.layers.26.self_attn.k_proj,ce,7,0,7,0,0,0,1651,429,431,1585,3,7,6,4080
llama8b,draw1,model.layers.26.self_attn.k_proj,kl,6,0,6,0,0,0,1651,429,431,1585,3,7,6,4080
llama8b,draw2,model.layers.26.self_attn.k_proj,ce,6,0,6,0,0,0,1565,496,487,1548,5,6,3,4082
llama8b,draw2,model.layers.26.self_attn.k_proj,kl,3,0,3,0,0,0,1565,496,487,1548,5,6,3,4082
llama8b,draw3,model.layers.26.self_attn.k_proj,ce,2,0,2,0,0,0,1776,304,316,1700,1,2,1,4092
llama8b,draw3,model.layers.26.self_attn.k_proj,kl,1,0,1,0,0,0,1776,304,316,1700,1,2,1,4092
llama8b,draw4,model.layers.26.self_attn.k_proj,ce,5,0,5,0,0,0,1633,452,452,1559,2,5,4,4085
llama8b,draw4,model.layers.26.self_attn.k_proj,kl,4,0,4,0,0,0,1633,452,452,1559,2,5,4,4085
llama8b,seed0,model.layers.26.self_attn.o_proj,ce,29,0,29,0,0,0,6060,2277,2336,5711,5,29,43,16307
llama8b,seed0,model.layers.26.self_attn.o_proj,kl,43,2,41,0,0,0,6060,2277,2336,5711,5,29,43,16307
llama8b,draw1,model.layers.26.self_attn.o_proj,ce,19,0,19,0,0,0,6438,1780,1773,6393,5,19,32,16328
llama8b,draw1,model.layers.26.self_attn.o_proj,kl,32,0,32,0,0,0,6438,1780,1773,6393,5,19,32,16328
llama8b,draw2,model.layers.26.self_attn.o_proj,ce,17,0,17,0,0,0,6325,2024,1994,6041,6,17,27,16334
llama8b,draw2,model.layers.26.self_attn.o_proj,kl,27,2,25,0,0,0,6325,2024,1994,6041,6,17,27,16334
llama8b,draw3,model.layers.26.self_attn.o_proj,ce,18,0,18,0,0,0,6898,1412,1424,6650,6,18,9,16351
llama8b,draw3,model.layers.26.self_attn.o_proj,kl,9,0,9,0,0,0,6898,1412,1424,6650,6,18,9,16351
llama8b,draw4,model.layers.26.self_attn.o_proj,ce,16,0,16,0,0,0,6591,1710,1778,6305,3,16,21,16344
llama8b,draw4,model.layers.26.self_attn.o_proj,kl,21,0,21,0,0,0,6591,1710,1778,6305,3,16,21,16344
llama8b,seed0,model.layers.26.self_attn.q_proj,ce,22,0,22,0,0,0,6069,2158,2216,5941,4,22,27,16331
llama8b,seed0,model.layers.26.self_attn.q_proj,kl,27,0,27,0,0,0,6069,2158,2216,5941,4,22,27,16331
llama8b,draw1,model.layers.26.self_attn.q_proj,ce,15,0,15,0,0,0,6572,1570,1661,6581,4,15,32,16333
llama8b,draw1,model.layers.26.self_attn.q_proj,kl,32,1,31,0,0,0,6572,1570,1661,6581,4,15,32,16333
llama8b,draw2,model.layers.26.self_attn.q_proj,ce,21,1,20,0,0,0,6575,1764,1855,6190,8,21,17,16338
llama8b,draw2,model.layers.26.self_attn.q_proj,kl,17,0,17,0,0,0,6575,1764,1855,6190,8,21,17,16338
llama8b,draw3,model.layers.26.self_attn.q_proj,ce,10,0,10,0,0,0,6999,1143,1274,6968,2,10,7,16365
llama8b,draw3,model.layers.26.self_attn.q_proj,kl,7,0,7,0,0,0,6999,1143,1274,6968,2,10,7,16365
llama8b,draw4,model.layers.26.self_attn.q_proj,ce,14,0,14,0,0,0,6760,1537,1627,6460,2,14,22,16346
llama8b,draw4,model.layers.26.self_attn.q_proj,kl,22,0,22,0,0,0,6760,1537,1627,6460,2,14,22,16346
llama8b,seed0,model.layers.26.self_attn.v_proj,ce,14,0,14,0,0,0,1470,578,643,1405,2,14,17,4063
llama8b,seed0,model.layers.26.self_attn.v_proj,kl,17,2,15,0,0,0,1470,578,643,1405,2,14,17,4063
llama8b,draw1,model.layers.26.self_attn.v_proj,ce,7,0,7,0,0,0,1649,411,404,1632,4,7,12,4073
llama8b,draw1,model.layers.26.self_attn.v_proj,kl,12,0,12,0,0,0,1649,411,404,1632,4,7,12,4073
llama8b,draw2,model.layers.26.self_attn.v_proj,ce,10,0,10,0,0,0,1645,466,506,1479,4,10,12,4070
llama8b,draw2,model.layers.26.self_attn.v_proj,kl,12,0,12,0,0,0,1645,466,506,1479,4,10,12,4070
llama8b,draw3,model.layers.26.self_attn.v_proj,ce,6,0,6,0,0,0,1759,321,338,1678,1,6,3,4086
llama8b,draw3,model.layers.26.self_attn.v_proj,kl,3,0,3,0,0,0,1759,321,338,1678,1,6,3,4086
llama8b,draw4,model.layers.26.self_attn.v_proj,ce,10,0,10,0,0,0,1710,406,420,1560,5,10,7,4074
llama8b,draw4,model.layers.26.self_attn.v_proj,kl,7,0,7,0,0,0,1710,406,420,1560,5,10,7,4074
llama8b,seed0,model.layers.27.mlp.down_proj,ce,80,0,80,0,0,0,21431,7498,7673,20742,10,80,78,57176
llama8b,seed0,model.layers.27.mlp.down_proj,kl,78,2,76,0,0,0,21431,7498,7673,20742,10,80,78,57176
llama8b,draw1,model.layers.27.mlp.down_proj,ce,73,0,73,0,0,0,23318,5547,5706,22773,21,73,77,57173
llama8b,draw1,model.layers.27.mlp.down_proj,kl,77,0,77,0,0,0,23318,5547,5706,22773,21,73,77,57173
llama8b,draw2,model.layers.27.mlp.down_proj,ce,74,0,74,0,0,0,22229,6388,6648,22079,11,74,45,57214
llama8b,draw2,model.layers.27.mlp.down_proj,kl,45,1,44,0,0,0,22229,6388,6648,22079,11,74,45,57214
llama8b,draw3,model.layers.27.mlp.down_proj,ce,57,0,57,0,0,0,24287,4548,4590,23919,6,57,16,57265
llama8b,draw3,model.layers.27.mlp.down_proj,kl,16,0,16,0,0,0,24287,4548,4590,23919,6,57,16,57265
llama8b,draw4,model.layers.27.mlp.down_proj,ce,44,0,44,0,0,0,23341,5470,5457,23076,3,44,28,57269
llama8b,draw4,model.layers.27.mlp.down_proj,kl,28,0,28,0,0,0,23341,5470,5457,23076,3,44,28,57269
llama8b,seed0,model.layers.27.mlp.gate_proj,ce,86,1,85,0,0,0,21986,7070,6976,21312,5,86,43,57210
llama8b,seed0,model.layers.27.mlp.gate_proj,kl,43,0,43,0,0,0,21986,7070,6976,21312,5,86,43,57210
llama8b,draw1,model.layers.27.mlp.gate_proj,ce,56,0,56,0,0,0,23895,5078,5169,23202,13,56,28,57247
llama8b,draw1,model.layers.27.mlp.gate_proj,kl,28,0,28,0,0,0,23895,5078,5169,23202,13,56,28,57247
llama8b,draw2,model.layers.27.mlp.gate_proj,ce,57,0,57,0,0,0,23638,5339,5408,22959,12,57,23,57252
llama8b,draw2,model.layers.27.mlp.gate_proj,kl,23,0,23,0,0,0,23638,5339,5408,22959,12,57,23,57252
llama8b,draw3,model.layers.27.mlp.gate_proj,ce,23,0,23,0,0,0,25234,3713,3675,24722,4,23,7,57310
llama8b,draw3,model.layers.27.mlp.gate_proj,kl,7,0,7,0,0,0,25234,3713,3675,24722,4,23,7,57310
llama8b,draw4,model.layers.27.mlp.gate_proj,ce,30,0,30,0,0,0,24077,4886,4818,23563,5,30,12,57297
llama8b,draw4,model.layers.27.mlp.gate_proj,kl,12,0,12,0,0,0,24077,4886,4818,23563,5,30,12,57297
llama8b,seed0,model.layers.27.mlp.up_proj,ce,66,2,64,0,0,0,21873,7255,7192,21024,7,66,40,57231
llama8b,seed0,model.layers.27.mlp.up_proj,kl,40,0,40,0,0,0,21873,7255,7192,21024,7,66,40,57231
llama8b,draw1,model.layers.27.mlp.up_proj,ce,57,1,56,0,0,0,23418,5319,5468,23139,15,57,31,57241
llama8b,draw1,model.layers.27.mlp.up_proj,kl,31,0,31,0,0,0,23418,5319,5468,23139,15,57,31,57241
llama8b,draw2,model.layers.27.mlp.up_proj,ce,54,0,54,0,0,0,23283,5796,5709,22556,12,54,24,57254
llama8b,draw2,model.layers.27.mlp.up_proj,kl,24,0,24,0,0,0,23283,5796,5709,22556,12,54,24,57254
llama8b,draw3,model.layers.27.mlp.up_proj,ce,27,0,27,0,0,0,25075,3847,3864,24558,5,27,8,57304
llama8b,draw3,model.layers.27.mlp.up_proj,kl,8,0,8,0,0,0,25075,3847,3864,24558,5,27,8,57304
llama8b,draw4,model.layers.27.mlp.up_proj,ce,36,0,36,0,0,0,23888,5021,5074,23361,1,36,19,57288
llama8b,draw4,model.layers.27.mlp.up_proj,kl,19,0,19,0,0,0,23888,5021,5074,23361,1,36,19,57288
llama8b,seed0,model.layers.27.self_attn.k_proj,ce,5,0,5,0,0,0,1512,528,574,1482,1,5,12,4078
llama8b,seed0,model.layers.27.self_attn.k_proj,kl,12,1,11,0,0,0,1512,528,574,1482,1,5,12,4078
llama8b,draw1,model.layers.27.self_attn.k_proj,ce,3,0,3,0,0,0,1646,379,381,1690,3,3,9,4081
llama8b,draw1,model.layers.27.self_attn.k_proj,kl,9,1,8,0,0,0,1646,379,381,1690,3,3,9,4081
llama8b,draw2,model.layers.27.self_attn.k_proj,ce,16,0,16,0,0,0,1671,442,436,1547,8,16,5,4067
llama8b,draw2,model.layers.27.self_attn.k_proj,kl,5,0,5,0,0,0,1671,442,436,1547,8,16,5,4067
llama8b,draw3,model.layers.27.self_attn.k_proj,ce,7,0,7,0,0,0,1756,268,262,1810,2,7,1,4086
llama8b,draw3,model.layers.27.self_attn.k_proj,kl,1,0,1,0,0,0,1756,268,262,1810,2,7,1,4086
llama8b,draw4,model.layers.27.self_attn.k_proj,ce,5,0,5,0,0,0,1670,390,387,1649,7,5,11,4073
llama8b,draw4,model.layers.27.self_attn.k_proj,kl,11,0,11,0,0,0,1670,390,387,1649,7,5,11,4073
llama8b,seed0,model.layers.27.self_attn.o_proj,ce,25,1,24,0,0,0,5981,2302,2367,5734,1,25,36,16322
llama8b,seed0,model.layers.27.self_attn.o_proj,kl,36,1,35,0,0,0,5981,2302,2367,5734,1,25,36,16322
llama8b,draw1,model.layers.27.self_attn.o_proj,ce,32,2,30,0,0,0,6418,1852,1837,6277,7,32,36,16309
llama8b,draw1,model.layers.27.self_attn.o_proj,kl,36,2,34,0,0,0,6418,1852,1837,6277,7,32,36,16309
llama8b,draw2,model.layers.27.self_attn.o_proj,ce,24,0,24,0,0,0,6112,2060,2234,5978,2,24,19,16339
llama8b,draw2,model.layers.27.self_attn.o_proj,kl,19,2,17,0,0,0,6112,2060,2234,5978,2,24,19,16339
llama8b,draw3,model.layers.27.self_attn.o_proj,ce,12,0,12,0,0,0,6874,1319,1476,6715,1,12,6,16365
llama8b,draw3,model.layers.27.self_attn.o_proj,kl,6,0,6,0,0,0,6874,1319,1476,6715,1,12,6,16365
llama8b,draw4,model.layers.27.self_attn.o_proj,ce,17,0,17,0,0,0,6516,1776,1728,6364,4,17,18,16345
llama8b,draw4,model.layers.27.self_attn.o_proj,kl,18,0,18,0,0,0,6516,1776,1728,6364,4,17,18,16345
llama8b,seed0,model.layers.27.self_attn.q_proj,ce,16,0,16,0,0,0,6160,2133,2189,5902,0,16,28,16340
llama8b,seed0,model.layers.27.self_attn.q_proj,kl,28,1,27,0,0,0,6160,2133,2189,5902,0,16,28,16340
llama8b,draw1,model.layers.27.self_attn.q_proj,ce,16,1,15,0,0,0,6618,1570,1664,6532,0,16,18,16350
llama8b,draw1,model.layers.27.self_attn.q_proj,kl,18,0,18,0,0,0,6618,1570,1664,6532,0,16,18,16350
llama8b,draw2,model.layers.27.self_attn.q_proj,ce,22,0,22,0,0,0,6569,1789,1698,6328,18,22,22,16322
llama8b,draw2,model.layers.27.self_attn.q_proj,kl,22,0,22,0,0,0,6569,1789,1698,6328,18,22,22,16322
llama8b,draw3,model.layers.27.self_attn.q_proj,ce,13,0,13,0,0,0,7161,969,1051,7203,3,13,16,16352
llama8b,draw3,model.layers.27.self_attn.q_proj,kl,16,0,16,0,0,0,7161,969,1051,7203,3,13,16,16352
llama8b,draw4,model.layers.27.self_attn.q_proj,ce,15,0,15,0,0,0,6726,1494,1583,6581,16,15,16,16337
llama8b,draw4,model.layers.27.self_attn.q_proj,kl,16,1,15,0,0,0,6726,1494,1583,6581,16,15,16,16337
llama8b,seed0,model.layers.27.self_attn.v_proj,ce,6,0,6,0,0,0,1512,562,522,1500,1,6,13,4076
llama8b,seed0,model.layers.27.self_attn.v_proj,kl,13,1,12,0,0,0,1512,562,522,1500,1,6,13,4076
llama8b,draw1,model.layers.27.self_attn.v_proj,ce,8,0,8,0,0,0,1662,409,418,1607,4,8,15,4069
llama8b,draw1,model.layers.27.self_attn.v_proj,kl,15,0,15,0,0,0,1662,409,418,1607,4,8,15,4069
llama8b,draw2,model.layers.27.self_attn.v_proj,ce,5,1,4,0,0,0,1536,486,546,1528,0,5,10,4081
llama8b,draw2,model.layers.27.self_attn.v_proj,kl,10,0,10,0,0,0,1536,486,546,1528,0,5,10,4081
llama8b,draw3,model.layers.27.self_attn.v_proj,ce,7,0,7,0,0,0,1739,322,310,1725,0,7,5,4084
llama8b,draw3,model.layers.27.self_attn.v_proj,kl,5,0,5,0,0,0,1739,322,310,1725,0,7,5,4084
llama8b,draw4,model.layers.27.self_attn.v_proj,ce,5,0,5,0,0,0,1624,424,392,1656,0,5,7,4084
llama8b,draw4,model.layers.27.self_attn.v_proj,kl,7,0,7,0,0,0,1624,424,392,1656,0,5,7,4084
llama8b,seed0,model.layers.28.mlp.down_proj,ce,96,3,93,0,0,0,21219,7655,7856,20614,15,96,118,57115
llama8b,seed0,model.layers.28.mlp.down_proj,kl,118,3,115,0,0,0,21219,7655,7856,20614,15,96,118,57115
llama8b,draw1,model.layers.28.mlp.down_proj,ce,101,0,101,0,0,0,23158,5710,5759,22717,35,101,153,57055
llama8b,draw1,model.layers.28.mlp.down_proj,kl,153,0,153,0,0,0,23158,5710,5759,22717,35,101,153,57055
llama8b,draw2,model.layers.28.mlp.down_proj,ce,114,0,114,0,0,0,21845,6971,7138,21390,14,114,87,57129
llama8b,draw2,model.layers.28.mlp.down_proj,kl,87,0,87,0,0,0,21845,6971,7138,21390,14,114,87,57129
llama8b,draw3,model.layers.28.mlp.down_proj,ce,78,0,78,0,0,0,24049,4821,4729,23745,10,78,44,57212
llama8b,draw3,model.layers.28.mlp.down_proj,kl,44,0,44,0,0,0,24049,4821,4729,23745,10,78,44,57212
llama8b,draw4,model.layers.28.mlp.down_proj,ce,76,0,76,0,0,0,23313,5607,5636,22788,15,76,45,57208
llama8b,draw4,model.layers.28.mlp.down_proj,kl,45,0,45,0,0,0,23313,5607,5636,22788,15,76,45,57208
llama8b,seed0,model.layers.28.mlp.gate_proj,ce,69,2,67,0,0,0,21705,7288,7490,20861,6,69,48,57221
llama8b,seed0,model.layers.28.mlp.gate_proj,kl,48,1,47,0,0,0,21705,7288,7490,20861,6,69,48,57221
llama8b,draw1,model.layers.28.mlp.gate_proj,ce,54,0,54,0,0,0,22973,5690,5747,22934,12,54,40,57238
llama8b,draw1,model.layers.28.mlp.gate_proj,kl,40,0,40,0,0,0,22973,5690,5747,22934,12,54,40,57238
llama8b,draw2,model.layers.28.mlp.gate_proj,ce,63,0,63,0,0,0,22815,6004,6193,22332,5,63,40,57236
llama8b,draw2,model.layers.28.mlp.gate_proj,kl,40,0,40,0,0,0,22815,6004,6193,22332,5,63,40,57236
llama8b,draw3,model.layers.28.mlp.gate_proj,ce,33,0,33,0,0,0,24571,4198,4163,24412,0,33,6,57305
llama8b,draw3,model.layers.28.mlp.gate_proj,kl,6,0,6,0,0,0,24571,4198,4163,24412,0,33,6,57305
llama8b,draw4,model.layers.28.mlp.gate_proj,ce,33,0,33,0,0,0,23924,5130,5189,23101,1,33,10,57300
llama8b,draw4,model.layers.28.mlp.gate_proj,kl,10,0,10,0,0,0,23924,5130,5189,23101,1,33,10,57300
llama8b,seed0,model.layers.28.mlp.up_proj,ce,76,1,75,0,0,0,21271,7395,7615,21063,5,76,55,57208
llama8b,seed0,model.layers.28.mlp.up_proj,kl,55,1,54,0,0,0,21271,7395,7615,21063,5,76,55,57208
llama8b,draw1,model.layers.28.mlp.up_proj,ce,73,0,73,0,0,0,23364,5731,5639,22610,8,73,50,57213
llama8b,draw1,model.layers.28.mlp.up_proj,kl,50,0,50,0,0,0,23364,5731,5639,22610,8,73,50,57213
llama8b,draw2,model.layers.28.mlp.up_proj,ce,75,0,75,0,0,0,22656,6392,6567,21729,7,75,41,57221
llama8b,draw2,model.layers.28.mlp.up_proj,kl,41,1,40,0,0,0,22656,6392,6567,21729,7,75,41,57221
llama8b,draw3,model.layers.28.mlp.up_proj,ce,43,0,43,0,0,0,24590,4478,4513,23763,5,43,11,57285
llama8b,draw3,model.layers.28.mlp.up_proj,kl,11,0,11,0,0,0,24590,4478,4513,23763,5,43,11,57285
llama8b,draw4,model.layers.28.mlp.up_proj,ce,48,0,48,0,0,0,23558,5331,5448,23007,8,48,21,57267
llama8b,draw4,model.layers.28.mlp.up_proj,kl,21,0,21,0,0,0,23558,5331,5448,23007,8,48,21,57267
llama8b,seed0,model.layers.28.self_attn.k_proj,ce,6,0,6,0,0,0,1564,518,510,1504,2,6,8,4080
llama8b,seed0,model.layers.28.self_attn.k_proj,kl,8,0,8,0,0,0,1564,518,510,1504,2,6,8,4080
llama8b,draw1,model.layers.28.self_attn.k_proj,ce,1,0,1,0,0,0,1658,368,396,1674,3,1,15,4077
llama8b,draw1,model.layers.28.self_attn.k_proj,kl,15,0,15,0,0,0,1658,368,396,1674,3,1,15,4077
llama8b,draw2,model.layers.28.self_attn.k_proj,ce,6,0,6,0,0,0,1633,382,378,1703,1,6,5,4084
llama8b,draw2,model.layers.28.self_attn.k_proj,kl,5,0,5,0,0,0,1633,382,378,1703,1,6,5,4084
llama8b,draw3,model.layers.28.self_attn.k_proj,ce,6,0,6,0,0,0,1717,311,298,1770,0,6,0,4090
llama8b,draw3,model.layers.28.self_attn.k_proj,kl,0,0,0,0,0,0,1717,311,298,1770,0,6,0,4090
llama8b,draw4,model.layers.28.self_attn.k_proj,ce,6,0,6,0,0,0,1730,310,323,1733,0,6,9,4081
llama8b,draw4,model.layers.28.self_attn.k_proj,kl,9,0,9,0,0,0,1730,310,323,1733,0,6,9,4081
llama8b,seed0,model.layers.28.self_attn.o_proj,ce,22,0,22,0,0,0,6166,2176,2154,5888,1,22,23,16338
llama8b,seed0,model.layers.28.self_attn.o_proj,kl,23,0,23,0,0,0,6166,2176,2154,5888,1,22,23,16338
llama8b,draw1,model.layers.28.self_attn.o_proj,ce,23,0,23,0,0,0,6646,1596,1711,6431,5,23,29,16327
llama8b,draw1,model.layers.28.self_attn.o_proj,kl,29,0,29,0,0,0,6646,1596,1711,6431,5,23,29,16327
llama8b,draw2,model.layers.28.self_attn.o_proj,ce,25,0,25,0,0,0,6324,1924,1958,6178,3,25,19,16337
llama8b,draw2,model.layers.28.self_attn.o_proj,kl,19,0,19,0,0,0,6324,1924,1958,6178,3,25,19,16337
llama8b,draw3,model.layers.28.self_attn.o_proj,ce,19,0,19,0,0,0,6845,1402,1341,6796,0,19,3,16362
llama8b,draw3,model.layers.28.self_attn.o_proj,kl,3,0,3,0,0,0,6845,1402,1341,6796,0,19,3,16362
llama8b,draw4,model.layers.28.self_attn.o_proj,ce,23,0,23,0,0,0,6485,1678,1718,6503,4,23,20,16337
llama8b,draw4,model.layers.28.self_attn.o_proj,kl,20,0,20,0,0,0,6485,1678,1718,6503,4,23,20,16337
llama8b,seed0,model.layers.28.self_attn.q_proj,ce,5,0,5,0,0,0,6146,2034,2163,6041,3,5,43,16333
llama8b,seed0,model.layers.28.self_attn.q_proj,kl,43,1,42,0,0,0,6146,2034,2163,6041,3,5,43,16333
llama8b,draw1,model.layers.28.self_attn.q_proj,ce,14,0,14,0,0,0,6776,1557,1475,6576,12,14,58,16300
llama8b,draw1,model.layers.28.self_attn.q_proj,kl,58,1,57,0,0,0,6776,1557,1475,6576,12,14,58,16300
llama8b,draw2,model.layers.28.self_attn.q_proj,ce,20,0,20,0,0,0,6495,1770,1681,6438,3,20,22,16339
llama8b,draw2,model.layers.28.self_attn.q_proj,kl,22,0,22,0,0,0,6495,1770,1681,6438,3,20,22,16339
llama8b,draw3,model.layers.28.self_attn.q_proj,ce,7,0,7,0,0,0,7018,1203,1216,6947,2,7,13,16362
llama8b,draw3,model.layers.28.self_attn.q_proj,kl,13,0,13,0,0,0,7018,1203,1216,6947,2,7,13,16362
llama8b,draw4,model.layers.28.self_attn.q_proj,ce,18,0,18,0,0,0,6788,1487,1469,6640,3,18,10,16353
llama8b,draw4,model.layers.28.self_attn.q_proj,kl,10,0,10,0,0,0,6788,1487,1469,6640,3,18,10,16353
llama8b,seed0,model.layers.28.self_attn.v_proj,ce,10,0,10,0,0,0,1600,480,504,1512,1,10,18,4067
llama8b,seed0,model.layers.28.self_attn.v_proj,kl,18,0,18,0,0,0,1600,480,504,1512,1,10,18,4067
llama8b,draw1,model.layers.28.self_attn.v_proj,ce,5,0,5,0,0,0,1690,359,341,1706,6,5,8,4077
llama8b,draw1,model.layers.28.self_attn.v_proj,kl,8,0,8,0,0,0,1690,359,341,1706,6,5,8,4077
llama8b,draw2,model.layers.28.self_attn.v_proj,ce,7,0,7,0,0,0,1602,460,503,1531,9,7,10,4070
llama8b,draw2,model.layers.28.self_attn.v_proj,kl,10,0,10,0,0,0,1602,460,503,1531,9,7,10,4070
llama8b,draw3,model.layers.28.self_attn.v_proj,ce,4,0,4,0,0,0,1806,298,304,1688,1,4,5,4086
llama8b,draw3,model.layers.28.self_attn.v_proj,kl,5,0,5,0,0,0,1806,298,304,1688,1,4,5,4086
llama8b,draw4,model.layers.28.self_attn.v_proj,ce,6,0,6,0,0,0,1654,406,411,1625,4,6,10,4076
llama8b,draw4,model.layers.28.self_attn.v_proj,kl,10,0,10,0,0,0,1654,406,411,1625,4,6,10,4076
llama8b,seed0,model.layers.29.mlp.down_proj,ce,128,2,126,0,0,0,21309,7728,7859,20448,24,128,238,56954
llama8b,seed0,model.layers.29.mlp.down_proj,kl,238,8,230,0,0,0,21309,7728,7859,20448,24,128,238,56954
llama8b,draw1,model.layers.29.mlp.down_proj,ce,129,0,129,0,0,0,23154,5835,6036,22319,57,129,285,56873
llama8b,draw1,model.layers.29.mlp.down_proj,kl,285,0,285,0,0,0,23154,5835,6036,22319,57,129,285,56873
llama8b,draw2,model.layers.29.mlp.down_proj,ce,130,0,130,0,0,0,21783,7505,7369,20687,17,130,124,57073
llama8b,draw2,model.layers.29.mlp.down_proj,kl,124,1,123,0,0,0,21783,7505,7369,20687,17,130,124,57073
llama8b,draw3,model.layers.29.mlp.down_proj,ce,122,1,121,0,0,0,23763,5374,5223,22984,13,122,68,57141
llama8b,draw3,model.layers.29.mlp.down_proj,kl,68,1,67,0,0,0,23763,5374,5223,22984,13,122,68,57141
llama8b,draw4,model.layers.29.mlp.down_proj,ce,141,0,141,0,0,0,23017,5816,5935,22576,20,141,122,57061
llama8b,draw4,model.layers.29.mlp.down_proj,kl,122,2,120,0,0,0,23017,5816,5935,22576,20,141,122,57061
llama8b,seed0,model.layers.29.mlp.gate_proj,ce,78,1,77,0,0,0,20822,7844,8278,20400,6,78,67,57193
llama8b,seed0,model.layers.29.mlp.gate_proj,kl,67,2,65,0,0,0,20822,7844,8278,20400,6,78,67,57193
llama8b,draw1,model.layers.29.mlp.gate_proj,ce,63,0,63,0,0,0,22952,6174,6356,21862,17,63,40,57224
llama8b,draw1,model.layers.29.mlp.gate_proj,kl,40,0,40,0,0,0,22952,6174,6356,21862,17,63,40,57224
llama8b,draw2,model.layers.29.mlp.gate_proj,ce,84,1,83,0,0,0,22141,6926,6924,21353,9,84,42,57209
llama8b,draw2,model.layers.29.mlp.gate_proj,kl,42,1,41,0,0,0,22141,6926,6924,21353,9,84,42,57209
llama8b,draw3,model.layers.29.mlp.gate_proj,ce,47,1,46,0,0,0,23476,5418,5437,23013,4,47,24,57269
llama8b,draw3,model.layers.29.mlp.gate_proj,kl,24,1,23,0,0,0,23476,5418,5437,23013,4,47,24,57269
llama8b,draw4,model.layers.29.mlp.gate_proj,ce,48,0,48,0,0,0,23052,5868,5817,22607,7,48,21,57268
llama8b,draw4,model.layers.29.mlp.gate_proj,kl,21,0,21,0,0,0,23052,5868,5817,22607,7,48,21,57268
llama8b,seed0,model.layers.29.mlp.up_proj,ce,84,2,82,0,0,0,20829,8186,8270,20059,34,84,110,57116
llama8b,seed0,model.layers.29.mlp.up_proj,kl,110,2,108,0,0,0,20829,8186,8270,20059,34,84,110,57116
llama8b,draw1,model.layers.29.mlp.up_proj,ce,67,0,67,0,0,0,22588,6397,6342,22017,30,67,60,57187
llama8b,draw1,model.layers.29.mlp.up_proj,kl,60,0,60,0,0,0,22588,6397,6342,22017,30,67,60,57187
llama8b,draw2,model.layers.29.mlp.up_proj,ce,78,1,77,0,0,0,21494,7326,7465,21059,26,78,68,57172
llama8b,draw2,model.layers.29.mlp.up_proj,kl,68,1,67,0,0,0,21494,7326,7465,21059,26,78,68,57172
llama8b,draw3,model.layers.29.mlp.up_proj,ce,63,0,63,0,0,0,23215,5636,5650,22843,12,63,37,57232
llama8b,draw3,model.layers.29.mlp.up_proj,kl,37,1,36,0,0,0,23215,5636,5650,22843,12,63,37,57232
llama8b,draw4,model.layers.29.mlp.up_proj,ce,71,0,71,0,0,0,22844,6152,6034,22314,16,71,40,57217
llama8b,draw4,model.layers.29.mlp.up_proj,kl,40,0,40,0,0,0,22844,6152,6034,22314,16,71,40,57217
llama8b,seed0,model.layers.29.self_attn.k_proj,ce,8,0,8,0,0,0,1615,489,507,1485,3,8,14,4071
llama8b,seed0,model.layers.29.self_attn.k_proj,kl,14,0,14,0,0,0,1615,489,507,1485,3,8,14,4071
llama8b,draw1,model.layers.29.self_attn.k_proj,ce,7,0,7,0,0,0,1676,394,362,1664,1,7,7,4081
llama8b,draw1,model.layers.29.self_attn.k_proj,kl,7,0,7,0,0,0,1676,394,362,1664,1,7,7,4081
llama8b,draw2,model.layers.29.self_attn.k_proj,ce,3,0,3,0,0,0,1613,408,437,1638,3,3,9,4081
llama8b,draw2,model.layers.29.self_attn.k_proj,kl,9,0,9,0,0,0,1613,408,437,1638,3,3,9,4081
llama8b,draw3,model.layers.29.self_attn.k_proj,ce,5,0,5,0,0,0,1839,223,242,1792,1,5,2,4088
llama8b,draw3,model.layers.29.self_attn.k_proj,kl,2,0,2,0,0,0,1839,223,242,1792,1,5,2,4088
llama8b,draw4,model.layers.29.self_attn.k_proj,ce,9,0,9,0,0,0,1753,361,320,1662,2,9,10,4075
llama8b,draw4,model.layers.29.self_attn.k_proj,kl,10,0,10,0,0,0,1753,361,320,1662,2,9,10,4075
llama8b,seed0,model.layers.29.self_attn.o_proj,ce,41,0,41,0,0,0,6111,2141,2238,5894,10,41,84,16249
llama8b,seed0,model.layers.29.self_attn.o_proj,kl,84,5,79,0,0,0,6111,2141,2238,5894,10,41,84,16249
llama8b,draw1,model.layers.29.self_attn.o_proj,ce,35,0,35,0,0,0,6643,1647,1748,6346,11,35,81,16257
llama8b,draw1,model.layers.29.self_attn.o_proj,kl,81,1,80,0,0,0,6643,1647,1748,6346,11,35,81,16257
llama8b,draw2,model.layers.29.self_attn.o_proj,ce,30,1,29,0,0,0,6287,2009,2003,6085,5,30,35,16314
llama8b,draw2,model.layers.29.self_attn.o_proj,kl,35,2,33,0,0,0,6287,2009,2003,6085,5,30,35,16314
llama8b,draw3,model.layers.29.self_attn.o_proj,ce,26,0,26,0,0,0,6930,1380,1381,6693,0,26,24,16334
llama8b,draw3,model.layers.29.self_attn.o_proj,kl,24,1,23,0,0,0,6930,1380,1381,6693,0,26,24,16334
llama8b,draw4,model.layers.29.self_attn.o_proj,ce,24,0,24,0,0,0,6577,1682,1725,6400,11,24,46,16303
llama8b,draw4,model.layers.29.self_attn.o_proj,kl,46,1,45,0,0,0,6577,1682,1725,6400,11,24,46,16303
llama8b,seed0,model.layers.29.self_attn.q_proj,ce,19,0,19,0,0,0,6329,1900,1948,6207,12,19,70,16283
llama8b,seed0,model.layers.29.self_attn.q_proj,kl,70,2,68,0,0,0,6329,1900,1948,6207,12,19,70,16283
llama8b,draw1,model.layers.29.self_attn.q_proj,ce,22,0,22,0,0,0,6900,1361,1421,6702,26,22,78,16258
llama8b,draw1,model.layers.29.self_attn.q_proj,kl,78,0,78,0,0,0,6900,1361,1421,6702,26,22,78,16258
llama8b,draw2,model.layers.29.self_attn.q_proj,ce,29,0,29,0,0,0,6558,1586,1546,6694,33,29,47,16275
llama8b,draw2,model.layers.29.self_attn.q_proj,kl,47,0,47,0,0,0,6558,1586,1546,6694,33,29,47,16275
llama8b,draw3,model.layers.29.self_attn.q_proj,ce,21,1,20,0,0,0,7389,956,932,7107,11,21,13,16339
llama8b,draw3,model.layers.29.self_attn.q_proj,kl,13,0,13,0,0,0,7389,956,932,7107,11,21,13,16339
llama8b,draw4,model.layers.29.self_attn.q_proj,ce,17,0,17,0,0,0,6973,1302,1343,6766,19,17,37,16311
llama8b,draw4,model.layers.29.self_attn.q_proj,kl,37,0,37,0,0,0,6973,1302,1343,6766,19,17,37,16311
llama8b,seed0,model.layers.29.self_attn.v_proj,ce,6,0,6,0,0,0,1513,533,572,1478,2,6,24,4064
llama8b,seed0,model.layers.29.self_attn.v_proj,kl,24,0,24,0,0,0,1513,533,572,1478,2,6,24,4064
llama8b,draw1,model.layers.29.self_attn.v_proj,ce,9,0,9,0,0,0,1628,446,418,1604,7,9,22,4058
llama8b,draw1,model.layers.29.self_attn.v_proj,kl,22,0,22,0,0,0,1628,446,418,1604,7,9,22,4058
llama8b,draw2,model.layers.29.self_attn.v_proj,ce,12,0,12,0,0,0,1628,484,536,1448,4,12,17,4063
llama8b,draw2,model.layers.29.self_attn.v_proj,kl,17,0,17,0,0,0,1628,484,536,1448,4,12,17,4063
llama8b,draw3,model.layers.29.self_attn.v_proj,ce,11,0,11,0,0,0,1795,304,294,1703,1,11,8,4076
llama8b,draw3,model.layers.29.self_attn.v_proj,kl,8,0,8,0,0,0,1795,304,294,1703,1,11,8,4076
llama8b,draw4,model.layers.29.self_attn.v_proj,ce,6,0,6,0,0,0,1693,390,386,1627,3,6,10,4077
llama8b,draw4,model.layers.29.self_attn.v_proj,kl,10,0,10,0,0,0,1693,390,386,1627,3,6,10,4077
llama8b,seed0,model.layers.3.mlp.down_proj,ce,82,1,81,0,0,0,21065,7836,7869,20574,16,82,62,57184
llama8b,seed0,model.layers.3.mlp.down_proj,kl,62,0,62,0,0,0,21065,7836,7869,20574,16,82,62,57184
llama8b,draw1,model.layers.3.mlp.down_proj,ce,61,0,61,0,0,0,22933,5784,5975,22652,11,61,46,57226
llama8b,draw1,model.layers.3.mlp.down_proj,kl,46,0,46,0,0,0,22933,5784,5975,22652,11,61,46,57226
llama8b,draw2,model.layers.3.mlp.down_proj,ce,83,1,82,0,0,0,22050,6800,7000,21494,5,83,47,57209
llama8b,draw2,model.layers.3.mlp.down_proj,kl,47,0,47,0,0,0,22050,6800,7000,21494,5,83,47,57209
llama8b,draw3,model.layers.3.mlp.down_proj,ce,57,0,57,0,0,0,22926,6002,6055,22361,6,57,39,57242
llama8b,draw3,model.layers.3.mlp.down_proj,kl,39,0,39,0,0,0,22926,6002,6055,22361,6,57,39,57242
llama8b,draw4,model.layers.3.mlp.down_proj,ce,74,0,74,0,0,0,22924,6196,6140,22084,6,74,37,57227
llama8b,draw4,model.layers.3.mlp.down_proj,kl,37,1,36,0,0,0,22924,6196,6140,22084,6,74,37,57227
llama8b,seed0,model.layers.3.mlp.gate_proj,ce,68,1,67,0,0,0,21096,7780,7980,20488,6,68,81,57189
llama8b,seed0,model.layers.3.mlp.gate_proj,kl,81,1,80,0,0,0,21096,7780,7980,20488,6,68,81,57189
llama8b,draw1,model.layers.3.mlp.gate_proj,ce,68,0,68,0,0,0,22998,5923,5949,22474,12,68,39,57225
llama8b,draw1,model.layers.3.mlp.gate_proj,kl,39,0,39,0,0,0,22998,5923,5949,22474,12,68,39,57225
llama8b,draw2,model.layers.3.mlp.gate_proj,ce,66,2,64,0,0,0,22122,6768,6846,21608,7,66,40,57231
llama8b,draw2,model.layers.3.mlp.gate_proj,kl,40,0,40,0,0,0,22122,6768,6846,21608,7,66,40,57231
llama8b,draw3,model.layers.3.mlp.gate_proj,ce,57,0,57,0,0,0,22730,6118,6139,22357,9,57,29,57249
llama8b,draw3,model.layers.3.mlp.gate_proj,kl,29,0,29,0,0,0,22730,6118,6139,22357,9,57,29,57249
llama8b,draw4,model.layers.3.mlp.gate_proj,ce,63,0,63,0,0,0,22532,6198,6418,22196,6,63,36,57239
llama8b,draw4,model.layers.3.mlp.gate_proj,kl,36,0,36,0,0,0,22532,6198,6418,22196,6,63,36,57239
llama8b,seed0,model.layers.3.mlp.up_proj,ce,74,1,73,0,0,0,20978,7871,8070,20425,7,74,51,57212
llama8b,seed0,model.layers.3.mlp.up_proj,kl,51,1,50,0,0,0,20978,7871,8070,20425,7,74,51,57212
llama8b,draw1,model.layers.3.mlp.up_proj,ce,56,1,55,0,0,0,22934,5912,6076,22422,7,56,48,57233
llama8b,draw1,model.layers.3.mlp.up_proj,kl,48,0,48,0,0,0,22934,5912,6076,22422,7,56,48,57233
llama8b,draw2,model.layers.3.mlp.up_proj,ce,86,0,86,0,0,0,22121,7006,7005,21212,11,86,38,57209
llama8b,draw2,model.layers.3.mlp.up_proj,kl,38,1,37,0,0,0,22121,7006,7005,21212,11,86,38,57209
llama8b,draw3,model.layers.3.mlp.up_proj,ce,60,1,59,0,0,0,22709,6139,6211,22285,9,60,36,57239
llama8b,draw3,model.layers.3.mlp.up_proj,kl,36,1,35,0,0,0,22709,6139,6211,22285,9,60,36,57239
llama8b,draw4,model.layers.3.mlp.up_proj,ce,65,0,65,0,0,0,22772,6173,6453,21946,8,65,41,57230
llama8b,draw4,model.layers.3.mlp.up_proj,kl,41,0,41,0,0,0,22772,6173,6453,21946,8,65,41,57230
llama8b,seed0,model.layers.3.self_attn.k_proj,ce,12,1,11,0,0,0,1480,591,599,1426,0,12,7,4077
llama8b,seed0,model.layers.3.self_attn.k_proj,kl,7,0,7,0,0,0,1480,591,599,1426,0,12,7,4077
llama8b,draw1,model.layers.3.self_attn.k_proj,ce,2,0,2,0,0,0,1597,489,455,1555,3,2,10,4081
llama8b,draw1,model.layers.3.self_attn.k_proj,kl,10,0,10,0,0,0,1597,489,455,1555,3,2,10,4081
llama8b,draw2,model.layers.3.self_attn.k_proj,ce,9,0,9,0,0,0,1558,481,504,1553,1,9,9,4077
llama8b,draw2,model.layers.3.self_attn.k_proj,kl,9,0,9,0,0,0,1558,481,504,1553,1,9,9,4077
llama8b,draw3,model.layers.3.self_attn.k_proj,ce,7,0,7,0,0,0,1629,430,449,1588,1,7,2,4086
llama8b,draw3,model.layers.3.self_attn.k_proj,kl,2,0,2,0,0,0,1629,430,449,1588,1,7,2,4086
llama8b,draw4,model.layers.3.self_attn.k_proj,ce,11,0,11,0,0,0,1536,511,495,1554,0,11,2,4083
llama8b,draw4,model.layers.3.self_attn.k_proj,kl,2,0,2,0,0,0,1536,511,495,1554,0,11,2,4083
llama8b,seed0,model.layers.3.self_attn.o_proj,ce,20,1,19,0,0,0,5827,2404,2415,5738,2,20,28,16334
llama8b,seed0,model.layers.3.self_attn.o_proj,kl,28,0,28,0,0,0,5827,2404,2415,5738,2,20,28,16334
llama8b,draw1,model.layers.3.self_attn.o_proj,ce,19,0,19,0,0,0,6666,1656,1744,6318,3,19,18,16344
llama8b,draw1,model.layers.3.self_attn.o_proj,kl,18,0,18,0,0,0,6666,1656,1744,6318,3,19,18,16344
llama8b,draw2,model.layers.3.self_attn.o_proj,ce,28,1,27,0,0,0,6298,2068,2064,5954,3,28,18,16335
llama8b,draw2,model.layers.3.self_attn.o_proj,kl,18,0,18,0,0,0,6298,2068,2064,5954,3,28,18,16335
llama8b,draw3,model.layers.3.self_attn.o_proj,ce,29,0,29,0,0,0,6546,1791,1860,6187,3,29,16,16336
llama8b,draw3,model.layers.3.self_attn.o_proj,kl,16,0,16,0,0,0,6546,1791,1860,6187,3,29,16,16336
llama8b,draw4,model.layers.3.self_attn.o_proj,ce,21,0,21,0,0,0,6394,1776,1885,6329,1,21,26,16336
llama8b,draw4,model.layers.3.self_attn.o_proj,kl,26,0,26,0,0,0,6394,1776,1885,6329,1,21,26,16336
llama8b,seed0,model.layers.3.self_attn.q_proj,ce,25,0,25,0,0,0,5882,2344,2358,5800,3,25,28,16328
llama8b,seed0,model.layers.3.self_attn.q_proj,kl,28,1,27,0,0,0,5882,2344,2358,5800,3,25,28,16328
llama8b,draw1,model.layers.3.self_attn.q_proj,ce,30,0,30,0,0,0,6476,1814,1785,6309,7,30,34,16313
llama8b,draw1,model.layers.3.self_attn.q_proj,kl,34,1,33,0,0,0,6476,1814,1785,6309,7,30,34,16313
llama8b,draw2,model.layers.3.self_attn.q_proj,ce,18,0,18,0,0,0,6052,2122,2241,5969,0,18,34,16332
llama8b,draw2,model.layers.3.self_attn.q_proj,kl,34,0,34,0,0,0,6052,2122,2241,5969,0,18,34,16332
llama8b,draw3,model.layers.3.self_attn.q_proj,ce,29,0,29,0,0,0,6468,1789,1829,6298,7,29,32,16316
llama8b,draw3,model.layers.3.self_attn.q_proj,kl,32,0,32,0,0,0,6468,1789,1829,6298,7,29,32,16316
llama8b,draw4,model.layers.3.self_attn.q_proj,ce,22,1,21,0,0,0,6251,1994,2086,6053,1,22,32,16329
llama8b,draw4,model.layers.3.self_attn.q_proj,kl,32,1,31,0,0,0,6251,1994,2086,6053,1,22,32,16329
llama8b,seed0,model.layers.3.self_attn.v_proj,ce,8,0,8,0,0,0,1539,569,629,1359,2,8,15,4071
llama8b,seed0,model.layers.3.self_attn.v_proj,kl,15,0,15,0,0,0,1539,569,629,1359,2,8,15,4071
llama8b,draw1,model.layers.3.self_attn.v_proj,ce,8,0,8,0,0,0,1588,459,469,1580,0,8,11,4077
llama8b,draw1,model.layers.3.self_attn.v_proj,kl,11,0,11,0,0,0,1588,459,469,1580,0,8,11,4077
llama8b,draw2,model.layers.3.self_attn.v_proj,ce,13,0,13,0,0,0,1607,494,501,1494,4,13,11,4068
llama8b,draw2,model.layers.3.self_attn.v_proj,kl,11,0,11,0,0,0,1607,494,501,1494,4,13,11,4068
llama8b,draw3,model.layers.3.self_attn.v_proj,ce,9,0,9,0,0,0,1638,448,447,1563,1,9,8,4078
llama8b,draw3,model.layers.3.self_attn.v_proj,kl,8,0,8,0,0,0,1638,448,447,1563,1,9,8,4078
llama8b,draw4,model.layers.3.self_attn.v_proj,ce,6,0,6,0,0,0,1617,447,451,1581,1,6,11,4078
llama8b,draw4,model.layers.3.self_attn.v_proj,kl,11,0,11,0,0,0,1617,447,451,1581,1,6,11,4078
llama8b,seed0,model.layers.30.mlp.down_proj,ce,118,4,114,0,0,0,20112,8915,8997,19320,28,118,399,56799
llama8b,seed0,model.layers.30.mlp.down_proj,kl,399,34,365,0,0,0,20112,8915,8997,19320,28,118,399,56799
llama8b,draw1,model.layers.30.mlp.down_proj,ce,129,1,128,0,0,0,21763,7178,7356,21047,38,129,294,56883
llama8b,draw1,model.layers.30.mlp.down_proj,kl,294,8,286,0,0,0,21763,7178,7356,21047,38,129,294,56883
llama8b,draw2,model.layers.30.mlp.down_proj,ce,117,2,115,0,0,0,20687,8344,8544,19769,22,117,241,56964
llama8b,draw2,model.layers.30.mlp.down_proj,kl,241,18,223,0,0,0,20687,8344,8544,19769,22,117,241,56964
llama8b,draw3,model.layers.30.mlp.down_proj,ce,111,1,110,0,0,0,22495,6649,6755,21445,17,111,148,57068
llama8b,draw3,model.layers.30.mlp.down_proj,kl,148,4,144,0,0,0,22495,6649,6755,21445,17,111,148,57068
llama8b,draw4,model.layers.30.mlp.down_proj,ce,147,0,147,0,0,0,21886,6997,7109,21352,18,147,200,56979
llama8b,draw4,model.layers.30.mlp.down_proj,kl,200,3,197,0,0,0,21886,6997,7109,21352,18,147,200,56979
llama8b,seed0,model.layers.30.mlp.gate_proj,ce,96,3,93,0,0,0,20151,8692,9007,19494,17,96,121,57110
llama8b,seed0,model.layers.30.mlp.gate_proj,kl,121,12,109,0,0,0,20151,8692,9007,19494,17,96,121,57110
llama8b,draw1,model.layers.30.mlp.gate_proj,ce,68,1,67,0,0,0,22031,7020,7051,21242,18,68,83,57175
llama8b,draw1,model.layers.30.mlp.gate_proj,kl,83,5,78,0,0,0,22031,7020,7051,21242,18,68,83,57175
llama8b,draw2,model.layers.30.mlp.gate_proj,ce,76,3,73,0,0,0,21191,7920,8051,20182,17,76,86,57165
llama8b,draw2,model.layers.30.mlp.gate_proj,kl,86,3,83,0,0,0,21191,7920,8051,20182,17,76,86,57165
llama8b,draw3,model.layers.30.mlp.gate_proj,ce,61,3,58,0,0,0,22427,6647,6898,21372,12,61,41,57230
llama8b,draw3,model.layers.30.mlp.gate_proj,kl,41,1,40,0,0,0,22427,6647,6898,21372,12,61,41,57230
llama8b,draw4,model.layers.30.mlp.gate_proj,ce,49,0,49,0,0,0,22268,6642,6830,21604,14,49,48,57233
llama8b,draw4,model.layers.30.mlp.gate_proj,kl,48,2,46,0,0,0,22268,6642,6830,21604,14,49,48,57233
llama8b,seed0,model.layers.30.mlp.up_proj,ce,93,7,86,0,0,0,19887,9046,9398,19013,34,93,182,57035
llama8b,seed0,model.layers.30.mlp.up_proj,kl,182,13,169,0,0,0,19887,9046,9398,19013,34,93,182,57035
llama8b,draw1,model.layers.30.mlp.up_proj,ce,85,1,84,0,0,0,21194,7450,7826,20874,28,85,110,57121
llama8b,draw1,model.layers.30.mlp.up_proj,kl,110,3,107,0,0,0,21194,7450,7826,20874,28,85,110,57121
llama8b,draw2,model.layers.30.mlp.up_proj,ce,98,2,96,0,0,0,20577,8440,8740,19587,29,98,127,57090
llama8b,draw2,model.layers.30.mlp.up_proj,kl,127,5,122,0,0,0,20577,8440,8740,19587,29,98,127,57090
llama8b,draw3,model.layers.30.mlp.up_proj,ce,66,1,65,0,0,0,21519,7329,7664,20832,22,66,89,57167
llama8b,draw3,model.layers.30.mlp.up_proj,kl,89,6,83,0,0,0,21519,7329,7664,20832,22,66,89,57167
llama8b,draw4,model.layers.30.mlp.up_proj,ce,56,2,54,0,0,0,21849,7335,7485,20675,22,56,96,57170
llama8b,draw4,model.layers.30.mlp.up_proj,kl,96,3,93,0,0,0,21849,7335,7485,20675,22,56,96,57170
llama8b,seed0,model.layers.30.self_attn.k_proj,ce,2,0,2,0,0,0,1485,603,572,1436,0,2,7,4087
llama8b,seed0,model.layers.30.self_attn.k_proj,kl,7,0,7,0,0,0,1485,603,572,1436,0,2,7,4087
llama8b,draw1,model.layers.30.self_attn.k_proj,ce,9,0,9,0,0,0,1570,478,472,1576,1,9,9,4077
llama8b,draw1,model.layers.30.self_attn.k_proj,kl,9,0,9,0,0,0,1570,478,472,1576,1,9,9,4077
llama8b,draw2,model.layers.30.self_attn.k_proj,ce,7,0,7,0,0,0,1511,520,552,1513,0,7,16,4073
llama8b,draw2,model.layers.30.self_attn.k_proj,kl,16,0,16,0,0,0,1511,520,552,1513,0,7,16,4073
llama8b,draw3,model.layers.30.self_attn.k_proj,ce,6,0,6,0,0,0,1612,433,420,1631,0,6,4,4086
llama8b,draw3,model.layers.30.self_attn.k_proj,kl,4,0,4,0,0,0,1612,433,420,1631,0,6,4,4086
llama8b,draw4,model.layers.30.self_attn.k_proj,ce,4,0,4,0,0,0,1634,437,437,1588,0,4,4,4088
llama8b,draw4,model.layers.30.self_attn.k_proj,kl,4,0,4,0,0,0,1634,437,437,1588,0,4,4,4088
llama8b,seed0,model.layers.30.self_attn.o_proj,ce,30,1,29,0,0,0,5754,2602,2717,5311,5,30,58,16291
llama8b,seed0,model.layers.30.self_attn.o_proj,kl,58,4,54,0,0,0,5754,2602,2717,5311,5,30,58,16291
llama8b,draw1,model.layers.30.self_attn.o_proj,ce,29,1,28,0,0,0,6095,2209,2310,5770,5,29,61,16289
llama8b,draw1,model.layers.30.self_attn.o_proj,kl,61,1,60,0,0,0,6095,2209,2310,5770,5,29,61,16289
llama8b,draw2,model.layers.30.self_attn.o_proj,ce,32,0,32,0,0,0,5788,2532,2567,5497,4,32,33,16315
llama8b,draw2,model.layers.30.self_attn.o_proj,kl,33,1,32,0,0,0,5788,2532,2567,5497,4,32,33,16315
llama8b,draw3,model.layers.30.self_attn.o_proj,ce,28,0,28,0,0,0,6144,2139,2240,5861,3,28,40,16313
llama8b,draw3,model.layers.30.self_attn.o_proj,kl,40,3,37,0,0,0,6144,2139,2240,5861,3,28,40,16313
llama8b,draw4,model.layers.30.self_attn.o_proj,ce,29,0,29,0,0,0,6041,2187,2338,5818,3,29,40,16312
llama8b,draw4,model.layers.30.self_attn.o_proj,kl,40,1,39,0,0,0,6041,2187,2338,5818,3,29,40,16312
llama8b,seed0,model.layers.30.self_attn.q_proj,ce,29,2,27,0,0,0,5679,2573,2599,5533,0,29,32,16323
llama8b,seed0,model.layers.30.self_attn.q_proj,kl,32,1,31,0,0,0,5679,2573,2599,5533,0,29,32,16323
llama8b,draw1,model.layers.30.self_attn.q_proj,ce,19,0,19,0,0,0,6160,1971,2001,6252,4,19,17,16344
llama8b,draw1,model.layers.30.self_attn.q_proj,kl,17,0,17,0,0,0,6160,1971,2001,6252,4,19,17,16344
llama8b,draw2,model.layers.30.self_attn.q_proj,ce,23,1,22,0,0,0,5976,2310,2329,5769,4,23,23,16334
llama8b,draw2,model.layers.30.self_attn.q_proj,kl,23,3,20,0,0,0,5976,2310,2329,5769,4,23,23,16334
llama8b,draw3,model.layers.30.self_attn.q_proj,ce,23,0,23,0,0,0,6292,1958,1958,6176,0,23,9,16352
llama8b,draw3,model.layers.30.self_attn.q_proj,kl,9,0,9,0,0,0,6292,1958,1958,6176,0,23,9,16352
llama8b,draw4,model.layers.30.self_attn.q_proj,ce,30,0,30,0,0,0,6151,2046,2021,6166,1,30,15,16338
llama8b,draw4,model.layers.30.self_attn.q_proj,kl,15,2,13,0,0,0,6151,2046,2021,6166,1,30,15,16338
llama8b,seed0,model.layers.30.self_attn.v_proj,ce,14,1,13,0,0,0,1479,631,637,1349,4,14,28,4050
llama8b,seed0,model.layers.30.self_attn.v_proj,kl,28,3,25,0,0,0,1479,631,637,1349,4,14,28,4050
llama8b,draw1,model.layers.30.self_attn.v_proj,ce,13,1,12,0,0,0,1543,520,511,1522,6,13,30,4047
llama8b,draw1,model.layers.30.self_attn.v_proj,kl,30,0,30,0,0,0,1543,520,511,1522,6,13,30,4047
llama8b,draw2,model.layers.30.self_attn.v_proj,ce,13,0,13,0,0,0,1474,589,654,1379,2,13,22,4059
llama8b,draw2,model.layers.30.self_attn.v_proj,kl,22,2,20,0,0,0,1474,589,654,1379,2,13,22,4059
llama8b,draw3,model.layers.30.self_attn.v_proj,ce,11,0,11,0,0,0,1600,464,447,1585,3,11,11,4071
llama8b,draw3,model.layers.30.self_attn.v_proj,kl,11,0,11,0,0,0,1600,464,447,1585,3,11,11,4071
llama8b,draw4,model.layers.30.self_attn.v_proj,ce,12,0,12,0,0,0,1600,470,508,1518,5,12,23,4056
llama8b,draw4,model.layers.30.self_attn.v_proj,kl,23,0,23,0,0,0,1600,470,508,1518,5,12,23,4056
llama8b,seed0,model.layers.31.mlp.down_proj,ce,116,11,105,0,0,0,20264,9174,9899,18007,418,116,3987,52823
llama8b,seed0,model.layers.31.mlp.down_proj,kl,3987,571,3416,0,0,0,20264,9174,9899,18007,418,116,3987,52823
llama8b,draw1,model.layers.31.mlp.down_proj,ce,121,4,117,0,0,0,20344,8798,9525,18677,431,121,2817,53975
llama8b,draw1,model.layers.31.mlp.down_proj,kl,2817,286,2531,0,0,0,20344,8798,9525,18677,431,121,2817,53975
llama8b,draw2,model.layers.31.mlp.down_proj,ce,135,10,125,0,0,0,20052,9323,10186,17783,359,135,3372,53478
llama8b,draw2,model.layers.31.mlp.down_proj,kl,3372,515,2857,0,0,0,20052,9323,10186,17783,359,135,3372,53478
llama8b,draw3,model.layers.31.mlp.down_proj,ce,90,3,87,0,0,0,20338,9057,9790,18159,340,90,3257,53657
llama8b,draw3,model.layers.31.mlp.down_proj,kl,3257,441,2816,0,0,0,20338,9057,9790,18159,340,90,3257,53657
llama8b,draw4,model.layers.31.mlp.down_proj,ce,137,6,131,0,0,0,21008,8459,9101,18776,420,137,3354,53433
llama8b,draw4,model.layers.31.mlp.down_proj,kl,3354,289,3065,0,0,0,21008,8459,9101,18776,420,137,3354,53433
llama8b,seed0,model.layers.31.mlp.gate_proj,ce,96,6,90,0,0,0,19497,9578,10195,18074,30,96,281,56937
llama8b,seed0,model.layers.31.mlp.gate_proj,kl,281,28,253,0,0,0,19497,9578,10195,18074,30,96,281,56937
llama8b,draw1,model.layers.31.mlp.gate_proj,ce,90,3,87,0,0,0,20739,8504,8843,19258,30,90,208,57016
llama8b,draw1,model.layers.31.mlp.gate_proj,kl,208,14,194,0,0,0,20739,8504,8843,19258,30,90,208,57016
llama8b,draw2,model.layers.31.mlp.gate_proj,ce,104,12,92,0,0,0,19552,9428,9800,18564,26,104,230,56984
llama8b,draw2,model.layers.31.mlp.gate_proj,kl,230,17,213,0,0,0,19552,9428,9800,18564,26,104,230,56984
llama8b,draw3,model.layers.31.mlp.gate_proj,ce,66,5,61,0,0,0,20519,8508,9031,19286,32,66,210,57036
llama8b,draw3,model.layers.31.mlp.gate_proj,kl,210,37,173,0,0,0,20519,8508,9031,19286,32,66,210,57036
llama8b,draw4,model.layers.31.mlp.gate_proj,ce,81,10,71,0,0,0,20823,8311,8665,19545,28,81,198,57037
llama8b,draw4,model.layers.31.mlp.gate_proj,kl,198,16,182,0,0,0,20823,8311,8665,19545,28,81,198,57037
llama8b,seed0,model.layers.31.mlp.up_proj,ce,94,8,86,0,0,0,19230,10011,10895,17208,23,94,755,56472
llama8b,seed0,model.layers.31.mlp.up_proj,kl,755,129,626,0,0,0,19230,10011,10895,17208,23,94,755,56472
llama8b,draw1,model.layers.31.mlp.up_proj,ce,91,4,87,0,0,0,19698,9514,10277,17855,26,91,539,56688
llama8b,draw1,model.layers.31.mlp.up_proj,kl,539,82,457,0,0,0,19698,9514,10277,17855,26,91,539,56688
llama8b,draw2,model.layers.31.mlp.up_proj,ce,74,11,63,0,0,0,18926,10188,11163,17067,22,74,635,56613
llama8b,draw2,model.layers.31.mlp.up_proj,kl,635,107,528,0,0,0,18926,10188,11163,17067,22,74,635,56613
llama8b,draw3,model.layers.31.mlp.up_proj,ce,79,4,75,0,0,0,19330,9740,10624,17650,26,79,659,56580
llama8b,draw3,model.layers.31.mlp.up_proj,kl,659,84,575,0,0,0,19330,9740,10624,17650,26,79,659,56580
llama8b,draw4,model.layers.31.mlp.up_proj,ce,90,5,85,0,0,0,19836,9234,10148,18126,39,90,635,56580
llama8b,draw4,model.layers.31.mlp.up_proj,kl,635,65,570,0,0,0,19836,9234,10148,18126,39,90,635,56580
llama8b,seed0,model.layers.31.self_attn.k_proj,ce,9,0,9,0,0,0,1546,528,547,1475,3,9,117,3967
llama8b,seed0,model.layers.31.self_attn.k_proj,kl,117,11,106,0,0,0,1546,528,547,1475,3,9,117,3967
llama8b,draw1,model.layers.31.self_attn.k_proj,ce,8,0,8,0,0,0,1648,447,428,1573,15,8,129,3944
llama8b,draw1,model.layers.31.self_attn.k_proj,kl,129,2,127,0,0,0,1648,447,428,1573,15,8,129,3944
llama8b,draw2,model.layers.31.self_attn.k_proj,ce,11,0,11,0,0,0,1693,477,456,1470,9,11,111,3965
llama8b,draw2,model.layers.31.self_attn.k_proj,kl,111,6,105,0,0,0,1693,477,456,1470,9,11,111,3965
llama8b,draw3,model.layers.31.self_attn.k_proj,ce,6,0,6,0,0,0,1658,418,392,1628,32,6,47,4011
llama8b,draw3,model.layers.31.self_attn.k_proj,kl,47,1,46,0,0,0,1658,418,392,1628,32,6,47,4011
llama8b,draw4,model.layers.31.self_attn.k_proj,ce,14,0,14,0,0,0,1654,440,397,1605,9,14,95,3978
llama8b,draw4,model.layers.31.self_attn.k_proj,kl,95,0,95,0,0,0,1654,440,397,1605,9,14,95,3978
llama8b,seed0,model.layers.31.self_attn.o_proj,ce,33,0,33,0,0,0,5665,2702,2711,5306,10,33,235,16106
llama8b,seed0,model.layers.31.self_attn.o_proj,kl,235,29,206,0,0,0,5665,2702,2711,5306,10,33,235,16106
llama8b,draw1,model.layers.31.self_attn.o_proj,ce,25,0,25,0,0,0,5964,2380,2294,5746,12,25,162,16185
llama8b,draw1,model.layers.31.self_attn.o_proj,kl,162,12,150,0,0,0,5964,2380,2294,5746,12,25,162,16185
llama8b,draw2,model.layers.31.self_attn.o_proj,ce,33,1,32,0,0,0,5818,2489,2621,5456,5,33,179,16167
llama8b,draw2,model.layers.31.self_attn.o_proj,kl,179,20,159,0,0,0,5818,2489,2621,5456,5,33,179,16167
llama8b,draw3,model.layers.31.self_attn.o_proj,ce,30,2,28,0,0,0,5970,2222,2321,5871,10,30,112,16232
llama8b,draw3,model.layers.31.self_attn.o_proj,kl,112,7,105,0,0,0,5970,2222,2321,5871,10,30,112,16232
llama8b,draw4,model.layers.31.self_attn.o_proj,ce,24,1,23,0,0,0,5995,2248,2338,5803,18,24,135,16207
llama8b,draw4,model.layers.31.self_attn.o_proj,kl,135,9,126,0,0,0,5995,2248,2338,5803,18,24,135,16207
llama8b,seed0,model.layers.31.self_attn.q_proj,ce,31,1,30,0,0,0,6029,2290,2248,5817,13,31,203,16137
llama8b,seed0,model.layers.31.self_attn.q_proj,kl,203,5,198,0,0,0,6029,2290,2248,5817,13,31,203,16137
llama8b,draw1,model.layers.31.self_attn.q_proj,ce,22,2,20,0,0,0,6161,1996,1985,6242,19,22,216,16127
llama8b,draw1,model.layers.31.self_attn.q_proj,kl,216,12,204,0,0,0,6161,1996,1985,6242,19,22,216,16127
llama8b,draw2,model.layers.31.self_attn.q_proj,ce,35,2,33,0,0,0,6161,2081,2179,5963,19,35,167,16163
llama8b,draw2,model.layers.31.self_attn.q_proj,kl,167,6,161,0,0,0,6161,2081,2179,5963,19,35,167,16163
llama8b,draw3,model.layers.31.self_attn.q_proj,ce,37,0,37,0,0,0,6416,1743,1779,6446,33,37,94,16220
llama8b,draw3,model.layers.31.self_attn.q_proj,kl,94,0,94,0,0,0,6416,1743,1779,6446,33,37,94,16220
llama8b,draw4,model.layers.31.self_attn.q_proj,ce,42,0,42,0,0,0,6468,1792,1777,6347,50,42,113,16179
llama8b,draw4,model.layers.31.self_attn.q_proj,kl,113,0,113,0,0,0,6468,1792,1777,6347,50,42,113,16179
llama8b,seed0,model.layers.31.self_attn.v_proj,ce,10,0,10,0,0,0,1459,659,631,1347,2,10,54,4030
llama8b,seed0,model.layers.31.self_attn.v_proj,kl,54,6,48,0,0,0,1459,659,631,1347,2,10,54,4030
llama8b,draw1,model.layers.31.self_attn.v_proj,ce,10,0,10,0,0,0,1491,577,547,1481,6,10,61,4019
llama8b,draw1,model.layers.31.self_attn.v_proj,kl,61,2,59,0,0,0,1491,577,547,1481,6,10,61,4019
llama8b,draw2,model.layers.31.self_attn.v_proj,ce,7,0,7,0,0,0,1433,685,658,1320,3,7,58,4028
llama8b,draw2,model.layers.31.self_attn.v_proj,kl,58,4,54,0,0,0,1433,685,658,1320,3,7,58,4028
llama8b,draw3,model.layers.31.self_attn.v_proj,ce,7,0,7,0,0,0,1560,504,529,1503,2,7,28,4059
llama8b,draw3,model.layers.31.self_attn.v_proj,kl,28,0,28,0,0,0,1560,504,529,1503,2,7,28,4059
llama8b,draw4,model.layers.31.self_attn.v_proj,ce,13,0,13,0,0,0,1542,528,528,1498,4,13,37,4042
llama8b,draw4,model.layers.31.self_attn.v_proj,kl,37,1,36,0,0,1,1542,528,528,1498,4,13,37,4042
llama8b,seed0,model.layers.4.mlp.down_proj,ce,84,0,84,0,0,0,21386,7823,7803,20332,10,84,78,57172
llama8b,seed0,model.layers.4.mlp.down_proj,kl,78,3,75,0,0,0,21386,7823,7803,20332,10,84,78,57172
llama8b,draw1,model.layers.4.mlp.down_proj,ce,59,0,59,0,0,0,23084,5834,5829,22597,16,59,44,57225
llama8b,draw1,model.layers.4.mlp.down_proj,kl,44,0,44,0,0,0,23084,5834,5829,22597,16,59,44,57225
llama8b,draw2,model.layers.4.mlp.down_proj,ce,70,0,70,0,0,0,22079,6863,6927,21475,5,70,40,57229
llama8b,draw2,model.layers.4.mlp.down_proj,kl,40,0,40,0,0,0,22079,6863,6927,21475,5,70,40,57229
llama8b,draw3,model.layers.4.mlp.down_proj,ce,72,0,72,0,0,0,22863,6171,6183,22127,7,72,32,57233
llama8b,draw3,model.layers.4.mlp.down_proj,kl,32,0,32,0,0,0,22863,6171,6183,22127,7,72,32,57233
llama8b,draw4,model.layers.4.mlp.down_proj,ce,75,0,75,0,0,0,22708,6248,6462,21926,12,75,46,57211
llama8b,draw4,model.layers.4.mlp.down_proj,kl,46,0,46,0,0,0,22708,6248,6462,21926,12,75,46,57211
llama8b,seed0,model.layers.4.mlp.gate_proj,ce,80,0,80,0,0,0,21272,7564,7949,20559,3,80,51,57210
llama8b,seed0,model.layers.4.mlp.gate_proj,kl,51,1,50,0,0,0,21272,7564,7949,20559,3,80,51,57210
llama8b,draw1,model.layers.4.mlp.gate_proj,ce,58,0,58,0,0,0,23018,5790,5839,22697,4,58,27,57255
llama8b,draw1,model.layers.4.mlp.gate_proj,kl,27,0,27,0,0,0,23018,5790,5839,22697,4,58,27,57255
llama8b,draw2,model.layers.4.mlp.gate_proj,ce,72,0,72,0,0,0,22247,6634,6811,21652,6,72,43,57223
llama8b,draw2,model.layers.4.mlp.gate_proj,kl,43,0,43,0,0,0,22247,6634,6811,21652,6,72,43,57223
llama8b,draw3,model.layers.4.mlp.gate_proj,ce,52,0,52,0,0,0,22869,6119,5985,22371,7,52,27,57258
llama8b,draw3,model.layers.4.mlp.gate_proj,kl,27,0,27,0,0,0,22869,6119,5985,22371,7,52,27,57258
llama8b,draw4,model.layers.4.mlp.gate_proj,ce,58,0,58,0,0,0,22657,6274,6290,22123,7,58,39,57240
llama8b,draw4,model.layers.4.mlp.gate_proj,kl,39,0,39,0,0,0,22657,6274,6290,22123,7,58,39,57240
llama8b,seed0,model.layers.4.mlp.up_proj,ce,103,1,102,0,0,0,21075,7873,8035,20361,10,103,55,57176
llama8b,seed0,model.layers.4.mlp.up_proj,kl,55,2,53,0,0,0,21075,7873,8035,20361,10,103,55,57176
llama8b,draw1,model.layers.4.mlp.up_proj,ce,67,0,67,0,0,0,23161,5830,5977,22376,12,67,54,57211
llama8b,draw1,model.layers.4.mlp.up_proj,kl,54,0,54,0,0,0,23161,5830,5977,22376,12,67,54,57211
llama8b,draw2,model.layers.4.mlp.up_proj,ce,59,0,59,0,0,0,22042,6991,6916,21395,6,59,47,57232
llama8b,draw2,model.layers.4.mlp.up_proj,kl,47,0,47,0,0,0,22042,6991,6916,21395,6,59,47,57232
llama8b,draw3,model.layers.4.mlp.up_proj,ce,49,0,49,0,0,0,22813,6194,6242,22095,10,49,33,57252
llama8b,draw3,model.layers.4.mlp.up_proj,kl,33,0,33,0,0,0,22813,6194,6242,22095,10,49,33,57252
llama8b,draw4,model.layers.4.mlp.up_proj,ce,56,0,56,0,0,0,22498,6450,6395,22001,15,56,41,57232
llama8b,draw4,model.layers.4.mlp.up_proj,kl,41,0,41,0,0,0,22498,6450,6395,22001,15,56,41,57232
llama8b,seed0,model.layers.4.self_attn.k_proj,ce,7,0,7,0,0,0,1439,602,654,1401,0,7,15,4074
llama8b,seed0,model.layers.4.self_attn.k_proj,kl,15,3,12,0,0,0,1439,602,654,1401,0,7,15,4074
llama8b,draw1,model.layers.4.self_attn.k_proj,ce,9,0,9,0,0,0,1667,419,415,1595,4,9,18,4065
llama8b,draw1,model.layers.4.self_attn.k_proj,kl,18,0,18,0,0,0,1667,419,415,1595,4,9,18,4065
llama8b,draw2,model.layers.4.self_attn.k_proj,ce,7,0,7,0,0,0,1556,501,521,1518,7,7,8,4074
llama8b,draw2,model.layers.4.self_attn.k_proj,kl,8,0,8,0,0,0,1556,501,521,1518,7,7,8,4074
llama8b,draw3,model.layers.4.self_attn.k_proj,ce,9,0,9,0,0,0,1636,461,434,1565,4,9,10,4073
llama8b,draw3,model.layers.4.self_attn.k_proj,kl,10,0,10,0,0,0,1636,461,434,1565,4,9,10,4073
llama8b,draw4,model.layers.4.self_attn.k_proj,ce,3,0,3,0,0,0,1528,499,537,1532,3,3,12,4078
llama8b,draw4,model.layers.4.self_attn.k_proj,kl,12,0,12,0,0,0,1528,499,537,1532,3,3,12,4078
llama8b,seed0,model.layers.4.self_attn.o_proj,ce,35,0,35,0,0,0,5994,2375,2379,5636,10,35,54,16285
llama8b,seed0,model.layers.4.self_attn.o_proj,kl,54,1,53,0,0,0,5994,2375,2379,5636,10,35,54,16285
llama8b,draw1,model.layers.4.self_attn.o_proj,ce,23,0,23,0,0,0,6627,1698,1736,6323,4,23,22,16335
llama8b,draw1,model.layers.4.self_attn.o_proj,kl,22,0,22,0,0,0,6627,1698,1736,6323,4,23,22,16335
llama8b,draw2,model.layers.4.self_attn.o_proj,ce,27,0,27,0,0,0,6311,1983,2049,6041,0,27,23,16334
llama8b,draw2,model.layers.4.self_attn.o_proj,kl,23,0,23,0,0,0,6311,1983,2049,6041,0,27,23,16334
llama8b,draw3,model.layers.4.self_attn.o_proj,ce,30,0,30,0,0,0,6440,1837,1771,6336,6,30,21,16327
llama8b,draw3,model.layers.4.self_attn.o_proj,kl,21,0,21,0,0,0,6440,1837,1771,6336,6,30,21,16327
llama8b,draw4,model.layers.4.self_attn.o_proj,ce,33,0,33,0,0,0,6315,1900,1954,6215,4,33,19,16328
llama8b,draw4,model.layers.4.self_attn.o_proj,kl,19,0,19,0,0,0,6315,1900,1954,6215,4,33,19,16328
llama8b,seed0,model.layers.4.self_attn.q_proj,ce,18,1,17,0,0,0,5905,2275,2424,5780,3,18,82,16281
llama8b,seed0,model.layers.4.self_attn.q_proj,kl,82,1,81,0,0,0,5905,2275,2424,5780,3,18,82,16281
llama8b,draw1,model.layers.4.self_attn.q_proj,ce,23,0,23,0,0,0,6369,1849,1880,6286,40,23,55,16266
llama8b,draw1,model.layers.4.self_attn.q_proj,kl,55,1,54,0,0,0,6369,1849,1880,6286,40,23,55,16266
llama8b,draw2,model.layers.4.self_attn.q_proj,ce,26,0,26,0,0,0,6108,2155,2173,5948,25,26,54,16279
llama8b,draw2,model.layers.4.self_attn.q_proj,kl,54,0,54,0,0,0,6108,2155,2173,5948,25,26,54,16279
llama8b,draw3,model.layers.4.self_attn.q_proj,ce,38,0,38,0,0,0,6412,1865,1926,6181,40,38,60,16246
llama8b,draw3,model.layers.4.self_attn.q_proj,kl,60,1,59,0,0,0,6412,1865,1926,6181,40,38,60,16246
llama8b,draw4,model.layers.4.self_attn.q_proj,ce,20,0,20,0,0,0,6201,2018,2018,6147,7,20,67,16290
llama8b,draw4,model.layers.4.self_attn.q_proj,kl,67,0,67,0,0,0,6201,2018,2018,6147,7,20,67,16290
llama8b,seed0,model.layers.4.self_attn.v_proj,ce,11,0,11,0,0,0,1432,590,621,1453,3,11,23,4059
llama8b,seed0,model.layers.4.self_attn.v_proj,kl,23,1,22,0,0,0,1432,590,621,1453,3,11,23,4059
llama8b,draw1,model.layers.4.self_attn.v_proj,ce,11,0,11,0,0,0,1642,437,431,1586,1,11,15,4069
llama8b,draw1,model.layers.4.self_attn.v_proj,kl,15,0,15,0,0,0,1642,437,431,1586,1,11,15,4069
llama8b,draw2,model.layers.4.self_attn.v_proj,ce,11,0,11,0,0,0,1609,446,505,1536,3,11,16,4066
llama8b,draw2,model.layers.4.self_attn.v_proj,kl,16,0,16,0,0,0,1609,446,505,1536,3,11,16,4066
llama8b,draw3,model.layers.4.self_attn.v_proj,ce,9,1,8,0,0,0,1628,430,437,1601,3,9,8,4076
llama8b,draw3,model.layers.4.self_attn.v_proj,kl,8,0,8,0,0,0,1628,430,437,1601,3,9,8,4076
llama8b,draw4,model.layers.4.self_attn.v_proj,ce,7,0,7,0,0,0,1589,451,492,1564,3,7,15,4071
llama8b,draw4,model.layers.4.self_attn.v_proj,kl,15,1,14,0,0,0,1589,451,492,1564,3,7,15,4071
llama8b,seed0,model.layers.5.mlp.down_proj,ce,65,1,64,0,0,0,21218,7760,7836,20530,16,65,68,57195
llama8b,seed0,model.layers.5.mlp.down_proj,kl,68,0,68,0,0,0,21218,7760,7836,20530,16,65,68,57195
llama8b,draw1,model.layers.5.mlp.down_proj,ce,63,0,63,0,0,0,23175,5761,5793,22615,11,63,45,57225
llama8b,draw1,model.layers.5.mlp.down_proj,kl,45,0,45,0,0,0,23175,5761,5793,22615,11,63,45,57225
llama8b,draw2,model.layers.5.mlp.down_proj,ce,73,0,73,0,0,0,22008,6972,7177,21187,10,73,49,57212
llama8b,draw2,model.layers.5.mlp.down_proj,kl,49,0,49,0,0,0,22008,6972,7177,21187,10,73,49,57212
llama8b,draw3,model.layers.5.mlp.down_proj,ce,93,0,93,0,0,0,22754,6271,6221,22098,5,93,42,57204
llama8b,draw3,model.layers.5.mlp.down_proj,kl,42,0,42,0,0,0,22754,6271,6221,22098,5,93,42,57204
llama8b,draw4,model.layers.5.mlp.down_proj,ce,63,0,63,0,0,0,22638,6205,6484,22017,8,63,51,57222
llama8b,draw4,model.layers.5.mlp.down_proj,kl,51,1,50,0,0,0,22638,6205,6484,22017,8,63,51,57222
llama8b,seed0,model.layers.5.mlp.gate_proj,ce,78,3,75,0,0,0,21080,7710,7823,20731,14,78,56,57196
llama8b,seed0,model.layers.5.mlp.gate_proj,kl,56,1,55,0,0,0,21080,7710,7823,20731,14,78,56,57196
llama8b,draw1,model.layers.5.mlp.gate_proj,ce,71,0,71,0,0,0,22784,5737,5872,22951,8,71,39,57226
llama8b,draw1,model.layers.5.mlp.gate_proj,kl,39,0,39,0,0,0,22784,5737,5872,22951,8,71,39,57226
llama8b,draw2,model.layers.5.mlp.gate_proj,ce,70,0,70,0,0,0,22027,6775,6847,21695,5,70,39,57230
llama8b,draw2,model.layers.5.mlp.gate_proj,kl,39,0,39,0,0,0,22027,6775,6847,21695,5,70,39,57230
llama8b,draw3,model.layers.5.mlp.gate_proj,ce,65,0,65,0,0,0,22988,6145,6077,22134,6,65,36,57237
llama8b,draw3,model.layers.5.mlp.gate_proj,kl,36,0,36,0,0,0,22988,6145,6077,22134,6,65,36,57237
llama8b,draw4,model.layers.5.mlp.gate_proj,ce,49,0,49,0,0,0,22503,6293,6312,22236,10,49,48,57237
llama8b,draw4,model.layers.5.mlp.gate_proj,kl,48,0,48,0,0,0,22503,6293,6312,22236,10,49,48,57237
llama8b,seed0,model.layers.5.mlp.up_proj,ce,98,4,94,0,0,0,20997,7843,7951,20553,7,98,63,57176
llama8b,seed0,model.layers.5.mlp.up_proj,kl,63,2,61,0,0,0,20997,7843,7951,20553,7,98,63,57176
llama8b,draw1,model.layers.5.mlp.up_proj,ce,44,0,44,0,0,0,23036,5786,5968,22554,16,44,46,57238
llama8b,draw1,model.layers.5.mlp.up_proj,kl,46,0,46,0,0,0,23036,5786,5968,22554,16,44,46,57238
llama8b,draw2,model.layers.5.mlp.up_proj,ce,75,0,75,0,0,0,21825,6989,7132,21398,9,75,49,57211
llama8b,draw2,model.layers.5.mlp.up_proj,kl,49,0,49,0,0,0,21825,6989,7132,21398,9,75,49,57211
llama8b,draw3,model.layers.5.mlp.up_proj,ce,74,0,74,0,0,0,22587,6227,6336,22194,7,74,28,57235
llama8b,draw3,model.layers.5.mlp.up_proj,kl,28,0,28,0,0,0,22587,6227,6336,22194,7,74,28,57235
llama8b,draw4,model.layers.5.mlp.up_proj,ce,75,0,75,0,0,0,22576,6350,6461,21957,13,75,40,57216
llama8b,draw4,model.layers.5.mlp.up_proj,kl,40,0,40,0,0,0,22576,6350,6461,21957,13,75,40,57216
llama8b,seed0,model.layers.5.self_attn.k_proj,ce,4,1,3,0,0,0,1491,622,576,1407,1,4,5,4086
llama8b,seed0,model.layers.5.self_attn.k_proj,kl,5,0,5,0,0,0,1491,622,576,1407,1,4,5,4086
llama8b,draw1,model.layers.5.self_attn.k_proj,ce,10,0,10,0,0,0,1608,462,481,1545,0,10,5,4081
llama8b,draw1,model.layers.5.self_attn.k_proj,kl,5,0,5,0,0,0,1608,462,481,1545,0,10,5,4081
llama8b,draw2,model.layers.5.self_attn.k_proj,ce,3,0,3,0,0,0,1504,529,564,1499,2,3,5,4086
llama8b,draw2,model.layers.5.self_attn.k_proj,kl,5,0,5,0,0,0,1504,529,564,1499,2,3,5,4086
llama8b,draw3,model.layers.5.self_attn.k_proj,ce,3,0,3,0,0,0,1530,518,503,1545,1,3,1,4091
llama8b,draw3,model.layers.5.self_attn.k_proj,kl,1,0,1,0,0,0,1530,518,503,1545,1,3,1,4091
llama8b,draw4,model.layers.5.self_attn.k_proj,ce,9,0,9,0,0,0,1486,511,495,1604,0,9,5,4082
llama8b,draw4,model.layers.5.self_attn.k_proj,kl,5,0,5,0,0,0,1486,511,495,1604,0,9,5,4082
llama8b,seed0,model.layers.5.self_attn.o_proj,ce,35,0,35,0,0,0,5934,2292,2326,5832,6,35,50,16293
llama8b,seed0,model.layers.5.self_attn.o_proj,kl,50,1,49,0,0,0,5934,2292,2326,5832,6,35,50,16293
llama8b,draw1,model.layers.5.self_attn.o_proj,ce,24,0,24,0,0,0,6512,1742,1787,6343,5,24,25,16330
llama8b,draw1,model.layers.5.self_attn.o_proj,kl,25,0,25,0,0,0,6512,1742,1787,6343,5,24,25,16330
llama8b,draw2,model.layers.5.self_attn.o_proj,ce,31,0,31,0,0,0,6366,2034,2135,5849,1,31,22,16330
llama8b,draw2,model.layers.5.self_attn.o_proj,kl,22,0,22,0,0,0,6366,2034,2135,5849,1,31,22,16330
llama8b,draw3,model.layers.5.self_attn.o_proj,ce,19,0,19,0,0,0,6479,1825,1886,6194,2,19,15,16348
llama8b,draw3,model.layers.5.self_attn.o_proj,kl,15,0,15,0,0,0,6479,1825,1886,6194,2,19,15,16348
llama8b,draw4,model.layers.5.self_attn.o_proj,ce,26,1,25,0,0,0,6425,1942,1999,6018,3,26,23,16332
llama8b,draw4,model.layers.5.self_attn.o_proj,kl,23,1,22,0,0,0,6425,1942,1999,6018,3,26,23,16332
llama8b,seed0,model.layers.5.self_attn.q_proj,ce,30,0,30,0,0,0,5813,2567,2529,5475,6,30,34,16314
llama8b,seed0,model.layers.5.self_attn.q_proj,kl,34,0,34,0,0,0,5813,2567,2529,5475,6,30,34,16314
llama8b,draw1,model.layers.5.self_attn.q_proj,ce,25,0,25,0,0,0,6262,1901,1923,6298,12,25,30,16317
llama8b,draw1,model.layers.5.self_attn.q_proj,kl,30,0,30,0,0,0,6262,1901,1923,6298,12,25,30,16317
llama8b,draw2,model.layers.5.self_attn.q_proj,ce,19,1,18,0,0,0,6103,2212,2227,5842,6,19,34,16325
llama8b,draw2,model.layers.5.self_attn.q_proj,kl,34,0,34,0,0,0,6103,2212,2227,5842,6,19,34,16325
llama8b,draw3,model.layers.5.self_attn.q_proj,ce,16,0,16,0,0,0,6195,2077,1978,6134,1,16,16,16351
llama8b,draw3,model.layers.5.self_attn.q_proj,kl,16,0,16,0,0,0,6195,2077,1978,6134,1,16,16,16351
llama8b,draw4,model.layers.5.self_attn.q_proj,ce,10,0,10,0,0,0,6069,2062,2230,6023,5,10,43,16326
llama8b,draw4,model.layers.5.self_attn.q_proj,kl,43,0,43,0,0,0,6069,2062,2230,6023,5,10,43,16326
llama8b,seed0,model.layers.5.self_attn.v_proj,ce,9,0,9,0,0,0,1496,547,594,1459,5,9,17,4065
llama8b,seed0,model.layers.5.self_attn.v_proj,kl,17,1,16,0,0,0,1496,547,594,1459,5,9,17,4065
llama8b,draw1,model.layers.5.self_attn.v_proj,ce,5,0,5,0,0,0,1608,437,443,1608,1,5,7,4083
llama8b,draw1,model.layers.5.self_attn.v_proj,kl,7,0,7,0,0,0,1608,437,443,1608,1,5,7,4083
llama8b,draw2,model.layers.5.self_attn.v_proj,ce,9,0,9,0,0,0,1549,549,571,1427,1,9,12,4074
llama8b,draw2,model.layers.5.self_attn.v_proj,kl,12,0,12,0,0,0,1549,549,571,1427,1,9,12,4074
llama8b,draw3,model.layers.5.self_attn.v_proj,ce,9,0,9,0,0,0,1620,460,485,1531,1,9,9,4077
llama8b,draw3,model.layers.5.self_attn.v_proj,kl,9,0,9,0,0,0,1620,460,485,1531,1,9,9,4077
llama8b,draw4,model.layers.5.self_attn.v_proj,ce,10,0,10,0,0,0,1550,518,526,1502,6,10,14,4066
llama8b,draw4,model.layers.5.self_attn.v_proj,kl,14,0,14,0,0,0,1550,518,526,1502,6,10,14,4066
llama8b,seed0,model.layers.6.mlp.down_proj,ce,104,4,100,0,0,0,21084,7823,7930,20507,9,104,61,57170
llama8b,seed0,model.layers.6.mlp.down_proj,kl,61,1,60,0,0,0,21084,7823,7930,20507,9,104,61,57170
llama8b,draw1,model.layers.6.mlp.down_proj,ce,72,0,72,0,0,0,23031,5842,5737,22734,12,72,57,57203
llama8b,draw1,model.layers.6.mlp.down_proj,kl,57,0,57,0,0,0,23031,5842,5737,22734,12,72,57,57203
llama8b,draw2,model.layers.6.mlp.down_proj,ce,92,0,92,0,0,0,21970,7115,7172,21087,8,92,46,57198
llama8b,draw2,model.layers.6.mlp.down_proj,kl,46,0,46,0,0,0,21970,7115,7172,21087,8,92,46,57198
llama8b,draw3,model.layers.6.mlp.down_proj,ce,61,1,60,0,0,0,22784,6247,6168,22145,4,61,30,57249
llama8b,draw3,model.layers.6.mlp.down_proj,kl,30,0,30,0,0,0,22784,6247,6168,22145,4,61,30,57249
llama8b,draw4,model.layers.6.mlp.down_proj,ce,72,1,71,0,0,0,22563,6398,6588,21795,12,72,56,57204
llama8b,draw4,model.layers.6.mlp.down_proj,kl,56,0,56,0,0,0,22563,6398,6588,21795,12,72,56,57204
llama8b,seed0,model.layers.6.mlp.gate_proj,ce,75,1,74,0,0,0,21147,7724,7940,20533,4,75,44,57221
llama8b,seed0,model.layers.6.mlp.gate_proj,kl,44,0,44,0,0,0,21147,7724,7940,20533,4,75,44,57221
llama8b,draw1,model.layers.6.mlp.gate_proj,ce,57,0,57,0,0,0,22962,5849,5863,22670,17,57,39,57231
llama8b,draw1,model.layers.6.mlp.gate_proj,kl,39,0,39,0,0,0,22962,5849,5863,22670,17,57,39,57231
llama8b,draw2,model.layers.6.mlp.gate_proj,ce,72,0,72,0,0,0,21925,6951,7190,21278,9,72,41,57222
llama8b,draw2,model.layers.6.mlp.gate_proj,kl,41,0,41,0,0,0,21925,6951,7190,21278,9,72,41,57222
llama8b,draw3,model.layers.6.mlp.gate_proj,ce,56,2,54,0,0,0,22708,6134,6336,22166,10,56,29,57249
llama8b,draw3,model.layers.6.mlp.gate_proj,kl,29,0,29,0,0,0,22708,6134,6336,22166,10,56,29,57249
llama8b,draw4,model.layers.6.mlp.gate_proj,ce,74,0,74,0,0,0,22386,6474,6516,21968,9,74,34,57227
llama8b,draw4,model.layers.6.mlp.gate_proj,kl,34,0,34,0,0,0,22386,6474,6516,21968,9,74,34,57227
llama8b,seed0,model.layers.6.mlp.up_proj,ce,81,0,81,0,0,0,21271,7820,7858,20395,17,81,87,57159
llama8b,seed0,model.layers.6.mlp.up_proj,kl,87,2,85,0,0,0,21271,7820,7858,20395,17,81,87,57159
llama8b,draw1,model.layers.6.mlp.up_proj,ce,72,0,72,0,0,0,23254,5793,5815,22482,12,72,50,57210
llama8b,draw1,model.layers.6.mlp.up_proj,kl,50,0,50,0,0,0,23254,5793,5815,22482,12,72,50,57210
llama8b,draw2,model.layers.6.mlp.up_proj,ce,83,0,83,0,0,0,21743,7173,7303,21125,11,83,69,57181
llama8b,draw2,model.layers.6.mlp.up_proj,kl,69,0,69,0,0,0,21743,7173,7303,21125,11,83,69,57181
llama8b,draw3,model.layers.6.mlp.up_proj,ce,68,0,68,0,0,0,22695,6133,6302,22214,16,68,36,57224
llama8b,draw3,model.layers.6.mlp.up_proj,kl,36,0,36,0,0,0,22695,6133,6302,22214,16,68,36,57224
llama8b,draw4,model.layers.6.mlp.up_proj,ce,68,0,68,0,0,0,22522,6438,6503,21881,13,68,56,57207
llama8b,draw4,model.layers.6.mlp.up_proj,kl,56,0,56,0,0,0,22522,6438,6503,21881,13,68,56,57207
llama8b,seed0,model.layers.6.self_attn.k_proj,ce,8,1,7,0,0,0,1451,624,582,1439,2,8,14,4072
llama8b,seed0,model.layers.6.self_attn.k_proj,kl,14,1,13,0,0,0,1451,624,582,1439,2,8,14,4072
llama8b,draw1,model.layers.6.self_attn.k_proj,ce,8,0,8,0,0,0,1610,441,423,1622,0,8,6,4082
llama8b,draw1,model.layers.6.self_attn.k_proj,kl,6,0,6,0,0,0,1610,441,423,1622,0,8,6,4082
llama8b,draw2,model.layers.6.self_attn.k_proj,ce,4,0,4,0,0,0,1533,546,560,1457,3,4,17,4072
llama8b,draw2,model.layers.6.self_attn.k_proj,kl,17,0,17,0,0,0,1533,546,560,1457,3,4,17,4072
llama8b,draw3,model.layers.6.self_attn.k_proj,ce,4,0,4,0,0,0,1575,479,481,1561,0,4,6,4086
llama8b,draw3,model.layers.6.self_attn.k_proj,kl,6,0,6,0,0,0,1575,479,481,1561,0,4,6,4086
llama8b,draw4,model.layers.6.self_attn.k_proj,ce,11,0,11,0,0,0,1587,450,454,1605,5,11,19,4061
llama8b,draw4,model.layers.6.self_attn.k_proj,kl,19,1,18,0,0,0,1587,450,454,1605,5,11,19,4061
llama8b,seed0,model.layers.6.self_attn.o_proj,ce,38,1,37,0,0,0,5946,2313,2272,5853,9,38,56,16281
llama8b,seed0,model.layers.6.self_attn.o_proj,kl,56,1,55,0,0,0,5946,2313,2272,5853,9,38,56,16281
llama8b,draw1,model.layers.6.self_attn.o_proj,ce,26,0,26,0,0,0,6625,1774,1727,6258,7,26,25,16326
llama8b,draw1,model.layers.6.self_attn.o_proj,kl,25,0,25,0,0,0,6625,1774,1727,6258,7,26,25,16326
llama8b,draw2,model.layers.6.self_attn.o_proj,ce,23,0,23,0,0,0,6342,1998,2072,5972,6,23,26,16329
llama8b,draw2,model.layers.6.self_attn.o_proj,kl,26,0,26,0,0,0,6342,1998,2072,5972,6,23,26,16329
llama8b,draw3,model.layers.6.self_attn.o_proj,ce,30,0,30,0,0,0,6411,1854,1860,6259,5,30,8,16341
llama8b,draw3,model.layers.6.self_attn.o_proj,kl,8,0,8,0,0,0,6411,1854,1860,6259,5,30,8,16341
llama8b,draw4,model.layers.6.self_attn.o_proj,ce,27,1,26,0,0,0,6486,1854,1935,6109,8,27,30,16319
llama8b,draw4,model.layers.6.self_attn.o_proj,kl,30,0,30,0,0,0,6486,1854,1935,6109,8,27,30,16319
llama8b,seed0,model.layers.6.self_attn.q_proj,ce,33,0,33,0,0,0,5941,2372,2279,5792,5,33,53,16293
llama8b,seed0,model.layers.6.self_attn.q_proj,kl,53,1,52,0,0,0,5941,2372,2279,5792,5,33,53,16293
llama8b,draw1,model.layers.6.self_attn.q_proj,ce,20,0,20,0,0,0,6585,1679,1718,6402,6,20,27,16331
llama8b,draw1,model.layers.6.self_attn.q_proj,kl,27,0,27,0,0,0,6585,1679,1718,6402,6,20,27,16331
llama8b,draw2,model.layers.6.self_attn.q_proj,ce,13,1,12,0,0,0,6274,2033,2097,5980,1,13,25,16345
llama8b,draw2,model.layers.6.self_attn.q_proj,kl,25,0,25,0,0,0,6274,2033,2097,5980,1,13,25,16345
llama8b,draw3,model.layers.6.self_attn.q_proj,ce,19,0,19,0,0,0,6329,1908,1969,6178,2,19,17,16346
llama8b,draw3,model.layers.6.self_attn.q_proj,kl,17,0,17,0,0,0,6329,1908,1969,6178,2,19,17,16346
llama8b,draw4,model.layers.6.self_attn.q_proj,ce,35,0,35,0,0,0,6308,1889,1874,6313,12,35,39,16298
llama8b,draw4,model.layers.6.self_attn.q_proj,kl,39,0,39,0,0,0,6308,1889,1874,6313,12,35,39,16298
llama8b,seed0,model.layers.6.self_attn.v_proj,ce,4,0,4,0,0,0,1486,561,583,1466,1,4,13,4078
llama8b,seed0,model.layers.6.self_attn.v_proj,kl,13,0,13,0,0,0,1486,561,583,1466,1,4,13,4078
llama8b,draw1,model.layers.6.self_attn.v_proj,ce,3,0,3,0,0,0,1644,456,417,1579,5,3,5,4083
llama8b,draw1,model.layers.6.self_attn.v_proj,kl,5,0,5,0,0,0,1644,456,417,1579,5,3,5,4083
llama8b,draw2,model.layers.6.self_attn.v_proj,ce,8,0,8,0,0,0,1589,507,484,1516,2,8,11,4075
llama8b,draw2,model.layers.6.self_attn.v_proj,kl,11,0,11,0,0,0,1589,507,484,1516,2,8,11,4075
llama8b,draw3,model.layers.6.self_attn.v_proj,ce,4,0,4,0,0,0,1600,456,507,1533,1,4,8,4083
llama8b,draw3,model.layers.6.self_attn.v_proj,kl,8,0,8,0,0,0,1600,456,507,1533,1,4,8,4083
llama8b,draw4,model.layers.6.self_attn.v_proj,ce,7,0,7,0,0,0,1660,461,483,1492,5,7,13,4071
llama8b,draw4,model.layers.6.self_attn.v_proj,kl,13,0,13,0,0,0,1660,461,483,1492,5,7,13,4071
llama8b,seed0,model.layers.7.mlp.down_proj,ce,85,3,82,0,0,0,21087,7819,7926,20512,3,85,61,57195
llama8b,seed0,model.layers.7.mlp.down_proj,kl,61,1,60,0,0,0,21087,7819,7926,20512,3,85,61,57195
llama8b,draw1,model.layers.7.mlp.down_proj,ce,62,0,62,0,0,0,23244,5648,5853,22599,7,62,45,57230
llama8b,draw1,model.layers.7.mlp.down_proj,kl,45,0,45,0,0,0,23244,5648,5853,22599,7,62,45,57230
llama8b,draw2,model.layers.7.mlp.down_proj,ce,76,0,76,0,0,0,21730,7291,7348,20975,18,76,61,57189
llama8b,draw2,model.layers.7.mlp.down_proj,kl,61,2,59,0,0,0,21730,7291,7348,20975,18,76,61,57189
llama8b,draw3,model.layers.7.mlp.down_proj,ce,68,0,68,0,0,0,22884,6113,6326,22021,4,68,27,57245
llama8b,draw3,model.layers.7.mlp.down_proj,kl,27,0,27,0,0,0,22884,6113,6326,22021,4,68,27,57245
llama8b,draw4,model.layers.7.mlp.down_proj,ce,73,0,73,0,0,0,22417,6411,6523,21993,7,73,55,57209
llama8b,draw4,model.layers.7.mlp.down_proj,kl,55,0,55,0,0,0,22417,6411,6523,21993,7,73,55,57209
llama8b,seed0,model.layers.7.mlp.gate_proj,ce,69,1,68,0,0,0,21200,7673,7853,20618,3,69,72,57200
llama8b,seed0,model.layers.7.mlp.gate_proj,kl,72,1,71,0,0,0,21200,7673,7853,20618,3,69,72,57200
llama8b,draw1,model.layers.7.mlp.gate_proj,ce,51,0,51,0,0,0,23186,5759,5626,22773,9,51,46,57238
llama8b,draw1,model.layers.7.mlp.gate_proj,kl,46,0,46,0,0,0,23186,5759,5626,22773,9,51,46,57238
llama8b,draw2,model.layers.7.mlp.gate_proj,ce,80,0,80,0,0,0,21610,7176,7232,21326,13,80,48,57203
llama8b,draw2,model.layers.7.mlp.gate_proj,kl,48,0,48,0,0,0,21610,7176,7232,21326,13,80,48,57203
llama8b,draw3,model.layers.7.mlp.gate_proj,ce,67,0,67,0,0,0,22684,6139,6228,22293,11,67,23,57243
llama8b,draw3,model.layers.7.mlp.gate_proj,kl,23,0,23,0,0,0,22684,6139,6228,22293,11,67,23,57243
llama8b,draw4,model.layers.7.mlp.gate_proj,ce,82,0,82,0,0,0,22486,6385,6671,21802,6,82,45,57211
llama8b,draw4,model.layers.7.mlp.gate_proj,kl,45,0,45,0,0,0,22486,6385,6671,21802,6,82,45,57211
llama8b,seed0,model.layers.7.mlp.up_proj,ce,75,1,74,0,0,0,20940,8193,8236,19975,8,75,69,57192
llama8b,seed0,model.layers.7.mlp.up_proj,kl,69,4,65,0,0,0,20940,8193,8236,19975,8,75,69,57192
llama8b,draw1,model.layers.7.mlp.up_proj,ce,64,0,64,0,0,0,23242,5731,5897,22474,10,64,51,57219
llama8b,draw1,model.layers.7.mlp.up_proj,kl,51,0,51,0,0,0,23242,5731,5897,22474,10,64,51,57219
llama8b,draw2,model.layers.7.mlp.up_proj,ce,93,0,93,0,0,0,21534,7448,7698,20664,11,93,58,57182
llama8b,draw2,model.layers.7.mlp.up_proj,kl,58,0,58,0,0,0,21534,7448,7698,20664,11,93,58,57182
llama8b,draw3,model.layers.7.mlp.up_proj,ce,69,0,69,0,0,0,22657,6191,6430,22066,3,69,27,57245
llama8b,draw3,model.layers.7.mlp.up_proj,kl,27,0,27,0,0,0,22657,6191,6430,22066,3,69,27,57245
llama8b,draw4,model.layers.7.mlp.up_proj,ce,75,0,75,0,0,0,22309,6678,6540,21817,11,75,50,57208
llama8b,draw4,model.layers.7.mlp.up_proj,kl,50,0,50,0,0,0,22309,6678,6540,21817,11,75,50,57208
llama8b,seed0,model.layers.7.self_attn.k_proj,ce,3,1,2,0,0,0,1496,568,598,1434,1,3,11,4081
llama8b,seed0,model.layers.7.self_attn.k_proj,kl,11,0,11,0,0,0,1496,568,598,1434,1,3,11,4081
llama8b,draw1,model.layers.7.self_attn.k_proj,ce,6,1,5,0,0,0,1647,460,412,1577,3,6,18,4069
llama8b,draw1,model.layers.7.self_attn.k_proj,kl,18,1,17,0,0,0,1647,460,412,1577,3,6,18,4069
llama8b,draw2,model.layers.7.self_attn.k_proj,ce,7,0,7,0,0,0,1585,503,506,1502,1,7,10,4078
llama8b,draw2,model.layers.7.self_attn.k_proj,kl,10,0,10,0,0,0,1585,503,506,1502,1,7,10,4078
llama8b,draw3,model.layers.7.self_attn.k_proj,ce,9,0,9,0,0,0,1605,439,477,1575,0,9,6,4081
llama8b,draw3,model.layers.7.self_attn.k_proj,kl,6,0,6,0,0,0,1605,439,477,1575,0,9,6,4081
llama8b,draw4,model.layers.7.self_attn.k_proj,ce,10,0,10,0,0,0,1583,427,466,1620,10,10,17,4059
llama8b,draw4,model.layers.7.self_attn.k_proj,kl,17,0,17,0,0,0,1583,427,466,1620,10,10,17,4059
llama8b,seed0,model.layers.7.self_attn.o_proj,ce,36,1,35,0,0,0,6009,2295,2345,5735,5,36,49,16294
llama8b,seed0,model.layers.7.self_attn.o_proj,kl,49,2,47,0,0,0,6009,2295,2345,5735,5,36,49,16294
llama8b,draw1,model.layers.7.self_attn.o_proj,ce,22,0,22,0,0,0,6645,1763,1711,6265,7,22,31,16324
llama8b,draw1,model.layers.7.self_attn.o_proj,kl,31,0,31,0,0,0,6645,1763,1711,6265,7,22,31,16324
llama8b,draw2,model.layers.7.self_attn.o_proj,ce,33,0,33,0,0,0,6296,2110,2155,5823,4,33,29,16318
llama8b,draw2,model.layers.7.self_attn.o_proj,kl,29,0,29,0,0,0,6296,2110,2155,5823,4,33,29,16318
llama8b,draw3,model.layers.7.self_attn.o_proj,ce,33,0,33,0,0,0,6422,1819,1851,6292,1,33,15,16335
llama8b,draw3,model.layers.7.self_attn.o_proj,kl,15,1,14,0,0,0,6422,1819,1851,6292,1,33,15,16335
llama8b,draw4,model.layers.7.self_attn.o_proj,ce,27,0,27,0,0,0,6298,1896,2025,6165,3,27,42,16312
llama8b,draw4,model.layers.7.self_attn.o_proj,kl,42,0,42,0,0,0,6298,1896,2025,6165,3,27,42,16312
llama8b,seed0,model.layers.7.self_attn.q_proj,ce,22,0,22,0,0,0,5935,2290,2370,5789,2,22,22,16338
llama8b,seed0,model.layers.7.self_attn.q_proj,kl,22,0,22,0,0,0,5935,2290,2370,5789,2,22,22,16338
llama8b,draw1,model.layers.7.self_attn.q_proj,ce,34,0,34,0,0,0,6335,1831,1733,6485,3,34,20,16327
llama8b,draw1,model.layers.7.self_attn.q_proj,kl,20,0,20,0,0,0,6335,1831,1733,6485,3,34,20,16327
llama8b,draw2,model.layers.7.self_attn.q_proj,ce,32,0,32,0,0,0,6056,2141,2209,5978,4,32,29,16319
llama8b,draw2,model.layers.7.self_attn.q_proj,kl,29,3,26,0,0,0,6056,2141,2209,5978,4,32,29,16319
llama8b,draw3,model.layers.7.self_attn.q_proj,ce,17,0,17,0,0,0,6430,1824,1902,6228,1,17,28,16338
llama8b,draw3,model.layers.7.self_attn.q_proj,kl,28,1,27,0,0,0,6430,1824,1902,6228,1,17,28,16338
llama8b,draw4,model.layers.7.self_attn.q_proj,ce,29,0,29,0,0,0,6398,1819,1864,6303,4,29,22,16329
llama8b,draw4,model.layers.7.self_attn.q_proj,kl,22,0,22,0,0,0,6398,1819,1864,6303,4,29,22,16329
llama8b,seed0,model.layers.7.self_attn.v_proj,ce,7,1,6,0,0,0,1583,571,548,1394,6,7,23,4060
llama8b,seed0,model.layers.7.self_attn.v_proj,kl,23,0,23,0,0,0,1583,571,548,1394,6,7,23,4060
llama8b,draw1,model.layers.7.self_attn.v_proj,ce,8,0,8,0,0,0,1624,383,444,1645,5,8,16,4067
llama8b,draw1,model.layers.7.self_attn.v_proj,kl,16,0,16,0,0,0,1624,383,444,1645,5,8,16,4067
llama8b,draw2,model.layers.7.self_attn.v_proj,ce,7,0,7,0,0,0,1569,515,550,1462,5,7,25,4059
llama8b,draw2,model.layers.7.self_attn.v_proj,kl,25,2,23,0,0,0,1569,515,550,1462,5,7,25,4059
llama8b,draw3,model.layers.7.self_attn.v_proj,ce,7,0,7,0,0,0,1610,499,473,1514,3,7,12,4074
llama8b,draw3,model.layers.7.self_attn.v_proj,kl,12,1,11,0,0,0,1610,499,473,1514,3,7,12,4074
llama8b,draw4,model.layers.7.self_attn.v_proj,ce,8,0,8,0,0,0,1577,469,497,1553,6,8,14,4068
llama8b,draw4,model.layers.7.self_attn.v_proj,kl,14,0,14,0,0,0,1577,469,497,1553,6,8,14,4068
llama8b,seed0,model.layers.8.mlp.down_proj,ce,73,0,73,0,0,0,21068,7880,7986,20410,8,73,62,57201
llama8b,seed0,model.layers.8.mlp.down_proj,kl,62,2,60,0,0,0,21068,7880,7986,20410,8,73,62,57201
llama8b,draw1,model.layers.8.mlp.down_proj,ce,53,0,53,0,0,0,23295,5580,5633,22836,9,53,38,57244
llama8b,draw1,model.layers.8.mlp.down_proj,kl,38,0,38,0,0,0,23295,5580,5633,22836,9,53,38,57244
llama8b,draw2,model.layers.8.mlp.down_proj,ce,106,0,106,0,0,0,21501,7545,7565,20733,7,106,47,57184
llama8b,draw2,model.layers.8.mlp.down_proj,kl,47,0,47,0,0,0,21501,7545,7565,20733,7,106,47,57184
llama8b,draw3,model.layers.8.mlp.down_proj,ce,58,1,57,0,0,0,22653,6293,6203,22195,4,58,26,57256
llama8b,draw3,model.layers.8.mlp.down_proj,kl,26,0,26,0,0,0,22653,6293,6203,22195,4,58,26,57256
llama8b,draw4,model.layers.8.mlp.down_proj,ce,72,0,72,0,0,0,22389,6561,6753,21641,4,72,43,57225
llama8b,draw4,model.layers.8.mlp.down_proj,kl,43,0,43,0,0,0,22389,6561,6753,21641,4,72,43,57225
llama8b,seed0,model.layers.8.mlp.gate_proj,ce,72,0,72,0,0,0,21040,7852,7899,20553,5,72,58,57209
llama8b,seed0,model.layers.8.mlp.gate_proj,kl,58,0,58,0,0,0,21040,7852,7899,20553,5,72,58,57209
llama8b,draw1,model.layers.8.mlp.gate_proj,ce,56,0,56,0,0,0,23224,5459,5675,22986,9,56,31,57248
llama8b,draw1,model.layers.8.mlp.gate_proj,kl,31,0,31,0,0,0,23224,5459,5675,22986,9,56,31,57248
llama8b,draw2,model.layers.8.mlp.gate_proj,ce,73,1,72,0,0,0,21652,7242,7427,21023,8,73,44,57219
llama8b,draw2,model.layers.8.mlp.gate_proj,kl,44,1,43,0,0,0,21652,7242,7427,21023,8,73,44,57219
llama8b,draw3,model.layers.8.mlp.gate_proj,ce,60,0,60,0,0,0,22792,6299,6133,22120,5,60,19,57260
llama8b,draw3,model.layers.8.mlp.gate_proj,kl,19,0,19,0,0,0,22792,6299,6133,22120,5,60,19,57260
llama8b,draw4,model.layers.8.mlp.gate_proj,ce,78,1,77,0,0,0,22482,6581,6516,21765,9,78,37,57220
llama8b,draw4,model.layers.8.mlp.gate_proj,kl,37,0,37,0,0,0,22482,6581,6516,21765,9,78,37,57220
llama8b,seed0,model.layers.8.mlp.up_proj,ce,100,1,99,0,0,0,20920,7960,8117,20347,9,100,80,57155
llama8b,seed0,model.layers.8.mlp.up_proj,kl,80,2,78,0,0,0,20920,7960,8117,20347,9,100,80,57155
llama8b,draw1,model.layers.8.mlp.up_proj,ce,72,0,72,0,0,0,23128,5750,5693,22773,9,72,66,57197
llama8b,draw1,model.layers.8.mlp.up_proj,kl,66,0,66,0,0,0,23128,5750,5693,22773,9,72,66,57197
llama8b,draw2,model.layers.8.mlp.up_proj,ce,89,0,89,0,0,0,21200,7680,7749,20715,15,89,73,57167
llama8b,draw2,model.layers.8.mlp.up_proj,kl,73,1,72,0,0,0,21200,7680,7749,20715,15,89,73,57167
llama8b,draw3,model.layers.8.mlp.up_proj,ce,68,0,68,0,0,0,22623,6214,6423,22084,6,68,35,57235
llama8b,draw3,model.layers.8.mlp.up_proj,kl,35,0,35,0,0,0,22623,6214,6423,22084,6,68,35,57235
llama8b,draw4,model.layers.8.mlp.up_proj,ce,96,0,96,0,0,0,22289,6567,6633,21855,11,96,60,57177
llama8b,draw4,model.layers.8.mlp.up_proj,kl,60,0,60,0,0,0,22289,6567,6633,21855,11,96,60,57177
llama8b,seed0,model.layers.8.self_attn.k_proj,ce,4,0,4,0,0,0,1453,558,609,1476,0,4,7,4085
llama8b,seed0,model.layers.8.self_attn.k_proj,kl,7,0,7,0,0,0,1453,558,609,1476,0,4,7,4085
llama8b,draw1,model.layers.8.self_attn.k_proj,ce,6,0,6,0,0,0,1645,460,423,1568,1,6,4,4085
llama8b,draw1,model.layers.8.self_attn.k_proj,kl,4,0,4,0,0,0,1645,460,423,1568,1,6,4,4085
llama8b,draw2,model.layers.8.self_attn.k_proj,ce,6,0,6,0,0,0,1467,604,598,1427,0,6,6,4084
llama8b,draw2,model.layers.8.self_attn.k_proj,kl,6,0,6,0,0,0,1467,604,598,1427,0,6,6,4084
llama8b,draw3,model.layers.8.self_attn.k_proj,ce,4,1,3,0,0,0,1585,491,479,1541,0,4,2,4090
llama8b,draw3,model.layers.8.self_attn.k_proj,kl,2,0,2,0,0,0,1585,491,479,1541,0,4,2,4090
llama8b,draw4,model.layers.8.self_attn.k_proj,ce,6,0,6,0,0,0,1549,549,520,1478,1,6,2,4087
llama8b,draw4,model.layers.8.self_attn.k_proj,kl,2,0,2,0,0,0,1549,549,520,1478,1,6,2,4087
llama8b,seed0,model.layers.8.self_attn.o_proj,ce,26,2,24,0,0,0,5929,2271,2411,5773,9,26,68,16281
llama8b,seed0,model.layers.8.self_attn.o_proj,kl,68,3,65,0,0,0,5929,2271,2411,5773,9,26,68,16281
llama8b,draw1,model.layers.8.self_attn.o_proj,ce,25,0,25,0,0,0,6598,1737,1717,6332,12,25,44,16303
llama8b,draw1,model.layers.8.self_attn.o_proj,kl,44,0,44,0,0,0,6598,1737,1717,6332,12,25,44,16303
llama8b,draw2,model.layers.8.self_attn.o_proj,ce,30,0,30,0,0,0,6098,2155,2328,5803,4,30,47,16303
llama8b,draw2,model.layers.8.self_attn.o_proj,kl,47,0,47,0,0,0,6098,2155,2328,5803,4,30,47,16303
llama8b,draw3,model.layers.8.self_attn.o_proj,ce,26,0,26,0,0,0,6410,1820,1877,6277,3,26,24,16331
llama8b,draw3,model.layers.8.self_attn.o_proj,kl,24,1,23,0,0,0,6410,1820,1877,6277,3,26,24,16331
llama8b,draw4,model.layers.8.self_attn.o_proj,ce,45,0,45,0,0,0,6528,1816,1878,6162,12,45,49,16278
llama8b,draw4,model.layers.8.self_attn.o_proj,kl,49,0,49,0,0,0,6528,1816,1878,6162,12,45,49,16278
llama8b,seed0,model.layers.8.self_attn.q_proj,ce,18,0,18,0,0,0,5924,2348,2321,5791,0,18,32,16334
llama8b,seed0,model.layers.8.self_attn.q_proj,kl,32,1,31,0,0,0,5924,2348,2321,5791,0,18,32,16334
llama8b,draw1,model.layers.8.self_attn.q_proj,ce,18,0,18,0,0,0,6608,1707,1675,6394,1,18,10,16355
llama8b,draw1,model.layers.8.self_attn.q_proj,kl,10,0,10,0,0,0,6608,1707,1675,6394,1,18,10,16355
llama8b,draw2,model.layers.8.self_attn.q_proj,ce,26,2,24,0,0,0,6030,2301,2410,5643,2,26,18,16338
llama8b,draw2,model.layers.8.self_attn.q_proj,kl,18,1,17,0,0,0,6030,2301,2410,5643,2,26,18,16338
llama8b,draw3,model.layers.8.self_attn.q_proj,ce,17,0,17,0,0,0,6202,2020,2001,6161,1,17,14,16352
llama8b,draw3,model.layers.8.self_attn.q_proj,kl,14,0,14,0,0,0,6202,2020,2001,6161,1,17,14,16352
llama8b,draw4,model.layers.8.self_attn.q_proj,ce,29,1,28,0,0,0,6306,1963,2040,6075,2,29,8,16345
llama8b,draw4,model.layers.8.self_attn.q_proj,kl,8,0,8,0,0,0,6306,1963,2040,6075,2,29,8,16345
llama8b,seed0,model.layers.8.self_attn.v_proj,ce,8,0,8,0,0,0,1507,588,602,1399,1,8,17,4070
llama8b,seed0,model.layers.8.self_attn.v_proj,kl,17,0,17,0,0,0,1507,588,602,1399,1,8,17,4070
llama8b,draw1,model.layers.8.self_attn.v_proj,ce,5,0,5,0,0,0,1680,427,406,1583,1,5,11,4079
llama8b,draw1,model.layers.8.self_attn.v_proj,kl,11,0,11,0,0,0,1680,427,406,1583,1,5,11,4079
llama8b,draw2,model.layers.8.self_attn.v_proj,ce,6,0,6,0,0,0,1550,569,560,1417,0,6,15,4075
llama8b,draw2,model.layers.8.self_attn.v_proj,kl,15,0,15,0,0,0,1550,569,560,1417,0,6,15,4075
llama8b,draw3,model.layers.8.self_attn.v_proj,ce,7,0,7,0,0,0,1618,493,496,1489,0,7,2,4087
llama8b,draw3,model.layers.8.self_attn.v_proj,kl,2,0,2,0,0,0,1618,493,496,1489,0,7,2,4087
llama8b,draw4,model.layers.8.self_attn.v_proj,ce,4,0,4,0,0,0,1612,476,492,1516,2,4,8,4082
llama8b,draw4,model.layers.8.self_attn.v_proj,kl,8,0,8,0,0,0,1612,476,492,1516,2,4,8,4082
llama8b,seed0,model.layers.9.mlp.down_proj,ce,89,0,89,0,0,0,21038,7885,7759,20662,6,89,59,57190
llama8b,seed0,model.layers.9.mlp.down_proj,kl,59,2,57,0,0,0,21038,7885,7759,20662,6,89,59,57190
llama8b,draw1,model.layers.9.mlp.down_proj,ce,60,0,60,0,0,0,23237,5543,5725,22839,11,60,44,57229
llama8b,draw1,model.layers.9.mlp.down_proj,kl,44,0,44,0,0,0,23237,5543,5725,22839,11,60,44,57229
llama8b,draw2,model.layers.9.mlp.down_proj,ce,79,0,79,0,0,0,21617,7367,7553,20807,10,79,66,57189
llama8b,draw2,model.layers.9.mlp.down_proj,kl,66,0,66,0,0,0,21617,7367,7553,20807,10,79,66,57189
llama8b,draw3,model.layers.9.mlp.down_proj,ce,77,0,77,0,0,0,22736,6161,6234,22213,1,77,19,57247
llama8b,draw3,model.layers.9.mlp.down_proj,kl,19,0,19,0,0,0,22736,6161,6234,22213,1,77,19,57247
llama8b,draw4,model.layers.9.mlp.down_proj,ce,70,1,69,0,0,0,22322,6430,6580,22012,4,70,44,57226
llama8b,draw4,model.layers.9.mlp.down_proj,kl,44,0,44,0,0,0,22322,6430,6580,22012,4,70,44,57226
llama8b,seed0,model.layers.9.mlp.gate_proj,ce,62,3,59,0,0,0,21246,7698,7966,20434,6,62,45,57231
llama8b,seed0,model.layers.9.mlp.gate_proj,kl,45,0,45,0,0,0,21246,7698,7966,20434,6,62,45,57231
llama8b,draw1,model.layers.9.mlp.gate_proj,ce,63,0,63,0,0,0,23327,5468,5453,23096,10,63,28,57243
llama8b,draw1,model.layers.9.mlp.gate_proj,kl,28,0,28,0,0,0,23327,5468,5453,23096,10,63,28,57243
llama8b,draw2,model.layers.9.mlp.gate_proj,ce,88,2,86,0,0,0,21500,7525,7387,20932,11,88,31,57214
llama8b,draw2,model.layers.9.mlp.gate_proj,kl,31,1,30,0,0,0,21500,7525,7387,20932,11,88,31,57214
llama8b,draw3,model.layers.9.mlp.gate_proj,ce,48,0,48,0,0,0,22662,6141,6266,22275,1,48,20,57275
llama8b,draw3,model.layers.9.mlp.gate_proj,kl,20,1,19,0,0,0,22662,6141,6266,22275,1,48,20,57275
llama8b,draw4,model.layers.9.mlp.gate_proj,ce,61,0,61,0,0,0,22540,6443,6442,21919,5,61,28,57250
llama8b,draw4,model.layers.9.mlp.gate_proj,kl,28,0,28,0,0,0,22540,6443,6442,21919,5,61,28,57250
llama8b,seed0,model.layers.9.mlp.up_proj,ce,75,0,75,0,0,0,21028,7881,8090,20345,8,75,76,57185
llama8b,seed0,model.layers.9.mlp.up_proj,kl,76,3,73,0,0,0,21028,7881,8090,20345,8,75,76,57185
llama8b,draw1,model.layers.9.mlp.up_proj,ce,61,1,60,0,0,0,23272,5568,5787,22717,8,61,50,57225
llama8b,draw1,model.layers.9.mlp.up_proj,kl,50,0,50,0,0,0,23272,5568,5787,22717,8,61,50,57225
llama8b,draw2,model.layers.9.mlp.up_proj,ce,89,2,87,0,0,0,21174,7618,7667,20885,9,89,76,57170
llama8b,draw2,model.layers.9.mlp.up_proj,kl,76,0,76,0,0,0,21174,7618,7667,20885,9,89,76,57170
llama8b,draw3,model.layers.9.mlp.up_proj,ce,55,1,54,0,0,0,22713,6197,6188,22246,3,55,26,57260
llama8b,draw3,model.layers.9.mlp.up_proj,kl,26,0,26,0,0,0,22713,6197,6188,22246,3,55,26,57260
llama8b,draw4,model.layers.9.mlp.up_proj,ce,55,0,55,0,0,0,22327,6555,6702,21760,11,55,28,57250
llama8b,draw4,model.layers.9.mlp.up_proj,kl,28,1,27,0,0,0,22327,6555,6702,21760,11,55,28,57250
llama8b,seed0,model.layers.9.self_attn.k_proj,ce,5,0,5,0,0,0,1409,685,641,1361,0,5,11,4080
llama8b,seed0,model.layers.9.self_attn.k_proj,kl,11,0,11,0,0,0,1409,685,641,1361,0,5,11,4080
llama8b,draw1,model.layers.9.self_attn.k_proj,ce,3,0,3,0,0,0,1613,429,433,1621,3,3,4,4086
llama8b,draw1,model.layers.9.self_attn.k_proj,kl,4,0,4,0,0,0,1613,429,433,1621,3,3,4,4086
llama8b,draw2,model.layers.9.self_attn.k_proj,ce,13,0,13,0,0,0,1499,560,574,1463,2,13,9,4072
llama8b,draw2,model.layers.9.self_attn.k_proj,kl,9,0,9,0,0,0,1499,560,574,1463,2,13,9,4072
llama8b,draw3,model.layers.9.self_attn.k_proj,ce,7,0,7,0,0,0,1602,456,456,1582,0,7,2,4087
llama8b,draw3,model.layers.9.self_attn.k_proj,kl,2,0,2,0,0,0,1602,456,456,1582,0,7,2,4087
llama8b,draw4,model.layers.9.self_attn.k_proj,ce,9,1,8,0,0,0,1523,510,551,1512,1,9,11,4075
llama8b,draw4,model.layers.9.self_attn.k_proj,kl,11,1,10,0,0,0,1523,510,551,1512,1,9,11,4075
llama8b,seed0,model.layers.9.self_attn.o_proj,ce,23,0,23,0,0,0,5956,2347,2401,5680,5,23,44,16312
llama8b,seed0,model.layers.9.self_attn.o_proj,kl,44,0,44,0,0,0,5956,2347,2401,5680,5,23,44,16312
llama8b,draw1,model.layers.9.self_attn.o_proj,ce,13,0,13,0,0,0,6542,1611,1729,6502,8,13,25,16338
llama8b,draw1,model.layers.9.self_attn.o_proj,kl,25,0,25,0,0,0,6542,1611,1729,6502,8,13,25,16338
llama8b,draw2,model.layers.9.self_attn.o_proj,ce,42,3,39,0,0,0,6130,2190,2241,5823,4,42,37,16301
llama8b,draw2,model.layers.9.self_attn.o_proj,kl,37,1,36,0,0,0,6130,2190,2241,5823,4,42,37,16301
llama8b,draw3,model.layers.9.self_attn.o_proj,ce,31,0,31,0,0,0,6445,1791,1930,6218,1,31,16,16336
llama8b,draw3,model.layers.9.self_attn.o_proj,kl,16,0,16,0,0,0,6445,1791,1930,6218,1,31,16,16336
llama8b,draw4,model.layers.9.self_attn.o_proj,ce,28,1,27,0,0,0,6302,1895,1995,6192,5,28,38,16313
llama8b,draw4,model.layers.9.self_attn.o_proj,kl,38,0,38,0,0,0,6302,1895,1995,6192,5,28,38,16313
llama8b,seed0,model.layers.9.self_attn.q_proj,ce,30,2,28,0,0,0,5725,2478,2507,5674,0,30,25,16329
llama8b,seed0,model.layers.9.self_attn.q_proj,kl,25,2,23,0,0,0,5725,2478,2507,5674,0,30,25,16329
llama8b,draw1,model.layers.9.self_attn.q_proj,ce,17,0,17,0,0,0,6639,1700,1722,6323,2,17,15,16350
llama8b,draw1,model.layers.9.self_attn.q_proj,kl,15,0,15,0,0,0,6639,1700,1722,6323,2,17,15,16350
llama8b,draw2,model.layers.9.self_attn.q_proj,ce,26,0,26,0,0,0,6061,2274,2242,5807,2,26,30,16326
llama8b,draw2,model.layers.9.self_attn.q_proj,kl,30,0,30,0,0,0,6061,2274,2242,5807,2,26,30,16326
llama8b,draw3,model.layers.9.self_attn.q_proj,ce,17,0,17,0,0,0,6305,1921,1960,6198,1,17,12,16354
llama8b,draw3,model.layers.9.self_attn.q_proj,kl,12,1,11,0,0,0,6305,1921,1960,6198,1,17,12,16354
llama8b,draw4,model.layers.9.self_attn.q_proj,ce,16,0,16,0,0,0,6177,2059,2028,6120,1,16,12,16355
llama8b,draw4,model.layers.9.self_attn.q_proj,kl,12,0,12,0,0,0,6177,2059,2028,6120,1,16,12,16355
llama8b,seed0,model.layers.9.self_attn.v_proj,ce,13,1,12,0,0,0,1465,609,629,1393,1,13,13,4069
llama8b,seed0,model.layers.9.self_attn.v_proj,kl,13,4,9,0,0,0,1465,609,629,1393,1,13,13,4069
llama8b,draw1,model.layers.9.self_attn.v_proj,ce,4,0,4,0,0,0,1666,419,450,1561,2,4,16,4074
llama8b,draw1,model.layers.9.self_attn.v_proj,kl,16,0,16,0,0,0,1666,419,450,1561,2,4,16,4074
llama8b,draw2,model.layers.9.self_attn.v_proj,ce,12,0,12,0,0,0,1560,550,580,1406,3,12,15,4066
llama8b,draw2,model.layers.9.self_attn.v_proj,kl,15,0,15,0,0,0,1560,550,580,1406,3,12,15,4066
llama8b,draw3,model.layers.9.self_attn.v_proj,ce,8,0,8,0,0,0,1520,478,539,1559,0,8,2,4086
llama8b,draw3,model.layers.9.self_attn.v_proj,kl,2,0,2,0,0,0,1520,478,539,1559,0,8,2,4086
llama8b,draw4,model.layers.9.self_attn.v_proj,ce,7,0,7,0,0,0,1575,453,522,1546,1,7,4,4084
llama8b,draw4,model.layers.9.self_attn.v_proj,kl,4,0,4,0,0,0,1575,453,522,1546,1,7,4,4084
qwen4b,seed0,model.layers.0.mlp.down_proj,ce,118,6,112,0,0,0,8442,3866,3875,8137,15,118,36,24151
qwen4b,seed0,model.layers.0.mlp.down_proj,kl,36,3,33,0,0,0,8442,3866,3875,8137,15,118,36,24151
qwen4b,draw1,model.layers.0.mlp.down_proj,ce,89,6,83,0,0,0,7600,4617,4685,7418,6,89,38,24187
qwen4b,draw1,model.layers.0.mlp.down_proj,kl,38,1,37,0,0,0,7600,4617,4685,7418,6,89,38,24187
qwen4b,draw2,model.layers.0.mlp.down_proj,ce,113,1,112,0,0,0,8674,3606,3640,8400,12,113,50,24145
qwen4b,draw2,model.layers.0.mlp.down_proj,kl,50,0,50,0,0,0,8674,3606,3640,8400,12,113,50,24145
qwen4b,draw3,model.layers.0.mlp.down_proj,ce,99,4,95,0,0,0,8575,3776,3801,8168,11,99,45,24165
qwen4b,draw3,model.layers.0.mlp.down_proj,kl,45,1,44,0,0,0,8575,3776,3801,8168,11,99,45,24165
qwen4b,draw4,model.layers.0.mlp.down_proj,ce,31,1,30,0,0,0,9825,2410,2360,9725,3,31,9,24277
qwen4b,draw4,model.layers.0.mlp.down_proj,kl,9,0,9,0,0,0,9825,2410,2360,9725,3,31,9,24277
qwen4b,seed0,model.layers.0.mlp.gate_proj,ce,58,2,56,0,0,0,8150,4019,4006,8145,2,58,33,24227
qwen4b,seed0,model.layers.0.mlp.gate_proj,kl,33,0,33,0,0,0,8150,4019,4006,8145,2,58,33,24227
qwen4b,draw1,model.layers.0.mlp.gate_proj,ce,44,4,40,0,0,0,7429,4792,4907,7192,1,44,25,24250
qwen4b,draw1,model.layers.0.mlp.gate_proj,kl,25,3,22,0,0,0,7429,4792,4907,7192,1,44,25,24250
qwen4b,draw2,model.layers.0.mlp.gate_proj,ce,44,2,42,0,0,0,8593,3617,3754,8356,4,44,43,24229
qwen4b,draw2,model.layers.0.mlp.gate_proj,kl,43,2,41,0,0,0,8593,3617,3754,8356,4,44,43,24229
qwen4b,draw3,model.layers.0.mlp.gate_proj,ce,34,0,34,0,0,0,8257,3950,4075,8038,1,34,39,24246
qwen4b,draw3,model.layers.0.mlp.gate_proj,kl,39,3,36,0,0,0,8257,3950,4075,8038,1,34,39,24246
qwen4b,draw4,model.layers.0.mlp.gate_proj,ce,12,0,12,0,0,0,9830,2321,2270,9899,0,12,2,24306
qwen4b,draw4,model.layers.0.mlp.gate_proj,kl,2,0,2,0,0,0,9830,2321,2270,9899,0,12,2,24306
qwen4b,seed0,model.layers.0.mlp.up_proj,ce,57,4,53,0,0,0,8168,3939,4005,8208,5,57,29,24229
qwen4b,seed0,model.layers.0.mlp.up_proj,kl,29,1,28,0,0,0,8168,3939,4005,8208,5,57,29,24229
qwen4b,draw1,model.layers.0.mlp.up_proj,ce,41,2,39,0,0,0,7279,4720,5006,7315,1,41,36,24242
qwen4b,draw1,model.layers.0.mlp.up_proj,kl,36,4,32,0,0,0,7279,4720,5006,7315,1,41,36,24242
qwen4b,draw2,model.layers.0.mlp.up_proj,ce,56,2,54,0,0,0,8518,3703,3721,8378,3,56,28,24233
qwen4b,draw2,model.layers.0.mlp.up_proj,kl,28,2,26,0,0,0,8518,3703,3721,8378,3,56,28,24233
qwen4b,draw3,model.layers.0.mlp.up_proj,ce,33,0,33,0,0,0,8232,4100,4023,7965,2,33,24,24261
qwen4b,draw3,model.layers.0.mlp.up_proj,kl,24,1,23,0,0,0,8232,4100,4023,7965,2,33,24,24261
qwen4b,draw4,model.layers.0.mlp.up_proj,ce,14,0,14,0,0,0,9844,2330,2284,9862,0,14,2,24304
qwen4b,draw4,model.layers.0.mlp.up_proj,kl,2,0,2,0,0,0,9844,2330,2284,9862,0,14,2,24304
qwen4b,seed0,model.layers.0.self_attn.k_proj,ce,8,0,8,0,0,0,898,401,391,870,1,8,3,2548
qwen4b,seed0,model.layers.0.self_attn.k_proj,kl,3,0,3,0,0,0,898,401,391,870,1,8,3,2548
qwen4b,draw1,model.layers.0.self_attn.k_proj,ce,4,0,4,0,0,0,787,490,459,824,0,4,6,2550
qwen4b,draw1,model.layers.0.self_attn.k_proj,kl,6,1,5,0,0,0,787,490,459,824,0,4,6,2550
qwen4b,draw2,model.layers.0.self_attn.k_proj,ce,4,0,4,0,0,0,927,341,368,924,0,4,5,2551
qwen4b,draw2,model.layers.0.self_attn.k_proj,kl,5,1,4,0,0,0,927,341,368,924,0,4,5,2551
qwen4b,draw3,model.layers.0.self_attn.k_proj,ce,9,2,7,0,0,0,896,462,404,798,0,9,5,2546
qwen4b,draw3,model.layers.0.self_attn.k_proj,kl,5,0,5,0,0,0,896,462,404,798,0,9,5,2546
qwen4b,draw4,model.layers.0.self_attn.k_proj,ce,0,0,0,0,0,0,1036,248,256,1020,0,0,0,2560
qwen4b,draw4,model.layers.0.self_attn.k_proj,kl,0,0,0,0,0,0,1036,248,256,1020,0,0,0,2560
qwen4b,seed0,model.layers.0.self_attn.o_proj,ce,153,2,151,0,0,0,3696,1459,1513,3572,20,153,26,10041
qwen4b,seed0,model.layers.0.self_attn.o_proj,kl,26,3,23,0,0,0,3696,1459,1513,3572,20,153,26,10041
qwen4b,draw1,model.layers.0.self_attn.o_proj,ce,95,5,90,0,0,0,3317,1777,1865,3281,14,95,26,10105
qwen4b,draw1,model.layers.0.self_attn.o_proj,kl,26,0,26,0,0,0,3317,1777,1865,3281,14,95,26,10105
qwen4b,draw2,model.layers.0.self_attn.o_proj,ce,110,1,109,0,0,0,3866,1277,1362,3735,25,110,50,10055
qwen4b,draw2,model.layers.0.self_attn.o_proj,kl,50,1,49,0,0,0,3866,1277,1362,3735,25,110,50,10055
qwen4b,draw3,model.layers.0.self_attn.o_proj,ce,108,1,107,0,0,0,3627,1466,1562,3585,13,108,35,10084
qwen4b,draw3,model.layers.0.self_attn.o_proj,kl,35,0,35,0,0,0,3627,1466,1562,3585,13,108,35,10084
qwen4b,draw4,model.layers.0.self_attn.o_proj,ce,31,0,31,0,0,0,4009,961,1050,4220,3,31,1,10205
qwen4b,draw4,model.layers.0.self_attn.o_proj,kl,1,0,1,0,0,0,4009,961,1050,4220,3,31,1,10205
qwen4b,seed0,model.layers.0.self_attn.q_proj,ce,9,0,9,0,0,0,3614,1583,1604,3439,1,9,8,10222
qwen4b,seed0,model.layers.0.self_attn.q_proj,kl,8,0,8,0,0,0,3614,1583,1604,3439,1,9,8,10222
qwen4b,draw1,model.layers.0.self_attn.q_proj,ce,16,2,14,0,0,0,3174,1897,1950,3219,0,16,7,10217
qwen4b,draw1,model.layers.0.self_attn.q_proj,kl,7,2,5,0,0,0,3174,1897,1950,3219,0,16,7,10217
qwen4b,draw2,model.layers.0.self_attn.q_proj,ce,10,0,10,0,0,0,3708,1463,1441,3628,2,10,11,10217
qwen4b,draw2,model.layers.0.self_attn.q_proj,kl,11,1,10,0,0,0,3708,1463,1441,3628,2,10,11,10217
qwen4b,draw3,model.layers.0.self_attn.q_proj,ce,13,1,12,0,0,0,3428,1742,1774,3296,0,13,8,10219
qwen4b,draw3,model.layers.0.self_attn.q_proj,kl,8,1,7,0,0,0,3428,1742,1774,3296,0,13,8,10219
qwen4b,draw4,model.layers.0.self_attn.q_proj,ce,3,0,3,0,0,0,4022,1095,1097,4026,0,3,2,10235
qwen4b,draw4,model.layers.0.self_attn.q_proj,kl,2,0,2,0,0,0,4022,1095,1097,4026,0,3,2,10235
qwen4b,seed0,model.layers.0.self_attn.v_proj,ce,21,1,20,0,0,0,926,380,413,841,1,21,3,2535
qwen4b,seed0,model.layers.0.self_attn.v_proj,kl,3,0,3,0,0,0,926,380,413,841,1,21,3,2535
qwen4b,draw1,model.layers.0.self_attn.v_proj,ce,12,0,12,0,0,0,877,470,457,756,1,12,7,2540
qwen4b,draw1,model.layers.0.self_attn.v_proj,kl,7,0,7,0,0,0,877,470,457,756,1,12,7,2540
qwen4b,draw2,model.layers.0.self_attn.v_proj,ce,4,0,4,0,0,0,953,356,388,863,2,4,13,2541
qwen4b,draw2,model.layers.0.self_attn.v_proj,kl,13,1,12,0,0,0,953,356,388,863,2,4,13,2541
qwen4b,draw3,model.layers.0.self_attn.v_proj,ce,12,0,12,0,0,0,955,389,398,818,1,12,5,2542
qwen4b,draw3,model.layers.0.self_attn.v_proj,kl,5,0,5,0,0,0,955,389,398,818,1,12,5,2542
qwen4b,draw4,model.layers.0.self_attn.v_proj,ce,2,0,2,0,0,0,1067,249,254,990,0,2,0,2558
qwen4b,draw4,model.layers.0.self_attn.v_proj,kl,0,0,0,0,0,0,1067,249,254,990,0,2,0,2558
qwen4b,seed0,model.layers.1.mlp.down_proj,ce,1035,25,1010,0,0,20,8979,3151,3323,8867,305,1035,85,22895
qwen4b,seed0,model.layers.1.mlp.down_proj,kl,85,2,83,0,0,7,8979,3151,3323,8867,305,1035,85,22895
qwen4b,draw1,model.layers.1.mlp.down_proj,ce,713,15,698,0,0,7,8592,3648,3781,8299,267,713,132,23208
qwen4b,draw1,model.layers.1.mlp.down_proj,kl,132,3,129,0,0,0,8592,3648,3781,8299,267,713,132,23208
qwen4b,draw2,model.layers.1.mlp.down_proj,ce,643,12,631,0,0,24,9178,3052,3103,8987,574,643,230,22873
qwen4b,draw2,model.layers.1.mlp.down_proj,kl,230,0,230,0,0,6,9178,3052,3103,8987,574,643,230,22873
qwen4b,draw3,model.layers.1.mlp.down_proj,ce,726,27,699,0,0,13,8826,3232,3449,8813,324,726,171,23099
qwen4b,draw3,model.layers.1.mlp.down_proj,kl,171,4,167,0,0,5,8826,3232,3449,8813,324,726,171,23099
qwen4b,draw4,model.layers.1.mlp.down_proj,ce,276,1,275,0,0,3,9621,2342,2628,9729,58,276,15,23971
qwen4b,draw4,model.layers.1.mlp.down_proj,kl,15,0,15,0,0,0,9621,2342,2628,9729,58,276,15,23971
qwen4b,seed0,model.layers.1.mlp.gate_proj,ce,77,3,74,0,0,1,8329,3911,4052,8028,13,77,32,24198
qwen4b,seed0,model.layers.1.mlp.gate_proj,kl,32,0,32,0,0,0,8329,3911,4052,8028,13,77,32,24198
qwen4b,draw1,model.layers.1.mlp.gate_proj,ce,45,3,42,0,0,0,7829,4189,4339,7963,15,45,36,24224
qwen4b,draw1,model.layers.1.mlp.gate_proj,kl,36,4,32,0,0,0,7829,4189,4339,7963,15,45,36,24224
qwen4b,draw2,model.layers.1.mlp.gate_proj,ce,67,0,67,0,0,2,8035,3860,3419,9006,36,67,39,24178
qwen4b,draw2,model.layers.1.mlp.gate_proj,kl,39,3,36,0,0,1,8035,3860,3419,9006,36,67,39,24178
qwen4b,draw3,model.layers.1.mlp.gate_proj,ce,47,0,47,0,0,0,8314,3869,3787,8350,19,47,32,24222
qwen4b,draw3,model.layers.1.mlp.gate_proj,kl,32,2,30,0,0,0,8314,3869,3787,8350,19,47,32,24222
qwen4b,draw4,model.layers.1.mlp.gate_proj,ce,23,0,23,0,0,0,9891,2456,2272,9701,6,23,4,24287
qwen4b,draw4,model.layers.1.mlp.gate_proj,kl,4,0,4,0,0,0,9891,2456,2272,9701,6,23,4,24287
qwen4b,seed0,model.layers.1.mlp.up_proj,ce,101,3,98,0,0,0,8565,3596,3747,8412,24,101,44,24151
qwen4b,seed0,model.layers.1.mlp.up_proj,kl,44,1,43,0,0,2,8565,3596,3747,8412,24,101,44,24151
qwen4b,draw1,model.layers.1.mlp.up_proj,ce,70,5,65,0,0,1,7884,4180,4292,7964,19,70,50,24181
qwen4b,draw1,model.layers.1.mlp.up_proj,kl,50,3,47,0,0,1,7884,4180,4292,7964,19,70,50,24181
qwen4b,draw2,model.layers.1.mlp.up_proj,ce,99,1,98,0,0,0,8538,3686,3657,8439,44,99,58,24119
qwen4b,draw2,model.layers.1.mlp.up_proj,kl,58,1,57,0,0,1,8538,3686,3657,8439,44,99,58,24119
qwen4b,draw3,model.layers.1.mlp.up_proj,ce,70,6,64,0,0,0,8421,3695,3932,8272,24,70,51,24175
qwen4b,draw3,model.layers.1.mlp.up_proj,kl,51,0,51,0,0,1,8421,3695,3932,8272,24,70,51,24175
qwen4b,draw4,model.layers.1.mlp.up_proj,ce,18,0,18,0,0,0,10175,2213,2157,9775,1,18,7,24294
qwen4b,draw4,model.layers.1.mlp.up_proj,kl,7,0,7,0,0,0,10175,2213,2157,9775,1,18,7,24294
qwen4b,seed0,model.layers.1.self_attn.k_proj,ce,27,0,27,0,0,0,879,344,433,904,4,27,9,2520
qwen4b,seed0,model.layers.1.self_attn.k_proj,kl,9,0,9,0,0,0,879,344,433,904,4,27,9,2520
qwen4b,draw1,model.layers.1.self_attn.k_proj,ce,19,1,18,0,0,0,753,534,504,769,1,19,4,2536
qwen4b,draw1,model.layers.1.self_attn.k_proj,kl,4,0,4,0,0,0,753,534,504,769,1,19,4,2536
qwen4b,draw2,model.layers.1.self_attn.k_proj,ce,14,1,13,0,0,0,938,330,364,928,5,14,7,2534
qwen4b,draw2,model.layers.1.self_attn.k_proj,kl,7,0,7,0,0,0,938,330,364,928,5,14,7,2534
qwen4b,draw3,model.layers.1.self_attn.k_proj,ce,14,0,14,0,0,0,895,374,362,929,2,14,4,2540
qwen4b,draw3,model.layers.1.self_attn.k_proj,kl,4,0,4,0,0,0,895,374,362,929,2,14,4,2540
qwen4b,draw4,model.layers.1.self_attn.k_proj,ce,9,1,8,0,0,0,1077,239,231,1013,0,9,0,2551
qwen4b,draw4,model.layers.1.self_attn.k_proj,kl,0,0,0,0,0,0,1077,239,231,1013,0,9,0,2551
qwen4b,seed0,model.layers.1.self_attn.o_proj,ce,205,5,200,0,0,0,3724,1437,1473,3606,29,205,28,9978
qwen4b,seed0,model.layers.1.self_attn.o_proj,kl,28,0,28,0,0,0,3724,1437,1473,3606,29,205,28,9978
qwen4b,draw1,model.layers.1.self_attn.o_proj,ce,134,13,121,0,0,0,3207,1916,1907,3210,21,134,29,10056
qwen4b,draw1,model.layers.1.self_attn.o_proj,kl,29,1,28,0,0,0,3207,1916,1907,3210,21,134,29,10056
qwen4b,draw2,model.layers.1.self_attn.o_proj,ce,184,1,183,0,0,0,4001,1194,1266,3779,59,184,54,9943
qwen4b,draw2,model.layers.1.self_attn.o_proj,kl,54,0,54,0,0,0,4001,1194,1266,3779,59,184,54,9943
qwen4b,draw3,model.layers.1.self_attn.o_proj,ce,107,5,102,0,0,0,3761,1430,1395,3654,33,107,44,10056
qwen4b,draw3,model.layers.1.self_attn.o_proj,kl,44,1,43,0,0,0,3761,1430,1395,3654,33,107,44,10056
qwen4b,draw4,model.layers.1.self_attn.o_proj,ce,36,1,35,0,0,0,4128,1044,1060,4008,5,36,1,10198
qwen4b,draw4,model.layers.1.self_attn.o_proj,kl,1,0,1,0,0,0,4128,1044,1060,4008,5,36,1,10198
qwen4b,seed0,model.layers.1.self_attn.q_proj,ce,60,0,60,0,0,0,3492,1631,1650,3467,18,60,18,10144
qwen4b,seed0,model.layers.1.self_attn.q_proj,kl,18,0,18,0,0,0,3492,1631,1650,3467,18,60,18,10144
qwen4b,draw1,model.layers.1.self_attn.q_proj,ce,42,0,42,0,0,0,3036,2132,2077,2995,16,42,11,10171
qwen4b,draw1,model.layers.1.self_attn.q_proj,kl,11,2,9,0,0,0,3036,2132,2077,2995,16,42,11,10171
qwen4b,draw2,model.layers.1.self_attn.q_proj,ce,49,0,49,0,0,0,3723,1424,1463,3630,24,49,25,10142
qwen4b,draw2,model.layers.1.self_attn.q_proj,kl,25,0,25,0,0,0,3723,1424,1463,3630,24,49,25,10142
qwen4b,draw3,model.layers.1.self_attn.q_proj,ce,41,2,39,0,0,0,3625,1541,1586,3488,22,41,25,10152
qwen4b,draw3,model.layers.1.self_attn.q_proj,kl,25,0,25,0,0,0,3625,1541,1586,3488,22,41,25,10152
qwen4b,draw4,model.layers.1.self_attn.q_proj,ce,19,0,19,0,0,0,4170,917,1056,4097,0,19,2,10219
qwen4b,draw4,model.layers.1.self_attn.q_proj,kl,2,0,2,0,0,0,4170,917,1056,4097,0,19,2,10219
qwen4b,seed0,model.layers.1.self_attn.v_proj,ce,71,2,69,0,0,0,918,350,400,892,18,71,5,2466
qwen4b,seed0,model.layers.1.self_attn.v_proj,kl,5,0,5,0,0,0,918,350,400,892,18,71,5,2466
qwen4b,draw1,model.layers.1.self_attn.v_proj,ce,34,2,32,0,0,0,823,461,494,782,10,34,6,2510
qwen4b,draw1,model.layers.1.self_attn.v_proj,kl,6,0,6,0,0,0,823,461,494,782,10,34,6,2510
qwen4b,draw2,model.layers.1.self_attn.v_proj,ce,44,0,44,0,0,0,1004,298,317,941,25,44,14,2477
qwen4b,draw2,model.layers.1.self_attn.v_proj,kl,14,0,14,0,0,0,1004,298,317,941,25,44,14,2477
qwen4b,draw3,model.layers.1.self_attn.v_proj,ce,41,1,40,0,0,0,975,342,349,894,19,41,5,2495
qwen4b,draw3,model.layers.1.self_attn.v_proj,kl,5,0,5,0,0,0,975,342,349,894,19,41,5,2495
qwen4b,draw4,model.layers.1.self_attn.v_proj,ce,12,0,12,0,0,0,1052,265,235,1008,0,12,0,2548
qwen4b,draw4,model.layers.1.self_attn.v_proj,kl,0,0,0,0,0,0,1052,265,235,1008,0,12,0,2548
qwen4b,seed0,model.layers.10.mlp.down_proj,ce,119,13,106,0,0,0,7985,4198,4320,7817,9,119,25,24167
qwen4b,seed0,model.layers.10.mlp.down_proj,kl,25,2,23,0,0,0,7985,4198,4320,7817,9,119,25,24167
qwen4b,draw1,model.layers.10.mlp.down_proj,ce,89,5,84,0,0,0,7635,4662,4800,7223,5,89,41,24185
qwen4b,draw1,model.layers.10.mlp.down_proj,kl,41,1,40,0,0,0,7635,4662,4800,7223,5,89,41,24185
qwen4b,draw2,model.layers.10.mlp.down_proj,ce,134,14,120,0,0,0,8304,3963,4250,7803,5,134,55,24126
qwen4b,draw2,model.layers.10.mlp.down_proj,kl,55,4,51,0,0,0,8304,3963,4250,7803,5,134,55,24126
qwen4b,draw3,model.layers.10.mlp.down_proj,ce,97,4,93,0,0,0,8098,4092,4330,7800,6,97,50,24167
qwen4b,draw3,model.layers.10.mlp.down_proj,kl,50,2,48,0,0,0,8098,4092,4330,7800,6,97,50,24167
qwen4b,draw4,model.layers.10.mlp.down_proj,ce,51,3,48,0,0,0,9095,3062,3311,8852,3,51,19,24247
qwen4b,draw4,model.layers.10.mlp.down_proj,kl,19,0,19,0,0,0,9095,3062,3311,8852,3,51,19,24247
qwen4b,seed0,model.layers.10.mlp.gate_proj,ce,53,3,50,0,0,0,7944,4239,4485,7652,10,53,41,24216
qwen4b,seed0,model.layers.10.mlp.gate_proj,kl,41,6,35,0,0,0,7944,4239,4485,7652,10,53,41,24216
qwen4b,draw1,model.layers.10.mlp.gate_proj,ce,58,0,58,0,0,0,7674,4532,4580,7534,9,58,24,24229
qwen4b,draw1,model.layers.10.mlp.gate_proj,kl,24,3,21,0,0,0,7674,4532,4580,7534,9,58,24,24229
qwen4b,draw2,model.layers.10.mlp.gate_proj,ce,63,4,59,0,0,0,8201,4078,4279,7762,13,63,38,24206
qwen4b,draw2,model.layers.10.mlp.gate_proj,kl,38,1,37,0,0,0,8201,4078,4279,7762,13,63,38,24206
qwen4b,draw3,model.layers.10.mlp.gate_proj,ce,51,5,46,0,0,0,8138,4091,4289,7802,11,51,27,24231
qwen4b,draw3,model.layers.10.mlp.gate_proj,kl,27,1,26,0,0,0,8138,4091,4289,7802,11,51,27,24231
qwen4b,draw4,model.layers.10.mlp.gate_proj,ce,40,0,40,0,0,0,9202,2949,3135,9034,4,40,12,24264
qwen4b,draw4,model.layers.10.mlp.gate_proj,kl,12,1,11,0,0,0,9202,2949,3135,9034,4,40,12,24264
qwen4b,seed0,model.layers.10.mlp.up_proj,ce,129,8,121,0,0,0,8136,4110,4302,7772,10,129,53,24128
qwen4b,seed0,model.layers.10.mlp.up_proj,kl,53,3,50,0,0,0,8136,4110,4302,7772,10,129,53,24128
qwen4b,draw1,model.layers.10.mlp.up_proj,ce,113,8,105,0,0,0,7456,4734,4882,7248,12,113,37,24158
qwen4b,draw1,model.layers.10.mlp.up_proj,kl,37,1,36,0,0,0,7456,4734,4882,7248,12,113,37,24158
qwen4b,draw2,model.layers.10.mlp.up_proj,ce,119,6,113,0,0,0,8257,4083,4123,7857,19,119,49,24133
qwen4b,draw2,model.layers.10.mlp.up_proj,kl,49,2,47,0,0,0,8257,4083,4123,7857,19,119,49,24133
qwen4b,draw3,model.layers.10.mlp.up_proj,ce,108,9,99,0,0,0,8095,4060,4252,7913,15,108,51,24146
qwen4b,draw3,model.layers.10.mlp.up_proj,kl,51,3,48,0,0,0,8095,4060,4252,7913,15,108,51,24146
qwen4b,draw4,model.layers.10.mlp.up_proj,ce,56,0,56,0,0,0,9357,2881,3009,9073,8,56,15,24241
qwen4b,draw4,model.layers.10.mlp.up_proj,kl,15,0,15,0,0,0,9357,2881,3009,9073,8,56,15,24241
qwen4b,seed0,model.layers.10.self_attn.k_proj,ce,12,0,12,0,0,0,894,422,468,776,1,12,7,2540
qwen4b,seed0,model.layers.10.self_attn.k_proj,kl,7,1,6,0,0,0,894,422,468,776,1,12,7,2540
qwen4b,draw1,model.layers.10.self_attn.k_proj,ce,4,0,4,0,0,0,718,588,572,682,0,4,2,2554
qwen4b,draw1,model.layers.10.self_attn.k_proj,kl,2,0,2,0,0,0,718,588,572,682,0,4,2,2554
qwen4b,draw2,model.layers.10.self_attn.k_proj,ce,13,0,13,0,0,0,864,442,434,820,3,13,4,2540
qwen4b,draw2,model.layers.10.self_attn.k_proj,kl,4,1,3,0,0,0,864,442,434,820,3,13,4,2540
qwen4b,draw3,model.layers.10.self_attn.k_proj,ce,4,0,4,0,0,0,885,433,431,811,3,4,9,2544
qwen4b,draw3,model.layers.10.self_attn.k_proj,kl,9,1,8,0,0,0,885,433,431,811,3,4,9,2544
qwen4b,draw4,model.layers.10.self_attn.k_proj,ce,3,0,3,0,0,0,1054,264,257,985,0,3,1,2556
qwen4b,draw4,model.layers.10.self_attn.k_proj,kl,1,0,1,0,0,0,1054,264,257,985,0,3,1,2556
qwen4b,seed0,model.layers.10.self_attn.o_proj,ce,220,15,205,0,0,0,3580,1597,1648,3415,16,220,28,9976
qwen4b,seed0,model.layers.10.self_attn.o_proj,kl,28,2,26,0,0,0,3580,1597,1648,3415,16,220,28,9976
qwen4b,draw1,model.layers.10.self_attn.o_proj,ce,154,12,142,0,0,0,3076,2072,2050,3042,11,154,22,10053
qwen4b,draw1,model.layers.10.self_attn.o_proj,kl,22,0,22,0,0,0,3076,2072,2050,3042,11,154,22,10053
qwen4b,draw2,model.layers.10.self_attn.o_proj,ce,229,17,212,0,0,0,3649,1501,1545,3545,29,229,39,9943
qwen4b,draw2,model.layers.10.self_attn.o_proj,kl,39,3,36,0,0,0,3649,1501,1545,3545,29,229,39,9943
qwen4b,draw3,model.layers.10.self_attn.o_proj,ce,161,20,141,0,0,0,3501,1582,1735,3422,14,161,41,10024
qwen4b,draw3,model.layers.10.self_attn.o_proj,kl,41,5,36,0,0,0,3501,1582,1735,3422,14,161,41,10024
qwen4b,draw4,model.layers.10.self_attn.o_proj,ce,84,2,82,0,0,0,3877,1146,1269,3948,0,84,5,10151
qwen4b,draw4,model.layers.10.self_attn.o_proj,kl,5,0,5,0,0,0,3877,1146,1269,3948,0,84,5,10151
qwen4b,seed0,model.layers.10.self_attn.q_proj,ce,43,2,41,0,0,0,3540,1677,1700,3323,5,43,21,10171
qwen4b,seed0,model.layers.10.self_attn.q_proj,kl,21,3,18,0,0,0,3540,1677,1700,3323,5,43,21,10171
qwen4b,draw1,model.layers.10.self_attn.q_proj,ce,32,2,30,0,0,0,3063,2148,2151,2878,1,32,17,10190
qwen4b,draw1,model.layers.10.self_attn.q_proj,kl,17,0,17,0,0,0,3063,2148,2151,2878,1,32,17,10190
qwen4b,draw2,model.layers.10.self_attn.q_proj,ce,36,0,36,0,0,0,3462,1650,1720,3408,13,36,24,10167
qwen4b,draw2,model.layers.10.self_attn.q_proj,kl,24,1,23,0,0,0,3462,1650,1720,3408,13,36,24,10167
qwen4b,draw3,model.layers.10.self_attn.q_proj,ce,21,1,20,0,0,0,3375,1800,1779,3286,6,21,23,10190
qwen4b,draw3,model.layers.10.self_attn.q_proj,kl,23,1,22,0,0,0,3375,1800,1779,3286,6,21,23,10190
qwen4b,draw4,model.layers.10.self_attn.q_proj,ce,20,1,19,0,0,0,4024,1052,1014,4150,0,20,5,10215
qwen4b,draw4,model.layers.10.self_attn.q_proj,kl,5,0,5,0,0,0,4024,1052,1014,4150,0,20,5,10215
qwen4b,seed0,model.layers.10.self_attn.v_proj,ce,34,3,31,0,0,0,870,416,424,850,3,34,10,2513
qwen4b,seed0,model.layers.10.self_attn.v_proj,kl,10,0,10,0,0,0,870,416,424,850,3,34,10,2513
qwen4b,draw1,model.layers.10.self_attn.v_proj,ce,22,1,21,0,0,0,773,517,541,729,3,22,10,2525
qwen4b,draw1,model.layers.10.self_attn.v_proj,kl,10,0,10,0,0,0,773,517,541,729,3,22,10,2525
qwen4b,draw2,model.layers.10.self_attn.v_proj,ce,43,1,42,0,0,0,904,416,419,821,6,43,7,2504
qwen4b,draw2,model.layers.10.self_attn.v_proj,kl,7,0,7,0,0,0,904,416,419,821,6,43,7,2504
qwen4b,draw3,model.layers.10.self_attn.v_proj,ce,25,1,24,0,0,0,910,405,433,812,3,25,16,2516
qwen4b,draw3,model.layers.10.self_attn.v_proj,kl,16,2,14,0,0,0,910,405,433,812,3,25,16,2516
qwen4b,draw4,model.layers.10.self_attn.v_proj,ce,14,1,13,0,0,0,1043,240,267,1010,1,14,1,2544
qwen4b,draw4,model.layers.10.self_attn.v_proj,kl,1,0,1,0,0,0,1043,240,267,1010,1,14,1,2544
qwen4b,seed0,model.layers.11.mlp.down_proj,ce,98,9,89,0,0,0,8011,4145,4342,7822,6,98,41,24175
qwen4b,seed0,model.layers.11.mlp.down_proj,kl,41,4,37,0,0,0,8011,4145,4342,7822,6,98,41,24175
qwen4b,draw1,model.layers.11.mlp.down_proj,ce,79,5,74,0,0,0,7693,4658,4628,7341,7,79,36,24198
qwen4b,draw1,model.layers.11.mlp.down_proj,kl,36,3,33,0,0,0,7693,4658,4628,7341,7,79,36,24198
qwen4b,draw2,model.layers.11.mlp.down_proj,ce,88,6,82,0,0,0,8176,4184,4250,7710,6,88,35,24191
qwen4b,draw2,model.layers.11.mlp.down_proj,kl,35,5,30,0,0,0,8176,4184,4250,7710,6,88,35,24191
qwen4b,draw3,model.layers.11.mlp.down_proj,ce,92,8,84,0,0,0,8233,4147,4251,7689,6,92,47,24175
qwen4b,draw3,model.layers.11.mlp.down_proj,kl,47,3,44,0,0,0,8233,4147,4251,7689,6,92,47,24175
qwen4b,draw4,model.layers.11.mlp.down_proj,ce,51,2,49,0,0,0,9019,3225,3388,8688,0,51,22,24247
qwen4b,draw4,model.layers.11.mlp.down_proj,kl,22,0,22,0,0,0,9019,3225,3388,8688,0,51,22,24247
qwen4b,seed0,model.layers.11.mlp.gate_proj,ce,71,7,64,0,0,0,8048,4218,4441,7613,7,71,31,24211
qwen4b,seed0,model.layers.11.mlp.gate_proj,kl,31,4,27,0,0,0,8048,4218,4441,7613,7,71,31,24211
qwen4b,draw1,model.layers.11.mlp.gate_proj,ce,43,2,41,0,0,0,7609,4563,4719,7429,3,43,35,24239
qwen4b,draw1,model.layers.11.mlp.gate_proj,kl,35,2,33,0,0,0,7609,4563,4719,7429,3,43,35,24239
qwen4b,draw2,model.layers.11.mlp.gate_proj,ce,68,7,61,0,0,0,8127,4146,4279,7768,5,68,34,24213
qwen4b,draw2,model.layers.11.mlp.gate_proj,kl,34,1,33,0,0,0,8127,4146,4279,7768,5,68,34,24213
qwen4b,draw3,model.layers.11.mlp.gate_proj,ce,51,3,48,0,0,0,8105,4043,4408,7764,2,51,37,24230
qwen4b,draw3,model.layers.11.mlp.gate_proj,kl,37,2,35,0,0,0,8105,4043,4408,7764,2,51,37,24230
qwen4b,draw4,model.layers.11.mlp.gate_proj,ce,48,1,47,0,0,0,8919,3283,3401,8717,2,48,19,24251
qwen4b,draw4,model.layers.11.mlp.gate_proj,kl,19,1,18,0,0,0,8919,3283,3401,8717,2,48,19,24251
qwen4b,seed0,model.layers.11.mlp.up_proj,ce,117,7,110,0,0,0,8065,4201,4369,7685,15,117,36,24152
qwen4b,seed0,model.layers.11.mlp.up_proj,kl,36,2,34,0,0,0,8065,4201,4369,7685,15,117,36,24152
qwen4b,draw1,model.layers.11.mlp.up_proj,ce,98,8,90,0,0,0,7490,4644,4888,7298,8,98,36,24178
qwen4b,draw1,model.layers.11.mlp.up_proj,kl,36,1,35,0,0,0,7490,4644,4888,7298,8,98,36,24178
qwen4b,draw2,model.layers.11.mlp.up_proj,ce,112,7,105,0,0,0,8177,4093,4377,7673,14,112,58,24136
qwen4b,draw2,model.layers.11.mlp.up_proj,kl,58,3,55,0,0,0,8177,4093,4377,7673,14,112,58,24136
qwen4b,draw3,model.layers.11.mlp.up_proj,ce,94,8,86,0,0,0,7976,4128,4270,7946,12,94,42,24172
qwen4b,draw3,model.layers.11.mlp.up_proj,kl,42,6,36,0,0,0,7976,4128,4270,7946,12,94,42,24172
qwen4b,draw4,model.layers.11.mlp.up_proj,ce,64,3,61,0,0,0,9107,3106,3308,8799,2,64,17,24237
qwen4b,draw4,model.layers.11.mlp.up_proj,kl,17,0,17,0,0,0,9107,3106,3308,8799,2,64,17,24237
qwen4b,seed0,model.layers.11.self_attn.k_proj,ce,11,2,9,0,0,0,830,453,431,846,0,11,4,2545
qwen4b,seed0,model.layers.11.self_attn.k_proj,kl,4,0,4,0,0,0,830,453,431,846,0,11,4,2545
qwen4b,draw1,model.layers.11.self_attn.k_proj,ce,8,0,8,0,0,0,747,544,504,765,0,8,4,2548
qwen4b,draw1,model.layers.11.self_attn.k_proj,kl,4,0,4,0,0,0,747,544,504,765,0,8,4,2548
qwen4b,draw2,model.layers.11.self_attn.k_proj,ce,11,0,11,0,0,0,826,411,472,851,0,11,10,2539
qwen4b,draw2,model.layers.11.self_attn.k_proj,kl,10,1,9,0,0,0,826,411,472,851,0,11,10,2539
qwen4b,draw3,model.layers.11.self_attn.k_proj,ce,15,1,14,0,0,0,809,476,471,804,2,15,10,2533
qwen4b,draw3,model.layers.11.self_attn.k_proj,kl,10,1,9,0,0,0,809,476,471,804,2,15,10,2533
qwen4b,draw4,model.layers.11.self_attn.k_proj,ce,1,0,1,0,0,0,1006,257,238,1059,0,1,3,2556
qwen4b,draw4,model.layers.11.self_attn.k_proj,kl,3,0,3,0,0,0,1006,257,238,1059,0,1,3,2556
qwen4b,seed0,model.layers.11.self_attn.o_proj,ce,178,12,166,0,0,0,3446,1632,1735,3427,22,178,34,10006
qwen4b,seed0,model.layers.11.self_attn.o_proj,kl,34,3,31,0,0,0,3446,1632,1735,3427,22,178,34,10006
qwen4b,draw1,model.layers.11.self_attn.o_proj,ce,143,19,124,0,0,0,3117,1993,2006,3124,16,143,25,10056
qwen4b,draw1,model.layers.11.self_attn.o_proj,kl,25,7,18,0,0,0,3117,1993,2006,3124,16,143,25,10056
qwen4b,draw2,model.layers.11.self_attn.o_proj,ce,194,16,178,0,0,0,3537,1561,1678,3464,21,194,34,9991
qwen4b,draw2,model.layers.11.self_attn.o_proj,kl,34,2,32,0,0,0,3537,1561,1678,3464,21,194,34,9991
qwen4b,draw3,model.layers.11.self_attn.o_proj,ce,160,18,142,0,0,0,3455,1703,1732,3350,15,160,26,10039
qwen4b,draw3,model.layers.11.self_attn.o_proj,kl,26,3,23,0,0,0,3455,1703,1732,3350,15,160,26,10039
qwen4b,draw4,model.layers.11.self_attn.o_proj,ce,68,3,65,0,0,0,3835,1274,1335,3796,2,68,5,10165
qwen4b,draw4,model.layers.11.self_attn.o_proj,kl,5,0,5,0,0,0,3835,1274,1335,3796,2,68,5,10165
qwen4b,seed0,model.layers.11.self_attn.q_proj,ce,29,2,27,0,0,0,3411,1693,1783,3353,2,29,10,10199
qwen4b,seed0,model.layers.11.self_attn.q_proj,kl,10,2,8,0,0,0,3411,1693,1783,3353,2,29,10,10199
qwen4b,draw1,model.layers.11.self_attn.q_proj,ce,25,3,22,0,0,0,3120,2016,2151,2953,3,25,18,10194
qwen4b,draw1,model.layers.11.self_attn.q_proj,kl,18,1,17,0,0,0,3120,2016,2151,2953,3,25,18,10194
qwen4b,draw2,model.layers.11.self_attn.q_proj,ce,31,2,29,0,0,0,3358,1694,1787,3401,1,31,17,10191
qwen4b,draw2,model.layers.11.self_attn.q_proj,kl,17,1,16,0,0,0,3358,1694,1787,3401,1,31,17,10191
qwen4b,draw3,model.layers.11.self_attn.q_proj,ce,20,1,19,0,0,0,3303,1871,1855,3211,2,20,21,10197
qwen4b,draw3,model.layers.11.self_attn.q_proj,kl,21,1,20,0,0,0,3303,1871,1855,3211,2,20,21,10197
qwen4b,draw4,model.layers.11.self_attn.q_proj,ce,10,0,10,0,0,0,4048,1069,1096,4027,2,10,5,10223
qwen4b,draw4,model.layers.11.self_attn.q_proj,kl,5,0,5,0,0,0,4048,1069,1096,4027,2,10,5,10223
qwen4b,seed0,model.layers.11.self_attn.v_proj,ce,27,1,26,0,0,0,884,416,407,853,4,27,6,2523
qwen4b,seed0,model.layers.11.self_attn.v_proj,kl,6,0,6,0,0,0,884,416,407,853,4,27,6,2523
qwen4b,draw1,model.layers.11.self_attn.v_proj,ce,21,1,20,0,0,0,757,531,529,743,3,21,6,2530
qwen4b,draw1,model.layers.11.self_attn.v_proj,kl,6,1,5,0,0,0,757,531,529,743,3,21,6,2530
qwen4b,draw2,model.layers.11.self_attn.v_proj,ce,26,0,26,0,0,0,866,426,446,822,8,26,9,2517
qwen4b,draw2,model.layers.11.self_attn.v_proj,kl,9,0,9,0,0,0,866,426,446,822,8,26,9,2517
qwen4b,draw3,model.layers.11.self_attn.v_proj,ce,24,1,23,0,0,0,873,449,443,795,4,24,11,2521
qwen4b,draw3,model.layers.11.self_attn.v_proj,kl,11,0,11,0,0,0,873,449,443,795,4,24,11,2521
qwen4b,draw4,model.layers.11.self_attn.v_proj,ce,13,1,12,0,0,0,1059,286,268,947,2,13,2,2543
qwen4b,draw4,model.layers.11.self_attn.v_proj,kl,2,0,2,0,0,0,1059,286,268,947,2,13,2,2543
qwen4b,seed0,model.layers.12.mlp.down_proj,ce,125,19,106,0,0,0,8039,4205,4425,7651,6,125,51,24138
qwen4b,seed0,model.layers.12.mlp.down_proj,kl,51,3,48,0,0,0,8039,4205,4425,7651,6,125,51,24138
qwen4b,draw1,model.layers.12.mlp.down_proj,ce,137,17,120,0,0,0,7823,4377,4494,7626,6,137,26,24151
qwen4b,draw1,model.layers.12.mlp.down_proj,kl,26,0,26,0,0,0,7823,4377,4494,7626,6,137,26,24151
qwen4b,draw2,model.layers.12.mlp.down_proj,ce,150,21,129,0,0,0,7969,4246,4463,7642,5,150,41,24124
qwen4b,draw2,model.layers.12.mlp.down_proj,kl,41,8,33,0,0,0,7969,4246,4463,7642,5,150,41,24124
qwen4b,draw3,model.layers.12.mlp.down_proj,ce,121,9,112,0,0,0,8175,4207,4361,7577,7,121,42,24150
qwen4b,draw3,model.layers.12.mlp.down_proj,kl,42,2,40,0,0,0,8175,4207,4361,7577,7,121,42,24150
qwen4b,draw4,model.layers.12.mlp.down_proj,ce,91,5,86,0,0,0,8669,3498,3564,8589,6,91,17,24206
qwen4b,draw4,model.layers.12.mlp.down_proj,kl,17,0,17,0,0,0,8669,3498,3564,8589,6,91,17,24206
qwen4b,seed0,model.layers.12.mlp.gate_proj,ce,79,5,74,0,0,0,7904,4368,4455,7593,12,79,33,24196
qwen4b,seed0,model.layers.12.mlp.gate_proj,kl,33,4,29,0,0,0,7904,4368,4455,7593,12,79,33,24196
qwen4b,draw1,model.layers.12.mlp.gate_proj,ce,73,7,66,0,0,0,7920,4381,4482,7537,8,73,30,24209
qwen4b,draw1,model.layers.12.mlp.gate_proj,kl,30,4,26,0,0,0,7920,4381,4482,7537,8,73,30,24209
qwen4b,draw2,model.layers.12.mlp.gate_proj,ce,71,6,65,0,0,0,7964,4251,4349,7756,8,71,33,24208
qwen4b,draw2,model.layers.12.mlp.gate_proj,kl,33,4,29,0,0,0,7964,4251,4349,7756,8,71,33,24208
qwen4b,draw3,model.layers.12.mlp.gate_proj,ce,77,3,74,0,0,0,8132,4152,4277,7759,6,77,27,24210
qwen4b,draw3,model.layers.12.mlp.gate_proj,kl,27,3,24,0,0,0,8132,4152,4277,7759,6,77,27,24210
qwen4b,draw4,model.layers.12.mlp.gate_proj,ce,57,3,54,0,0,0,8854,3447,3544,8475,3,57,16,24244
qwen4b,draw4,model.layers.12.mlp.gate_proj,kl,16,0,16,0,0,0,8854,3447,3544,8475,3,57,16,24244
qwen4b,seed0,model.layers.12.mlp.up_proj,ce,126,11,115,0,0,0,7849,4338,4462,7671,5,126,39,24150
qwen4b,seed0,model.layers.12.mlp.up_proj,kl,39,3,36,0,0,0,7849,4338,4462,7671,5,126,39,24150
qwen4b,draw1,model.layers.12.mlp.up_proj,ce,94,4,90,0,0,0,7769,4522,4635,7394,4,94,32,24190
qwen4b,draw1,model.layers.12.mlp.up_proj,kl,32,4,28,0,0,0,7769,4522,4635,7394,4,94,32,24190
qwen4b,draw2,model.layers.12.mlp.up_proj,ce,118,11,107,0,0,0,7991,4206,4402,7721,9,118,51,24142
qwen4b,draw2,model.layers.12.mlp.up_proj,kl,51,4,47,0,0,0,7991,4206,4402,7721,9,118,51,24142
qwen4b,draw3,model.layers.12.mlp.up_proj,ce,117,11,106,0,0,0,8032,4188,4426,7674,11,117,43,24149
qwen4b,draw3,model.layers.12.mlp.up_proj,kl,43,6,37,0,0,0,8032,4188,4426,7674,11,117,43,24149
qwen4b,draw4,model.layers.12.mlp.up_proj,ce,66,3,63,0,0,0,8841,3349,3443,8687,6,66,13,24235
qwen4b,draw4,model.layers.12.mlp.up_proj,kl,13,0,13,0,0,0,8841,3349,3443,8687,6,66,13,24235
qwen4b,seed0,model.layers.12.self_attn.k_proj,ce,25,0,25,0,0,0,863,428,457,812,8,25,7,2520
qwen4b,seed0,model.layers.12.self_attn.k_proj,kl,7,0,7,0,0,0,863,428,457,812,8,25,7,2520
qwen4b,draw1,model.layers.12.self_attn.k_proj,ce,14,3,11,0,0,0,741,522,548,749,2,14,0,2544
qwen4b,draw1,model.layers.12.self_attn.k_proj,kl,0,0,0,0,0,0,741,522,548,749,2,14,0,2544
qwen4b,draw2,model.layers.12.self_attn.k_proj,ce,18,1,17,0,0,0,835,418,441,866,13,18,13,2516
qwen4b,draw2,model.layers.12.self_attn.k_proj,kl,13,0,13,0,0,0,835,418,441,866,13,18,13,2516
qwen4b,draw3,model.layers.12.self_attn.k_proj,ce,19,1,18,0,0,0,874,447,430,809,7,19,10,2524
qwen4b,draw3,model.layers.12.self_attn.k_proj,kl,10,0,10,0,0,0,874,447,430,809,7,19,10,2524
qwen4b,draw4,model.layers.12.self_attn.k_proj,ce,4,0,4,0,0,0,1015,225,258,1062,2,4,0,2554
qwen4b,draw4,model.layers.12.self_attn.k_proj,kl,0,0,0,0,0,0,1015,225,258,1062,2,4,0,2554
qwen4b,seed0,model.layers.12.self_attn.o_proj,ce,219,29,190,0,0,0,3432,1687,1828,3293,17,219,21,9983
qwen4b,seed0,model.layers.12.self_attn.o_proj,kl,21,4,17,0,0,0,3432,1687,1828,3293,17,219,21,9983
qwen4b,draw1,model.layers.12.self_attn.o_proj,ce,173,18,155,0,0,0,3160,1897,2082,3101,13,173,22,10032
qwen4b,draw1,model.layers.12.self_attn.o_proj,kl,22,1,21,0,0,0,3160,1897,2082,3101,13,173,22,10032
qwen4b,draw2,model.layers.12.self_attn.o_proj,ce,191,29,162,0,0,0,3462,1703,1835,3240,24,191,37,9988
qwen4b,draw2,model.layers.12.self_attn.o_proj,kl,37,0,37,0,0,0,3462,1703,1835,3240,24,191,37,9988
qwen4b,draw3,model.layers.12.self_attn.o_proj,ce,213,27,186,0,0,0,3447,1775,1768,3250,16,213,44,9967
qwen4b,draw3,model.layers.12.self_attn.o_proj,kl,44,7,37,0,0,0,3447,1775,1768,3250,16,213,44,9967
qwen4b,draw4,model.layers.12.self_attn.o_proj,ce,96,14,82,0,0,0,3715,1391,1469,3665,6,96,11,10127
qwen4b,draw4,model.layers.12.self_attn.o_proj,kl,11,0,11,0,0,0,3715,1391,1469,3665,6,96,11,10127
qwen4b,seed0,model.layers.12.self_attn.q_proj,ce,61,7,54,0,0,0,3460,1746,1698,3336,5,61,21,10153
qwen4b,seed0,model.layers.12.self_attn.q_proj,kl,21,1,20,0,0,0,3460,1746,1698,3336,5,61,21,10153
qwen4b,draw1,model.layers.12.self_attn.q_proj,ce,42,6,36,0,0,0,2867,2267,2284,2822,3,42,10,10185
qwen4b,draw1,model.layers.12.self_attn.q_proj,kl,10,1,9,0,0,0,2867,2267,2284,2822,3,42,10,10185
qwen4b,draw2,model.layers.12.self_attn.q_proj,ce,63,10,53,0,0,0,3388,1706,1703,3443,16,63,30,10131
qwen4b,draw2,model.layers.12.self_attn.q_proj,kl,30,3,27,0,0,0,3388,1706,1703,3443,16,63,30,10131
qwen4b,draw3,model.layers.12.self_attn.q_proj,ce,46,4,42,0,0,0,3426,1729,1791,3294,5,46,24,10165
qwen4b,draw3,model.layers.12.self_attn.q_proj,kl,24,1,23,0,0,0,3426,1729,1791,3294,5,46,24,10165
qwen4b,draw4,model.layers.12.self_attn.q_proj,ce,19,1,18,0,0,0,4149,1041,1081,3969,0,19,2,10219
qwen4b,draw4,model.layers.12.self_attn.q_proj,kl,2,0,2,0,0,0,4149,1041,1081,3969,0,19,2,10219
qwen4b,seed0,model.layers.12.self_attn.v_proj,ce,53,7,46,0,0,0,878,426,417,839,16,53,7,2484
qwen4b,seed0,model.layers.12.self_attn.v_proj,kl,7,1,6,0,0,0,878,426,417,839,16,53,7,2484
qwen4b,draw1,model.layers.12.self_attn.v_proj,ce,49,1,48,0,0,0,876,451,522,711,9,49,9,2493
qwen4b,draw1,model.layers.12.self_attn.v_proj,kl,9,1,8,0,0,0,876,451,522,711,9,49,9,2493
qwen4b,draw2,model.layers.12.self_attn.v_proj,ce,60,4,56,0,0,0,914,392,414,840,11,60,16,2473
qwen4b,draw2,model.layers.12.self_attn.v_proj,kl,16,1,15,0,0,0,914,392,414,840,11,60,16,2473
qwen4b,draw3,model.layers.12.self_attn.v_proj,ce,49,4,45,0,0,0,908,412,454,786,10,49,13,2488
qwen4b,draw3,model.layers.12.self_attn.v_proj,kl,13,2,11,0,0,0,908,412,454,786,10,49,13,2488
qwen4b,draw4,model.layers.12.self_attn.v_proj,ce,20,2,18,0,0,0,977,317,312,954,0,20,5,2535
qwen4b,draw4,model.layers.12.self_attn.v_proj,kl,5,0,5,0,0,0,977,317,312,954,0,20,5,2535
qwen4b,seed0,model.layers.13.mlp.down_proj,ce,160,20,140,0,0,0,7964,4198,4514,7644,3,160,34,24123
qwen4b,seed0,model.layers.13.mlp.down_proj,kl,34,5,29,0,0,0,7964,4198,4514,7644,3,160,34,24123
qwen4b,draw1,model.layers.13.mlp.down_proj,ce,116,12,104,0,0,0,7811,4273,4453,7783,5,116,42,24157
qwen4b,draw1,model.layers.13.mlp.down_proj,kl,42,2,40,0,0,0,7811,4273,4453,7783,5,116,42,24157
qwen4b,draw2,model.layers.13.mlp.down_proj,ce,147,19,128,0,0,0,7926,4248,4452,7694,10,147,33,24130
qwen4b,draw2,model.layers.13.mlp.down_proj,kl,33,5,28,0,0,0,7926,4248,4452,7694,10,147,33,24130
qwen4b,draw3,model.layers.13.mlp.down_proj,ce,143,17,126,0,0,0,7961,4177,4449,7733,7,143,48,24122
qwen4b,draw3,model.layers.13.mlp.down_proj,kl,48,6,42,0,0,0,7961,4177,4449,7733,7,143,48,24122
qwen4b,draw4,model.layers.13.mlp.down_proj,ce,136,15,121,0,0,0,8212,3982,4160,7966,2,136,30,24152
qwen4b,draw4,model.layers.13.mlp.down_proj,kl,30,3,27,0,0,0,8212,3982,4160,7966,2,136,30,24152
qwen4b,seed0,model.layers.13.mlp.gate_proj,ce,78,9,69,0,0,0,7839,4250,4450,7781,4,78,34,24204
qwen4b,seed0,model.layers.13.mlp.gate_proj,kl,34,1,33,0,0,0,7839,4250,4450,7781,4,78,34,24204
qwen4b,draw1,model.layers.13.mlp.gate_proj,ce,59,3,56,0,0,0,7852,4406,4363,7699,4,59,28,24229
qwen4b,draw1,model.layers.13.mlp.gate_proj,kl,28,1,27,0,0,0,7852,4406,4363,7699,4,59,28,24229
qwen4b,draw2,model.layers.13.mlp.gate_proj,ce,66,6,60,0,0,0,7980,4243,4406,7691,3,66,33,24218
qwen4b,draw2,model.layers.13.mlp.gate_proj,kl,33,3,30,0,0,0,7980,4243,4406,7691,3,66,33,24218
qwen4b,draw3,model.layers.13.mlp.gate_proj,ce,72,9,63,0,0,0,8065,4211,4343,7701,4,72,38,24206
qwen4b,draw3,model.layers.13.mlp.gate_proj,kl,38,1,37,0,0,0,8065,4211,4343,7701,4,72,38,24206
qwen4b,draw4,model.layers.13.mlp.gate_proj,ce,64,6,58,0,0,0,8372,3736,3950,8262,7,64,31,24218
qwen4b,draw4,model.layers.13.mlp.gate_proj,kl,31,2,29,0,0,0,8372,3736,3950,8262,7,64,31,24218
qwen4b,seed0,model.layers.13.mlp.up_proj,ce,149,18,131,0,0,0,7887,4284,4486,7663,12,149,50,24109
qwen4b,seed0,model.layers.13.mlp.up_proj,kl,50,6,44,0,0,0,7887,4284,4486,7663,12,149,50,24109
qwen4b,draw1,model.layers.13.mlp.up_proj,ce,138,21,117,0,0,0,7986,4269,4484,7581,8,138,49,24125
qwen4b,draw1,model.layers.13.mlp.up_proj,kl,49,2,47,0,0,0,7986,4269,4484,7581,8,138,49,24125
qwen4b,draw2,model.layers.13.mlp.up_proj,ce,169,25,144,0,0,0,7968,4338,4401,7613,13,169,43,24095
qwen4b,draw2,model.layers.13.mlp.up_proj,kl,43,6,37,0,0,0,7968,4338,4401,7613,13,169,43,24095
qwen4b,draw3,model.layers.13.mlp.up_proj,ce,153,22,131,0,0,0,7836,4245,4590,7649,11,153,40,24116
qwen4b,draw3,model.layers.13.mlp.up_proj,kl,40,2,38,0,0,0,7836,4245,4590,7649,11,153,40,24116
qwen4b,draw4,model.layers.13.mlp.up_proj,ce,143,18,125,0,0,0,8341,3865,4001,8113,6,143,27,24144
qwen4b,draw4,model.layers.13.mlp.up_proj,kl,27,0,27,0,0,0,8341,3865,4001,8113,6,143,27,24144
qwen4b,seed0,model.layers.13.self_attn.k_proj,ce,6,0,6,0,0,0,837,433,442,848,0,6,9,2545
qwen4b,seed0,model.layers.13.self_attn.k_proj,kl,9,0,9,0,0,0,837,433,442,848,0,6,9,2545
qwen4b,draw1,model.layers.13.self_attn.k_proj,ce,3,1,2,0,0,0,723,580,600,657,1,3,9,2547
qwen4b,draw1,model.layers.13.self_attn.k_proj,kl,9,0,9,0,0,0,723,580,600,657,1,3,9,2547
qwen4b,draw2,model.layers.13.self_attn.k_proj,ce,10,1,9,0,0,0,859,443,481,777,0,10,5,2545
qwen4b,draw2,model.layers.13.self_attn.k_proj,kl,5,0,5,0,0,0,859,443,481,777,0,10,5,2545
qwen4b,draw3,model.layers.13.self_attn.k_proj,ce,2,1,1,0,0,0,867,428,434,831,0,2,9,2549
qwen4b,draw3,model.layers.13.self_attn.k_proj,kl,9,1,8,0,0,0,867,428,434,831,0,2,9,2549
qwen4b,draw4,model.layers.13.self_attn.k_proj,ce,0,0,0,0,0,0,1047,245,268,1000,0,0,0,2560
qwen4b,draw4,model.layers.13.self_attn.k_proj,kl,0,0,0,0,0,0,1047,245,268,1000,0,0,0,2560
qwen4b,seed0,model.layers.13.self_attn.o_proj,ce,321,46,275,0,0,0,3368,1753,1865,3254,27,321,31,9861
qwen4b,seed0,model.layers.13.self_attn.o_proj,kl,31,5,26,0,0,0,3368,1753,1865,3254,27,321,31,9861
qwen4b,draw1,model.layers.13.self_attn.o_proj,ce,259,44,215,0,0,0,3295,1764,1885,3296,31,259,46,9904
qwen4b,draw1,model.layers.13.self_attn.o_proj,kl,46,8,38,0,0,0,3295,1764,1885,3296,31,259,46,9904
qwen4b,draw2,model.layers.13.self_attn.o_proj,ce,332,51,281,0,0,0,3475,1684,1793,3288,36,332,43,9829
qwen4b,draw2,model.layers.13.self_attn.o_proj,kl,43,8,35,0,0,0,3475,1684,1793,3288,36,332,43,9829
qwen4b,draw3,model.layers.13.self_attn.o_proj,ce,266,36,230,0,0,0,3354,1783,1887,3216,35,266,52,9887
qwen4b,draw3,model.layers.13.self_attn.o_proj,kl,52,16,36,0,0,0,3354,1783,1887,3216,35,266,52,9887
qwen4b,draw4,model.layers.13.self_attn.o_proj,ce,223,34,189,0,0,0,3539,1578,1588,3535,19,223,25,9973
qwen4b,draw4,model.layers.13.self_attn.o_proj,kl,25,6,19,0,0,0,3539,1578,1588,3535,19,223,25,9973
qwen4b,seed0,model.layers.13.self_attn.q_proj,ce,34,5,29,0,0,0,3420,1743,1781,3296,5,34,16,10185
qwen4b,seed0,model.layers.13.self_attn.q_proj,kl,16,2,14,0,0,0,3420,1743,1781,3296,5,34,16,10185
qwen4b,draw1,model.layers.13.self_attn.q_proj,ce,36,2,34,0,0,0,3023,2091,2234,2892,1,36,12,10191
qwen4b,draw1,model.layers.13.self_attn.q_proj,kl,12,2,10,0,0,0,3023,2091,2234,2892,1,36,12,10191
qwen4b,draw2,model.layers.13.self_attn.q_proj,ce,36,2,34,0,0,0,3340,1784,1804,3312,6,36,21,10177
qwen4b,draw2,model.layers.13.self_attn.q_proj,kl,21,2,19,0,0,0,3340,1784,1804,3312,6,36,21,10177
qwen4b,draw3,model.layers.13.self_attn.q_proj,ce,25,3,22,0,0,0,3293,1820,1896,3231,2,25,16,10197
qwen4b,draw3,model.layers.13.self_attn.q_proj,kl,16,2,14,0,0,0,3293,1820,1896,3231,2,25,16,10197
qwen4b,draw4,model.layers.13.self_attn.q_proj,ce,14,1,13,0,0,0,3902,1260,1245,3833,1,14,10,10215
qwen4b,draw4,model.layers.13.self_attn.q_proj,kl,10,0,10,0,0,0,3902,1260,1245,3833,1,14,10,10215
qwen4b,seed0,model.layers.13.self_attn.v_proj,ce,31,4,27,0,0,0,865,430,477,788,10,31,9,2510
qwen4b,seed0,model.layers.13.self_attn.v_proj,kl,9,1,8,0,0,0,865,430,477,788,10,31,9,2510
qwen4b,draw1,model.layers.13.self_attn.v_proj,ce,32,4,28,0,0,0,809,457,511,783,6,32,11,2511
qwen4b,draw1,model.layers.13.self_attn.v_proj,kl,11,0,11,0,0,0,809,457,511,783,6,32,11,2511
qwen4b,draw2,model.layers.13.self_attn.v_proj,ce,34,2,32,0,0,0,898,416,458,788,8,34,16,2502
qwen4b,draw2,model.layers.13.self_attn.v_proj,kl,16,1,15,0,0,0,898,416,458,788,8,34,16,2502
qwen4b,draw3,model.layers.13.self_attn.v_proj,ce,26,1,25,0,0,0,813,442,475,830,10,26,11,2513
qwen4b,draw3,model.layers.13.self_attn.v_proj,kl,11,1,10,0,0,0,813,442,475,830,10,26,11,2513
qwen4b,draw4,model.layers.13.self_attn.v_proj,ce,17,0,17,0,0,0,1002,330,344,884,3,17,11,2529
qwen4b,draw4,model.layers.13.self_attn.v_proj,kl,11,0,11,0,0,0,1002,330,344,884,3,17,11,2529
qwen4b,seed0,model.layers.14.mlp.down_proj,ce,235,29,206,0,0,0,8004,4277,4463,7576,6,235,46,24033
qwen4b,seed0,model.layers.14.mlp.down_proj,kl,46,5,41,0,0,0,8004,4277,4463,7576,6,235,46,24033
qwen4b,draw1,model.layers.14.mlp.down_proj,ce,186,23,163,0,0,0,7917,4335,4360,7708,4,186,41,24089
qwen4b,draw1,model.layers.14.mlp.down_proj,kl,41,1,40,0,0,0,7917,4335,4360,7708,4,186,41,24089
qwen4b,draw2,model.layers.14.mlp.down_proj,ce,268,33,235,0,0,0,8024,4295,4476,7525,5,268,41,24006
qwen4b,draw2,model.layers.14.mlp.down_proj,kl,41,0,41,0,0,0,8024,4295,4476,7525,5,268,41,24006
qwen4b,draw3,model.layers.14.mlp.down_proj,ce,222,26,196,0,0,0,8014,4446,4419,7441,10,222,43,24045
qwen4b,draw3,model.layers.14.mlp.down_proj,kl,43,3,40,0,0,0,8014,4446,4419,7441,10,222,43,24045
qwen4b,draw4,model.layers.14.mlp.down_proj,ce,232,29,203,0,0,0,7972,4291,4408,7649,8,232,40,24040
qwen4b,draw4,model.layers.14.mlp.down_proj,kl,40,4,36,0,0,0,7972,4291,4408,7649,8,232,40,24040
qwen4b,seed0,model.layers.14.mlp.gate_proj,ce,93,14,79,0,0,0,7799,4300,4471,7750,5,93,31,24191
qwen4b,seed0,model.layers.14.mlp.gate_proj,kl,31,1,30,0,0,0,7799,4300,4471,7750,5,93,31,24191
qwen4b,draw1,model.layers.14.mlp.gate_proj,ce,76,8,68,0,0,0,7978,4166,4327,7849,5,76,36,24203
qwen4b,draw1,model.layers.14.mlp.gate_proj,kl,36,3,33,0,0,0,7978,4166,4327,7849,5,76,36,24203
qwen4b,draw2,model.layers.14.mlp.gate_proj,ce,115,15,100,0,0,0,7889,4371,4464,7596,3,115,34,24168
qwen4b,draw2,model.layers.14.mlp.gate_proj,kl,34,4,30,0,0,0,7889,4371,4464,7596,3,115,34,24168
qwen4b,draw3,model.layers.14.mlp.gate_proj,ce,90,10,80,0,0,0,7902,4203,4481,7734,4,90,44,24182
qwen4b,draw3,model.layers.14.mlp.gate_proj,kl,44,5,39,0,0,0,7902,4203,4481,7734,4,90,44,24182
qwen4b,draw4,model.layers.14.mlp.gate_proj,ce,77,6,71,0,0,0,7920,4113,4450,7837,3,77,33,24207
qwen4b,draw4,model.layers.14.mlp.gate_proj,kl,33,3,30,0,0,0,7920,4113,4450,7837,3,77,33,24207
qwen4b,seed0,model.layers.14.mlp.up_proj,ce,230,46,184,0,0,0,7882,4243,4537,7658,12,230,42,24036
qwen4b,seed0,model.layers.14.mlp.up_proj,kl,42,3,39,0,0,0,7882,4243,4537,7658,12,230,42,24036
qwen4b,draw1,model.layers.14.mlp.up_proj,ce,195,28,167,0,0,0,8000,4125,4500,7695,17,195,46,24062
qwen4b,draw1,model.layers.14.mlp.up_proj,kl,46,6,40,0,0,0,8000,4125,4500,7695,17,195,46,24062
qwen4b,draw2,model.layers.14.mlp.up_proj,ce,282,42,240,0,0,0,7976,4347,4520,7477,12,282,40,23986
qwen4b,draw2,model.layers.14.mlp.up_proj,kl,40,4,36,0,0,0,7976,4347,4520,7477,12,282,40,23986
qwen4b,draw3,model.layers.14.mlp.up_proj,ce,223,47,176,0,0,0,7756,4319,4595,7650,13,223,48,24036
qwen4b,draw3,model.layers.14.mlp.up_proj,kl,48,3,45,0,0,0,7756,4319,4595,7650,13,223,48,24036
qwen4b,draw4,model.layers.14.mlp.up_proj,ce,242,33,209,0,0,0,7894,4249,4439,7738,10,242,42,24026
qwen4b,draw4,model.layers.14.mlp.up_proj,kl,42,4,38,0,0,0,7894,4249,4439,7738,10,242,42,24026
qwen4b,seed0,model.layers.14.self_attn.k_proj,ce,15,3,12,0,0,0,825,475,465,795,1,15,3,2541
qwen4b,seed0,model.layers.14.self_attn.k_proj,kl,3,1,2,0,0,0,825,475,465,795,1,15,3,2541
qwen4b,draw1,model.layers.14.self_attn.k_proj,ce,10,0,10,0,0,0,743,545,528,744,0,10,2,2548
qwen4b,draw1,model.layers.14.self_attn.k_proj,kl,2,0,2,0,0,0,743,545,528,744,0,10,2,2548
qwen4b,draw2,model.layers.14.self_attn.k_proj,ce,15,3,12,0,0,0,806,484,455,815,1,15,3,2541
qwen4b,draw2,model.layers.14.self_attn.k_proj,kl,3,1,2,0,0,0,806,484,455,815,1,15,3,2541
qwen4b,draw3,model.layers.14.self_attn.k_proj,ce,14,4,10,0,0,0,822,434,482,822,0,14,6,2540
qwen4b,draw3,model.layers.14.self_attn.k_proj,kl,6,1,5,0,0,0,822,434,482,822,0,14,6,2540
qwen4b,draw4,model.layers.14.self_attn.k_proj,ce,9,0,9,0,0,0,951,339,319,951,0,9,2,2549
qwen4b,draw4,model.layers.14.self_attn.k_proj,kl,2,0,2,0,0,0,951,339,319,951,0,9,2,2549
qwen4b,seed0,model.layers.14.self_attn.o_proj,ce,358,66,292,0,0,0,3406,1781,1896,3157,12,358,38,9832
qwen4b,seed0,model.layers.14.self_attn.o_proj,kl,38,4,34,0,0,0,3406,1781,1896,3157,12,358,38,9832
qwen4b,draw1,model.layers.14.self_attn.o_proj,ce,282,41,241,0,0,0,3460,1777,1830,3173,20,282,26,9912
qwen4b,draw1,model.layers.14.self_attn.o_proj,kl,26,5,21,0,0,0,3460,1777,1830,3173,20,282,26,9912
qwen4b,draw2,model.layers.14.self_attn.o_proj,ce,359,62,297,0,0,0,3328,1744,1887,3281,21,359,40,9820
qwen4b,draw2,model.layers.14.self_attn.o_proj,kl,40,6,34,0,0,0,3328,1744,1887,3281,21,359,40,9820
qwen4b,draw3,model.layers.14.self_attn.o_proj,ce,341,59,282,0,0,0,3378,1802,1834,3226,13,341,41,9845
qwen4b,draw3,model.layers.14.self_attn.o_proj,kl,41,12,29,0,0,0,3378,1802,1834,3226,13,341,41,9845
qwen4b,draw4,model.layers.14.self_attn.o_proj,ce,305,39,266,0,0,0,3407,1747,1842,3244,9,305,22,9904
qwen4b,draw4,model.layers.14.self_attn.o_proj,kl,22,4,18,0,0,0,3407,1747,1842,3244,9,305,22,9904
qwen4b,seed0,model.layers.14.self_attn.q_proj,ce,47,11,36,0,0,0,3285,1810,1900,3245,2,47,13,10178
qwen4b,seed0,model.layers.14.self_attn.q_proj,kl,13,3,10,0,0,0,3285,1810,1900,3245,2,47,13,10178
qwen4b,draw1,model.layers.14.self_attn.q_proj,ce,30,5,25,0,0,0,3030,2023,2025,3162,0,30,14,10196
qwen4b,draw1,model.layers.14.self_attn.q_proj,kl,14,4,10,0,0,0,3030,2023,2025,3162,0,30,14,10196
qwen4b,draw2,model.layers.14.self_attn.q_proj,ce,65,12,53,0,0,0,3312,1771,1945,3212,0,65,28,10147
qwen4b,draw2,model.layers.14.self_attn.q_proj,kl,28,3,25,0,0,0,3312,1771,1945,3212,0,65,28,10147
qwen4b,draw3,model.layers.14.self_attn.q_proj,ce,62,11,51,0,0,0,3354,1814,1878,3194,0,62,18,10160
qwen4b,draw3,model.layers.14.self_attn.q_proj,kl,18,3,15,0,0,0,3354,1814,1878,3194,0,62,18,10160
qwen4b,draw4,model.layers.14.self_attn.q_proj,ce,36,7,29,0,0,0,3605,1496,1488,3651,0,36,9,10195
qwen4b,draw4,model.layers.14.self_attn.q_proj,kl,9,2,7,0,0,0,3605,1496,1488,3651,0,36,9,10195
qwen4b,seed0,model.layers.14.self_attn.v_proj,ce,55,11,44,0,0,0,897,421,464,778,5,55,12,2488
qwen4b,seed0,model.layers.14.self_attn.v_proj,kl,12,2,10,0,0,0,897,421,464,778,5,55,12,2488
qwen4b,draw1,model.layers.14.self_attn.v_proj,ce,44,7,37,0,0,0,852,438,497,773,1,44,11,2504
qwen4b,draw1,model.layers.14.self_attn.v_proj,kl,11,1,10,0,0,0,852,438,497,773,1,44,11,2504
qwen4b,draw2,model.layers.14.self_attn.v_proj,ce,47,8,39,0,0,0,838,479,469,774,8,47,5,2500
qwen4b,draw2,model.layers.14.self_attn.v_proj,kl,5,0,5,0,0,0,838,479,469,774,8,47,5,2500
qwen4b,draw3,model.layers.14.self_attn.v_proj,ce,64,15,49,0,0,0,895,432,465,768,3,64,6,2487
qwen4b,draw3,model.layers.14.self_attn.v_proj,kl,6,2,4,0,0,0,895,432,465,768,3,64,6,2487
qwen4b,draw4,model.layers.14.self_attn.v_proj,ce,42,6,36,0,0,0,902,434,424,800,2,42,12,2504
qwen4b,draw4,model.layers.14.self_attn.v_proj,kl,12,1,11,0,0,0,902,434,424,800,2,42,12,2504
qwen4b,seed0,model.layers.15.mlp.down_proj,ce,337,48,289,0,0,0,7851,4322,4476,7671,9,337,53,23921
qwen4b,seed0,model.layers.15.mlp.down_proj,kl,53,4,49,0,0,0,7851,4322,4476,7671,9,337,53,23921
qwen4b,draw1,model.layers.15.mlp.down_proj,ce,315,37,278,0,0,0,8025,4195,4308,7792,8,315,36,23961
qwen4b,draw1,model.layers.15.mlp.down_proj,kl,36,1,35,0,0,0,8025,4195,4308,7792,8,315,36,23961
qwen4b,draw2,model.layers.15.mlp.down_proj,ce,338,48,290,0,0,0,7917,4256,4578,7569,9,338,34,23939
qwen4b,draw2,model.layers.15.mlp.down_proj,kl,34,3,31,0,0,0,7917,4256,4578,7569,9,338,34,23939
qwen4b,draw3,model.layers.15.mlp.down_proj,ce,325,52,273,0,0,0,7894,4319,4514,7593,10,325,49,23936
qwen4b,draw3,model.layers.15.mlp.down_proj,kl,49,3,46,0,0,0,7894,4319,4514,7593,10,325,49,23936
qwen4b,draw4,model.layers.15.mlp.down_proj,ce,326,53,273,0,0,0,7874,4395,4484,7567,9,326,55,23930
qwen4b,draw4,model.layers.15.mlp.down_proj,kl,55,3,52,0,0,0,7874,4395,4484,7567,9,326,55,23930
qwen4b,seed0,model.layers.15.mlp.gate_proj,ce,154,28,126,0,0,0,7862,4387,4460,7611,8,154,42,24116
qwen4b,seed0,model.layers.15.mlp.gate_proj,kl,42,1,41,0,0,0,7862,4387,4460,7611,8,154,42,24116
qwen4b,draw1,model.layers.15.mlp.gate_proj,ce,148,12,136,0,0,0,8038,4014,4400,7868,5,148,32,24135
qwen4b,draw1,model.layers.15.mlp.gate_proj,kl,32,2,30,0,0,0,8038,4014,4400,7868,5,148,32,24135
qwen4b,draw2,model.layers.15.mlp.gate_proj,ce,182,27,155,0,0,0,8001,4401,4467,7451,5,182,42,24091
qwen4b,draw2,model.layers.15.mlp.gate_proj,kl,42,3,39,0,0,0,8001,4401,4467,7451,5,182,42,24091
qwen4b,draw3,model.layers.15.mlp.gate_proj,ce,151,23,128,0,0,0,7784,4374,4517,7645,7,151,40,24122
qwen4b,draw3,model.layers.15.mlp.gate_proj,kl,40,4,36,0,0,0,7784,4374,4517,7645,7,151,40,24122
qwen4b,draw4,model.layers.15.mlp.gate_proj,ce,171,22,149,0,0,0,7821,4399,4585,7515,6,171,53,24090
qwen4b,draw4,model.layers.15.mlp.gate_proj,kl,53,8,45,0,0,0,7821,4399,4585,7515,6,171,53,24090
qwen4b,seed0,model.layers.15.mlp.up_proj,ce,353,57,296,0,0,0,7798,4276,4547,7699,22,353,54,23891
qwen4b,seed0,model.layers.15.mlp.up_proj,kl,54,12,42,0,0,0,7798,4276,4547,7699,22,353,54,23891
qwen4b,draw1,model.layers.15.mlp.up_proj,ce,355,30,325,0,0,0,8091,4163,4271,7795,21,355,50,23894
qwen4b,draw1,model.layers.15.mlp.up_proj,kl,50,7,43,0,0,0,8091,4163,4271,7795,21,355,50,23894
qwen4b,draw2,model.layers.15.mlp.up_proj,ce,396,58,338,0,0,0,7860,4324,4503,7633,17,396,51,23856
qwen4b,draw2,model.layers.15.mlp.up_proj,kl,51,5,46,0,0,0,7860,4324,4503,7633,17,396,51,23856
qwen4b,draw3,model.layers.15.mlp.up_proj,ce,391,58,333,0,0,0,7878,4344,4506,7592,19,391,69,23841
qwen4b,draw3,model.layers.15.mlp.up_proj,kl,69,8,61,0,0,0,7878,4344,4506,7592,19,391,69,23841
qwen4b,draw4,model.layers.15.mlp.up_proj,ce,404,70,334,0,0,0,7899,4461,4495,7465,30,404,64,23822
qwen4b,draw4,model.layers.15.mlp.up_proj,kl,64,10,54,0,0,0,7899,4461,4495,7465,30,404,64,23822
qwen4b,seed0,model.layers.15.self_attn.k_proj,ce,23,0,23,0,0,0,825,426,463,846,2,23,3,2532
qwen4b,seed0,model.layers.15.self_attn.k_proj,kl,3,1,2,0,0,0,825,426,463,846,2,23,3,2532
qwen4b,draw1,model.layers.15.self_attn.k_proj,ce,18,1,17,0,0,0,809,466,481,804,4,18,8,2530
qwen4b,draw1,model.layers.15.self_attn.k_proj,kl,8,0,8,0,0,0,809,466,481,804,4,18,8,2530
qwen4b,draw2,model.layers.15.self_attn.k_proj,ce,25,0,25,0,0,0,835,453,469,803,1,25,13,2521
qwen4b,draw2,model.layers.15.self_attn.k_proj,kl,13,6,7,0,0,0,835,453,469,803,1,25,13,2521
qwen4b,draw3,model.layers.15.self_attn.k_proj,ce,22,3,19,0,0,0,797,463,498,802,5,22,3,2530
qwen4b,draw3,model.layers.15.self_attn.k_proj,kl,3,0,3,0,0,0,797,463,498,802,5,22,3,2530
qwen4b,draw4,model.layers.15.self_attn.k_proj,ce,31,3,28,0,0,0,797,430,465,868,2,31,1,2526
qwen4b,draw4,model.layers.15.self_attn.k_proj,kl,1,0,1,0,0,0,797,430,465,868,2,31,1,2526
qwen4b,seed0,model.layers.15.self_attn.o_proj,ce,602,116,486,0,0,0,3369,1808,1844,3219,25,602,32,9581
qwen4b,seed0,model.layers.15.self_attn.o_proj,kl,32,5,27,0,0,0,3369,1808,1844,3219,25,602,32,9581
qwen4b,draw1,model.layers.15.self_attn.o_proj,ce,527,80,447,0,0,0,3429,1714,1780,3317,28,527,33,9652
qwen4b,draw1,model.layers.15.self_attn.o_proj,kl,33,5,28,0,0,0,3429,1714,1780,3317,28,527,33,9652
qwen4b,draw2,model.layers.15.self_attn.o_proj,ce,606,124,482,0,0,0,3405,1767,1859,3209,39,606,58,9537
qwen4b,draw2,model.layers.15.self_attn.o_proj,kl,58,7,51,0,0,0,3405,1767,1859,3209,39,606,58,9537
qwen4b,draw3,model.layers.15.self_attn.o_proj,ce,579,108,471,0,0,0,3390,1779,1881,3190,32,579,53,9576
qwen4b,draw3,model.layers.15.self_attn.o_proj,kl,53,9,44,0,0,0,3390,1779,1881,3190,32,579,53,9576
qwen4b,draw4,model.layers.15.self_attn.o_proj,ce,578,124,454,0,0,0,3302,1844,1962,3132,29,578,42,9591
qwen4b,draw4,model.layers.15.self_attn.o_proj,kl,42,9,33,0,0,0,3302,1844,1962,3132,29,578,42,9591
qwen4b,seed0,model.layers.15.self_attn.q_proj,ce,72,5,67,0,0,0,3244,1847,1895,3254,9,72,14,10145
qwen4b,seed0,model.layers.15.self_attn.q_proj,kl,14,2,12,0,0,0,3244,1847,1895,3254,9,72,14,10145
qwen4b,draw1,model.layers.15.self_attn.q_proj,ce,63,8,55,0,0,0,3229,1855,1949,3207,7,63,16,10154
qwen4b,draw1,model.layers.15.self_attn.q_proj,kl,16,5,11,0,0,0,3229,1855,1949,3207,7,63,16,10154
qwen4b,draw2,model.layers.15.self_attn.q_proj,ce,79,9,70,0,0,0,3344,1751,1852,3293,6,79,18,10137
qwen4b,draw2,model.layers.15.self_attn.q_proj,kl,18,6,12,0,0,0,3344,1751,1852,3293,6,79,18,10137
qwen4b,draw3,model.layers.15.self_attn.q_proj,ce,77,7,70,0,0,0,3307,1838,1889,3206,3,77,16,10144
qwen4b,draw3,model.layers.15.self_attn.q_proj,kl,16,4,12,0,0,0,3307,1838,1889,3206,3,77,16,10144
qwen4b,draw4,model.layers.15.self_attn.q_proj,ce,87,12,75,0,0,0,3314,1818,1956,3152,3,87,17,10133
qwen4b,draw4,model.layers.15.self_attn.q_proj,kl,17,4,13,0,0,0,3314,1818,1956,3152,3,87,17,10133
qwen4b,seed0,model.layers.15.self_attn.v_proj,ce,66,9,57,0,0,0,846,405,451,858,7,66,9,2478
qwen4b,seed0,model.layers.15.self_attn.v_proj,kl,9,0,9,0,0,0,846,405,451,858,7,66,9,2478
qwen4b,draw1,model.layers.15.self_attn.v_proj,ce,71,9,62,0,0,0,814,397,486,863,12,71,8,2469
qwen4b,draw1,model.layers.15.self_attn.v_proj,kl,8,2,6,0,0,0,814,397,486,863,12,71,8,2469
qwen4b,draw2,model.layers.15.self_attn.v_proj,ce,85,13,72,0,0,0,868,445,462,785,11,85,9,2455
qwen4b,draw2,model.layers.15.self_attn.v_proj,kl,9,2,7,0,0,0,868,445,462,785,11,85,9,2455
qwen4b,draw3,model.layers.15.self_attn.v_proj,ce,64,5,59,0,0,0,838,438,490,794,9,64,10,2477
qwen4b,draw3,model.layers.15.self_attn.v_proj,kl,10,3,7,0,0,0,838,438,490,794,9,64,10,2477
qwen4b,draw4,model.layers.15.self_attn.v_proj,ce,66,10,56,0,0,0,827,438,463,832,13,66,11,2470
qwen4b,draw4,model.layers.15.self_attn.v_proj,kl,11,0,11,0,0,0,827,438,463,832,13,66,11,2470
qwen4b,seed0,model.layers.16.mlp.down_proj,ce,476,59,417,0,0,0,7894,4273,4561,7592,23,476,46,23775
qwen4b,seed0,model.layers.16.mlp.down_proj,kl,46,4,42,0,0,0,7894,4273,4561,7592,23,476,46,23775
qwen4b,draw1,model.layers.16.mlp.down_proj,ce,379,46,333,0,0,0,8172,4071,4332,7745,29,379,56,23856
qwen4b,draw1,model.layers.16.mlp.down_proj,kl,56,2,54,0,0,0,8172,4071,4332,7745,29,379,56,23856
qwen4b,draw2,model.layers.16.mlp.down_proj,ce,509,72,437,0,0,0,7787,4426,4561,7546,26,509,55,23730
qwen4b,draw2,model.layers.16.mlp.down_proj,kl,55,10,45,0,0,0,7787,4426,4561,7546,26,509,55,23730
qwen4b,draw3,model.layers.16.mlp.down_proj,ce,448,72,376,0,0,0,7827,4334,4640,7519,20,448,55,23797
qwen4b,draw3,model.layers.16.mlp.down_proj,kl,55,6,49,0,0,0,7827,4334,4640,7519,20,448,55,23797
qwen4b,draw4,model.layers.16.mlp.down_proj,ce,463,75,388,0,0,0,7760,4424,4483,7653,27,463,55,23775
qwen4b,draw4,model.layers.16.mlp.down_proj,kl,55,6,49,0,0,0,7760,4424,4483,7653,27,463,55,23775
qwen4b,seed0,model.layers.16.mlp.gate_proj,ce,209,32,177,0,0,0,7852,4314,4440,7714,19,209,45,24047
qwen4b,seed0,model.layers.16.mlp.gate_proj,kl,45,3,42,0,0,0,7852,4314,4440,7714,19,209,45,24047
qwen4b,draw1,model.layers.16.mlp.gate_proj,ce,163,20,143,0,0,0,8088,4024,4261,7947,6,163,37,24114
qwen4b,draw1,model.layers.16.mlp.gate_proj,kl,37,1,36,0,0,0,8088,4024,4261,7947,6,163,37,24114
qwen4b,draw2,model.layers.16.mlp.gate_proj,ce,212,29,183,0,0,0,7828,4339,4375,7778,12,212,39,24057
qwen4b,draw2,model.layers.16.mlp.gate_proj,kl,39,4,35,0,0,0,7828,4339,4375,7778,12,212,39,24057
qwen4b,draw3,model.layers.16.mlp.gate_proj,ce,198,31,167,0,0,0,7894,4305,4485,7636,12,198,26,24084
qwen4b,draw3,model.layers.16.mlp.gate_proj,kl,26,3,23,0,0,0,7894,4305,4485,7636,12,198,26,24084
qwen4b,draw4,model.layers.16.mlp.gate_proj,ce,169,27,142,0,0,0,7784,4415,4558,7563,13,169,45,24093
qwen4b,draw4,model.layers.16.mlp.gate_proj,kl,45,5,40,0,0,0,7784,4415,4558,7563,13,169,45,24093
qwen4b,seed0,model.layers.16.mlp.up_proj,ce,492,87,405,0,0,0,7949,4335,4480,7556,37,492,60,23731
qwen4b,seed0,model.layers.16.mlp.up_proj,kl,60,9,51,0,0,0,7949,4335,4480,7556,37,492,60,23731
qwen4b,draw1,model.layers.16.mlp.up_proj,ce,442,59,383,0,0,0,8011,4048,4383,7878,32,442,59,23787
qwen4b,draw1,model.layers.16.mlp.up_proj,kl,59,9,50,0,0,0,8011,4048,4383,7878,32,442,59,23787
qwen4b,draw2,model.layers.16.mlp.up_proj,ce,559,91,468,0,0,0,7880,4376,4629,7435,33,559,58,23670
qwen4b,draw2,model.layers.16.mlp.up_proj,kl,58,12,46,0,0,0,7880,4376,4629,7435,33,559,58,23670
qwen4b,draw3,model.layers.16.mlp.up_proj,ce,466,81,385,0,0,0,7889,4384,4568,7479,27,466,57,23770
qwen4b,draw3,model.layers.16.mlp.up_proj,kl,57,10,47,0,0,0,7889,4384,4568,7479,27,466,57,23770
qwen4b,draw4,model.layers.16.mlp.up_proj,ce,488,85,403,0,0,0,7760,4466,4574,7520,33,488,64,23735
qwen4b,draw4,model.layers.16.mlp.up_proj,kl,64,12,52,0,0,0,7760,4466,4574,7520,33,488,64,23735
qwen4b,seed0,model.layers.16.self_attn.k_proj,ce,18,2,16,0,0,0,844,439,494,783,2,18,16,2524
qwen4b,seed0,model.layers.16.self_attn.k_proj,kl,16,2,14,0,0,0,844,439,494,783,2,18,16,2524
qwen4b,draw1,model.layers.16.self_attn.k_proj,ce,23,1,22,0,0,0,820,448,466,826,2,23,15,2520
qwen4b,draw1,model.layers.16.self_attn.k_proj,kl,15,3,12,0,0,0,820,448,466,826,2,23,15,2520
qwen4b,draw2,model.layers.16.self_attn.k_proj,ce,32,1,31,0,0,0,806,446,481,827,2,32,3,2523
qwen4b,draw2,model.layers.16.self_attn.k_proj,kl,3,0,3,0,0,0,806,446,481,827,2,32,3,2523
qwen4b,draw3,model.layers.16.self_attn.k_proj,ce,20,2,18,0,0,0,820,448,504,788,2,20,6,2532
qwen4b,draw3,model.layers.16.self_attn.k_proj,kl,6,0,6,0,0,0,820,448,504,788,2,20,6,2532
qwen4b,draw4,model.layers.16.self_attn.k_proj,ce,29,2,27,0,0,0,828,435,502,795,0,29,16,2515
qwen4b,draw4,model.layers.16.self_attn.k_proj,kl,16,3,13,0,0,0,828,435,502,795,0,29,16,2515
qwen4b,seed0,model.layers.16.self_attn.o_proj,ce,497,81,416,0,0,0,3356,1786,1919,3179,20,497,30,9693
qwen4b,seed0,model.layers.16.self_attn.o_proj,kl,30,5,25,0,0,0,3356,1786,1919,3179,20,497,30,9693
qwen4b,draw1,model.layers.16.self_attn.o_proj,ce,448,56,392,0,0,0,3490,1631,1833,3286,20,448,24,9748
qwen4b,draw1,model.layers.16.self_attn.o_proj,kl,24,5,19,0,0,0,3490,1631,1833,3286,20,448,24,9748
qwen4b,draw2,model.layers.16.self_attn.o_proj,ce,556,98,458,0,0,0,3396,1770,1906,3168,18,556,32,9634
qwen4b,draw2,model.layers.16.self_attn.o_proj,kl,32,6,26,0,0,0,3396,1770,1906,3168,18,556,32,9634
qwen4b,draw3,model.layers.16.self_attn.o_proj,ce,509,90,419,0,0,0,3399,1783,1903,3155,31,509,38,9662
qwen4b,draw3,model.layers.16.self_attn.o_proj,kl,38,7,31,0,0,0,3399,1783,1903,3155,31,509,38,9662
qwen4b,draw4,model.layers.16.self_attn.o_proj,ce,500,99,401,0,0,0,3383,1837,1906,3114,16,500,35,9689
qwen4b,draw4,model.layers.16.self_attn.o_proj,kl,35,2,33,0,0,0,3383,1837,1906,3114,16,500,35,9689
qwen4b,seed0,model.layers.16.self_attn.q_proj,ce,54,7,47,0,0,0,3363,1868,1815,3194,12,54,32,10142
qwen4b,seed0,model.layers.16.self_attn.q_proj,kl,32,3,29,0,0,0,3363,1868,1815,3194,12,54,32,10142
qwen4b,draw1,model.layers.16.self_attn.q_proj,ce,66,6,60,0,0,0,3351,1805,1821,3263,8,66,24,10142
qwen4b,draw1,model.layers.16.self_attn.q_proj,kl,24,1,23,0,0,0,3351,1805,1821,3263,8,66,24,10142
qwen4b,draw2,model.layers.16.self_attn.q_proj,ce,67,11,56,0,0,0,3219,1848,1886,3287,9,67,24,10140
qwen4b,draw2,model.layers.16.self_attn.q_proj,kl,24,3,21,0,0,0,3219,1848,1886,3287,9,67,24,10140
qwen4b,draw3,model.layers.16.self_attn.q_proj,ce,54,5,49,0,0,0,3292,1856,1945,3147,7,54,31,10148
qwen4b,draw3,model.layers.16.self_attn.q_proj,kl,31,1,30,0,0,0,3292,1856,1945,3147,7,54,31,10148
qwen4b,draw4,model.layers.16.self_attn.q_proj,ce,70,10,60,0,0,0,3228,1940,1954,3118,7,70,32,10131
qwen4b,draw4,model.layers.16.self_attn.q_proj,kl,32,6,26,0,0,0,3228,1940,1954,3118,7,70,32,10131
qwen4b,seed0,model.layers.16.self_attn.v_proj,ce,80,16,64,0,0,0,819,444,492,805,7,80,7,2466
qwen4b,seed0,model.layers.16.self_attn.v_proj,kl,7,0,7,0,0,0,819,444,492,805,7,80,7,2466
qwen4b,draw1,model.layers.16.self_attn.v_proj,ce,71,12,59,0,0,0,859,435,447,819,6,71,8,2475
qwen4b,draw1,model.layers.16.self_attn.v_proj,kl,8,1,7,0,0,0,859,435,447,819,6,71,8,2475
qwen4b,draw2,model.layers.16.self_attn.v_proj,ce,84,24,60,0,0,0,865,436,473,786,9,84,14,2453
qwen4b,draw2,model.layers.16.self_attn.v_proj,kl,14,4,10,0,0,0,865,436,473,786,9,84,14,2453
qwen4b,draw3,model.layers.16.self_attn.v_proj,ce,75,9,66,0,0,0,824,424,519,793,3,75,12,2470
qwen4b,draw3,model.layers.16.self_attn.v_proj,kl,12,2,10,0,0,0,824,424,519,793,3,75,12,2470
qwen4b,draw4,model.layers.16.self_attn.v_proj,ce,74,9,65,0,0,0,816,457,498,789,3,74,14,2469
qwen4b,draw4,model.layers.16.self_attn.v_proj,kl,14,3,11,0,0,0,816,457,498,789,3,74,14,2469
qwen4b,seed0,model.layers.17.mlp.down_proj,ce,486,83,403,0,0,0,7629,4475,4636,7580,13,486,43,23778
qwen4b,seed0,model.layers.17.mlp.down_proj,kl,43,6,37,0,0,0,7629,4475,4636,7580,13,486,43,23778
qwen4b,draw1,model.layers.17.mlp.down_proj,ce,401,59,342,0,0,0,7866,4225,4445,7784,9,401,35,23875
qwen4b,draw1,model.layers.17.mlp.down_proj,kl,35,4,31,0,0,0,7866,4225,4445,7784,9,401,35,23875
qwen4b,draw2,model.layers.17.mlp.down_proj,ce,563,119,444,0,0,0,7825,4518,4588,7389,10,563,48,23699
qwen4b,draw2,model.layers.17.mlp.down_proj,kl,48,9,39,0,0,0,7825,4518,4588,7389,10,563,48,23699
qwen4b,draw3,model.layers.17.mlp.down_proj,ce,464,95,369,0,0,0,7688,4503,4711,7418,8,464,44,23804
qwen4b,draw3,model.layers.17.mlp.down_proj,kl,44,4,40,0,0,0,7688,4503,4711,7418,8,464,44,23804
qwen4b,draw4,model.layers.17.mlp.down_proj,ce,514,89,425,0,0,0,7675,4404,4711,7530,7,514,34,23765
qwen4b,draw4,model.layers.17.mlp.down_proj,kl,34,5,29,0,0,0,7675,4404,4711,7530,7,514,34,23765
qwen4b,seed0,model.layers.17.mlp.gate_proj,ce,211,38,173,0,0,0,7816,4345,4502,7657,7,211,37,24065
qwen4b,seed0,model.layers.17.mlp.gate_proj,kl,37,6,31,0,0,0,7816,4345,4502,7657,7,211,37,24065
qwen4b,draw1,model.layers.17.mlp.gate_proj,ce,182,30,152,0,0,0,7985,4229,4381,7725,6,182,32,24100
qwen4b,draw1,model.layers.17.mlp.gate_proj,kl,32,6,26,0,0,0,7985,4229,4381,7725,6,182,32,24100
qwen4b,draw2,model.layers.17.mlp.gate_proj,ce,228,29,199,0,0,0,7625,4521,4613,7561,8,228,49,24035
qwen4b,draw2,model.layers.17.mlp.gate_proj,kl,49,7,42,0,0,0,7625,4521,4613,7561,8,228,49,24035
qwen4b,draw3,model.layers.17.mlp.gate_proj,ce,230,38,192,0,0,0,7840,4390,4556,7534,3,230,40,24047
qwen4b,draw3,model.layers.17.mlp.gate_proj,kl,40,5,35,0,0,0,7840,4390,4556,7534,3,230,40,24047
qwen4b,draw4,model.layers.17.mlp.gate_proj,ce,215,38,177,0,0,0,7707,4504,4604,7505,1,215,38,24066
qwen4b,draw4,model.layers.17.mlp.gate_proj,kl,38,10,28,0,0,0,7707,4504,4604,7505,1,215,38,24066
qwen4b,seed0,model.layers.17.mlp.up_proj,ce,462,95,367,0,0,0,7692,4527,4674,7427,31,462,56,23771
qwen4b,seed0,model.layers.17.mlp.up_proj,kl,56,9,47,0,0,0,7692,4527,4674,7427,31,462,56,23771
qwen4b,draw1,model.layers.17.mlp.up_proj,ce,403,71,332,0,0,0,7800,4344,4461,7715,23,403,55,23839
qwen4b,draw1,model.layers.17.mlp.up_proj,kl,55,7,48,0,0,0,7800,4344,4461,7715,23,403,55,23839
qwen4b,draw2,model.layers.17.mlp.up_proj,ce,483,112,371,0,0,0,7592,4614,4733,7381,25,483,72,23740
qwen4b,draw2,model.layers.17.mlp.up_proj,kl,72,18,54,0,0,0,7592,4614,4733,7381,25,483,72,23740
qwen4b,draw3,model.layers.17.mlp.up_proj,ce,484,112,372,0,0,0,7665,4436,4875,7344,19,484,52,23765
qwen4b,draw3,model.layers.17.mlp.up_proj,kl,52,4,48,0,0,0,7665,4436,4875,7344,19,484,52,23765
qwen4b,draw4,model.layers.17.mlp.up_proj,ce,521,104,417,0,0,0,7471,4696,4705,7448,19,521,42,23738
qwen4b,draw4,model.layers.17.mlp.up_proj,kl,42,7,35,0,0,0,7471,4696,4705,7448,19,521,42,23738
qwen4b,seed0,model.layers.17.self_attn.k_proj,ce,23,2,21,0,0,0,882,461,481,736,1,23,9,2527
qwen4b,seed0,model.layers.17.self_attn.k_proj,kl,9,1,8,0,0,0,882,461,481,736,1,23,9,2527
qwen4b,draw1,model.layers.17.self_attn.k_proj,ce,18,2,16,0,0,0,849,460,457,794,1,18,5,2536
qwen4b,draw1,model.layers.17.self_attn.k_proj,kl,5,0,5,0,0,0,849,460,457,794,1,18,5,2536
qwen4b,draw2,model.layers.17.self_attn.k_proj,ce,23,4,19,0,0,0,851,453,487,769,1,23,4,2532
qwen4b,draw2,model.layers.17.self_attn.k_proj,kl,4,0,4,0,0,0,851,453,487,769,1,23,4,2532
qwen4b,draw3,model.layers.17.self_attn.k_proj,ce,26,3,23,0,0,0,764,481,465,850,0,26,3,2531
qwen4b,draw3,model.layers.17.self_attn.k_proj,kl,3,0,3,0,0,0,764,481,465,850,0,26,3,2531
qwen4b,draw4,model.layers.17.self_attn.k_proj,ce,24,3,21,0,0,0,829,469,498,764,2,24,9,2525
qwen4b,draw4,model.layers.17.self_attn.k_proj,kl,9,3,6,0,0,0,829,469,498,764,2,24,9,2525
qwen4b,seed0,model.layers.17.self_attn.o_proj,ce,797,156,641,0,0,0,3401,1789,1907,3143,48,797,30,9365
qwen4b,seed0,model.layers.17.self_attn.o_proj,kl,30,2,28,0,0,0,3401,1789,1907,3143,48,797,30,9365
qwen4b,draw1,model.layers.17.self_attn.o_proj,ce,732,130,602,0,0,0,3457,1740,1847,3196,28,732,56,9424
qwen4b,draw1,model.layers.17.self_attn.o_proj,kl,56,9,47,0,0,0,3457,1740,1847,3196,28,732,56,9424
qwen4b,draw2,model.layers.17.self_attn.o_proj,ce,805,156,649,0,0,0,3342,1812,1941,3145,41,805,63,9331
qwen4b,draw2,model.layers.17.self_attn.o_proj,kl,63,11,52,0,0,0,3342,1812,1941,3145,41,805,63,9331
qwen4b,draw3,model.layers.17.self_attn.o_proj,ce,750,150,600,0,0,0,3344,1759,1976,3161,33,750,38,9419
qwen4b,draw3,model.layers.17.self_attn.o_proj,kl,38,8,30,0,0,0,3344,1759,1976,3161,33,750,38,9419
qwen4b,draw4,model.layers.17.self_attn.o_proj,ce,775,146,629,0,0,0,3385,1780,1937,3138,13,775,45,9407
qwen4b,draw4,model.layers.17.self_attn.o_proj,kl,45,9,36,0,0,0,3385,1780,1937,3138,13,775,45,9407
qwen4b,seed0,model.layers.17.self_attn.q_proj,ce,83,18,65,0,0,0,3233,1893,1935,3179,7,83,24,10126
qwen4b,seed0,model.layers.17.self_attn.q_proj,kl,24,4,20,0,0,0,3233,1893,1935,3179,7,83,24,10126
qwen4b,draw1,model.layers.17.self_attn.q_proj,ce,62,10,52,0,0,0,3307,1785,1908,3240,3,62,17,10158
qwen4b,draw1,model.layers.17.self_attn.q_proj,kl,17,8,9,0,0,0,3307,1785,1908,3240,3,62,17,10158
qwen4b,draw2,model.layers.17.self_attn.q_proj,ce,88,22,66,0,0,0,3240,1813,1919,3268,4,88,15,10133
qwen4b,draw2,model.layers.17.self_attn.q_proj,kl,15,3,12,0,0,0,3240,1813,1919,3268,4,88,15,10133
qwen4b,draw3,model.layers.17.self_attn.q_proj,ce,74,6,68,0,0,0,3277,1852,1857,3254,10,74,11,10145
qwen4b,draw3,model.layers.17.self_attn.q_proj,kl,11,4,7,0,0,0,3277,1852,1857,3254,10,74,11,10145
qwen4b,draw4,model.layers.17.self_attn.q_proj,ce,56,18,38,0,0,0,3213,1914,1977,3136,6,56,19,10159
qwen4b,draw4,model.layers.17.self_attn.q_proj,kl,19,3,16,0,0,0,3213,1914,1977,3136,6,56,19,10159
qwen4b,seed0,model.layers.17.self_attn.v_proj,ce,135,23,112,0,0,0,873,458,438,791,8,135,2,2415
qwen4b,seed0,model.layers.17.self_attn.v_proj,kl,2,1,1,0,0,0,873,458,438,791,8,135,2,2415
qwen4b,draw1,model.layers.17.self_attn.v_proj,ce,106,17,89,0,0,0,848,426,469,817,11,106,5,2438
qwen4b,draw1,model.layers.17.self_attn.v_proj,kl,5,1,4,0,0,0,848,426,469,817,11,106,5,2438
qwen4b,draw2,model.layers.17.self_attn.v_proj,ce,140,20,120,0,0,0,839,465,522,734,14,140,9,2397
qwen4b,draw2,model.layers.17.self_attn.v_proj,kl,9,2,7,0,0,0,839,465,522,734,14,140,9,2397
qwen4b,draw3,model.layers.17.self_attn.v_proj,ce,110,18,92,0,0,0,853,456,465,786,8,110,9,2433
qwen4b,draw3,model.layers.17.self_attn.v_proj,kl,9,2,7,0,0,0,853,456,465,786,8,110,9,2433
qwen4b,draw4,model.layers.17.self_attn.v_proj,ce,118,18,100,0,0,0,851,444,492,773,5,118,9,2428
qwen4b,draw4,model.layers.17.self_attn.v_proj,kl,9,1,8,0,0,0,851,444,492,773,5,118,9,2428
qwen4b,seed0,model.layers.18.mlp.down_proj,ce,628,112,516,0,0,0,7764,4549,4634,7373,7,628,50,23635
qwen4b,seed0,model.layers.18.mlp.down_proj,kl,50,8,42,0,0,0,7764,4549,4634,7373,7,628,50,23635
qwen4b,draw1,model.layers.18.mlp.down_proj,ce,534,84,450,0,0,0,7997,4228,4562,7533,13,534,39,23734
qwen4b,draw1,model.layers.18.mlp.down_proj,kl,39,2,37,0,0,0,7997,4228,4562,7533,13,534,39,23734
qwen4b,draw2,model.layers.18.mlp.down_proj,ce,711,156,555,0,0,0,7694,4618,4684,7324,11,711,47,23551
qwen4b,draw2,model.layers.18.mlp.down_proj,kl,47,7,40,0,0,0,7694,4618,4684,7324,11,711,47,23551
qwen4b,draw3,model.layers.18.mlp.down_proj,ce,656,124,532,0,0,0,7677,4537,4643,7463,4,656,39,23621
qwen4b,draw3,model.layers.18.mlp.down_proj,kl,39,7,32,0,0,0,7677,4537,4643,7463,4,656,39,23621
qwen4b,draw4,model.layers.18.mlp.down_proj,ce,700,128,572,0,0,0,7840,4535,4771,7174,11,700,51,23558
qwen4b,draw4,model.layers.18.mlp.down_proj,kl,51,9,42,0,0,0,7840,4535,4771,7174,11,700,51,23558
qwen4b,seed0,model.layers.18.mlp.gate_proj,ce,272,48,224,0,0,0,7651,4535,4747,7387,8,272,46,23994
qwen4b,seed0,model.layers.18.mlp.gate_proj,kl,46,6,40,0,0,0,7651,4535,4747,7387,8,272,46,23994
qwen4b,draw1,model.layers.18.mlp.gate_proj,ce,210,38,172,0,0,0,7871,4296,4407,7746,3,210,39,24068
qwen4b,draw1,model.layers.18.mlp.gate_proj,kl,39,3,36,0,0,0,7871,4296,4407,7746,3,210,39,24068
qwen4b,draw2,model.layers.18.mlp.gate_proj,ce,306,55,251,0,0,0,7583,4487,4717,7533,6,306,42,23966
qwen4b,draw2,model.layers.18.mlp.gate_proj,kl,42,9,33,0,0,0,7583,4487,4717,7533,6,306,42,23966
qwen4b,draw3,model.layers.18.mlp.gate_proj,ce,261,52,209,0,0,0,7685,4456,4688,7491,4,261,46,24009
qwen4b,draw3,model.layers.18.mlp.gate_proj,kl,46,11,35,0,0,0,7685,4456,4688,7491,4,261,46,24009
qwen4b,draw4,model.layers.18.mlp.gate_proj,ce,270,67,203,0,0,0,7695,4548,4651,7426,9,270,32,24009
qwen4b,draw4,model.layers.18.mlp.gate_proj,kl,32,5,27,0,0,0,7695,4548,4651,7426,9,270,32,24009
qwen4b,seed0,model.layers.18.mlp.up_proj,ce,638,171,467,0,0,0,7601,4630,4876,7213,27,638,51,23604
qwen4b,seed0,model.layers.18.mlp.up_proj,kl,51,10,41,0,0,0,7601,4630,4876,7213,27,638,51,23604
qwen4b,draw1,model.layers.18.mlp.up_proj,ce,535,92,443,0,0,0,7843,4393,4455,7629,23,535,48,23714
qwen4b,draw1,model.layers.18.mlp.up_proj,kl,48,12,36,0,0,0,7843,4393,4455,7629,23,535,48,23714
qwen4b,draw2,model.layers.18.mlp.up_proj,ce,677,167,510,0,0,0,7460,4699,4869,7292,29,677,56,23558
qwen4b,draw2,model.layers.18.mlp.up_proj,kl,56,12,44,0,0,0,7460,4699,4869,7292,29,677,56,23558
qwen4b,draw3,model.layers.18.mlp.up_proj,ce,624,152,472,0,0,0,7583,4627,4769,7341,17,624,62,23617
qwen4b,draw3,model.layers.18.mlp.up_proj,kl,62,14,48,0,0,0,7583,4627,4769,7341,17,624,62,23617
qwen4b,draw4,model.layers.18.mlp.up_proj,ce,681,148,533,0,0,0,7493,4665,4877,7285,22,681,52,23565
qwen4b,draw4,model.layers.18.mlp.up_proj,kl,52,14,38,0,0,0,7493,4665,4877,7285,22,681,52,23565
qwen4b,seed0,model.layers.18.self_attn.k_proj,ce,22,2,20,0,0,0,801,484,481,794,1,22,5,2532
qwen4b,seed0,model.layers.18.self_attn.k_proj,kl,5,2,3,0,0,0,801,484,481,794,1,22,5,2532
qwen4b,draw1,model.layers.18.self_attn.k_proj,ce,16,2,14,0,0,0,865,431,477,787,1,16,5,2538
qwen4b,draw1,model.layers.18.self_attn.k_proj,kl,5,0,5,0,0,0,865,431,477,787,1,16,5,2538
qwen4b,draw2,model.layers.18.self_attn.k_proj,ce,22,2,20,0,0,0,799,476,529,756,1,22,1,2536
qwen4b,draw2,model.layers.18.self_attn.k_proj,kl,1,0,1,0,0,0,799,476,529,756,1,22,1,2536
qwen4b,draw3,model.layers.18.self_attn.k_proj,ce,20,6,14,0,0,0,810,456,507,787,0,20,7,2533
qwen4b,draw3,model.layers.18.self_attn.k_proj,kl,7,3,4,0,0,0,810,456,507,787,0,20,7,2533
qwen4b,draw4,model.layers.18.self_attn.k_proj,ce,22,2,20,0,0,0,775,469,505,811,2,22,6,2530
qwen4b,draw4,model.layers.18.self_attn.k_proj,kl,6,0,6,0,0,0,775,469,505,811,2,22,6,2530
qwen4b,seed0,model.layers.18.self_attn.o_proj,ce,891,209,682,0,0,0,3284,1866,2029,3061,41,891,37,9271
qwen4b,seed0,model.layers.18.self_attn.o_proj,kl,37,1,36,0,0,0,3284,1866,2029,3061,41,891,37,9271
qwen4b,draw1,model.layers.18.self_attn.o_proj,ce,798,180,618,0,0,0,3303,1792,1894,3251,45,798,41,9356
qwen4b,draw1,model.layers.18.self_attn.o_proj,kl,41,16,25,0,0,0,3303,1792,1894,3251,45,798,41,9356
qwen4b,draw2,model.layers.18.self_attn.o_proj,ce,950,217,733,0,0,0,3209,1896,2011,3124,41,950,36,9213
qwen4b,draw2,model.layers.18.self_attn.o_proj,kl,36,10,26,0,0,0,3209,1896,2011,3124,41,950,36,9213
qwen4b,draw3,model.layers.18.self_attn.o_proj,ce,872,228,644,0,0,0,3219,1906,2011,3104,39,872,43,9286
qwen4b,draw3,model.layers.18.self_attn.o_proj,kl,43,11,32,0,0,0,3219,1906,2011,3104,39,872,43,9286
qwen4b,draw4,model.layers.18.self_attn.o_proj,ce,893,225,668,0,0,0,3178,1884,2102,3076,37,893,46,9264
qwen4b,draw4,model.layers.18.self_attn.o_proj,kl,46,12,34,0,0,0,3178,1884,2102,3076,37,893,46,9264
qwen4b,seed0,model.layers.18.self_attn.q_proj,ce,135,23,112,0,0,0,3153,1933,2053,3101,5,135,22,10078
qwen4b,seed0,model.layers.18.self_attn.q_proj,kl,22,10,12,0,0,0,3153,1933,2053,3101,5,135,22,10078
qwen4b,draw1,model.layers.18.self_attn.q_proj,ce,97,12,85,0,0,0,3278,1827,1913,3222,5,97,26,10112
qwen4b,draw1,model.layers.18.self_attn.q_proj,kl,26,4,22,0,0,0,3278,1827,1913,3222,5,97,26,10112
qwen4b,draw2,model.layers.18.self_attn.q_proj,ce,127,32,95,0,0,0,3216,1855,1971,3198,6,127,21,10086
qwen4b,draw2,model.layers.18.self_attn.q_proj,kl,21,6,15,0,0,0,3216,1855,1971,3198,6,127,21,10086
qwen4b,draw3,model.layers.18.self_attn.q_proj,ce,121,30,91,0,0,0,3184,1933,1992,3131,5,121,21,10093
qwen4b,draw3,model.layers.18.self_attn.q_proj,kl,21,5,16,0,0,0,3184,1933,1992,3131,5,121,21,10093
qwen4b,draw4,model.layers.18.self_attn.q_proj,ce,115,25,90,0,0,0,3169,1921,2033,3117,2,115,17,10106
qwen4b,draw4,model.layers.18.self_attn.q_proj,kl,17,5,12,0,0,0,3169,1921,2033,3117,2,115,17,10106
qwen4b,seed0,model.layers.18.self_attn.v_proj,ce,126,23,103,0,0,0,809,439,523,789,6,126,17,2411
qwen4b,seed0,model.layers.18.self_attn.v_proj,kl,17,5,12,0,0,0,809,439,523,789,6,126,17,2411
qwen4b,draw1,model.layers.18.self_attn.v_proj,ce,113,19,94,0,0,0,830,431,499,800,5,113,10,2432
qwen4b,draw1,model.layers.18.self_attn.v_proj,kl,10,1,9,0,0,0,830,431,499,800,5,113,10,2432
qwen4b,draw2,model.layers.18.self_attn.v_proj,ce,129,28,101,0,0,0,785,463,532,780,2,129,5,2424
qwen4b,draw2,model.layers.18.self_attn.v_proj,kl,5,1,4,0,0,0,785,463,532,780,2,129,5,2424
qwen4b,draw3,model.layers.18.self_attn.v_proj,ce,110,21,89,0,0,0,810,462,509,779,10,110,8,2432
qwen4b,draw3,model.layers.18.self_attn.v_proj,kl,8,3,5,0,0,0,810,462,509,779,10,110,8,2432
qwen4b,draw4,model.layers.18.self_attn.v_proj,ce,119,23,96,0,0,0,818,425,533,784,4,119,10,2427
qwen4b,draw4,model.layers.18.self_attn.v_proj,kl,10,3,7,0,0,0,818,425,533,784,4,119,10,2427
qwen4b,seed0,model.layers.19.mlp.down_proj,ce,630,153,477,0,0,0,7535,4612,4850,7323,10,630,34,23646
qwen4b,seed0,model.layers.19.mlp.down_proj,kl,34,11,23,0,0,0,7535,4612,4850,7323,10,630,34,23646
qwen4b,draw1,model.layers.19.mlp.down_proj,ce,548,113,435,0,0,0,7780,4380,4678,7482,4,548,34,23734
qwen4b,draw1,model.layers.19.mlp.down_proj,kl,34,6,28,0,0,0,7780,4380,4678,7482,4,548,34,23734
qwen4b,draw2,model.layers.19.mlp.down_proj,ce,686,181,505,0,0,0,7454,4647,4885,7334,5,686,38,23591
qwen4b,draw2,model.layers.19.mlp.down_proj,kl,38,5,33,0,0,0,7454,4647,4885,7334,5,686,38,23591
qwen4b,draw3,model.layers.19.mlp.down_proj,ce,650,147,503,0,0,0,7450,4648,4790,7432,10,650,35,23625
qwen4b,draw3,model.layers.19.mlp.down_proj,kl,35,9,26,0,0,0,7450,4648,4790,7432,10,650,35,23625
qwen4b,draw4,model.layers.19.mlp.down_proj,ce,714,178,536,0,0,0,7585,4691,4790,7254,6,714,39,23561
qwen4b,draw4,model.layers.19.mlp.down_proj,kl,39,9,30,0,0,0,7585,4691,4790,7254,6,714,39,23561
qwen4b,seed0,model.layers.19.mlp.gate_proj,ce,307,84,223,0,0,0,7460,4704,4798,7358,8,307,37,23968
qwen4b,seed0,model.layers.19.mlp.gate_proj,kl,37,10,27,0,0,0,7460,4704,4798,7358,8,307,37,23968
qwen4b,draw1,model.layers.19.mlp.gate_proj,ce,256,44,212,0,0,0,7820,4332,4506,7662,4,256,27,24033
qwen4b,draw1,model.layers.19.mlp.gate_proj,kl,27,6,21,0,0,0,7820,4332,4506,7662,4,256,27,24033
qwen4b,draw2,model.layers.19.mlp.gate_proj,ce,344,87,257,0,0,0,7559,4655,4708,7398,4,344,39,23933
qwen4b,draw2,model.layers.19.mlp.gate_proj,kl,39,8,31,0,0,0,7559,4655,4708,7398,4,344,39,23933
qwen4b,draw3,model.layers.19.mlp.gate_proj,ce,307,74,233,0,0,0,7606,4585,4769,7360,3,307,40,23970
qwen4b,draw3,model.layers.19.mlp.gate_proj,kl,40,4,36,0,0,0,7606,4585,4769,7360,3,307,40,23970
qwen4b,draw4,model.layers.19.mlp.gate_proj,ce,343,80,263,0,0,0,7697,4455,4843,7325,4,343,37,23936
qwen4b,draw4,model.layers.19.mlp.gate_proj,kl,37,9,28,0,0,0,7697,4455,4843,7325,4,343,37,23936
qwen4b,seed0,model.layers.19.mlp.up_proj,ce,699,175,524,0,0,0,7450,4731,4872,7267,10,699,47,23564
qwen4b,seed0,model.layers.19.mlp.up_proj,kl,47,6,41,0,0,0,7450,4731,4872,7267,10,699,47,23564
qwen4b,draw1,model.layers.19.mlp.up_proj,ce,633,157,476,0,0,0,7685,4542,4718,7375,7,633,40,23640
qwen4b,draw1,model.layers.19.mlp.up_proj,kl,40,7,33,0,0,0,7685,4542,4718,7375,7,633,40,23640
qwen4b,draw2,model.layers.19.mlp.up_proj,ce,789,228,561,0,0,0,7384,4833,4973,7130,13,789,44,23474
qwen4b,draw2,model.layers.19.mlp.up_proj,kl,44,10,34,0,0,0,7384,4833,4973,7130,13,789,44,23474
qwen4b,draw3,model.layers.19.mlp.up_proj,ce,710,219,491,0,0,0,7423,4771,4953,7173,15,710,47,23548
qwen4b,draw3,model.layers.19.mlp.up_proj,kl,47,15,32,0,0,0,7423,4771,4953,7173,15,710,47,23548
qwen4b,draw4,model.layers.19.mlp.up_proj,ce,766,234,532,0,0,0,7421,4834,5030,7035,8,766,51,23495
qwen4b,draw4,model.layers.19.mlp.up_proj,kl,51,23,28,0,0,0,7421,4834,5030,7035,8,766,51,23495
qwen4b,seed0,model.layers.19.self_attn.k_proj,ce,45,11,34,0,0,0,792,481,527,760,1,45,3,2511
qwen4b,seed0,model.layers.19.self_attn.k_proj,kl,3,0,3,0,0,0,792,481,527,760,1,45,3,2511
qwen4b,draw1,model.layers.19.self_attn.k_proj,ce,48,15,33,0,0,0,801,442,477,840,0,48,4,2508
qwen4b,draw1,model.layers.19.self_attn.k_proj,kl,4,2,2,0,0,0,801,442,477,840,0,48,4,2508
qwen4b,draw2,model.layers.19.self_attn.k_proj,ce,51,22,29,0,0,0,805,475,512,768,0,51,8,2501
qwen4b,draw2,model.layers.19.self_attn.k_proj,kl,8,2,6,0,0,0,805,475,512,768,0,51,8,2501
qwen4b,draw3,model.layers.19.self_attn.k_proj,ce,44,15,29,0,0,0,798,458,533,771,0,44,5,2511
qwen4b,draw3,model.layers.19.self_attn.k_proj,kl,5,0,5,0,0,0,798,458,533,771,0,44,5,2511
qwen4b,draw4,model.layers.19.self_attn.k_proj,ce,49,13,36,0,0,0,823,468,497,772,1,49,11,2499
qwen4b,draw4,model.layers.19.self_attn.k_proj,kl,11,2,9,0,0,0,823,468,497,772,1,49,11,2499
qwen4b,seed0,model.layers.19.self_attn.o_proj,ce,969,265,704,0,0,0,3149,1934,2040,3117,23,969,24,9224
qwen4b,seed0,model.layers.19.self_attn.o_proj,kl,24,11,13,0,0,0,3149,1934,2040,3117,23,969,24,9224
qwen4b,draw1,model.layers.19.self_attn.o_proj,ce,865,180,685,0,0,0,3311,1791,1914,3224,30,865,35,9310
qwen4b,draw1,model.layers.19.self_attn.o_proj,kl,35,9,26,0,0,0,3311,1791,1914,3224,30,865,35,9310
qwen4b,draw2,model.layers.19.self_attn.o_proj,ce,990,285,705,0,0,0,3171,1926,2119,3024,19,990,51,9180
qwen4b,draw2,model.layers.19.self_attn.o_proj,kl,51,20,31,0,0,0,3171,1926,2119,3024,19,990,51,9180
qwen4b,draw3,model.layers.19.self_attn.o_proj,ce,953,262,691,0,0,0,3181,1934,2132,2993,20,953,50,9217
qwen4b,draw3,model.layers.19.self_attn.o_proj,kl,50,12,38,0,0,0,3181,1934,2132,2993,20,953,50,9217
qwen4b,draw4,model.layers.19.self_attn.o_proj,ce,971,267,704,0,0,0,3167,1924,2180,2969,18,971,44,9207
qwen4b,draw4,model.layers.19.self_attn.o_proj,kl,44,19,25,0,0,0,3167,1924,2180,2969,18,971,44,9207
qwen4b,seed0,model.layers.19.self_attn.q_proj,ce,220,52,168,0,0,0,3149,1890,2077,3124,6,220,17,9997
qwen4b,seed0,model.layers.19.self_attn.q_proj,kl,17,4,13,0,0,0,3149,1890,2077,3124,6,220,17,9997
qwen4b,draw1,model.layers.19.self_attn.q_proj,ce,201,42,159,0,0,0,3322,1764,1895,3259,5,201,16,10018
qwen4b,draw1,model.layers.19.self_attn.q_proj,kl,16,5,11,0,0,0,3322,1764,1895,3259,5,201,16,10018
qwen4b,draw2,model.layers.19.self_attn.q_proj,ce,263,60,203,0,0,0,3110,1870,2157,3103,5,263,21,9951
qwen4b,draw2,model.layers.19.self_attn.q_proj,kl,21,7,14,0,0,0,3110,1870,2157,3103,5,263,21,9951
qwen4b,draw3,model.layers.19.self_attn.q_proj,ce,224,46,178,0,0,0,3251,1885,2026,3078,6,224,16,9994
qwen4b,draw3,model.layers.19.self_attn.q_proj,kl,16,7,9,0,0,0,3251,1885,2026,3078,6,224,16,9994
qwen4b,draw4,model.layers.19.self_attn.q_proj,ce,210,58,152,0,0,0,3105,1923,2051,3161,4,210,18,10008
qwen4b,draw4,model.layers.19.self_attn.q_proj,kl,18,6,12,0,0,0,3105,1923,2051,3161,4,210,18,10008
qwen4b,seed0,model.layers.19.self_attn.v_proj,ce,149,38,111,0,0,0,817,457,502,784,13,149,14,2384
qwen4b,seed0,model.layers.19.self_attn.v_proj,kl,14,9,5,0,0,0,817,457,502,784,13,149,14,2384
qwen4b,draw1,model.layers.19.self_attn.v_proj,ce,127,18,109,0,0,0,801,459,490,810,12,127,8,2413
qwen4b,draw1,model.layers.19.self_attn.v_proj,kl,8,4,4,0,0,0,801,459,490,810,12,127,8,2413
qwen4b,draw2,model.layers.19.self_attn.v_proj,ce,140,34,106,0,0,0,797,472,490,801,15,140,14,2391
qwen4b,draw2,model.layers.19.self_attn.v_proj,kl,14,5,9,0,0,0,797,472,490,801,15,140,14,2391
qwen4b,draw3,model.layers.19.self_attn.v_proj,ce,148,46,102,0,0,0,788,474,504,794,9,148,16,2387
qwen4b,draw3,model.layers.19.self_attn.v_proj,kl,16,9,7,0,0,0,788,474,504,794,9,148,16,2387
qwen4b,draw4,model.layers.19.self_attn.v_proj,ce,158,35,123,0,0,0,834,427,523,776,7,158,11,2384
qwen4b,draw4,model.layers.19.self_attn.v_proj,kl,11,5,6,0,0,0,834,427,523,776,7,158,11,2384
qwen4b,seed0,model.layers.2.mlp.down_proj,ce,198,11,187,0,0,1,8401,3724,3924,8271,19,198,58,24045
qwen4b,seed0,model.layers.2.mlp.down_proj,kl,58,2,56,0,0,0,8401,3724,3924,8271,19,198,58,24045
qwen4b,draw1,model.layers.2.mlp.down_proj,ce,141,8,133,0,0,0,7919,4333,4212,7856,15,141,49,24115
qwen4b,draw1,model.layers.2.mlp.down_proj,kl,49,6,43,0,0,0,7919,4333,4212,7856,15,141,49,24115
qwen4b,draw2,model.layers.2.mlp.down_proj,ce,165,2,163,0,0,0,8661,3603,3594,8462,39,165,54,24062
qwen4b,draw2,model.layers.2.mlp.down_proj,kl,54,1,53,0,0,0,8661,3603,3594,8462,39,165,54,24062
qwen4b,draw3,model.layers.2.mlp.down_proj,ce,137,3,134,0,0,0,8505,3801,3772,8242,22,137,54,24107
qwen4b,draw3,model.layers.2.mlp.down_proj,kl,54,2,52,0,0,0,8505,3801,3772,8242,22,137,54,24107
qwen4b,draw4,model.layers.2.mlp.down_proj,ce,39,0,39,0,0,0,9757,2460,2395,9708,3,39,5,24273
qwen4b,draw4,model.layers.2.mlp.down_proj,kl,5,0,5,0,0,0,9757,2460,2395,9708,3,39,5,24273
qwen4b,seed0,model.layers.2.mlp.gate_proj,ce,93,3,90,0,0,0,8208,3919,3956,8237,14,93,39,24174
qwen4b,seed0,model.layers.2.mlp.gate_proj,kl,39,0,39,0,0,0,8208,3919,3956,8237,14,93,39,24174
qwen4b,draw1,model.layers.2.mlp.gate_proj,ce,68,4,64,0,0,0,7683,4632,4567,7438,11,68,28,24213
qwen4b,draw1,model.layers.2.mlp.gate_proj,kl,28,1,27,0,0,0,7683,4632,4567,7438,11,68,28,24213
qwen4b,draw2,model.layers.2.mlp.gate_proj,ce,56,0,56,0,0,0,8495,3636,3732,8457,32,56,40,24192
qwen4b,draw2,model.layers.2.mlp.gate_proj,kl,40,1,39,0,0,0,8495,3636,3732,8457,32,56,40,24192
qwen4b,draw3,model.layers.2.mlp.gate_proj,ce,58,2,56,0,0,0,8396,3871,3877,8176,14,58,61,24187
qwen4b,draw3,model.layers.2.mlp.gate_proj,kl,61,2,59,0,0,0,8396,3871,3877,8176,14,58,61,24187
qwen4b,draw4,model.layers.2.mlp.gate_proj,ce,22,0,22,0,0,0,9881,2226,2314,9899,3,22,7,24288
qwen4b,draw4,model.layers.2.mlp.gate_proj,kl,7,0,7,0,0,0,9881,2226,2314,9899,3,22,7,24288
qwen4b,seed0,model.layers.2.mlp.up_proj,ce,197,5,192,0,0,0,8334,3740,3762,8484,48,197,56,24019
qwen4b,seed0,model.layers.2.mlp.up_proj,kl,56,2,54,0,0,0,8334,3740,3762,8484,48,197,56,24019
qwen4b,draw1,model.layers.2.mlp.up_proj,ce,141,2,139,0,0,0,7622,4439,4539,7720,36,141,39,24104
qwen4b,draw1,model.layers.2.mlp.up_proj,kl,39,2,37,0,0,0,7622,4439,4539,7720,36,141,39,24104
qwen4b,draw2,model.layers.2.mlp.up_proj,ce,154,3,151,0,0,0,8607,3515,3514,8684,73,154,68,24025
qwen4b,draw2,model.layers.2.mlp.up_proj,kl,68,1,67,0,0,0,8607,3515,3514,8684,73,154,68,24025
qwen4b,draw3,model.layers.2.mlp.up_proj,ce,142,5,137,0,0,0,8435,3699,3774,8412,50,142,88,24040
qwen4b,draw3,model.layers.2.mlp.up_proj,kl,88,4,84,0,0,0,8435,3699,3774,8412,50,142,88,24040
qwen4b,draw4,model.layers.2.mlp.up_proj,ce,56,0,56,0,0,0,9866,2246,2255,9953,10,56,10,24244
qwen4b,draw4,model.layers.2.mlp.up_proj,kl,10,0,10,0,0,0,9866,2246,2255,9953,10,56,10,24244
qwen4b,seed0,model.layers.2.self_attn.k_proj,ce,15,2,13,0,0,0,870,427,399,864,1,15,1,2543
qwen4b,seed0,model.layers.2.self_attn.k_proj,kl,1,0,1,0,0,0,870,427,399,864,1,15,1,2543
qwen4b,draw1,model.layers.2.self_attn.k_proj,ce,7,0,7,0,0,0,696,555,572,737,0,7,3,2550
qwen4b,draw1,model.layers.2.self_attn.k_proj,kl,3,0,3,0,0,0,696,555,572,737,0,7,3,2550
qwen4b,draw2,model.layers.2.self_attn.k_proj,ce,14,0,14,0,0,0,920,396,342,902,4,14,3,2539
qwen4b,draw2,model.layers.2.self_attn.k_proj,kl,3,0,3,0,0,0,920,396,342,902,4,14,3,2539
qwen4b,draw3,model.layers.2.self_attn.k_proj,ce,8,0,8,0,0,0,886,391,417,866,1,8,1,2550
qwen4b,draw3,model.layers.2.self_attn.k_proj,kl,1,0,1,0,0,0,886,391,417,866,1,8,1,2550
qwen4b,draw4,model.layers.2.self_attn.k_proj,ce,1,0,1,0,0,0,995,267,237,1061,0,1,0,2559
qwen4b,draw4,model.layers.2.self_attn.k_proj,kl,0,0,0,0,0,0,995,267,237,1061,0,1,0,2559
qwen4b,seed0,model.layers.2.self_attn.o_proj,ce,181,6,175,0,0,0,3674,1469,1459,3638,25,181,32,10002
qwen4b,seed0,model.layers.2.self_attn.o_proj,kl,32,0,32,0,0,0,3674,1469,1459,3638,25,181,32,10002
qwen4b,draw1,model.layers.2.self_attn.o_proj,ce,128,5,123,0,0,0,3268,1915,1854,3203,12,128,35,10065
qwen4b,draw1,model.layers.2.self_attn.o_proj,kl,35,2,33,0,0,0,3268,1915,1854,3203,12,128,35,10065
qwen4b,draw2,model.layers.2.self_attn.o_proj,ce,138,0,138,0,0,0,3862,1278,1267,3833,44,138,44,10014
qwen4b,draw2,model.layers.2.self_attn.o_proj,kl,44,1,43,0,0,0,3862,1278,1267,3833,44,138,44,10014
qwen4b,draw3,model.layers.2.self_attn.o_proj,ce,119,3,116,0,0,0,3600,1448,1473,3719,25,119,44,10052
qwen4b,draw3,model.layers.2.self_attn.o_proj,kl,44,0,44,0,0,0,3600,1448,1473,3719,25,119,44,10052
qwen4b,draw4,model.layers.2.self_attn.o_proj,ce,36,2,34,0,0,0,4009,1075,1025,4131,8,36,4,10192
qwen4b,draw4,model.layers.2.self_attn.o_proj,kl,4,0,4,0,0,0,4009,1075,1025,4131,8,36,4,10192
qwen4b,seed0,model.layers.2.self_attn.q_proj,ce,54,3,51,0,0,0,3520,1629,1644,3447,2,54,17,10167
qwen4b,seed0,model.layers.2.self_attn.q_proj,kl,17,0,17,0,0,0,3520,1629,1644,3447,2,54,17,10167
qwen4b,draw1,model.layers.2.self_attn.q_proj,ce,34,1,33,0,0,0,2934,2195,2220,2891,1,34,13,10192
qwen4b,draw1,model.layers.2.self_attn.q_proj,kl,13,2,11,0,0,0,2934,2195,2220,2891,1,34,13,10192
qwen4b,draw2,model.layers.2.self_attn.q_proj,ce,36,0,36,0,0,0,3560,1580,1570,3530,9,36,22,10173
qwen4b,draw2,model.layers.2.self_attn.q_proj,kl,22,1,21,0,0,0,3560,1580,1570,3530,9,36,22,10173
qwen4b,draw3,model.layers.2.self_attn.q_proj,ce,40,1,39,0,0,0,3522,1581,1688,3449,5,40,14,10181
qwen4b,draw3,model.layers.2.self_attn.q_proj,kl,14,0,14,0,0,0,3522,1581,1688,3449,5,40,14,10181
qwen4b,draw4,model.layers.2.self_attn.q_proj,ce,7,0,7,0,0,0,4101,981,967,4191,0,7,3,10230
qwen4b,draw4,model.layers.2.self_attn.q_proj,kl,3,0,3,0,0,0,4101,981,967,4191,0,7,3,10230
qwen4b,seed0,model.layers.2.self_attn.v_proj,ce,63,0,63,0,0,0,928,360,352,920,11,63,10,2476
qwen4b,seed0,model.layers.2.self_attn.v_proj,kl,10,0,10,0,0,0,928,360,352,920,11,63,10,2476
qwen4b,draw1,model.layers.2.self_attn.v_proj,ce,36,1,35,0,0,0,829,483,488,760,12,36,7,2505
qwen4b,draw1,model.layers.2.self_attn.v_proj,kl,7,0,7,0,0,0,829,483,488,760,12,36,7,2505
qwen4b,draw2,model.layers.2.self_attn.v_proj,ce,39,0,39,0,0,0,1026,305,288,941,29,39,22,2470
qwen4b,draw2,model.layers.2.self_attn.v_proj,kl,22,0,22,0,0,0,1026,305,288,941,29,39,22,2470
qwen4b,draw3,model.layers.2.self_attn.v_proj,ce,38,0,38,0,0,0,955,338,357,910,22,38,10,2490
qwen4b,draw3,model.layers.2.self_attn.v_proj,kl,10,1,9,0,0,0,955,338,357,910,22,38,10,2490
qwen4b,draw4,model.layers.2.self_attn.v_proj,ce,9,0,9,0,0,0,1067,241,240,1012,4,9,1,2546
qwen4b,draw4,model.layers.2.self_attn.v_proj,kl,1,0,1,0,0,0,1067,241,240,1012,4,9,1,2546
qwen4b,seed0,model.layers.20.mlp.down_proj,ce,742,148,594,0,0,0,7646,4537,4762,7375,6,742,45,23527
qwen4b,seed0,model.layers.20.mlp.down_proj,kl,45,8,37,0,0,0,7646,4537,4762,7375,6,742,45,23527
qwen4b,draw1,model.layers.20.mlp.down_proj,ce,595,108,487,0,0,0,7794,4425,4601,7500,6,595,35,23684
qwen4b,draw1,model.layers.20.mlp.down_proj,kl,35,2,33,0,0,0,7794,4425,4601,7500,6,595,35,23684
qwen4b,draw2,model.layers.20.mlp.down_proj,ce,778,184,594,0,0,0,7572,4751,4814,7183,10,778,40,23492
qwen4b,draw2,model.layers.20.mlp.down_proj,kl,40,8,32,0,0,0,7572,4751,4814,7183,10,778,40,23492
qwen4b,draw3,model.layers.20.mlp.down_proj,ce,706,170,536,0,0,0,7409,4694,4855,7362,5,706,41,23568
qwen4b,draw3,model.layers.20.mlp.down_proj,kl,41,5,36,0,0,0,7409,4694,4855,7362,5,706,41,23568
qwen4b,draw4,model.layers.20.mlp.down_proj,ce,765,174,591,0,0,0,7616,4684,4862,7158,5,765,29,23521
qwen4b,draw4,model.layers.20.mlp.down_proj,kl,29,9,20,0,0,0,7616,4684,4862,7158,5,765,29,23521
qwen4b,seed0,model.layers.20.mlp.gate_proj,ce,323,90,233,0,0,0,7643,4476,4752,7449,6,323,40,23951
qwen4b,seed0,model.layers.20.mlp.gate_proj,kl,40,7,33,0,0,0,7643,4476,4752,7449,6,323,40,23951
qwen4b,draw1,model.layers.20.mlp.gate_proj,ce,284,61,223,0,0,0,7827,4330,4521,7642,3,284,30,24003
qwen4b,draw1,model.layers.20.mlp.gate_proj,kl,30,4,26,0,0,0,7827,4330,4521,7642,3,284,30,24003
qwen4b,draw2,model.layers.20.mlp.gate_proj,ce,373,116,257,0,0,0,7602,4578,4758,7382,7,373,32,23908
qwen4b,draw2,model.layers.20.mlp.gate_proj,kl,32,8,24,0,0,0,7602,4578,4758,7382,7,373,32,23908
qwen4b,draw3,model.layers.20.mlp.gate_proj,ce,324,85,239,0,0,0,7520,4524,4745,7531,3,324,29,23964
qwen4b,draw3,model.layers.20.mlp.gate_proj,kl,29,4,25,0,0,0,7520,4524,4745,7531,3,324,29,23964
qwen4b,draw4,model.layers.20.mlp.gate_proj,ce,368,110,258,0,0,0,7647,4474,4842,7357,6,368,21,23925
qwen4b,draw4,model.layers.20.mlp.gate_proj,kl,21,6,15,0,0,0,7647,4474,4842,7357,6,368,21,23925
qwen4b,seed0,model.layers.20.mlp.up_proj,ce,735,204,531,0,0,0,7460,4720,4912,7228,9,735,56,23520
qwen4b,seed0,model.layers.20.mlp.up_proj,kl,56,10,46,0,0,0,7460,4720,4912,7228,9,735,56,23520
qwen4b,draw1,model.layers.20.mlp.up_proj,ce,661,170,491,0,0,0,7719,4527,4656,7418,9,661,49,23601
qwen4b,draw1,model.layers.20.mlp.up_proj,kl,49,15,34,0,0,0,7719,4527,4656,7418,9,661,49,23601
qwen4b,draw2,model.layers.20.mlp.up_proj,ce,819,241,578,0,0,0,7281,4863,5107,7069,11,819,44,23446
qwen4b,draw2,model.layers.20.mlp.up_proj,kl,44,13,31,0,0,0,7281,4863,5107,7069,11,819,44,23446
qwen4b,draw3,model.layers.20.mlp.up_proj,ce,707,251,456,0,0,0,7349,4816,4989,7166,11,707,51,23551
qwen4b,draw3,model.layers.20.mlp.up_proj,kl,51,19,32,0,0,0,7349,4816,4989,7166,11,707,51,23551
qwen4b,draw4,model.layers.20.mlp.up_proj,ce,798,263,535,0,0,0,7325,4791,5092,7112,12,798,40,23470
qwen4b,draw4,model.layers.20.mlp.up_proj,kl,40,14,26,0,0,0,7325,4791,5092,7112,12,798,40,23470
qwen4b,seed0,model.layers.20.self_attn.k_proj,ce,34,15,19,0,0,0,780,536,493,751,0,34,3,2523
qwen4b,seed0,model.layers.20.self_attn.k_proj,kl,3,1,2,0,0,0,780,536,493,751,0,34,3,2523
qwen4b,draw1,model.layers.20.self_attn.k_proj,ce,43,8,35,0,0,0,861,489,477,733,0,43,4,2513
qwen4b,draw1,model.layers.20.self_attn.k_proj,kl,4,1,3,0,0,0,861,489,477,733,0,43,4,2513
qwen4b,draw2,model.layers.20.self_attn.k_proj,ce,44,13,31,0,0,0,805,498,532,725,0,44,6,2510
qwen4b,draw2,model.layers.20.self_attn.k_proj,kl,6,3,3,0,0,0,805,498,532,725,0,44,6,2510
qwen4b,draw3,model.layers.20.self_attn.k_proj,ce,52,13,39,0,0,0,794,478,520,768,0,52,4,2504
qwen4b,draw3,model.layers.20.self_attn.k_proj,kl,4,1,3,0,0,0,794,478,520,768,0,52,4,2504
qwen4b,draw4,model.layers.20.self_attn.k_proj,ce,44,12,32,0,0,0,820,503,486,751,0,44,5,2511
qwen4b,draw4,model.layers.20.self_attn.k_proj,kl,5,2,3,0,0,0,820,503,486,751,0,44,5,2511
qwen4b,seed0,model.layers.20.self_attn.o_proj,ce,1124,305,819,0,0,0,3142,1942,2073,3083,23,1124,31,9062
qwen4b,seed0,model.layers.20.self_attn.o_proj,kl,31,9,22,0,0,0,3142,1942,2073,3083,23,1124,31,9062
qwen4b,draw1,model.layers.20.self_attn.o_proj,ce,1043,242,801,0,0,0,3262,1799,1970,3209,47,1043,35,9115
qwen4b,draw1,model.layers.20.self_attn.o_proj,kl,35,11,24,0,0,0,3262,1799,1970,3209,47,1043,35,9115
qwen4b,draw2,model.layers.20.self_attn.o_proj,ce,1160,299,861,0,0,0,3203,1854,2139,3044,32,1160,46,9002
qwen4b,draw2,model.layers.20.self_attn.o_proj,kl,46,18,28,0,0,0,3203,1854,2139,3044,32,1160,46,9002
qwen4b,draw3,model.layers.20.self_attn.o_proj,ce,1112,349,763,0,0,0,3087,1993,2210,2950,28,1112,41,9059
qwen4b,draw3,model.layers.20.self_attn.o_proj,kl,41,10,31,0,0,0,3087,1993,2210,2950,28,1112,41,9059
qwen4b,draw4,model.layers.20.self_attn.o_proj,ce,1110,340,770,0,0,0,3107,1955,2097,3081,18,1110,34,9078
qwen4b,draw4,model.layers.20.self_attn.o_proj,kl,34,12,22,0,0,0,3107,1955,2097,3081,18,1110,34,9078
qwen4b,seed0,model.layers.20.self_attn.q_proj,ce,197,66,131,0,0,0,3157,1981,2080,3022,2,197,33,10008
qwen4b,seed0,model.layers.20.self_attn.q_proj,kl,33,11,22,0,0,0,3157,1981,2080,3022,2,197,33,10008
qwen4b,draw1,model.layers.20.self_attn.q_proj,ce,172,37,135,0,0,0,3264,1843,1885,3248,1,172,18,10049
qwen4b,draw1,model.layers.20.self_attn.q_proj,kl,18,4,14,0,0,0,3264,1843,1885,3248,1,172,18,10049
qwen4b,draw2,model.layers.20.self_attn.q_proj,ce,193,57,136,0,0,0,3136,1948,2108,3048,2,193,22,10023
qwen4b,draw2,model.layers.20.self_attn.q_proj,kl,22,5,17,0,0,0,3136,1948,2108,3048,2,193,22,10023
qwen4b,draw3,model.layers.20.self_attn.q_proj,ce,178,56,122,0,0,0,3170,1983,2071,3016,2,178,23,10037
qwen4b,draw3,model.layers.20.self_attn.q_proj,kl,23,8,15,0,0,0,3170,1983,2071,3016,2,178,23,10037
qwen4b,draw4,model.layers.20.self_attn.q_proj,ce,200,80,120,0,0,0,3123,2075,2036,3006,4,200,23,10013
qwen4b,draw4,model.layers.20.self_attn.q_proj,kl,23,11,12,0,0,0,3123,2075,2036,3006,4,200,23,10013
qwen4b,seed0,model.layers.20.self_attn.v_proj,ce,140,39,101,0,0,0,780,475,519,786,6,140,9,2405
qwen4b,seed0,model.layers.20.self_attn.v_proj,kl,9,4,5,0,0,0,780,475,519,786,6,140,9,2405
qwen4b,draw1,model.layers.20.self_attn.v_proj,ce,131,28,103,0,0,0,803,464,528,765,3,131,8,2418
qwen4b,draw1,model.layers.20.self_attn.v_proj,kl,8,3,5,0,0,0,803,464,528,765,3,131,8,2418
qwen4b,draw2,model.layers.20.self_attn.v_proj,ce,165,49,116,0,0,0,769,503,542,746,4,165,6,2385
qwen4b,draw2,model.layers.20.self_attn.v_proj,kl,6,1,5,0,0,0,769,503,542,746,4,165,6,2385
qwen4b,draw3,model.layers.20.self_attn.v_proj,ce,139,42,97,0,0,0,763,497,535,765,4,139,11,2406
qwen4b,draw3,model.layers.20.self_attn.v_proj,kl,11,5,6,0,0,0,763,497,535,765,4,139,11,2406
qwen4b,draw4,model.layers.20.self_attn.v_proj,ce,155,37,118,0,0,0,815,482,555,708,2,155,9,2394
qwen4b,draw4,model.layers.20.self_attn.v_proj,kl,9,7,2,0,0,0,815,482,555,708,2,155,9,2394
qwen4b,seed0,model.layers.21.mlp.down_proj,ce,1044,237,807,0,0,0,7700,4616,4716,7288,12,1044,43,23221
qwen4b,seed0,model.layers.21.mlp.down_proj,kl,43,6,37,0,0,0,7700,4616,4716,7288,12,1044,43,23221
qwen4b,draw1,model.layers.21.mlp.down_proj,ce,759,150,609,0,0,0,7790,4351,4562,7617,8,759,29,23524
qwen4b,draw1,model.layers.21.mlp.down_proj,kl,29,4,25,0,0,0,7790,4351,4562,7617,8,759,29,23524
qwen4b,draw2,model.layers.21.mlp.down_proj,ce,988,244,744,0,0,0,7649,4606,4911,7154,17,988,33,23282
qwen4b,draw2,model.layers.21.mlp.down_proj,kl,33,6,27,0,0,0,7649,4606,4911,7154,17,988,33,23282
qwen4b,draw3,model.layers.21.mlp.down_proj,ce,915,208,707,0,0,0,7492,4669,4836,7323,12,915,35,23358
qwen4b,draw3,model.layers.21.mlp.down_proj,kl,35,8,27,0,0,0,7492,4669,4836,7323,12,915,35,23358
qwen4b,draw4,model.layers.21.mlp.down_proj,ce,1038,244,794,0,0,0,7655,4531,4840,7294,7,1038,43,23232
qwen4b,draw4,model.layers.21.mlp.down_proj,kl,43,9,34,0,0,0,7655,4531,4840,7294,7,1038,43,23232
qwen4b,seed0,model.layers.21.mlp.gate_proj,ce,604,157,447,0,0,0,7691,4555,4738,7336,13,604,36,23667
qwen4b,seed0,model.layers.21.mlp.gate_proj,kl,36,8,28,0,0,0,7691,4555,4738,7336,13,604,36,23667
qwen4b,draw1,model.layers.21.mlp.gate_proj,ce,500,121,379,0,0,0,7932,4338,4421,7629,14,500,27,23779
qwen4b,draw1,model.layers.21.mlp.gate_proj,kl,27,3,24,0,0,0,7932,4338,4421,7629,14,500,27,23779
qwen4b,draw2,model.layers.21.mlp.gate_proj,ce,632,152,480,0,0,0,7625,4683,4599,7413,17,632,23,23648
qwen4b,draw2,model.layers.21.mlp.gate_proj,kl,23,3,20,0,0,0,7625,4683,4599,7413,17,632,23,23648
qwen4b,draw3,model.layers.21.mlp.gate_proj,ce,565,161,404,0,0,0,7702,4518,4580,7520,9,565,31,23715
qwen4b,draw3,model.layers.21.mlp.gate_proj,kl,31,10,21,0,0,0,7702,4518,4580,7520,9,565,31,23715
qwen4b,draw4,model.layers.21.mlp.gate_proj,ce,649,178,471,0,0,0,7736,4634,4619,7331,15,649,34,23622
qwen4b,draw4,model.layers.21.mlp.gate_proj,kl,34,6,28,0,0,0,7736,4634,4619,7331,15,649,34,23622
qwen4b,seed0,model.layers.21.mlp.up_proj,ce,1147,297,850,0,0,1,7522,4608,4899,7291,32,1147,53,23088
qwen4b,seed0,model.layers.21.mlp.up_proj,kl,53,11,42,0,0,0,7522,4608,4899,7291,32,1147,53,23088
qwen4b,draw1,model.layers.21.mlp.up_proj,ce,1014,227,787,0,0,0,7853,4459,4646,7362,30,1014,32,23244
qwen4b,draw1,model.layers.21.mlp.up_proj,kl,32,6,26,0,0,0,7853,4459,4646,7362,30,1014,32,23244
qwen4b,draw2,model.layers.21.mlp.up_proj,ce,1251,353,898,0,0,0,7631,4651,4900,7138,35,1251,61,22973
qwen4b,draw2,model.layers.21.mlp.up_proj,kl,61,18,43,0,0,0,7631,4651,4900,7138,35,1251,61,22973
qwen4b,draw3,model.layers.21.mlp.up_proj,ce,1179,338,841,0,0,0,7520,4703,4811,7286,22,1179,53,23066
qwen4b,draw3,model.layers.21.mlp.up_proj,kl,53,12,41,0,0,0,7520,4703,4811,7286,22,1179,53,23066
qwen4b,draw4,model.layers.21.mlp.up_proj,ce,1271,341,930,0,0,0,7649,4708,4838,7125,29,1271,57,22963
qwen4b,draw4,model.layers.21.mlp.up_proj,kl,57,21,36,0,0,0,7649,4708,4838,7125,29,1271,57,22963
qwen4b,seed0,model.layers.21.self_attn.k_proj,ce,63,19,44,0,0,0,775,512,532,741,3,63,9,2485
qwen4b,seed0,model.layers.21.self_attn.k_proj,kl,9,3,6,0,0,0,775,512,532,741,3,63,9,2485
qwen4b,draw1,model.layers.21.self_attn.k_proj,ce,67,23,44,0,0,0,776,514,512,758,6,67,6,2481
qwen4b,draw1,model.layers.21.self_attn.k_proj,kl,6,2,4,0,0,0,776,514,512,758,6,67,6,2481
qwen4b,draw2,model.layers.21.self_attn.k_proj,ce,84,25,59,0,0,0,778,509,577,696,2,84,11,2463
qwen4b,draw2,model.layers.21.self_attn.k_proj,kl,11,3,8,0,0,0,778,509,577,696,2,84,11,2463
qwen4b,draw3,model.layers.21.self_attn.k_proj,ce,46,19,27,0,0,0,759,503,531,767,8,46,9,2497
qwen4b,draw3,model.layers.21.self_attn.k_proj,kl,9,2,7,0,0,0,759,503,531,767,8,46,9,2497
qwen4b,draw4,model.layers.21.self_attn.k_proj,ce,68,30,38,0,0,0,817,512,527,704,5,68,10,2477
qwen4b,draw4,model.layers.21.self_attn.k_proj,kl,10,7,3,0,0,0,817,512,527,704,5,68,10,2477
qwen4b,seed0,model.layers.21.self_attn.o_proj,ce,1531,458,1073,0,0,0,3225,1967,2014,3034,50,1531,31,8628
qwen4b,seed0,model.layers.21.self_attn.o_proj,kl,31,6,25,0,0,0,3225,1967,2014,3034,50,1531,31,8628
qwen4b,draw1,model.layers.21.self_attn.o_proj,ce,1409,325,1084,0,0,0,3403,1736,1926,3175,52,1409,48,8731
qwen4b,draw1,model.layers.21.self_attn.o_proj,kl,48,13,35,0,0,0,3403,1736,1926,3175,52,1409,48,8731
qwen4b,draw2,model.layers.21.self_attn.o_proj,ce,1650,499,1151,0,0,0,3202,1983,2054,3001,48,1650,47,8495
qwen4b,draw2,model.layers.21.self_attn.o_proj,kl,47,21,26,0,0,0,3202,1983,2054,3001,48,1650,47,8495
qwen4b,draw3,model.layers.21.self_attn.o_proj,ce,1560,500,1060,0,0,0,3178,1972,2148,2942,43,1560,45,8592
qwen4b,draw3,model.layers.21.self_attn.o_proj,kl,45,15,30,0,0,0,3178,1972,2148,2942,43,1560,45,8592
qwen4b,draw4,model.layers.21.self_attn.o_proj,ce,1554,479,1075,0,0,0,3202,1997,2125,2916,47,1554,44,8595
qwen4b,draw4,model.layers.21.self_attn.o_proj,kl,44,13,31,0,0,0,3202,1997,2125,2916,47,1554,44,8595
qwen4b,seed0,model.layers.21.self_attn.q_proj,ce,341,93,248,0,0,0,3141,1975,2032,3092,11,341,17,9871
qwen4b,seed0,model.layers.21.self_attn.q_proj,kl,17,3,14,0,0,0,3141,1975,2032,3092,11,341,17,9871
qwen4b,draw1,model.layers.21.self_attn.q_proj,ce,273,53,220,0,0,0,3246,1805,1938,3251,9,273,14,9944
qwen4b,draw1,model.layers.21.self_attn.q_proj,kl,14,4,10,0,0,0,3246,1805,1938,3251,9,273,14,9944
qwen4b,draw2,model.layers.21.self_attn.q_proj,ce,359,85,274,0,0,0,3188,1932,2007,3113,10,359,13,9858
qwen4b,draw2,model.layers.21.self_attn.q_proj,kl,13,3,10,0,0,0,3188,1932,2007,3113,10,359,13,9858
qwen4b,draw3,model.layers.21.self_attn.q_proj,ce,320,90,230,0,0,0,3096,1964,2028,3152,7,320,26,9887
qwen4b,draw3,model.layers.21.self_attn.q_proj,kl,26,9,17,0,0,0,3096,1964,2028,3152,7,320,26,9887
qwen4b,draw4,model.layers.21.self_attn.q_proj,ce,336,109,227,0,0,0,3114,1986,2103,3037,5,336,29,9870
qwen4b,draw4,model.layers.21.self_attn.q_proj,kl,29,11,18,0,0,0,3114,1986,2103,3037,5,336,29,9870
qwen4b,seed0,model.layers.21.self_attn.v_proj,ce,198,46,152,0,0,0,820,455,538,747,9,198,9,2344
qwen4b,seed0,model.layers.21.self_attn.v_proj,kl,9,5,4,0,0,0,820,455,538,747,9,198,9,2344
qwen4b,draw1,model.layers.21.self_attn.v_proj,ce,183,42,141,0,0,0,818,446,531,765,13,183,9,2355
qwen4b,draw1,model.layers.21.self_attn.v_proj,kl,9,4,5,0,0,0,818,446,531,765,13,183,9,2355
qwen4b,draw2,model.layers.21.self_attn.v_proj,ce,226,80,146,0,0,0,759,517,582,702,8,226,19,2307
qwen4b,draw2,model.layers.21.self_attn.v_proj,kl,19,7,12,0,0,0,759,517,582,702,8,226,19,2307
qwen4b,draw3,model.layers.21.self_attn.v_proj,ce,200,61,139,0,0,0,748,531,568,713,6,200,8,2346
qwen4b,draw3,model.layers.21.self_attn.v_proj,kl,8,3,5,0,0,0,748,531,568,713,6,200,8,2346
qwen4b,draw4,model.layers.21.self_attn.v_proj,ce,214,62,152,0,0,0,840,475,530,715,4,214,9,2333
qwen4b,draw4,model.layers.21.self_attn.v_proj,kl,9,5,4,0,0,0,840,475,530,715,4,214,9,2333
qwen4b,seed0,model.layers.22.mlp.down_proj,ce,652,130,522,0,0,0,7885,4365,4490,7580,14,652,37,23617
qwen4b,seed0,model.layers.22.mlp.down_proj,kl,37,5,32,0,0,0,7885,4365,4490,7580,14,652,37,23617
qwen4b,draw1,model.layers.22.mlp.down_proj,ce,501,96,405,0,0,0,7913,4354,4579,7474,7,501,26,23786
qwen4b,draw1,model.layers.22.mlp.down_proj,kl,26,5,21,0,0,0,7913,4354,4579,7474,7,501,26,23786
qwen4b,draw2,model.layers.22.mlp.down_proj,ce,676,160,516,0,0,0,7741,4572,4736,7271,8,676,22,23614
qwen4b,draw2,model.layers.22.mlp.down_proj,kl,22,7,15,0,0,0,7741,4572,4736,7271,8,676,22,23614
qwen4b,draw3,model.layers.22.mlp.down_proj,ce,604,148,456,0,0,0,7933,4456,4486,7445,6,604,30,23680
qwen4b,draw3,model.layers.22.mlp.down_proj,kl,30,7,23,0,0,0,7933,4456,4486,7445,6,604,30,23680
qwen4b,draw4,model.layers.22.mlp.down_proj,ce,706,167,539,0,0,0,7795,4385,4549,7591,6,706,36,23572
qwen4b,draw4,model.layers.22.mlp.down_proj,kl,36,4,32,0,0,0,7795,4385,4549,7591,6,706,36,23572
qwen4b,seed0,model.layers.22.mlp.gate_proj,ce,261,59,202,0,0,0,7850,4290,4583,7597,6,261,35,24018
qwen4b,seed0,model.layers.22.mlp.gate_proj,kl,35,8,27,0,0,0,7850,4290,4583,7597,6,261,35,24018
qwen4b,draw1,model.layers.22.mlp.gate_proj,ce,231,43,188,0,0,0,8134,4256,4251,7679,7,231,38,24044
qwen4b,draw1,model.layers.22.mlp.gate_proj,kl,38,2,36,0,0,0,8134,4256,4251,7679,7,231,38,24044
qwen4b,draw2,model.layers.22.mlp.gate_proj,ce,282,68,214,0,0,0,7770,4313,4602,7635,4,282,29,24005
qwen4b,draw2,model.layers.22.mlp.gate_proj,kl,29,7,22,0,0,0,7770,4313,4602,7635,4,282,29,24005
qwen4b,draw3,model.layers.22.mlp.gate_proj,ce,297,59,238,0,0,0,7987,4282,4363,7688,6,297,34,23983
qwen4b,draw3,model.layers.22.mlp.gate_proj,kl,34,7,27,0,0,0,7987,4282,4363,7688,6,297,34,23983
qwen4b,draw4,model.layers.22.mlp.gate_proj,ce,270,73,197,0,0,0,7778,4408,4593,7541,5,270,23,24022
qwen4b,draw4,model.layers.22.mlp.gate_proj,kl,23,6,17,0,0,0,7778,4408,4593,7541,5,270,23,24022
qwen4b,seed0,model.layers.22.mlp.up_proj,ce,638,174,464,0,0,0,7747,4491,4767,7315,12,638,52,23618
qwen4b,seed0,model.layers.22.mlp.up_proj,kl,52,12,40,0,0,0,7747,4491,4767,7315,12,638,52,23618
qwen4b,draw1,model.layers.22.mlp.up_proj,ce,497,122,375,0,0,0,8033,4280,4558,7449,8,497,40,23775
qwen4b,draw1,model.layers.22.mlp.up_proj,kl,40,7,33,0,0,0,8033,4280,4558,7449,8,497,40,23775
qwen4b,draw2,model.layers.22.mlp.up_proj,ce,679,219,460,0,0,0,7508,4684,4957,7171,10,679,44,23587
qwen4b,draw2,model.layers.22.mlp.up_proj,kl,44,13,31,0,0,0,7508,4684,4957,7171,10,679,44,23587
qwen4b,draw3,model.layers.22.mlp.up_proj,ce,613,175,438,0,0,0,7777,4625,4742,7176,11,613,41,23655
qwen4b,draw3,model.layers.22.mlp.up_proj,kl,41,17,24,0,0,0,7777,4625,4742,7176,11,613,41,23655
qwen4b,draw4,model.layers.22.mlp.up_proj,ce,663,216,447,0,0,0,7658,4643,4822,7197,8,663,50,23599
qwen4b,draw4,model.layers.22.mlp.up_proj,kl,50,19,31,0,0,0,7658,4643,4822,7197,8,663,50,23599
qwen4b,seed0,model.layers.22.self_attn.k_proj,ce,90,27,63,0,0,0,794,459,508,799,5,90,8,2457
qwen4b,seed0,model.layers.22.self_attn.k_proj,kl,8,2,6,0,0,0,794,459,508,799,5,90,8,2457
qwen4b,draw1,model.layers.22.self_attn.k_proj,ce,73,7,66,0,0,0,835,446,472,807,4,73,7,2476
qwen4b,draw1,model.layers.22.self_attn.k_proj,kl,7,2,5,0,0,0,835,446,472,807,4,73,7,2476
qwen4b,draw2,model.layers.22.self_attn.k_proj,ce,90,19,71,0,0,0,766,445,551,798,1,90,6,2463
qwen4b,draw2,model.layers.22.self_attn.k_proj,kl,6,1,5,0,0,0,766,445,551,798,1,90,6,2463
qwen4b,draw3,model.layers.22.self_attn.k_proj,ce,79,23,56,0,0,0,767,495,530,768,4,79,10,2467
qwen4b,draw3,model.layers.22.self_attn.k_proj,kl,10,1,9,0,0,0,767,495,530,768,4,79,10,2467
qwen4b,draw4,model.layers.22.self_attn.k_proj,ce,92,27,65,0,0,0,739,508,515,798,0,92,5,2463
qwen4b,draw4,model.layers.22.self_attn.k_proj,kl,5,0,5,0,0,0,739,508,515,798,0,92,5,2463
qwen4b,seed0,model.layers.22.self_attn.o_proj,ce,956,251,705,0,0,0,3244,1965,2002,3029,27,956,33,9224
qwen4b,seed0,model.layers.22.self_attn.o_proj,kl,33,7,26,0,0,0,3244,1965,2002,3029,27,956,33,9224
qwen4b,draw1,model.layers.22.self_attn.o_proj,ce,839,208,631,0,0,0,3386,1844,1950,3060,23,839,30,9348
qwen4b,draw1,model.layers.22.self_attn.o_proj,kl,30,6,24,0,0,0,3386,1844,1950,3060,23,839,30,9348
qwen4b,draw2,model.layers.22.self_attn.o_proj,ce,962,285,677,0,0,0,3159,2044,2027,3010,28,962,33,9217
qwen4b,draw2,model.layers.22.self_attn.o_proj,kl,33,9,24,0,0,0,3159,2044,2027,3010,28,962,33,9217
qwen4b,draw3,model.layers.22.self_attn.o_proj,ce,942,288,654,0,0,0,3186,1988,2108,2958,16,942,46,9236
qwen4b,draw3,model.layers.22.self_attn.o_proj,kl,46,13,33,0,0,0,3186,1988,2108,2958,16,942,46,9236
qwen4b,draw4,model.layers.22.self_attn.o_proj,ce,937,268,669,0,0,0,3153,2017,2111,2959,20,937,24,9259
qwen4b,draw4,model.layers.22.self_attn.o_proj,kl,24,7,17,0,0,0,3153,2017,2111,2959,20,937,24,9259
qwen4b,seed0,model.layers.22.self_attn.q_proj,ce,227,69,158,0,0,0,3219,2017,1900,3104,3,227,23,9987
qwen4b,seed0,model.layers.22.self_attn.q_proj,kl,23,10,13,0,0,0,3219,2017,1900,3104,3,227,23,9987
qwen4b,draw1,model.layers.22.self_attn.q_proj,ce,195,45,150,0,0,0,3365,1869,1890,3116,6,195,20,10019
qwen4b,draw1,model.layers.22.self_attn.q_proj,kl,20,2,18,0,0,0,3365,1869,1890,3116,6,195,20,10019
qwen4b,draw2,model.layers.22.self_attn.q_proj,ce,232,81,151,0,0,0,3129,2015,2051,3045,2,232,27,9979
qwen4b,draw2,model.layers.22.self_attn.q_proj,kl,27,10,17,0,0,0,3129,2015,2051,3045,2,232,27,9979
qwen4b,draw3,model.layers.22.self_attn.q_proj,ce,206,62,144,0,0,0,3245,1944,1991,3060,1,206,22,10011
qwen4b,draw3,model.layers.22.self_attn.q_proj,kl,22,10,12,0,0,0,3245,1944,1991,3060,1,206,22,10011
qwen4b,draw4,model.layers.22.self_attn.q_proj,ce,241,70,171,0,0,0,3224,2027,2014,2975,5,241,17,9977
qwen4b,draw4,model.layers.22.self_attn.q_proj,kl,17,6,11,0,0,0,3224,2027,2014,2975,5,241,17,9977
qwen4b,seed0,model.layers.22.self_attn.v_proj,ce,220,68,152,0,0,0,840,443,529,748,7,220,17,2316
qwen4b,seed0,model.layers.22.self_attn.v_proj,kl,17,7,10,0,0,0,840,443,529,748,7,220,17,2316
qwen4b,draw1,model.layers.22.self_attn.v_proj,ce,194,46,148,0,0,0,807,504,476,773,16,194,5,2345
qwen4b,draw1,model.layers.22.self_attn.v_proj,kl,5,1,4,0,0,0,807,504,476,773,16,194,5,2345
qwen4b,draw2,model.layers.22.self_attn.v_proj,ce,188,54,134,0,0,0,816,496,511,737,12,188,14,2346
qwen4b,draw2,model.layers.22.self_attn.v_proj,kl,14,5,9,0,0,0,816,496,511,737,12,188,14,2346
qwen4b,draw3,model.layers.22.self_attn.v_proj,ce,177,48,129,0,0,0,752,491,584,733,11,177,7,2365
qwen4b,draw3,model.layers.22.self_attn.v_proj,kl,7,5,2,0,0,0,752,491,584,733,11,177,7,2365
qwen4b,draw4,model.layers.22.self_attn.v_proj,ce,192,57,135,0,0,0,758,524,552,726,11,192,10,2347
qwen4b,draw4,model.layers.22.self_attn.v_proj,kl,10,6,4,0,0,0,758,524,552,726,11,192,10,2347
qwen4b,seed0,model.layers.23.mlp.down_proj,ce,449,86,363,0,0,0,8052,4270,4366,7632,3,449,27,23841
qwen4b,seed0,model.layers.23.mlp.down_proj,kl,27,4,23,0,0,0,8052,4270,4366,7632,3,449,27,23841
qwen4b,draw1,model.layers.23.mlp.down_proj,ce,347,71,276,0,0,0,8004,4093,4340,7883,6,347,26,23941
qwen4b,draw1,model.layers.23.mlp.down_proj,kl,26,3,23,0,0,0,8004,4093,4340,7883,6,347,26,23941
qwen4b,draw2,model.layers.23.mlp.down_proj,ce,436,102,334,0,0,0,7808,4306,4655,7551,0,436,16,23868
qwen4b,draw2,model.layers.23.mlp.down_proj,kl,16,3,13,0,0,0,7808,4306,4655,7551,0,436,16,23868
qwen4b,draw3,model.layers.23.mlp.down_proj,ce,369,77,292,0,0,0,8070,4204,4431,7615,5,369,24,23922
qwen4b,draw3,model.layers.23.mlp.down_proj,kl,24,3,21,0,0,0,8070,4204,4431,7615,5,369,24,23922
qwen4b,draw4,model.layers.23.mlp.down_proj,ce,410,82,328,0,0,0,8015,4128,4427,7750,6,410,32,23872
qwen4b,draw4,model.layers.23.mlp.down_proj,kl,32,5,27,0,0,0,8015,4128,4427,7750,6,410,32,23872
qwen4b,seed0,model.layers.23.mlp.gate_proj,ce,146,41,105,0,0,0,8059,4118,4256,7887,4,146,22,24148
qwen4b,seed0,model.layers.23.mlp.gate_proj,kl,22,4,18,0,0,0,8059,4118,4256,7887,4,146,22,24148
qwen4b,draw1,model.layers.23.mlp.gate_proj,ce,109,17,92,0,0,0,8254,4065,4062,7939,2,109,22,24187
qwen4b,draw1,model.layers.23.mlp.gate_proj,kl,22,5,17,0,0,0,8254,4065,4062,7939,2,109,22,24187
qwen4b,draw2,model.layers.23.mlp.gate_proj,ce,164,40,124,0,0,0,8004,4317,4295,7704,1,164,30,24125
qwen4b,draw2,model.layers.23.mlp.gate_proj,kl,30,4,26,0,0,0,8004,4317,4295,7704,1,164,30,24125
qwen4b,draw3,model.layers.23.mlp.gate_proj,ce,146,39,107,0,0,0,8191,4100,4216,7813,4,146,17,24153
qwen4b,draw3,model.layers.23.mlp.gate_proj,kl,17,4,13,0,0,0,8191,4100,4216,7813,4,146,17,24153
qwen4b,draw4,model.layers.23.mlp.gate_proj,ce,156,40,116,0,0,0,8175,4119,4192,7834,0,156,21,24143
qwen4b,draw4,model.layers.23.mlp.gate_proj,kl,21,3,18,0,0,0,8175,4119,4192,7834,0,156,21,24143
qwen4b,seed0,model.layers.23.mlp.up_proj,ce,366,110,256,0,0,0,7778,4518,4532,7492,5,366,41,23908
qwen4b,seed0,model.layers.23.mlp.up_proj,kl,41,5,36,0,0,0,7778,4518,4532,7492,5,366,41,23908
qwen4b,draw1,model.layers.23.mlp.up_proj,ce,317,61,256,0,0,0,7980,4143,4515,7682,6,317,37,23960
qwen4b,draw1,model.layers.23.mlp.up_proj,kl,37,5,32,0,0,0,7980,4143,4515,7682,6,317,37,23960
qwen4b,draw2,model.layers.23.mlp.up_proj,ce,345,116,229,0,0,0,7675,4477,4646,7522,2,345,33,23940
qwen4b,draw2,model.layers.23.mlp.up_proj,kl,33,4,29,0,0,0,7675,4477,4646,7522,2,345,33,23940
qwen4b,draw3,model.layers.23.mlp.up_proj,ce,342,91,251,0,0,0,7900,4296,4413,7711,3,342,24,23951
qwen4b,draw3,model.layers.23.mlp.up_proj,kl,24,7,17,0,0,0,7900,4296,4413,7711,3,342,24,23951
qwen4b,draw4,model.layers.23.mlp.up_proj,ce,362,95,267,0,0,0,7793,4398,4414,7715,4,362,38,23916
qwen4b,draw4,model.layers.23.mlp.up_proj,kl,38,12,26,0,0,0,7793,4398,4414,7715,4,362,38,23916
qwen4b,seed0,model.layers.23.self_attn.k_proj,ce,13,5,8,0,0,0,822,459,513,766,0,13,11,2536
qwen4b,seed0,model.layers.23.self_attn.k_proj,kl,11,3,8,0,0,0,822,459,513,766,0,13,11,2536
qwen4b,draw1,model.layers.23.self_attn.k_proj,ce,10,1,9,0,0,0,843,465,495,757,0,10,2,2548
qwen4b,draw1,model.layers.23.self_attn.k_proj,kl,2,0,2,0,0,0,843,465,495,757,0,10,2,2548
qwen4b,draw2,model.layers.23.self_attn.k_proj,ce,20,6,14,0,0,0,824,445,502,789,0,20,5,2535
qwen4b,draw2,model.layers.23.self_attn.k_proj,kl,5,1,4,0,0,0,824,445,502,789,0,20,5,2535
qwen4b,draw3,model.layers.23.self_attn.k_proj,ce,22,5,17,0,0,0,830,455,477,798,2,22,9,2527
qwen4b,draw3,model.layers.23.self_attn.k_proj,kl,9,2,7,0,0,0,830,455,477,798,2,22,9,2527
qwen4b,draw4,model.layers.23.self_attn.k_proj,ce,23,7,16,0,0,0,884,415,484,777,0,23,6,2531
qwen4b,draw4,model.layers.23.self_attn.k_proj,kl,6,1,5,0,0,0,884,415,484,777,0,23,6,2531
qwen4b,seed0,model.layers.23.self_attn.o_proj,ce,581,169,412,0,0,0,3199,1989,2064,2988,20,581,32,9607
qwen4b,seed0,model.layers.23.self_attn.o_proj,kl,32,11,21,0,0,0,3199,1989,2064,2988,20,581,32,9607
qwen4b,draw1,model.layers.23.self_attn.o_proj,ce,487,111,376,0,0,0,3316,1915,1947,3062,14,487,23,9716
qwen4b,draw1,model.layers.23.self_attn.o_proj,kl,23,4,19,0,0,0,3316,1915,1947,3062,14,487,23,9716
qwen4b,draw2,model.layers.23.self_attn.o_proj,ce,581,193,388,0,0,0,3194,1980,2083,2983,13,581,15,9631
qwen4b,draw2,model.layers.23.self_attn.o_proj,kl,15,2,13,0,0,0,3194,1980,2083,2983,13,581,15,9631
qwen4b,draw3,model.layers.23.self_attn.o_proj,ce,563,168,395,0,0,0,3264,1917,2026,3033,14,563,27,9636
qwen4b,draw3,model.layers.23.self_attn.o_proj,kl,27,13,14,0,0,0,3264,1917,2026,3033,14,563,27,9636
qwen4b,draw4,model.layers.23.self_attn.o_proj,ce,579,155,424,0,0,0,3251,1940,2031,3018,15,579,22,9624
qwen4b,draw4,model.layers.23.self_attn.o_proj,kl,22,7,15,0,0,0,3251,1940,2031,3018,15,579,22,9624
qwen4b,seed0,model.layers.23.self_attn.q_proj,ce,82,24,58,0,0,0,3301,1863,1973,3103,3,82,18,10137
qwen4b,seed0,model.layers.23.self_attn.q_proj,kl,18,5,13,0,0,0,3301,1863,1973,3103,3,82,18,10137
qwen4b,draw1,model.layers.23.self_attn.q_proj,ce,66,21,45,0,0,0,3346,1800,1786,3308,4,66,18,10152
qwen4b,draw1,model.layers.23.self_attn.q_proj,kl,18,4,14,0,0,0,3346,1800,1786,3308,4,66,18,10152
qwen4b,draw2,model.layers.23.self_attn.q_proj,ce,74,22,52,0,0,0,3272,1831,1973,3164,4,74,11,10151
qwen4b,draw2,model.layers.23.self_attn.q_proj,kl,11,3,8,0,0,0,3272,1831,1973,3164,4,74,11,10151
qwen4b,draw3,model.layers.23.self_attn.q_proj,ce,80,22,58,0,0,0,3359,1753,1899,3229,2,80,18,10140
qwen4b,draw3,model.layers.23.self_attn.q_proj,kl,18,6,12,0,0,0,3359,1753,1899,3229,2,80,18,10140
qwen4b,draw4,model.layers.23.self_attn.q_proj,ce,72,25,47,0,0,0,3337,1860,1924,3119,8,72,28,10132
qwen4b,draw4,model.layers.23.self_attn.q_proj,kl,28,5,23,0,0,0,3337,1860,1924,3119,8,72,28,10132
qwen4b,seed0,model.layers.23.self_attn.v_proj,ce,126,28,98,0,0,0,814,453,512,781,3,126,9,2422
qwen4b,seed0,model.layers.23.self_attn.v_proj,kl,9,6,3,0,0,0,814,453,512,781,3,126,9,2422
qwen4b,draw1,model.layers.23.self_attn.v_proj,ce,113,36,77,0,0,0,852,470,500,738,2,113,4,2441
qwen4b,draw1,model.layers.23.self_attn.v_proj,kl,4,1,3,0,0,0,852,470,500,738,2,113,4,2441
qwen4b,draw2,model.layers.23.self_attn.v_proj,ce,135,38,97,0,0,0,841,435,492,792,3,135,10,2412
qwen4b,draw2,model.layers.23.self_attn.v_proj,kl,10,3,7,0,0,0,841,435,492,792,3,135,10,2412
qwen4b,draw3,model.layers.23.self_attn.v_proj,ce,115,36,79,0,0,0,755,478,525,802,3,115,12,2430
qwen4b,draw3,model.layers.23.self_attn.v_proj,kl,12,6,6,0,0,0,755,478,525,802,3,115,12,2430
qwen4b,draw4,model.layers.23.self_attn.v_proj,ce,121,41,80,0,0,0,794,484,520,762,2,121,13,2424
qwen4b,draw4,model.layers.23.self_attn.v_proj,kl,13,6,7,0,0,0,794,484,520,762,2,121,13,2424
qwen4b,seed0,model.layers.24.mlp.down_proj,ce,297,51,246,0,0,0,8260,4038,4192,7830,6,297,24,23993
qwen4b,seed0,model.layers.24.mlp.down_proj,kl,24,3,21,0,0,0,8260,4038,4192,7830,6,297,24,23993
qwen4b,draw1,model.layers.24.mlp.down_proj,ce,263,48,215,0,0,0,8178,4083,4260,7799,4,263,19,24034
qwen4b,draw1,model.layers.24.mlp.down_proj,kl,19,1,18,0,0,0,8178,4083,4260,7799,4,263,19,24034
qwen4b,draw2,model.layers.24.mlp.down_proj,ce,312,70,242,0,0,0,7880,4322,4536,7582,2,312,16,23990
qwen4b,draw2,model.layers.24.mlp.down_proj,kl,16,6,10,0,0,0,7880,4322,4536,7582,2,312,16,23990
qwen4b,draw3,model.layers.24.mlp.down_proj,ce,331,69,262,0,0,0,8054,4100,4247,7919,2,331,26,23961
qwen4b,draw3,model.layers.24.mlp.down_proj,kl,26,7,19,0,0,0,8054,4100,4247,7919,2,331,26,23961
qwen4b,draw4,model.layers.24.mlp.down_proj,ce,302,84,218,0,0,0,8190,4004,4252,7874,4,302,12,24002
qwen4b,draw4,model.layers.24.mlp.down_proj,kl,12,1,11,0,0,0,8190,4004,4252,7874,4,302,12,24002
qwen4b,seed0,model.layers.24.mlp.gate_proj,ce,90,13,77,0,0,0,8432,3861,3968,8059,4,90,22,24204
qwen4b,seed0,model.layers.24.mlp.gate_proj,kl,22,1,21,0,0,0,8432,3861,3968,8059,4,90,22,24204
qwen4b,draw1,model.layers.24.mlp.gate_proj,ce,71,13,58,0,0,0,8447,3920,4102,7851,1,71,20,24228
qwen4b,draw1,model.layers.24.mlp.gate_proj,kl,20,2,18,0,0,0,8447,3920,4102,7851,1,71,20,24228
qwen4b,draw2,model.layers.24.mlp.gate_proj,ce,89,17,72,0,0,0,8127,4115,4216,7862,7,89,20,24204
qwen4b,draw2,model.layers.24.mlp.gate_proj,kl,20,1,19,0,0,0,8127,4115,4216,7862,7,89,20,24204
qwen4b,draw3,model.layers.24.mlp.gate_proj,ce,94,16,78,0,0,0,8397,3799,3993,8131,1,94,10,24215
qwen4b,draw3,model.layers.24.mlp.gate_proj,kl,10,2,8,0,0,0,8397,3799,3993,8131,1,94,10,24215
qwen4b,draw4,model.layers.24.mlp.gate_proj,ce,85,9,76,0,0,0,8382,3812,3990,8136,0,85,20,24215
qwen4b,draw4,model.layers.24.mlp.gate_proj,kl,20,3,17,0,0,0,8382,3812,3990,8136,0,85,20,24215
qwen4b,seed0,model.layers.24.mlp.up_proj,ce,232,42,190,0,0,0,8056,4143,4314,7807,4,232,35,24049
qwen4b,seed0,model.layers.24.mlp.up_proj,kl,35,6,29,0,0,0,8056,4143,4314,7807,4,232,35,24049
qwen4b,draw1,model.layers.24.mlp.up_proj,ce,193,38,155,0,0,0,8029,4219,4315,7757,3,193,15,24109
qwen4b,draw1,model.layers.24.mlp.up_proj,kl,15,2,13,0,0,0,8029,4219,4315,7757,3,193,15,24109
qwen4b,draw2,model.layers.24.mlp.up_proj,ce,238,63,175,0,0,0,7934,4254,4429,7703,1,238,20,24061
qwen4b,draw2,model.layers.24.mlp.up_proj,kl,20,2,18,0,0,0,7934,4254,4429,7703,1,238,20,24061
qwen4b,draw3,model.layers.24.mlp.up_proj,ce,217,56,161,0,0,0,8207,4128,4269,7716,1,217,25,24077
qwen4b,draw3,model.layers.24.mlp.up_proj,kl,25,7,18,0,0,0,8207,4128,4269,7716,1,217,25,24077
qwen4b,draw4,model.layers.24.mlp.up_proj,ce,238,55,183,0,0,0,8220,4183,4158,7759,1,238,23,24058
qwen4b,draw4,model.layers.24.mlp.up_proj,kl,23,7,16,0,0,0,8220,4183,4158,7759,1,238,23,24058
qwen4b,seed0,model.layers.24.self_attn.k_proj,ce,24,4,20,0,0,0,819,434,483,824,0,24,3,2533
qwen4b,seed0,model.layers.24.self_attn.k_proj,kl,3,0,3,0,0,0,819,434,483,824,0,24,3,2533
qwen4b,draw1,model.layers.24.self_attn.k_proj,ce,16,4,12,0,0,0,872,417,462,809,2,16,4,2538
qwen4b,draw1,model.layers.24.self_attn.k_proj,kl,4,0,4,0,0,0,872,417,462,809,2,16,4,2538
qwen4b,draw2,model.layers.24.self_attn.k_proj,ce,21,1,20,0,0,0,805,467,500,788,0,21,3,2536
qwen4b,draw2,model.layers.24.self_attn.k_proj,kl,3,1,2,0,0,0,805,467,500,788,0,21,3,2536
qwen4b,draw3,model.layers.24.self_attn.k_proj,ce,18,2,16,0,0,0,878,426,439,817,0,18,5,2537
qwen4b,draw3,model.layers.24.self_attn.k_proj,kl,5,1,4,0,0,0,878,426,439,817,0,18,5,2537
qwen4b,draw4,model.layers.24.self_attn.k_proj,ce,19,4,15,0,0,0,857,444,469,790,0,19,7,2534
qwen4b,draw4,model.layers.24.self_attn.k_proj,kl,7,1,6,0,0,0,857,444,469,790,0,19,7,2534
qwen4b,seed0,model.layers.24.self_attn.o_proj,ce,404,122,282,0,0,0,3362,1805,1977,3096,13,404,36,9787
qwen4b,seed0,model.layers.24.self_attn.o_proj,kl,36,6,30,0,0,0,3362,1805,1977,3096,13,404,36,9787
qwen4b,draw1,model.layers.24.self_attn.o_proj,ce,361,89,272,0,0,0,3342,1853,1980,3065,13,361,18,9848
qwen4b,draw1,model.layers.24.self_attn.o_proj,kl,18,5,13,0,0,0,3342,1853,1980,3065,13,361,18,9848
qwen4b,draw2,model.layers.24.self_attn.o_proj,ce,415,132,283,0,0,0,3239,1931,2062,3008,11,415,28,9786
qwen4b,draw2,model.layers.24.self_attn.o_proj,kl,28,11,17,0,0,0,3239,1931,2062,3008,11,415,28,9786
qwen4b,draw3,model.layers.24.self_attn.o_proj,ce,399,109,290,0,0,0,3248,1852,2070,3070,8,399,30,9803
qwen4b,draw3,model.layers.24.self_attn.o_proj,kl,30,10,20,0,0,0,3248,1852,2070,3070,8,399,30,9803
qwen4b,draw4,model.layers.24.self_attn.o_proj,ce,440,129,311,0,0,0,3287,1862,2034,3057,10,440,33,9757
qwen4b,draw4,model.layers.24.self_attn.o_proj,kl,33,10,23,0,0,0,3287,1862,2034,3057,10,440,33,9757
qwen4b,seed0,model.layers.24.self_attn.q_proj,ce,80,16,64,0,0,0,3418,1834,1800,3188,0,80,28,10132
qwen4b,seed0,model.layers.24.self_attn.q_proj,kl,28,7,21,0,0,0,3418,1834,1800,3188,0,80,28,10132
qwen4b,draw1,model.layers.24.self_attn.q_proj,ce,63,11,52,0,0,0,3440,1766,1807,3227,1,63,20,10156
qwen4b,draw1,model.layers.24.self_attn.q_proj,kl,20,5,15,0,0,0,3440,1766,1807,3227,1,63,20,10156
qwen4b,draw2,model.layers.24.self_attn.q_proj,ce,75,17,58,0,0,0,3299,1863,1968,3110,2,75,23,10140
qwen4b,draw2,model.layers.24.self_attn.q_proj,kl,23,8,15,0,0,0,3299,1863,1968,3110,2,75,23,10140
qwen4b,draw3,model.layers.24.self_attn.q_proj,ce,55,13,42,0,0,0,3573,1693,1719,3255,3,55,25,10157
qwen4b,draw3,model.layers.24.self_attn.q_proj,kl,25,8,17,0,0,0,3573,1693,1719,3255,3,55,25,10157
qwen4b,draw4,model.layers.24.self_attn.q_proj,ce,59,10,49,0,0,0,3273,1891,1875,3201,2,59,24,10155
qwen4b,draw4,model.layers.24.self_attn.q_proj,kl,24,8,16,0,0,0,3273,1891,1875,3201,2,59,24,10155
qwen4b,seed0,model.layers.24.self_attn.v_proj,ce,104,24,80,0,0,0,848,415,481,816,2,104,5,2449
qwen4b,seed0,model.layers.24.self_attn.v_proj,kl,5,0,5,0,0,0,848,415,481,816,2,104,5,2449
qwen4b,draw1,model.layers.24.self_attn.v_proj,ce,88,23,65,0,0,0,837,466,512,745,5,88,4,2463
qwen4b,draw1,model.layers.24.self_attn.v_proj,kl,4,1,3,0,0,0,837,466,512,745,5,88,4,2463
qwen4b,draw2,model.layers.24.self_attn.v_proj,ce,104,29,75,0,0,0,838,456,506,760,1,104,7,2448
qwen4b,draw2,model.layers.24.self_attn.v_proj,kl,7,0,7,0,0,0,838,456,506,760,1,104,7,2448
qwen4b,draw3,model.layers.24.self_attn.v_proj,ce,90,29,61,0,0,0,781,474,548,757,3,90,3,2464
qwen4b,draw3,model.layers.24.self_attn.v_proj,kl,3,0,3,0,0,0,781,474,548,757,3,90,3,2464
qwen4b,draw4,model.layers.24.self_attn.v_proj,ce,97,23,74,0,0,0,842,427,509,782,3,97,3,2457
qwen4b,draw4,model.layers.24.self_attn.v_proj,kl,3,0,3,0,0,0,842,427,509,782,3,97,3,2457
qwen4b,seed0,model.layers.25.mlp.down_proj,ce,283,59,224,0,0,0,8437,3919,4192,7772,6,283,34,23997
qwen4b,seed0,model.layers.25.mlp.down_proj,kl,34,2,32,0,0,0,8437,3919,4192,7772,6,283,34,23997
qwen4b,draw1,model.layers.25.mlp.down_proj,ce,218,45,173,0,0,0,8200,4011,4285,7824,4,218,25,24073
qwen4b,draw1,model.layers.25.mlp.down_proj,kl,25,2,23,0,0,0,8200,4011,4285,7824,4,218,25,24073
qwen4b,draw2,model.layers.25.mlp.down_proj,ce,273,57,216,0,0,0,7995,4173,4497,7655,6,273,18,24023
qwen4b,draw2,model.layers.25.mlp.down_proj,kl,18,1,17,0,0,0,7995,4173,4497,7655,6,273,18,24023
qwen4b,draw3,model.layers.25.mlp.down_proj,ce,258,56,202,0,0,0,8282,4082,4185,7771,5,258,19,24038
qwen4b,draw3,model.layers.25.mlp.down_proj,kl,19,2,17,0,0,0,8282,4082,4185,7771,5,258,19,24038
qwen4b,draw4,model.layers.25.mlp.down_proj,ce,264,52,212,0,0,0,8366,3946,4055,7953,7,264,14,24035
qwen4b,draw4,model.layers.25.mlp.down_proj,kl,14,0,14,0,0,0,8366,3946,4055,7953,7,264,14,24035
qwen4b,seed0,model.layers.25.mlp.gate_proj,ce,76,12,64,0,0,0,8465,3796,3843,8216,4,76,25,24215
qwen4b,seed0,model.layers.25.mlp.gate_proj,kl,25,2,23,0,0,0,8465,3796,3843,8216,4,76,25,24215
qwen4b,draw1,model.layers.25.mlp.gate_proj,ce,64,5,59,0,0,0,8403,3953,4012,7952,1,64,17,24238
qwen4b,draw1,model.layers.25.mlp.gate_proj,kl,17,0,17,0,0,0,8403,3953,4012,7952,1,64,17,24238
qwen4b,draw2,model.layers.25.mlp.gate_proj,ce,80,14,66,0,0,0,8160,4078,4175,7907,1,80,17,24222
qwen4b,draw2,model.layers.25.mlp.gate_proj,kl,17,1,16,0,0,0,8160,4078,4175,7907,1,80,17,24222
qwen4b,draw3,model.layers.25.mlp.gate_proj,ce,83,23,60,0,0,0,8449,3746,3807,8318,1,83,13,24223
qwen4b,draw3,model.layers.25.mlp.gate_proj,kl,13,1,12,0,0,0,8449,3746,3807,8318,1,83,13,24223
qwen4b,draw4,model.layers.25.mlp.gate_proj,ce,81,15,66,0,0,0,8594,3699,3805,8222,1,81,24,24214
qwen4b,draw4,model.layers.25.mlp.gate_proj,kl,24,2,22,0,0,0,8594,3699,3805,8222,1,81,24,24214
qwen4b,seed0,model.layers.25.mlp.up_proj,ce,217,48,169,0,0,0,8195,4002,4244,7879,6,217,27,24070
qwen4b,seed0,model.layers.25.mlp.up_proj,kl,27,3,24,0,0,0,8195,4002,4244,7879,6,217,27,24070
qwen4b,draw1,model.layers.25.mlp.up_proj,ce,181,39,142,0,0,0,8122,4045,4326,7827,7,181,30,24102
qwen4b,draw1,model.layers.25.mlp.up_proj,kl,30,0,30,0,0,0,8122,4045,4326,7827,7,181,30,24102
qwen4b,draw2,model.layers.25.mlp.up_proj,ce,227,55,172,0,0,0,7858,4233,4525,7704,3,227,17,24073
qwen4b,draw2,model.layers.25.mlp.up_proj,kl,17,4,13,0,0,0,7858,4233,4525,7704,3,227,17,24073
qwen4b,draw3,model.layers.25.mlp.up_proj,ce,209,61,148,0,0,0,8249,3994,4164,7913,2,209,9,24100
qwen4b,draw3,model.layers.25.mlp.up_proj,kl,9,3,6,0,0,0,8249,3994,4164,7913,2,209,9,24100
qwen4b,draw4,model.layers.25.mlp.up_proj,ce,215,51,164,0,0,0,8137,4025,4141,8017,6,215,20,24079
qwen4b,draw4,model.layers.25.mlp.up_proj,kl,20,7,13,0,0,0,8137,4025,4141,8017,6,215,20,24079
qwen4b,seed0,model.layers.25.self_attn.k_proj,ce,21,7,14,0,0,0,866,450,423,821,2,21,2,2535
qwen4b,seed0,model.layers.25.self_attn.k_proj,kl,2,1,1,0,0,0,866,450,423,821,2,21,2,2535
qwen4b,draw1,model.layers.25.self_attn.k_proj,ce,24,3,21,0,0,0,849,465,462,784,0,24,5,2531
qwen4b,draw1,model.layers.25.self_attn.k_proj,kl,5,1,4,0,0,0,849,465,462,784,0,24,5,2531
qwen4b,draw2,model.layers.25.self_attn.k_proj,ce,20,1,19,0,0,0,863,470,428,799,1,20,4,2535
qwen4b,draw2,model.layers.25.self_attn.k_proj,kl,4,1,3,0,0,0,863,470,428,799,1,20,4,2535
qwen4b,draw3,model.layers.25.self_attn.k_proj,ce,17,5,12,0,0,0,882,427,436,815,1,17,6,2536
qwen4b,draw3,model.layers.25.self_attn.k_proj,kl,6,1,5,0,0,0,882,427,436,815,1,17,6,2536
qwen4b,draw4,model.layers.25.self_attn.k_proj,ce,20,2,18,0,0,0,873,435,437,815,1,20,4,2535
qwen4b,draw4,model.layers.25.self_attn.k_proj,kl,4,1,3,0,0,0,873,435,437,815,1,20,4,2535
qwen4b,seed0,model.layers.25.self_attn.o_proj,ce,369,88,281,0,0,0,3193,1902,2014,3131,8,369,22,9841
qwen4b,seed0,model.layers.25.self_attn.o_proj,kl,22,3,19,0,0,0,3193,1902,2014,3131,8,369,22,9841
qwen4b,draw1,model.layers.25.self_attn.o_proj,ce,318,79,239,0,0,0,3286,1871,1915,3168,9,318,13,9900
qwen4b,draw1,model.layers.25.self_attn.o_proj,kl,13,2,11,0,0,0,3286,1871,1915,3168,9,318,13,9900
qwen4b,draw2,model.layers.25.self_attn.o_proj,ce,396,122,274,0,0,0,3168,1953,1971,3148,5,396,10,9829
qwen4b,draw2,model.layers.25.self_attn.o_proj,kl,10,4,6,0,0,0,3168,1953,1971,3148,5,396,10,9829
qwen4b,draw3,model.layers.25.self_attn.o_proj,ce,400,101,299,0,0,0,3197,1899,2022,3122,5,400,11,9824
qwen4b,draw3,model.layers.25.self_attn.o_proj,kl,11,3,8,0,0,0,3197,1899,2022,3122,5,400,11,9824
qwen4b,draw4,model.layers.25.self_attn.o_proj,ce,390,105,285,0,0,0,3217,1882,2067,3074,1,390,15,9834
qwen4b,draw4,model.layers.25.self_attn.o_proj,kl,15,2,13,0,0,0,3217,1882,2067,3074,1,390,15,9834
qwen4b,seed0,model.layers.25.self_attn.q_proj,ce,109,32,77,0,0,0,3346,1832,1803,3259,3,109,17,10111
qwen4b,seed0,model.layers.25.self_attn.q_proj,kl,17,3,14,0,0,0,3346,1832,1803,3259,3,109,17,10111
qwen4b,draw1,model.layers.25.self_attn.q_proj,ce,76,29,47,0,0,0,3330,1854,1789,3267,2,76,10,10152
qwen4b,draw1,model.layers.25.self_attn.q_proj,kl,10,2,8,0,0,0,3330,1854,1789,3267,2,76,10,10152
qwen4b,draw2,model.layers.25.self_attn.q_proj,ce,103,39,64,0,0,0,3304,1910,1905,3121,1,103,11,10125
qwen4b,draw2,model.layers.25.self_attn.q_proj,kl,11,5,6,0,0,0,3304,1910,1905,3121,1,103,11,10125
qwen4b,draw3,model.layers.25.self_attn.q_proj,ce,93,41,52,0,0,0,3342,1792,1843,3263,1,93,20,10126
qwen4b,draw3,model.layers.25.self_attn.q_proj,kl,20,5,15,0,0,0,3342,1792,1843,3263,1,93,20,10126
qwen4b,draw4,model.layers.25.self_attn.q_proj,ce,95,38,57,0,0,0,3296,1865,1918,3161,0,95,15,10130
qwen4b,draw4,model.layers.25.self_attn.q_proj,kl,15,7,8,0,0,0,3296,1865,1918,3161,0,95,15,10130
qwen4b,seed0,model.layers.25.self_attn.v_proj,ce,104,26,78,0,0,0,863,447,477,773,0,104,5,2451
qwen4b,seed0,model.layers.25.self_attn.v_proj,kl,5,0,5,0,0,0,863,447,477,773,0,104,5,2451
qwen4b,draw1,model.layers.25.self_attn.v_proj,ce,87,16,71,0,0,0,878,438,454,790,0,87,7,2466
qwen4b,draw1,model.layers.25.self_attn.v_proj,kl,7,1,6,0,0,0,878,438,454,790,0,87,7,2466
qwen4b,draw2,model.layers.25.self_attn.v_proj,ce,106,29,77,0,0,0,846,480,507,727,0,106,7,2447
qwen4b,draw2,model.layers.25.self_attn.v_proj,kl,7,2,5,0,0,0,846,480,507,727,0,106,7,2447
qwen4b,draw3,model.layers.25.self_attn.v_proj,ce,99,19,80,0,0,0,872,452,476,760,0,99,4,2457
qwen4b,draw3,model.layers.25.self_attn.v_proj,kl,4,2,2,0,0,0,872,452,476,760,0,99,4,2457
qwen4b,draw4,model.layers.25.self_attn.v_proj,ce,103,21,82,0,0,0,856,471,478,755,0,103,4,2453
qwen4b,draw4,model.layers.25.self_attn.v_proj,kl,4,3,1,0,0,0,856,471,478,755,0,103,4,2453
qwen4b,seed0,model.layers.26.mlp.down_proj,ce,242,39,203,0,0,0,8406,3946,4182,7786,6,242,23,24049
qwen4b,seed0,model.layers.26.mlp.down_proj,kl,23,0,23,0,0,0,8406,3946,4182,7786,6,242,23,24049
qwen4b,draw1,model.layers.26.mlp.down_proj,ce,220,28,192,0,0,0,8226,3987,4124,7983,8,220,22,24070
qwen4b,draw1,model.layers.26.mlp.down_proj,kl,22,2,20,0,0,0,8226,3987,4124,7983,8,220,22,24070
qwen4b,draw2,model.layers.26.mlp.down_proj,ce,225,46,179,0,0,0,8056,4143,4472,7649,1,225,19,24075
qwen4b,draw2,model.layers.26.mlp.down_proj,kl,19,3,16,0,0,0,8056,4143,4472,7649,1,225,19,24075
qwen4b,draw3,model.layers.26.mlp.down_proj,ce,224,36,188,0,0,0,8040,4062,4273,7945,5,224,24,24067
qwen4b,draw3,model.layers.26.mlp.down_proj,kl,24,0,24,0,0,0,8040,4062,4273,7945,5,224,24,24067
qwen4b,draw4,model.layers.26.mlp.down_proj,ce,251,45,206,0,0,0,8265,3995,4218,7842,4,251,20,24045
qwen4b,draw4,model.layers.26.mlp.down_proj,kl,20,5,15,0,0,0,8265,3995,4218,7842,4,251,20,24045
qwen4b,seed0,model.layers.26.mlp.gate_proj,ce,63,7,56,0,0,0,8398,3668,3863,8391,1,63,16,24240
qwen4b,seed0,model.layers.26.mlp.gate_proj,kl,16,0,16,0,0,0,8398,3668,3863,8391,1,63,16,24240
qwen4b,draw1,model.layers.26.mlp.gate_proj,ce,44,7,37,0,0,0,8274,3847,4056,8143,1,44,19,24256
qwen4b,draw1,model.layers.26.mlp.gate_proj,kl,19,2,17,0,0,0,8274,3847,4056,8143,1,44,19,24256
qwen4b,draw2,model.layers.26.mlp.gate_proj,ce,51,10,41,0,0,0,8373,3960,4105,7882,0,51,17,24252
qwen4b,draw2,model.layers.26.mlp.gate_proj,kl,17,2,15,0,0,0,8373,3960,4105,7882,0,51,17,24252
qwen4b,draw3,model.layers.26.mlp.gate_proj,ce,66,14,52,0,0,0,8593,3680,3861,8186,0,66,11,24243
qwen4b,draw3,model.layers.26.mlp.gate_proj,kl,11,1,10,0,0,0,8593,3680,3861,8186,0,66,11,24243
qwen4b,draw4,model.layers.26.mlp.gate_proj,ce,55,9,46,0,0,0,8550,3482,3680,8608,3,55,23,24239
qwen4b,draw4,model.layers.26.mlp.gate_proj,kl,23,3,20,0,0,0,8550,3482,3680,8608,3,55,23,24239
qwen4b,seed0,model.layers.26.mlp.up_proj,ce,158,45,113,0,0,0,8249,3856,4166,8049,2,158,19,24141
qwen4b,seed0,model.layers.26.mlp.up_proj,kl,19,1,18,0,0,0,8249,3856,4166,8049,2,158,19,24141
qwen4b,draw1,model.layers.26.mlp.up_proj,ce,159,38,121,0,0,0,8343,4046,4145,7786,1,159,21,24139
qwen4b,draw1,model.layers.26.mlp.up_proj,kl,21,1,20,0,0,0,8343,4046,4145,7786,1,159,21,24139
qwen4b,draw2,model.layers.26.mlp.up_proj,ce,201,54,147,0,0,0,8209,4186,4422,7503,1,201,25,24093
qwen4b,draw2,model.layers.26.mlp.up_proj,kl,25,7,18,0,0,0,8209,4186,4422,7503,1,201,25,24093
qwen4b,draw3,model.layers.26.mlp.up_proj,ce,175,37,138,0,0,0,8210,4081,3992,8037,2,175,22,24121
qwen4b,draw3,model.layers.26.mlp.up_proj,kl,22,3,19,0,0,0,8210,4081,3992,8037,2,175,22,24121
qwen4b,draw4,model.layers.26.mlp.up_proj,ce,205,45,160,0,0,0,8183,4089,4094,7954,0,205,17,24098
qwen4b,draw4,model.layers.26.mlp.up_proj,kl,17,2,15,0,0,0,8183,4089,4094,7954,0,205,17,24098
qwen4b,seed0,model.layers.26.self_attn.k_proj,ce,18,5,13,0,0,0,879,377,465,839,0,18,2,2540
qwen4b,seed0,model.layers.26.self_attn.k_proj,kl,2,0,2,0,0,0,879,377,465,839,0,18,2,2540
qwen4b,draw1,model.layers.26.self_attn.k_proj,ce,14,3,11,0,0,0,854,435,471,800,1,14,5,2540
qwen4b,draw1,model.layers.26.self_attn.k_proj,kl,5,1,4,0,0,0,854,435,471,800,1,14,5,2540
qwen4b,draw2,model.layers.26.self_attn.k_proj,ce,18,5,13,0,0,0,846,417,441,856,1,18,3,2538
qwen4b,draw2,model.layers.26.self_attn.k_proj,kl,3,0,3,0,0,0,846,417,441,856,1,18,3,2538
qwen4b,draw3,model.layers.26.self_attn.k_proj,ce,17,5,12,0,0,0,865,443,474,778,0,17,4,2539
qwen4b,draw3,model.layers.26.self_attn.k_proj,kl,4,1,3,0,0,0,865,443,474,778,0,17,4,2539
qwen4b,draw4,model.layers.26.self_attn.k_proj,ce,26,6,20,0,0,0,853,468,444,795,0,26,6,2528
qwen4b,draw4,model.layers.26.self_attn.k_proj,kl,6,0,6,0,0,0,853,468,444,795,0,26,6,2528
qwen4b,seed0,model.layers.26.self_attn.o_proj,ce,430,118,312,0,0,1,3310,1823,1936,3171,8,430,15,9787
qwen4b,seed0,model.layers.26.self_attn.o_proj,kl,15,3,12,0,0,0,3310,1823,1936,3171,8,430,15,9787
qwen4b,draw1,model.layers.26.self_attn.o_proj,ce,365,102,263,0,0,0,3288,1792,1994,3166,8,365,14,9853
qwen4b,draw1,model.layers.26.self_attn.o_proj,kl,14,5,9,0,0,0,3288,1792,1994,3166,8,365,14,9853
qwen4b,draw2,model.layers.26.self_attn.o_proj,ce,413,128,285,0,0,0,3275,1954,2000,3011,9,413,21,9797
qwen4b,draw2,model.layers.26.self_attn.o_proj,kl,21,8,13,0,0,0,3275,1954,2000,3011,9,413,21,9797
qwen4b,draw3,model.layers.26.self_attn.o_proj,ce,420,129,291,0,0,0,3213,1951,1947,3129,7,420,13,9800
qwen4b,draw3,model.layers.26.self_attn.o_proj,kl,13,4,9,0,0,0,3213,1951,1947,3129,7,420,13,9800
qwen4b,draw4,model.layers.26.self_attn.o_proj,ce,419,133,286,0,0,0,3105,1988,2069,3078,5,419,20,9796
qwen4b,draw4,model.layers.26.self_attn.o_proj,kl,20,4,16,0,0,0,3105,1988,2069,3078,5,419,20,9796
qwen4b,seed0,model.layers.26.self_attn.q_proj,ce,60,18,42,0,0,0,3377,1850,1727,3286,1,60,10,10169
qwen4b,seed0,model.layers.26.self_attn.q_proj,kl,10,0,10,0,0,0,3377,1850,1727,3286,1,60,10,10169
qwen4b,draw1,model.layers.26.self_attn.q_proj,ce,45,8,37,0,0,0,3374,1718,1760,3388,2,45,9,10184
qwen4b,draw1,model.layers.26.self_attn.q_proj,kl,9,1,8,0,0,0,3374,1718,1760,3388,2,45,9,10184
qwen4b,draw2,model.layers.26.self_attn.q_proj,ce,57,19,38,0,0,0,3395,1812,1797,3236,1,57,8,10174
qwen4b,draw2,model.layers.26.self_attn.q_proj,kl,8,0,8,0,0,0,3395,1812,1797,3236,1,57,8,10174
qwen4b,draw3,model.layers.26.self_attn.q_proj,ce,58,18,40,0,0,0,3332,1808,1835,3265,0,58,14,10168
qwen4b,draw3,model.layers.26.self_attn.q_proj,kl,14,4,10,0,0,0,3332,1808,1835,3265,0,58,14,10168
qwen4b,draw4,model.layers.26.self_attn.q_proj,ce,59,20,39,0,0,0,3258,1909,1876,3197,1,59,7,10173
qwen4b,draw4,model.layers.26.self_attn.q_proj,kl,7,1,6,0,0,0,3258,1909,1876,3197,1,59,7,10173
qwen4b,seed0,model.layers.26.self_attn.v_proj,ce,88,31,57,0,0,0,810,447,505,798,2,88,8,2462
qwen4b,seed0,model.layers.26.self_attn.v_proj,kl,8,1,7,0,0,0,810,447,505,798,2,88,8,2462
qwen4b,draw1,model.layers.26.self_attn.v_proj,ce,86,25,61,0,0,0,832,445,497,786,2,86,7,2465
qwen4b,draw1,model.layers.26.self_attn.v_proj,kl,7,1,6,0,0,0,832,445,497,786,2,86,7,2465
qwen4b,draw2,model.layers.26.self_attn.v_proj,ce,87,26,61,0,0,0,789,488,545,738,1,87,6,2466
qwen4b,draw2,model.layers.26.self_attn.v_proj,kl,6,2,4,0,0,0,789,488,545,738,1,87,6,2466
qwen4b,draw3,model.layers.26.self_attn.v_proj,ce,103,42,61,0,0,0,768,490,539,763,0,103,5,2452
qwen4b,draw3,model.layers.26.self_attn.v_proj,kl,5,2,3,0,0,0,768,490,539,763,0,103,5,2452
qwen4b,draw4,model.layers.26.self_attn.v_proj,ce,92,30,62,0,0,0,835,477,527,721,0,92,3,2465
qwen4b,draw4,model.layers.26.self_attn.v_proj,kl,3,3,0,0,0,0,835,477,527,721,0,92,3,2465
qwen4b,seed0,model.layers.27.mlp.down_proj,ce,262,49,213,0,0,0,8333,4041,4137,7809,5,262,23,24030
qwen4b,seed0,model.layers.27.mlp.down_proj,kl,23,4,19,0,0,0,8333,4041,4137,7809,5,262,23,24030
qwen4b,draw1,model.layers.27.mlp.down_proj,ce,241,35,206,0,0,0,8308,4052,4182,7778,6,241,26,24047
qwen4b,draw1,model.layers.27.mlp.down_proj,kl,26,0,26,0,0,0,8308,4052,4182,7778,6,241,26,24047
qwen4b,draw2,model.layers.27.mlp.down_proj,ce,233,45,188,0,0,0,8102,4320,4356,7542,2,233,24,24061
qwen4b,draw2,model.layers.27.mlp.down_proj,kl,24,1,23,0,0,0,8102,4320,4356,7542,2,233,24,24061
qwen4b,draw3,model.layers.27.mlp.down_proj,ce,270,57,213,0,0,0,8085,4224,4251,7760,6,270,21,24023
qwen4b,draw3,model.layers.27.mlp.down_proj,kl,21,2,19,0,0,0,8085,4224,4251,7760,6,270,21,24023
qwen4b,draw4,model.layers.27.mlp.down_proj,ce,257,49,208,0,0,0,8101,4118,4431,7670,4,257,24,24035
qwen4b,draw4,model.layers.27.mlp.down_proj,kl,24,4,20,0,0,0,8101,4118,4431,7670,4,257,24,24035
qwen4b,seed0,model.layers.27.mlp.gate_proj,ce,75,6,69,0,0,0,8537,3723,3736,8324,3,75,23,24219
qwen4b,seed0,model.layers.27.mlp.gate_proj,kl,23,0,23,0,0,0,8537,3723,3736,8324,3,75,23,24219
qwen4b,draw1,model.layers.27.mlp.gate_proj,ce,62,12,50,0,0,0,8397,3885,3947,8091,4,62,17,24237
qwen4b,draw1,model.layers.27.mlp.gate_proj,kl,17,1,16,0,0,0,8397,3885,3947,8091,4,62,17,24237
qwen4b,draw2,model.layers.27.mlp.gate_proj,ce,86,12,74,0,0,0,8293,3937,4119,7971,3,86,13,24218
qwen4b,draw2,model.layers.27.mlp.gate_proj,kl,13,1,12,0,0,0,8293,3937,4119,7971,3,86,13,24218
qwen4b,draw3,model.layers.27.mlp.gate_proj,ce,70,12,58,0,0,0,8536,3701,3795,8288,4,70,17,24229
qwen4b,draw3,model.layers.27.mlp.gate_proj,kl,17,0,17,0,0,0,8536,3701,3795,8288,4,70,17,24229
qwen4b,draw4,model.layers.27.mlp.gate_proj,ce,78,10,68,0,0,0,8764,3566,3856,8134,0,78,19,24223
qwen4b,draw4,model.layers.27.mlp.gate_proj,kl,19,1,18,0,0,0,8764,3566,3856,8134,0,78,19,24223
qwen4b,seed0,model.layers.27.mlp.up_proj,ce,163,29,134,0,0,0,8318,3822,4107,8073,4,163,20,24133
qwen4b,seed0,model.layers.27.mlp.up_proj,kl,20,4,16,0,0,0,8318,3822,4107,8073,4,163,20,24133
qwen4b,draw1,model.layers.27.mlp.up_proj,ce,143,30,113,0,0,0,8249,3984,4074,8013,5,143,20,24152
qwen4b,draw1,model.layers.27.mlp.up_proj,kl,20,2,18,0,0,0,8249,3984,4074,8013,5,143,20,24152
qwen4b,draw2,model.layers.27.mlp.up_proj,ce,147,32,115,0,0,0,8165,4080,4347,7728,1,147,18,24154
qwen4b,draw2,model.layers.27.mlp.up_proj,kl,18,5,13,0,0,0,8165,4080,4347,7728,1,147,18,24154
qwen4b,draw3,model.layers.27.mlp.up_proj,ce,153,42,111,0,0,0,8196,3951,4106,8067,4,153,14,24149
qwen4b,draw3,model.layers.27.mlp.up_proj,kl,14,1,13,0,0,0,8196,3951,4106,8067,4,153,14,24149
qwen4b,draw4,model.layers.27.mlp.up_proj,ce,165,35,130,0,0,0,8299,3948,4101,7972,0,165,28,24127
qwen4b,draw4,model.layers.27.mlp.up_proj,kl,28,3,25,0,0,0,8299,3948,4101,7972,0,165,28,24127
qwen4b,seed0,model.layers.27.self_attn.k_proj,ce,31,5,26,0,0,0,879,444,436,801,0,31,3,2526
qwen4b,seed0,model.layers.27.self_attn.k_proj,kl,3,0,3,0,0,0,879,444,436,801,0,31,3,2526
qwen4b,draw1,model.layers.27.self_attn.k_proj,ce,24,6,18,0,0,0,871,442,447,800,0,24,4,2532
qwen4b,draw1,model.layers.27.self_attn.k_proj,kl,4,0,4,0,0,0,871,442,447,800,0,24,4,2532
qwen4b,draw2,model.layers.27.self_attn.k_proj,ce,20,6,14,0,0,0,833,457,471,799,2,20,3,2535
qwen4b,draw2,model.layers.27.self_attn.k_proj,kl,3,0,3,0,0,0,833,457,471,799,2,20,3,2535
qwen4b,draw3,model.layers.27.self_attn.k_proj,ce,27,9,18,0,0,0,840,471,476,773,0,27,3,2530
qwen4b,draw3,model.layers.27.self_attn.k_proj,kl,3,1,2,0,0,0,840,471,476,773,0,27,3,2530
qwen4b,draw4,model.layers.27.self_attn.k_proj,ce,24,4,20,0,0,0,845,442,487,786,0,24,5,2531
qwen4b,draw4,model.layers.27.self_attn.k_proj,kl,5,1,4,0,0,0,845,442,487,786,0,24,5,2531
qwen4b,seed0,model.layers.27.self_attn.o_proj,ce,473,133,340,0,0,0,3251,1969,1998,3022,12,473,15,9740
qwen4b,seed0,model.layers.27.self_attn.o_proj,kl,15,4,11,0,0,0,3251,1969,1998,3022,12,473,15,9740
qwen4b,draw1,model.layers.27.self_attn.o_proj,ce,435,113,322,0,0,0,3160,1957,1949,3174,12,435,18,9775
qwen4b,draw1,model.layers.27.self_attn.o_proj,kl,18,4,14,0,0,0,3160,1957,1949,3174,12,435,18,9775
qwen4b,draw2,model.layers.27.self_attn.o_proj,ce,501,147,354,0,0,0,3114,1959,2055,3112,12,501,28,9699
qwen4b,draw2,model.layers.27.self_attn.o_proj,kl,28,10,18,0,0,0,3114,1959,2055,3112,12,501,28,9699
qwen4b,draw3,model.layers.27.self_attn.o_proj,ce,487,148,339,0,0,0,3149,1960,2019,3112,8,487,22,9723
qwen4b,draw3,model.layers.27.self_attn.o_proj,kl,22,7,15,0,0,0,3149,1960,2019,3112,8,487,22,9723
qwen4b,draw4,model.layers.27.self_attn.o_proj,ce,543,170,373,0,0,0,3167,1963,2066,3044,6,543,16,9675
qwen4b,draw4,model.layers.27.self_attn.o_proj,kl,16,5,11,0,0,0,3167,1963,2066,3044,6,543,16,9675
qwen4b,seed0,model.layers.27.self_attn.q_proj,ce,81,18,63,0,0,0,3394,1707,1816,3323,4,81,13,10142
qwen4b,seed0,model.layers.27.self_attn.q_proj,kl,13,3,10,0,0,0,3394,1707,1816,3323,4,81,13,10142
qwen4b,draw1,model.layers.27.self_attn.q_proj,ce,49,10,39,0,0,0,3366,1709,1790,3375,1,49,13,10177
qwen4b,draw1,model.layers.27.self_attn.q_proj,kl,13,2,11,0,0,0,3366,1709,1790,3375,1,49,13,10177
qwen4b,draw2,model.layers.27.self_attn.q_proj,ce,61,12,49,0,0,0,3377,1823,1848,3192,6,61,20,10153
qwen4b,draw2,model.layers.27.self_attn.q_proj,kl,20,4,16,0,0,0,3377,1823,1848,3192,6,61,20,10153
qwen4b,draw3,model.layers.27.self_attn.q_proj,ce,67,13,54,0,0,0,3299,1743,1920,3278,1,67,24,10148
qwen4b,draw3,model.layers.27.self_attn.q_proj,kl,24,6,18,0,0,0,3299,1743,1920,3278,1,67,24,10148
qwen4b,draw4,model.layers.27.self_attn.q_proj,ce,79,15,64,0,0,0,3374,1778,1777,3311,2,79,17,10142
qwen4b,draw4,model.layers.27.self_attn.q_proj,kl,17,3,14,0,0,0,3374,1778,1777,3311,2,79,17,10142
qwen4b,seed0,model.layers.27.self_attn.v_proj,ce,123,38,85,0,0,0,814,487,489,770,4,123,4,2429
qwen4b,seed0,model.layers.27.self_attn.v_proj,kl,4,1,3,0,0,0,814,487,489,770,4,123,4,2429
qwen4b,draw1,model.layers.27.self_attn.v_proj,ce,111,34,77,0,0,0,866,478,463,753,2,111,5,2442
qwen4b,draw1,model.layers.27.self_attn.v_proj,kl,5,3,2,0,0,0,866,478,463,753,2,111,5,2442
qwen4b,draw2,model.layers.27.self_attn.v_proj,ce,114,35,79,0,0,0,853,479,521,707,7,114,4,2435
qwen4b,draw2,model.layers.27.self_attn.v_proj,kl,4,2,2,0,0,0,853,479,521,707,7,114,4,2435
qwen4b,draw3,model.layers.27.self_attn.v_proj,ce,120,33,87,0,0,0,786,494,531,749,3,120,9,2428
qwen4b,draw3,model.layers.27.self_attn.v_proj,kl,9,3,6,0,0,0,786,494,531,749,3,120,9,2428
qwen4b,draw4,model.layers.27.self_attn.v_proj,ce,113,39,74,0,0,0,779,489,485,807,3,113,8,2436
qwen4b,draw4,model.layers.27.self_attn.v_proj,kl,8,2,6,0,0,0,779,489,485,807,3,113,8,2436
qwen4b,seed0,model.layers.28.mlp.down_proj,ce,301,54,247,0,0,0,8050,4132,4301,7837,4,301,35,23980
qwen4b,seed0,model.layers.28.mlp.down_proj,kl,35,3,32,0,0,0,8050,4132,4301,7837,4,301,35,23980
qwen4b,draw1,model.layers.28.mlp.down_proj,ce,278,52,226,0,0,0,8144,4021,4365,7790,8,278,32,24002
qwen4b,draw1,model.layers.28.mlp.down_proj,kl,32,4,28,0,0,0,8144,4021,4365,7790,8,278,32,24002
qwen4b,draw2,model.layers.28.mlp.down_proj,ce,303,70,233,0,0,0,7894,4226,4587,7613,7,303,25,23985
qwen4b,draw2,model.layers.28.mlp.down_proj,kl,25,4,21,0,0,0,7894,4226,4587,7613,7,303,25,23985
qwen4b,draw3,model.layers.28.mlp.down_proj,ce,284,65,219,0,0,0,8046,4121,4437,7716,5,284,25,24006
qwen4b,draw3,model.layers.28.mlp.down_proj,kl,25,2,23,0,0,0,8046,4121,4437,7716,5,284,25,24006
qwen4b,draw4,model.layers.28.mlp.down_proj,ce,320,70,250,0,0,0,8201,4127,4319,7673,6,320,37,23957
qwen4b,draw4,model.layers.28.mlp.down_proj,kl,37,4,33,0,0,0,8201,4127,4319,7673,6,320,37,23957
qwen4b,seed0,model.layers.28.mlp.gate_proj,ce,77,10,67,0,0,0,8531,3646,3892,8251,4,77,23,24216
qwen4b,seed0,model.layers.28.mlp.gate_proj,kl,23,0,23,0,0,0,8531,3646,3892,8251,4,77,23,24216
qwen4b,draw1,model.layers.28.mlp.gate_proj,ce,76,15,61,0,0,0,8404,3854,4009,8053,2,76,25,24217
qwen4b,draw1,model.layers.28.mlp.gate_proj,kl,25,1,24,0,0,0,8404,3854,4009,8053,2,76,25,24217
qwen4b,draw2,model.layers.28.mlp.gate_proj,ce,87,17,70,0,0,0,8211,3939,4207,7963,2,87,30,24201
qwen4b,draw2,model.layers.28.mlp.gate_proj,kl,30,4,26,0,0,0,8211,3939,4207,7963,2,87,30,24201
qwen4b,draw3,model.layers.28.mlp.gate_proj,ce,83,14,69,0,0,0,8354,3747,4018,8201,3,83,28,24206
qwen4b,draw3,model.layers.28.mlp.gate_proj,kl,28,4,24,0,0,0,8354,3747,4018,8201,3,83,28,24206
qwen4b,draw4,model.layers.28.mlp.gate_proj,ce,90,12,78,0,0,0,8559,3694,3792,8275,1,90,18,24211
qwen4b,draw4,model.layers.28.mlp.gate_proj,kl,18,1,17,0,0,0,8559,3694,3792,8275,1,90,18,24211
qwen4b,seed0,model.layers.28.mlp.up_proj,ce,177,34,143,0,0,0,8316,3928,4097,7979,3,177,36,24104
qwen4b,seed0,model.layers.28.mlp.up_proj,kl,36,0,36,0,0,0,8316,3928,4097,7979,3,177,36,24104
qwen4b,draw1,model.layers.28.mlp.up_proj,ce,180,35,145,0,0,0,8218,4037,4120,7945,3,180,22,24115
qwen4b,draw1,model.layers.28.mlp.up_proj,kl,22,2,20,0,0,0,8218,4037,4120,7945,3,180,22,24115
qwen4b,draw2,model.layers.28.mlp.up_proj,ce,159,38,121,0,0,0,8175,4129,4399,7617,4,159,36,24121
qwen4b,draw2,model.layers.28.mlp.up_proj,kl,36,3,33,0,0,0,8175,4129,4399,7617,4,159,36,24121
qwen4b,draw3,model.layers.28.mlp.up_proj,ce,174,33,141,0,0,0,8378,3971,4144,7827,4,174,21,24121
qwen4b,draw3,model.layers.28.mlp.up_proj,kl,21,1,20,0,0,0,8378,3971,4144,7827,4,174,21,24121
qwen4b,draw4,model.layers.28.mlp.up_proj,ce,183,43,140,0,0,0,8375,3940,4049,7956,4,183,16,24117
qwen4b,draw4,model.layers.28.mlp.up_proj,kl,16,1,15,0,0,0,8375,3940,4049,7956,4,183,16,24117
qwen4b,seed0,model.layers.28.self_attn.k_proj,ce,29,8,21,0,0,0,821,433,514,792,1,29,2,2528
qwen4b,seed0,model.layers.28.self_attn.k_proj,kl,2,2,0,0,0,0,821,433,514,792,1,29,2,2528
qwen4b,draw1,model.layers.28.self_attn.k_proj,ce,29,11,18,0,0,0,875,427,438,820,2,29,3,2526
qwen4b,draw1,model.layers.28.self_attn.k_proj,kl,3,1,2,0,0,0,875,427,438,820,2,29,3,2526
qwen4b,draw2,model.layers.28.self_attn.k_proj,ce,30,9,21,0,0,0,810,462,467,821,1,30,5,2524
qwen4b,draw2,model.layers.28.self_attn.k_proj,kl,5,2,3,0,0,0,810,462,467,821,1,30,5,2524
qwen4b,draw3,model.layers.28.self_attn.k_proj,ce,24,4,20,0,0,0,877,411,453,819,4,24,5,2527
qwen4b,draw3,model.layers.28.self_attn.k_proj,kl,5,2,3,0,0,0,877,411,453,819,4,24,5,2527
qwen4b,draw4,model.layers.28.self_attn.k_proj,ce,40,6,34,0,0,0,880,414,458,808,1,40,4,2515
qwen4b,draw4,model.layers.28.self_attn.k_proj,kl,4,1,3,0,0,0,880,414,458,808,1,40,4,2515
qwen4b,seed0,model.layers.28.self_attn.o_proj,ce,516,131,385,0,0,0,3202,1929,2051,3058,10,516,16,9698
qwen4b,seed0,model.layers.28.self_attn.o_proj,kl,16,4,12,0,0,0,3202,1929,2051,3058,10,516,16,9698
qwen4b,draw1,model.layers.28.self_attn.o_proj,ce,444,90,354,0,0,0,3215,1850,1991,3184,11,444,12,9773
qwen4b,draw1,model.layers.28.self_attn.o_proj,kl,12,5,7,0,0,0,3215,1850,1991,3184,11,444,12,9773
qwen4b,draw2,model.layers.28.self_attn.o_proj,ce,502,137,365,0,0,0,3123,1954,2105,3058,4,502,13,9721
qwen4b,draw2,model.layers.28.self_attn.o_proj,kl,13,2,11,0,0,0,3123,1954,2105,3058,4,502,13,9721
qwen4b,draw3,model.layers.28.self_attn.o_proj,ce,477,137,340,0,0,0,3192,1892,1993,3163,11,477,17,9735
qwen4b,draw3,model.layers.28.self_attn.o_proj,kl,17,4,13,0,0,0,3192,1892,1993,3163,11,477,17,9735
qwen4b,draw4,model.layers.28.self_attn.o_proj,ce,518,142,376,0,0,0,3146,1918,2097,3079,5,518,14,9703
qwen4b,draw4,model.layers.28.self_attn.o_proj,kl,14,6,8,0,0,0,3146,1918,2097,3079,5,518,14,9703
qwen4b,seed0,model.layers.28.self_attn.q_proj,ce,217,75,142,0,0,0,3319,1865,1897,3159,4,217,18,10001
qwen4b,seed0,model.layers.28.self_attn.q_proj,kl,18,6,12,0,0,0,3319,1865,1897,3159,4,217,18,10001
qwen4b,draw1,model.layers.28.self_attn.q_proj,ce,183,42,141,0,0,0,3413,1734,1790,3303,11,183,9,10037
qwen4b,draw1,model.layers.28.self_attn.q_proj,kl,9,4,5,0,0,0,3413,1734,1790,3303,11,183,9,10037
qwen4b,draw2,model.layers.28.self_attn.q_proj,ce,218,78,140,0,0,0,3249,1850,1960,3181,5,218,20,9997
qwen4b,draw2,model.layers.28.self_attn.q_proj,kl,20,5,15,0,0,0,3249,1850,1960,3181,5,218,20,9997
qwen4b,draw3,model.layers.28.self_attn.q_proj,ce,199,85,114,0,0,0,3358,1797,1808,3277,3,199,17,10021
qwen4b,draw3,model.layers.28.self_attn.q_proj,kl,17,6,11,0,0,0,3358,1797,1808,3277,3,199,17,10021
qwen4b,draw4,model.layers.28.self_attn.q_proj,ce,224,79,145,0,0,0,3333,1810,1923,3174,6,224,17,9993
qwen4b,draw4,model.layers.28.self_attn.q_proj,kl,17,5,12,0,0,0,3333,1810,1923,3174,6,224,17,9993
qwen4b,seed0,model.layers.28.self_attn.v_proj,ce,114,33,81,0,0,0,791,487,498,784,2,114,3,2441
qwen4b,seed0,model.layers.28.self_attn.v_proj,kl,3,2,1,0,0,0,791,487,498,784,2,114,3,2441
qwen4b,draw1,model.layers.28.self_attn.v_proj,ce,101,20,81,0,0,0,839,456,483,782,2,101,5,2452
qwen4b,draw1,model.layers.28.self_attn.v_proj,kl,5,0,5,0,0,0,839,456,483,782,2,101,5,2452
qwen4b,draw2,model.layers.28.self_attn.v_proj,ce,104,23,81,0,0,0,823,448,491,798,1,104,4,2451
qwen4b,draw2,model.layers.28.self_attn.v_proj,kl,4,1,3,0,0,0,823,448,491,798,1,104,4,2451
qwen4b,draw3,model.layers.28.self_attn.v_proj,ce,107,30,77,0,0,0,815,473,479,793,2,107,3,2448
qwen4b,draw3,model.layers.28.self_attn.v_proj,kl,3,2,1,0,0,0,815,473,479,793,2,107,3,2448
qwen4b,draw4,model.layers.28.self_attn.v_proj,ce,114,41,73,0,0,0,783,483,548,746,3,114,4,2439
qwen4b,draw4,model.layers.28.self_attn.v_proj,kl,4,1,3,0,0,0,783,483,548,746,3,114,4,2439
qwen4b,seed0,model.layers.29.mlp.down_proj,ce,330,81,249,0,0,0,8209,4066,4216,7829,5,330,27,23958
qwen4b,seed0,model.layers.29.mlp.down_proj,kl,27,2,25,0,0,0,8209,4066,4216,7829,5,330,27,23958
qwen4b,draw1,model.layers.29.mlp.down_proj,ce,303,44,259,0,0,0,8067,4195,4378,7680,5,303,34,23978
qwen4b,draw1,model.layers.29.mlp.down_proj,kl,34,3,31,0,0,0,8067,4195,4378,7680,5,303,34,23978
qwen4b,draw2,model.layers.29.mlp.down_proj,ce,301,83,218,0,0,0,8047,4307,4423,7543,6,301,28,23985
qwen4b,draw2,model.layers.29.mlp.down_proj,kl,28,5,23,0,0,0,8047,4307,4423,7543,6,301,28,23985
qwen4b,draw3,model.layers.29.mlp.down_proj,ce,291,80,211,0,0,0,8039,4250,4352,7679,3,291,24,24002
qwen4b,draw3,model.layers.29.mlp.down_proj,kl,24,6,18,0,0,0,8039,4250,4352,7679,3,291,24,24002
qwen4b,draw4,model.layers.29.mlp.down_proj,ce,320,84,236,0,0,0,8075,4264,4275,7706,3,320,19,23978
qwen4b,draw4,model.layers.29.mlp.down_proj,kl,19,3,16,0,0,0,8075,4264,4275,7706,3,320,19,23978
qwen4b,seed0,model.layers.29.mlp.gate_proj,ce,57,8,49,0,0,0,8651,3677,3833,8159,2,57,18,24243
qwen4b,seed0,model.layers.29.mlp.gate_proj,kl,18,1,17,0,0,0,8651,3677,3833,8159,2,57,18,24243
qwen4b,draw1,model.layers.29.mlp.gate_proj,ce,66,10,56,0,0,0,8306,3997,4063,7954,1,66,19,24234
qwen4b,draw1,model.layers.29.mlp.gate_proj,kl,19,0,19,0,0,0,8306,3997,4063,7954,1,66,19,24234
qwen4b,draw2,model.layers.29.mlp.gate_proj,ce,54,9,45,0,0,0,8535,3914,3990,7881,3,54,20,24243
qwen4b,draw2,model.layers.29.mlp.gate_proj,kl,20,1,19,0,0,0,8535,3914,3990,7881,3,54,20,24243
qwen4b,draw3,model.layers.29.mlp.gate_proj,ce,45,6,39,0,0,0,8527,3746,3837,8210,2,45,9,24264
qwen4b,draw3,model.layers.29.mlp.gate_proj,kl,9,0,9,0,0,0,8527,3746,3837,8210,2,45,9,24264
qwen4b,draw4,model.layers.29.mlp.gate_proj,ce,73,13,60,0,0,0,8567,3794,3846,8113,0,73,19,24228
qwen4b,draw4,model.layers.29.mlp.gate_proj,kl,19,1,18,0,0,0,8567,3794,3846,8113,0,73,19,24228
qwen4b,seed0,model.layers.29.mlp.up_proj,ce,152,29,123,0,0,0,8498,3875,4080,7867,3,152,29,24136
qwen4b,seed0,model.layers.29.mlp.up_proj,kl,29,1,28,0,0,0,8498,3875,4080,7867,3,152,29,24136
qwen4b,draw1,model.layers.29.mlp.up_proj,ce,139,25,114,0,0,0,8140,4042,4165,7973,2,139,21,24158
qwen4b,draw1,model.layers.29.mlp.up_proj,kl,21,4,17,0,0,0,8140,4042,4165,7973,2,139,21,24158
qwen4b,draw2,model.layers.29.mlp.up_proj,ce,147,31,116,0,0,0,7982,4255,4362,7721,4,147,31,24138
qwen4b,draw2,model.layers.29.mlp.up_proj,kl,31,6,25,0,0,0,7982,4255,4362,7721,4,147,31,24138
qwen4b,draw3,model.layers.29.mlp.up_proj,ce,154,37,117,0,0,0,8369,3949,4104,7898,2,154,17,24147
qwen4b,draw3,model.layers.29.mlp.up_proj,kl,17,2,15,0,0,0,8369,3949,4104,7898,2,154,17,24147
qwen4b,draw4,model.layers.29.mlp.up_proj,ce,179,37,142,0,0,0,8389,3912,4055,7964,0,179,25,24116
qwen4b,draw4,model.layers.29.mlp.up_proj,kl,25,1,24,0,0,0,8389,3912,4055,7964,0,179,25,24116
qwen4b,seed0,model.layers.29.self_attn.k_proj,ce,21,3,18,0,0,0,861,423,458,818,0,21,4,2535
qwen4b,seed0,model.layers.29.self_attn.k_proj,kl,4,0,4,0,0,0,861,423,458,818,0,21,4,2535
qwen4b,draw1,model.layers.29.self_attn.k_proj,ce,11,1,10,0,0,0,859,430,444,827,0,11,6,2543
qwen4b,draw1,model.layers.29.self_attn.k_proj,kl,6,0,6,0,0,0,859,430,444,827,0,11,6,2543
qwen4b,draw2,model.layers.29.self_attn.k_proj,ce,18,3,15,0,0,0,891,445,395,829,0,18,1,2541
qwen4b,draw2,model.layers.29.self_attn.k_proj,kl,1,0,1,0,0,0,891,445,395,829,0,18,1,2541
qwen4b,draw3,model.layers.29.self_attn.k_proj,ce,16,5,11,0,0,0,807,476,450,827,0,16,3,2541
qwen4b,draw3,model.layers.29.self_attn.k_proj,kl,3,0,3,0,0,0,807,476,450,827,0,16,3,2541
qwen4b,draw4,model.layers.29.self_attn.k_proj,ce,20,6,14,0,0,0,861,455,457,787,0,20,2,2538
qwen4b,draw4,model.layers.29.self_attn.k_proj,kl,2,0,2,0,0,0,861,455,457,787,0,20,2,2538
qwen4b,seed0,model.layers.29.self_attn.o_proj,ce,511,142,369,0,0,0,3171,1918,2047,3104,4,511,12,9713
qwen4b,seed0,model.layers.29.self_attn.o_proj,kl,12,4,8,0,0,0,3171,1918,2047,3104,4,511,12,9713
qwen4b,draw1,model.layers.29.self_attn.o_proj,ce,437,91,346,0,0,0,3327,1861,1912,3140,6,437,7,9790
qwen4b,draw1,model.layers.29.self_attn.o_proj,kl,7,1,6,0,0,0,3327,1861,1912,3140,6,437,7,9790
qwen4b,draw2,model.layers.29.self_attn.o_proj,ce,436,124,312,0,0,0,3191,1967,2052,3030,5,436,20,9779
qwen4b,draw2,model.layers.29.self_attn.o_proj,kl,20,8,12,0,0,0,3191,1967,2052,3030,5,436,20,9779
qwen4b,draw3,model.layers.29.self_attn.o_proj,ce,486,147,339,0,0,0,3145,1927,2075,3093,3,486,11,9740
qwen4b,draw3,model.layers.29.self_attn.o_proj,kl,11,2,9,0,0,0,3145,1927,2075,3093,3,486,11,9740
qwen4b,draw4,model.layers.29.self_attn.o_proj,ce,505,150,355,0,0,0,3179,1948,2037,3076,2,505,11,9722
qwen4b,draw4,model.layers.29.self_attn.o_proj,kl,11,2,9,0,0,0,3179,1948,2037,3076,2,505,11,9722
qwen4b,seed0,model.layers.29.self_attn.q_proj,ce,65,9,56,0,0,0,3299,1716,1869,3356,0,65,13,10162
qwen4b,seed0,model.layers.29.self_attn.q_proj,kl,13,2,11,0,0,0,3299,1716,1869,3356,0,65,13,10162
qwen4b,draw1,model.layers.29.self_attn.q_proj,ce,41,8,33,0,0,0,3401,1720,1758,3361,0,41,9,10190
qwen4b,draw1,model.layers.29.self_attn.q_proj,kl,9,1,8,0,0,0,3401,1720,1758,3361,0,41,9,10190
qwen4b,draw2,model.layers.29.self_attn.q_proj,ce,44,10,34,0,0,0,3332,1791,1814,3303,1,44,9,10186
qwen4b,draw2,model.layers.29.self_attn.q_proj,kl,9,0,9,0,0,0,3332,1791,1814,3303,1,44,9,10186
qwen4b,draw3,model.layers.29.self_attn.q_proj,ce,52,11,41,0,0,0,3302,1769,1807,3362,0,52,9,10179
qwen4b,draw3,model.layers.29.self_attn.q_proj,kl,9,4,5,0,0,0,3302,1769,1807,3362,0,52,9,10179
qwen4b,draw4,model.layers.29.self_attn.q_proj,ce,40,9,31,0,0,0,3400,1773,1890,3177,0,40,4,10196
qwen4b,draw4,model.layers.29.self_attn.q_proj,kl,4,3,1,0,0,0,3400,1773,1890,3177,0,40,4,10196
qwen4b,seed0,model.layers.29.self_attn.v_proj,ce,111,27,84,0,0,0,821,479,500,760,2,111,4,2443
qwen4b,seed0,model.layers.29.self_attn.v_proj,kl,4,3,1,0,0,0,821,479,500,760,2,111,4,2443
qwen4b,draw1,model.layers.29.self_attn.v_proj,ce,88,14,74,0,0,0,867,460,455,778,1,88,2,2469
qwen4b,draw1,model.layers.29.self_attn.v_proj,kl,2,1,1,0,0,0,867,460,455,778,1,88,2,2469
qwen4b,draw2,model.layers.29.self_attn.v_proj,ce,100,23,77,0,0,0,854,453,477,776,4,100,5,2451
qwen4b,draw2,model.layers.29.self_attn.v_proj,kl,5,0,5,0,0,0,854,453,477,776,4,100,5,2451
qwen4b,draw3,model.layers.29.self_attn.v_proj,ce,90,19,71,0,0,0,811,495,490,764,2,90,5,2463
qwen4b,draw3,model.layers.29.self_attn.v_proj,kl,5,2,3,0,0,0,811,495,490,764,2,90,5,2463
qwen4b,draw4,model.layers.29.self_attn.v_proj,ce,98,27,71,0,0,0,791,505,483,781,1,98,1,2460
qwen4b,draw4,model.layers.29.self_attn.v_proj,kl,1,0,1,0,0,0,791,505,483,781,1,98,1,2460
qwen4b,seed0,model.layers.3.mlp.down_proj,ce,127,9,118,0,0,0,8474,3776,3881,8189,27,127,40,24126
qwen4b,seed0,model.layers.3.mlp.down_proj,kl,40,1,39,0,0,0,8474,3776,3881,8189,27,127,40,24126
qwen4b,draw1,model.layers.3.mlp.down_proj,ce,105,3,102,0,0,0,7971,4284,4335,7730,8,105,38,24169
qwen4b,draw1,model.layers.3.mlp.down_proj,kl,38,2,36,0,0,0,7971,4284,4335,7730,8,105,38,24169
qwen4b,draw2,model.layers.3.mlp.down_proj,ce,111,4,107,0,0,0,8562,3676,3773,8309,23,111,59,24127
qwen4b,draw2,model.layers.3.mlp.down_proj,kl,59,0,59,0,0,0,8562,3676,3773,8309,23,111,59,24127
qwen4b,draw3,model.layers.3.mlp.down_proj,ce,102,3,99,0,0,0,8366,3891,3989,8074,17,102,43,24158
qwen4b,draw3,model.layers.3.mlp.down_proj,kl,43,2,41,0,0,0,8366,3891,3989,8074,17,102,43,24158
qwen4b,draw4,model.layers.3.mlp.down_proj,ce,27,1,26,0,0,0,9658,2557,2540,9565,1,27,6,24286
qwen4b,draw4,model.layers.3.mlp.down_proj,kl,6,0,6,0,0,0,9658,2557,2540,9565,1,27,6,24286
qwen4b,seed0,model.layers.3.mlp.gate_proj,ce,51,2,49,0,0,0,8422,3864,3984,8050,7,51,27,24235
qwen4b,seed0,model.layers.3.mlp.gate_proj,kl,27,4,23,0,0,0,8422,3864,3984,8050,7,51,27,24235
qwen4b,draw1,model.layers.3.mlp.gate_proj,ce,33,1,32,0,0,0,7769,4393,4412,7746,4,33,20,24263
qwen4b,draw1,model.layers.3.mlp.gate_proj,kl,20,1,19,0,0,0,7769,4393,4412,7746,4,33,20,24263
qwen4b,draw2,model.layers.3.mlp.gate_proj,ce,46,0,46,0,0,1,8225,3864,3921,8310,6,46,26,24242
qwen4b,draw2,model.layers.3.mlp.gate_proj,kl,26,2,24,0,0,1,8225,3864,3921,8310,6,46,26,24242
qwen4b,draw3,model.layers.3.mlp.gate_proj,ce,51,1,50,0,0,0,8420,3910,4002,7988,2,51,22,24245
qwen4b,draw3,model.layers.3.mlp.gate_proj,kl,22,2,20,0,0,0,8420,3910,4002,7988,2,51,22,24245
qwen4b,draw4,model.layers.3.mlp.gate_proj,ce,20,0,20,0,0,0,10003,2282,2305,9730,2,20,6,24292
qwen4b,draw4,model.layers.3.mlp.gate_proj,kl,6,0,6,0,0,0,10003,2282,2305,9730,2,20,6,24292
qwen4b,seed0,model.layers.3.mlp.up_proj,ce,159,5,154,0,0,0,8392,3671,4006,8251,32,159,41,24088
qwen4b,seed0,model.layers.3.mlp.up_proj,kl,41,1,40,0,0,0,8392,3671,4006,8251,32,159,41,24088
qwen4b,draw1,model.layers.3.mlp.up_proj,ce,100,5,95,0,0,1,8013,4237,4313,7757,36,100,58,24126
qwen4b,draw1,model.layers.3.mlp.up_proj,kl,58,4,54,0,0,0,8013,4237,4313,7757,36,100,58,24126
qwen4b,draw2,model.layers.3.mlp.up_proj,ce,121,3,118,0,0,0,8514,3638,3864,8304,44,121,63,24092
qwen4b,draw2,model.layers.3.mlp.up_proj,kl,63,2,61,0,0,0,8514,3638,3864,8304,44,121,63,24092
qwen4b,draw3,model.layers.3.mlp.up_proj,ce,105,2,103,0,0,0,8451,3829,3845,8195,33,105,63,24119
qwen4b,draw3,model.layers.3.mlp.up_proj,kl,63,1,62,0,0,0,8451,3829,3845,8195,33,105,63,24119
qwen4b,draw4,model.layers.3.mlp.up_proj,ce,40,0,40,0,0,0,10032,2115,2226,9947,6,40,3,24271
qwen4b,draw4,model.layers.3.mlp.up_proj,kl,3,0,3,0,0,0,10032,2115,2226,9947,6,40,3,24271
qwen4b,seed0,model.layers.3.self_attn.k_proj,ce,10,1,9,0,0,0,861,412,415,872,1,10,2,2547
qwen4b,seed0,model.layers.3.self_attn.k_proj,kl,2,1,1,0,0,0,861,412,415,872,1,10,2,2547
qwen4b,draw1,model.layers.3.self_attn.k_proj,ce,8,1,7,0,0,0,754,560,557,689,0,8,3,2549
qwen4b,draw1,model.layers.3.self_attn.k_proj,kl,3,0,3,0,0,0,754,560,557,689,0,8,3,2549
qwen4b,draw2,model.layers.3.self_attn.k_proj,ce,13,0,13,0,0,0,912,360,360,928,1,13,2,2544
qwen4b,draw2,model.layers.3.self_attn.k_proj,kl,2,0,2,0,0,0,912,360,360,928,1,13,2,2544
qwen4b,draw3,model.layers.3.self_attn.k_proj,ce,6,0,6,0,0,0,892,389,382,897,1,6,3,2550
qwen4b,draw3,model.layers.3.self_attn.k_proj,kl,3,1,2,0,0,0,892,389,382,897,1,6,3,2550
qwen4b,draw4,model.layers.3.self_attn.k_proj,ce,1,0,1,0,0,0,1053,224,227,1056,0,1,0,2559
qwen4b,draw4,model.layers.3.self_attn.k_proj,kl,0,0,0,0,0,0,1053,224,227,1056,0,1,0,2559
qwen4b,seed0,model.layers.3.self_attn.o_proj,ce,180,5,175,0,0,0,3731,1446,1575,3488,31,180,32,9997
qwen4b,seed0,model.layers.3.self_attn.o_proj,kl,32,0,32,0,0,0,3731,1446,1575,3488,31,180,32,9997
qwen4b,draw1,model.layers.3.self_attn.o_proj,ce,86,6,80,0,0,0,3363,1842,1763,3272,12,86,32,10110
qwen4b,draw1,model.layers.3.self_attn.o_proj,kl,32,1,31,0,0,0,3363,1842,1763,3272,12,86,32,10110
qwen4b,draw2,model.layers.3.self_attn.o_proj,ce,133,1,132,0,0,0,3863,1351,1349,3677,38,133,50,10019
qwen4b,draw2,model.layers.3.self_attn.o_proj,kl,50,0,50,0,0,0,3863,1351,1349,3677,38,133,50,10019
qwen4b,draw3,model.layers.3.self_attn.o_proj,ce,123,3,120,0,0,0,3749,1433,1488,3570,21,123,48,10048
qwen4b,draw3,model.layers.3.self_attn.o_proj,kl,48,1,47,0,0,0,3749,1433,1488,3570,21,123,48,10048
qwen4b,draw4,model.layers.3.self_attn.o_proj,ce,31,0,31,0,0,0,4180,994,1010,4056,2,31,4,10203
qwen4b,draw4,model.layers.3.self_attn.o_proj,kl,4,0,4,0,0,0,4180,994,1010,4056,2,31,4,10203
qwen4b,seed0,model.layers.3.self_attn.q_proj,ce,24,1,23,0,0,0,3425,1689,1660,3466,1,24,13,10202
qwen4b,seed0,model.layers.3.self_attn.q_proj,kl,13,0,13,0,0,0,3425,1689,1660,3466,1,24,13,10202
qwen4b,draw1,model.layers.3.self_attn.q_proj,ce,19,0,19,0,0,0,2935,2205,2187,2913,1,19,19,10201
qwen4b,draw1,model.layers.3.self_attn.q_proj,kl,19,1,18,0,0,0,2935,2205,2187,2913,1,19,19,10201
qwen4b,draw2,model.layers.3.self_attn.q_proj,ce,21,0,21,0,0,0,3627,1519,1539,3555,2,21,22,10195
qwen4b,draw2,model.layers.3.self_attn.q_proj,kl,22,2,20,0,0,0,3627,1519,1539,3555,2,21,22,10195
qwen4b,draw3,model.layers.3.self_attn.q_proj,ce,21,1,20,0,0,0,3502,1611,1694,3433,1,21,14,10204
qwen4b,draw3,model.layers.3.self_attn.q_proj,kl,14,0,14,0,0,0,3502,1611,1694,3433,1,21,14,10204
qwen4b,draw4,model.layers.3.self_attn.q_proj,ce,5,0,5,0,0,0,4253,858,892,4237,0,5,0,10235
qwen4b,draw4,model.layers.3.self_attn.q_proj,kl,0,0,0,0,0,0,4253,858,892,4237,0,5,0,10235
qwen4b,seed0,model.layers.3.self_attn.v_proj,ce,50,1,49,0,0,0,939,379,364,878,19,50,10,2481
qwen4b,seed0,model.layers.3.self_attn.v_proj,kl,10,0,10,0,0,0,939,379,364,878,19,50,10,2481
qwen4b,draw1,model.layers.3.self_attn.v_proj,ce,32,0,32,0,0,0,864,439,487,770,10,32,17,2501
qwen4b,draw1,model.layers.3.self_attn.v_proj,kl,17,1,16,0,0,0,864,439,487,770,10,32,17,2501
qwen4b,draw2,model.layers.3.self_attn.v_proj,ce,42,0,42,0,0,0,1042,293,309,916,28,42,16,2474
qwen4b,draw2,model.layers.3.self_attn.v_proj,kl,16,0,16,0,0,0,1042,293,309,916,28,42,16,2474
qwen4b,draw3,model.layers.3.self_attn.v_proj,ce,41,0,41,0,0,0,984,336,368,872,23,41,18,2478
qwen4b,draw3,model.layers.3.self_attn.v_proj,kl,18,0,18,0,0,0,984,336,368,872,23,41,18,2478
qwen4b,draw4,model.layers.3.self_attn.v_proj,ce,12,0,12,0,0,0,1031,232,248,1049,2,12,2,2544
qwen4b,draw4,model.layers.3.self_attn.v_proj,kl,2,0,2,0,0,0,1031,232,248,1049,2,12,2,2544
qwen4b,seed0,model.layers.30.mlp.down_proj,ce,382,84,298,0,0,0,8233,4069,4424,7594,10,382,26,23902
qwen4b,seed0,model.layers.30.mlp.down_proj,kl,26,3,23,0,0,0,8233,4069,4424,7594,10,382,26,23902
qwen4b,draw1,model.layers.30.mlp.down_proj,ce,359,77,282,0,0,0,7962,4273,4459,7626,12,359,33,23916
qwen4b,draw1,model.layers.30.mlp.down_proj,kl,33,1,32,0,0,0,7962,4273,4459,7626,12,359,33,23916
qwen4b,draw2,model.layers.30.mlp.down_proj,ce,367,91,276,0,0,0,7759,4382,4595,7584,7,367,33,23913
qwen4b,draw2,model.layers.30.mlp.down_proj,kl,33,5,28,0,0,0,7759,4382,4595,7584,7,367,33,23913
qwen4b,draw3,model.layers.30.mlp.down_proj,ce,351,90,261,0,0,0,7890,4236,4499,7695,5,351,18,23946
qwen4b,draw3,model.layers.30.mlp.down_proj,kl,18,7,11,0,0,0,7890,4236,4499,7695,5,351,18,23946
qwen4b,draw4,model.layers.30.mlp.down_proj,ce,390,103,287,0,0,0,7843,4310,4470,7697,3,390,22,23905
qwen4b,draw4,model.layers.30.mlp.down_proj,kl,22,3,19,0,0,0,7843,4310,4470,7697,3,390,22,23905
qwen4b,seed0,model.layers.30.mlp.gate_proj,ce,87,13,74,0,0,0,8405,3720,3899,8296,2,87,22,24209
qwen4b,seed0,model.layers.30.mlp.gate_proj,kl,22,1,21,0,0,0,8405,3720,3899,8296,2,87,22,24209
qwen4b,draw1,model.layers.30.mlp.gate_proj,ce,65,6,59,0,0,0,8366,3875,4018,8061,1,65,22,24232
qwen4b,draw1,model.layers.30.mlp.gate_proj,kl,22,1,21,0,0,0,8366,3875,4018,8061,1,65,22,24232
qwen4b,draw2,model.layers.30.mlp.gate_proj,ce,60,12,48,0,0,0,8143,4035,4130,8012,4,60,19,24237
qwen4b,draw2,model.layers.30.mlp.gate_proj,kl,19,2,17,0,0,0,8143,4035,4130,8012,4,60,19,24237
qwen4b,draw3,model.layers.30.mlp.gate_proj,ce,57,10,47,0,0,0,8545,3781,3816,8178,1,57,15,24247
qwen4b,draw3,model.layers.30.mlp.gate_proj,kl,15,1,14,0,0,0,8545,3781,3816,8178,1,57,15,24247
qwen4b,draw4,model.layers.30.mlp.gate_proj,ce,65,10,55,0,0,0,8494,3769,3910,8147,1,65,18,24236
qwen4b,draw4,model.layers.30.mlp.gate_proj,kl,18,3,15,0,0,0,8494,3769,3910,8147,1,65,18,24236
qwen4b,seed0,model.layers.30.mlp.up_proj,ce,158,32,126,0,0,0,8424,4004,3963,7929,3,158,23,24136
qwen4b,seed0,model.layers.30.mlp.up_proj,kl,23,2,21,0,0,0,8424,4004,3963,7929,3,158,23,24136
qwen4b,draw1,model.layers.30.mlp.up_proj,ce,118,23,95,0,0,0,8208,4101,4231,7780,3,118,26,24173
qwen4b,draw1,model.layers.30.mlp.up_proj,kl,26,1,25,0,0,0,8208,4101,4231,7780,3,118,26,24173
qwen4b,draw2,model.layers.30.mlp.up_proj,ce,139,26,113,0,0,0,8092,4163,4359,7706,2,139,19,24160
qwen4b,draw2,model.layers.30.mlp.up_proj,kl,19,2,17,0,0,0,8092,4163,4359,7706,2,139,19,24160
qwen4b,draw3,model.layers.30.mlp.up_proj,ce,143,26,117,0,0,0,8288,3974,4091,7967,2,143,18,24157
qwen4b,draw3,model.layers.30.mlp.up_proj,kl,18,4,14,0,0,0,8288,3974,4091,7967,2,143,18,24157
qwen4b,draw4,model.layers.30.mlp.up_proj,ce,153,37,116,0,0,0,8314,3971,4104,7931,2,153,29,24136
qwen4b,draw4,model.layers.30.mlp.up_proj,kl,29,3,26,0,0,0,8314,3971,4104,7931,2,153,29,24136
qwen4b,seed0,model.layers.30.self_attn.k_proj,ce,20,3,17,0,0,0,833,426,456,845,0,20,0,2540
qwen4b,seed0,model.layers.30.self_attn.k_proj,kl,0,0,0,0,0,0,833,426,456,845,0,20,0,2540
qwen4b,draw1,model.layers.30.self_attn.k_proj,ce,16,9,7,0,0,0,838,411,450,861,2,16,3,2539
qwen4b,draw1,model.layers.30.self_attn.k_proj,kl,3,1,2,0,0,0,838,411,450,861,2,16,3,2539
qwen4b,draw2,model.layers.30.self_attn.k_proj,ce,17,5,12,0,0,0,902,378,424,856,0,17,1,2542
qwen4b,draw2,model.layers.30.self_attn.k_proj,kl,1,0,1,0,0,0,902,378,424,856,0,17,1,2542
qwen4b,draw3,model.layers.30.self_attn.k_proj,ce,20,8,12,0,0,0,809,447,473,831,0,20,5,2535
qwen4b,draw3,model.layers.30.self_attn.k_proj,kl,5,2,3,0,0,0,809,447,473,831,0,20,5,2535
qwen4b,draw4,model.layers.30.self_attn.k_proj,ce,23,9,14,0,0,0,852,407,464,837,0,23,2,2535
qwen4b,draw4,model.layers.30.self_attn.k_proj,kl,2,1,1,0,0,0,852,407,464,837,0,23,2,2535
qwen4b,seed0,model.layers.30.self_attn.o_proj,ce,616,182,434,0,0,0,3109,2003,2019,3109,11,616,20,9593
qwen4b,seed0,model.layers.30.self_attn.o_proj,kl,20,4,16,0,0,0,3109,2003,2019,3109,11,616,20,9593
qwen4b,draw1,model.layers.30.self_attn.o_proj,ce,545,134,411,0,0,0,3227,1879,1927,3207,14,545,18,9663
qwen4b,draw1,model.layers.30.self_attn.o_proj,kl,18,6,12,0,0,0,3227,1879,1927,3207,14,545,18,9663
qwen4b,draw2,model.layers.30.self_attn.o_proj,ce,588,189,399,0,0,0,3162,1911,1979,3188,13,588,22,9617
qwen4b,draw2,model.layers.30.self_attn.o_proj,kl,22,8,14,0,0,0,3162,1911,1979,3188,13,588,22,9617
qwen4b,draw3,model.layers.30.self_attn.o_proj,ce,604,205,399,0,0,0,3004,2025,2079,3132,13,604,22,9601
qwen4b,draw3,model.layers.30.self_attn.o_proj,kl,22,9,13,0,0,0,3004,2025,2079,3132,13,604,22,9601
qwen4b,draw4,model.layers.30.self_attn.o_proj,ce,593,180,413,0,0,0,3153,1939,1992,3156,15,593,11,9621
qwen4b,draw4,model.layers.30.self_attn.o_proj,kl,11,4,7,0,0,0,3153,1939,1992,3156,15,593,11,9621
qwen4b,seed0,model.layers.30.self_attn.q_proj,ce,115,35,80,0,0,0,3453,1668,1683,3436,7,115,10,10108
qwen4b,seed0,model.layers.30.self_attn.q_proj,kl,10,4,6,0,0,0,3453,1668,1683,3436,7,115,10,10108
qwen4b,draw1,model.layers.30.self_attn.q_proj,ce,72,20,52,0,0,0,3453,1728,1697,3362,5,72,9,10154
qwen4b,draw1,model.layers.30.self_attn.q_proj,kl,9,2,7,0,0,0,3453,1728,1697,3362,5,72,9,10154
qwen4b,draw2,model.layers.30.self_attn.q_proj,ce,80,22,58,0,0,0,3434,1727,1711,3368,7,80,8,10145
qwen4b,draw2,model.layers.30.self_attn.q_proj,kl,8,3,5,0,0,0,3434,1727,1711,3368,7,80,8,10145
qwen4b,draw3,model.layers.30.self_attn.q_proj,ce,108,33,75,0,0,0,3438,1719,1728,3355,2,108,9,10121
qwen4b,draw3,model.layers.30.self_attn.q_proj,kl,9,4,5,0,0,0,3438,1719,1728,3355,2,108,9,10121
qwen4b,draw4,model.layers.30.self_attn.q_proj,ce,89,30,59,0,0,0,3430,1740,1626,3444,2,89,7,10142
qwen4b,draw4,model.layers.30.self_attn.q_proj,kl,7,3,4,0,0,0,3430,1740,1626,3444,2,89,7,10142
qwen4b,seed0,model.layers.30.self_attn.v_proj,ce,144,40,104,0,0,0,801,490,536,733,3,144,4,2409
qwen4b,seed0,model.layers.30.self_attn.v_proj,kl,4,3,1,0,0,0,801,490,536,733,3,144,4,2409
qwen4b,draw1,model.layers.30.self_attn.v_proj,ce,109,24,85,0,0,0,837,477,498,748,4,109,6,2441
qwen4b,draw1,model.layers.30.self_attn.v_proj,kl,6,3,3,0,0,0,837,477,498,748,4,109,6,2441
qwen4b,draw2,model.layers.30.self_attn.v_proj,ce,125,32,93,0,0,0,804,454,507,795,2,125,6,2427
qwen4b,draw2,model.layers.30.self_attn.v_proj,kl,6,2,4,0,0,0,804,454,507,795,2,125,6,2427
qwen4b,draw3,model.layers.30.self_attn.v_proj,ce,132,44,88,0,0,0,792,484,596,688,3,132,4,2421
qwen4b,draw3,model.layers.30.self_attn.v_proj,kl,4,2,2,0,0,0,792,484,596,688,3,132,4,2421
qwen4b,draw4,model.layers.30.self_attn.v_proj,ce,141,48,93,0,0,0,811,475,510,764,4,141,2,2413
qwen4b,draw4,model.layers.30.self_attn.v_proj,kl,2,2,0,0,0,0,811,475,510,764,4,141,2,2413
qwen4b,seed0,model.layers.31.mlp.down_proj,ce,456,117,339,0,0,0,8036,4271,4520,7493,2,456,37,23825
qwen4b,seed0,model.layers.31.mlp.down_proj,kl,37,3,34,0,0,0,8036,4271,4520,7493,2,456,37,23825
qwen4b,draw1,model.layers.31.mlp.down_proj,ce,416,77,339,0,0,0,7870,4357,4514,7579,5,416,29,23870
qwen4b,draw1,model.layers.31.mlp.down_proj,kl,29,5,24,0,0,0,7870,4357,4514,7579,5,416,29,23870
qwen4b,draw2,model.layers.31.mlp.down_proj,ce,419,111,308,0,0,0,7826,4463,4696,7335,6,419,28,23867
qwen4b,draw2,model.layers.31.mlp.down_proj,kl,28,3,25,0,0,0,7826,4463,4696,7335,6,419,28,23867
qwen4b,draw3,model.layers.31.mlp.down_proj,ce,430,140,290,0,0,0,7894,4499,4602,7325,8,430,31,23851
qwen4b,draw3,model.layers.31.mlp.down_proj,kl,31,8,23,0,0,0,7894,4499,4602,7325,8,430,31,23851
qwen4b,draw4,model.layers.31.mlp.down_proj,ce,482,115,367,0,0,0,7792,4518,4623,7387,0,482,25,23813
qwen4b,draw4,model.layers.31.mlp.down_proj,kl,25,4,21,0,0,0,7792,4518,4623,7387,0,482,25,23813
qwen4b,seed0,model.layers.31.mlp.gate_proj,ce,87,12,75,0,0,0,8422,3760,3856,8282,4,87,24,24205
qwen4b,seed0,model.layers.31.mlp.gate_proj,kl,24,0,24,0,0,0,8422,3760,3856,8282,4,87,24,24205
qwen4b,draw1,model.layers.31.mlp.gate_proj,ce,67,9,58,0,0,0,8275,3945,4032,8068,1,67,17,24235
qwen4b,draw1,model.layers.31.mlp.gate_proj,kl,17,0,17,0,0,0,8275,3945,4032,8068,1,67,17,24235
qwen4b,draw2,model.layers.31.mlp.gate_proj,ce,76,12,64,0,0,0,8253,4098,4207,7762,2,76,31,24211
qwen4b,draw2,model.layers.31.mlp.gate_proj,kl,31,6,25,0,0,0,8253,4098,4207,7762,2,76,31,24211
qwen4b,draw3,model.layers.31.mlp.gate_proj,ce,82,10,72,0,0,0,8557,3801,3931,8031,1,82,23,24214
qwen4b,draw3,model.layers.31.mlp.gate_proj,kl,23,1,22,0,0,0,8557,3801,3931,8031,1,82,23,24214
qwen4b,draw4,model.layers.31.mlp.gate_proj,ce,77,14,63,0,0,0,8559,3650,3857,8254,2,77,17,24224
qwen4b,draw4,model.layers.31.mlp.gate_proj,kl,17,2,15,0,0,0,8559,3650,3857,8254,2,77,17,24224
qwen4b,seed0,model.layers.31.mlp.up_proj,ce,171,33,138,0,0,0,8405,3956,4038,7921,2,171,25,24122
qwen4b,seed0,model.layers.31.mlp.up_proj,kl,25,2,23,0,0,0,8405,3956,4038,7921,2,171,25,24122
qwen4b,draw1,model.layers.31.mlp.up_proj,ce,165,30,135,0,0,0,8115,4081,4313,7811,2,165,20,24133
qwen4b,draw1,model.layers.31.mlp.up_proj,kl,20,2,18,0,0,0,8115,4081,4313,7811,2,165,20,24133
qwen4b,draw2,model.layers.31.mlp.up_proj,ce,164,39,125,0,0,0,8088,4134,4517,7581,2,164,17,24137
qwen4b,draw2,model.layers.31.mlp.up_proj,kl,17,5,12,0,0,0,8088,4134,4517,7581,2,164,17,24137
qwen4b,draw3,model.layers.31.mlp.up_proj,ce,143,36,107,0,0,0,8118,4126,4160,7916,3,143,18,24156
qwen4b,draw3,model.layers.31.mlp.up_proj,kl,18,5,13,0,0,0,8118,4126,4160,7916,3,143,18,24156
qwen4b,draw4,model.layers.31.mlp.up_proj,ce,173,44,129,0,0,0,8300,3987,4089,7944,2,173,18,24127
qwen4b,draw4,model.layers.31.mlp.up_proj,kl,18,4,14,0,0,0,8300,3987,4089,7944,2,173,18,24127
qwen4b,seed0,model.layers.31.self_attn.k_proj,ce,14,4,10,0,0,0,855,464,446,795,0,14,4,2542
qwen4b,seed0,model.layers.31.self_attn.k_proj,kl,4,1,3,0,0,0,855,464,446,795,0,14,4,2542
qwen4b,draw1,model.layers.31.self_attn.k_proj,ce,8,2,6,0,0,0,851,471,434,804,1,8,7,2544
qwen4b,draw1,model.layers.31.self_attn.k_proj,kl,7,0,7,0,0,0,851,471,434,804,1,8,7,2544
qwen4b,draw2,model.layers.31.self_attn.k_proj,ce,19,5,14,0,0,0,768,504,467,821,0,19,5,2536
qwen4b,draw2,model.layers.31.self_attn.k_proj,kl,5,2,3,0,0,0,768,504,467,821,0,19,5,2536
qwen4b,draw3,model.layers.31.self_attn.k_proj,ce,13,4,9,0,0,0,836,476,427,821,0,13,5,2542
qwen4b,draw3,model.layers.31.self_attn.k_proj,kl,5,1,4,0,0,0,836,476,427,821,0,13,5,2542
qwen4b,draw4,model.layers.31.self_attn.k_proj,ce,15,6,9,0,0,0,838,444,476,802,0,15,7,2538
qwen4b,draw4,model.layers.31.self_attn.k_proj,kl,7,2,5,0,0,0,838,444,476,802,0,15,7,2538
qwen4b,seed0,model.layers.31.self_attn.o_proj,ce,650,184,466,0,0,0,3129,1953,2038,3120,13,650,29,9548
qwen4b,seed0,model.layers.31.self_attn.o_proj,kl,29,7,22,0,0,0,3129,1953,2038,3120,13,650,29,9548
qwen4b,draw1,model.layers.31.self_attn.o_proj,ce,551,140,411,0,0,0,3188,1845,1920,3287,28,551,19,9642
qwen4b,draw1,model.layers.31.self_attn.o_proj,kl,19,4,15,0,0,0,3188,1845,1920,3287,28,551,19,9642
qwen4b,draw2,model.layers.31.self_attn.o_proj,ce,599,162,437,0,0,0,3173,1953,2041,3073,11,599,17,9613
qwen4b,draw2,model.layers.31.self_attn.o_proj,kl,17,8,9,0,0,0,3173,1953,2041,3073,11,599,17,9613
qwen4b,draw3,model.layers.31.self_attn.o_proj,ce,647,186,461,0,0,0,3056,1968,2135,3081,8,647,11,9574
qwen4b,draw3,model.layers.31.self_attn.o_proj,kl,11,4,7,0,0,0,3056,1968,2135,3081,8,647,11,9574
qwen4b,draw4,model.layers.31.self_attn.o_proj,ce,652,173,479,0,0,0,3207,1935,2005,3093,9,652,16,9563
qwen4b,draw4,model.layers.31.self_attn.o_proj,kl,16,3,13,0,0,0,3207,1935,2005,3093,9,652,16,9563
qwen4b,seed0,model.layers.31.self_attn.q_proj,ce,89,27,62,0,0,0,3292,1805,1852,3291,2,89,8,10141
qwen4b,seed0,model.layers.31.self_attn.q_proj,kl,8,1,7,0,0,0,3292,1805,1852,3291,2,89,8,10141
qwen4b,draw1,model.layers.31.self_attn.q_proj,ce,58,9,49,0,0,0,3337,1783,1798,3322,1,58,12,10169
qwen4b,draw1,model.layers.31.self_attn.q_proj,kl,12,1,11,0,0,0,3337,1783,1798,3322,1,58,12,10169
qwen4b,draw2,model.layers.31.self_attn.q_proj,ce,70,13,57,0,0,0,3219,1892,1895,3234,0,70,6,10164
qwen4b,draw2,model.layers.31.self_attn.q_proj,kl,6,2,4,0,0,0,3219,1892,1895,3234,0,70,6,10164
qwen4b,draw3,model.layers.31.self_attn.q_proj,ce,73,15,58,0,0,0,3332,1898,1852,3158,1,73,11,10155
qwen4b,draw3,model.layers.31.self_attn.q_proj,kl,11,3,8,0,0,0,3332,1898,1852,3158,1,73,11,10155
qwen4b,draw4,model.layers.31.self_attn.q_proj,ce,63,17,46,0,0,0,3350,1816,1839,3235,0,63,13,10164
qwen4b,draw4,model.layers.31.self_attn.q_proj,kl,13,3,10,0,0,0,3350,1816,1839,3235,0,63,13,10164
qwen4b,seed0,model.layers.31.self_attn.v_proj,ce,112,24,88,0,0,0,815,490,504,751,3,112,4,2441
qwen4b,seed0,model.layers.31.self_attn.v_proj,kl,4,2,2,0,0,0,815,490,504,751,3,112,4,2441
qwen4b,draw1,model.layers.31.self_attn.v_proj,ce,100,26,74,0,0,0,850,428,507,775,3,100,3,2454
qwen4b,draw1,model.layers.31.self_attn.v_proj,kl,3,0,3,0,0,0,850,428,507,775,3,100,3,2454
qwen4b,draw2,model.layers.31.self_attn.v_proj,ce,119,28,91,0,0,0,817,479,518,746,0,119,5,2436
qwen4b,draw2,model.layers.31.self_attn.v_proj,kl,5,1,4,0,0,0,817,479,518,746,0,119,5,2436
qwen4b,draw3,model.layers.31.self_attn.v_proj,ce,113,35,78,0,0,0,800,496,530,734,1,113,3,2443
qwen4b,draw3,model.layers.31.self_attn.v_proj,kl,3,1,2,0,0,0,800,496,530,734,1,113,3,2443
qwen4b,draw4,model.layers.31.self_attn.v_proj,ce,135,39,96,0,0,0,828,476,500,756,1,135,2,2422
qwen4b,draw4,model.layers.31.self_attn.v_proj,kl,2,1,1,0,0,0,828,476,500,756,1,135,2,2422
qwen4b,seed0,model.layers.32.mlp.down_proj,ce,751,175,576,0,0,0,7743,4458,4573,7546,11,751,35,23523
qwen4b,seed0,model.layers.32.mlp.down_proj,kl,35,3,32,0,0,0,7743,4458,4573,7546,11,751,35,23523
qwen4b,draw1,model.layers.32.mlp.down_proj,ce,678,134,544,0,0,0,7806,4442,4541,7531,12,678,37,23593
qwen4b,draw1,model.layers.32.mlp.down_proj,kl,37,1,36,0,0,0,7806,4442,4541,7531,12,678,37,23593
qwen4b,draw2,model.layers.32.mlp.down_proj,ce,699,152,547,0,0,0,7860,4475,4817,7168,8,699,26,23587
qwen4b,draw2,model.layers.32.mlp.down_proj,kl,26,5,21,0,0,0,7860,4475,4817,7168,8,699,26,23587
qwen4b,draw3,model.layers.32.mlp.down_proj,ce,692,183,509,0,0,0,7706,4600,4789,7225,12,692,37,23579
qwen4b,draw3,model.layers.32.mlp.down_proj,kl,37,4,33,0,0,0,7706,4600,4789,7225,12,692,37,23579
qwen4b,draw4,model.layers.32.mlp.down_proj,ce,714,168,546,0,0,0,7620,4550,4820,7330,9,714,35,23562
qwen4b,draw4,model.layers.32.mlp.down_proj,kl,35,4,31,0,0,0,7620,4550,4820,7330,9,714,35,23562
qwen4b,seed0,model.layers.32.mlp.gate_proj,ce,170,27,143,0,0,0,8446,3851,4011,8012,5,170,28,24117
qwen4b,seed0,model.layers.32.mlp.gate_proj,kl,28,3,25,0,0,0,8446,3851,4011,8012,5,170,28,24117
qwen4b,draw1,model.layers.32.mlp.gate_proj,ce,145,23,122,0,0,0,8289,4052,4260,7719,7,145,28,24140
qwen4b,draw1,model.layers.32.mlp.gate_proj,kl,28,0,28,0,0,0,8289,4052,4260,7719,7,145,28,24140
qwen4b,draw2,model.layers.32.mlp.gate_proj,ce,149,36,113,0,0,0,8151,4008,4427,7734,0,149,28,24143
qwen4b,draw2,model.layers.32.mlp.gate_proj,kl,28,3,25,0,0,0,8151,4008,4427,7734,0,149,28,24143
qwen4b,draw3,model.layers.32.mlp.gate_proj,ce,150,34,116,0,0,0,8243,4145,4088,7844,3,150,19,24148
qwen4b,draw3,model.layers.32.mlp.gate_proj,kl,19,0,19,0,0,0,8243,4145,4088,7844,3,150,19,24148
qwen4b,draw4,model.layers.32.mlp.gate_proj,ce,168,38,130,0,0,0,8286,4088,4099,7847,2,168,22,24128
qwen4b,draw4,model.layers.32.mlp.gate_proj,kl,22,3,19,0,0,0,8286,4088,4099,7847,2,168,22,24128
qwen4b,seed0,model.layers.32.mlp.up_proj,ce,263,56,207,0,0,0,8114,4108,4258,7840,8,263,22,24027
qwen4b,seed0,model.layers.32.mlp.up_proj,kl,22,3,19,0,0,0,8114,4108,4258,7840,8,263,22,24027
qwen4b,draw1,model.layers.32.mlp.up_proj,ce,246,47,199,0,0,0,8012,4241,4372,7695,9,246,38,24027
qwen4b,draw1,model.layers.32.mlp.up_proj,kl,38,6,32,0,0,0,8012,4241,4372,7695,9,246,38,24027
qwen4b,draw2,model.layers.32.mlp.up_proj,ce,255,47,208,0,0,0,8019,4399,4556,7346,6,255,26,24033
qwen4b,draw2,model.layers.32.mlp.up_proj,kl,26,5,21,0,0,0,8019,4399,4556,7346,6,255,26,24033
qwen4b,draw3,model.layers.32.mlp.up_proj,ce,252,47,205,0,0,0,8125,4162,4406,7627,3,252,22,24043
qwen4b,draw3,model.layers.32.mlp.up_proj,kl,22,4,18,0,0,0,8125,4162,4406,7627,3,252,22,24043
qwen4b,draw4,model.layers.32.mlp.up_proj,ce,262,54,208,0,0,0,8111,4238,4273,7698,4,262,24,24030
qwen4b,draw4,model.layers.32.mlp.up_proj,kl,24,7,17,0,0,0,8111,4238,4273,7698,4,262,24,24030
qwen4b,seed0,model.layers.32.self_attn.k_proj,ce,57,10,47,0,0,0,818,436,483,823,1,57,0,2502
qwen4b,seed0,model.layers.32.self_attn.k_proj,kl,0,0,0,0,0,0,818,436,483,823,1,57,0,2502
qwen4b,draw1,model.layers.32.self_attn.k_proj,ce,44,3,41,0,0,0,848,435,436,841,3,44,3,2510
qwen4b,draw1,model.layers.32.self_attn.k_proj,kl,3,1,2,0,0,0,848,435,436,841,3,44,3,2510
qwen4b,draw2,model.layers.32.self_attn.k_proj,ce,42,16,26,0,0,0,791,470,492,807,1,42,1,2516
qwen4b,draw2,model.layers.32.self_attn.k_proj,kl,1,0,1,0,0,0,791,470,492,807,1,42,1,2516
qwen4b,draw3,model.layers.32.self_attn.k_proj,ce,44,9,35,0,0,0,811,459,489,801,0,44,1,2515
qwen4b,draw3,model.layers.32.self_attn.k_proj,kl,1,0,1,0,0,0,811,459,489,801,0,44,1,2515
qwen4b,draw4,model.layers.32.self_attn.k_proj,ce,56,8,48,0,0,0,831,426,551,752,0,56,1,2503
qwen4b,draw4,model.layers.32.self_attn.k_proj,kl,1,1,0,0,0,0,831,426,551,752,0,56,1,2503
qwen4b,seed0,model.layers.32.self_attn.o_proj,ce,1247,319,928,0,0,0,3161,1882,2035,3162,18,1247,21,8954
qwen4b,seed0,model.layers.32.self_attn.o_proj,kl,21,7,14,0,0,0,3161,1882,2035,3162,18,1247,21,8954
qwen4b,draw1,model.layers.32.self_attn.o_proj,ce,1110,242,868,0,0,0,3299,1752,1822,3367,28,1110,17,9085
qwen4b,draw1,model.layers.32.self_attn.o_proj,kl,17,2,15,0,0,0,3299,1752,1822,3367,28,1110,17,9085
qwen4b,draw2,model.layers.32.self_attn.o_proj,ce,1190,302,888,0,0,0,3199,1930,1974,3137,10,1190,15,9025
qwen4b,draw2,model.layers.32.self_attn.o_proj,kl,15,5,10,0,0,0,3199,1930,1974,3137,10,1190,15,9025
qwen4b,draw3,model.layers.32.self_attn.o_proj,ce,1197,368,829,0,0,0,3099,1946,2062,3133,11,1197,21,9011
qwen4b,draw3,model.layers.32.self_attn.o_proj,kl,21,7,14,0,0,0,3099,1946,2062,3133,11,1197,21,9011
qwen4b,draw4,model.layers.32.self_attn.o_proj,ce,1197,338,859,0,0,0,3157,1970,1970,3143,16,1197,18,9009
qwen4b,draw4,model.layers.32.self_attn.o_proj,kl,18,8,10,0,0,0,3157,1970,1970,3143,16,1197,18,9009
qwen4b,seed0,model.layers.32.self_attn.q_proj,ce,233,46,187,0,0,0,3252,1929,1871,3188,16,233,8,9983
qwen4b,seed0,model.layers.32.self_attn.q_proj,kl,8,1,7,0,0,0,3252,1929,1871,3188,16,233,8,9983
qwen4b,draw1,model.layers.32.self_attn.q_proj,ce,195,27,168,0,0,0,3359,1768,1789,3324,18,195,10,10017
qwen4b,draw1,model.layers.32.self_attn.q_proj,kl,10,2,8,0,0,0,3359,1768,1789,3324,18,195,10,10017
qwen4b,draw2,model.layers.32.self_attn.q_proj,ce,231,42,189,0,0,0,3297,1857,1883,3203,2,231,4,10003
qwen4b,draw2,model.layers.32.self_attn.q_proj,kl,4,1,3,0,0,0,3297,1857,1883,3203,2,231,4,10003
qwen4b,draw3,model.layers.32.self_attn.q_proj,ce,237,56,181,0,0,0,3258,1880,1807,3295,3,237,10,9990
qwen4b,draw3,model.layers.32.self_attn.q_proj,kl,10,4,6,0,0,0,3258,1880,1807,3295,3,237,10,9990
qwen4b,draw4,model.layers.32.self_attn.q_proj,ce,239,56,183,0,0,0,3242,1834,1936,3228,4,239,8,9989
qwen4b,draw4,model.layers.32.self_attn.q_proj,kl,8,0,8,0,0,0,3242,1834,1936,3228,4,239,8,9989
qwen4b,seed0,model.layers.32.self_attn.v_proj,ce,247,74,173,0,0,0,798,472,567,723,11,247,7,2295
qwen4b,seed0,model.layers.32.self_attn.v_proj,kl,7,5,2,0,0,0,798,472,567,723,11,247,7,2295
qwen4b,draw1,model.layers.32.self_attn.v_proj,ce,219,55,164,0,0,0,833,454,472,801,11,219,8,2322
qwen4b,draw1,model.layers.32.self_attn.v_proj,kl,8,1,7,0,0,0,833,454,472,801,11,219,8,2322
qwen4b,draw2,model.layers.32.self_attn.v_proj,ce,228,53,175,0,0,0,813,472,520,755,12,228,9,2311
qwen4b,draw2,model.layers.32.self_attn.v_proj,kl,9,3,6,0,0,0,813,472,520,755,12,228,9,2311
qwen4b,draw3,model.layers.32.self_attn.v_proj,ce,238,64,174,0,0,0,779,497,521,763,8,238,5,2309
qwen4b,draw3,model.layers.32.self_attn.v_proj,kl,5,2,3,0,0,0,779,497,521,763,8,238,5,2309
qwen4b,draw4,model.layers.32.self_attn.v_proj,ce,242,68,174,0,0,0,813,504,507,736,3,242,4,2311
qwen4b,draw4,model.layers.32.self_attn.v_proj,kl,4,1,3,0,0,0,813,504,507,736,3,242,4,2311
qwen4b,seed0,model.layers.33.mlp.down_proj,ce,1103,302,801,0,0,0,7614,4729,4823,7154,27,1103,50,23140
qwen4b,seed0,model.layers.33.mlp.down_proj,kl,50,9,41,0,0,0,7614,4729,4823,7154,27,1103,50,23140
qwen4b,draw1,model.layers.33.mlp.down_proj,ce,1085,243,842,0,0,0,7773,4402,4626,7519,33,1085,45,23157
qwen4b,draw1,model.layers.33.mlp.down_proj,kl,45,12,33,0,0,0,7773,4402,4626,7519,33,1085,45,23157
qwen4b,draw2,model.layers.33.mlp.down_proj,ce,1009,286,723,0,0,0,7553,4783,4881,7103,15,1009,55,23241
qwen4b,draw2,model.layers.33.mlp.down_proj,kl,55,11,44,0,0,0,7553,4783,4881,7103,15,1009,55,23241
qwen4b,draw3,model.layers.33.mlp.down_proj,ce,1037,314,723,0,0,0,7586,4785,4941,7008,15,1037,38,23230
qwen4b,draw3,model.layers.33.mlp.down_proj,kl,38,7,31,0,0,0,7586,4785,4941,7008,15,1037,38,23230
qwen4b,draw4,model.layers.33.mlp.down_proj,ce,1071,319,752,0,0,0,7452,4777,4918,7173,15,1071,50,23184
qwen4b,draw4,model.layers.33.mlp.down_proj,kl,50,15,35,0,0,0,7452,4777,4918,7173,15,1071,50,23184
qwen4b,seed0,model.layers.33.mlp.gate_proj,ce,171,44,127,0,0,0,8114,4119,4295,7792,12,171,40,24097
qwen4b,seed0,model.layers.33.mlp.gate_proj,kl,40,5,35,0,0,0,8114,4119,4295,7792,12,171,40,24097
qwen4b,draw1,model.layers.33.mlp.gate_proj,ce,165,14,151,0,0,0,8097,4258,4363,7602,14,165,25,24116
qwen4b,draw1,model.layers.33.mlp.gate_proj,kl,25,4,21,0,0,0,8097,4258,4363,7602,14,165,25,24116
qwen4b,draw2,model.layers.33.mlp.gate_proj,ce,162,32,130,0,0,0,8006,4215,4475,7624,8,162,28,24122
qwen4b,draw2,model.layers.33.mlp.gate_proj,kl,28,5,23,0,0,0,8006,4215,4475,7624,8,162,28,24122
qwen4b,draw3,model.layers.33.mlp.gate_proj,ce,174,34,140,0,0,0,7948,4348,4455,7569,6,174,27,24113
qwen4b,draw3,model.layers.33.mlp.gate_proj,kl,27,2,25,0,0,0,7948,4348,4455,7569,6,174,27,24113
qwen4b,draw4,model.layers.33.mlp.gate_proj,ce,181,42,139,0,0,0,7988,4245,4314,7773,6,181,23,24110
qwen4b,draw4,model.layers.33.mlp.gate_proj,kl,23,4,19,0,0,0,7988,4245,4314,7773,6,181,23,24110
qwen4b,seed0,model.layers.33.mlp.up_proj,ce,361,85,276,0,0,0,7893,4340,4435,7652,14,361,29,23916
qwen4b,seed0,model.layers.33.mlp.up_proj,kl,29,7,22,0,0,0,7893,4340,4435,7652,14,361,29,23916
qwen4b,draw1,model.layers.33.mlp.up_proj,ce,337,71,266,0,0,0,7820,4406,4596,7498,26,337,37,23920
qwen4b,draw1,model.layers.33.mlp.up_proj,kl,37,3,34,0,0,0,7820,4406,4596,7498,26,337,37,23920
qwen4b,draw2,model.layers.33.mlp.up_proj,ce,340,93,247,0,0,0,7837,4319,4548,7616,7,340,24,23949
qwen4b,draw2,model.layers.33.mlp.up_proj,kl,24,4,20,0,0,0,7837,4319,4548,7616,7,340,24,23949
qwen4b,draw3,model.layers.33.mlp.up_proj,ce,323,94,229,0,0,0,7861,4495,4671,7293,10,323,35,23952
qwen4b,draw3,model.layers.33.mlp.up_proj,kl,35,5,30,0,0,0,7861,4495,4671,7293,10,323,35,23952
qwen4b,draw4,model.layers.33.mlp.up_proj,ce,377,101,276,0,0,1,7836,4521,4568,7395,7,377,22,23914
qwen4b,draw4,model.layers.33.mlp.up_proj,kl,22,4,18,0,0,0,7836,4521,4568,7395,7,377,22,23914
qwen4b,seed0,model.layers.33.self_attn.k_proj,ce,42,9,33,0,0,0,831,489,484,756,1,42,6,2511
qwen4b,seed0,model.layers.33.self_attn.k_proj,kl,6,0,6,0,0,0,831,489,484,756,1,42,6,2511
qwen4b,draw1,model.layers.33.self_attn.k_proj,ce,41,5,36,0,0,0,845,475,452,788,0,41,2,2517
qwen4b,draw1,model.layers.33.self_attn.k_proj,kl,2,1,1,0,0,0,845,475,452,788,0,41,2,2517
qwen4b,draw2,model.layers.33.self_attn.k_proj,ce,54,11,43,0,0,0,855,441,470,794,1,54,6,2499
qwen4b,draw2,model.layers.33.self_attn.k_proj,kl,6,1,5,0,0,0,855,441,470,794,1,54,6,2499
qwen4b,draw3,model.layers.33.self_attn.k_proj,ce,42,9,33,0,0,0,806,471,471,812,2,42,4,2512
qwen4b,draw3,model.layers.33.self_attn.k_proj,kl,4,2,2,0,0,0,806,471,471,812,2,42,4,2512
qwen4b,draw4,model.layers.33.self_attn.k_proj,ce,57,10,47,0,0,0,805,467,501,787,1,57,7,2495
qwen4b,draw4,model.layers.33.self_attn.k_proj,kl,7,1,6,0,0,0,805,467,501,787,1,57,7,2495
qwen4b,seed0,model.layers.33.self_attn.o_proj,ce,995,303,692,0,0,0,3171,2037,2001,3031,38,995,25,9182
qwen4b,seed0,model.layers.33.self_attn.o_proj,kl,25,6,19,0,0,0,3171,2037,2001,3031,38,995,25,9182
qwen4b,draw1,model.layers.33.self_attn.o_proj,ce,935,218,717,0,0,0,3355,1824,1889,3172,36,935,38,9231
qwen4b,draw1,model.layers.33.self_attn.o_proj,kl,38,8,30,0,0,0,3355,1824,1889,3172,36,935,38,9231
qwen4b,draw2,model.layers.33.self_attn.o_proj,ce,867,238,629,0,0,0,3191,1995,2060,2994,18,867,25,9330
qwen4b,draw2,model.layers.33.self_attn.o_proj,kl,25,9,16,0,0,0,3191,1995,2060,2994,18,867,25,9330
qwen4b,draw3,model.layers.33.self_attn.o_proj,ce,947,284,663,0,0,0,3182,1976,2101,2981,16,947,31,9246
qwen4b,draw3,model.layers.33.self_attn.o_proj,kl,31,12,19,0,0,0,3182,1976,2101,2981,16,947,31,9246
qwen4b,draw4,model.layers.33.self_attn.o_proj,ce,981,295,686,0,0,0,3141,2028,2109,2962,17,981,25,9217
qwen4b,draw4,model.layers.33.self_attn.o_proj,kl,25,7,18,0,0,0,3141,2028,2109,2962,17,981,25,9217
qwen4b,seed0,model.layers.33.self_attn.q_proj,ce,146,32,114,0,0,0,3312,1846,1929,3153,1,146,13,10080
qwen4b,seed0,model.layers.33.self_attn.q_proj,kl,13,1,12,0,0,0,3312,1846,1929,3153,1,146,13,10080
qwen4b,draw1,model.layers.33.self_attn.q_proj,ce,127,23,104,0,0,0,3321,1868,1891,3160,1,127,10,10102
qwen4b,draw1,model.layers.33.self_attn.q_proj,kl,10,1,9,0,0,0,3321,1868,1891,3160,1,127,10,10102
qwen4b,draw2,model.layers.33.self_attn.q_proj,ce,128,31,97,0,0,0,3311,1840,1957,3132,2,128,12,10098
qwen4b,draw2,model.layers.33.self_attn.q_proj,kl,12,3,9,0,0,0,3311,1840,1957,3132,2,128,12,10098
qwen4b,draw3,model.layers.33.self_attn.q_proj,ce,147,47,100,0,0,0,3170,1967,1938,3165,2,147,7,10084
qwen4b,draw3,model.layers.33.self_attn.q_proj,kl,7,1,6,0,0,0,3170,1967,1938,3165,2,147,7,10084
qwen4b,draw4,model.layers.33.self_attn.q_proj,ce,135,37,98,0,0,0,3131,1983,2029,3097,2,135,16,10087
qwen4b,draw4,model.layers.33.self_attn.q_proj,kl,16,3,13,0,0,0,3131,1983,2029,3097,2,135,16,10087
qwen4b,seed0,model.layers.33.self_attn.v_proj,ce,195,55,140,0,0,0,766,435,526,833,9,195,3,2353
qwen4b,seed0,model.layers.33.self_attn.v_proj,kl,3,1,2,0,0,0,766,435,526,833,9,195,3,2353
qwen4b,draw1,model.layers.33.self_attn.v_proj,ce,184,42,142,0,0,0,795,443,493,829,13,184,4,2359
qwen4b,draw1,model.layers.33.self_attn.v_proj,kl,4,0,4,0,0,0,795,443,493,829,13,184,4,2359
qwen4b,draw2,model.layers.33.self_attn.v_proj,ce,160,39,121,0,0,0,802,467,514,777,10,160,5,2385
qwen4b,draw2,model.layers.33.self_attn.v_proj,kl,5,0,5,0,0,0,802,467,514,777,10,160,5,2385
qwen4b,draw3,model.layers.33.self_attn.v_proj,ce,195,58,137,0,0,0,755,470,553,782,4,195,4,2357
qwen4b,draw3,model.layers.33.self_attn.v_proj,kl,4,1,3,0,0,0,755,470,553,782,4,195,4,2357
qwen4b,draw4,model.layers.33.self_attn.v_proj,ce,198,49,149,0,0,0,791,466,522,781,8,198,1,2353
qwen4b,draw4,model.layers.33.self_attn.v_proj,kl,1,0,1,0,0,0,791,466,522,781,8,198,1,2353
qwen4b,seed0,model.layers.34.mlp.down_proj,ce,2638,741,1897,0,0,0,7932,4331,4483,7574,361,2638,393,20928
qwen4b,seed0,model.layers.34.mlp.down_proj,kl,393,96,297,0,0,0,7932,4331,4483,7574,361,2638,393,20928
qwen4b,draw1,model.layers.34.mlp.down_proj,ce,2604,581,2023,0,0,0,8213,4114,4271,7722,320,2604,302,21094
qwen4b,draw1,model.layers.34.mlp.down_proj,kl,302,62,240,0,0,0,8213,4114,4271,7722,320,2604,302,21094
qwen4b,draw2,model.layers.34.mlp.down_proj,ce,2484,669,1815,0,0,0,7952,4410,4521,7437,277,2484,334,21225
qwen4b,draw2,model.layers.34.mlp.down_proj,kl,334,85,249,0,0,0,7952,4410,4521,7437,277,2484,334,21225
qwen4b,draw3,model.layers.34.mlp.down_proj,ce,2579,770,1809,0,0,0,7707,4592,4720,7301,240,2579,318,21183
qwen4b,draw3,model.layers.34.mlp.down_proj,kl,318,99,219,0,0,0,7707,4592,4720,7301,240,2579,318,21183
qwen4b,draw4,model.layers.34.mlp.down_proj,ce,2660,810,1850,0,0,0,7875,4454,4637,7354,314,2660,411,20935
qwen4b,draw4,model.layers.34.mlp.down_proj,kl,411,121,290,0,0,0,7875,4454,4637,7354,314,2660,411,20935
qwen4b,seed0,model.layers.34.mlp.gate_proj,ce,390,111,279,0,0,0,7961,4336,4508,7515,59,390,62,23809
qwen4b,seed0,model.layers.34.mlp.gate_proj,kl,62,16,46,0,0,0,7961,4336,4508,7515,59,390,62,23809
qwen4b,draw1,model.layers.34.mlp.gate_proj,ce,397,98,299,0,0,0,8035,4299,4371,7615,53,397,58,23812
qwen4b,draw1,model.layers.34.mlp.gate_proj,kl,58,18,40,0,0,0,8035,4299,4371,7615,53,397,58,23812
qwen4b,draw2,model.layers.34.mlp.gate_proj,ce,409,122,287,0,0,0,7917,4410,4495,7498,50,409,50,23811
qwen4b,draw2,model.layers.34.mlp.gate_proj,kl,50,13,37,0,0,0,7917,4410,4495,7498,50,409,50,23811
qwen4b,draw3,model.layers.34.mlp.gate_proj,ce,428,111,317,0,0,0,7756,4456,4766,7342,43,428,61,23788
qwen4b,draw3,model.layers.34.mlp.gate_proj,kl,61,18,43,0,0,0,7756,4456,4766,7342,43,428,61,23788
qwen4b,draw4,model.layers.34.mlp.gate_proj,ce,434,138,296,0,0,0,7853,4407,4636,7424,51,434,67,23768
qwen4b,draw4,model.layers.34.mlp.gate_proj,kl,67,24,43,0,0,0,7853,4407,4636,7424,51,434,67,23768
qwen4b,seed0,model.layers.34.mlp.up_proj,ce,606,149,457,0,0,0,7881,4532,4620,7287,47,606,80,23587
qwen4b,seed0,model.layers.34.mlp.up_proj,kl,80,19,61,0,0,0,7881,4532,4620,7287,47,606,80,23587
qwen4b,draw1,model.layers.34.mlp.up_proj,ce,568,126,442,0,0,0,7895,4392,4594,7439,51,568,59,23642
qwen4b,draw1,model.layers.34.mlp.up_proj,kl,59,18,41,0,0,0,7895,4392,4594,7439,51,568,59,23642
qwen4b,draw2,model.layers.34.mlp.up_proj,ce,574,148,426,0,0,0,7688,4516,4778,7338,35,574,54,23657
qwen4b,draw2,model.layers.34.mlp.up_proj,kl,54,19,35,0,0,0,7688,4516,4778,7338,35,574,54,23657
qwen4b,draw3,model.layers.34.mlp.up_proj,ce,609,166,443,0,0,0,7682,4705,4858,7075,25,609,67,23619
qwen4b,draw3,model.layers.34.mlp.up_proj,kl,67,23,44,0,0,0,7682,4705,4858,7075,25,609,67,23619
qwen4b,draw4,model.layers.34.mlp.up_proj,ce,675,198,477,0,0,0,7698,4563,4774,7285,43,675,65,23537
qwen4b,draw4,model.layers.34.mlp.up_proj,kl,65,19,46,0,0,0,7698,4563,4774,7285,43,675,65,23537
qwen4b,seed0,model.layers.34.self_attn.k_proj,ce,106,18,88,0,0,0,819,447,451,843,13,106,8,2433
qwen4b,seed0,model.layers.34.self_attn.k_proj,kl,8,1,7,0,0,0,819,447,451,843,13,106,8,2433
qwen4b,draw1,model.layers.34.self_attn.k_proj,ce,80,8,72,0,0,0,827,455,405,873,14,80,12,2454
qwen4b,draw1,model.layers.34.self_attn.k_proj,kl,12,4,8,0,0,0,827,455,405,873,14,80,12,2454
qwen4b,draw2,model.layers.34.self_attn.k_proj,ce,111,19,92,0,0,0,811,477,455,817,10,111,10,2429
qwen4b,draw2,model.layers.34.self_attn.k_proj,kl,10,3,7,0,0,0,811,477,455,817,10,111,10,2429
qwen4b,draw3,model.layers.34.self_attn.k_proj,ce,100,26,74,0,0,0,755,456,468,881,6,100,4,2450
qwen4b,draw3,model.layers.34.self_attn.k_proj,kl,4,2,2,0,0,0,755,456,468,881,6,100,4,2450
qwen4b,draw4,model.layers.34.self_attn.k_proj,ce,111,25,86,0,0,0,810,460,477,813,6,111,12,2431
qwen4b,draw4,model.layers.34.self_attn.k_proj,kl,12,3,9,0,0,0,810,460,477,813,6,111,12,2431
qwen4b,seed0,model.layers.34.self_attn.o_proj,ce,2093,608,1485,0,0,0,3256,1904,2001,3079,70,2093,42,8035
qwen4b,seed0,model.layers.34.self_attn.o_proj,kl,42,16,26,0,0,0,3256,1904,2001,3079,70,2093,42,8035
qwen4b,draw1,model.layers.34.self_attn.o_proj,ce,1987,380,1607,0,0,0,3621,1545,1654,3420,139,1987,44,8070
qwen4b,draw1,model.layers.34.self_attn.o_proj,kl,44,16,28,0,0,0,3621,1545,1654,3420,139,1987,44,8070
qwen4b,draw2,model.layers.34.self_attn.o_proj,ce,1990,587,1403,0,0,0,3247,1916,1966,3111,38,1990,42,8170
qwen4b,draw2,model.layers.34.self_attn.o_proj,kl,42,17,25,0,0,0,3247,1916,1966,3111,38,1990,42,8170
qwen4b,draw3,model.layers.34.self_attn.o_proj,ce,2016,593,1423,0,0,0,3225,1947,2079,2989,42,2016,42,8140
qwen4b,draw3,model.layers.34.self_attn.o_proj,kl,42,14,28,0,0,0,3225,1947,2079,2989,42,2016,42,8140
qwen4b,draw4,model.layers.34.self_attn.o_proj,ce,2077,662,1415,0,0,0,3200,1961,2099,2980,43,2077,46,8074
qwen4b,draw4,model.layers.34.self_attn.o_proj,kl,46,22,24,0,0,0,3200,1961,2099,2980,43,2077,46,8074
qwen4b,seed0,model.layers.34.self_attn.q_proj,ce,485,75,410,0,0,0,3309,1805,1838,3288,74,485,33,9648
qwen4b,seed0,model.layers.34.self_attn.q_proj,kl,33,9,24,0,0,0,3309,1805,1838,3288,74,485,33,9648
qwen4b,draw1,model.layers.34.self_attn.q_proj,ce,432,40,392,0,0,0,3404,1669,1743,3424,80,432,19,9709
qwen4b,draw1,model.layers.34.self_attn.q_proj,kl,19,3,16,0,0,0,3404,1669,1743,3424,80,432,19,9709
qwen4b,draw2,model.layers.34.self_attn.q_proj,ce,523,95,428,0,0,0,3281,1846,1833,3280,31,523,13,9673
qwen4b,draw2,model.layers.34.self_attn.q_proj,kl,13,2,11,0,0,0,3281,1846,1833,3280,31,523,13,9673
qwen4b,draw3,model.layers.34.self_attn.q_proj,ce,518,107,411,0,0,0,3214,1856,1936,3234,19,518,21,9682
qwen4b,draw3,model.layers.34.self_attn.q_proj,kl,21,6,15,0,0,0,3214,1856,1936,3234,19,518,21,9682
qwen4b,draw4,model.layers.34.self_attn.q_proj,ce,528,103,425,0,0,0,3294,1826,1977,3143,25,528,24,9663
qwen4b,draw4,model.layers.34.self_attn.q_proj,kl,24,10,14,0,0,0,3294,1826,1977,3143,25,528,24,9663
qwen4b,seed0,model.layers.34.self_attn.v_proj,ce,390,124,266,0,0,0,806,501,496,757,17,390,11,2142
qwen4b,seed0,model.layers.34.self_attn.v_proj,kl,11,5,6,0,0,0,806,501,496,757,17,390,11,2142
qwen4b,draw1,model.layers.34.self_attn.v_proj,ce,347,75,272,0,0,0,879,417,443,821,31,347,15,2167
qwen4b,draw1,model.layers.34.self_attn.v_proj,kl,15,4,11,0,0,0,879,417,443,821,31,347,15,2167
qwen4b,draw2,model.layers.34.self_attn.v_proj,ce,349,112,237,0,0,0,780,508,488,784,17,349,7,2187
qwen4b,draw2,model.layers.34.self_attn.v_proj,kl,7,1,6,0,0,0,780,508,488,784,17,349,7,2187
qwen4b,draw3,model.layers.34.self_attn.v_proj,ce,396,125,271,0,0,0,750,522,519,769,14,396,10,2140
qwen4b,draw3,model.layers.34.self_attn.v_proj,kl,10,7,3,0,0,0,750,522,519,769,14,396,10,2140
qwen4b,draw4,model.layers.34.self_attn.v_proj,ce,388,136,252,0,0,0,776,501,557,726,19,388,10,2143
qwen4b,draw4,model.layers.34.self_attn.v_proj,kl,10,6,4,0,0,0,776,501,557,726,19,388,10,2143
qwen4b,seed0,model.layers.35.mlp.down_proj,ce,2040,334,1706,0,0,0,8596,3726,3863,8135,655,2040,454,21171
qwen4b,seed0,model.layers.35.mlp.down_proj,kl,454,112,342,0,0,0,8596,3726,3863,8135,655,2040,454,21171
qwen4b,draw1,model.layers.35.mlp.down_proj,ce,1956,260,1696,0,0,0,8743,3467,3685,8425,721,1956,414,21229
qwen4b,draw1,model.layers.35.mlp.down_proj,kl,414,79,335,0,0,0,8743,3467,3685,8425,721,1956,414,21229
qwen4b,draw2,model.layers.35.mlp.down_proj,ce,2073,344,1729,0,0,0,8437,3815,3927,8141,563,2073,416,21268
qwen4b,draw2,model.layers.35.mlp.down_proj,kl,416,82,334,0,0,0,8437,3815,3927,8141,563,2073,416,21268
qwen4b,draw3,model.layers.35.mlp.down_proj,ce,1964,331,1633,0,0,0,8341,3884,3971,8124,582,1964,476,21298
qwen4b,draw3,model.layers.35.mlp.down_proj,kl,476,110,366,0,0,0,8341,3884,3971,8124,582,1964,476,21298
qwen4b,draw4,model.layers.35.mlp.down_proj,ce,2081,428,1653,0,0,0,8399,3923,3943,8055,622,2081,515,21102
qwen4b,draw4,model.layers.35.mlp.down_proj,kl,515,142,373,0,0,0,8399,3923,3943,8055,622,2081,515,21102
qwen4b,seed0,model.layers.35.mlp.gate_proj,ce,535,155,380,0,0,0,7913,4471,4536,7400,53,535,114,23618
qwen4b,seed0,model.layers.35.mlp.gate_proj,kl,114,27,87,0,0,0,7913,4471,4536,7400,53,535,114,23618
qwen4b,draw1,model.layers.35.mlp.gate_proj,ce,500,131,369,0,0,0,8046,4329,4464,7481,49,500,81,23690
qwen4b,draw1,model.layers.35.mlp.gate_proj,kl,81,16,65,0,0,0,8046,4329,4464,7481,49,500,81,23690
qwen4b,draw2,model.layers.35.mlp.gate_proj,ce,523,151,372,0,0,0,7968,4455,4481,7416,47,523,89,23661
qwen4b,draw2,model.layers.35.mlp.gate_proj,kl,89,20,69,0,0,0,7968,4455,4481,7416,47,523,89,23661
qwen4b,draw3,model.layers.35.mlp.gate_proj,ce,569,169,400,0,0,0,7771,4607,4674,7268,49,569,90,23612
qwen4b,draw3,model.layers.35.mlp.gate_proj,kl,90,26,64,0,0,0,7771,4607,4674,7268,49,569,90,23612
qwen4b,draw4,model.layers.35.mlp.gate_proj,ce,598,155,443,0,0,0,7937,4410,4574,7399,44,598,100,23578
qwen4b,draw4,model.layers.35.mlp.gate_proj,kl,100,27,73,0,0,0,7937,4410,4574,7399,44,598,100,23578
qwen4b,seed0,model.layers.35.mlp.up_proj,ce,628,187,441,0,0,0,7824,4489,4675,7332,85,628,152,23455
qwen4b,seed0,model.layers.35.mlp.up_proj,kl,152,63,89,0,0,0,7824,4489,4675,7332,85,628,152,23455
qwen4b,draw1,model.layers.35.mlp.up_proj,ce,617,156,461,0,0,0,7913,4335,4610,7462,100,617,108,23495
qwen4b,draw1,model.layers.35.mlp.up_proj,kl,108,40,68,0,0,0,7913,4335,4610,7462,100,617,108,23495
qwen4b,draw2,model.layers.35.mlp.up_proj,ce,653,189,464,0,0,0,7836,4354,4671,7459,81,653,126,23460
qwen4b,draw2,model.layers.35.mlp.up_proj,kl,126,48,78,0,0,0,7836,4354,4671,7459,81,653,126,23460
qwen4b,draw3,model.layers.35.mlp.up_proj,ce,678,215,463,0,0,0,7676,4534,4840,7270,68,678,134,23440
qwen4b,draw3,model.layers.35.mlp.up_proj,kl,134,61,73,0,0,0,7676,4534,4840,7270,68,678,134,23440
qwen4b,draw4,model.layers.35.mlp.up_proj,ce,699,203,496,0,0,0,7965,4429,4661,7265,85,699,129,23407
qwen4b,draw4,model.layers.35.mlp.up_proj,kl,129,56,73,0,0,0,7965,4429,4661,7265,85,699,129,23407
qwen4b,seed0,model.layers.35.self_attn.k_proj,ce,168,25,143,0,0,0,854,399,463,844,15,168,13,2364
qwen4b,seed0,model.layers.35.self_attn.k_proj,kl,13,6,7,0,0,0,854,399,463,844,15,168,13,2364
qwen4b,draw1,model.layers.35.self_attn.k_proj,ce,141,17,124,0,0,0,869,384,412,895,21,141,10,2388
qwen4b,draw1,model.layers.35.self_attn.k_proj,kl,10,1,9,0,0,0,869,384,412,895,21,141,10,2388
qwen4b,draw2,model.layers.35.self_attn.k_proj,ce,154,34,120,0,0,0,804,441,475,840,5,154,6,2395
qwen4b,draw2,model.layers.35.self_attn.k_proj,kl,6,1,5,0,0,0,804,441,475,840,5,154,6,2395
qwen4b,draw3,model.layers.35.self_attn.k_proj,ce,160,43,117,0,0,0,844,407,456,853,7,160,9,2384
qwen4b,draw3,model.layers.35.self_attn.k_proj,kl,9,1,8,0,0,0,844,407,456,853,7,160,9,2384
qwen4b,draw4,model.layers.35.self_attn.k_proj,ce,178,39,139,0,0,0,813,424,495,828,7,178,13,2362
qwen4b,draw4,model.layers.35.self_attn.k_proj,kl,13,2,11,0,0,0,813,424,495,828,7,178,13,2362
qwen4b,seed0,model.layers.35.self_attn.o_proj,ce,1496,477,1019,0,0,0,3118,1958,2091,3073,77,1496,65,8602
qwen4b,seed0,model.layers.35.self_attn.o_proj,kl,65,29,36,0,0,0,3118,1958,2091,3073,77,1496,65,8602
qwen4b,draw1,model.layers.35.self_attn.o_proj,ce,1466,402,1064,0,0,0,3203,1854,1962,3221,84,1466,56,8634
qwen4b,draw1,model.layers.35.self_attn.o_proj,kl,56,20,36,0,0,0,3203,1854,1962,3221,84,1466,56,8634
qwen4b,draw2,model.layers.35.self_attn.o_proj,ce,1356,444,912,0,0,0,3054,1962,2146,3078,53,1356,54,8777
qwen4b,draw2,model.layers.35.self_attn.o_proj,kl,54,19,35,0,0,0,3054,1962,2146,3078,53,1356,54,8777
qwen4b,draw3,model.layers.35.self_attn.o_proj,ce,1456,493,963,0,0,0,3003,2007,2202,3028,54,1456,53,8677
qwen4b,draw3,model.layers.35.self_attn.o_proj,kl,53,25,28,0,0,0,3003,2007,2202,3028,54,1456,53,8677
qwen4b,draw4,model.layers.35.self_attn.o_proj,ce,1548,542,1006,0,0,0,3034,2026,2211,2969,64,1548,79,8549
qwen4b,draw4,model.layers.35.self_attn.o_proj,kl,79,38,41,0,0,0,3034,2026,2211,2969,64,1548,79,8549
qwen4b,seed0,model.layers.35.self_attn.q_proj,ce,418,99,319,0,0,0,3381,1688,1717,3454,22,418,36,9764
qwen4b,seed0,model.layers.35.self_attn.q_proj,kl,36,6,30,0,0,0,3381,1688,1717,3454,22,418,36,9764
qwen4b,draw1,model.layers.35.self_attn.q_proj,ce,373,72,301,0,0,0,3387,1728,1746,3379,30,373,26,9811
qwen4b,draw1,model.layers.35.self_attn.q_proj,kl,26,3,23,0,0,0,3387,1728,1746,3379,30,373,26,9811
qwen4b,draw2,model.layers.35.self_attn.q_proj,ce,402,100,302,0,0,0,3475,1759,1714,3292,10,402,31,9797
qwen4b,draw2,model.layers.35.self_attn.q_proj,kl,31,2,29,0,0,0,3475,1759,1714,3292,10,402,31,9797
qwen4b,draw3,model.layers.35.self_attn.q_proj,ce,401,117,284,0,0,0,3336,1728,1841,3335,17,401,25,9797
qwen4b,draw3,model.layers.35.self_attn.q_proj,kl,25,9,16,0,0,0,3336,1728,1841,3335,17,401,25,9797
qwen4b,draw4,model.layers.35.self_attn.q_proj,ce,450,96,354,0,0,0,3417,1675,1783,3365,15,450,55,9720
qwen4b,draw4,model.layers.35.self_attn.q_proj,kl,55,10,45,0,0,0,3417,1675,1783,3365,15,450,55,9720
qwen4b,seed0,model.layers.35.self_attn.v_proj,ce,361,103,258,0,0,0,756,496,544,764,37,361,15,2147
qwen4b,seed0,model.layers.35.self_attn.v_proj,kl,15,4,11,0,0,0,756,496,544,764,37,361,15,2147
qwen4b,draw1,model.layers.35.self_attn.v_proj,ce,335,89,246,0,0,0,815,425,471,849,47,335,19,2159
qwen4b,draw1,model.layers.35.self_attn.v_proj,kl,19,4,15,0,0,0,815,425,471,849,47,335,19,2159
qwen4b,draw2,model.layers.35.self_attn.v_proj,ce,365,119,246,0,0,0,785,434,525,816,22,365,11,2162
qwen4b,draw2,model.layers.35.self_attn.v_proj,kl,11,5,6,0,0,0,785,434,525,816,22,365,11,2162
qwen4b,draw3,model.layers.35.self_attn.v_proj,ce,382,116,266,0,0,0,746,475,554,785,21,382,16,2141
qwen4b,draw3,model.layers.35.self_attn.v_proj,kl,16,12,4,0,0,0,746,475,554,785,21,382,16,2141
qwen4b,draw4,model.layers.35.self_attn.v_proj,ce,371,126,245,0,0,0,763,498,573,726,26,371,16,2147
qwen4b,draw4,model.layers.35.self_attn.v_proj,kl,16,4,12,0,0,0,763,498,573,726,26,371,16,2147
qwen4b,seed0,model.layers.4.mlp.down_proj,ce,107,4,103,0,0,0,8379,3859,3965,8117,11,107,29,24173
qwen4b,seed0,model.layers.4.mlp.down_proj,kl,29,0,29,0,0,0,8379,3859,3965,8117,11,107,29,24173
qwen4b,draw1,model.layers.4.mlp.down_proj,ce,67,4,63,0,0,0,7905,4267,4411,7737,2,67,41,24210
qwen4b,draw1,model.layers.4.mlp.down_proj,kl,41,3,38,0,0,0,7905,4267,4411,7737,2,67,41,24210
qwen4b,draw2,model.layers.4.mlp.down_proj,ce,95,3,92,0,0,0,8626,3594,3842,8258,15,95,51,24159
qwen4b,draw2,model.layers.4.mlp.down_proj,kl,51,3,48,0,0,0,8626,3594,3842,8258,15,95,51,24159
qwen4b,draw3,model.layers.4.mlp.down_proj,ce,77,0,77,0,0,0,8307,3887,4040,8086,6,77,42,24195
qwen4b,draw3,model.layers.4.mlp.down_proj,kl,42,0,42,0,0,0,8307,3887,4040,8086,6,77,42,24195
qwen4b,draw4,model.layers.4.mlp.down_proj,ce,39,1,38,0,0,0,9660,2531,2610,9519,1,39,5,24275
qwen4b,draw4,model.layers.4.mlp.down_proj,kl,5,0,5,0,0,0,9660,2531,2610,9519,1,39,5,24275
qwen4b,seed0,model.layers.4.mlp.gate_proj,ce,34,3,31,0,0,0,8230,4036,3977,8077,10,34,24,24252
qwen4b,seed0,model.layers.4.mlp.gate_proj,kl,24,3,21,0,0,0,8230,4036,3977,8077,10,34,24,24252
qwen4b,draw1,model.layers.4.mlp.gate_proj,ce,28,3,25,0,0,0,7788,4495,4433,7604,10,28,21,24261
qwen4b,draw1,model.layers.4.mlp.gate_proj,kl,21,2,19,0,0,0,7788,4495,4433,7604,10,28,21,24261
qwen4b,draw2,model.layers.4.mlp.gate_proj,ce,48,2,46,0,0,0,8361,3787,3890,8282,11,48,27,24234
qwen4b,draw2,model.layers.4.mlp.gate_proj,kl,27,0,27,0,0,0,8361,3787,3890,8282,11,48,27,24234
qwen4b,draw3,model.layers.4.mlp.gate_proj,ce,43,1,42,0,0,0,8022,4097,4258,7943,7,43,42,24228
qwen4b,draw3,model.layers.4.mlp.gate_proj,kl,42,1,41,0,0,0,8022,4097,4258,7943,7,43,42,24228
qwen4b,draw4,model.layers.4.mlp.gate_proj,ce,27,0,27,0,0,0,9682,2466,2556,9616,0,27,9,24284
qwen4b,draw4,model.layers.4.mlp.gate_proj,kl,9,0,9,0,0,0,9682,2466,2556,9616,0,27,9,24284
qwen4b,seed0,model.layers.4.mlp.up_proj,ce,141,4,137,0,0,0,8436,3828,3983,8073,18,141,45,24116
qwen4b,seed0,model.layers.4.mlp.up_proj,kl,45,2,43,0,0,0,8436,3828,3983,8073,18,141,45,24116
qwen4b,draw1,model.layers.4.mlp.up_proj,ce,92,5,87,0,0,0,7794,4344,4519,7663,14,92,40,24174
qwen4b,draw1,model.layers.4.mlp.up_proj,kl,40,0,40,0,0,0,7794,4344,4519,7663,14,92,40,24174
qwen4b,draw2,model.layers.4.mlp.up_proj,ce,136,1,135,0,0,0,8596,3669,3819,8236,24,136,70,24090
qwen4b,draw2,model.layers.4.mlp.up_proj,kl,70,1,69,0,0,0,8596,3669,3819,8236,24,136,70,24090
qwen4b,draw3,model.layers.4.mlp.up_proj,ce,100,5,95,0,0,0,8357,3911,4034,8018,23,100,57,24140
qwen4b,draw3,model.layers.4.mlp.up_proj,kl,57,1,56,0,0,0,8357,3911,4034,8018,23,100,57,24140
qwen4b,draw4,model.layers.4.mlp.up_proj,ce,33,0,33,0,0,0,9589,2432,2535,9764,5,33,3,24279
qwen4b,draw4,model.layers.4.mlp.up_proj,kl,3,0,3,0,0,0,9589,2432,2535,9764,5,33,3,24279
qwen4b,seed0,model.layers.4.self_attn.k_proj,ce,4,1,3,0,0,0,883,425,412,840,0,4,3,2553
qwen4b,seed0,model.layers.4.self_attn.k_proj,kl,3,0,3,0,0,0,883,425,412,840,0,4,3,2553
qwen4b,draw1,model.layers.4.self_attn.k_proj,ce,6,1,5,0,0,0,754,506,547,753,0,6,5,2549
qwen4b,draw1,model.layers.4.self_attn.k_proj,kl,5,0,5,0,0,0,754,506,547,753,0,6,5,2549
qwen4b,draw2,model.layers.4.self_attn.k_proj,ce,6,0,6,0,0,0,937,387,390,846,1,6,2,2551
qwen4b,draw2,model.layers.4.self_attn.k_proj,kl,2,0,2,0,0,0,937,387,390,846,1,6,2,2551
qwen4b,draw3,model.layers.4.self_attn.k_proj,ce,4,0,4,0,0,0,904,395,408,853,0,4,0,2556
qwen4b,draw3,model.layers.4.self_attn.k_proj,kl,0,0,0,0,0,0,904,395,408,853,0,4,0,2556
qwen4b,draw4,model.layers.4.self_attn.k_proj,ce,0,0,0,0,0,0,1051,228,222,1059,0,0,0,2560
qwen4b,draw4,model.layers.4.self_attn.k_proj,kl,0,0,0,0,0,0,1051,228,222,1059,0,0,0,2560
qwen4b,seed0,model.layers.4.self_attn.o_proj,ce,117,4,113,0,0,0,3596,1538,1571,3535,9,117,31,10083
qwen4b,seed0,model.layers.4.self_attn.o_proj,kl,31,2,29,0,0,0,3596,1538,1571,3535,9,117,31,10083
qwen4b,draw1,model.layers.4.self_attn.o_proj,ce,70,5,65,0,0,0,3120,1929,1944,3247,2,70,26,10142
qwen4b,draw1,model.layers.4.self_attn.o_proj,kl,26,1,25,0,0,0,3120,1929,1944,3247,2,70,26,10142
qwen4b,draw2,model.layers.4.self_attn.o_proj,ce,99,3,96,0,0,0,3642,1445,1492,3661,16,99,36,10089
qwen4b,draw2,model.layers.4.self_attn.o_proj,kl,36,1,35,0,0,0,3642,1445,1492,3661,16,99,36,10089
qwen4b,draw3,model.layers.4.self_attn.o_proj,ce,91,4,87,0,0,0,3619,1492,1579,3550,9,91,28,10112
qwen4b,draw3,model.layers.4.self_attn.o_proj,kl,28,1,27,0,0,0,3619,1492,1579,3550,9,91,28,10112
qwen4b,draw4,model.layers.4.self_attn.o_proj,ce,28,0,28,0,0,0,3996,1049,1125,4070,3,28,3,10206
qwen4b,draw4,model.layers.4.self_attn.o_proj,kl,3,0,3,0,0,0,3996,1049,1125,4070,3,28,3,10206
qwen4b,seed0,model.layers.4.self_attn.q_proj,ce,19,0,19,0,0,0,3439,1711,1705,3385,2,19,11,10208
qwen4b,seed0,model.layers.4.self_attn.q_proj,kl,11,0,11,0,0,0,3439,1711,1705,3385,2,19,11,10208
qwen4b,draw1,model.layers.4.self_attn.q_proj,ce,19,1,18,0,0,0,3052,2101,2112,2975,2,19,13,10206
qwen4b,draw1,model.layers.4.self_attn.q_proj,kl,13,0,13,0,0,0,3052,2101,2112,2975,2,19,13,10206
qwen4b,draw2,model.layers.4.self_attn.q_proj,ce,17,0,17,0,0,0,3572,1609,1731,3328,2,17,9,10212
qwen4b,draw2,model.layers.4.self_attn.q_proj,kl,9,0,9,0,0,0,3572,1609,1731,3328,2,17,9,10212
qwen4b,draw3,model.layers.4.self_attn.q_proj,ce,20,3,17,0,0,0,3363,1770,1760,3347,3,20,5,10212
qwen4b,draw3,model.layers.4.self_attn.q_proj,kl,5,0,5,0,0,0,3363,1770,1760,3347,3,20,5,10212
qwen4b,draw4,model.layers.4.self_attn.q_proj,ce,3,0,3,0,0,0,4220,946,934,4140,0,3,2,10235
qwen4b,draw4,model.layers.4.self_attn.q_proj,kl,2,0,2,0,0,0,4220,946,934,4140,0,3,2,10235
qwen4b,seed0,model.layers.4.self_attn.v_proj,ce,53,1,52,0,0,0,903,378,393,886,13,53,5,2489
qwen4b,seed0,model.layers.4.self_attn.v_proj,kl,5,0,5,0,0,0,903,378,393,886,13,53,5,2489
qwen4b,draw1,model.layers.4.self_attn.v_proj,ce,26,1,25,0,0,0,813,496,491,760,8,26,12,2514
qwen4b,draw1,model.layers.4.self_attn.v_proj,kl,12,0,12,0,0,0,813,496,491,760,8,26,12,2514
qwen4b,draw2,model.layers.4.self_attn.v_proj,ce,27,0,27,0,0,0,952,333,366,909,20,27,11,2502
qwen4b,draw2,model.layers.4.self_attn.v_proj,kl,11,0,11,0,0,0,952,333,366,909,20,27,11,2502
qwen4b,draw3,model.layers.4.self_attn.v_proj,ce,24,0,24,0,0,0,888,365,402,905,12,24,13,2511
qwen4b,draw3,model.layers.4.self_attn.v_proj,kl,13,0,13,0,0,0,888,365,402,905,12,24,13,2511
qwen4b,draw4,model.layers.4.self_attn.v_proj,ce,8,0,8,0,0,0,1018,255,235,1052,1,8,0,2551
qwen4b,draw4,model.layers.4.self_attn.v_proj,kl,0,0,0,0,0,0,1018,255,235,1052,1,8,0,2551
qwen4b,seed0,model.layers.5.mlp.down_proj,ce,71,2,69,0,0,0,8409,3826,4019,8066,4,71,34,24211
qwen4b,seed0,model.layers.5.mlp.down_proj,kl,34,1,33,0,0,0,8409,3826,4019,8066,4,71,34,24211
qwen4b,draw1,model.layers.5.mlp.down_proj,ce,69,4,65,0,0,0,7805,4438,4492,7585,2,69,47,24202
qwen4b,draw1,model.layers.5.mlp.down_proj,kl,47,4,43,0,0,0,7805,4438,4492,7585,2,69,47,24202
qwen4b,draw2,model.layers.5.mlp.down_proj,ce,85,3,82,0,0,0,8384,3802,3850,8284,6,85,43,24186
qwen4b,draw2,model.layers.5.mlp.down_proj,kl,43,1,42,0,0,0,8384,3802,3850,8284,6,85,43,24186
qwen4b,draw3,model.layers.5.mlp.down_proj,ce,64,4,60,0,0,0,8355,3951,3936,8078,3,64,32,24221
qwen4b,draw3,model.layers.5.mlp.down_proj,kl,32,2,30,0,0,0,8355,3951,3936,8078,3,64,32,24221
qwen4b,draw4,model.layers.5.mlp.down_proj,ce,21,0,21,0,0,0,9704,2439,2493,9684,0,21,10,24289
qwen4b,draw4,model.layers.5.mlp.down_proj,kl,10,0,10,0,0,0,9704,2439,2493,9684,0,21,10,24289
qwen4b,seed0,model.layers.5.mlp.gate_proj,ce,57,2,55,0,0,0,8298,3813,4070,8139,10,57,33,24220
qwen4b,seed0,model.layers.5.mlp.gate_proj,kl,33,2,31,0,0,0,8298,3813,4070,8139,10,57,33,24220
qwen4b,draw1,model.layers.5.mlp.gate_proj,ce,53,5,48,0,0,0,7753,4407,4585,7575,9,53,36,24222
qwen4b,draw1,model.layers.5.mlp.gate_proj,kl,36,1,35,0,0,0,7753,4407,4585,7575,9,53,36,24222
qwen4b,draw2,model.layers.5.mlp.gate_proj,ce,54,0,54,0,0,0,8367,3840,3964,8149,14,54,30,24222
qwen4b,draw2,model.layers.5.mlp.gate_proj,kl,30,1,29,0,0,0,8367,3840,3964,8149,14,54,30,24222
qwen4b,draw3,model.layers.5.mlp.gate_proj,ce,35,0,35,0,0,0,8309,3982,4029,8000,15,35,44,24226
qwen4b,draw3,model.layers.5.mlp.gate_proj,kl,44,3,41,0,0,0,8309,3982,4029,8000,15,35,44,24226
qwen4b,draw4,model.layers.5.mlp.gate_proj,ce,19,0,19,0,0,0,9849,2371,2441,9659,1,19,7,24293
qwen4b,draw4,model.layers.5.mlp.gate_proj,kl,7,0,7,0,0,0,9849,2371,2441,9659,1,19,7,24293
qwen4b,seed0,model.layers.5.mlp.up_proj,ce,89,2,87,0,0,0,8321,4043,4101,7855,13,89,43,24175
qwen4b,seed0,model.layers.5.mlp.up_proj,kl,43,3,40,0,0,0,8321,4043,4101,7855,13,89,43,24175
qwen4b,draw1,model.layers.5.mlp.up_proj,ce,62,4,58,0,0,0,7746,4447,4550,7577,10,62,41,24207
qwen4b,draw1,model.layers.5.mlp.up_proj,kl,41,7,34,0,0,0,7746,4447,4550,7577,10,62,41,24207
qwen4b,draw2,model.layers.5.mlp.up_proj,ce,92,4,88,0,0,0,8428,3788,3924,8180,9,92,30,24189
qwen4b,draw2,model.layers.5.mlp.up_proj,kl,30,1,29,0,0,0,8428,3788,3924,8180,9,92,30,24189
qwen4b,draw3,model.layers.5.mlp.up_proj,ce,63,4,59,0,0,0,8294,3903,4149,7974,17,63,40,24200
qwen4b,draw3,model.layers.5.mlp.up_proj,kl,40,1,39,0,0,0,8294,3903,4149,7974,17,63,40,24200
qwen4b,draw4,model.layers.5.mlp.up_proj,ce,24,1,23,0,0,0,9851,2370,2485,9614,2,24,3,24291
qwen4b,draw4,model.layers.5.mlp.up_proj,kl,3,0,3,0,0,0,9851,2370,2485,9614,2,24,3,24291
qwen4b,seed0,model.layers.5.self_attn.k_proj,ce,5,0,5,0,0,0,877,421,436,826,1,5,2,2552
qwen4b,seed0,model.layers.5.self_attn.k_proj,kl,2,0,2,0,0,0,877,421,436,826,1,5,2,2552
qwen4b,draw1,model.layers.5.self_attn.k_proj,ce,5,0,5,0,0,0,721,551,556,732,0,5,3,2552
qwen4b,draw1,model.layers.5.self_attn.k_proj,kl,3,0,3,0,0,0,721,551,556,732,0,5,3,2552
qwen4b,draw2,model.layers.5.self_attn.k_proj,ce,8,0,8,0,0,0,807,388,414,951,0,8,6,2546
qwen4b,draw2,model.layers.5.self_attn.k_proj,kl,6,0,6,0,0,0,807,388,414,951,0,8,6,2546
qwen4b,draw3,model.layers.5.self_attn.k_proj,ce,2,0,2,0,0,0,876,407,402,875,0,2,3,2555
qwen4b,draw3,model.layers.5.self_attn.k_proj,kl,3,0,3,0,0,0,876,407,402,875,0,2,3,2555
qwen4b,draw4,model.layers.5.self_attn.k_proj,ce,1,0,1,0,0,0,1081,221,233,1025,0,1,0,2559
qwen4b,draw4,model.layers.5.self_attn.k_proj,kl,0,0,0,0,0,0,1081,221,233,1025,0,1,0,2559
qwen4b,seed0,model.layers.5.self_attn.o_proj,ce,139,4,135,0,0,0,3583,1551,1599,3507,24,139,24,10053
qwen4b,seed0,model.layers.5.self_attn.o_proj,kl,24,1,23,0,0,0,3583,1551,1599,3507,24,139,24,10053
qwen4b,draw1,model.layers.5.self_attn.o_proj,ce,92,6,86,0,0,0,3223,1841,1918,3258,7,92,31,10110
qwen4b,draw1,model.layers.5.self_attn.o_proj,kl,31,1,30,0,0,0,3223,1841,1918,3258,7,92,31,10110
qwen4b,draw2,model.layers.5.self_attn.o_proj,ce,133,3,130,0,0,0,3625,1439,1468,3708,18,133,36,10053
qwen4b,draw2,model.layers.5.self_attn.o_proj,kl,36,1,35,0,0,0,3625,1439,1468,3708,18,133,36,10053
qwen4b,draw3,model.layers.5.self_attn.o_proj,ce,94,4,90,0,0,0,3607,1494,1566,3573,19,94,34,10093
qwen4b,draw3,model.layers.5.self_attn.o_proj,kl,34,1,33,0,0,0,3607,1494,1566,3573,19,94,34,10093
qwen4b,draw4,model.layers.5.self_attn.o_proj,ce,29,1,28,0,0,0,4058,1060,1050,4072,0,29,1,10210
qwen4b,draw4,model.layers.5.self_attn.o_proj,kl,1,0,1,0,0,0,4058,1060,1050,4072,0,29,1,10210
qwen4b,seed0,model.layers.5.self_attn.q_proj,ce,31,2,29,0,0,0,3485,1597,1692,3466,1,31,12,10196
qwen4b,seed0,model.layers.5.self_attn.q_proj,kl,12,1,11,0,0,0,3485,1597,1692,3466,1,31,12,10196
qwen4b,draw1,model.layers.5.self_attn.q_proj,ce,12,0,12,0,0,0,2967,2183,2107,2983,1,12,5,10222
qwen4b,draw1,model.layers.5.self_attn.q_proj,kl,5,0,5,0,0,0,2967,2183,2107,2983,1,12,5,10222
qwen4b,draw2,model.layers.5.self_attn.q_proj,ce,32,1,31,0,0,0,3512,1605,1634,3489,1,32,15,10192
qwen4b,draw2,model.layers.5.self_attn.q_proj,kl,15,1,14,0,0,0,3512,1605,1634,3489,1,32,15,10192
qwen4b,draw3,model.layers.5.self_attn.q_proj,ce,20,0,20,0,0,0,3432,1679,1750,3379,0,20,10,10210
qwen4b,draw3,model.layers.5.self_attn.q_proj,kl,10,2,8,0,0,0,3432,1679,1750,3379,0,20,10,10210
qwen4b,draw4,model.layers.5.self_attn.q_proj,ce,4,0,4,0,0,0,4232,894,880,4234,0,4,0,10236
qwen4b,draw4,model.layers.5.self_attn.q_proj,kl,0,0,0,0,0,0,4232,894,880,4234,0,4,0,10236
qwen4b,seed0,model.layers.5.self_attn.v_proj,ce,33,2,31,0,0,0,922,385,416,837,6,33,8,2513
qwen4b,seed0,model.layers.5.self_attn.v_proj,kl,8,0,8,0,0,0,922,385,416,837,6,33,8,2513
qwen4b,draw1,model.layers.5.self_attn.v_proj,ce,25,2,23,0,0,0,840,474,470,776,8,25,8,2519
qwen4b,draw1,model.layers.5.self_attn.v_proj,kl,8,0,8,0,0,0,840,474,470,776,8,25,8,2519
qwen4b,draw2,model.layers.5.self_attn.v_proj,ce,28,1,27,0,0,0,964,323,371,902,13,28,12,2507
qwen4b,draw2,model.layers.5.self_attn.v_proj,kl,12,0,12,0,0,0,964,323,371,902,13,28,12,2507
qwen4b,draw3,model.layers.5.self_attn.v_proj,ce,26,0,26,0,0,0,915,367,389,889,10,26,15,2509
qwen4b,draw3,model.layers.5.self_attn.v_proj,kl,15,1,14,0,0,0,915,367,389,889,10,26,15,2509
qwen4b,draw4,model.layers.5.self_attn.v_proj,ce,5,0,5,0,0,0,1069,251,216,1024,0,5,0,2555
qwen4b,draw4,model.layers.5.self_attn.v_proj,kl,0,0,0,0,0,0,1069,251,216,1024,0,5,0,2555
qwen4b,seed0,model.layers.6.mlp.down_proj,ce,183,34,149,0,0,0,8349,3882,4105,7984,25,183,49,24063
qwen4b,seed0,model.layers.6.mlp.down_proj,kl,49,3,46,0,0,0,8349,3882,4105,7984,25,183,49,24063
qwen4b,draw1,model.layers.6.mlp.down_proj,ce,154,36,118,0,0,0,7664,4475,4586,7595,22,154,33,24111
qwen4b,draw1,model.layers.6.mlp.down_proj,kl,33,5,28,0,0,0,7664,4475,4586,7595,22,154,33,24111
qwen4b,draw2,model.layers.6.mlp.down_proj,ce,205,35,170,0,0,0,8286,3890,4044,8100,28,205,56,24031
qwen4b,draw2,model.layers.6.mlp.down_proj,kl,56,11,45,0,0,0,8286,3890,4044,8100,28,205,56,24031
qwen4b,draw3,model.layers.6.mlp.down_proj,ce,163,28,135,0,0,0,8167,3949,4158,8046,25,163,47,24085
qwen4b,draw3,model.layers.6.mlp.down_proj,kl,47,6,41,0,0,0,8167,3949,4158,8046,25,163,47,24085
qwen4b,draw4,model.layers.6.mlp.down_proj,ce,144,31,113,0,0,0,9688,2563,2717,9352,5,144,9,24162
qwen4b,draw4,model.layers.6.mlp.down_proj,kl,9,5,4,0,0,0,9688,2563,2717,9352,5,144,9,24162
qwen4b,seed0,model.layers.6.mlp.gate_proj,ce,71,3,68,0,0,0,8230,4026,4106,7958,11,71,28,24210
qwen4b,seed0,model.layers.6.mlp.gate_proj,kl,28,0,28,0,0,0,8230,4026,4106,7958,11,71,28,24210
qwen4b,draw1,model.layers.6.mlp.gate_proj,ce,45,4,41,0,0,0,7790,4477,4504,7549,11,45,31,24233
qwen4b,draw1,model.layers.6.mlp.gate_proj,kl,31,2,29,0,0,0,7790,4477,4504,7549,11,45,31,24233
qwen4b,draw2,model.layers.6.mlp.gate_proj,ce,69,2,67,0,0,0,8477,3819,3996,8028,12,69,36,24203
qwen4b,draw2,model.layers.6.mlp.gate_proj,kl,36,1,35,0,0,0,8477,3819,3996,8028,12,69,36,24203
qwen4b,draw3,model.layers.6.mlp.gate_proj,ce,40,0,40,0,0,0,8197,4003,4012,8108,9,40,33,24238
qwen4b,draw3,model.layers.6.mlp.gate_proj,kl,33,0,33,0,0,0,8197,4003,4012,8108,9,40,33,24238
qwen4b,draw4,model.layers.6.mlp.gate_proj,ce,22,0,22,0,0,0,9683,2565,2599,9473,2,22,2,24294
qwen4b,draw4,model.layers.6.mlp.gate_proj,kl,2,0,2,0,0,0,9683,2565,2599,9473,2,22,2,24294
qwen4b,seed0,model.layers.6.mlp.up_proj,ce,81,6,75,0,0,0,8315,3960,4103,7942,21,81,32,24186
qwen4b,seed0,model.layers.6.mlp.up_proj,kl,32,1,31,0,0,0,8315,3960,4103,7942,21,81,32,24186
qwen4b,draw1,model.layers.6.mlp.up_proj,ce,69,7,62,0,0,0,7636,4650,4644,7390,19,69,43,24189
qwen4b,draw1,model.layers.6.mlp.up_proj,kl,43,1,42,0,0,0,7636,4650,4644,7390,19,69,43,24189
qwen4b,draw2,model.layers.6.mlp.up_proj,ce,99,6,93,0,0,0,8399,3915,3938,8068,22,99,35,24164
qwen4b,draw2,model.layers.6.mlp.up_proj,kl,35,2,33,0,0,0,8399,3915,3938,8068,22,99,35,24164
qwen4b,draw3,model.layers.6.mlp.up_proj,ce,70,7,63,0,0,0,8209,4030,4130,7951,18,70,44,24188
qwen4b,draw3,model.layers.6.mlp.up_proj,kl,44,3,41,0,0,0,8209,4030,4130,7951,18,70,44,24188
qwen4b,draw4,model.layers.6.mlp.up_proj,ce,30,2,28,0,0,0,9733,2467,2630,9490,8,30,8,24274
qwen4b,draw4,model.layers.6.mlp.up_proj,kl,8,0,8,0,0,0,9733,2467,2630,9490,8,30,8,24274
qwen4b,seed0,model.layers.6.self_attn.k_proj,ce,4,0,4,0,0,0,847,472,420,821,0,4,2,2554
qwen4b,seed0,model.layers.6.self_attn.k_proj,kl,2,0,2,0,0,0,847,472,420,821,0,4,2,2554
qwen4b,draw1,model.layers.6.self_attn.k_proj,ce,4,0,4,0,0,0,761,527,569,703,0,4,5,2551
qwen4b,draw1,model.layers.6.self_attn.k_proj,kl,5,0,5,0,0,0,761,527,569,703,0,4,5,2551
qwen4b,draw2,model.layers.6.self_attn.k_proj,ce,7,0,7,0,0,0,940,342,422,856,1,7,5,2547
qwen4b,draw2,model.layers.6.self_attn.k_proj,kl,5,0,5,0,0,0,940,342,422,856,1,7,5,2547
qwen4b,draw3,model.layers.6.self_attn.k_proj,ce,6,0,6,0,0,0,855,449,463,793,0,6,5,2549
qwen4b,draw3,model.layers.6.self_attn.k_proj,kl,5,0,5,0,0,0,855,449,463,793,0,6,5,2549
qwen4b,draw4,model.layers.6.self_attn.k_proj,ce,0,0,0,0,0,0,1025,250,242,1043,0,0,1,2559
qwen4b,draw4,model.layers.6.self_attn.k_proj,kl,1,0,1,0,0,0,1025,250,242,1043,0,0,1,2559
qwen4b,seed0,model.layers.6.self_attn.o_proj,ce,96,4,92,0,0,0,3480,1633,1669,3458,8,96,17,10119
qwen4b,seed0,model.layers.6.self_attn.o_proj,kl,17,0,17,0,0,0,3480,1633,1669,3458,8,96,17,10119
qwen4b,draw1,model.layers.6.self_attn.o_proj,ce,65,2,63,0,0,0,3176,1898,2011,3155,5,65,25,10145
qwen4b,draw1,model.layers.6.self_attn.o_proj,kl,25,1,24,0,0,0,3176,1898,2011,3155,5,65,25,10145
qwen4b,draw2,model.layers.6.self_attn.o_proj,ce,91,4,87,0,0,0,3629,1495,1525,3591,14,91,24,10111
qwen4b,draw2,model.layers.6.self_attn.o_proj,kl,24,1,23,0,0,0,3629,1495,1525,3591,14,91,24,10111
qwen4b,draw3,model.layers.6.self_attn.o_proj,ce,68,3,65,0,0,0,3524,1590,1641,3485,8,68,33,10131
qwen4b,draw3,model.layers.6.self_attn.o_proj,kl,33,2,31,0,0,0,3524,1590,1641,3485,8,68,33,10131
qwen4b,draw4,model.layers.6.self_attn.o_proj,ce,22,0,22,0,0,0,4095,1081,1108,3956,0,22,1,10217
qwen4b,draw4,model.layers.6.self_attn.o_proj,kl,1,0,1,0,0,0,4095,1081,1108,3956,0,22,1,10217
qwen4b,seed0,model.layers.6.self_attn.q_proj,ce,12,1,11,0,0,0,3421,1754,1747,3318,4,12,10,10214
qwen4b,seed0,model.layers.6.self_attn.q_proj,kl,10,1,9,0,0,0,3421,1754,1747,3318,4,12,10,10214
qwen4b,draw1,model.layers.6.self_attn.q_proj,ce,12,1,11,0,0,0,2920,2151,2227,2942,1,12,16,10211
qwen4b,draw1,model.layers.6.self_attn.q_proj,kl,16,2,14,0,0,0,2920,2151,2227,2942,1,12,16,10211
qwen4b,draw2,model.layers.6.self_attn.q_proj,ce,21,2,19,0,0,0,3531,1601,1624,3484,5,21,16,10198
qwen4b,draw2,model.layers.6.self_attn.q_proj,kl,16,2,14,0,0,0,3531,1601,1624,3484,5,21,16,10198
qwen4b,draw3,model.layers.6.self_attn.q_proj,ce,14,1,13,0,0,0,3339,1751,1852,3298,2,14,20,10204
qwen4b,draw3,model.layers.6.self_attn.q_proj,kl,20,1,19,0,0,0,3339,1751,1852,3298,2,14,20,10204
qwen4b,draw4,model.layers.6.self_attn.q_proj,ce,2,0,2,0,0,0,4165,966,906,4203,0,2,2,10236
qwen4b,draw4,model.layers.6.self_attn.q_proj,kl,2,0,2,0,0,0,4165,966,906,4203,0,2,2,10236
qwen4b,seed0,model.layers.6.self_attn.v_proj,ce,39,0,39,0,0,0,843,414,418,885,2,39,6,2513
qwen4b,seed0,model.layers.6.self_attn.v_proj,kl,6,0,6,0,0,0,843,414,418,885,2,39,6,2513
qwen4b,draw1,model.layers.6.self_attn.v_proj,ce,17,1,16,0,0,0,813,488,490,769,4,17,4,2535
qwen4b,draw1,model.layers.6.self_attn.v_proj,kl,4,1,3,0,0,0,813,488,490,769,4,17,4,2535
qwen4b,draw2,model.layers.6.self_attn.v_proj,ce,32,0,32,0,0,0,919,344,367,930,6,32,5,2517
qwen4b,draw2,model.layers.6.self_attn.v_proj,kl,5,0,5,0,0,0,919,344,367,930,6,32,5,2517
qwen4b,draw3,model.layers.6.self_attn.v_proj,ce,22,0,22,0,0,0,918,355,451,836,6,22,8,2524
qwen4b,draw3,model.layers.6.self_attn.v_proj,kl,8,0,8,0,0,0,918,355,451,836,6,22,8,2524
qwen4b,draw4,model.layers.6.self_attn.v_proj,ce,5,0,5,0,0,0,1032,247,259,1022,0,5,1,2554
qwen4b,draw4,model.layers.6.self_attn.v_proj,kl,1,0,1,0,0,0,1032,247,259,1022,0,5,1,2554
qwen4b,seed0,model.layers.7.mlp.down_proj,ce,58,1,57,0,0,0,8189,4067,4203,7861,4,58,34,24224
qwen4b,seed0,model.layers.7.mlp.down_proj,kl,34,4,30,0,0,0,8189,4067,4203,7861,4,58,34,24224
qwen4b,draw1,model.layers.7.mlp.down_proj,ce,51,2,49,0,0,0,7676,4478,4573,7593,2,51,32,24235
qwen4b,draw1,model.layers.7.mlp.down_proj,kl,32,4,28,0,0,0,7676,4478,4573,7593,2,51,32,24235
qwen4b,draw2,model.layers.7.mlp.down_proj,ce,68,4,64,0,0,0,8323,3963,4100,7934,4,68,41,24207
qwen4b,draw2,model.layers.7.mlp.down_proj,kl,41,0,41,0,0,0,8323,3963,4100,7934,4,68,41,24207
qwen4b,draw3,model.layers.7.mlp.down_proj,ce,49,1,48,0,0,0,8170,3960,4274,7916,1,49,32,24238
qwen4b,draw3,model.layers.7.mlp.down_proj,kl,32,3,29,0,0,0,8170,3960,4274,7916,1,49,32,24238
qwen4b,draw4,model.layers.7.mlp.down_proj,ce,23,0,23,0,0,0,9697,2581,2623,9419,0,23,4,24293
qwen4b,draw4,model.layers.7.mlp.down_proj,kl,4,0,4,0,0,0,9697,2581,2623,9419,0,23,4,24293
qwen4b,seed0,model.layers.7.mlp.gate_proj,ce,54,0,54,0,0,0,8194,4069,4165,7892,9,54,33,24224
qwen4b,seed0,model.layers.7.mlp.gate_proj,kl,33,3,30,0,0,0,8194,4069,4165,7892,9,54,33,24224
qwen4b,draw1,model.layers.7.mlp.gate_proj,ce,33,3,30,0,0,0,7577,4481,4569,7693,7,33,30,24250
qwen4b,draw1,model.layers.7.mlp.gate_proj,kl,30,1,29,0,0,0,7577,4481,4569,7693,7,33,30,24250
qwen4b,draw2,model.layers.7.mlp.gate_proj,ce,60,4,56,0,0,0,8351,3930,4099,7940,9,60,44,24207
qwen4b,draw2,model.layers.7.mlp.gate_proj,kl,44,1,43,0,0,0,8351,3930,4099,7940,9,60,44,24207
qwen4b,draw3,model.layers.7.mlp.gate_proj,ce,42,4,38,0,0,0,8279,4015,4101,7925,10,42,42,24226
qwen4b,draw3,model.layers.7.mlp.gate_proj,kl,42,4,38,0,0,0,8279,4015,4101,7925,10,42,42,24226
qwen4b,draw4,model.layers.7.mlp.gate_proj,ce,19,0,19,0,0,0,9571,2585,2590,9574,2,19,8,24291
qwen4b,draw4,model.layers.7.mlp.gate_proj,kl,8,0,8,0,0,0,9571,2585,2590,9574,2,19,8,24291
qwen4b,seed0,model.layers.7.mlp.up_proj,ce,86,3,83,0,0,0,8214,4038,4180,7888,17,86,35,24182
qwen4b,seed0,model.layers.7.mlp.up_proj,kl,35,1,34,0,0,0,8214,4038,4180,7888,17,86,35,24182
qwen4b,draw1,model.layers.7.mlp.up_proj,ce,73,0,73,0,0,0,7780,4599,4555,7386,9,73,38,24200
qwen4b,draw1,model.layers.7.mlp.up_proj,kl,38,2,36,0,0,0,7780,4599,4555,7386,9,73,38,24200
qwen4b,draw2,model.layers.7.mlp.up_proj,ce,85,2,83,0,0,0,8470,3829,3979,8042,14,85,47,24174
qwen4b,draw2,model.layers.7.mlp.up_proj,kl,47,0,47,0,0,0,8470,3829,3979,8042,14,85,47,24174
qwen4b,draw3,model.layers.7.mlp.up_proj,ce,62,0,62,0,0,0,8419,3761,4190,7950,14,62,25,24219
qwen4b,draw3,model.layers.7.mlp.up_proj,kl,25,0,25,0,0,0,8419,3761,4190,7950,14,62,25,24219
qwen4b,draw4,model.layers.7.mlp.up_proj,ce,29,1,28,0,0,0,9676,2546,2591,9507,2,29,4,24285
qwen4b,draw4,model.layers.7.mlp.up_proj,kl,4,0,4,0,0,0,9676,2546,2591,9507,2,29,4,24285
qwen4b,seed0,model.layers.7.self_attn.k_proj,ce,7,0,7,0,0,0,876,397,405,882,1,7,2,2550
qwen4b,seed0,model.layers.7.self_attn.k_proj,kl,2,0,2,0,0,0,876,397,405,882,1,7,2,2550
qwen4b,draw1,model.layers.7.self_attn.k_proj,ce,6,1,5,0,0,0,717,561,562,720,1,6,3,2550
qwen4b,draw1,model.layers.7.self_attn.k_proj,kl,3,0,3,0,0,0,717,561,562,720,1,6,3,2550
qwen4b,draw2,model.layers.7.self_attn.k_proj,ce,5,0,5,0,0,0,908,373,395,884,2,5,0,2553
qwen4b,draw2,model.layers.7.self_attn.k_proj,kl,0,0,0,0,0,0,908,373,395,884,2,5,0,2553
qwen4b,draw3,model.layers.7.self_attn.k_proj,ce,3,0,3,0,0,0,833,457,427,843,0,3,2,2555
qwen4b,draw3,model.layers.7.self_attn.k_proj,kl,2,0,2,0,0,0,833,457,427,843,0,3,2,2555
qwen4b,draw4,model.layers.7.self_attn.k_proj,ce,3,0,3,0,0,0,1002,262,243,1053,0,3,0,2557
qwen4b,draw4,model.layers.7.self_attn.k_proj,kl,0,0,0,0,0,0,1002,262,243,1053,0,3,0,2557
qwen4b,seed0,model.layers.7.self_attn.o_proj,ce,166,10,156,0,0,0,3602,1521,1593,3524,25,166,32,10017
qwen4b,seed0,model.layers.7.self_attn.o_proj,kl,32,2,30,0,0,0,3602,1521,1593,3524,25,166,32,10017
qwen4b,draw1,model.layers.7.self_attn.o_proj,ce,102,4,98,0,0,0,3147,1992,1992,3109,27,102,27,10084
qwen4b,draw1,model.layers.7.self_attn.o_proj,kl,27,1,26,0,0,0,3147,1992,1992,3109,27,102,27,10084
qwen4b,draw2,model.layers.7.self_attn.o_proj,ce,145,6,139,0,0,0,3662,1489,1491,3598,35,145,44,10016
qwen4b,draw2,model.layers.7.self_attn.o_proj,kl,44,3,41,0,0,0,3662,1489,1491,3598,35,145,44,10016
qwen4b,draw3,model.layers.7.self_attn.o_proj,ce,96,5,91,0,0,0,3533,1624,1646,3437,33,96,28,10083
qwen4b,draw3,model.layers.7.self_attn.o_proj,kl,28,1,27,0,0,0,3533,1624,1646,3437,33,96,28,10083
qwen4b,draw4,model.layers.7.self_attn.o_proj,ce,56,3,53,0,0,0,4052,1061,1054,4073,3,56,5,10176
qwen4b,draw4,model.layers.7.self_attn.o_proj,kl,5,0,5,0,0,0,4052,1061,1054,4073,3,56,5,10176
qwen4b,seed0,model.layers.7.self_attn.q_proj,ce,29,0,29,0,0,0,3386,1667,1770,3417,3,29,8,10200
qwen4b,seed0,model.layers.7.self_attn.q_proj,kl,8,0,8,0,0,0,3386,1667,1770,3417,3,29,8,10200
qwen4b,draw1,model.layers.7.self_attn.q_proj,ce,25,0,25,0,0,0,2915,2201,2184,2940,1,25,13,10201
qwen4b,draw1,model.layers.7.self_attn.q_proj,kl,13,1,12,0,0,0,2915,2201,2184,2940,1,25,13,10201
qwen4b,draw2,model.layers.7.self_attn.q_proj,ce,22,0,22,0,0,0,3578,1546,1531,3585,9,22,14,10195
qwen4b,draw2,model.layers.7.self_attn.q_proj,kl,14,0,14,0,0,0,3578,1546,1531,3585,9,22,14,10195
qwen4b,draw3,model.layers.7.self_attn.q_proj,ce,25,2,23,0,0,0,3451,1688,1706,3395,4,25,17,10194
qwen4b,draw3,model.layers.7.self_attn.q_proj,kl,17,2,15,0,0,0,3451,1688,1706,3395,4,25,17,10194
qwen4b,draw4,model.layers.7.self_attn.q_proj,ce,7,0,7,0,0,0,4078,971,1027,4164,0,7,1,10232
qwen4b,draw4,model.layers.7.self_attn.q_proj,kl,1,0,1,0,0,0,4078,971,1027,4164,0,7,1,10232
qwen4b,seed0,model.layers.7.self_attn.v_proj,ce,29,2,27,0,0,0,880,388,406,886,4,29,5,2522
qwen4b,seed0,model.layers.7.self_attn.v_proj,kl,5,0,5,0,0,0,880,388,406,886,4,29,5,2522
qwen4b,draw1,model.layers.7.self_attn.v_proj,ce,18,4,14,0,0,0,753,534,571,702,0,18,8,2534
qwen4b,draw1,model.layers.7.self_attn.v_proj,kl,8,0,8,0,0,0,753,534,571,702,0,18,8,2534
qwen4b,draw2,model.layers.7.self_attn.v_proj,ce,13,1,12,0,0,0,944,348,374,894,1,13,6,2540
qwen4b,draw2,model.layers.7.self_attn.v_proj,kl,6,0,6,0,0,0,944,348,374,894,1,13,6,2540
qwen4b,draw3,model.layers.7.self_attn.v_proj,ce,12,3,9,0,0,0,886,387,444,843,5,12,8,2535
qwen4b,draw3,model.layers.7.self_attn.v_proj,kl,8,1,7,0,0,0,886,387,444,843,5,12,8,2535
qwen4b,draw4,model.layers.7.self_attn.v_proj,ce,3,0,3,0,0,0,1061,245,224,1030,0,3,0,2557
qwen4b,draw4,model.layers.7.self_attn.v_proj,kl,0,0,0,0,0,0,1061,245,224,1030,0,3,0,2557
qwen4b,seed0,model.layers.8.mlp.down_proj,ce,72,2,70,0,0,0,8072,4049,4356,7843,2,72,38,24208
qwen4b,seed0,model.layers.8.mlp.down_proj,kl,38,2,36,0,0,0,8072,4049,4356,7843,2,72,38,24208
qwen4b,draw1,model.layers.8.mlp.down_proj,ce,76,8,68,0,0,0,7654,4614,4678,7374,1,76,34,24209
qwen4b,draw1,model.layers.8.mlp.down_proj,kl,34,2,32,0,0,0,7654,4614,4678,7374,1,76,34,24209
qwen4b,draw2,model.layers.8.mlp.down_proj,ce,64,1,63,0,0,0,8418,3836,4230,7836,3,64,34,24219
qwen4b,draw2,model.layers.8.mlp.down_proj,kl,34,1,33,0,0,0,8418,3836,4230,7836,3,64,34,24219
qwen4b,draw3,model.layers.8.mlp.down_proj,ce,80,3,77,0,0,0,8213,3992,4133,7982,2,80,44,24194
qwen4b,draw3,model.layers.8.mlp.down_proj,kl,44,3,41,0,0,0,8213,3992,4133,7982,2,80,44,24194
qwen4b,draw4,model.layers.8.mlp.down_proj,ce,24,0,24,0,0,0,9374,2802,2884,9260,2,24,9,24285
qwen4b,draw4,model.layers.8.mlp.down_proj,kl,9,1,8,0,0,0,9374,2802,2884,9260,2,24,9,24285
qwen4b,seed0,model.layers.8.mlp.gate_proj,ce,74,4,70,0,0,0,8114,4147,4223,7836,5,74,28,24213
qwen4b,seed0,model.layers.8.mlp.gate_proj,kl,28,3,25,0,0,0,8114,4147,4223,7836,5,74,28,24213
qwen4b,draw1,model.layers.8.mlp.gate_proj,ce,46,1,45,0,0,0,7573,4609,4701,7437,4,46,34,24236
qwen4b,draw1,model.layers.8.mlp.gate_proj,kl,34,8,26,0,0,0,7573,4609,4701,7437,4,46,34,24236
qwen4b,draw2,model.layers.8.mlp.gate_proj,ce,45,0,45,0,0,0,8188,3988,4079,8065,8,45,34,24233
qwen4b,draw2,model.layers.8.mlp.gate_proj,kl,34,5,29,0,0,0,8188,3988,4079,8065,8,45,34,24233
qwen4b,draw3,model.layers.8.mlp.gate_proj,ce,50,4,46,0,0,0,8287,3982,4258,7793,3,50,37,24230
qwen4b,draw3,model.layers.8.mlp.gate_proj,kl,37,4,33,0,0,0,8287,3982,4258,7793,3,50,37,24230
qwen4b,draw4,model.layers.8.mlp.gate_proj,ce,28,1,27,0,0,0,9550,2725,2693,9352,2,28,8,24282
qwen4b,draw4,model.layers.8.mlp.gate_proj,kl,8,0,8,0,0,0,9550,2725,2693,9352,2,28,8,24282
qwen4b,seed0,model.layers.8.mlp.up_proj,ce,77,7,70,0,0,0,8201,4100,4177,7842,7,77,35,24201
qwen4b,seed0,model.layers.8.mlp.up_proj,kl,35,3,32,0,0,0,8201,4100,4177,7842,7,77,35,24201
qwen4b,draw1,model.layers.8.mlp.up_proj,ce,72,4,68,0,0,0,7543,4623,4735,7419,4,72,36,24208
qwen4b,draw1,model.layers.8.mlp.up_proj,kl,36,0,36,0,0,0,7543,4623,4735,7419,4,72,36,24208
qwen4b,draw2,model.layers.8.mlp.up_proj,ce,81,5,76,0,0,0,8297,3903,4112,8008,9,81,41,24189
qwen4b,draw2,model.layers.8.mlp.up_proj,kl,41,3,38,0,0,0,8297,3903,4112,8008,9,81,41,24189
qwen4b,draw3,model.layers.8.mlp.up_proj,ce,55,0,55,0,0,0,8224,4024,4126,7946,4,55,44,24217
qwen4b,draw3,model.layers.8.mlp.up_proj,kl,44,2,42,0,0,0,8224,4024,4126,7946,4,55,44,24217
qwen4b,draw4,model.layers.8.mlp.up_proj,ce,30,1,29,0,0,0,9519,2632,2769,9400,3,30,6,24281
qwen4b,draw4,model.layers.8.mlp.up_proj,kl,6,0,6,0,0,0,9519,2632,2769,9400,3,30,6,24281
qwen4b,seed0,model.layers.8.self_attn.k_proj,ce,4,0,4,0,0,0,825,424,420,891,1,4,3,2552
qwen4b,seed0,model.layers.8.self_attn.k_proj,kl,3,0,3,0,0,0,825,424,420,891,1,4,3,2552
qwen4b,draw1,model.layers.8.self_attn.k_proj,ce,2,0,2,0,0,0,715,589,576,680,0,2,3,2555
qwen4b,draw1,model.layers.8.self_attn.k_proj,kl,3,0,3,0,0,0,715,589,576,680,0,2,3,2555
qwen4b,draw2,model.layers.8.self_attn.k_proj,ce,5,0,5,0,0,0,876,394,410,880,0,5,5,2550
qwen4b,draw2,model.layers.8.self_attn.k_proj,kl,5,0,5,0,0,0,876,394,410,880,0,5,5,2550
qwen4b,draw3,model.layers.8.self_attn.k_proj,ce,1,0,1,0,0,0,821,461,442,836,1,1,6,2552
qwen4b,draw3,model.layers.8.self_attn.k_proj,kl,6,0,6,0,0,0,821,461,442,836,1,1,6,2552
qwen4b,draw4,model.layers.8.self_attn.k_proj,ce,1,0,1,0,0,0,1015,274,250,1021,0,1,0,2559
qwen4b,draw4,model.layers.8.self_attn.k_proj,kl,0,0,0,0,0,0,1015,274,250,1021,0,1,0,2559
qwen4b,seed0,model.layers.8.self_attn.o_proj,ce,122,5,117,0,0,0,3573,1522,1633,3512,11,122,25,10082
qwen4b,seed0,model.layers.8.self_attn.o_proj,kl,25,1,24,0,0,0,3573,1522,1633,3512,11,122,25,10082
qwen4b,draw1,model.layers.8.self_attn.o_proj,ce,79,6,73,0,0,0,3119,2088,2007,3026,4,79,28,10129
qwen4b,draw1,model.layers.8.self_attn.o_proj,kl,28,2,26,0,0,0,3119,2088,2007,3026,4,79,28,10129
qwen4b,draw2,model.layers.8.self_attn.o_proj,ce,125,6,119,0,0,0,3577,1537,1598,3528,18,125,37,10060
qwen4b,draw2,model.layers.8.self_attn.o_proj,kl,37,0,37,0,0,0,3577,1537,1598,3528,18,125,37,10060
qwen4b,draw3,model.layers.8.self_attn.o_proj,ce,61,6,55,0,0,0,3460,1636,1751,3393,10,61,32,10137
qwen4b,draw3,model.layers.8.self_attn.o_proj,kl,32,0,32,0,0,0,3460,1636,1751,3393,10,61,32,10137
qwen4b,draw4,model.layers.8.self_attn.o_proj,ce,35,1,34,0,0,0,4044,1055,1106,4035,2,35,4,10199
qwen4b,draw4,model.layers.8.self_attn.o_proj,kl,4,0,4,0,0,0,4044,1055,1106,4035,2,35,4,10199
qwen4b,seed0,model.layers.8.self_attn.q_proj,ce,33,0,33,0,0,0,3421,1584,1710,3525,1,33,17,10189
qwen4b,seed0,model.layers.8.self_attn.q_proj,kl,17,0,17,0,0,0,3421,1584,1710,3525,1,33,17,10189
qwen4b,draw1,model.layers.8.self_attn.q_proj,ce,21,1,20,0,0,0,2985,2188,2123,2944,2,21,17,10200
qwen4b,draw1,model.layers.8.self_attn.q_proj,kl,17,1,16,0,0,0,2985,2188,2123,2944,2,21,17,10200
qwen4b,draw2,model.layers.8.self_attn.q_proj,ce,28,4,24,0,0,0,3498,1671,1698,3373,3,28,22,10187
qwen4b,draw2,model.layers.8.self_attn.q_proj,kl,22,3,19,0,0,0,3498,1671,1698,3373,3,28,22,10187
qwen4b,draw3,model.layers.8.self_attn.q_proj,ce,20,4,16,0,0,0,3317,1794,1818,3311,4,20,18,10198
qwen4b,draw3,model.layers.8.self_attn.q_proj,kl,18,1,17,0,0,0,3317,1794,1818,3311,4,20,18,10198
qwen4b,draw4,model.layers.8.self_attn.q_proj,ce,12,0,12,0,0,0,4207,953,980,4100,0,12,3,10225
qwen4b,draw4,model.layers.8.self_attn.q_proj,kl,3,0,3,0,0,0,4207,953,980,4100,0,12,3,10225
qwen4b,seed0,model.layers.8.self_attn.v_proj,ce,17,0,17,0,0,0,912,398,436,814,0,17,6,2537
qwen4b,seed0,model.layers.8.self_attn.v_proj,kl,6,0,6,0,0,0,912,398,436,814,0,17,6,2537
qwen4b,draw1,model.layers.8.self_attn.v_proj,ce,15,1,14,0,0,0,746,516,526,772,0,15,4,2541
qwen4b,draw1,model.layers.8.self_attn.v_proj,kl,4,0,4,0,0,0,746,516,526,772,0,15,4,2541
qwen4b,draw2,model.layers.8.self_attn.v_proj,ce,15,0,15,0,0,0,922,345,380,913,1,15,4,2540
qwen4b,draw2,model.layers.8.self_attn.v_proj,kl,4,0,4,0,0,0,922,345,380,913,1,15,4,2540
qwen4b,draw3,model.layers.8.self_attn.v_proj,ce,9,0,9,0,0,0,869,423,442,826,2,9,5,2544
qwen4b,draw3,model.layers.8.self_attn.v_proj,kl,5,1,4,0,0,0,869,423,442,826,2,9,5,2544
qwen4b,draw4,model.layers.8.self_attn.v_proj,ce,5,0,5,0,0,0,1022,299,255,984,0,5,1,2554
qwen4b,draw4,model.layers.8.self_attn.v_proj,kl,1,0,1,0,0,0,1022,299,255,984,0,5,1,2554
qwen4b,seed0,model.layers.9.mlp.down_proj,ce,102,14,88,0,0,0,8215,4108,4209,7788,10,102,41,24167
qwen4b,seed0,model.layers.9.mlp.down_proj,kl,41,2,39,0,0,0,8215,4108,4209,7788,10,102,41,24167
qwen4b,draw1,model.layers.9.mlp.down_proj,ce,80,10,70,0,0,0,7554,4643,4853,7270,4,80,37,24199
qwen4b,draw1,model.layers.9.mlp.down_proj,kl,37,2,35,0,0,0,7554,4643,4853,7270,4,80,37,24199
qwen4b,draw2,model.layers.9.mlp.down_proj,ce,132,7,125,0,0,0,8328,3868,4236,7888,8,132,49,24131
qwen4b,draw2,model.layers.9.mlp.down_proj,kl,49,4,45,0,0,0,8328,3868,4236,7888,8,132,49,24131
qwen4b,draw3,model.layers.9.mlp.down_proj,ce,104,6,98,0,0,0,8207,4076,4320,7717,7,104,45,24164
qwen4b,draw3,model.layers.9.mlp.down_proj,kl,45,4,41,0,0,0,8207,4076,4320,7717,7,104,45,24164
qwen4b,draw4,model.layers.9.mlp.down_proj,ce,55,0,55,0,0,0,9376,2826,2932,9186,1,55,10,24254
qwen4b,draw4,model.layers.9.mlp.down_proj,kl,10,1,9,0,0,0,9376,2826,2932,9186,1,55,10,24254
qwen4b,seed0,model.layers.9.mlp.gate_proj,ce,50,0,50,0,0,0,8101,4044,4253,7922,10,50,31,24229
qwen4b,seed0,model.layers.9.mlp.gate_proj,kl,31,1,30,0,0,0,8101,4044,4253,7922,10,50,31,24229
qwen4b,draw1,model.layers.9.mlp.gate_proj,ce,45,2,43,0,0,0,7646,4567,4685,7422,5,45,28,24242
qwen4b,draw1,model.layers.9.mlp.gate_proj,kl,28,3,25,0,0,0,7646,4567,4685,7422,5,45,28,24242
qwen4b,draw2,model.layers.9.mlp.gate_proj,ce,65,1,64,0,0,0,8226,3952,4129,8013,11,65,31,24213
qwen4b,draw2,model.layers.9.mlp.gate_proj,kl,31,3,28,0,0,0,8226,3952,4129,8013,11,65,31,24213
qwen4b,draw3,model.layers.9.mlp.gate_proj,ce,68,1,67,0,0,0,8350,4004,4208,7758,8,68,40,24204
qwen4b,draw3,model.layers.9.mlp.gate_proj,kl,40,3,37,0,0,0,8350,4004,4208,7758,8,68,40,24204
qwen4b,draw4,model.layers.9.mlp.gate_proj,ce,39,0,39,0,0,0,9171,2901,2965,9283,2,39,12,24267
qwen4b,draw4,model.layers.9.mlp.gate_proj,kl,12,0,12,0,0,0,9171,2901,2965,9283,2,39,12,24267
qwen4b,seed0,model.layers.9.mlp.up_proj,ce,133,12,121,0,0,0,7960,4059,4305,7996,10,133,39,24138
qwen4b,seed0,model.layers.9.mlp.up_proj,kl,39,2,37,0,0,0,7960,4059,4305,7996,10,133,39,24138
qwen4b,draw1,model.layers.9.mlp.up_proj,ce,115,8,107,0,0,0,7597,4738,4793,7192,5,115,44,24156
qwen4b,draw1,model.layers.9.mlp.up_proj,kl,44,2,42,0,0,0,7597,4738,4793,7192,5,115,44,24156
qwen4b,draw2,model.layers.9.mlp.up_proj,ce,131,5,126,0,0,0,8188,3937,4030,8165,18,131,66,24105
qwen4b,draw2,model.layers.9.mlp.up_proj,kl,66,4,62,0,0,0,8188,3937,4030,8165,18,131,66,24105
qwen4b,draw3,model.layers.9.mlp.up_proj,ce,121,6,115,0,0,0,8206,4059,4115,7940,17,121,50,24132
qwen4b,draw3,model.layers.9.mlp.up_proj,kl,50,2,48,0,0,0,8206,4059,4115,7940,17,121,50,24132
qwen4b,draw4,model.layers.9.mlp.up_proj,ce,50,2,48,0,0,0,9467,2832,2749,9272,4,50,14,24252
qwen4b,draw4,model.layers.9.mlp.up_proj,kl,14,0,14,0,0,0,9467,2832,2749,9272,4,50,14,24252
qwen4b,seed0,model.layers.9.self_attn.k_proj,ce,7,0,7,0,0,0,873,418,402,867,1,7,1,2551
qwen4b,seed0,model.layers.9.self_attn.k_proj,kl,1,0,1,0,0,0,873,418,402,867,1,7,1,2551
qwen4b,draw1,model.layers.9.self_attn.k_proj,ce,1,0,1,0,0,0,732,580,555,693,0,1,9,2550
qwen4b,draw1,model.layers.9.self_attn.k_proj,kl,9,0,9,0,0,0,732,580,555,693,0,1,9,2550
qwen4b,draw2,model.layers.9.self_attn.k_proj,ce,7,0,7,0,0,0,873,378,443,866,2,7,11,2540
qwen4b,draw2,model.layers.9.self_attn.k_proj,kl,11,0,11,0,0,0,873,378,443,866,2,7,11,2540
qwen4b,draw3,model.layers.9.self_attn.k_proj,ce,2,0,2,0,0,0,890,380,468,822,0,2,10,2548
qwen4b,draw3,model.layers.9.self_attn.k_proj,kl,10,2,8,0,0,0,890,380,468,822,0,2,10,2548
qwen4b,draw4,model.layers.9.self_attn.k_proj,ce,2,0,2,0,0,0,1044,213,222,1081,0,2,2,2556
qwen4b,draw4,model.layers.9.self_attn.k_proj,kl,2,0,2,0,0,0,1044,213,222,1081,0,2,2,2556
qwen4b,seed0,model.layers.9.self_attn.o_proj,ce,209,15,194,0,0,0,3562,1539,1642,3497,33,209,32,9966
qwen4b,seed0,model.layers.9.self_attn.o_proj,kl,32,0,32,0,0,0,3562,1539,1642,3497,33,209,32,9966
qwen4b,draw1,model.layers.9.self_attn.o_proj,ce,133,9,124,0,0,0,3245,1949,1937,3109,27,133,29,10051
qwen4b,draw1,model.layers.9.self_attn.o_proj,kl,29,2,27,0,0,0,3245,1949,1937,3109,27,133,29,10051
qwen4b,draw2,model.layers.9.self_attn.o_proj,ce,227,11,216,0,0,0,3668,1481,1560,3531,47,227,44,9922
qwen4b,draw2,model.layers.9.self_attn.o_proj,kl,44,2,42,0,0,0,3668,1481,1560,3531,47,227,44,9922
qwen4b,draw3,model.layers.9.self_attn.o_proj,ce,149,14,135,0,0,0,3585,1590,1674,3391,25,149,45,10021
qwen4b,draw3,model.layers.9.self_attn.o_proj,kl,45,5,40,0,0,0,3585,1590,1674,3391,25,149,45,10021
qwen4b,draw4,model.layers.9.self_attn.o_proj,ce,71,3,68,0,0,0,4008,1068,1119,4045,2,71,7,10160
qwen4b,draw4,model.layers.9.self_attn.o_proj,kl,7,0,7,0,0,0,4008,1068,1119,4045,2,71,7,10160
qwen4b,seed0,model.layers.9.self_attn.q_proj,ce,27,2,25,0,0,0,3577,1584,1709,3370,2,27,19,10192
qwen4b,seed0,model.layers.9.self_attn.q_proj,kl,19,2,17,0,0,0,3577,1584,1709,3370,2,27,19,10192
qwen4b,draw1,model.layers.9.self_attn.q_proj,ce,17,1,16,0,0,0,2952,2189,2205,2894,1,17,8,10214
qwen4b,draw1,model.layers.9.self_attn.q_proj,kl,8,0,8,0,0,0,2952,2189,2205,2894,1,17,8,10214
qwen4b,draw2,model.layers.9.self_attn.q_proj,ce,24,2,22,0,0,0,3566,1547,1643,3484,11,24,24,10181
qwen4b,draw2,model.layers.9.self_attn.q_proj,kl,24,2,22,0,0,0,3566,1547,1643,3484,11,24,24,10181
qwen4b,draw3,model.layers.9.self_attn.q_proj,ce,20,2,18,0,0,0,3383,1690,1750,3417,3,20,23,10194
qwen4b,draw3,model.layers.9.self_attn.q_proj,kl,23,0,23,0,0,0,3383,1690,1750,3417,3,20,23,10194
qwen4b,draw4,model.layers.9.self_attn.q_proj,ce,9,0,9,0,0,0,4219,849,898,4274,0,9,4,10227
qwen4b,draw4,model.layers.9.self_attn.q_proj,kl,4,0,4,0,0,0,4219,849,898,4274,0,9,4,10227
qwen4b,seed0,model.layers.9.self_attn.v_proj,ce,24,1,23,0,0,0,881,382,421,876,1,24,11,2524
qwen4b,seed0,model.layers.9.self_attn.v_proj,kl,11,1,10,0,0,0,881,382,421,876,1,24,11,2524
qwen4b,draw1,model.layers.9.self_attn.v_proj,ce,19,2,17,0,0,0,788,489,539,744,1,19,10,2530
qwen4b,draw1,model.layers.9.self_attn.v_proj,kl,10,1,9,0,0,0,788,489,539,744,1,19,10,2530
qwen4b,draw2,model.layers.9.self_attn.v_proj,ce,18,0,18,0,0,0,920,365,383,892,7,18,8,2527
qwen4b,draw2,model.layers.9.self_attn.v_proj,kl,8,1,7,0,0,0,920,365,383,892,7,18,8,2527
qwen4b,draw3,model.layers.9.self_attn.v_proj,ce,16,1,15,0,0,0,844,414,452,850,0,16,17,2527
qwen4b,draw3,model.layers.9.self_attn.v_proj,kl,17,1,16,0,0,0,844,414,452,850,0,16,17,2527
qwen4b,draw4,model.layers.9.self_attn.v_proj,ce,5,1,4,0,0,0,1036,246,252,1026,0,5,2,2553
qwen4b,draw4,model.layers.9.self_attn.v_proj,kl,2,0,2,0,0,0,1036,246,252,1026,0,5,2,2553
mistral7b,seed0,model.layers.0.mlp.down_proj,ce,116,14,102,0,0,0,18668,10074,10367,18235,117,116,391,56720
mistral7b,seed0,model.layers.0.mlp.down_proj,kl,391,22,369,0,0,0,18668,10074,10367,18235,117,116,391,56720
mistral7b,draw1,model.layers.0.mlp.down_proj,ce,110,14,96,0,0,0,18608,10257,10598,17881,117,110,368,56749
mistral7b,draw1,model.layers.0.mlp.down_proj,kl,368,28,340,0,0,0,18608,10257,10598,17881,117,110,368,56749
mistral7b,draw2,model.layers.0.mlp.down_proj,ce,125,10,115,0,0,0,18286,10260,10841,17957,148,125,339,56732
mistral7b,draw2,model.layers.0.mlp.down_proj,kl,339,33,306,0,0,0,18286,10260,10841,17957,148,125,339,56732
mistral7b,draw3,model.layers.0.mlp.down_proj,ce,122,24,98,0,0,0,16755,12181,12136,16272,96,122,202,56924
mistral7b,draw3,model.layers.0.mlp.down_proj,kl,202,15,187,0,0,0,16755,12181,12136,16272,96,122,202,56924
mistral7b,draw4,model.layers.0.mlp.down_proj,ce,106,11,95,0,0,0,18273,10458,10885,17728,97,106,434,56707
mistral7b,draw4,model.layers.0.mlp.down_proj,kl,434,54,380,0,0,0,18273,10458,10885,17728,97,106,434,56707
mistral7b,seed0,model.layers.0.mlp.gate_proj,ce,94,5,89,0,0,0,18560,10170,10298,18316,33,94,239,56978
mistral7b,seed0,model.layers.0.mlp.gate_proj,kl,239,21,218,0,0,1,18560,10170,10298,18316,33,94,239,56978
mistral7b,draw1,model.layers.0.mlp.gate_proj,ce,87,7,80,0,0,0,18484,10286,10417,18157,36,87,245,56976
mistral7b,draw1,model.layers.0.mlp.gate_proj,kl,245,24,221,0,0,0,18484,10286,10417,18157,36,87,245,56976
mistral7b,draw2,model.layers.0.mlp.gate_proj,ce,107,10,97,0,0,0,18304,10415,10600,18025,40,107,245,56952
mistral7b,draw2,model.layers.0.mlp.gate_proj,kl,245,16,229,0,0,0,18304,10415,10600,18025,40,107,245,56952
mistral7b,draw3,model.layers.0.mlp.gate_proj,ce,106,35,71,0,0,0,16043,12855,12653,15793,26,106,85,57127
mistral7b,draw3,model.layers.0.mlp.gate_proj,kl,85,3,82,0,0,0,16043,12855,12653,15793,26,106,85,57127
mistral7b,draw4,model.layers.0.mlp.gate_proj,ce,111,8,103,0,0,0,17712,10803,10978,17851,26,111,288,56919
mistral7b,draw4,model.layers.0.mlp.gate_proj,kl,288,34,254,0,0,0,17712,10803,10978,17851,26,111,288,56919
mistral7b,seed0,model.layers.0.mlp.up_proj,ce,102,12,90,0,0,0,18605,10140,10380,18219,90,102,295,56857
mistral7b,seed0,model.layers.0.mlp.up_proj,kl,295,18,277,0,0,0,18605,10140,10380,18219,90,102,295,56857
mistral7b,draw1,model.layers.0.mlp.up_proj,ce,104,4,100,0,0,0,18627,10381,10421,17915,82,104,321,56837
mistral7b,draw1,model.layers.0.mlp.up_proj,kl,321,24,297,0,0,0,18627,10381,10421,17915,82,104,321,56837
mistral7b,draw2,model.layers.0.mlp.up_proj,ce,105,10,95,0,0,0,18021,10467,10617,18239,90,105,336,56813
mistral7b,draw2,model.layers.0.mlp.up_proj,kl,336,31,305,0,0,0,18021,10467,10617,18239,90,105,336,56813
mistral7b,draw3,model.layers.0.mlp.up_proj,ce,107,30,77,0,0,0,15919,12832,12978,15615,82,107,133,57022
mistral7b,draw3,model.layers.0.mlp.up_proj,kl,133,11,122,0,0,0,15919,12832,12978,15615,82,107,133,57022
mistral7b,draw4,model.layers.0.mlp.up_proj,ce,107,8,99,0,0,0,17837,10953,11060,17494,83,107,340,56814
mistral7b,draw4,model.layers.0.mlp.up_proj,kl,340,46,294,0,0,0,17837,10953,11060,17494,83,107,340,56814
mistral7b,seed0,model.layers.0.self_attn.k_proj,ce,22,0,22,0,0,0,1445,607,610,1434,31,22,194,3849
mistral7b,seed0,model.layers.0.self_attn.k_proj,kl,194,5,189,0,0,0,1445,607,610,1434,31,22,194,3849
mistral7b,draw1,model.layers.0.self_attn.k_proj,ce,8,1,7,0,0,0,1335,683,705,1373,13,8,181,3894
mistral7b,draw1,model.layers.0.self_attn.k_proj,kl,181,24,157,0,0,0,1335,683,705,1373,13,8,181,3894
mistral7b,draw2,model.layers.0.self_attn.k_proj,ce,10,1,9,0,0,0,1337,676,630,1453,15,10,150,3921
mistral7b,draw2,model.layers.0.self_attn.k_proj,kl,150,13,137,0,0,0,1337,676,630,1453,15,10,150,3921
mistral7b,draw3,model.layers.0.self_attn.k_proj,ce,55,1,54,0,0,0,1416,596,586,1498,32,55,123,3886
mistral7b,draw3,model.layers.0.self_attn.k_proj,kl,123,4,119,0,0,0,1416,596,586,1498,32,55,123,3886
mistral7b,draw4,model.layers.0.self_attn.k_proj,ce,12,3,9,0,0,0,1181,853,863,1199,8,12,90,3986
mistral7b,draw4,model.layers.0.self_attn.k_proj,kl,90,3,87,0,0,0,1181,853,863,1199,8,12,90,3986
mistral7b,seed0,model.layers.0.self_attn.o_proj,ce,63,4,59,0,0,0,5661,2659,2595,5469,42,63,365,15914
mistral7b,seed0,model.layers.0.self_attn.o_proj,kl,365,28,337,0,0,0,5661,2659,2595,5469,42,63,365,15914
mistral7b,draw1,model.layers.0.self_attn.o_proj,ce,56,5,51,0,0,0,5490,2773,2795,5326,32,56,346,15950
mistral7b,draw1,model.layers.0.self_attn.o_proj,kl,346,36,310,0,0,0,5490,2773,2795,5326,32,56,346,15950
mistral7b,draw2,model.layers.0.self_attn.o_proj,ce,74,6,68,0,0,0,5737,2640,2684,5323,39,74,324,15947
mistral7b,draw2,model.layers.0.self_attn.o_proj,kl,324,23,301,0,0,0,5737,2640,2684,5323,39,74,324,15947
mistral7b,draw3,model.layers.0.self_attn.o_proj,ce,88,13,75,0,0,0,5080,3215,3231,4858,23,88,191,16082
mistral7b,draw3,model.layers.0.self_attn.o_proj,kl,191,14,177,0,0,0,5080,3215,3231,4858,23,88,191,16082
mistral7b,draw4,model.layers.0.self_attn.o_proj,ce,65,2,63,0,0,0,5484,2719,2808,5373,29,65,397,15893
mistral7b,draw4,model.layers.0.self_attn.o_proj,kl,397,40,357,0,0,0,5484,2719,2808,5373,29,65,397,15893
mistral7b,seed0,model.layers.0.self_attn.q_proj,ce,75,1,74,0,0,0,5875,2310,2383,5816,109,75,909,15291
mistral7b,seed0,model.layers.0.self_attn.q_proj,kl,909,34,875,0,0,6,5875,2310,2383,5816,109,75,909,15291
mistral7b,draw1,model.layers.0.self_attn.q_proj,ce,39,1,38,0,0,0,5612,2532,2480,5760,52,39,629,15664
mistral7b,draw1,model.layers.0.self_attn.q_proj,kl,629,47,582,0,0,1,5612,2532,2480,5760,52,39,629,15664
mistral7b,draw2,model.layers.0.self_attn.q_proj,ce,37,0,37,0,0,1,5650,2608,2492,5634,39,37,616,15692
mistral7b,draw2,model.layers.0.self_attn.q_proj,kl,616,48,568,0,0,3,5650,2608,2492,5634,39,37,616,15692
mistral7b,draw3,model.layers.0.self_attn.q_proj,ce,147,17,130,0,0,4,5441,2696,2791,5456,157,147,572,15508
mistral7b,draw3,model.layers.0.self_attn.q_proj,kl,572,29,543,0,0,7,5441,2696,2791,5456,157,147,572,15508
mistral7b,draw4,model.layers.0.self_attn.q_proj,ce,78,14,64,0,0,0,4773,3492,3394,4725,24,78,274,16008
mistral7b,draw4,model.layers.0.self_attn.q_proj,kl,274,14,260,0,0,1,4773,3492,3394,4725,24,78,274,16008
mistral7b,seed0,model.layers.0.self_attn.v_proj,ce,28,0,28,0,0,0,1576,506,539,1475,74,28,233,3761
mistral7b,seed0,model.layers.0.self_attn.v_proj,kl,233,12,221,0,0,0,1576,506,539,1475,74,28,233,3761
mistral7b,draw1,model.layers.0.self_attn.v_proj,ce,18,0,18,0,0,0,1466,586,570,1474,75,18,222,3781
mistral7b,draw1,model.layers.0.self_attn.v_proj,kl,222,20,202,0,0,0,1466,586,570,1474,75,18,222,3781
mistral7b,draw2,model.layers.0.self_attn.v_proj,ce,25,2,23,0,0,0,1466,530,620,1480,68,25,200,3803
mistral7b,draw2,model.layers.0.self_attn.v_proj,kl,200,20,180,0,0,0,1466,530,620,1480,68,25,200,3803
mistral7b,draw3,model.layers.0.self_attn.v_proj,ce,38,2,36,0,0,0,1392,655,716,1333,69,38,121,3868
mistral7b,draw3,model.layers.0.self_attn.v_proj,kl,121,1,120,0,0,0,1392,655,716,1333,69,38,121,3868
mistral7b,draw4,model.layers.0.self_attn.v_proj,ce,44,4,40,0,0,0,1468,573,598,1457,69,44,219,3764
mistral7b,draw4,model.layers.0.self_attn.v_proj,kl,219,16,203,0,0,0,1468,573,598,1457,69,44,219,3764
mistral7b,seed0,model.layers.1.mlp.down_proj,ce,132,16,116,0,0,0,18714,10268,10435,17927,222,132,598,56392
mistral7b,seed0,model.layers.1.mlp.down_proj,kl,598,50,548,0,0,0,18714,10268,10435,17927,222,132,598,56392
mistral7b,draw1,model.layers.1.mlp.down_proj,ce,109,8,101,0,0,0,18625,10026,10369,18324,205,109,569,56461
mistral7b,draw1,model.layers.1.mlp.down_proj,kl,569,30,539,0,0,0,18625,10026,10369,18324,205,109,569,56461
mistral7b,draw2,model.layers.1.mlp.down_proj,ce,106,14,92,0,0,0,17948,10699,10938,17759,260,106,588,56390
mistral7b,draw2,model.layers.1.mlp.down_proj,kl,588,54,534,0,0,0,17948,10699,10938,17759,260,106,588,56390
mistral7b,draw3,model.layers.1.mlp.down_proj,ce,141,26,115,0,0,0,16717,12006,12068,16553,180,141,335,56688
mistral7b,draw3,model.layers.1.mlp.down_proj,kl,335,15,320,0,0,0,16717,12006,12068,16553,180,141,335,56688
mistral7b,draw4,model.layers.1.mlp.down_proj,ce,116,12,104,0,0,0,18150,10582,10872,17740,194,116,646,56388
mistral7b,draw4,model.layers.1.mlp.down_proj,kl,646,63,583,0,0,0,18150,10582,10872,17740,194,116,646,56388
mistral7b,seed0,model.layers.1.mlp.gate_proj,ce,99,10,89,0,0,0,18281,10467,10791,17805,53,99,215,56977
mistral7b,seed0,model.layers.1.mlp.gate_proj,kl,215,14,201,0,0,0,18281,10467,10791,17805,53,99,215,56977
mistral7b,draw1,model.layers.1.mlp.gate_proj,ce,97,11,86,0,0,0,18461,10365,10703,17815,45,97,235,56967
mistral7b,draw1,model.layers.1.mlp.gate_proj,kl,235,14,221,0,0,0,18461,10365,10703,17815,45,97,235,56967
mistral7b,draw2,model.layers.1.mlp.gate_proj,ce,96,13,83,0,0,0,17848,10880,11172,17444,60,96,232,56956
mistral7b,draw2,model.layers.1.mlp.gate_proj,kl,232,24,208,0,0,0,17848,10880,11172,17444,60,96,232,56956
mistral7b,draw3,model.layers.1.mlp.gate_proj,ce,95,22,73,0,0,0,16074,12555,12843,15872,53,95,81,57115
mistral7b,draw3,model.layers.1.mlp.gate_proj,kl,81,3,78,0,0,0,16074,12555,12843,15872,53,95,81,57115
mistral7b,draw4,model.layers.1.mlp.gate_proj,ce,109,8,101,0,0,0,18174,10734,10873,17563,70,109,223,56942
mistral7b,draw4,model.layers.1.mlp.gate_proj,kl,223,28,195,0,0,0,18174,10734,10873,17563,70,109,223,56942
mistral7b,seed0,model.layers.1.mlp.up_proj,ce,110,12,98,0,0,0,18644,10468,10493,17739,273,110,252,56709
mistral7b,seed0,model.layers.1.mlp.up_proj,kl,252,16,236,0,0,0,18644,10468,10493,17739,273,110,252,56709
mistral7b,draw1,model.layers.1.mlp.up_proj,ce,104,12,92,0,0,0,18508,10346,10644,17846,273,104,290,56677
mistral7b,draw1,model.layers.1.mlp.up_proj,kl,290,13,277,0,0,0,18508,10346,10644,17846,273,104,290,56677
mistral7b,draw2,model.layers.1.mlp.up_proj,ce,79,8,71,0,0,0,17929,10792,11164,17459,295,79,259,56711
mistral7b,draw2,model.layers.1.mlp.up_proj,kl,259,22,237,0,0,0,17929,10792,11164,17459,295,79,259,56711
mistral7b,draw3,model.layers.1.mlp.up_proj,ce,117,21,96,0,0,0,16438,12425,12514,15967,272,117,122,56833
mistral7b,draw3,model.layers.1.mlp.up_proj,kl,122,5,117,0,0,0,16438,12425,12514,15967,272,117,122,56833
mistral7b,draw4,model.layers.1.mlp.up_proj,ce,95,8,87,0,0,0,18189,10491,10873,17791,248,95,329,56672
mistral7b,draw4,model.layers.1.mlp.up_proj,kl,329,18,311,0,0,0,18189,10491,10873,17791,248,95,329,56672
mistral7b,seed0,model.layers.1.self_attn.k_proj,ce,10,1,9,0,0,0,1562,501,498,1535,88,10,295,3703
mistral7b,seed0,model.layers.1.self_attn.k_proj,kl,295,15,280,0,0,0,1562,501,498,1535,88,10,295,3703
mistral7b,draw1,model.layers.1.self_attn.k_proj,ce,10,0,10,0,0,0,1475,574,570,1477,115,10,280,3691
mistral7b,draw1,model.layers.1.self_attn.k_proj,kl,280,10,270,0,0,0,1475,574,570,1477,115,10,280,3691
mistral7b,draw2,model.layers.1.self_attn.k_proj,ce,7,0,7,0,0,0,1503,573,575,1445,143,7,278,3668
mistral7b,draw2,model.layers.1.self_attn.k_proj,kl,278,20,258,0,0,0,1503,573,575,1445,143,7,278,3668
mistral7b,draw3,model.layers.1.self_attn.k_proj,ce,19,2,17,0,0,0,1342,713,703,1338,76,19,157,3844
mistral7b,draw3,model.layers.1.self_attn.k_proj,kl,157,6,151,0,0,0,1342,713,703,1338,76,19,157,3844
mistral7b,draw4,model.layers.1.self_attn.k_proj,ce,4,1,3,0,0,0,1406,628,654,1408,75,4,337,3680
mistral7b,draw4,model.layers.1.self_attn.k_proj,kl,337,41,296,0,0,0,1406,628,654,1408,75,4,337,3680
mistral7b,seed0,model.layers.1.self_attn.o_proj,ce,36,3,33,0,0,0,5506,2640,2712,5526,128,36,437,15783
mistral7b,seed0,model.layers.1.self_attn.o_proj,kl,437,27,410,0,0,0,5506,2640,2712,5526,128,36,437,15783
mistral7b,draw1,model.layers.1.self_attn.o_proj,ce,33,4,29,0,0,0,5394,2753,2779,5458,116,33,367,15868
mistral7b,draw1,model.layers.1.self_attn.o_proj,kl,367,17,350,0,0,0,5394,2753,2779,5458,116,33,367,15868
mistral7b,draw2,model.layers.1.self_attn.o_proj,ce,52,4,48,0,0,0,5323,2802,2806,5453,195,52,420,15717
mistral7b,draw2,model.layers.1.self_attn.o_proj,kl,420,32,388,0,0,0,5323,2802,2806,5453,195,52,420,15717
mistral7b,draw3,model.layers.1.self_attn.o_proj,ce,52,9,43,0,0,0,4884,3278,3319,4903,61,52,225,16046
mistral7b,draw3,model.layers.1.self_attn.o_proj,kl,225,11,214,0,0,0,4884,3278,3319,4903,61,52,225,16046
mistral7b,draw4,model.layers.1.self_attn.o_proj,ce,34,5,29,0,0,0,5453,2652,2749,5530,95,34,523,15732
mistral7b,draw4,model.layers.1.self_attn.o_proj,kl,523,49,474,0,0,0,5453,2652,2749,5530,95,34,523,15732
mistral7b,seed0,model.layers.1.self_attn.q_proj,ce,42,2,40,0,0,0,5984,2231,2291,5878,275,42,1038,15029
mistral7b,seed0,model.layers.1.self_attn.q_proj,kl,1038,40,998,0,0,0,5984,2231,2291,5878,275,42,1038,15029
mistral7b,draw1,model.layers.1.self_attn.q_proj,ce,24,3,21,0,0,0,5686,2400,2459,5839,331,24,989,15040
mistral7b,draw1,model.layers.1.self_attn.q_proj,kl,989,61,928,0,0,0,5686,2400,2459,5839,331,24,989,15040
mistral7b,draw2,model.layers.1.self_attn.q_proj,ce,36,1,35,0,0,0,5747,2386,2475,5776,434,36,962,14952
mistral7b,draw2,model.layers.1.self_attn.q_proj,kl,962,89,873,0,0,0,5747,2386,2475,5776,434,36,962,14952
mistral7b,draw3,model.layers.1.self_attn.q_proj,ce,73,7,66,0,0,0,5405,2834,2869,5276,236,73,485,15590
mistral7b,draw3,model.layers.1.self_attn.q_proj,kl,485,12,473,0,0,0,5405,2834,2869,5276,236,73,485,15590
mistral7b,draw4,model.layers.1.self_attn.q_proj,ce,31,5,26,0,0,0,5754,2405,2517,5708,254,31,1083,15016
mistral7b,draw4,model.layers.1.self_attn.q_proj,kl,1083,120,963,0,0,0,5754,2405,2517,5708,254,31,1083,15016
mistral7b,seed0,model.layers.1.self_attn.v_proj,ce,16,2,14,0,0,0,1476,625,667,1328,17,16,186,3877
mistral7b,seed0,model.layers.1.self_attn.v_proj,kl,186,9,177,0,0,0,1476,625,667,1328,17,16,186,3877
mistral7b,draw1,model.layers.1.self_attn.v_proj,ce,10,2,8,0,0,0,1393,677,680,1346,21,10,166,3899
mistral7b,draw1,model.layers.1.self_attn.v_proj,kl,166,8,158,0,0,0,1393,677,680,1346,21,10,166,3899
mistral7b,draw2,model.layers.1.self_attn.v_proj,ce,22,2,20,0,0,0,1466,633,653,1344,35,22,203,3836
mistral7b,draw2,model.layers.1.self_attn.v_proj,kl,203,11,192,0,0,0,1466,633,653,1344,35,22,203,3836
mistral7b,draw3,model.layers.1.self_attn.v_proj,ce,22,2,20,0,0,0,1332,737,789,1238,14,22,97,3963
mistral7b,draw3,model.layers.1.self_attn.v_proj,kl,97,4,93,0,0,0,1332,737,789,1238,14,22,97,3963
mistral7b,draw4,model.layers.1.self_attn.v_proj,ce,14,1,13,0,0,0,1378,659,674,1385,23,14,182,3877
mistral7b,draw4,model.layers.1.self_attn.v_proj,kl,182,14,168,0,0,0,1378,659,674,1385,23,14,182,3877
mistral7b,seed0,model.layers.10.mlp.down_proj,ce,101,17,84,0,0,0,17558,11318,11671,16797,3,101,133,57107
mistral7b,seed0,model.layers.10.mlp.down_proj,kl,133,23,110,0,0,0,17558,11318,11671,16797,3,101,133,57107
mistral7b,draw1,model.layers.10.mlp.down_proj,ce,95,18,77,0,0,0,17685,11239,11686,16734,3,95,137,57109
mistral7b,draw1,model.layers.10.mlp.down_proj,kl,137,23,114,0,0,0,17685,11239,11686,16734,3,95,137,57109
mistral7b,draw2,model.layers.10.mlp.down_proj,ce,116,19,97,0,0,0,17663,11313,11557,16811,7,116,111,57110
mistral7b,draw2,model.layers.10.mlp.down_proj,kl,111,23,88,0,0,0,17663,11313,11557,16811,7,116,111,57110
mistral7b,draw3,model.layers.10.mlp.down_proj,ce,102,15,87,0,0,0,17815,10962,11335,17232,0,102,103,57139
mistral7b,draw3,model.layers.10.mlp.down_proj,kl,103,19,84,0,0,0,17815,10962,11335,17232,0,102,103,57139
mistral7b,draw4,model.layers.10.mlp.down_proj,ce,91,14,77,0,0,0,17326,11549,12021,16448,0,91,129,57124
mistral7b,draw4,model.layers.10.mlp.down_proj,kl,129,23,106,0,0,0,17326,11549,12021,16448,0,91,129,57124
mistral7b,seed0,model.layers.10.mlp.gate_proj,ce,105,19,86,0,0,0,17411,11189,11659,17085,2,105,116,57121
mistral7b,seed0,model.layers.10.mlp.gate_proj,kl,116,23,93,0,0,0,17411,11189,11659,17085,2,105,116,57121
mistral7b,draw1,model.layers.10.mlp.gate_proj,ce,98,14,84,0,0,0,17475,11093,11695,17081,3,98,118,57125
mistral7b,draw1,model.layers.10.mlp.gate_proj,kl,118,23,95,0,0,0,17475,11093,11695,17081,3,98,118,57125
mistral7b,draw2,model.layers.10.mlp.gate_proj,ce,110,17,93,0,0,0,17623,11242,11557,16922,4,110,116,57114
mistral7b,draw2,model.layers.10.mlp.gate_proj,kl,116,23,93,0,0,0,17623,11242,11557,16922,4,110,116,57114
mistral7b,draw3,model.layers.10.mlp.gate_proj,ce,87,17,70,0,0,0,17779,11046,11460,17059,1,87,83,57173
mistral7b,draw3,model.layers.10.mlp.gate_proj,kl,83,14,69,0,0,0,17779,11046,11460,17059,1,87,83,57173
mistral7b,draw4,model.layers.10.mlp.gate_proj,ce,102,25,77,0,0,0,17272,11555,11931,16586,0,102,131,57111
mistral7b,draw4,model.layers.10.mlp.gate_proj,kl,131,30,101,0,0,0,17272,11555,11931,16586,0,102,131,57111
mistral7b,seed0,model.layers.10.mlp.up_proj,ce,107,14,93,0,0,0,17338,11336,11774,16896,1,107,133,57103
mistral7b,seed0,model.layers.10.mlp.up_proj,kl,133,28,105,0,0,0,17338,11336,11774,16896,1,107,133,57103
mistral7b,draw1,model.layers.10.mlp.up_proj,ce,117,13,104,0,0,0,17734,11073,11663,16874,3,117,146,57078
mistral7b,draw1,model.layers.10.mlp.up_proj,kl,146,26,120,0,0,0,17734,11073,11663,16874,3,117,146,57078
mistral7b,draw2,model.layers.10.mlp.up_proj,ce,107,14,93,0,0,0,17645,11137,11607,16955,3,107,138,57096
mistral7b,draw2,model.layers.10.mlp.up_proj,kl,138,23,115,0,0,0,17645,11137,11607,16955,3,107,138,57096
mistral7b,draw3,model.layers.10.mlp.up_proj,ce,91,19,72,0,0,0,17610,11240,11492,17002,2,91,80,57171
mistral7b,draw3,model.layers.10.mlp.up_proj,kl,80,9,71,0,0,0,17610,11240,11492,17002,2,91,80,57171
mistral7b,draw4,model.layers.10.mlp.up_proj,ce,100,16,84,0,0,0,17165,11536,12123,16520,7,100,153,57084
mistral7b,draw4,model.layers.10.mlp.up_proj,kl,153,31,122,0,0,0,17165,11536,12123,16520,7,100,153,57084
mistral7b,seed0,model.layers.10.self_attn.k_proj,ce,5,1,4,0,0,0,1262,749,829,1256,0,5,16,4075
mistral7b,seed0,model.layers.10.self_attn.k_proj,kl,16,3,13,0,0,0,1262,749,829,1256,0,5,16,4075
mistral7b,draw1,model.layers.10.self_attn.k_proj,ce,8,2,6,0,0,0,1289,756,839,1212,0,8,10,4078
mistral7b,draw1,model.layers.10.self_attn.k_proj,kl,10,4,6,0,0,0,1289,756,839,1212,0,8,10,4078
mistral7b,draw2,model.layers.10.self_attn.k_proj,ce,10,2,8,0,0,0,1315,769,852,1160,1,10,14,4071
mistral7b,draw2,model.layers.10.self_attn.k_proj,kl,14,4,10,0,0,0,1315,769,852,1160,1,10,14,4071
mistral7b,draw3,model.layers.10.self_attn.k_proj,ce,4,0,4,0,0,0,1332,742,814,1208,1,4,3,4088
mistral7b,draw3,model.layers.10.self_attn.k_proj,kl,3,0,3,0,0,0,1332,742,814,1208,1,4,3,4088
mistral7b,draw4,model.layers.10.self_attn.k_proj,ce,8,1,7,0,0,0,1295,815,851,1135,0,8,10,4078
mistral7b,draw4,model.layers.10.self_attn.k_proj,kl,10,4,6,0,0,0,1295,815,851,1135,0,8,10,4078
mistral7b,seed0,model.layers.10.self_attn.o_proj,ce,34,4,30,0,0,0,5089,3123,3347,4825,2,34,79,16269
mistral7b,seed0,model.layers.10.self_attn.o_proj,kl,79,8,71,0,0,0,5089,3123,3347,4825,2,34,79,16269
mistral7b,draw1,model.layers.10.self_attn.o_proj,ce,57,7,50,0,0,0,5225,3206,3315,4638,2,57,83,16242
mistral7b,draw1,model.layers.10.self_attn.o_proj,kl,83,11,72,0,0,0,5225,3206,3315,4638,2,57,83,16242
mistral7b,draw2,model.layers.10.self_attn.o_proj,ce,64,10,54,0,0,0,5172,3042,3376,4794,1,64,83,16236
mistral7b,draw2,model.layers.10.self_attn.o_proj,kl,83,12,71,0,0,0,5172,3042,3376,4794,1,64,83,16236
mistral7b,draw3,model.layers.10.self_attn.o_proj,ce,41,3,38,0,0,0,5335,3026,3166,4857,1,41,43,16299
mistral7b,draw3,model.layers.10.self_attn.o_proj,kl,43,8,35,0,0,0,5335,3026,3166,4857,1,41,43,16299
mistral7b,draw4,model.layers.10.self_attn.o_proj,ce,34,3,31,0,0,0,5157,3217,3485,4525,1,34,57,16292
mistral7b,draw4,model.layers.10.self_attn.o_proj,kl,57,7,50,0,0,0,5157,3217,3485,4525,1,34,57,16292
mistral7b,seed0,model.layers.10.self_attn.q_proj,ce,25,5,20,0,0,0,5038,3236,3309,4801,1,25,61,16297
mistral7b,seed0,model.layers.10.self_attn.q_proj,kl,61,12,49,0,0,0,5038,3236,3309,4801,1,25,61,16297
mistral7b,draw1,model.layers.10.self_attn.q_proj,ce,37,1,36,0,0,0,5064,3137,3286,4897,3,37,42,16302
mistral7b,draw1,model.layers.10.self_attn.q_proj,kl,42,9,33,0,0,0,5064,3137,3286,4897,3,37,42,16302
mistral7b,draw2,model.layers.10.self_attn.q_proj,ce,35,14,21,0,0,0,5099,3140,3245,4900,2,35,39,16308
mistral7b,draw2,model.layers.10.self_attn.q_proj,kl,39,2,37,0,0,0,5099,3140,3245,4900,2,35,39,16308
mistral7b,draw3,model.layers.10.self_attn.q_proj,ce,30,8,22,0,0,0,5123,3192,3192,4877,0,30,26,16328
mistral7b,draw3,model.layers.10.self_attn.q_proj,kl,26,3,23,0,0,0,5123,3192,3192,4877,0,30,26,16328
mistral7b,draw4,model.layers.10.self_attn.q_proj,ce,34,4,30,0,0,0,4866,3373,3378,4767,0,34,49,16301
mistral7b,draw4,model.layers.10.self_attn.q_proj,kl,49,6,43,0,0,0,4866,3373,3378,4767,0,34,49,16301
mistral7b,seed0,model.layers.10.self_attn.v_proj,ce,7,1,6,0,0,0,1319,759,825,1193,1,7,16,4072
mistral7b,seed0,model.layers.10.self_attn.v_proj,kl,16,3,13,0,0,0,1319,759,825,1193,1,7,16,4072
mistral7b,draw1,model.layers.10.self_attn.v_proj,ce,12,2,10,0,0,0,1287,758,837,1214,2,12,23,4059
mistral7b,draw1,model.layers.10.self_attn.v_proj,kl,23,7,16,0,0,0,1287,758,837,1214,2,12,23,4059
mistral7b,draw2,model.layers.10.self_attn.v_proj,ce,10,2,8,0,0,0,1316,785,813,1182,2,10,22,4062
mistral7b,draw2,model.layers.10.self_attn.v_proj,kl,22,5,17,0,0,0,1316,785,813,1182,2,10,22,4062
mistral7b,draw3,model.layers.10.self_attn.v_proj,ce,7,0,7,0,0,0,1332,785,810,1169,1,7,15,4073
mistral7b,draw3,model.layers.10.self_attn.v_proj,kl,15,2,13,0,0,0,1332,785,810,1169,1,7,15,4073
mistral7b,draw4,model.layers.10.self_attn.v_proj,ce,8,1,7,0,0,0,1285,794,869,1148,2,8,25,4061
mistral7b,draw4,model.layers.10.self_attn.v_proj,kl,25,4,21,0,0,0,1285,794,869,1148,2,8,25,4061
mistral7b,seed0,model.layers.11.mlp.down_proj,ce,132,20,112,0,0,0,17592,11392,11674,16686,5,132,153,57054
mistral7b,seed0,model.layers.11.mlp.down_proj,kl,153,20,133,0,0,0,17592,11392,11674,16686,5,132,153,57054
mistral7b,draw1,model.layers.11.mlp.down_proj,ce,106,20,86,0,0,0,17473,11397,11903,16571,1,106,149,57088
mistral7b,draw1,model.layers.11.mlp.down_proj,kl,149,16,133,0,0,0,17473,11397,11903,16571,1,106,149,57088
mistral7b,draw2,model.layers.11.mlp.down_proj,ce,134,18,116,0,0,0,17512,11336,11741,16755,5,134,120,57085
mistral7b,draw2,model.layers.11.mlp.down_proj,kl,120,23,97,0,0,0,17512,11336,11741,16755,5,134,120,57085
mistral7b,draw3,model.layers.11.mlp.down_proj,ce,100,10,90,0,0,0,17934,10847,11263,17300,1,100,88,57155
mistral7b,draw3,model.layers.11.mlp.down_proj,kl,88,9,79,0,0,0,17934,10847,11263,17300,1,100,88,57155
mistral7b,draw4,model.layers.11.mlp.down_proj,ce,136,21,115,0,0,0,17018,11595,12163,16568,1,136,147,57060
mistral7b,draw4,model.layers.11.mlp.down_proj,kl,147,26,121,0,0,0,17018,11595,12163,16568,1,136,147,57060
mistral7b,seed0,model.layers.11.mlp.gate_proj,ce,106,13,93,0,0,0,17478,11265,11613,16988,1,106,144,57093
mistral7b,seed0,model.layers.11.mlp.gate_proj,kl,144,24,120,0,0,0,17478,11265,11613,16988,1,106,144,57093
mistral7b,draw1,model.layers.11.mlp.gate_proj,ce,94,13,81,0,0,0,17462,11443,11699,16740,4,94,129,57117
mistral7b,draw1,model.layers.11.mlp.gate_proj,kl,129,19,110,0,0,0,17462,11443,11699,16740,4,94,129,57117
mistral7b,draw2,model.layers.11.mlp.gate_proj,ce,104,12,92,0,0,0,17712,11149,11575,16908,4,104,125,57111
mistral7b,draw2,model.layers.11.mlp.gate_proj,kl,125,21,104,0,0,0,17712,11149,11575,16908,4,104,125,57111
mistral7b,draw3,model.layers.11.mlp.gate_proj,ce,99,12,87,0,0,0,17770,11011,11202,17361,2,99,71,57172
mistral7b,draw3,model.layers.11.mlp.gate_proj,kl,71,8,63,0,0,0,17770,11011,11202,17361,2,99,71,57172
mistral7b,draw4,model.layers.11.mlp.gate_proj,ce,98,19,79,0,0,0,17250,11737,12115,16242,4,98,172,57070
mistral7b,draw4,model.layers.11.mlp.gate_proj,kl,172,39,133,0,0,0,17250,11737,12115,16242,4,98,172,57070
mistral7b,seed0,model.layers.11.mlp.up_proj,ce,104,16,88,0,0,0,17501,11342,11596,16905,2,104,138,57100
mistral7b,seed0,model.layers.11.mlp.up_proj,kl,138,31,107,0,0,0,17501,11342,11596,16905,2,104,138,57100
mistral7b,draw1,model.layers.11.mlp.up_proj,ce,104,26,78,0,0,0,17733,11238,11671,16702,2,104,160,57078
mistral7b,draw1,model.layers.11.mlp.up_proj,kl,160,28,132,0,0,0,17733,11238,11671,16702,2,104,160,57078
mistral7b,draw2,model.layers.11.mlp.up_proj,ce,111,21,90,0,0,0,17805,11199,11508,16832,3,111,145,57085
mistral7b,draw2,model.layers.11.mlp.up_proj,kl,145,27,118,0,0,0,17805,11199,11508,16832,3,111,145,57085
mistral7b,draw3,model.layers.11.mlp.up_proj,ce,99,18,81,0,0,0,17902,11069,11006,17367,1,99,89,57155
mistral7b,draw3,model.layers.11.mlp.up_proj,kl,89,14,75,0,0,0,17902,11069,11006,17367,1,99,89,57155
mistral7b,draw4,model.layers.11.mlp.up_proj,ce,117,23,94,0,0,0,17251,11513,11995,16585,3,117,153,57071
mistral7b,draw4,model.layers.11.mlp.up_proj,kl,153,21,132,0,0,0,17251,11513,11995,16585,3,117,153,57071
mistral7b,seed0,model.layers.11.self_attn.k_proj,ce,5,0,5,0,0,0,1284,807,822,1183,0,5,20,4071
mistral7b,seed0,model.layers.11.self_attn.k_proj,kl,20,4,16,0,0,0,1284,807,822,1183,0,5,20,4071
mistral7b,draw1,model.layers.11.self_attn.k_proj,ce,4,1,3,0,0,0,1292,802,812,1190,0,4,25,4067
mistral7b,draw1,model.layers.11.self_attn.k_proj,kl,25,2,23,0,0,0,1292,802,812,1190,0,4,25,4067
mistral7b,draw2,model.layers.11.self_attn.k_proj,ce,4,1,3,0,0,0,1308,768,811,1209,0,4,27,4065
mistral7b,draw2,model.layers.11.self_attn.k_proj,kl,27,10,17,0,0,0,1308,768,811,1209,0,4,27,4065
mistral7b,draw3,model.layers.11.self_attn.k_proj,ce,7,0,7,0,0,0,1291,806,776,1223,0,7,30,4059
mistral7b,draw3,model.layers.11.self_attn.k_proj,kl,30,4,26,0,0,0,1291,806,776,1223,0,7,30,4059
mistral7b,draw4,model.layers.11.self_attn.k_proj,ce,12,1,11,0,0,0,1228,827,889,1152,0,12,16,4068
mistral7b,draw4,model.layers.11.self_attn.k_proj,kl,16,1,15,0,0,0,1228,827,889,1152,0,12,16,4068
mistral7b,seed0,model.layers.11.self_attn.o_proj,ce,32,6,26,0,0,0,5063,3161,3344,4816,2,32,79,16271
mistral7b,seed0,model.layers.11.self_attn.o_proj,kl,79,22,57,0,0,0,5063,3161,3344,4816,2,32,79,16271
mistral7b,draw1,model.layers.11.self_attn.o_proj,ce,47,3,44,0,0,0,5081,3197,3413,4693,0,47,77,16260
mistral7b,draw1,model.layers.11.self_attn.o_proj,kl,77,14,63,0,0,0,5081,3197,3413,4693,0,47,77,16260
mistral7b,draw2,model.layers.11.self_attn.o_proj,ce,51,10,41,0,0,0,5189,3004,3369,4822,2,51,69,16262
mistral7b,draw2,model.layers.11.self_attn.o_proj,kl,69,8,61,0,0,0,5189,3004,3369,4822,2,51,69,16262
mistral7b,draw3,model.layers.11.self_attn.o_proj,ce,26,2,24,0,0,0,5209,3165,3233,4777,2,26,47,16309
mistral7b,draw3,model.layers.11.self_attn.o_proj,kl,47,14,33,0,0,0,5209,3165,3233,4777,2,26,47,16309
mistral7b,draw4,model.layers.11.self_attn.o_proj,ce,49,9,40,0,0,0,5119,3207,3397,4661,2,49,72,16261
mistral7b,draw4,model.layers.11.self_attn.o_proj,kl,72,11,61,0,0,0,5119,3207,3397,4661,2,49,72,16261
mistral7b,seed0,model.layers.11.self_attn.q_proj,ce,25,6,19,0,0,0,5013,3232,3357,4782,0,25,69,16290
mistral7b,seed0,model.layers.11.self_attn.q_proj,kl,69,16,53,0,0,0,5013,3232,3357,4782,0,25,69,16290
mistral7b,draw1,model.layers.11.self_attn.q_proj,ce,21,6,15,0,0,0,5035,3151,3215,4983,4,21,56,16303
mistral7b,draw1,model.layers.11.self_attn.q_proj,kl,56,5,51,0,0,0,5035,3151,3215,4983,4,21,56,16303
mistral7b,draw2,model.layers.11.self_attn.q_proj,ce,25,7,18,0,0,0,5060,3239,3348,4737,0,25,62,16297
mistral7b,draw2,model.layers.11.self_attn.q_proj,kl,62,9,53,0,0,0,5060,3239,3348,4737,0,25,62,16297
mistral7b,draw3,model.layers.11.self_attn.q_proj,ce,29,2,27,0,0,0,5098,3173,3259,4854,2,29,42,16311
mistral7b,draw3,model.layers.11.self_attn.q_proj,kl,42,8,34,0,0,0,5098,3173,3259,4854,2,29,42,16311
mistral7b,draw4,model.layers.11.self_attn.q_proj,ce,23,4,19,0,0,0,4809,3439,3403,4733,1,23,55,16305
mistral7b,draw4,model.layers.11.self_attn.q_proj,kl,55,7,48,0,0,0,4809,3439,3403,4733,1,23,55,16305
mistral7b,seed0,model.layers.11.self_attn.v_proj,ce,7,1,6,0,0,0,1326,733,877,1160,2,7,28,4059
mistral7b,seed0,model.layers.11.self_attn.v_proj,kl,28,5,23,0,0,0,1326,733,877,1160,2,7,28,4059
mistral7b,draw1,model.layers.11.self_attn.v_proj,ce,8,3,5,0,0,0,1314,783,840,1159,1,8,35,4052
mistral7b,draw1,model.layers.11.self_attn.v_proj,kl,35,5,30,0,0,0,1314,783,840,1159,1,8,35,4052
mistral7b,draw2,model.layers.11.self_attn.v_proj,ce,8,2,6,0,0,0,1322,725,860,1189,1,8,35,4052
mistral7b,draw2,model.layers.11.self_attn.v_proj,kl,35,3,32,0,0,0,1322,725,860,1189,1,8,35,4052
mistral7b,draw3,model.layers.11.self_attn.v_proj,ce,9,2,7,0,0,0,1352,775,779,1190,0,9,25,4062
mistral7b,draw3,model.layers.11.self_attn.v_proj,kl,25,7,18,0,0,0,1352,775,779,1190,0,9,25,4062
mistral7b,draw4,model.layers.11.self_attn.v_proj,ce,9,1,8,0,0,0,1296,783,861,1156,2,9,41,4044
mistral7b,draw4,model.layers.11.self_attn.v_proj,kl,41,11,30,0,0,0,1296,783,861,1156,2,9,41,4044
mistral7b,seed0,model.layers.12.mlp.down_proj,ce,96,15,81,0,0,0,17507,11322,11754,16761,2,96,182,57064
mistral7b,seed0,model.layers.12.mlp.down_proj,kl,182,32,150,0,0,0,17507,11322,11754,16761,2,96,182,57064
mistral7b,draw1,model.layers.12.mlp.down_proj,ce,109,19,90,0,0,0,17569,11483,11830,16462,6,109,193,57036
mistral7b,draw1,model.layers.12.mlp.down_proj,kl,193,36,157,0,0,0,17569,11483,11830,16462,6,109,193,57036
mistral7b,draw2,model.layers.12.mlp.down_proj,ce,117,19,98,0,0,0,17545,11337,11701,16761,5,117,158,57064
mistral7b,draw2,model.layers.12.mlp.down_proj,kl,158,22,136,0,0,0,17545,11337,11701,16761,5,117,158,57064
mistral7b,draw3,model.layers.12.mlp.down_proj,ce,104,14,90,0,0,0,17984,10862,11166,17332,0,104,111,57129
mistral7b,draw3,model.layers.12.mlp.down_proj,kl,111,20,91,0,0,0,17984,10862,11166,17332,0,104,111,57129
mistral7b,draw4,model.layers.12.mlp.down_proj,ce,101,18,83,0,0,0,17287,11564,12147,16346,4,101,191,57048
mistral7b,draw4,model.layers.12.mlp.down_proj,kl,191,44,147,0,0,0,17287,11564,12147,16346,4,101,191,57048
mistral7b,seed0,model.layers.12.mlp.gate_proj,ce,108,13,95,0,0,0,17444,11386,11740,16774,4,108,126,57106
mistral7b,seed0,model.layers.12.mlp.gate_proj,kl,126,23,103,0,0,0,17444,11386,11740,16774,4,108,126,57106
mistral7b,draw1,model.layers.12.mlp.gate_proj,ce,107,12,95,0,0,0,17498,11340,11753,16753,5,107,123,57109
mistral7b,draw1,model.layers.12.mlp.gate_proj,kl,123,21,102,0,0,0,17498,11340,11753,16753,5,107,123,57109
mistral7b,draw2,model.layers.12.mlp.gate_proj,ce,100,19,81,0,0,0,17545,11172,11724,16903,2,100,106,57136
mistral7b,draw2,model.layers.12.mlp.gate_proj,kl,106,18,88,0,0,0,17545,11172,11724,16903,2,100,106,57136
mistral7b,draw3,model.layers.12.mlp.gate_proj,ce,104,12,92,0,0,0,17938,10840,11177,17389,1,104,83,57156
mistral7b,draw3,model.layers.12.mlp.gate_proj,kl,83,15,68,0,0,0,17938,10840,11177,17389,1,104,83,57156
mistral7b,draw4,model.layers.12.mlp.gate_proj,ce,105,20,85,0,0,0,17245,11535,12030,16534,4,105,150,57085
mistral7b,draw4,model.layers.12.mlp.gate_proj,kl,150,30,120,0,0,0,17245,11535,12030,16534,4,105,150,57085
mistral7b,seed0,model.layers.12.mlp.up_proj,ce,105,15,90,0,0,0,17612,11254,11775,16703,6,105,211,57022
mistral7b,seed0,model.layers.12.mlp.up_proj,kl,211,43,168,0,0,0,17612,11254,11775,16703,6,105,211,57022
mistral7b,draw1,model.layers.12.mlp.up_proj,ce,110,18,92,0,0,0,17386,11372,11776,16810,7,110,156,57071
mistral7b,draw1,model.layers.12.mlp.up_proj,kl,156,31,125,0,0,0,17386,11372,11776,16810,7,110,156,57071
mistral7b,draw2,model.layers.12.mlp.up_proj,ce,109,13,96,0,0,0,17651,11309,11648,16736,7,109,162,57066
mistral7b,draw2,model.layers.12.mlp.up_proj,kl,162,21,141,0,0,0,17651,11309,11648,16736,7,109,162,57066
mistral7b,draw3,model.layers.12.mlp.up_proj,ce,120,23,97,0,0,0,18059,10803,11256,17226,5,120,101,57118
mistral7b,draw3,model.layers.12.mlp.up_proj,kl,101,15,86,0,0,0,18059,10803,11256,17226,5,120,101,57118
mistral7b,draw4,model.layers.12.mlp.up_proj,ce,123,22,101,0,0,0,17145,11626,12030,16543,4,123,177,57040
mistral7b,draw4,model.layers.12.mlp.up_proj,kl,177,40,137,0,0,0,17145,11626,12030,16543,4,123,177,57040
mistral7b,seed0,model.layers.12.self_attn.k_proj,ce,5,1,4,0,0,0,1256,766,872,1202,0,5,12,4079
mistral7b,seed0,model.layers.12.self_attn.k_proj,kl,12,4,8,0,0,0,1256,766,872,1202,0,5,12,4079
mistral7b,draw1,model.layers.12.self_attn.k_proj,ce,3,0,3,0,0,0,1285,795,836,1180,0,3,15,4078
mistral7b,draw1,model.layers.12.self_attn.k_proj,kl,15,1,14,0,0,0,1285,795,836,1180,0,3,15,4078
mistral7b,draw2,model.layers.12.self_attn.k_proj,ce,8,2,6,0,0,0,1283,762,828,1223,1,8,13,4074
mistral7b,draw2,model.layers.12.self_attn.k_proj,kl,13,1,12,0,0,0,1283,762,828,1223,1,8,13,4074
mistral7b,draw3,model.layers.12.self_attn.k_proj,ce,1,0,1,0,0,0,1307,741,797,1251,0,1,7,4088
mistral7b,draw3,model.layers.12.self_attn.k_proj,kl,7,2,5,0,0,0,1307,741,797,1251,0,1,7,4088
mistral7b,draw4,model.layers.12.self_attn.k_proj,ce,10,2,8,0,0,0,1272,790,868,1166,0,10,9,4077
mistral7b,draw4,model.layers.12.self_attn.k_proj,kl,9,3,6,0,0,0,1272,790,868,1166,0,10,9,4077
mistral7b,seed0,model.layers.12.self_attn.o_proj,ce,47,6,41,0,0,0,5251,3071,3290,4772,9,47,133,16195
mistral7b,seed0,model.layers.12.self_attn.o_proj,kl,133,22,111,0,0,0,5251,3071,3290,4772,9,47,133,16195
mistral7b,draw1,model.layers.12.self_attn.o_proj,ce,44,6,38,0,0,0,5152,3107,3420,4705,7,44,115,16218
mistral7b,draw1,model.layers.12.self_attn.o_proj,kl,115,23,92,0,0,0,5152,3107,3420,4705,7,44,115,16218
mistral7b,draw2,model.layers.12.self_attn.o_proj,ce,66,12,54,0,0,0,5326,3070,3245,4743,10,66,112,16196
mistral7b,draw2,model.layers.12.self_attn.o_proj,kl,112,20,92,0,0,0,5326,3070,3245,4743,10,66,112,16196
mistral7b,draw3,model.layers.12.self_attn.o_proj,ce,62,5,57,0,0,0,5222,3094,3206,4862,2,62,66,16254
mistral7b,draw3,model.layers.12.self_attn.o_proj,kl,66,9,57,0,0,0,5222,3094,3206,4862,2,62,66,16254
mistral7b,draw4,model.layers.12.self_attn.o_proj,ce,51,14,37,0,0,0,5085,3163,3455,4681,3,51,130,16200
mistral7b,draw4,model.layers.12.self_attn.o_proj,kl,130,17,113,0,0,1,5085,3163,3455,4681,3,51,130,16200
mistral7b,seed0,model.layers.12.self_attn.q_proj,ce,32,12,20,0,0,0,4926,3308,3498,4652,2,32,43,16307
mistral7b,seed0,model.layers.12.self_attn.q_proj,kl,43,9,34,0,0,0,4926,3308,3498,4652,2,32,43,16307
mistral7b,draw1,model.layers.12.self_attn.q_proj,ce,26,3,23,0,0,0,4994,3199,3392,4799,1,26,55,16302
mistral7b,draw1,model.layers.12.self_attn.q_proj,kl,55,10,45,0,0,0,4994,3199,3392,4799,1,26,55,16302
mistral7b,draw2,model.layers.12.self_attn.q_proj,ce,28,3,25,0,0,0,5032,3089,3350,4913,1,28,53,16302
mistral7b,draw2,model.layers.12.self_attn.q_proj,kl,53,6,47,0,0,0,5032,3089,3350,4913,1,28,53,16302
mistral7b,draw3,model.layers.12.self_attn.q_proj,ce,10,0,10,0,0,0,5114,3053,3272,4945,2,10,37,16335
mistral7b,draw3,model.layers.12.self_attn.q_proj,kl,37,2,35,0,0,0,5114,3053,3272,4945,2,10,37,16335
mistral7b,draw4,model.layers.12.self_attn.q_proj,ce,28,2,26,0,0,0,4948,3354,3437,4645,0,28,40,16316
mistral7b,draw4,model.layers.12.self_attn.q_proj,kl,40,8,32,0,0,0,4948,3354,3437,4645,0,28,40,16316
mistral7b,seed0,model.layers.12.self_attn.v_proj,ce,9,0,9,0,0,0,1335,755,856,1150,0,9,46,4041
mistral7b,seed0,model.layers.12.self_attn.v_proj,kl,46,5,41,0,0,0,1335,755,856,1150,0,9,46,4041
mistral7b,draw1,model.layers.12.self_attn.v_proj,ce,11,2,9,0,0,0,1345,761,831,1159,0,11,43,4042
mistral7b,draw1,model.layers.12.self_attn.v_proj,kl,43,7,36,0,0,0,1345,761,831,1159,0,11,43,4042
mistral7b,draw2,model.layers.12.self_attn.v_proj,ce,4,1,3,0,0,0,1366,746,821,1163,1,4,33,4058
mistral7b,draw2,model.layers.12.self_attn.v_proj,kl,33,4,29,0,0,0,1366,746,821,1163,1,4,33,4058
mistral7b,draw3,model.layers.12.self_attn.v_proj,ce,4,0,4,0,0,0,1249,779,834,1234,0,4,31,4061
mistral7b,draw3,model.layers.12.self_attn.v_proj,kl,31,7,24,0,0,0,1249,779,834,1234,0,4,31,4061
mistral7b,draw4,model.layers.12.self_attn.v_proj,ce,12,1,11,0,0,0,1324,770,911,1091,1,12,48,4035
mistral7b,draw4,model.layers.12.self_attn.v_proj,kl,48,9,39,0,0,0,1324,770,911,1091,1,12,48,4035
mistral7b,seed0,model.layers.13.mlp.down_proj,ce,112,18,94,0,0,0,17250,11410,12112,16572,4,112,171,57057
mistral7b,seed0,model.layers.13.mlp.down_proj,kl,171,28,143,0,0,0,17250,11410,12112,16572,4,112,171,57057
mistral7b,draw1,model.layers.13.mlp.down_proj,ce,102,17,85,0,0,0,17149,11477,12094,16624,3,102,111,57128
mistral7b,draw1,model.layers.13.mlp.down_proj,kl,111,24,87,0,0,0,17149,11477,12094,16624,3,102,111,57128
mistral7b,draw2,model.layers.13.mlp.down_proj,ce,113,21,92,0,0,0,17489,11401,11764,16690,2,113,124,57105
mistral7b,draw2,model.layers.13.mlp.down_proj,kl,124,20,104,0,0,0,17489,11401,11764,16690,2,113,124,57105
mistral7b,draw3,model.layers.13.mlp.down_proj,ce,89,11,78,0,0,0,18392,10520,10847,17585,3,89,58,57194
mistral7b,draw3,model.layers.13.mlp.down_proj,kl,58,14,44,0,0,0,18392,10520,10847,17585,3,89,58,57194
mistral7b,draw4,model.layers.13.mlp.down_proj,ce,142,29,113,0,0,0,17065,11663,12263,16353,1,142,151,57050
mistral7b,draw4,model.layers.13.mlp.down_proj,kl,151,34,117,0,0,0,17065,11663,12263,16353,1,142,151,57050
mistral7b,seed0,model.layers.13.mlp.gate_proj,ce,103,24,79,0,0,0,17456,11389,11767,16732,0,103,154,57087
mistral7b,seed0,model.layers.13.mlp.gate_proj,kl,154,36,118,0,0,0,17456,11389,11767,16732,0,103,154,57087
mistral7b,draw1,model.layers.13.mlp.gate_proj,ce,91,19,72,0,0,0,17407,11627,11776,16534,2,91,149,57102
mistral7b,draw1,model.layers.13.mlp.gate_proj,kl,149,32,117,0,0,0,17407,11627,11776,16534,2,91,149,57102
mistral7b,draw2,model.layers.13.mlp.gate_proj,ce,113,17,96,0,0,0,17314,11350,11824,16856,1,113,135,57095
mistral7b,draw2,model.layers.13.mlp.gate_proj,kl,135,21,114,0,0,0,17314,11350,11824,16856,1,113,135,57095
mistral7b,draw3,model.layers.13.mlp.gate_proj,ce,95,9,86,0,0,0,17938,10852,11034,17520,2,95,74,57173
mistral7b,draw3,model.layers.13.mlp.gate_proj,kl,74,16,58,0,0,0,17938,10852,11034,17520,2,95,74,57173
mistral7b,draw4,model.layers.13.mlp.gate_proj,ce,112,34,78,0,0,0,17005,11790,12182,16367,4,112,162,57066
mistral7b,draw4,model.layers.13.mlp.gate_proj,kl,162,30,132,0,0,0,17005,11790,12182,16367,4,112,162,57066
mistral7b,seed0,model.layers.13.mlp.up_proj,ce,121,13,108,0,0,0,17346,11383,11771,16844,6,121,228,56989
mistral7b,seed0,model.layers.13.mlp.up_proj,kl,228,42,186,0,0,0,17346,11383,11771,16844,6,121,228,56989
mistral7b,draw1,model.layers.13.mlp.up_proj,ce,108,23,85,0,0,0,17381,11513,11853,16597,5,108,195,57036
mistral7b,draw1,model.layers.13.mlp.up_proj,kl,195,30,165,0,0,0,17381,11513,11853,16597,5,108,195,57036
mistral7b,draw2,model.layers.13.mlp.up_proj,ce,132,17,115,0,0,0,17441,11203,11877,16823,4,132,205,57003
mistral7b,draw2,model.layers.13.mlp.up_proj,kl,205,35,170,0,0,0,17441,11203,11877,16823,4,132,205,57003
mistral7b,draw3,model.layers.13.mlp.up_proj,ce,112,16,96,0,0,0,17993,10731,11224,17396,2,112,101,57129
mistral7b,draw3,model.layers.13.mlp.up_proj,kl,101,17,84,0,0,0,17993,10731,11224,17396,2,112,101,57129
mistral7b,draw4,model.layers.13.mlp.up_proj,ce,126,23,103,0,0,0,17180,11694,11928,16542,8,126,205,57005
mistral7b,draw4,model.layers.13.mlp.up_proj,kl,205,38,167,0,0,0,17180,11694,11928,16542,8,126,205,57005
mistral7b,seed0,model.layers.13.self_attn.k_proj,ce,9,0,9,0,0,0,1279,794,884,1139,0,9,14,4073
mistral7b,seed0,model.layers.13.self_attn.k_proj,kl,14,2,12,0,0,0,1279,794,884,1139,0,9,14,4073
mistral7b,draw1,model.layers.13.self_attn.k_proj,ce,6,0,6,0,0,0,1305,787,844,1160,0,6,16,4074
mistral7b,draw1,model.layers.13.self_attn.k_proj,kl,16,3,13,0,0,0,1305,787,844,1160,0,6,16,4074
mistral7b,draw2,model.layers.13.self_attn.k_proj,ce,7,0,7,0,0,0,1230,790,852,1224,1,7,11,4077
mistral7b,draw2,model.layers.13.self_attn.k_proj,kl,11,1,10,0,0,0,1230,790,852,1224,1,7,11,4077
mistral7b,draw3,model.layers.13.self_attn.k_proj,ce,5,0,5,0,0,0,1320,767,825,1184,0,5,8,4083
mistral7b,draw3,model.layers.13.self_attn.k_proj,kl,8,0,8,0,0,0,1320,767,825,1184,0,5,8,4083
mistral7b,draw4,model.layers.13.self_attn.k_proj,ce,6,3,3,0,0,0,1243,856,825,1172,1,6,14,4075
mistral7b,draw4,model.layers.13.self_attn.k_proj,kl,14,3,11,0,0,0,1243,856,825,1172,1,6,14,4075
mistral7b,seed0,model.layers.13.self_attn.o_proj,ce,34,3,31,0,0,0,5148,3157,3406,4673,1,34,64,16285
mistral7b,seed0,model.layers.13.self_attn.o_proj,kl,64,12,52,0,0,0,5148,3157,3406,4673,1,34,64,16285
mistral7b,draw1,model.layers.13.self_attn.o_proj,ce,29,7,22,0,0,0,5153,3181,3470,4580,4,29,71,16280
mistral7b,draw1,model.layers.13.self_attn.o_proj,kl,71,7,64,0,0,0,5153,3181,3470,4580,4,29,71,16280
mistral7b,draw2,model.layers.13.self_attn.o_proj,ce,45,8,37,0,0,0,5134,3190,3385,4675,4,45,60,16275
mistral7b,draw2,model.layers.13.self_attn.o_proj,kl,60,8,52,0,0,0,5134,3190,3385,4675,4,45,60,16275
mistral7b,draw3,model.layers.13.self_attn.o_proj,ce,31,0,31,0,0,0,5243,2975,3294,4872,0,31,29,16324
mistral7b,draw3,model.layers.13.self_attn.o_proj,kl,29,6,23,0,0,0,5243,2975,3294,4872,0,31,29,16324
mistral7b,draw4,model.layers.13.self_attn.o_proj,ce,32,2,30,0,0,0,5076,3183,3489,4636,1,32,78,16273
mistral7b,draw4,model.layers.13.self_attn.o_proj,kl,78,14,64,0,0,0,5076,3183,3489,4636,1,32,78,16273
mistral7b,seed0,model.layers.13.self_attn.q_proj,ce,34,8,26,0,0,0,4999,3293,3347,4745,1,34,42,16307
mistral7b,seed0,model.layers.13.self_attn.q_proj,kl,42,9,33,0,0,0,4999,3293,3347,4745,1,34,42,16307
mistral7b,draw1,model.layers.13.self_attn.q_proj,ce,29,3,26,0,0,0,5067,3207,3405,4705,4,29,42,16309
mistral7b,draw1,model.layers.13.self_attn.q_proj,kl,42,4,38,0,0,0,5067,3207,3405,4705,4,29,42,16309
mistral7b,draw2,model.layers.13.self_attn.q_proj,ce,37,2,35,0,0,0,5018,3229,3342,4795,0,37,32,16315
mistral7b,draw2,model.layers.13.self_attn.q_proj,kl,32,6,26,0,0,0,5018,3229,3342,4795,0,37,32,16315
mistral7b,draw3,model.layers.13.self_attn.q_proj,ce,29,1,28,0,0,0,5138,3052,3276,4918,1,29,39,16315
mistral7b,draw3,model.layers.13.self_attn.q_proj,kl,39,11,28,0,0,0,5138,3052,3276,4918,1,29,39,16315
mistral7b,draw4,model.layers.13.self_attn.q_proj,ce,32,4,28,0,0,0,5023,3149,3358,4854,7,32,53,16292
mistral7b,draw4,model.layers.13.self_attn.q_proj,kl,53,6,47,0,0,0,5023,3149,3358,4854,7,32,53,16292
mistral7b,seed0,model.layers.13.self_attn.v_proj,ce,8,2,6,0,0,0,1287,804,836,1169,0,8,35,4053
mistral7b,seed0,model.layers.13.self_attn.v_proj,kl,35,8,27,0,0,0,1287,804,836,1169,0,8,35,4053
mistral7b,draw1,model.layers.13.self_attn.v_proj,ce,9,1,8,0,0,0,1318,764,867,1147,2,9,36,4049
mistral7b,draw1,model.layers.13.self_attn.v_proj,kl,36,3,33,0,0,0,1318,764,867,1147,2,9,36,4049
mistral7b,draw2,model.layers.13.self_attn.v_proj,ce,12,2,10,0,0,0,1336,742,849,1169,0,12,32,4052
mistral7b,draw2,model.layers.13.self_attn.v_proj,kl,32,4,28,0,0,0,1336,742,849,1169,0,12,32,4052
mistral7b,draw3,model.layers.13.self_attn.v_proj,ce,5,2,3,0,0,0,1400,721,790,1185,1,5,16,4074
mistral7b,draw3,model.layers.13.self_attn.v_proj,kl,16,4,12,0,0,0,1400,721,790,1185,1,5,16,4074
mistral7b,draw4,model.layers.13.self_attn.v_proj,ce,17,1,16,0,0,0,1279,832,909,1076,0,17,43,4036
mistral7b,draw4,model.layers.13.self_attn.v_proj,kl,43,6,37,0,0,0,1279,832,909,1076,0,17,43,4036
mistral7b,seed0,model.layers.14.mlp.down_proj,ce,122,22,100,0,0,0,17396,11317,11954,16677,13,122,257,56952
mistral7b,seed0,model.layers.14.mlp.down_proj,kl,257,50,207,0,0,0,17396,11317,11954,16677,13,122,257,56952
mistral7b,draw1,model.layers.14.mlp.down_proj,ce,115,14,101,0,0,0,17274,11490,11868,16712,20,115,235,56974
mistral7b,draw1,model.layers.14.mlp.down_proj,kl,235,54,181,0,0,0,17274,11490,11868,16712,20,115,235,56974
mistral7b,draw2,model.layers.14.mlp.down_proj,ce,130,24,106,0,0,0,17492,11217,11617,17018,27,130,180,57007
mistral7b,draw2,model.layers.14.mlp.down_proj,kl,180,26,154,0,0,0,17492,11217,11617,17018,27,130,180,57007
mistral7b,draw3,model.layers.14.mlp.down_proj,ce,105,13,92,0,0,0,18570,10278,10688,17808,18,105,118,57103
mistral7b,draw3,model.layers.14.mlp.down_proj,kl,118,19,99,0,0,0,18570,10278,10688,17808,18,105,118,57103
mistral7b,draw4,model.layers.14.mlp.down_proj,ce,111,26,85,0,0,0,17204,11682,12191,16267,16,111,235,56982
mistral7b,draw4,model.layers.14.mlp.down_proj,kl,235,49,186,0,0,0,17204,11682,12191,16267,16,111,235,56982
mistral7b,seed0,model.layers.14.mlp.gate_proj,ce,113,21,92,0,0,0,17355,11290,12071,16628,5,113,161,57065
mistral7b,seed0,model.layers.14.mlp.gate_proj,kl,161,39,122,0,0,0,17355,11290,12071,16628,5,113,161,57065
mistral7b,draw1,model.layers.14.mlp.gate_proj,ce,102,15,87,0,0,0,17309,11536,11973,16526,6,102,159,57077
mistral7b,draw1,model.layers.14.mlp.gate_proj,kl,159,27,132,0,0,0,17309,11536,11973,16526,6,102,159,57077
mistral7b,draw2,model.layers.14.mlp.gate_proj,ce,117,22,95,0,0,0,17432,11480,11769,16663,4,117,145,57078
mistral7b,draw2,model.layers.14.mlp.gate_proj,kl,145,28,117,0,0,0,17432,11480,11769,16663,4,117,145,57078
mistral7b,draw3,model.layers.14.mlp.gate_proj,ce,79,10,69,0,0,0,18201,10540,10895,17708,2,79,70,57193
mistral7b,draw3,model.layers.14.mlp.gate_proj,kl,70,15,55,0,0,0,18201,10540,10895,17708,2,79,70,57193
mistral7b,draw4,model.layers.14.mlp.gate_proj,ce,121,26,95,0,0,0,17150,11721,12002,16471,6,121,166,57051
mistral7b,draw4,model.layers.14.mlp.gate_proj,kl,166,32,134,0,0,0,17150,11721,12002,16471,6,121,166,57051
mistral7b,seed0,model.layers.14.mlp.up_proj,ce,119,19,100,0,0,1,17508,11281,11805,16750,3,119,211,57011
mistral7b,seed0,model.layers.14.mlp.up_proj,kl,211,22,189,0,0,0,17508,11281,11805,16750,3,119,211,57011
mistral7b,draw1,model.layers.14.mlp.up_proj,ce,104,17,87,0,0,0,17293,11464,11925,16662,2,104,224,57014
mistral7b,draw1,model.layers.14.mlp.up_proj,kl,224,44,180,0,0,0,17293,11464,11925,16662,2,104,224,57014
mistral7b,draw2,model.layers.14.mlp.up_proj,ce,108,15,93,0,0,0,17570,11333,11625,16816,2,108,179,57055
mistral7b,draw2,model.layers.14.mlp.up_proj,kl,179,40,139,0,0,0,17570,11333,11625,16816,2,108,179,57055
mistral7b,draw3,model.layers.14.mlp.up_proj,ce,93,14,79,0,0,0,18042,10747,10886,17669,3,93,100,57148
mistral7b,draw3,model.layers.14.mlp.up_proj,kl,100,18,82,0,0,0,18042,10747,10886,17669,3,93,100,57148
mistral7b,draw4,model.layers.14.mlp.up_proj,ce,122,26,96,0,0,0,17187,11668,11991,16498,4,122,261,56957
mistral7b,draw4,model.layers.14.mlp.up_proj,kl,261,61,200,0,0,0,17187,11668,11991,16498,4,122,261,56957
mistral7b,seed0,model.layers.14.self_attn.k_proj,ce,5,1,4,0,0,0,1304,792,858,1142,0,5,13,4078
mistral7b,seed0,model.layers.14.self_attn.k_proj,kl,13,3,10,0,0,0,1304,792,858,1142,0,5,13,4078
mistral7b,draw1,model.layers.14.self_attn.k_proj,ce,5,0,5,0,0,0,1275,788,854,1179,0,5,12,4079
mistral7b,draw1,model.layers.14.self_attn.k_proj,kl,12,2,10,0,0,0,1275,788,854,1179,0,5,12,4079
mistral7b,draw2,model.layers.14.self_attn.k_proj,ce,7,2,5,0,0,0,1289,817,850,1140,0,7,19,4070
mistral7b,draw2,model.layers.14.self_attn.k_proj,kl,19,5,14,0,0,0,1289,817,850,1140,0,7,19,4070
mistral7b,draw3,model.layers.14.self_attn.k_proj,ce,6,1,5,0,0,0,1300,779,793,1224,0,6,10,4080
mistral7b,draw3,model.layers.14.self_attn.k_proj,kl,10,0,10,0,0,0,1300,779,793,1224,0,6,10,4080
mistral7b,draw4,model.layers.14.self_attn.k_proj,ce,4,1,3,0,0,0,1233,807,923,1133,0,4,14,4078
mistral7b,draw4,model.layers.14.self_attn.k_proj,kl,14,1,13,0,0,0,1233,807,923,1133,0,4,14,4078
mistral7b,seed0,model.layers.14.self_attn.o_proj,ce,37,7,30,0,0,0,5102,3201,3432,4649,5,37,97,16245
mistral7b,seed0,model.layers.14.self_attn.o_proj,kl,97,15,82,0,0,0,5102,3201,3432,4649,5,37,97,16245
mistral7b,draw1,model.layers.14.self_attn.o_proj,ce,39,9,30,0,0,0,5247,3176,3384,4577,2,39,91,16252
mistral7b,draw1,model.layers.14.self_attn.o_proj,kl,91,20,71,0,0,0,5247,3176,3384,4577,2,39,91,16252
mistral7b,draw2,model.layers.14.self_attn.o_proj,ce,39,5,34,0,0,0,5196,3076,3434,4678,3,39,85,16257
mistral7b,draw2,model.layers.14.self_attn.o_proj,kl,85,22,63,0,0,0,5196,3076,3434,4678,3,39,85,16257
mistral7b,draw3,model.layers.14.self_attn.o_proj,ce,30,4,26,0,0,0,5360,3048,3135,4841,2,30,42,16310
mistral7b,draw3,model.layers.14.self_attn.o_proj,kl,42,12,30,0,0,0,5360,3048,3135,4841,2,30,42,16310
mistral7b,draw4,model.layers.14.self_attn.o_proj,ce,46,11,35,0,0,0,5007,3246,3542,4589,5,46,92,16241
mistral7b,draw4,model.layers.14.self_attn.o_proj,kl,92,16,76,0,0,0,5007,3246,3542,4589,5,46,92,16241
mistral7b,seed0,model.layers.14.self_attn.q_proj,ce,25,6,19,0,0,0,4940,3306,3500,4638,2,25,63,16294
mistral7b,seed0,model.layers.14.self_attn.q_proj,kl,63,19,44,0,0,0,4940,3306,3500,4638,2,25,63,16294
mistral7b,draw1,model.layers.14.self_attn.q_proj,ce,42,7,35,0,0,0,5070,3175,3353,4786,1,42,43,16298
mistral7b,draw1,model.layers.14.self_attn.q_proj,kl,43,9,34,0,0,0,5070,3175,3353,4786,1,42,43,16298
mistral7b,draw2,model.layers.14.self_attn.q_proj,ce,29,9,20,0,0,0,4999,3200,3409,4776,0,29,67,16288
mistral7b,draw2,model.layers.14.self_attn.q_proj,kl,67,12,55,0,0,0,4999,3200,3409,4776,0,29,67,16288
mistral7b,draw3,model.layers.14.self_attn.q_proj,ce,38,7,31,0,0,0,5130,3148,3236,4870,0,38,34,16312
mistral7b,draw3,model.layers.14.self_attn.q_proj,kl,34,4,30,0,0,0,5130,3148,3236,4870,0,38,34,16312
mistral7b,draw4,model.layers.14.self_attn.q_proj,ce,32,7,25,0,0,0,4908,3270,3500,4706,0,32,76,16276
mistral7b,draw4,model.layers.14.self_attn.q_proj,kl,76,15,61,0,0,0,4908,3270,3500,4706,0,32,76,16276
mistral7b,seed0,model.layers.14.self_attn.v_proj,ce,13,2,11,0,0,0,1292,740,913,1151,0,13,57,4026
mistral7b,seed0,model.layers.14.self_attn.v_proj,kl,57,11,46,0,0,0,1292,740,913,1151,0,13,57,4026
mistral7b,draw1,model.layers.14.self_attn.v_proj,ce,10,0,10,0,0,0,1312,788,870,1126,1,10,50,4035
mistral7b,draw1,model.layers.14.self_attn.v_proj,kl,50,11,39,0,0,0,1312,788,870,1126,1,10,50,4035
mistral7b,draw2,model.layers.14.self_attn.v_proj,ce,16,3,13,0,0,0,1360,772,834,1130,3,16,62,4015
mistral7b,draw2,model.layers.14.self_attn.v_proj,kl,62,10,52,0,0,0,1360,772,834,1130,3,16,62,4015
mistral7b,draw3,model.layers.14.self_attn.v_proj,ce,9,1,8,0,0,0,1375,701,787,1233,3,9,36,4048
mistral7b,draw3,model.layers.14.self_attn.v_proj,kl,36,5,31,0,0,0,1375,701,787,1233,3,9,36,4048
mistral7b,draw4,model.layers.14.self_attn.v_proj,ce,8,0,8,0,0,0,1296,787,885,1128,4,8,47,4037
mistral7b,draw4,model.layers.14.self_attn.v_proj,kl,47,4,43,0,0,0,1296,787,885,1128,4,8,47,4037
mistral7b,seed0,model.layers.15.mlp.down_proj,ce,103,23,80,0,0,0,17545,11371,12011,16417,0,103,154,57087
mistral7b,seed0,model.layers.15.mlp.down_proj,kl,154,24,130,0,0,0,17545,11371,12011,16417,0,103,154,57087
mistral7b,draw1,model.layers.15.mlp.down_proj,ce,98,18,80,0,0,0,17536,11395,11810,16603,2,98,142,57102
mistral7b,draw1,model.layers.15.mlp.down_proj,kl,142,31,111,0,0,0,17536,11395,11810,16603,2,98,142,57102
mistral7b,draw2,model.layers.15.mlp.down_proj,ce,113,21,92,0,0,0,17521,11262,11784,16777,2,113,89,57140
mistral7b,draw2,model.layers.15.mlp.down_proj,kl,89,15,74,0,0,0,17521,11262,11784,16777,2,113,89,57140
mistral7b,draw3,model.layers.15.mlp.down_proj,ce,94,6,88,0,0,0,18777,10217,10436,17914,3,94,56,57191
mistral7b,draw3,model.layers.15.mlp.down_proj,kl,56,14,42,0,0,0,18777,10217,10436,17914,3,94,56,57191
mistral7b,draw4,model.layers.15.mlp.down_proj,ce,104,26,78,0,0,0,17322,11546,12087,16389,3,104,125,57112
mistral7b,draw4,model.layers.15.mlp.down_proj,kl,125,33,92,0,0,0,17322,11546,12087,16389,3,104,125,57112
mistral7b,seed0,model.layers.15.mlp.gate_proj,ce,96,19,77,0,0,0,17360,11483,12073,16428,3,96,141,57104
mistral7b,seed0,model.layers.15.mlp.gate_proj,kl,141,27,114,0,0,0,17360,11483,12073,16428,3,96,141,57104
mistral7b,draw1,model.layers.15.mlp.gate_proj,ce,97,18,79,0,0,0,17245,11523,12205,16371,1,97,122,57124
mistral7b,draw1,model.layers.15.mlp.gate_proj,kl,122,29,93,0,0,0,17245,11523,12205,16371,1,97,122,57124
mistral7b,draw2,model.layers.15.mlp.gate_proj,ce,106,17,89,0,0,0,17391,11523,11616,16814,2,106,117,57119
mistral7b,draw2,model.layers.15.mlp.gate_proj,kl,117,27,90,0,0,0,17391,11523,11616,16814,2,106,117,57119
mistral7b,draw3,model.layers.15.mlp.gate_proj,ce,77,13,64,0,0,0,18411,10552,10541,17840,0,77,47,57220
mistral7b,draw3,model.layers.15.mlp.gate_proj,kl,47,9,38,0,0,0,18411,10552,10541,17840,0,77,47,57220
mistral7b,draw4,model.layers.15.mlp.gate_proj,ce,118,18,100,0,0,0,17228,11714,12261,16141,5,118,165,57056
mistral7b,draw4,model.layers.15.mlp.gate_proj,kl,165,28,137,0,0,0,17228,11714,12261,16141,5,118,165,57056
mistral7b,seed0,model.layers.15.mlp.up_proj,ce,103,15,88,0,0,0,17459,11322,11749,16814,1,103,169,57071
mistral7b,seed0,model.layers.15.mlp.up_proj,kl,169,25,144,0,0,0,17459,11322,11749,16814,1,103,169,57071
mistral7b,draw1,model.layers.15.mlp.up_proj,ce,101,17,84,0,0,0,17360,11414,11942,16628,5,101,174,57064
mistral7b,draw1,model.layers.15.mlp.up_proj,kl,174,36,138,0,0,0,17360,11414,11942,16628,5,101,174,57064
mistral7b,draw2,model.layers.15.mlp.up_proj,ce,110,13,97,0,0,0,17598,11266,11693,16787,0,110,135,57099
mistral7b,draw2,model.layers.15.mlp.up_proj,kl,135,23,112,0,0,0,17598,11266,11693,16787,0,110,135,57099
mistral7b,draw3,model.layers.15.mlp.up_proj,ce,103,21,82,0,0,0,18299,10629,10826,17590,1,103,80,57160
mistral7b,draw3,model.layers.15.mlp.up_proj,kl,80,12,68,0,0,0,18299,10629,10826,17590,1,103,80,57160
mistral7b,draw4,model.layers.15.mlp.up_proj,ce,101,14,87,0,0,0,17244,11671,12031,16398,1,101,190,57052
mistral7b,draw4,model.layers.15.mlp.up_proj,kl,190,38,152,0,0,0,17244,11671,12031,16398,1,101,190,57052
mistral7b,seed0,model.layers.15.self_attn.k_proj,ce,3,1,2,0,0,0,1234,824,868,1170,0,3,7,4086
mistral7b,seed0,model.layers.15.self_attn.k_proj,kl,7,3,4,0,0,0,1234,824,868,1170,0,3,7,4086
mistral7b,draw1,model.layers.15.self_attn.k_proj,ce,7,0,7,0,0,0,1263,812,856,1165,0,7,17,4072
mistral7b,draw1,model.layers.15.self_attn.k_proj,kl,17,2,15,0,0,0,1263,812,856,1165,0,7,17,4072
mistral7b,draw2,model.layers.15.self_attn.k_proj,ce,6,0,6,0,0,0,1261,787,887,1161,0,6,12,4078
mistral7b,draw2,model.layers.15.self_attn.k_proj,kl,12,1,11,0,0,0,1261,787,887,1161,0,6,12,4078
mistral7b,draw3,model.layers.15.self_attn.k_proj,ce,9,2,7,0,0,0,1294,761,808,1233,0,9,7,4080
mistral7b,draw3,model.layers.15.self_attn.k_proj,kl,7,1,6,0,0,0,1294,761,808,1233,0,9,7,4080
mistral7b,draw4,model.layers.15.self_attn.k_proj,ce,5,1,4,0,0,0,1237,906,862,1091,0,5,13,4078
mistral7b,draw4,model.layers.15.self_attn.k_proj,kl,13,4,9,0,0,0,1237,906,862,1091,0,5,13,4078
mistral7b,seed0,model.layers.15.self_attn.o_proj,ce,43,9,34,0,0,0,5116,3207,3421,4640,4,43,126,16211
mistral7b,seed0,model.layers.15.self_attn.o_proj,kl,126,23,103,0,0,0,5116,3207,3421,4640,4,43,126,16211
mistral7b,draw1,model.layers.15.self_attn.o_proj,ce,44,7,37,0,0,0,5232,3170,3322,4660,6,44,95,16239
mistral7b,draw1,model.layers.15.self_attn.o_proj,kl,95,12,83,0,0,0,5232,3170,3322,4660,6,44,95,16239
mistral7b,draw2,model.layers.15.self_attn.o_proj,ce,49,14,35,0,0,0,5055,3204,3338,4787,1,49,89,16245
mistral7b,draw2,model.layers.15.self_attn.o_proj,kl,89,14,75,0,0,0,5055,3204,3338,4787,1,49,89,16245
mistral7b,draw3,model.layers.15.self_attn.o_proj,ce,24,6,18,0,0,0,5395,2916,3071,5002,3,24,44,16313
mistral7b,draw3,model.layers.15.self_attn.o_proj,kl,44,3,41,0,0,0,5395,2916,3071,5002,3,24,44,16313
mistral7b,draw4,model.layers.15.self_attn.o_proj,ce,26,4,22,0,0,0,5137,3116,3511,4620,5,26,114,16239
mistral7b,draw4,model.layers.15.self_attn.o_proj,kl,114,26,88,0,0,0,5137,3116,3511,4620,5,26,114,16239
mistral7b,seed0,model.layers.15.self_attn.q_proj,ce,31,4,27,0,0,0,5022,3204,3360,4798,1,31,56,16296
mistral7b,seed0,model.layers.15.self_attn.q_proj,kl,56,10,46,0,0,0,5022,3204,3360,4798,1,31,56,16296
mistral7b,draw1,model.layers.15.self_attn.q_proj,ce,39,13,26,0,0,0,4936,3304,3395,4749,1,39,47,16297
mistral7b,draw1,model.layers.15.self_attn.q_proj,kl,47,7,40,0,0,1,4936,3304,3395,4749,1,39,47,16297
mistral7b,draw2,model.layers.15.self_attn.q_proj,ce,25,4,21,0,0,0,4969,3219,3405,4791,1,25,61,16297
mistral7b,draw2,model.layers.15.self_attn.q_proj,kl,61,6,55,0,0,1,4969,3219,3405,4791,1,25,61,16297
mistral7b,draw3,model.layers.15.self_attn.q_proj,ce,27,3,24,0,0,0,5246,3001,3127,5010,0,27,24,16333
mistral7b,draw3,model.layers.15.self_attn.q_proj,kl,24,5,19,0,0,0,5246,3001,3127,5010,0,27,24,16333
mistral7b,draw4,model.layers.15.self_attn.q_proj,ce,22,5,17,0,0,0,5010,3314,3462,4598,0,22,56,16306
mistral7b,draw4,model.layers.15.self_attn.q_proj,kl,56,14,42,0,0,0,5010,3314,3462,4598,0,22,56,16306
mistral7b,seed0,model.layers.15.self_attn.v_proj,ce,15,4,11,0,0,0,1344,746,853,1153,2,15,51,4028
mistral7b,seed0,model.layers.15.self_attn.v_proj,kl,51,7,44,0,0,0,1344,746,853,1153,2,15,51,4028
mistral7b,draw1,model.layers.15.self_attn.v_proj,ce,8,1,7,0,0,0,1345,744,878,1129,1,8,56,4031
mistral7b,draw1,model.layers.15.self_attn.v_proj,kl,56,16,40,0,0,0,1345,744,878,1129,1,8,56,4031
mistral7b,draw2,model.layers.15.self_attn.v_proj,ce,19,5,14,0,0,0,1344,764,884,1104,1,19,44,4032
mistral7b,draw2,model.layers.15.self_attn.v_proj,kl,44,7,37,0,0,0,1344,764,884,1104,1,19,44,4032
mistral7b,draw3,model.layers.15.self_attn.v_proj,ce,13,2,11,0,0,0,1355,728,802,1211,1,13,19,4063
mistral7b,draw3,model.layers.15.self_attn.v_proj,kl,19,3,16,0,0,0,1355,728,802,1211,1,13,19,4063
mistral7b,draw4,model.layers.15.self_attn.v_proj,ce,17,0,17,0,0,0,1318,750,868,1160,3,17,48,4028
mistral7b,draw4,model.layers.15.self_attn.v_proj,kl,48,11,37,0,0,0,1318,750,868,1160,3,17,48,4028
mistral7b,seed0,model.layers.16.mlp.down_proj,ce,113,15,98,0,0,0,17626,11250,11811,16657,5,113,166,57060
mistral7b,seed0,model.layers.16.mlp.down_proj,kl,166,31,135,0,0,0,17626,11250,11811,16657,5,113,166,57060
mistral7b,draw1,model.layers.16.mlp.down_proj,ce,103,20,83,0,0,0,17617,11192,11901,16634,2,103,136,57103
mistral7b,draw1,model.layers.16.mlp.down_proj,kl,136,23,113,0,0,0,17617,11192,11901,16634,2,103,136,57103
mistral7b,draw2,model.layers.16.mlp.down_proj,ce,117,25,92,0,0,0,17916,10926,11533,16969,2,117,77,57148
mistral7b,draw2,model.layers.16.mlp.down_proj,kl,77,19,58,0,0,0,17916,10926,11533,16969,2,117,77,57148
mistral7b,draw3,model.layers.16.mlp.down_proj,ce,84,10,74,0,0,0,19276,9948,10160,17960,1,84,47,57212
mistral7b,draw3,model.layers.16.mlp.down_proj,kl,47,6,41,0,0,0,19276,9948,10160,17960,1,84,47,57212
mistral7b,draw4,model.layers.16.mlp.down_proj,ce,105,23,82,0,0,0,17440,11401,12112,16391,2,105,139,57098
mistral7b,draw4,model.layers.16.mlp.down_proj,kl,139,24,115,0,0,0,17440,11401,12112,16391,2,105,139,57098
mistral7b,seed0,model.layers.16.mlp.gate_proj,ce,112,28,84,0,0,0,17372,11503,11790,16679,3,112,148,57081
mistral7b,seed0,model.layers.16.mlp.gate_proj,kl,148,30,118,0,0,0,17372,11503,11790,16679,3,112,148,57081
mistral7b,draw1,model.layers.16.mlp.gate_proj,ce,98,22,76,0,0,0,17353,11408,11910,16673,1,98,119,57126
mistral7b,draw1,model.layers.16.mlp.gate_proj,kl,119,29,90,0,0,0,17353,11408,11910,16673,1,98,119,57126
mistral7b,draw2,model.layers.16.mlp.gate_proj,ce,84,18,66,0,0,0,17676,11331,11580,16757,1,84,95,57164
mistral7b,draw2,model.layers.16.mlp.gate_proj,kl,95,14,81,0,0,0,17676,11331,11580,16757,1,84,95,57164
mistral7b,draw3,model.layers.16.mlp.gate_proj,ce,102,13,89,0,0,0,18827,10048,10538,17931,2,102,38,57202
mistral7b,draw3,model.layers.16.mlp.gate_proj,kl,38,7,31,0,0,0,18827,10048,10538,17931,2,102,38,57202
mistral7b,draw4,model.layers.16.mlp.gate_proj,ce,102,15,87,0,0,0,16941,11882,12157,16364,1,102,134,57107
mistral7b,draw4,model.layers.16.mlp.gate_proj,kl,134,27,107,0,0,0,16941,11882,12157,16364,1,102,134,57107
mistral7b,seed0,model.layers.16.mlp.up_proj,ce,106,19,87,0,0,0,17327,11373,11830,16814,6,106,161,57071
mistral7b,seed0,model.layers.16.mlp.up_proj,kl,161,34,127,0,0,0,17327,11373,11830,16814,6,106,161,57071
mistral7b,draw1,model.layers.16.mlp.up_proj,ce,108,22,86,0,0,0,17428,11357,11976,16583,7,108,157,57072
mistral7b,draw1,model.layers.16.mlp.up_proj,kl,157,34,123,0,0,0,17428,11357,11976,16583,7,108,157,57072
mistral7b,draw2,model.layers.16.mlp.up_proj,ce,131,24,107,0,0,0,17652,11012,11556,17124,5,131,115,57093
mistral7b,draw2,model.layers.16.mlp.up_proj,kl,115,25,90,0,0,0,17652,11012,11556,17124,5,131,115,57093
mistral7b,draw3,model.layers.16.mlp.up_proj,ce,74,12,62,0,0,0,18470,10283,10578,18013,2,74,63,57205
mistral7b,draw3,model.layers.16.mlp.up_proj,kl,63,8,55,0,0,0,18470,10283,10578,18013,2,74,63,57205
mistral7b,draw4,model.layers.16.mlp.up_proj,ce,93,11,82,0,0,0,17167,11519,12219,16439,4,93,172,57075
mistral7b,draw4,model.layers.16.mlp.up_proj,kl,172,35,137,0,0,0,17167,11519,12219,16439,4,93,172,57075
mistral7b,seed0,model.layers.16.self_attn.k_proj,ce,6,1,5,0,0,0,1285,836,827,1148,0,6,20,4070
mistral7b,seed0,model.layers.16.self_attn.k_proj,kl,20,5,15,0,0,0,1285,836,827,1148,0,6,20,4070
mistral7b,draw1,model.layers.16.self_attn.k_proj,ce,6,1,5,0,0,0,1261,775,837,1223,0,6,23,4067
mistral7b,draw1,model.layers.16.self_attn.k_proj,kl,23,8,15,0,0,0,1261,775,837,1223,0,6,23,4067
mistral7b,draw2,model.layers.16.self_attn.k_proj,ce,14,2,12,0,0,0,1299,800,834,1163,0,14,15,4067
mistral7b,draw2,model.layers.16.self_attn.k_proj,kl,15,4,11,0,0,0,1299,800,834,1163,0,14,15,4067
mistral7b,draw3,model.layers.16.self_attn.k_proj,ce,4,2,2,0,0,0,1284,788,809,1215,0,4,9,4083
mistral7b,draw3,model.layers.16.self_attn.k_proj,kl,9,0,9,0,0,0,1284,788,809,1215,0,4,9,4083
mistral7b,draw4,model.layers.16.self_attn.k_proj,ce,12,0,12,0,0,0,1227,783,930,1156,1,12,19,4064
mistral7b,draw4,model.layers.16.self_attn.k_proj,kl,19,3,16,0,0,0,1227,783,930,1156,1,12,19,4064
mistral7b,seed0,model.layers.16.self_attn.o_proj,ce,33,7,26,0,0,0,5008,3168,3500,4708,0,33,80,16271
mistral7b,seed0,model.layers.16.self_attn.o_proj,kl,80,13,67,0,0,0,5008,3168,3500,4708,0,33,80,16271
mistral7b,draw1,model.layers.16.self_attn.o_proj,ce,25,2,23,0,0,0,5102,3196,3381,4705,2,25,77,16280
mistral7b,draw1,model.layers.16.self_attn.o_proj,kl,77,14,63,0,0,0,5102,3196,3381,4705,2,25,77,16280
mistral7b,draw2,model.layers.16.self_attn.o_proj,ce,30,5,25,0,0,0,5114,3185,3327,4758,3,30,69,16282
mistral7b,draw2,model.layers.16.self_attn.o_proj,kl,69,17,52,0,0,0,5114,3185,3327,4758,3,30,69,16282
mistral7b,draw3,model.layers.16.self_attn.o_proj,ce,40,9,31,0,0,0,5343,2994,3051,4996,0,40,55,16289
mistral7b,draw3,model.layers.16.self_attn.o_proj,kl,55,5,50,0,0,0,5343,2994,3051,4996,0,40,55,16289
mistral7b,draw4,model.layers.16.self_attn.o_proj,ce,40,5,35,0,0,0,5021,3203,3585,4575,2,40,84,16258
mistral7b,draw4,model.layers.16.self_attn.o_proj,kl,84,18,66,0,0,0,5021,3203,3585,4575,2,40,84,16258
mistral7b,seed0,model.layers.16.self_attn.q_proj,ce,19,3,16,0,0,0,4996,3195,3428,4765,0,19,31,16334
mistral7b,seed0,model.layers.16.self_attn.q_proj,kl,31,8,23,0,0,0,4996,3195,3428,4765,0,19,31,16334
mistral7b,draw1,model.layers.16.self_attn.q_proj,ce,26,4,22,0,0,0,5040,3338,3334,4672,1,26,56,16301
mistral7b,draw1,model.layers.16.self_attn.q_proj,kl,56,7,49,0,0,0,5040,3338,3334,4672,1,26,56,16301
mistral7b,draw2,model.layers.16.self_attn.q_proj,ce,36,9,27,0,0,0,5009,3340,3412,4623,2,36,34,16312
mistral7b,draw2,model.layers.16.self_attn.q_proj,kl,34,7,27,0,0,0,5009,3340,3412,4623,2,36,34,16312
mistral7b,draw3,model.layers.16.self_attn.q_proj,ce,32,7,25,0,0,0,5218,3060,3173,4933,0,32,36,16316
mistral7b,draw3,model.layers.16.self_attn.q_proj,kl,36,5,31,0,0,0,5218,3060,3173,4933,0,32,36,16316
mistral7b,draw4,model.layers.16.self_attn.q_proj,ce,32,7,25,0,0,0,4945,3314,3545,4580,1,32,58,16293
mistral7b,draw4,model.layers.16.self_attn.q_proj,kl,58,13,45,0,0,0,4945,3314,3545,4580,1,32,58,16293
mistral7b,seed0,model.layers.16.self_attn.v_proj,ce,9,3,6,0,0,0,1317,794,868,1117,2,9,34,4051
mistral7b,seed0,model.layers.16.self_attn.v_proj,kl,34,7,27,0,0,0,1317,794,868,1117,2,9,34,4051
mistral7b,draw1,model.layers.16.self_attn.v_proj,ce,9,1,8,0,0,0,1348,786,855,1107,1,9,36,4050
mistral7b,draw1,model.layers.16.self_attn.v_proj,kl,36,5,31,0,0,0,1348,786,855,1107,1,9,36,4050
mistral7b,draw2,model.layers.16.self_attn.v_proj,ce,11,1,10,0,0,0,1317,815,822,1142,0,11,27,4058
mistral7b,draw2,model.layers.16.self_attn.v_proj,kl,27,2,25,0,0,0,1317,815,822,1142,0,11,27,4058
mistral7b,draw3,model.layers.16.self_attn.v_proj,ce,8,2,6,0,0,0,1385,711,787,1213,1,8,17,4070
mistral7b,draw3,model.layers.16.self_attn.v_proj,kl,17,4,13,0,0,0,1385,711,787,1213,1,8,17,4070
mistral7b,draw4,model.layers.16.self_attn.v_proj,ce,9,4,5,0,0,0,1352,771,857,1116,0,9,38,4049
mistral7b,draw4,model.layers.16.self_attn.v_proj,kl,38,6,32,0,0,0,1352,771,857,1116,0,9,38,4049
mistral7b,seed0,model.layers.17.mlp.down_proj,ce,121,15,106,0,0,0,17682,11161,11655,16846,3,121,162,57058
mistral7b,seed0,model.layers.17.mlp.down_proj,kl,162,25,137,0,0,0,17682,11161,11655,16846,3,121,162,57058
mistral7b,draw1,model.layers.17.mlp.down_proj,ce,122,27,95,0,0,0,17654,11480,11604,16606,3,122,127,57092
mistral7b,draw1,model.layers.17.mlp.down_proj,kl,127,29,98,0,0,0,17654,11480,11604,16606,3,122,127,57092
mistral7b,draw2,model.layers.17.mlp.down_proj,ce,136,16,120,0,0,0,17877,10914,11376,17177,2,136,93,57113
mistral7b,draw2,model.layers.17.mlp.down_proj,kl,93,20,73,0,0,0,17877,10914,11376,17177,2,136,93,57113
mistral7b,draw3,model.layers.17.mlp.down_proj,ce,96,13,83,0,0,0,19468,9663,9909,18304,1,96,44,57203
mistral7b,draw3,model.layers.17.mlp.down_proj,kl,44,8,36,0,0,0,19468,9663,9909,18304,1,96,44,57203
mistral7b,draw4,model.layers.17.mlp.down_proj,ce,119,22,97,0,0,0,17367,11383,12127,16467,4,119,157,57064
mistral7b,draw4,model.layers.17.mlp.down_proj,kl,157,37,120,0,0,0,17367,11383,12127,16467,4,119,157,57064
mistral7b,seed0,model.layers.17.mlp.gate_proj,ce,106,20,86,0,0,0,17404,11499,11741,16700,1,106,137,57100
mistral7b,seed0,model.layers.17.mlp.gate_proj,kl,137,28,109,0,0,0,17404,11499,11741,16700,1,106,137,57100
mistral7b,draw1,model.layers.17.mlp.gate_proj,ce,102,29,73,0,0,0,17474,11431,11839,16600,4,102,110,57128
mistral7b,draw1,model.layers.17.mlp.gate_proj,kl,110,20,90,0,0,0,17474,11431,11839,16600,4,102,110,57128
mistral7b,draw2,model.layers.17.mlp.gate_proj,ce,110,18,92,0,0,0,17709,11285,11538,16812,3,110,95,57136
mistral7b,draw2,model.layers.17.mlp.gate_proj,kl,95,13,82,0,0,0,17709,11285,11538,16812,3,110,95,57136
mistral7b,draw3,model.layers.17.mlp.gate_proj,ce,86,13,73,0,0,0,19187,9842,10137,18178,0,86,39,57219
mistral7b,draw3,model.layers.17.mlp.gate_proj,kl,39,6,33,0,0,0,19187,9842,10137,18178,0,86,39,57219
mistral7b,draw4,model.layers.17.mlp.gate_proj,ce,113,16,97,0,0,0,17242,11572,12106,16424,2,113,122,57107
mistral7b,draw4,model.layers.17.mlp.gate_proj,kl,122,29,93,0,0,0,17242,11572,12106,16424,2,113,122,57107
mistral7b,seed0,model.layers.17.mlp.up_proj,ce,94,14,80,0,0,0,17734,11339,11618,16653,4,94,160,57086
mistral7b,seed0,model.layers.17.mlp.up_proj,kl,160,22,138,0,0,0,17734,11339,11618,16653,4,94,160,57086
mistral7b,draw1,model.layers.17.mlp.up_proj,ce,93,17,76,0,0,0,17344,11633,12052,16315,3,93,155,57093
mistral7b,draw1,model.layers.17.mlp.up_proj,kl,155,30,125,0,0,0,17344,11633,12052,16315,3,93,155,57093
mistral7b,draw2,model.layers.17.mlp.up_proj,ce,91,5,86,0,0,0,17607,11168,11620,16949,3,91,122,57128
mistral7b,draw2,model.layers.17.mlp.up_proj,kl,122,20,102,0,0,0,17607,11168,11620,16949,3,91,122,57128
mistral7b,draw3,model.layers.17.mlp.up_proj,ce,98,16,82,0,0,0,18720,10053,10330,18241,2,98,61,57183
mistral7b,draw3,model.layers.17.mlp.up_proj,kl,61,6,55,0,0,0,18720,10053,10330,18241,2,98,61,57183
mistral7b,draw4,model.layers.17.mlp.up_proj,ce,120,23,97,0,0,0,17276,11532,12035,16501,4,120,183,57037
mistral7b,draw4,model.layers.17.mlp.up_proj,kl,183,42,141,0,0,0,17276,11532,12035,16501,4,120,183,57037
mistral7b,seed0,model.layers.17.self_attn.k_proj,ce,8,1,7,0,0,0,1285,761,899,1151,1,8,30,4057
mistral7b,seed0,model.layers.17.self_attn.k_proj,kl,30,7,23,0,0,0,1285,761,899,1151,1,8,30,4057
mistral7b,draw1,model.layers.17.self_attn.k_proj,ce,6,1,5,0,0,0,1286,778,852,1180,2,6,30,4058
mistral7b,draw1,model.layers.17.self_attn.k_proj,kl,30,7,23,0,0,0,1286,778,852,1180,2,6,30,4058
mistral7b,draw2,model.layers.17.self_attn.k_proj,ce,8,0,8,0,0,0,1353,737,808,1198,2,8,21,4065
mistral7b,draw2,model.layers.17.self_attn.k_proj,kl,21,0,21,0,0,0,1353,737,808,1198,2,8,21,4065
mistral7b,draw3,model.layers.17.self_attn.k_proj,ce,5,1,4,0,0,0,1283,820,794,1199,0,5,13,4078
mistral7b,draw3,model.layers.17.self_attn.k_proj,kl,13,1,12,0,0,0,1283,820,794,1199,0,5,13,4078
mistral7b,draw4,model.layers.17.self_attn.k_proj,ce,6,1,5,0,0,0,1231,833,885,1147,0,6,29,4061
mistral7b,draw4,model.layers.17.self_attn.k_proj,kl,29,3,26,0,0,0,1231,833,885,1147,0,6,29,4061
mistral7b,seed0,model.layers.17.self_attn.o_proj,ce,47,11,36,0,0,0,5139,3140,3403,4702,8,47,103,16226
mistral7b,seed0,model.layers.17.self_attn.o_proj,kl,103,17,86,0,0,0,5139,3140,3403,4702,8,47,103,16226
mistral7b,draw1,model.layers.17.self_attn.o_proj,ce,36,8,28,0,0,0,5017,3146,3360,4861,5,36,89,16254
mistral7b,draw1,model.layers.17.self_attn.o_proj,kl,89,23,66,0,0,0,5017,3146,3360,4861,5,36,89,16254
mistral7b,draw2,model.layers.17.self_attn.o_proj,ce,40,4,36,0,0,0,5129,3026,3304,4925,1,40,76,16267
mistral7b,draw2,model.layers.17.self_attn.o_proj,kl,76,13,63,0,0,0,5129,3026,3304,4925,1,40,76,16267
mistral7b,draw3,model.layers.17.self_attn.o_proj,ce,29,3,26,0,0,0,5284,2906,3076,5118,3,29,29,16323
mistral7b,draw3,model.layers.17.self_attn.o_proj,kl,29,8,21,0,0,0,5284,2906,3076,5118,3,29,29,16323
mistral7b,draw4,model.layers.17.self_attn.o_proj,ce,40,7,33,0,0,0,5046,3226,3378,4734,0,40,118,16226
mistral7b,draw4,model.layers.17.self_attn.o_proj,kl,118,25,93,0,0,0,5046,3226,3378,4734,0,40,118,16226
mistral7b,seed0,model.layers.17.self_attn.q_proj,ce,35,8,27,0,0,0,4894,3201,3332,4957,6,35,219,16124
mistral7b,seed0,model.layers.17.self_attn.q_proj,kl,219,55,164,0,0,0,4894,3201,3332,4957,6,35,219,16124
mistral7b,draw1,model.layers.17.self_attn.q_proj,ce,29,6,23,0,0,0,4929,3294,3361,4800,2,29,148,16205
mistral7b,draw1,model.layers.17.self_attn.q_proj,kl,148,36,112,0,0,0,4929,3294,3361,4800,2,29,148,16205
mistral7b,draw2,model.layers.17.self_attn.q_proj,ce,27,8,19,0,0,0,5012,3199,3321,4852,3,27,121,16233
mistral7b,draw2,model.layers.17.self_attn.q_proj,kl,121,30,91,0,0,0,5012,3199,3321,4852,3,27,121,16233
mistral7b,draw3,model.layers.17.self_attn.q_proj,ce,26,3,23,0,0,0,5230,3039,3065,5050,0,26,63,16295
mistral7b,draw3,model.layers.17.self_attn.q_proj,kl,63,16,47,0,0,0,5230,3039,3065,5050,0,26,63,16295
mistral7b,draw4,model.layers.17.self_attn.q_proj,ce,45,10,35,0,0,0,4782,3413,3545,4644,2,45,153,16184
mistral7b,draw4,model.layers.17.self_attn.q_proj,kl,153,28,125,0,0,0,4782,3413,3545,4644,2,45,153,16184
mistral7b,seed0,model.layers.17.self_attn.v_proj,ce,15,1,14,0,0,0,1304,773,825,1194,1,15,54,4026
mistral7b,seed0,model.layers.17.self_attn.v_proj,kl,54,11,43,0,0,0,1304,773,825,1194,1,15,54,4026
mistral7b,draw1,model.layers.17.self_attn.v_proj,ce,5,0,5,0,0,0,1326,803,850,1117,1,5,45,4045
mistral7b,draw1,model.layers.17.self_attn.v_proj,kl,45,6,39,0,0,0,1326,803,850,1117,1,5,45,4045
mistral7b,draw2,model.layers.17.self_attn.v_proj,ce,11,1,10,0,0,0,1335,739,860,1162,4,11,38,4043
mistral7b,draw2,model.layers.17.self_attn.v_proj,kl,38,12,26,0,0,0,1335,739,860,1162,4,11,38,4043
mistral7b,draw3,model.layers.17.self_attn.v_proj,ce,6,1,5,0,0,0,1414,681,763,1238,2,6,13,4075
mistral7b,draw3,model.layers.17.self_attn.v_proj,kl,13,2,11,0,0,0,1414,681,763,1238,2,6,13,4075
mistral7b,draw4,model.layers.17.self_attn.v_proj,ce,5,0,5,0,0,0,1288,735,859,1214,3,5,65,4023
mistral7b,draw4,model.layers.17.self_attn.v_proj,kl,65,9,56,0,0,0,1288,735,859,1214,3,5,65,4023
mistral7b,seed0,model.layers.18.mlp.down_proj,ce,115,15,100,0,0,0,17864,11051,11610,16819,3,115,149,57077
mistral7b,seed0,model.layers.18.mlp.down_proj,kl,149,30,119,0,0,0,17864,11051,11610,16819,3,115,149,57077
mistral7b,draw1,model.layers.18.mlp.down_proj,ce,107,20,87,0,0,0,17922,11040,11802,16580,2,107,120,57115
mistral7b,draw1,model.layers.18.mlp.down_proj,kl,120,29,91,0,0,0,17922,11040,11802,16580,2,107,120,57115
mistral7b,draw2,model.layers.18.mlp.down_proj,ce,99,15,84,0,0,0,17908,10865,11396,17175,1,99,85,57159
mistral7b,draw2,model.layers.18.mlp.down_proj,kl,85,16,69,0,0,0,17908,10865,11396,17175,1,99,85,57159
mistral7b,draw3,model.layers.18.mlp.down_proj,ce,87,8,79,0,0,0,19541,9662,9765,18376,1,87,51,57205
mistral7b,draw3,model.layers.18.mlp.down_proj,kl,51,10,41,0,0,0,19541,9662,9765,18376,1,87,51,57205
mistral7b,draw4,model.layers.18.mlp.down_proj,ce,116,21,95,0,0,0,17904,11210,11677,16553,4,116,133,57091
mistral7b,draw4,model.layers.18.mlp.down_proj,kl,133,31,102,0,0,0,17904,11210,11677,16553,4,116,133,57091
mistral7b,seed0,model.layers.18.mlp.gate_proj,ce,120,14,106,0,0,0,17802,11245,11652,16645,2,120,120,57102
mistral7b,seed0,model.layers.18.mlp.gate_proj,kl,120,22,98,0,0,0,17802,11245,11652,16645,2,120,120,57102
mistral7b,draw1,model.layers.18.mlp.gate_proj,ce,103,19,84,0,0,0,17477,11475,11776,16616,2,103,99,57140
mistral7b,draw1,model.layers.18.mlp.gate_proj,kl,99,19,80,0,0,0,17477,11475,11776,16616,2,103,99,57140
mistral7b,draw2,model.layers.18.mlp.gate_proj,ce,80,21,59,0,0,0,17844,10964,11393,17143,0,80,71,57193
mistral7b,draw2,model.layers.18.mlp.gate_proj,kl,71,4,67,0,0,0,17844,10964,11393,17143,0,80,71,57193
mistral7b,draw3,model.layers.18.mlp.gate_proj,ce,78,9,69,0,0,0,19353,9577,9962,18452,0,78,30,57236
mistral7b,draw3,model.layers.18.mlp.gate_proj,kl,30,6,24,0,0,0,19353,9577,9962,18452,0,78,30,57236
mistral7b,draw4,model.layers.18.mlp.gate_proj,ce,111,26,85,0,0,0,17214,11440,12029,16661,1,111,105,57127
mistral7b,draw4,model.layers.18.mlp.gate_proj,kl,105,28,77,0,0,0,17214,11440,12029,16661,1,111,105,57127
mistral7b,seed0,model.layers.18.mlp.up_proj,ce,93,21,72,0,0,0,17597,11002,11876,16869,7,93,122,57122
mistral7b,seed0,model.layers.18.mlp.up_proj,kl,122,22,100,0,0,0,17597,11002,11876,16869,7,93,122,57122
mistral7b,draw1,model.layers.18.mlp.up_proj,ce,94,15,79,0,0,0,17538,11325,11898,16583,2,94,123,57125
mistral7b,draw1,model.layers.18.mlp.up_proj,kl,123,14,109,0,0,0,17538,11325,11898,16583,2,94,123,57125
mistral7b,draw2,model.layers.18.mlp.up_proj,ce,77,15,62,0,0,0,18018,10933,11426,16967,1,77,85,57181
mistral7b,draw2,model.layers.18.mlp.up_proj,kl,85,16,69,0,0,0,18018,10933,11426,16967,1,77,85,57181
mistral7b,draw3,model.layers.18.mlp.up_proj,ce,80,9,71,0,0,0,19192,9791,10140,18221,1,80,52,57211
mistral7b,draw3,model.layers.18.mlp.up_proj,kl,52,7,45,0,0,0,19192,9791,10140,18221,1,80,52,57211
mistral7b,draw4,model.layers.18.mlp.up_proj,ce,118,14,104,0,0,0,17238,11699,11974,16433,1,118,139,57086
mistral7b,draw4,model.layers.18.mlp.up_proj,kl,139,31,108,0,0,0,17238,11699,11974,16433,1,118,139,57086
mistral7b,seed0,model.layers.18.self_attn.k_proj,ce,3,0,3,0,0,0,1302,787,855,1152,1,3,18,4074
mistral7b,seed0,model.layers.18.self_attn.k_proj,kl,18,5,13,0,0,0,1302,787,855,1152,1,3,18,4074
mistral7b,draw1,model.layers.18.self_attn.k_proj,ce,6,2,4,0,0,0,1287,758,920,1131,0,6,15,4075
mistral7b,draw1,model.layers.18.self_attn.k_proj,kl,15,3,12,0,0,0,1287,758,920,1131,0,6,15,4075
mistral7b,draw2,model.layers.18.self_attn.k_proj,ce,11,4,7,0,0,0,1339,788,821,1148,1,11,11,4073
mistral7b,draw2,model.layers.18.self_attn.k_proj,kl,11,0,11,0,0,0,1339,788,821,1148,1,11,11,4073
mistral7b,draw3,model.layers.18.self_attn.k_proj,ce,3,0,3,0,0,0,1386,728,742,1240,0,3,7,4086
mistral7b,draw3,model.layers.18.self_attn.k_proj,kl,7,1,6,0,0,0,1386,728,742,1240,0,3,7,4086
mistral7b,draw4,model.layers.18.self_attn.k_proj,ce,9,0,9,0,0,0,1246,839,844,1167,5,9,16,4066
mistral7b,draw4,model.layers.18.self_attn.k_proj,kl,16,2,14,0,0,0,1246,839,844,1167,5,9,16,4066
mistral7b,seed0,model.layers.18.self_attn.o_proj,ce,39,8,31,0,0,0,5015,3120,3355,4894,2,39,92,16251
mistral7b,seed0,model.layers.18.self_attn.o_proj,kl,92,11,81,0,0,0,5015,3120,3355,4894,2,39,92,16251
mistral7b,draw1,model.layers.18.self_attn.o_proj,ce,27,1,26,0,0,0,5154,3085,3547,4598,1,27,76,16280
mistral7b,draw1,model.layers.18.self_attn.o_proj,kl,76,15,61,0,0,0,5154,3085,3547,4598,1,27,76,16280
mistral7b,draw2,model.layers.18.self_attn.o_proj,ce,45,8,37,0,0,0,5054,3198,3323,4809,3,45,50,16286
mistral7b,draw2,model.layers.18.self_attn.o_proj,kl,50,7,43,0,0,0,5054,3198,3323,4809,3,45,50,16286
mistral7b,draw3,model.layers.18.self_attn.o_proj,ce,38,4,34,0,0,0,5460,2919,2955,5050,0,38,42,16304
mistral7b,draw3,model.layers.18.self_attn.o_proj,kl,42,11,31,0,0,0,5460,2919,2955,5050,0,38,42,16304
mistral7b,draw4,model.layers.18.self_attn.o_proj,ce,38,8,30,0,0,0,4921,3174,3499,4790,0,38,88,16258
mistral7b,draw4,model.layers.18.self_attn.o_proj,kl,88,17,71,0,0,0,4921,3174,3499,4790,0,38,88,16258
mistral7b,seed0,model.layers.18.self_attn.q_proj,ce,27,1,26,0,0,0,5110,3173,3363,4738,2,27,58,16297
mistral7b,seed0,model.layers.18.self_attn.q_proj,kl,58,8,50,0,0,0,5110,3173,3363,4738,2,27,58,16297
mistral7b,draw1,model.layers.18.self_attn.q_proj,ce,34,14,20,0,0,0,5022,3274,3292,4796,1,34,53,16296
mistral7b,draw1,model.layers.18.self_attn.q_proj,kl,53,14,39,0,0,0,5022,3274,3292,4796,1,34,53,16296
mistral7b,draw2,model.layers.18.self_attn.q_proj,ce,21,4,17,0,0,0,5028,3278,3235,4843,1,21,51,16311
mistral7b,draw2,model.layers.18.self_attn.q_proj,kl,51,11,40,0,0,0,5028,3278,3235,4843,1,21,51,16311
mistral7b,draw3,model.layers.18.self_attn.q_proj,ce,17,1,16,0,0,0,5299,2912,3023,5150,0,17,24,16343
mistral7b,draw3,model.layers.18.self_attn.q_proj,kl,24,0,24,0,0,0,5299,2912,3023,5150,0,17,24,16343
mistral7b,draw4,model.layers.18.self_attn.q_proj,ce,34,8,26,0,0,0,4849,3385,3357,4793,5,34,38,16307
mistral7b,draw4,model.layers.18.self_attn.q_proj,kl,38,4,34,0,0,0,4849,3385,3357,4793,5,34,38,16307
mistral7b,seed0,model.layers.18.self_attn.v_proj,ce,15,5,10,0,0,0,1303,778,839,1176,1,15,40,4040
mistral7b,seed0,model.layers.18.self_attn.v_proj,kl,40,8,32,0,0,0,1303,778,839,1176,1,15,40,4040
mistral7b,draw1,model.layers.18.self_attn.v_proj,ce,18,4,14,0,0,0,1305,791,836,1164,3,18,43,4032
mistral7b,draw1,model.layers.18.self_attn.v_proj,kl,43,6,37,0,0,0,1305,791,836,1164,3,18,43,4032
mistral7b,draw2,model.layers.18.self_attn.v_proj,ce,13,2,11,0,0,0,1341,780,835,1140,2,13,33,4048
mistral7b,draw2,model.layers.18.self_attn.v_proj,kl,33,7,26,0,0,0,1341,780,835,1140,2,13,33,4048
mistral7b,draw3,model.layers.18.self_attn.v_proj,ce,16,2,14,0,0,0,1384,762,697,1253,0,16,15,4065
mistral7b,draw3,model.layers.18.self_attn.v_proj,kl,15,5,10,0,0,0,1384,762,697,1253,0,16,15,4065
mistral7b,draw4,model.layers.18.self_attn.v_proj,ce,12,2,10,0,0,0,1303,784,841,1168,8,12,47,4029
mistral7b,draw4,model.layers.18.self_attn.v_proj,kl,47,8,39,0,0,0,1303,784,841,1168,8,12,47,4029
mistral7b,seed0,model.layers.19.mlp.down_proj,ce,119,22,97,0,0,0,18253,10792,11354,16945,65,119,193,56967
mistral7b,seed0,model.layers.19.mlp.down_proj,kl,193,22,171,0,0,0,18253,10792,11354,16945,65,119,193,56967
mistral7b,draw1,model.layers.19.mlp.down_proj,ce,85,9,76,0,0,0,18099,10953,11398,16894,61,85,160,57038
mistral7b,draw1,model.layers.19.mlp.down_proj,kl,160,15,145,0,0,0,18099,10953,11398,16894,61,85,160,57038
mistral7b,draw2,model.layers.19.mlp.down_proj,ce,104,6,98,0,0,0,18303,10588,11255,17198,69,104,142,57029
mistral7b,draw2,model.layers.19.mlp.down_proj,kl,142,21,121,0,0,0,18303,10588,11255,17198,69,104,142,57029
mistral7b,draw3,model.layers.19.mlp.down_proj,ce,75,5,70,0,0,0,19636,9476,9716,18516,58,75,81,57130
mistral7b,draw3,model.layers.19.mlp.down_proj,kl,81,14,67,0,0,0,19636,9476,9716,18516,58,75,81,57130
mistral7b,draw4,model.layers.19.mlp.down_proj,ce,82,16,66,0,0,0,17869,11216,11681,16578,57,82,187,57018
mistral7b,draw4,model.layers.19.mlp.down_proj,kl,187,32,155,0,0,0,17869,11216,11681,16578,57,82,187,57018
mistral7b,seed0,model.layers.19.mlp.gate_proj,ce,112,13,99,0,0,0,17964,11025,11608,16747,14,112,132,57086
mistral7b,seed0,model.layers.19.mlp.gate_proj,kl,132,27,105,0,0,0,17964,11025,11608,16747,14,112,132,57086
mistral7b,draw1,model.layers.19.mlp.gate_proj,ce,97,18,79,0,0,0,17889,11112,11567,16776,18,97,105,57124
mistral7b,draw1,model.layers.19.mlp.gate_proj,kl,105,23,82,0,0,0,17889,11112,11567,16776,18,97,105,57124
mistral7b,draw2,model.layers.19.mlp.gate_proj,ce,115,15,100,0,0,0,18010,10823,11100,17411,20,115,71,57138
mistral7b,draw2,model.layers.19.mlp.gate_proj,kl,71,8,63,0,0,0,18010,10823,11100,17411,20,115,71,57138
mistral7b,draw3,model.layers.19.mlp.gate_proj,ce,83,9,74,0,0,0,19604,9261,9421,19058,13,83,30,57218
mistral7b,draw3,model.layers.19.mlp.gate_proj,kl,30,5,25,0,0,0,19604,9261,9421,19058,13,83,30,57218
mistral7b,draw4,model.layers.19.mlp.gate_proj,ce,112,17,95,0,0,0,17501,11486,11876,16481,15,112,119,57098
mistral7b,draw4,model.layers.19.mlp.gate_proj,kl,119,19,100,0,0,0,17501,11486,11876,16481,15,112,119,57098
mistral7b,seed0,model.layers.19.mlp.up_proj,ce,86,6,80,0,0,0,17880,11129,11595,16740,15,86,172,57071
mistral7b,seed0,model.layers.19.mlp.up_proj,kl,172,30,142,0,0,0,17880,11129,11595,16740,15,86,172,57071
mistral7b,draw1,model.layers.19.mlp.up_proj,ce,88,8,80,0,0,0,17794,10950,11574,17026,10,88,119,57127
mistral7b,draw1,model.layers.19.mlp.up_proj,kl,119,17,102,0,0,0,17794,10950,11574,17026,10,88,119,57127
mistral7b,draw2,model.layers.19.mlp.up_proj,ce,95,13,82,0,0,0,17866,10827,11289,17362,16,95,102,57131
mistral7b,draw2,model.layers.19.mlp.up_proj,kl,102,26,76,0,0,0,17866,10827,11289,17362,16,95,102,57131
mistral7b,draw3,model.layers.19.mlp.up_proj,ce,79,14,65,0,0,0,19309,9540,9829,18666,10,79,47,57208
mistral7b,draw3,model.layers.19.mlp.up_proj,kl,47,6,41,0,0,0,19309,9540,9829,18666,10,79,47,57208
mistral7b,draw4,model.layers.19.mlp.up_proj,ce,102,21,81,0,0,0,17685,11392,11799,16468,14,102,149,57079
mistral7b,draw4,model.layers.19.mlp.up_proj,kl,149,32,117,0,0,0,17685,11392,11799,16468,14,102,149,57079
mistral7b,seed0,model.layers.19.self_attn.k_proj,ce,10,3,7,0,0,0,1306,802,842,1146,0,10,28,4058
mistral7b,seed0,model.layers.19.self_attn.k_proj,kl,28,7,21,0,0,0,1306,802,842,1146,0,10,28,4058
mistral7b,draw1,model.layers.19.self_attn.k_proj,ce,14,2,12,0,0,0,1264,763,866,1203,0,14,24,4058
mistral7b,draw1,model.layers.19.self_attn.k_proj,kl,24,1,23,0,0,0,1264,763,866,1203,0,14,24,4058
mistral7b,draw2,model.layers.19.self_attn.k_proj,ce,12,2,10,0,0,0,1302,764,867,1163,1,12,22,4061
mistral7b,draw2,model.layers.19.self_attn.k_proj,kl,22,0,22,0,0,0,1302,764,867,1163,1,12,22,4061
mistral7b,draw3,model.layers.19.self_attn.k_proj,ce,4,0,4,0,0,0,1327,707,793,1269,0,4,7,4085
mistral7b,draw3,model.layers.19.self_attn.k_proj,kl,7,0,7,0,0,0,1327,707,793,1269,0,4,7,4085
mistral7b,draw4,model.layers.19.self_attn.k_proj,ce,13,3,10,0,0,0,1302,798,847,1149,0,13,18,4065
mistral7b,draw4,model.layers.19.self_attn.k_proj,kl,18,1,17,0,0,0,1302,798,847,1149,0,13,18,4065
mistral7b,seed0,model.layers.19.self_attn.o_proj,ce,21,3,18,0,0,0,5202,3134,3220,4828,3,21,74,16286
mistral7b,seed0,model.layers.19.self_attn.o_proj,kl,74,12,62,0,0,0,5202,3134,3220,4828,3,21,74,16286
mistral7b,draw1,model.layers.19.self_attn.o_proj,ce,29,4,25,0,0,0,5208,3153,3323,4700,3,29,77,16275
mistral7b,draw1,model.layers.19.self_attn.o_proj,kl,77,16,61,0,0,0,5208,3153,3323,4700,3,29,77,16275
mistral7b,draw2,model.layers.19.self_attn.o_proj,ce,30,5,25,0,0,0,5133,3068,3284,4899,0,30,62,16292
mistral7b,draw2,model.layers.19.self_attn.o_proj,kl,62,7,55,0,0,0,5133,3068,3284,4899,0,30,62,16292
mistral7b,draw3,model.layers.19.self_attn.o_proj,ce,28,4,24,0,0,0,5534,2762,2776,5312,2,28,32,16322
mistral7b,draw3,model.layers.19.self_attn.o_proj,kl,32,4,28,0,0,0,5534,2762,2776,5312,2,28,32,16322
mistral7b,draw4,model.layers.19.self_attn.o_proj,ce,32,2,30,0,0,0,5135,3181,3385,4683,0,32,80,16272
mistral7b,draw4,model.layers.19.self_attn.o_proj,kl,80,16,64,0,0,0,5135,3181,3385,4683,0,32,80,16272
mistral7b,seed0,model.layers.19.self_attn.q_proj,ce,18,2,16,0,0,0,4949,3225,3278,4932,1,18,36,16329
mistral7b,seed0,model.layers.19.self_attn.q_proj,kl,36,7,29,0,0,0,4949,3225,3278,4932,1,18,36,16329
mistral7b,draw1,model.layers.19.self_attn.q_proj,ce,34,8,26,0,0,0,4907,3301,3464,4712,0,34,38,16312
mistral7b,draw1,model.layers.19.self_attn.q_proj,kl,38,6,32,0,0,0,4907,3301,3464,4712,0,34,38,16312
mistral7b,draw2,model.layers.19.self_attn.q_proj,ce,20,4,16,0,0,0,4999,3172,3325,4888,1,20,52,16311
mistral7b,draw2,model.layers.19.self_attn.q_proj,kl,52,6,46,0,0,0,4999,3172,3325,4888,1,20,52,16311
mistral7b,draw3,model.layers.19.self_attn.q_proj,ce,20,5,15,0,0,0,5386,2873,3000,5125,0,20,12,16352
mistral7b,draw3,model.layers.19.self_attn.q_proj,kl,12,0,12,0,0,0,5386,2873,3000,5125,0,20,12,16352
mistral7b,draw4,model.layers.19.self_attn.q_proj,ce,31,1,30,0,0,0,4855,3343,3519,4667,2,31,35,16316
mistral7b,draw4,model.layers.19.self_attn.q_proj,kl,35,9,26,0,0,0,4855,3343,3519,4667,2,31,35,16316
mistral7b,seed0,model.layers.19.self_attn.v_proj,ce,13,2,11,0,0,0,1310,739,862,1185,1,13,36,4046
mistral7b,seed0,model.layers.19.self_attn.v_proj,kl,36,7,29,0,0,0,1310,739,862,1185,1,13,36,4046
mistral7b,draw1,model.layers.19.self_attn.v_proj,ce,6,2,4,0,0,0,1383,726,839,1148,1,6,40,4049
mistral7b,draw1,model.layers.19.self_attn.v_proj,kl,40,4,36,0,0,0,1383,726,839,1148,1,6,40,4049
mistral7b,draw2,model.layers.19.self_attn.v_proj,ce,11,3,8,0,0,0,1332,769,803,1192,0,11,30,4055
mistral7b,draw2,model.layers.19.self_attn.v_proj,kl,30,2,28,0,0,0,1332,769,803,1192,0,11,30,4055
mistral7b,draw3,model.layers.19.self_attn.v_proj,ce,10,2,8,0,0,0,1478,651,768,1199,0,10,13,4073
mistral7b,draw3,model.layers.19.self_attn.v_proj,kl,13,0,13,0,0,0,1478,651,768,1199,0,10,13,4073
mistral7b,draw4,model.layers.19.self_attn.v_proj,ce,13,2,11,0,0,0,1285,753,884,1174,0,13,53,4030
mistral7b,draw4,model.layers.19.self_attn.v_proj,kl,53,11,42,0,0,0,1285,753,884,1174,0,13,53,4030
mistral7b,seed0,model.layers.2.mlp.down_proj,ce,104,13,91,0,0,0,18174,10670,10926,17574,0,104,71,57169
mistral7b,seed0,model.layers.2.mlp.down_proj,kl,71,7,64,0,0,0,18174,10670,10926,17574,0,104,71,57169
mistral7b,draw1,model.layers.2.mlp.down_proj,ce,107,11,96,0,0,0,18128,10601,10787,17828,3,107,89,57145
mistral7b,draw1,model.layers.2.mlp.down_proj,kl,89,11,78,0,0,0,18128,10601,10787,17828,3,107,89,57145
mistral7b,draw2,model.layers.2.mlp.down_proj,ce,96,19,77,0,0,0,17802,11089,11490,16963,2,96,83,57163
mistral7b,draw2,model.layers.2.mlp.down_proj,kl,83,13,70,0,0,0,17802,11089,11490,16963,2,96,83,57163
mistral7b,draw3,model.layers.2.mlp.down_proj,ce,85,19,66,0,0,0,16477,12198,12364,16305,0,85,36,57223
mistral7b,draw3,model.layers.2.mlp.down_proj,kl,36,4,32,0,0,0,16477,12198,12364,16305,0,85,36,57223
mistral7b,draw4,model.layers.2.mlp.down_proj,ce,107,17,90,0,0,0,18153,10629,11136,17426,4,107,108,57125
mistral7b,draw4,model.layers.2.mlp.down_proj,kl,108,18,90,0,0,0,18153,10629,11136,17426,4,107,108,57125
mistral7b,seed0,model.layers.2.mlp.gate_proj,ce,90,7,83,0,0,0,18123,10691,10884,17646,3,90,92,57159
mistral7b,seed0,model.layers.2.mlp.gate_proj,kl,92,15,77,0,0,0,18123,10691,10884,17646,3,90,92,57159
mistral7b,draw1,model.layers.2.mlp.gate_proj,ce,98,11,87,0,0,0,18184,10685,10886,17589,1,98,90,57155
mistral7b,draw1,model.layers.2.mlp.gate_proj,kl,90,8,82,0,0,0,18184,10685,10886,17589,1,98,90,57155
mistral7b,draw2,model.layers.2.mlp.gate_proj,ce,100,16,84,0,0,0,17481,11274,11571,17018,1,100,96,57147
mistral7b,draw2,model.layers.2.mlp.gate_proj,kl,96,14,82,0,0,0,17481,11274,11571,17018,1,100,96,57147
mistral7b,draw3,model.layers.2.mlp.gate_proj,ce,116,33,83,0,0,0,16437,12419,12653,15835,0,116,55,57173
mistral7b,draw3,model.layers.2.mlp.gate_proj,kl,55,4,51,0,0,0,16437,12419,12653,15835,0,116,55,57173
mistral7b,draw4,model.layers.2.mlp.gate_proj,ce,98,10,88,0,0,0,17951,10739,11235,17419,0,98,91,57155
mistral7b,draw4,model.layers.2.mlp.gate_proj,kl,91,15,76,0,0,0,17951,10739,11235,17419,0,98,91,57155
mistral7b,seed0,model.layers.2.mlp.up_proj,ce,93,11,82,0,0,0,18174,10603,10788,17779,1,93,93,57157
mistral7b,seed0,model.layers.2.mlp.up_proj,kl,93,16,77,0,0,0,18174,10603,10788,17779,1,93,93,57157
mistral7b,draw1,model.layers.2.mlp.up_proj,ce,111,10,101,0,0,0,18156,10555,10872,17761,4,111,110,57119
mistral7b,draw1,model.layers.2.mlp.up_proj,kl,110,12,98,0,0,0,18156,10555,10872,17761,4,111,110,57119
mistral7b,draw2,model.layers.2.mlp.up_proj,ce,103,10,93,0,0,0,17724,11068,11409,17143,3,103,74,57164
mistral7b,draw2,model.layers.2.mlp.up_proj,kl,74,7,67,0,0,0,17724,11068,11409,17143,3,103,74,57164
mistral7b,draw3,model.layers.2.mlp.up_proj,ce,96,28,68,0,0,0,16381,12397,12682,15884,0,96,32,57216
mistral7b,draw3,model.layers.2.mlp.up_proj,kl,32,6,26,0,0,0,16381,12397,12682,15884,0,96,32,57216
mistral7b,draw4,model.layers.2.mlp.up_proj,ce,98,17,81,0,0,0,17873,11034,11053,17384,1,98,84,57161
mistral7b,draw4,model.layers.2.mlp.up_proj,kl,84,13,71,0,0,0,17873,11034,11053,17384,1,98,84,57161
mistral7b,seed0,model.layers.2.self_attn.k_proj,ce,7,0,7,0,0,0,1274,773,808,1241,0,7,24,4065
mistral7b,seed0,model.layers.2.self_attn.k_proj,kl,24,5,19,0,0,0,1274,773,808,1241,0,7,24,4065
mistral7b,draw1,model.layers.2.self_attn.k_proj,ce,11,0,11,0,0,0,1342,714,786,1254,1,11,33,4051
mistral7b,draw1,model.layers.2.self_attn.k_proj,kl,33,2,31,0,0,0,1342,714,786,1254,1,11,33,4051
mistral7b,draw2,model.layers.2.self_attn.k_proj,ce,5,1,4,0,0,0,1321,725,807,1243,4,5,44,4043
mistral7b,draw2,model.layers.2.self_attn.k_proj,kl,44,5,39,0,0,0,1321,725,807,1243,4,5,44,4043
mistral7b,draw3,model.layers.2.self_attn.k_proj,ce,6,0,6,0,0,0,1243,806,846,1201,0,6,16,4074
mistral7b,draw3,model.layers.2.self_attn.k_proj,kl,16,2,14,0,0,0,1243,806,846,1201,0,6,16,4074
mistral7b,draw4,model.layers.2.self_attn.k_proj,ce,3,2,1,0,0,0,1347,735,772,1242,0,3,28,4065
mistral7b,draw4,model.layers.2.self_attn.k_proj,kl,28,2,26,0,0,0,1347,735,772,1242,0,3,28,4065
mistral7b,seed0,model.layers.2.self_attn.o_proj,ce,38,4,34,0,0,0,5254,3038,3132,4960,2,38,67,16277
mistral7b,seed0,model.layers.2.self_attn.o_proj,kl,67,7,60,0,0,0,5254,3038,3132,4960,2,38,67,16277
mistral7b,draw1,model.layers.2.self_attn.o_proj,ce,32,1,31,0,0,0,5292,2956,3088,5048,2,32,89,16261
mistral7b,draw1,model.layers.2.self_attn.o_proj,kl,89,12,77,0,0,0,5292,2956,3088,5048,2,32,89,16261
mistral7b,draw2,model.layers.2.self_attn.o_proj,ce,45,5,40,0,0,0,5217,3029,3277,4861,3,45,54,16282
mistral7b,draw2,model.layers.2.self_attn.o_proj,kl,54,6,48,0,0,0,5217,3029,3277,4861,3,45,54,16282
mistral7b,draw3,model.layers.2.self_attn.o_proj,ce,52,14,38,0,0,0,4888,3469,3455,4572,4,52,36,16292
mistral7b,draw3,model.layers.2.self_attn.o_proj,kl,36,3,33,0,0,0,4888,3469,3455,4572,4,52,36,16292
mistral7b,draw4,model.layers.2.self_attn.o_proj,ce,63,7,56,0,0,0,5375,2903,2937,5169,2,63,92,16227
mistral7b,draw4,model.layers.2.self_attn.o_proj,kl,92,10,82,0,0,0,5375,2903,2937,5169,2,63,92,16227
mistral7b,seed0,model.layers.2.self_attn.q_proj,ce,24,6,18,0,0,0,4920,3237,3339,4888,2,24,81,16277
mistral7b,seed0,model.layers.2.self_attn.q_proj,kl,81,13,68,0,0,0,4920,3237,3339,4888,2,24,81,16277
mistral7b,draw1,model.layers.2.self_attn.q_proj,ce,34,6,28,0,0,0,5268,2978,3092,5046,4,34,109,16237
mistral7b,draw1,model.layers.2.self_attn.q_proj,kl,109,3,106,0,0,0,5268,2978,3092,5046,4,34,109,16237
mistral7b,draw2,model.layers.2.self_attn.q_proj,ce,16,2,14,0,0,0,5090,3145,3263,4886,6,16,94,16268
mistral7b,draw2,model.layers.2.self_attn.q_proj,kl,94,12,82,0,0,0,5090,3145,3263,4886,6,16,94,16268
mistral7b,draw3,model.layers.2.self_attn.q_proj,ce,22,3,19,0,0,0,5075,3263,3278,4768,2,22,64,16296
mistral7b,draw3,model.layers.2.self_attn.q_proj,kl,64,4,60,0,0,0,5075,3263,3278,4768,2,22,64,16296
mistral7b,draw4,model.layers.2.self_attn.q_proj,ce,19,2,17,0,0,0,5175,3125,3049,5035,8,19,111,16246
mistral7b,draw4,model.layers.2.self_attn.q_proj,kl,111,16,95,0,0,0,5175,3125,3049,5035,8,19,111,16246
mistral7b,seed0,model.layers.2.self_attn.v_proj,ce,5,2,3,0,0,0,1398,692,784,1222,1,5,28,4062
mistral7b,seed0,model.layers.2.self_attn.v_proj,kl,28,2,26,0,0,0,1398,692,784,1222,1,5,28,4062
mistral7b,draw1,model.layers.2.self_attn.v_proj,ce,6,1,5,0,0,0,1363,727,794,1212,2,6,29,4059
mistral7b,draw1,model.layers.2.self_attn.v_proj,kl,29,2,27,0,0,0,1363,727,794,1212,2,6,29,4059
mistral7b,draw2,model.layers.2.self_attn.v_proj,ce,6,0,6,0,0,0,1366,706,803,1221,4,6,42,4044
mistral7b,draw2,model.layers.2.self_attn.v_proj,kl,42,6,36,0,0,0,1366,706,803,1221,4,6,42,4044
mistral7b,draw3,model.layers.2.self_attn.v_proj,ce,8,2,6,0,0,0,1259,815,888,1134,1,8,11,4076
mistral7b,draw3,model.layers.2.self_attn.v_proj,kl,11,3,8,0,0,0,1259,815,888,1134,1,8,11,4076
mistral7b,draw4,model.layers.2.self_attn.v_proj,ce,9,1,8,0,0,0,1358,707,805,1226,0,9,35,4052
mistral7b,draw4,model.layers.2.self_attn.v_proj,kl,35,4,31,0,0,0,1358,707,805,1226,0,9,35,4052
mistral7b,seed0,model.layers.20.mlp.down_proj,ce,108,23,85,0,0,0,18115,10860,11554,16815,3,108,145,57088
mistral7b,seed0,model.layers.20.mlp.down_proj,kl,145,22,123,0,0,0,18115,10860,11554,16815,3,108,145,57088
mistral7b,draw1,model.layers.20.mlp.down_proj,ce,97,20,77,0,0,0,17876,10958,11762,16748,4,97,120,57123
mistral7b,draw1,model.layers.20.mlp.down_proj,kl,120,26,94,0,0,0,17876,10958,11762,16748,4,97,120,57123
mistral7b,draw2,model.layers.20.mlp.down_proj,ce,102,27,75,0,0,0,18374,10677,11234,17059,0,102,89,57153
mistral7b,draw2,model.layers.20.mlp.down_proj,kl,89,20,69,0,0,0,18374,10677,11234,17059,0,102,89,57153
mistral7b,draw3,model.layers.20.mlp.down_proj,ce,68,6,62,0,0,0,19551,9630,9857,18306,1,68,36,57239
mistral7b,draw3,model.layers.20.mlp.down_proj,kl,36,6,30,0,0,0,19551,9630,9857,18306,1,68,36,57239
mistral7b,draw4,model.layers.20.mlp.down_proj,ce,102,13,89,0,0,0,17837,10989,11871,16647,5,102,93,57144
mistral7b,draw4,model.layers.20.mlp.down_proj,kl,93,19,74,0,0,0,17837,10989,11871,16647,5,102,93,57144
mistral7b,seed0,model.layers.20.mlp.gate_proj,ce,89,9,80,0,0,0,17991,10956,11428,16969,2,89,81,57172
mistral7b,seed0,model.layers.20.mlp.gate_proj,kl,81,11,70,0,0,0,17991,10956,11428,16969,2,89,81,57172
mistral7b,draw1,model.layers.20.mlp.gate_proj,ce,99,14,85,0,0,0,17904,10874,11485,17081,1,99,59,57185
mistral7b,draw1,model.layers.20.mlp.gate_proj,kl,59,7,52,0,0,0,17904,10874,11485,17081,1,99,59,57185
mistral7b,draw2,model.layers.20.mlp.gate_proj,ce,87,11,76,0,0,0,18260,10738,10866,17480,2,87,41,57214
mistral7b,draw2,model.layers.20.mlp.gate_proj,kl,41,7,34,0,0,0,18260,10738,10866,17480,2,87,41,57214
mistral7b,draw3,model.layers.20.mlp.gate_proj,ce,62,4,58,0,0,0,19854,8976,9312,19202,0,62,24,57258
mistral7b,draw3,model.layers.20.mlp.gate_proj,kl,24,3,21,0,0,0,19854,8976,9312,19202,0,62,24,57258
mistral7b,draw4,model.layers.20.mlp.gate_proj,ce,78,16,62,0,0,0,17534,11178,11650,16982,0,78,85,57181
mistral7b,draw4,model.layers.20.mlp.gate_proj,kl,85,11,74,0,0,0,17534,11178,11650,16982,0,78,85,57181
mistral7b,seed0,model.layers.20.mlp.up_proj,ce,100,14,86,0,0,0,17937,10854,11477,17076,1,100,103,57140
mistral7b,seed0,model.layers.20.mlp.up_proj,kl,103,15,88,0,0,0,17937,10854,11477,17076,1,100,103,57140
mistral7b,draw1,model.layers.20.mlp.up_proj,ce,76,14,62,0,0,0,17881,11062,11543,16858,3,76,86,57179
mistral7b,draw1,model.layers.20.mlp.up_proj,kl,86,17,69,0,0,0,17881,11062,11543,16858,3,76,86,57179
mistral7b,draw2,model.layers.20.mlp.up_proj,ce,96,12,84,0,0,0,18201,10672,11133,17338,1,96,49,57198
mistral7b,draw2,model.layers.20.mlp.up_proj,kl,49,4,45,0,0,0,18201,10672,11133,17338,1,96,49,57198
mistral7b,draw3,model.layers.20.mlp.up_proj,ce,72,5,67,0,0,0,19416,9440,9719,18769,0,72,36,57236
mistral7b,draw3,model.layers.20.mlp.up_proj,kl,36,5,31,0,0,0,19416,9440,9719,18769,0,72,36,57236
mistral7b,draw4,model.layers.20.mlp.up_proj,ce,97,15,82,0,0,0,17702,11287,11869,16486,1,97,98,57148
mistral7b,draw4,model.layers.20.mlp.up_proj,kl,98,17,81,0,0,0,17702,11287,11869,16486,1,97,98,57148
mistral7b,seed0,model.layers.20.self_attn.k_proj,ce,6,0,6,0,0,0,1323,785,820,1168,0,6,16,4074
mistral7b,seed0,model.layers.20.self_attn.k_proj,kl,16,0,16,0,0,0,1323,785,820,1168,0,6,16,4074
mistral7b,draw1,model.layers.20.self_attn.k_proj,ce,7,1,6,0,0,0,1212,782,926,1176,0,7,11,4078
mistral7b,draw1,model.layers.20.self_attn.k_proj,kl,11,7,4,0,0,0,1212,782,926,1176,0,7,11,4078
mistral7b,draw2,model.layers.20.self_attn.k_proj,ce,6,0,6,0,0,0,1259,788,824,1225,0,6,9,4081
mistral7b,draw2,model.layers.20.self_attn.k_proj,kl,9,3,6,0,0,0,1259,788,824,1225,0,6,9,4081
mistral7b,draw3,model.layers.20.self_attn.k_proj,ce,4,1,3,0,0,0,1357,720,731,1288,0,4,2,4090
mistral7b,draw3,model.layers.20.self_attn.k_proj,kl,2,0,2,0,0,0,1357,720,731,1288,0,4,2,4090
mistral7b,draw4,model.layers.20.self_attn.k_proj,ce,7,2,5,0,0,0,1237,846,853,1160,0,7,15,4074
mistral7b,draw4,model.layers.20.self_attn.k_proj,kl,15,3,12,0,0,0,1237,846,853,1160,0,7,15,4074
mistral7b,seed0,model.layers.20.self_attn.o_proj,ce,38,3,35,0,0,0,5192,3100,3243,4849,1,38,77,16268
mistral7b,seed0,model.layers.20.self_attn.o_proj,kl,77,10,67,0,0,0,5192,3100,3243,4849,1,38,77,16268
mistral7b,draw1,model.layers.20.self_attn.o_proj,ce,17,1,16,0,0,0,5191,3077,3200,4916,0,17,37,16330
mistral7b,draw1,model.layers.20.self_attn.o_proj,kl,37,8,29,0,0,0,5191,3077,3200,4916,0,17,37,16330
mistral7b,draw2,model.layers.20.self_attn.o_proj,ce,28,5,23,0,0,0,5131,3068,3271,4914,0,28,39,16317
mistral7b,draw2,model.layers.20.self_attn.o_proj,kl,39,5,34,0,0,0,5131,3068,3271,4914,0,28,39,16317
mistral7b,draw3,model.layers.20.self_attn.o_proj,ce,22,4,18,0,0,0,5466,2820,2839,5259,0,22,17,16345
mistral7b,draw3,model.layers.20.self_attn.o_proj,kl,17,1,16,0,0,0,5466,2820,2839,5259,0,22,17,16345
mistral7b,draw4,model.layers.20.self_attn.o_proj,ce,29,7,22,0,0,0,5211,3069,3292,4812,0,29,54,16301
mistral7b,draw4,model.layers.20.self_attn.o_proj,kl,54,12,42,0,0,0,5211,3069,3292,4812,0,29,54,16301
mistral7b,seed0,model.layers.20.self_attn.q_proj,ce,30,4,26,0,0,0,4893,3223,3457,4811,2,30,40,16312
mistral7b,seed0,model.layers.20.self_attn.q_proj,kl,40,7,33,0,0,0,4893,3223,3457,4811,2,30,40,16312
mistral7b,draw1,model.layers.20.self_attn.q_proj,ce,22,3,19,0,0,0,4923,3223,3372,4866,0,22,23,16339
mistral7b,draw1,model.layers.20.self_attn.q_proj,kl,23,6,17,0,0,0,4923,3223,3372,4866,0,22,23,16339
mistral7b,draw2,model.layers.20.self_attn.q_proj,ce,31,5,26,0,0,0,5090,3127,3221,4946,0,31,20,16333
mistral7b,draw2,model.layers.20.self_attn.q_proj,kl,20,2,18,0,0,0,5090,3127,3221,4946,0,31,20,16333
mistral7b,draw3,model.layers.20.self_attn.q_proj,ce,26,4,22,0,0,0,5493,2749,2818,5324,0,26,12,16346
mistral7b,draw3,model.layers.20.self_attn.q_proj,kl,12,1,11,0,0,0,5493,2749,2818,5324,0,26,12,16346
mistral7b,draw4,model.layers.20.self_attn.q_proj,ce,27,7,20,0,0,0,5032,3210,3388,4754,2,27,35,16320
mistral7b,draw4,model.layers.20.self_attn.q_proj,kl,35,6,29,0,0,0,5032,3210,3388,4754,2,27,35,16320
mistral7b,seed0,model.layers.20.self_attn.v_proj,ce,14,4,10,0,0,0,1346,757,852,1141,0,14,27,4055
mistral7b,seed0,model.layers.20.self_attn.v_proj,kl,27,6,21,0,0,0,1346,757,852,1141,0,14,27,4055
mistral7b,draw1,model.layers.20.self_attn.v_proj,ce,14,1,13,0,0,0,1321,791,821,1163,1,14,23,4058
mistral7b,draw1,model.layers.20.self_attn.v_proj,kl,23,5,18,0,0,0,1321,791,821,1163,1,14,23,4058
mistral7b,draw2,model.layers.20.self_attn.v_proj,ce,14,0,14,0,0,0,1360,757,757,1222,0,14,25,4057
mistral7b,draw2,model.layers.20.self_attn.v_proj,kl,25,3,22,0,0,0,1360,757,757,1222,0,14,25,4057
mistral7b,draw3,model.layers.20.self_attn.v_proj,ce,6,1,5,0,0,0,1386,671,738,1301,0,6,8,4082
mistral7b,draw3,model.layers.20.self_attn.v_proj,kl,8,0,8,0,0,0,1386,671,738,1301,0,6,8,4082
mistral7b,draw4,model.layers.20.self_attn.v_proj,ce,12,1,11,0,0,0,1342,768,813,1173,0,12,25,4059
mistral7b,draw4,model.layers.20.self_attn.v_proj,kl,25,5,20,0,0,0,1342,768,813,1173,0,12,25,4059
mistral7b,seed0,model.layers.21.mlp.down_proj,ce,99,12,87,0,0,0,18221,10673,11251,17199,4,99,115,57126
mistral7b,seed0,model.layers.21.mlp.down_proj,kl,115,18,97,0,0,0,18221,10673,11251,17199,4,99,115,57126
mistral7b,draw1,model.layers.21.mlp.down_proj,ce,96,14,82,0,0,0,18118,10942,11397,16887,2,96,85,57161
mistral7b,draw1,model.layers.21.mlp.down_proj,kl,85,18,67,0,0,0,18118,10942,11397,16887,2,96,85,57161
mistral7b,draw2,model.layers.21.mlp.down_proj,ce,129,14,115,0,0,0,18275,10640,11220,17209,3,129,66,57146
mistral7b,draw2,model.layers.21.mlp.down_proj,kl,66,12,54,0,0,0,18275,10640,11220,17209,3,129,66,57146
mistral7b,draw3,model.layers.21.mlp.down_proj,ce,77,7,70,0,0,0,19497,9537,9687,18623,1,77,49,57217
mistral7b,draw3,model.layers.21.mlp.down_proj,kl,49,5,44,0,0,0,19497,9537,9687,18623,1,77,49,57217
mistral7b,draw4,model.layers.21.mlp.down_proj,ce,99,15,84,0,0,0,18029,10939,11682,16694,3,99,96,57146
mistral7b,draw4,model.layers.21.mlp.down_proj,kl,96,17,79,0,0,0,18029,10939,11682,16694,3,99,96,57146
mistral7b,seed0,model.layers.21.mlp.gate_proj,ce,88,12,76,0,0,0,18113,10818,11049,17364,1,88,87,57168
mistral7b,seed0,model.layers.21.mlp.gate_proj,kl,87,10,77,0,0,0,18113,10818,11049,17364,1,88,87,57168
mistral7b,draw1,model.layers.21.mlp.gate_proj,ce,91,16,75,0,0,0,18048,10802,11288,17206,3,91,72,57178
mistral7b,draw1,model.layers.21.mlp.gate_proj,kl,72,9,63,0,0,0,18048,10802,11288,17206,3,91,72,57178
mistral7b,draw2,model.layers.21.mlp.gate_proj,ce,86,10,76,0,0,0,18411,10584,10729,17620,2,86,45,57211
mistral7b,draw2,model.layers.21.mlp.gate_proj,kl,45,5,40,0,0,0,18411,10584,10729,17620,2,86,45,57211
mistral7b,draw3,model.layers.21.mlp.gate_proj,ce,63,6,57,0,0,0,19868,9073,9135,19268,1,63,24,57256
mistral7b,draw3,model.layers.21.mlp.gate_proj,kl,24,1,23,0,0,0,19868,9073,9135,19268,1,63,24,57256
mistral7b,draw4,model.layers.21.mlp.gate_proj,ce,83,17,66,0,0,0,17877,11092,11369,17006,3,83,65,57193
mistral7b,draw4,model.layers.21.mlp.gate_proj,kl,65,6,59,0,0,0,17877,11092,11369,17006,3,83,65,57193
mistral7b,seed0,model.layers.21.mlp.up_proj,ce,112,12,100,0,0,0,18124,10861,11303,17056,0,112,104,57128
mistral7b,seed0,model.layers.21.mlp.up_proj,kl,104,10,94,0,0,0,18124,10861,11303,17056,0,112,104,57128
mistral7b,draw1,model.layers.21.mlp.up_proj,ce,94,16,78,0,0,0,17943,11029,11465,16907,3,94,78,57169
mistral7b,draw1,model.layers.21.mlp.up_proj,kl,78,12,66,0,0,0,17943,11029,11465,16907,3,94,78,57169
mistral7b,draw2,model.layers.21.mlp.up_proj,ce,97,15,82,0,0,0,18286,10529,11001,17528,1,97,48,57198
mistral7b,draw2,model.layers.21.mlp.up_proj,kl,48,11,37,0,0,0,18286,10529,11001,17528,1,97,48,57198
mistral7b,draw3,model.layers.21.mlp.up_proj,ce,79,3,76,0,0,0,19777,9240,9614,18713,1,79,25,57239
mistral7b,draw3,model.layers.21.mlp.up_proj,kl,25,4,21,0,0,0,19777,9240,9614,18713,1,79,25,57239
mistral7b,draw4,model.layers.21.mlp.up_proj,ce,82,9,73,0,0,0,17841,11136,11694,16673,0,82,83,57179
mistral7b,draw4,model.layers.21.mlp.up_proj,kl,83,13,70,0,0,0,17841,11136,11694,16673,0,82,83,57179
mistral7b,seed0,model.layers.21.self_attn.k_proj,ce,4,0,4,0,0,0,1270,811,841,1174,0,4,8,4084
mistral7b,seed0,model.layers.21.self_attn.k_proj,kl,8,0,8,0,0,0,1270,811,841,1174,0,4,8,4084
mistral7b,draw1,model.layers.21.self_attn.k_proj,ce,9,0,9,0,0,0,1241,783,802,1270,0,9,13,4074
mistral7b,draw1,model.layers.21.self_attn.k_proj,kl,13,1,12,0,0,0,1241,783,802,1270,0,9,13,4074
mistral7b,draw2,model.layers.21.self_attn.k_proj,ce,3,0,3,0,0,0,1275,746,831,1244,0,3,10,4083
mistral7b,draw2,model.layers.21.self_attn.k_proj,kl,10,2,8,0,0,0,1275,746,831,1244,0,3,10,4083
mistral7b,draw3,model.layers.21.self_attn.k_proj,ce,3,1,2,0,0,0,1341,684,746,1325,0,3,8,4085
mistral7b,draw3,model.layers.21.self_attn.k_proj,kl,8,3,5,0,0,0,1341,684,746,1325,0,3,8,4085
mistral7b,draw4,model.layers.21.self_attn.k_proj,ce,7,3,4,0,0,0,1300,829,847,1120,0,7,16,4073
mistral7b,draw4,model.layers.21.self_attn.k_proj,kl,16,4,12,0,0,0,1300,829,847,1120,0,7,16,4073
mistral7b,seed0,model.layers.21.self_attn.o_proj,ce,33,5,28,0,0,0,5137,3138,3197,4912,1,33,33,16317
mistral7b,seed0,model.layers.21.self_attn.o_proj,kl,33,8,25,0,0,0,5137,3138,3197,4912,1,33,33,16317
mistral7b,draw1,model.layers.21.self_attn.o_proj,ce,36,10,26,0,0,0,5026,3294,3232,4832,0,36,32,16316
mistral7b,draw1,model.layers.21.self_attn.o_proj,kl,32,4,28,0,0,0,5026,3294,3232,4832,0,36,32,16316
mistral7b,draw2,model.layers.21.self_attn.o_proj,ce,19,3,16,0,0,0,5092,3094,3146,5052,0,19,14,16351
mistral7b,draw2,model.layers.21.self_attn.o_proj,kl,14,1,13,0,0,0,5092,3094,3146,5052,0,19,14,16351
mistral7b,draw3,model.layers.21.self_attn.o_proj,ce,17,5,12,0,0,0,5640,2604,2651,5489,0,17,7,16360
mistral7b,draw3,model.layers.21.self_attn.o_proj,kl,7,1,6,0,0,0,5640,2604,2651,5489,0,17,7,16360
mistral7b,draw4,model.layers.21.self_attn.o_proj,ce,27,7,20,0,0,0,5132,3148,3274,4830,0,27,36,16321
mistral7b,draw4,model.layers.21.self_attn.o_proj,kl,36,10,26,0,0,0,5132,3148,3274,4830,0,27,36,16321
mistral7b,seed0,model.layers.21.self_attn.q_proj,ce,22,3,19,0,0,0,5004,3224,3352,4804,1,22,21,16340
mistral7b,seed0,model.layers.21.self_attn.q_proj,kl,21,3,18,0,0,0,5004,3224,3352,4804,1,22,21,16340
mistral7b,draw1,model.layers.21.self_attn.q_proj,ce,29,5,24,0,0,0,5103,3155,3314,4812,0,29,31,16324
mistral7b,draw1,model.layers.21.self_attn.q_proj,kl,31,6,25,0,0,0,5103,3155,3314,4812,0,29,31,16324
mistral7b,draw2,model.layers.21.self_attn.q_proj,ce,27,3,24,0,0,0,5264,3095,3162,4863,1,27,33,16323
mistral7b,draw2,model.layers.21.self_attn.q_proj,kl,33,7,26,0,0,0,5264,3095,3162,4863,1,27,33,16323
mistral7b,draw3,model.layers.21.self_attn.q_proj,ce,15,1,14,0,0,0,5463,2699,2876,5346,0,15,22,16347
mistral7b,draw3,model.layers.21.self_attn.q_proj,kl,22,6,16,0,0,0,5463,2699,2876,5346,0,15,22,16347
mistral7b,draw4,model.layers.21.self_attn.q_proj,ce,27,3,24,0,0,0,4922,3297,3494,4671,0,27,38,16319
mistral7b,draw4,model.layers.21.self_attn.q_proj,kl,38,13,25,0,0,0,4922,3297,3494,4671,0,27,38,16319
mistral7b,seed0,model.layers.21.self_attn.v_proj,ce,5,1,4,0,0,0,1297,753,818,1228,0,5,30,4061
mistral7b,seed0,model.layers.21.self_attn.v_proj,kl,30,3,27,0,0,0,1297,753,818,1228,0,5,30,4061
mistral7b,draw1,model.layers.21.self_attn.v_proj,ce,8,0,8,0,0,0,1259,791,842,1204,0,8,20,4068
mistral7b,draw1,model.layers.21.self_attn.v_proj,kl,20,3,17,0,0,0,1259,791,842,1204,0,8,20,4068
mistral7b,draw2,model.layers.21.self_attn.v_proj,ce,12,1,11,0,0,0,1368,677,806,1245,0,12,9,4075
mistral7b,draw2,model.layers.21.self_attn.v_proj,kl,9,3,6,0,0,0,1368,677,806,1245,0,12,9,4075
mistral7b,draw3,model.layers.21.self_attn.v_proj,ce,10,1,9,0,0,0,1435,630,706,1325,0,10,10,4076
mistral7b,draw3,model.layers.21.self_attn.v_proj,kl,10,0,10,0,0,0,1435,630,706,1325,0,10,10,4076
mistral7b,draw4,model.layers.21.self_attn.v_proj,ce,6,1,5,0,0,0,1286,779,830,1201,1,6,21,4068
mistral7b,draw4,model.layers.21.self_attn.v_proj,kl,21,2,19,0,0,0,1286,779,830,1201,1,6,21,4068
mistral7b,seed0,model.layers.22.mlp.down_proj,ce,98,17,81,0,0,0,18090,11026,11315,16913,2,98,102,57142
mistral7b,seed0,model.layers.22.mlp.down_proj,kl,102,17,85,0,0,0,18090,11026,11315,16913,2,98,102,57142
mistral7b,draw1,model.layers.22.mlp.down_proj,ce,95,13,82,0,0,0,17959,10976,11480,16929,1,95,78,57170
mistral7b,draw1,model.layers.22.mlp.down_proj,kl,78,13,65,0,0,0,17959,10976,11480,16929,1,95,78,57170
mistral7b,draw2,model.layers.22.mlp.down_proj,ce,100,10,90,0,0,0,18367,10621,11045,17311,1,100,46,57197
mistral7b,draw2,model.layers.22.mlp.down_proj,kl,46,7,39,0,0,0,18367,10621,11045,17311,1,100,46,57197
mistral7b,draw3,model.layers.22.mlp.down_proj,ce,80,7,73,0,0,0,19547,9424,9627,18746,1,80,21,57242
mistral7b,draw3,model.layers.22.mlp.down_proj,kl,21,2,19,0,0,0,19547,9424,9627,18746,1,80,21,57242
mistral7b,draw4,model.layers.22.mlp.down_proj,ce,78,13,65,0,0,0,17844,11220,11683,16597,2,78,63,57201
mistral7b,draw4,model.layers.22.mlp.down_proj,kl,63,10,53,0,0,0,17844,11220,11683,16597,2,78,63,57201
mistral7b,seed0,model.layers.22.mlp.gate_proj,ce,103,12,91,0,0,0,18283,10705,11067,17289,2,103,79,57160
mistral7b,seed0,model.layers.22.mlp.gate_proj,kl,79,15,64,0,0,0,18283,10705,11067,17289,2,103,79,57160
mistral7b,draw1,model.layers.22.mlp.gate_proj,ce,103,12,91,0,0,0,17988,10846,11206,17304,2,103,85,57154
mistral7b,draw1,model.layers.22.mlp.gate_proj,kl,85,14,71,0,0,0,17988,10846,11206,17304,2,103,85,57154
mistral7b,draw2,model.layers.22.mlp.gate_proj,ce,84,9,75,0,0,0,18522,10292,10889,17641,0,84,41,57219
mistral7b,draw2,model.layers.22.mlp.gate_proj,kl,41,3,38,0,0,0,18522,10292,10889,17641,0,84,41,57219
mistral7b,draw3,model.layers.22.mlp.gate_proj,ce,62,2,60,0,0,0,19717,9161,9174,19292,0,62,17,57265
mistral7b,draw3,model.layers.22.mlp.gate_proj,kl,17,1,16,0,0,0,19717,9161,9174,19292,0,62,17,57265
mistral7b,draw4,model.layers.22.mlp.gate_proj,ce,100,10,90,0,0,0,17840,10963,11355,17186,2,100,70,57172
mistral7b,draw4,model.layers.22.mlp.gate_proj,kl,70,10,60,0,0,0,17840,10963,11355,17186,2,100,70,57172
mistral7b,seed0,model.layers.22.mlp.up_proj,ce,92,6,86,0,0,0,18097,10884,11391,16972,0,92,97,57155
mistral7b,seed0,model.layers.22.mlp.up_proj,kl,97,10,87,0,0,0,18097,10884,11391,16972,0,92,97,57155
mistral7b,draw1,model.layers.22.mlp.up_proj,ce,113,16,97,0,0,0,17984,10921,11411,17028,3,113,79,57149
mistral7b,draw1,model.layers.22.mlp.up_proj,kl,79,11,68,0,0,0,17984,10921,11411,17028,3,113,79,57149
mistral7b,draw2,model.layers.22.mlp.up_proj,ce,116,14,102,0,0,0,18387,10518,10946,17493,0,116,49,57179
mistral7b,draw2,model.layers.22.mlp.up_proj,kl,49,9,40,0,0,0,18387,10518,10946,17493,0,116,49,57179
mistral7b,draw3,model.layers.22.mlp.up_proj,ce,71,10,61,0,0,0,19830,9255,9513,18746,0,71,24,57249
mistral7b,draw3,model.layers.22.mlp.up_proj,kl,24,3,21,0,0,0,19830,9255,9513,18746,0,71,24,57249
mistral7b,draw4,model.layers.22.mlp.up_proj,ce,108,15,93,0,0,0,17962,11264,11607,16511,2,108,76,57158
mistral7b,draw4,model.layers.22.mlp.up_proj,kl,76,12,64,0,0,0,17962,11264,11607,16511,2,108,76,57158
mistral7b,seed0,model.layers.22.self_attn.k_proj,ce,7,0,7,0,0,0,1290,774,802,1230,0,7,10,4079
mistral7b,seed0,model.layers.22.self_attn.k_proj,kl,10,0,10,0,0,0,1290,774,802,1230,0,7,10,4079
mistral7b,draw1,model.layers.22.self_attn.k_proj,ce,4,0,4,0,0,0,1305,821,791,1179,0,4,6,4086
mistral7b,draw1,model.layers.22.self_attn.k_proj,kl,6,3,3,0,0,0,1305,821,791,1179,0,4,6,4086
mistral7b,draw2,model.layers.22.self_attn.k_proj,ce,7,1,6,0,0,0,1282,788,793,1233,0,7,10,4079
mistral7b,draw2,model.layers.22.self_attn.k_proj,kl,10,1,9,0,0,0,1282,788,793,1233,0,7,10,4079
mistral7b,draw3,model.layers.22.self_attn.k_proj,ce,4,0,4,0,0,0,1380,661,694,1361,0,4,2,4090
mistral7b,draw3,model.layers.22.self_attn.k_proj,kl,2,0,2,0,0,0,1380,661,694,1361,0,4,2,4090
mistral7b,draw4,model.layers.22.self_attn.k_proj,ce,4,0,4,0,0,0,1196,841,872,1187,0,4,11,4081
mistral7b,draw4,model.layers.22.self_attn.k_proj,kl,11,3,8,0,0,0,1196,841,872,1187,0,4,11,4081
mistral7b,seed0,model.layers.22.self_attn.o_proj,ce,26,1,25,0,0,0,5150,2979,3236,5019,0,26,50,16308
mistral7b,seed0,model.layers.22.self_attn.o_proj,kl,50,12,38,0,0,0,5150,2979,3236,5019,0,26,50,16308
mistral7b,draw1,model.layers.22.self_attn.o_proj,ce,27,4,23,0,0,0,5140,3170,3239,4835,1,27,45,16311
mistral7b,draw1,model.layers.22.self_attn.o_proj,kl,45,6,39,0,0,0,5140,3170,3239,4835,1,27,45,16311
mistral7b,draw2,model.layers.22.self_attn.o_proj,ce,22,2,20,0,0,0,5284,2970,3055,5075,0,22,32,16330
mistral7b,draw2,model.layers.22.self_attn.o_proj,kl,32,6,26,0,0,0,5284,2970,3055,5075,0,22,32,16330
mistral7b,draw3,model.layers.22.self_attn.o_proj,ce,16,2,14,0,0,0,5661,2603,2570,5550,0,16,19,16349
mistral7b,draw3,model.layers.22.self_attn.o_proj,kl,19,4,15,0,0,0,5661,2603,2570,5550,0,16,19,16349
mistral7b,draw4,model.layers.22.self_attn.o_proj,ce,22,1,21,0,0,0,5141,3179,3186,4878,1,22,56,16305
mistral7b,draw4,model.layers.22.self_attn.o_proj,kl,56,17,39,0,0,0,5141,3179,3186,4878,1,22,56,16305
mistral7b,seed0,model.layers.22.self_attn.q_proj,ce,26,3,23,0,0,0,5061,3155,3310,4858,1,26,32,16325
mistral7b,seed0,model.layers.22.self_attn.q_proj,kl,32,2,30,0,0,0,5061,3155,3310,4858,1,26,32,16325
mistral7b,draw1,model.layers.22.self_attn.q_proj,ce,25,7,18,0,0,0,5066,3261,3218,4839,1,25,20,16338
mistral7b,draw1,model.layers.22.self_attn.q_proj,kl,20,7,13,0,0,0,5066,3261,3218,4839,1,25,20,16338
mistral7b,draw2,model.layers.22.self_attn.q_proj,ce,23,2,21,0,0,0,5196,3019,3103,5066,1,23,21,16339
mistral7b,draw2,model.layers.22.self_attn.q_proj,kl,21,6,15,0,0,0,5196,3019,3103,5066,1,23,21,16339
mistral7b,draw3,model.layers.22.self_attn.q_proj,ce,23,5,18,0,0,0,5618,2631,2595,5540,0,23,11,16350
mistral7b,draw3,model.layers.22.self_attn.q_proj,kl,11,4,7,0,0,0,5618,2631,2595,5540,0,23,11,16350
mistral7b,draw4,model.layers.22.self_attn.q_proj,ce,22,6,16,0,0,0,4836,3346,3409,4793,0,22,30,16332
mistral7b,draw4,model.layers.22.self_attn.q_proj,kl,30,9,21,0,0,0,4836,3346,3409,4793,0,22,30,16332
mistral7b,seed0,model.layers.22.self_attn.v_proj,ce,9,2,7,0,0,0,1321,728,794,1253,2,9,35,4050
mistral7b,seed0,model.layers.22.self_attn.v_proj,kl,35,5,30,0,0,0,1321,728,794,1253,2,9,35,4050
mistral7b,draw1,model.layers.22.self_attn.v_proj,ce,10,1,9,0,0,0,1284,746,770,1296,3,10,13,4070
mistral7b,draw1,model.layers.22.self_attn.v_proj,kl,13,2,11,0,0,0,1284,746,770,1296,3,10,13,4070
mistral7b,draw2,model.layers.22.self_attn.v_proj,ce,6,1,5,0,0,0,1402,650,756,1288,2,6,15,4073
mistral7b,draw2,model.layers.22.self_attn.v_proj,kl,15,2,13,0,0,0,1402,650,756,1288,2,6,15,4073
mistral7b,draw3,model.layers.22.self_attn.v_proj,ce,4,0,4,0,0,0,1499,599,644,1354,0,4,7,4085
mistral7b,draw3,model.layers.22.self_attn.v_proj,kl,7,0,7,0,0,0,1499,599,644,1354,0,4,7,4085
mistral7b,draw4,model.layers.22.self_attn.v_proj,ce,11,3,8,0,0,0,1302,790,802,1202,0,11,28,4057
mistral7b,draw4,model.layers.22.self_attn.v_proj,kl,28,4,24,0,0,0,1302,790,802,1202,0,11,28,4057
mistral7b,seed0,model.layers.23.mlp.down_proj,ce,90,11,79,0,0,0,18274,10825,11228,17017,2,90,90,57162
mistral7b,seed0,model.layers.23.mlp.down_proj,kl,90,10,80,0,0,0,18274,10825,11228,17017,2,90,90,57162
mistral7b,draw1,model.layers.23.mlp.down_proj,ce,87,11,76,0,0,0,17739,10963,11582,17060,1,87,65,57191
mistral7b,draw1,model.layers.23.mlp.down_proj,kl,65,9,56,0,0,0,17739,10963,11582,17060,1,87,65,57191
mistral7b,draw2,model.layers.23.mlp.down_proj,ce,120,18,102,0,0,0,18230,10584,11027,17503,1,120,61,57162
mistral7b,draw2,model.layers.23.mlp.down_proj,kl,61,13,48,0,0,0,18230,10584,11027,17503,1,120,61,57162
mistral7b,draw3,model.layers.23.mlp.down_proj,ce,77,7,70,0,0,0,19717,9440,9540,18647,3,77,20,57244
mistral7b,draw3,model.layers.23.mlp.down_proj,kl,20,2,18,0,0,0,19717,9440,9540,18647,3,77,20,57244
mistral7b,draw4,model.layers.23.mlp.down_proj,ce,90,21,69,0,0,0,17979,11120,11527,16718,3,90,74,57177
mistral7b,draw4,model.layers.23.mlp.down_proj,kl,74,10,64,0,0,0,17979,11120,11527,16718,3,90,74,57177
mistral7b,seed0,model.layers.23.mlp.gate_proj,ce,86,9,77,0,0,0,18397,10581,11129,17237,2,86,94,57162
mistral7b,seed0,model.layers.23.mlp.gate_proj,kl,94,14,80,0,0,0,18397,10581,11129,17237,2,86,94,57162
mistral7b,draw1,model.layers.23.mlp.gate_proj,ce,102,10,92,0,0,0,18280,10691,11072,17301,1,102,69,57172
mistral7b,draw1,model.layers.23.mlp.gate_proj,kl,69,7,62,0,0,0,18280,10691,11072,17301,1,102,69,57172
mistral7b,draw2,model.layers.23.mlp.gate_proj,ce,92,11,81,0,0,0,18664,10129,10759,17792,2,92,41,57209
mistral7b,draw2,model.layers.23.mlp.gate_proj,kl,41,8,33,0,0,0,18664,10129,10759,17792,2,92,41,57209
mistral7b,draw3,model.layers.23.mlp.gate_proj,ce,63,8,55,0,0,0,19971,8970,9350,19053,1,63,27,57253
mistral7b,draw3,model.layers.23.mlp.gate_proj,kl,27,0,27,0,0,0,19971,8970,9350,19053,1,63,27,57253
mistral7b,draw4,model.layers.23.mlp.gate_proj,ce,105,18,87,0,0,0,18017,11046,11246,17035,3,105,72,57164
mistral7b,draw4,model.layers.23.mlp.gate_proj,kl,72,14,58,0,0,0,18017,11046,11246,17035,3,105,72,57164
mistral7b,seed0,model.layers.23.mlp.up_proj,ce,93,2,91,0,0,0,18296,10668,11112,17268,1,93,71,57179
mistral7b,seed0,model.layers.23.mlp.up_proj,kl,71,13,58,0,0,0,18296,10668,11112,17268,1,93,71,57179
mistral7b,draw1,model.layers.23.mlp.up_proj,ce,95,13,82,0,0,0,17830,10940,11404,17170,1,95,70,57178
mistral7b,draw1,model.layers.23.mlp.up_proj,kl,70,10,60,0,0,0,17830,10940,11404,17170,1,95,70,57178
mistral7b,draw2,model.layers.23.mlp.up_proj,ce,74,11,63,0,0,0,18258,10472,11054,17560,3,74,58,57209
mistral7b,draw2,model.layers.23.mlp.up_proj,kl,58,10,48,0,0,0,18258,10472,11054,17560,3,74,58,57209
mistral7b,draw3,model.layers.23.mlp.up_proj,ce,79,6,73,0,0,0,19705,9168,9568,18903,4,79,21,57240
mistral7b,draw3,model.layers.23.mlp.up_proj,kl,21,3,18,0,0,0,19705,9168,9568,18903,4,79,21,57240
mistral7b,draw4,model.layers.23.mlp.up_proj,ce,83,12,71,0,0,0,17790,11236,11364,16954,0,83,70,57191
mistral7b,draw4,model.layers.23.mlp.up_proj,kl,70,9,61,0,0,0,17790,11236,11364,16954,0,83,70,57191
mistral7b,seed0,model.layers.23.self_attn.k_proj,ce,6,1,5,0,0,0,1248,809,843,1196,0,6,18,4072
mistral7b,seed0,model.layers.23.self_attn.k_proj,kl,18,3,15,0,0,0,1248,809,843,1196,0,6,18,4072
mistral7b,draw1,model.layers.23.self_attn.k_proj,ce,3,0,3,0,0,0,1302,813,813,1168,1,3,27,4065
mistral7b,draw1,model.layers.23.self_attn.k_proj,kl,27,7,20,0,0,0,1302,813,813,1168,1,3,27,4065
mistral7b,draw2,model.layers.23.self_attn.k_proj,ce,4,1,3,0,0,0,1313,767,778,1238,0,4,8,4084
mistral7b,draw2,model.layers.23.self_attn.k_proj,kl,8,1,7,0,0,0,1313,767,778,1238,0,4,8,4084
mistral7b,draw3,model.layers.23.self_attn.k_proj,ce,7,0,7,0,0,0,1372,676,737,1311,0,7,7,4082
mistral7b,draw3,model.layers.23.self_attn.k_proj,kl,7,4,3,0,0,0,1372,676,737,1311,0,7,7,4082
mistral7b,draw4,model.layers.23.self_attn.k_proj,ce,4,0,4,0,0,0,1254,805,876,1161,0,4,13,4079
mistral7b,draw4,model.layers.23.self_attn.k_proj,kl,13,2,11,0,0,0,1254,805,876,1161,0,4,13,4079
mistral7b,seed0,model.layers.23.self_attn.o_proj,ce,26,5,21,0,0,0,5168,3161,3286,4769,2,26,73,16283
mistral7b,seed0,model.layers.23.self_attn.o_proj,kl,73,15,58,0,0,0,5168,3161,3286,4769,2,26,73,16283
mistral7b,draw1,model.layers.23.self_attn.o_proj,ce,28,3,25,0,0,0,5010,3219,3342,4813,3,28,52,16301
mistral7b,draw1,model.layers.23.self_attn.o_proj,kl,52,10,42,0,0,0,5010,3219,3342,4813,3,28,52,16301
mistral7b,draw2,model.layers.23.self_attn.o_proj,ce,27,2,25,0,0,0,5168,2992,3057,5167,0,27,30,16327
mistral7b,draw2,model.layers.23.self_attn.o_proj,kl,30,4,26,0,0,0,5168,2992,3057,5167,0,27,30,16327
mistral7b,draw3,model.layers.23.self_attn.o_proj,ce,18,0,18,0,0,0,5654,2641,2771,5318,0,18,18,16348
mistral7b,draw3,model.layers.23.self_attn.o_proj,kl,18,3,15,0,0,0,5654,2641,2771,5318,0,18,18,16348
mistral7b,draw4,model.layers.23.self_attn.o_proj,ce,30,5,25,0,0,0,4923,3218,3316,4927,1,30,42,16311
mistral7b,draw4,model.layers.23.self_attn.o_proj,kl,42,13,29,0,0,0,4923,3218,3316,4927,1,30,42,16311
mistral7b,seed0,model.layers.23.self_attn.q_proj,ce,23,3,20,0,0,0,4976,3235,3274,4899,3,23,37,16321
mistral7b,seed0,model.layers.23.self_attn.q_proj,kl,37,8,29,0,0,0,4976,3235,3274,4899,3,23,37,16321
mistral7b,draw1,model.layers.23.self_attn.q_proj,ce,34,8,26,0,0,0,4985,3246,3362,4791,2,34,30,16318
mistral7b,draw1,model.layers.23.self_attn.q_proj,kl,30,5,25,0,0,0,4985,3246,3362,4791,2,34,30,16318
mistral7b,draw2,model.layers.23.self_attn.q_proj,ce,24,6,18,0,0,0,5103,3117,3248,4916,2,24,23,16335
mistral7b,draw2,model.layers.23.self_attn.q_proj,kl,23,3,20,0,0,0,5103,3117,3248,4916,2,24,23,16335
mistral7b,draw3,model.layers.23.self_attn.q_proj,ce,16,1,15,0,0,0,5470,2675,2692,5547,2,16,13,16353
mistral7b,draw3,model.layers.23.self_attn.q_proj,kl,13,3,10,0,0,0,5470,2675,2692,5547,2,16,13,16353
mistral7b,draw4,model.layers.23.self_attn.q_proj,ce,20,5,15,0,0,0,4987,3245,3505,4647,1,20,40,16323
mistral7b,draw4,model.layers.23.self_attn.q_proj,kl,40,10,30,0,0,0,4987,3245,3505,4647,1,20,40,16323
mistral7b,seed0,model.layers.23.self_attn.v_proj,ce,14,0,14,0,0,0,1348,784,787,1177,2,14,60,4020
mistral7b,seed0,model.layers.23.self_attn.v_proj,kl,60,12,48,0,0,0,1348,784,787,1177,2,14,60,4020
mistral7b,draw1,model.layers.23.self_attn.v_proj,ce,12,1,11,0,0,0,1285,792,851,1168,4,12,41,4039
mistral7b,draw1,model.layers.23.self_attn.v_proj,kl,41,4,37,0,0,0,1285,792,851,1168,4,12,41,4039
mistral7b,draw2,model.layers.23.self_attn.v_proj,ce,9,1,8,0,0,0,1355,732,774,1235,0,9,33,4054
mistral7b,draw2,model.layers.23.self_attn.v_proj,kl,33,3,30,0,0,0,1355,732,774,1235,0,9,33,4054
mistral7b,draw3,model.layers.23.self_attn.v_proj,ce,12,2,10,0,0,0,1432,655,631,1378,0,12,15,4069
mistral7b,draw3,model.layers.23.self_attn.v_proj,kl,15,4,11,0,0,0,1432,655,631,1378,0,12,15,4069
mistral7b,draw4,model.layers.23.self_attn.v_proj,ce,15,6,9,0,0,0,1294,770,824,1208,1,15,54,4026
mistral7b,draw4,model.layers.23.self_attn.v_proj,kl,54,8,46,0,0,0,1294,770,824,1208,1,15,54,4026
mistral7b,seed0,model.layers.24.mlp.down_proj,ce,103,15,88,0,0,0,18086,10622,11247,17389,0,103,104,57137
mistral7b,seed0,model.layers.24.mlp.down_proj,kl,104,13,91,0,0,0,18086,10622,11247,17389,0,103,104,57137
mistral7b,draw1,model.layers.24.mlp.down_proj,ce,80,10,70,0,0,0,17685,11156,11542,16961,0,80,76,57188
mistral7b,draw1,model.layers.24.mlp.down_proj,kl,76,10,66,0,0,0,17685,11156,11542,16961,0,80,76,57188
mistral7b,draw2,model.layers.24.mlp.down_proj,ce,94,11,83,0,0,0,18355,10676,10946,17367,0,94,58,57192
mistral7b,draw2,model.layers.24.mlp.down_proj,kl,58,8,50,0,0,0,18355,10676,10946,17367,0,94,58,57192
mistral7b,draw3,model.layers.24.mlp.down_proj,ce,72,7,65,0,0,0,19908,9215,9372,18849,0,72,31,57241
mistral7b,draw3,model.layers.24.mlp.down_proj,kl,31,2,29,0,0,0,19908,9215,9372,18849,0,72,31,57241
mistral7b,draw4,model.layers.24.mlp.down_proj,ce,97,13,84,0,0,0,17838,11230,11479,16797,1,97,62,57184
mistral7b,draw4,model.layers.24.mlp.down_proj,kl,62,13,49,0,0,0,17838,11230,11479,16797,1,97,62,57184
mistral7b,seed0,model.layers.24.mlp.gate_proj,ce,91,10,81,0,0,0,18383,10399,10867,17695,5,91,72,57176
mistral7b,seed0,model.layers.24.mlp.gate_proj,kl,72,9,63,0,0,0,18383,10399,10867,17695,5,91,72,57176
mistral7b,draw1,model.layers.24.mlp.gate_proj,ce,86,8,78,0,0,0,18169,10759,11009,17407,0,86,73,57185
mistral7b,draw1,model.layers.24.mlp.gate_proj,kl,73,11,62,0,0,0,18169,10759,11009,17407,0,86,73,57185
mistral7b,draw2,model.layers.24.mlp.gate_proj,ce,79,10,69,0,0,0,18571,10405,10498,17870,0,79,34,57231
mistral7b,draw2,model.layers.24.mlp.gate_proj,kl,34,6,28,0,0,0,18571,10405,10498,17870,0,79,34,57231
mistral7b,draw3,model.layers.24.mlp.gate_proj,ce,76,9,67,0,0,0,20215,8777,9133,19219,1,76,22,57245
mistral7b,draw3,model.layers.24.mlp.gate_proj,kl,22,2,20,0,0,0,20215,8777,9133,19219,1,76,22,57245
mistral7b,draw4,model.layers.24.mlp.gate_proj,ce,88,15,73,0,0,0,18219,10891,11209,17025,0,88,56,57200
mistral7b,draw4,model.layers.24.mlp.gate_proj,kl,56,9,47,0,0,0,18219,10891,11209,17025,0,88,56,57200
mistral7b,seed0,model.layers.24.mlp.up_proj,ce,94,13,81,0,0,0,18206,10663,11051,17424,4,94,91,57155
mistral7b,seed0,model.layers.24.mlp.up_proj,kl,91,19,72,0,0,0,18206,10663,11051,17424,4,94,91,57155
mistral7b,draw1,model.layers.24.mlp.up_proj,ce,95,7,88,0,0,0,17973,10975,11110,17286,1,95,80,57168
mistral7b,draw1,model.layers.24.mlp.up_proj,kl,80,14,66,0,0,0,17973,10975,11110,17286,1,95,80,57168
mistral7b,draw2,model.layers.24.mlp.up_proj,ce,88,9,79,0,0,0,18580,10374,10685,17705,3,88,47,57206
mistral7b,draw2,model.layers.24.mlp.up_proj,kl,47,6,41,0,0,0,18580,10374,10685,17705,3,88,47,57206
mistral7b,draw3,model.layers.24.mlp.up_proj,ce,77,8,69,0,0,0,19638,9045,9481,19180,0,77,22,57245
mistral7b,draw3,model.layers.24.mlp.up_proj,kl,22,2,20,0,0,0,19638,9045,9481,19180,0,77,22,57245
mistral7b,draw4,model.layers.24.mlp.up_proj,ce,117,14,103,0,0,0,18094,10877,11259,17114,1,117,81,57145
mistral7b,draw4,model.layers.24.mlp.up_proj,kl,81,10,71,0,0,0,18094,10877,11259,17114,1,117,81,57145
mistral7b,seed0,model.layers.24.self_attn.k_proj,ce,10,1,9,0,0,0,1249,797,860,1190,0,10,6,4080
mistral7b,seed0,model.layers.24.self_attn.k_proj,kl,6,0,6,0,0,0,1249,797,860,1190,0,10,6,4080
mistral7b,draw1,model.layers.24.self_attn.k_proj,ce,5,1,4,0,0,0,1296,741,816,1243,0,5,6,4085
mistral7b,draw1,model.layers.24.self_attn.k_proj,kl,6,1,5,0,0,0,1296,741,816,1243,0,5,6,4085
mistral7b,draw2,model.layers.24.self_attn.k_proj,ce,7,3,4,0,0,0,1313,765,821,1197,0,7,4,4085
mistral7b,draw2,model.layers.24.self_attn.k_proj,kl,4,0,4,0,0,0,1313,765,821,1197,0,7,4,4085
mistral7b,draw3,model.layers.24.self_attn.k_proj,ce,3,0,3,0,0,0,1337,695,713,1351,0,3,4,4089
mistral7b,draw3,model.layers.24.self_attn.k_proj,kl,4,0,4,0,0,0,1337,695,713,1351,0,3,4,4089
mistral7b,draw4,model.layers.24.self_attn.k_proj,ce,2,0,2,0,0,0,1246,777,851,1222,0,2,4,4090
mistral7b,draw4,model.layers.24.self_attn.k_proj,kl,4,0,4,0,0,0,1246,777,851,1222,0,2,4,4090
mistral7b,seed0,model.layers.24.self_attn.o_proj,ce,36,4,32,0,0,0,5083,3143,3225,4933,0,36,57,16291
mistral7b,seed0,model.layers.24.self_attn.o_proj,kl,57,10,47,0,0,0,5083,3143,3225,4933,0,36,57,16291
mistral7b,draw1,model.layers.24.self_attn.o_proj,ce,22,3,19,0,0,0,4863,3303,3385,4833,0,22,52,16310
mistral7b,draw1,model.layers.24.self_attn.o_proj,kl,52,9,43,0,0,0,4863,3303,3385,4833,0,22,52,16310
mistral7b,draw2,model.layers.24.self_attn.o_proj,ce,21,5,16,0,0,0,5047,3133,3182,5022,0,21,28,16335
mistral7b,draw2,model.layers.24.self_attn.o_proj,kl,28,2,26,0,0,0,5047,3133,3182,5022,0,21,28,16335
mistral7b,draw3,model.layers.24.self_attn.o_proj,ce,23,3,20,0,0,0,5511,2635,2751,5487,0,23,18,16343
mistral7b,draw3,model.layers.24.self_attn.o_proj,kl,18,5,13,0,0,0,5511,2635,2751,5487,0,23,18,16343
mistral7b,draw4,model.layers.24.self_attn.o_proj,ce,20,4,16,0,0,0,5047,3223,3388,4726,0,20,60,16304
mistral7b,draw4,model.layers.24.self_attn.o_proj,kl,60,17,43,0,0,0,5047,3223,3388,4726,0,20,60,16304
mistral7b,seed0,model.layers.24.self_attn.q_proj,ce,33,7,26,0,0,0,5037,3242,3376,4729,0,33,22,16329
mistral7b,seed0,model.layers.24.self_attn.q_proj,kl,22,6,16,0,0,0,5037,3242,3376,4729,0,33,22,16329
mistral7b,draw1,model.layers.24.self_attn.q_proj,ce,31,6,25,0,0,0,5110,3255,3177,4842,0,31,14,16339
mistral7b,draw1,model.layers.24.self_attn.q_proj,kl,14,4,10,0,0,0,5110,3255,3177,4842,0,31,14,16339
mistral7b,draw2,model.layers.24.self_attn.q_proj,ce,19,6,13,0,0,0,5099,3157,3088,5040,0,19,15,16350
mistral7b,draw2,model.layers.24.self_attn.q_proj,kl,15,0,15,0,0,0,5099,3157,3088,5040,0,19,15,16350
mistral7b,draw3,model.layers.24.self_attn.q_proj,ce,24,6,18,0,0,0,5475,2682,2885,5342,0,24,7,16353
mistral7b,draw3,model.layers.24.self_attn.q_proj,kl,7,1,6,0,0,0,5475,2682,2885,5342,0,24,7,16353
mistral7b,draw4,model.layers.24.self_attn.q_proj,ce,24,0,24,0,0,0,4940,3272,3271,4901,1,24,21,16338
mistral7b,draw4,model.layers.24.self_attn.q_proj,kl,21,8,13,0,0,0,4940,3272,3271,4901,1,24,21,16338
mistral7b,seed0,model.layers.24.self_attn.v_proj,ce,9,1,8,0,0,0,1301,757,809,1229,2,9,47,4038
mistral7b,seed0,model.layers.24.self_attn.v_proj,kl,47,12,35,0,0,0,1301,757,809,1229,2,9,47,4038
mistral7b,draw1,model.layers.24.self_attn.v_proj,ce,3,0,3,0,0,0,1249,788,851,1208,0,3,39,4054
mistral7b,draw1,model.layers.24.self_attn.v_proj,kl,39,9,30,0,0,0,1249,788,851,1208,0,3,39,4054
mistral7b,draw2,model.layers.24.self_attn.v_proj,ce,6,0,6,0,0,0,1321,755,821,1199,1,6,30,4059
mistral7b,draw2,model.layers.24.self_attn.v_proj,kl,30,6,24,0,0,0,1321,755,821,1199,1,6,30,4059
mistral7b,draw3,model.layers.24.self_attn.v_proj,ce,6,2,4,0,0,0,1411,626,685,1374,1,6,9,4080
mistral7b,draw3,model.layers.24.self_attn.v_proj,kl,9,0,9,0,0,0,1411,626,685,1374,1,6,9,4080
mistral7b,draw4,model.layers.24.self_attn.v_proj,ce,11,2,9,0,0,0,1302,771,849,1174,2,11,45,4038
mistral7b,draw4,model.layers.24.self_attn.v_proj,kl,45,11,34,0,0,0,1302,771,849,1174,2,11,45,4038
mistral7b,seed0,model.layers.25.mlp.down_proj,ce,111,9,102,0,0,0,17839,10885,11555,17065,2,111,111,57120
mistral7b,seed0,model.layers.25.mlp.down_proj,kl,111,17,94,0,0,0,17839,10885,11555,17065,2,111,111,57120
mistral7b,draw1,model.layers.25.mlp.down_proj,ce,109,21,88,0,0,0,17767,10999,11707,16871,2,109,81,57152
mistral7b,draw1,model.layers.25.mlp.down_proj,kl,81,19,62,0,0,0,17767,10999,11707,16871,2,109,81,57152
mistral7b,draw2,model.layers.25.mlp.down_proj,ce,83,6,77,0,0,0,18274,10727,11072,17271,1,83,55,57205
mistral7b,draw2,model.layers.25.mlp.down_proj,kl,55,7,48,0,0,0,18274,10727,11072,17271,1,83,55,57205
mistral7b,draw3,model.layers.25.mlp.down_proj,ce,76,11,65,0,0,0,19765,9349,9396,18834,1,76,38,57229
mistral7b,draw3,model.layers.25.mlp.down_proj,kl,38,5,33,0,0,0,19765,9349,9396,18834,1,76,38,57229
mistral7b,draw4,model.layers.25.mlp.down_proj,ce,97,17,80,0,0,0,17953,11179,11640,16572,0,97,75,57172
mistral7b,draw4,model.layers.25.mlp.down_proj,kl,75,11,64,0,0,0,17953,11179,11640,16572,0,97,75,57172
mistral7b,seed0,model.layers.25.mlp.gate_proj,ce,97,8,89,0,0,0,18476,10484,10846,17538,0,97,82,57165
mistral7b,seed0,model.layers.25.mlp.gate_proj,kl,82,10,72,0,0,0,18476,10484,10846,17538,0,97,82,57165
mistral7b,draw1,model.layers.25.mlp.gate_proj,ce,79,10,69,0,0,0,18175,10609,11110,17450,3,79,73,57189
mistral7b,draw1,model.layers.25.mlp.gate_proj,kl,73,14,59,0,0,0,18175,10609,11110,17450,3,79,73,57189
mistral7b,draw2,model.layers.25.mlp.gate_proj,ce,86,11,75,0,0,0,18626,10242,10564,17912,6,86,45,57207
mistral7b,draw2,model.layers.25.mlp.gate_proj,kl,45,8,37,0,0,0,18626,10242,10564,17912,6,86,45,57207
mistral7b,draw3,model.layers.25.mlp.gate_proj,ce,55,6,49,0,0,0,19988,8930,9086,19340,1,55,21,57267
mistral7b,draw3,model.layers.25.mlp.gate_proj,kl,21,1,20,0,0,0,19988,8930,9086,19340,1,55,21,57267
mistral7b,draw4,model.layers.25.mlp.gate_proj,ce,88,11,77,0,0,0,17947,10999,11264,17134,1,88,71,57184
mistral7b,draw4,model.layers.25.mlp.gate_proj,kl,71,14,57,0,0,0,17947,10999,11264,17134,1,88,71,57184
mistral7b,seed0,model.layers.25.mlp.up_proj,ce,76,7,69,0,0,0,18407,10505,10990,17442,4,76,77,57187
mistral7b,seed0,model.layers.25.mlp.up_proj,kl,77,6,71,0,0,0,18407,10505,10990,17442,4,76,77,57187
mistral7b,draw1,model.layers.25.mlp.up_proj,ce,104,14,90,0,0,0,17962,10948,11149,17285,0,104,69,57171
mistral7b,draw1,model.layers.25.mlp.up_proj,kl,69,13,56,0,0,0,17962,10948,11149,17285,0,104,69,57171
mistral7b,draw2,model.layers.25.mlp.up_proj,ce,97,6,91,0,0,0,18588,10224,10729,17803,5,97,46,57196
mistral7b,draw2,model.layers.25.mlp.up_proj,kl,46,3,43,0,0,0,18588,10224,10729,17803,5,97,46,57196
mistral7b,draw3,model.layers.25.mlp.up_proj,ce,76,4,72,0,0,0,19937,9054,9475,18878,2,76,31,57235
mistral7b,draw3,model.layers.25.mlp.up_proj,kl,31,3,28,0,0,0,19937,9054,9475,18878,2,76,31,57235
mistral7b,draw4,model.layers.25.mlp.up_proj,ce,88,15,73,0,0,0,17984,11141,11432,16787,1,88,75,57180
mistral7b,draw4,model.layers.25.mlp.up_proj,kl,75,10,65,0,0,0,17984,11141,11432,16787,1,88,75,57180
mistral7b,seed0,model.layers.25.self_attn.k_proj,ce,8,2,6,0,0,0,1295,759,788,1254,0,8,22,4066
mistral7b,seed0,model.layers.25.self_attn.k_proj,kl,22,2,20,0,0,0,1295,759,788,1254,0,8,22,4066
mistral7b,draw1,model.layers.25.self_attn.k_proj,ce,10,3,7,0,0,0,1229,841,897,1129,0,10,10,4076
mistral7b,draw1,model.layers.25.self_attn.k_proj,kl,10,0,10,0,0,0,1229,841,897,1129,0,10,10,4076
mistral7b,draw2,model.layers.25.self_attn.k_proj,ce,12,2,10,0,0,0,1297,749,803,1247,0,12,12,4072
mistral7b,draw2,model.layers.25.self_attn.k_proj,kl,12,1,11,0,0,0,1297,749,803,1247,0,12,12,4072
mistral7b,draw3,model.layers.25.self_attn.k_proj,ce,4,0,4,0,0,0,1436,572,626,1462,0,4,2,4090
mistral7b,draw3,model.layers.25.self_attn.k_proj,kl,2,1,1,0,0,0,1436,572,626,1462,0,4,2,4090
mistral7b,draw4,model.layers.25.self_attn.k_proj,ce,6,2,4,0,0,0,1256,794,860,1186,1,6,21,4068
mistral7b,draw4,model.layers.25.self_attn.k_proj,kl,21,4,17,0,0,0,1256,794,860,1186,1,6,21,4068
mistral7b,seed0,model.layers.25.self_attn.o_proj,ce,27,2,25,0,0,0,5137,3030,3235,4982,1,27,145,16211
mistral7b,seed0,model.layers.25.self_attn.o_proj,kl,145,25,120,0,0,0,5137,3030,3235,4982,1,27,145,16211
mistral7b,draw1,model.layers.25.self_attn.o_proj,ce,31,5,26,0,0,0,5078,3195,3351,4760,1,31,98,16254
mistral7b,draw1,model.layers.25.self_attn.o_proj,kl,98,19,79,0,0,0,5078,3195,3351,4760,1,31,98,16254
mistral7b,draw2,model.layers.25.self_attn.o_proj,ce,30,4,26,0,0,0,5289,2916,3172,5007,2,30,70,16282
mistral7b,draw2,model.layers.25.self_attn.o_proj,kl,70,13,57,0,0,0,5289,2916,3172,5007,2,30,70,16282
mistral7b,draw3,model.layers.25.self_attn.o_proj,ce,25,4,21,0,0,0,5678,2490,2627,5589,1,25,23,16335
mistral7b,draw3,model.layers.25.self_attn.o_proj,kl,23,3,20,0,0,0,5678,2490,2627,5589,1,25,23,16335
mistral7b,draw4,model.layers.25.self_attn.o_proj,ce,25,7,18,0,0,0,4989,3307,3381,4707,1,25,140,16218
mistral7b,draw4,model.layers.25.self_attn.o_proj,kl,140,40,100,0,0,0,4989,3307,3381,4707,1,25,140,16218
mistral7b,seed0,model.layers.25.self_attn.q_proj,ce,27,3,24,0,0,0,5005,3175,3228,4976,0,27,20,16337
mistral7b,seed0,model.layers.25.self_attn.q_proj,kl,20,3,17,0,0,0,5005,3175,3228,4976,0,27,20,16337
mistral7b,draw1,model.layers.25.self_attn.q_proj,ce,26,8,18,0,0,0,4841,3293,3429,4821,0,26,21,16337
mistral7b,draw1,model.layers.25.self_attn.q_proj,kl,21,3,18,0,0,0,4841,3293,3429,4821,0,26,21,16337
mistral7b,draw2,model.layers.25.self_attn.q_proj,ce,33,6,27,0,0,0,5037,3186,3209,4952,1,33,23,16327
mistral7b,draw2,model.layers.25.self_attn.q_proj,kl,23,5,18,0,0,0,5037,3186,3209,4952,1,33,23,16327
mistral7b,draw3,model.layers.25.self_attn.q_proj,ce,13,3,10,0,0,0,5843,2386,2363,5792,0,13,5,16366
mistral7b,draw3,model.layers.25.self_attn.q_proj,kl,5,2,3,0,0,0,5843,2386,2363,5792,0,13,5,16366
mistral7b,draw4,model.layers.25.self_attn.q_proj,ce,25,7,18,0,0,0,4847,3404,3477,4656,2,25,45,16312
mistral7b,draw4,model.layers.25.self_attn.q_proj,kl,45,13,32,0,0,0,4847,3404,3477,4656,2,25,45,16312
mistral7b,seed0,model.layers.25.self_attn.v_proj,ce,11,0,11,0,0,0,1305,730,812,1249,1,11,85,3999
mistral7b,seed0,model.layers.25.self_attn.v_proj,kl,85,15,70,0,0,0,1305,730,812,1249,1,11,85,3999
mistral7b,draw1,model.layers.25.self_attn.v_proj,ce,10,1,9,0,0,0,1296,747,828,1225,4,10,41,4041
mistral7b,draw1,model.layers.25.self_attn.v_proj,kl,41,8,33,0,0,0,1296,747,828,1225,4,10,41,4041
mistral7b,draw2,model.layers.25.self_attn.v_proj,ce,12,2,10,0,0,0,1380,781,712,1223,5,12,34,4045
mistral7b,draw2,model.layers.25.self_attn.v_proj,kl,34,3,31,0,0,0,1380,781,712,1223,5,12,34,4045
mistral7b,draw3,model.layers.25.self_attn.v_proj,ce,6,1,5,0,0,0,1488,579,633,1396,1,6,17,4072
mistral7b,draw3,model.layers.25.self_attn.v_proj,kl,17,4,13,0,0,0,1488,579,633,1396,1,6,17,4072
mistral7b,draw4,model.layers.25.self_attn.v_proj,ce,12,3,9,0,0,0,1349,780,797,1170,2,12,65,4017
mistral7b,draw4,model.layers.25.self_attn.v_proj,kl,65,12,53,0,0,0,1349,780,797,1170,2,12,65,4017
mistral7b,seed0,model.layers.26.mlp.down_proj,ce,120,19,101,0,0,0,17947,10940,11433,17024,2,120,156,57066
mistral7b,seed0,model.layers.26.mlp.down_proj,kl,156,24,132,0,0,0,17947,10940,11433,17024,2,120,156,57066
mistral7b,draw1,model.layers.26.mlp.down_proj,ce,94,13,81,0,0,0,17628,11273,11603,16840,4,94,111,57135
mistral7b,draw1,model.layers.26.mlp.down_proj,kl,111,16,95,0,0,0,17628,11273,11603,16840,4,94,111,57135
mistral7b,draw2,model.layers.26.mlp.down_proj,ce,104,11,93,0,0,0,18181,10700,11213,17250,3,104,86,57151
mistral7b,draw2,model.layers.26.mlp.down_proj,kl,86,10,76,0,0,0,18181,10700,11213,17250,3,104,86,57151
mistral7b,draw3,model.layers.26.mlp.down_proj,ce,86,17,69,0,0,0,19575,9280,9446,19043,0,86,36,57222
mistral7b,draw3,model.layers.26.mlp.down_proj,kl,36,3,33,0,0,0,19575,9280,9446,19043,0,86,36,57222
mistral7b,draw4,model.layers.26.mlp.down_proj,ce,99,14,85,0,0,0,17689,11219,11761,16675,1,99,121,57123
mistral7b,draw4,model.layers.26.mlp.down_proj,kl,121,22,99,0,0,0,17689,11219,11761,16675,1,99,121,57123
mistral7b,seed0,model.layers.26.mlp.gate_proj,ce,98,9,89,0,0,0,18255,10661,11151,17277,2,98,73,57171
mistral7b,seed0,model.layers.26.mlp.gate_proj,kl,73,11,62,0,0,0,18255,10661,11151,17277,2,98,73,57171
mistral7b,draw1,model.layers.26.mlp.gate_proj,ce,78,10,68,0,0,0,18234,10798,11280,17032,3,78,72,57191
mistral7b,draw1,model.layers.26.mlp.gate_proj,kl,72,10,62,0,0,0,18234,10798,11280,17032,3,78,72,57191
mistral7b,draw2,model.layers.26.mlp.gate_proj,ce,82,11,71,0,0,0,18660,10217,10590,17877,4,82,55,57203
mistral7b,draw2,model.layers.26.mlp.gate_proj,kl,55,3,52,0,0,0,18660,10217,10590,17877,4,82,55,57203
mistral7b,draw3,model.layers.26.mlp.gate_proj,ce,67,4,63,0,0,0,19948,8814,9078,19504,0,67,18,57259
mistral7b,draw3,model.layers.26.mlp.gate_proj,kl,18,1,17,0,0,0,19948,8814,9078,19504,0,67,18,57259
mistral7b,draw4,model.layers.26.mlp.gate_proj,ce,95,18,77,0,0,0,18154,10907,11163,17120,1,95,65,57183
mistral7b,draw4,model.layers.26.mlp.gate_proj,kl,65,15,50,0,0,0,18154,10907,11163,17120,1,95,65,57183
mistral7b,seed0,model.layers.26.mlp.up_proj,ce,107,17,90,0,0,0,18005,11094,11302,16943,1,107,93,57143
mistral7b,seed0,model.layers.26.mlp.up_proj,kl,93,11,82,0,0,0,18005,11094,11302,16943,1,107,93,57143
mistral7b,draw1,model.layers.26.mlp.up_proj,ce,112,12,100,0,0,0,18185,10837,11382,16940,1,112,92,57139
mistral7b,draw1,model.layers.26.mlp.up_proj,kl,92,21,71,0,0,0,18185,10837,11382,16940,1,112,92,57139
mistral7b,draw2,model.layers.26.mlp.up_proj,ce,106,11,95,0,0,0,18408,10427,10698,17811,1,106,54,57183
mistral7b,draw2,model.layers.26.mlp.up_proj,kl,54,8,46,0,0,0,18408,10427,10698,17811,1,106,54,57183
mistral7b,draw3,model.layers.26.mlp.up_proj,ce,58,6,52,0,0,0,19818,9178,9291,19057,1,58,22,57263
mistral7b,draw3,model.layers.26.mlp.up_proj,kl,22,2,20,0,0,0,19818,9178,9291,19057,1,58,22,57263
mistral7b,draw4,model.layers.26.mlp.up_proj,ce,93,14,79,0,0,0,17885,11028,11474,16957,4,93,70,57177
mistral7b,draw4,model.layers.26.mlp.up_proj,kl,70,16,54,0,0,0,17885,11028,11474,16957,4,93,70,57177
mistral7b,seed0,model.layers.26.self_attn.k_proj,ce,7,0,7,0,0,0,1294,785,782,1235,0,7,6,4083
mistral7b,seed0,model.layers.26.self_attn.k_proj,kl,6,0,6,0,0,0,1294,785,782,1235,0,7,6,4083
mistral7b,draw1,model.layers.26.self_attn.k_proj,ce,10,3,7,0,0,0,1257,841,841,1157,1,10,9,4076
mistral7b,draw1,model.layers.26.self_attn.k_proj,kl,9,0,9,0,0,0,1257,841,841,1157,1,10,9,4076
mistral7b,draw2,model.layers.26.self_attn.k_proj,ce,8,1,7,0,0,0,1323,775,756,1242,0,8,1,4087
mistral7b,draw2,model.layers.26.self_attn.k_proj,kl,1,0,1,0,0,0,1323,775,756,1242,0,8,1,4087
mistral7b,draw3,model.layers.26.self_attn.k_proj,ce,4,0,4,0,0,0,1427,665,693,1311,0,4,5,4087
mistral7b,draw3,model.layers.26.self_attn.k_proj,kl,5,1,4,0,0,0,1427,665,693,1311,0,4,5,4087
mistral7b,draw4,model.layers.26.self_attn.k_proj,ce,11,0,11,0,0,0,1284,831,829,1152,0,11,5,4080
mistral7b,draw4,model.layers.26.self_attn.k_proj,kl,5,1,4,0,0,0,1284,831,829,1152,0,11,5,4080
mistral7b,seed0,model.layers.26.self_attn.o_proj,ce,28,1,27,0,0,0,5198,3128,3227,4831,1,28,81,16274
mistral7b,seed0,model.layers.26.self_attn.o_proj,kl,81,12,69,0,0,0,5198,3128,3227,4831,1,28,81,16274
mistral7b,draw1,model.layers.26.self_attn.o_proj,ce,35,4,31,0,0,0,4905,3269,3441,4769,2,35,82,16265
mistral7b,draw1,model.layers.26.self_attn.o_proj,kl,82,22,60,0,0,0,4905,3269,3441,4769,2,35,82,16265
mistral7b,draw2,model.layers.26.self_attn.o_proj,ce,43,6,37,0,0,0,5126,3103,3172,4983,0,43,56,16285
mistral7b,draw2,model.layers.26.self_attn.o_proj,kl,56,8,48,0,0,0,5126,3103,3172,4983,0,43,56,16285
mistral7b,draw3,model.layers.26.self_attn.o_proj,ce,20,4,16,0,0,0,5651,2691,2632,5410,0,20,27,16337
mistral7b,draw3,model.layers.26.self_attn.o_proj,kl,27,4,23,0,0,0,5651,2691,2632,5410,0,20,27,16337
mistral7b,draw4,model.layers.26.self_attn.o_proj,ce,28,8,20,0,0,0,4863,3285,3466,4770,1,28,73,16282
mistral7b,draw4,model.layers.26.self_attn.o_proj,kl,73,21,52,0,0,0,4863,3285,3466,4770,1,28,73,16282
mistral7b,seed0,model.layers.26.self_attn.q_proj,ce,26,4,22,0,0,0,5146,3142,3178,4918,2,26,30,16326
mistral7b,seed0,model.layers.26.self_attn.q_proj,kl,30,6,24,0,0,0,5146,3142,3178,4918,2,26,30,16326
mistral7b,draw1,model.layers.26.self_attn.q_proj,ce,18,3,15,0,0,0,4963,3225,3257,4939,1,18,28,16337
mistral7b,draw1,model.layers.26.self_attn.q_proj,kl,28,6,22,0,0,0,4963,3225,3257,4939,1,18,28,16337
mistral7b,draw2,model.layers.26.self_attn.q_proj,ce,24,6,18,0,0,0,5117,3103,3188,4976,1,24,14,16345
mistral7b,draw2,model.layers.26.self_attn.q_proj,kl,14,4,10,0,0,0,5117,3103,3188,4976,1,24,14,16345
mistral7b,draw3,model.layers.26.self_attn.q_proj,ce,13,1,12,0,0,0,5603,2500,2727,5554,1,13,7,16363
mistral7b,draw3,model.layers.26.self_attn.q_proj,kl,7,0,7,0,0,0,5603,2500,2727,5554,1,13,7,16363
mistral7b,draw4,model.layers.26.self_attn.q_proj,ce,26,7,19,0,0,0,4908,3335,3505,4636,0,26,26,16332
mistral7b,draw4,model.layers.26.self_attn.q_proj,kl,26,6,20,0,0,0,4908,3335,3505,4636,0,26,26,16332
mistral7b,seed0,model.layers.26.self_attn.v_proj,ce,12,1,11,0,0,0,1309,725,803,1259,2,12,86,3996
mistral7b,seed0,model.layers.26.self_attn.v_proj,kl,86,13,73,0,0,0,1309,725,803,1259,2,12,86,3996
mistral7b,draw1,model.layers.26.self_attn.v_proj,ce,10,1,9,0,0,0,1265,743,864,1224,2,10,52,4032
mistral7b,draw1,model.layers.26.self_attn.v_proj,kl,52,9,43,0,0,0,1265,743,864,1224,2,10,52,4032
mistral7b,draw2,model.layers.26.self_attn.v_proj,ce,15,2,13,0,0,0,1329,797,738,1232,2,15,51,4028
mistral7b,draw2,model.layers.26.self_attn.v_proj,kl,51,6,45,0,0,0,1329,797,738,1232,2,15,51,4028
mistral7b,draw3,model.layers.26.self_attn.v_proj,ce,13,1,12,0,0,0,1386,642,650,1418,3,13,26,4054
mistral7b,draw3,model.layers.26.self_attn.v_proj,kl,26,4,22,0,0,0,1386,642,650,1418,3,13,26,4054
mistral7b,draw4,model.layers.26.self_attn.v_proj,ce,10,2,8,0,0,0,1267,770,846,1213,2,10,80,4004
mistral7b,draw4,model.layers.26.self_attn.v_proj,kl,80,14,66,0,0,0,1267,770,846,1213,2,10,80,4004
mistral7b,seed0,model.layers.27.mlp.down_proj,ce,94,13,81,0,0,0,17629,11076,11698,16941,3,94,176,57071
mistral7b,seed0,model.layers.27.mlp.down_proj,kl,176,29,147,0,0,0,17629,11076,11698,16941,3,94,176,57071
mistral7b,draw1,model.layers.27.mlp.down_proj,ce,88,13,75,0,0,0,17415,11422,11877,16630,7,88,116,57133
mistral7b,draw1,model.layers.27.mlp.down_proj,kl,116,25,91,0,0,0,17415,11422,11877,16630,7,88,116,57133
mistral7b,draw2,model.layers.27.mlp.down_proj,ce,112,18,94,0,0,0,17753,11064,11447,17080,4,112,116,57112
mistral7b,draw2,model.layers.27.mlp.down_proj,kl,116,23,93,0,0,0,17753,11064,11447,17080,4,112,116,57112
mistral7b,draw3,model.layers.27.mlp.down_proj,ce,85,8,77,0,0,0,19379,9491,9605,18869,1,85,46,57212
mistral7b,draw3,model.layers.27.mlp.down_proj,kl,46,15,31,0,0,0,19379,9491,9605,18869,1,85,46,57212
mistral7b,draw4,model.layers.27.mlp.down_proj,ce,104,19,85,0,0,0,17442,11402,11730,16770,1,104,135,57104
mistral7b,draw4,model.layers.27.mlp.down_proj,kl,135,27,108,0,0,0,17442,11402,11730,16770,1,104,135,57104
mistral7b,seed0,model.layers.27.mlp.gate_proj,ce,100,15,85,0,0,0,18325,10795,10935,17289,2,100,79,57163
mistral7b,seed0,model.layers.27.mlp.gate_proj,kl,79,5,74,0,0,0,18325,10795,10935,17289,2,100,79,57163
mistral7b,draw1,model.layers.27.mlp.gate_proj,ce,83,10,73,0,0,0,17994,10731,11268,17351,4,83,60,57197
mistral7b,draw1,model.layers.27.mlp.gate_proj,kl,60,8,52,0,0,0,17994,10731,11268,17351,4,83,60,57197
mistral7b,draw2,model.layers.27.mlp.gate_proj,ce,91,16,75,0,0,0,18745,10170,10563,17866,2,91,50,57201
mistral7b,draw2,model.layers.27.mlp.gate_proj,kl,50,6,44,0,0,0,18745,10170,10563,17866,2,91,50,57201
mistral7b,draw3,model.layers.27.mlp.gate_proj,ce,67,8,59,0,0,0,19972,8937,9221,19214,1,67,27,57249
mistral7b,draw3,model.layers.27.mlp.gate_proj,kl,27,2,25,0,0,0,19972,8937,9221,19214,1,67,27,57249
mistral7b,draw4,model.layers.27.mlp.gate_proj,ce,99,9,90,0,0,0,18022,10978,11216,17128,3,99,73,57169
mistral7b,draw4,model.layers.27.mlp.gate_proj,kl,73,14,59,0,0,0,18022,10978,11216,17128,3,99,73,57169
mistral7b,seed0,model.layers.27.mlp.up_proj,ce,88,9,79,0,0,0,18046,11004,11222,17072,6,88,109,57141
mistral7b,seed0,model.layers.27.mlp.up_proj,kl,109,20,89,0,0,0,18046,11004,11222,17072,6,88,109,57141
mistral7b,draw1,model.layers.27.mlp.up_proj,ce,89,10,79,0,0,0,18017,10934,11223,17170,1,89,65,57189
mistral7b,draw1,model.layers.27.mlp.up_proj,kl,65,12,53,0,0,0,18017,10934,11223,17170,1,89,65,57189
mistral7b,draw2,model.layers.27.mlp.up_proj,ce,89,9,80,0,0,0,18604,10392,10459,17889,0,89,55,57200
mistral7b,draw2,model.layers.27.mlp.up_proj,kl,55,8,47,0,0,0,18604,10392,10459,17889,0,89,55,57200
mistral7b,draw3,model.layers.27.mlp.up_proj,ce,71,7,64,0,0,0,19851,8977,9188,19328,0,71,18,57255
mistral7b,draw3,model.layers.27.mlp.up_proj,kl,18,4,14,0,0,0,19851,8977,9188,19328,0,71,18,57255
mistral7b,draw4,model.layers.27.mlp.up_proj,ce,111,13,98,0,0,0,17925,11046,11354,17019,2,111,76,57155
mistral7b,draw4,model.layers.27.mlp.up_proj,kl,76,20,56,0,0,0,17925,11046,11354,17019,2,111,76,57155
mistral7b,seed0,model.layers.27.self_attn.k_proj,ce,7,2,5,0,0,0,1271,782,819,1224,0,7,19,4070
mistral7b,seed0,model.layers.27.self_attn.k_proj,kl,19,3,16,0,0,0,1271,782,819,1224,0,7,19,4070
mistral7b,draw1,model.layers.27.self_attn.k_proj,ce,11,2,9,0,0,0,1247,853,804,1192,0,11,14,4071
mistral7b,draw1,model.layers.27.self_attn.k_proj,kl,14,6,8,0,0,0,1247,853,804,1192,0,11,14,4071
mistral7b,draw2,model.layers.27.self_attn.k_proj,ce,4,2,2,0,0,0,1209,826,807,1254,0,4,8,4084
mistral7b,draw2,model.layers.27.self_attn.k_proj,kl,8,1,7,0,0,0,1209,826,807,1254,0,4,8,4084
mistral7b,draw3,model.layers.27.self_attn.k_proj,ce,4,0,4,0,0,0,1377,649,672,1398,0,4,2,4090
mistral7b,draw3,model.layers.27.self_attn.k_proj,kl,2,0,2,0,0,0,1377,649,672,1398,0,4,2,4090
mistral7b,draw4,model.layers.27.self_attn.k_proj,ce,3,0,3,0,0,0,1221,836,879,1160,0,3,20,4073
mistral7b,draw4,model.layers.27.self_attn.k_proj,kl,20,1,19,0,0,0,1221,836,879,1160,0,3,20,4073
mistral7b,seed0,model.layers.27.self_attn.o_proj,ce,37,6,31,0,0,0,5276,3060,3071,4977,15,37,336,15996
mistral7b,seed0,model.layers.27.self_attn.o_proj,kl,336,59,277,0,0,0,5276,3060,3071,4977,15,37,336,15996
mistral7b,draw1,model.layers.27.self_attn.o_proj,ce,32,7,25,0,0,0,5125,3150,3280,4829,10,32,240,16102
mistral7b,draw1,model.layers.27.self_attn.o_proj,kl,240,48,192,0,0,0,5125,3150,3280,4829,10,32,240,16102
mistral7b,draw2,model.layers.27.self_attn.o_proj,ce,37,4,33,0,0,0,5335,2941,3068,5040,11,37,169,16167
mistral7b,draw2,model.layers.27.self_attn.o_proj,kl,169,21,148,0,0,0,5335,2941,3068,5040,11,37,169,16167
mistral7b,draw3,model.layers.27.self_attn.o_proj,ce,26,3,23,0,0,0,5765,2473,2688,5458,6,26,65,16287
mistral7b,draw3,model.layers.27.self_attn.o_proj,kl,65,10,55,0,0,0,5765,2473,2688,5458,6,26,65,16287
mistral7b,draw4,model.layers.27.self_attn.o_proj,ce,40,8,32,0,0,0,5066,3262,3276,4780,10,40,278,16056
mistral7b,draw4,model.layers.27.self_attn.o_proj,kl,278,60,218,0,0,0,5066,3262,3276,4780,10,40,278,16056
mistral7b,seed0,model.layers.27.self_attn.q_proj,ce,22,3,19,0,0,0,5107,3141,3225,4911,2,22,48,16312
mistral7b,seed0,model.layers.27.self_attn.q_proj,kl,48,6,42,0,0,0,5107,3141,3225,4911,2,22,48,16312
mistral7b,draw1,model.layers.27.self_attn.q_proj,ce,38,7,31,0,0,0,4981,3202,3383,4818,6,38,51,16289
mistral7b,draw1,model.layers.27.self_attn.q_proj,kl,51,5,46,0,0,0,4981,3202,3383,4818,6,38,51,16289
mistral7b,draw2,model.layers.27.self_attn.q_proj,ce,27,7,20,0,0,0,5156,3122,3240,4866,2,27,48,16307
mistral7b,draw2,model.layers.27.self_attn.q_proj,kl,48,12,36,0,0,0,5156,3122,3240,4866,2,27,48,16307
mistral7b,draw3,model.layers.27.self_attn.q_proj,ce,19,0,19,0,0,0,5750,2451,2501,5682,1,19,18,16346
mistral7b,draw3,model.layers.27.self_attn.q_proj,kl,18,4,14,0,0,0,5750,2451,2501,5682,1,19,18,16346
mistral7b,draw4,model.layers.27.self_attn.q_proj,ce,33,6,27,0,0,0,5031,3264,3317,4772,1,33,74,16276
mistral7b,draw4,model.layers.27.self_attn.q_proj,kl,74,14,60,0,0,0,5031,3264,3317,4772,1,33,74,16276
mistral7b,seed0,model.layers.27.self_attn.v_proj,ce,6,0,6,0,0,0,1362,717,740,1277,3,6,139,3948
mistral7b,seed0,model.layers.27.self_attn.v_proj,kl,139,21,118,0,0,0,1362,717,740,1277,3,6,139,3948
mistral7b,draw1,model.layers.27.self_attn.v_proj,ce,19,2,17,0,0,0,1293,778,796,1229,6,19,120,3951
mistral7b,draw1,model.layers.27.self_attn.v_proj,kl,120,21,99,0,0,0,1293,778,796,1229,6,19,120,3951
mistral7b,draw2,model.layers.27.self_attn.v_proj,ce,17,3,14,0,0,0,1336,718,757,1285,5,17,91,3983
mistral7b,draw2,model.layers.27.self_attn.v_proj,kl,91,15,76,0,0,0,1336,718,757,1285,5,17,91,3983
mistral7b,draw3,model.layers.27.self_attn.v_proj,ce,9,0,9,0,0,0,1474,599,629,1394,0,9,36,4051
mistral7b,draw3,model.layers.27.self_attn.v_proj,kl,36,8,28,0,0,0,1474,599,629,1394,0,9,36,4051
mistral7b,draw4,model.layers.27.self_attn.v_proj,ce,10,4,6,0,0,0,1328,754,799,1215,1,10,116,3969
mistral7b,draw4,model.layers.27.self_attn.v_proj,kl,116,17,99,0,0,0,1328,754,799,1215,1,10,116,3969
mistral7b,seed0,model.layers.28.mlp.down_proj,ce,107,17,90,0,0,0,17526,11187,11984,16647,19,107,395,56823
mistral7b,seed0,model.layers.28.mlp.down_proj,kl,395,61,334,0,0,0,17526,11187,11984,16647,19,107,395,56823
mistral7b,draw1,model.layers.28.mlp.down_proj,ce,131,29,102,0,0,0,17216,11550,12171,16407,16,131,396,56801
mistral7b,draw1,model.layers.28.mlp.down_proj,kl,396,95,301,0,0,0,17216,11550,12171,16407,16,131,396,56801
mistral7b,draw2,model.layers.28.mlp.down_proj,ce,114,15,99,0,0,0,17906,11098,11555,16785,19,114,288,56923
mistral7b,draw2,model.layers.28.mlp.down_proj,kl,288,36,252,0,0,0,17906,11098,11555,16785,19,114,288,56923
mistral7b,draw3,model.layers.28.mlp.down_proj,ce,90,12,78,0,0,0,19452,9505,9852,18535,10,90,145,57099
mistral7b,draw3,model.layers.28.mlp.down_proj,kl,145,19,126,0,0,0,19452,9505,9852,18535,10,90,145,57099
mistral7b,draw4,model.layers.28.mlp.down_proj,ce,90,14,76,0,0,0,17177,11562,12210,16395,11,90,397,56846
mistral7b,draw4,model.layers.28.mlp.down_proj,kl,397,81,316,0,0,0,17177,11562,12210,16395,11,90,397,56846
mistral7b,seed0,model.layers.28.mlp.gate_proj,ce,90,17,73,0,0,0,18013,10894,11345,17092,16,90,145,57093
mistral7b,seed0,model.layers.28.mlp.gate_proj,kl,145,27,118,0,0,0,18013,10894,11345,17092,16,90,145,57093
mistral7b,draw1,model.layers.28.mlp.gate_proj,ce,97,13,84,0,0,0,17864,11211,11507,16762,8,97,142,57097
mistral7b,draw1,model.layers.28.mlp.gate_proj,kl,142,33,109,0,0,0,17864,11211,11507,16762,8,97,142,57097
mistral7b,draw2,model.layers.28.mlp.gate_proj,ce,76,12,64,0,0,0,18160,10686,10876,17622,13,76,91,57164
mistral7b,draw2,model.layers.28.mlp.gate_proj,kl,91,15,76,0,0,0,18160,10686,10876,17622,13,76,91,57164
mistral7b,draw3,model.layers.28.mlp.gate_proj,ce,59,7,52,0,0,0,20268,8788,8782,19506,6,59,44,57235
mistral7b,draw3,model.layers.28.mlp.gate_proj,kl,44,5,39,0,0,0,20268,8788,8782,19506,6,59,44,57235
mistral7b,draw4,model.layers.28.mlp.gate_proj,ce,90,13,77,0,0,0,17782,11282,11677,16603,9,90,150,57095
mistral7b,draw4,model.layers.28.mlp.gate_proj,kl,150,35,115,0,0,0,17782,11282,11677,16603,9,90,150,57095
mistral7b,seed0,model.layers.28.mlp.up_proj,ce,107,14,93,0,0,0,17841,11177,11548,16778,23,107,177,57037
mistral7b,seed0,model.layers.28.mlp.up_proj,kl,177,36,141,0,0,0,17841,11177,11548,16778,23,107,177,57037
mistral7b,draw1,model.layers.28.mlp.up_proj,ce,87,14,73,0,0,0,17571,11163,11768,16842,18,87,171,57068
mistral7b,draw1,model.layers.28.mlp.up_proj,kl,171,21,150,0,0,0,17571,11163,11768,16842,18,87,171,57068
mistral7b,draw2,model.layers.28.mlp.up_proj,ce,89,8,81,0,0,0,18240,10695,11031,17378,21,89,115,57119
mistral7b,draw2,model.layers.28.mlp.up_proj,kl,115,13,102,0,0,0,18240,10695,11031,17378,21,89,115,57119
mistral7b,draw3,model.layers.28.mlp.up_proj,ce,81,12,69,0,0,0,20179,8854,9224,19087,18,81,47,57198
mistral7b,draw3,model.layers.28.mlp.up_proj,kl,47,7,40,0,0,0,20179,8854,9224,19087,18,81,47,57198
mistral7b,draw4,model.layers.28.mlp.up_proj,ce,103,19,84,0,0,0,17626,11373,11712,16633,13,103,165,57063
mistral7b,draw4,model.layers.28.mlp.up_proj,kl,165,32,133,0,0,0,17626,11373,11712,16633,13,103,165,57063
mistral7b,seed0,model.layers.28.self_attn.k_proj,ce,4,0,4,0,0,0,1168,822,942,1164,0,4,14,4078
mistral7b,seed0,model.layers.28.self_attn.k_proj,kl,14,3,11,0,0,0,1168,822,942,1164,0,4,14,4078
mistral7b,draw1,model.layers.28.self_attn.k_proj,ce,6,1,5,0,0,0,1303,775,864,1154,0,6,14,4076
mistral7b,draw1,model.layers.28.self_attn.k_proj,kl,14,3,11,0,0,0,1303,775,864,1154,0,6,14,4076
mistral7b,draw2,model.layers.28.self_attn.k_proj,ce,6,2,4,0,0,0,1251,849,831,1165,0,6,9,4081
mistral7b,draw2,model.layers.28.self_attn.k_proj,kl,9,2,7,0,0,0,1251,849,831,1165,0,6,9,4081
mistral7b,draw3,model.layers.28.self_attn.k_proj,ce,8,0,8,0,0,0,1451,669,709,1267,0,8,7,4081
mistral7b,draw3,model.layers.28.self_attn.k_proj,kl,7,0,7,0,0,0,1451,669,709,1267,0,8,7,4081
mistral7b,draw4,model.layers.28.self_attn.k_proj,ce,9,1,8,0,0,0,1205,865,895,1131,0,9,10,4077
mistral7b,draw4,model.layers.28.self_attn.k_proj,kl,10,1,9,0,0,0,1205,865,895,1131,0,9,10,4077
mistral7b,seed0,model.layers.28.self_attn.o_proj,ce,34,7,27,0,0,0,5089,3191,3174,4930,12,34,390,15948
mistral7b,seed0,model.layers.28.self_attn.o_proj,kl,390,74,316,0,0,0,5089,3191,3174,4930,12,34,390,15948
mistral7b,draw1,model.layers.28.self_attn.o_proj,ce,30,11,19,0,0,0,4975,3191,3363,4855,7,30,324,16023
mistral7b,draw1,model.layers.28.self_attn.o_proj,kl,324,73,251,0,0,0,4975,3191,3363,4855,7,30,324,16023
mistral7b,draw2,model.layers.28.self_attn.o_proj,ce,36,3,33,0,0,0,5202,3045,3107,5030,5,36,277,16066
mistral7b,draw2,model.layers.28.self_attn.o_proj,kl,277,39,238,0,0,0,5202,3045,3107,5030,5,36,277,16066
mistral7b,draw3,model.layers.28.self_attn.o_proj,ce,26,3,23,0,0,0,5524,2684,2825,5351,4,26,132,16222
mistral7b,draw3,model.layers.28.self_attn.o_proj,kl,132,30,102,0,0,0,5524,2684,2825,5351,4,26,132,16222
mistral7b,draw4,model.layers.28.self_attn.o_proj,ce,38,4,34,0,0,1,4991,3287,3387,4719,10,38,349,15987
mistral7b,draw4,model.layers.28.self_attn.o_proj,kl,349,86,263,0,0,0,4991,3287,3387,4719,10,38,349,15987
mistral7b,seed0,model.layers.28.self_attn.q_proj,ce,25,5,20,0,0,0,4860,3339,3315,4870,0,25,45,16314
mistral7b,seed0,model.layers.28.self_attn.q_proj,kl,45,10,35,0,0,0,4860,3339,3315,4870,0,25,45,16314
mistral7b,draw1,model.layers.28.self_attn.q_proj,ce,29,6,23,0,0,0,4875,3346,3410,4753,1,29,45,16309
mistral7b,draw1,model.layers.28.self_attn.q_proj,kl,45,9,36,0,0,0,4875,3346,3410,4753,1,29,45,16309
mistral7b,draw2,model.layers.28.self_attn.q_proj,ce,24,3,21,0,0,0,4979,3273,3231,4901,0,24,31,16329
mistral7b,draw2,model.layers.28.self_attn.q_proj,kl,31,5,26,0,0,0,4979,3273,3231,4901,0,24,31,16329
mistral7b,draw3,model.layers.28.self_attn.q_proj,ce,15,2,13,0,0,0,5597,2540,2669,5578,0,15,12,16357
mistral7b,draw3,model.layers.28.self_attn.q_proj,kl,12,2,10,0,0,0,5597,2540,2669,5578,0,15,12,16357
mistral7b,draw4,model.layers.28.self_attn.q_proj,ce,23,9,14,0,0,0,4753,3403,3579,4649,0,23,42,16319
mistral7b,draw4,model.layers.28.self_attn.q_proj,kl,42,6,36,0,0,0,4753,3403,3579,4649,0,23,42,16319
mistral7b,seed0,model.layers.28.self_attn.v_proj,ce,11,3,8,0,0,0,1347,760,788,1201,4,11,165,3916
mistral7b,seed0,model.layers.28.self_attn.v_proj,kl,165,37,128,0,0,0,1347,760,788,1201,4,11,165,3916
mistral7b,draw1,model.layers.28.self_attn.v_proj,ce,12,4,8,0,0,0,1358,753,781,1204,1,12,124,3959
mistral7b,draw1,model.layers.28.self_attn.v_proj,kl,124,21,103,0,0,0,1358,753,781,1204,1,12,124,3959
mistral7b,draw2,model.layers.28.self_attn.v_proj,ce,17,0,17,0,0,0,1329,788,778,1201,5,17,110,3964
mistral7b,draw2,model.layers.28.self_attn.v_proj,kl,110,17,93,0,0,0,1329,788,778,1201,5,17,110,3964
mistral7b,draw3,model.layers.28.self_attn.v_proj,ce,15,1,14,0,0,0,1438,637,684,1337,2,15,54,4025
mistral7b,draw3,model.layers.28.self_attn.v_proj,kl,54,8,46,0,0,0,1438,637,684,1337,2,15,54,4025
mistral7b,draw4,model.layers.28.self_attn.v_proj,ce,8,1,7,0,0,0,1266,750,874,1206,0,8,158,3930
mistral7b,draw4,model.layers.28.self_attn.v_proj,kl,158,40,118,0,0,0,1266,750,874,1206,0,8,158,3930
mistral7b,seed0,model.layers.29.mlp.down_proj,ce,109,16,93,0,0,0,17399,11399,12206,16340,83,109,496,56656
mistral7b,seed0,model.layers.29.mlp.down_proj,kl,496,106,390,0,0,0,17399,11399,12206,16340,83,109,496,56656
mistral7b,draw1,model.layers.29.mlp.down_proj,ce,142,30,112,0,0,0,17156,11738,12234,16216,63,142,441,56698
mistral7b,draw1,model.layers.29.mlp.down_proj,kl,441,86,355,0,0,0,17156,11738,12234,16216,63,142,441,56698
mistral7b,draw2,model.layers.29.mlp.down_proj,ce,128,23,105,0,0,0,17641,11255,11827,16621,71,128,389,56756
mistral7b,draw2,model.layers.29.mlp.down_proj,kl,389,81,308,0,0,0,17641,11255,11827,16621,71,128,389,56756
mistral7b,draw3,model.layers.29.mlp.down_proj,ce,79,8,71,0,0,0,19261,9656,9660,18767,62,79,172,57031
mistral7b,draw3,model.layers.29.mlp.down_proj,kl,172,17,155,0,0,0,19261,9656,9660,18767,62,79,172,57031
mistral7b,draw4,model.layers.29.mlp.down_proj,ce,124,23,101,0,0,0,17207,11696,12175,16266,47,124,485,56688
mistral7b,draw4,model.layers.29.mlp.down_proj,kl,485,97,388,0,0,0,17207,11696,12175,16266,47,124,485,56688
mistral7b,seed0,model.layers.29.mlp.gate_proj,ce,82,9,73,0,0,0,17718,11178,11563,16885,32,82,232,56998
mistral7b,seed0,model.layers.29.mlp.gate_proj,kl,232,38,194,0,0,0,17718,11178,11563,16885,32,82,232,56998
mistral7b,draw1,model.layers.29.mlp.gate_proj,ce,77,14,63,0,0,0,17401,11570,11929,16444,34,77,168,57065
mistral7b,draw1,model.layers.29.mlp.gate_proj,kl,168,32,136,0,0,0,17401,11570,11929,16444,34,77,168,57065
mistral7b,draw2,model.layers.29.mlp.gate_proj,ce,70,11,59,0,0,0,17734,11101,11559,16950,33,70,174,57067
mistral7b,draw2,model.layers.29.mlp.gate_proj,kl,174,23,151,0,0,0,17734,11101,11559,16950,33,70,174,57067
mistral7b,draw3,model.layers.29.mlp.gate_proj,ce,58,10,48,0,0,0,20154,8984,9039,19167,27,58,78,57181
mistral7b,draw3,model.layers.29.mlp.gate_proj,kl,78,10,68,0,0,0,20154,8984,9039,19167,27,58,78,57181
mistral7b,draw4,model.layers.29.mlp.gate_proj,ce,81,16,65,0,0,0,17312,11491,11910,16631,28,81,206,57029
mistral7b,draw4,model.layers.29.mlp.gate_proj,kl,206,39,167,0,0,0,17312,11491,11910,16631,28,81,206,57029
mistral7b,seed0,model.layers.29.mlp.up_proj,ce,75,9,66,0,0,0,17426,11436,11787,16695,35,75,241,56993
mistral7b,seed0,model.layers.29.mlp.up_proj,kl,241,44,197,0,0,0,17426,11436,11787,16695,35,75,241,56993
mistral7b,draw1,model.layers.29.mlp.up_proj,ce,111,16,95,0,0,0,17269,11317,12250,16508,32,111,208,56993
mistral7b,draw1,model.layers.29.mlp.up_proj,kl,208,45,163,0,0,0,17269,11317,12250,16508,32,111,208,56993
mistral7b,draw2,model.layers.29.mlp.up_proj,ce,90,21,69,0,0,0,17500,11385,11723,16736,29,90,178,57047
mistral7b,draw2,model.layers.29.mlp.up_proj,kl,178,45,133,0,0,0,17500,11385,11723,16736,29,90,178,57047
mistral7b,draw3,model.layers.29.mlp.up_proj,ce,72,6,66,0,0,0,19406,9335,9545,19058,25,72,93,57154
mistral7b,draw3,model.layers.29.mlp.up_proj,kl,93,17,76,0,0,0,19406,9335,9545,19058,25,72,93,57154
mistral7b,draw4,model.layers.29.mlp.up_proj,ce,92,18,74,0,0,0,17399,11481,12102,16362,30,92,211,57011
mistral7b,draw4,model.layers.29.mlp.up_proj,kl,211,39,172,0,0,0,17399,11481,12102,16362,30,92,211,57011
mistral7b,seed0,model.layers.29.self_attn.k_proj,ce,10,1,9,0,0,0,1311,780,805,1200,1,10,57,4028
mistral7b,seed0,model.layers.29.self_attn.k_proj,kl,57,11,46,0,0,0,1311,780,805,1200,1,10,57,4028
mistral7b,draw1,model.layers.29.self_attn.k_proj,ce,5,1,4,0,0,0,1201,832,861,1202,1,5,53,4037
mistral7b,draw1,model.layers.29.self_attn.k_proj,kl,53,13,40,0,0,0,1201,832,861,1202,1,5,53,4037
mistral7b,draw2,model.layers.29.self_attn.k_proj,ce,3,1,2,0,0,0,1228,803,925,1140,0,3,24,4069
mistral7b,draw2,model.layers.29.self_attn.k_proj,kl,24,10,14,0,0,0,1228,803,925,1140,0,3,24,4069
mistral7b,draw3,model.layers.29.self_attn.k_proj,ce,9,1,8,0,0,0,1424,697,663,1312,0,9,22,4065
mistral7b,draw3,model.layers.29.self_attn.k_proj,kl,22,3,19,0,0,0,1424,697,663,1312,0,9,22,4065
mistral7b,draw4,model.layers.29.self_attn.k_proj,ce,6,2,4,0,0,0,1197,835,841,1223,0,6,37,4053
mistral7b,draw4,model.layers.29.self_attn.k_proj,kl,37,11,26,0,0,0,1197,835,841,1223,0,6,37,4053
mistral7b,seed0,model.layers.29.self_attn.o_proj,ce,37,2,35,0,0,0,5400,2827,3070,5087,57,37,961,15329
mistral7b,seed0,model.layers.29.self_attn.o_proj,kl,961,148,813,0,0,0,5400,2827,3070,5087,57,37,961,15329
mistral7b,draw1,model.layers.29.self_attn.o_proj,ce,37,4,33,0,0,0,5282,3044,3158,4900,40,37,844,15463
mistral7b,draw1,model.layers.29.self_attn.o_proj,kl,844,148,696,0,0,0,5282,3044,3158,4900,40,37,844,15463
mistral7b,draw2,model.layers.29.self_attn.o_proj,ce,33,5,28,0,0,0,5414,2934,3072,4964,77,33,778,15496
mistral7b,draw2,model.layers.29.self_attn.o_proj,kl,778,113,665,0,0,0,5414,2934,3072,4964,77,33,778,15496
mistral7b,draw3,model.layers.29.self_attn.o_proj,ce,46,6,40,0,0,0,5571,2767,2848,5198,43,46,529,15766
mistral7b,draw3,model.layers.29.self_attn.o_proj,kl,529,58,471,0,0,0,5571,2767,2848,5198,43,46,529,15766
mistral7b,draw4,model.layers.29.self_attn.o_proj,ce,38,4,34,0,0,0,5219,3092,3201,4872,30,38,947,15369
mistral7b,draw4,model.layers.29.self_attn.o_proj,kl,947,187,760,0,0,0,5219,3092,3201,4872,30,38,947,15369
mistral7b,seed0,model.layers.29.self_attn.q_proj,ce,23,7,16,0,0,0,4968,3236,3429,4751,9,23,80,16272
mistral7b,seed0,model.layers.29.self_attn.q_proj,kl,80,15,65,0,0,0,4968,3236,3429,4751,9,23,80,16272
mistral7b,draw1,model.layers.29.self_attn.q_proj,ce,45,8,37,0,0,0,4864,3349,3405,4766,6,45,49,16284
mistral7b,draw1,model.layers.29.self_attn.q_proj,kl,49,10,39,0,0,0,4864,3349,3405,4766,6,45,49,16284
mistral7b,draw2,model.layers.29.self_attn.q_proj,ce,35,9,26,0,0,0,4987,3356,3460,4581,4,35,45,16300
mistral7b,draw2,model.layers.29.self_attn.q_proj,kl,45,5,40,0,0,0,4987,3356,3460,4581,4,35,45,16300
mistral7b,draw3,model.layers.29.self_attn.q_proj,ce,29,4,25,0,0,0,5535,2692,2820,5337,4,29,22,16329
mistral7b,draw3,model.layers.29.self_attn.q_proj,kl,22,3,19,0,0,0,5535,2692,2820,5337,4,29,22,16329
mistral7b,draw4,model.layers.29.self_attn.q_proj,ce,20,3,17,0,0,0,4854,3295,3566,4669,6,20,62,16296
mistral7b,draw4,model.layers.29.self_attn.q_proj,kl,62,12,50,0,0,0,4854,3295,3566,4669,6,20,62,16296
mistral7b,seed0,model.layers.29.self_attn.v_proj,ce,11,1,10,0,0,0,1379,655,706,1356,27,11,355,3703
mistral7b,seed0,model.layers.29.self_attn.v_proj,kl,355,55,300,0,0,0,1379,655,706,1356,27,11,355,3703
mistral7b,draw1,model.layers.29.self_attn.v_proj,ce,14,4,10,0,0,0,1318,769,767,1242,15,14,288,3779
mistral7b,draw1,model.layers.29.self_attn.v_proj,kl,288,53,235,0,0,0,1318,769,767,1242,15,14,288,3779
mistral7b,draw2,model.layers.29.self_attn.v_proj,ce,11,2,9,0,0,0,1339,757,731,1269,30,11,303,3752
mistral7b,draw2,model.layers.29.self_attn.v_proj,kl,303,52,251,0,0,0,1339,757,731,1269,30,11,303,3752
mistral7b,draw3,model.layers.29.self_attn.v_proj,ce,9,0,9,0,0,0,1408,664,729,1295,19,9,188,3880
mistral7b,draw3,model.layers.29.self_attn.v_proj,kl,188,30,158,0,0,0,1408,664,729,1295,19,9,188,3880
mistral7b,draw4,model.layers.29.self_attn.v_proj,ce,14,1,13,0,0,0,1316,748,732,1300,15,14,310,3757
mistral7b,draw4,model.layers.29.self_attn.v_proj,kl,310,64,246,0,0,0,1316,748,732,1300,15,14,310,3757
mistral7b,seed0,model.layers.3.mlp.down_proj,ce,104,17,87,0,0,0,18322,10578,10856,17588,4,104,74,57162
mistral7b,seed0,model.layers.3.mlp.down_proj,kl,74,5,69,0,0,0,18322,10578,10856,17588,4,104,74,57162
mistral7b,draw1,model.layers.3.mlp.down_proj,ce,99,7,92,0,0,0,18281,10754,10896,17413,2,99,108,57135
mistral7b,draw1,model.layers.3.mlp.down_proj,kl,108,7,101,0,0,0,18281,10754,10896,17413,2,99,108,57135
mistral7b,draw2,model.layers.3.mlp.down_proj,ce,101,10,91,0,0,0,17480,11019,11597,17248,2,101,63,57178
mistral7b,draw2,model.layers.3.mlp.down_proj,kl,63,10,53,0,0,0,17480,11019,11597,17248,2,101,63,57178
mistral7b,draw3,model.layers.3.mlp.down_proj,ce,85,15,70,0,0,0,16433,12278,12563,16070,2,85,35,57222
mistral7b,draw3,model.layers.3.mlp.down_proj,kl,35,4,31,0,0,0,16433,12278,12563,16070,2,85,35,57222
mistral7b,draw4,model.layers.3.mlp.down_proj,ce,103,18,85,0,0,0,18024,10889,11162,17269,3,103,81,57157
mistral7b,draw4,model.layers.3.mlp.down_proj,kl,81,11,70,0,0,0,18024,10889,11162,17269,3,103,81,57157
mistral7b,seed0,model.layers.3.mlp.gate_proj,ce,79,4,75,0,0,0,18057,10584,10720,17983,2,79,79,57184
mistral7b,seed0,model.layers.3.mlp.gate_proj,kl,79,4,75,0,0,0,18057,10584,10720,17983,2,79,79,57184
mistral7b,draw1,model.layers.3.mlp.gate_proj,ce,97,9,88,0,0,0,18241,10524,10845,17734,0,97,88,57159
mistral7b,draw1,model.layers.3.mlp.gate_proj,kl,88,9,79,0,0,0,18241,10524,10845,17734,0,97,88,57159
mistral7b,draw2,model.layers.3.mlp.gate_proj,ce,92,12,80,0,0,0,17429,11477,11522,16916,0,92,78,57174
mistral7b,draw2,model.layers.3.mlp.gate_proj,kl,78,10,68,0,0,0,17429,11477,11522,16916,0,92,78,57174
mistral7b,draw3,model.layers.3.mlp.gate_proj,ce,106,22,84,0,0,0,16552,12281,12488,16023,2,106,36,57200
mistral7b,draw3,model.layers.3.mlp.gate_proj,kl,36,3,33,0,0,0,16552,12281,12488,16023,2,106,36,57200
mistral7b,draw4,model.layers.3.mlp.gate_proj,ce,83,10,73,0,0,0,17838,10855,11125,17526,1,83,63,57197
mistral7b,draw4,model.layers.3.mlp.gate_proj,kl,63,9,54,0,0,0,17838,10855,11125,17526,1,83,63,57197
mistral7b,seed0,model.layers.3.mlp.up_proj,ce,89,7,82,0,0,0,18203,10415,10913,17813,5,89,73,57177
mistral7b,seed0,model.layers.3.mlp.up_proj,kl,73,6,67,0,0,0,18203,10415,10913,17813,5,89,73,57177
mistral7b,draw1,model.layers.3.mlp.up_proj,ce,109,11,98,0,0,0,18245,10589,10872,17638,3,109,106,57126
mistral7b,draw1,model.layers.3.mlp.up_proj,kl,106,10,96,0,0,0,18245,10589,10872,17638,3,109,106,57126
mistral7b,draw2,model.layers.3.mlp.up_proj,ce,100,18,82,0,0,0,17420,11429,11516,16979,1,100,80,57163
mistral7b,draw2,model.layers.3.mlp.up_proj,kl,80,14,66,0,0,0,17420,11429,11516,16979,1,100,80,57163
mistral7b,draw3,model.layers.3.mlp.up_proj,ce,83,24,59,0,0,0,16390,12385,12395,16174,2,83,50,57209
mistral7b,draw3,model.layers.3.mlp.up_proj,kl,50,4,46,0,0,0,16390,12385,12395,16174,2,83,50,57209
mistral7b,draw4,model.layers.3.mlp.up_proj,ce,92,8,84,0,0,0,18028,10721,11044,17551,4,92,100,57148
mistral7b,draw4,model.layers.3.mlp.up_proj,kl,100,17,83,0,0,0,18028,10721,11044,17551,4,92,100,57148
mistral7b,seed0,model.layers.3.self_attn.k_proj,ce,6,0,6,0,0,0,1369,759,750,1218,1,6,25,4064
mistral7b,seed0,model.layers.3.self_attn.k_proj,kl,25,1,24,0,0,0,1369,759,750,1218,1,6,25,4064
mistral7b,draw1,model.layers.3.self_attn.k_proj,ce,9,3,6,0,0,0,1308,718,731,1339,1,9,45,4041
mistral7b,draw1,model.layers.3.self_attn.k_proj,kl,45,1,44,0,0,0,1308,718,731,1339,1,9,45,4041
mistral7b,draw2,model.layers.3.self_attn.k_proj,ce,14,0,14,0,0,0,1333,725,788,1250,1,14,34,4047
mistral7b,draw2,model.layers.3.self_attn.k_proj,kl,34,3,31,0,0,0,1333,725,788,1250,1,14,34,4047
mistral7b,draw3,model.layers.3.self_attn.k_proj,ce,17,0,17,0,0,0,1276,765,774,1281,2,17,9,4068
mistral7b,draw3,model.layers.3.self_attn.k_proj,kl,9,0,9,0,0,0,1276,765,774,1281,2,17,9,4068
mistral7b,draw4,model.layers.3.self_attn.k_proj,ce,9,1,8,0,0,0,1263,719,773,1341,1,9,62,4024
mistral7b,draw4,model.layers.3.self_attn.k_proj,kl,62,15,47,0,0,0,1263,719,773,1341,1,9,62,4024
mistral7b,seed0,model.layers.3.self_attn.o_proj,ce,36,4,32,0,0,0,5285,2944,3067,5088,0,36,20,16328
mistral7b,seed0,model.layers.3.self_attn.o_proj,kl,20,1,19,0,0,0,5285,2944,3067,5088,0,36,20,16328
mistral7b,draw1,model.layers.3.self_attn.o_proj,ce,38,2,36,0,0,0,5332,2957,3100,4995,1,38,30,16315
mistral7b,draw1,model.layers.3.self_attn.o_proj,kl,30,5,25,0,0,0,5332,2957,3100,4995,1,38,30,16315
mistral7b,draw2,model.layers.3.self_attn.o_proj,ce,41,7,34,0,0,0,5125,3205,3233,4821,2,41,32,16309
mistral7b,draw2,model.layers.3.self_attn.o_proj,kl,32,5,27,0,0,0,5125,3205,3233,4821,2,41,32,16309
mistral7b,draw3,model.layers.3.self_attn.o_proj,ce,42,9,33,0,0,0,4972,3348,3325,4739,0,42,21,16321
mistral7b,draw3,model.layers.3.self_attn.o_proj,kl,21,0,21,0,0,0,4972,3348,3325,4739,0,42,21,16321
mistral7b,draw4,model.layers.3.self_attn.o_proj,ce,52,3,49,0,0,0,5263,2965,3231,4925,4,52,37,16291
mistral7b,draw4,model.layers.3.self_attn.o_proj,kl,37,3,34,0,0,0,5263,2965,3231,4925,4,52,37,16291
mistral7b,seed0,model.layers.3.self_attn.q_proj,ce,29,6,23,0,0,0,5193,3054,3013,5124,2,29,33,16320
mistral7b,seed0,model.layers.3.self_attn.q_proj,kl,33,2,31,0,0,0,5193,3054,3013,5124,2,29,33,16320
mistral7b,draw1,model.layers.3.self_attn.q_proj,ce,31,4,27,0,0,0,5213,3032,3061,5078,3,31,60,16290
mistral7b,draw1,model.layers.3.self_attn.q_proj,kl,60,12,48,0,0,0,5213,3032,3061,5078,3,31,60,16290
mistral7b,draw2,model.layers.3.self_attn.q_proj,ce,19,2,17,0,0,0,5095,3054,3280,4955,1,19,41,16323
mistral7b,draw2,model.layers.3.self_attn.q_proj,kl,41,11,30,0,0,0,5095,3054,3280,4955,1,19,41,16323
mistral7b,draw3,model.layers.3.self_attn.q_proj,ce,55,5,50,0,0,0,5131,3102,3116,5035,0,55,28,16301
mistral7b,draw3,model.layers.3.self_attn.q_proj,kl,28,1,27,0,0,0,5131,3102,3116,5035,0,55,28,16301
mistral7b,draw4,model.layers.3.self_attn.q_proj,ce,32,4,28,0,0,0,5167,3041,3176,5000,1,32,43,16308
mistral7b,draw4,model.layers.3.self_attn.q_proj,kl,43,5,38,0,0,0,5167,3041,3176,5000,1,32,43,16308
mistral7b,seed0,model.layers.3.self_attn.v_proj,ce,13,1,12,0,0,0,1383,675,779,1259,2,13,21,4060
mistral7b,seed0,model.layers.3.self_attn.v_proj,kl,21,2,19,0,0,0,1383,675,779,1259,2,13,21,4060
mistral7b,draw1,model.layers.3.self_attn.v_proj,ce,11,1,10,0,0,0,1300,779,804,1213,0,11,23,4062
mistral7b,draw1,model.layers.3.self_attn.v_proj,kl,23,4,19,0,0,0,1300,779,804,1213,0,11,23,4062
mistral7b,draw2,model.layers.3.self_attn.v_proj,ce,14,1,13,0,0,0,1370,754,812,1160,2,14,20,4060
mistral7b,draw2,model.layers.3.self_attn.v_proj,kl,20,1,19,0,0,0,1370,754,812,1160,2,14,20,4060
mistral7b,draw3,model.layers.3.self_attn.v_proj,ce,17,4,13,0,0,0,1290,861,804,1141,0,17,8,4071
mistral7b,draw3,model.layers.3.self_attn.v_proj,kl,8,0,8,0,0,0,1290,861,804,1141,0,17,8,4071
mistral7b,draw4,model.layers.3.self_attn.v_proj,ce,23,2,21,0,0,0,1393,732,723,1248,1,23,24,4048
mistral7b,draw4,model.layers.3.self_attn.v_proj,kl,24,3,21,0,0,0,1393,732,723,1248,1,23,24,4048
mistral7b,seed0,model.layers.30.mlp.down_proj,ce,99,13,86,0,0,0,18963,9865,10242,18274,686,99,4661,51898
mistral7b,seed0,model.layers.30.mlp.down_proj,kl,4661,733,3928,0,0,0,18963,9865,10242,18274,686,99,4661,51898
mistral7b,draw1,model.layers.30.mlp.down_proj,ce,138,25,113,0,0,0,18324,10449,10807,17764,581,138,4081,52544
mistral7b,draw1,model.layers.30.mlp.down_proj,kl,4081,723,3358,0,0,0,18324,10449,10807,17764,581,138,4081,52544
mistral7b,draw2,model.layers.30.mlp.down_proj,ce,168,22,146,0,0,0,18915,9877,10229,18323,703,168,3739,52734
mistral7b,draw2,model.layers.30.mlp.down_proj,kl,3739,583,3156,0,0,0,18915,9877,10229,18323,703,168,3739,52734
mistral7b,draw3,model.layers.30.mlp.down_proj,ce,147,19,128,0,0,0,19661,9188,9533,18962,580,147,2197,54420
mistral7b,draw3,model.layers.30.mlp.down_proj,kl,2197,322,1875,0,0,0,19661,9188,9533,18962,580,147,2197,54420
mistral7b,draw4,model.layers.30.mlp.down_proj,ce,110,21,89,0,0,0,18370,10548,10756,17670,516,110,4483,52235
mistral7b,draw4,model.layers.30.mlp.down_proj,kl,4483,891,3592,0,0,0,18370,10548,10756,17670,516,110,4483,52235
mistral7b,seed0,model.layers.30.mlp.gate_proj,ce,112,13,99,0,0,0,17818,11088,11801,16637,196,112,542,56494
mistral7b,seed0,model.layers.30.mlp.gate_proj,kl,542,81,461,0,0,0,17818,11088,11801,16637,196,112,542,56494
mistral7b,draw1,model.layers.30.mlp.gate_proj,ce,93,21,72,0,0,0,17651,11359,12033,16301,179,93,534,56538
mistral7b,draw1,model.layers.30.mlp.gate_proj,kl,534,75,459,0,0,0,17651,11359,12033,16301,179,93,534,56538
mistral7b,draw2,model.layers.30.mlp.gate_proj,ce,75,16,59,0,0,0,17847,11138,11654,16705,193,75,500,56576
mistral7b,draw2,model.layers.30.mlp.gate_proj,kl,500,64,436,0,0,0,17847,11138,11654,16705,193,75,500,56576
mistral7b,draw3,model.layers.30.mlp.gate_proj,ce,72,10,62,0,0,0,19374,9691,9927,18352,180,72,302,56790
mistral7b,draw3,model.layers.30.mlp.gate_proj,kl,302,33,269,0,0,0,19374,9691,9927,18352,180,72,302,56790
mistral7b,draw4,model.layers.30.mlp.gate_proj,ce,97,21,76,0,0,0,17490,11424,12107,16323,172,97,601,56474
mistral7b,draw4,model.layers.30.mlp.gate_proj,kl,601,110,491,0,0,0,17490,11424,12107,16323,172,97,601,56474
mistral7b,seed0,model.layers.30.mlp.up_proj,ce,89,19,70,0,0,0,17704,11340,12002,16298,228,89,576,56451
mistral7b,seed0,model.layers.30.mlp.up_proj,kl,576,97,479,0,0,0,17704,11340,12002,16298,228,89,576,56451
mistral7b,draw1,model.layers.30.mlp.up_proj,ce,92,22,70,0,0,0,17384,11602,12096,16262,217,92,516,56519
mistral7b,draw1,model.layers.30.mlp.up_proj,kl,516,92,424,0,0,0,17384,11602,12096,16262,217,92,516,56519
mistral7b,draw2,model.layers.30.mlp.up_proj,ce,106,14,92,0,0,0,17504,11371,11778,16691,212,106,475,56551
mistral7b,draw2,model.layers.30.mlp.up_proj,kl,475,67,408,0,0,0,17504,11371,11778,16691,212,106,475,56551
mistral7b,draw3,model.layers.30.mlp.up_proj,ce,85,17,68,0,0,0,18933,9964,10073,18374,201,85,281,56777
mistral7b,draw3,model.layers.30.mlp.up_proj,kl,281,39,242,0,0,0,18933,9964,10073,18374,201,85,281,56777
mistral7b,draw4,model.layers.30.mlp.up_proj,ce,93,12,81,0,0,0,17335,11485,12234,16290,204,93,560,56487
mistral7b,draw4,model.layers.30.mlp.up_proj,kl,560,105,455,0,0,0,17335,11485,12234,16290,204,93,560,56487
mistral7b,seed0,model.layers.30.self_attn.k_proj,ce,6,1,5,0,0,0,1233,794,859,1210,0,6,69,4021
mistral7b,seed0,model.layers.30.self_attn.k_proj,kl,69,14,55,0,0,0,1233,794,859,1210,0,6,69,4021
mistral7b,draw1,model.layers.30.self_attn.k_proj,ce,8,1,7,0,0,0,1257,787,791,1261,2,8,65,4021
mistral7b,draw1,model.layers.30.self_attn.k_proj,kl,65,13,52,0,0,0,1257,787,791,1261,2,8,65,4021
mistral7b,draw2,model.layers.30.self_attn.k_proj,ce,9,2,7,0,0,0,1310,773,769,1244,3,9,60,4024
mistral7b,draw2,model.layers.30.self_attn.k_proj,kl,60,8,52,0,0,0,1310,773,769,1244,3,9,60,4024
mistral7b,draw3,model.layers.30.self_attn.k_proj,ce,8,2,6,0,0,0,1354,713,718,1311,0,8,22,4066
mistral7b,draw3,model.layers.30.self_attn.k_proj,kl,22,5,17,0,0,0,1354,713,718,1311,0,8,22,4066
mistral7b,draw4,model.layers.30.self_attn.k_proj,ce,9,3,6,0,0,0,1216,814,870,1196,0,9,67,4020
mistral7b,draw4,model.layers.30.self_attn.k_proj,kl,67,9,58,0,0,0,1216,814,870,1196,0,9,67,4020
mistral7b,seed0,model.layers.30.self_attn.o_proj,ce,49,3,46,0,0,0,5158,3070,3221,4935,15,49,494,15826
mistral7b,seed0,model.layers.30.self_attn.o_proj,kl,494,105,389,0,0,0,5158,3070,3221,4935,15,49,494,15826
mistral7b,draw1,model.layers.30.self_attn.o_proj,ce,34,4,30,0,0,0,4986,3231,3388,4779,11,34,438,15901
mistral7b,draw1,model.layers.30.self_attn.o_proj,kl,438,98,340,0,0,0,4986,3231,3388,4779,11,34,438,15901
mistral7b,draw2,model.layers.30.self_attn.o_proj,ce,39,8,31,0,0,0,5229,3066,3202,4887,19,39,425,15901
mistral7b,draw2,model.layers.30.self_attn.o_proj,kl,425,106,319,0,0,0,5229,3066,3202,4887,19,39,425,15901
mistral7b,draw3,model.layers.30.self_attn.o_proj,ce,38,6,32,0,0,0,5471,2750,2898,5265,12,38,171,16163
mistral7b,draw3,model.layers.30.self_attn.o_proj,kl,171,26,145,0,0,0,5471,2750,2898,5265,12,38,171,16163
mistral7b,draw4,model.layers.30.self_attn.o_proj,ce,47,11,36,0,0,0,5144,3131,3338,4771,16,47,458,15863
mistral7b,draw4,model.layers.30.self_attn.o_proj,kl,458,110,348,0,0,0,5144,3131,3338,4771,16,47,458,15863
mistral7b,seed0,model.layers.30.self_attn.q_proj,ce,15,6,9,0,0,0,4936,3318,3347,4783,3,15,59,16307
mistral7b,seed0,model.layers.30.self_attn.q_proj,kl,59,10,49,0,0,0,4936,3318,3347,4783,3,15,59,16307
mistral7b,draw1,model.layers.30.self_attn.q_proj,ce,32,6,26,0,0,0,4878,3335,3454,4717,3,32,52,16297
mistral7b,draw1,model.layers.30.self_attn.q_proj,kl,52,12,40,0,0,0,4878,3335,3454,4717,3,32,52,16297
mistral7b,draw2,model.layers.30.self_attn.q_proj,ce,29,2,27,0,0,0,4937,3298,3445,4704,4,29,54,16297
mistral7b,draw2,model.layers.30.self_attn.q_proj,kl,54,10,44,0,0,0,4937,3298,3445,4704,4,29,54,16297
mistral7b,draw3,model.layers.30.self_attn.q_proj,ce,15,2,13,0,0,0,5385,2859,2898,5242,2,15,23,16344
mistral7b,draw3,model.layers.30.self_attn.q_proj,kl,23,6,17,0,0,0,5385,2859,2898,5242,2,15,23,16344
mistral7b,draw4,model.layers.30.self_attn.q_proj,ce,31,4,27,0,0,0,4817,3479,3474,4614,2,31,52,16299
mistral7b,draw4,model.layers.30.self_attn.q_proj,kl,52,10,42,0,0,0,4817,3479,3474,4614,2,31,52,16299
mistral7b,seed0,model.layers.30.self_attn.v_proj,ce,11,1,10,0,0,0,1440,717,714,1225,22,11,307,3756
mistral7b,seed0,model.layers.30.self_attn.v_proj,kl,307,55,252,0,0,0,1440,717,714,1225,22,11,307,3756
mistral7b,draw1,model.layers.30.self_attn.v_proj,ce,14,3,11,0,0,0,1360,723,741,1272,14,14,288,3780
mistral7b,draw1,model.layers.30.self_attn.v_proj,kl,288,41,247,0,0,0,1360,723,741,1272,14,14,288,3780
mistral7b,draw2,model.layers.30.self_attn.v_proj,ce,14,0,14,0,0,0,1363,701,751,1281,18,14,278,3786
mistral7b,draw2,model.layers.30.self_attn.v_proj,kl,278,41,237,0,0,0,1363,701,751,1281,18,14,278,3786
mistral7b,draw3,model.layers.30.self_attn.v_proj,ce,8,2,6,0,0,0,1442,634,662,1358,10,8,146,3932
mistral7b,draw3,model.layers.30.self_attn.v_proj,kl,146,14,132,0,0,0,1442,634,662,1358,10,8,146,3932
mistral7b,draw4,model.layers.30.self_attn.v_proj,ce,7,1,6,0,0,0,1348,728,768,1252,15,7,328,3746
mistral7b,draw4,model.layers.30.self_attn.v_proj,kl,328,63,265,0,0,0,1348,728,768,1252,15,7,328,3746
mistral7b,seed0,model.layers.31.mlp.down_proj,ce,108,21,87,0,0,0,17529,11466,12331,16018,30,108,1239,55967
mistral7b,seed0,model.layers.31.mlp.down_proj,kl,1239,287,952,0,0,0,17529,11466,12331,16018,30,108,1239,55967
mistral7b,draw1,model.layers.31.mlp.down_proj,ce,90,22,68,0,0,0,17244,11692,12508,15900,36,90,1382,55836
mistral7b,draw1,model.layers.31.mlp.down_proj,kl,1382,379,1003,0,0,0,17244,11692,12508,15900,36,90,1382,55836
mistral7b,draw2,model.layers.31.mlp.down_proj,ce,135,23,112,0,0,0,17862,11078,11727,16677,48,135,1583,55578
mistral7b,draw2,model.layers.31.mlp.down_proj,kl,1583,367,1216,0,0,0,17862,11078,11727,16677,48,135,1583,55578
mistral7b,draw3,model.layers.31.mlp.down_proj,ce,135,42,93,0,0,0,17522,11667,12103,16052,28,135,994,56187
mistral7b,draw3,model.layers.31.mlp.down_proj,kl,994,251,743,0,0,0,17522,11667,12103,16052,28,135,994,56187
mistral7b,draw4,model.layers.31.mlp.down_proj,ce,112,21,91,0,0,0,17286,11503,12629,15926,23,112,1439,55770
mistral7b,draw4,model.layers.31.mlp.down_proj,kl,1439,390,1049,0,0,0,17286,11503,12629,15926,23,112,1439,55770
mistral7b,seed0,model.layers.31.mlp.gate_proj,ce,101,19,82,0,0,0,17450,11381,12450,16063,42,101,684,56517
mistral7b,seed0,model.layers.31.mlp.gate_proj,kl,684,150,534,0,0,0,17450,11381,12450,16063,42,101,684,56517
mistral7b,draw1,model.layers.31.mlp.gate_proj,ce,98,25,73,0,0,0,17404,11625,12642,15673,36,98,662,56548
mistral7b,draw1,model.layers.31.mlp.gate_proj,kl,662,160,502,0,0,0,17404,11625,12642,15673,36,98,662,56548
mistral7b,draw2,model.layers.31.mlp.gate_proj,ce,74,21,53,0,0,0,17409,11385,12225,16325,51,74,741,56478
mistral7b,draw2,model.layers.31.mlp.gate_proj,kl,741,156,585,0,0,0,17409,11385,12225,16325,51,74,741,56478
mistral7b,draw3,model.layers.31.mlp.gate_proj,ce,90,12,78,0,0,0,18235,10941,11579,16589,33,90,449,56772
mistral7b,draw3,model.layers.31.mlp.gate_proj,kl,449,99,350,0,0,0,18235,10941,11579,16589,33,90,449,56772
mistral7b,draw4,model.layers.31.mlp.gate_proj,ce,87,22,65,0,0,0,17331,11798,12550,15665,36,87,682,56539
mistral7b,draw4,model.layers.31.mlp.gate_proj,kl,682,170,512,0,0,0,17331,11798,12550,15665,36,87,682,56539
mistral7b,seed0,model.layers.31.mlp.up_proj,ce,85,14,71,0,0,0,17709,11522,12752,15361,39,85,641,56579
mistral7b,seed0,model.layers.31.mlp.up_proj,kl,641,155,486,0,0,0,17709,11522,12752,15361,39,85,641,56579
mistral7b,draw1,model.layers.31.mlp.up_proj,ce,92,25,67,0,0,0,17432,11682,13072,15158,29,92,607,56616
mistral7b,draw1,model.layers.31.mlp.up_proj,kl,607,156,451,0,0,0,17432,11682,13072,15158,29,92,607,56616
mistral7b,draw2,model.layers.31.mlp.up_proj,ce,112,23,89,0,0,0,17589,11523,12801,15431,36,112,675,56521
mistral7b,draw2,model.layers.31.mlp.up_proj,kl,675,148,527,0,0,0,17589,11523,12801,15431,36,112,675,56521
mistral7b,draw3,model.layers.31.mlp.up_proj,ce,81,12,69,0,0,0,17405,11547,12626,15766,25,81,501,56737
mistral7b,draw3,model.layers.31.mlp.up_proj,kl,501,130,371,0,0,0,17405,11547,12626,15766,25,81,501,56737
mistral7b,draw4,model.layers.31.mlp.up_proj,ce,113,22,91,0,0,0,17264,11989,12961,15130,30,113,668,56533
mistral7b,draw4,model.layers.31.mlp.up_proj,kl,668,162,506,0,0,0,17264,11989,12961,15130,30,113,668,56533
mistral7b,seed0,model.layers.31.self_attn.k_proj,ce,7,1,6,0,0,0,1232,790,808,1266,17,7,103,3969
mistral7b,seed0,model.layers.31.self_attn.k_proj,kl,103,10,93,0,0,0,1232,790,808,1266,17,7,103,3969
mistral7b,draw1,model.layers.31.self_attn.k_proj,ce,6,0,6,0,0,0,1261,749,848,1238,13,6,116,3961
mistral7b,draw1,model.layers.31.self_attn.k_proj,kl,116,18,98,0,0,0,1261,749,848,1238,13,6,116,3961
mistral7b,draw2,model.layers.31.self_attn.k_proj,ce,8,0,8,0,0,0,1320,720,784,1272,34,8,98,3956
mistral7b,draw2,model.layers.31.self_attn.k_proj,kl,98,10,88,0,0,0,1320,720,784,1272,34,8,98,3956
mistral7b,draw3,model.layers.31.self_attn.k_proj,ce,5,0,5,0,0,0,1258,767,736,1335,10,5,69,4012
mistral7b,draw3,model.layers.31.self_attn.k_proj,kl,69,10,59,0,0,0,1258,767,736,1335,10,5,69,4012
mistral7b,draw4,model.layers.31.self_attn.k_proj,ce,8,1,7,0,0,0,1267,801,816,1212,8,8,131,3949
mistral7b,draw4,model.layers.31.self_attn.k_proj,kl,131,25,106,0,0,0,1267,801,816,1212,8,8,131,3949
mistral7b,seed0,model.layers.31.self_attn.o_proj,ce,36,3,33,0,0,0,5424,2789,3020,5151,448,36,853,15047
mistral7b,seed0,model.layers.31.self_attn.o_proj,kl,853,137,716,0,0,0,5424,2789,3020,5151,448,36,853,15047
mistral7b,draw1,model.layers.31.self_attn.o_proj,ce,34,7,27,0,0,0,5225,2905,3136,5118,354,34,847,15149
mistral7b,draw1,model.layers.31.self_attn.o_proj,kl,847,145,702,0,0,0,5225,2905,3136,5118,354,34,847,15149
mistral7b,draw2,model.layers.31.self_attn.o_proj,ce,34,3,31,0,0,0,5471,2815,2883,5215,398,34,828,15124
mistral7b,draw2,model.layers.31.self_attn.o_proj,kl,828,123,705,0,0,0,5471,2815,2883,5215,398,34,828,15124
mistral7b,draw3,model.layers.31.self_attn.o_proj,ce,38,4,34,0,0,0,5503,2727,2791,5363,381,38,521,15444
mistral7b,draw3,model.layers.31.self_attn.o_proj,kl,521,63,458,0,0,0,5503,2727,2791,5363,381,38,521,15444
mistral7b,draw4,model.layers.31.self_attn.o_proj,ce,33,7,26,0,0,0,5308,2890,3179,5007,336,33,1011,15004
mistral7b,draw4,model.layers.31.self_attn.o_proj,kl,1011,172,839,0,0,0,5308,2890,3179,5007,336,33,1011,15004
mistral7b,seed0,model.layers.31.self_attn.q_proj,ce,45,6,39,0,0,0,5119,3212,3149,4904,82,45,256,16001
mistral7b,seed0,model.layers.31.self_attn.q_proj,kl,256,25,231,0,0,0,5119,3212,3149,4904,82,45,256,16001
mistral7b,draw1,model.layers.31.self_attn.q_proj,ce,37,7,30,0,0,0,4806,3369,3485,4724,69,37,238,16040
mistral7b,draw1,model.layers.31.self_attn.q_proj,kl,238,39,199,0,0,0,4806,3369,3485,4724,69,37,238,16040
mistral7b,draw2,model.layers.31.self_attn.q_proj,ce,36,3,33,0,0,0,5053,3188,3232,4911,91,36,233,16024
mistral7b,draw2,model.layers.31.self_attn.q_proj,kl,233,30,203,0,0,0,5053,3188,3232,4911,91,36,233,16024
mistral7b,draw3,model.layers.31.self_attn.q_proj,ce,26,5,21,0,0,0,5332,2923,2978,5151,60,26,172,16126
mistral7b,draw3,model.layers.31.self_attn.q_proj,kl,172,22,150,0,0,0,5332,2923,2978,5151,60,26,172,16126
mistral7b,draw4,model.layers.31.self_attn.q_proj,ce,29,7,22,0,0,0,4915,3226,3461,4782,45,29,323,15987
mistral7b,draw4,model.layers.31.self_attn.q_proj,kl,323,57,266,0,0,0,4915,3226,3461,4782,45,29,323,15987
mistral7b,seed0,model.layers.31.self_attn.v_proj,ce,10,1,9,0,0,0,1422,668,695,1311,48,10,357,3681
mistral7b,seed0,model.layers.31.self_attn.v_proj,kl,357,62,295,0,0,0,1422,668,695,1311,48,10,357,3681
mistral7b,draw1,model.layers.31.self_attn.v_proj,ce,8,1,7,0,0,0,1315,735,793,1253,25,8,370,3693
mistral7b,draw1,model.layers.31.self_attn.v_proj,kl,370,82,288,0,0,0,1315,735,793,1253,25,8,370,3693
mistral7b,draw2,model.layers.31.self_attn.v_proj,ce,12,3,9,0,0,0,1387,672,732,1305,35,12,364,3685
mistral7b,draw2,model.layers.31.self_attn.v_proj,kl,364,68,296,0,0,0,1387,672,732,1305,35,12,364,3685
mistral7b,draw3,model.layers.31.self_attn.v_proj,ce,17,2,15,0,0,0,1386,661,735,1314,26,17,241,3812
mistral7b,draw3,model.layers.31.self_attn.v_proj,kl,241,58,183,0,0,0,1386,661,735,1314,26,17,241,3812
mistral7b,draw4,model.layers.31.self_attn.v_proj,ce,12,2,10,0,0,0,1411,748,678,1259,35,12,415,3634
mistral7b,draw4,model.layers.31.self_attn.v_proj,kl,415,73,342,0,0,0,1411,748,678,1259,35,12,415,3634
mistral7b,seed0,model.layers.4.mlp.down_proj,ce,112,11,101,0,0,0,18199,10763,11068,17314,0,112,69,57163
mistral7b,seed0,model.layers.4.mlp.down_proj,kl,69,8,61,0,0,0,18199,10763,11068,17314,0,112,69,57163
mistral7b,draw1,model.layers.4.mlp.down_proj,ce,99,17,82,0,0,0,18128,10799,11097,17320,1,99,91,57153
mistral7b,draw1,model.layers.4.mlp.down_proj,kl,91,7,84,0,0,0,18128,10799,11097,17320,1,99,91,57153
mistral7b,draw2,model.layers.4.mlp.down_proj,ce,114,14,100,0,0,0,17777,11095,11471,17001,1,114,80,57149
mistral7b,draw2,model.layers.4.mlp.down_proj,kl,80,12,68,0,0,0,17777,11095,11471,17001,1,114,80,57149
mistral7b,draw3,model.layers.4.mlp.down_proj,ce,88,24,64,0,0,0,16194,12787,12805,15558,1,88,40,57215
mistral7b,draw3,model.layers.4.mlp.down_proj,kl,40,3,37,0,0,0,16194,12787,12805,15558,1,88,40,57215
mistral7b,draw4,model.layers.4.mlp.down_proj,ce,107,16,91,0,0,0,17590,11192,11569,16993,2,107,97,57138
mistral7b,draw4,model.layers.4.mlp.down_proj,kl,97,21,76,0,0,0,17590,11192,11569,16993,2,107,97,57138
mistral7b,seed0,model.layers.4.mlp.gate_proj,ce,97,13,84,0,0,0,18067,10722,11030,17525,0,97,72,57175
mistral7b,seed0,model.layers.4.mlp.gate_proj,kl,72,12,60,0,0,0,18067,10722,11030,17525,0,97,72,57175
mistral7b,draw1,model.layers.4.mlp.gate_proj,ce,83,10,73,0,0,0,17974,10706,11065,17599,1,83,79,57181
mistral7b,draw1,model.layers.4.mlp.gate_proj,kl,79,7,72,0,0,0,17974,10706,11065,17599,1,83,79,57181
mistral7b,draw2,model.layers.4.mlp.gate_proj,ce,96,16,80,0,0,0,17385,11341,11589,17029,1,96,72,57175
mistral7b,draw2,model.layers.4.mlp.gate_proj,kl,72,12,60,0,0,0,17385,11341,11589,17029,1,96,72,57175
mistral7b,draw3,model.layers.4.mlp.gate_proj,ce,81,18,63,0,0,0,16145,12629,12685,15885,0,81,31,57232
mistral7b,draw3,model.layers.4.mlp.gate_proj,kl,31,4,27,0,0,0,16145,12629,12685,15885,0,81,31,57232
mistral7b,draw4,model.layers.4.mlp.gate_proj,ce,97,19,78,0,0,0,17725,11195,11306,17118,1,97,87,57159
mistral7b,draw4,model.layers.4.mlp.gate_proj,kl,87,14,73,0,0,0,17725,11195,11306,17118,1,97,87,57159
mistral7b,seed0,model.layers.4.mlp.up_proj,ce,100,13,87,0,0,0,18175,10799,10885,17485,5,100,69,57170
mistral7b,seed0,model.layers.4.mlp.up_proj,kl,69,8,61,0,0,0,18175,10799,10885,17485,5,100,69,57170
mistral7b,draw1,model.layers.4.mlp.up_proj,ce,76,9,67,0,0,0,18080,10927,11089,17248,3,76,95,57170
mistral7b,draw1,model.layers.4.mlp.up_proj,kl,95,11,84,0,0,0,18080,10927,11089,17248,3,76,95,57170
mistral7b,draw2,model.layers.4.mlp.up_proj,ce,95,12,83,0,0,0,17640,11167,11630,16907,5,95,92,57152
mistral7b,draw2,model.layers.4.mlp.up_proj,kl,92,15,77,0,0,0,17640,11167,11630,16907,5,95,92,57152
mistral7b,draw3,model.layers.4.mlp.up_proj,ce,104,23,81,0,0,0,16445,12419,12658,15822,2,104,35,57203
mistral7b,draw3,model.layers.4.mlp.up_proj,kl,35,4,31,0,0,0,16445,12419,12658,15822,2,104,35,57203
mistral7b,draw4,model.layers.4.mlp.up_proj,ce,91,11,80,0,0,0,17887,11038,11403,17016,0,91,84,57169
mistral7b,draw4,model.layers.4.mlp.up_proj,kl,84,9,75,0,0,0,17887,11038,11403,17016,0,91,84,57169
mistral7b,seed0,model.layers.4.self_attn.k_proj,ce,5,0,5,0,0,0,1348,748,758,1242,0,5,18,4073
mistral7b,seed0,model.layers.4.self_attn.k_proj,kl,18,1,17,0,0,0,1348,748,758,1242,0,5,18,4073
mistral7b,draw1,model.layers.4.self_attn.k_proj,ce,2,0,2,0,0,0,1274,745,832,1245,0,2,7,4087
mistral7b,draw1,model.layers.4.self_attn.k_proj,kl,7,0,7,0,0,0,1274,745,832,1245,0,2,7,4087
mistral7b,draw2,model.layers.4.self_attn.k_proj,ce,6,0,6,0,0,0,1285,739,779,1293,1,6,15,4074
mistral7b,draw2,model.layers.4.self_attn.k_proj,kl,15,5,10,0,0,0,1285,739,779,1293,1,6,15,4074
mistral7b,draw3,model.layers.4.self_attn.k_proj,ce,5,0,5,0,0,0,1309,758,765,1264,1,5,11,4079
mistral7b,draw3,model.layers.4.self_attn.k_proj,kl,11,1,10,0,0,0,1309,758,765,1264,1,5,11,4079
mistral7b,draw4,model.layers.4.self_attn.k_proj,ce,9,1,8,0,0,0,1318,675,761,1342,1,9,30,4056
mistral7b,draw4,model.layers.4.self_attn.k_proj,kl,30,4,26,0,0,0,1318,675,761,1342,1,9,30,4056
mistral7b,seed0,model.layers.4.self_attn.o_proj,ce,41,4,37,0,0,0,5224,2975,3175,5010,1,41,40,16302
mistral7b,seed0,model.layers.4.self_attn.o_proj,kl,40,7,33,0,0,0,5224,2975,3175,5010,1,41,40,16302
mistral7b,draw1,model.layers.4.self_attn.o_proj,ce,25,3,22,0,0,0,5155,3092,3235,4902,2,25,40,16317
mistral7b,draw1,model.layers.4.self_attn.o_proj,kl,40,8,32,0,0,0,5155,3092,3235,4902,2,25,40,16317
mistral7b,draw2,model.layers.4.self_attn.o_proj,ce,38,6,32,0,0,0,5199,3087,3226,4872,1,38,39,16306
mistral7b,draw2,model.layers.4.self_attn.o_proj,kl,39,6,33,0,0,0,5199,3087,3226,4872,1,38,39,16306
mistral7b,draw3,model.layers.4.self_attn.o_proj,ce,34,5,29,0,0,0,4861,3366,3442,4715,1,34,19,16330
mistral7b,draw3,model.layers.4.self_attn.o_proj,kl,19,1,18,0,0,0,4861,3366,3442,4715,1,34,19,16330
mistral7b,draw4,model.layers.4.self_attn.o_proj,ce,43,5,38,0,0,0,5151,3081,3248,4904,3,43,41,16297
mistral7b,draw4,model.layers.4.self_attn.o_proj,kl,41,3,38,0,0,0,5151,3081,3248,4904,3,43,41,16297
mistral7b,seed0,model.layers.4.self_attn.q_proj,ce,19,5,14,0,0,0,5199,3123,3159,4903,0,19,36,16329
mistral7b,seed0,model.layers.4.self_attn.q_proj,kl,36,9,27,0,0,0,5199,3123,3159,4903,0,19,36,16329
mistral7b,draw1,model.layers.4.self_attn.q_proj,ce,18,3,15,0,0,0,5163,3006,3084,5131,3,18,41,16322
mistral7b,draw1,model.layers.4.self_attn.q_proj,kl,41,5,36,0,0,0,5163,3006,3084,5131,3,18,41,16322
mistral7b,draw2,model.layers.4.self_attn.q_proj,ce,27,4,23,0,0,0,5241,2974,3199,4970,0,27,24,16333
mistral7b,draw2,model.layers.4.self_attn.q_proj,kl,24,3,21,0,0,0,5241,2974,3199,4970,0,27,24,16333
mistral7b,draw3,model.layers.4.self_attn.q_proj,ce,28,6,22,0,0,0,5093,3124,3257,4910,0,28,24,16332
mistral7b,draw3,model.layers.4.self_attn.q_proj,kl,24,2,22,0,0,0,5093,3124,3257,4910,0,28,24,16332
mistral7b,draw4,model.layers.4.self_attn.q_proj,ce,31,2,29,0,0,0,5278,2985,3114,5007,3,31,42,16308
mistral7b,draw4,model.layers.4.self_attn.q_proj,kl,42,5,37,0,0,0,5278,2985,3114,5007,3,31,42,16308
mistral7b,seed0,model.layers.4.self_attn.v_proj,ce,11,1,10,0,0,0,1385,713,737,1261,1,11,17,4067
mistral7b,seed0,model.layers.4.self_attn.v_proj,kl,17,1,16,0,0,0,1385,713,737,1261,1,11,17,4067
mistral7b,draw1,model.layers.4.self_attn.v_proj,ce,13,0,13,0,0,0,1347,730,757,1262,1,13,12,4070
mistral7b,draw1,model.layers.4.self_attn.v_proj,kl,12,3,9,0,0,0,1347,730,757,1262,1,13,12,4070
mistral7b,draw2,model.layers.4.self_attn.v_proj,ce,17,3,14,0,0,0,1313,755,827,1201,0,17,20,4059
mistral7b,draw2,model.layers.4.self_attn.v_proj,kl,20,6,14,0,0,0,1313,755,827,1201,0,17,20,4059
mistral7b,draw3,model.layers.4.self_attn.v_proj,ce,13,2,11,0,0,0,1262,855,849,1130,0,13,4,4079
mistral7b,draw3,model.layers.4.self_attn.v_proj,kl,4,0,4,0,0,0,1262,855,849,1130,0,13,4,4079
mistral7b,draw4,model.layers.4.self_attn.v_proj,ce,9,2,7,0,0,0,1387,724,794,1191,1,9,32,4054
mistral7b,draw4,model.layers.4.self_attn.v_proj,kl,32,4,28,0,0,0,1387,724,794,1191,1,9,32,4054
mistral7b,seed0,model.layers.5.mlp.down_proj,ce,103,7,96,0,0,0,18043,10885,11324,17092,2,103,74,57165
mistral7b,seed0,model.layers.5.mlp.down_proj,kl,74,20,54,0,0,0,18043,10885,11324,17092,2,103,74,57165
mistral7b,draw1,model.layers.5.mlp.down_proj,ce,90,8,82,0,0,0,17898,11021,11334,17091,0,90,90,57164
mistral7b,draw1,model.layers.5.mlp.down_proj,kl,90,17,73,0,0,0,17898,11021,11334,17091,0,90,90,57164
mistral7b,draw2,model.layers.5.mlp.down_proj,ce,81,16,65,0,0,0,17860,10935,11349,17200,1,81,85,57177
mistral7b,draw2,model.layers.5.mlp.down_proj,kl,85,11,74,0,0,0,17860,10935,11349,17200,1,81,85,57177
mistral7b,draw3,model.layers.5.mlp.down_proj,ce,94,27,67,0,0,0,15738,13051,13280,15275,0,94,44,57206
mistral7b,draw3,model.layers.5.mlp.down_proj,kl,44,5,39,0,0,0,15738,13051,13280,15275,0,94,44,57206
mistral7b,draw4,model.layers.5.mlp.down_proj,ce,89,9,80,0,0,0,17586,11259,11693,16806,3,89,90,57162
mistral7b,draw4,model.layers.5.mlp.down_proj,kl,90,16,74,0,0,0,17586,11259,11693,16806,3,89,90,57162
mistral7b,seed0,model.layers.5.mlp.gate_proj,ce,96,14,82,0,0,0,17996,10799,11073,17476,0,96,72,57176
mistral7b,seed0,model.layers.5.mlp.gate_proj,kl,72,6,66,0,0,0,17996,10799,11073,17476,0,96,72,57176
mistral7b,draw1,model.layers.5.mlp.gate_proj,ce,100,11,89,0,0,0,17754,10939,11167,17484,1,100,102,57141
mistral7b,draw1,model.layers.5.mlp.gate_proj,kl,102,16,86,0,0,0,17754,10939,11167,17484,1,100,102,57141
mistral7b,draw2,model.layers.5.mlp.gate_proj,ce,105,13,92,0,0,0,17582,10988,11408,17366,1,105,87,57151
mistral7b,draw2,model.layers.5.mlp.gate_proj,kl,87,9,78,0,0,0,17582,10988,11408,17366,1,105,87,57151
mistral7b,draw3,model.layers.5.mlp.gate_proj,ce,76,25,51,0,0,0,15595,12975,13322,15452,0,76,32,57236
mistral7b,draw3,model.layers.5.mlp.gate_proj,kl,32,5,27,0,0,0,15595,12975,13322,15452,0,76,32,57236
mistral7b,draw4,model.layers.5.mlp.gate_proj,ce,95,10,85,0,0,0,17451,11293,11640,16960,1,95,73,57175
mistral7b,draw4,model.layers.5.mlp.gate_proj,kl,73,16,57,0,0,0,17451,11293,11640,16960,1,95,73,57175
mistral7b,seed0,model.layers.5.mlp.up_proj,ce,87,7,80,0,0,0,17956,10809,11133,17446,2,87,82,57173
mistral7b,seed0,model.layers.5.mlp.up_proj,kl,82,10,72,0,0,0,17956,10809,11133,17446,2,87,82,57173
mistral7b,draw1,model.layers.5.mlp.up_proj,ce,94,10,84,0,0,0,17825,10872,11217,17430,2,94,84,57164
mistral7b,draw1,model.layers.5.mlp.up_proj,kl,84,9,75,0,0,0,17825,10872,11217,17430,2,94,84,57164
mistral7b,draw2,model.layers.5.mlp.up_proj,ce,101,22,79,0,0,0,17715,11358,11479,16792,3,101,102,57138
mistral7b,draw2,model.layers.5.mlp.up_proj,kl,102,9,93,0,0,0,17715,11358,11479,16792,3,101,102,57138
mistral7b,draw3,model.layers.5.mlp.up_proj,ce,76,18,58,0,0,0,15806,12895,13081,15562,1,76,34,57233
mistral7b,draw3,model.layers.5.mlp.up_proj,kl,34,8,26,0,0,0,15806,12895,13081,15562,1,76,34,57233
mistral7b,draw4,model.layers.5.mlp.up_proj,ce,99,15,84,0,0,0,17738,11258,11559,16789,4,99,84,57157
mistral7b,draw4,model.layers.5.mlp.up_proj,kl,84,14,70,0,0,0,17738,11258,11559,16789,4,99,84,57157
mistral7b,seed0,model.layers.5.self_attn.k_proj,ce,11,2,9,0,0,0,1319,756,794,1227,1,11,20,4064
mistral7b,seed0,model.layers.5.self_attn.k_proj,kl,20,1,19,0,0,0,1319,756,794,1227,1,11,20,4064
mistral7b,draw1,model.layers.5.self_attn.k_proj,ce,9,1,8,0,0,0,1339,771,790,1196,1,9,17,4069
mistral7b,draw1,model.layers.5.self_attn.k_proj,kl,17,3,14,0,0,0,1339,771,790,1196,1,9,17,4069
mistral7b,draw2,model.layers.5.self_attn.k_proj,ce,1,0,1,0,0,0,1319,737,851,1189,2,1,18,4075
mistral7b,draw2,model.layers.5.self_attn.k_proj,kl,18,4,14,0,0,0,1319,737,851,1189,2,1,18,4075
mistral7b,draw3,model.layers.5.self_attn.k_proj,ce,7,2,5,0,0,0,1227,833,845,1191,0,7,20,4069
mistral7b,draw3,model.layers.5.self_attn.k_proj,kl,20,3,17,0,0,0,1227,833,845,1191,0,7,20,4069
mistral7b,draw4,model.layers.5.self_attn.k_proj,ce,11,0,11,0,0,0,1307,777,803,1209,1,11,28,4056
mistral7b,draw4,model.layers.5.self_attn.k_proj,kl,28,8,20,0,0,0,1307,777,803,1209,1,11,28,4056
mistral7b,seed0,model.layers.5.self_attn.o_proj,ce,36,7,29,0,0,0,5247,3046,3101,4990,0,36,25,16323
mistral7b,seed0,model.layers.5.self_attn.o_proj,kl,25,5,20,0,0,0,5247,3046,3101,4990,0,36,25,16323
mistral7b,draw1,model.layers.5.self_attn.o_proj,ce,37,7,30,0,0,0,5193,3138,3146,4907,3,37,32,16312
mistral7b,draw1,model.layers.5.self_attn.o_proj,kl,32,1,31,0,0,0,5193,3138,3146,4907,3,37,32,16312
mistral7b,draw2,model.layers.5.self_attn.o_proj,ce,40,2,38,0,0,0,5292,2929,3142,5021,0,40,49,16295
mistral7b,draw2,model.layers.5.self_attn.o_proj,kl,49,6,43,0,0,0,5292,2929,3142,5021,0,40,49,16295
mistral7b,draw3,model.layers.5.self_attn.o_proj,ce,31,6,25,0,0,0,4915,3364,3452,4653,0,31,14,16339
mistral7b,draw3,model.layers.5.self_attn.o_proj,kl,14,0,14,0,0,0,4915,3364,3452,4653,0,31,14,16339
mistral7b,draw4,model.layers.5.self_attn.o_proj,ce,42,5,37,0,0,0,5094,3142,3248,4900,0,42,31,16311
mistral7b,draw4,model.layers.5.self_attn.o_proj,kl,31,1,30,0,0,0,5094,3142,3248,4900,0,42,31,16311
mistral7b,seed0,model.layers.5.self_attn.q_proj,ce,22,2,20,0,0,0,5083,3096,3176,5029,0,22,27,16335
mistral7b,seed0,model.layers.5.self_attn.q_proj,kl,27,4,23,0,0,0,5083,3096,3176,5029,0,22,27,16335
mistral7b,draw1,model.layers.5.self_attn.q_proj,ce,25,3,22,0,0,0,5094,3074,3175,5041,1,25,29,16329
mistral7b,draw1,model.layers.5.self_attn.q_proj,kl,29,6,23,0,0,0,5094,3074,3175,5041,1,25,29,16329
mistral7b,draw2,model.layers.5.self_attn.q_proj,ce,19,1,18,0,0,0,5168,3113,3165,4938,2,19,42,16321
mistral7b,draw2,model.layers.5.self_attn.q_proj,kl,42,3,39,0,0,0,5168,3113,3165,4938,2,19,42,16321
mistral7b,draw3,model.layers.5.self_attn.q_proj,ce,28,4,24,0,0,0,5169,3134,3165,4916,3,28,23,16330
mistral7b,draw3,model.layers.5.self_attn.q_proj,kl,23,4,19,0,0,0,5169,3134,3165,4916,3,28,23,16330
mistral7b,draw4,model.layers.5.self_attn.q_proj,ce,41,5,36,0,0,0,5054,3231,3312,4787,1,41,27,16315
mistral7b,draw4,model.layers.5.self_attn.q_proj,kl,27,6,21,0,0,0,5054,3231,3312,4787,1,41,27,16315
mistral7b,seed0,model.layers.5.self_attn.v_proj,ce,15,1,14,0,0,0,1330,753,815,1198,2,15,12,4067
mistral7b,seed0,model.layers.5.self_attn.v_proj,kl,12,2,10,0,0,0,1330,753,815,1198,2,15,12,4067
mistral7b,draw1,model.layers.5.self_attn.v_proj,ce,12,2,10,0,0,0,1329,737,791,1239,1,12,21,4062
mistral7b,draw1,model.layers.5.self_attn.v_proj,kl,21,2,19,0,0,0,1329,737,791,1239,1,12,21,4062
mistral7b,draw2,model.layers.5.self_attn.v_proj,ce,12,1,11,0,0,0,1322,752,856,1166,1,12,20,4063
mistral7b,draw2,model.layers.5.self_attn.v_proj,kl,20,0,20,0,0,0,1322,752,856,1166,1,12,20,4063
mistral7b,draw3,model.layers.5.self_attn.v_proj,ce,20,4,16,0,0,0,1302,845,842,1107,0,20,9,4067
mistral7b,draw3,model.layers.5.self_attn.v_proj,kl,9,1,8,0,0,0,1302,845,842,1107,0,20,9,4067
mistral7b,draw4,model.layers.5.self_attn.v_proj,ce,9,1,8,0,0,0,1285,727,870,1214,2,9,15,4070
mistral7b,draw4,model.layers.5.self_attn.v_proj,kl,15,3,12,0,0,0,1285,727,870,1214,2,9,15,4070
mistral7b,seed0,model.layers.6.mlp.down_proj,ce,102,11,91,0,0,0,17562,11144,11607,17031,2,102,81,57159
mistral7b,seed0,model.layers.6.mlp.down_proj,kl,81,13,68,0,0,0,17562,11144,11607,17031,2,102,81,57159
mistral7b,draw1,model.layers.6.mlp.down_proj,ce,108,10,98,0,0,0,17849,11043,11430,17022,1,108,97,57138
mistral7b,draw1,model.layers.6.mlp.down_proj,kl,97,17,80,0,0,0,17849,11043,11430,17022,1,108,97,57138
mistral7b,draw2,model.layers.6.mlp.down_proj,ce,89,8,81,0,0,0,17905,11082,11477,16880,4,89,92,57159
mistral7b,draw2,model.layers.6.mlp.down_proj,kl,92,16,76,0,0,0,17905,11082,11477,16880,4,89,92,57159
mistral7b,draw3,model.layers.6.mlp.down_proj,ce,106,25,81,0,0,0,16060,12673,12984,15627,0,106,45,57193
mistral7b,draw3,model.layers.6.mlp.down_proj,kl,45,9,36,0,0,0,16060,12673,12984,15627,0,106,45,57193
mistral7b,draw4,model.layers.6.mlp.down_proj,ce,113,18,95,0,0,0,17396,11548,11829,16571,1,113,102,57128
mistral7b,draw4,model.layers.6.mlp.down_proj,kl,102,20,82,0,0,0,17396,11548,11829,16571,1,113,102,57128
mistral7b,seed0,model.layers.6.mlp.gate_proj,ce,92,8,84,0,0,0,17884,10966,11170,17324,0,92,82,57170
mistral7b,seed0,model.layers.6.mlp.gate_proj,kl,82,13,69,0,0,0,17884,10966,11170,17324,0,92,82,57170
mistral7b,draw1,model.layers.6.mlp.gate_proj,ce,90,12,78,0,0,0,17723,11043,11520,17058,1,90,80,57173
mistral7b,draw1,model.layers.6.mlp.gate_proj,kl,80,17,63,0,0,0,17723,11043,11520,17058,1,90,80,57173
mistral7b,draw2,model.layers.6.mlp.gate_proj,ce,96,10,86,0,0,0,17727,11065,11394,17158,0,96,75,57173
mistral7b,draw2,model.layers.6.mlp.gate_proj,kl,75,8,67,0,0,0,17727,11065,11394,17158,0,96,75,57173
mistral7b,draw3,model.layers.6.mlp.gate_proj,ce,101,30,71,0,0,0,15812,13058,13209,15265,1,101,27,57215
mistral7b,draw3,model.layers.6.mlp.gate_proj,kl,27,2,25,0,0,0,15812,13058,13209,15265,1,101,27,57215
mistral7b,draw4,model.layers.6.mlp.gate_proj,ce,86,17,69,0,0,0,17492,11347,11720,16785,0,86,76,57182
mistral7b,draw4,model.layers.6.mlp.gate_proj,kl,76,18,58,0,0,0,17492,11347,11720,16785,0,86,76,57182
mistral7b,seed0,model.layers.6.mlp.up_proj,ce,115,17,98,0,0,0,18001,10856,11416,17071,4,115,95,57130
mistral7b,seed0,model.layers.6.mlp.up_proj,kl,95,10,85,0,0,0,18001,10856,11416,17071,4,115,95,57130
mistral7b,draw1,model.layers.6.mlp.up_proj,ce,100,17,83,0,0,0,17800,11069,11405,17070,0,100,97,57147
mistral7b,draw1,model.layers.6.mlp.up_proj,kl,97,11,86,0,0,0,17800,11069,11405,17070,0,100,97,57147
mistral7b,draw2,model.layers.6.mlp.up_proj,ce,98,9,89,0,0,0,17806,11049,11402,17087,5,98,99,57142
mistral7b,draw2,model.layers.6.mlp.up_proj,kl,99,14,85,0,0,0,17806,11049,11402,17087,5,98,99,57142
mistral7b,draw3,model.layers.6.mlp.up_proj,ce,109,28,81,0,0,0,15820,12994,13139,15391,0,109,39,57196
mistral7b,draw3,model.layers.6.mlp.up_proj,kl,39,1,38,0,0,0,15820,12994,13139,15391,0,109,39,57196
mistral7b,draw4,model.layers.6.mlp.up_proj,ce,99,16,83,0,0,0,17536,11235,11865,16708,4,99,96,57145
mistral7b,draw4,model.layers.6.mlp.up_proj,kl,96,20,76,0,0,0,17536,11235,11865,16708,4,99,96,57145
mistral7b,seed0,model.layers.6.self_attn.k_proj,ce,10,0,10,0,0,0,1327,749,783,1237,0,10,31,4055
mistral7b,seed0,model.layers.6.self_attn.k_proj,kl,31,5,26,0,0,0,1327,749,783,1237,0,10,31,4055
mistral7b,draw1,model.layers.6.self_attn.k_proj,ce,5,1,4,0,0,0,1289,739,784,1284,1,5,21,4069
mistral7b,draw1,model.layers.6.self_attn.k_proj,kl,21,0,21,0,0,0,1289,739,784,1284,1,5,21,4069
mistral7b,draw2,model.layers.6.self_attn.k_proj,ce,4,0,4,0,0,0,1328,773,741,1254,1,4,18,4073
mistral7b,draw2,model.layers.6.self_attn.k_proj,kl,18,0,18,0,0,0,1328,773,741,1254,1,4,18,4073
mistral7b,draw3,model.layers.6.self_attn.k_proj,ce,6,0,6,0,0,0,1310,732,798,1256,1,6,28,4061
mistral7b,draw3,model.layers.6.self_attn.k_proj,kl,28,0,28,0,0,0,1310,732,798,1256,1,6,28,4061
mistral7b,draw4,model.layers.6.self_attn.k_proj,ce,7,4,3,0,0,0,1283,782,837,1194,1,7,26,4062
mistral7b,draw4,model.layers.6.self_attn.k_proj,kl,26,4,22,0,0,0,1283,782,837,1194,1,7,26,4062
mistral7b,seed0,model.layers.6.self_attn.o_proj,ce,51,5,46,0,0,0,5185,3009,3327,4863,1,51,58,16274
mistral7b,seed0,model.layers.6.self_attn.o_proj,kl,58,12,46,0,0,0,5185,3009,3327,4863,1,51,58,16274
mistral7b,draw1,model.layers.6.self_attn.o_proj,ce,39,13,26,0,0,0,5127,3202,3255,4800,1,39,61,16283
mistral7b,draw1,model.layers.6.self_attn.o_proj,kl,61,4,57,0,0,0,5127,3202,3255,4800,1,39,61,16283
mistral7b,draw2,model.layers.6.self_attn.o_proj,ce,43,7,36,0,0,0,5208,3112,3201,4863,4,43,57,16280
mistral7b,draw2,model.layers.6.self_attn.o_proj,kl,57,9,48,0,0,0,5208,3112,3201,4863,4,43,57,16280
mistral7b,draw3,model.layers.6.self_attn.o_proj,ce,28,10,18,0,0,0,4880,3426,3468,4610,0,28,18,16338
mistral7b,draw3,model.layers.6.self_attn.o_proj,kl,18,2,16,0,0,0,4880,3426,3468,4610,0,28,18,16338
mistral7b,draw4,model.layers.6.self_attn.o_proj,ce,32,6,26,0,0,0,5102,3111,3341,4830,1,32,58,16293
mistral7b,draw4,model.layers.6.self_attn.o_proj,kl,58,12,46,0,0,0,5102,3111,3341,4830,1,32,58,16293
mistral7b,seed0,model.layers.6.self_attn.q_proj,ce,41,6,35,0,0,0,5138,3022,3230,4994,6,41,110,16227
mistral7b,seed0,model.layers.6.self_attn.q_proj,kl,110,10,100,0,0,0,5138,3022,3230,4994,6,41,110,16227
mistral7b,draw1,model.layers.6.self_attn.q_proj,ce,24,4,20,0,0,0,5151,3138,3162,4933,1,24,71,16288
mistral7b,draw1,model.layers.6.self_attn.q_proj,kl,71,17,54,0,0,0,5151,3138,3162,4933,1,24,71,16288
mistral7b,draw2,model.layers.6.self_attn.q_proj,ce,26,1,25,0,0,0,5125,3007,3254,4998,4,26,78,16276
mistral7b,draw2,model.layers.6.self_attn.q_proj,kl,78,6,72,0,0,0,5125,3007,3254,4998,4,26,78,16276
mistral7b,draw3,model.layers.6.self_attn.q_proj,ce,29,5,24,0,0,0,5160,3112,3156,4956,1,29,37,16317
mistral7b,draw3,model.layers.6.self_attn.q_proj,kl,37,2,35,0,0,0,5160,3112,3156,4956,1,29,37,16317
mistral7b,draw4,model.layers.6.self_attn.q_proj,ce,24,7,17,0,0,0,5056,3181,3320,4827,0,24,64,16296
mistral7b,draw4,model.layers.6.self_attn.q_proj,kl,64,11,53,0,0,0,5056,3181,3320,4827,0,24,64,16296
mistral7b,seed0,model.layers.6.self_attn.v_proj,ce,14,0,14,0,0,0,1398,715,771,1212,1,14,23,4058
mistral7b,seed0,model.layers.6.self_attn.v_proj,kl,23,4,19,0,0,0,1398,715,771,1212,1,14,23,4058
mistral7b,draw1,model.layers.6.self_attn.v_proj,ce,9,1,8,0,0,0,1340,771,849,1136,1,9,20,4066
mistral7b,draw1,model.layers.6.self_attn.v_proj,kl,20,7,13,0,0,0,1340,771,849,1136,1,9,20,4066
mistral7b,draw2,model.layers.6.self_attn.v_proj,ce,13,1,12,0,0,0,1408,704,780,1204,3,13,28,4052
mistral7b,draw2,model.layers.6.self_attn.v_proj,kl,28,4,24,0,0,0,1408,704,780,1204,3,13,28,4052
mistral7b,draw3,model.layers.6.self_attn.v_proj,ce,13,3,10,0,0,0,1309,784,849,1154,1,13,7,4075
mistral7b,draw3,model.layers.6.self_attn.v_proj,kl,7,0,7,0,0,0,1309,784,849,1154,1,13,7,4075
mistral7b,draw4,model.layers.6.self_attn.v_proj,ce,13,1,12,0,0,0,1365,781,776,1174,2,13,26,4055
mistral7b,draw4,model.layers.6.self_attn.v_proj,kl,26,1,25,0,0,0,1365,781,776,1174,2,13,26,4055
mistral7b,seed0,model.layers.7.mlp.down_proj,ce,113,22,91,0,0,0,17486,11292,11615,16951,2,113,97,57132
mistral7b,seed0,model.layers.7.mlp.down_proj,kl,97,15,82,0,0,0,17486,11292,11615,16951,2,113,97,57132
mistral7b,draw1,model.layers.7.mlp.down_proj,ce,95,19,76,0,0,0,17842,11137,11480,16885,4,95,121,57124
mistral7b,draw1,model.layers.7.mlp.down_proj,kl,121,17,104,0,0,0,17842,11137,11480,16885,4,95,121,57124
mistral7b,draw2,model.layers.7.mlp.down_proj,ce,129,16,113,0,0,0,18120,10922,11404,16898,5,129,107,57103
mistral7b,draw2,model.layers.7.mlp.down_proj,kl,107,15,92,0,0,0,18120,10922,11404,16898,5,129,107,57103
mistral7b,draw3,model.layers.7.mlp.down_proj,ce,93,22,71,0,0,0,17033,11684,12001,16626,2,93,53,57196
mistral7b,draw3,model.layers.7.mlp.down_proj,kl,53,5,48,0,0,0,17033,11684,12001,16626,2,93,53,57196
mistral7b,draw4,model.layers.7.mlp.down_proj,ce,87,13,74,0,0,0,17375,11432,12041,16496,4,87,115,57138
mistral7b,draw4,model.layers.7.mlp.down_proj,kl,115,15,100,0,0,0,17375,11432,12041,16496,4,87,115,57138
mistral7b,seed0,model.layers.7.mlp.gate_proj,ce,113,15,98,0,0,0,17691,11190,11444,17019,3,113,92,57136
mistral7b,seed0,model.layers.7.mlp.gate_proj,kl,92,14,78,0,0,0,17691,11190,11444,17019,3,113,92,57136
mistral7b,draw1,model.layers.7.mlp.gate_proj,ce,100,19,81,0,0,0,17761,11081,11442,17060,1,100,83,57160
mistral7b,draw1,model.layers.7.mlp.gate_proj,kl,83,14,69,0,0,0,17761,11081,11442,17060,1,100,83,57160
mistral7b,draw2,model.layers.7.mlp.gate_proj,ce,102,15,87,0,0,0,17463,11237,11461,17183,2,102,78,57162
mistral7b,draw2,model.layers.7.mlp.gate_proj,kl,78,10,68,0,0,0,17463,11237,11461,17183,2,102,78,57162
mistral7b,draw3,model.layers.7.mlp.gate_proj,ce,94,24,70,0,0,0,16748,11978,12444,16174,2,94,51,57197
mistral7b,draw3,model.layers.7.mlp.gate_proj,kl,51,10,41,0,0,0,16748,11978,12444,16174,2,94,51,57197
mistral7b,draw4,model.layers.7.mlp.gate_proj,ce,101,19,82,0,0,0,17179,11474,11905,16786,0,101,87,57156
mistral7b,draw4,model.layers.7.mlp.gate_proj,kl,87,16,71,0,0,0,17179,11474,11905,16786,0,101,87,57156
mistral7b,seed0,model.layers.7.mlp.up_proj,ce,101,11,90,0,0,0,17734,11096,11497,17017,2,101,103,57138
mistral7b,seed0,model.layers.7.mlp.up_proj,kl,103,28,75,0,0,0,17734,11096,11497,17017,2,101,103,57138
mistral7b,draw1,model.layers.7.mlp.up_proj,ce,93,10,83,0,0,0,17903,10994,11480,16967,1,93,99,57151
mistral7b,draw1,model.layers.7.mlp.up_proj,kl,99,17,82,0,0,0,17903,10994,11480,16967,1,93,99,57151
mistral7b,draw2,model.layers.7.mlp.up_proj,ce,114,12,102,0,0,0,17862,10862,11303,17317,3,114,112,57115
mistral7b,draw2,model.layers.7.mlp.up_proj,kl,112,17,95,0,0,0,17862,10862,11303,17317,3,114,112,57115
mistral7b,draw3,model.layers.7.mlp.up_proj,ce,92,25,67,0,0,0,16896,12058,12220,16170,0,92,54,57198
mistral7b,draw3,model.layers.7.mlp.up_proj,kl,54,10,44,0,0,0,16896,12058,12220,16170,0,92,54,57198
mistral7b,draw4,model.layers.7.mlp.up_proj,ce,100,17,83,0,0,0,17293,11376,11767,16908,2,100,97,57145
mistral7b,draw4,model.layers.7.mlp.up_proj,kl,97,22,75,0,0,0,17293,11376,11767,16908,2,100,97,57145
mistral7b,seed0,model.layers.7.self_attn.k_proj,ce,6,0,6,0,0,0,1346,740,740,1270,3,6,24,4063
mistral7b,seed0,model.layers.7.self_attn.k_proj,kl,24,2,22,0,0,0,1346,740,740,1270,3,6,24,4063
mistral7b,draw1,model.layers.7.self_attn.k_proj,ce,6,2,4,0,0,0,1230,813,833,1220,0,6,20,4070
mistral7b,draw1,model.layers.7.self_attn.k_proj,kl,20,2,18,0,0,0,1230,813,833,1220,0,6,20,4070
mistral7b,draw2,model.layers.7.self_attn.k_proj,ce,10,2,8,0,0,0,1313,773,756,1254,0,10,5,4081
mistral7b,draw2,model.layers.7.self_attn.k_proj,kl,5,0,5,0,0,0,1313,773,756,1254,0,10,5,4081
mistral7b,draw3,model.layers.7.self_attn.k_proj,ce,7,1,6,0,0,0,1264,790,785,1257,1,7,11,4077
mistral7b,draw3,model.layers.7.self_attn.k_proj,kl,11,1,10,0,0,0,1264,790,785,1257,1,7,11,4077
mistral7b,draw4,model.layers.7.self_attn.k_proj,ce,6,0,6,0,0,0,1272,818,830,1176,0,6,28,4062
mistral7b,draw4,model.layers.7.self_attn.k_proj,kl,28,6,22,0,0,0,1272,818,830,1176,0,6,28,4062
mistral7b,seed0,model.layers.7.self_attn.o_proj,ce,41,6,35,0,0,0,5183,3102,3242,4857,3,41,60,16280
mistral7b,seed0,model.layers.7.self_attn.o_proj,kl,60,11,49,0,0,0,5183,3102,3242,4857,3,41,60,16280
mistral7b,draw1,model.layers.7.self_attn.o_proj,ce,47,7,40,0,0,0,5108,3088,3393,4795,2,47,82,16253
mistral7b,draw1,model.layers.7.self_attn.o_proj,kl,82,12,70,0,0,0,5108,3088,3393,4795,2,47,82,16253
mistral7b,draw2,model.layers.7.self_attn.o_proj,ce,37,4,33,0,0,0,5193,3020,3353,4818,5,37,50,16292
mistral7b,draw2,model.layers.7.self_attn.o_proj,kl,50,6,44,0,0,0,5193,3020,3353,4818,5,37,50,16292
mistral7b,draw3,model.layers.7.self_attn.o_proj,ce,44,15,29,0,0,0,4840,3311,3561,4672,0,44,22,16318
mistral7b,draw3,model.layers.7.self_attn.o_proj,kl,22,6,16,0,0,0,4840,3311,3561,4672,0,44,22,16318
mistral7b,draw4,model.layers.7.self_attn.o_proj,ce,40,3,37,0,0,0,5081,3204,3360,4739,4,40,58,16282
mistral7b,draw4,model.layers.7.self_attn.o_proj,kl,58,10,48,0,0,0,5081,3204,3360,4739,4,40,58,16282
mistral7b,seed0,model.layers.7.self_attn.q_proj,ce,36,8,28,0,0,0,5124,3136,3270,4854,1,36,58,16289
mistral7b,seed0,model.layers.7.self_attn.q_proj,kl,58,6,52,0,0,0,5124,3136,3270,4854,1,36,58,16289
mistral7b,draw1,model.layers.7.self_attn.q_proj,ce,26,4,22,0,0,0,5111,3110,3220,4943,0,26,62,16296
mistral7b,draw1,model.layers.7.self_attn.q_proj,kl,62,8,54,0,0,0,5111,3110,3220,4943,0,26,62,16296
mistral7b,draw2,model.layers.7.self_attn.q_proj,ce,30,3,27,0,0,0,5172,3078,3126,5008,2,30,46,16306
mistral7b,draw2,model.layers.7.self_attn.q_proj,kl,46,2,44,0,0,0,5172,3078,3126,5008,2,30,46,16306
mistral7b,draw3,model.layers.7.self_attn.q_proj,ce,36,8,28,0,0,0,4935,3300,3305,4844,1,36,30,16317
mistral7b,draw3,model.layers.7.self_attn.q_proj,kl,30,3,27,0,0,0,4935,3300,3305,4844,1,36,30,16317
mistral7b,draw4,model.layers.7.self_attn.q_proj,ce,20,1,19,0,0,0,4923,3438,3384,4639,1,20,63,16300
mistral7b,draw4,model.layers.7.self_attn.q_proj,kl,63,7,56,0,0,0,4923,3438,3384,4639,1,20,63,16300
mistral7b,seed0,model.layers.7.self_attn.v_proj,ce,9,1,8,0,0,0,1342,718,795,1241,0,9,15,4072
mistral7b,seed0,model.layers.7.self_attn.v_proj,kl,15,6,9,0,0,0,1342,718,795,1241,0,9,15,4072
mistral7b,draw1,model.layers.7.self_attn.v_proj,ce,11,1,10,0,0,0,1300,793,847,1156,0,11,25,4060
mistral7b,draw1,model.layers.7.self_attn.v_proj,kl,25,7,18,0,0,0,1300,793,847,1156,0,11,25,4060
mistral7b,draw2,model.layers.7.self_attn.v_proj,ce,5,0,5,0,0,0,1364,729,821,1182,0,5,15,4076
mistral7b,draw2,model.layers.7.self_attn.v_proj,kl,15,1,14,0,0,0,1364,729,821,1182,0,5,15,4076
mistral7b,draw3,model.layers.7.self_attn.v_proj,ce,11,4,7,0,0,0,1203,847,871,1175,0,11,12,4073
mistral7b,draw3,model.layers.7.self_attn.v_proj,kl,12,1,11,0,0,0,1203,847,871,1175,0,11,12,4073
mistral7b,draw4,model.layers.7.self_attn.v_proj,ce,8,1,7,0,0,0,1249,802,825,1220,1,8,31,4056
mistral7b,draw4,model.layers.7.self_attn.v_proj,kl,31,9,22,0,0,0,1249,802,825,1220,1,8,31,4056
mistral7b,seed0,model.layers.8.mlp.down_proj,ce,103,15,88,0,0,0,17749,11212,11671,16712,6,103,113,57122
mistral7b,seed0,model.layers.8.mlp.down_proj,kl,113,22,91,0,0,0,17749,11212,11671,16712,6,103,113,57122
mistral7b,draw1,model.layers.8.mlp.down_proj,ce,117,18,99,0,0,0,17592,11201,11679,16872,4,117,147,57076
mistral7b,draw1,model.layers.8.mlp.down_proj,kl,147,23,124,0,0,0,17592,11201,11679,16872,4,117,147,57076
mistral7b,draw2,model.layers.8.mlp.down_proj,ce,119,12,107,0,0,0,17679,10963,11576,17126,3,119,104,57118
mistral7b,draw2,model.layers.8.mlp.down_proj,kl,104,20,84,0,0,0,17679,10963,11576,17126,3,119,104,57118
mistral7b,draw3,model.layers.8.mlp.down_proj,ce,112,9,103,0,0,0,17203,11488,11876,16777,3,112,71,57158
mistral7b,draw3,model.layers.8.mlp.down_proj,kl,71,9,62,0,0,0,17203,11488,11876,16777,3,112,71,57158
mistral7b,draw4,model.layers.8.mlp.down_proj,ce,94,13,81,0,0,0,17301,11425,11907,16711,0,94,161,57089
mistral7b,draw4,model.layers.8.mlp.down_proj,kl,161,35,126,0,0,0,17301,11425,11907,16711,0,94,161,57089
mistral7b,seed0,model.layers.8.mlp.gate_proj,ce,104,13,91,0,0,0,17739,11355,11326,16924,4,104,77,57159
mistral7b,seed0,model.layers.8.mlp.gate_proj,kl,77,8,69,0,0,0,17739,11355,11326,16924,4,104,77,57159
mistral7b,draw1,model.layers.8.mlp.gate_proj,ce,84,9,75,0,0,0,17674,11039,11631,17000,3,84,119,57138
mistral7b,draw1,model.layers.8.mlp.gate_proj,kl,119,21,98,0,0,0,17674,11039,11631,17000,3,84,119,57138
mistral7b,draw2,model.layers.8.mlp.gate_proj,ce,104,17,87,0,0,0,17800,11111,11428,17005,2,104,81,57157
mistral7b,draw2,model.layers.8.mlp.gate_proj,kl,81,11,70,0,0,0,17800,11111,11428,17005,2,104,81,57157
mistral7b,draw3,model.layers.8.mlp.gate_proj,ce,90,17,73,0,0,0,17074,11892,12013,16365,2,90,56,57196
mistral7b,draw3,model.layers.8.mlp.gate_proj,kl,56,7,49,0,0,0,17074,11892,12013,16365,2,90,56,57196
mistral7b,draw4,model.layers.8.mlp.gate_proj,ce,85,11,74,0,0,0,17288,11479,11887,16690,3,85,100,57156
mistral7b,draw4,model.layers.8.mlp.gate_proj,kl,100,17,83,0,0,0,17288,11479,11887,16690,3,85,100,57156
mistral7b,seed0,model.layers.8.mlp.up_proj,ce,94,16,78,0,0,0,17809,11107,11503,16925,4,94,112,57134
mistral7b,seed0,model.layers.8.mlp.up_proj,kl,112,14,98,0,0,0,17809,11107,11503,16925,4,94,112,57134
mistral7b,draw1,model.layers.8.mlp.up_proj,ce,104,19,85,0,0,0,17722,11039,11643,16940,2,104,107,57131
mistral7b,draw1,model.layers.8.mlp.up_proj,kl,107,25,82,0,0,0,17722,11039,11643,16940,2,104,107,57131
mistral7b,draw2,model.layers.8.mlp.up_proj,ce,99,17,82,0,0,0,17754,11070,11324,17196,8,99,98,57139
mistral7b,draw2,model.layers.8.mlp.up_proj,kl,98,11,87,0,0,0,17754,11070,11324,17196,8,99,98,57139
mistral7b,draw3,model.layers.8.mlp.up_proj,ce,108,22,86,0,0,0,17231,11688,11883,16542,0,108,62,57174
mistral7b,draw3,model.layers.8.mlp.up_proj,kl,62,11,51,0,0,0,17231,11688,11883,16542,0,108,62,57174
mistral7b,draw4,model.layers.8.mlp.up_proj,ce,107,23,84,0,0,0,17438,11345,11913,16648,2,107,114,57121
mistral7b,draw4,model.layers.8.mlp.up_proj,kl,114,23,91,0,0,0,17438,11345,11913,16648,2,107,114,57121
mistral7b,seed0,model.layers.8.self_attn.k_proj,ce,2,0,2,0,0,0,1304,749,807,1236,1,2,14,4079
mistral7b,seed0,model.layers.8.self_attn.k_proj,kl,14,5,9,0,0,0,1304,749,807,1236,1,2,14,4079
mistral7b,draw1,model.layers.8.self_attn.k_proj,ce,9,0,9,0,0,0,1267,773,802,1254,5,9,21,4061
mistral7b,draw1,model.layers.8.self_attn.k_proj,kl,21,0,21,0,0,0,1267,773,802,1254,5,9,21,4061
mistral7b,draw2,model.layers.8.self_attn.k_proj,ce,12,3,9,0,0,0,1272,733,793,1298,3,12,27,4054
mistral7b,draw2,model.layers.8.self_attn.k_proj,kl,27,2,25,0,0,0,1272,733,793,1298,3,12,27,4054
mistral7b,draw3,model.layers.8.self_attn.k_proj,ce,11,1,10,0,0,0,1207,797,859,1233,0,11,7,4078
mistral7b,draw3,model.layers.8.self_attn.k_proj,kl,7,0,7,0,0,0,1207,797,859,1233,0,11,7,4078
mistral7b,draw4,model.layers.8.self_attn.k_proj,ce,6,1,5,0,0,0,1273,814,823,1186,0,6,38,4052
mistral7b,draw4,model.layers.8.self_attn.k_proj,kl,38,8,30,0,0,0,1273,814,823,1186,0,6,38,4052
mistral7b,seed0,model.layers.8.self_attn.o_proj,ce,39,7,32,0,0,0,5192,3090,3275,4827,2,39,43,16300
mistral7b,seed0,model.layers.8.self_attn.o_proj,kl,43,9,34,0,0,0,5192,3090,3275,4827,2,39,43,16300
mistral7b,draw1,model.layers.8.self_attn.o_proj,ce,32,2,30,0,0,0,5203,3110,3293,4778,1,32,76,16275
mistral7b,draw1,model.layers.8.self_attn.o_proj,kl,76,13,63,0,0,0,5203,3110,3293,4778,1,32,76,16275
mistral7b,draw2,model.layers.8.self_attn.o_proj,ce,58,10,48,0,0,0,5215,3163,3260,4746,0,58,53,16273
mistral7b,draw2,model.layers.8.self_attn.o_proj,kl,53,8,45,0,0,0,5215,3163,3260,4746,0,58,53,16273
mistral7b,draw3,model.layers.8.self_attn.o_proj,ce,38,5,33,0,0,0,4993,3232,3305,4854,2,38,30,16314
mistral7b,draw3,model.layers.8.self_attn.o_proj,kl,30,3,27,0,0,0,4993,3232,3305,4854,2,38,30,16314
mistral7b,draw4,model.layers.8.self_attn.o_proj,ce,39,6,33,0,0,0,5100,3178,3367,4739,0,39,52,16293
mistral7b,draw4,model.layers.8.self_attn.o_proj,kl,52,6,46,0,0,0,5100,3178,3367,4739,0,39,52,16293
mistral7b,seed0,model.layers.8.self_attn.q_proj,ce,32,7,25,0,0,0,5156,3150,3101,4977,1,32,62,16289
mistral7b,seed0,model.layers.8.self_attn.q_proj,kl,62,10,52,0,0,0,5156,3150,3101,4977,1,32,62,16289
mistral7b,draw1,model.layers.8.self_attn.q_proj,ce,40,4,36,0,0,0,5170,3096,3121,4997,10,40,83,16251
mistral7b,draw1,model.layers.8.self_attn.q_proj,kl,83,9,74,0,0,0,5170,3096,3121,4997,10,40,83,16251
mistral7b,draw2,model.layers.8.self_attn.q_proj,ce,34,6,28,0,0,0,5151,3050,3137,5046,4,34,76,16270
mistral7b,draw2,model.layers.8.self_attn.q_proj,kl,76,7,69,0,0,0,5151,3050,3137,5046,4,34,76,16270
mistral7b,draw3,model.layers.8.self_attn.q_proj,ce,37,3,34,0,0,0,5016,3237,3295,4836,1,37,54,16292
mistral7b,draw3,model.layers.8.self_attn.q_proj,kl,54,7,47,0,0,0,5016,3237,3295,4836,1,37,54,16292
mistral7b,draw4,model.layers.8.self_attn.q_proj,ce,34,6,28,0,0,0,5033,3216,3284,4851,1,34,106,16243
mistral7b,draw4,model.layers.8.self_attn.q_proj,kl,106,14,92,0,0,0,5033,3216,3284,4851,1,34,106,16243
mistral7b,seed0,model.layers.8.self_attn.v_proj,ce,8,1,7,0,0,0,1265,811,805,1215,0,8,19,4069
mistral7b,seed0,model.layers.8.self_attn.v_proj,kl,19,2,17,0,0,0,1265,811,805,1215,0,8,19,4069
mistral7b,draw1,model.layers.8.self_attn.v_proj,ce,13,0,13,0,0,0,1390,692,846,1168,2,13,26,4055
mistral7b,draw1,model.layers.8.self_attn.v_proj,kl,26,3,23,0,0,0,1390,692,846,1168,2,13,26,4055
mistral7b,draw2,model.layers.8.self_attn.v_proj,ce,10,0,10,0,0,0,1343,755,807,1191,1,10,27,4058
mistral7b,draw2,model.layers.8.self_attn.v_proj,kl,27,3,24,0,0,0,1343,755,807,1191,1,10,27,4058
mistral7b,draw3,model.layers.8.self_attn.v_proj,ce,6,0,6,0,0,0,1308,768,840,1180,0,6,14,4076
mistral7b,draw3,model.layers.8.self_attn.v_proj,kl,14,2,12,0,0,0,1308,768,840,1180,0,6,14,4076
mistral7b,draw4,model.layers.8.self_attn.v_proj,ce,10,1,9,0,0,0,1284,781,841,1190,1,10,22,4063
mistral7b,draw4,model.layers.8.self_attn.v_proj,kl,22,2,20,0,0,0,1284,781,841,1190,1,10,22,4063
mistral7b,seed0,model.layers.9.mlp.down_proj,ce,94,18,76,0,0,0,17572,11293,11605,16874,13,94,206,57031
mistral7b,seed0,model.layers.9.mlp.down_proj,kl,206,24,182,0,0,0,17572,11293,11605,16874,13,94,206,57031
mistral7b,draw1,model.layers.9.mlp.down_proj,ce,118,18,100,0,0,0,17666,11214,11732,16732,12,118,188,57026
mistral7b,draw1,model.layers.9.mlp.down_proj,kl,188,28,160,0,0,0,17666,11214,11732,16732,12,118,188,57026
mistral7b,draw2,model.layers.9.mlp.down_proj,ce,121,20,101,0,0,0,17605,11207,11705,16827,21,121,192,57010
mistral7b,draw2,model.layers.9.mlp.down_proj,kl,192,25,167,0,0,0,17605,11207,11705,16827,21,121,192,57010
mistral7b,draw3,model.layers.9.mlp.down_proj,ce,109,13,96,0,0,0,17628,11258,11455,17003,7,109,134,57094
mistral7b,draw3,model.layers.9.mlp.down_proj,kl,134,19,115,0,0,0,17628,11258,11455,17003,7,109,134,57094
mistral7b,draw4,model.layers.9.mlp.down_proj,ce,116,23,93,0,0,0,17358,11501,11957,16528,11,116,203,57014
mistral7b,draw4,model.layers.9.mlp.down_proj,kl,203,39,164,0,0,0,17358,11501,11957,16528,11,116,203,57014
mistral7b,seed0,model.layers.9.mlp.gate_proj,ce,97,15,82,0,0,0,17497,11300,11587,16960,3,97,113,57131
mistral7b,seed0,model.layers.9.mlp.gate_proj,kl,113,15,98,0,0,0,17497,11300,11587,16960,3,97,113,57131
mistral7b,draw1,model.layers.9.mlp.gate_proj,ce,114,21,93,0,0,0,17574,11192,11518,17060,4,114,85,57141
mistral7b,draw1,model.layers.9.mlp.gate_proj,kl,85,9,76,0,0,0,17574,11192,11518,17060,4,114,85,57141
mistral7b,draw2,model.layers.9.mlp.gate_proj,ce,110,11,99,0,0,0,17647,11159,11595,16943,1,110,112,57121
mistral7b,draw2,model.layers.9.mlp.gate_proj,kl,112,23,89,0,0,0,17647,11159,11595,16943,1,110,112,57121
mistral7b,draw3,model.layers.9.mlp.gate_proj,ce,84,17,67,0,0,0,17340,11306,11731,16967,6,84,59,57195
mistral7b,draw3,model.layers.9.mlp.gate_proj,kl,59,6,53,0,0,0,17340,11306,11731,16967,6,84,59,57195
mistral7b,draw4,model.layers.9.mlp.gate_proj,ce,124,16,108,0,0,0,17216,11467,11943,16718,3,124,104,57113
mistral7b,draw4,model.layers.9.mlp.gate_proj,kl,104,20,84,0,0,0,17216,11467,11943,16718,3,124,104,57113
mistral7b,seed0,model.layers.9.mlp.up_proj,ce,107,11,96,0,0,0,17806,11067,11642,16829,0,107,119,57118
mistral7b,seed0,model.layers.9.mlp.up_proj,kl,119,16,103,0,0,0,17806,11067,11642,16829,0,107,119,57118
mistral7b,draw1,model.layers.9.mlp.up_proj,ce,112,20,92,0,0,0,17685,11136,11542,16981,2,112,108,57122
mistral7b,draw1,model.layers.9.mlp.up_proj,kl,108,19,89,0,0,0,17685,11136,11542,16981,2,112,108,57122
mistral7b,draw2,model.layers.9.mlp.up_proj,ce,100,13,87,0,0,0,17664,11240,11457,16983,8,100,106,57130
mistral7b,draw2,model.layers.9.mlp.up_proj,kl,106,12,94,0,0,0,17664,11240,11457,16983,8,100,106,57130
mistral7b,draw3,model.layers.9.mlp.up_proj,ce,103,12,91,0,0,0,17745,11195,11470,16934,3,103,81,57157
mistral7b,draw3,model.layers.9.mlp.up_proj,kl,81,16,65,0,0,0,17745,11195,11470,16934,3,103,81,57157
mistral7b,draw4,model.layers.9.mlp.up_proj,ce,98,23,75,0,0,0,17394,11526,11910,16514,5,98,134,57107
mistral7b,draw4,model.layers.9.mlp.up_proj,kl,134,25,109,0,0,0,17394,11526,11910,16514,5,98,134,57107
mistral7b,seed0,model.layers.9.self_attn.k_proj,ce,8,1,7,0,0,0,1331,741,851,1173,0,8,12,4076
mistral7b,seed0,model.layers.9.self_attn.k_proj,kl,12,4,8,0,0,0,1331,741,851,1173,0,8,12,4076
mistral7b,draw1,model.layers.9.self_attn.k_proj,ce,11,0,11,0,0,0,1322,777,810,1187,0,11,14,4071
mistral7b,draw1,model.layers.9.self_attn.k_proj,kl,14,3,11,0,0,0,1322,777,810,1187,0,11,14,4071
mistral7b,draw2,model.layers.9.self_attn.k_proj,ce,13,0,13,0,0,0,1320,735,798,1243,0,13,11,4072
mistral7b,draw2,model.layers.9.self_attn.k_proj,kl,11,2,9,0,0,0,1320,735,798,1243,0,13,11,4072
mistral7b,draw3,model.layers.9.self_attn.k_proj,ce,10,0,10,0,0,0,1319,817,795,1165,0,10,8,4078
mistral7b,draw3,model.layers.9.self_attn.k_proj,kl,8,1,7,0,0,0,1319,817,795,1165,0,10,8,4078
mistral7b,draw4,model.layers.9.self_attn.k_proj,ce,6,1,5,0,0,0,1220,846,866,1164,0,6,5,4085
mistral7b,draw4,model.layers.9.self_attn.k_proj,kl,5,0,5,0,0,0,1220,846,866,1164,0,6,5,4085
mistral7b,seed0,model.layers.9.self_attn.o_proj,ce,53,9,44,0,0,0,5064,3195,3328,4797,2,53,61,16268
mistral7b,seed0,model.layers.9.self_attn.o_proj,kl,61,15,46,0,0,0,5064,3195,3328,4797,2,53,61,16268
mistral7b,draw1,model.layers.9.self_attn.o_proj,ce,31,7,24,0,0,0,5140,3179,3221,4844,4,31,63,16286
mistral7b,draw1,model.layers.9.self_attn.o_proj,kl,63,7,56,0,0,0,5140,3179,3221,4844,4,31,63,16286
mistral7b,draw2,model.layers.9.self_attn.o_proj,ce,41,7,34,0,0,0,5240,3053,3328,4763,1,41,56,16286
mistral7b,draw2,model.layers.9.self_attn.o_proj,kl,56,11,45,0,0,0,5240,3053,3328,4763,1,41,56,16286
mistral7b,draw3,model.layers.9.self_attn.o_proj,ce,41,7,34,0,0,0,5092,3164,3418,4710,0,41,32,16311
mistral7b,draw3,model.layers.9.self_attn.o_proj,kl,32,6,26,0,0,0,5092,3164,3418,4710,0,41,32,16311
mistral7b,draw4,model.layers.9.self_attn.o_proj,ce,32,4,28,0,0,0,5021,3151,3459,4753,0,32,49,16303
mistral7b,draw4,model.layers.9.self_attn.o_proj,kl,49,4,45,0,0,0,5021,3151,3459,4753,0,32,49,16303
mistral7b,seed0,model.layers.9.self_attn.q_proj,ce,18,5,13,0,0,0,5066,3170,3294,4854,1,18,38,16327
mistral7b,seed0,model.layers.9.self_attn.q_proj,kl,38,6,32,0,0,0,5066,3170,3294,4854,1,18,38,16327
mistral7b,draw1,model.layers.9.self_attn.q_proj,ce,27,2,25,0,0,0,5043,3168,3268,4905,6,27,38,16313
mistral7b,draw1,model.layers.9.self_attn.q_proj,kl,38,5,33,0,0,0,5043,3168,3268,4905,6,27,38,16313
mistral7b,draw2,model.layers.9.self_attn.q_proj,ce,38,3,35,0,0,0,5047,3056,3248,5033,4,38,37,16305
mistral7b,draw2,model.layers.9.self_attn.q_proj,kl,37,0,37,0,0,0,5047,3056,3248,5033,4,38,37,16305
mistral7b,draw3,model.layers.9.self_attn.q_proj,ce,25,6,19,0,0,0,5075,3213,3190,4906,2,25,34,16323
mistral7b,draw3,model.layers.9.self_attn.q_proj,kl,34,5,29,0,0,0,5075,3213,3190,4906,2,25,34,16323
mistral7b,draw4,model.layers.9.self_attn.q_proj,ce,38,7,31,0,0,0,4922,3284,3465,4713,1,38,34,16311
mistral7b,draw4,model.layers.9.self_attn.q_proj,kl,34,9,25,0,0,0,4922,3284,3465,4713,1,38,34,16311
mistral7b,seed0,model.layers.9.self_attn.v_proj,ce,6,1,5,0,0,0,1307,771,854,1164,1,6,15,4074
mistral7b,seed0,model.layers.9.self_attn.v_proj,kl,15,6,9,0,0,0,1307,771,854,1164,1,6,15,4074
mistral7b,draw1,model.layers.9.self_attn.v_proj,ce,5,0,5,0,0,0,1381,767,816,1132,0,5,23,4068
mistral7b,draw1,model.layers.9.self_attn.v_proj,kl,23,0,23,0,0,0,1381,767,816,1132,0,5,23,4068
mistral7b,draw2,model.layers.9.self_attn.v_proj,ce,10,0,10,0,0,0,1305,752,834,1205,2,10,17,4067
mistral7b,draw2,model.layers.9.self_attn.v_proj,kl,17,3,14,0,0,0,1305,752,834,1205,2,10,17,4067
mistral7b,draw3,model.layers.9.self_attn.v_proj,ce,13,2,11,0,0,0,1284,812,860,1140,1,13,9,4073
mistral7b,draw3,model.layers.9.self_attn.v_proj,kl,9,1,8,0,0,0,1284,812,860,1140,1,13,9,4073
mistral7b,draw4,model.layers.9.self_attn.v_proj,ce,10,2,8,0,0,0,1330,749,892,1125,0,10,13,4073
mistral7b,draw4,model.layers.9.self_attn.v_proj,kl,13,4,9,0,0,0,1330,749,892,1125,0,10,13,4073
